mercury_key,ds_key,priority,front,back,front_shiny,back_shiny,icon,icon_frame2,ds_asset_count
abomasnow,abomasnow,STANDARD,sprites-processed/front/abomasnow.png,sprites-processed/back/abomasnow.png,sprites-processed/front-shiny/abomasnow.png,sprites-processed/back-shiny/abomasnow.png,sprites-processed/icon/abomasnow.png,sprites-processed/icon-frame2/abomasnow.png,10
abomasnow-mega,abomasnow-mega,SPECIAL_FORM,sprites-processed/front/abomasnow-mega.png,sprites-processed/back/abomasnow-mega.png,sprites-processed/front-shiny/abomasnow-mega.png,sprites-processed/back-shiny/abomasnow-mega.png,sprites-processed/icon/abomasnow-mega.png,sprites-processed/icon-frame2/abomasnow-mega.png,8
abra,abra,STANDARD,sprites-processed/front/abra.png,sprites-processed/back/abra.png,sprites-processed/front-shiny/abra.png,sprites-processed/back-shiny/abra.png,sprites-processed/icon/abra.png,sprites-processed/icon-frame2/abra.png,8
absol,absol,STANDARD,sprites-processed/front/absol.png,sprites-processed/back/absol.png,sprites-processed/front-shiny/absol.png,sprites-processed/back-shiny/absol.png,sprites-processed/icon/absol.png,sprites-processed/icon-frame2/absol.png,8
absol-mega,absol-mega,SPECIAL_FORM,sprites-processed/front/absol-mega.png,sprites-processed/back/absol-mega.png,sprites-processed/front-shiny/absol-mega.png,sprites-processed/back-shiny/absol-mega.png,sprites-processed/icon/absol-mega.png,sprites-processed/icon-frame2/absol-mega.png,8
absol-mega-z,absol-mega-z,SPECIAL_FORM,sprites-processed/front/absol-mega-z.png,sprites-processed/back/absol-mega-z.png,sprites-processed/front-shiny/absol-mega-z.png,sprites-processed/back-shiny/absol-mega-z.png,sprites-processed/icon/absol-mega-z.png,sprites-processed/icon-frame2/absol-mega-z.png,8
accelgor,accelgor,STANDARD,sprites-processed/front/accelgor.png,sprites-processed/back/accelgor.png,sprites-processed/front-shiny/accelgor.png,sprites-processed/back-shiny/accelgor.png,sprites-processed/icon/accelgor.png,sprites-processed/icon-frame2/accelgor.png,8
aegislash-blade,aegislash-blade,STANDARD,sprites-processed/front/aegislash-blade.png,sprites-processed/back/aegislash-blade.png,sprites-processed/front-shiny/aegislash-blade.png,sprites-processed/back-shiny/aegislash-blade.png,sprites-processed/icon/aegislash-blade.png,sprites-processed/icon-frame2/aegislash-blade.png,8
aegislash-shield,aegislash-shield,STANDARD,sprites-processed/front/aegislash-shield.png,sprites-processed/back/aegislash-shield.png,sprites-processed/front-shiny/aegislash-shield.png,sprites-processed/back-shiny/aegislash-shield.png,sprites-processed/icon/aegislash-shield.png,sprites-processed/icon-frame2/aegislash-shield.png,8
aerodactyl,aerodactyl,STANDARD,sprites-processed/front/aerodactyl.png,sprites-processed/back/aerodactyl.png,sprites-processed/front-shiny/aerodactyl.png,sprites-processed/back-shiny/aerodactyl.png,sprites-processed/icon/aerodactyl.png,sprites-processed/icon-frame2/aerodactyl.png,8
aerodactyl-mega,aerodactyl-mega,SPECIAL_FORM,sprites-processed/front/aerodactyl-mega.png,sprites-processed/back/aerodactyl-mega.png,sprites-processed/front-shiny/aerodactyl-mega.png,sprites-processed/back-shiny/aerodactyl-mega.png,sprites-processed/icon/aerodactyl-mega.png,sprites-processed/icon-frame2/aerodactyl-mega.png,8
aggron,aggron,STANDARD,sprites-processed/front/aggron.png,sprites-processed/back/aggron.png,sprites-processed/front-shiny/aggron.png,sprites-processed/back-shiny/aggron.png,sprites-processed/icon/aggron.png,sprites-processed/icon-frame2/aggron.png,8
aggron-mega,aggron-mega,SPECIAL_FORM,sprites-processed/front/aggron-mega.png,sprites-processed/back/aggron-mega.png,sprites-processed/front-shiny/aggron-mega.png,sprites-processed/back-shiny/aggron-mega.png,sprites-processed/icon/aggron-mega.png,sprites-processed/icon-frame2/aggron-mega.png,8
aipom,aipom,STANDARD,sprites-processed/front/aipom.png,sprites-processed/back/aipom.png,sprites-processed/front-shiny/aipom.png,sprites-processed/back-shiny/aipom.png,sprites-processed/icon/aipom.png,sprites-processed/icon-frame2/aipom.png,10
alakazam,alakazam,STANDARD,sprites-processed/front/alakazam.png,sprites-processed/back/alakazam.png,sprites-processed/front-shiny/alakazam.png,sprites-processed/back-shiny/alakazam.png,sprites-processed/icon/alakazam.png,sprites-processed/icon-frame2/alakazam.png,10
alakazam-mega,alakazam-mega,SPECIAL_FORM,sprites-processed/front/alakazam-mega.png,sprites-processed/back/alakazam-mega.png,sprites-processed/front-shiny/alakazam-mega.png,sprites-processed/back-shiny/alakazam-mega.png,sprites-processed/icon/alakazam-mega.png,sprites-processed/icon-frame2/alakazam-mega.png,8
alcremie-caramel-swirl-berry-sweet,alcremie-caramel-swirl-berry-sweet,STANDARD,sprites-processed/front/alcremie-caramel-swirl-berry-sweet.png,sprites-processed/back/alcremie-caramel-swirl-berry-sweet.png,sprites-processed/front-shiny/alcremie-caramel-swirl-berry-sweet.png,sprites-processed/back-shiny/alcremie-caramel-swirl-berry-sweet.png,sprites-processed/icon/alcremie-caramel-swirl-berry-sweet.png,sprites-processed/icon-frame2/alcremie-caramel-swirl-berry-sweet.png,8
alcremie-caramel-swirl-clover-sweet,alcremie-caramel-swirl-clover-sweet,STANDARD,sprites-processed/front/alcremie-caramel-swirl-clover-sweet.png,sprites-processed/back/alcremie-caramel-swirl-clover-sweet.png,sprites-processed/front-shiny/alcremie-caramel-swirl-clover-sweet.png,sprites-processed/back-shiny/alcremie-caramel-swirl-clover-sweet.png,sprites-processed/icon/alcremie-caramel-swirl-clover-sweet.png,sprites-processed/icon-frame2/alcremie-caramel-swirl-clover-sweet.png,8
alcremie-caramel-swirl-flower-sweet,alcremie-caramel-swirl-flower-sweet,STANDARD,sprites-processed/front/alcremie-caramel-swirl-flower-sweet.png,sprites-processed/back/alcremie-caramel-swirl-flower-sweet.png,sprites-processed/front-shiny/alcremie-caramel-swirl-flower-sweet.png,sprites-processed/back-shiny/alcremie-caramel-swirl-flower-sweet.png,sprites-processed/icon/alcremie-caramel-swirl-flower-sweet.png,sprites-processed/icon-frame2/alcremie-caramel-swirl-flower-sweet.png,8
alcremie-caramel-swirl-love-sweet,alcremie-caramel-swirl-love-sweet,STANDARD,sprites-processed/front/alcremie-caramel-swirl-love-sweet.png,sprites-processed/back/alcremie-caramel-swirl-love-sweet.png,sprites-processed/front-shiny/alcremie-caramel-swirl-love-sweet.png,sprites-processed/back-shiny/alcremie-caramel-swirl-love-sweet.png,sprites-processed/icon/alcremie-caramel-swirl-love-sweet.png,sprites-processed/icon-frame2/alcremie-caramel-swirl-love-sweet.png,8
alcremie-caramel-swirl-ribbon-sweet,alcremie-caramel-swirl-ribbon-sweet,STANDARD,sprites-processed/front/alcremie-caramel-swirl-ribbon-sweet.png,sprites-processed/back/alcremie-caramel-swirl-ribbon-sweet.png,sprites-processed/front-shiny/alcremie-caramel-swirl-ribbon-sweet.png,sprites-processed/back-shiny/alcremie-caramel-swirl-ribbon-sweet.png,sprites-processed/icon/alcremie-caramel-swirl-ribbon-sweet.png,sprites-processed/icon-frame2/alcremie-caramel-swirl-ribbon-sweet.png,8
alcremie-caramel-swirl-star-sweet,alcremie-caramel-swirl-star-sweet,STANDARD,sprites-processed/front/alcremie-caramel-swirl-star-sweet.png,sprites-processed/back/alcremie-caramel-swirl-star-sweet.png,sprites-processed/front-shiny/alcremie-caramel-swirl-star-sweet.png,sprites-processed/back-shiny/alcremie-caramel-swirl-star-sweet.png,sprites-processed/icon/alcremie-caramel-swirl-star-sweet.png,sprites-processed/icon-frame2/alcremie-caramel-swirl-star-sweet.png,8
alcremie-caramel-swirl-strawberry-sweet,alcremie-caramel-swirl-strawberry-sweet,STANDARD,sprites-processed/front/alcremie-caramel-swirl-strawberry-sweet.png,sprites-processed/back/alcremie-caramel-swirl-strawberry-sweet.png,sprites-processed/front-shiny/alcremie-caramel-swirl-strawberry-sweet.png,sprites-processed/back-shiny/alcremie-caramel-swirl-strawberry-sweet.png,sprites-processed/icon/alcremie-caramel-swirl-strawberry-sweet.png,sprites-processed/icon-frame2/alcremie-caramel-swirl-strawberry-sweet.png,8
alcremie-gmax,alcremie-gmax,SPECIAL_FORM,sprites-processed/front/alcremie-gmax.png,sprites-processed/back/alcremie-gmax.png,sprites-processed/front-shiny/alcremie-gmax.png,sprites-processed/back-shiny/alcremie-gmax.png,sprites-processed/icon/alcremie-gmax.png,sprites-processed/icon-frame2/alcremie-gmax.png,8
alcremie-lemon-cream-berry-sweet,alcremie-lemon-cream-berry-sweet,STANDARD,sprites-processed/front/alcremie-lemon-cream-berry-sweet.png,sprites-processed/back/alcremie-lemon-cream-berry-sweet.png,sprites-processed/front-shiny/alcremie-lemon-cream-berry-sweet.png,sprites-processed/back-shiny/alcremie-lemon-cream-berry-sweet.png,sprites-processed/icon/alcremie-lemon-cream-berry-sweet.png,sprites-processed/icon-frame2/alcremie-lemon-cream-berry-sweet.png,8
alcremie-lemon-cream-clover-sweet,alcremie-lemon-cream-clover-sweet,STANDARD,sprites-processed/front/alcremie-lemon-cream-clover-sweet.png,sprites-processed/back/alcremie-lemon-cream-clover-sweet.png,sprites-processed/front-shiny/alcremie-lemon-cream-clover-sweet.png,sprites-processed/back-shiny/alcremie-lemon-cream-clover-sweet.png,sprites-processed/icon/alcremie-lemon-cream-clover-sweet.png,sprites-processed/icon-frame2/alcremie-lemon-cream-clover-sweet.png,8
alcremie-lemon-cream-flower-sweet,alcremie-lemon-cream-flower-sweet,STANDARD,sprites-processed/front/alcremie-lemon-cream-flower-sweet.png,sprites-processed/back/alcremie-lemon-cream-flower-sweet.png,sprites-processed/front-shiny/alcremie-lemon-cream-flower-sweet.png,sprites-processed/back-shiny/alcremie-lemon-cream-flower-sweet.png,sprites-processed/icon/alcremie-lemon-cream-flower-sweet.png,sprites-processed/icon-frame2/alcremie-lemon-cream-flower-sweet.png,8
alcremie-lemon-cream-love-sweet,alcremie-lemon-cream-love-sweet,STANDARD,sprites-processed/front/alcremie-lemon-cream-love-sweet.png,sprites-processed/back/alcremie-lemon-cream-love-sweet.png,sprites-processed/front-shiny/alcremie-lemon-cream-love-sweet.png,sprites-processed/back-shiny/alcremie-lemon-cream-love-sweet.png,sprites-processed/icon/alcremie-lemon-cream-love-sweet.png,sprites-processed/icon-frame2/alcremie-lemon-cream-love-sweet.png,8
alcremie-lemon-cream-ribbon-sweet,alcremie-lemon-cream-ribbon-sweet,STANDARD,sprites-processed/front/alcremie-lemon-cream-ribbon-sweet.png,sprites-processed/back/alcremie-lemon-cream-ribbon-sweet.png,sprites-processed/front-shiny/alcremie-lemon-cream-ribbon-sweet.png,sprites-processed/back-shiny/alcremie-lemon-cream-ribbon-sweet.png,sprites-processed/icon/alcremie-lemon-cream-ribbon-sweet.png,sprites-processed/icon-frame2/alcremie-lemon-cream-ribbon-sweet.png,8
alcremie-lemon-cream-star-sweet,alcremie-lemon-cream-star-sweet,STANDARD,sprites-processed/front/alcremie-lemon-cream-star-sweet.png,sprites-processed/back/alcremie-lemon-cream-star-sweet.png,sprites-processed/front-shiny/alcremie-lemon-cream-star-sweet.png,sprites-processed/back-shiny/alcremie-lemon-cream-star-sweet.png,sprites-processed/icon/alcremie-lemon-cream-star-sweet.png,sprites-processed/icon-frame2/alcremie-lemon-cream-star-sweet.png,8
alcremie-lemon-cream-strawberry-sweet,alcremie-lemon-cream-strawberry-sweet,STANDARD,sprites-processed/front/alcremie-lemon-cream-strawberry-sweet.png,sprites-processed/back/alcremie-lemon-cream-strawberry-sweet.png,sprites-processed/front-shiny/alcremie-lemon-cream-strawberry-sweet.png,sprites-processed/back-shiny/alcremie-lemon-cream-strawberry-sweet.png,sprites-processed/icon/alcremie-lemon-cream-strawberry-sweet.png,sprites-processed/icon-frame2/alcremie-lemon-cream-strawberry-sweet.png,8
alcremie-matcha-cream-berry-sweet,alcremie-matcha-cream-berry-sweet,STANDARD,sprites-processed/front/alcremie-matcha-cream-berry-sweet.png,sprites-processed/back/alcremie-matcha-cream-berry-sweet.png,sprites-processed/front-shiny/alcremie-matcha-cream-berry-sweet.png,sprites-processed/back-shiny/alcremie-matcha-cream-berry-sweet.png,sprites-processed/icon/alcremie-matcha-cream-berry-sweet.png,sprites-processed/icon-frame2/alcremie-matcha-cream-berry-sweet.png,8
alcremie-matcha-cream-clover-sweet,alcremie-matcha-cream-clover-sweet,STANDARD,sprites-processed/front/alcremie-matcha-cream-clover-sweet.png,sprites-processed/back/alcremie-matcha-cream-clover-sweet.png,sprites-processed/front-shiny/alcremie-matcha-cream-clover-sweet.png,sprites-processed/back-shiny/alcremie-matcha-cream-clover-sweet.png,sprites-processed/icon/alcremie-matcha-cream-clover-sweet.png,sprites-processed/icon-frame2/alcremie-matcha-cream-clover-sweet.png,8
alcremie-matcha-cream-flower-sweet,alcremie-matcha-cream-flower-sweet,STANDARD,sprites-processed/front/alcremie-matcha-cream-flower-sweet.png,sprites-processed/back/alcremie-matcha-cream-flower-sweet.png,sprites-processed/front-shiny/alcremie-matcha-cream-flower-sweet.png,sprites-processed/back-shiny/alcremie-matcha-cream-flower-sweet.png,sprites-processed/icon/alcremie-matcha-cream-flower-sweet.png,sprites-processed/icon-frame2/alcremie-matcha-cream-flower-sweet.png,8
alcremie-matcha-cream-love-sweet,alcremie-matcha-cream-love-sweet,STANDARD,sprites-processed/front/alcremie-matcha-cream-love-sweet.png,sprites-processed/back/alcremie-matcha-cream-love-sweet.png,sprites-processed/front-shiny/alcremie-matcha-cream-love-sweet.png,sprites-processed/back-shiny/alcremie-matcha-cream-love-sweet.png,sprites-processed/icon/alcremie-matcha-cream-love-sweet.png,sprites-processed/icon-frame2/alcremie-matcha-cream-love-sweet.png,8
alcremie-matcha-cream-ribbon-sweet,alcremie-matcha-cream-ribbon-sweet,STANDARD,sprites-processed/front/alcremie-matcha-cream-ribbon-sweet.png,sprites-processed/back/alcremie-matcha-cream-ribbon-sweet.png,sprites-processed/front-shiny/alcremie-matcha-cream-ribbon-sweet.png,sprites-processed/back-shiny/alcremie-matcha-cream-ribbon-sweet.png,sprites-processed/icon/alcremie-matcha-cream-ribbon-sweet.png,sprites-processed/icon-frame2/alcremie-matcha-cream-ribbon-sweet.png,8
alcremie-matcha-cream-star-sweet,alcremie-matcha-cream-star-sweet,STANDARD,sprites-processed/front/alcremie-matcha-cream-star-sweet.png,sprites-processed/back/alcremie-matcha-cream-star-sweet.png,sprites-processed/front-shiny/alcremie-matcha-cream-star-sweet.png,sprites-processed/back-shiny/alcremie-matcha-cream-star-sweet.png,sprites-processed/icon/alcremie-matcha-cream-star-sweet.png,sprites-processed/icon-frame2/alcremie-matcha-cream-star-sweet.png,8
alcremie-matcha-cream-strawberry-sweet,alcremie-matcha-cream-strawberry-sweet,STANDARD,sprites-processed/front/alcremie-matcha-cream-strawberry-sweet.png,sprites-processed/back/alcremie-matcha-cream-strawberry-sweet.png,sprites-processed/front-shiny/alcremie-matcha-cream-strawberry-sweet.png,sprites-processed/back-shiny/alcremie-matcha-cream-strawberry-sweet.png,sprites-processed/icon/alcremie-matcha-cream-strawberry-sweet.png,sprites-processed/icon-frame2/alcremie-matcha-cream-strawberry-sweet.png,8
alcremie-mint-cream-berry-sweet,alcremie-mint-cream-berry-sweet,STANDARD,sprites-processed/front/alcremie-mint-cream-berry-sweet.png,sprites-processed/back/alcremie-mint-cream-berry-sweet.png,sprites-processed/front-shiny/alcremie-mint-cream-berry-sweet.png,sprites-processed/back-shiny/alcremie-mint-cream-berry-sweet.png,sprites-processed/icon/alcremie-mint-cream-berry-sweet.png,sprites-processed/icon-frame2/alcremie-mint-cream-berry-sweet.png,8
alcremie-mint-cream-clover-sweet,alcremie-mint-cream-clover-sweet,STANDARD,sprites-processed/front/alcremie-mint-cream-clover-sweet.png,sprites-processed/back/alcremie-mint-cream-clover-sweet.png,sprites-processed/front-shiny/alcremie-mint-cream-clover-sweet.png,sprites-processed/back-shiny/alcremie-mint-cream-clover-sweet.png,sprites-processed/icon/alcremie-mint-cream-clover-sweet.png,sprites-processed/icon-frame2/alcremie-mint-cream-clover-sweet.png,8
alcremie-mint-cream-flower-sweet,alcremie-mint-cream-flower-sweet,STANDARD,sprites-processed/front/alcremie-mint-cream-flower-sweet.png,sprites-processed/back/alcremie-mint-cream-flower-sweet.png,sprites-processed/front-shiny/alcremie-mint-cream-flower-sweet.png,sprites-processed/back-shiny/alcremie-mint-cream-flower-sweet.png,sprites-processed/icon/alcremie-mint-cream-flower-sweet.png,sprites-processed/icon-frame2/alcremie-mint-cream-flower-sweet.png,8
alcremie-mint-cream-love-sweet,alcremie-mint-cream-love-sweet,STANDARD,sprites-processed/front/alcremie-mint-cream-love-sweet.png,sprites-processed/back/alcremie-mint-cream-love-sweet.png,sprites-processed/front-shiny/alcremie-mint-cream-love-sweet.png,sprites-processed/back-shiny/alcremie-mint-cream-love-sweet.png,sprites-processed/icon/alcremie-mint-cream-love-sweet.png,sprites-processed/icon-frame2/alcremie-mint-cream-love-sweet.png,8
alcremie-mint-cream-ribbon-sweet,alcremie-mint-cream-ribbon-sweet,STANDARD,sprites-processed/front/alcremie-mint-cream-ribbon-sweet.png,sprites-processed/back/alcremie-mint-cream-ribbon-sweet.png,sprites-processed/front-shiny/alcremie-mint-cream-ribbon-sweet.png,sprites-processed/back-shiny/alcremie-mint-cream-ribbon-sweet.png,sprites-processed/icon/alcremie-mint-cream-ribbon-sweet.png,sprites-processed/icon-frame2/alcremie-mint-cream-ribbon-sweet.png,8
alcremie-mint-cream-star-sweet,alcremie-mint-cream-star-sweet,STANDARD,sprites-processed/front/alcremie-mint-cream-star-sweet.png,sprites-processed/back/alcremie-mint-cream-star-sweet.png,sprites-processed/front-shiny/alcremie-mint-cream-star-sweet.png,sprites-processed/back-shiny/alcremie-mint-cream-star-sweet.png,sprites-processed/icon/alcremie-mint-cream-star-sweet.png,sprites-processed/icon-frame2/alcremie-mint-cream-star-sweet.png,8
alcremie-mint-cream-strawberry-sweet,alcremie-mint-cream-strawberry-sweet,STANDARD,sprites-processed/front/alcremie-mint-cream-strawberry-sweet.png,sprites-processed/back/alcremie-mint-cream-strawberry-sweet.png,sprites-processed/front-shiny/alcremie-mint-cream-strawberry-sweet.png,sprites-processed/back-shiny/alcremie-mint-cream-strawberry-sweet.png,sprites-processed/icon/alcremie-mint-cream-strawberry-sweet.png,sprites-processed/icon-frame2/alcremie-mint-cream-strawberry-sweet.png,8
alcremie-rainbow-swirl-berry-sweet,alcremie-rainbow-swirl-berry-sweet,STANDARD,sprites-processed/front/alcremie-rainbow-swirl-berry-sweet.png,sprites-processed/back/alcremie-rainbow-swirl-berry-sweet.png,sprites-processed/front-shiny/alcremie-rainbow-swirl-berry-sweet.png,sprites-processed/back-shiny/alcremie-rainbow-swirl-berry-sweet.png,sprites-processed/icon/alcremie-rainbow-swirl-berry-sweet.png,sprites-processed/icon-frame2/alcremie-rainbow-swirl-berry-sweet.png,8
alcremie-rainbow-swirl-clover-sweet,alcremie-rainbow-swirl-clover-sweet,STANDARD,sprites-processed/front/alcremie-rainbow-swirl-clover-sweet.png,sprites-processed/back/alcremie-rainbow-swirl-clover-sweet.png,sprites-processed/front-shiny/alcremie-rainbow-swirl-clover-sweet.png,sprites-processed/back-shiny/alcremie-rainbow-swirl-clover-sweet.png,sprites-processed/icon/alcremie-rainbow-swirl-clover-sweet.png,sprites-processed/icon-frame2/alcremie-rainbow-swirl-clover-sweet.png,8
alcremie-rainbow-swirl-flower-sweet,alcremie-rainbow-swirl-flower-sweet,STANDARD,sprites-processed/front/alcremie-rainbow-swirl-flower-sweet.png,sprites-processed/back/alcremie-rainbow-swirl-flower-sweet.png,sprites-processed/front-shiny/alcremie-rainbow-swirl-flower-sweet.png,sprites-processed/back-shiny/alcremie-rainbow-swirl-flower-sweet.png,sprites-processed/icon/alcremie-rainbow-swirl-flower-sweet.png,sprites-processed/icon-frame2/alcremie-rainbow-swirl-flower-sweet.png,8
alcremie-rainbow-swirl-love-sweet,alcremie-rainbow-swirl-love-sweet,STANDARD,sprites-processed/front/alcremie-rainbow-swirl-love-sweet.png,sprites-processed/back/alcremie-rainbow-swirl-love-sweet.png,sprites-processed/front-shiny/alcremie-rainbow-swirl-love-sweet.png,sprites-processed/back-shiny/alcremie-rainbow-swirl-love-sweet.png,sprites-processed/icon/alcremie-rainbow-swirl-love-sweet.png,sprites-processed/icon-frame2/alcremie-rainbow-swirl-love-sweet.png,8
alcremie-rainbow-swirl-ribbon-sweet,alcremie-rainbow-swirl-ribbon-sweet,STANDARD,sprites-processed/front/alcremie-rainbow-swirl-ribbon-sweet.png,sprites-processed/back/alcremie-rainbow-swirl-ribbon-sweet.png,sprites-processed/front-shiny/alcremie-rainbow-swirl-ribbon-sweet.png,sprites-processed/back-shiny/alcremie-rainbow-swirl-ribbon-sweet.png,sprites-processed/icon/alcremie-rainbow-swirl-ribbon-sweet.png,sprites-processed/icon-frame2/alcremie-rainbow-swirl-ribbon-sweet.png,8
alcremie-rainbow-swirl-star-sweet,alcremie-rainbow-swirl-star-sweet,STANDARD,sprites-processed/front/alcremie-rainbow-swirl-star-sweet.png,sprites-processed/back/alcremie-rainbow-swirl-star-sweet.png,sprites-processed/front-shiny/alcremie-rainbow-swirl-star-sweet.png,sprites-processed/back-shiny/alcremie-rainbow-swirl-star-sweet.png,sprites-processed/icon/alcremie-rainbow-swirl-star-sweet.png,sprites-processed/icon-frame2/alcremie-rainbow-swirl-star-sweet.png,8
alcremie-rainbow-swirl-strawberry-sweet,alcremie-rainbow-swirl-strawberry-sweet,STANDARD,sprites-processed/front/alcremie-rainbow-swirl-strawberry-sweet.png,sprites-processed/back/alcremie-rainbow-swirl-strawberry-sweet.png,sprites-processed/front-shiny/alcremie-rainbow-swirl-strawberry-sweet.png,sprites-processed/back-shiny/alcremie-rainbow-swirl-strawberry-sweet.png,sprites-processed/icon/alcremie-rainbow-swirl-strawberry-sweet.png,sprites-processed/icon-frame2/alcremie-rainbow-swirl-strawberry-sweet.png,8
alcremie-ruby-cream-berry-sweet,alcremie-ruby-cream-berry-sweet,STANDARD,sprites-processed/front/alcremie-ruby-cream-berry-sweet.png,sprites-processed/back/alcremie-ruby-cream-berry-sweet.png,sprites-processed/front-shiny/alcremie-ruby-cream-berry-sweet.png,sprites-processed/back-shiny/alcremie-ruby-cream-berry-sweet.png,sprites-processed/icon/alcremie-ruby-cream-berry-sweet.png,sprites-processed/icon-frame2/alcremie-ruby-cream-berry-sweet.png,8
alcremie-ruby-cream-clover-sweet,alcremie-ruby-cream-clover-sweet,STANDARD,sprites-processed/front/alcremie-ruby-cream-clover-sweet.png,sprites-processed/back/alcremie-ruby-cream-clover-sweet.png,sprites-processed/front-shiny/alcremie-ruby-cream-clover-sweet.png,sprites-processed/back-shiny/alcremie-ruby-cream-clover-sweet.png,sprites-processed/icon/alcremie-ruby-cream-clover-sweet.png,sprites-processed/icon-frame2/alcremie-ruby-cream-clover-sweet.png,8
alcremie-ruby-cream-flower-sweet,alcremie-ruby-cream-flower-sweet,STANDARD,sprites-processed/front/alcremie-ruby-cream-flower-sweet.png,sprites-processed/back/alcremie-ruby-cream-flower-sweet.png,sprites-processed/front-shiny/alcremie-ruby-cream-flower-sweet.png,sprites-processed/back-shiny/alcremie-ruby-cream-flower-sweet.png,sprites-processed/icon/alcremie-ruby-cream-flower-sweet.png,sprites-processed/icon-frame2/alcremie-ruby-cream-flower-sweet.png,8
alcremie-ruby-cream-love-sweet,alcremie-ruby-cream-love-sweet,STANDARD,sprites-processed/front/alcremie-ruby-cream-love-sweet.png,sprites-processed/back/alcremie-ruby-cream-love-sweet.png,sprites-processed/front-shiny/alcremie-ruby-cream-love-sweet.png,sprites-processed/back-shiny/alcremie-ruby-cream-love-sweet.png,sprites-processed/icon/alcremie-ruby-cream-love-sweet.png,sprites-processed/icon-frame2/alcremie-ruby-cream-love-sweet.png,8
alcremie-ruby-cream-ribbon-sweet,alcremie-ruby-cream-ribbon-sweet,STANDARD,sprites-processed/front/alcremie-ruby-cream-ribbon-sweet.png,sprites-processed/back/alcremie-ruby-cream-ribbon-sweet.png,sprites-processed/front-shiny/alcremie-ruby-cream-ribbon-sweet.png,sprites-processed/back-shiny/alcremie-ruby-cream-ribbon-sweet.png,sprites-processed/icon/alcremie-ruby-cream-ribbon-sweet.png,sprites-processed/icon-frame2/alcremie-ruby-cream-ribbon-sweet.png,8
alcremie-ruby-cream-star-sweet,alcremie-ruby-cream-star-sweet,STANDARD,sprites-processed/front/alcremie-ruby-cream-star-sweet.png,sprites-processed/back/alcremie-ruby-cream-star-sweet.png,sprites-processed/front-shiny/alcremie-ruby-cream-star-sweet.png,sprites-processed/back-shiny/alcremie-ruby-cream-star-sweet.png,sprites-processed/icon/alcremie-ruby-cream-star-sweet.png,sprites-processed/icon-frame2/alcremie-ruby-cream-star-sweet.png,8
alcremie-ruby-cream-strawberry-sweet,alcremie-ruby-cream-strawberry-sweet,STANDARD,sprites-processed/front/alcremie-ruby-cream-strawberry-sweet.png,sprites-processed/back/alcremie-ruby-cream-strawberry-sweet.png,sprites-processed/front-shiny/alcremie-ruby-cream-strawberry-sweet.png,sprites-processed/back-shiny/alcremie-ruby-cream-strawberry-sweet.png,sprites-processed/icon/alcremie-ruby-cream-strawberry-sweet.png,sprites-processed/icon-frame2/alcremie-ruby-cream-strawberry-sweet.png,8
alcremie-ruby-swirl-berry-sweet,alcremie-ruby-swirl-berry-sweet,STANDARD,sprites-processed/front/alcremie-ruby-swirl-berry-sweet.png,sprites-processed/back/alcremie-ruby-swirl-berry-sweet.png,sprites-processed/front-shiny/alcremie-ruby-swirl-berry-sweet.png,sprites-processed/back-shiny/alcremie-ruby-swirl-berry-sweet.png,sprites-processed/icon/alcremie-ruby-swirl-berry-sweet.png,sprites-processed/icon-frame2/alcremie-ruby-swirl-berry-sweet.png,8
alcremie-ruby-swirl-clover-sweet,alcremie-ruby-swirl-clover-sweet,STANDARD,sprites-processed/front/alcremie-ruby-swirl-clover-sweet.png,sprites-processed/back/alcremie-ruby-swirl-clover-sweet.png,sprites-processed/front-shiny/alcremie-ruby-swirl-clover-sweet.png,sprites-processed/back-shiny/alcremie-ruby-swirl-clover-sweet.png,sprites-processed/icon/alcremie-ruby-swirl-clover-sweet.png,sprites-processed/icon-frame2/alcremie-ruby-swirl-clover-sweet.png,8
alcremie-ruby-swirl-flower-sweet,alcremie-ruby-swirl-flower-sweet,STANDARD,sprites-processed/front/alcremie-ruby-swirl-flower-sweet.png,sprites-processed/back/alcremie-ruby-swirl-flower-sweet.png,sprites-processed/front-shiny/alcremie-ruby-swirl-flower-sweet.png,sprites-processed/back-shiny/alcremie-ruby-swirl-flower-sweet.png,sprites-processed/icon/alcremie-ruby-swirl-flower-sweet.png,sprites-processed/icon-frame2/alcremie-ruby-swirl-flower-sweet.png,8
alcremie-ruby-swirl-love-sweet,alcremie-ruby-swirl-love-sweet,STANDARD,sprites-processed/front/alcremie-ruby-swirl-love-sweet.png,sprites-processed/back/alcremie-ruby-swirl-love-sweet.png,sprites-processed/front-shiny/alcremie-ruby-swirl-love-sweet.png,sprites-processed/back-shiny/alcremie-ruby-swirl-love-sweet.png,sprites-processed/icon/alcremie-ruby-swirl-love-sweet.png,sprites-processed/icon-frame2/alcremie-ruby-swirl-love-sweet.png,8
alcremie-ruby-swirl-ribbon-sweet,alcremie-ruby-swirl-ribbon-sweet,STANDARD,sprites-processed/front/alcremie-ruby-swirl-ribbon-sweet.png,sprites-processed/back/alcremie-ruby-swirl-ribbon-sweet.png,sprites-processed/front-shiny/alcremie-ruby-swirl-ribbon-sweet.png,sprites-processed/back-shiny/alcremie-ruby-swirl-ribbon-sweet.png,sprites-processed/icon/alcremie-ruby-swirl-ribbon-sweet.png,sprites-processed/icon-frame2/alcremie-ruby-swirl-ribbon-sweet.png,8
alcremie-ruby-swirl-star-sweet,alcremie-ruby-swirl-star-sweet,STANDARD,sprites-processed/front/alcremie-ruby-swirl-star-sweet.png,sprites-processed/back/alcremie-ruby-swirl-star-sweet.png,sprites-processed/front-shiny/alcremie-ruby-swirl-star-sweet.png,sprites-processed/back-shiny/alcremie-ruby-swirl-star-sweet.png,sprites-processed/icon/alcremie-ruby-swirl-star-sweet.png,sprites-processed/icon-frame2/alcremie-ruby-swirl-star-sweet.png,8
alcremie-ruby-swirl-strawberry-sweet,alcremie-ruby-swirl-strawberry-sweet,STANDARD,sprites-processed/front/alcremie-ruby-swirl-strawberry-sweet.png,sprites-processed/back/alcremie-ruby-swirl-strawberry-sweet.png,sprites-processed/front-shiny/alcremie-ruby-swirl-strawberry-sweet.png,sprites-processed/back-shiny/alcremie-ruby-swirl-strawberry-sweet.png,sprites-processed/icon/alcremie-ruby-swirl-strawberry-sweet.png,sprites-processed/icon-frame2/alcremie-ruby-swirl-strawberry-sweet.png,8
alcremie-salted-cream-berry-sweet,alcremie-salted-cream-berry-sweet,STANDARD,sprites-processed/front/alcremie-salted-cream-berry-sweet.png,sprites-processed/back/alcremie-salted-cream-berry-sweet.png,sprites-processed/front-shiny/alcremie-salted-cream-berry-sweet.png,sprites-processed/back-shiny/alcremie-salted-cream-berry-sweet.png,sprites-processed/icon/alcremie-salted-cream-berry-sweet.png,sprites-processed/icon-frame2/alcremie-salted-cream-berry-sweet.png,8
alcremie-salted-cream-clover-sweet,alcremie-salted-cream-clover-sweet,STANDARD,sprites-processed/front/alcremie-salted-cream-clover-sweet.png,sprites-processed/back/alcremie-salted-cream-clover-sweet.png,sprites-processed/front-shiny/alcremie-salted-cream-clover-sweet.png,sprites-processed/back-shiny/alcremie-salted-cream-clover-sweet.png,sprites-processed/icon/alcremie-salted-cream-clover-sweet.png,sprites-processed/icon-frame2/alcremie-salted-cream-clover-sweet.png,8
alcremie-salted-cream-flower-sweet,alcremie-salted-cream-flower-sweet,STANDARD,sprites-processed/front/alcremie-salted-cream-flower-sweet.png,sprites-processed/back/alcremie-salted-cream-flower-sweet.png,sprites-processed/front-shiny/alcremie-salted-cream-flower-sweet.png,sprites-processed/back-shiny/alcremie-salted-cream-flower-sweet.png,sprites-processed/icon/alcremie-salted-cream-flower-sweet.png,sprites-processed/icon-frame2/alcremie-salted-cream-flower-sweet.png,8
alcremie-salted-cream-love-sweet,alcremie-salted-cream-love-sweet,STANDARD,sprites-processed/front/alcremie-salted-cream-love-sweet.png,sprites-processed/back/alcremie-salted-cream-love-sweet.png,sprites-processed/front-shiny/alcremie-salted-cream-love-sweet.png,sprites-processed/back-shiny/alcremie-salted-cream-love-sweet.png,sprites-processed/icon/alcremie-salted-cream-love-sweet.png,sprites-processed/icon-frame2/alcremie-salted-cream-love-sweet.png,8
alcremie-salted-cream-ribbon-sweet,alcremie-salted-cream-ribbon-sweet,STANDARD,sprites-processed/front/alcremie-salted-cream-ribbon-sweet.png,sprites-processed/back/alcremie-salted-cream-ribbon-sweet.png,sprites-processed/front-shiny/alcremie-salted-cream-ribbon-sweet.png,sprites-processed/back-shiny/alcremie-salted-cream-ribbon-sweet.png,sprites-processed/icon/alcremie-salted-cream-ribbon-sweet.png,sprites-processed/icon-frame2/alcremie-salted-cream-ribbon-sweet.png,8
alcremie-salted-cream-star-sweet,alcremie-salted-cream-star-sweet,STANDARD,sprites-processed/front/alcremie-salted-cream-star-sweet.png,sprites-processed/back/alcremie-salted-cream-star-sweet.png,sprites-processed/front-shiny/alcremie-salted-cream-star-sweet.png,sprites-processed/back-shiny/alcremie-salted-cream-star-sweet.png,sprites-processed/icon/alcremie-salted-cream-star-sweet.png,sprites-processed/icon-frame2/alcremie-salted-cream-star-sweet.png,8
alcremie-salted-cream-strawberry-sweet,alcremie-salted-cream-strawberry-sweet,STANDARD,sprites-processed/front/alcremie-salted-cream-strawberry-sweet.png,sprites-processed/back/alcremie-salted-cream-strawberry-sweet.png,sprites-processed/front-shiny/alcremie-salted-cream-strawberry-sweet.png,sprites-processed/back-shiny/alcremie-salted-cream-strawberry-sweet.png,sprites-processed/icon/alcremie-salted-cream-strawberry-sweet.png,sprites-processed/icon-frame2/alcremie-salted-cream-strawberry-sweet.png,8
alcremie-vanilla-cream-berry-sweet,alcremie-vanilla-cream-berry-sweet,STANDARD,sprites-processed/front/alcremie-vanilla-cream-berry-sweet.png,sprites-processed/back/alcremie-vanilla-cream-berry-sweet.png,sprites-processed/front-shiny/alcremie-vanilla-cream-berry-sweet.png,sprites-processed/back-shiny/alcremie-vanilla-cream-berry-sweet.png,sprites-processed/icon/alcremie-vanilla-cream-berry-sweet.png,sprites-processed/icon-frame2/alcremie-vanilla-cream-berry-sweet.png,8
alcremie-vanilla-cream-clover-sweet,alcremie-vanilla-cream-clover-sweet,STANDARD,sprites-processed/front/alcremie-vanilla-cream-clover-sweet.png,sprites-processed/back/alcremie-vanilla-cream-clover-sweet.png,sprites-processed/front-shiny/alcremie-vanilla-cream-clover-sweet.png,sprites-processed/back-shiny/alcremie-vanilla-cream-clover-sweet.png,sprites-processed/icon/alcremie-vanilla-cream-clover-sweet.png,sprites-processed/icon-frame2/alcremie-vanilla-cream-clover-sweet.png,8
alcremie-vanilla-cream-flower-sweet,alcremie-vanilla-cream-flower-sweet,STANDARD,sprites-processed/front/alcremie-vanilla-cream-flower-sweet.png,sprites-processed/back/alcremie-vanilla-cream-flower-sweet.png,sprites-processed/front-shiny/alcremie-vanilla-cream-flower-sweet.png,sprites-processed/back-shiny/alcremie-vanilla-cream-flower-sweet.png,sprites-processed/icon/alcremie-vanilla-cream-flower-sweet.png,sprites-processed/icon-frame2/alcremie-vanilla-cream-flower-sweet.png,8
alcremie-vanilla-cream-love-sweet,alcremie-vanilla-cream-love-sweet,STANDARD,sprites-processed/front/alcremie-vanilla-cream-love-sweet.png,sprites-processed/back/alcremie-vanilla-cream-love-sweet.png,sprites-processed/front-shiny/alcremie-vanilla-cream-love-sweet.png,sprites-processed/back-shiny/alcremie-vanilla-cream-love-sweet.png,sprites-processed/icon/alcremie-vanilla-cream-love-sweet.png,sprites-processed/icon-frame2/alcremie-vanilla-cream-love-sweet.png,8
alcremie-vanilla-cream-ribbon-sweet,alcremie-vanilla-cream-ribbon-sweet,STANDARD,sprites-processed/front/alcremie-vanilla-cream-ribbon-sweet.png,sprites-processed/back/alcremie-vanilla-cream-ribbon-sweet.png,sprites-processed/front-shiny/alcremie-vanilla-cream-ribbon-sweet.png,sprites-processed/back-shiny/alcremie-vanilla-cream-ribbon-sweet.png,sprites-processed/icon/alcremie-vanilla-cream-ribbon-sweet.png,sprites-processed/icon-frame2/alcremie-vanilla-cream-ribbon-sweet.png,8
alcremie-vanilla-cream-star-sweet,alcremie-vanilla-cream-star-sweet,STANDARD,sprites-processed/front/alcremie-vanilla-cream-star-sweet.png,sprites-processed/back/alcremie-vanilla-cream-star-sweet.png,sprites-processed/front-shiny/alcremie-vanilla-cream-star-sweet.png,sprites-processed/back-shiny/alcremie-vanilla-cream-star-sweet.png,sprites-processed/icon/alcremie-vanilla-cream-star-sweet.png,sprites-processed/icon-frame2/alcremie-vanilla-cream-star-sweet.png,8
alcremie-vanilla-cream-strawberry-sweet,alcremie-vanilla-cream-strawberry-sweet,STANDARD,sprites-processed/front/alcremie-vanilla-cream-strawberry-sweet.png,sprites-processed/back/alcremie-vanilla-cream-strawberry-sweet.png,sprites-processed/front-shiny/alcremie-vanilla-cream-strawberry-sweet.png,sprites-processed/back-shiny/alcremie-vanilla-cream-strawberry-sweet.png,sprites-processed/icon/alcremie-vanilla-cream-strawberry-sweet.png,sprites-processed/icon-frame2/alcremie-vanilla-cream-strawberry-sweet.png,8
alomomola,alomomola,STANDARD,sprites-processed/front/alomomola.png,sprites-processed/back/alomomola.png,sprites-processed/front-shiny/alomomola.png,sprites-processed/back-shiny/alomomola.png,sprites-processed/icon/alomomola.png,sprites-processed/icon-frame2/alomomola.png,8
altaria,altaria,STANDARD,sprites-processed/front/altaria.png,sprites-processed/back/altaria.png,sprites-processed/front-shiny/altaria.png,sprites-processed/back-shiny/altaria.png,sprites-processed/icon/altaria.png,sprites-processed/icon-frame2/altaria.png,8
altaria-mega,altaria-mega,SPECIAL_FORM,sprites-processed/front/altaria-mega.png,sprites-processed/back/altaria-mega.png,sprites-processed/front-shiny/altaria-mega.png,sprites-processed/back-shiny/altaria-mega.png,sprites-processed/icon/altaria-mega.png,sprites-processed/icon-frame2/altaria-mega.png,8
amaura,amaura,STANDARD,sprites-processed/front/amaura.png,sprites-processed/back/amaura.png,sprites-processed/front-shiny/amaura.png,sprites-processed/back-shiny/amaura.png,sprites-processed/icon/amaura.png,sprites-processed/icon-frame2/amaura.png,8
ambipom,ambipom,STANDARD,sprites-processed/front/ambipom.png,sprites-processed/back/ambipom.png,sprites-processed/front-shiny/ambipom.png,sprites-processed/back-shiny/ambipom.png,sprites-processed/icon/ambipom.png,sprites-processed/icon-frame2/ambipom.png,10
amoonguss,amoonguss,STANDARD,sprites-processed/front/amoonguss.png,sprites-processed/back/amoonguss.png,sprites-processed/front-shiny/amoonguss.png,sprites-processed/back-shiny/amoonguss.png,sprites-processed/icon/amoonguss.png,sprites-processed/icon-frame2/amoonguss.png,8
ampharos,ampharos,STANDARD,sprites-processed/front/ampharos.png,sprites-processed/back/ampharos.png,sprites-processed/front-shiny/ampharos.png,sprites-processed/back-shiny/ampharos.png,sprites-processed/icon/ampharos.png,sprites-processed/icon-frame2/ampharos.png,8
ampharos-mega,ampharos-mega,SPECIAL_FORM,sprites-processed/front/ampharos-mega.png,sprites-processed/back/ampharos-mega.png,sprites-processed/front-shiny/ampharos-mega.png,sprites-processed/back-shiny/ampharos-mega.png,sprites-processed/icon/ampharos-mega.png,sprites-processed/icon-frame2/ampharos-mega.png,8
annihilape,annihilape,STANDARD,sprites-processed/front/annihilape.png,sprites-processed/back/annihilape.png,sprites-processed/front-shiny/annihilape.png,sprites-processed/back-shiny/annihilape.png,sprites-processed/icon/annihilape.png,sprites-processed/icon-frame2/annihilape.png,8
anorith,anorith,STANDARD,sprites-processed/front/anorith.png,sprites-processed/back/anorith.png,sprites-processed/front-shiny/anorith.png,sprites-processed/back-shiny/anorith.png,sprites-processed/icon/anorith.png,sprites-processed/icon-frame2/anorith.png,8
appletun,appletun,STANDARD,sprites-processed/front/appletun.png,sprites-processed/back/appletun.png,sprites-processed/front-shiny/appletun.png,sprites-processed/back-shiny/appletun.png,sprites-processed/icon/appletun.png,sprites-processed/icon-frame2/appletun.png,8
appletun-gmax,appletun-gmax,SPECIAL_FORM,sprites-processed/front/appletun-gmax.png,sprites-processed/back/appletun-gmax.png,sprites-processed/front-shiny/appletun-gmax.png,sprites-processed/back-shiny/appletun-gmax.png,sprites-processed/icon/appletun-gmax.png,sprites-processed/icon-frame2/appletun-gmax.png,8
applin,applin,STANDARD,sprites-processed/front/applin.png,sprites-processed/back/applin.png,sprites-processed/front-shiny/applin.png,sprites-processed/back-shiny/applin.png,sprites-processed/icon/applin.png,sprites-processed/icon-frame2/applin.png,8
araquanid,araquanid,STANDARD,sprites-processed/front/araquanid.png,sprites-processed/back/araquanid.png,sprites-processed/front-shiny/araquanid.png,sprites-processed/back-shiny/araquanid.png,sprites-processed/icon/araquanid.png,sprites-processed/icon-frame2/araquanid.png,8
arbok,arbok,STANDARD,sprites-processed/front/arbok.png,sprites-processed/back/arbok.png,sprites-processed/front-shiny/arbok.png,sprites-processed/back-shiny/arbok.png,sprites-processed/icon/arbok.png,sprites-processed/icon-frame2/arbok.png,8
arboliva,arboliva,STANDARD,sprites-processed/front/arboliva.png,sprites-processed/back/arboliva.png,sprites-processed/front-shiny/arboliva.png,sprites-processed/back-shiny/arboliva.png,sprites-processed/icon/arboliva.png,sprites-processed/icon-frame2/arboliva.png,8
arcanine,arcanine,STANDARD,sprites-processed/front/arcanine.png,sprites-processed/back/arcanine.png,sprites-processed/front-shiny/arcanine.png,sprites-processed/back-shiny/arcanine.png,sprites-processed/icon/arcanine.png,sprites-processed/icon-frame2/arcanine.png,8
arcanine-hisui,arcanine-hisui,SPECIAL_FORM,sprites-processed/front/arcanine-hisui.png,sprites-processed/back/arcanine-hisui.png,sprites-processed/front-shiny/arcanine-hisui.png,sprites-processed/back-shiny/arcanine-hisui.png,sprites-processed/icon/arcanine-hisui.png,sprites-processed/icon-frame2/arcanine-hisui.png,8
arceus-bug,arceus-bug,STANDARD,sprites-processed/front/arceus-bug.png,sprites-processed/back/arceus-bug.png,sprites-processed/front-shiny/arceus-bug.png,sprites-processed/back-shiny/arceus-bug.png,sprites-processed/icon/arceus-bug.png,sprites-processed/icon-frame2/arceus-bug.png,8
arceus-dark,arceus-dark,STANDARD,sprites-processed/front/arceus-dark.png,sprites-processed/back/arceus-dark.png,sprites-processed/front-shiny/arceus-dark.png,sprites-processed/back-shiny/arceus-dark.png,sprites-processed/icon/arceus-dark.png,sprites-processed/icon-frame2/arceus-dark.png,8
arceus-dragon,arceus-dragon,STANDARD,sprites-processed/front/arceus-dragon.png,sprites-processed/back/arceus-dragon.png,sprites-processed/front-shiny/arceus-dragon.png,sprites-processed/back-shiny/arceus-dragon.png,sprites-processed/icon/arceus-dragon.png,sprites-processed/icon-frame2/arceus-dragon.png,8
arceus-electric,arceus-electric,STANDARD,sprites-processed/front/arceus-electric.png,sprites-processed/back/arceus-electric.png,sprites-processed/front-shiny/arceus-electric.png,sprites-processed/back-shiny/arceus-electric.png,sprites-processed/icon/arceus-electric.png,sprites-processed/icon-frame2/arceus-electric.png,8
arceus-fairy,arceus-fairy,STANDARD,sprites-processed/front/arceus-fairy.png,sprites-processed/back/arceus-fairy.png,sprites-processed/front-shiny/arceus-fairy.png,sprites-processed/back-shiny/arceus-fairy.png,sprites-processed/icon/arceus-fairy.png,sprites-processed/icon-frame2/arceus-fairy.png,8
arceus-fighting,arceus-fighting,STANDARD,sprites-processed/front/arceus-fighting.png,sprites-processed/back/arceus-fighting.png,sprites-processed/front-shiny/arceus-fighting.png,sprites-processed/back-shiny/arceus-fighting.png,sprites-processed/icon/arceus-fighting.png,sprites-processed/icon-frame2/arceus-fighting.png,8
arceus-fire,arceus-fire,STANDARD,sprites-processed/front/arceus-fire.png,sprites-processed/back/arceus-fire.png,sprites-processed/front-shiny/arceus-fire.png,sprites-processed/back-shiny/arceus-fire.png,sprites-processed/icon/arceus-fire.png,sprites-processed/icon-frame2/arceus-fire.png,8
arceus-flying,arceus-flying,STANDARD,sprites-processed/front/arceus-flying.png,sprites-processed/back/arceus-flying.png,sprites-processed/front-shiny/arceus-flying.png,sprites-processed/back-shiny/arceus-flying.png,sprites-processed/icon/arceus-flying.png,sprites-processed/icon-frame2/arceus-flying.png,8
arceus-ghost,arceus-ghost,STANDARD,sprites-processed/front/arceus-ghost.png,sprites-processed/back/arceus-ghost.png,sprites-processed/front-shiny/arceus-ghost.png,sprites-processed/back-shiny/arceus-ghost.png,sprites-processed/icon/arceus-ghost.png,sprites-processed/icon-frame2/arceus-ghost.png,8
arceus-grass,arceus-grass,STANDARD,sprites-processed/front/arceus-grass.png,sprites-processed/back/arceus-grass.png,sprites-processed/front-shiny/arceus-grass.png,sprites-processed/back-shiny/arceus-grass.png,sprites-processed/icon/arceus-grass.png,sprites-processed/icon-frame2/arceus-grass.png,8
arceus-ground,arceus-ground,STANDARD,sprites-processed/front/arceus-ground.png,sprites-processed/back/arceus-ground.png,sprites-processed/front-shiny/arceus-ground.png,sprites-processed/back-shiny/arceus-ground.png,sprites-processed/icon/arceus-ground.png,sprites-processed/icon-frame2/arceus-ground.png,8
arceus-ice,arceus-ice,STANDARD,sprites-processed/front/arceus-ice.png,sprites-processed/back/arceus-ice.png,sprites-processed/front-shiny/arceus-ice.png,sprites-processed/back-shiny/arceus-ice.png,sprites-processed/icon/arceus-ice.png,sprites-processed/icon-frame2/arceus-ice.png,8
arceus-normal,arceus-normal,STANDARD,sprites-processed/front/arceus-normal.png,sprites-processed/back/arceus-normal.png,sprites-processed/front-shiny/arceus-normal.png,sprites-processed/back-shiny/arceus-normal.png,sprites-processed/icon/arceus-normal.png,sprites-processed/icon-frame2/arceus-normal.png,8
arceus-poison,arceus-poison,STANDARD,sprites-processed/front/arceus-poison.png,sprites-processed/back/arceus-poison.png,sprites-processed/front-shiny/arceus-poison.png,sprites-processed/back-shiny/arceus-poison.png,sprites-processed/icon/arceus-poison.png,sprites-processed/icon-frame2/arceus-poison.png,8
arceus-psychic,arceus-psychic,STANDARD,sprites-processed/front/arceus-psychic.png,sprites-processed/back/arceus-psychic.png,sprites-processed/front-shiny/arceus-psychic.png,sprites-processed/back-shiny/arceus-psychic.png,sprites-processed/icon/arceus-psychic.png,sprites-processed/icon-frame2/arceus-psychic.png,8
arceus-rock,arceus-rock,STANDARD,sprites-processed/front/arceus-rock.png,sprites-processed/back/arceus-rock.png,sprites-processed/front-shiny/arceus-rock.png,sprites-processed/back-shiny/arceus-rock.png,sprites-processed/icon/arceus-rock.png,sprites-processed/icon-frame2/arceus-rock.png,8
arceus-steel,arceus-steel,STANDARD,sprites-processed/front/arceus-steel.png,sprites-processed/back/arceus-steel.png,sprites-processed/front-shiny/arceus-steel.png,sprites-processed/back-shiny/arceus-steel.png,sprites-processed/icon/arceus-steel.png,sprites-processed/icon-frame2/arceus-steel.png,8
arceus-unknown,arceus-unknown,STANDARD,sprites-processed/front/arceus-unknown.png,sprites-processed/back/arceus-unknown.png,sprites-processed/front-shiny/arceus-unknown.png,sprites-processed/back-shiny/arceus-unknown.png,sprites-processed/icon/arceus-unknown.png,sprites-processed/icon-frame2/arceus-unknown.png,8
arceus-water,arceus-water,STANDARD,sprites-processed/front/arceus-water.png,sprites-processed/back/arceus-water.png,sprites-processed/front-shiny/arceus-water.png,sprites-processed/back-shiny/arceus-water.png,sprites-processed/icon/arceus-water.png,sprites-processed/icon-frame2/arceus-water.png,8
archaludon,archaludon,STANDARD,sprites-processed/front/archaludon.png,sprites-processed/back/archaludon.png,sprites-processed/front-shiny/archaludon.png,sprites-processed/back-shiny/archaludon.png,sprites-processed/icon/archaludon.png,sprites-processed/icon-frame2/archaludon.png,8
archen,archen,STANDARD,sprites-processed/front/archen.png,sprites-processed/back/archen.png,sprites-processed/front-shiny/archen.png,sprites-processed/back-shiny/archen.png,sprites-processed/icon/archen.png,sprites-processed/icon-frame2/archen.png,8
archeops,archeops,STANDARD,sprites-processed/front/archeops.png,sprites-processed/back/archeops.png,sprites-processed/front-shiny/archeops.png,sprites-processed/back-shiny/archeops.png,sprites-processed/icon/archeops.png,sprites-processed/icon-frame2/archeops.png,8
arctibax,arctibax,STANDARD,sprites-processed/front/arctibax.png,sprites-processed/back/arctibax.png,sprites-processed/front-shiny/arctibax.png,sprites-processed/back-shiny/arctibax.png,sprites-processed/icon/arctibax.png,sprites-processed/icon-frame2/arctibax.png,8
arctovish,arctovish,STANDARD,sprites-processed/front/arctovish.png,sprites-processed/back/arctovish.png,sprites-processed/front-shiny/arctovish.png,sprites-processed/back-shiny/arctovish.png,sprites-processed/icon/arctovish.png,sprites-processed/icon-frame2/arctovish.png,8
arctozolt,arctozolt,STANDARD,sprites-processed/front/arctozolt.png,sprites-processed/back/arctozolt.png,sprites-processed/front-shiny/arctozolt.png,sprites-processed/back-shiny/arctozolt.png,sprites-processed/icon/arctozolt.png,sprites-processed/icon-frame2/arctozolt.png,8
ariados,ariados,STANDARD,sprites-processed/front/ariados.png,sprites-processed/back/ariados.png,sprites-processed/front-shiny/ariados.png,sprites-processed/back-shiny/ariados.png,sprites-processed/icon/ariados.png,sprites-processed/icon-frame2/ariados.png,8
armaldo,armaldo,STANDARD,sprites-processed/front/armaldo.png,sprites-processed/back/armaldo.png,sprites-processed/front-shiny/armaldo.png,sprites-processed/back-shiny/armaldo.png,sprites-processed/icon/armaldo.png,sprites-processed/icon-frame2/armaldo.png,8
armarouge,armarouge,STANDARD,sprites-processed/front/armarouge.png,sprites-processed/back/armarouge.png,sprites-processed/front-shiny/armarouge.png,sprites-processed/back-shiny/armarouge.png,sprites-processed/icon/armarouge.png,sprites-processed/icon-frame2/armarouge.png,8
aromatisse,aromatisse,STANDARD,sprites-processed/front/aromatisse.png,sprites-processed/back/aromatisse.png,sprites-processed/front-shiny/aromatisse.png,sprites-processed/back-shiny/aromatisse.png,sprites-processed/icon/aromatisse.png,sprites-processed/icon-frame2/aromatisse.png,8
aron,aron,STANDARD,sprites-processed/front/aron.png,sprites-processed/back/aron.png,sprites-processed/front-shiny/aron.png,sprites-processed/back-shiny/aron.png,sprites-processed/icon/aron.png,sprites-processed/icon-frame2/aron.png,8
arrokuda,arrokuda,STANDARD,sprites-processed/front/arrokuda.png,sprites-processed/back/arrokuda.png,sprites-processed/front-shiny/arrokuda.png,sprites-processed/back-shiny/arrokuda.png,sprites-processed/icon/arrokuda.png,sprites-processed/icon-frame2/arrokuda.png,8
articuno,articuno,STANDARD,sprites-processed/front/articuno.png,sprites-processed/back/articuno.png,sprites-processed/front-shiny/articuno.png,sprites-processed/back-shiny/articuno.png,sprites-processed/icon/articuno.png,sprites-processed/icon-frame2/articuno.png,8
articuno-galar,articuno-galar,SPECIAL_FORM,sprites-processed/front/articuno-galar.png,sprites-processed/back/articuno-galar.png,sprites-processed/front-shiny/articuno-galar.png,sprites-processed/back-shiny/articuno-galar.png,sprites-processed/icon/articuno-galar.png,sprites-processed/icon-frame2/articuno-galar.png,8
audino,audino,STANDARD,sprites-processed/front/audino.png,sprites-processed/back/audino.png,sprites-processed/front-shiny/audino.png,sprites-processed/back-shiny/audino.png,sprites-processed/icon/audino.png,sprites-processed/icon-frame2/audino.png,8
audino-mega,audino-mega,SPECIAL_FORM,sprites-processed/front/audino-mega.png,sprites-processed/back/audino-mega.png,sprites-processed/front-shiny/audino-mega.png,sprites-processed/back-shiny/audino-mega.png,sprites-processed/icon/audino-mega.png,sprites-processed/icon-frame2/audino-mega.png,8
aurorus,aurorus,STANDARD,sprites-processed/front/aurorus.png,sprites-processed/back/aurorus.png,sprites-processed/front-shiny/aurorus.png,sprites-processed/back-shiny/aurorus.png,sprites-processed/icon/aurorus.png,sprites-processed/icon-frame2/aurorus.png,8
avalugg,avalugg,STANDARD,sprites-processed/front/avalugg.png,sprites-processed/back/avalugg.png,sprites-processed/front-shiny/avalugg.png,sprites-processed/back-shiny/avalugg.png,sprites-processed/icon/avalugg.png,sprites-processed/icon-frame2/avalugg.png,8
avalugg-hisui,avalugg-hisui,SPECIAL_FORM,sprites-processed/front/avalugg-hisui.png,sprites-processed/back/avalugg-hisui.png,sprites-processed/front-shiny/avalugg-hisui.png,sprites-processed/back-shiny/avalugg-hisui.png,sprites-processed/icon/avalugg-hisui.png,sprites-processed/icon-frame2/avalugg-hisui.png,8
axew,axew,STANDARD,sprites-processed/front/axew.png,sprites-processed/back/axew.png,sprites-processed/front-shiny/axew.png,sprites-processed/back-shiny/axew.png,sprites-processed/icon/axew.png,sprites-processed/icon-frame2/axew.png,8
azelf,azelf,STANDARD,sprites-processed/front/azelf.png,sprites-processed/back/azelf.png,sprites-processed/front-shiny/azelf.png,sprites-processed/back-shiny/azelf.png,sprites-processed/icon/azelf.png,sprites-processed/icon-frame2/azelf.png,8
azumarill,azumarill,STANDARD,sprites-processed/front/azumarill.png,sprites-processed/back/azumarill.png,sprites-processed/front-shiny/azumarill.png,sprites-processed/back-shiny/azumarill.png,sprites-processed/icon/azumarill.png,sprites-processed/icon-frame2/azumarill.png,8
azurill,azurill,STANDARD,sprites-processed/front/azurill.png,sprites-processed/back/azurill.png,sprites-processed/front-shiny/azurill.png,sprites-processed/back-shiny/azurill.png,sprites-processed/icon/azurill.png,sprites-processed/icon-frame2/azurill.png,8
bagon,bagon,STANDARD,sprites-processed/front/bagon.png,sprites-processed/back/bagon.png,sprites-processed/front-shiny/bagon.png,sprites-processed/back-shiny/bagon.png,sprites-processed/icon/bagon.png,sprites-processed/icon-frame2/bagon.png,8
baltoy,baltoy,STANDARD,sprites-processed/front/baltoy.png,sprites-processed/back/baltoy.png,sprites-processed/front-shiny/baltoy.png,sprites-processed/back-shiny/baltoy.png,sprites-processed/icon/baltoy.png,sprites-processed/icon-frame2/baltoy.png,8
banette,banette,STANDARD,sprites-processed/front/banette.png,sprites-processed/back/banette.png,sprites-processed/front-shiny/banette.png,sprites-processed/back-shiny/banette.png,sprites-processed/icon/banette.png,sprites-processed/icon-frame2/banette.png,8
banette-mega,banette-mega,SPECIAL_FORM,sprites-processed/front/banette-mega.png,sprites-processed/back/banette-mega.png,sprites-processed/front-shiny/banette-mega.png,sprites-processed/back-shiny/banette-mega.png,sprites-processed/icon/banette-mega.png,sprites-processed/icon-frame2/banette-mega.png,8
barbaracle,barbaracle,STANDARD,sprites-processed/front/barbaracle.png,sprites-processed/back/barbaracle.png,sprites-processed/front-shiny/barbaracle.png,sprites-processed/back-shiny/barbaracle.png,sprites-processed/icon/barbaracle.png,sprites-processed/icon-frame2/barbaracle.png,8
barbaracle-mega,barbaracle-mega,SPECIAL_FORM,sprites-processed/front/barbaracle-mega.png,sprites-processed/back/barbaracle-mega.png,sprites-processed/front-shiny/barbaracle-mega.png,sprites-processed/back-shiny/barbaracle-mega.png,sprites-processed/icon/barbaracle-mega.png,sprites-processed/icon-frame2/barbaracle-mega.png,8
barboach,barboach,STANDARD,sprites-processed/front/barboach.png,sprites-processed/back/barboach.png,sprites-processed/front-shiny/barboach.png,sprites-processed/back-shiny/barboach.png,sprites-processed/icon/barboach.png,sprites-processed/icon-frame2/barboach.png,8
barraskewda,barraskewda,STANDARD,sprites-processed/front/barraskewda.png,sprites-processed/back/barraskewda.png,sprites-processed/front-shiny/barraskewda.png,sprites-processed/back-shiny/barraskewda.png,sprites-processed/icon/barraskewda.png,sprites-processed/icon-frame2/barraskewda.png,8
basculegion-female,basculegion-female,STANDARD,sprites-processed/front/basculegion-female.png,sprites-processed/back/basculegion-female.png,sprites-processed/front-shiny/basculegion-female.png,sprites-processed/back-shiny/basculegion-female.png,sprites-processed/icon/basculegion-female.png,sprites-processed/icon-frame2/basculegion-female.png,12
basculegion-male,basculegion-male,STANDARD,sprites-processed/front/basculegion-male.png,sprites-processed/back/basculegion-male.png,sprites-processed/front-shiny/basculegion-male.png,sprites-processed/back-shiny/basculegion-male.png,sprites-processed/icon/basculegion-male.png,sprites-processed/icon-frame2/basculegion-male.png,8
basculin-blue-striped,basculin-blue-striped,STANDARD,sprites-processed/front/basculin-blue-striped.png,sprites-processed/back/basculin-blue-striped.png,sprites-processed/front-shiny/basculin-blue-striped.png,sprites-processed/back-shiny/basculin-blue-striped.png,sprites-processed/icon/basculin-blue-striped.png,sprites-processed/icon-frame2/basculin-blue-striped.png,8
basculin-red-striped,basculin-red-striped,STANDARD,sprites-processed/front/basculin-red-striped.png,sprites-processed/back/basculin-red-striped.png,sprites-processed/front-shiny/basculin-red-striped.png,sprites-processed/back-shiny/basculin-red-striped.png,sprites-processed/icon/basculin-red-striped.png,sprites-processed/icon-frame2/basculin-red-striped.png,8
basculin-white-striped,basculin-white-striped,STANDARD,sprites-processed/front/basculin-white-striped.png,sprites-processed/back/basculin-white-striped.png,sprites-processed/front-shiny/basculin-white-striped.png,sprites-processed/back-shiny/basculin-white-striped.png,sprites-processed/icon/basculin-white-striped.png,sprites-processed/icon-frame2/basculin-white-striped.png,8
bastiodon,bastiodon,STANDARD,sprites-processed/front/bastiodon.png,sprites-processed/back/bastiodon.png,sprites-processed/front-shiny/bastiodon.png,sprites-processed/back-shiny/bastiodon.png,sprites-processed/icon/bastiodon.png,sprites-processed/icon-frame2/bastiodon.png,8
baxcalibur,baxcalibur,STANDARD,sprites-processed/front/baxcalibur.png,sprites-processed/back/baxcalibur.png,sprites-processed/front-shiny/baxcalibur.png,sprites-processed/back-shiny/baxcalibur.png,sprites-processed/icon/baxcalibur.png,sprites-processed/icon-frame2/baxcalibur.png,8
baxcalibur-mega,baxcalibur-mega,SPECIAL_FORM,sprites-processed/front/baxcalibur-mega.png,sprites-processed/back/baxcalibur-mega.png,sprites-processed/front-shiny/baxcalibur-mega.png,sprites-processed/back-shiny/baxcalibur-mega.png,sprites-processed/icon/baxcalibur-mega.png,sprites-processed/icon-frame2/baxcalibur-mega.png,8
bayleef,bayleef,STANDARD,sprites-processed/front/bayleef.png,sprites-processed/back/bayleef.png,sprites-processed/front-shiny/bayleef.png,sprites-processed/back-shiny/bayleef.png,sprites-processed/icon/bayleef.png,sprites-processed/icon-frame2/bayleef.png,8
beartic,beartic,STANDARD,sprites-processed/front/beartic.png,sprites-processed/back/beartic.png,sprites-processed/front-shiny/beartic.png,sprites-processed/back-shiny/beartic.png,sprites-processed/icon/beartic.png,sprites-processed/icon-frame2/beartic.png,8
beautifly,beautifly,STANDARD,sprites-processed/front/beautifly.png,sprites-processed/back/beautifly.png,sprites-processed/front-shiny/beautifly.png,sprites-processed/back-shiny/beautifly.png,sprites-processed/icon/beautifly.png,sprites-processed/icon-frame2/beautifly.png,10
beedrill,beedrill,STANDARD,sprites-processed/front/beedrill.png,sprites-processed/back/beedrill.png,sprites-processed/front-shiny/beedrill.png,sprites-processed/back-shiny/beedrill.png,sprites-processed/icon/beedrill.png,sprites-processed/icon-frame2/beedrill.png,8
beedrill-mega,beedrill-mega,SPECIAL_FORM,sprites-processed/front/beedrill-mega.png,sprites-processed/back/beedrill-mega.png,sprites-processed/front-shiny/beedrill-mega.png,sprites-processed/back-shiny/beedrill-mega.png,sprites-processed/icon/beedrill-mega.png,sprites-processed/icon-frame2/beedrill-mega.png,8
beheeyem,beheeyem,STANDARD,sprites-processed/front/beheeyem.png,sprites-processed/back/beheeyem.png,sprites-processed/front-shiny/beheeyem.png,sprites-processed/back-shiny/beheeyem.png,sprites-processed/icon/beheeyem.png,sprites-processed/icon-frame2/beheeyem.png,8
beldum,beldum,STANDARD,sprites-processed/front/beldum.png,sprites-processed/back/beldum.png,sprites-processed/front-shiny/beldum.png,sprites-processed/back-shiny/beldum.png,sprites-processed/icon/beldum.png,sprites-processed/icon-frame2/beldum.png,8
bellibolt,bellibolt,STANDARD,sprites-processed/front/bellibolt.png,sprites-processed/back/bellibolt.png,sprites-processed/front-shiny/bellibolt.png,sprites-processed/back-shiny/bellibolt.png,sprites-processed/icon/bellibolt.png,sprites-processed/icon-frame2/bellibolt.png,8
bellossom,bellossom,STANDARD,sprites-processed/front/bellossom.png,sprites-processed/back/bellossom.png,sprites-processed/front-shiny/bellossom.png,sprites-processed/back-shiny/bellossom.png,sprites-processed/icon/bellossom.png,sprites-processed/icon-frame2/bellossom.png,8
bellsprout,bellsprout,STANDARD,sprites-processed/front/bellsprout.png,sprites-processed/back/bellsprout.png,sprites-processed/front-shiny/bellsprout.png,sprites-processed/back-shiny/bellsprout.png,sprites-processed/icon/bellsprout.png,sprites-processed/icon-frame2/bellsprout.png,8
bergmite,bergmite,STANDARD,sprites-processed/front/bergmite.png,sprites-processed/back/bergmite.png,sprites-processed/front-shiny/bergmite.png,sprites-processed/back-shiny/bergmite.png,sprites-processed/icon/bergmite.png,sprites-processed/icon-frame2/bergmite.png,8
bewear,bewear,STANDARD,sprites-processed/front/bewear.png,sprites-processed/back/bewear.png,sprites-processed/front-shiny/bewear.png,sprites-processed/back-shiny/bewear.png,sprites-processed/icon/bewear.png,sprites-processed/icon-frame2/bewear.png,8
bibarel,bibarel,STANDARD,sprites-processed/front/bibarel.png,sprites-processed/back/bibarel.png,sprites-processed/front-shiny/bibarel.png,sprites-processed/back-shiny/bibarel.png,sprites-processed/icon/bibarel.png,sprites-processed/icon-frame2/bibarel.png,10
bidoof,bidoof,STANDARD,sprites-processed/front/bidoof.png,sprites-processed/back/bidoof.png,sprites-processed/front-shiny/bidoof.png,sprites-processed/back-shiny/bidoof.png,sprites-processed/icon/bidoof.png,sprites-processed/icon-frame2/bidoof.png,10
binacle,binacle,STANDARD,sprites-processed/front/binacle.png,sprites-processed/back/binacle.png,sprites-processed/front-shiny/binacle.png,sprites-processed/back-shiny/binacle.png,sprites-processed/icon/binacle.png,sprites-processed/icon-frame2/binacle.png,8
bisharp,bisharp,STANDARD,sprites-processed/front/bisharp.png,sprites-processed/back/bisharp.png,sprites-processed/front-shiny/bisharp.png,sprites-processed/back-shiny/bisharp.png,sprites-processed/icon/bisharp.png,sprites-processed/icon-frame2/bisharp.png,8
blacephalon,blacephalon,STANDARD,sprites-processed/front/blacephalon.png,sprites-processed/back/blacephalon.png,sprites-processed/front-shiny/blacephalon.png,sprites-processed/back-shiny/blacephalon.png,sprites-processed/icon/blacephalon.png,sprites-processed/icon-frame2/blacephalon.png,8
blastoise,blastoise,STANDARD,sprites-processed/front/blastoise.png,sprites-processed/back/blastoise.png,sprites-processed/front-shiny/blastoise.png,sprites-processed/back-shiny/blastoise.png,sprites-processed/icon/blastoise.png,sprites-processed/icon-frame2/blastoise.png,8
blastoise-gmax,blastoise-gmax,SPECIAL_FORM,sprites-processed/front/blastoise-gmax.png,sprites-processed/back/blastoise-gmax.png,sprites-processed/front-shiny/blastoise-gmax.png,sprites-processed/back-shiny/blastoise-gmax.png,sprites-processed/icon/blastoise-gmax.png,sprites-processed/icon-frame2/blastoise-gmax.png,8
blastoise-mega,blastoise-mega,SPECIAL_FORM,sprites-processed/front/blastoise-mega.png,sprites-processed/back/blastoise-mega.png,sprites-processed/front-shiny/blastoise-mega.png,sprites-processed/back-shiny/blastoise-mega.png,sprites-processed/icon/blastoise-mega.png,sprites-processed/icon-frame2/blastoise-mega.png,8
blaziken,blaziken,STANDARD,sprites-processed/front/blaziken.png,sprites-processed/back/blaziken.png,sprites-processed/front-shiny/blaziken.png,sprites-processed/back-shiny/blaziken.png,sprites-processed/icon/blaziken.png,sprites-processed/icon-frame2/blaziken.png,10
blaziken-mega,blaziken-mega,SPECIAL_FORM,sprites-processed/front/blaziken-mega.png,sprites-processed/back/blaziken-mega.png,sprites-processed/front-shiny/blaziken-mega.png,sprites-processed/back-shiny/blaziken-mega.png,sprites-processed/icon/blaziken-mega.png,sprites-processed/icon-frame2/blaziken-mega.png,8
blipbug,blipbug,STANDARD,sprites-processed/front/blipbug.png,sprites-processed/back/blipbug.png,sprites-processed/front-shiny/blipbug.png,sprites-processed/back-shiny/blipbug.png,sprites-processed/icon/blipbug.png,sprites-processed/icon-frame2/blipbug.png,8
blissey,blissey,STANDARD,sprites-processed/front/blissey.png,sprites-processed/back/blissey.png,sprites-processed/front-shiny/blissey.png,sprites-processed/back-shiny/blissey.png,sprites-processed/icon/blissey.png,sprites-processed/icon-frame2/blissey.png,8
blitzle,blitzle,STANDARD,sprites-processed/front/blitzle.png,sprites-processed/back/blitzle.png,sprites-processed/front-shiny/blitzle.png,sprites-processed/back-shiny/blitzle.png,sprites-processed/icon/blitzle.png,sprites-processed/icon-frame2/blitzle.png,8
boldore,boldore,STANDARD,sprites-processed/front/boldore.png,sprites-processed/back/boldore.png,sprites-processed/front-shiny/boldore.png,sprites-processed/back-shiny/boldore.png,sprites-processed/icon/boldore.png,sprites-processed/icon-frame2/boldore.png,8
boltund,boltund,STANDARD,sprites-processed/front/boltund.png,sprites-processed/back/boltund.png,sprites-processed/front-shiny/boltund.png,sprites-processed/back-shiny/boltund.png,sprites-processed/icon/boltund.png,sprites-processed/icon-frame2/boltund.png,8
bombirdier,bombirdier,STANDARD,sprites-processed/front/bombirdier.png,sprites-processed/back/bombirdier.png,sprites-processed/front-shiny/bombirdier.png,sprites-processed/back-shiny/bombirdier.png,sprites-processed/icon/bombirdier.png,sprites-processed/icon-frame2/bombirdier.png,8
bonsly,bonsly,STANDARD,sprites-processed/front/bonsly.png,sprites-processed/back/bonsly.png,sprites-processed/front-shiny/bonsly.png,sprites-processed/back-shiny/bonsly.png,sprites-processed/icon/bonsly.png,sprites-processed/icon-frame2/bonsly.png,8
bouffalant,bouffalant,STANDARD,sprites-processed/front/bouffalant.png,sprites-processed/back/bouffalant.png,sprites-processed/front-shiny/bouffalant.png,sprites-processed/back-shiny/bouffalant.png,sprites-processed/icon/bouffalant.png,sprites-processed/icon-frame2/bouffalant.png,8
bounsweet,bounsweet,STANDARD,sprites-processed/front/bounsweet.png,sprites-processed/back/bounsweet.png,sprites-processed/front-shiny/bounsweet.png,sprites-processed/back-shiny/bounsweet.png,sprites-processed/icon/bounsweet.png,sprites-processed/icon-frame2/bounsweet.png,8
braixen,braixen,STANDARD,sprites-processed/front/braixen.png,sprites-processed/back/braixen.png,sprites-processed/front-shiny/braixen.png,sprites-processed/back-shiny/braixen.png,sprites-processed/icon/braixen.png,sprites-processed/icon-frame2/braixen.png,8
brambleghast,brambleghast,STANDARD,sprites-processed/front/brambleghast.png,sprites-processed/back/brambleghast.png,sprites-processed/front-shiny/brambleghast.png,sprites-processed/back-shiny/brambleghast.png,sprites-processed/icon/brambleghast.png,sprites-processed/icon-frame2/brambleghast.png,8
bramblin,bramblin,STANDARD,sprites-processed/front/bramblin.png,sprites-processed/back/bramblin.png,sprites-processed/front-shiny/bramblin.png,sprites-processed/back-shiny/bramblin.png,sprites-processed/icon/bramblin.png,sprites-processed/icon-frame2/bramblin.png,8
braviary,braviary,STANDARD,sprites-processed/front/braviary.png,sprites-processed/back/braviary.png,sprites-processed/front-shiny/braviary.png,sprites-processed/back-shiny/braviary.png,sprites-processed/icon/braviary.png,sprites-processed/icon-frame2/braviary.png,8
braviary-hisui,braviary-hisui,SPECIAL_FORM,sprites-processed/front/braviary-hisui.png,sprites-processed/back/braviary-hisui.png,sprites-processed/front-shiny/braviary-hisui.png,sprites-processed/back-shiny/braviary-hisui.png,sprites-processed/icon/braviary-hisui.png,sprites-processed/icon-frame2/braviary-hisui.png,8
breloom,breloom,STANDARD,sprites-processed/front/breloom.png,sprites-processed/back/breloom.png,sprites-processed/front-shiny/breloom.png,sprites-processed/back-shiny/breloom.png,sprites-processed/icon/breloom.png,sprites-processed/icon-frame2/breloom.png,8
brionne,brionne,STANDARD,sprites-processed/front/brionne.png,sprites-processed/back/brionne.png,sprites-processed/front-shiny/brionne.png,sprites-processed/back-shiny/brionne.png,sprites-processed/icon/brionne.png,sprites-processed/icon-frame2/brionne.png,8
bronzong,bronzong,STANDARD,sprites-processed/front/bronzong.png,sprites-processed/back/bronzong.png,sprites-processed/front-shiny/bronzong.png,sprites-processed/back-shiny/bronzong.png,sprites-processed/icon/bronzong.png,sprites-processed/icon-frame2/bronzong.png,8
bronzor,bronzor,STANDARD,sprites-processed/front/bronzor.png,sprites-processed/back/bronzor.png,sprites-processed/front-shiny/bronzor.png,sprites-processed/back-shiny/bronzor.png,sprites-processed/icon/bronzor.png,sprites-processed/icon-frame2/bronzor.png,8
brute-bonnet,brute-bonnet,STANDARD,sprites-processed/front/brute-bonnet.png,sprites-processed/back/brute-bonnet.png,sprites-processed/front-shiny/brute-bonnet.png,sprites-processed/back-shiny/brute-bonnet.png,sprites-processed/icon/brute-bonnet.png,sprites-processed/icon-frame2/brute-bonnet.png,8
bruxish,bruxish,STANDARD,sprites-processed/front/bruxish.png,sprites-processed/back/bruxish.png,sprites-processed/front-shiny/bruxish.png,sprites-processed/back-shiny/bruxish.png,sprites-processed/icon/bruxish.png,sprites-processed/icon-frame2/bruxish.png,8
budew,budew,STANDARD,sprites-processed/front/budew.png,sprites-processed/back/budew.png,sprites-processed/front-shiny/budew.png,sprites-processed/back-shiny/budew.png,sprites-processed/icon/budew.png,sprites-processed/icon-frame2/budew.png,8
buizel,buizel,STANDARD,sprites-processed/front/buizel.png,sprites-processed/back/buizel.png,sprites-processed/front-shiny/buizel.png,sprites-processed/back-shiny/buizel.png,sprites-processed/icon/buizel.png,sprites-processed/icon-frame2/buizel.png,10
bulbasaur,bulbasaur,STANDARD,sprites-processed/front/bulbasaur.png,sprites-processed/back/bulbasaur.png,sprites-processed/front-shiny/bulbasaur.png,sprites-processed/back-shiny/bulbasaur.png,sprites-processed/icon/bulbasaur.png,sprites-processed/icon-frame2/bulbasaur.png,8
buneary,buneary,STANDARD,sprites-processed/front/buneary.png,sprites-processed/back/buneary.png,sprites-processed/front-shiny/buneary.png,sprites-processed/back-shiny/buneary.png,sprites-processed/icon/buneary.png,sprites-processed/icon-frame2/buneary.png,8
bunnelby,bunnelby,STANDARD,sprites-processed/front/bunnelby.png,sprites-processed/back/bunnelby.png,sprites-processed/front-shiny/bunnelby.png,sprites-processed/back-shiny/bunnelby.png,sprites-processed/icon/bunnelby.png,sprites-processed/icon-frame2/bunnelby.png,8
burmy-plant,burmy-plant,STANDARD,sprites-processed/front/burmy-plant.png,sprites-processed/back/burmy-plant.png,sprites-processed/front-shiny/burmy-plant.png,sprites-processed/back-shiny/burmy-plant.png,sprites-processed/icon/burmy-plant.png,sprites-processed/icon-frame2/burmy-plant.png,8
burmy-sandy,burmy-sandy,STANDARD,sprites-processed/front/burmy-sandy.png,sprites-processed/back/burmy-sandy.png,sprites-processed/front-shiny/burmy-sandy.png,sprites-processed/back-shiny/burmy-sandy.png,sprites-processed/icon/burmy-sandy.png,sprites-processed/icon-frame2/burmy-sandy.png,8
burmy-trash,burmy-trash,STANDARD,sprites-processed/front/burmy-trash.png,sprites-processed/back/burmy-trash.png,sprites-processed/front-shiny/burmy-trash.png,sprites-processed/back-shiny/burmy-trash.png,sprites-processed/icon/burmy-trash.png,sprites-processed/icon-frame2/burmy-trash.png,8
butterfree,butterfree,STANDARD,sprites-processed/front/butterfree.png,sprites-processed/back/butterfree.png,sprites-processed/front-shiny/butterfree.png,sprites-processed/back-shiny/butterfree.png,sprites-processed/icon/butterfree.png,sprites-processed/icon-frame2/butterfree.png,10
butterfree-gmax,butterfree-gmax,SPECIAL_FORM,sprites-processed/front/butterfree-gmax.png,sprites-processed/back/butterfree-gmax.png,sprites-processed/front-shiny/butterfree-gmax.png,sprites-processed/back-shiny/butterfree-gmax.png,sprites-processed/icon/butterfree-gmax.png,sprites-processed/icon-frame2/butterfree-gmax.png,8
buzzwole,buzzwole,STANDARD,sprites-processed/front/buzzwole.png,sprites-processed/back/buzzwole.png,sprites-processed/front-shiny/buzzwole.png,sprites-processed/back-shiny/buzzwole.png,sprites-processed/icon/buzzwole.png,sprites-processed/icon-frame2/buzzwole.png,8
cacnea,cacnea,STANDARD,sprites-processed/front/cacnea.png,sprites-processed/back/cacnea.png,sprites-processed/front-shiny/cacnea.png,sprites-processed/back-shiny/cacnea.png,sprites-processed/icon/cacnea.png,sprites-processed/icon-frame2/cacnea.png,8
cacturne,cacturne,STANDARD,sprites-processed/front/cacturne.png,sprites-processed/back/cacturne.png,sprites-processed/front-shiny/cacturne.png,sprites-processed/back-shiny/cacturne.png,sprites-processed/icon/cacturne.png,sprites-processed/icon-frame2/cacturne.png,10
calyrex,calyrex,STANDARD,sprites-processed/front/calyrex.png,floating-pokemon/back__calyrex.png,sprites-processed/front-shiny/calyrex.png,floating-pokemon/back-shiny__calyrex.png,sprites-processed/icon/calyrex.png,sprites-processed/icon-frame2/calyrex.png,10
calyrex-ice,calyrex-ice,STANDARD,sprites-processed/front/calyrex-ice.png,floating-pokemon/back__calyrex-ice.png,sprites-processed/front-shiny/calyrex-ice.png,floating-pokemon/back-shiny__calyrex-ice.png,sprites-processed/icon/calyrex-ice.png,sprites-processed/icon-frame2/calyrex-ice.png,10
calyrex-shadow,calyrex-shadow,STANDARD,sprites-processed/front/calyrex-shadow.png,floating-pokemon/back__calyrex-shadow.png,sprites-processed/front-shiny/calyrex-shadow.png,floating-pokemon/back-shiny__calyrex-shadow.png,sprites-processed/icon/calyrex-shadow.png,sprites-processed/icon-frame2/calyrex-shadow.png,10
camerupt,camerupt,STANDARD,sprites-processed/front/camerupt.png,sprites-processed/back/camerupt.png,sprites-processed/front-shiny/camerupt.png,sprites-processed/back-shiny/camerupt.png,sprites-processed/icon/camerupt.png,sprites-processed/icon-frame2/camerupt.png,10
camerupt-mega,camerupt-mega,SPECIAL_FORM,sprites-processed/front/camerupt-mega.png,sprites-processed/back/camerupt-mega.png,sprites-processed/front-shiny/camerupt-mega.png,sprites-processed/back-shiny/camerupt-mega.png,sprites-processed/icon/camerupt-mega.png,sprites-processed/icon-frame2/camerupt-mega.png,8
capsakid,capsakid,STANDARD,sprites-processed/front/capsakid.png,sprites-processed/back/capsakid.png,sprites-processed/front-shiny/capsakid.png,sprites-processed/back-shiny/capsakid.png,sprites-processed/icon/capsakid.png,sprites-processed/icon-frame2/capsakid.png,8
carbink,carbink,STANDARD,sprites-processed/front/carbink.png,sprites-processed/back/carbink.png,sprites-processed/front-shiny/carbink.png,sprites-processed/back-shiny/carbink.png,sprites-processed/icon/carbink.png,sprites-processed/icon-frame2/carbink.png,8
carkol,carkol,STANDARD,sprites-processed/front/carkol.png,sprites-processed/back/carkol.png,sprites-processed/front-shiny/carkol.png,sprites-processed/back-shiny/carkol.png,sprites-processed/icon/carkol.png,sprites-processed/icon-frame2/carkol.png,8
carnivine,carnivine,STANDARD,sprites-processed/front/carnivine.png,sprites-processed/back/carnivine.png,sprites-processed/front-shiny/carnivine.png,sprites-processed/back-shiny/carnivine.png,sprites-processed/icon/carnivine.png,sprites-processed/icon-frame2/carnivine.png,8
carracosta,carracosta,STANDARD,sprites-processed/front/carracosta.png,sprites-processed/back/carracosta.png,sprites-processed/front-shiny/carracosta.png,sprites-processed/back-shiny/carracosta.png,sprites-processed/icon/carracosta.png,sprites-processed/icon-frame2/carracosta.png,8
carvanha,carvanha,STANDARD,sprites-processed/front/carvanha.png,sprites-processed/back/carvanha.png,sprites-processed/front-shiny/carvanha.png,sprites-processed/back-shiny/carvanha.png,sprites-processed/icon/carvanha.png,sprites-processed/icon-frame2/carvanha.png,8
cascoon,cascoon,STANDARD,sprites-processed/front/cascoon.png,sprites-processed/back/cascoon.png,sprites-processed/front-shiny/cascoon.png,sprites-processed/back-shiny/cascoon.png,sprites-processed/icon/cascoon.png,sprites-processed/icon-frame2/cascoon.png,8
castform,castform,STANDARD,sprites-processed/front/castform.png,sprites-processed/back/castform.png,sprites-processed/front-shiny/castform.png,sprites-processed/back-shiny/castform.png,sprites-processed/icon/castform.png,sprites-processed/icon-frame2/castform.png,8
castform-rainy,castform-rainy,STANDARD,sprites-processed/front/castform-rainy.png,sprites-processed/back/castform-rainy.png,sprites-processed/front-shiny/castform-rainy.png,sprites-processed/back-shiny/castform-rainy.png,sprites-processed/icon/castform-rainy.png,sprites-processed/icon-frame2/castform-rainy.png,8
castform-snowy,castform-snowy,STANDARD,sprites-processed/front/castform-snowy.png,sprites-processed/back/castform-snowy.png,sprites-processed/front-shiny/castform-snowy.png,sprites-processed/back-shiny/castform-snowy.png,sprites-processed/icon/castform-snowy.png,sprites-processed/icon-frame2/castform-snowy.png,8
castform-sunny,castform-sunny,STANDARD,sprites-processed/front/castform-sunny.png,sprites-processed/back/castform-sunny.png,sprites-processed/front-shiny/castform-sunny.png,sprites-processed/back-shiny/castform-sunny.png,sprites-processed/icon/castform-sunny.png,sprites-processed/icon-frame2/castform-sunny.png,8
caterpie,caterpie,STANDARD,sprites-processed/front/caterpie.png,sprites-processed/back/caterpie.png,sprites-processed/front-shiny/caterpie.png,sprites-processed/back-shiny/caterpie.png,sprites-processed/icon/caterpie.png,sprites-processed/icon-frame2/caterpie.png,8
celebi,celebi,STANDARD,sprites-processed/front/celebi.png,sprites-processed/back/celebi.png,sprites-processed/front-shiny/celebi.png,sprites-processed/back-shiny/celebi.png,sprites-processed/icon/celebi.png,sprites-processed/icon-frame2/celebi.png,8
celesteela,celesteela,STANDARD,sprites-processed/front/celesteela.png,sprites-processed/back/celesteela.png,sprites-processed/front-shiny/celesteela.png,sprites-processed/back-shiny/celesteela.png,sprites-processed/icon/celesteela.png,sprites-processed/icon-frame2/celesteela.png,8
centiskorch,centiskorch,STANDARD,sprites-processed/front/centiskorch.png,sprites-processed/back/centiskorch.png,sprites-processed/front-shiny/centiskorch.png,sprites-processed/back-shiny/centiskorch.png,sprites-processed/icon/centiskorch.png,sprites-processed/icon-frame2/centiskorch.png,8
centiskorch-gmax,centiskorch-gmax,SPECIAL_FORM,sprites-processed/front/centiskorch-gmax.png,sprites-processed/back/centiskorch-gmax.png,sprites-processed/front-shiny/centiskorch-gmax.png,sprites-processed/back-shiny/centiskorch-gmax.png,sprites-processed/icon/centiskorch-gmax.png,sprites-processed/icon-frame2/centiskorch-gmax.png,8
ceruledge,ceruledge,STANDARD,sprites-processed/front/ceruledge.png,sprites-processed/back/ceruledge.png,sprites-processed/front-shiny/ceruledge.png,sprites-processed/back-shiny/ceruledge.png,sprites-processed/icon/ceruledge.png,sprites-processed/icon-frame2/ceruledge.png,8
cetitan,cetitan,STANDARD,sprites-processed/front/cetitan.png,sprites-processed/back/cetitan.png,sprites-processed/front-shiny/cetitan.png,sprites-processed/back-shiny/cetitan.png,sprites-processed/icon/cetitan.png,sprites-processed/icon-frame2/cetitan.png,8
cetoddle,cetoddle,STANDARD,sprites-processed/front/cetoddle.png,sprites-processed/back/cetoddle.png,sprites-processed/front-shiny/cetoddle.png,sprites-processed/back-shiny/cetoddle.png,sprites-processed/icon/cetoddle.png,sprites-processed/icon-frame2/cetoddle.png,8
chandelure,chandelure,STANDARD,sprites-processed/front/chandelure.png,sprites-processed/back/chandelure.png,sprites-processed/front-shiny/chandelure.png,sprites-processed/back-shiny/chandelure.png,sprites-processed/icon/chandelure.png,sprites-processed/icon-frame2/chandelure.png,8
chandelure-mega,chandelure-mega,SPECIAL_FORM,sprites-processed/front/chandelure-mega.png,sprites-processed/back/chandelure-mega.png,sprites-processed/front-shiny/chandelure-mega.png,sprites-processed/back-shiny/chandelure-mega.png,sprites-processed/icon/chandelure-mega.png,sprites-processed/icon-frame2/chandelure-mega.png,8
chansey,chansey,STANDARD,sprites-processed/front/chansey.png,sprites-processed/back/chansey.png,sprites-processed/front-shiny/chansey.png,sprites-processed/back-shiny/chansey.png,sprites-processed/icon/chansey.png,sprites-processed/icon-frame2/chansey.png,8
charcadet,charcadet,STANDARD,sprites-processed/front/charcadet.png,sprites-processed/back/charcadet.png,sprites-processed/front-shiny/charcadet.png,sprites-processed/back-shiny/charcadet.png,sprites-processed/icon/charcadet.png,sprites-processed/icon-frame2/charcadet.png,8
charizard,charizard,STANDARD,sprites-processed/front/charizard.png,sprites-processed/back/charizard.png,sprites-processed/front-shiny/charizard.png,sprites-processed/back-shiny/charizard.png,sprites-processed/icon/charizard.png,sprites-processed/icon-frame2/charizard.png,8
charizard-gmax,charizard-gmax,SPECIAL_FORM,sprites-processed/front/charizard-gmax.png,sprites-processed/back/charizard-gmax.png,sprites-processed/front-shiny/charizard-gmax.png,sprites-processed/back-shiny/charizard-gmax.png,sprites-processed/icon/charizard-gmax.png,sprites-processed/icon-frame2/charizard-gmax.png,8
charizard-mega-x,charizard-mega-x,SPECIAL_FORM,sprites-processed/front/charizard-mega-x.png,sprites-processed/back/charizard-mega-x.png,sprites-processed/front-shiny/charizard-mega-x.png,sprites-processed/back-shiny/charizard-mega-x.png,sprites-processed/icon/charizard-mega-x.png,sprites-processed/icon-frame2/charizard-mega-x.png,8
charizard-mega-y,charizard-mega-y,SPECIAL_FORM,sprites-processed/front/charizard-mega-y.png,sprites-processed/back/charizard-mega-y.png,sprites-processed/front-shiny/charizard-mega-y.png,sprites-processed/back-shiny/charizard-mega-y.png,sprites-processed/icon/charizard-mega-y.png,sprites-processed/icon-frame2/charizard-mega-y.png,8
charjabug,charjabug,STANDARD,sprites-processed/front/charjabug.png,sprites-processed/back/charjabug.png,sprites-processed/front-shiny/charjabug.png,sprites-processed/back-shiny/charjabug.png,sprites-processed/icon/charjabug.png,sprites-processed/icon-frame2/charjabug.png,8
charmander,charmander,STANDARD,sprites-processed/front/charmander.png,sprites-processed/back/charmander.png,sprites-processed/front-shiny/charmander.png,sprites-processed/back-shiny/charmander.png,sprites-processed/icon/charmander.png,sprites-processed/icon-frame2/charmander.png,8
charmeleon,charmeleon,STANDARD,sprites-processed/front/charmeleon.png,sprites-processed/back/charmeleon.png,sprites-processed/front-shiny/charmeleon.png,sprites-processed/back-shiny/charmeleon.png,sprites-processed/icon/charmeleon.png,sprites-processed/icon-frame2/charmeleon.png,8
chatot,chatot,STANDARD,sprites-processed/front/chatot.png,sprites-processed/back/chatot.png,sprites-processed/front-shiny/chatot.png,sprites-processed/back-shiny/chatot.png,sprites-processed/icon/chatot.png,sprites-processed/icon-frame2/chatot.png,8
cherrim-overcast,cherrim-overcast,STANDARD,sprites-processed/front/cherrim-overcast.png,sprites-processed/back/cherrim-overcast.png,sprites-processed/front-shiny/cherrim-overcast.png,sprites-processed/back-shiny/cherrim-overcast.png,sprites-processed/icon/cherrim-overcast.png,sprites-processed/icon-frame2/cherrim-overcast.png,8
cherrim-sunshine,cherrim-sunshine,STANDARD,sprites-processed/front/cherrim-sunshine.png,sprites-processed/back/cherrim-sunshine.png,sprites-processed/front-shiny/cherrim-sunshine.png,sprites-processed/back-shiny/cherrim-sunshine.png,sprites-processed/icon/cherrim-sunshine.png,sprites-processed/icon-frame2/cherrim-sunshine.png,8
cherubi,cherubi,STANDARD,sprites-processed/front/cherubi.png,sprites-processed/back/cherubi.png,sprites-processed/front-shiny/cherubi.png,sprites-processed/back-shiny/cherubi.png,sprites-processed/icon/cherubi.png,sprites-processed/icon-frame2/cherubi.png,8
chesnaught,chesnaught,STANDARD,sprites-processed/front/chesnaught.png,sprites-processed/back/chesnaught.png,sprites-processed/front-shiny/chesnaught.png,sprites-processed/back-shiny/chesnaught.png,sprites-processed/icon/chesnaught.png,sprites-processed/icon-frame2/chesnaught.png,8
chesnaught-mega,chesnaught-mega,SPECIAL_FORM,sprites-processed/front/chesnaught-mega.png,sprites-processed/back/chesnaught-mega.png,sprites-processed/front-shiny/chesnaught-mega.png,sprites-processed/back-shiny/chesnaught-mega.png,sprites-processed/icon/chesnaught-mega.png,sprites-processed/icon-frame2/chesnaught-mega.png,8
chespin,chespin,STANDARD,sprites-processed/front/chespin.png,sprites-processed/back/chespin.png,sprites-processed/front-shiny/chespin.png,sprites-processed/back-shiny/chespin.png,sprites-processed/icon/chespin.png,sprites-processed/icon-frame2/chespin.png,8
chewtle,chewtle,STANDARD,sprites-processed/front/chewtle.png,sprites-processed/back/chewtle.png,sprites-processed/front-shiny/chewtle.png,floating-pokemon/back-shiny__chewtle.png,sprites-processed/icon/chewtle.png,sprites-processed/icon-frame2/chewtle.png,9
chi-yu,chi-yu,STANDARD,sprites-processed/front/chi-yu.png,sprites-processed/back/chi-yu.png,sprites-processed/front-shiny/chi-yu.png,sprites-processed/back-shiny/chi-yu.png,sprites-processed/icon/chi-yu.png,sprites-processed/icon-frame2/chi-yu.png,8
chien-pao,chien-pao,STANDARD,sprites-processed/front/chien-pao.png,sprites-processed/back/chien-pao.png,sprites-processed/front-shiny/chien-pao.png,sprites-processed/back-shiny/chien-pao.png,sprites-processed/icon/chien-pao.png,sprites-processed/icon-frame2/chien-pao.png,8
chikorita,chikorita,STANDARD,sprites-processed/front/chikorita.png,sprites-processed/back/chikorita.png,sprites-processed/front-shiny/chikorita.png,sprites-processed/back-shiny/chikorita.png,sprites-processed/icon/chikorita.png,sprites-processed/icon-frame2/chikorita.png,8
chimchar,chimchar,STANDARD,sprites-processed/front/chimchar.png,sprites-processed/back/chimchar.png,sprites-processed/front-shiny/chimchar.png,sprites-processed/back-shiny/chimchar.png,sprites-processed/icon/chimchar.png,sprites-processed/icon-frame2/chimchar.png,8
chimecho,chimecho,STANDARD,sprites-processed/front/chimecho.png,sprites-processed/back/chimecho.png,sprites-processed/front-shiny/chimecho.png,sprites-processed/back-shiny/chimecho.png,sprites-processed/icon/chimecho.png,sprites-processed/icon-frame2/chimecho.png,8
chimecho-mega,chimecho-mega,SPECIAL_FORM,sprites-processed/front/chimecho-mega.png,sprites-processed/back/chimecho-mega.png,sprites-processed/front-shiny/chimecho-mega.png,sprites-processed/back-shiny/chimecho-mega.png,sprites-processed/icon/chimecho-mega.png,sprites-processed/icon-frame2/chimecho-mega.png,8
chinchou,chinchou,STANDARD,sprites-processed/front/chinchou.png,sprites-processed/back/chinchou.png,sprites-processed/front-shiny/chinchou.png,sprites-processed/back-shiny/chinchou.png,sprites-processed/icon/chinchou.png,sprites-processed/icon-frame2/chinchou.png,8
chingling,chingling,STANDARD,sprites-processed/front/chingling.png,sprites-processed/back/chingling.png,sprites-processed/front-shiny/chingling.png,sprites-processed/back-shiny/chingling.png,sprites-processed/icon/chingling.png,sprites-processed/icon-frame2/chingling.png,8
cinccino,cinccino,STANDARD,sprites-processed/front/cinccino.png,sprites-processed/back/cinccino.png,sprites-processed/front-shiny/cinccino.png,sprites-processed/back-shiny/cinccino.png,sprites-processed/icon/cinccino.png,sprites-processed/icon-frame2/cinccino.png,8
cinderace,cinderace,STANDARD,sprites-processed/front/cinderace.png,sprites-processed/back/cinderace.png,sprites-processed/front-shiny/cinderace.png,sprites-processed/back-shiny/cinderace.png,sprites-processed/icon/cinderace.png,sprites-processed/icon-frame2/cinderace.png,8
cinderace-gmax,cinderace-gmax,SPECIAL_FORM,sprites-processed/front/cinderace-gmax.png,sprites-processed/back/cinderace-gmax.png,sprites-processed/front-shiny/cinderace-gmax.png,sprites-processed/back-shiny/cinderace-gmax.png,sprites-processed/icon/cinderace-gmax.png,sprites-processed/icon-frame2/cinderace-gmax.png,8
clamperl,clamperl,STANDARD,sprites-processed/front/clamperl.png,sprites-processed/back/clamperl.png,sprites-processed/front-shiny/clamperl.png,sprites-processed/back-shiny/clamperl.png,sprites-processed/icon/clamperl.png,sprites-processed/icon-frame2/clamperl.png,8
clauncher,clauncher,STANDARD,sprites-processed/front/clauncher.png,sprites-processed/back/clauncher.png,sprites-processed/front-shiny/clauncher.png,sprites-processed/back-shiny/clauncher.png,sprites-processed/icon/clauncher.png,sprites-processed/icon-frame2/clauncher.png,8
clawitzer,clawitzer,STANDARD,sprites-processed/front/clawitzer.png,sprites-processed/back/clawitzer.png,sprites-processed/front-shiny/clawitzer.png,sprites-processed/back-shiny/clawitzer.png,sprites-processed/icon/clawitzer.png,sprites-processed/icon-frame2/clawitzer.png,8
claydol,claydol,STANDARD,sprites-processed/front/claydol.png,sprites-processed/back/claydol.png,sprites-processed/front-shiny/claydol.png,sprites-processed/back-shiny/claydol.png,sprites-processed/icon/claydol.png,sprites-processed/icon-frame2/claydol.png,8
clefable,clefable,STANDARD,sprites-processed/front/clefable.png,sprites-processed/back/clefable.png,sprites-processed/front-shiny/clefable.png,sprites-processed/back-shiny/clefable.png,sprites-processed/icon/clefable.png,sprites-processed/icon-frame2/clefable.png,8
clefable-mega,clefable-mega,SPECIAL_FORM,sprites-processed/front/clefable-mega.png,sprites-processed/back/clefable-mega.png,sprites-processed/front-shiny/clefable-mega.png,sprites-processed/back-shiny/clefable-mega.png,sprites-processed/icon/clefable-mega.png,sprites-processed/icon-frame2/clefable-mega.png,8
clefairy,clefairy,STANDARD,sprites-processed/front/clefairy.png,sprites-processed/back/clefairy.png,sprites-processed/front-shiny/clefairy.png,sprites-processed/back-shiny/clefairy.png,sprites-processed/icon/clefairy.png,sprites-processed/icon-frame2/clefairy.png,8
cleffa,cleffa,STANDARD,sprites-processed/front/cleffa.png,sprites-processed/back/cleffa.png,sprites-processed/front-shiny/cleffa.png,sprites-processed/back-shiny/cleffa.png,sprites-processed/icon/cleffa.png,sprites-processed/icon-frame2/cleffa.png,8
clobbopus,clobbopus,STANDARD,sprites-processed/front/clobbopus.png,sprites-processed/back/clobbopus.png,sprites-processed/front-shiny/clobbopus.png,sprites-processed/back-shiny/clobbopus.png,sprites-processed/icon/clobbopus.png,sprites-processed/icon-frame2/clobbopus.png,8
clodsire,clodsire,STANDARD,sprites-processed/front/clodsire.png,sprites-processed/back/clodsire.png,sprites-processed/front-shiny/clodsire.png,sprites-processed/back-shiny/clodsire.png,sprites-processed/icon/clodsire.png,sprites-processed/icon-frame2/clodsire.png,8
cloyster,cloyster,STANDARD,sprites-processed/front/cloyster.png,sprites-processed/back/cloyster.png,sprites-processed/front-shiny/cloyster.png,sprites-processed/back-shiny/cloyster.png,sprites-processed/icon/cloyster.png,sprites-processed/icon-frame2/cloyster.png,8
coalossal,coalossal,STANDARD,sprites-processed/front/coalossal.png,floating-pokemon/back__coalossal.png,sprites-processed/front-shiny/coalossal.png,floating-pokemon/back-shiny__coalossal.png,sprites-processed/icon/coalossal.png,sprites-processed/icon-frame2/coalossal.png,10
coalossal-gmax,coalossal-gmax,SPECIAL_FORM,sprites-processed/front/coalossal-gmax.png,sprites-processed/back/coalossal-gmax.png,sprites-processed/front-shiny/coalossal-gmax.png,sprites-processed/back-shiny/coalossal-gmax.png,sprites-processed/icon/coalossal-gmax.png,sprites-processed/icon-frame2/coalossal-gmax.png,8
cobalion,cobalion,STANDARD,sprites-processed/front/cobalion.png,sprites-processed/back/cobalion.png,sprites-processed/front-shiny/cobalion.png,sprites-processed/back-shiny/cobalion.png,sprites-processed/icon/cobalion.png,sprites-processed/icon-frame2/cobalion.png,8
cofagrigus,cofagrigus,STANDARD,sprites-processed/front/cofagrigus.png,sprites-processed/back/cofagrigus.png,sprites-processed/front-shiny/cofagrigus.png,sprites-processed/back-shiny/cofagrigus.png,sprites-processed/icon/cofagrigus.png,sprites-processed/icon-frame2/cofagrigus.png,8
combee,combee,STANDARD,sprites-processed/front/combee.png,sprites-processed/back/combee.png,sprites-processed/front-shiny/combee.png,sprites-processed/back-shiny/combee.png,sprites-processed/icon/combee.png,sprites-processed/icon-frame2/combee.png,12
combusken,combusken,STANDARD,sprites-processed/front/combusken.png,sprites-processed/back/combusken.png,sprites-processed/front-shiny/combusken.png,sprites-processed/back-shiny/combusken.png,sprites-processed/icon/combusken.png,sprites-processed/icon-frame2/combusken.png,10
comfey,comfey,STANDARD,sprites-processed/front/comfey.png,sprites-processed/back/comfey.png,sprites-processed/front-shiny/comfey.png,sprites-processed/back-shiny/comfey.png,sprites-processed/icon/comfey.png,sprites-processed/icon-frame2/comfey.png,8
conkeldurr,conkeldurr,STANDARD,sprites-processed/front/conkeldurr.png,sprites-processed/back/conkeldurr.png,sprites-processed/front-shiny/conkeldurr.png,sprites-processed/back-shiny/conkeldurr.png,sprites-processed/icon/conkeldurr.png,sprites-processed/icon-frame2/conkeldurr.png,8
copperajah,copperajah,STANDARD,sprites-processed/front/copperajah.png,sprites-processed/back/copperajah.png,sprites-processed/front-shiny/copperajah.png,sprites-processed/back-shiny/copperajah.png,sprites-processed/icon/copperajah.png,sprites-processed/icon-frame2/copperajah.png,8
copperajah-gmax,copperajah-gmax,SPECIAL_FORM,sprites-processed/front/copperajah-gmax.png,sprites-processed/back/copperajah-gmax.png,sprites-processed/front-shiny/copperajah-gmax.png,sprites-processed/back-shiny/copperajah-gmax.png,sprites-processed/icon/copperajah-gmax.png,sprites-processed/icon-frame2/copperajah-gmax.png,8
corphish,corphish,STANDARD,sprites-processed/front/corphish.png,sprites-processed/back/corphish.png,sprites-processed/front-shiny/corphish.png,sprites-processed/back-shiny/corphish.png,sprites-processed/icon/corphish.png,sprites-processed/icon-frame2/corphish.png,8
corsola,corsola,STANDARD,sprites-processed/front/corsola.png,sprites-processed/back/corsola.png,sprites-processed/front-shiny/corsola.png,sprites-processed/back-shiny/corsola.png,sprites-processed/icon/corsola.png,sprites-processed/icon-frame2/corsola.png,8
corsola-galar,corsola-galar,SPECIAL_FORM,sprites-processed/front/corsola-galar.png,sprites-processed/back/corsola-galar.png,sprites-processed/front-shiny/corsola-galar.png,sprites-processed/back-shiny/corsola-galar.png,sprites-processed/icon/corsola-galar.png,sprites-processed/icon-frame2/corsola-galar.png,8
corviknight,corviknight,STANDARD,sprites-processed/front/corviknight.png,sprites-processed/back/corviknight.png,sprites-processed/front-shiny/corviknight.png,sprites-processed/back-shiny/corviknight.png,sprites-processed/icon/corviknight.png,sprites-processed/icon-frame2/corviknight.png,8
corviknight-gmax,corviknight-gmax,SPECIAL_FORM,sprites-processed/front/corviknight-gmax.png,sprites-processed/back/corviknight-gmax.png,sprites-processed/front-shiny/corviknight-gmax.png,sprites-processed/back-shiny/corviknight-gmax.png,sprites-processed/icon/corviknight-gmax.png,sprites-processed/icon-frame2/corviknight-gmax.png,8
corvisquire,corvisquire,STANDARD,sprites-processed/front/corvisquire.png,sprites-processed/back/corvisquire.png,sprites-processed/front-shiny/corvisquire.png,sprites-processed/back-shiny/corvisquire.png,sprites-processed/icon/corvisquire.png,sprites-processed/icon-frame2/corvisquire.png,8
cosmoem,cosmoem,STANDARD,sprites-processed/front/cosmoem.png,sprites-processed/back/cosmoem.png,sprites-processed/front-shiny/cosmoem.png,sprites-processed/back-shiny/cosmoem.png,sprites-processed/icon/cosmoem.png,sprites-processed/icon-frame2/cosmoem.png,8
cosmog,cosmog,STANDARD,sprites-processed/front/cosmog.png,sprites-processed/back/cosmog.png,sprites-processed/front-shiny/cosmog.png,sprites-processed/back-shiny/cosmog.png,sprites-processed/icon/cosmog.png,sprites-processed/icon-frame2/cosmog.png,8
cottonee,cottonee,STANDARD,sprites-processed/front/cottonee.png,sprites-processed/back/cottonee.png,sprites-processed/front-shiny/cottonee.png,sprites-processed/back-shiny/cottonee.png,sprites-processed/icon/cottonee.png,sprites-processed/icon-frame2/cottonee.png,8
crabominable,crabominable,STANDARD,sprites-processed/front/crabominable.png,sprites-processed/back/crabominable.png,sprites-processed/front-shiny/crabominable.png,sprites-processed/back-shiny/crabominable.png,sprites-processed/icon/crabominable.png,sprites-processed/icon-frame2/crabominable.png,8
crabrawler,crabrawler,STANDARD,sprites-processed/front/crabrawler.png,sprites-processed/back/crabrawler.png,sprites-processed/front-shiny/crabrawler.png,sprites-processed/back-shiny/crabrawler.png,sprites-processed/icon/crabrawler.png,sprites-processed/icon-frame2/crabrawler.png,8
cradily,cradily,STANDARD,sprites-processed/front/cradily.png,sprites-processed/back/cradily.png,sprites-processed/front-shiny/cradily.png,sprites-processed/back-shiny/cradily.png,sprites-processed/icon/cradily.png,sprites-processed/icon-frame2/cradily.png,8
cramorant,cramorant,STANDARD,sprites-processed/front/cramorant.png,sprites-processed/back/cramorant.png,sprites-processed/front-shiny/cramorant.png,sprites-processed/back-shiny/cramorant.png,sprites-processed/icon/cramorant.png,sprites-processed/icon-frame2/cramorant.png,8
cramorant-gorging,cramorant-gorging,STANDARD,sprites-processed/front/cramorant-gorging.png,sprites-processed/back/cramorant-gorging.png,sprites-processed/front-shiny/cramorant-gorging.png,sprites-processed/back-shiny/cramorant-gorging.png,sprites-processed/icon/cramorant-gorging.png,sprites-processed/icon-frame2/cramorant-gorging.png,8
cramorant-gulping,cramorant-gulping,STANDARD,sprites-processed/front/cramorant-gulping.png,sprites-processed/back/cramorant-gulping.png,sprites-processed/front-shiny/cramorant-gulping.png,sprites-processed/back-shiny/cramorant-gulping.png,sprites-processed/icon/cramorant-gulping.png,sprites-processed/icon-frame2/cramorant-gulping.png,8
cranidos,cranidos,STANDARD,sprites-processed/front/cranidos.png,sprites-processed/back/cranidos.png,sprites-processed/front-shiny/cranidos.png,sprites-processed/back-shiny/cranidos.png,sprites-processed/icon/cranidos.png,sprites-processed/icon-frame2/cranidos.png,8
crawdaunt,crawdaunt,STANDARD,sprites-processed/front/crawdaunt.png,sprites-processed/back/crawdaunt.png,sprites-processed/front-shiny/crawdaunt.png,sprites-processed/back-shiny/crawdaunt.png,sprites-processed/icon/crawdaunt.png,sprites-processed/icon-frame2/crawdaunt.png,8
cresselia,cresselia,STANDARD,sprites-processed/front/cresselia.png,sprites-processed/back/cresselia.png,sprites-processed/front-shiny/cresselia.png,sprites-processed/back-shiny/cresselia.png,sprites-processed/icon/cresselia.png,sprites-processed/icon-frame2/cresselia.png,8
croagunk,croagunk,STANDARD,sprites-processed/front/croagunk.png,sprites-processed/back/croagunk.png,sprites-processed/front-shiny/croagunk.png,sprites-processed/back-shiny/croagunk.png,sprites-processed/icon/croagunk.png,sprites-processed/icon-frame2/croagunk.png,10
crobat,crobat,STANDARD,sprites-processed/front/crobat.png,sprites-processed/back/crobat.png,sprites-processed/front-shiny/crobat.png,sprites-processed/back-shiny/crobat.png,sprites-processed/icon/crobat.png,sprites-processed/icon-frame2/crobat.png,8
crocalor,crocalor,STANDARD,sprites-processed/front/crocalor.png,sprites-processed/back/crocalor.png,sprites-processed/front-shiny/crocalor.png,sprites-processed/back-shiny/crocalor.png,sprites-processed/icon/crocalor.png,sprites-processed/icon-frame2/crocalor.png,8
croconaw,croconaw,STANDARD,sprites-processed/front/croconaw.png,sprites-processed/back/croconaw.png,sprites-processed/front-shiny/croconaw.png,sprites-processed/back-shiny/croconaw.png,sprites-processed/icon/croconaw.png,sprites-processed/icon-frame2/croconaw.png,8
crustle,crustle,STANDARD,sprites-processed/front/crustle.png,sprites-processed/back/crustle.png,sprites-processed/front-shiny/crustle.png,sprites-processed/back-shiny/crustle.png,sprites-processed/icon/crustle.png,sprites-processed/icon-frame2/crustle.png,8
cryogonal,cryogonal,STANDARD,sprites-processed/front/cryogonal.png,sprites-processed/back/cryogonal.png,sprites-processed/front-shiny/cryogonal.png,sprites-processed/back-shiny/cryogonal.png,sprites-processed/icon/cryogonal.png,sprites-processed/icon-frame2/cryogonal.png,8
cubchoo,cubchoo,STANDARD,sprites-processed/front/cubchoo.png,sprites-processed/back/cubchoo.png,sprites-processed/front-shiny/cubchoo.png,sprites-processed/back-shiny/cubchoo.png,sprites-processed/icon/cubchoo.png,sprites-processed/icon-frame2/cubchoo.png,8
cubone,cubone,STANDARD,sprites-processed/front/cubone.png,sprites-processed/back/cubone.png,sprites-processed/front-shiny/cubone.png,sprites-processed/back-shiny/cubone.png,sprites-processed/icon/cubone.png,sprites-processed/icon-frame2/cubone.png,8
cufant,cufant,STANDARD,sprites-processed/front/cufant.png,sprites-processed/back/cufant.png,sprites-processed/front-shiny/cufant.png,sprites-processed/back-shiny/cufant.png,sprites-processed/icon/cufant.png,sprites-processed/icon-frame2/cufant.png,8
cursola,cursola,STANDARD,sprites-processed/front/cursola.png,sprites-processed/back/cursola.png,sprites-processed/front-shiny/cursola.png,sprites-processed/back-shiny/cursola.png,sprites-processed/icon/cursola.png,sprites-processed/icon-frame2/cursola.png,8
cutiefly,cutiefly,STANDARD,sprites-processed/front/cutiefly.png,sprites-processed/back/cutiefly.png,sprites-processed/front-shiny/cutiefly.png,sprites-processed/back-shiny/cutiefly.png,sprites-processed/icon/cutiefly.png,sprites-processed/icon-frame2/cutiefly.png,8
cyclizar,cyclizar,STANDARD,sprites-processed/front/cyclizar.png,sprites-processed/back/cyclizar.png,sprites-processed/front-shiny/cyclizar.png,sprites-processed/back-shiny/cyclizar.png,sprites-processed/icon/cyclizar.png,sprites-processed/icon-frame2/cyclizar.png,8
cyndaquil,cyndaquil,STANDARD,sprites-processed/front/cyndaquil.png,sprites-processed/back/cyndaquil.png,sprites-processed/front-shiny/cyndaquil.png,sprites-processed/back-shiny/cyndaquil.png,sprites-processed/icon/cyndaquil.png,sprites-processed/icon-frame2/cyndaquil.png,8
dachsbun,dachsbun,STANDARD,sprites-processed/front/dachsbun.png,sprites-processed/back/dachsbun.png,sprites-processed/front-shiny/dachsbun.png,sprites-processed/back-shiny/dachsbun.png,sprites-processed/icon/dachsbun.png,sprites-processed/icon-frame2/dachsbun.png,8
darkrai,darkrai,STANDARD,sprites-processed/front/darkrai.png,sprites-processed/back/darkrai.png,sprites-processed/front-shiny/darkrai.png,sprites-processed/back-shiny/darkrai.png,sprites-processed/icon/darkrai.png,sprites-processed/icon-frame2/darkrai.png,8
darkrai-mega,darkrai-mega,SPECIAL_FORM,sprites-processed/front/darkrai-mega.png,sprites-processed/back/darkrai-mega.png,sprites-processed/front-shiny/darkrai-mega.png,sprites-processed/back-shiny/darkrai-mega.png,sprites-processed/icon/darkrai-mega.png,sprites-processed/icon-frame2/darkrai-mega.png,8
darmanitan-galar-standard,darmanitan-galar-standard,SPECIAL_FORM,sprites-processed/front/darmanitan-galar-standard.png,sprites-processed/back/darmanitan-galar-standard.png,sprites-processed/front-shiny/darmanitan-galar-standard.png,sprites-processed/back-shiny/darmanitan-galar-standard.png,sprites-processed/icon/darmanitan-galar-standard.png,sprites-processed/icon-frame2/darmanitan-galar-standard.png,8
darmanitan-galar-zen,darmanitan-galar-zen,SPECIAL_FORM,sprites-processed/front/darmanitan-galar-zen.png,sprites-processed/back/darmanitan-galar-zen.png,sprites-processed/front-shiny/darmanitan-galar-zen.png,sprites-processed/back-shiny/darmanitan-galar-zen.png,sprites-processed/icon/darmanitan-galar-zen.png,sprites-processed/icon-frame2/darmanitan-galar-zen.png,8
darmanitan-standard,darmanitan-standard,STANDARD,sprites-processed/front/darmanitan-standard.png,sprites-processed/back/darmanitan-standard.png,sprites-processed/front-shiny/darmanitan-standard.png,sprites-processed/back-shiny/darmanitan-standard.png,sprites-processed/icon/darmanitan-standard.png,sprites-processed/icon-frame2/darmanitan-standard.png,8
darmanitan-zen,darmanitan-zen,STANDARD,sprites-processed/front/darmanitan-zen.png,sprites-processed/back/darmanitan-zen.png,sprites-processed/front-shiny/darmanitan-zen.png,sprites-processed/back-shiny/darmanitan-zen.png,sprites-processed/icon/darmanitan-zen.png,sprites-processed/icon-frame2/darmanitan-zen.png,8
dartrix,dartrix,STANDARD,sprites-processed/front/dartrix.png,sprites-processed/back/dartrix.png,sprites-processed/front-shiny/dartrix.png,sprites-processed/back-shiny/dartrix.png,sprites-processed/icon/dartrix.png,sprites-processed/icon-frame2/dartrix.png,8
darumaka,darumaka,STANDARD,sprites-processed/front/darumaka.png,sprites-processed/back/darumaka.png,sprites-processed/front-shiny/darumaka.png,sprites-processed/back-shiny/darumaka.png,sprites-processed/icon/darumaka.png,sprites-processed/icon-frame2/darumaka.png,8
darumaka-galar,darumaka-galar,SPECIAL_FORM,sprites-processed/front/darumaka-galar.png,sprites-processed/back/darumaka-galar.png,sprites-processed/front-shiny/darumaka-galar.png,sprites-processed/back-shiny/darumaka-galar.png,sprites-processed/icon/darumaka-galar.png,sprites-processed/icon-frame2/darumaka-galar.png,8
decidueye,decidueye,STANDARD,sprites-processed/front/decidueye.png,sprites-processed/back/decidueye.png,sprites-processed/front-shiny/decidueye.png,sprites-processed/back-shiny/decidueye.png,sprites-processed/icon/decidueye.png,sprites-processed/icon-frame2/decidueye.png,8
decidueye-hisui,decidueye-hisui,SPECIAL_FORM,sprites-processed/front/decidueye-hisui.png,sprites-processed/back/decidueye-hisui.png,sprites-processed/front-shiny/decidueye-hisui.png,sprites-processed/back-shiny/decidueye-hisui.png,sprites-processed/icon/decidueye-hisui.png,sprites-processed/icon-frame2/decidueye-hisui.png,8
dedenne,dedenne,STANDARD,sprites-processed/front/dedenne.png,sprites-processed/back/dedenne.png,sprites-processed/front-shiny/dedenne.png,sprites-processed/back-shiny/dedenne.png,sprites-processed/icon/dedenne.png,sprites-processed/icon-frame2/dedenne.png,8
deerling-autumn,deerling-autumn,STANDARD,sprites-processed/front/deerling-autumn.png,sprites-processed/back/deerling-autumn.png,sprites-processed/front-shiny/deerling-autumn.png,sprites-processed/back-shiny/deerling-autumn.png,sprites-processed/icon/deerling-autumn.png,sprites-processed/icon-frame2/deerling-autumn.png,8
deerling-spring,deerling-spring,STANDARD,sprites-processed/front/deerling-spring.png,sprites-processed/back/deerling-spring.png,sprites-processed/front-shiny/deerling-spring.png,sprites-processed/back-shiny/deerling-spring.png,sprites-processed/icon/deerling-spring.png,sprites-processed/icon-frame2/deerling-spring.png,8
deerling-summer,deerling-summer,STANDARD,sprites-processed/front/deerling-summer.png,sprites-processed/back/deerling-summer.png,sprites-processed/front-shiny/deerling-summer.png,sprites-processed/back-shiny/deerling-summer.png,sprites-processed/icon/deerling-summer.png,sprites-processed/icon-frame2/deerling-summer.png,8
deerling-winter,deerling-winter,STANDARD,sprites-processed/front/deerling-winter.png,sprites-processed/back/deerling-winter.png,sprites-processed/front-shiny/deerling-winter.png,sprites-processed/back-shiny/deerling-winter.png,sprites-processed/icon/deerling-winter.png,sprites-processed/icon-frame2/deerling-winter.png,8
deino,deino,STANDARD,sprites-processed/front/deino.png,sprites-processed/back/deino.png,sprites-processed/front-shiny/deino.png,sprites-processed/back-shiny/deino.png,sprites-processed/icon/deino.png,sprites-processed/icon-frame2/deino.png,8
delcatty,delcatty,STANDARD,sprites-processed/front/delcatty.png,sprites-processed/back/delcatty.png,sprites-processed/front-shiny/delcatty.png,sprites-processed/back-shiny/delcatty.png,sprites-processed/icon/delcatty.png,sprites-processed/icon-frame2/delcatty.png,8
delibird,delibird,STANDARD,sprites-processed/front/delibird.png,sprites-processed/back/delibird.png,sprites-processed/front-shiny/delibird.png,sprites-processed/back-shiny/delibird.png,sprites-processed/icon/delibird.png,sprites-processed/icon-frame2/delibird.png,8
delphox,delphox,STANDARD,sprites-processed/front/delphox.png,sprites-processed/back/delphox.png,sprites-processed/front-shiny/delphox.png,sprites-processed/back-shiny/delphox.png,sprites-processed/icon/delphox.png,sprites-processed/icon-frame2/delphox.png,8
delphox-mega,delphox-mega,SPECIAL_FORM,sprites-processed/front/delphox-mega.png,sprites-processed/back/delphox-mega.png,sprites-processed/front-shiny/delphox-mega.png,sprites-processed/back-shiny/delphox-mega.png,sprites-processed/icon/delphox-mega.png,sprites-processed/icon-frame2/delphox-mega.png,8
deoxys-attack,deoxys-attack,STANDARD,sprites-processed/front/deoxys-attack.png,sprites-processed/back/deoxys-attack.png,sprites-processed/front-shiny/deoxys-attack.png,sprites-processed/back-shiny/deoxys-attack.png,sprites-processed/icon/deoxys-attack.png,sprites-processed/icon-frame2/deoxys-attack.png,8
deoxys-defense,deoxys-defense,STANDARD,sprites-processed/front/deoxys-defense.png,sprites-processed/back/deoxys-defense.png,sprites-processed/front-shiny/deoxys-defense.png,sprites-processed/back-shiny/deoxys-defense.png,sprites-processed/icon/deoxys-defense.png,sprites-processed/icon-frame2/deoxys-defense.png,8
deoxys-normal,deoxys-normal,STANDARD,sprites-processed/front/deoxys-normal.png,sprites-processed/back/deoxys-normal.png,sprites-processed/front-shiny/deoxys-normal.png,sprites-processed/back-shiny/deoxys-normal.png,sprites-processed/icon/deoxys-normal.png,sprites-processed/icon-frame2/deoxys-normal.png,8
deoxys-speed,deoxys-speed,STANDARD,sprites-processed/front/deoxys-speed.png,sprites-processed/back/deoxys-speed.png,sprites-processed/front-shiny/deoxys-speed.png,sprites-processed/back-shiny/deoxys-speed.png,sprites-processed/icon/deoxys-speed.png,sprites-processed/icon-frame2/deoxys-speed.png,8
dewgong,dewgong,STANDARD,sprites-processed/front/dewgong.png,sprites-processed/back/dewgong.png,sprites-processed/front-shiny/dewgong.png,sprites-processed/back-shiny/dewgong.png,sprites-processed/icon/dewgong.png,sprites-processed/icon-frame2/dewgong.png,8
dewott,dewott,STANDARD,sprites-processed/front/dewott.png,sprites-processed/back/dewott.png,sprites-processed/front-shiny/dewott.png,sprites-processed/back-shiny/dewott.png,sprites-processed/icon/dewott.png,sprites-processed/icon-frame2/dewott.png,8
dewpider,dewpider,STANDARD,sprites-processed/front/dewpider.png,sprites-processed/back/dewpider.png,sprites-processed/front-shiny/dewpider.png,sprites-processed/back-shiny/dewpider.png,sprites-processed/icon/dewpider.png,sprites-processed/icon-frame2/dewpider.png,8
dhelmise,dhelmise,STANDARD,sprites-processed/front/dhelmise.png,sprites-processed/back/dhelmise.png,sprites-processed/front-shiny/dhelmise.png,sprites-processed/back-shiny/dhelmise.png,sprites-processed/icon/dhelmise.png,sprites-processed/icon-frame2/dhelmise.png,8
dialga,dialga,STANDARD,sprites-processed/front/dialga.png,sprites-processed/back/dialga.png,sprites-processed/front-shiny/dialga.png,sprites-processed/back-shiny/dialga.png,sprites-processed/icon/dialga.png,sprites-processed/icon-frame2/dialga.png,8
dialga-origin,dialga-origin,SPECIAL_FORM,sprites-processed/front/dialga-origin.png,sprites-processed/back/dialga-origin.png,sprites-processed/front-shiny/dialga-origin.png,sprites-processed/back-shiny/dialga-origin.png,sprites-processed/icon/dialga-origin.png,sprites-processed/icon-frame2/dialga-origin.png,8
diancie,diancie,STANDARD,sprites-processed/front/diancie.png,sprites-processed/back/diancie.png,sprites-processed/front-shiny/diancie.png,sprites-processed/back-shiny/diancie.png,sprites-processed/icon/diancie.png,sprites-processed/icon-frame2/diancie.png,8
diancie-mega,diancie-mega,SPECIAL_FORM,sprites-processed/front/diancie-mega.png,sprites-processed/back/diancie-mega.png,sprites-processed/front-shiny/diancie-mega.png,sprites-processed/back-shiny/diancie-mega.png,sprites-processed/icon/diancie-mega.png,sprites-processed/icon-frame2/diancie-mega.png,8
diggersby,diggersby,STANDARD,sprites-processed/front/diggersby.png,sprites-processed/back/diggersby.png,sprites-processed/front-shiny/diggersby.png,sprites-processed/back-shiny/diggersby.png,sprites-processed/icon/diggersby.png,sprites-processed/icon-frame2/diggersby.png,8
diglett,diglett,STANDARD,sprites-processed/front/diglett.png,sprites-processed/back/diglett.png,sprites-processed/front-shiny/diglett.png,sprites-processed/back-shiny/diglett.png,sprites-processed/icon/diglett.png,sprites-processed/icon-frame2/diglett.png,8
diglett-alola,diglett-alola,SPECIAL_FORM,sprites-processed/front/diglett-alola.png,sprites-processed/back/diglett-alola.png,sprites-processed/front-shiny/diglett-alola.png,sprites-processed/back-shiny/diglett-alola.png,sprites-processed/icon/diglett-alola.png,sprites-processed/icon-frame2/diglett-alola.png,8
dipplin,dipplin,STANDARD,sprites-processed/front/dipplin.png,sprites-processed/back/dipplin.png,sprites-processed/front-shiny/dipplin.png,sprites-processed/back-shiny/dipplin.png,sprites-processed/icon/dipplin.png,sprites-processed/icon-frame2/dipplin.png,8
ditto,ditto,STANDARD,sprites-processed/front/ditto.png,sprites-processed/back/ditto.png,sprites-processed/front-shiny/ditto.png,sprites-processed/back-shiny/ditto.png,sprites-processed/icon/ditto.png,sprites-processed/icon-frame2/ditto.png,8
dodrio,dodrio,STANDARD,sprites-processed/front/dodrio.png,sprites-processed/back/dodrio.png,sprites-processed/front-shiny/dodrio.png,sprites-processed/back-shiny/dodrio.png,sprites-processed/icon/dodrio.png,sprites-processed/icon-frame2/dodrio.png,10
doduo,doduo,STANDARD,sprites-processed/front/doduo.png,sprites-processed/back/doduo.png,sprites-processed/front-shiny/doduo.png,sprites-processed/back-shiny/doduo.png,sprites-processed/icon/doduo.png,sprites-processed/icon-frame2/doduo.png,10
dolliv,dolliv,STANDARD,sprites-processed/front/dolliv.png,sprites-processed/back/dolliv.png,sprites-processed/front-shiny/dolliv.png,sprites-processed/back-shiny/dolliv.png,sprites-processed/icon/dolliv.png,sprites-processed/icon-frame2/dolliv.png,8
dondozo,dondozo,STANDARD,sprites-processed/front/dondozo.png,sprites-processed/back/dondozo.png,sprites-processed/front-shiny/dondozo.png,sprites-processed/back-shiny/dondozo.png,sprites-processed/icon/dondozo.png,sprites-processed/icon-frame2/dondozo.png,8
donphan,donphan,STANDARD,sprites-processed/front/donphan.png,sprites-processed/back/donphan.png,sprites-processed/front-shiny/donphan.png,sprites-processed/back-shiny/donphan.png,sprites-processed/icon/donphan.png,sprites-processed/icon-frame2/donphan.png,10
dottler,dottler,STANDARD,sprites-processed/front/dottler.png,sprites-processed/back/dottler.png,sprites-processed/front-shiny/dottler.png,sprites-processed/back-shiny/dottler.png,sprites-processed/icon/dottler.png,sprites-processed/icon-frame2/dottler.png,8
doublade,doublade,STANDARD,sprites-processed/front/doublade.png,sprites-processed/back/doublade.png,sprites-processed/front-shiny/doublade.png,sprites-processed/back-shiny/doublade.png,sprites-processed/icon/doublade.png,sprites-processed/icon-frame2/doublade.png,8
dracovish,dracovish,STANDARD,sprites-processed/front/dracovish.png,sprites-processed/back/dracovish.png,sprites-processed/front-shiny/dracovish.png,sprites-processed/back-shiny/dracovish.png,sprites-processed/icon/dracovish.png,sprites-processed/icon-frame2/dracovish.png,8
dracozolt,dracozolt,STANDARD,sprites-processed/front/dracozolt.png,sprites-processed/back/dracozolt.png,sprites-processed/front-shiny/dracozolt.png,sprites-processed/back-shiny/dracozolt.png,sprites-processed/icon/dracozolt.png,sprites-processed/icon-frame2/dracozolt.png,8
dragalge,dragalge,STANDARD,sprites-processed/front/dragalge.png,sprites-processed/back/dragalge.png,sprites-processed/front-shiny/dragalge.png,sprites-processed/back-shiny/dragalge.png,sprites-processed/icon/dragalge.png,sprites-processed/icon-frame2/dragalge.png,8
dragalge-mega,dragalge-mega,SPECIAL_FORM,sprites-processed/front/dragalge-mega.png,sprites-processed/back/dragalge-mega.png,sprites-processed/front-shiny/dragalge-mega.png,sprites-processed/back-shiny/dragalge-mega.png,sprites-processed/icon/dragalge-mega.png,sprites-processed/icon-frame2/dragalge-mega.png,8
dragapult,dragapult,STANDARD,sprites-processed/front/dragapult.png,sprites-processed/back/dragapult.png,sprites-processed/front-shiny/dragapult.png,sprites-processed/back-shiny/dragapult.png,sprites-processed/icon/dragapult.png,sprites-processed/icon-frame2/dragapult.png,8
dragonair,dragonair,STANDARD,sprites-processed/front/dragonair.png,sprites-processed/back/dragonair.png,sprites-processed/front-shiny/dragonair.png,sprites-processed/back-shiny/dragonair.png,sprites-processed/icon/dragonair.png,sprites-processed/icon-frame2/dragonair.png,8
dragonite,dragonite,STANDARD,sprites-processed/front/dragonite.png,sprites-processed/back/dragonite.png,sprites-processed/front-shiny/dragonite.png,sprites-processed/back-shiny/dragonite.png,sprites-processed/icon/dragonite.png,sprites-processed/icon-frame2/dragonite.png,8
dragonite-mega,dragonite-mega,SPECIAL_FORM,sprites-processed/front/dragonite-mega.png,sprites-processed/back/dragonite-mega.png,sprites-processed/front-shiny/dragonite-mega.png,sprites-processed/back-shiny/dragonite-mega.png,sprites-processed/icon/dragonite-mega.png,sprites-processed/icon-frame2/dragonite-mega.png,8
drakloak,drakloak,STANDARD,sprites-processed/front/drakloak.png,sprites-processed/back/drakloak.png,sprites-processed/front-shiny/drakloak.png,sprites-processed/back-shiny/drakloak.png,sprites-processed/icon/drakloak.png,sprites-processed/icon-frame2/drakloak.png,8
drampa,drampa,STANDARD,sprites-processed/front/drampa.png,sprites-processed/back/drampa.png,sprites-processed/front-shiny/drampa.png,sprites-processed/back-shiny/drampa.png,sprites-processed/icon/drampa.png,sprites-processed/icon-frame2/drampa.png,8
drampa-mega,drampa-mega,SPECIAL_FORM,sprites-processed/front/drampa-mega.png,sprites-processed/back/drampa-mega.png,sprites-processed/front-shiny/drampa-mega.png,sprites-processed/back-shiny/drampa-mega.png,sprites-processed/icon/drampa-mega.png,sprites-processed/icon-frame2/drampa-mega.png,8
drapion,drapion,STANDARD,sprites-processed/front/drapion.png,sprites-processed/back/drapion.png,sprites-processed/front-shiny/drapion.png,sprites-processed/back-shiny/drapion.png,sprites-processed/icon/drapion.png,sprites-processed/icon-frame2/drapion.png,8
dratini,dratini,STANDARD,sprites-processed/front/dratini.png,sprites-processed/back/dratini.png,sprites-processed/front-shiny/dratini.png,sprites-processed/back-shiny/dratini.png,sprites-processed/icon/dratini.png,sprites-processed/icon-frame2/dratini.png,8
drednaw,drednaw,STANDARD,sprites-processed/front/drednaw.png,sprites-processed/back/drednaw.png,sprites-processed/front-shiny/drednaw.png,sprites-processed/back-shiny/drednaw.png,sprites-processed/icon/drednaw.png,sprites-processed/icon-frame2/drednaw.png,8
drednaw-gmax,drednaw-gmax,SPECIAL_FORM,sprites-processed/front/drednaw-gmax.png,sprites-processed/back/drednaw-gmax.png,sprites-processed/front-shiny/drednaw-gmax.png,sprites-processed/back-shiny/drednaw-gmax.png,sprites-processed/icon/drednaw-gmax.png,sprites-processed/icon-frame2/drednaw-gmax.png,8
dreepy,dreepy,STANDARD,sprites-processed/front/dreepy.png,sprites-processed/back/dreepy.png,sprites-processed/front-shiny/dreepy.png,sprites-processed/back-shiny/dreepy.png,sprites-processed/icon/dreepy.png,sprites-processed/icon-frame2/dreepy.png,8
drifblim,drifblim,STANDARD,sprites-processed/front/drifblim.png,sprites-processed/back/drifblim.png,sprites-processed/front-shiny/drifblim.png,sprites-processed/back-shiny/drifblim.png,sprites-processed/icon/drifblim.png,sprites-processed/icon-frame2/drifblim.png,8
drifloon,drifloon,STANDARD,sprites-processed/front/drifloon.png,sprites-processed/back/drifloon.png,sprites-processed/front-shiny/drifloon.png,sprites-processed/back-shiny/drifloon.png,sprites-processed/icon/drifloon.png,sprites-processed/icon-frame2/drifloon.png,8
drilbur,drilbur,STANDARD,sprites-processed/front/drilbur.png,sprites-processed/back/drilbur.png,sprites-processed/front-shiny/drilbur.png,sprites-processed/back-shiny/drilbur.png,sprites-processed/icon/drilbur.png,sprites-processed/icon-frame2/drilbur.png,8
drizzile,drizzile,STANDARD,sprites-processed/front/drizzile.png,sprites-processed/back/drizzile.png,sprites-processed/front-shiny/drizzile.png,sprites-processed/back-shiny/drizzile.png,sprites-processed/icon/drizzile.png,sprites-processed/icon-frame2/drizzile.png,8
drowzee,drowzee,STANDARD,sprites-processed/front/drowzee.png,sprites-processed/back/drowzee.png,sprites-processed/front-shiny/drowzee.png,sprites-processed/back-shiny/drowzee.png,sprites-processed/icon/drowzee.png,sprites-processed/icon-frame2/drowzee.png,8
druddigon,druddigon,STANDARD,sprites-processed/front/druddigon.png,sprites-processed/back/druddigon.png,sprites-processed/front-shiny/druddigon.png,sprites-processed/back-shiny/druddigon.png,sprites-processed/icon/druddigon.png,sprites-processed/icon-frame2/druddigon.png,8
dubwool,dubwool,STANDARD,sprites-processed/front/dubwool.png,sprites-processed/back/dubwool.png,sprites-processed/front-shiny/dubwool.png,floating-pokemon/back-shiny__dubwool.png,sprites-processed/icon/dubwool.png,sprites-processed/icon-frame2/dubwool.png,9
ducklett,ducklett,STANDARD,sprites-processed/front/ducklett.png,sprites-processed/back/ducklett.png,sprites-processed/front-shiny/ducklett.png,sprites-processed/back-shiny/ducklett.png,sprites-processed/icon/ducklett.png,sprites-processed/icon-frame2/ducklett.png,8
dudunsparce-three-segment,dudunsparce-three-segment,STANDARD,sprites-processed/front/dudunsparce-three-segment.png,sprites-processed/back/dudunsparce-three-segment.png,sprites-processed/front-shiny/dudunsparce-three-segment.png,sprites-processed/back-shiny/dudunsparce-three-segment.png,sprites-processed/icon/dudunsparce-three-segment.png,sprites-processed/icon-frame2/dudunsparce-three-segment.png,8
dudunsparce-two-segment,dudunsparce-two-segment,STANDARD,sprites-processed/front/dudunsparce-two-segment.png,sprites-processed/back/dudunsparce-two-segment.png,sprites-processed/front-shiny/dudunsparce-two-segment.png,sprites-processed/back-shiny/dudunsparce-two-segment.png,sprites-processed/icon/dudunsparce-two-segment.png,sprites-processed/icon-frame2/dudunsparce-two-segment.png,8
dugtrio,dugtrio,STANDARD,sprites-processed/front/dugtrio.png,sprites-processed/back/dugtrio.png,sprites-processed/front-shiny/dugtrio.png,sprites-processed/back-shiny/dugtrio.png,sprites-processed/icon/dugtrio.png,sprites-processed/icon-frame2/dugtrio.png,8
dugtrio-alola,dugtrio-alola,SPECIAL_FORM,sprites-processed/front/dugtrio-alola.png,sprites-processed/back/dugtrio-alola.png,sprites-processed/front-shiny/dugtrio-alola.png,sprites-processed/back-shiny/dugtrio-alola.png,sprites-processed/icon/dugtrio-alola.png,sprites-processed/icon-frame2/dugtrio-alola.png,8
dunsparce,dunsparce,STANDARD,sprites-processed/front/dunsparce.png,sprites-processed/back/dunsparce.png,sprites-processed/front-shiny/dunsparce.png,sprites-processed/back-shiny/dunsparce.png,sprites-processed/icon/dunsparce.png,sprites-processed/icon-frame2/dunsparce.png,8
duosion,duosion,STANDARD,sprites-processed/front/duosion.png,sprites-processed/back/duosion.png,sprites-processed/front-shiny/duosion.png,sprites-processed/back-shiny/duosion.png,sprites-processed/icon/duosion.png,sprites-processed/icon-frame2/duosion.png,8
duraludon,duraludon,STANDARD,sprites-processed/front/duraludon.png,sprites-processed/back/duraludon.png,sprites-processed/front-shiny/duraludon.png,sprites-processed/back-shiny/duraludon.png,sprites-processed/icon/duraludon.png,sprites-processed/icon-frame2/duraludon.png,8
duraludon-gmax,duraludon-gmax,SPECIAL_FORM,sprites-processed/front/duraludon-gmax.png,sprites-processed/back/duraludon-gmax.png,sprites-processed/front-shiny/duraludon-gmax.png,sprites-processed/back-shiny/duraludon-gmax.png,sprites-processed/icon/duraludon-gmax.png,sprites-processed/icon-frame2/duraludon-gmax.png,8
durant,durant,STANDARD,sprites-processed/front/durant.png,sprites-processed/back/durant.png,sprites-processed/front-shiny/durant.png,sprites-processed/back-shiny/durant.png,sprites-processed/icon/durant.png,sprites-processed/icon-frame2/durant.png,8
dusclops,dusclops,STANDARD,sprites-processed/front/dusclops.png,sprites-processed/back/dusclops.png,sprites-processed/front-shiny/dusclops.png,sprites-processed/back-shiny/dusclops.png,sprites-processed/icon/dusclops.png,sprites-processed/icon-frame2/dusclops.png,8
dusknoir,dusknoir,STANDARD,sprites-processed/front/dusknoir.png,sprites-processed/back/dusknoir.png,sprites-processed/front-shiny/dusknoir.png,sprites-processed/back-shiny/dusknoir.png,sprites-processed/icon/dusknoir.png,sprites-processed/icon-frame2/dusknoir.png,8
duskull,duskull,STANDARD,sprites-processed/front/duskull.png,sprites-processed/back/duskull.png,sprites-processed/front-shiny/duskull.png,sprites-processed/back-shiny/duskull.png,sprites-processed/icon/duskull.png,sprites-processed/icon-frame2/duskull.png,8
dustox,dustox,STANDARD,sprites-processed/front/dustox.png,sprites-processed/back/dustox.png,sprites-processed/front-shiny/dustox.png,sprites-processed/back-shiny/dustox.png,sprites-processed/icon/dustox.png,sprites-processed/icon-frame2/dustox.png,10
dwebble,dwebble,STANDARD,sprites-processed/front/dwebble.png,sprites-processed/back/dwebble.png,sprites-processed/front-shiny/dwebble.png,sprites-processed/back-shiny/dwebble.png,sprites-processed/icon/dwebble.png,sprites-processed/icon-frame2/dwebble.png,8
eelektrik,eelektrik,STANDARD,sprites-processed/front/eelektrik.png,sprites-processed/back/eelektrik.png,sprites-processed/front-shiny/eelektrik.png,sprites-processed/back-shiny/eelektrik.png,sprites-processed/icon/eelektrik.png,sprites-processed/icon-frame2/eelektrik.png,8
eelektross,eelektross,STANDARD,sprites-processed/front/eelektross.png,sprites-processed/back/eelektross.png,sprites-processed/front-shiny/eelektross.png,sprites-processed/back-shiny/eelektross.png,sprites-processed/icon/eelektross.png,sprites-processed/icon-frame2/eelektross.png,8
eevee,eevee,STANDARD,sprites-processed/front/eevee.png,sprites-processed/back/eevee.png,sprites-processed/front-shiny/eevee.png,sprites-processed/back-shiny/eevee.png,sprites-processed/icon/eevee.png,sprites-processed/icon-frame2/eevee.png,8
eevee-gmax,eevee-gmax,SPECIAL_FORM,sprites-processed/front/eevee-gmax.png,sprites-processed/back/eevee-gmax.png,sprites-processed/front-shiny/eevee-gmax.png,sprites-processed/back-shiny/eevee-gmax.png,sprites-processed/icon/eevee-gmax.png,sprites-processed/icon-frame2/eevee-gmax.png,8
eevee-starter,eevee-starter,STANDARD,sprites-processed/front/eevee-starter.png,sprites-processed/back/eevee-starter.png,sprites-processed/front-shiny/eevee-starter.png,sprites-processed/back-shiny/eevee-starter.png,sprites-processed/icon/eevee-starter.png,sprites-processed/icon-frame2/eevee-starter.png,10
eiscue-ice,eiscue-ice,STANDARD,sprites-processed/front/eiscue-ice.png,sprites-processed/back/eiscue-ice.png,sprites-processed/front-shiny/eiscue-ice.png,sprites-processed/back-shiny/eiscue-ice.png,sprites-processed/icon/eiscue-ice.png,sprites-processed/icon-frame2/eiscue-ice.png,8
eiscue-noice,eiscue-noice,STANDARD,sprites-processed/front/eiscue-noice.png,sprites-processed/back/eiscue-noice.png,sprites-processed/front-shiny/eiscue-noice.png,sprites-processed/back-shiny/eiscue-noice.png,sprites-processed/icon/eiscue-noice.png,sprites-processed/icon-frame2/eiscue-noice.png,8
ekans,ekans,STANDARD,sprites-processed/front/ekans.png,sprites-processed/back/ekans.png,sprites-processed/front-shiny/ekans.png,sprites-processed/back-shiny/ekans.png,sprites-processed/icon/ekans.png,sprites-processed/icon-frame2/ekans.png,8
eldegoss,eldegoss,STANDARD,sprites-processed/front/eldegoss.png,sprites-processed/back/eldegoss.png,sprites-processed/front-shiny/eldegoss.png,sprites-processed/back-shiny/eldegoss.png,sprites-processed/icon/eldegoss.png,sprites-processed/icon-frame2/eldegoss.png,8
electabuzz,electabuzz,STANDARD,sprites-processed/front/electabuzz.png,floating-pokemon/back__electabuzz.png,sprites-processed/front-shiny/electabuzz.png,floating-pokemon/back-shiny__electabuzz.png,sprites-processed/icon/electabuzz.png,sprites-processed/icon-frame2/electabuzz.png,10
electivire,electivire,STANDARD,sprites-processed/front/electivire.png,sprites-processed/back/electivire.png,sprites-processed/front-shiny/electivire.png,sprites-processed/back-shiny/electivire.png,sprites-processed/icon/electivire.png,sprites-processed/icon-frame2/electivire.png,8
electrike,electrike,STANDARD,sprites-processed/front/electrike.png,sprites-processed/back/electrike.png,sprites-processed/front-shiny/electrike.png,sprites-processed/back-shiny/electrike.png,sprites-processed/icon/electrike.png,sprites-processed/icon-frame2/electrike.png,8
electrode,electrode,STANDARD,sprites-processed/front/electrode.png,sprites-processed/back/electrode.png,sprites-processed/front-shiny/electrode.png,sprites-processed/back-shiny/electrode.png,sprites-processed/icon/electrode.png,sprites-processed/icon-frame2/electrode.png,8
electrode-hisui,electrode-hisui,SPECIAL_FORM,sprites-processed/front/electrode-hisui.png,sprites-processed/back/electrode-hisui.png,sprites-processed/front-shiny/electrode-hisui.png,sprites-processed/back-shiny/electrode-hisui.png,sprites-processed/icon/electrode-hisui.png,sprites-processed/icon-frame2/electrode-hisui.png,8
elekid,elekid,STANDARD,sprites-processed/front/elekid.png,sprites-processed/back/elekid.png,sprites-processed/front-shiny/elekid.png,sprites-processed/back-shiny/elekid.png,sprites-processed/icon/elekid.png,sprites-processed/icon-frame2/elekid.png,8
elgyem,elgyem,STANDARD,sprites-processed/front/elgyem.png,sprites-processed/back/elgyem.png,sprites-processed/front-shiny/elgyem.png,sprites-processed/back-shiny/elgyem.png,sprites-processed/icon/elgyem.png,sprites-processed/icon-frame2/elgyem.png,8
emboar,emboar,STANDARD,sprites-processed/front/emboar.png,floating-pokemon/back__emboar.png,sprites-processed/front-shiny/emboar.png,floating-pokemon/back-shiny__emboar.png,sprites-processed/icon/emboar.png,sprites-processed/icon-frame2/emboar.png,10
emolga,emolga,STANDARD,sprites-processed/front/emolga.png,floating-pokemon/back__emolga.png,sprites-processed/front-shiny/emolga.png,sprites-processed/back-shiny/emolga.png,sprites-processed/icon/emolga.png,sprites-processed/icon-frame2/emolga.png,9
empoleon,empoleon,STANDARD,sprites-processed/front/empoleon.png,sprites-processed/back/empoleon.png,sprites-processed/front-shiny/empoleon.png,sprites-processed/back-shiny/empoleon.png,sprites-processed/icon/empoleon.png,sprites-processed/icon-frame2/empoleon.png,8
enamorus-incarnate,enamorus-incarnate,STANDARD,sprites-processed/front/enamorus-incarnate.png,sprites-processed/back/enamorus-incarnate.png,sprites-processed/front-shiny/enamorus-incarnate.png,sprites-processed/back-shiny/enamorus-incarnate.png,sprites-processed/icon/enamorus-incarnate.png,sprites-processed/icon-frame2/enamorus-incarnate.png,8
enamorus-therian,enamorus-therian,SPECIAL_FORM,sprites-processed/front/enamorus-therian.png,sprites-processed/back/enamorus-therian.png,sprites-processed/front-shiny/enamorus-therian.png,sprites-processed/back-shiny/enamorus-therian.png,sprites-processed/icon/enamorus-therian.png,sprites-processed/icon-frame2/enamorus-therian.png,8
entei,entei,STANDARD,sprites-processed/front/entei.png,sprites-processed/back/entei.png,sprites-processed/front-shiny/entei.png,sprites-processed/back-shiny/entei.png,sprites-processed/icon/entei.png,sprites-processed/icon-frame2/entei.png,8
escavalier,escavalier,STANDARD,sprites-processed/front/escavalier.png,sprites-processed/back/escavalier.png,sprites-processed/front-shiny/escavalier.png,sprites-processed/back-shiny/escavalier.png,sprites-processed/icon/escavalier.png,sprites-processed/icon-frame2/escavalier.png,8
espathra,espathra,STANDARD,sprites-processed/front/espathra.png,sprites-processed/back/espathra.png,sprites-processed/front-shiny/espathra.png,sprites-processed/back-shiny/espathra.png,sprites-processed/icon/espathra.png,sprites-processed/icon-frame2/espathra.png,8
espeon,espeon,STANDARD,sprites-processed/front/espeon.png,sprites-processed/back/espeon.png,sprites-processed/front-shiny/espeon.png,sprites-processed/back-shiny/espeon.png,sprites-processed/icon/espeon.png,sprites-processed/icon-frame2/espeon.png,8
espurr,espurr,STANDARD,sprites-processed/front/espurr.png,sprites-processed/back/espurr.png,sprites-processed/front-shiny/espurr.png,sprites-processed/back-shiny/espurr.png,sprites-processed/icon/espurr.png,sprites-processed/icon-frame2/espurr.png,8
eternatus,eternatus,STANDARD,sprites-processed/front/eternatus.png,sprites-processed/back/eternatus.png,sprites-processed/front-shiny/eternatus.png,sprites-processed/back-shiny/eternatus.png,sprites-processed/icon/eternatus.png,sprites-processed/icon-frame2/eternatus.png,8
eternatus-eternamax,eternatus-eternamax,SPECIAL_FORM,sprites-processed/front/eternatus-eternamax.png,sprites-processed/back/eternatus-eternamax.png,sprites-processed/front-shiny/eternatus-eternamax.png,sprites-processed/back-shiny/eternatus-eternamax.png,sprites-processed/icon/eternatus-eternamax.png,sprites-processed/icon-frame2/eternatus-eternamax.png,8
excadrill,excadrill,STANDARD,sprites-processed/front/excadrill.png,sprites-processed/back/excadrill.png,sprites-processed/front-shiny/excadrill.png,sprites-processed/back-shiny/excadrill.png,sprites-processed/icon/excadrill.png,sprites-processed/icon-frame2/excadrill.png,8
excadrill-mega,excadrill-mega,SPECIAL_FORM,sprites-processed/front/excadrill-mega.png,sprites-processed/back/excadrill-mega.png,sprites-processed/front-shiny/excadrill-mega.png,sprites-processed/back-shiny/excadrill-mega.png,sprites-processed/icon/excadrill-mega.png,sprites-processed/icon-frame2/excadrill-mega.png,8
exeggcute,exeggcute,STANDARD,sprites-processed/front/exeggcute.png,sprites-processed/back/exeggcute.png,sprites-processed/front-shiny/exeggcute.png,sprites-processed/back-shiny/exeggcute.png,sprites-processed/icon/exeggcute.png,sprites-processed/icon-frame2/exeggcute.png,8
exeggutor,exeggutor,STANDARD,sprites-processed/front/exeggutor.png,sprites-processed/back/exeggutor.png,sprites-processed/front-shiny/exeggutor.png,sprites-processed/back-shiny/exeggutor.png,sprites-processed/icon/exeggutor.png,sprites-processed/icon-frame2/exeggutor.png,8
exeggutor-alola,exeggutor-alola,SPECIAL_FORM,sprites-processed/front/exeggutor-alola.png,sprites-processed/back/exeggutor-alola.png,sprites-processed/front-shiny/exeggutor-alola.png,sprites-processed/back-shiny/exeggutor-alola.png,sprites-processed/icon/exeggutor-alola.png,sprites-processed/icon-frame2/exeggutor-alola.png,8
exploud,exploud,STANDARD,sprites-processed/front/exploud.png,sprites-processed/back/exploud.png,sprites-processed/front-shiny/exploud.png,sprites-processed/back-shiny/exploud.png,sprites-processed/icon/exploud.png,sprites-processed/icon-frame2/exploud.png,8
falinks,falinks,STANDARD,sprites-processed/front/falinks.png,sprites-processed/back/falinks.png,sprites-processed/front-shiny/falinks.png,sprites-processed/back-shiny/falinks.png,sprites-processed/icon/falinks.png,sprites-processed/icon-frame2/falinks.png,8
falinks-mega,falinks-mega,SPECIAL_FORM,sprites-processed/front/falinks-mega.png,sprites-processed/back/falinks-mega.png,sprites-processed/front-shiny/falinks-mega.png,sprites-processed/back-shiny/falinks-mega.png,sprites-processed/icon/falinks-mega.png,sprites-processed/icon-frame2/falinks-mega.png,8
farfetchd,farfetchd,STANDARD,sprites-processed/front/farfetchd.png,sprites-processed/back/farfetchd.png,sprites-processed/front-shiny/farfetchd.png,sprites-processed/back-shiny/farfetchd.png,sprites-processed/icon/farfetchd.png,sprites-processed/icon-frame2/farfetchd.png,8
farfetchd-galar,farfetchd-galar,SPECIAL_FORM,sprites-processed/front/farfetchd-galar.png,sprites-processed/back/farfetchd-galar.png,sprites-processed/front-shiny/farfetchd-galar.png,sprites-processed/back-shiny/farfetchd-galar.png,sprites-processed/icon/farfetchd-galar.png,sprites-processed/icon-frame2/farfetchd-galar.png,8
farigiraf,farigiraf,STANDARD,sprites-processed/front/farigiraf.png,sprites-processed/back/farigiraf.png,sprites-processed/front-shiny/farigiraf.png,sprites-processed/back-shiny/farigiraf.png,sprites-processed/icon/farigiraf.png,sprites-processed/icon-frame2/farigiraf.png,8
fearow,fearow,STANDARD,sprites-processed/front/fearow.png,sprites-processed/back/fearow.png,sprites-processed/front-shiny/fearow.png,sprites-processed/back-shiny/fearow.png,sprites-processed/icon/fearow.png,sprites-processed/icon-frame2/fearow.png,8
feebas,feebas,STANDARD,sprites-processed/front/feebas.png,sprites-processed/back/feebas.png,sprites-processed/front-shiny/feebas.png,sprites-processed/back-shiny/feebas.png,sprites-processed/icon/feebas.png,sprites-processed/icon-frame2/feebas.png,8
fennekin,fennekin,STANDARD,sprites-processed/front/fennekin.png,sprites-processed/back/fennekin.png,sprites-processed/front-shiny/fennekin.png,sprites-processed/back-shiny/fennekin.png,sprites-processed/icon/fennekin.png,sprites-processed/icon-frame2/fennekin.png,8
feraligatr,feraligatr,STANDARD,sprites-processed/front/feraligatr.png,sprites-processed/back/feraligatr.png,sprites-processed/front-shiny/feraligatr.png,sprites-processed/back-shiny/feraligatr.png,sprites-processed/icon/feraligatr.png,sprites-processed/icon-frame2/feraligatr.png,8
feraligatr-mega,feraligatr-mega,SPECIAL_FORM,sprites-processed/front/feraligatr-mega.png,sprites-processed/back/feraligatr-mega.png,sprites-processed/front-shiny/feraligatr-mega.png,sprites-processed/back-shiny/feraligatr-mega.png,sprites-processed/icon/feraligatr-mega.png,sprites-processed/icon-frame2/feraligatr-mega.png,8
ferroseed,ferroseed,STANDARD,sprites-processed/front/ferroseed.png,sprites-processed/back/ferroseed.png,sprites-processed/front-shiny/ferroseed.png,sprites-processed/back-shiny/ferroseed.png,sprites-processed/icon/ferroseed.png,sprites-processed/icon-frame2/ferroseed.png,8
ferrothorn,ferrothorn,STANDARD,sprites-processed/front/ferrothorn.png,sprites-processed/back/ferrothorn.png,sprites-processed/front-shiny/ferrothorn.png,sprites-processed/back-shiny/ferrothorn.png,sprites-processed/icon/ferrothorn.png,sprites-processed/icon-frame2/ferrothorn.png,8
fezandipiti,fezandipiti,STANDARD,sprites-processed/front/fezandipiti.png,sprites-processed/back/fezandipiti.png,sprites-processed/front-shiny/fezandipiti.png,sprites-processed/back-shiny/fezandipiti.png,sprites-processed/icon/fezandipiti.png,sprites-processed/icon-frame2/fezandipiti.png,8
fidough,fidough,STANDARD,sprites-processed/front/fidough.png,sprites-processed/back/fidough.png,sprites-processed/front-shiny/fidough.png,sprites-processed/back-shiny/fidough.png,sprites-processed/icon/fidough.png,sprites-processed/icon-frame2/fidough.png,8
finizen,finizen,STANDARD,sprites-processed/front/finizen.png,sprites-processed/back/finizen.png,sprites-processed/front-shiny/finizen.png,sprites-processed/back-shiny/finizen.png,sprites-processed/icon/finizen.png,sprites-processed/icon-frame2/finizen.png,8
finneon,finneon,STANDARD,sprites-processed/front/finneon.png,floating-pokemon/back__finneon.png,sprites-processed/front-shiny/finneon.png,floating-pokemon/back-shiny__finneon.png,sprites-processed/icon/finneon.png,sprites-processed/icon-frame2/finneon.png,13
flaaffy,flaaffy,STANDARD,sprites-processed/front/flaaffy.png,sprites-processed/back/flaaffy.png,sprites-processed/front-shiny/flaaffy.png,sprites-processed/back-shiny/flaaffy.png,sprites-processed/icon/flaaffy.png,sprites-processed/icon-frame2/flaaffy.png,8
flabebe-blue,flabebe-blue,STANDARD,sprites-processed/front/flabebe-blue.png,sprites-processed/back/flabebe-blue.png,sprites-processed/front-shiny/flabebe-blue.png,sprites-processed/back-shiny/flabebe-blue.png,sprites-processed/icon/flabebe-blue.png,sprites-processed/icon-frame2/flabebe-blue.png,8
flabebe-orange,flabebe-orange,STANDARD,sprites-processed/front/flabebe-orange.png,sprites-processed/back/flabebe-orange.png,sprites-processed/front-shiny/flabebe-orange.png,sprites-processed/back-shiny/flabebe-orange.png,sprites-processed/icon/flabebe-orange.png,sprites-processed/icon-frame2/flabebe-orange.png,8
flabebe-red,flabebe-red,STANDARD,sprites-processed/front/flabebe-red.png,sprites-processed/back/flabebe-red.png,sprites-processed/front-shiny/flabebe-red.png,sprites-processed/back-shiny/flabebe-red.png,sprites-processed/icon/flabebe-red.png,sprites-processed/icon-frame2/flabebe-red.png,8
flabebe-white,flabebe-white,STANDARD,sprites-processed/front/flabebe-white.png,sprites-processed/back/flabebe-white.png,sprites-processed/front-shiny/flabebe-white.png,sprites-processed/back-shiny/flabebe-white.png,sprites-processed/icon/flabebe-white.png,sprites-processed/icon-frame2/flabebe-white.png,8
flabebe-yellow,flabebe-yellow,STANDARD,sprites-processed/front/flabebe-yellow.png,sprites-processed/back/flabebe-yellow.png,sprites-processed/front-shiny/flabebe-yellow.png,sprites-processed/back-shiny/flabebe-yellow.png,sprites-processed/icon/flabebe-yellow.png,sprites-processed/icon-frame2/flabebe-yellow.png,8
flamigo,flamigo,STANDARD,sprites-processed/front/flamigo.png,sprites-processed/back/flamigo.png,sprites-processed/front-shiny/flamigo.png,sprites-processed/back-shiny/flamigo.png,sprites-processed/icon/flamigo.png,sprites-processed/icon-frame2/flamigo.png,8
flapple,flapple,STANDARD,sprites-processed/front/flapple.png,sprites-processed/back/flapple.png,sprites-processed/front-shiny/flapple.png,sprites-processed/back-shiny/flapple.png,sprites-processed/icon/flapple.png,sprites-processed/icon-frame2/flapple.png,8
flapple-gmax,flapple-gmax,SPECIAL_FORM,sprites-processed/front/flapple-gmax.png,sprites-processed/back/flapple-gmax.png,sprites-processed/front-shiny/flapple-gmax.png,sprites-processed/back-shiny/flapple-gmax.png,sprites-processed/icon/flapple-gmax.png,sprites-processed/icon-frame2/flapple-gmax.png,8
flareon,flareon,STANDARD,sprites-processed/front/flareon.png,sprites-processed/back/flareon.png,sprites-processed/front-shiny/flareon.png,sprites-processed/back-shiny/flareon.png,sprites-processed/icon/flareon.png,sprites-processed/icon-frame2/flareon.png,8
fletchinder,fletchinder,STANDARD,sprites-processed/front/fletchinder.png,sprites-processed/back/fletchinder.png,sprites-processed/front-shiny/fletchinder.png,sprites-processed/back-shiny/fletchinder.png,sprites-processed/icon/fletchinder.png,sprites-processed/icon-frame2/fletchinder.png,8
fletchling,fletchling,STANDARD,sprites-processed/front/fletchling.png,floating-pokemon/back__fletchling.png,sprites-processed/front-shiny/fletchling.png,floating-pokemon/back-shiny__fletchling.png,sprites-processed/icon/fletchling.png,sprites-processed/icon-frame2/fletchling.png,10
flittle,flittle,STANDARD,sprites-processed/front/flittle.png,sprites-processed/back/flittle.png,sprites-processed/front-shiny/flittle.png,sprites-processed/back-shiny/flittle.png,sprites-processed/icon/flittle.png,sprites-processed/icon-frame2/flittle.png,8
floatzel,floatzel,STANDARD,sprites-processed/front/floatzel.png,sprites-processed/back/floatzel.png,sprites-processed/front-shiny/floatzel.png,sprites-processed/back-shiny/floatzel.png,sprites-processed/icon/floatzel.png,sprites-processed/icon-frame2/floatzel.png,10
floette-blue,floette-blue,STANDARD,sprites-processed/front/floette-blue.png,sprites-processed/back/floette-blue.png,sprites-processed/front-shiny/floette-blue.png,sprites-processed/back-shiny/floette-blue.png,sprites-processed/icon/floette-blue.png,sprites-processed/icon-frame2/floette-blue.png,8
floette-eternal,floette-eternal,STANDARD,sprites-processed/front/floette-eternal.png,sprites-processed/back/floette-eternal.png,sprites-processed/front-shiny/floette-eternal.png,sprites-processed/back-shiny/floette-eternal.png,sprites-processed/icon/floette-eternal.png,sprites-processed/icon-frame2/floette-eternal.png,8
floette-mega,floette-mega,SPECIAL_FORM,sprites-processed/front/floette-mega.png,sprites-processed/back/floette-mega.png,sprites-processed/front-shiny/floette-mega.png,sprites-processed/back-shiny/floette-mega.png,sprites-processed/icon/floette-mega.png,sprites-processed/icon-frame2/floette-mega.png,8
floette-orange,floette-orange,STANDARD,sprites-processed/front/floette-orange.png,sprites-processed/back/floette-orange.png,sprites-processed/front-shiny/floette-orange.png,sprites-processed/back-shiny/floette-orange.png,sprites-processed/icon/floette-orange.png,sprites-processed/icon-frame2/floette-orange.png,8
floette-red,floette-red,STANDARD,sprites-processed/front/floette-red.png,sprites-processed/back/floette-red.png,sprites-processed/front-shiny/floette-red.png,sprites-processed/back-shiny/floette-red.png,sprites-processed/icon/floette-red.png,sprites-processed/icon-frame2/floette-red.png,8
floette-white,floette-white,STANDARD,sprites-processed/front/floette-white.png,sprites-processed/back/floette-white.png,sprites-processed/front-shiny/floette-white.png,sprites-processed/back-shiny/floette-white.png,sprites-processed/icon/floette-white.png,sprites-processed/icon-frame2/floette-white.png,8
floette-yellow,floette-yellow,STANDARD,sprites-processed/front/floette-yellow.png,sprites-processed/back/floette-yellow.png,sprites-processed/front-shiny/floette-yellow.png,sprites-processed/back-shiny/floette-yellow.png,sprites-processed/icon/floette-yellow.png,sprites-processed/icon-frame2/floette-yellow.png,8
floragato,floragato,STANDARD,sprites-processed/front/floragato.png,sprites-processed/back/floragato.png,sprites-processed/front-shiny/floragato.png,sprites-processed/back-shiny/floragato.png,sprites-processed/icon/floragato.png,sprites-processed/icon-frame2/floragato.png,8
florges-blue,florges-blue,STANDARD,sprites-processed/front/florges-blue.png,sprites-processed/back/florges-blue.png,sprites-processed/front-shiny/florges-blue.png,sprites-processed/back-shiny/florges-blue.png,sprites-processed/icon/florges-blue.png,sprites-processed/icon-frame2/florges-blue.png,8
florges-orange,florges-orange,STANDARD,sprites-processed/front/florges-orange.png,sprites-processed/back/florges-orange.png,sprites-processed/front-shiny/florges-orange.png,sprites-processed/back-shiny/florges-orange.png,sprites-processed/icon/florges-orange.png,sprites-processed/icon-frame2/florges-orange.png,8
florges-red,florges-red,STANDARD,sprites-processed/front/florges-red.png,sprites-processed/back/florges-red.png,sprites-processed/front-shiny/florges-red.png,sprites-processed/back-shiny/florges-red.png,sprites-processed/icon/florges-red.png,sprites-processed/icon-frame2/florges-red.png,8
florges-white,florges-white,STANDARD,sprites-processed/front/florges-white.png,sprites-processed/back/florges-white.png,sprites-processed/front-shiny/florges-white.png,sprites-processed/back-shiny/florges-white.png,sprites-processed/icon/florges-white.png,sprites-processed/icon-frame2/florges-white.png,8
florges-yellow,florges-yellow,STANDARD,sprites-processed/front/florges-yellow.png,sprites-processed/back/florges-yellow.png,sprites-processed/front-shiny/florges-yellow.png,sprites-processed/back-shiny/florges-yellow.png,sprites-processed/icon/florges-yellow.png,sprites-processed/icon-frame2/florges-yellow.png,8
flutter-mane,flutter-mane,STANDARD,sprites-processed/front/flutter-mane.png,floating-pokemon/back__flutter-mane.png,sprites-processed/front-shiny/flutter-mane.png,sprites-processed/back-shiny/flutter-mane.png,sprites-processed/icon/flutter-mane.png,sprites-processed/icon-frame2/flutter-mane.png,9
flygon,flygon,STANDARD,sprites-processed/front/flygon.png,sprites-processed/back/flygon.png,sprites-processed/front-shiny/flygon.png,sprites-processed/back-shiny/flygon.png,sprites-processed/icon/flygon.png,sprites-processed/icon-frame2/flygon.png,8
fomantis,fomantis,STANDARD,sprites-processed/front/fomantis.png,sprites-processed/back/fomantis.png,sprites-processed/front-shiny/fomantis.png,sprites-processed/back-shiny/fomantis.png,sprites-processed/icon/fomantis.png,sprites-processed/icon-frame2/fomantis.png,8
foongus,foongus,STANDARD,sprites-processed/front/foongus.png,sprites-processed/back/foongus.png,sprites-processed/front-shiny/foongus.png,sprites-processed/back-shiny/foongus.png,sprites-processed/icon/foongus.png,sprites-processed/icon-frame2/foongus.png,8
forretress,forretress,STANDARD,sprites-processed/front/forretress.png,sprites-processed/back/forretress.png,sprites-processed/front-shiny/forretress.png,sprites-processed/back-shiny/forretress.png,sprites-processed/icon/forretress.png,sprites-processed/icon-frame2/forretress.png,8
fraxure,fraxure,STANDARD,sprites-processed/front/fraxure.png,sprites-processed/back/fraxure.png,sprites-processed/front-shiny/fraxure.png,sprites-processed/back-shiny/fraxure.png,sprites-processed/icon/fraxure.png,sprites-processed/icon-frame2/fraxure.png,8
frigibax,frigibax,STANDARD,sprites-processed/front/frigibax.png,sprites-processed/back/frigibax.png,sprites-processed/front-shiny/frigibax.png,sprites-processed/back-shiny/frigibax.png,sprites-processed/icon/frigibax.png,sprites-processed/icon-frame2/frigibax.png,8
frillish-female,frillish-female,STANDARD,sprites-processed/front/frillish-female.png,sprites-processed/back/frillish-female.png,sprites-processed/front-shiny/frillish-female.png,sprites-processed/back-shiny/frillish-female.png,sprites-processed/icon/frillish-female.png,sprites-processed/icon-frame2/frillish-female.png,12
frillish-male,frillish-male,STANDARD,sprites-processed/front/frillish-male.png,sprites-processed/back/frillish-male.png,sprites-processed/front-shiny/frillish-male.png,sprites-processed/back-shiny/frillish-male.png,sprites-processed/icon/frillish-male.png,sprites-processed/icon-frame2/frillish-male.png,8
froakie,froakie,STANDARD,sprites-processed/front/froakie.png,sprites-processed/back/froakie.png,sprites-processed/front-shiny/froakie.png,sprites-processed/back-shiny/froakie.png,sprites-processed/icon/froakie.png,sprites-processed/icon-frame2/froakie.png,8
frogadier,frogadier,STANDARD,sprites-processed/front/frogadier.png,sprites-processed/back/frogadier.png,sprites-processed/front-shiny/frogadier.png,sprites-processed/back-shiny/frogadier.png,sprites-processed/icon/frogadier.png,sprites-processed/icon-frame2/frogadier.png,8
froslass,froslass,STANDARD,sprites-processed/front/froslass.png,sprites-processed/back/froslass.png,sprites-processed/front-shiny/froslass.png,sprites-processed/back-shiny/froslass.png,sprites-processed/icon/froslass.png,sprites-processed/icon-frame2/froslass.png,8
froslass-mega,froslass-mega,SPECIAL_FORM,sprites-processed/front/froslass-mega.png,sprites-processed/back/froslass-mega.png,sprites-processed/front-shiny/froslass-mega.png,sprites-processed/back-shiny/froslass-mega.png,sprites-processed/icon/froslass-mega.png,sprites-processed/icon-frame2/froslass-mega.png,8
frosmoth,frosmoth,STANDARD,sprites-processed/front/frosmoth.png,sprites-processed/back/frosmoth.png,sprites-processed/front-shiny/frosmoth.png,sprites-processed/back-shiny/frosmoth.png,sprites-processed/icon/frosmoth.png,sprites-processed/icon-frame2/frosmoth.png,8
fuecoco,fuecoco,STANDARD,sprites-processed/front/fuecoco.png,sprites-processed/back/fuecoco.png,sprites-processed/front-shiny/fuecoco.png,sprites-processed/back-shiny/fuecoco.png,sprites-processed/icon/fuecoco.png,sprites-processed/icon-frame2/fuecoco.png,8
furfrou-dandy,furfrou-dandy,STANDARD,sprites-processed/front/furfrou-dandy.png,sprites-processed/back/furfrou-dandy.png,sprites-processed/front-shiny/furfrou-dandy.png,sprites-processed/back-shiny/furfrou-dandy.png,sprites-processed/icon/furfrou-dandy.png,sprites-processed/icon-frame2/furfrou-dandy.png,8
furfrou-debutante,furfrou-debutante,STANDARD,sprites-processed/front/furfrou-debutante.png,sprites-processed/back/furfrou-debutante.png,sprites-processed/front-shiny/furfrou-debutante.png,sprites-processed/back-shiny/furfrou-debutante.png,sprites-processed/icon/furfrou-debutante.png,sprites-processed/icon-frame2/furfrou-debutante.png,8
furfrou-diamond,furfrou-diamond,STANDARD,sprites-processed/front/furfrou-diamond.png,sprites-processed/back/furfrou-diamond.png,sprites-processed/front-shiny/furfrou-diamond.png,sprites-processed/back-shiny/furfrou-diamond.png,sprites-processed/icon/furfrou-diamond.png,sprites-processed/icon-frame2/furfrou-diamond.png,8
furfrou-heart,furfrou-heart,STANDARD,sprites-processed/front/furfrou-heart.png,sprites-processed/back/furfrou-heart.png,sprites-processed/front-shiny/furfrou-heart.png,sprites-processed/back-shiny/furfrou-heart.png,sprites-processed/icon/furfrou-heart.png,sprites-processed/icon-frame2/furfrou-heart.png,8
furfrou-kabuki,furfrou-kabuki,STANDARD,sprites-processed/front/furfrou-kabuki.png,sprites-processed/back/furfrou-kabuki.png,sprites-processed/front-shiny/furfrou-kabuki.png,sprites-processed/back-shiny/furfrou-kabuki.png,sprites-processed/icon/furfrou-kabuki.png,sprites-processed/icon-frame2/furfrou-kabuki.png,8
furfrou-la-reine,furfrou-la-reine,STANDARD,sprites-processed/front/furfrou-la-reine.png,sprites-processed/back/furfrou-la-reine.png,sprites-processed/front-shiny/furfrou-la-reine.png,sprites-processed/back-shiny/furfrou-la-reine.png,sprites-processed/icon/furfrou-la-reine.png,sprites-processed/icon-frame2/furfrou-la-reine.png,8
furfrou-matron,furfrou-matron,STANDARD,sprites-processed/front/furfrou-matron.png,sprites-processed/back/furfrou-matron.png,sprites-processed/front-shiny/furfrou-matron.png,sprites-processed/back-shiny/furfrou-matron.png,sprites-processed/icon/furfrou-matron.png,sprites-processed/icon-frame2/furfrou-matron.png,8
furfrou-natural,furfrou-natural,STANDARD,sprites-processed/front/furfrou-natural.png,sprites-processed/back/furfrou-natural.png,sprites-processed/front-shiny/furfrou-natural.png,sprites-processed/back-shiny/furfrou-natural.png,sprites-processed/icon/furfrou-natural.png,sprites-processed/icon-frame2/furfrou-natural.png,8
furfrou-pharaoh,furfrou-pharaoh,STANDARD,sprites-processed/front/furfrou-pharaoh.png,sprites-processed/back/furfrou-pharaoh.png,sprites-processed/front-shiny/furfrou-pharaoh.png,sprites-processed/back-shiny/furfrou-pharaoh.png,sprites-processed/icon/furfrou-pharaoh.png,sprites-processed/icon-frame2/furfrou-pharaoh.png,8
furfrou-star,furfrou-star,STANDARD,sprites-processed/front/furfrou-star.png,sprites-processed/back/furfrou-star.png,sprites-processed/front-shiny/furfrou-star.png,sprites-processed/back-shiny/furfrou-star.png,sprites-processed/icon/furfrou-star.png,sprites-processed/icon-frame2/furfrou-star.png,8
furret,furret,STANDARD,sprites-processed/front/furret.png,sprites-processed/back/furret.png,sprites-processed/front-shiny/furret.png,sprites-processed/back-shiny/furret.png,sprites-processed/icon/furret.png,sprites-processed/icon-frame2/furret.png,8
gabite,gabite,STANDARD,sprites-processed/front/gabite.png,sprites-processed/back/gabite.png,sprites-processed/front-shiny/gabite.png,sprites-processed/back-shiny/gabite.png,sprites-processed/icon/gabite.png,sprites-processed/icon-frame2/gabite.png,10
gallade,gallade,STANDARD,sprites-processed/front/gallade.png,sprites-processed/back/gallade.png,sprites-processed/front-shiny/gallade.png,sprites-processed/back-shiny/gallade.png,sprites-processed/icon/gallade.png,sprites-processed/icon-frame2/gallade.png,8
gallade-mega,gallade-mega,SPECIAL_FORM,sprites-processed/front/gallade-mega.png,sprites-processed/back/gallade-mega.png,sprites-processed/front-shiny/gallade-mega.png,sprites-processed/back-shiny/gallade-mega.png,sprites-processed/icon/gallade-mega.png,sprites-processed/icon-frame2/gallade-mega.png,8
galvantula,galvantula,STANDARD,sprites-processed/front/galvantula.png,sprites-processed/back/galvantula.png,sprites-processed/front-shiny/galvantula.png,sprites-processed/back-shiny/galvantula.png,sprites-processed/icon/galvantula.png,sprites-processed/icon-frame2/galvantula.png,8
garbodor,garbodor,STANDARD,sprites-processed/front/garbodor.png,sprites-processed/back/garbodor.png,sprites-processed/front-shiny/garbodor.png,sprites-processed/back-shiny/garbodor.png,sprites-processed/icon/garbodor.png,sprites-processed/icon-frame2/garbodor.png,8
garbodor-gmax,garbodor-gmax,SPECIAL_FORM,sprites-processed/front/garbodor-gmax.png,sprites-processed/back/garbodor-gmax.png,sprites-processed/front-shiny/garbodor-gmax.png,sprites-processed/back-shiny/garbodor-gmax.png,sprites-processed/icon/garbodor-gmax.png,sprites-processed/icon-frame2/garbodor-gmax.png,8
garchomp,garchomp,STANDARD,sprites-processed/front/garchomp.png,sprites-processed/back/garchomp.png,sprites-processed/front-shiny/garchomp.png,sprites-processed/back-shiny/garchomp.png,sprites-processed/icon/garchomp.png,sprites-processed/icon-frame2/garchomp.png,10
garchomp-mega,garchomp-mega,SPECIAL_FORM,sprites-processed/front/garchomp-mega.png,sprites-processed/back/garchomp-mega.png,sprites-processed/front-shiny/garchomp-mega.png,sprites-processed/back-shiny/garchomp-mega.png,sprites-processed/icon/garchomp-mega.png,sprites-processed/icon-frame2/garchomp-mega.png,8
gardevoir,gardevoir,STANDARD,sprites-processed/front/gardevoir.png,sprites-processed/back/gardevoir.png,sprites-processed/front-shiny/gardevoir.png,sprites-processed/back-shiny/gardevoir.png,sprites-processed/icon/gardevoir.png,sprites-processed/icon-frame2/gardevoir.png,8
gardevoir-mega,gardevoir-mega,SPECIAL_FORM,sprites-processed/front/gardevoir-mega.png,sprites-processed/back/gardevoir-mega.png,sprites-processed/front-shiny/gardevoir-mega.png,sprites-processed/back-shiny/gardevoir-mega.png,sprites-processed/icon/gardevoir-mega.png,sprites-processed/icon-frame2/gardevoir-mega.png,8
garganacl,garganacl,STANDARD,sprites-processed/front/garganacl.png,sprites-processed/back/garganacl.png,sprites-processed/front-shiny/garganacl.png,sprites-processed/back-shiny/garganacl.png,sprites-processed/icon/garganacl.png,sprites-processed/icon-frame2/garganacl.png,8
gastly,gastly,STANDARD,sprites-processed/front/gastly.png,sprites-processed/back/gastly.png,sprites-processed/front-shiny/gastly.png,sprites-processed/back-shiny/gastly.png,sprites-processed/icon/gastly.png,sprites-processed/icon-frame2/gastly.png,8
gastrodon-east,gastrodon-east,STANDARD,sprites-processed/front/gastrodon-east.png,sprites-processed/back/gastrodon-east.png,sprites-processed/front-shiny/gastrodon-east.png,sprites-processed/back-shiny/gastrodon-east.png,sprites-processed/icon/gastrodon-east.png,sprites-processed/icon-frame2/gastrodon-east.png,8
gastrodon-west,gastrodon-west,STANDARD,sprites-processed/front/gastrodon-west.png,sprites-processed/back/gastrodon-west.png,sprites-processed/front-shiny/gastrodon-west.png,sprites-processed/back-shiny/gastrodon-west.png,sprites-processed/icon/gastrodon-west.png,sprites-processed/icon-frame2/gastrodon-west.png,8
genesect,genesect,STANDARD,sprites-processed/front/genesect.png,sprites-processed/back/genesect.png,sprites-processed/front-shiny/genesect.png,sprites-processed/back-shiny/genesect.png,sprites-processed/icon/genesect.png,sprites-processed/icon-frame2/genesect.png,8
genesect-burn,genesect-burn,STANDARD,sprites-processed/front/genesect-burn.png,sprites-processed/back/genesect-burn.png,sprites-processed/front-shiny/genesect-burn.png,sprites-processed/back-shiny/genesect-burn.png,sprites-processed/icon/genesect-burn.png,sprites-processed/icon-frame2/genesect-burn.png,8
genesect-chill,genesect-chill,STANDARD,sprites-processed/front/genesect-chill.png,sprites-processed/back/genesect-chill.png,sprites-processed/front-shiny/genesect-chill.png,sprites-processed/back-shiny/genesect-chill.png,sprites-processed/icon/genesect-chill.png,sprites-processed/icon-frame2/genesect-chill.png,8
genesect-douse,genesect-douse,STANDARD,sprites-processed/front/genesect-douse.png,sprites-processed/back/genesect-douse.png,sprites-processed/front-shiny/genesect-douse.png,sprites-processed/back-shiny/genesect-douse.png,sprites-processed/icon/genesect-douse.png,sprites-processed/icon-frame2/genesect-douse.png,8
genesect-shock,genesect-shock,STANDARD,sprites-processed/front/genesect-shock.png,sprites-processed/back/genesect-shock.png,sprites-processed/front-shiny/genesect-shock.png,sprites-processed/back-shiny/genesect-shock.png,sprites-processed/icon/genesect-shock.png,sprites-processed/icon-frame2/genesect-shock.png,8
gengar,gengar,STANDARD,sprites-processed/front/gengar.png,sprites-processed/back/gengar.png,sprites-processed/front-shiny/gengar.png,sprites-processed/back-shiny/gengar.png,sprites-processed/icon/gengar.png,sprites-processed/icon-frame2/gengar.png,8
gengar-gmax,gengar-gmax,SPECIAL_FORM,sprites-processed/front/gengar-gmax.png,sprites-processed/back/gengar-gmax.png,sprites-processed/front-shiny/gengar-gmax.png,sprites-processed/back-shiny/gengar-gmax.png,sprites-processed/icon/gengar-gmax.png,sprites-processed/icon-frame2/gengar-gmax.png,8
gengar-mega,gengar-mega,SPECIAL_FORM,sprites-processed/front/gengar-mega.png,sprites-processed/back/gengar-mega.png,sprites-processed/front-shiny/gengar-mega.png,sprites-processed/back-shiny/gengar-mega.png,sprites-processed/icon/gengar-mega.png,sprites-processed/icon-frame2/gengar-mega.png,8
geodude,geodude,STANDARD,sprites-processed/front/geodude.png,sprites-processed/back/geodude.png,sprites-processed/front-shiny/geodude.png,sprites-processed/back-shiny/geodude.png,sprites-processed/icon/geodude.png,sprites-processed/icon-frame2/geodude.png,8
geodude-alola,geodude-alola,SPECIAL_FORM,sprites-processed/front/geodude-alola.png,sprites-processed/back/geodude-alola.png,sprites-processed/front-shiny/geodude-alola.png,sprites-processed/back-shiny/geodude-alola.png,sprites-processed/icon/geodude-alola.png,sprites-processed/icon-frame2/geodude-alola.png,8
gholdengo,gholdengo,STANDARD,sprites-processed/front/gholdengo.png,sprites-processed/back/gholdengo.png,sprites-processed/front-shiny/gholdengo.png,sprites-processed/back-shiny/gholdengo.png,sprites-processed/icon/gholdengo.png,sprites-processed/icon-frame2/gholdengo.png,8
gible,gible,STANDARD,sprites-processed/front/gible.png,sprites-processed/back/gible.png,sprites-processed/front-shiny/gible.png,sprites-processed/back-shiny/gible.png,sprites-processed/icon/gible.png,sprites-processed/icon-frame2/gible.png,10
gigalith,gigalith,STANDARD,sprites-processed/front/gigalith.png,sprites-processed/back/gigalith.png,sprites-processed/front-shiny/gigalith.png,sprites-processed/back-shiny/gigalith.png,sprites-processed/icon/gigalith.png,sprites-processed/icon-frame2/gigalith.png,8
gimmighoul-chest,gimmighoul-chest,STANDARD,sprites-processed/front/gimmighoul-chest.png,sprites-processed/back/gimmighoul-chest.png,sprites-processed/front-shiny/gimmighoul-chest.png,sprites-processed/back-shiny/gimmighoul-chest.png,sprites-processed/icon/gimmighoul-chest.png,sprites-processed/icon-frame2/gimmighoul-chest.png,8
gimmighoul-roaming,gimmighoul-roaming,STANDARD,sprites-processed/front/gimmighoul-roaming.png,sprites-processed/back/gimmighoul-roaming.png,sprites-processed/front-shiny/gimmighoul-roaming.png,sprites-processed/back-shiny/gimmighoul-roaming.png,sprites-processed/icon/gimmighoul-roaming.png,sprites-processed/icon-frame2/gimmighoul-roaming.png,8
girafarig,girafarig,STANDARD,sprites-processed/front/girafarig.png,sprites-processed/back/girafarig.png,sprites-processed/front-shiny/girafarig.png,sprites-processed/back-shiny/girafarig.png,sprites-processed/icon/girafarig.png,sprites-processed/icon-frame2/girafarig.png,10
giratina-altered,giratina-altered,STANDARD,sprites-processed/front/giratina-altered.png,sprites-processed/back/giratina-altered.png,sprites-processed/front-shiny/giratina-altered.png,sprites-processed/back-shiny/giratina-altered.png,sprites-processed/icon/giratina-altered.png,sprites-processed/icon-frame2/giratina-altered.png,8
giratina-origin,giratina-origin,SPECIAL_FORM,sprites-processed/front/giratina-origin.png,sprites-processed/back/giratina-origin.png,sprites-processed/front-shiny/giratina-origin.png,floating-pokemon/back-shiny__giratina-origin.png,sprites-processed/icon/giratina-origin.png,sprites-processed/icon-frame2/giratina-origin.png,9
glaceon,glaceon,STANDARD,sprites-processed/front/glaceon.png,sprites-processed/back/glaceon.png,sprites-processed/front-shiny/glaceon.png,sprites-processed/back-shiny/glaceon.png,sprites-processed/icon/glaceon.png,sprites-processed/icon-frame2/glaceon.png,8
glalie,glalie,STANDARD,sprites-processed/front/glalie.png,sprites-processed/back/glalie.png,sprites-processed/front-shiny/glalie.png,sprites-processed/back-shiny/glalie.png,sprites-processed/icon/glalie.png,sprites-processed/icon-frame2/glalie.png,8
glalie-mega,glalie-mega,SPECIAL_FORM,sprites-processed/front/glalie-mega.png,floating-pokemon/back__glalie-mega.png,sprites-processed/front-shiny/glalie-mega.png,sprites-processed/back-shiny/glalie-mega.png,sprites-processed/icon/glalie-mega.png,sprites-processed/icon-frame2/glalie-mega.png,9
glameow,glameow,STANDARD,sprites-processed/front/glameow.png,sprites-processed/back/glameow.png,sprites-processed/front-shiny/glameow.png,sprites-processed/back-shiny/glameow.png,sprites-processed/icon/glameow.png,sprites-processed/icon-frame2/glameow.png,8
glastrier,glastrier,STANDARD,sprites-processed/front/glastrier.png,sprites-processed/back/glastrier.png,sprites-processed/front-shiny/glastrier.png,sprites-processed/back-shiny/glastrier.png,sprites-processed/icon/glastrier.png,sprites-processed/icon-frame2/glastrier.png,8
gligar,gligar,STANDARD,sprites-processed/front/gligar.png,sprites-processed/back/gligar.png,sprites-processed/front-shiny/gligar.png,sprites-processed/back-shiny/gligar.png,sprites-processed/icon/gligar.png,sprites-processed/icon-frame2/gligar.png,10
glimmet,glimmet,STANDARD,sprites-processed/front/glimmet.png,sprites-processed/back/glimmet.png,sprites-processed/front-shiny/glimmet.png,sprites-processed/back-shiny/glimmet.png,sprites-processed/icon/glimmet.png,sprites-processed/icon-frame2/glimmet.png,8
glimmora,glimmora,STANDARD,sprites-processed/front/glimmora.png,sprites-processed/back/glimmora.png,sprites-processed/front-shiny/glimmora.png,sprites-processed/back-shiny/glimmora.png,sprites-processed/icon/glimmora.png,sprites-processed/icon-frame2/glimmora.png,8
glimmora-mega,glimmora-mega,SPECIAL_FORM,sprites-processed/front/glimmora-mega.png,sprites-processed/back/glimmora-mega.png,sprites-processed/front-shiny/glimmora-mega.png,sprites-processed/back-shiny/glimmora-mega.png,sprites-processed/icon/glimmora-mega.png,sprites-processed/icon-frame2/glimmora-mega.png,8
gliscor,gliscor,STANDARD,sprites-processed/front/gliscor.png,sprites-processed/back/gliscor.png,sprites-processed/front-shiny/gliscor.png,sprites-processed/back-shiny/gliscor.png,sprites-processed/icon/gliscor.png,sprites-processed/icon-frame2/gliscor.png,8
gloom,gloom,STANDARD,sprites-processed/front/gloom.png,sprites-processed/back/gloom.png,sprites-processed/front-shiny/gloom.png,sprites-processed/back-shiny/gloom.png,sprites-processed/icon/gloom.png,sprites-processed/icon-frame2/gloom.png,10
gogoat,gogoat,STANDARD,sprites-processed/front/gogoat.png,sprites-processed/back/gogoat.png,sprites-processed/front-shiny/gogoat.png,sprites-processed/back-shiny/gogoat.png,sprites-processed/icon/gogoat.png,sprites-processed/icon-frame2/gogoat.png,8
golbat,golbat,STANDARD,sprites-processed/front/golbat.png,sprites-processed/back/golbat.png,sprites-processed/front-shiny/golbat.png,sprites-processed/back-shiny/golbat.png,sprites-processed/icon/golbat.png,sprites-processed/icon-frame2/golbat.png,10
goldeen,goldeen,STANDARD,sprites-processed/front/goldeen.png,sprites-processed/back/goldeen.png,sprites-processed/front-shiny/goldeen.png,sprites-processed/back-shiny/goldeen.png,sprites-processed/icon/goldeen.png,sprites-processed/icon-frame2/goldeen.png,10
golduck,golduck,STANDARD,sprites-processed/front/golduck.png,sprites-processed/back/golduck.png,sprites-processed/front-shiny/golduck.png,sprites-processed/back-shiny/golduck.png,sprites-processed/icon/golduck.png,sprites-processed/icon-frame2/golduck.png,8
golem,golem,STANDARD,sprites-processed/front/golem.png,sprites-processed/back/golem.png,sprites-processed/front-shiny/golem.png,sprites-processed/back-shiny/golem.png,sprites-processed/icon/golem.png,sprites-processed/icon-frame2/golem.png,8
golem-alola,golem-alola,SPECIAL_FORM,sprites-processed/front/golem-alola.png,sprites-processed/back/golem-alola.png,sprites-processed/front-shiny/golem-alola.png,sprites-processed/back-shiny/golem-alola.png,sprites-processed/icon/golem-alola.png,sprites-processed/icon-frame2/golem-alola.png,8
golett,golett,STANDARD,sprites-processed/front/golett.png,sprites-processed/back/golett.png,sprites-processed/front-shiny/golett.png,sprites-processed/back-shiny/golett.png,sprites-processed/icon/golett.png,sprites-processed/icon-frame2/golett.png,8
golisopod,golisopod,STANDARD,sprites-processed/front/golisopod.png,sprites-processed/back/golisopod.png,sprites-processed/front-shiny/golisopod.png,sprites-processed/back-shiny/golisopod.png,sprites-processed/icon/golisopod.png,sprites-processed/icon-frame2/golisopod.png,8
golisopod-mega,golisopod-mega,SPECIAL_FORM,sprites-processed/front/golisopod-mega.png,sprites-processed/back/golisopod-mega.png,sprites-processed/front-shiny/golisopod-mega.png,sprites-processed/back-shiny/golisopod-mega.png,sprites-processed/icon/golisopod-mega.png,sprites-processed/icon-frame2/golisopod-mega.png,8
golurk,golurk,STANDARD,sprites-processed/front/golurk.png,sprites-processed/back/golurk.png,sprites-processed/front-shiny/golurk.png,sprites-processed/back-shiny/golurk.png,sprites-processed/icon/golurk.png,sprites-processed/icon-frame2/golurk.png,8
goodra,goodra,STANDARD,sprites-processed/front/goodra.png,sprites-processed/back/goodra.png,sprites-processed/front-shiny/goodra.png,sprites-processed/back-shiny/goodra.png,sprites-processed/icon/goodra.png,sprites-processed/icon-frame2/goodra.png,8
goodra-hisui,goodra-hisui,SPECIAL_FORM,sprites-processed/front/goodra-hisui.png,sprites-processed/back/goodra-hisui.png,sprites-processed/front-shiny/goodra-hisui.png,sprites-processed/back-shiny/goodra-hisui.png,sprites-processed/icon/goodra-hisui.png,sprites-processed/icon-frame2/goodra-hisui.png,8
goomy,goomy,STANDARD,sprites-processed/front/goomy.png,sprites-processed/back/goomy.png,sprites-processed/front-shiny/goomy.png,sprites-processed/back-shiny/goomy.png,sprites-processed/icon/goomy.png,sprites-processed/icon-frame2/goomy.png,8
gorebyss,gorebyss,STANDARD,sprites-processed/front/gorebyss.png,sprites-processed/back/gorebyss.png,sprites-processed/front-shiny/gorebyss.png,sprites-processed/back-shiny/gorebyss.png,sprites-processed/icon/gorebyss.png,sprites-processed/icon-frame2/gorebyss.png,8
gossifleur,gossifleur,STANDARD,sprites-processed/front/gossifleur.png,sprites-processed/back/gossifleur.png,sprites-processed/front-shiny/gossifleur.png,sprites-processed/back-shiny/gossifleur.png,sprites-processed/icon/gossifleur.png,sprites-processed/icon-frame2/gossifleur.png,8
gothita,gothita,STANDARD,sprites-processed/front/gothita.png,sprites-processed/back/gothita.png,sprites-processed/front-shiny/gothita.png,sprites-processed/back-shiny/gothita.png,sprites-processed/icon/gothita.png,sprites-processed/icon-frame2/gothita.png,8
gothitelle,gothitelle,STANDARD,sprites-processed/front/gothitelle.png,floating-pokemon/back__gothitelle.png,sprites-processed/front-shiny/gothitelle.png,floating-pokemon/back-shiny__gothitelle.png,sprites-processed/icon/gothitelle.png,sprites-processed/icon-frame2/gothitelle.png,10
gothorita,gothorita,STANDARD,sprites-processed/front/gothorita.png,sprites-processed/back/gothorita.png,sprites-processed/front-shiny/gothorita.png,sprites-processed/back-shiny/gothorita.png,sprites-processed/icon/gothorita.png,sprites-processed/icon-frame2/gothorita.png,8
gouging-fire,gouging-fire,STANDARD,sprites-processed/front/gouging-fire.png,sprites-processed/back/gouging-fire.png,sprites-processed/front-shiny/gouging-fire.png,sprites-processed/back-shiny/gouging-fire.png,sprites-processed/icon/gouging-fire.png,sprites-processed/icon-frame2/gouging-fire.png,8
gourgeist-average,gourgeist-average,STANDARD,sprites-processed/front/gourgeist-average.png,sprites-processed/back/gourgeist-average.png,sprites-processed/front-shiny/gourgeist-average.png,sprites-processed/back-shiny/gourgeist-average.png,sprites-processed/icon/gourgeist-average.png,sprites-processed/icon-frame2/gourgeist-average.png,8
gourgeist-large,gourgeist-large,STANDARD,sprites-processed/front/gourgeist-large.png,sprites-processed/back/gourgeist-large.png,sprites-processed/front-shiny/gourgeist-large.png,floating-pokemon/back-shiny__gourgeist-large.png,sprites-processed/icon/gourgeist-large.png,sprites-processed/icon-frame2/gourgeist-large.png,9
gourgeist-small,gourgeist-small,STANDARD,sprites-processed/front/gourgeist-small.png,sprites-processed/back/gourgeist-small.png,sprites-processed/front-shiny/gourgeist-small.png,floating-pokemon/back-shiny__gourgeist-small.png,sprites-processed/icon/gourgeist-small.png,sprites-processed/icon-frame2/gourgeist-small.png,9
gourgeist-super,gourgeist-super,STANDARD,sprites-processed/front/gourgeist-super.png,sprites-processed/back/gourgeist-super.png,sprites-processed/front-shiny/gourgeist-super.png,sprites-processed/back-shiny/gourgeist-super.png,sprites-processed/icon/gourgeist-super.png,sprites-processed/icon-frame2/gourgeist-super.png,8
grafaiai,grafaiai,STANDARD,sprites-processed/front/grafaiai.png,floating-pokemon/back__grafaiai.png,sprites-processed/front-shiny/grafaiai.png,sprites-processed/back-shiny/grafaiai.png,sprites-processed/icon/grafaiai.png,sprites-processed/icon-frame2/grafaiai.png,9
granbull,granbull,STANDARD,sprites-processed/front/granbull.png,sprites-processed/back/granbull.png,sprites-processed/front-shiny/granbull.png,sprites-processed/back-shiny/granbull.png,sprites-processed/icon/granbull.png,sprites-processed/icon-frame2/granbull.png,8
grapploct,grapploct,STANDARD,sprites-processed/front/grapploct.png,sprites-processed/back/grapploct.png,sprites-processed/front-shiny/grapploct.png,sprites-processed/back-shiny/grapploct.png,sprites-processed/icon/grapploct.png,sprites-processed/icon-frame2/grapploct.png,8
graveler,graveler,STANDARD,sprites-processed/front/graveler.png,sprites-processed/back/graveler.png,sprites-processed/front-shiny/graveler.png,sprites-processed/back-shiny/graveler.png,sprites-processed/icon/graveler.png,sprites-processed/icon-frame2/graveler.png,8
graveler-alola,graveler-alola,SPECIAL_FORM,sprites-processed/front/graveler-alola.png,sprites-processed/back/graveler-alola.png,sprites-processed/front-shiny/graveler-alola.png,sprites-processed/back-shiny/graveler-alola.png,sprites-processed/icon/graveler-alola.png,sprites-processed/icon-frame2/graveler-alola.png,8
great-tusk,great-tusk,STANDARD,sprites-processed/front/great-tusk.png,sprites-processed/back/great-tusk.png,sprites-processed/front-shiny/great-tusk.png,sprites-processed/back-shiny/great-tusk.png,sprites-processed/icon/great-tusk.png,sprites-processed/icon-frame2/great-tusk.png,8
greavard,greavard,STANDARD,sprites-processed/front/greavard.png,sprites-processed/back/greavard.png,sprites-processed/front-shiny/greavard.png,sprites-processed/back-shiny/greavard.png,sprites-processed/icon/greavard.png,sprites-processed/icon-frame2/greavard.png,8
greedent,greedent,STANDARD,sprites-processed/front/greedent.png,sprites-processed/back/greedent.png,sprites-processed/front-shiny/greedent.png,sprites-processed/back-shiny/greedent.png,sprites-processed/icon/greedent.png,sprites-processed/icon-frame2/greedent.png,8
greninja,greninja,STANDARD,sprites-processed/front/greninja.png,sprites-processed/back/greninja.png,sprites-processed/front-shiny/greninja.png,sprites-processed/back-shiny/greninja.png,sprites-processed/icon/greninja.png,sprites-processed/icon-frame2/greninja.png,8
greninja-ash,greninja-ash,STANDARD,sprites-processed/front/greninja-ash.png,sprites-processed/back/greninja-ash.png,sprites-processed/front-shiny/greninja-ash.png,sprites-processed/back-shiny/greninja-ash.png,sprites-processed/icon/greninja-ash.png,sprites-processed/icon-frame2/greninja-ash.png,8
greninja-battle-bond,greninja-battle-bond,STANDARD,sprites-processed/front/greninja-battle-bond.png,sprites-processed/back/greninja-battle-bond.png,sprites-processed/front-shiny/greninja-battle-bond.png,sprites-processed/back-shiny/greninja-battle-bond.png,sprites-processed/icon/greninja-battle-bond.png,sprites-processed/icon-frame2/greninja-battle-bond.png,8
greninja-mega,greninja-mega,SPECIAL_FORM,sprites-processed/front/greninja-mega.png,sprites-processed/back/greninja-mega.png,sprites-processed/front-shiny/greninja-mega.png,sprites-processed/back-shiny/greninja-mega.png,sprites-processed/icon/greninja-mega.png,sprites-processed/icon-frame2/greninja-mega.png,8
grimer,grimer,STANDARD,sprites-processed/front/grimer.png,sprites-processed/back/grimer.png,sprites-processed/front-shiny/grimer.png,sprites-processed/back-shiny/grimer.png,sprites-processed/icon/grimer.png,sprites-processed/icon-frame2/grimer.png,8
grimer-alola,grimer-alola,SPECIAL_FORM,sprites-processed/front/grimer-alola.png,sprites-processed/back/grimer-alola.png,sprites-processed/front-shiny/grimer-alola.png,sprites-processed/back-shiny/grimer-alola.png,sprites-processed/icon/grimer-alola.png,sprites-processed/icon-frame2/grimer-alola.png,8
grimmsnarl,grimmsnarl,STANDARD,sprites-processed/front/grimmsnarl.png,sprites-processed/back/grimmsnarl.png,sprites-processed/front-shiny/grimmsnarl.png,sprites-processed/back-shiny/grimmsnarl.png,sprites-processed/icon/grimmsnarl.png,sprites-processed/icon-frame2/grimmsnarl.png,8
grimmsnarl-gmax,grimmsnarl-gmax,SPECIAL_FORM,sprites-processed/front/grimmsnarl-gmax.png,sprites-processed/back/grimmsnarl-gmax.png,sprites-processed/front-shiny/grimmsnarl-gmax.png,sprites-processed/back-shiny/grimmsnarl-gmax.png,sprites-processed/icon/grimmsnarl-gmax.png,sprites-processed/icon-frame2/grimmsnarl-gmax.png,8
grookey,grookey,STANDARD,sprites-processed/front/grookey.png,sprites-processed/back/grookey.png,sprites-processed/front-shiny/grookey.png,sprites-processed/back-shiny/grookey.png,sprites-processed/icon/grookey.png,sprites-processed/icon-frame2/grookey.png,8
grotle,grotle,STANDARD,sprites-processed/front/grotle.png,sprites-processed/back/grotle.png,sprites-processed/front-shiny/grotle.png,sprites-processed/back-shiny/grotle.png,sprites-processed/icon/grotle.png,sprites-processed/icon-frame2/grotle.png,8
groudon,groudon,STANDARD,sprites-processed/front/groudon.png,sprites-processed/back/groudon.png,sprites-processed/front-shiny/groudon.png,sprites-processed/back-shiny/groudon.png,sprites-processed/icon/groudon.png,sprites-processed/icon-frame2/groudon.png,8
groudon-primal,groudon-primal,SPECIAL_FORM,sprites-processed/front/groudon-primal.png,sprites-processed/back/groudon-primal.png,sprites-processed/front-shiny/groudon-primal.png,sprites-processed/back-shiny/groudon-primal.png,sprites-processed/icon/groudon-primal.png,sprites-processed/icon-frame2/groudon-primal.png,8
grovyle,grovyle,STANDARD,sprites-processed/front/grovyle.png,sprites-processed/back/grovyle.png,sprites-processed/front-shiny/grovyle.png,sprites-processed/back-shiny/grovyle.png,sprites-processed/icon/grovyle.png,sprites-processed/icon-frame2/grovyle.png,8
growlithe,growlithe,STANDARD,sprites-processed/front/growlithe.png,sprites-processed/back/growlithe.png,sprites-processed/front-shiny/growlithe.png,sprites-processed/back-shiny/growlithe.png,sprites-processed/icon/growlithe.png,sprites-processed/icon-frame2/growlithe.png,8
growlithe-hisui,growlithe-hisui,SPECIAL_FORM,sprites-processed/front/growlithe-hisui.png,sprites-processed/back/growlithe-hisui.png,sprites-processed/front-shiny/growlithe-hisui.png,sprites-processed/back-shiny/growlithe-hisui.png,sprites-processed/icon/growlithe-hisui.png,sprites-processed/icon-frame2/growlithe-hisui.png,8
grubbin,grubbin,STANDARD,sprites-processed/front/grubbin.png,sprites-processed/back/grubbin.png,sprites-processed/front-shiny/grubbin.png,sprites-processed/back-shiny/grubbin.png,sprites-processed/icon/grubbin.png,sprites-processed/icon-frame2/grubbin.png,8
grumpig,grumpig,STANDARD,sprites-processed/front/grumpig.png,sprites-processed/back/grumpig.png,sprites-processed/front-shiny/grumpig.png,sprites-processed/back-shiny/grumpig.png,sprites-processed/icon/grumpig.png,sprites-processed/icon-frame2/grumpig.png,8
gulpin,gulpin,STANDARD,sprites-processed/front/gulpin.png,sprites-processed/back/gulpin.png,sprites-processed/front-shiny/gulpin.png,sprites-processed/back-shiny/gulpin.png,sprites-processed/icon/gulpin.png,sprites-processed/icon-frame2/gulpin.png,10
gumshoos,gumshoos,STANDARD,sprites-processed/front/gumshoos.png,sprites-processed/back/gumshoos.png,sprites-processed/front-shiny/gumshoos.png,sprites-processed/back-shiny/gumshoos.png,sprites-processed/icon/gumshoos.png,sprites-processed/icon-frame2/gumshoos.png,8
gurdurr,gurdurr,STANDARD,sprites-processed/front/gurdurr.png,sprites-processed/back/gurdurr.png,sprites-processed/front-shiny/gurdurr.png,sprites-processed/back-shiny/gurdurr.png,sprites-processed/icon/gurdurr.png,sprites-processed/icon-frame2/gurdurr.png,8
guzzlord,guzzlord,STANDARD,sprites-processed/front/guzzlord.png,sprites-processed/back/guzzlord.png,sprites-processed/front-shiny/guzzlord.png,sprites-processed/back-shiny/guzzlord.png,sprites-processed/icon/guzzlord.png,sprites-processed/icon-frame2/guzzlord.png,8
gyarados,gyarados,STANDARD,sprites-processed/front/gyarados.png,sprites-processed/back/gyarados.png,sprites-processed/front-shiny/gyarados.png,sprites-processed/back-shiny/gyarados.png,sprites-processed/icon/gyarados.png,sprites-processed/icon-frame2/gyarados.png,10
gyarados-mega,gyarados-mega,SPECIAL_FORM,sprites-processed/front/gyarados-mega.png,sprites-processed/back/gyarados-mega.png,sprites-processed/front-shiny/gyarados-mega.png,sprites-processed/back-shiny/gyarados-mega.png,sprites-processed/icon/gyarados-mega.png,sprites-processed/icon-frame2/gyarados-mega.png,8
hakamo-o,hakamo-o,STANDARD,sprites-processed/front/hakamo-o.png,sprites-processed/back/hakamo-o.png,sprites-processed/front-shiny/hakamo-o.png,sprites-processed/back-shiny/hakamo-o.png,sprites-processed/icon/hakamo-o.png,sprites-processed/icon-frame2/hakamo-o.png,8
happiny,happiny,STANDARD,sprites-processed/front/happiny.png,sprites-processed/back/happiny.png,sprites-processed/front-shiny/happiny.png,sprites-processed/back-shiny/happiny.png,sprites-processed/icon/happiny.png,sprites-processed/icon-frame2/happiny.png,8
hariyama,hariyama,STANDARD,sprites-processed/front/hariyama.png,sprites-processed/back/hariyama.png,sprites-processed/front-shiny/hariyama.png,sprites-processed/back-shiny/hariyama.png,sprites-processed/icon/hariyama.png,sprites-processed/icon-frame2/hariyama.png,8
hatenna,hatenna,STANDARD,sprites-processed/front/hatenna.png,sprites-processed/back/hatenna.png,sprites-processed/front-shiny/hatenna.png,sprites-processed/back-shiny/hatenna.png,sprites-processed/icon/hatenna.png,sprites-processed/icon-frame2/hatenna.png,8
hatterene,hatterene,STANDARD,sprites-processed/front/hatterene.png,sprites-processed/back/hatterene.png,sprites-processed/front-shiny/hatterene.png,sprites-processed/back-shiny/hatterene.png,sprites-processed/icon/hatterene.png,sprites-processed/icon-frame2/hatterene.png,8
hatterene-gmax,hatterene-gmax,SPECIAL_FORM,sprites-processed/front/hatterene-gmax.png,sprites-processed/back/hatterene-gmax.png,sprites-processed/front-shiny/hatterene-gmax.png,sprites-processed/back-shiny/hatterene-gmax.png,sprites-processed/icon/hatterene-gmax.png,sprites-processed/icon-frame2/hatterene-gmax.png,8
hattrem,hattrem,STANDARD,sprites-processed/front/hattrem.png,sprites-processed/back/hattrem.png,sprites-processed/front-shiny/hattrem.png,sprites-processed/back-shiny/hattrem.png,sprites-processed/icon/hattrem.png,sprites-processed/icon-frame2/hattrem.png,8
haunter,haunter,STANDARD,sprites-processed/front/haunter.png,sprites-processed/back/haunter.png,sprites-processed/front-shiny/haunter.png,sprites-processed/back-shiny/haunter.png,sprites-processed/icon/haunter.png,sprites-processed/icon-frame2/haunter.png,8
hawlucha,hawlucha,STANDARD,sprites-processed/front/hawlucha.png,sprites-processed/back/hawlucha.png,sprites-processed/front-shiny/hawlucha.png,sprites-processed/back-shiny/hawlucha.png,sprites-processed/icon/hawlucha.png,sprites-processed/icon-frame2/hawlucha.png,8
hawlucha-mega,hawlucha-mega,SPECIAL_FORM,sprites-processed/front/hawlucha-mega.png,sprites-processed/back/hawlucha-mega.png,sprites-processed/front-shiny/hawlucha-mega.png,sprites-processed/back-shiny/hawlucha-mega.png,sprites-processed/icon/hawlucha-mega.png,sprites-processed/icon-frame2/hawlucha-mega.png,8
haxorus,haxorus,STANDARD,sprites-processed/front/haxorus.png,sprites-processed/back/haxorus.png,sprites-processed/front-shiny/haxorus.png,sprites-processed/back-shiny/haxorus.png,sprites-processed/icon/haxorus.png,sprites-processed/icon-frame2/haxorus.png,8
heatmor,heatmor,STANDARD,sprites-processed/front/heatmor.png,sprites-processed/back/heatmor.png,sprites-processed/front-shiny/heatmor.png,sprites-processed/back-shiny/heatmor.png,sprites-processed/icon/heatmor.png,sprites-processed/icon-frame2/heatmor.png,8
heatran,heatran,STANDARD,sprites-processed/front/heatran.png,sprites-processed/back/heatran.png,sprites-processed/front-shiny/heatran.png,sprites-processed/back-shiny/heatran.png,sprites-processed/icon/heatran.png,sprites-processed/icon-frame2/heatran.png,8
heatran-mega,heatran-mega,SPECIAL_FORM,sprites-processed/front/heatran-mega.png,sprites-processed/back/heatran-mega.png,sprites-processed/front-shiny/heatran-mega.png,sprites-processed/back-shiny/heatran-mega.png,sprites-processed/icon/heatran-mega.png,sprites-processed/icon-frame2/heatran-mega.png,8
heliolisk,heliolisk,STANDARD,sprites-processed/front/heliolisk.png,sprites-processed/back/heliolisk.png,sprites-processed/front-shiny/heliolisk.png,sprites-processed/back-shiny/heliolisk.png,sprites-processed/icon/heliolisk.png,sprites-processed/icon-frame2/heliolisk.png,8
helioptile,helioptile,STANDARD,sprites-processed/front/helioptile.png,sprites-processed/back/helioptile.png,sprites-processed/front-shiny/helioptile.png,sprites-processed/back-shiny/helioptile.png,sprites-processed/icon/helioptile.png,sprites-processed/icon-frame2/helioptile.png,8
heracross,heracross,STANDARD,sprites-processed/front/heracross.png,sprites-processed/back/heracross.png,sprites-processed/front-shiny/heracross.png,sprites-processed/back-shiny/heracross.png,sprites-processed/icon/heracross.png,sprites-processed/icon-frame2/heracross.png,10
heracross-mega,heracross-mega,SPECIAL_FORM,sprites-processed/front/heracross-mega.png,sprites-processed/back/heracross-mega.png,sprites-processed/front-shiny/heracross-mega.png,sprites-processed/back-shiny/heracross-mega.png,sprites-processed/icon/heracross-mega.png,sprites-processed/icon-frame2/heracross-mega.png,8
herdier,herdier,STANDARD,sprites-processed/front/herdier.png,floating-pokemon/back__herdier.png,sprites-processed/front-shiny/herdier.png,sprites-processed/back-shiny/herdier.png,sprites-processed/icon/herdier.png,sprites-processed/icon-frame2/herdier.png,9
hippopotas,hippopotas,STANDARD,sprites-processed/front/hippopotas.png,sprites-processed/back/hippopotas.png,sprites-processed/front-shiny/hippopotas.png,sprites-processed/back-shiny/hippopotas.png,sprites-processed/icon/hippopotas.png,sprites-processed/icon-frame2/hippopotas.png,10
hippowdon,hippowdon,STANDARD,sprites-processed/front/hippowdon.png,sprites-processed/back/hippowdon.png,sprites-processed/front-shiny/hippowdon.png,sprites-processed/back-shiny/hippowdon.png,sprites-processed/icon/hippowdon.png,sprites-processed/icon-frame2/hippowdon.png,10
hitmonchan,hitmonchan,STANDARD,sprites-processed/front/hitmonchan.png,sprites-processed/back/hitmonchan.png,sprites-processed/front-shiny/hitmonchan.png,sprites-processed/back-shiny/hitmonchan.png,sprites-processed/icon/hitmonchan.png,sprites-processed/icon-frame2/hitmonchan.png,8
hitmonlee,hitmonlee,STANDARD,sprites-processed/front/hitmonlee.png,sprites-processed/back/hitmonlee.png,sprites-processed/front-shiny/hitmonlee.png,sprites-processed/back-shiny/hitmonlee.png,sprites-processed/icon/hitmonlee.png,sprites-processed/icon-frame2/hitmonlee.png,8
hitmontop,hitmontop,STANDARD,sprites-processed/front/hitmontop.png,sprites-processed/back/hitmontop.png,sprites-processed/front-shiny/hitmontop.png,sprites-processed/back-shiny/hitmontop.png,sprites-processed/icon/hitmontop.png,sprites-processed/icon-frame2/hitmontop.png,8
ho-oh,ho-oh,STANDARD,sprites-processed/front/ho-oh.png,sprites-processed/back/ho-oh.png,sprites-processed/front-shiny/ho-oh.png,sprites-processed/back-shiny/ho-oh.png,sprites-processed/icon/ho-oh.png,sprites-processed/icon-frame2/ho-oh.png,8
honchkrow,honchkrow,STANDARD,sprites-processed/front/honchkrow.png,sprites-processed/back/honchkrow.png,sprites-processed/front-shiny/honchkrow.png,sprites-processed/back-shiny/honchkrow.png,sprites-processed/icon/honchkrow.png,sprites-processed/icon-frame2/honchkrow.png,8
honedge,honedge,STANDARD,sprites-processed/front/honedge.png,sprites-processed/back/honedge.png,sprites-processed/front-shiny/honedge.png,sprites-processed/back-shiny/honedge.png,sprites-processed/icon/honedge.png,sprites-processed/icon-frame2/honedge.png,8
hoopa,hoopa,STANDARD,sprites-processed/front/hoopa.png,sprites-processed/back/hoopa.png,sprites-processed/front-shiny/hoopa.png,sprites-processed/back-shiny/hoopa.png,sprites-processed/icon/hoopa.png,sprites-processed/icon-frame2/hoopa.png,8
hoopa-unbound,hoopa-unbound,STANDARD,sprites-processed/front/hoopa-unbound.png,sprites-processed/back/hoopa-unbound.png,sprites-processed/front-shiny/hoopa-unbound.png,sprites-processed/back-shiny/hoopa-unbound.png,sprites-processed/icon/hoopa-unbound.png,sprites-processed/icon-frame2/hoopa-unbound.png,8
hoothoot,hoothoot,STANDARD,sprites-processed/front/hoothoot.png,sprites-processed/back/hoothoot.png,sprites-processed/front-shiny/hoothoot.png,sprites-processed/back-shiny/hoothoot.png,sprites-processed/icon/hoothoot.png,sprites-processed/icon-frame2/hoothoot.png,8
hoppip,hoppip,STANDARD,sprites-processed/front/hoppip.png,sprites-processed/back/hoppip.png,sprites-processed/front-shiny/hoppip.png,sprites-processed/back-shiny/hoppip.png,sprites-processed/icon/hoppip.png,sprites-processed/icon-frame2/hoppip.png,8
horsea,horsea,STANDARD,sprites-processed/front/horsea.png,sprites-processed/back/horsea.png,sprites-processed/front-shiny/horsea.png,sprites-processed/back-shiny/horsea.png,sprites-processed/icon/horsea.png,sprites-processed/icon-frame2/horsea.png,8
houndoom,houndoom,STANDARD,sprites-processed/front/houndoom.png,sprites-processed/back/houndoom.png,sprites-processed/front-shiny/houndoom.png,sprites-processed/back-shiny/houndoom.png,sprites-processed/icon/houndoom.png,sprites-processed/icon-frame2/houndoom.png,10
houndoom-mega,houndoom-mega,SPECIAL_FORM,sprites-processed/front/houndoom-mega.png,sprites-processed/back/houndoom-mega.png,sprites-processed/front-shiny/houndoom-mega.png,sprites-processed/back-shiny/houndoom-mega.png,sprites-processed/icon/houndoom-mega.png,sprites-processed/icon-frame2/houndoom-mega.png,8
houndour,houndour,STANDARD,sprites-processed/front/houndour.png,sprites-processed/back/houndour.png,sprites-processed/front-shiny/houndour.png,sprites-processed/back-shiny/houndour.png,sprites-processed/icon/houndour.png,sprites-processed/icon-frame2/houndour.png,8
houndstone,houndstone,STANDARD,sprites-processed/front/houndstone.png,sprites-processed/back/houndstone.png,sprites-processed/front-shiny/houndstone.png,sprites-processed/back-shiny/houndstone.png,sprites-processed/icon/houndstone.png,sprites-processed/icon-frame2/houndstone.png,8
huntail,huntail,STANDARD,sprites-processed/front/huntail.png,sprites-processed/back/huntail.png,sprites-processed/front-shiny/huntail.png,sprites-processed/back-shiny/huntail.png,sprites-processed/icon/huntail.png,sprites-processed/icon-frame2/huntail.png,8
hydrapple,hydrapple,STANDARD,sprites-processed/front/hydrapple.png,sprites-processed/back/hydrapple.png,sprites-processed/front-shiny/hydrapple.png,sprites-processed/back-shiny/hydrapple.png,sprites-processed/icon/hydrapple.png,sprites-processed/icon-frame2/hydrapple.png,8
hydreigon,hydreigon,STANDARD,sprites-processed/front/hydreigon.png,sprites-processed/back/hydreigon.png,sprites-processed/front-shiny/hydreigon.png,sprites-processed/back-shiny/hydreigon.png,sprites-processed/icon/hydreigon.png,sprites-processed/icon-frame2/hydreigon.png,8
hypno,hypno,STANDARD,sprites-processed/front/hypno.png,sprites-processed/back/hypno.png,sprites-processed/front-shiny/hypno.png,sprites-processed/back-shiny/hypno.png,sprites-processed/icon/hypno.png,sprites-processed/icon-frame2/hypno.png,10
igglybuff,igglybuff,STANDARD,sprites-processed/front/igglybuff.png,sprites-processed/back/igglybuff.png,sprites-processed/front-shiny/igglybuff.png,sprites-processed/back-shiny/igglybuff.png,sprites-processed/icon/igglybuff.png,sprites-processed/icon-frame2/igglybuff.png,8
illumise,illumise,STANDARD,sprites-processed/front/illumise.png,sprites-processed/back/illumise.png,sprites-processed/front-shiny/illumise.png,sprites-processed/back-shiny/illumise.png,sprites-processed/icon/illumise.png,sprites-processed/icon-frame2/illumise.png,8
impidimp,impidimp,STANDARD,sprites-processed/front/impidimp.png,sprites-processed/back/impidimp.png,sprites-processed/front-shiny/impidimp.png,sprites-processed/back-shiny/impidimp.png,sprites-processed/icon/impidimp.png,sprites-processed/icon-frame2/impidimp.png,8
incineroar,incineroar,STANDARD,sprites-processed/front/incineroar.png,floating-pokemon/back__incineroar.png,sprites-processed/front-shiny/incineroar.png,sprites-processed/back-shiny/incineroar.png,sprites-processed/icon/incineroar.png,sprites-processed/icon-frame2/incineroar.png,9
indeedee-female,indeedee-female,STANDARD,sprites-processed/front/indeedee-female.png,sprites-processed/back/indeedee-female.png,sprites-processed/front-shiny/indeedee-female.png,sprites-processed/back-shiny/indeedee-female.png,sprites-processed/icon/indeedee-female.png,sprites-processed/icon-frame2/indeedee-female.png,12
indeedee-male,indeedee-male,STANDARD,sprites-processed/front/indeedee-male.png,sprites-processed/back/indeedee-male.png,sprites-processed/front-shiny/indeedee-male.png,sprites-processed/back-shiny/indeedee-male.png,sprites-processed/icon/indeedee-male.png,sprites-processed/icon-frame2/indeedee-male.png,8
infernape,infernape,STANDARD,sprites-processed/front/infernape.png,sprites-processed/back/infernape.png,sprites-processed/front-shiny/infernape.png,sprites-processed/back-shiny/infernape.png,sprites-processed/icon/infernape.png,sprites-processed/icon-frame2/infernape.png,8
inkay,inkay,STANDARD,sprites-processed/front/inkay.png,sprites-processed/back/inkay.png,sprites-processed/front-shiny/inkay.png,sprites-processed/back-shiny/inkay.png,sprites-processed/icon/inkay.png,sprites-processed/icon-frame2/inkay.png,8
inteleon,inteleon,STANDARD,sprites-processed/front/inteleon.png,sprites-processed/back/inteleon.png,sprites-processed/front-shiny/inteleon.png,sprites-processed/back-shiny/inteleon.png,sprites-processed/icon/inteleon.png,sprites-processed/icon-frame2/inteleon.png,8
inteleon-gmax,inteleon-gmax,SPECIAL_FORM,sprites-processed/front/inteleon-gmax.png,sprites-processed/back/inteleon-gmax.png,sprites-processed/front-shiny/inteleon-gmax.png,sprites-processed/back-shiny/inteleon-gmax.png,sprites-processed/icon/inteleon-gmax.png,sprites-processed/icon-frame2/inteleon-gmax.png,8
iron-boulder,iron-boulder,STANDARD,sprites-processed/front/iron-boulder.png,sprites-processed/back/iron-boulder.png,sprites-processed/front-shiny/iron-boulder.png,sprites-processed/back-shiny/iron-boulder.png,sprites-processed/icon/iron-boulder.png,sprites-processed/icon-frame2/iron-boulder.png,8
iron-bundle,iron-bundle,STANDARD,sprites-processed/front/iron-bundle.png,sprites-processed/back/iron-bundle.png,sprites-processed/front-shiny/iron-bundle.png,sprites-processed/back-shiny/iron-bundle.png,sprites-processed/icon/iron-bundle.png,sprites-processed/icon-frame2/iron-bundle.png,8
iron-crown,iron-crown,STANDARD,sprites-processed/front/iron-crown.png,sprites-processed/back/iron-crown.png,sprites-processed/front-shiny/iron-crown.png,sprites-processed/back-shiny/iron-crown.png,sprites-processed/icon/iron-crown.png,sprites-processed/icon-frame2/iron-crown.png,8
iron-hands,iron-hands,STANDARD,sprites-processed/front/iron-hands.png,sprites-processed/back/iron-hands.png,sprites-processed/front-shiny/iron-hands.png,sprites-processed/back-shiny/iron-hands.png,sprites-processed/icon/iron-hands.png,sprites-processed/icon-frame2/iron-hands.png,8
iron-jugulis,iron-jugulis,STANDARD,sprites-processed/front/iron-jugulis.png,sprites-processed/back/iron-jugulis.png,sprites-processed/front-shiny/iron-jugulis.png,sprites-processed/back-shiny/iron-jugulis.png,sprites-processed/icon/iron-jugulis.png,sprites-processed/icon-frame2/iron-jugulis.png,8
iron-leaves,iron-leaves,STANDARD,sprites-processed/front/iron-leaves.png,sprites-processed/back/iron-leaves.png,sprites-processed/front-shiny/iron-leaves.png,sprites-processed/back-shiny/iron-leaves.png,sprites-processed/icon/iron-leaves.png,sprites-processed/icon-frame2/iron-leaves.png,8
iron-moth,iron-moth,STANDARD,sprites-processed/front/iron-moth.png,sprites-processed/back/iron-moth.png,sprites-processed/front-shiny/iron-moth.png,sprites-processed/back-shiny/iron-moth.png,sprites-processed/icon/iron-moth.png,sprites-processed/icon-frame2/iron-moth.png,8
iron-thorns,iron-thorns,STANDARD,sprites-processed/front/iron-thorns.png,sprites-processed/back/iron-thorns.png,sprites-processed/front-shiny/iron-thorns.png,sprites-processed/back-shiny/iron-thorns.png,sprites-processed/icon/iron-thorns.png,sprites-processed/icon-frame2/iron-thorns.png,8
iron-treads,iron-treads,STANDARD,sprites-processed/front/iron-treads.png,sprites-processed/back/iron-treads.png,sprites-processed/front-shiny/iron-treads.png,sprites-processed/back-shiny/iron-treads.png,sprites-processed/icon/iron-treads.png,sprites-processed/icon-frame2/iron-treads.png,8
iron-valiant,iron-valiant,STANDARD,sprites-processed/front/iron-valiant.png,sprites-processed/back/iron-valiant.png,sprites-processed/front-shiny/iron-valiant.png,sprites-processed/back-shiny/iron-valiant.png,sprites-processed/icon/iron-valiant.png,sprites-processed/icon-frame2/iron-valiant.png,8
ivysaur,ivysaur,STANDARD,sprites-processed/front/ivysaur.png,sprites-processed/back/ivysaur.png,sprites-processed/front-shiny/ivysaur.png,sprites-processed/back-shiny/ivysaur.png,sprites-processed/icon/ivysaur.png,sprites-processed/icon-frame2/ivysaur.png,8
jangmo-o,jangmo-o,STANDARD,sprites-processed/front/jangmo-o.png,sprites-processed/back/jangmo-o.png,sprites-processed/front-shiny/jangmo-o.png,sprites-processed/back-shiny/jangmo-o.png,sprites-processed/icon/jangmo-o.png,sprites-processed/icon-frame2/jangmo-o.png,8
jellicent-female,jellicent-female,STANDARD,sprites-processed/front/jellicent-female.png,floating-pokemon/back__jellicent-female.png,sprites-processed/front-shiny/jellicent-female.png,floating-pokemon/back-shiny__jellicent-female.png,sprites-processed/icon/jellicent-female.png,sprites-processed/icon-frame2/jellicent-female.png,16
jellicent-male,jellicent-male,STANDARD,sprites-processed/front/jellicent-male.png,sprites-processed/back/jellicent-male.png,sprites-processed/front-shiny/jellicent-male.png,sprites-processed/back-shiny/jellicent-male.png,sprites-processed/icon/jellicent-male.png,sprites-processed/icon-frame2/jellicent-male.png,8
jigglypuff,jigglypuff,STANDARD,sprites-processed/front/jigglypuff.png,sprites-processed/back/jigglypuff.png,sprites-processed/front-shiny/jigglypuff.png,sprites-processed/back-shiny/jigglypuff.png,sprites-processed/icon/jigglypuff.png,sprites-processed/icon-frame2/jigglypuff.png,8
jirachi,jirachi,STANDARD,sprites-processed/front/jirachi.png,floating-pokemon/back__jirachi.png,sprites-processed/front-shiny/jirachi.png,floating-pokemon/back-shiny__jirachi.png,sprites-processed/icon/jirachi.png,sprites-processed/icon-frame2/jirachi.png,10
jolteon,jolteon,STANDARD,sprites-processed/front/jolteon.png,sprites-processed/back/jolteon.png,sprites-processed/front-shiny/jolteon.png,sprites-processed/back-shiny/jolteon.png,sprites-processed/icon/jolteon.png,sprites-processed/icon-frame2/jolteon.png,8
joltik,joltik,STANDARD,sprites-processed/front/joltik.png,sprites-processed/back/joltik.png,sprites-processed/front-shiny/joltik.png,sprites-processed/back-shiny/joltik.png,sprites-processed/icon/joltik.png,sprites-processed/icon-frame2/joltik.png,8
jumpluff,jumpluff,STANDARD,sprites-processed/front/jumpluff.png,sprites-processed/back/jumpluff.png,sprites-processed/front-shiny/jumpluff.png,sprites-processed/back-shiny/jumpluff.png,sprites-processed/icon/jumpluff.png,sprites-processed/icon-frame2/jumpluff.png,8
jynx,jynx,STANDARD,sprites-processed/front/jynx.png,sprites-processed/back/jynx.png,sprites-processed/front-shiny/jynx.png,sprites-processed/back-shiny/jynx.png,sprites-processed/icon/jynx.png,sprites-processed/icon-frame2/jynx.png,8
kabuto,kabuto,STANDARD,sprites-processed/front/kabuto.png,sprites-processed/back/kabuto.png,sprites-processed/front-shiny/kabuto.png,sprites-processed/back-shiny/kabuto.png,sprites-processed/icon/kabuto.png,sprites-processed/icon-frame2/kabuto.png,8
kabutops,kabutops,STANDARD,sprites-processed/front/kabutops.png,sprites-processed/back/kabutops.png,sprites-processed/front-shiny/kabutops.png,sprites-processed/back-shiny/kabutops.png,sprites-processed/icon/kabutops.png,sprites-processed/icon-frame2/kabutops.png,8
kadabra,kadabra,STANDARD,sprites-processed/front/kadabra.png,sprites-processed/back/kadabra.png,sprites-processed/front-shiny/kadabra.png,sprites-processed/back-shiny/kadabra.png,sprites-processed/icon/kadabra.png,sprites-processed/icon-frame2/kadabra.png,10
kakuna,kakuna,STANDARD,sprites-processed/front/kakuna.png,sprites-processed/back/kakuna.png,sprites-processed/front-shiny/kakuna.png,sprites-processed/back-shiny/kakuna.png,sprites-processed/icon/kakuna.png,sprites-processed/icon-frame2/kakuna.png,8
kangaskhan,kangaskhan,STANDARD,sprites-processed/front/kangaskhan.png,sprites-processed/back/kangaskhan.png,sprites-processed/front-shiny/kangaskhan.png,sprites-processed/back-shiny/kangaskhan.png,sprites-processed/icon/kangaskhan.png,sprites-processed/icon-frame2/kangaskhan.png,8
kangaskhan-mega,kangaskhan-mega,SPECIAL_FORM,sprites-processed/front/kangaskhan-mega.png,sprites-processed/back/kangaskhan-mega.png,sprites-processed/front-shiny/kangaskhan-mega.png,sprites-processed/back-shiny/kangaskhan-mega.png,sprites-processed/icon/kangaskhan-mega.png,sprites-processed/icon-frame2/kangaskhan-mega.png,8
karrablast,karrablast,STANDARD,sprites-processed/front/karrablast.png,sprites-processed/back/karrablast.png,sprites-processed/front-shiny/karrablast.png,sprites-processed/back-shiny/karrablast.png,sprites-processed/icon/karrablast.png,sprites-processed/icon-frame2/karrablast.png,8
kartana,kartana,STANDARD,sprites-processed/front/kartana.png,sprites-processed/back/kartana.png,sprites-processed/front-shiny/kartana.png,sprites-processed/back-shiny/kartana.png,sprites-processed/icon/kartana.png,sprites-processed/icon-frame2/kartana.png,8
kecleon,kecleon,STANDARD,sprites-processed/front/kecleon.png,sprites-processed/back/kecleon.png,sprites-processed/front-shiny/kecleon.png,sprites-processed/back-shiny/kecleon.png,sprites-processed/icon/kecleon.png,sprites-processed/icon-frame2/kecleon.png,8
keldeo-ordinary,keldeo-ordinary,STANDARD,sprites-processed/front/keldeo-ordinary.png,sprites-processed/back/keldeo-ordinary.png,sprites-processed/front-shiny/keldeo-ordinary.png,sprites-processed/back-shiny/keldeo-ordinary.png,sprites-processed/icon/keldeo-ordinary.png,sprites-processed/icon-frame2/keldeo-ordinary.png,8
keldeo-resolute,keldeo-resolute,STANDARD,sprites-processed/front/keldeo-resolute.png,sprites-processed/back/keldeo-resolute.png,sprites-processed/front-shiny/keldeo-resolute.png,sprites-processed/back-shiny/keldeo-resolute.png,sprites-processed/icon/keldeo-resolute.png,sprites-processed/icon-frame2/keldeo-resolute.png,8
kilowattrel,kilowattrel,STANDARD,sprites-processed/front/kilowattrel.png,sprites-processed/back/kilowattrel.png,sprites-processed/front-shiny/kilowattrel.png,sprites-processed/back-shiny/kilowattrel.png,sprites-processed/icon/kilowattrel.png,sprites-processed/icon-frame2/kilowattrel.png,8
kingambit,kingambit,STANDARD,sprites-processed/front/kingambit.png,sprites-processed/back/kingambit.png,sprites-processed/front-shiny/kingambit.png,sprites-processed/back-shiny/kingambit.png,sprites-processed/icon/kingambit.png,sprites-processed/icon-frame2/kingambit.png,8
kingdra,kingdra,STANDARD,sprites-processed/front/kingdra.png,sprites-processed/back/kingdra.png,sprites-processed/front-shiny/kingdra.png,sprites-processed/back-shiny/kingdra.png,sprites-processed/icon/kingdra.png,sprites-processed/icon-frame2/kingdra.png,8
kingler,kingler,STANDARD,sprites-processed/front/kingler.png,sprites-processed/back/kingler.png,sprites-processed/front-shiny/kingler.png,sprites-processed/back-shiny/kingler.png,sprites-processed/icon/kingler.png,sprites-processed/icon-frame2/kingler.png,8
kingler-gmax,kingler-gmax,SPECIAL_FORM,sprites-processed/front/kingler-gmax.png,sprites-processed/back/kingler-gmax.png,sprites-processed/front-shiny/kingler-gmax.png,sprites-processed/back-shiny/kingler-gmax.png,sprites-processed/icon/kingler-gmax.png,sprites-processed/icon-frame2/kingler-gmax.png,8
kirlia,kirlia,STANDARD,sprites-processed/front/kirlia.png,sprites-processed/back/kirlia.png,sprites-processed/front-shiny/kirlia.png,sprites-processed/back-shiny/kirlia.png,sprites-processed/icon/kirlia.png,sprites-processed/icon-frame2/kirlia.png,8
klang,klang,STANDARD,sprites-processed/front/klang.png,sprites-processed/back/klang.png,sprites-processed/front-shiny/klang.png,sprites-processed/back-shiny/klang.png,sprites-processed/icon/klang.png,sprites-processed/icon-frame2/klang.png,8
klawf,klawf,STANDARD,sprites-processed/front/klawf.png,sprites-processed/back/klawf.png,sprites-processed/front-shiny/klawf.png,sprites-processed/back-shiny/klawf.png,sprites-processed/icon/klawf.png,sprites-processed/icon-frame2/klawf.png,8
kleavor,kleavor,STANDARD,sprites-processed/front/kleavor.png,sprites-processed/back/kleavor.png,sprites-processed/front-shiny/kleavor.png,floating-pokemon/back-shiny__kleavor.png,sprites-processed/icon/kleavor.png,sprites-processed/icon-frame2/kleavor.png,9
klefki,klefki,STANDARD,sprites-processed/front/klefki.png,sprites-processed/back/klefki.png,sprites-processed/front-shiny/klefki.png,sprites-processed/back-shiny/klefki.png,sprites-processed/icon/klefki.png,sprites-processed/icon-frame2/klefki.png,8
klink,klink,STANDARD,sprites-processed/front/klink.png,floating-pokemon/back__klink.png,sprites-processed/front-shiny/klink.png,sprites-processed/back-shiny/klink.png,sprites-processed/icon/klink.png,sprites-processed/icon-frame2/klink.png,9
klinklang,klinklang,STANDARD,sprites-processed/front/klinklang.png,sprites-processed/back/klinklang.png,sprites-processed/front-shiny/klinklang.png,sprites-processed/back-shiny/klinklang.png,sprites-processed/icon/klinklang.png,sprites-processed/icon-frame2/klinklang.png,8
koffing,koffing,STANDARD,sprites-processed/front/koffing.png,sprites-processed/back/koffing.png,sprites-processed/front-shiny/koffing.png,sprites-processed/back-shiny/koffing.png,sprites-processed/icon/koffing.png,sprites-processed/icon-frame2/koffing.png,8
komala,komala,STANDARD,sprites-processed/front/komala.png,sprites-processed/back/komala.png,sprites-processed/front-shiny/komala.png,sprites-processed/back-shiny/komala.png,sprites-processed/icon/komala.png,sprites-processed/icon-frame2/komala.png,8
kommo-o,kommo-o,STANDARD,sprites-processed/front/kommo-o.png,sprites-processed/back/kommo-o.png,sprites-processed/front-shiny/kommo-o.png,sprites-processed/back-shiny/kommo-o.png,sprites-processed/icon/kommo-o.png,sprites-processed/icon-frame2/kommo-o.png,8
koraidon-apex-build,koraidon-apex-build,STANDARD,sprites-processed/front/koraidon-apex-build.png,sprites-processed/back/koraidon-apex-build.png,sprites-processed/front-shiny/koraidon-apex-build.png,sprites-processed/back-shiny/koraidon-apex-build.png,sprites-processed/icon/koraidon-apex-build.png,sprites-processed/icon-frame2/koraidon-apex-build.png,8
krabby,krabby,STANDARD,sprites-processed/front/krabby.png,sprites-processed/back/krabby.png,sprites-processed/front-shiny/krabby.png,sprites-processed/back-shiny/krabby.png,sprites-processed/icon/krabby.png,sprites-processed/icon-frame2/krabby.png,8
kricketot,kricketot,STANDARD,sprites-processed/front/kricketot.png,sprites-processed/back/kricketot.png,sprites-processed/front-shiny/kricketot.png,sprites-processed/back-shiny/kricketot.png,sprites-processed/icon/kricketot.png,sprites-processed/icon-frame2/kricketot.png,10
kricketune,kricketune,STANDARD,sprites-processed/front/kricketune.png,sprites-processed/back/kricketune.png,sprites-processed/front-shiny/kricketune.png,sprites-processed/back-shiny/kricketune.png,sprites-processed/icon/kricketune.png,sprites-processed/icon-frame2/kricketune.png,10
krokorok,krokorok,STANDARD,sprites-processed/front/krokorok.png,sprites-processed/back/krokorok.png,sprites-processed/front-shiny/krokorok.png,sprites-processed/back-shiny/krokorok.png,sprites-processed/icon/krokorok.png,sprites-processed/icon-frame2/krokorok.png,8
krookodile,krookodile,STANDARD,sprites-processed/front/krookodile.png,floating-pokemon/back__krookodile.png,sprites-processed/front-shiny/krookodile.png,sprites-processed/back-shiny/krookodile.png,sprites-processed/icon/krookodile.png,sprites-processed/icon-frame2/krookodile.png,9
kubfu,kubfu,STANDARD,sprites-processed/front/kubfu.png,sprites-processed/back/kubfu.png,sprites-processed/front-shiny/kubfu.png,sprites-processed/back-shiny/kubfu.png,sprites-processed/icon/kubfu.png,sprites-processed/icon-frame2/kubfu.png,8
kyogre,kyogre,STANDARD,sprites-processed/front/kyogre.png,sprites-processed/back/kyogre.png,sprites-processed/front-shiny/kyogre.png,sprites-processed/back-shiny/kyogre.png,sprites-processed/icon/kyogre.png,sprites-processed/icon-frame2/kyogre.png,8
kyogre-primal,kyogre-primal,SPECIAL_FORM,sprites-processed/front/kyogre-primal.png,sprites-processed/back/kyogre-primal.png,sprites-processed/front-shiny/kyogre-primal.png,sprites-processed/back-shiny/kyogre-primal.png,sprites-processed/icon/kyogre-primal.png,sprites-processed/icon-frame2/kyogre-primal.png,8
kyurem,kyurem,STANDARD,sprites-processed/front/kyurem.png,sprites-processed/back/kyurem.png,sprites-processed/front-shiny/kyurem.png,sprites-processed/back-shiny/kyurem.png,sprites-processed/icon/kyurem.png,sprites-processed/icon-frame2/kyurem.png,8
kyurem-black,kyurem-black,STANDARD,sprites-processed/front/kyurem-black.png,sprites-processed/back/kyurem-black.png,sprites-processed/front-shiny/kyurem-black.png,sprites-processed/back-shiny/kyurem-black.png,sprites-processed/icon/kyurem-black.png,sprites-processed/icon-frame2/kyurem-black.png,8
kyurem-white,kyurem-white,STANDARD,sprites-processed/front/kyurem-white.png,sprites-processed/back/kyurem-white.png,sprites-processed/front-shiny/kyurem-white.png,sprites-processed/back-shiny/kyurem-white.png,sprites-processed/icon/kyurem-white.png,sprites-processed/icon-frame2/kyurem-white.png,8
lairon,lairon,STANDARD,sprites-processed/front/lairon.png,sprites-processed/back/lairon.png,sprites-processed/front-shiny/lairon.png,sprites-processed/back-shiny/lairon.png,sprites-processed/icon/lairon.png,sprites-processed/icon-frame2/lairon.png,8
lampent,lampent,STANDARD,sprites-processed/front/lampent.png,sprites-processed/back/lampent.png,sprites-processed/front-shiny/lampent.png,sprites-processed/back-shiny/lampent.png,sprites-processed/icon/lampent.png,sprites-processed/icon-frame2/lampent.png,8
landorus-incarnate,landorus-incarnate,STANDARD,sprites-processed/front/landorus-incarnate.png,sprites-processed/back/landorus-incarnate.png,sprites-processed/front-shiny/landorus-incarnate.png,sprites-processed/back-shiny/landorus-incarnate.png,sprites-processed/icon/landorus-incarnate.png,sprites-processed/icon-frame2/landorus-incarnate.png,8
landorus-therian,landorus-therian,SPECIAL_FORM,sprites-processed/front/landorus-therian.png,sprites-processed/back/landorus-therian.png,sprites-processed/front-shiny/landorus-therian.png,sprites-processed/back-shiny/landorus-therian.png,sprites-processed/icon/landorus-therian.png,sprites-processed/icon-frame2/landorus-therian.png,8
lanturn,lanturn,STANDARD,sprites-processed/front/lanturn.png,sprites-processed/back/lanturn.png,sprites-processed/front-shiny/lanturn.png,sprites-processed/back-shiny/lanturn.png,sprites-processed/icon/lanturn.png,sprites-processed/icon-frame2/lanturn.png,8
lapras,lapras,STANDARD,sprites-processed/front/lapras.png,sprites-processed/back/lapras.png,sprites-processed/front-shiny/lapras.png,sprites-processed/back-shiny/lapras.png,sprites-processed/icon/lapras.png,sprites-processed/icon-frame2/lapras.png,8
lapras-gmax,lapras-gmax,SPECIAL_FORM,sprites-processed/front/lapras-gmax.png,sprites-processed/back/lapras-gmax.png,sprites-processed/front-shiny/lapras-gmax.png,sprites-processed/back-shiny/lapras-gmax.png,sprites-processed/icon/lapras-gmax.png,sprites-processed/icon-frame2/lapras-gmax.png,8
larvesta,larvesta,STANDARD,sprites-processed/front/larvesta.png,sprites-processed/back/larvesta.png,sprites-processed/front-shiny/larvesta.png,sprites-processed/back-shiny/larvesta.png,sprites-processed/icon/larvesta.png,sprites-processed/icon-frame2/larvesta.png,8
larvitar,larvitar,STANDARD,sprites-processed/front/larvitar.png,sprites-processed/back/larvitar.png,sprites-processed/front-shiny/larvitar.png,sprites-processed/back-shiny/larvitar.png,sprites-processed/icon/larvitar.png,sprites-processed/icon-frame2/larvitar.png,8
latias,latias,STANDARD,sprites-processed/front/latias.png,sprites-processed/back/latias.png,sprites-processed/front-shiny/latias.png,sprites-processed/back-shiny/latias.png,sprites-processed/icon/latias.png,sprites-processed/icon-frame2/latias.png,8
latias-mega,latias-mega,SPECIAL_FORM,sprites-processed/front/latias-mega.png,sprites-processed/back/latias-mega.png,sprites-processed/front-shiny/latias-mega.png,sprites-processed/back-shiny/latias-mega.png,sprites-processed/icon/latias-mega.png,sprites-processed/icon-frame2/latias-mega.png,8
latios,latios,STANDARD,sprites-processed/front/latios.png,sprites-processed/back/latios.png,sprites-processed/front-shiny/latios.png,sprites-processed/back-shiny/latios.png,sprites-processed/icon/latios.png,sprites-processed/icon-frame2/latios.png,8
latios-mega,latios-mega,SPECIAL_FORM,sprites-processed/front/latios-mega.png,sprites-processed/back/latios-mega.png,sprites-processed/front-shiny/latios-mega.png,sprites-processed/back-shiny/latios-mega.png,sprites-processed/icon/latios-mega.png,sprites-processed/icon-frame2/latios-mega.png,8
leafeon,leafeon,STANDARD,sprites-processed/front/leafeon.png,sprites-processed/back/leafeon.png,sprites-processed/front-shiny/leafeon.png,sprites-processed/back-shiny/leafeon.png,sprites-processed/icon/leafeon.png,sprites-processed/icon-frame2/leafeon.png,8
leavanny,leavanny,STANDARD,sprites-processed/front/leavanny.png,sprites-processed/back/leavanny.png,sprites-processed/front-shiny/leavanny.png,sprites-processed/back-shiny/leavanny.png,sprites-processed/icon/leavanny.png,sprites-processed/icon-frame2/leavanny.png,8
lechonk,lechonk,STANDARD,sprites-processed/front/lechonk.png,sprites-processed/back/lechonk.png,sprites-processed/front-shiny/lechonk.png,sprites-processed/back-shiny/lechonk.png,sprites-processed/icon/lechonk.png,sprites-processed/icon-frame2/lechonk.png,8
ledian,ledian,STANDARD,sprites-processed/front/ledian.png,sprites-processed/back/ledian.png,sprites-processed/front-shiny/ledian.png,sprites-processed/back-shiny/ledian.png,sprites-processed/icon/ledian.png,sprites-processed/icon-frame2/ledian.png,10
ledyba,ledyba,STANDARD,sprites-processed/front/ledyba.png,sprites-processed/back/ledyba.png,sprites-processed/front-shiny/ledyba.png,sprites-processed/back-shiny/ledyba.png,sprites-processed/icon/ledyba.png,sprites-processed/icon-frame2/ledyba.png,10
lickilicky,lickilicky,STANDARD,sprites-processed/front/lickilicky.png,sprites-processed/back/lickilicky.png,sprites-processed/front-shiny/lickilicky.png,sprites-processed/back-shiny/lickilicky.png,sprites-processed/icon/lickilicky.png,sprites-processed/icon-frame2/lickilicky.png,8
lickitung,lickitung,STANDARD,sprites-processed/front/lickitung.png,sprites-processed/back/lickitung.png,sprites-processed/front-shiny/lickitung.png,sprites-processed/back-shiny/lickitung.png,sprites-processed/icon/lickitung.png,sprites-processed/icon-frame2/lickitung.png,8
liepard,liepard,STANDARD,sprites-processed/front/liepard.png,sprites-processed/back/liepard.png,sprites-processed/front-shiny/liepard.png,sprites-processed/back-shiny/liepard.png,sprites-processed/icon/liepard.png,sprites-processed/icon-frame2/liepard.png,8
lileep,lileep,STANDARD,sprites-processed/front/lileep.png,sprites-processed/back/lileep.png,sprites-processed/front-shiny/lileep.png,sprites-processed/back-shiny/lileep.png,sprites-processed/icon/lileep.png,sprites-processed/icon-frame2/lileep.png,8
lilligant,lilligant,STANDARD,sprites-processed/front/lilligant.png,sprites-processed/back/lilligant.png,sprites-processed/front-shiny/lilligant.png,sprites-processed/back-shiny/lilligant.png,sprites-processed/icon/lilligant.png,sprites-processed/icon-frame2/lilligant.png,8
lilligant-hisui,lilligant-hisui,SPECIAL_FORM,sprites-processed/front/lilligant-hisui.png,sprites-processed/back/lilligant-hisui.png,sprites-processed/front-shiny/lilligant-hisui.png,sprites-processed/back-shiny/lilligant-hisui.png,sprites-processed/icon/lilligant-hisui.png,sprites-processed/icon-frame2/lilligant-hisui.png,8
lillipup,lillipup,STANDARD,sprites-processed/front/lillipup.png,sprites-processed/back/lillipup.png,sprites-processed/front-shiny/lillipup.png,sprites-processed/back-shiny/lillipup.png,sprites-processed/icon/lillipup.png,sprites-processed/icon-frame2/lillipup.png,8
linoone,linoone,STANDARD,sprites-processed/front/linoone.png,sprites-processed/back/linoone.png,sprites-processed/front-shiny/linoone.png,sprites-processed/back-shiny/linoone.png,sprites-processed/icon/linoone.png,sprites-processed/icon-frame2/linoone.png,8
linoone-galar,linoone-galar,SPECIAL_FORM,sprites-processed/front/linoone-galar.png,sprites-processed/back/linoone-galar.png,sprites-processed/front-shiny/linoone-galar.png,sprites-processed/back-shiny/linoone-galar.png,sprites-processed/icon/linoone-galar.png,sprites-processed/icon-frame2/linoone-galar.png,8
litleo,litleo,STANDARD,sprites-processed/front/litleo.png,sprites-processed/back/litleo.png,sprites-processed/front-shiny/litleo.png,sprites-processed/back-shiny/litleo.png,sprites-processed/icon/litleo.png,sprites-processed/icon-frame2/litleo.png,8
litten,litten,STANDARD,sprites-processed/front/litten.png,sprites-processed/back/litten.png,sprites-processed/front-shiny/litten.png,sprites-processed/back-shiny/litten.png,sprites-processed/icon/litten.png,sprites-processed/icon-frame2/litten.png,8
litwick,litwick,STANDARD,sprites-processed/front/litwick.png,sprites-processed/back/litwick.png,sprites-processed/front-shiny/litwick.png,sprites-processed/back-shiny/litwick.png,sprites-processed/icon/litwick.png,sprites-processed/icon-frame2/litwick.png,8
lokix,lokix,STANDARD,sprites-processed/front/lokix.png,sprites-processed/back/lokix.png,sprites-processed/front-shiny/lokix.png,sprites-processed/back-shiny/lokix.png,sprites-processed/icon/lokix.png,sprites-processed/icon-frame2/lokix.png,8
lombre,lombre,STANDARD,sprites-processed/front/lombre.png,sprites-processed/back/lombre.png,sprites-processed/front-shiny/lombre.png,sprites-processed/back-shiny/lombre.png,sprites-processed/icon/lombre.png,sprites-processed/icon-frame2/lombre.png,8
lopunny,lopunny,STANDARD,sprites-processed/front/lopunny.png,sprites-processed/back/lopunny.png,sprites-processed/front-shiny/lopunny.png,sprites-processed/back-shiny/lopunny.png,sprites-processed/icon/lopunny.png,sprites-processed/icon-frame2/lopunny.png,8
lopunny-mega,lopunny-mega,SPECIAL_FORM,sprites-processed/front/lopunny-mega.png,sprites-processed/back/lopunny-mega.png,sprites-processed/front-shiny/lopunny-mega.png,sprites-processed/back-shiny/lopunny-mega.png,sprites-processed/icon/lopunny-mega.png,sprites-processed/icon-frame2/lopunny-mega.png,8
lotad,lotad,STANDARD,sprites-processed/front/lotad.png,sprites-processed/back/lotad.png,sprites-processed/front-shiny/lotad.png,sprites-processed/back-shiny/lotad.png,sprites-processed/icon/lotad.png,sprites-processed/icon-frame2/lotad.png,8
loudred,loudred,STANDARD,sprites-processed/front/loudred.png,sprites-processed/back/loudred.png,sprites-processed/front-shiny/loudred.png,sprites-processed/back-shiny/loudred.png,sprites-processed/icon/loudred.png,sprites-processed/icon-frame2/loudred.png,8
lucario,lucario,STANDARD,sprites-processed/front/lucario.png,sprites-processed/back/lucario.png,sprites-processed/front-shiny/lucario.png,sprites-processed/back-shiny/lucario.png,sprites-processed/icon/lucario.png,sprites-processed/icon-frame2/lucario.png,8
lucario-mega,lucario-mega,SPECIAL_FORM,sprites-processed/front/lucario-mega.png,sprites-processed/back/lucario-mega.png,sprites-processed/front-shiny/lucario-mega.png,sprites-processed/back-shiny/lucario-mega.png,sprites-processed/icon/lucario-mega.png,sprites-processed/icon-frame2/lucario-mega.png,8
lucario-mega-z,lucario-mega-z,SPECIAL_FORM,sprites-processed/front/lucario-mega-z.png,sprites-processed/back/lucario-mega-z.png,sprites-processed/front-shiny/lucario-mega-z.png,sprites-processed/back-shiny/lucario-mega-z.png,sprites-processed/icon/lucario-mega-z.png,sprites-processed/icon-frame2/lucario-mega-z.png,8
ludicolo,ludicolo,STANDARD,sprites-processed/front/ludicolo.png,sprites-processed/back/ludicolo.png,sprites-processed/front-shiny/ludicolo.png,sprites-processed/back-shiny/ludicolo.png,sprites-processed/icon/ludicolo.png,sprites-processed/icon-frame2/ludicolo.png,10
lugia,lugia,STANDARD,sprites-processed/front/lugia.png,sprites-processed/back/lugia.png,sprites-processed/front-shiny/lugia.png,sprites-processed/back-shiny/lugia.png,sprites-processed/icon/lugia.png,sprites-processed/icon-frame2/lugia.png,8
lumineon,lumineon,STANDARD,sprites-processed/front/lumineon.png,sprites-processed/back/lumineon.png,sprites-processed/front-shiny/lumineon.png,sprites-processed/back-shiny/lumineon.png,sprites-processed/icon/lumineon.png,sprites-processed/icon-frame2/lumineon.png,10
lunala,lunala,STANDARD,sprites-processed/front/lunala.png,sprites-processed/back/lunala.png,sprites-processed/front-shiny/lunala.png,sprites-processed/back-shiny/lunala.png,sprites-processed/icon/lunala.png,sprites-processed/icon-frame2/lunala.png,8
lunatone,lunatone,STANDARD,sprites-processed/front/lunatone.png,sprites-processed/back/lunatone.png,sprites-processed/front-shiny/lunatone.png,sprites-processed/back-shiny/lunatone.png,sprites-processed/icon/lunatone.png,sprites-processed/icon-frame2/lunatone.png,8
lurantis,lurantis,STANDARD,sprites-processed/front/lurantis.png,sprites-processed/back/lurantis.png,sprites-processed/front-shiny/lurantis.png,sprites-processed/back-shiny/lurantis.png,sprites-processed/icon/lurantis.png,sprites-processed/icon-frame2/lurantis.png,8
luvdisc,luvdisc,STANDARD,sprites-processed/front/luvdisc.png,sprites-processed/back/luvdisc.png,sprites-processed/front-shiny/luvdisc.png,sprites-processed/back-shiny/luvdisc.png,sprites-processed/icon/luvdisc.png,sprites-processed/icon-frame2/luvdisc.png,8
luxio,luxio,STANDARD,sprites-processed/front/luxio.png,sprites-processed/back/luxio.png,sprites-processed/front-shiny/luxio.png,sprites-processed/back-shiny/luxio.png,sprites-processed/icon/luxio.png,sprites-processed/icon-frame2/luxio.png,10
luxray,luxray,STANDARD,sprites-processed/front/luxray.png,sprites-processed/back/luxray.png,sprites-processed/front-shiny/luxray.png,sprites-processed/back-shiny/luxray.png,sprites-processed/icon/luxray.png,sprites-processed/icon-frame2/luxray.png,10
lycanroc-dusk,lycanroc-dusk,STANDARD,sprites-processed/front/lycanroc-dusk.png,sprites-processed/back/lycanroc-dusk.png,sprites-processed/front-shiny/lycanroc-dusk.png,sprites-processed/back-shiny/lycanroc-dusk.png,sprites-processed/icon/lycanroc-dusk.png,sprites-processed/icon-frame2/lycanroc-dusk.png,8
lycanroc-midday,lycanroc-midday,STANDARD,sprites-processed/front/lycanroc-midday.png,sprites-processed/back/lycanroc-midday.png,sprites-processed/front-shiny/lycanroc-midday.png,sprites-processed/back-shiny/lycanroc-midday.png,sprites-processed/icon/lycanroc-midday.png,sprites-processed/icon-frame2/lycanroc-midday.png,8
lycanroc-midnight,lycanroc-midnight,STANDARD,sprites-processed/front/lycanroc-midnight.png,sprites-processed/back/lycanroc-midnight.png,sprites-processed/front-shiny/lycanroc-midnight.png,sprites-processed/back-shiny/lycanroc-midnight.png,sprites-processed/icon/lycanroc-midnight.png,sprites-processed/icon-frame2/lycanroc-midnight.png,8
mabosstiff,mabosstiff,STANDARD,sprites-processed/front/mabosstiff.png,sprites-processed/back/mabosstiff.png,sprites-processed/front-shiny/mabosstiff.png,sprites-processed/back-shiny/mabosstiff.png,sprites-processed/icon/mabosstiff.png,sprites-processed/icon-frame2/mabosstiff.png,8
machamp,machamp,STANDARD,sprites-processed/front/machamp.png,sprites-processed/back/machamp.png,sprites-processed/front-shiny/machamp.png,sprites-processed/back-shiny/machamp.png,sprites-processed/icon/machamp.png,sprites-processed/icon-frame2/machamp.png,8
machamp-gmax,machamp-gmax,SPECIAL_FORM,sprites-processed/front/machamp-gmax.png,sprites-processed/back/machamp-gmax.png,sprites-processed/front-shiny/machamp-gmax.png,sprites-processed/back-shiny/machamp-gmax.png,sprites-processed/icon/machamp-gmax.png,sprites-processed/icon-frame2/machamp-gmax.png,8
machoke,machoke,STANDARD,sprites-processed/front/machoke.png,sprites-processed/back/machoke.png,sprites-processed/front-shiny/machoke.png,sprites-processed/back-shiny/machoke.png,sprites-processed/icon/machoke.png,sprites-processed/icon-frame2/machoke.png,8
machop,machop,STANDARD,sprites-processed/front/machop.png,sprites-processed/back/machop.png,sprites-processed/front-shiny/machop.png,sprites-processed/back-shiny/machop.png,sprites-processed/icon/machop.png,sprites-processed/icon-frame2/machop.png,8
magby,magby,STANDARD,sprites-processed/front/magby.png,sprites-processed/back/magby.png,sprites-processed/front-shiny/magby.png,sprites-processed/back-shiny/magby.png,sprites-processed/icon/magby.png,sprites-processed/icon-frame2/magby.png,8
magcargo,magcargo,STANDARD,sprites-processed/front/magcargo.png,sprites-processed/back/magcargo.png,sprites-processed/front-shiny/magcargo.png,sprites-processed/back-shiny/magcargo.png,sprites-processed/icon/magcargo.png,sprites-processed/icon-frame2/magcargo.png,8
magearna,magearna,STANDARD,sprites-processed/front/magearna.png,sprites-processed/back/magearna.png,sprites-processed/front-shiny/magearna.png,sprites-processed/back-shiny/magearna.png,sprites-processed/icon/magearna.png,sprites-processed/icon-frame2/magearna.png,8
magearna-original,magearna-original,SPECIAL_FORM,sprites-processed/front/magearna-original.png,sprites-processed/back/magearna-original.png,sprites-processed/front-shiny/magearna-original.png,sprites-processed/back-shiny/magearna-original.png,sprites-processed/icon/magearna-original.png,sprites-processed/icon-frame2/magearna-original.png,8
magikarp,magikarp,STANDARD,sprites-processed/front/magikarp.png,sprites-processed/back/magikarp.png,sprites-processed/front-shiny/magikarp.png,sprites-processed/back-shiny/magikarp.png,sprites-processed/icon/magikarp.png,sprites-processed/icon-frame2/magikarp.png,12
magmar,magmar,STANDARD,sprites-processed/front/magmar.png,sprites-processed/back/magmar.png,sprites-processed/front-shiny/magmar.png,sprites-processed/back-shiny/magmar.png,sprites-processed/icon/magmar.png,sprites-processed/icon-frame2/magmar.png,8
magmortar,magmortar,STANDARD,sprites-processed/front/magmortar.png,sprites-processed/back/magmortar.png,sprites-processed/front-shiny/magmortar.png,sprites-processed/back-shiny/magmortar.png,sprites-processed/icon/magmortar.png,sprites-processed/icon-frame2/magmortar.png,8
magnemite,magnemite,STANDARD,sprites-processed/front/magnemite.png,sprites-processed/back/magnemite.png,sprites-processed/front-shiny/magnemite.png,sprites-processed/back-shiny/magnemite.png,sprites-processed/icon/magnemite.png,sprites-processed/icon-frame2/magnemite.png,8
magneton,magneton,STANDARD,sprites-processed/front/magneton.png,sprites-processed/back/magneton.png,sprites-processed/front-shiny/magneton.png,sprites-processed/back-shiny/magneton.png,sprites-processed/icon/magneton.png,sprites-processed/icon-frame2/magneton.png,8
magnezone,magnezone,STANDARD,sprites-processed/front/magnezone.png,sprites-processed/back/magnezone.png,sprites-processed/front-shiny/magnezone.png,sprites-processed/back-shiny/magnezone.png,sprites-processed/icon/magnezone.png,sprites-processed/icon-frame2/magnezone.png,8
makuhita,makuhita,STANDARD,sprites-processed/front/makuhita.png,sprites-processed/back/makuhita.png,sprites-processed/front-shiny/makuhita.png,sprites-processed/back-shiny/makuhita.png,sprites-processed/icon/makuhita.png,sprites-processed/icon-frame2/makuhita.png,8
malamar,malamar,STANDARD,sprites-processed/front/malamar.png,sprites-processed/back/malamar.png,sprites-processed/front-shiny/malamar.png,sprites-processed/back-shiny/malamar.png,sprites-processed/icon/malamar.png,sprites-processed/icon-frame2/malamar.png,8
malamar-mega,malamar-mega,SPECIAL_FORM,sprites-processed/front/malamar-mega.png,sprites-processed/back/malamar-mega.png,sprites-processed/front-shiny/malamar-mega.png,sprites-processed/back-shiny/malamar-mega.png,sprites-processed/icon/malamar-mega.png,sprites-processed/icon-frame2/malamar-mega.png,8
mamoswine,mamoswine,STANDARD,sprites-processed/front/mamoswine.png,sprites-processed/back/mamoswine.png,sprites-processed/front-shiny/mamoswine.png,sprites-processed/back-shiny/mamoswine.png,sprites-processed/icon/mamoswine.png,sprites-processed/icon-frame2/mamoswine.png,10
manaphy,manaphy,STANDARD,sprites-processed/front/manaphy.png,sprites-processed/back/manaphy.png,sprites-processed/front-shiny/manaphy.png,sprites-processed/back-shiny/manaphy.png,sprites-processed/icon/manaphy.png,sprites-processed/icon-frame2/manaphy.png,8
mandibuzz,mandibuzz,STANDARD,sprites-processed/front/mandibuzz.png,sprites-processed/back/mandibuzz.png,sprites-processed/front-shiny/mandibuzz.png,sprites-processed/back-shiny/mandibuzz.png,sprites-processed/icon/mandibuzz.png,sprites-processed/icon-frame2/mandibuzz.png,8
manectric,manectric,STANDARD,sprites-processed/front/manectric.png,sprites-processed/back/manectric.png,sprites-processed/front-shiny/manectric.png,sprites-processed/back-shiny/manectric.png,sprites-processed/icon/manectric.png,sprites-processed/icon-frame2/manectric.png,8
manectric-mega,manectric-mega,SPECIAL_FORM,sprites-processed/front/manectric-mega.png,sprites-processed/back/manectric-mega.png,sprites-processed/front-shiny/manectric-mega.png,sprites-processed/back-shiny/manectric-mega.png,sprites-processed/icon/manectric-mega.png,sprites-processed/icon-frame2/manectric-mega.png,8
mankey,mankey,STANDARD,sprites-processed/front/mankey.png,sprites-processed/back/mankey.png,sprites-processed/front-shiny/mankey.png,sprites-processed/back-shiny/mankey.png,sprites-processed/icon/mankey.png,sprites-processed/icon-frame2/mankey.png,8
mantine,mantine,STANDARD,sprites-processed/front/mantine.png,sprites-processed/back/mantine.png,sprites-processed/front-shiny/mantine.png,sprites-processed/back-shiny/mantine.png,sprites-processed/icon/mantine.png,sprites-processed/icon-frame2/mantine.png,8
mantyke,mantyke,STANDARD,sprites-processed/front/mantyke.png,sprites-processed/back/mantyke.png,sprites-processed/front-shiny/mantyke.png,sprites-processed/back-shiny/mantyke.png,sprites-processed/icon/mantyke.png,sprites-processed/icon-frame2/mantyke.png,8
maractus,maractus,STANDARD,sprites-processed/front/maractus.png,sprites-processed/back/maractus.png,sprites-processed/front-shiny/maractus.png,sprites-processed/back-shiny/maractus.png,sprites-processed/icon/maractus.png,sprites-processed/icon-frame2/maractus.png,8
mareanie,mareanie,STANDARD,sprites-processed/front/mareanie.png,sprites-processed/back/mareanie.png,sprites-processed/front-shiny/mareanie.png,sprites-processed/back-shiny/mareanie.png,sprites-processed/icon/mareanie.png,sprites-processed/icon-frame2/mareanie.png,8
mareep,mareep,STANDARD,sprites-processed/front/mareep.png,sprites-processed/back/mareep.png,sprites-processed/front-shiny/mareep.png,sprites-processed/back-shiny/mareep.png,sprites-processed/icon/mareep.png,sprites-processed/icon-frame2/mareep.png,8
marill,marill,STANDARD,sprites-processed/front/marill.png,sprites-processed/back/marill.png,sprites-processed/front-shiny/marill.png,sprites-processed/back-shiny/marill.png,sprites-processed/icon/marill.png,sprites-processed/icon-frame2/marill.png,8
marowak,marowak,STANDARD,sprites-processed/front/marowak.png,sprites-processed/back/marowak.png,sprites-processed/front-shiny/marowak.png,sprites-processed/back-shiny/marowak.png,sprites-processed/icon/marowak.png,sprites-processed/icon-frame2/marowak.png,8
marowak-alola,marowak-alola,SPECIAL_FORM,sprites-processed/front/marowak-alola.png,sprites-processed/back/marowak-alola.png,sprites-processed/front-shiny/marowak-alola.png,sprites-processed/back-shiny/marowak-alola.png,sprites-processed/icon/marowak-alola.png,sprites-processed/icon-frame2/marowak-alola.png,8
marshadow,marshadow,STANDARD,sprites-processed/front/marshadow.png,sprites-processed/back/marshadow.png,sprites-processed/front-shiny/marshadow.png,sprites-processed/back-shiny/marshadow.png,sprites-processed/icon/marshadow.png,sprites-processed/icon-frame2/marshadow.png,8
marshtomp,marshtomp,STANDARD,sprites-processed/front/marshtomp.png,sprites-processed/back/marshtomp.png,sprites-processed/front-shiny/marshtomp.png,sprites-processed/back-shiny/marshtomp.png,sprites-processed/icon/marshtomp.png,sprites-processed/icon-frame2/marshtomp.png,8
maschiff,maschiff,STANDARD,sprites-processed/front/maschiff.png,sprites-processed/back/maschiff.png,sprites-processed/front-shiny/maschiff.png,sprites-processed/back-shiny/maschiff.png,sprites-processed/icon/maschiff.png,sprites-processed/icon-frame2/maschiff.png,8
masquerain,masquerain,STANDARD,sprites-processed/front/masquerain.png,sprites-processed/back/masquerain.png,sprites-processed/front-shiny/masquerain.png,sprites-processed/back-shiny/masquerain.png,sprites-processed/icon/masquerain.png,sprites-processed/icon-frame2/masquerain.png,8
maushold-family-of-four,maushold-family-of-four,STANDARD,sprites-processed/front/maushold-family-of-four.png,sprites-processed/back/maushold-family-of-four.png,sprites-processed/front-shiny/maushold-family-of-four.png,sprites-processed/back-shiny/maushold-family-of-four.png,sprites-processed/icon/maushold-family-of-four.png,sprites-processed/icon-frame2/maushold-family-of-four.png,8
maushold-family-of-three,maushold-family-of-three,STANDARD,sprites-processed/front/maushold-family-of-three.png,sprites-processed/back/maushold-family-of-three.png,sprites-processed/front-shiny/maushold-family-of-three.png,sprites-processed/back-shiny/maushold-family-of-three.png,sprites-processed/icon/maushold-family-of-three.png,sprites-processed/icon-frame2/maushold-family-of-three.png,8
mawile,mawile,STANDARD,sprites-processed/front/mawile.png,sprites-processed/back/mawile.png,sprites-processed/front-shiny/mawile.png,sprites-processed/back-shiny/mawile.png,sprites-processed/icon/mawile.png,sprites-processed/icon-frame2/mawile.png,8
mawile-mega,mawile-mega,SPECIAL_FORM,sprites-processed/front/mawile-mega.png,sprites-processed/back/mawile-mega.png,sprites-processed/front-shiny/mawile-mega.png,sprites-processed/back-shiny/mawile-mega.png,sprites-processed/icon/mawile-mega.png,sprites-processed/icon-frame2/mawile-mega.png,8
medicham,medicham,STANDARD,sprites-processed/front/medicham.png,sprites-processed/back/medicham.png,sprites-processed/front-shiny/medicham.png,sprites-processed/back-shiny/medicham.png,sprites-processed/icon/medicham.png,sprites-processed/icon-frame2/medicham.png,10
medicham-mega,medicham-mega,SPECIAL_FORM,sprites-processed/front/medicham-mega.png,sprites-processed/back/medicham-mega.png,sprites-processed/front-shiny/medicham-mega.png,sprites-processed/back-shiny/medicham-mega.png,sprites-processed/icon/medicham-mega.png,sprites-processed/icon-frame2/medicham-mega.png,8
meditite,meditite,STANDARD,sprites-processed/front/meditite.png,sprites-processed/back/meditite.png,sprites-processed/front-shiny/meditite.png,sprites-processed/back-shiny/meditite.png,sprites-processed/icon/meditite.png,sprites-processed/icon-frame2/meditite.png,10
mega-froslass,froslass-mega,SPECIAL_FORM,sprites-processed/front/froslass-mega.png,sprites-processed/back/froslass-mega.png,sprites-processed/front-shiny/froslass-mega.png,sprites-processed/back-shiny/froslass-mega.png,sprites-processed/icon/froslass-mega.png,sprites-processed/icon-frame2/froslass-mega.png,8
mega-staraptor,staraptor-mega,SPECIAL_FORM,sprites-processed/front/staraptor-mega.png,sprites-processed/back/staraptor-mega.png,sprites-processed/front-shiny/staraptor-mega.png,sprites-processed/back-shiny/staraptor-mega.png,sprites-processed/icon/staraptor-mega.png,sprites-processed/icon-frame2/staraptor-mega.png,8
meganium,meganium,SPECIAL_FORM,sprites-processed/front/meganium.png,sprites-processed/back/meganium.png,sprites-processed/front-shiny/meganium.png,sprites-processed/back-shiny/meganium.png,sprites-processed/icon/meganium.png,sprites-processed/icon-frame2/meganium.png,10
meganium-mega,meganium-mega,SPECIAL_FORM,sprites-processed/front/meganium-mega.png,sprites-processed/back/meganium-mega.png,sprites-processed/front-shiny/meganium-mega.png,sprites-processed/back-shiny/meganium-mega.png,sprites-processed/icon/meganium-mega.png,sprites-processed/icon-frame2/meganium-mega.png,8
melmetal,melmetal,STANDARD,sprites-processed/front/melmetal.png,sprites-processed/back/melmetal.png,sprites-processed/front-shiny/melmetal.png,sprites-processed/back-shiny/melmetal.png,sprites-processed/icon/melmetal.png,sprites-processed/icon-frame2/melmetal.png,8
melmetal-gmax,melmetal-gmax,SPECIAL_FORM,sprites-processed/front/melmetal-gmax.png,sprites-processed/back/melmetal-gmax.png,sprites-processed/front-shiny/melmetal-gmax.png,sprites-processed/back-shiny/melmetal-gmax.png,sprites-processed/icon/melmetal-gmax.png,sprites-processed/icon-frame2/melmetal-gmax.png,8
meloetta-aria,meloetta-aria,STANDARD,sprites-processed/front/meloetta-aria.png,sprites-processed/back/meloetta-aria.png,sprites-processed/front-shiny/meloetta-aria.png,sprites-processed/back-shiny/meloetta-aria.png,sprites-processed/icon/meloetta-aria.png,sprites-processed/icon-frame2/meloetta-aria.png,8
meloetta-pirouette,meloetta-pirouette,STANDARD,sprites-processed/front/meloetta-pirouette.png,sprites-processed/back/meloetta-pirouette.png,sprites-processed/front-shiny/meloetta-pirouette.png,sprites-processed/back-shiny/meloetta-pirouette.png,sprites-processed/icon/meloetta-pirouette.png,sprites-processed/icon-frame2/meloetta-pirouette.png,8
meltan,meltan,STANDARD,sprites-processed/front/meltan.png,sprites-processed/back/meltan.png,sprites-processed/front-shiny/meltan.png,sprites-processed/back-shiny/meltan.png,sprites-processed/icon/meltan.png,sprites-processed/icon-frame2/meltan.png,8
meowscarada,meowscarada,STANDARD,sprites-processed/front/meowscarada.png,sprites-processed/back/meowscarada.png,sprites-processed/front-shiny/meowscarada.png,sprites-processed/back-shiny/meowscarada.png,sprites-processed/icon/meowscarada.png,sprites-processed/icon-frame2/meowscarada.png,8
meowstic-female,meowstic-female,STANDARD,sprites-processed/front/meowstic-female.png,sprites-processed/back/meowstic-female.png,sprites-processed/front-shiny/meowstic-female.png,sprites-processed/back-shiny/meowstic-female.png,sprites-processed/icon/meowstic-female.png,sprites-processed/icon-frame2/meowstic-female.png,12
meowstic-male,meowstic-male,STANDARD,sprites-processed/front/meowstic-male.png,sprites-processed/back/meowstic-male.png,sprites-processed/front-shiny/meowstic-male.png,sprites-processed/back-shiny/meowstic-male.png,sprites-processed/icon/meowstic-male.png,sprites-processed/icon-frame2/meowstic-male.png,8
meowstic-mega,meowstic-mega,SPECIAL_FORM,sprites-processed/front/meowstic-mega.png,sprites-processed/back/meowstic-mega.png,sprites-processed/front-shiny/meowstic-mega.png,sprites-processed/back-shiny/meowstic-mega.png,sprites-processed/icon/meowstic-mega.png,sprites-processed/icon-frame2/meowstic-mega.png,8
meowth,meowth,STANDARD,sprites-processed/front/meowth.png,sprites-processed/back/meowth.png,sprites-processed/front-shiny/meowth.png,sprites-processed/back-shiny/meowth.png,sprites-processed/icon/meowth.png,sprites-processed/icon-frame2/meowth.png,8
meowth-alola,meowth-alola,SPECIAL_FORM,sprites-processed/front/meowth-alola.png,sprites-processed/back/meowth-alola.png,sprites-processed/front-shiny/meowth-alola.png,sprites-processed/back-shiny/meowth-alola.png,sprites-processed/icon/meowth-alola.png,sprites-processed/icon-frame2/meowth-alola.png,8
meowth-galar,meowth-galar,SPECIAL_FORM,sprites-processed/front/meowth-galar.png,sprites-processed/back/meowth-galar.png,sprites-processed/front-shiny/meowth-galar.png,sprites-processed/back-shiny/meowth-galar.png,sprites-processed/icon/meowth-galar.png,sprites-processed/icon-frame2/meowth-galar.png,8
meowth-gmax,meowth-gmax,SPECIAL_FORM,sprites-processed/front/meowth-gmax.png,sprites-processed/back/meowth-gmax.png,sprites-processed/front-shiny/meowth-gmax.png,sprites-processed/back-shiny/meowth-gmax.png,sprites-processed/icon/meowth-gmax.png,sprites-processed/icon-frame2/meowth-gmax.png,8
mesprit,mesprit,STANDARD,sprites-processed/front/mesprit.png,sprites-processed/back/mesprit.png,sprites-processed/front-shiny/mesprit.png,sprites-processed/back-shiny/mesprit.png,sprites-processed/icon/mesprit.png,sprites-processed/icon-frame2/mesprit.png,8
metagross,metagross,STANDARD,sprites-processed/front/metagross.png,sprites-processed/back/metagross.png,sprites-processed/front-shiny/metagross.png,sprites-processed/back-shiny/metagross.png,sprites-processed/icon/metagross.png,sprites-processed/icon-frame2/metagross.png,8
metagross-mega,metagross-mega,SPECIAL_FORM,sprites-processed/front/metagross-mega.png,sprites-processed/back/metagross-mega.png,sprites-processed/front-shiny/metagross-mega.png,sprites-processed/back-shiny/metagross-mega.png,sprites-processed/icon/metagross-mega.png,sprites-processed/icon-frame2/metagross-mega.png,8
metang,metang,STANDARD,sprites-processed/front/metang.png,sprites-processed/back/metang.png,sprites-processed/front-shiny/metang.png,sprites-processed/back-shiny/metang.png,sprites-processed/icon/metang.png,sprites-processed/icon-frame2/metang.png,8
metapod,metapod,STANDARD,sprites-processed/front/metapod.png,sprites-processed/back/metapod.png,sprites-processed/front-shiny/metapod.png,sprites-processed/back-shiny/metapod.png,sprites-processed/icon/metapod.png,sprites-processed/icon-frame2/metapod.png,8
mew,mew,STANDARD,sprites-processed/front/mew.png,sprites-processed/back/mew.png,sprites-processed/front-shiny/mew.png,sprites-processed/back-shiny/mew.png,sprites-processed/icon/mew.png,sprites-processed/icon-frame2/mew.png,8
mewtwo,mewtwo,STANDARD,sprites-processed/front/mewtwo.png,sprites-processed/back/mewtwo.png,sprites-processed/front-shiny/mewtwo.png,sprites-processed/back-shiny/mewtwo.png,sprites-processed/icon/mewtwo.png,sprites-processed/icon-frame2/mewtwo.png,8
mewtwo-mega-x,mewtwo-mega-x,SPECIAL_FORM,sprites-processed/front/mewtwo-mega-x.png,sprites-processed/back/mewtwo-mega-x.png,sprites-processed/front-shiny/mewtwo-mega-x.png,sprites-processed/back-shiny/mewtwo-mega-x.png,sprites-processed/icon/mewtwo-mega-x.png,sprites-processed/icon-frame2/mewtwo-mega-x.png,8
mewtwo-mega-y,mewtwo-mega-y,SPECIAL_FORM,sprites-processed/front/mewtwo-mega-y.png,sprites-processed/back/mewtwo-mega-y.png,sprites-processed/front-shiny/mewtwo-mega-y.png,sprites-processed/back-shiny/mewtwo-mega-y.png,sprites-processed/icon/mewtwo-mega-y.png,sprites-processed/icon-frame2/mewtwo-mega-y.png,8
mienfoo,mienfoo,STANDARD,sprites-processed/front/mienfoo.png,sprites-processed/back/mienfoo.png,sprites-processed/front-shiny/mienfoo.png,sprites-processed/back-shiny/mienfoo.png,sprites-processed/icon/mienfoo.png,sprites-processed/icon-frame2/mienfoo.png,8
mienshao,mienshao,STANDARD,sprites-processed/front/mienshao.png,sprites-processed/back/mienshao.png,sprites-processed/front-shiny/mienshao.png,sprites-processed/back-shiny/mienshao.png,sprites-processed/icon/mienshao.png,sprites-processed/icon-frame2/mienshao.png,8
mightyena,mightyena,STANDARD,sprites-processed/front/mightyena.png,sprites-processed/back/mightyena.png,sprites-processed/front-shiny/mightyena.png,sprites-processed/back-shiny/mightyena.png,sprites-processed/icon/mightyena.png,sprites-processed/icon-frame2/mightyena.png,8
milcery,milcery,STANDARD,sprites-processed/front/milcery.png,sprites-processed/back/milcery.png,sprites-processed/front-shiny/milcery.png,sprites-processed/back-shiny/milcery.png,sprites-processed/icon/milcery.png,sprites-processed/icon-frame2/milcery.png,8
milotic,milotic,STANDARD,sprites-processed/front/milotic.png,sprites-processed/back/milotic.png,sprites-processed/front-shiny/milotic.png,sprites-processed/back-shiny/milotic.png,sprites-processed/icon/milotic.png,sprites-processed/icon-frame2/milotic.png,12
miltank,miltank,STANDARD,sprites-processed/front/miltank.png,sprites-processed/back/miltank.png,sprites-processed/front-shiny/miltank.png,sprites-processed/back-shiny/miltank.png,sprites-processed/icon/miltank.png,sprites-processed/icon-frame2/miltank.png,8
mime-jr,mime-jr,STANDARD,sprites-processed/front/mime-jr.png,sprites-processed/back/mime-jr.png,sprites-processed/front-shiny/mime-jr.png,sprites-processed/back-shiny/mime-jr.png,sprites-processed/icon/mime-jr.png,sprites-processed/icon-frame2/mime-jr.png,8
mimikyu-busted,mimikyu-busted,STANDARD,sprites-processed/front/mimikyu-busted.png,sprites-processed/back/mimikyu-busted.png,sprites-processed/front-shiny/mimikyu-busted.png,sprites-processed/back-shiny/mimikyu-busted.png,sprites-processed/icon/mimikyu-busted.png,sprites-processed/icon-frame2/mimikyu-busted.png,8
mimikyu-disguised,mimikyu-disguised,STANDARD,sprites-processed/front/mimikyu-disguised.png,sprites-processed/back/mimikyu-disguised.png,sprites-processed/front-shiny/mimikyu-disguised.png,sprites-processed/back-shiny/mimikyu-disguised.png,sprites-processed/icon/mimikyu-disguised.png,sprites-processed/icon-frame2/mimikyu-disguised.png,8
minccino,minccino,STANDARD,sprites-processed/front/minccino.png,sprites-processed/back/minccino.png,sprites-processed/front-shiny/minccino.png,sprites-processed/back-shiny/minccino.png,sprites-processed/icon/minccino.png,sprites-processed/icon-frame2/minccino.png,8
minior-blue,minior-blue,STANDARD,sprites-processed/front/minior-blue.png,sprites-processed/back/minior-blue.png,sprites-processed/front-shiny/minior-blue.png,sprites-processed/back-shiny/minior-blue.png,sprites-processed/icon/minior-blue.png,sprites-processed/icon-frame2/minior-blue.png,8
minior-blue-meteor,minior-blue-meteor,STANDARD,sprites-processed/front/minior-blue-meteor.png,sprites-processed/back/minior-blue-meteor.png,sprites-processed/front-shiny/minior-blue-meteor.png,sprites-processed/back-shiny/minior-blue-meteor.png,sprites-processed/icon/minior-blue-meteor.png,sprites-processed/icon-frame2/minior-blue-meteor.png,8
minior-green,minior-green,STANDARD,sprites-processed/front/minior-green.png,sprites-processed/back/minior-green.png,sprites-processed/front-shiny/minior-green.png,floating-pokemon/back-shiny__minior-green.png,sprites-processed/icon/minior-green.png,sprites-processed/icon-frame2/minior-green.png,9
minior-green-meteor,minior-green-meteor,STANDARD,sprites-processed/front/minior-green-meteor.png,sprites-processed/back/minior-green-meteor.png,sprites-processed/front-shiny/minior-green-meteor.png,sprites-processed/back-shiny/minior-green-meteor.png,sprites-processed/icon/minior-green-meteor.png,sprites-processed/icon-frame2/minior-green-meteor.png,8
minior-indigo,minior-indigo,STANDARD,sprites-processed/front/minior-indigo.png,sprites-processed/back/minior-indigo.png,sprites-processed/front-shiny/minior-indigo.png,floating-pokemon/back-shiny__minior-indigo.png,sprites-processed/icon/minior-indigo.png,sprites-processed/icon-frame2/minior-indigo.png,9
minior-indigo-meteor,minior-indigo-meteor,STANDARD,sprites-processed/front/minior-indigo-meteor.png,sprites-processed/back/minior-indigo-meteor.png,sprites-processed/front-shiny/minior-indigo-meteor.png,sprites-processed/back-shiny/minior-indigo-meteor.png,sprites-processed/icon/minior-indigo-meteor.png,sprites-processed/icon-frame2/minior-indigo-meteor.png,8
minior-orange,minior-orange,STANDARD,sprites-processed/front/minior-orange.png,sprites-processed/back/minior-orange.png,sprites-processed/front-shiny/minior-orange.png,sprites-processed/back-shiny/minior-orange.png,sprites-processed/icon/minior-orange.png,sprites-processed/icon-frame2/minior-orange.png,8
minior-orange-meteor,minior-orange-meteor,STANDARD,sprites-processed/front/minior-orange-meteor.png,sprites-processed/back/minior-orange-meteor.png,sprites-processed/front-shiny/minior-orange-meteor.png,sprites-processed/back-shiny/minior-orange-meteor.png,sprites-processed/icon/minior-orange-meteor.png,sprites-processed/icon-frame2/minior-orange-meteor.png,8
minior-red,minior-red,STANDARD,sprites-processed/front/minior-red.png,sprites-processed/back/minior-red.png,sprites-processed/front-shiny/minior-red.png,sprites-processed/back-shiny/minior-red.png,sprites-processed/icon/minior-red.png,sprites-processed/icon-frame2/minior-red.png,8
minior-red-meteor,minior-red-meteor,STANDARD,sprites-processed/front/minior-red-meteor.png,sprites-processed/back/minior-red-meteor.png,sprites-processed/front-shiny/minior-red-meteor.png,sprites-processed/back-shiny/minior-red-meteor.png,sprites-processed/icon/minior-red-meteor.png,sprites-processed/icon-frame2/minior-red-meteor.png,8
minior-violet,minior-violet,STANDARD,sprites-processed/front/minior-violet.png,sprites-processed/back/minior-violet.png,sprites-processed/front-shiny/minior-violet.png,sprites-processed/back-shiny/minior-violet.png,sprites-processed/icon/minior-violet.png,sprites-processed/icon-frame2/minior-violet.png,8
minior-violet-meteor,minior-violet-meteor,STANDARD,sprites-processed/front/minior-violet-meteor.png,sprites-processed/back/minior-violet-meteor.png,sprites-processed/front-shiny/minior-violet-meteor.png,sprites-processed/back-shiny/minior-violet-meteor.png,sprites-processed/icon/minior-violet-meteor.png,sprites-processed/icon-frame2/minior-violet-meteor.png,8
minior-yellow,minior-yellow,STANDARD,sprites-processed/front/minior-yellow.png,sprites-processed/back/minior-yellow.png,sprites-processed/front-shiny/minior-yellow.png,sprites-processed/back-shiny/minior-yellow.png,sprites-processed/icon/minior-yellow.png,sprites-processed/icon-frame2/minior-yellow.png,8
minior-yellow-meteor,minior-yellow-meteor,STANDARD,sprites-processed/front/minior-yellow-meteor.png,sprites-processed/back/minior-yellow-meteor.png,sprites-processed/front-shiny/minior-yellow-meteor.png,sprites-processed/back-shiny/minior-yellow-meteor.png,sprites-processed/icon/minior-yellow-meteor.png,sprites-processed/icon-frame2/minior-yellow-meteor.png,8
minun,minun,STANDARD,sprites-processed/front/minun.png,sprites-processed/back/minun.png,sprites-processed/front-shiny/minun.png,sprites-processed/back-shiny/minun.png,sprites-processed/icon/minun.png,sprites-processed/icon-frame2/minun.png,8
miraidon-ultimate-mode,miraidon-ultimate-mode,STANDARD,sprites-processed/front/miraidon-ultimate-mode.png,sprites-processed/back/miraidon-ultimate-mode.png,sprites-processed/front-shiny/miraidon-ultimate-mode.png,sprites-processed/back-shiny/miraidon-ultimate-mode.png,sprites-processed/icon/miraidon-ultimate-mode.png,sprites-processed/icon-frame2/miraidon-ultimate-mode.png,8
misdreavus,misdreavus,STANDARD,sprites-processed/front/misdreavus.png,sprites-processed/back/misdreavus.png,sprites-processed/front-shiny/misdreavus.png,sprites-processed/back-shiny/misdreavus.png,sprites-processed/icon/misdreavus.png,sprites-processed/icon-frame2/misdreavus.png,8
mismagius,mismagius,STANDARD,sprites-processed/front/mismagius.png,sprites-processed/back/mismagius.png,sprites-processed/front-shiny/mismagius.png,sprites-processed/back-shiny/mismagius.png,sprites-processed/icon/mismagius.png,sprites-processed/icon-frame2/mismagius.png,8
moltres,moltres,STANDARD,sprites-processed/front/moltres.png,sprites-processed/back/moltres.png,sprites-processed/front-shiny/moltres.png,sprites-processed/back-shiny/moltres.png,sprites-processed/icon/moltres.png,sprites-processed/icon-frame2/moltres.png,8
moltres-galar,moltres-galar,SPECIAL_FORM,sprites-processed/front/moltres-galar.png,sprites-processed/back/moltres-galar.png,sprites-processed/front-shiny/moltres-galar.png,sprites-processed/back-shiny/moltres-galar.png,sprites-processed/icon/moltres-galar.png,sprites-processed/icon-frame2/moltres-galar.png,8
monferno,monferno,STANDARD,sprites-processed/front/monferno.png,sprites-processed/back/monferno.png,sprites-processed/front-shiny/monferno.png,sprites-processed/back-shiny/monferno.png,sprites-processed/icon/monferno.png,sprites-processed/icon-frame2/monferno.png,8
morelull,morelull,STANDARD,sprites-processed/front/morelull.png,sprites-processed/back/morelull.png,sprites-processed/front-shiny/morelull.png,sprites-processed/back-shiny/morelull.png,sprites-processed/icon/morelull.png,sprites-processed/icon-frame2/morelull.png,8
morgrem,morgrem,STANDARD,sprites-processed/front/morgrem.png,sprites-processed/back/morgrem.png,sprites-processed/front-shiny/morgrem.png,sprites-processed/back-shiny/morgrem.png,sprites-processed/icon/morgrem.png,sprites-processed/icon-frame2/morgrem.png,8
morpeko-full-belly,morpeko-full-belly,STANDARD,sprites-processed/front/morpeko-full-belly.png,sprites-processed/back/morpeko-full-belly.png,sprites-processed/front-shiny/morpeko-full-belly.png,sprites-processed/back-shiny/morpeko-full-belly.png,sprites-processed/icon/morpeko-full-belly.png,sprites-processed/icon-frame2/morpeko-full-belly.png,8
morpeko-hangry,morpeko-hangry,STANDARD,sprites-processed/front/morpeko-hangry.png,sprites-processed/back/morpeko-hangry.png,sprites-processed/front-shiny/morpeko-hangry.png,sprites-processed/back-shiny/morpeko-hangry.png,sprites-processed/icon/morpeko-hangry.png,sprites-processed/icon-frame2/morpeko-hangry.png,8
mothim-plant,mothim-plant,STANDARD,sprites-processed/front/mothim-plant.png,sprites-processed/back/mothim-plant.png,sprites-processed/front-shiny/mothim-plant.png,sprites-processed/back-shiny/mothim-plant.png,sprites-processed/icon/mothim-plant.png,sprites-processed/icon-frame2/mothim-plant.png,8
mothim-sandy,mothim-sandy,STANDARD,sprites-processed/front/mothim-sandy.png,sprites-processed/back/mothim-sandy.png,sprites-processed/front-shiny/mothim-sandy.png,sprites-processed/back-shiny/mothim-sandy.png,sprites-processed/icon/mothim-sandy.png,sprites-processed/icon-frame2/mothim-sandy.png,8
mothim-trash,mothim-trash,STANDARD,sprites-processed/front/mothim-trash.png,sprites-processed/back/mothim-trash.png,sprites-processed/front-shiny/mothim-trash.png,sprites-processed/back-shiny/mothim-trash.png,sprites-processed/icon/mothim-trash.png,sprites-processed/icon-frame2/mothim-trash.png,8
mr-mime,mr-mime,STANDARD,sprites-processed/front/mr-mime.png,sprites-processed/back/mr-mime.png,sprites-processed/front-shiny/mr-mime.png,sprites-processed/back-shiny/mr-mime.png,sprites-processed/icon/mr-mime.png,sprites-processed/icon-frame2/mr-mime.png,8
mr-mime-galar,mr-mime-galar,SPECIAL_FORM,sprites-processed/front/mr-mime-galar.png,sprites-processed/back/mr-mime-galar.png,sprites-processed/front-shiny/mr-mime-galar.png,sprites-processed/back-shiny/mr-mime-galar.png,sprites-processed/icon/mr-mime-galar.png,sprites-processed/icon-frame2/mr-mime-galar.png,8
mr-rime,mr-rime,STANDARD,sprites-processed/front/mr-rime.png,sprites-processed/back/mr-rime.png,sprites-processed/front-shiny/mr-rime.png,sprites-processed/back-shiny/mr-rime.png,sprites-processed/icon/mr-rime.png,sprites-processed/icon-frame2/mr-rime.png,8
mudbray,mudbray,STANDARD,sprites-processed/front/mudbray.png,sprites-processed/back/mudbray.png,sprites-processed/front-shiny/mudbray.png,sprites-processed/back-shiny/mudbray.png,sprites-processed/icon/mudbray.png,sprites-processed/icon-frame2/mudbray.png,8
mudkip,mudkip,STANDARD,sprites-processed/front/mudkip.png,sprites-processed/back/mudkip.png,sprites-processed/front-shiny/mudkip.png,sprites-processed/back-shiny/mudkip.png,sprites-processed/icon/mudkip.png,sprites-processed/icon-frame2/mudkip.png,8
mudsdale,mudsdale,STANDARD,sprites-processed/front/mudsdale.png,sprites-processed/back/mudsdale.png,sprites-processed/front-shiny/mudsdale.png,sprites-processed/back-shiny/mudsdale.png,sprites-processed/icon/mudsdale.png,sprites-processed/icon-frame2/mudsdale.png,8
muk,muk,STANDARD,sprites-processed/front/muk.png,sprites-processed/back/muk.png,sprites-processed/front-shiny/muk.png,sprites-processed/back-shiny/muk.png,sprites-processed/icon/muk.png,sprites-processed/icon-frame2/muk.png,8
muk-alola,muk-alola,SPECIAL_FORM,sprites-processed/front/muk-alola.png,sprites-processed/back/muk-alola.png,sprites-processed/front-shiny/muk-alola.png,sprites-processed/back-shiny/muk-alola.png,sprites-processed/icon/muk-alola.png,sprites-processed/icon-frame2/muk-alola.png,8
munchlax,munchlax,STANDARD,sprites-processed/front/munchlax.png,sprites-processed/back/munchlax.png,sprites-processed/front-shiny/munchlax.png,sprites-processed/back-shiny/munchlax.png,sprites-processed/icon/munchlax.png,sprites-processed/icon-frame2/munchlax.png,8
munkidori,munkidori,STANDARD,sprites-processed/front/munkidori.png,floating-pokemon/back__munkidori.png,sprites-processed/front-shiny/munkidori.png,sprites-processed/back-shiny/munkidori.png,sprites-processed/icon/munkidori.png,sprites-processed/icon-frame2/munkidori.png,9
munna,munna,STANDARD,sprites-processed/front/munna.png,sprites-processed/back/munna.png,sprites-processed/front-shiny/munna.png,sprites-processed/back-shiny/munna.png,sprites-processed/icon/munna.png,sprites-processed/icon-frame2/munna.png,8
murkrow,murkrow,STANDARD,sprites-processed/front/murkrow.png,sprites-processed/back/murkrow.png,sprites-processed/front-shiny/murkrow.png,sprites-processed/back-shiny/murkrow.png,sprites-processed/icon/murkrow.png,sprites-processed/icon-frame2/murkrow.png,10
musharna,musharna,STANDARD,sprites-processed/front/musharna.png,sprites-processed/back/musharna.png,sprites-processed/front-shiny/musharna.png,sprites-processed/back-shiny/musharna.png,sprites-processed/icon/musharna.png,sprites-processed/icon-frame2/musharna.png,8
nacli,nacli,STANDARD,sprites-processed/front/nacli.png,sprites-processed/back/nacli.png,sprites-processed/front-shiny/nacli.png,sprites-processed/back-shiny/nacli.png,sprites-processed/icon/nacli.png,sprites-processed/icon-frame2/nacli.png,8
naclstack,naclstack,STANDARD,sprites-processed/front/naclstack.png,sprites-processed/back/naclstack.png,sprites-processed/front-shiny/naclstack.png,sprites-processed/back-shiny/naclstack.png,sprites-processed/icon/naclstack.png,sprites-processed/icon-frame2/naclstack.png,8
naganadel,naganadel,STANDARD,sprites-processed/front/naganadel.png,sprites-processed/back/naganadel.png,sprites-processed/front-shiny/naganadel.png,sprites-processed/back-shiny/naganadel.png,sprites-processed/icon/naganadel.png,sprites-processed/icon-frame2/naganadel.png,8
natu,natu,STANDARD,sprites-processed/front/natu.png,sprites-processed/back/natu.png,sprites-processed/front-shiny/natu.png,sprites-processed/back-shiny/natu.png,sprites-processed/icon/natu.png,sprites-processed/icon-frame2/natu.png,8
necrozma,necrozma,STANDARD,sprites-processed/front/necrozma.png,floating-pokemon/back__necrozma.png,sprites-processed/front-shiny/necrozma.png,floating-pokemon/back-shiny__necrozma.png,sprites-processed/icon/necrozma.png,sprites-processed/icon-frame2/necrozma.png,10
necrozma-dawn,necrozma-dawn,STANDARD,sprites-processed/front/necrozma-dawn.png,sprites-processed/back/necrozma-dawn.png,sprites-processed/front-shiny/necrozma-dawn.png,sprites-processed/back-shiny/necrozma-dawn.png,sprites-processed/icon/necrozma-dawn.png,sprites-processed/icon-frame2/necrozma-dawn.png,8
necrozma-dusk,necrozma-dusk,STANDARD,sprites-processed/front/necrozma-dusk.png,sprites-processed/back/necrozma-dusk.png,sprites-processed/front-shiny/necrozma-dusk.png,sprites-processed/back-shiny/necrozma-dusk.png,sprites-processed/icon/necrozma-dusk.png,sprites-processed/icon-frame2/necrozma-dusk.png,8
necrozma-ultra,necrozma-ultra,STANDARD,sprites-processed/front/necrozma-ultra.png,sprites-processed/back/necrozma-ultra.png,sprites-processed/front-shiny/necrozma-ultra.png,sprites-processed/back-shiny/necrozma-ultra.png,sprites-processed/icon/necrozma-ultra.png,sprites-processed/icon-frame2/necrozma-ultra.png,8
nickit,nickit,STANDARD,sprites-processed/front/nickit.png,sprites-processed/back/nickit.png,sprites-processed/front-shiny/nickit.png,sprites-processed/back-shiny/nickit.png,sprites-processed/icon/nickit.png,sprites-processed/icon-frame2/nickit.png,8
nidoking,nidoking,STANDARD,sprites-processed/front/nidoking.png,sprites-processed/back/nidoking.png,sprites-processed/front-shiny/nidoking.png,sprites-processed/back-shiny/nidoking.png,sprites-processed/icon/nidoking.png,sprites-processed/icon-frame2/nidoking.png,8
nidoqueen,nidoqueen,STANDARD,sprites-processed/front/nidoqueen.png,sprites-processed/back/nidoqueen.png,sprites-processed/front-shiny/nidoqueen.png,sprites-processed/back-shiny/nidoqueen.png,sprites-processed/icon/nidoqueen.png,sprites-processed/icon-frame2/nidoqueen.png,8
nidoran-f,nidoran-f,STANDARD,sprites-processed/front/nidoran-f.png,sprites-processed/back/nidoran-f.png,sprites-processed/front-shiny/nidoran-f.png,sprites-processed/back-shiny/nidoran-f.png,sprites-processed/icon/nidoran-f.png,sprites-processed/icon-frame2/nidoran-f.png,8
nidoran-m,nidoran-m,STANDARD,sprites-processed/front/nidoran-m.png,sprites-processed/back/nidoran-m.png,sprites-processed/front-shiny/nidoran-m.png,sprites-processed/back-shiny/nidoran-m.png,sprites-processed/icon/nidoran-m.png,sprites-processed/icon-frame2/nidoran-m.png,8
nidorina,nidorina,STANDARD,sprites-processed/front/nidorina.png,sprites-processed/back/nidorina.png,sprites-processed/front-shiny/nidorina.png,sprites-processed/back-shiny/nidorina.png,sprites-processed/icon/nidorina.png,sprites-processed/icon-frame2/nidorina.png,8
nidorino,nidorino,STANDARD,sprites-processed/front/nidorino.png,sprites-processed/back/nidorino.png,sprites-processed/front-shiny/nidorino.png,sprites-processed/back-shiny/nidorino.png,sprites-processed/icon/nidorino.png,sprites-processed/icon-frame2/nidorino.png,8
nihilego,nihilego,STANDARD,sprites-processed/front/nihilego.png,sprites-processed/back/nihilego.png,sprites-processed/front-shiny/nihilego.png,sprites-processed/back-shiny/nihilego.png,sprites-processed/icon/nihilego.png,sprites-processed/icon-frame2/nihilego.png,8
nincada,nincada,STANDARD,sprites-processed/front/nincada.png,sprites-processed/back/nincada.png,sprites-processed/front-shiny/nincada.png,sprites-processed/back-shiny/nincada.png,sprites-processed/icon/nincada.png,sprites-processed/icon-frame2/nincada.png,8
ninetales,ninetales,STANDARD,sprites-processed/front/ninetales.png,sprites-processed/back/ninetales.png,sprites-processed/front-shiny/ninetales.png,sprites-processed/back-shiny/ninetales.png,sprites-processed/icon/ninetales.png,sprites-processed/icon-frame2/ninetales.png,8
ninetales-alola,ninetales-alola,SPECIAL_FORM,sprites-processed/front/ninetales-alola.png,sprites-processed/back/ninetales-alola.png,sprites-processed/front-shiny/ninetales-alola.png,sprites-processed/back-shiny/ninetales-alola.png,sprites-processed/icon/ninetales-alola.png,sprites-processed/icon-frame2/ninetales-alola.png,8
ninjask,ninjask,STANDARD,sprites-processed/front/ninjask.png,sprites-processed/back/ninjask.png,sprites-processed/front-shiny/ninjask.png,sprites-processed/back-shiny/ninjask.png,sprites-processed/icon/ninjask.png,sprites-processed/icon-frame2/ninjask.png,8
noctowl,noctowl,STANDARD,sprites-processed/front/noctowl.png,sprites-processed/back/noctowl.png,sprites-processed/front-shiny/noctowl.png,sprites-processed/back-shiny/noctowl.png,sprites-processed/icon/noctowl.png,sprites-processed/icon-frame2/noctowl.png,8
noibat,noibat,STANDARD,sprites-processed/front/noibat.png,sprites-processed/back/noibat.png,sprites-processed/front-shiny/noibat.png,sprites-processed/back-shiny/noibat.png,sprites-processed/icon/noibat.png,sprites-processed/icon-frame2/noibat.png,8
noivern,noivern,STANDARD,sprites-processed/front/noivern.png,sprites-processed/back/noivern.png,sprites-processed/front-shiny/noivern.png,sprites-processed/back-shiny/noivern.png,sprites-processed/icon/noivern.png,sprites-processed/icon-frame2/noivern.png,8
nosepass,nosepass,STANDARD,sprites-processed/front/nosepass.png,sprites-processed/back/nosepass.png,sprites-processed/front-shiny/nosepass.png,sprites-processed/back-shiny/nosepass.png,sprites-processed/icon/nosepass.png,sprites-processed/icon-frame2/nosepass.png,8
numel,numel,STANDARD,sprites-processed/front/numel.png,sprites-processed/back/numel.png,sprites-processed/front-shiny/numel.png,sprites-processed/back-shiny/numel.png,sprites-processed/icon/numel.png,sprites-processed/icon-frame2/numel.png,10
nuzleaf,nuzleaf,STANDARD,sprites-processed/front/nuzleaf.png,sprites-processed/back/nuzleaf.png,sprites-processed/front-shiny/nuzleaf.png,sprites-processed/back-shiny/nuzleaf.png,sprites-processed/icon/nuzleaf.png,sprites-processed/icon-frame2/nuzleaf.png,10
nymble,nymble,STANDARD,sprites-processed/front/nymble.png,sprites-processed/back/nymble.png,sprites-processed/front-shiny/nymble.png,sprites-processed/back-shiny/nymble.png,sprites-processed/icon/nymble.png,sprites-processed/icon-frame2/nymble.png,8
obstagoon,obstagoon,STANDARD,sprites-processed/front/obstagoon.png,sprites-processed/back/obstagoon.png,sprites-processed/front-shiny/obstagoon.png,sprites-processed/back-shiny/obstagoon.png,sprites-processed/icon/obstagoon.png,sprites-processed/icon-frame2/obstagoon.png,8
octillery,octillery,STANDARD,sprites-processed/front/octillery.png,sprites-processed/back/octillery.png,sprites-processed/front-shiny/octillery.png,sprites-processed/back-shiny/octillery.png,sprites-processed/icon/octillery.png,sprites-processed/icon-frame2/octillery.png,10
oddish,oddish,STANDARD,sprites-processed/front/oddish.png,sprites-processed/back/oddish.png,sprites-processed/front-shiny/oddish.png,sprites-processed/back-shiny/oddish.png,sprites-processed/icon/oddish.png,sprites-processed/icon-frame2/oddish.png,8
ogerpon,ogerpon,STANDARD,sprites-processed/front/ogerpon.png,sprites-processed/back/ogerpon.png,sprites-processed/front-shiny/ogerpon.png,sprites-processed/back-shiny/ogerpon.png,sprites-processed/icon/ogerpon.png,sprites-processed/icon-frame2/ogerpon.png,8
ogerpon-cornerstone-mask,ogerpon-cornerstone-mask,STANDARD,sprites-processed/front/ogerpon-cornerstone-mask.png,sprites-processed/back/ogerpon-cornerstone-mask.png,sprites-processed/front-shiny/ogerpon-cornerstone-mask.png,sprites-processed/back-shiny/ogerpon-cornerstone-mask.png,sprites-processed/icon/ogerpon-cornerstone-mask.png,sprites-processed/icon-frame2/ogerpon-cornerstone-mask.png,8
ogerpon-hearthflame-mask,ogerpon-hearthflame-mask,STANDARD,sprites-processed/front/ogerpon-hearthflame-mask.png,sprites-processed/back/ogerpon-hearthflame-mask.png,sprites-processed/front-shiny/ogerpon-hearthflame-mask.png,sprites-processed/back-shiny/ogerpon-hearthflame-mask.png,sprites-processed/icon/ogerpon-hearthflame-mask.png,sprites-processed/icon-frame2/ogerpon-hearthflame-mask.png,8
ogerpon-wellspring-mask,ogerpon-wellspring-mask,STANDARD,sprites-processed/front/ogerpon-wellspring-mask.png,sprites-processed/back/ogerpon-wellspring-mask.png,sprites-processed/front-shiny/ogerpon-wellspring-mask.png,sprites-processed/back-shiny/ogerpon-wellspring-mask.png,sprites-processed/icon/ogerpon-wellspring-mask.png,sprites-processed/icon-frame2/ogerpon-wellspring-mask.png,8
oinkologne-female,oinkologne-female,STANDARD,sprites-processed/front/oinkologne-female.png,sprites-processed/back/oinkologne-female.png,sprites-processed/front-shiny/oinkologne-female.png,sprites-processed/back-shiny/oinkologne-female.png,sprites-processed/icon/oinkologne-female.png,sprites-processed/icon-frame2/oinkologne-female.png,12
oinkologne-male,oinkologne-male,STANDARD,sprites-processed/front/oinkologne-male.png,sprites-processed/back/oinkologne-male.png,sprites-processed/front-shiny/oinkologne-male.png,sprites-processed/back-shiny/oinkologne-male.png,sprites-processed/icon/oinkologne-male.png,sprites-processed/icon-frame2/oinkologne-male.png,8
okidogi,okidogi,STANDARD,sprites-processed/front/okidogi.png,sprites-processed/back/okidogi.png,sprites-processed/front-shiny/okidogi.png,sprites-processed/back-shiny/okidogi.png,sprites-processed/icon/okidogi.png,sprites-processed/icon-frame2/okidogi.png,8
omanyte,omanyte,STANDARD,sprites-processed/front/omanyte.png,sprites-processed/back/omanyte.png,sprites-processed/front-shiny/omanyte.png,sprites-processed/back-shiny/omanyte.png,sprites-processed/icon/omanyte.png,sprites-processed/icon-frame2/omanyte.png,8
omastar,omastar,STANDARD,sprites-processed/front/omastar.png,sprites-processed/back/omastar.png,sprites-processed/front-shiny/omastar.png,sprites-processed/back-shiny/omastar.png,sprites-processed/icon/omastar.png,sprites-processed/icon-frame2/omastar.png,8
onix,onix,STANDARD,sprites-processed/front/onix.png,sprites-processed/back/onix.png,sprites-processed/front-shiny/onix.png,sprites-processed/back-shiny/onix.png,sprites-processed/icon/onix.png,sprites-processed/icon-frame2/onix.png,8
oranguru,oranguru,STANDARD,sprites-processed/front/oranguru.png,sprites-processed/back/oranguru.png,sprites-processed/front-shiny/oranguru.png,sprites-processed/back-shiny/oranguru.png,sprites-processed/icon/oranguru.png,sprites-processed/icon-frame2/oranguru.png,8
orbeetle,orbeetle,STANDARD,sprites-processed/front/orbeetle.png,sprites-processed/back/orbeetle.png,sprites-processed/front-shiny/orbeetle.png,sprites-processed/back-shiny/orbeetle.png,sprites-processed/icon/orbeetle.png,sprites-processed/icon-frame2/orbeetle.png,8
orbeetle-gmax,orbeetle-gmax,SPECIAL_FORM,sprites-processed/front/orbeetle-gmax.png,sprites-processed/back/orbeetle-gmax.png,sprites-processed/front-shiny/orbeetle-gmax.png,sprites-processed/back-shiny/orbeetle-gmax.png,sprites-processed/icon/orbeetle-gmax.png,sprites-processed/icon-frame2/orbeetle-gmax.png,8
oricorio-baile,oricorio-baile,STANDARD,sprites-processed/front/oricorio-baile.png,sprites-processed/back/oricorio-baile.png,sprites-processed/front-shiny/oricorio-baile.png,sprites-processed/back-shiny/oricorio-baile.png,sprites-processed/icon/oricorio-baile.png,sprites-processed/icon-frame2/oricorio-baile.png,8
oricorio-pau,oricorio-pau,STANDARD,sprites-processed/front/oricorio-pau.png,sprites-processed/back/oricorio-pau.png,sprites-processed/front-shiny/oricorio-pau.png,sprites-processed/back-shiny/oricorio-pau.png,sprites-processed/icon/oricorio-pau.png,sprites-processed/icon-frame2/oricorio-pau.png,8
oricorio-pom-pom,oricorio-pom-pom,STANDARD,sprites-processed/front/oricorio-pom-pom.png,sprites-processed/back/oricorio-pom-pom.png,sprites-processed/front-shiny/oricorio-pom-pom.png,sprites-processed/back-shiny/oricorio-pom-pom.png,sprites-processed/icon/oricorio-pom-pom.png,sprites-processed/icon-frame2/oricorio-pom-pom.png,8
oricorio-sensu,oricorio-sensu,STANDARD,sprites-processed/front/oricorio-sensu.png,sprites-processed/back/oricorio-sensu.png,sprites-processed/front-shiny/oricorio-sensu.png,sprites-processed/back-shiny/oricorio-sensu.png,sprites-processed/icon/oricorio-sensu.png,sprites-processed/icon-frame2/oricorio-sensu.png,8
orthworm,orthworm,STANDARD,sprites-processed/front/orthworm.png,sprites-processed/back/orthworm.png,sprites-processed/front-shiny/orthworm.png,sprites-processed/back-shiny/orthworm.png,sprites-processed/icon/orthworm.png,sprites-processed/icon-frame2/orthworm.png,8
oshawott,oshawott,STANDARD,sprites-processed/front/oshawott.png,sprites-processed/back/oshawott.png,sprites-processed/front-shiny/oshawott.png,sprites-processed/back-shiny/oshawott.png,sprites-processed/icon/oshawott.png,sprites-processed/icon-frame2/oshawott.png,8
overqwil,overqwil,STANDARD,sprites-processed/front/overqwil.png,sprites-processed/back/overqwil.png,sprites-processed/front-shiny/overqwil.png,sprites-processed/back-shiny/overqwil.png,sprites-processed/icon/overqwil.png,sprites-processed/icon-frame2/overqwil.png,8
pachirisu,pachirisu,STANDARD,sprites-processed/front/pachirisu.png,sprites-processed/back/pachirisu.png,sprites-processed/front-shiny/pachirisu.png,sprites-processed/back-shiny/pachirisu.png,sprites-processed/icon/pachirisu.png,sprites-processed/icon-frame2/pachirisu.png,10
palafin-hero,palafin-hero,STANDARD,sprites-processed/front/palafin-hero.png,sprites-processed/back/palafin-hero.png,sprites-processed/front-shiny/palafin-hero.png,sprites-processed/back-shiny/palafin-hero.png,sprites-processed/icon/palafin-hero.png,sprites-processed/icon-frame2/palafin-hero.png,8
palafin-zero,palafin-zero,STANDARD,sprites-processed/front/palafin-zero.png,sprites-processed/back/palafin-zero.png,sprites-processed/front-shiny/palafin-zero.png,sprites-processed/back-shiny/palafin-zero.png,sprites-processed/icon/palafin-zero.png,sprites-processed/icon-frame2/palafin-zero.png,8
palkia,palkia,STANDARD,sprites-processed/front/palkia.png,sprites-processed/back/palkia.png,sprites-processed/front-shiny/palkia.png,sprites-processed/back-shiny/palkia.png,sprites-processed/icon/palkia.png,sprites-processed/icon-frame2/palkia.png,8
palkia-origin,palkia-origin,SPECIAL_FORM,sprites-processed/front/palkia-origin.png,sprites-processed/back/palkia-origin.png,sprites-processed/front-shiny/palkia-origin.png,sprites-processed/back-shiny/palkia-origin.png,sprites-processed/icon/palkia-origin.png,sprites-processed/icon-frame2/palkia-origin.png,8
palossand,palossand,STANDARD,sprites-processed/front/palossand.png,sprites-processed/back/palossand.png,sprites-processed/front-shiny/palossand.png,sprites-processed/back-shiny/palossand.png,sprites-processed/icon/palossand.png,sprites-processed/icon-frame2/palossand.png,8
palpitoad,palpitoad,STANDARD,sprites-processed/front/palpitoad.png,sprites-processed/back/palpitoad.png,sprites-processed/front-shiny/palpitoad.png,sprites-processed/back-shiny/palpitoad.png,sprites-processed/icon/palpitoad.png,sprites-processed/icon-frame2/palpitoad.png,8
pancham,pancham,STANDARD,sprites-processed/front/pancham.png,sprites-processed/back/pancham.png,sprites-processed/front-shiny/pancham.png,sprites-processed/back-shiny/pancham.png,sprites-processed/icon/pancham.png,sprites-processed/icon-frame2/pancham.png,8
pangoro,pangoro,STANDARD,sprites-processed/front/pangoro.png,sprites-processed/back/pangoro.png,sprites-processed/front-shiny/pangoro.png,sprites-processed/back-shiny/pangoro.png,sprites-processed/icon/pangoro.png,sprites-processed/icon-frame2/pangoro.png,8
panpour,panpour,STANDARD,sprites-processed/front/panpour.png,sprites-processed/back/panpour.png,sprites-processed/front-shiny/panpour.png,sprites-processed/back-shiny/panpour.png,sprites-processed/icon/panpour.png,sprites-processed/icon-frame2/panpour.png,8
pansage,pansage,STANDARD,sprites-processed/front/pansage.png,sprites-processed/back/pansage.png,sprites-processed/front-shiny/pansage.png,sprites-processed/back-shiny/pansage.png,sprites-processed/icon/pansage.png,sprites-processed/icon-frame2/pansage.png,8
pansear,pansear,STANDARD,sprites-processed/front/pansear.png,sprites-processed/back/pansear.png,sprites-processed/front-shiny/pansear.png,sprites-processed/back-shiny/pansear.png,sprites-processed/icon/pansear.png,sprites-processed/icon-frame2/pansear.png,8
paras,paras,STANDARD,sprites-processed/front/paras.png,sprites-processed/back/paras.png,sprites-processed/front-shiny/paras.png,sprites-processed/back-shiny/paras.png,sprites-processed/icon/paras.png,sprites-processed/icon-frame2/paras.png,8
parasect,parasect,STANDARD,sprites-processed/front/parasect.png,sprites-processed/back/parasect.png,sprites-processed/front-shiny/parasect.png,sprites-processed/back-shiny/parasect.png,sprites-processed/icon/parasect.png,sprites-processed/icon-frame2/parasect.png,8
passimian,passimian,STANDARD,sprites-processed/front/passimian.png,sprites-processed/back/passimian.png,sprites-processed/front-shiny/passimian.png,sprites-processed/back-shiny/passimian.png,sprites-processed/icon/passimian.png,sprites-processed/icon-frame2/passimian.png,8
patrat,patrat,STANDARD,sprites-processed/front/patrat.png,sprites-processed/back/patrat.png,sprites-processed/front-shiny/patrat.png,sprites-processed/back-shiny/patrat.png,sprites-processed/icon/patrat.png,sprites-processed/icon-frame2/patrat.png,8
pawmi,pawmi,STANDARD,sprites-processed/front/pawmi.png,sprites-processed/back/pawmi.png,sprites-processed/front-shiny/pawmi.png,sprites-processed/back-shiny/pawmi.png,sprites-processed/icon/pawmi.png,sprites-processed/icon-frame2/pawmi.png,8
pawmo,pawmo,STANDARD,sprites-processed/front/pawmo.png,sprites-processed/back/pawmo.png,sprites-processed/front-shiny/pawmo.png,sprites-processed/back-shiny/pawmo.png,sprites-processed/icon/pawmo.png,sprites-processed/icon-frame2/pawmo.png,8
pawmot,pawmot,STANDARD,sprites-processed/front/pawmot.png,sprites-processed/back/pawmot.png,sprites-processed/front-shiny/pawmot.png,sprites-processed/back-shiny/pawmot.png,sprites-processed/icon/pawmot.png,sprites-processed/icon-frame2/pawmot.png,8
pawniard,pawniard,STANDARD,sprites-processed/front/pawniard.png,sprites-processed/back/pawniard.png,sprites-processed/front-shiny/pawniard.png,sprites-processed/back-shiny/pawniard.png,sprites-processed/icon/pawniard.png,sprites-processed/icon-frame2/pawniard.png,8
pecharunt,pecharunt,STANDARD,sprites-processed/front/pecharunt.png,sprites-processed/back/pecharunt.png,sprites-processed/front-shiny/pecharunt.png,sprites-processed/back-shiny/pecharunt.png,sprites-processed/icon/pecharunt.png,sprites-processed/icon-frame2/pecharunt.png,8
pelipper,pelipper,STANDARD,sprites-processed/front/pelipper.png,sprites-processed/back/pelipper.png,sprites-processed/front-shiny/pelipper.png,sprites-processed/back-shiny/pelipper.png,sprites-processed/icon/pelipper.png,sprites-processed/icon-frame2/pelipper.png,8
perrserker,perrserker,STANDARD,sprites-processed/front/perrserker.png,sprites-processed/back/perrserker.png,sprites-processed/front-shiny/perrserker.png,sprites-processed/back-shiny/perrserker.png,sprites-processed/icon/perrserker.png,sprites-processed/icon-frame2/perrserker.png,8
persian,persian,STANDARD,sprites-processed/front/persian.png,sprites-processed/back/persian.png,sprites-processed/front-shiny/persian.png,sprites-processed/back-shiny/persian.png,sprites-processed/icon/persian.png,sprites-processed/icon-frame2/persian.png,8
persian-alola,persian-alola,SPECIAL_FORM,sprites-processed/front/persian-alola.png,sprites-processed/back/persian-alola.png,sprites-processed/front-shiny/persian-alola.png,sprites-processed/back-shiny/persian-alola.png,sprites-processed/icon/persian-alola.png,sprites-processed/icon-frame2/persian-alola.png,8
petilil,petilil,STANDARD,sprites-processed/front/petilil.png,sprites-processed/back/petilil.png,sprites-processed/front-shiny/petilil.png,sprites-processed/back-shiny/petilil.png,sprites-processed/icon/petilil.png,sprites-processed/icon-frame2/petilil.png,8
phanpy,phanpy,STANDARD,sprites-processed/front/phanpy.png,sprites-processed/back/phanpy.png,sprites-processed/front-shiny/phanpy.png,sprites-processed/back-shiny/phanpy.png,sprites-processed/icon/phanpy.png,sprites-processed/icon-frame2/phanpy.png,8
phantump,phantump,STANDARD,sprites-processed/front/phantump.png,sprites-processed/back/phantump.png,sprites-processed/front-shiny/phantump.png,sprites-processed/back-shiny/phantump.png,sprites-processed/icon/phantump.png,sprites-processed/icon-frame2/phantump.png,8
pheromosa,pheromosa,STANDARD,sprites-processed/front/pheromosa.png,sprites-processed/back/pheromosa.png,sprites-processed/front-shiny/pheromosa.png,sprites-processed/back-shiny/pheromosa.png,sprites-processed/icon/pheromosa.png,sprites-processed/icon-frame2/pheromosa.png,8
phione,phione,STANDARD,sprites-processed/front/phione.png,sprites-processed/back/phione.png,sprites-processed/front-shiny/phione.png,sprites-processed/back-shiny/phione.png,sprites-processed/icon/phione.png,sprites-processed/icon-frame2/phione.png,8
pichu,pichu,STANDARD,sprites-processed/front/pichu.png,sprites-processed/back/pichu.png,sprites-processed/front-shiny/pichu.png,sprites-processed/back-shiny/pichu.png,sprites-processed/icon/pichu.png,sprites-processed/icon-frame2/pichu.png,8
pichu-spiky-eared,pichu-spiky-eared,STANDARD,sprites-processed/front/pichu-spiky-eared.png,sprites-processed/back/pichu-spiky-eared.png,sprites-processed/front-shiny/pichu-spiky-eared.png,sprites-processed/back-shiny/pichu-spiky-eared.png,sprites-processed/icon/pichu-spiky-eared.png,sprites-processed/icon-frame2/pichu-spiky-eared.png,8
pidgeot,pidgeot,STANDARD,sprites-processed/front/pidgeot.png,sprites-processed/back/pidgeot.png,sprites-processed/front-shiny/pidgeot.png,sprites-processed/back-shiny/pidgeot.png,sprites-processed/icon/pidgeot.png,sprites-processed/icon-frame2/pidgeot.png,8
pidgeot-mega,pidgeot-mega,SPECIAL_FORM,sprites-processed/front/pidgeot-mega.png,sprites-processed/back/pidgeot-mega.png,sprites-processed/front-shiny/pidgeot-mega.png,sprites-processed/back-shiny/pidgeot-mega.png,sprites-processed/icon/pidgeot-mega.png,sprites-processed/icon-frame2/pidgeot-mega.png,8
pidgeotto,pidgeotto,STANDARD,sprites-processed/front/pidgeotto.png,sprites-processed/back/pidgeotto.png,sprites-processed/front-shiny/pidgeotto.png,sprites-processed/back-shiny/pidgeotto.png,sprites-processed/icon/pidgeotto.png,sprites-processed/icon-frame2/pidgeotto.png,8
pidgey,pidgey,STANDARD,sprites-processed/front/pidgey.png,sprites-processed/back/pidgey.png,sprites-processed/front-shiny/pidgey.png,sprites-processed/back-shiny/pidgey.png,sprites-processed/icon/pidgey.png,sprites-processed/icon-frame2/pidgey.png,8
pidove,pidove,STANDARD,sprites-processed/front/pidove.png,sprites-processed/back/pidove.png,sprites-processed/front-shiny/pidove.png,sprites-processed/back-shiny/pidove.png,sprites-processed/icon/pidove.png,sprites-processed/icon-frame2/pidove.png,8
pignite,pignite,STANDARD,sprites-processed/front/pignite.png,sprites-processed/back/pignite.png,sprites-processed/front-shiny/pignite.png,sprites-processed/back-shiny/pignite.png,sprites-processed/icon/pignite.png,sprites-processed/icon-frame2/pignite.png,8
pikachu,pikachu,STANDARD,sprites-processed/front/pikachu.png,sprites-processed/back/pikachu.png,sprites-processed/front-shiny/pikachu.png,sprites-processed/back-shiny/pikachu.png,sprites-processed/icon/pikachu.png,sprites-processed/icon-frame2/pikachu.png,10
pikachu-alola-cap,pikachu-alola-cap,SPECIAL_FORM,sprites-processed/front/pikachu-alola-cap.png,sprites-processed/back/pikachu-alola-cap.png,sprites-processed/front-shiny/pikachu-alola-cap.png,sprites-processed/back-shiny/pikachu-alola-cap.png,sprites-processed/icon/pikachu-alola-cap.png,sprites-processed/icon-frame2/pikachu-alola-cap.png,8
pikachu-belle,pikachu-belle,STANDARD,sprites-processed/front/pikachu-belle.png,sprites-processed/back/pikachu-belle.png,sprites-processed/front-shiny/pikachu-belle.png,sprites-processed/back-shiny/pikachu-belle.png,sprites-processed/icon/pikachu-belle.png,sprites-processed/icon-frame2/pikachu-belle.png,8
pikachu-cosplay,pikachu-cosplay,STANDARD,sprites-processed/front/pikachu-cosplay.png,sprites-processed/back/pikachu-cosplay.png,sprites-processed/front-shiny/pikachu-cosplay.png,sprites-processed/back-shiny/pikachu-cosplay.png,sprites-processed/icon/pikachu-cosplay.png,sprites-processed/icon-frame2/pikachu-cosplay.png,8
pikachu-gmax,pikachu-gmax,SPECIAL_FORM,sprites-processed/front/pikachu-gmax.png,sprites-processed/back/pikachu-gmax.png,sprites-processed/front-shiny/pikachu-gmax.png,sprites-processed/back-shiny/pikachu-gmax.png,sprites-processed/icon/pikachu-gmax.png,sprites-processed/icon-frame2/pikachu-gmax.png,8
pikachu-hoenn-cap,pikachu-hoenn-cap,STANDARD,sprites-processed/front/pikachu-hoenn-cap.png,sprites-processed/back/pikachu-hoenn-cap.png,sprites-processed/front-shiny/pikachu-hoenn-cap.png,sprites-processed/back-shiny/pikachu-hoenn-cap.png,sprites-processed/icon/pikachu-hoenn-cap.png,sprites-processed/icon-frame2/pikachu-hoenn-cap.png,8
pikachu-kalos-cap,pikachu-kalos-cap,STANDARD,sprites-processed/front/pikachu-kalos-cap.png,sprites-processed/back/pikachu-kalos-cap.png,sprites-processed/front-shiny/pikachu-kalos-cap.png,sprites-processed/back-shiny/pikachu-kalos-cap.png,sprites-processed/icon/pikachu-kalos-cap.png,sprites-processed/icon-frame2/pikachu-kalos-cap.png,8
pikachu-libre,pikachu-libre,STANDARD,sprites-processed/front/pikachu-libre.png,sprites-processed/back/pikachu-libre.png,sprites-processed/front-shiny/pikachu-libre.png,sprites-processed/back-shiny/pikachu-libre.png,sprites-processed/icon/pikachu-libre.png,sprites-processed/icon-frame2/pikachu-libre.png,8
pikachu-original-cap,pikachu-original-cap,SPECIAL_FORM,sprites-processed/front/pikachu-original-cap.png,sprites-processed/back/pikachu-original-cap.png,sprites-processed/front-shiny/pikachu-original-cap.png,sprites-processed/back-shiny/pikachu-original-cap.png,sprites-processed/icon/pikachu-original-cap.png,sprites-processed/icon-frame2/pikachu-original-cap.png,8
pikachu-partner-cap,pikachu-partner-cap,STANDARD,sprites-processed/front/pikachu-partner-cap.png,sprites-processed/back/pikachu-partner-cap.png,sprites-processed/front-shiny/pikachu-partner-cap.png,sprites-processed/back-shiny/pikachu-partner-cap.png,sprites-processed/icon/pikachu-partner-cap.png,sprites-processed/icon-frame2/pikachu-partner-cap.png,8
pikachu-phd,pikachu-phd,STANDARD,sprites-processed/front/pikachu-phd.png,sprites-processed/back/pikachu-phd.png,sprites-processed/front-shiny/pikachu-phd.png,sprites-processed/back-shiny/pikachu-phd.png,sprites-processed/icon/pikachu-phd.png,sprites-processed/icon-frame2/pikachu-phd.png,8
pikachu-pop-star,pikachu-pop-star,STANDARD,sprites-processed/front/pikachu-pop-star.png,sprites-processed/back/pikachu-pop-star.png,sprites-processed/front-shiny/pikachu-pop-star.png,sprites-processed/back-shiny/pikachu-pop-star.png,sprites-processed/icon/pikachu-pop-star.png,sprites-processed/icon-frame2/pikachu-pop-star.png,8
pikachu-rock-star,pikachu-rock-star,STANDARD,sprites-processed/front/pikachu-rock-star.png,sprites-processed/back/pikachu-rock-star.png,sprites-processed/front-shiny/pikachu-rock-star.png,sprites-processed/back-shiny/pikachu-rock-star.png,sprites-processed/icon/pikachu-rock-star.png,sprites-processed/icon-frame2/pikachu-rock-star.png,8
pikachu-sinnoh-cap,pikachu-sinnoh-cap,STANDARD,sprites-processed/front/pikachu-sinnoh-cap.png,sprites-processed/back/pikachu-sinnoh-cap.png,sprites-processed/front-shiny/pikachu-sinnoh-cap.png,sprites-processed/back-shiny/pikachu-sinnoh-cap.png,sprites-processed/icon/pikachu-sinnoh-cap.png,sprites-processed/icon-frame2/pikachu-sinnoh-cap.png,8
pikachu-unova-cap,pikachu-unova-cap,STANDARD,sprites-processed/front/pikachu-unova-cap.png,sprites-processed/back/pikachu-unova-cap.png,sprites-processed/front-shiny/pikachu-unova-cap.png,sprites-processed/back-shiny/pikachu-unova-cap.png,sprites-processed/icon/pikachu-unova-cap.png,sprites-processed/icon-frame2/pikachu-unova-cap.png,8
pikachu-world-cap,pikachu-world-cap,STANDARD,sprites-processed/front/pikachu-world-cap.png,sprites-processed/back/pikachu-world-cap.png,sprites-processed/front-shiny/pikachu-world-cap.png,sprites-processed/back-shiny/pikachu-world-cap.png,sprites-processed/icon/pikachu-world-cap.png,sprites-processed/icon-frame2/pikachu-world-cap.png,8
pikipek,pikipek,STANDARD,sprites-processed/front/pikipek.png,sprites-processed/back/pikipek.png,sprites-processed/front-shiny/pikipek.png,sprites-processed/back-shiny/pikipek.png,sprites-processed/icon/pikipek.png,sprites-processed/icon-frame2/pikipek.png,8
piloswine,piloswine,STANDARD,sprites-processed/front/piloswine.png,sprites-processed/back/piloswine.png,sprites-processed/front-shiny/piloswine.png,sprites-processed/back-shiny/piloswine.png,sprites-processed/icon/piloswine.png,sprites-processed/icon-frame2/piloswine.png,10
pincurchin,pincurchin,STANDARD,sprites-processed/front/pincurchin.png,sprites-processed/back/pincurchin.png,sprites-processed/front-shiny/pincurchin.png,sprites-processed/back-shiny/pincurchin.png,sprites-processed/icon/pincurchin.png,sprites-processed/icon-frame2/pincurchin.png,8
pineco,pineco,STANDARD,sprites-processed/front/pineco.png,sprites-processed/back/pineco.png,sprites-processed/front-shiny/pineco.png,sprites-processed/back-shiny/pineco.png,sprites-processed/icon/pineco.png,sprites-processed/icon-frame2/pineco.png,8
pinsir,pinsir,STANDARD,sprites-processed/front/pinsir.png,sprites-processed/back/pinsir.png,sprites-processed/front-shiny/pinsir.png,sprites-processed/back-shiny/pinsir.png,sprites-processed/icon/pinsir.png,sprites-processed/icon-frame2/pinsir.png,8
pinsir-mega,pinsir-mega,SPECIAL_FORM,sprites-processed/front/pinsir-mega.png,sprites-processed/back/pinsir-mega.png,sprites-processed/front-shiny/pinsir-mega.png,sprites-processed/back-shiny/pinsir-mega.png,sprites-processed/icon/pinsir-mega.png,sprites-processed/icon-frame2/pinsir-mega.png,8
piplup,piplup,STANDARD,sprites-processed/front/piplup.png,sprites-processed/back/piplup.png,sprites-processed/front-shiny/piplup.png,sprites-processed/back-shiny/piplup.png,sprites-processed/icon/piplup.png,sprites-processed/icon-frame2/piplup.png,8
plusle,plusle,STANDARD,sprites-processed/front/plusle.png,sprites-processed/back/plusle.png,sprites-processed/front-shiny/plusle.png,sprites-processed/back-shiny/plusle.png,sprites-processed/icon/plusle.png,sprites-processed/icon-frame2/plusle.png,8
poipole,poipole,STANDARD,sprites-processed/front/poipole.png,sprites-processed/back/poipole.png,sprites-processed/front-shiny/poipole.png,sprites-processed/back-shiny/poipole.png,sprites-processed/icon/poipole.png,sprites-processed/icon-frame2/poipole.png,8
politoed,politoed,STANDARD,sprites-processed/front/politoed.png,sprites-processed/back/politoed.png,sprites-processed/front-shiny/politoed.png,sprites-processed/back-shiny/politoed.png,sprites-processed/icon/politoed.png,sprites-processed/icon-frame2/politoed.png,10
poliwag,poliwag,STANDARD,sprites-processed/front/poliwag.png,sprites-processed/back/poliwag.png,sprites-processed/front-shiny/poliwag.png,sprites-processed/back-shiny/poliwag.png,sprites-processed/icon/poliwag.png,sprites-processed/icon-frame2/poliwag.png,8
poliwhirl,poliwhirl,STANDARD,sprites-processed/front/poliwhirl.png,sprites-processed/back/poliwhirl.png,sprites-processed/front-shiny/poliwhirl.png,sprites-processed/back-shiny/poliwhirl.png,sprites-processed/icon/poliwhirl.png,sprites-processed/icon-frame2/poliwhirl.png,8
poliwrath,poliwrath,STANDARD,sprites-processed/front/poliwrath.png,sprites-processed/back/poliwrath.png,sprites-processed/front-shiny/poliwrath.png,sprites-processed/back-shiny/poliwrath.png,sprites-processed/icon/poliwrath.png,sprites-processed/icon-frame2/poliwrath.png,8
poltchageist-artisan,poltchageist-artisan,STANDARD,sprites-processed/front/poltchageist-artisan.png,floating-pokemon/back__poltchageist-artisan.png,sprites-processed/front-shiny/poltchageist-artisan.png,floating-pokemon/back-shiny__poltchageist-artisan.png,sprites-processed/icon/poltchageist-artisan.png,sprites-processed/icon-frame2/poltchageist-artisan.png,10
poltchageist-counterfeit,poltchageist-counterfeit,STANDARD,sprites-processed/front/poltchageist-counterfeit.png,floating-pokemon/back__poltchageist-counterfeit.png,sprites-processed/front-shiny/poltchageist-counterfeit.png,floating-pokemon/back-shiny__poltchageist-counterfeit.png,sprites-processed/icon/poltchageist-counterfeit.png,sprites-processed/icon-frame2/poltchageist-counterfeit.png,10
polteageist-antique,polteageist-antique,STANDARD,sprites-processed/front/polteageist-antique.png,sprites-processed/back/polteageist-antique.png,sprites-processed/front-shiny/polteageist-antique.png,sprites-processed/back-shiny/polteageist-antique.png,sprites-processed/icon/polteageist-antique.png,sprites-processed/icon-frame2/polteageist-antique.png,8
polteageist-phony,polteageist-phony,STANDARD,sprites-processed/front/polteageist-phony.png,sprites-processed/back/polteageist-phony.png,sprites-processed/front-shiny/polteageist-phony.png,sprites-processed/back-shiny/polteageist-phony.png,sprites-processed/icon/polteageist-phony.png,sprites-processed/icon-frame2/polteageist-phony.png,8
ponyta,ponyta,STANDARD,sprites-processed/front/ponyta.png,sprites-processed/back/ponyta.png,sprites-processed/front-shiny/ponyta.png,sprites-processed/back-shiny/ponyta.png,sprites-processed/icon/ponyta.png,sprites-processed/icon-frame2/ponyta.png,8
ponyta-galar,ponyta-galar,SPECIAL_FORM,sprites-processed/front/ponyta-galar.png,sprites-processed/back/ponyta-galar.png,sprites-processed/front-shiny/ponyta-galar.png,sprites-processed/back-shiny/ponyta-galar.png,sprites-processed/icon/ponyta-galar.png,sprites-processed/icon-frame2/ponyta-galar.png,8
poochyena,poochyena,STANDARD,sprites-processed/front/poochyena.png,sprites-processed/back/poochyena.png,sprites-processed/front-shiny/poochyena.png,sprites-processed/back-shiny/poochyena.png,sprites-processed/icon/poochyena.png,sprites-processed/icon-frame2/poochyena.png,8
popplio,popplio,STANDARD,sprites-processed/front/popplio.png,sprites-processed/back/popplio.png,sprites-processed/front-shiny/popplio.png,sprites-processed/back-shiny/popplio.png,sprites-processed/icon/popplio.png,sprites-processed/icon-frame2/popplio.png,8
porygon,porygon,STANDARD,sprites-processed/front/porygon.png,sprites-processed/back/porygon.png,sprites-processed/front-shiny/porygon.png,sprites-processed/back-shiny/porygon.png,sprites-processed/icon/porygon.png,sprites-processed/icon-frame2/porygon.png,8
porygon-z,porygon-z,STANDARD,sprites-processed/front/porygon-z.png,sprites-processed/back/porygon-z.png,sprites-processed/front-shiny/porygon-z.png,sprites-processed/back-shiny/porygon-z.png,sprites-processed/icon/porygon-z.png,sprites-processed/icon-frame2/porygon-z.png,8
porygon2,porygon2,STANDARD,sprites-processed/front/porygon2.png,sprites-processed/back/porygon2.png,sprites-processed/front-shiny/porygon2.png,sprites-processed/back-shiny/porygon2.png,sprites-processed/icon/porygon2.png,sprites-processed/icon-frame2/porygon2.png,8
primarina,primarina,STANDARD,sprites-processed/front/primarina.png,sprites-processed/back/primarina.png,sprites-processed/front-shiny/primarina.png,sprites-processed/back-shiny/primarina.png,sprites-processed/icon/primarina.png,sprites-processed/icon-frame2/primarina.png,8
primeape,primeape,STANDARD,sprites-processed/front/primeape.png,sprites-processed/back/primeape.png,sprites-processed/front-shiny/primeape.png,sprites-processed/back-shiny/primeape.png,sprites-processed/icon/primeape.png,sprites-processed/icon-frame2/primeape.png,8
prinplup,prinplup,STANDARD,sprites-processed/front/prinplup.png,sprites-processed/back/prinplup.png,sprites-processed/front-shiny/prinplup.png,sprites-processed/back-shiny/prinplup.png,sprites-processed/icon/prinplup.png,sprites-processed/icon-frame2/prinplup.png,8
probopass,probopass,STANDARD,sprites-processed/front/probopass.png,sprites-processed/back/probopass.png,sprites-processed/front-shiny/probopass.png,sprites-processed/back-shiny/probopass.png,sprites-processed/icon/probopass.png,sprites-processed/icon-frame2/probopass.png,8
psyduck,psyduck,STANDARD,sprites-processed/front/psyduck.png,sprites-processed/back/psyduck.png,sprites-processed/front-shiny/psyduck.png,sprites-processed/back-shiny/psyduck.png,sprites-processed/icon/psyduck.png,sprites-processed/icon-frame2/psyduck.png,8
pumpkaboo-average,pumpkaboo-average,STANDARD,sprites-processed/front/pumpkaboo-average.png,sprites-processed/back/pumpkaboo-average.png,sprites-processed/front-shiny/pumpkaboo-average.png,sprites-processed/back-shiny/pumpkaboo-average.png,sprites-processed/icon/pumpkaboo-average.png,sprites-processed/icon-frame2/pumpkaboo-average.png,8
pumpkaboo-large,pumpkaboo-large,STANDARD,sprites-processed/front/pumpkaboo-large.png,sprites-processed/back/pumpkaboo-large.png,sprites-processed/front-shiny/pumpkaboo-large.png,sprites-processed/back-shiny/pumpkaboo-large.png,sprites-processed/icon/pumpkaboo-large.png,sprites-processed/icon-frame2/pumpkaboo-large.png,8
pumpkaboo-small,pumpkaboo-small,STANDARD,sprites-processed/front/pumpkaboo-small.png,sprites-processed/back/pumpkaboo-small.png,sprites-processed/front-shiny/pumpkaboo-small.png,sprites-processed/back-shiny/pumpkaboo-small.png,sprites-processed/icon/pumpkaboo-small.png,sprites-processed/icon-frame2/pumpkaboo-small.png,8
pumpkaboo-super,pumpkaboo-super,STANDARD,sprites-processed/front/pumpkaboo-super.png,sprites-processed/back/pumpkaboo-super.png,sprites-processed/front-shiny/pumpkaboo-super.png,sprites-processed/back-shiny/pumpkaboo-super.png,sprites-processed/icon/pumpkaboo-super.png,sprites-processed/icon-frame2/pumpkaboo-super.png,8
pupitar,pupitar,STANDARD,sprites-processed/front/pupitar.png,sprites-processed/back/pupitar.png,sprites-processed/front-shiny/pupitar.png,sprites-processed/back-shiny/pupitar.png,sprites-processed/icon/pupitar.png,sprites-processed/icon-frame2/pupitar.png,8
purrloin,purrloin,STANDARD,sprites-processed/front/purrloin.png,sprites-processed/back/purrloin.png,sprites-processed/front-shiny/purrloin.png,sprites-processed/back-shiny/purrloin.png,sprites-processed/icon/purrloin.png,sprites-processed/icon-frame2/purrloin.png,8
purugly,purugly,STANDARD,sprites-processed/front/purugly.png,sprites-processed/back/purugly.png,sprites-processed/front-shiny/purugly.png,sprites-processed/back-shiny/purugly.png,sprites-processed/icon/purugly.png,sprites-processed/icon-frame2/purugly.png,8
pyroar-female,pyroar-female,STANDARD,sprites-processed/front/pyroar-female.png,sprites-processed/back/pyroar-female.png,sprites-processed/front-shiny/pyroar-female.png,sprites-processed/back-shiny/pyroar-female.png,sprites-processed/icon/pyroar-female.png,sprites-processed/icon-frame2/pyroar-female.png,12
pyroar-male,pyroar-male,STANDARD,sprites-processed/front/pyroar-male.png,sprites-processed/back/pyroar-male.png,sprites-processed/front-shiny/pyroar-male.png,sprites-processed/back-shiny/pyroar-male.png,sprites-processed/icon/pyroar-male.png,sprites-processed/icon-frame2/pyroar-male.png,8
pyroar-mega,pyroar-mega,SPECIAL_FORM,sprites-processed/front/pyroar-mega.png,sprites-processed/back/pyroar-mega.png,sprites-processed/front-shiny/pyroar-mega.png,sprites-processed/back-shiny/pyroar-mega.png,sprites-processed/icon/pyroar-mega.png,sprites-processed/icon-frame2/pyroar-mega.png,8
pyukumuku,pyukumuku,STANDARD,sprites-processed/front/pyukumuku.png,sprites-processed/back/pyukumuku.png,sprites-processed/front-shiny/pyukumuku.png,sprites-processed/back-shiny/pyukumuku.png,sprites-processed/icon/pyukumuku.png,sprites-processed/icon-frame2/pyukumuku.png,8
quagsire,quagsire,STANDARD,sprites-processed/front/quagsire.png,sprites-processed/back/quagsire.png,sprites-processed/front-shiny/quagsire.png,sprites-processed/back-shiny/quagsire.png,sprites-processed/icon/quagsire.png,sprites-processed/icon-frame2/quagsire.png,10
quaquaval,quaquaval,STANDARD,sprites-processed/front/quaquaval.png,sprites-processed/back/quaquaval.png,sprites-processed/front-shiny/quaquaval.png,sprites-processed/back-shiny/quaquaval.png,sprites-processed/icon/quaquaval.png,sprites-processed/icon-frame2/quaquaval.png,8
quaxly,quaxly,STANDARD,sprites-processed/front/quaxly.png,sprites-processed/back/quaxly.png,sprites-processed/front-shiny/quaxly.png,sprites-processed/back-shiny/quaxly.png,sprites-processed/icon/quaxly.png,sprites-processed/icon-frame2/quaxly.png,8
quaxwell,quaxwell,STANDARD,sprites-processed/front/quaxwell.png,sprites-processed/back/quaxwell.png,sprites-processed/front-shiny/quaxwell.png,sprites-processed/back-shiny/quaxwell.png,sprites-processed/icon/quaxwell.png,sprites-processed/icon-frame2/quaxwell.png,8
quilava,quilava,STANDARD,sprites-processed/front/quilava.png,sprites-processed/back/quilava.png,sprites-processed/front-shiny/quilava.png,sprites-processed/back-shiny/quilava.png,sprites-processed/icon/quilava.png,sprites-processed/icon-frame2/quilava.png,8
quilladin,quilladin,STANDARD,sprites-processed/front/quilladin.png,sprites-processed/back/quilladin.png,sprites-processed/front-shiny/quilladin.png,sprites-processed/back-shiny/quilladin.png,sprites-processed/icon/quilladin.png,sprites-processed/icon-frame2/quilladin.png,8
qwilfish,qwilfish,STANDARD,sprites-processed/front/qwilfish.png,sprites-processed/back/qwilfish.png,sprites-processed/front-shiny/qwilfish.png,sprites-processed/back-shiny/qwilfish.png,sprites-processed/icon/qwilfish.png,sprites-processed/icon-frame2/qwilfish.png,8
qwilfish-hisui,qwilfish-hisui,SPECIAL_FORM,sprites-processed/front/qwilfish-hisui.png,sprites-processed/back/qwilfish-hisui.png,sprites-processed/front-shiny/qwilfish-hisui.png,sprites-processed/back-shiny/qwilfish-hisui.png,sprites-processed/icon/qwilfish-hisui.png,sprites-processed/icon-frame2/qwilfish-hisui.png,8
raboot,raboot,STANDARD,sprites-processed/front/raboot.png,sprites-processed/back/raboot.png,sprites-processed/front-shiny/raboot.png,sprites-processed/back-shiny/raboot.png,sprites-processed/icon/raboot.png,sprites-processed/icon-frame2/raboot.png,8
rabsca,rabsca,STANDARD,sprites-processed/front/rabsca.png,sprites-processed/back/rabsca.png,sprites-processed/front-shiny/rabsca.png,sprites-processed/back-shiny/rabsca.png,sprites-processed/icon/rabsca.png,sprites-processed/icon-frame2/rabsca.png,8
raging-bolt,raging-bolt,STANDARD,sprites-processed/front/raging-bolt.png,sprites-processed/back/raging-bolt.png,sprites-processed/front-shiny/raging-bolt.png,sprites-processed/back-shiny/raging-bolt.png,sprites-processed/icon/raging-bolt.png,sprites-processed/icon-frame2/raging-bolt.png,8
raichu,raichu,STANDARD,sprites-processed/front/raichu.png,sprites-processed/back/raichu.png,sprites-processed/front-shiny/raichu.png,sprites-processed/back-shiny/raichu.png,sprites-processed/icon/raichu.png,sprites-processed/icon-frame2/raichu.png,10
raichu-alola,raichu-alola,SPECIAL_FORM,sprites-processed/front/raichu-alola.png,sprites-processed/back/raichu-alola.png,sprites-processed/front-shiny/raichu-alola.png,sprites-processed/back-shiny/raichu-alola.png,sprites-processed/icon/raichu-alola.png,sprites-processed/icon-frame2/raichu-alola.png,8
raichu-mega-x,raichu-mega-x,SPECIAL_FORM,sprites-processed/front/raichu-mega-x.png,sprites-processed/back/raichu-mega-x.png,sprites-processed/front-shiny/raichu-mega-x.png,sprites-processed/back-shiny/raichu-mega-x.png,sprites-processed/icon/raichu-mega-x.png,sprites-processed/icon-frame2/raichu-mega-x.png,8
raikou,raikou,STANDARD,sprites-processed/front/raikou.png,sprites-processed/back/raikou.png,sprites-processed/front-shiny/raikou.png,sprites-processed/back-shiny/raikou.png,sprites-processed/icon/raikou.png,sprites-processed/icon-frame2/raikou.png,8
ralts,ralts,STANDARD,sprites-processed/front/ralts.png,sprites-processed/back/ralts.png,sprites-processed/front-shiny/ralts.png,sprites-processed/back-shiny/ralts.png,sprites-processed/icon/ralts.png,sprites-processed/icon-frame2/ralts.png,8
rampardos,rampardos,STANDARD,sprites-processed/front/rampardos.png,sprites-processed/back/rampardos.png,sprites-processed/front-shiny/rampardos.png,sprites-processed/back-shiny/rampardos.png,sprites-processed/icon/rampardos.png,sprites-processed/icon-frame2/rampardos.png,8
rapidash,rapidash,STANDARD,sprites-processed/front/rapidash.png,sprites-processed/back/rapidash.png,sprites-processed/front-shiny/rapidash.png,sprites-processed/back-shiny/rapidash.png,sprites-processed/icon/rapidash.png,sprites-processed/icon-frame2/rapidash.png,8
rapidash-galar,rapidash-galar,SPECIAL_FORM,sprites-processed/front/rapidash-galar.png,sprites-processed/back/rapidash-galar.png,sprites-processed/front-shiny/rapidash-galar.png,sprites-processed/back-shiny/rapidash-galar.png,sprites-processed/icon/rapidash-galar.png,sprites-processed/icon-frame2/rapidash-galar.png,8
raticate,raticate,STANDARD,sprites-processed/front/raticate.png,sprites-processed/back/raticate.png,sprites-processed/front-shiny/raticate.png,sprites-processed/back-shiny/raticate.png,sprites-processed/icon/raticate.png,sprites-processed/icon-frame2/raticate.png,10
raticate-alola,raticate-alola,SPECIAL_FORM,sprites-processed/front/raticate-alola.png,sprites-processed/back/raticate-alola.png,sprites-processed/front-shiny/raticate-alola.png,sprites-processed/back-shiny/raticate-alola.png,sprites-processed/icon/raticate-alola.png,sprites-processed/icon-frame2/raticate-alola.png,8
rattata,rattata,STANDARD,sprites-processed/front/rattata.png,sprites-processed/back/rattata.png,sprites-processed/front-shiny/rattata.png,sprites-processed/back-shiny/rattata.png,sprites-processed/icon/rattata.png,sprites-processed/icon-frame2/rattata.png,10
rattata-alola,rattata-alola,SPECIAL_FORM,sprites-processed/front/rattata-alola.png,sprites-processed/back/rattata-alola.png,sprites-processed/front-shiny/rattata-alola.png,sprites-processed/back-shiny/rattata-alola.png,sprites-processed/icon/rattata-alola.png,sprites-processed/icon-frame2/rattata-alola.png,8
rayquaza,rayquaza,STANDARD,sprites-processed/front/rayquaza.png,sprites-processed/back/rayquaza.png,sprites-processed/front-shiny/rayquaza.png,sprites-processed/back-shiny/rayquaza.png,sprites-processed/icon/rayquaza.png,sprites-processed/icon-frame2/rayquaza.png,8
rayquaza-mega,rayquaza-mega,SPECIAL_FORM,sprites-processed/front/rayquaza-mega.png,sprites-processed/back/rayquaza-mega.png,sprites-processed/front-shiny/rayquaza-mega.png,sprites-processed/back-shiny/rayquaza-mega.png,sprites-processed/icon/rayquaza-mega.png,sprites-processed/icon-frame2/rayquaza-mega.png,8
regice,regice,STANDARD,sprites-processed/front/regice.png,sprites-processed/back/regice.png,sprites-processed/front-shiny/regice.png,sprites-processed/back-shiny/regice.png,sprites-processed/icon/regice.png,sprites-processed/icon-frame2/regice.png,8
regidrago,regidrago,STANDARD,sprites-processed/front/regidrago.png,sprites-processed/back/regidrago.png,sprites-processed/front-shiny/regidrago.png,sprites-processed/back-shiny/regidrago.png,sprites-processed/icon/regidrago.png,sprites-processed/icon-frame2/regidrago.png,8
regieleki,regieleki,STANDARD,sprites-processed/front/regieleki.png,sprites-processed/back/regieleki.png,sprites-processed/front-shiny/regieleki.png,sprites-processed/back-shiny/regieleki.png,sprites-processed/icon/regieleki.png,sprites-processed/icon-frame2/regieleki.png,8
regigigas,regigigas,STANDARD,sprites-processed/front/regigigas.png,sprites-processed/back/regigigas.png,sprites-processed/front-shiny/regigigas.png,sprites-processed/back-shiny/regigigas.png,sprites-processed/icon/regigigas.png,sprites-processed/icon-frame2/regigigas.png,8
regirock,regirock,STANDARD,sprites-processed/front/regirock.png,sprites-processed/back/regirock.png,sprites-processed/front-shiny/regirock.png,sprites-processed/back-shiny/regirock.png,sprites-processed/icon/regirock.png,sprites-processed/icon-frame2/regirock.png,8
registeel,registeel,STANDARD,sprites-processed/front/registeel.png,sprites-processed/back/registeel.png,sprites-processed/front-shiny/registeel.png,sprites-processed/back-shiny/registeel.png,sprites-processed/icon/registeel.png,sprites-processed/icon-frame2/registeel.png,8
relicanth,relicanth,STANDARD,sprites-processed/front/relicanth.png,sprites-processed/back/relicanth.png,sprites-processed/front-shiny/relicanth.png,sprites-processed/back-shiny/relicanth.png,sprites-processed/icon/relicanth.png,sprites-processed/icon-frame2/relicanth.png,10
rellor,rellor,STANDARD,sprites-processed/front/rellor.png,sprites-processed/back/rellor.png,sprites-processed/front-shiny/rellor.png,sprites-processed/back-shiny/rellor.png,sprites-processed/icon/rellor.png,sprites-processed/icon-frame2/rellor.png,8
remoraid,remoraid,STANDARD,sprites-processed/front/remoraid.png,sprites-processed/back/remoraid.png,sprites-processed/front-shiny/remoraid.png,sprites-processed/back-shiny/remoraid.png,sprites-processed/icon/remoraid.png,sprites-processed/icon-frame2/remoraid.png,8
reshiram,reshiram,STANDARD,sprites-processed/front/reshiram.png,sprites-processed/back/reshiram.png,sprites-processed/front-shiny/reshiram.png,sprites-processed/back-shiny/reshiram.png,sprites-processed/icon/reshiram.png,sprites-processed/icon-frame2/reshiram.png,8
reuniclus,reuniclus,STANDARD,sprites-processed/front/reuniclus.png,sprites-processed/back/reuniclus.png,sprites-processed/front-shiny/reuniclus.png,sprites-processed/back-shiny/reuniclus.png,sprites-processed/icon/reuniclus.png,sprites-processed/icon-frame2/reuniclus.png,8
revavroom,revavroom,STANDARD,sprites-processed/front/revavroom.png,sprites-processed/back/revavroom.png,sprites-processed/front-shiny/revavroom.png,sprites-processed/back-shiny/revavroom.png,sprites-processed/icon/revavroom.png,sprites-processed/icon-frame2/revavroom.png,8
rhydon,rhydon,STANDARD,sprites-processed/front/rhydon.png,sprites-processed/back/rhydon.png,sprites-processed/front-shiny/rhydon.png,sprites-processed/back-shiny/rhydon.png,sprites-processed/icon/rhydon.png,sprites-processed/icon-frame2/rhydon.png,10
rhyhorn,rhyhorn,STANDARD,sprites-processed/front/rhyhorn.png,sprites-processed/back/rhyhorn.png,sprites-processed/front-shiny/rhyhorn.png,sprites-processed/back-shiny/rhyhorn.png,sprites-processed/icon/rhyhorn.png,sprites-processed/icon-frame2/rhyhorn.png,10
rhyperior,rhyperior,STANDARD,sprites-processed/front/rhyperior.png,sprites-processed/back/rhyperior.png,sprites-processed/front-shiny/rhyperior.png,sprites-processed/back-shiny/rhyperior.png,sprites-processed/icon/rhyperior.png,sprites-processed/icon-frame2/rhyperior.png,10
ribombee,ribombee,STANDARD,sprites-processed/front/ribombee.png,sprites-processed/back/ribombee.png,sprites-processed/front-shiny/ribombee.png,sprites-processed/back-shiny/ribombee.png,sprites-processed/icon/ribombee.png,sprites-processed/icon-frame2/ribombee.png,8
rillaboom,rillaboom,STANDARD,sprites-processed/front/rillaboom.png,sprites-processed/back/rillaboom.png,sprites-processed/front-shiny/rillaboom.png,sprites-processed/back-shiny/rillaboom.png,sprites-processed/icon/rillaboom.png,sprites-processed/icon-frame2/rillaboom.png,8
rillaboom-gmax,rillaboom-gmax,SPECIAL_FORM,sprites-processed/front/rillaboom-gmax.png,sprites-processed/back/rillaboom-gmax.png,sprites-processed/front-shiny/rillaboom-gmax.png,sprites-processed/back-shiny/rillaboom-gmax.png,sprites-processed/icon/rillaboom-gmax.png,sprites-processed/icon-frame2/rillaboom-gmax.png,8
riolu,riolu,STANDARD,sprites-processed/front/riolu.png,sprites-processed/back/riolu.png,sprites-processed/front-shiny/riolu.png,sprites-processed/back-shiny/riolu.png,sprites-processed/icon/riolu.png,sprites-processed/icon-frame2/riolu.png,8
roaring-moon,roaring-moon,STANDARD,sprites-processed/front/roaring-moon.png,sprites-processed/back/roaring-moon.png,sprites-processed/front-shiny/roaring-moon.png,sprites-processed/back-shiny/roaring-moon.png,sprites-processed/icon/roaring-moon.png,sprites-processed/icon-frame2/roaring-moon.png,8
rockruff,rockruff,STANDARD,sprites-processed/front/rockruff.png,sprites-processed/back/rockruff.png,sprites-processed/front-shiny/rockruff.png,sprites-processed/back-shiny/rockruff.png,sprites-processed/icon/rockruff.png,sprites-processed/icon-frame2/rockruff.png,8
rockruff-own-tempo,rockruff-own-tempo,STANDARD,sprites-processed/front/rockruff-own-tempo.png,sprites-processed/back/rockruff-own-tempo.png,sprites-processed/front-shiny/rockruff-own-tempo.png,sprites-processed/back-shiny/rockruff-own-tempo.png,sprites-processed/icon/rockruff-own-tempo.png,sprites-processed/icon-frame2/rockruff-own-tempo.png,8
roggenrola,roggenrola,STANDARD,sprites-processed/front/roggenrola.png,floating-pokemon/back__roggenrola.png,sprites-processed/front-shiny/roggenrola.png,floating-pokemon/back-shiny__roggenrola.png,sprites-processed/icon/roggenrola.png,sprites-processed/icon-frame2/roggenrola.png,10
rolycoly,rolycoly,STANDARD,sprites-processed/front/rolycoly.png,sprites-processed/back/rolycoly.png,sprites-processed/front-shiny/rolycoly.png,sprites-processed/back-shiny/rolycoly.png,sprites-processed/icon/rolycoly.png,sprites-processed/icon-frame2/rolycoly.png,8
rookidee,rookidee,STANDARD,sprites-processed/front/rookidee.png,sprites-processed/back/rookidee.png,sprites-processed/front-shiny/rookidee.png,sprites-processed/back-shiny/rookidee.png,sprites-processed/icon/rookidee.png,sprites-processed/icon-frame2/rookidee.png,8
roselia,roselia,STANDARD,sprites-processed/front/roselia.png,sprites-processed/back/roselia.png,sprites-processed/front-shiny/roselia.png,sprites-processed/back-shiny/roselia.png,sprites-processed/icon/roselia.png,sprites-processed/icon-frame2/roselia.png,10
roserade,roserade,STANDARD,sprites-processed/front/roserade.png,sprites-processed/back/roserade.png,sprites-processed/front-shiny/roserade.png,sprites-processed/back-shiny/roserade.png,sprites-processed/icon/roserade.png,sprites-processed/icon-frame2/roserade.png,10
rotom,rotom,STANDARD,sprites-processed/front/rotom.png,sprites-processed/back/rotom.png,sprites-processed/front-shiny/rotom.png,sprites-processed/back-shiny/rotom.png,sprites-processed/icon/rotom.png,sprites-processed/icon-frame2/rotom.png,8
rotom-fan,rotom-fan,STANDARD,sprites-processed/front/rotom-fan.png,sprites-processed/back/rotom-fan.png,sprites-processed/front-shiny/rotom-fan.png,sprites-processed/back-shiny/rotom-fan.png,sprites-processed/icon/rotom-fan.png,sprites-processed/icon-frame2/rotom-fan.png,8
rotom-frost,rotom-frost,STANDARD,sprites-processed/front/rotom-frost.png,sprites-processed/back/rotom-frost.png,sprites-processed/front-shiny/rotom-frost.png,sprites-processed/back-shiny/rotom-frost.png,sprites-processed/icon/rotom-frost.png,sprites-processed/icon-frame2/rotom-frost.png,8
rotom-heat,rotom-heat,STANDARD,sprites-processed/front/rotom-heat.png,sprites-processed/back/rotom-heat.png,sprites-processed/front-shiny/rotom-heat.png,sprites-processed/back-shiny/rotom-heat.png,sprites-processed/icon/rotom-heat.png,sprites-processed/icon-frame2/rotom-heat.png,8
rotom-mow,rotom-mow,STANDARD,sprites-processed/front/rotom-mow.png,sprites-processed/back/rotom-mow.png,sprites-processed/front-shiny/rotom-mow.png,sprites-processed/back-shiny/rotom-mow.png,sprites-processed/icon/rotom-mow.png,sprites-processed/icon-frame2/rotom-mow.png,8
rotom-wash,rotom-wash,STANDARD,sprites-processed/front/rotom-wash.png,sprites-processed/back/rotom-wash.png,sprites-processed/front-shiny/rotom-wash.png,sprites-processed/back-shiny/rotom-wash.png,sprites-processed/icon/rotom-wash.png,sprites-processed/icon-frame2/rotom-wash.png,8
rowlet,rowlet,STANDARD,sprites-processed/front/rowlet.png,sprites-processed/back/rowlet.png,sprites-processed/front-shiny/rowlet.png,sprites-processed/back-shiny/rowlet.png,sprites-processed/icon/rowlet.png,sprites-processed/icon-frame2/rowlet.png,8
rufflet,rufflet,STANDARD,sprites-processed/front/rufflet.png,sprites-processed/back/rufflet.png,sprites-processed/front-shiny/rufflet.png,sprites-processed/back-shiny/rufflet.png,sprites-processed/icon/rufflet.png,sprites-processed/icon-frame2/rufflet.png,8
runerigus,runerigus,STANDARD,sprites-processed/front/runerigus.png,sprites-processed/back/runerigus.png,sprites-processed/front-shiny/runerigus.png,sprites-processed/back-shiny/runerigus.png,sprites-processed/icon/runerigus.png,sprites-processed/icon-frame2/runerigus.png,8
sableye,sableye,STANDARD,sprites-processed/front/sableye.png,sprites-processed/back/sableye.png,sprites-processed/front-shiny/sableye.png,sprites-processed/back-shiny/sableye.png,sprites-processed/icon/sableye.png,sprites-processed/icon-frame2/sableye.png,8
sableye-mega,sableye-mega,SPECIAL_FORM,sprites-processed/front/sableye-mega.png,sprites-processed/back/sableye-mega.png,sprites-processed/front-shiny/sableye-mega.png,sprites-processed/back-shiny/sableye-mega.png,sprites-processed/icon/sableye-mega.png,sprites-processed/icon-frame2/sableye-mega.png,8
salamence,salamence,STANDARD,sprites-processed/front/salamence.png,sprites-processed/back/salamence.png,sprites-processed/front-shiny/salamence.png,sprites-processed/back-shiny/salamence.png,sprites-processed/icon/salamence.png,sprites-processed/icon-frame2/salamence.png,8
salamence-mega,salamence-mega,SPECIAL_FORM,sprites-processed/front/salamence-mega.png,sprites-processed/back/salamence-mega.png,sprites-processed/front-shiny/salamence-mega.png,sprites-processed/back-shiny/salamence-mega.png,sprites-processed/icon/salamence-mega.png,sprites-processed/icon-frame2/salamence-mega.png,8
salandit,salandit,STANDARD,sprites-processed/front/salandit.png,sprites-processed/back/salandit.png,sprites-processed/front-shiny/salandit.png,sprites-processed/back-shiny/salandit.png,sprites-processed/icon/salandit.png,sprites-processed/icon-frame2/salandit.png,8
salazzle,salazzle,STANDARD,sprites-processed/front/salazzle.png,sprites-processed/back/salazzle.png,sprites-processed/front-shiny/salazzle.png,sprites-processed/back-shiny/salazzle.png,sprites-processed/icon/salazzle.png,sprites-processed/icon-frame2/salazzle.png,8
samurott,samurott,STANDARD,sprites-processed/front/samurott.png,sprites-processed/back/samurott.png,sprites-processed/front-shiny/samurott.png,sprites-processed/back-shiny/samurott.png,sprites-processed/icon/samurott.png,sprites-processed/icon-frame2/samurott.png,8
samurott-hisui,samurott-hisui,SPECIAL_FORM,sprites-processed/front/samurott-hisui.png,sprites-processed/back/samurott-hisui.png,sprites-processed/front-shiny/samurott-hisui.png,sprites-processed/back-shiny/samurott-hisui.png,sprites-processed/icon/samurott-hisui.png,sprites-processed/icon-frame2/samurott-hisui.png,8
sandaconda,sandaconda,STANDARD,sprites-processed/front/sandaconda.png,sprites-processed/back/sandaconda.png,sprites-processed/front-shiny/sandaconda.png,sprites-processed/back-shiny/sandaconda.png,sprites-processed/icon/sandaconda.png,sprites-processed/icon-frame2/sandaconda.png,8
sandaconda-gmax,sandaconda-gmax,SPECIAL_FORM,sprites-processed/front/sandaconda-gmax.png,sprites-processed/back/sandaconda-gmax.png,sprites-processed/front-shiny/sandaconda-gmax.png,sprites-processed/back-shiny/sandaconda-gmax.png,sprites-processed/icon/sandaconda-gmax.png,sprites-processed/icon-frame2/sandaconda-gmax.png,8
sandile,sandile,STANDARD,sprites-processed/front/sandile.png,sprites-processed/back/sandile.png,sprites-processed/front-shiny/sandile.png,sprites-processed/back-shiny/sandile.png,sprites-processed/icon/sandile.png,sprites-processed/icon-frame2/sandile.png,8
sandshrew,sandshrew,STANDARD,sprites-processed/front/sandshrew.png,sprites-processed/back/sandshrew.png,sprites-processed/front-shiny/sandshrew.png,sprites-processed/back-shiny/sandshrew.png,sprites-processed/icon/sandshrew.png,sprites-processed/icon-frame2/sandshrew.png,8
sandshrew-alola,sandshrew-alola,SPECIAL_FORM,sprites-processed/front/sandshrew-alola.png,sprites-processed/back/sandshrew-alola.png,sprites-processed/front-shiny/sandshrew-alola.png,sprites-processed/back-shiny/sandshrew-alola.png,sprites-processed/icon/sandshrew-alola.png,sprites-processed/icon-frame2/sandshrew-alola.png,8
sandslash,sandslash,STANDARD,sprites-processed/front/sandslash.png,sprites-processed/back/sandslash.png,sprites-processed/front-shiny/sandslash.png,sprites-processed/back-shiny/sandslash.png,sprites-processed/icon/sandslash.png,sprites-processed/icon-frame2/sandslash.png,8
sandslash-alola,sandslash-alola,SPECIAL_FORM,sprites-processed/front/sandslash-alola.png,sprites-processed/back/sandslash-alola.png,sprites-processed/front-shiny/sandslash-alola.png,sprites-processed/back-shiny/sandslash-alola.png,sprites-processed/icon/sandslash-alola.png,sprites-processed/icon-frame2/sandslash-alola.png,8
sandy-shocks,sandy-shocks,STANDARD,sprites-processed/front/sandy-shocks.png,sprites-processed/back/sandy-shocks.png,sprites-processed/front-shiny/sandy-shocks.png,sprites-processed/back-shiny/sandy-shocks.png,sprites-processed/icon/sandy-shocks.png,sprites-processed/icon-frame2/sandy-shocks.png,8
sandygast,sandygast,STANDARD,sprites-processed/front/sandygast.png,sprites-processed/back/sandygast.png,sprites-processed/front-shiny/sandygast.png,sprites-processed/back-shiny/sandygast.png,sprites-processed/icon/sandygast.png,sprites-processed/icon-frame2/sandygast.png,8
sawk,sawk,STANDARD,sprites-processed/front/sawk.png,sprites-processed/back/sawk.png,sprites-processed/front-shiny/sawk.png,sprites-processed/back-shiny/sawk.png,sprites-processed/icon/sawk.png,sprites-processed/icon-frame2/sawk.png,8
sawsbuck-autumn,sawsbuck-autumn,STANDARD,sprites-processed/front/sawsbuck-autumn.png,sprites-processed/back/sawsbuck-autumn.png,sprites-processed/front-shiny/sawsbuck-autumn.png,sprites-processed/back-shiny/sawsbuck-autumn.png,sprites-processed/icon/sawsbuck-autumn.png,sprites-processed/icon-frame2/sawsbuck-autumn.png,8
sawsbuck-spring,sawsbuck-spring,STANDARD,sprites-processed/front/sawsbuck-spring.png,sprites-processed/back/sawsbuck-spring.png,sprites-processed/front-shiny/sawsbuck-spring.png,sprites-processed/back-shiny/sawsbuck-spring.png,sprites-processed/icon/sawsbuck-spring.png,sprites-processed/icon-frame2/sawsbuck-spring.png,8
sawsbuck-summer,sawsbuck-summer,STANDARD,sprites-processed/front/sawsbuck-summer.png,sprites-processed/back/sawsbuck-summer.png,sprites-processed/front-shiny/sawsbuck-summer.png,sprites-processed/back-shiny/sawsbuck-summer.png,sprites-processed/icon/sawsbuck-summer.png,sprites-processed/icon-frame2/sawsbuck-summer.png,8
sawsbuck-winter,sawsbuck-winter,STANDARD,sprites-processed/front/sawsbuck-winter.png,sprites-processed/back/sawsbuck-winter.png,sprites-processed/front-shiny/sawsbuck-winter.png,sprites-processed/back-shiny/sawsbuck-winter.png,sprites-processed/icon/sawsbuck-winter.png,sprites-processed/icon-frame2/sawsbuck-winter.png,8
scatterbug-archipelago,scatterbug-archipelago,STANDARD,sprites-processed/front/scatterbug-archipelago.png,sprites-processed/back/scatterbug-archipelago.png,sprites-processed/front-shiny/scatterbug-archipelago.png,sprites-processed/back-shiny/scatterbug-archipelago.png,sprites-processed/icon/scatterbug-archipelago.png,sprites-processed/icon-frame2/scatterbug-archipelago.png,8
scatterbug-continental,scatterbug-continental,STANDARD,sprites-processed/front/scatterbug-continental.png,sprites-processed/back/scatterbug-continental.png,sprites-processed/front-shiny/scatterbug-continental.png,sprites-processed/back-shiny/scatterbug-continental.png,sprites-processed/icon/scatterbug-continental.png,sprites-processed/icon-frame2/scatterbug-continental.png,8
scatterbug-elegant,scatterbug-elegant,STANDARD,sprites-processed/front/scatterbug-elegant.png,sprites-processed/back/scatterbug-elegant.png,sprites-processed/front-shiny/scatterbug-elegant.png,sprites-processed/back-shiny/scatterbug-elegant.png,sprites-processed/icon/scatterbug-elegant.png,sprites-processed/icon-frame2/scatterbug-elegant.png,8
scatterbug-fancy,scatterbug-fancy,STANDARD,sprites-processed/front/scatterbug-fancy.png,sprites-processed/back/scatterbug-fancy.png,sprites-processed/front-shiny/scatterbug-fancy.png,sprites-processed/back-shiny/scatterbug-fancy.png,sprites-processed/icon/scatterbug-fancy.png,sprites-processed/icon-frame2/scatterbug-fancy.png,8
scatterbug-garden,scatterbug-garden,STANDARD,sprites-processed/front/scatterbug-garden.png,sprites-processed/back/scatterbug-garden.png,sprites-processed/front-shiny/scatterbug-garden.png,sprites-processed/back-shiny/scatterbug-garden.png,sprites-processed/icon/scatterbug-garden.png,sprites-processed/icon-frame2/scatterbug-garden.png,8
scatterbug-high-plains,scatterbug-high-plains,STANDARD,sprites-processed/front/scatterbug-high-plains.png,sprites-processed/back/scatterbug-high-plains.png,sprites-processed/front-shiny/scatterbug-high-plains.png,sprites-processed/back-shiny/scatterbug-high-plains.png,sprites-processed/icon/scatterbug-high-plains.png,sprites-processed/icon-frame2/scatterbug-high-plains.png,8
scatterbug-icy-snow,scatterbug-icy-snow,STANDARD,sprites-processed/front/scatterbug-icy-snow.png,sprites-processed/back/scatterbug-icy-snow.png,sprites-processed/front-shiny/scatterbug-icy-snow.png,sprites-processed/back-shiny/scatterbug-icy-snow.png,sprites-processed/icon/scatterbug-icy-snow.png,sprites-processed/icon-frame2/scatterbug-icy-snow.png,8
scatterbug-jungle,scatterbug-jungle,STANDARD,sprites-processed/front/scatterbug-jungle.png,sprites-processed/back/scatterbug-jungle.png,sprites-processed/front-shiny/scatterbug-jungle.png,sprites-processed/back-shiny/scatterbug-jungle.png,sprites-processed/icon/scatterbug-jungle.png,sprites-processed/icon-frame2/scatterbug-jungle.png,8
scatterbug-marine,scatterbug-marine,STANDARD,sprites-processed/front/scatterbug-marine.png,sprites-processed/back/scatterbug-marine.png,sprites-processed/front-shiny/scatterbug-marine.png,sprites-processed/back-shiny/scatterbug-marine.png,sprites-processed/icon/scatterbug-marine.png,sprites-processed/icon-frame2/scatterbug-marine.png,8
scatterbug-meadow,scatterbug-meadow,STANDARD,sprites-processed/front/scatterbug-meadow.png,sprites-processed/back/scatterbug-meadow.png,sprites-processed/front-shiny/scatterbug-meadow.png,sprites-processed/back-shiny/scatterbug-meadow.png,sprites-processed/icon/scatterbug-meadow.png,sprites-processed/icon-frame2/scatterbug-meadow.png,8
scatterbug-modern,scatterbug-modern,STANDARD,sprites-processed/front/scatterbug-modern.png,sprites-processed/back/scatterbug-modern.png,sprites-processed/front-shiny/scatterbug-modern.png,sprites-processed/back-shiny/scatterbug-modern.png,sprites-processed/icon/scatterbug-modern.png,sprites-processed/icon-frame2/scatterbug-modern.png,8
scatterbug-monsoon,scatterbug-monsoon,STANDARD,sprites-processed/front/scatterbug-monsoon.png,sprites-processed/back/scatterbug-monsoon.png,sprites-processed/front-shiny/scatterbug-monsoon.png,sprites-processed/back-shiny/scatterbug-monsoon.png,sprites-processed/icon/scatterbug-monsoon.png,sprites-processed/icon-frame2/scatterbug-monsoon.png,8
scatterbug-ocean,scatterbug-ocean,STANDARD,sprites-processed/front/scatterbug-ocean.png,sprites-processed/back/scatterbug-ocean.png,sprites-processed/front-shiny/scatterbug-ocean.png,sprites-processed/back-shiny/scatterbug-ocean.png,sprites-processed/icon/scatterbug-ocean.png,sprites-processed/icon-frame2/scatterbug-ocean.png,8
scatterbug-poke-ball,scatterbug-poke-ball,STANDARD,sprites-processed/front/scatterbug-poke-ball.png,sprites-processed/back/scatterbug-poke-ball.png,sprites-processed/front-shiny/scatterbug-poke-ball.png,sprites-processed/back-shiny/scatterbug-poke-ball.png,sprites-processed/icon/scatterbug-poke-ball.png,sprites-processed/icon-frame2/scatterbug-poke-ball.png,8
scatterbug-polar,scatterbug-polar,STANDARD,sprites-processed/front/scatterbug-polar.png,sprites-processed/back/scatterbug-polar.png,sprites-processed/front-shiny/scatterbug-polar.png,sprites-processed/back-shiny/scatterbug-polar.png,sprites-processed/icon/scatterbug-polar.png,sprites-processed/icon-frame2/scatterbug-polar.png,8
scatterbug-river,scatterbug-river,STANDARD,sprites-processed/front/scatterbug-river.png,sprites-processed/back/scatterbug-river.png,sprites-processed/front-shiny/scatterbug-river.png,sprites-processed/back-shiny/scatterbug-river.png,sprites-processed/icon/scatterbug-river.png,sprites-processed/icon-frame2/scatterbug-river.png,8
scatterbug-sandstorm,scatterbug-sandstorm,STANDARD,sprites-processed/front/scatterbug-sandstorm.png,sprites-processed/back/scatterbug-sandstorm.png,sprites-processed/front-shiny/scatterbug-sandstorm.png,sprites-processed/back-shiny/scatterbug-sandstorm.png,sprites-processed/icon/scatterbug-sandstorm.png,sprites-processed/icon-frame2/scatterbug-sandstorm.png,8
scatterbug-savanna,scatterbug-savanna,STANDARD,sprites-processed/front/scatterbug-savanna.png,sprites-processed/back/scatterbug-savanna.png,sprites-processed/front-shiny/scatterbug-savanna.png,sprites-processed/back-shiny/scatterbug-savanna.png,sprites-processed/icon/scatterbug-savanna.png,sprites-processed/icon-frame2/scatterbug-savanna.png,8
scatterbug-sun,scatterbug-sun,STANDARD,sprites-processed/front/scatterbug-sun.png,sprites-processed/back/scatterbug-sun.png,sprites-processed/front-shiny/scatterbug-sun.png,sprites-processed/back-shiny/scatterbug-sun.png,sprites-processed/icon/scatterbug-sun.png,sprites-processed/icon-frame2/scatterbug-sun.png,8
scatterbug-tundra,scatterbug-tundra,STANDARD,sprites-processed/front/scatterbug-tundra.png,sprites-processed/back/scatterbug-tundra.png,sprites-processed/front-shiny/scatterbug-tundra.png,sprites-processed/back-shiny/scatterbug-tundra.png,sprites-processed/icon/scatterbug-tundra.png,sprites-processed/icon-frame2/scatterbug-tundra.png,8
sceptile,sceptile,STANDARD,sprites-processed/front/sceptile.png,sprites-processed/back/sceptile.png,sprites-processed/front-shiny/sceptile.png,sprites-processed/back-shiny/sceptile.png,sprites-processed/icon/sceptile.png,sprites-processed/icon-frame2/sceptile.png,8
sceptile-mega,sceptile-mega,SPECIAL_FORM,sprites-processed/front/sceptile-mega.png,sprites-processed/back/sceptile-mega.png,sprites-processed/front-shiny/sceptile-mega.png,sprites-processed/back-shiny/sceptile-mega.png,sprites-processed/icon/sceptile-mega.png,sprites-processed/icon-frame2/sceptile-mega.png,8
scizor,scizor,STANDARD,sprites-processed/front/scizor.png,sprites-processed/back/scizor.png,sprites-processed/front-shiny/scizor.png,sprites-processed/back-shiny/scizor.png,sprites-processed/icon/scizor.png,sprites-processed/icon-frame2/scizor.png,10
scizor-mega,scizor-mega,SPECIAL_FORM,sprites-processed/front/scizor-mega.png,sprites-processed/back/scizor-mega.png,sprites-processed/front-shiny/scizor-mega.png,sprites-processed/back-shiny/scizor-mega.png,sprites-processed/icon/scizor-mega.png,sprites-processed/icon-frame2/scizor-mega.png,8
scolipede,scolipede,STANDARD,sprites-processed/front/scolipede.png,sprites-processed/back/scolipede.png,sprites-processed/front-shiny/scolipede.png,sprites-processed/back-shiny/scolipede.png,sprites-processed/icon/scolipede.png,sprites-processed/icon-frame2/scolipede.png,8
scolipede-mega,scolipede-mega,SPECIAL_FORM,sprites-processed/front/scolipede-mega.png,sprites-processed/back/scolipede-mega.png,sprites-processed/front-shiny/scolipede-mega.png,sprites-processed/back-shiny/scolipede-mega.png,sprites-processed/icon/scolipede-mega.png,sprites-processed/icon-frame2/scolipede-mega.png,8
scorbunny,scorbunny,STANDARD,sprites-processed/front/scorbunny.png,sprites-processed/back/scorbunny.png,sprites-processed/front-shiny/scorbunny.png,sprites-processed/back-shiny/scorbunny.png,sprites-processed/icon/scorbunny.png,sprites-processed/icon-frame2/scorbunny.png,8
scovillain,scovillain,STANDARD,sprites-processed/front/scovillain.png,floating-pokemon/back__scovillain.png,sprites-processed/front-shiny/scovillain.png,sprites-processed/back-shiny/scovillain.png,sprites-processed/icon/scovillain.png,sprites-processed/icon-frame2/scovillain.png,9
scovillain-mega,scovillain-mega,SPECIAL_FORM,sprites-processed/front/scovillain-mega.png,sprites-processed/back/scovillain-mega.png,sprites-processed/front-shiny/scovillain-mega.png,sprites-processed/back-shiny/scovillain-mega.png,sprites-processed/icon/scovillain-mega.png,sprites-processed/icon-frame2/scovillain-mega.png,8
scrafty,scrafty,STANDARD,sprites-processed/front/scrafty.png,sprites-processed/back/scrafty.png,sprites-processed/front-shiny/scrafty.png,sprites-processed/back-shiny/scrafty.png,sprites-processed/icon/scrafty.png,sprites-processed/icon-frame2/scrafty.png,8
scrafty-mega,scrafty-mega,SPECIAL_FORM,sprites-processed/front/scrafty-mega.png,sprites-processed/back/scrafty-mega.png,sprites-processed/front-shiny/scrafty-mega.png,sprites-processed/back-shiny/scrafty-mega.png,sprites-processed/icon/scrafty-mega.png,sprites-processed/icon-frame2/scrafty-mega.png,8
scraggy,scraggy,STANDARD,sprites-processed/front/scraggy.png,sprites-processed/back/scraggy.png,sprites-processed/front-shiny/scraggy.png,sprites-processed/back-shiny/scraggy.png,sprites-processed/icon/scraggy.png,sprites-processed/icon-frame2/scraggy.png,8
scream-tail,scream-tail,STANDARD,sprites-processed/front/scream-tail.png,sprites-processed/back/scream-tail.png,sprites-processed/front-shiny/scream-tail.png,sprites-processed/back-shiny/scream-tail.png,sprites-processed/icon/scream-tail.png,sprites-processed/icon-frame2/scream-tail.png,8
scyther,scyther,STANDARD,sprites-processed/front/scyther.png,sprites-processed/back/scyther.png,sprites-processed/front-shiny/scyther.png,sprites-processed/back-shiny/scyther.png,sprites-processed/icon/scyther.png,sprites-processed/icon-frame2/scyther.png,10
seadra,seadra,STANDARD,sprites-processed/front/seadra.png,sprites-processed/back/seadra.png,sprites-processed/front-shiny/seadra.png,sprites-processed/back-shiny/seadra.png,sprites-processed/icon/seadra.png,sprites-processed/icon-frame2/seadra.png,8
seaking,seaking,STANDARD,sprites-processed/front/seaking.png,sprites-processed/back/seaking.png,sprites-processed/front-shiny/seaking.png,sprites-processed/back-shiny/seaking.png,sprites-processed/icon/seaking.png,sprites-processed/icon-frame2/seaking.png,10
sealeo,sealeo,STANDARD,sprites-processed/front/sealeo.png,sprites-processed/back/sealeo.png,sprites-processed/front-shiny/sealeo.png,sprites-processed/back-shiny/sealeo.png,sprites-processed/icon/sealeo.png,sprites-processed/icon-frame2/sealeo.png,8
seedot,seedot,STANDARD,sprites-processed/front/seedot.png,sprites-processed/back/seedot.png,sprites-processed/front-shiny/seedot.png,sprites-processed/back-shiny/seedot.png,sprites-processed/icon/seedot.png,sprites-processed/icon-frame2/seedot.png,8
seel,seel,STANDARD,sprites-processed/front/seel.png,sprites-processed/back/seel.png,sprites-processed/front-shiny/seel.png,sprites-processed/back-shiny/seel.png,sprites-processed/icon/seel.png,sprites-processed/icon-frame2/seel.png,8
seismitoad,seismitoad,STANDARD,sprites-processed/front/seismitoad.png,sprites-processed/back/seismitoad.png,sprites-processed/front-shiny/seismitoad.png,sprites-processed/back-shiny/seismitoad.png,sprites-processed/icon/seismitoad.png,sprites-processed/icon-frame2/seismitoad.png,8
sentret,sentret,STANDARD,sprites-processed/front/sentret.png,sprites-processed/back/sentret.png,sprites-processed/front-shiny/sentret.png,sprites-processed/back-shiny/sentret.png,sprites-processed/icon/sentret.png,sprites-processed/icon-frame2/sentret.png,8
serperior,serperior,STANDARD,sprites-processed/front/serperior.png,sprites-processed/back/serperior.png,sprites-processed/front-shiny/serperior.png,sprites-processed/back-shiny/serperior.png,sprites-processed/icon/serperior.png,sprites-processed/icon-frame2/serperior.png,8
servine,servine,STANDARD,sprites-processed/front/servine.png,sprites-processed/back/servine.png,sprites-processed/front-shiny/servine.png,sprites-processed/back-shiny/servine.png,sprites-processed/icon/servine.png,sprites-processed/icon-frame2/servine.png,8
seviper,seviper,STANDARD,sprites-processed/front/seviper.png,sprites-processed/back/seviper.png,sprites-processed/front-shiny/seviper.png,sprites-processed/back-shiny/seviper.png,sprites-processed/icon/seviper.png,sprites-processed/icon-frame2/seviper.png,8
sewaddle,sewaddle,STANDARD,sprites-processed/front/sewaddle.png,sprites-processed/back/sewaddle.png,sprites-processed/front-shiny/sewaddle.png,sprites-processed/back-shiny/sewaddle.png,sprites-processed/icon/sewaddle.png,sprites-processed/icon-frame2/sewaddle.png,8
sharpedo,sharpedo,STANDARD,sprites-processed/front/sharpedo.png,sprites-processed/back/sharpedo.png,sprites-processed/front-shiny/sharpedo.png,sprites-processed/back-shiny/sharpedo.png,sprites-processed/icon/sharpedo.png,sprites-processed/icon-frame2/sharpedo.png,8
sharpedo-mega,sharpedo-mega,SPECIAL_FORM,sprites-processed/front/sharpedo-mega.png,sprites-processed/back/sharpedo-mega.png,sprites-processed/front-shiny/sharpedo-mega.png,sprites-processed/back-shiny/sharpedo-mega.png,sprites-processed/icon/sharpedo-mega.png,sprites-processed/icon-frame2/sharpedo-mega.png,8
shaymin-land,shaymin-land,STANDARD,sprites-processed/front/shaymin-land.png,sprites-processed/back/shaymin-land.png,sprites-processed/front-shiny/shaymin-land.png,sprites-processed/back-shiny/shaymin-land.png,sprites-processed/icon/shaymin-land.png,sprites-processed/icon-frame2/shaymin-land.png,8
shaymin-sky,shaymin-sky,STANDARD,sprites-processed/front/shaymin-sky.png,sprites-processed/back/shaymin-sky.png,sprites-processed/front-shiny/shaymin-sky.png,sprites-processed/back-shiny/shaymin-sky.png,sprites-processed/icon/shaymin-sky.png,sprites-processed/icon-frame2/shaymin-sky.png,8
shedinja,shedinja,STANDARD,sprites-processed/front/shedinja.png,sprites-processed/back/shedinja.png,sprites-processed/front-shiny/shedinja.png,sprites-processed/back-shiny/shedinja.png,sprites-processed/icon/shedinja.png,sprites-processed/icon-frame2/shedinja.png,8
shelgon,shelgon,STANDARD,sprites-processed/front/shelgon.png,sprites-processed/back/shelgon.png,sprites-processed/front-shiny/shelgon.png,sprites-processed/back-shiny/shelgon.png,sprites-processed/icon/shelgon.png,sprites-processed/icon-frame2/shelgon.png,8
shellder,shellder,STANDARD,sprites-processed/front/shellder.png,sprites-processed/back/shellder.png,sprites-processed/front-shiny/shellder.png,sprites-processed/back-shiny/shellder.png,sprites-processed/icon/shellder.png,sprites-processed/icon-frame2/shellder.png,8
shellos-east,shellos-east,STANDARD,sprites-processed/front/shellos-east.png,sprites-processed/back/shellos-east.png,sprites-processed/front-shiny/shellos-east.png,sprites-processed/back-shiny/shellos-east.png,sprites-processed/icon/shellos-east.png,sprites-processed/icon-frame2/shellos-east.png,8
shellos-west,shellos-west,STANDARD,sprites-processed/front/shellos-west.png,sprites-processed/back/shellos-west.png,sprites-processed/front-shiny/shellos-west.png,sprites-processed/back-shiny/shellos-west.png,sprites-processed/icon/shellos-west.png,sprites-processed/icon-frame2/shellos-west.png,8
shelmet,shelmet,STANDARD,sprites-processed/front/shelmet.png,sprites-processed/back/shelmet.png,sprites-processed/front-shiny/shelmet.png,sprites-processed/back-shiny/shelmet.png,sprites-processed/icon/shelmet.png,sprites-processed/icon-frame2/shelmet.png,8
shieldon,shieldon,STANDARD,sprites-processed/front/shieldon.png,sprites-processed/back/shieldon.png,sprites-processed/front-shiny/shieldon.png,sprites-processed/back-shiny/shieldon.png,sprites-processed/icon/shieldon.png,sprites-processed/icon-frame2/shieldon.png,8
shiftry,shiftry,STANDARD,sprites-processed/front/shiftry.png,sprites-processed/back/shiftry.png,sprites-processed/front-shiny/shiftry.png,sprites-processed/back-shiny/shiftry.png,sprites-processed/icon/shiftry.png,sprites-processed/icon-frame2/shiftry.png,10
shiinotic,shiinotic,STANDARD,sprites-processed/front/shiinotic.png,sprites-processed/back/shiinotic.png,sprites-processed/front-shiny/shiinotic.png,sprites-processed/back-shiny/shiinotic.png,sprites-processed/icon/shiinotic.png,sprites-processed/icon-frame2/shiinotic.png,8
shinx,shinx,STANDARD,sprites-processed/front/shinx.png,sprites-processed/back/shinx.png,sprites-processed/front-shiny/shinx.png,sprites-processed/back-shiny/shinx.png,sprites-processed/icon/shinx.png,sprites-processed/icon-frame2/shinx.png,10
shroodle,shroodle,STANDARD,sprites-processed/front/shroodle.png,sprites-processed/back/shroodle.png,sprites-processed/front-shiny/shroodle.png,sprites-processed/back-shiny/shroodle.png,sprites-processed/icon/shroodle.png,sprites-processed/icon-frame2/shroodle.png,8
shroomish,shroomish,STANDARD,sprites-processed/front/shroomish.png,sprites-processed/back/shroomish.png,sprites-processed/front-shiny/shroomish.png,sprites-processed/back-shiny/shroomish.png,sprites-processed/icon/shroomish.png,sprites-processed/icon-frame2/shroomish.png,8
shuckle,shuckle,STANDARD,sprites-processed/front/shuckle.png,sprites-processed/back/shuckle.png,sprites-processed/front-shiny/shuckle.png,sprites-processed/back-shiny/shuckle.png,sprites-processed/icon/shuckle.png,sprites-processed/icon-frame2/shuckle.png,8
shuppet,shuppet,STANDARD,sprites-processed/front/shuppet.png,floating-pokemon/back__shuppet.png,sprites-processed/front-shiny/shuppet.png,sprites-processed/back-shiny/shuppet.png,sprites-processed/icon/shuppet.png,sprites-processed/icon-frame2/shuppet.png,9
sigilyph,sigilyph,STANDARD,sprites-processed/front/sigilyph.png,sprites-processed/back/sigilyph.png,sprites-processed/front-shiny/sigilyph.png,sprites-processed/back-shiny/sigilyph.png,sprites-processed/icon/sigilyph.png,sprites-processed/icon-frame2/sigilyph.png,8
silcoon,silcoon,STANDARD,sprites-processed/front/silcoon.png,sprites-processed/back/silcoon.png,sprites-processed/front-shiny/silcoon.png,sprites-processed/back-shiny/silcoon.png,sprites-processed/icon/silcoon.png,sprites-processed/icon-frame2/silcoon.png,8
silicobra,silicobra,STANDARD,sprites-processed/front/silicobra.png,sprites-processed/back/silicobra.png,sprites-processed/front-shiny/silicobra.png,sprites-processed/back-shiny/silicobra.png,sprites-processed/icon/silicobra.png,sprites-processed/icon-frame2/silicobra.png,8
silvally-bug,silvally-bug,STANDARD,sprites-processed/front/silvally-bug.png,sprites-processed/back/silvally-bug.png,sprites-processed/front-shiny/silvally-bug.png,sprites-processed/back-shiny/silvally-bug.png,sprites-processed/icon/silvally-bug.png,sprites-processed/icon-frame2/silvally-bug.png,8
silvally-dark,silvally-dark,STANDARD,sprites-processed/front/silvally-dark.png,sprites-processed/back/silvally-dark.png,sprites-processed/front-shiny/silvally-dark.png,sprites-processed/back-shiny/silvally-dark.png,sprites-processed/icon/silvally-dark.png,sprites-processed/icon-frame2/silvally-dark.png,8
silvally-dragon,silvally-dragon,STANDARD,sprites-processed/front/silvally-dragon.png,sprites-processed/back/silvally-dragon.png,sprites-processed/front-shiny/silvally-dragon.png,sprites-processed/back-shiny/silvally-dragon.png,sprites-processed/icon/silvally-dragon.png,sprites-processed/icon-frame2/silvally-dragon.png,8
silvally-electric,silvally-electric,STANDARD,sprites-processed/front/silvally-electric.png,sprites-processed/back/silvally-electric.png,sprites-processed/front-shiny/silvally-electric.png,sprites-processed/back-shiny/silvally-electric.png,sprites-processed/icon/silvally-electric.png,sprites-processed/icon-frame2/silvally-electric.png,8
silvally-fairy,silvally-fairy,STANDARD,sprites-processed/front/silvally-fairy.png,sprites-processed/back/silvally-fairy.png,sprites-processed/front-shiny/silvally-fairy.png,sprites-processed/back-shiny/silvally-fairy.png,sprites-processed/icon/silvally-fairy.png,sprites-processed/icon-frame2/silvally-fairy.png,8
silvally-fighting,silvally-fighting,STANDARD,sprites-processed/front/silvally-fighting.png,sprites-processed/back/silvally-fighting.png,sprites-processed/front-shiny/silvally-fighting.png,sprites-processed/back-shiny/silvally-fighting.png,sprites-processed/icon/silvally-fighting.png,sprites-processed/icon-frame2/silvally-fighting.png,8
silvally-fire,silvally-fire,STANDARD,sprites-processed/front/silvally-fire.png,sprites-processed/back/silvally-fire.png,sprites-processed/front-shiny/silvally-fire.png,sprites-processed/back-shiny/silvally-fire.png,sprites-processed/icon/silvally-fire.png,sprites-processed/icon-frame2/silvally-fire.png,8
silvally-flying,silvally-flying,STANDARD,sprites-processed/front/silvally-flying.png,sprites-processed/back/silvally-flying.png,sprites-processed/front-shiny/silvally-flying.png,sprites-processed/back-shiny/silvally-flying.png,sprites-processed/icon/silvally-flying.png,sprites-processed/icon-frame2/silvally-flying.png,8
silvally-ghost,silvally-ghost,STANDARD,sprites-processed/front/silvally-ghost.png,sprites-processed/back/silvally-ghost.png,sprites-processed/front-shiny/silvally-ghost.png,sprites-processed/back-shiny/silvally-ghost.png,sprites-processed/icon/silvally-ghost.png,sprites-processed/icon-frame2/silvally-ghost.png,8
silvally-grass,silvally-grass,STANDARD,sprites-processed/front/silvally-grass.png,sprites-processed/back/silvally-grass.png,sprites-processed/front-shiny/silvally-grass.png,sprites-processed/back-shiny/silvally-grass.png,sprites-processed/icon/silvally-grass.png,sprites-processed/icon-frame2/silvally-grass.png,8
silvally-ground,silvally-ground,STANDARD,sprites-processed/front/silvally-ground.png,sprites-processed/back/silvally-ground.png,sprites-processed/front-shiny/silvally-ground.png,sprites-processed/back-shiny/silvally-ground.png,sprites-processed/icon/silvally-ground.png,sprites-processed/icon-frame2/silvally-ground.png,8
silvally-ice,silvally-ice,STANDARD,sprites-processed/front/silvally-ice.png,sprites-processed/back/silvally-ice.png,sprites-processed/front-shiny/silvally-ice.png,sprites-processed/back-shiny/silvally-ice.png,sprites-processed/icon/silvally-ice.png,sprites-processed/icon-frame2/silvally-ice.png,8
silvally-normal,silvally-normal,STANDARD,sprites-processed/front/silvally-normal.png,sprites-processed/back/silvally-normal.png,sprites-processed/front-shiny/silvally-normal.png,sprites-processed/back-shiny/silvally-normal.png,sprites-processed/icon/silvally-normal.png,sprites-processed/icon-frame2/silvally-normal.png,8
silvally-poison,silvally-poison,STANDARD,sprites-processed/front/silvally-poison.png,sprites-processed/back/silvally-poison.png,sprites-processed/front-shiny/silvally-poison.png,sprites-processed/back-shiny/silvally-poison.png,sprites-processed/icon/silvally-poison.png,sprites-processed/icon-frame2/silvally-poison.png,8
silvally-psychic,silvally-psychic,STANDARD,sprites-processed/front/silvally-psychic.png,sprites-processed/back/silvally-psychic.png,sprites-processed/front-shiny/silvally-psychic.png,sprites-processed/back-shiny/silvally-psychic.png,sprites-processed/icon/silvally-psychic.png,sprites-processed/icon-frame2/silvally-psychic.png,8
silvally-rock,silvally-rock,STANDARD,sprites-processed/front/silvally-rock.png,sprites-processed/back/silvally-rock.png,sprites-processed/front-shiny/silvally-rock.png,sprites-processed/back-shiny/silvally-rock.png,sprites-processed/icon/silvally-rock.png,sprites-processed/icon-frame2/silvally-rock.png,8
silvally-steel,silvally-steel,STANDARD,sprites-processed/front/silvally-steel.png,sprites-processed/back/silvally-steel.png,sprites-processed/front-shiny/silvally-steel.png,sprites-processed/back-shiny/silvally-steel.png,sprites-processed/icon/silvally-steel.png,sprites-processed/icon-frame2/silvally-steel.png,8
silvally-water,silvally-water,STANDARD,sprites-processed/front/silvally-water.png,sprites-processed/back/silvally-water.png,sprites-processed/front-shiny/silvally-water.png,sprites-processed/back-shiny/silvally-water.png,sprites-processed/icon/silvally-water.png,sprites-processed/icon-frame2/silvally-water.png,8
simipour,simipour,STANDARD,sprites-processed/front/simipour.png,sprites-processed/back/simipour.png,sprites-processed/front-shiny/simipour.png,sprites-processed/back-shiny/simipour.png,sprites-processed/icon/simipour.png,sprites-processed/icon-frame2/simipour.png,8
simisage,simisage,STANDARD,sprites-processed/front/simisage.png,sprites-processed/back/simisage.png,sprites-processed/front-shiny/simisage.png,sprites-processed/back-shiny/simisage.png,sprites-processed/icon/simisage.png,sprites-processed/icon-frame2/simisage.png,8
simisear,simisear,STANDARD,sprites-processed/front/simisear.png,sprites-processed/back/simisear.png,sprites-processed/front-shiny/simisear.png,sprites-processed/back-shiny/simisear.png,sprites-processed/icon/simisear.png,sprites-processed/icon-frame2/simisear.png,8
sinistcha-masterpiece,sinistcha-masterpiece,STANDARD,sprites-processed/front/sinistcha-masterpiece.png,sprites-processed/back/sinistcha-masterpiece.png,sprites-processed/front-shiny/sinistcha-masterpiece.png,floating-pokemon/back-shiny__sinistcha-masterpiece.png,sprites-processed/icon/sinistcha-masterpiece.png,sprites-processed/icon-frame2/sinistcha-masterpiece.png,9
sinistcha-unremarkable,sinistcha-unremarkable,STANDARD,sprites-processed/front/sinistcha-unremarkable.png,sprites-processed/back/sinistcha-unremarkable.png,sprites-processed/front-shiny/sinistcha-unremarkable.png,floating-pokemon/back-shiny__sinistcha-unremarkable.png,sprites-processed/icon/sinistcha-unremarkable.png,sprites-processed/icon-frame2/sinistcha-unremarkable.png,9
sinistea-antique,sinistea-antique,STANDARD,sprites-processed/front/sinistea-antique.png,sprites-processed/back/sinistea-antique.png,sprites-processed/front-shiny/sinistea-antique.png,sprites-processed/back-shiny/sinistea-antique.png,sprites-processed/icon/sinistea-antique.png,sprites-processed/icon-frame2/sinistea-antique.png,8
sinistea-phony,sinistea-phony,STANDARD,sprites-processed/front/sinistea-phony.png,sprites-processed/back/sinistea-phony.png,sprites-processed/front-shiny/sinistea-phony.png,sprites-processed/back-shiny/sinistea-phony.png,sprites-processed/icon/sinistea-phony.png,sprites-processed/icon-frame2/sinistea-phony.png,8
sirfetchd,sirfetchd,STANDARD,sprites-processed/front/sirfetchd.png,sprites-processed/back/sirfetchd.png,sprites-processed/front-shiny/sirfetchd.png,sprites-processed/back-shiny/sirfetchd.png,sprites-processed/icon/sirfetchd.png,sprites-processed/icon-frame2/sirfetchd.png,8
sizzlipede,sizzlipede,STANDARD,sprites-processed/front/sizzlipede.png,sprites-processed/back/sizzlipede.png,sprites-processed/front-shiny/sizzlipede.png,sprites-processed/back-shiny/sizzlipede.png,sprites-processed/icon/sizzlipede.png,sprites-processed/icon-frame2/sizzlipede.png,8
skarmory,skarmory,STANDARD,sprites-processed/front/skarmory.png,sprites-processed/back/skarmory.png,sprites-processed/front-shiny/skarmory.png,sprites-processed/back-shiny/skarmory.png,sprites-processed/icon/skarmory.png,sprites-processed/icon-frame2/skarmory.png,8
skarmory-mega,skarmory-mega,SPECIAL_FORM,sprites-processed/front/skarmory-mega.png,sprites-processed/back/skarmory-mega.png,sprites-processed/front-shiny/skarmory-mega.png,sprites-processed/back-shiny/skarmory-mega.png,sprites-processed/icon/skarmory-mega.png,sprites-processed/icon-frame2/skarmory-mega.png,8
skeledirge,skeledirge,STANDARD,sprites-processed/front/skeledirge.png,sprites-processed/back/skeledirge.png,sprites-processed/front-shiny/skeledirge.png,sprites-processed/back-shiny/skeledirge.png,sprites-processed/icon/skeledirge.png,sprites-processed/icon-frame2/skeledirge.png,8
skiddo,skiddo,STANDARD,sprites-processed/front/skiddo.png,sprites-processed/back/skiddo.png,sprites-processed/front-shiny/skiddo.png,sprites-processed/back-shiny/skiddo.png,sprites-processed/icon/skiddo.png,sprites-processed/icon-frame2/skiddo.png,8
skiploom,skiploom,STANDARD,sprites-processed/front/skiploom.png,sprites-processed/back/skiploom.png,sprites-processed/front-shiny/skiploom.png,sprites-processed/back-shiny/skiploom.png,sprites-processed/icon/skiploom.png,sprites-processed/icon-frame2/skiploom.png,8
skitty,skitty,STANDARD,sprites-processed/front/skitty.png,sprites-processed/back/skitty.png,sprites-processed/front-shiny/skitty.png,sprites-processed/back-shiny/skitty.png,sprites-processed/icon/skitty.png,sprites-processed/icon-frame2/skitty.png,8
skorupi,skorupi,STANDARD,sprites-processed/front/skorupi.png,sprites-processed/back/skorupi.png,sprites-processed/front-shiny/skorupi.png,sprites-processed/back-shiny/skorupi.png,sprites-processed/icon/skorupi.png,sprites-processed/icon-frame2/skorupi.png,8
skrelp,skrelp,STANDARD,sprites-processed/front/skrelp.png,sprites-processed/back/skrelp.png,sprites-processed/front-shiny/skrelp.png,sprites-processed/back-shiny/skrelp.png,sprites-processed/icon/skrelp.png,sprites-processed/icon-frame2/skrelp.png,8
skuntank,skuntank,STANDARD,sprites-processed/front/skuntank.png,sprites-processed/back/skuntank.png,sprites-processed/front-shiny/skuntank.png,sprites-processed/back-shiny/skuntank.png,sprites-processed/icon/skuntank.png,sprites-processed/icon-frame2/skuntank.png,8
skwovet,skwovet,STANDARD,sprites-processed/front/skwovet.png,sprites-processed/back/skwovet.png,sprites-processed/front-shiny/skwovet.png,sprites-processed/back-shiny/skwovet.png,sprites-processed/icon/skwovet.png,sprites-processed/icon-frame2/skwovet.png,8
slaking,slaking,STANDARD,sprites-processed/front/slaking.png,sprites-processed/back/slaking.png,sprites-processed/front-shiny/slaking.png,sprites-processed/back-shiny/slaking.png,sprites-processed/icon/slaking.png,sprites-processed/icon-frame2/slaking.png,8
slakoth,slakoth,STANDARD,sprites-processed/front/slakoth.png,sprites-processed/back/slakoth.png,sprites-processed/front-shiny/slakoth.png,sprites-processed/back-shiny/slakoth.png,sprites-processed/icon/slakoth.png,sprites-processed/icon-frame2/slakoth.png,8
sliggoo,sliggoo,STANDARD,sprites-processed/front/sliggoo.png,sprites-processed/back/sliggoo.png,sprites-processed/front-shiny/sliggoo.png,sprites-processed/back-shiny/sliggoo.png,sprites-processed/icon/sliggoo.png,sprites-processed/icon-frame2/sliggoo.png,8
sliggoo-hisui,sliggoo-hisui,SPECIAL_FORM,sprites-processed/front/sliggoo-hisui.png,sprites-processed/back/sliggoo-hisui.png,sprites-processed/front-shiny/sliggoo-hisui.png,sprites-processed/back-shiny/sliggoo-hisui.png,sprites-processed/icon/sliggoo-hisui.png,sprites-processed/icon-frame2/sliggoo-hisui.png,8
slither-wing,slither-wing,STANDARD,sprites-processed/front/slither-wing.png,sprites-processed/back/slither-wing.png,sprites-processed/front-shiny/slither-wing.png,sprites-processed/back-shiny/slither-wing.png,sprites-processed/icon/slither-wing.png,sprites-processed/icon-frame2/slither-wing.png,8
slowbro,slowbro,STANDARD,sprites-processed/front/slowbro.png,sprites-processed/back/slowbro.png,sprites-processed/front-shiny/slowbro.png,sprites-processed/back-shiny/slowbro.png,sprites-processed/icon/slowbro.png,sprites-processed/icon-frame2/slowbro.png,8
slowbro-galar,slowbro-galar,SPECIAL_FORM,sprites-processed/front/slowbro-galar.png,sprites-processed/back/slowbro-galar.png,sprites-processed/front-shiny/slowbro-galar.png,sprites-processed/back-shiny/slowbro-galar.png,sprites-processed/icon/slowbro-galar.png,sprites-processed/icon-frame2/slowbro-galar.png,8
slowbro-mega,slowbro-mega,SPECIAL_FORM,sprites-processed/front/slowbro-mega.png,sprites-processed/back/slowbro-mega.png,sprites-processed/front-shiny/slowbro-mega.png,sprites-processed/back-shiny/slowbro-mega.png,sprites-processed/icon/slowbro-mega.png,sprites-processed/icon-frame2/slowbro-mega.png,8
slowking,slowking,STANDARD,sprites-processed/front/slowking.png,sprites-processed/back/slowking.png,sprites-processed/front-shiny/slowking.png,sprites-processed/back-shiny/slowking.png,sprites-processed/icon/slowking.png,sprites-processed/icon-frame2/slowking.png,8
slowking-galar,slowking-galar,SPECIAL_FORM,sprites-processed/front/slowking-galar.png,sprites-processed/back/slowking-galar.png,sprites-processed/front-shiny/slowking-galar.png,sprites-processed/back-shiny/slowking-galar.png,sprites-processed/icon/slowking-galar.png,sprites-processed/icon-frame2/slowking-galar.png,8
slowpoke,slowpoke,STANDARD,sprites-processed/front/slowpoke.png,sprites-processed/back/slowpoke.png,sprites-processed/front-shiny/slowpoke.png,sprites-processed/back-shiny/slowpoke.png,sprites-processed/icon/slowpoke.png,sprites-processed/icon-frame2/slowpoke.png,8
slowpoke-galar,slowpoke-galar,SPECIAL_FORM,sprites-processed/front/slowpoke-galar.png,sprites-processed/back/slowpoke-galar.png,sprites-processed/front-shiny/slowpoke-galar.png,sprites-processed/back-shiny/slowpoke-galar.png,sprites-processed/icon/slowpoke-galar.png,sprites-processed/icon-frame2/slowpoke-galar.png,8
slugma,slugma,STANDARD,sprites-processed/front/slugma.png,sprites-processed/back/slugma.png,sprites-processed/front-shiny/slugma.png,sprites-processed/back-shiny/slugma.png,sprites-processed/icon/slugma.png,sprites-processed/icon-frame2/slugma.png,8
slurpuff,slurpuff,STANDARD,sprites-processed/front/slurpuff.png,sprites-processed/back/slurpuff.png,sprites-processed/front-shiny/slurpuff.png,sprites-processed/back-shiny/slurpuff.png,sprites-processed/icon/slurpuff.png,sprites-processed/icon-frame2/slurpuff.png,8
smeargle,smeargle,STANDARD,sprites-processed/front/smeargle.png,sprites-processed/back/smeargle.png,sprites-processed/front-shiny/smeargle.png,sprites-processed/back-shiny/smeargle.png,sprites-processed/icon/smeargle.png,sprites-processed/icon-frame2/smeargle.png,8
smoliv,smoliv,STANDARD,sprites-processed/front/smoliv.png,sprites-processed/back/smoliv.png,sprites-processed/front-shiny/smoliv.png,sprites-processed/back-shiny/smoliv.png,sprites-processed/icon/smoliv.png,sprites-processed/icon-frame2/smoliv.png,8
smoochum,smoochum,STANDARD,sprites-processed/front/smoochum.png,sprites-processed/back/smoochum.png,sprites-processed/front-shiny/smoochum.png,sprites-processed/back-shiny/smoochum.png,sprites-processed/icon/smoochum.png,sprites-processed/icon-frame2/smoochum.png,8
sneasel,sneasel,STANDARD,sprites-processed/front/sneasel.png,sprites-processed/back/sneasel.png,sprites-processed/front-shiny/sneasel.png,sprites-processed/back-shiny/sneasel.png,sprites-processed/icon/sneasel.png,sprites-processed/icon-frame2/sneasel.png,10
sneasel-hisui,sneasel-hisui,SPECIAL_FORM,sprites-processed/front/sneasel-hisui.png,sprites-processed/back/sneasel-hisui.png,sprites-processed/front-shiny/sneasel-hisui.png,sprites-processed/back-shiny/sneasel-hisui.png,sprites-processed/icon/sneasel-hisui.png,sprites-processed/icon-frame2/sneasel-hisui.png,10
sneasler,sneasler,STANDARD,sprites-processed/front/sneasler.png,sprites-processed/back/sneasler.png,sprites-processed/front-shiny/sneasler.png,sprites-processed/back-shiny/sneasler.png,sprites-processed/icon/sneasler.png,sprites-processed/icon-frame2/sneasler.png,8
snivy,snivy,STANDARD,sprites-processed/front/snivy.png,sprites-processed/back/snivy.png,sprites-processed/front-shiny/snivy.png,sprites-processed/back-shiny/snivy.png,sprites-processed/icon/snivy.png,sprites-processed/icon-frame2/snivy.png,8
snom,snom,STANDARD,sprites-processed/front/snom.png,sprites-processed/back/snom.png,sprites-processed/front-shiny/snom.png,sprites-processed/back-shiny/snom.png,sprites-processed/icon/snom.png,sprites-processed/icon-frame2/snom.png,8
snorlax,snorlax,STANDARD,sprites-processed/front/snorlax.png,sprites-processed/back/snorlax.png,sprites-processed/front-shiny/snorlax.png,sprites-processed/back-shiny/snorlax.png,sprites-processed/icon/snorlax.png,sprites-processed/icon-frame2/snorlax.png,8
snorlax-gmax,snorlax-gmax,SPECIAL_FORM,sprites-processed/front/snorlax-gmax.png,sprites-processed/back/snorlax-gmax.png,sprites-processed/front-shiny/snorlax-gmax.png,sprites-processed/back-shiny/snorlax-gmax.png,sprites-processed/icon/snorlax-gmax.png,sprites-processed/icon-frame2/snorlax-gmax.png,8
snorunt,snorunt,STANDARD,sprites-processed/front/snorunt.png,sprites-processed/back/snorunt.png,sprites-processed/front-shiny/snorunt.png,sprites-processed/back-shiny/snorunt.png,sprites-processed/icon/snorunt.png,sprites-processed/icon-frame2/snorunt.png,8
snover,snover,STANDARD,sprites-processed/front/snover.png,sprites-processed/back/snover.png,sprites-processed/front-shiny/snover.png,sprites-processed/back-shiny/snover.png,sprites-processed/icon/snover.png,sprites-processed/icon-frame2/snover.png,10
snubbull,snubbull,STANDARD,sprites-processed/front/snubbull.png,sprites-processed/back/snubbull.png,sprites-processed/front-shiny/snubbull.png,sprites-processed/back-shiny/snubbull.png,sprites-processed/icon/snubbull.png,sprites-processed/icon-frame2/snubbull.png,8
sobble,sobble,STANDARD,sprites-processed/front/sobble.png,sprites-processed/back/sobble.png,sprites-processed/front-shiny/sobble.png,sprites-processed/back-shiny/sobble.png,sprites-processed/icon/sobble.png,sprites-processed/icon-frame2/sobble.png,8
solgaleo,solgaleo,STANDARD,sprites-processed/front/solgaleo.png,sprites-processed/back/solgaleo.png,sprites-processed/front-shiny/solgaleo.png,sprites-processed/back-shiny/solgaleo.png,sprites-processed/icon/solgaleo.png,sprites-processed/icon-frame2/solgaleo.png,8
solosis,solosis,STANDARD,sprites-processed/front/solosis.png,sprites-processed/back/solosis.png,sprites-processed/front-shiny/solosis.png,sprites-processed/back-shiny/solosis.png,sprites-processed/icon/solosis.png,sprites-processed/icon-frame2/solosis.png,8
solrock,solrock,STANDARD,sprites-processed/front/solrock.png,sprites-processed/back/solrock.png,sprites-processed/front-shiny/solrock.png,sprites-processed/back-shiny/solrock.png,sprites-processed/icon/solrock.png,sprites-processed/icon-frame2/solrock.png,8
spearow,spearow,STANDARD,sprites-processed/front/spearow.png,sprites-processed/back/spearow.png,sprites-processed/front-shiny/spearow.png,sprites-processed/back-shiny/spearow.png,sprites-processed/icon/spearow.png,sprites-processed/icon-frame2/spearow.png,8
spectrier,spectrier,STANDARD,sprites-processed/front/spectrier.png,sprites-processed/back/spectrier.png,sprites-processed/front-shiny/spectrier.png,sprites-processed/back-shiny/spectrier.png,sprites-processed/icon/spectrier.png,sprites-processed/icon-frame2/spectrier.png,8
spewpa-archipelago,spewpa-archipelago,STANDARD,sprites-processed/front/spewpa-archipelago.png,sprites-processed/back/spewpa-archipelago.png,sprites-processed/front-shiny/spewpa-archipelago.png,sprites-processed/back-shiny/spewpa-archipelago.png,sprites-processed/icon/spewpa-archipelago.png,sprites-processed/icon-frame2/spewpa-archipelago.png,8
spewpa-continental,spewpa-continental,STANDARD,sprites-processed/front/spewpa-continental.png,sprites-processed/back/spewpa-continental.png,sprites-processed/front-shiny/spewpa-continental.png,sprites-processed/back-shiny/spewpa-continental.png,sprites-processed/icon/spewpa-continental.png,sprites-processed/icon-frame2/spewpa-continental.png,8
spewpa-elegant,spewpa-elegant,STANDARD,sprites-processed/front/spewpa-elegant.png,sprites-processed/back/spewpa-elegant.png,sprites-processed/front-shiny/spewpa-elegant.png,sprites-processed/back-shiny/spewpa-elegant.png,sprites-processed/icon/spewpa-elegant.png,sprites-processed/icon-frame2/spewpa-elegant.png,8
spewpa-fancy,spewpa-fancy,STANDARD,sprites-processed/front/spewpa-fancy.png,sprites-processed/back/spewpa-fancy.png,sprites-processed/front-shiny/spewpa-fancy.png,sprites-processed/back-shiny/spewpa-fancy.png,sprites-processed/icon/spewpa-fancy.png,sprites-processed/icon-frame2/spewpa-fancy.png,8
spewpa-garden,spewpa-garden,STANDARD,sprites-processed/front/spewpa-garden.png,sprites-processed/back/spewpa-garden.png,sprites-processed/front-shiny/spewpa-garden.png,sprites-processed/back-shiny/spewpa-garden.png,sprites-processed/icon/spewpa-garden.png,sprites-processed/icon-frame2/spewpa-garden.png,8
spewpa-high-plains,spewpa-high-plains,STANDARD,sprites-processed/front/spewpa-high-plains.png,sprites-processed/back/spewpa-high-plains.png,sprites-processed/front-shiny/spewpa-high-plains.png,sprites-processed/back-shiny/spewpa-high-plains.png,sprites-processed/icon/spewpa-high-plains.png,sprites-processed/icon-frame2/spewpa-high-plains.png,8
spewpa-icy-snow,spewpa-icy-snow,STANDARD,sprites-processed/front/spewpa-icy-snow.png,sprites-processed/back/spewpa-icy-snow.png,sprites-processed/front-shiny/spewpa-icy-snow.png,sprites-processed/back-shiny/spewpa-icy-snow.png,sprites-processed/icon/spewpa-icy-snow.png,sprites-processed/icon-frame2/spewpa-icy-snow.png,8
spewpa-jungle,spewpa-jungle,STANDARD,sprites-processed/front/spewpa-jungle.png,sprites-processed/back/spewpa-jungle.png,sprites-processed/front-shiny/spewpa-jungle.png,sprites-processed/back-shiny/spewpa-jungle.png,sprites-processed/icon/spewpa-jungle.png,sprites-processed/icon-frame2/spewpa-jungle.png,8
spewpa-marine,spewpa-marine,STANDARD,sprites-processed/front/spewpa-marine.png,sprites-processed/back/spewpa-marine.png,sprites-processed/front-shiny/spewpa-marine.png,sprites-processed/back-shiny/spewpa-marine.png,sprites-processed/icon/spewpa-marine.png,sprites-processed/icon-frame2/spewpa-marine.png,8
spewpa-meadow,spewpa-meadow,STANDARD,sprites-processed/front/spewpa-meadow.png,sprites-processed/back/spewpa-meadow.png,sprites-processed/front-shiny/spewpa-meadow.png,sprites-processed/back-shiny/spewpa-meadow.png,sprites-processed/icon/spewpa-meadow.png,sprites-processed/icon-frame2/spewpa-meadow.png,8
spewpa-modern,spewpa-modern,STANDARD,sprites-processed/front/spewpa-modern.png,sprites-processed/back/spewpa-modern.png,sprites-processed/front-shiny/spewpa-modern.png,sprites-processed/back-shiny/spewpa-modern.png,sprites-processed/icon/spewpa-modern.png,sprites-processed/icon-frame2/spewpa-modern.png,8
spewpa-monsoon,spewpa-monsoon,STANDARD,sprites-processed/front/spewpa-monsoon.png,sprites-processed/back/spewpa-monsoon.png,sprites-processed/front-shiny/spewpa-monsoon.png,sprites-processed/back-shiny/spewpa-monsoon.png,sprites-processed/icon/spewpa-monsoon.png,sprites-processed/icon-frame2/spewpa-monsoon.png,8
spewpa-ocean,spewpa-ocean,STANDARD,sprites-processed/front/spewpa-ocean.png,sprites-processed/back/spewpa-ocean.png,sprites-processed/front-shiny/spewpa-ocean.png,sprites-processed/back-shiny/spewpa-ocean.png,sprites-processed/icon/spewpa-ocean.png,sprites-processed/icon-frame2/spewpa-ocean.png,8
spewpa-poke-ball,spewpa-poke-ball,STANDARD,sprites-processed/front/spewpa-poke-ball.png,sprites-processed/back/spewpa-poke-ball.png,sprites-processed/front-shiny/spewpa-poke-ball.png,sprites-processed/back-shiny/spewpa-poke-ball.png,sprites-processed/icon/spewpa-poke-ball.png,sprites-processed/icon-frame2/spewpa-poke-ball.png,8
spewpa-polar,spewpa-polar,STANDARD,sprites-processed/front/spewpa-polar.png,sprites-processed/back/spewpa-polar.png,sprites-processed/front-shiny/spewpa-polar.png,sprites-processed/back-shiny/spewpa-polar.png,sprites-processed/icon/spewpa-polar.png,sprites-processed/icon-frame2/spewpa-polar.png,8
spewpa-river,spewpa-river,STANDARD,sprites-processed/front/spewpa-river.png,sprites-processed/back/spewpa-river.png,sprites-processed/front-shiny/spewpa-river.png,sprites-processed/back-shiny/spewpa-river.png,sprites-processed/icon/spewpa-river.png,sprites-processed/icon-frame2/spewpa-river.png,8
spewpa-sandstorm,spewpa-sandstorm,STANDARD,sprites-processed/front/spewpa-sandstorm.png,sprites-processed/back/spewpa-sandstorm.png,sprites-processed/front-shiny/spewpa-sandstorm.png,sprites-processed/back-shiny/spewpa-sandstorm.png,sprites-processed/icon/spewpa-sandstorm.png,sprites-processed/icon-frame2/spewpa-sandstorm.png,8
spewpa-savanna,spewpa-savanna,STANDARD,sprites-processed/front/spewpa-savanna.png,sprites-processed/back/spewpa-savanna.png,sprites-processed/front-shiny/spewpa-savanna.png,sprites-processed/back-shiny/spewpa-savanna.png,sprites-processed/icon/spewpa-savanna.png,sprites-processed/icon-frame2/spewpa-savanna.png,8
spewpa-sun,spewpa-sun,STANDARD,sprites-processed/front/spewpa-sun.png,sprites-processed/back/spewpa-sun.png,sprites-processed/front-shiny/spewpa-sun.png,sprites-processed/back-shiny/spewpa-sun.png,sprites-processed/icon/spewpa-sun.png,sprites-processed/icon-frame2/spewpa-sun.png,8
spewpa-tundra,spewpa-tundra,STANDARD,sprites-processed/front/spewpa-tundra.png,sprites-processed/back/spewpa-tundra.png,sprites-processed/front-shiny/spewpa-tundra.png,sprites-processed/back-shiny/spewpa-tundra.png,sprites-processed/icon/spewpa-tundra.png,sprites-processed/icon-frame2/spewpa-tundra.png,8
spheal,spheal,STANDARD,sprites-processed/front/spheal.png,sprites-processed/back/spheal.png,sprites-processed/front-shiny/spheal.png,sprites-processed/back-shiny/spheal.png,sprites-processed/icon/spheal.png,sprites-processed/icon-frame2/spheal.png,8
spidops,spidops,STANDARD,sprites-processed/front/spidops.png,sprites-processed/back/spidops.png,sprites-processed/front-shiny/spidops.png,sprites-processed/back-shiny/spidops.png,sprites-processed/icon/spidops.png,sprites-processed/icon-frame2/spidops.png,8
spinarak,spinarak,STANDARD,sprites-processed/front/spinarak.png,sprites-processed/back/spinarak.png,sprites-processed/front-shiny/spinarak.png,sprites-processed/back-shiny/spinarak.png,sprites-processed/icon/spinarak.png,sprites-processed/icon-frame2/spinarak.png,8
spinda,spinda,STANDARD,sprites-processed/front/spinda.png,sprites-processed/back/spinda.png,sprites-processed/front-shiny/spinda.png,sprites-processed/back-shiny/spinda.png,sprites-processed/icon/spinda.png,sprites-processed/icon-frame2/spinda.png,8
spiritomb,spiritomb,STANDARD,sprites-processed/front/spiritomb.png,sprites-processed/back/spiritomb.png,sprites-processed/front-shiny/spiritomb.png,sprites-processed/back-shiny/spiritomb.png,sprites-processed/icon/spiritomb.png,sprites-processed/icon-frame2/spiritomb.png,8
spoink,spoink,STANDARD,sprites-processed/front/spoink.png,floating-pokemon/back__spoink.png,sprites-processed/front-shiny/spoink.png,floating-pokemon/back-shiny__spoink.png,sprites-processed/icon/spoink.png,sprites-processed/icon-frame2/spoink.png,10
sprigatito,sprigatito,STANDARD,sprites-processed/front/sprigatito.png,sprites-processed/back/sprigatito.png,sprites-processed/front-shiny/sprigatito.png,sprites-processed/back-shiny/sprigatito.png,sprites-processed/icon/sprigatito.png,sprites-processed/icon-frame2/sprigatito.png,8
spritzee,spritzee,STANDARD,sprites-processed/front/spritzee.png,sprites-processed/back/spritzee.png,sprites-processed/front-shiny/spritzee.png,sprites-processed/back-shiny/spritzee.png,sprites-processed/icon/spritzee.png,sprites-processed/icon-frame2/spritzee.png,8
squawkabilly-blue-plumage,squawkabilly-blue-plumage,STANDARD,sprites-processed/front/squawkabilly-blue-plumage.png,sprites-processed/back/squawkabilly-blue-plumage.png,sprites-processed/front-shiny/squawkabilly-blue-plumage.png,sprites-processed/back-shiny/squawkabilly-blue-plumage.png,sprites-processed/icon/squawkabilly-blue-plumage.png,sprites-processed/icon-frame2/squawkabilly-blue-plumage.png,8
squawkabilly-green-plumage,squawkabilly-green-plumage,STANDARD,sprites-processed/front/squawkabilly-green-plumage.png,sprites-processed/back/squawkabilly-green-plumage.png,sprites-processed/front-shiny/squawkabilly-green-plumage.png,sprites-processed/back-shiny/squawkabilly-green-plumage.png,sprites-processed/icon/squawkabilly-green-plumage.png,sprites-processed/icon-frame2/squawkabilly-green-plumage.png,8
squawkabilly-white-plumage,squawkabilly-white-plumage,STANDARD,sprites-processed/front/squawkabilly-white-plumage.png,sprites-processed/back/squawkabilly-white-plumage.png,sprites-processed/front-shiny/squawkabilly-white-plumage.png,sprites-processed/back-shiny/squawkabilly-white-plumage.png,sprites-processed/icon/squawkabilly-white-plumage.png,sprites-processed/icon-frame2/squawkabilly-white-plumage.png,8
squawkabilly-yellow-plumage,squawkabilly-yellow-plumage,STANDARD,sprites-processed/front/squawkabilly-yellow-plumage.png,sprites-processed/back/squawkabilly-yellow-plumage.png,sprites-processed/front-shiny/squawkabilly-yellow-plumage.png,sprites-processed/back-shiny/squawkabilly-yellow-plumage.png,sprites-processed/icon/squawkabilly-yellow-plumage.png,sprites-processed/icon-frame2/squawkabilly-yellow-plumage.png,8
squirtle,squirtle,STANDARD,sprites-processed/front/squirtle.png,sprites-processed/back/squirtle.png,sprites-processed/front-shiny/squirtle.png,sprites-processed/back-shiny/squirtle.png,sprites-processed/icon/squirtle.png,sprites-processed/icon-frame2/squirtle.png,8
stakataka,stakataka,STANDARD,sprites-processed/front/stakataka.png,sprites-processed/back/stakataka.png,sprites-processed/front-shiny/stakataka.png,sprites-processed/back-shiny/stakataka.png,sprites-processed/icon/stakataka.png,sprites-processed/icon-frame2/stakataka.png,8
stantler,stantler,STANDARD,sprites-processed/front/stantler.png,sprites-processed/back/stantler.png,sprites-processed/front-shiny/stantler.png,sprites-processed/back-shiny/stantler.png,sprites-processed/icon/stantler.png,sprites-processed/icon-frame2/stantler.png,8
staraptor,staraptor,STANDARD,sprites-processed/front/staraptor.png,sprites-processed/back/staraptor.png,sprites-processed/front-shiny/staraptor.png,sprites-processed/back-shiny/staraptor.png,sprites-processed/icon/staraptor.png,sprites-processed/icon-frame2/staraptor.png,10
staraptor-mega,staraptor-mega,SPECIAL_FORM,sprites-processed/front/staraptor-mega.png,sprites-processed/back/staraptor-mega.png,sprites-processed/front-shiny/staraptor-mega.png,sprites-processed/back-shiny/staraptor-mega.png,sprites-processed/icon/staraptor-mega.png,sprites-processed/icon-frame2/staraptor-mega.png,8
staravia,staravia,STANDARD,sprites-processed/front/staravia.png,sprites-processed/back/staravia.png,sprites-processed/front-shiny/staravia.png,floating-pokemon/back-shiny__staravia.png,sprites-processed/icon/staravia.png,sprites-processed/icon-frame2/staravia.png,11
starly,starly,STANDARD,sprites-processed/front/starly.png,sprites-processed/back/starly.png,sprites-processed/front-shiny/starly.png,sprites-processed/back-shiny/starly.png,sprites-processed/icon/starly.png,sprites-processed/icon-frame2/starly.png,10
starmie,starmie,STANDARD,sprites-processed/front/starmie.png,sprites-processed/back/starmie.png,sprites-processed/front-shiny/starmie.png,sprites-processed/back-shiny/starmie.png,sprites-processed/icon/starmie.png,sprites-processed/icon-frame2/starmie.png,8
starmie-mega,starmie-mega,SPECIAL_FORM,sprites-processed/front/starmie-mega.png,sprites-processed/back/starmie-mega.png,sprites-processed/front-shiny/starmie-mega.png,sprites-processed/back-shiny/starmie-mega.png,sprites-processed/icon/starmie-mega.png,sprites-processed/icon-frame2/starmie-mega.png,8
staryu,staryu,STANDARD,sprites-processed/front/staryu.png,sprites-processed/back/staryu.png,sprites-processed/front-shiny/staryu.png,sprites-processed/back-shiny/staryu.png,sprites-processed/icon/staryu.png,sprites-processed/icon-frame2/staryu.png,8
steelix,steelix,STANDARD,sprites-processed/front/steelix.png,sprites-processed/back/steelix.png,sprites-processed/front-shiny/steelix.png,sprites-processed/back-shiny/steelix.png,sprites-processed/icon/steelix.png,sprites-processed/icon-frame2/steelix.png,10
steelix-mega,steelix-mega,SPECIAL_FORM,sprites-processed/front/steelix-mega.png,sprites-processed/back/steelix-mega.png,sprites-processed/front-shiny/steelix-mega.png,sprites-processed/back-shiny/steelix-mega.png,sprites-processed/icon/steelix-mega.png,sprites-processed/icon-frame2/steelix-mega.png,8
steenee,steenee,STANDARD,sprites-processed/front/steenee.png,sprites-processed/back/steenee.png,sprites-processed/front-shiny/steenee.png,sprites-processed/back-shiny/steenee.png,sprites-processed/icon/steenee.png,sprites-processed/icon-frame2/steenee.png,8
stonjourner,stonjourner,STANDARD,sprites-processed/front/stonjourner.png,sprites-processed/back/stonjourner.png,sprites-processed/front-shiny/stonjourner.png,sprites-processed/back-shiny/stonjourner.png,sprites-processed/icon/stonjourner.png,sprites-processed/icon-frame2/stonjourner.png,8
stoutland,stoutland,STANDARD,sprites-processed/front/stoutland.png,sprites-processed/back/stoutland.png,sprites-processed/front-shiny/stoutland.png,sprites-processed/back-shiny/stoutland.png,sprites-processed/icon/stoutland.png,sprites-processed/icon-frame2/stoutland.png,8
stufful,stufful,STANDARD,sprites-processed/front/stufful.png,sprites-processed/back/stufful.png,sprites-processed/front-shiny/stufful.png,sprites-processed/back-shiny/stufful.png,sprites-processed/icon/stufful.png,sprites-processed/icon-frame2/stufful.png,8
stunfisk,stunfisk,STANDARD,sprites-processed/front/stunfisk.png,sprites-processed/back/stunfisk.png,sprites-processed/front-shiny/stunfisk.png,sprites-processed/back-shiny/stunfisk.png,sprites-processed/icon/stunfisk.png,sprites-processed/icon-frame2/stunfisk.png,8
stunfisk-galar,stunfisk-galar,SPECIAL_FORM,sprites-processed/front/stunfisk-galar.png,sprites-processed/back/stunfisk-galar.png,sprites-processed/front-shiny/stunfisk-galar.png,sprites-processed/back-shiny/stunfisk-galar.png,sprites-processed/icon/stunfisk-galar.png,sprites-processed/icon-frame2/stunfisk-galar.png,8
stunky,stunky,STANDARD,sprites-processed/front/stunky.png,sprites-processed/back/stunky.png,sprites-processed/front-shiny/stunky.png,sprites-processed/back-shiny/stunky.png,sprites-processed/icon/stunky.png,sprites-processed/icon-frame2/stunky.png,8
sudowoodo,sudowoodo,STANDARD,sprites-processed/front/sudowoodo.png,sprites-processed/back/sudowoodo.png,sprites-processed/front-shiny/sudowoodo.png,sprites-processed/back-shiny/sudowoodo.png,sprites-processed/icon/sudowoodo.png,sprites-processed/icon-frame2/sudowoodo.png,10
suicune,suicune,STANDARD,sprites-processed/front/suicune.png,sprites-processed/back/suicune.png,sprites-processed/front-shiny/suicune.png,sprites-processed/back-shiny/suicune.png,sprites-processed/icon/suicune.png,sprites-processed/icon-frame2/suicune.png,8
sunflora,sunflora,STANDARD,sprites-processed/front/sunflora.png,sprites-processed/back/sunflora.png,sprites-processed/front-shiny/sunflora.png,sprites-processed/back-shiny/sunflora.png,sprites-processed/icon/sunflora.png,sprites-processed/icon-frame2/sunflora.png,8
sunkern,sunkern,STANDARD,sprites-processed/front/sunkern.png,sprites-processed/back/sunkern.png,sprites-processed/front-shiny/sunkern.png,sprites-processed/back-shiny/sunkern.png,sprites-processed/icon/sunkern.png,sprites-processed/icon-frame2/sunkern.png,8
surskit,surskit,STANDARD,sprites-processed/front/surskit.png,sprites-processed/back/surskit.png,sprites-processed/front-shiny/surskit.png,sprites-processed/back-shiny/surskit.png,sprites-processed/icon/surskit.png,sprites-processed/icon-frame2/surskit.png,8
swablu,swablu,STANDARD,sprites-processed/front/swablu.png,sprites-processed/back/swablu.png,sprites-processed/front-shiny/swablu.png,sprites-processed/back-shiny/swablu.png,sprites-processed/icon/swablu.png,sprites-processed/icon-frame2/swablu.png,8
swadloon,swadloon,STANDARD,sprites-processed/front/swadloon.png,sprites-processed/back/swadloon.png,sprites-processed/front-shiny/swadloon.png,sprites-processed/back-shiny/swadloon.png,sprites-processed/icon/swadloon.png,sprites-processed/icon-frame2/swadloon.png,8
swalot,swalot,STANDARD,sprites-processed/front/swalot.png,sprites-processed/back/swalot.png,sprites-processed/front-shiny/swalot.png,sprites-processed/back-shiny/swalot.png,sprites-processed/icon/swalot.png,sprites-processed/icon-frame2/swalot.png,10
swampert,swampert,STANDARD,sprites-processed/front/swampert.png,sprites-processed/back/swampert.png,sprites-processed/front-shiny/swampert.png,sprites-processed/back-shiny/swampert.png,sprites-processed/icon/swampert.png,sprites-processed/icon-frame2/swampert.png,8
swampert-mega,swampert-mega,SPECIAL_FORM,sprites-processed/front/swampert-mega.png,sprites-processed/back/swampert-mega.png,sprites-processed/front-shiny/swampert-mega.png,sprites-processed/back-shiny/swampert-mega.png,sprites-processed/icon/swampert-mega.png,sprites-processed/icon-frame2/swampert-mega.png,8
swanna,swanna,STANDARD,sprites-processed/front/swanna.png,sprites-processed/back/swanna.png,sprites-processed/front-shiny/swanna.png,sprites-processed/back-shiny/swanna.png,sprites-processed/icon/swanna.png,sprites-processed/icon-frame2/swanna.png,8
swellow,swellow,STANDARD,sprites-processed/front/swellow.png,sprites-processed/back/swellow.png,sprites-processed/front-shiny/swellow.png,sprites-processed/back-shiny/swellow.png,sprites-processed/icon/swellow.png,sprites-processed/icon-frame2/swellow.png,8
swinub,swinub,STANDARD,sprites-processed/front/swinub.png,sprites-processed/back/swinub.png,sprites-processed/front-shiny/swinub.png,sprites-processed/back-shiny/swinub.png,sprites-processed/icon/swinub.png,sprites-processed/icon-frame2/swinub.png,8
swirlix,swirlix,STANDARD,sprites-processed/front/swirlix.png,sprites-processed/back/swirlix.png,sprites-processed/front-shiny/swirlix.png,sprites-processed/back-shiny/swirlix.png,sprites-processed/icon/swirlix.png,sprites-processed/icon-frame2/swirlix.png,8
swoobat,swoobat,STANDARD,sprites-processed/front/swoobat.png,sprites-processed/back/swoobat.png,sprites-processed/front-shiny/swoobat.png,sprites-processed/back-shiny/swoobat.png,sprites-processed/icon/swoobat.png,sprites-processed/icon-frame2/swoobat.png,8
sylveon,sylveon,STANDARD,sprites-processed/front/sylveon.png,sprites-processed/back/sylveon.png,sprites-processed/front-shiny/sylveon.png,sprites-processed/back-shiny/sylveon.png,sprites-processed/icon/sylveon.png,sprites-processed/icon-frame2/sylveon.png,8
tadbulb,tadbulb,STANDARD,sprites-processed/front/tadbulb.png,sprites-processed/back/tadbulb.png,sprites-processed/front-shiny/tadbulb.png,sprites-processed/back-shiny/tadbulb.png,sprites-processed/icon/tadbulb.png,sprites-processed/icon-frame2/tadbulb.png,8
taillow,taillow,STANDARD,sprites-processed/front/taillow.png,sprites-processed/back/taillow.png,sprites-processed/front-shiny/taillow.png,sprites-processed/back-shiny/taillow.png,sprites-processed/icon/taillow.png,sprites-processed/icon-frame2/taillow.png,8
talonflame,talonflame,STANDARD,sprites-processed/front/talonflame.png,sprites-processed/back/talonflame.png,sprites-processed/front-shiny/talonflame.png,sprites-processed/back-shiny/talonflame.png,sprites-processed/icon/talonflame.png,sprites-processed/icon-frame2/talonflame.png,8
tandemaus,tandemaus,STANDARD,sprites-processed/front/tandemaus.png,sprites-processed/back/tandemaus.png,sprites-processed/front-shiny/tandemaus.png,sprites-processed/back-shiny/tandemaus.png,sprites-processed/icon/tandemaus.png,sprites-processed/icon-frame2/tandemaus.png,8
tangela,tangela,STANDARD,sprites-processed/front/tangela.png,sprites-processed/back/tangela.png,sprites-processed/front-shiny/tangela.png,sprites-processed/back-shiny/tangela.png,sprites-processed/icon/tangela.png,sprites-processed/icon-frame2/tangela.png,8
tangrowth,tangrowth,STANDARD,sprites-processed/front/tangrowth.png,sprites-processed/back/tangrowth.png,sprites-processed/front-shiny/tangrowth.png,sprites-processed/back-shiny/tangrowth.png,sprites-processed/icon/tangrowth.png,sprites-processed/icon-frame2/tangrowth.png,10
tapu-bulu,tapu-bulu,STANDARD,sprites-processed/front/tapu-bulu.png,sprites-processed/back/tapu-bulu.png,sprites-processed/front-shiny/tapu-bulu.png,floating-pokemon/back-shiny__tapu-bulu.png,sprites-processed/icon/tapu-bulu.png,sprites-processed/icon-frame2/tapu-bulu.png,9
tapu-fini,tapu-fini,STANDARD,sprites-processed/front/tapu-fini.png,sprites-processed/back/tapu-fini.png,sprites-processed/front-shiny/tapu-fini.png,sprites-processed/back-shiny/tapu-fini.png,sprites-processed/icon/tapu-fini.png,sprites-processed/icon-frame2/tapu-fini.png,8
tapu-koko,tapu-koko,STANDARD,sprites-processed/front/tapu-koko.png,sprites-processed/back/tapu-koko.png,sprites-processed/front-shiny/tapu-koko.png,sprites-processed/back-shiny/tapu-koko.png,sprites-processed/icon/tapu-koko.png,sprites-processed/icon-frame2/tapu-koko.png,8
tapu-lele,tapu-lele,STANDARD,sprites-processed/front/tapu-lele.png,sprites-processed/back/tapu-lele.png,sprites-processed/front-shiny/tapu-lele.png,sprites-processed/back-shiny/tapu-lele.png,sprites-processed/icon/tapu-lele.png,sprites-processed/icon-frame2/tapu-lele.png,8
tarountula,tarountula,STANDARD,sprites-processed/front/tarountula.png,sprites-processed/back/tarountula.png,sprites-processed/front-shiny/tarountula.png,sprites-processed/back-shiny/tarountula.png,sprites-processed/icon/tarountula.png,sprites-processed/icon-frame2/tarountula.png,8
tatsugiri-curly,tatsugiri-curly,STANDARD,sprites-processed/front/tatsugiri-curly.png,sprites-processed/back/tatsugiri-curly.png,sprites-processed/front-shiny/tatsugiri-curly.png,sprites-processed/back-shiny/tatsugiri-curly.png,sprites-processed/icon/tatsugiri-curly.png,sprites-processed/icon-frame2/tatsugiri-curly.png,8
tatsugiri-droopy,tatsugiri-droopy,STANDARD,sprites-processed/front/tatsugiri-droopy.png,sprites-processed/back/tatsugiri-droopy.png,sprites-processed/front-shiny/tatsugiri-droopy.png,sprites-processed/back-shiny/tatsugiri-droopy.png,sprites-processed/icon/tatsugiri-droopy.png,sprites-processed/icon-frame2/tatsugiri-droopy.png,8
tatsugiri-stretchy,tatsugiri-stretchy,STANDARD,sprites-processed/front/tatsugiri-stretchy.png,sprites-processed/back/tatsugiri-stretchy.png,sprites-processed/front-shiny/tatsugiri-stretchy.png,sprites-processed/back-shiny/tatsugiri-stretchy.png,sprites-processed/icon/tatsugiri-stretchy.png,sprites-processed/icon-frame2/tatsugiri-stretchy.png,8
tauros,tauros,STANDARD,sprites-processed/front/tauros.png,sprites-processed/back/tauros.png,sprites-processed/front-shiny/tauros.png,sprites-processed/back-shiny/tauros.png,sprites-processed/icon/tauros.png,sprites-processed/icon-frame2/tauros.png,8
tauros-paldea-aqua-breed,tauros-paldea-aqua-breed,SPECIAL_FORM,sprites-processed/front/tauros-paldea-aqua-breed.png,sprites-processed/back/tauros-paldea-aqua-breed.png,sprites-processed/front-shiny/tauros-paldea-aqua-breed.png,sprites-processed/back-shiny/tauros-paldea-aqua-breed.png,sprites-processed/icon/tauros-paldea-aqua-breed.png,sprites-processed/icon-frame2/tauros-paldea-aqua-breed.png,8
tauros-paldea-blaze-breed,tauros-paldea-blaze-breed,SPECIAL_FORM,sprites-processed/front/tauros-paldea-blaze-breed.png,sprites-processed/back/tauros-paldea-blaze-breed.png,sprites-processed/front-shiny/tauros-paldea-blaze-breed.png,sprites-processed/back-shiny/tauros-paldea-blaze-breed.png,sprites-processed/icon/tauros-paldea-blaze-breed.png,sprites-processed/icon-frame2/tauros-paldea-blaze-breed.png,8
tauros-paldea-combat-breed,tauros-paldea-combat-breed,SPECIAL_FORM,sprites-processed/front/tauros-paldea-combat-breed.png,sprites-processed/back/tauros-paldea-combat-breed.png,sprites-processed/front-shiny/tauros-paldea-combat-breed.png,sprites-processed/back-shiny/tauros-paldea-combat-breed.png,sprites-processed/icon/tauros-paldea-combat-breed.png,sprites-processed/icon-frame2/tauros-paldea-combat-breed.png,8
teddiursa,teddiursa,STANDARD,sprites-processed/front/teddiursa.png,sprites-processed/back/teddiursa.png,sprites-processed/front-shiny/teddiursa.png,sprites-processed/back-shiny/teddiursa.png,sprites-processed/icon/teddiursa.png,sprites-processed/icon-frame2/teddiursa.png,8
tentacool,tentacool,STANDARD,sprites-processed/front/tentacool.png,sprites-processed/back/tentacool.png,sprites-processed/front-shiny/tentacool.png,sprites-processed/back-shiny/tentacool.png,sprites-processed/icon/tentacool.png,sprites-processed/icon-frame2/tentacool.png,8
tentacruel,tentacruel,STANDARD,sprites-processed/front/tentacruel.png,sprites-processed/back/tentacruel.png,sprites-processed/front-shiny/tentacruel.png,sprites-processed/back-shiny/tentacruel.png,sprites-processed/icon/tentacruel.png,sprites-processed/icon-frame2/tentacruel.png,8
tepig,tepig,STANDARD,sprites-processed/front/tepig.png,floating-pokemon/back__tepig.png,sprites-processed/front-shiny/tepig.png,floating-pokemon/back-shiny__tepig.png,sprites-processed/icon/tepig.png,sprites-processed/icon-frame2/tepig.png,10
terapagos,terapagos,STANDARD,sprites-processed/front/terapagos.png,sprites-processed/back/terapagos.png,sprites-processed/front-shiny/terapagos.png,sprites-processed/back-shiny/terapagos.png,sprites-processed/icon/terapagos.png,sprites-processed/icon-frame2/terapagos.png,8
terapagos-terastal,terapagos-terastal,STANDARD,sprites-processed/front/terapagos-terastal.png,sprites-processed/back/terapagos-terastal.png,sprites-processed/front-shiny/terapagos-terastal.png,sprites-processed/back-shiny/terapagos-terastal.png,sprites-processed/icon/terapagos-terastal.png,sprites-processed/icon-frame2/terapagos-terastal.png,8
terrakion,terrakion,STANDARD,sprites-processed/front/terrakion.png,sprites-processed/back/terrakion.png,sprites-processed/front-shiny/terrakion.png,sprites-processed/back-shiny/terrakion.png,sprites-processed/icon/terrakion.png,sprites-processed/icon-frame2/terrakion.png,8
thievul,thievul,STANDARD,sprites-processed/front/thievul.png,sprites-processed/back/thievul.png,sprites-processed/front-shiny/thievul.png,sprites-processed/back-shiny/thievul.png,sprites-processed/icon/thievul.png,sprites-processed/icon-frame2/thievul.png,8
throh,throh,STANDARD,sprites-processed/front/throh.png,sprites-processed/back/throh.png,sprites-processed/front-shiny/throh.png,sprites-processed/back-shiny/throh.png,sprites-processed/icon/throh.png,sprites-processed/icon-frame2/throh.png,8
thundurus-incarnate,thundurus-incarnate,STANDARD,sprites-processed/front/thundurus-incarnate.png,sprites-processed/back/thundurus-incarnate.png,sprites-processed/front-shiny/thundurus-incarnate.png,sprites-processed/back-shiny/thundurus-incarnate.png,sprites-processed/icon/thundurus-incarnate.png,sprites-processed/icon-frame2/thundurus-incarnate.png,8
thundurus-therian,thundurus-therian,SPECIAL_FORM,sprites-processed/front/thundurus-therian.png,sprites-processed/back/thundurus-therian.png,sprites-processed/front-shiny/thundurus-therian.png,sprites-processed/back-shiny/thundurus-therian.png,sprites-processed/icon/thundurus-therian.png,sprites-processed/icon-frame2/thundurus-therian.png,8
thwackey,thwackey,STANDARD,sprites-processed/front/thwackey.png,sprites-processed/back/thwackey.png,sprites-processed/front-shiny/thwackey.png,sprites-processed/back-shiny/thwackey.png,sprites-processed/icon/thwackey.png,sprites-processed/icon-frame2/thwackey.png,8
timburr,timburr,STANDARD,sprites-processed/front/timburr.png,sprites-processed/back/timburr.png,sprites-processed/front-shiny/timburr.png,sprites-processed/back-shiny/timburr.png,sprites-processed/icon/timburr.png,sprites-processed/icon-frame2/timburr.png,8
ting-lu,ting-lu,STANDARD,sprites-processed/front/ting-lu.png,sprites-processed/back/ting-lu.png,sprites-processed/front-shiny/ting-lu.png,sprites-processed/back-shiny/ting-lu.png,sprites-processed/icon/ting-lu.png,sprites-processed/icon-frame2/ting-lu.png,8
tinkatink,tinkatink,STANDARD,sprites-processed/front/tinkatink.png,sprites-processed/back/tinkatink.png,sprites-processed/front-shiny/tinkatink.png,sprites-processed/back-shiny/tinkatink.png,sprites-processed/icon/tinkatink.png,sprites-processed/icon-frame2/tinkatink.png,8
tinkaton,tinkaton,STANDARD,sprites-processed/front/tinkaton.png,sprites-processed/back/tinkaton.png,sprites-processed/front-shiny/tinkaton.png,sprites-processed/back-shiny/tinkaton.png,sprites-processed/icon/tinkaton.png,sprites-processed/icon-frame2/tinkaton.png,8
tinkatuff,tinkatuff,STANDARD,sprites-processed/front/tinkatuff.png,sprites-processed/back/tinkatuff.png,sprites-processed/front-shiny/tinkatuff.png,sprites-processed/back-shiny/tinkatuff.png,sprites-processed/icon/tinkatuff.png,sprites-processed/icon-frame2/tinkatuff.png,8
tirtouga,tirtouga,STANDARD,sprites-processed/front/tirtouga.png,sprites-processed/back/tirtouga.png,sprites-processed/front-shiny/tirtouga.png,sprites-processed/back-shiny/tirtouga.png,sprites-processed/icon/tirtouga.png,sprites-processed/icon-frame2/tirtouga.png,8
toedscool,toedscool,STANDARD,sprites-processed/front/toedscool.png,sprites-processed/back/toedscool.png,sprites-processed/front-shiny/toedscool.png,sprites-processed/back-shiny/toedscool.png,sprites-processed/icon/toedscool.png,sprites-processed/icon-frame2/toedscool.png,8
toedscruel,toedscruel,STANDARD,sprites-processed/front/toedscruel.png,sprites-processed/back/toedscruel.png,sprites-processed/front-shiny/toedscruel.png,sprites-processed/back-shiny/toedscruel.png,sprites-processed/icon/toedscruel.png,sprites-processed/icon-frame2/toedscruel.png,8
togedemaru,togedemaru,STANDARD,sprites-processed/front/togedemaru.png,sprites-processed/back/togedemaru.png,sprites-processed/front-shiny/togedemaru.png,sprites-processed/back-shiny/togedemaru.png,sprites-processed/icon/togedemaru.png,sprites-processed/icon-frame2/togedemaru.png,8
togekiss,togekiss,STANDARD,sprites-processed/front/togekiss.png,sprites-processed/back/togekiss.png,sprites-processed/front-shiny/togekiss.png,sprites-processed/back-shiny/togekiss.png,sprites-processed/icon/togekiss.png,sprites-processed/icon-frame2/togekiss.png,8
togepi,togepi,STANDARD,sprites-processed/front/togepi.png,sprites-processed/back/togepi.png,sprites-processed/front-shiny/togepi.png,sprites-processed/back-shiny/togepi.png,sprites-processed/icon/togepi.png,sprites-processed/icon-frame2/togepi.png,8
togetic,togetic,STANDARD,sprites-processed/front/togetic.png,sprites-processed/back/togetic.png,sprites-processed/front-shiny/togetic.png,sprites-processed/back-shiny/togetic.png,sprites-processed/icon/togetic.png,sprites-processed/icon-frame2/togetic.png,8
torchic,torchic,STANDARD,sprites-processed/front/torchic.png,sprites-processed/back/torchic.png,sprites-processed/front-shiny/torchic.png,sprites-processed/back-shiny/torchic.png,sprites-processed/icon/torchic.png,sprites-processed/icon-frame2/torchic.png,10
torkoal,torkoal,STANDARD,sprites-processed/front/torkoal.png,sprites-processed/back/torkoal.png,sprites-processed/front-shiny/torkoal.png,sprites-processed/back-shiny/torkoal.png,sprites-processed/icon/torkoal.png,sprites-processed/icon-frame2/torkoal.png,8
tornadus-incarnate,tornadus-incarnate,STANDARD,sprites-processed/front/tornadus-incarnate.png,sprites-processed/back/tornadus-incarnate.png,sprites-processed/front-shiny/tornadus-incarnate.png,sprites-processed/back-shiny/tornadus-incarnate.png,sprites-processed/icon/tornadus-incarnate.png,sprites-processed/icon-frame2/tornadus-incarnate.png,8
tornadus-therian,tornadus-therian,SPECIAL_FORM,sprites-processed/front/tornadus-therian.png,sprites-processed/back/tornadus-therian.png,sprites-processed/front-shiny/tornadus-therian.png,sprites-processed/back-shiny/tornadus-therian.png,sprites-processed/icon/tornadus-therian.png,sprites-processed/icon-frame2/tornadus-therian.png,8
torracat,torracat,STANDARD,sprites-processed/front/torracat.png,sprites-processed/back/torracat.png,sprites-processed/front-shiny/torracat.png,sprites-processed/back-shiny/torracat.png,sprites-processed/icon/torracat.png,sprites-processed/icon-frame2/torracat.png,8
torterra,torterra,STANDARD,sprites-processed/front/torterra.png,sprites-processed/back/torterra.png,sprites-processed/front-shiny/torterra.png,sprites-processed/back-shiny/torterra.png,sprites-processed/icon/torterra.png,sprites-processed/icon-frame2/torterra.png,8
totodile,totodile,STANDARD,sprites-processed/front/totodile.png,sprites-processed/back/totodile.png,sprites-processed/front-shiny/totodile.png,sprites-processed/back-shiny/totodile.png,sprites-processed/icon/totodile.png,sprites-processed/icon-frame2/totodile.png,8
toucannon,toucannon,STANDARD,sprites-processed/front/toucannon.png,sprites-processed/back/toucannon.png,sprites-processed/front-shiny/toucannon.png,sprites-processed/back-shiny/toucannon.png,sprites-processed/icon/toucannon.png,sprites-processed/icon-frame2/toucannon.png,8
toxapex,toxapex,STANDARD,sprites-processed/front/toxapex.png,sprites-processed/back/toxapex.png,sprites-processed/front-shiny/toxapex.png,sprites-processed/back-shiny/toxapex.png,sprites-processed/icon/toxapex.png,sprites-processed/icon-frame2/toxapex.png,8
toxel,toxel,STANDARD,sprites-processed/front/toxel.png,sprites-processed/back/toxel.png,sprites-processed/front-shiny/toxel.png,sprites-processed/back-shiny/toxel.png,sprites-processed/icon/toxel.png,sprites-processed/icon-frame2/toxel.png,8
toxicroak,toxicroak,STANDARD,sprites-processed/front/toxicroak.png,sprites-processed/back/toxicroak.png,sprites-processed/front-shiny/toxicroak.png,sprites-processed/back-shiny/toxicroak.png,sprites-processed/icon/toxicroak.png,sprites-processed/icon-frame2/toxicroak.png,10
toxtricity-amped,toxtricity-amped,STANDARD,sprites-processed/front/toxtricity-amped.png,sprites-processed/back/toxtricity-amped.png,sprites-processed/front-shiny/toxtricity-amped.png,sprites-processed/back-shiny/toxtricity-amped.png,sprites-processed/icon/toxtricity-amped.png,sprites-processed/icon-frame2/toxtricity-amped.png,8
toxtricity-amped-gmax,toxtricity-amped-gmax,SPECIAL_FORM,sprites-processed/front/toxtricity-amped-gmax.png,sprites-processed/back/toxtricity-amped-gmax.png,sprites-processed/front-shiny/toxtricity-amped-gmax.png,sprites-processed/back-shiny/toxtricity-amped-gmax.png,sprites-processed/icon/toxtricity-amped-gmax.png,sprites-processed/icon-frame2/toxtricity-amped-gmax.png,8
toxtricity-low-key,toxtricity-low-key,STANDARD,sprites-processed/front/toxtricity-low-key.png,sprites-processed/back/toxtricity-low-key.png,sprites-processed/front-shiny/toxtricity-low-key.png,sprites-processed/back-shiny/toxtricity-low-key.png,sprites-processed/icon/toxtricity-low-key.png,sprites-processed/icon-frame2/toxtricity-low-key.png,8
toxtricity-low-key-gmax,toxtricity-low-key-gmax,SPECIAL_FORM,sprites-processed/front/toxtricity-low-key-gmax.png,sprites-processed/back/toxtricity-low-key-gmax.png,sprites-processed/front-shiny/toxtricity-low-key-gmax.png,sprites-processed/back-shiny/toxtricity-low-key-gmax.png,sprites-processed/icon/toxtricity-low-key-gmax.png,sprites-processed/icon-frame2/toxtricity-low-key-gmax.png,8
tranquill,tranquill,STANDARD,sprites-processed/front/tranquill.png,sprites-processed/back/tranquill.png,sprites-processed/front-shiny/tranquill.png,sprites-processed/back-shiny/tranquill.png,sprites-processed/icon/tranquill.png,sprites-processed/icon-frame2/tranquill.png,8
trapinch,trapinch,STANDARD,sprites-processed/front/trapinch.png,sprites-processed/back/trapinch.png,sprites-processed/front-shiny/trapinch.png,sprites-processed/back-shiny/trapinch.png,sprites-processed/icon/trapinch.png,sprites-processed/icon-frame2/trapinch.png,8
treecko,treecko,STANDARD,sprites-processed/front/treecko.png,sprites-processed/back/treecko.png,sprites-processed/front-shiny/treecko.png,sprites-processed/back-shiny/treecko.png,sprites-processed/icon/treecko.png,sprites-processed/icon-frame2/treecko.png,8
trevenant,trevenant,STANDARD,sprites-processed/front/trevenant.png,sprites-processed/back/trevenant.png,sprites-processed/front-shiny/trevenant.png,sprites-processed/back-shiny/trevenant.png,sprites-processed/icon/trevenant.png,sprites-processed/icon-frame2/trevenant.png,8
tropius,tropius,STANDARD,sprites-processed/front/tropius.png,sprites-processed/back/tropius.png,sprites-processed/front-shiny/tropius.png,sprites-processed/back-shiny/tropius.png,sprites-processed/icon/tropius.png,sprites-processed/icon-frame2/tropius.png,8
trubbish,trubbish,STANDARD,sprites-processed/front/trubbish.png,sprites-processed/back/trubbish.png,sprites-processed/front-shiny/trubbish.png,sprites-processed/back-shiny/trubbish.png,sprites-processed/icon/trubbish.png,sprites-processed/icon-frame2/trubbish.png,8
trumbeak,trumbeak,STANDARD,sprites-processed/front/trumbeak.png,sprites-processed/back/trumbeak.png,sprites-processed/front-shiny/trumbeak.png,sprites-processed/back-shiny/trumbeak.png,sprites-processed/icon/trumbeak.png,sprites-processed/icon-frame2/trumbeak.png,8
tsareena,tsareena,STANDARD,sprites-processed/front/tsareena.png,sprites-processed/back/tsareena.png,sprites-processed/front-shiny/tsareena.png,sprites-processed/back-shiny/tsareena.png,sprites-processed/icon/tsareena.png,sprites-processed/icon-frame2/tsareena.png,8
turtonator,turtonator,STANDARD,sprites-processed/front/turtonator.png,sprites-processed/back/turtonator.png,sprites-processed/front-shiny/turtonator.png,sprites-processed/back-shiny/turtonator.png,sprites-processed/icon/turtonator.png,sprites-processed/icon-frame2/turtonator.png,8
turtwig,turtwig,STANDARD,sprites-processed/front/turtwig.png,floating-pokemon/back__turtwig.png,sprites-processed/front-shiny/turtwig.png,floating-pokemon/back-shiny__turtwig.png,sprites-processed/icon/turtwig.png,sprites-processed/icon-frame2/turtwig.png,10
tympole,tympole,STANDARD,sprites-processed/front/tympole.png,sprites-processed/back/tympole.png,sprites-processed/front-shiny/tympole.png,sprites-processed/back-shiny/tympole.png,sprites-processed/icon/tympole.png,sprites-processed/icon-frame2/tympole.png,8
tynamo,tynamo,STANDARD,sprites-processed/front/tynamo.png,sprites-processed/back/tynamo.png,sprites-processed/front-shiny/tynamo.png,sprites-processed/back-shiny/tynamo.png,sprites-processed/icon/tynamo.png,sprites-processed/icon-frame2/tynamo.png,8
type-null,type-null,STANDARD,sprites-processed/front/type-null.png,sprites-processed/back/type-null.png,sprites-processed/front-shiny/type-null.png,sprites-processed/back-shiny/type-null.png,sprites-processed/icon/type-null.png,sprites-processed/icon-frame2/type-null.png,8
typhlosion,typhlosion,STANDARD,sprites-processed/front/typhlosion.png,sprites-processed/back/typhlosion.png,sprites-processed/front-shiny/typhlosion.png,sprites-processed/back-shiny/typhlosion.png,sprites-processed/icon/typhlosion.png,sprites-processed/icon-frame2/typhlosion.png,8
typhlosion-hisui,typhlosion-hisui,SPECIAL_FORM,sprites-processed/front/typhlosion-hisui.png,sprites-processed/back/typhlosion-hisui.png,sprites-processed/front-shiny/typhlosion-hisui.png,sprites-processed/back-shiny/typhlosion-hisui.png,sprites-processed/icon/typhlosion-hisui.png,sprites-processed/icon-frame2/typhlosion-hisui.png,8
tyranitar,tyranitar,STANDARD,sprites-processed/front/tyranitar.png,sprites-processed/back/tyranitar.png,sprites-processed/front-shiny/tyranitar.png,sprites-processed/back-shiny/tyranitar.png,sprites-processed/icon/tyranitar.png,sprites-processed/icon-frame2/tyranitar.png,8
tyranitar-mega,tyranitar-mega,SPECIAL_FORM,sprites-processed/front/tyranitar-mega.png,sprites-processed/back/tyranitar-mega.png,sprites-processed/front-shiny/tyranitar-mega.png,sprites-processed/back-shiny/tyranitar-mega.png,sprites-processed/icon/tyranitar-mega.png,sprites-processed/icon-frame2/tyranitar-mega.png,8
tyrantrum,tyrantrum,STANDARD,sprites-processed/front/tyrantrum.png,sprites-processed/back/tyrantrum.png,sprites-processed/front-shiny/tyrantrum.png,sprites-processed/back-shiny/tyrantrum.png,sprites-processed/icon/tyrantrum.png,sprites-processed/icon-frame2/tyrantrum.png,8
tyrogue,tyrogue,STANDARD,sprites-processed/front/tyrogue.png,sprites-processed/back/tyrogue.png,sprites-processed/front-shiny/tyrogue.png,sprites-processed/back-shiny/tyrogue.png,sprites-processed/icon/tyrogue.png,sprites-processed/icon-frame2/tyrogue.png,8
tyrunt,tyrunt,STANDARD,sprites-processed/front/tyrunt.png,sprites-processed/back/tyrunt.png,sprites-processed/front-shiny/tyrunt.png,sprites-processed/back-shiny/tyrunt.png,sprites-processed/icon/tyrunt.png,sprites-processed/icon-frame2/tyrunt.png,8
umbreon,umbreon,STANDARD,sprites-processed/front/umbreon.png,sprites-processed/back/umbreon.png,sprites-processed/front-shiny/umbreon.png,sprites-processed/back-shiny/umbreon.png,sprites-processed/icon/umbreon.png,sprites-processed/icon-frame2/umbreon.png,8
unfezant,unfezant,STANDARD,sprites-processed/front/unfezant.png,sprites-processed/back/unfezant.png,sprites-processed/front-shiny/unfezant.png,sprites-processed/back-shiny/unfezant.png,sprites-processed/icon/unfezant.png,sprites-processed/icon-frame2/unfezant.png,12
unown-a,unown-a,STANDARD,sprites-processed/front/unown-a.png,sprites-processed/back/unown-a.png,sprites-processed/front-shiny/unown-a.png,sprites-processed/back-shiny/unown-a.png,sprites-processed/icon/unown-a.png,sprites-processed/icon-frame2/unown-a.png,8
unown-b,unown-b,STANDARD,sprites-processed/front/unown-b.png,sprites-processed/back/unown-b.png,sprites-processed/front-shiny/unown-b.png,sprites-processed/back-shiny/unown-b.png,sprites-processed/icon/unown-b.png,sprites-processed/icon-frame2/unown-b.png,8
unown-c,unown-c,STANDARD,sprites-processed/front/unown-c.png,sprites-processed/back/unown-c.png,sprites-processed/front-shiny/unown-c.png,sprites-processed/back-shiny/unown-c.png,sprites-processed/icon/unown-c.png,sprites-processed/icon-frame2/unown-c.png,8
unown-d,unown-d,STANDARD,sprites-processed/front/unown-d.png,sprites-processed/back/unown-d.png,sprites-processed/front-shiny/unown-d.png,sprites-processed/back-shiny/unown-d.png,sprites-processed/icon/unown-d.png,sprites-processed/icon-frame2/unown-d.png,8
unown-e,unown-e,STANDARD,sprites-processed/front/unown-e.png,sprites-processed/back/unown-e.png,sprites-processed/front-shiny/unown-e.png,sprites-processed/back-shiny/unown-e.png,sprites-processed/icon/unown-e.png,sprites-processed/icon-frame2/unown-e.png,8
unown-exclamation,unown-exclamation,STANDARD,sprites-processed/front/unown-exclamation.png,sprites-processed/back/unown-exclamation.png,sprites-processed/front-shiny/unown-exclamation.png,sprites-processed/back-shiny/unown-exclamation.png,sprites-processed/icon/unown-exclamation.png,sprites-processed/icon-frame2/unown-exclamation.png,8
unown-f,unown-f,STANDARD,sprites-processed/front/unown-f.png,sprites-processed/back/unown-f.png,sprites-processed/front-shiny/unown-f.png,sprites-processed/back-shiny/unown-f.png,sprites-processed/icon/unown-f.png,sprites-processed/icon-frame2/unown-f.png,8
unown-g,unown-g,STANDARD,sprites-processed/front/unown-g.png,sprites-processed/back/unown-g.png,sprites-processed/front-shiny/unown-g.png,sprites-processed/back-shiny/unown-g.png,sprites-processed/icon/unown-g.png,sprites-processed/icon-frame2/unown-g.png,8
unown-h,unown-h,STANDARD,sprites-processed/front/unown-h.png,sprites-processed/back/unown-h.png,sprites-processed/front-shiny/unown-h.png,sprites-processed/back-shiny/unown-h.png,sprites-processed/icon/unown-h.png,sprites-processed/icon-frame2/unown-h.png,8
unown-i,unown-i,STANDARD,sprites-processed/front/unown-i.png,sprites-processed/back/unown-i.png,sprites-processed/front-shiny/unown-i.png,sprites-processed/back-shiny/unown-i.png,sprites-processed/icon/unown-i.png,sprites-processed/icon-frame2/unown-i.png,8
unown-j,unown-j,STANDARD,sprites-processed/front/unown-j.png,sprites-processed/back/unown-j.png,sprites-processed/front-shiny/unown-j.png,sprites-processed/back-shiny/unown-j.png,sprites-processed/icon/unown-j.png,sprites-processed/icon-frame2/unown-j.png,8
unown-k,unown-k,STANDARD,sprites-processed/front/unown-k.png,sprites-processed/back/unown-k.png,sprites-processed/front-shiny/unown-k.png,sprites-processed/back-shiny/unown-k.png,sprites-processed/icon/unown-k.png,sprites-processed/icon-frame2/unown-k.png,8
unown-l,unown-l,STANDARD,sprites-processed/front/unown-l.png,sprites-processed/back/unown-l.png,sprites-processed/front-shiny/unown-l.png,sprites-processed/back-shiny/unown-l.png,sprites-processed/icon/unown-l.png,sprites-processed/icon-frame2/unown-l.png,8
unown-m,unown-m,STANDARD,sprites-processed/front/unown-m.png,sprites-processed/back/unown-m.png,sprites-processed/front-shiny/unown-m.png,sprites-processed/back-shiny/unown-m.png,sprites-processed/icon/unown-m.png,sprites-processed/icon-frame2/unown-m.png,8
unown-n,unown-n,STANDARD,sprites-processed/front/unown-n.png,sprites-processed/back/unown-n.png,sprites-processed/front-shiny/unown-n.png,sprites-processed/back-shiny/unown-n.png,sprites-processed/icon/unown-n.png,sprites-processed/icon-frame2/unown-n.png,8
unown-o,unown-o,STANDARD,sprites-processed/front/unown-o.png,sprites-processed/back/unown-o.png,sprites-processed/front-shiny/unown-o.png,sprites-processed/back-shiny/unown-o.png,sprites-processed/icon/unown-o.png,sprites-processed/icon-frame2/unown-o.png,8
unown-p,unown-p,STANDARD,sprites-processed/front/unown-p.png,sprites-processed/back/unown-p.png,sprites-processed/front-shiny/unown-p.png,sprites-processed/back-shiny/unown-p.png,sprites-processed/icon/unown-p.png,sprites-processed/icon-frame2/unown-p.png,8
unown-q,unown-q,STANDARD,sprites-processed/front/unown-q.png,sprites-processed/back/unown-q.png,sprites-processed/front-shiny/unown-q.png,sprites-processed/back-shiny/unown-q.png,sprites-processed/icon/unown-q.png,sprites-processed/icon-frame2/unown-q.png,8
unown-question,unown-question,STANDARD,sprites-processed/front/unown-question.png,sprites-processed/back/unown-question.png,sprites-processed/front-shiny/unown-question.png,sprites-processed/back-shiny/unown-question.png,sprites-processed/icon/unown-question.png,sprites-processed/icon-frame2/unown-question.png,8
unown-r,unown-r,STANDARD,sprites-processed/front/unown-r.png,sprites-processed/back/unown-r.png,sprites-processed/front-shiny/unown-r.png,sprites-processed/back-shiny/unown-r.png,sprites-processed/icon/unown-r.png,sprites-processed/icon-frame2/unown-r.png,8
unown-s,unown-s,STANDARD,sprites-processed/front/unown-s.png,sprites-processed/back/unown-s.png,sprites-processed/front-shiny/unown-s.png,sprites-processed/back-shiny/unown-s.png,sprites-processed/icon/unown-s.png,sprites-processed/icon-frame2/unown-s.png,8
unown-t,unown-t,STANDARD,sprites-processed/front/unown-t.png,sprites-processed/back/unown-t.png,sprites-processed/front-shiny/unown-t.png,sprites-processed/back-shiny/unown-t.png,sprites-processed/icon/unown-t.png,sprites-processed/icon-frame2/unown-t.png,8
unown-u,unown-u,STANDARD,sprites-processed/front/unown-u.png,sprites-processed/back/unown-u.png,sprites-processed/front-shiny/unown-u.png,sprites-processed/back-shiny/unown-u.png,sprites-processed/icon/unown-u.png,sprites-processed/icon-frame2/unown-u.png,8
unown-v,unown-v,STANDARD,sprites-processed/front/unown-v.png,sprites-processed/back/unown-v.png,sprites-processed/front-shiny/unown-v.png,sprites-processed/back-shiny/unown-v.png,sprites-processed/icon/unown-v.png,sprites-processed/icon-frame2/unown-v.png,8
unown-w,unown-w,STANDARD,sprites-processed/front/unown-w.png,sprites-processed/back/unown-w.png,sprites-processed/front-shiny/unown-w.png,sprites-processed/back-shiny/unown-w.png,sprites-processed/icon/unown-w.png,sprites-processed/icon-frame2/unown-w.png,8
unown-x,unown-x,STANDARD,sprites-processed/front/unown-x.png,sprites-processed/back/unown-x.png,sprites-processed/front-shiny/unown-x.png,sprites-processed/back-shiny/unown-x.png,sprites-processed/icon/unown-x.png,sprites-processed/icon-frame2/unown-x.png,8
unown-y,unown-y,STANDARD,sprites-processed/front/unown-y.png,sprites-processed/back/unown-y.png,sprites-processed/front-shiny/unown-y.png,sprites-processed/back-shiny/unown-y.png,sprites-processed/icon/unown-y.png,sprites-processed/icon-frame2/unown-y.png,8
unown-z,unown-z,STANDARD,sprites-processed/front/unown-z.png,sprites-processed/back/unown-z.png,sprites-processed/front-shiny/unown-z.png,sprites-processed/back-shiny/unown-z.png,sprites-processed/icon/unown-z.png,sprites-processed/icon-frame2/unown-z.png,8
ursaluna,ursaluna,STANDARD,sprites-processed/front/ursaluna.png,sprites-processed/back/ursaluna.png,sprites-processed/front-shiny/ursaluna.png,sprites-processed/back-shiny/ursaluna.png,sprites-processed/icon/ursaluna.png,sprites-processed/icon-frame2/ursaluna.png,8
ursaluna-bloodmoon,ursaluna-bloodmoon,STANDARD,sprites-processed/front/ursaluna-bloodmoon.png,sprites-processed/back/ursaluna-bloodmoon.png,sprites-processed/front-shiny/ursaluna-bloodmoon.png,sprites-processed/back-shiny/ursaluna-bloodmoon.png,sprites-processed/icon/ursaluna-bloodmoon.png,sprites-processed/icon-frame2/ursaluna-bloodmoon.png,8
ursaring,ursaring,STANDARD,sprites-processed/front/ursaring.png,sprites-processed/back/ursaring.png,sprites-processed/front-shiny/ursaring.png,sprites-processed/back-shiny/ursaring.png,sprites-processed/icon/ursaring.png,sprites-processed/icon-frame2/ursaring.png,10
urshifu-rapid-strike,urshifu-rapid-strike,STANDARD,sprites-processed/front/urshifu-rapid-strike.png,sprites-processed/back/urshifu-rapid-strike.png,sprites-processed/front-shiny/urshifu-rapid-strike.png,sprites-processed/back-shiny/urshifu-rapid-strike.png,sprites-processed/icon/urshifu-rapid-strike.png,sprites-processed/icon-frame2/urshifu-rapid-strike.png,8
urshifu-rapid-strike-gmax,urshifu-rapid-strike-gmax,SPECIAL_FORM,sprites-processed/front/urshifu-rapid-strike-gmax.png,sprites-processed/back/urshifu-rapid-strike-gmax.png,sprites-processed/front-shiny/urshifu-rapid-strike-gmax.png,sprites-processed/back-shiny/urshifu-rapid-strike-gmax.png,sprites-processed/icon/urshifu-rapid-strike-gmax.png,sprites-processed/icon-frame2/urshifu-rapid-strike-gmax.png,8
urshifu-single-strike,urshifu-single-strike,STANDARD,sprites-processed/front/urshifu-single-strike.png,sprites-processed/back/urshifu-single-strike.png,sprites-processed/front-shiny/urshifu-single-strike.png,sprites-processed/back-shiny/urshifu-single-strike.png,sprites-processed/icon/urshifu-single-strike.png,sprites-processed/icon-frame2/urshifu-single-strike.png,8
urshifu-single-strike-gmax,urshifu-single-strike-gmax,SPECIAL_FORM,sprites-processed/front/urshifu-single-strike-gmax.png,sprites-processed/back/urshifu-single-strike-gmax.png,sprites-processed/front-shiny/urshifu-single-strike-gmax.png,sprites-processed/back-shiny/urshifu-single-strike-gmax.png,sprites-processed/icon/urshifu-single-strike-gmax.png,sprites-processed/icon-frame2/urshifu-single-strike-gmax.png,8
uxie,uxie,STANDARD,sprites-processed/front/uxie.png,sprites-processed/back/uxie.png,sprites-processed/front-shiny/uxie.png,sprites-processed/back-shiny/uxie.png,sprites-processed/icon/uxie.png,sprites-processed/icon-frame2/uxie.png,8
vanillish,vanillish,STANDARD,sprites-processed/front/vanillish.png,sprites-processed/back/vanillish.png,sprites-processed/front-shiny/vanillish.png,sprites-processed/back-shiny/vanillish.png,sprites-processed/icon/vanillish.png,sprites-processed/icon-frame2/vanillish.png,8
vanillite,vanillite,STANDARD,sprites-processed/front/vanillite.png,sprites-processed/back/vanillite.png,sprites-processed/front-shiny/vanillite.png,sprites-processed/back-shiny/vanillite.png,sprites-processed/icon/vanillite.png,sprites-processed/icon-frame2/vanillite.png,8
vanilluxe,vanilluxe,STANDARD,sprites-processed/front/vanilluxe.png,sprites-processed/back/vanilluxe.png,sprites-processed/front-shiny/vanilluxe.png,sprites-processed/back-shiny/vanilluxe.png,sprites-processed/icon/vanilluxe.png,sprites-processed/icon-frame2/vanilluxe.png,8
vaporeon,vaporeon,STANDARD,sprites-processed/front/vaporeon.png,sprites-processed/back/vaporeon.png,sprites-processed/front-shiny/vaporeon.png,sprites-processed/back-shiny/vaporeon.png,sprites-processed/icon/vaporeon.png,sprites-processed/icon-frame2/vaporeon.png,8
varoom,varoom,STANDARD,sprites-processed/front/varoom.png,sprites-processed/back/varoom.png,sprites-processed/front-shiny/varoom.png,sprites-processed/back-shiny/varoom.png,sprites-processed/icon/varoom.png,sprites-processed/icon-frame2/varoom.png,8
veluza,veluza,STANDARD,sprites-processed/front/veluza.png,sprites-processed/back/veluza.png,sprites-processed/front-shiny/veluza.png,sprites-processed/back-shiny/veluza.png,sprites-processed/icon/veluza.png,sprites-processed/icon-frame2/veluza.png,8
venipede,venipede,STANDARD,sprites-processed/front/venipede.png,sprites-processed/back/venipede.png,sprites-processed/front-shiny/venipede.png,sprites-processed/back-shiny/venipede.png,sprites-processed/icon/venipede.png,sprites-processed/icon-frame2/venipede.png,8
venomoth,venomoth,STANDARD,sprites-processed/front/venomoth.png,sprites-processed/back/venomoth.png,sprites-processed/front-shiny/venomoth.png,sprites-processed/back-shiny/venomoth.png,sprites-processed/icon/venomoth.png,sprites-processed/icon-frame2/venomoth.png,8
venonat,venonat,STANDARD,sprites-processed/front/venonat.png,sprites-processed/back/venonat.png,sprites-processed/front-shiny/venonat.png,sprites-processed/back-shiny/venonat.png,sprites-processed/icon/venonat.png,sprites-processed/icon-frame2/venonat.png,8
venusaur,venusaur,STANDARD,sprites-processed/front/venusaur.png,sprites-processed/back/venusaur.png,sprites-processed/front-shiny/venusaur.png,sprites-processed/back-shiny/venusaur.png,sprites-processed/icon/venusaur.png,sprites-processed/icon-frame2/venusaur.png,10
venusaur-gmax,venusaur-gmax,SPECIAL_FORM,sprites-processed/front/venusaur-gmax.png,sprites-processed/back/venusaur-gmax.png,sprites-processed/front-shiny/venusaur-gmax.png,sprites-processed/back-shiny/venusaur-gmax.png,sprites-processed/icon/venusaur-gmax.png,sprites-processed/icon-frame2/venusaur-gmax.png,8
venusaur-mega,venusaur-mega,SPECIAL_FORM,sprites-processed/front/venusaur-mega.png,sprites-processed/back/venusaur-mega.png,sprites-processed/front-shiny/venusaur-mega.png,sprites-processed/back-shiny/venusaur-mega.png,sprites-processed/icon/venusaur-mega.png,sprites-processed/icon-frame2/venusaur-mega.png,8
vespiquen,vespiquen,STANDARD,sprites-processed/front/vespiquen.png,sprites-processed/back/vespiquen.png,sprites-processed/front-shiny/vespiquen.png,sprites-processed/back-shiny/vespiquen.png,sprites-processed/icon/vespiquen.png,sprites-processed/icon-frame2/vespiquen.png,8
vibrava,vibrava,STANDARD,sprites-processed/front/vibrava.png,sprites-processed/back/vibrava.png,sprites-processed/front-shiny/vibrava.png,sprites-processed/back-shiny/vibrava.png,sprites-processed/icon/vibrava.png,sprites-processed/icon-frame2/vibrava.png,8
victini,victini,STANDARD,sprites-processed/front/victini.png,sprites-processed/back/victini.png,sprites-processed/front-shiny/victini.png,sprites-processed/back-shiny/victini.png,sprites-processed/icon/victini.png,sprites-processed/icon-frame2/victini.png,8
victreebel,victreebel,STANDARD,sprites-processed/front/victreebel.png,sprites-processed/back/victreebel.png,sprites-processed/front-shiny/victreebel.png,sprites-processed/back-shiny/victreebel.png,sprites-processed/icon/victreebel.png,sprites-processed/icon-frame2/victreebel.png,8
victreebel-mega,victreebel-mega,SPECIAL_FORM,sprites-processed/front/victreebel-mega.png,sprites-processed/back/victreebel-mega.png,sprites-processed/front-shiny/victreebel-mega.png,sprites-processed/back-shiny/victreebel-mega.png,sprites-processed/icon/victreebel-mega.png,sprites-processed/icon-frame2/victreebel-mega.png,8
vigoroth,vigoroth,STANDARD,sprites-processed/front/vigoroth.png,sprites-processed/back/vigoroth.png,sprites-processed/front-shiny/vigoroth.png,sprites-processed/back-shiny/vigoroth.png,sprites-processed/icon/vigoroth.png,sprites-processed/icon-frame2/vigoroth.png,8
vikavolt,vikavolt,STANDARD,sprites-processed/front/vikavolt.png,sprites-processed/back/vikavolt.png,sprites-processed/front-shiny/vikavolt.png,sprites-processed/back-shiny/vikavolt.png,sprites-processed/icon/vikavolt.png,sprites-processed/icon-frame2/vikavolt.png,8
vileplume,vileplume,STANDARD,sprites-processed/front/vileplume.png,sprites-processed/back/vileplume.png,sprites-processed/front-shiny/vileplume.png,sprites-processed/back-shiny/vileplume.png,sprites-processed/icon/vileplume.png,sprites-processed/icon-frame2/vileplume.png,10
virizion,virizion,STANDARD,sprites-processed/front/virizion.png,sprites-processed/back/virizion.png,sprites-processed/front-shiny/virizion.png,sprites-processed/back-shiny/virizion.png,sprites-processed/icon/virizion.png,sprites-processed/icon-frame2/virizion.png,8
vivillon-archipelago,vivillon-archipelago,STANDARD,sprites-processed/front/vivillon-archipelago.png,sprites-processed/back/vivillon-archipelago.png,sprites-processed/front-shiny/vivillon-archipelago.png,sprites-processed/back-shiny/vivillon-archipelago.png,sprites-processed/icon/vivillon-archipelago.png,sprites-processed/icon-frame2/vivillon-archipelago.png,8
vivillon-continental,vivillon-continental,STANDARD,sprites-processed/front/vivillon-continental.png,sprites-processed/back/vivillon-continental.png,sprites-processed/front-shiny/vivillon-continental.png,sprites-processed/back-shiny/vivillon-continental.png,sprites-processed/icon/vivillon-continental.png,sprites-processed/icon-frame2/vivillon-continental.png,8
vivillon-elegant,vivillon-elegant,STANDARD,sprites-processed/front/vivillon-elegant.png,sprites-processed/back/vivillon-elegant.png,sprites-processed/front-shiny/vivillon-elegant.png,sprites-processed/back-shiny/vivillon-elegant.png,sprites-processed/icon/vivillon-elegant.png,sprites-processed/icon-frame2/vivillon-elegant.png,8
vivillon-fancy,vivillon-fancy,STANDARD,sprites-processed/front/vivillon-fancy.png,sprites-processed/back/vivillon-fancy.png,sprites-processed/front-shiny/vivillon-fancy.png,sprites-processed/back-shiny/vivillon-fancy.png,sprites-processed/icon/vivillon-fancy.png,sprites-processed/icon-frame2/vivillon-fancy.png,8
vivillon-garden,vivillon-garden,STANDARD,sprites-processed/front/vivillon-garden.png,sprites-processed/back/vivillon-garden.png,sprites-processed/front-shiny/vivillon-garden.png,sprites-processed/back-shiny/vivillon-garden.png,sprites-processed/icon/vivillon-garden.png,sprites-processed/icon-frame2/vivillon-garden.png,8
vivillon-high-plains,vivillon-high-plains,STANDARD,sprites-processed/front/vivillon-high-plains.png,sprites-processed/back/vivillon-high-plains.png,sprites-processed/front-shiny/vivillon-high-plains.png,sprites-processed/back-shiny/vivillon-high-plains.png,sprites-processed/icon/vivillon-high-plains.png,sprites-processed/icon-frame2/vivillon-high-plains.png,8
vivillon-icy-snow,vivillon-icy-snow,STANDARD,sprites-processed/front/vivillon-icy-snow.png,sprites-processed/back/vivillon-icy-snow.png,sprites-processed/front-shiny/vivillon-icy-snow.png,sprites-processed/back-shiny/vivillon-icy-snow.png,sprites-processed/icon/vivillon-icy-snow.png,sprites-processed/icon-frame2/vivillon-icy-snow.png,8
vivillon-jungle,vivillon-jungle,STANDARD,sprites-processed/front/vivillon-jungle.png,sprites-processed/back/vivillon-jungle.png,sprites-processed/front-shiny/vivillon-jungle.png,sprites-processed/back-shiny/vivillon-jungle.png,sprites-processed/icon/vivillon-jungle.png,sprites-processed/icon-frame2/vivillon-jungle.png,8
vivillon-marine,vivillon-marine,STANDARD,sprites-processed/front/vivillon-marine.png,sprites-processed/back/vivillon-marine.png,sprites-processed/front-shiny/vivillon-marine.png,sprites-processed/back-shiny/vivillon-marine.png,sprites-processed/icon/vivillon-marine.png,sprites-processed/icon-frame2/vivillon-marine.png,8
vivillon-meadow,vivillon-meadow,STANDARD,sprites-processed/front/vivillon-meadow.png,sprites-processed/back/vivillon-meadow.png,sprites-processed/front-shiny/vivillon-meadow.png,sprites-processed/back-shiny/vivillon-meadow.png,sprites-processed/icon/vivillon-meadow.png,sprites-processed/icon-frame2/vivillon-meadow.png,8
vivillon-modern,vivillon-modern,STANDARD,sprites-processed/front/vivillon-modern.png,sprites-processed/back/vivillon-modern.png,sprites-processed/front-shiny/vivillon-modern.png,sprites-processed/back-shiny/vivillon-modern.png,sprites-processed/icon/vivillon-modern.png,sprites-processed/icon-frame2/vivillon-modern.png,8
vivillon-monsoon,vivillon-monsoon,STANDARD,sprites-processed/front/vivillon-monsoon.png,sprites-processed/back/vivillon-monsoon.png,sprites-processed/front-shiny/vivillon-monsoon.png,sprites-processed/back-shiny/vivillon-monsoon.png,sprites-processed/icon/vivillon-monsoon.png,sprites-processed/icon-frame2/vivillon-monsoon.png,8
vivillon-ocean,vivillon-ocean,STANDARD,sprites-processed/front/vivillon-ocean.png,sprites-processed/back/vivillon-ocean.png,sprites-processed/front-shiny/vivillon-ocean.png,sprites-processed/back-shiny/vivillon-ocean.png,sprites-processed/icon/vivillon-ocean.png,sprites-processed/icon-frame2/vivillon-ocean.png,8
vivillon-poke-ball,vivillon-poke-ball,STANDARD,sprites-processed/front/vivillon-poke-ball.png,sprites-processed/back/vivillon-poke-ball.png,sprites-processed/front-shiny/vivillon-poke-ball.png,sprites-processed/back-shiny/vivillon-poke-ball.png,sprites-processed/icon/vivillon-poke-ball.png,sprites-processed/icon-frame2/vivillon-poke-ball.png,8
vivillon-polar,vivillon-polar,STANDARD,sprites-processed/front/vivillon-polar.png,sprites-processed/back/vivillon-polar.png,sprites-processed/front-shiny/vivillon-polar.png,sprites-processed/back-shiny/vivillon-polar.png,sprites-processed/icon/vivillon-polar.png,sprites-processed/icon-frame2/vivillon-polar.png,8
vivillon-river,vivillon-river,STANDARD,sprites-processed/front/vivillon-river.png,sprites-processed/back/vivillon-river.png,sprites-processed/front-shiny/vivillon-river.png,sprites-processed/back-shiny/vivillon-river.png,sprites-processed/icon/vivillon-river.png,sprites-processed/icon-frame2/vivillon-river.png,8
vivillon-sandstorm,vivillon-sandstorm,STANDARD,sprites-processed/front/vivillon-sandstorm.png,sprites-processed/back/vivillon-sandstorm.png,sprites-processed/front-shiny/vivillon-sandstorm.png,sprites-processed/back-shiny/vivillon-sandstorm.png,sprites-processed/icon/vivillon-sandstorm.png,sprites-processed/icon-frame2/vivillon-sandstorm.png,8
vivillon-savanna,vivillon-savanna,STANDARD,sprites-processed/front/vivillon-savanna.png,sprites-processed/back/vivillon-savanna.png,sprites-processed/front-shiny/vivillon-savanna.png,sprites-processed/back-shiny/vivillon-savanna.png,sprites-processed/icon/vivillon-savanna.png,sprites-processed/icon-frame2/vivillon-savanna.png,8
vivillon-sun,vivillon-sun,STANDARD,sprites-processed/front/vivillon-sun.png,sprites-processed/back/vivillon-sun.png,sprites-processed/front-shiny/vivillon-sun.png,sprites-processed/back-shiny/vivillon-sun.png,sprites-processed/icon/vivillon-sun.png,sprites-processed/icon-frame2/vivillon-sun.png,8
vivillon-tundra,vivillon-tundra,STANDARD,sprites-processed/front/vivillon-tundra.png,sprites-processed/back/vivillon-tundra.png,sprites-processed/front-shiny/vivillon-tundra.png,sprites-processed/back-shiny/vivillon-tundra.png,sprites-processed/icon/vivillon-tundra.png,sprites-processed/icon-frame2/vivillon-tundra.png,8
volbeat,volbeat,STANDARD,sprites-processed/front/volbeat.png,sprites-processed/back/volbeat.png,sprites-processed/front-shiny/volbeat.png,sprites-processed/back-shiny/volbeat.png,sprites-processed/icon/volbeat.png,sprites-processed/icon-frame2/volbeat.png,8
volcanion,volcanion,STANDARD,sprites-processed/front/volcanion.png,sprites-processed/back/volcanion.png,sprites-processed/front-shiny/volcanion.png,sprites-processed/back-shiny/volcanion.png,sprites-processed/icon/volcanion.png,sprites-processed/icon-frame2/volcanion.png,8
volcarona,volcarona,STANDARD,sprites-processed/front/volcarona.png,sprites-processed/back/volcarona.png,sprites-processed/front-shiny/volcarona.png,sprites-processed/back-shiny/volcarona.png,sprites-processed/icon/volcarona.png,sprites-processed/icon-frame2/volcarona.png,8
voltorb,voltorb,STANDARD,sprites-processed/front/voltorb.png,sprites-processed/back/voltorb.png,sprites-processed/front-shiny/voltorb.png,sprites-processed/back-shiny/voltorb.png,sprites-processed/icon/voltorb.png,sprites-processed/icon-frame2/voltorb.png,8
voltorb-hisui,voltorb-hisui,SPECIAL_FORM,sprites-processed/front/voltorb-hisui.png,sprites-processed/back/voltorb-hisui.png,sprites-processed/front-shiny/voltorb-hisui.png,sprites-processed/back-shiny/voltorb-hisui.png,sprites-processed/icon/voltorb-hisui.png,sprites-processed/icon-frame2/voltorb-hisui.png,8
vullaby,vullaby,STANDARD,sprites-processed/front/vullaby.png,sprites-processed/back/vullaby.png,sprites-processed/front-shiny/vullaby.png,sprites-processed/back-shiny/vullaby.png,sprites-processed/icon/vullaby.png,sprites-processed/icon-frame2/vullaby.png,8
vulpix,vulpix,STANDARD,sprites-processed/front/vulpix.png,sprites-processed/back/vulpix.png,sprites-processed/front-shiny/vulpix.png,sprites-processed/back-shiny/vulpix.png,sprites-processed/icon/vulpix.png,sprites-processed/icon-frame2/vulpix.png,8
vulpix-alola,vulpix-alola,SPECIAL_FORM,sprites-processed/front/vulpix-alola.png,sprites-processed/back/vulpix-alola.png,sprites-processed/front-shiny/vulpix-alola.png,sprites-processed/back-shiny/vulpix-alola.png,sprites-processed/icon/vulpix-alola.png,sprites-processed/icon-frame2/vulpix-alola.png,8
wailmer,wailmer,STANDARD,sprites-processed/front/wailmer.png,sprites-processed/back/wailmer.png,sprites-processed/front-shiny/wailmer.png,sprites-processed/back-shiny/wailmer.png,sprites-processed/icon/wailmer.png,sprites-processed/icon-frame2/wailmer.png,8
wailord,wailord,STANDARD,sprites-processed/front/wailord.png,sprites-processed/back/wailord.png,sprites-processed/front-shiny/wailord.png,sprites-processed/back-shiny/wailord.png,sprites-processed/icon/wailord.png,sprites-processed/icon-frame2/wailord.png,8
walking-wake,walking-wake,STANDARD,sprites-processed/front/walking-wake.png,sprites-processed/back/walking-wake.png,sprites-processed/front-shiny/walking-wake.png,sprites-processed/back-shiny/walking-wake.png,sprites-processed/icon/walking-wake.png,sprites-processed/icon-frame2/walking-wake.png,8
walrein,walrein,STANDARD,sprites-processed/front/walrein.png,sprites-processed/back/walrein.png,sprites-processed/front-shiny/walrein.png,sprites-processed/back-shiny/walrein.png,sprites-processed/icon/walrein.png,sprites-processed/icon-frame2/walrein.png,8
wartortle,wartortle,STANDARD,sprites-processed/front/wartortle.png,sprites-processed/back/wartortle.png,sprites-processed/front-shiny/wartortle.png,sprites-processed/back-shiny/wartortle.png,sprites-processed/icon/wartortle.png,sprites-processed/icon-frame2/wartortle.png,8
watchog,watchog,STANDARD,sprites-processed/front/watchog.png,sprites-processed/back/watchog.png,sprites-processed/front-shiny/watchog.png,sprites-processed/back-shiny/watchog.png,sprites-processed/icon/watchog.png,sprites-processed/icon-frame2/watchog.png,8
wattrel,wattrel,STANDARD,sprites-processed/front/wattrel.png,sprites-processed/back/wattrel.png,sprites-processed/front-shiny/wattrel.png,sprites-processed/back-shiny/wattrel.png,sprites-processed/icon/wattrel.png,sprites-processed/icon-frame2/wattrel.png,8
weavile,weavile,STANDARD,sprites-processed/front/weavile.png,sprites-processed/back/weavile.png,sprites-processed/front-shiny/weavile.png,sprites-processed/back-shiny/weavile.png,sprites-processed/icon/weavile.png,sprites-processed/icon-frame2/weavile.png,10
weedle,weedle,STANDARD,sprites-processed/front/weedle.png,sprites-processed/back/weedle.png,sprites-processed/front-shiny/weedle.png,sprites-processed/back-shiny/weedle.png,sprites-processed/icon/weedle.png,sprites-processed/icon-frame2/weedle.png,8
weepinbell,weepinbell,STANDARD,sprites-processed/front/weepinbell.png,sprites-processed/back/weepinbell.png,sprites-processed/front-shiny/weepinbell.png,sprites-processed/back-shiny/weepinbell.png,sprites-processed/icon/weepinbell.png,sprites-processed/icon-frame2/weepinbell.png,8
weezing,weezing,STANDARD,sprites-processed/front/weezing.png,sprites-processed/back/weezing.png,sprites-processed/front-shiny/weezing.png,sprites-processed/back-shiny/weezing.png,sprites-processed/icon/weezing.png,sprites-processed/icon-frame2/weezing.png,8
weezing-galar,weezing-galar,SPECIAL_FORM,sprites-processed/front/weezing-galar.png,sprites-processed/back/weezing-galar.png,sprites-processed/front-shiny/weezing-galar.png,sprites-processed/back-shiny/weezing-galar.png,sprites-processed/icon/weezing-galar.png,sprites-processed/icon-frame2/weezing-galar.png,8
whimsicott,whimsicott,STANDARD,sprites-processed/front/whimsicott.png,sprites-processed/back/whimsicott.png,sprites-processed/front-shiny/whimsicott.png,sprites-processed/back-shiny/whimsicott.png,sprites-processed/icon/whimsicott.png,sprites-processed/icon-frame2/whimsicott.png,8
whirlipede,whirlipede,STANDARD,sprites-processed/front/whirlipede.png,sprites-processed/back/whirlipede.png,sprites-processed/front-shiny/whirlipede.png,sprites-processed/back-shiny/whirlipede.png,sprites-processed/icon/whirlipede.png,sprites-processed/icon-frame2/whirlipede.png,8
whiscash,whiscash,STANDARD,sprites-processed/front/whiscash.png,sprites-processed/back/whiscash.png,sprites-processed/front-shiny/whiscash.png,sprites-processed/back-shiny/whiscash.png,sprites-processed/icon/whiscash.png,sprites-processed/icon-frame2/whiscash.png,8
whismur,whismur,STANDARD,sprites-processed/front/whismur.png,sprites-processed/back/whismur.png,sprites-processed/front-shiny/whismur.png,sprites-processed/back-shiny/whismur.png,sprites-processed/icon/whismur.png,sprites-processed/icon-frame2/whismur.png,8
wigglytuff,wigglytuff,STANDARD,sprites-processed/front/wigglytuff.png,sprites-processed/back/wigglytuff.png,sprites-processed/front-shiny/wigglytuff.png,sprites-processed/back-shiny/wigglytuff.png,sprites-processed/icon/wigglytuff.png,sprites-processed/icon-frame2/wigglytuff.png,8
wiglett,wiglett,STANDARD,sprites-processed/front/wiglett.png,sprites-processed/back/wiglett.png,sprites-processed/front-shiny/wiglett.png,sprites-processed/back-shiny/wiglett.png,sprites-processed/icon/wiglett.png,sprites-processed/icon-frame2/wiglett.png,8
wimpod,wimpod,STANDARD,sprites-processed/front/wimpod.png,sprites-processed/back/wimpod.png,sprites-processed/front-shiny/wimpod.png,sprites-processed/back-shiny/wimpod.png,sprites-processed/icon/wimpod.png,sprites-processed/icon-frame2/wimpod.png,8
wingull,wingull,STANDARD,sprites-processed/front/wingull.png,sprites-processed/back/wingull.png,sprites-processed/front-shiny/wingull.png,sprites-processed/back-shiny/wingull.png,sprites-processed/icon/wingull.png,sprites-processed/icon-frame2/wingull.png,8
wishiwashi-school,wishiwashi-school,STANDARD,sprites-processed/front/wishiwashi-school.png,sprites-processed/back/wishiwashi-school.png,sprites-processed/front-shiny/wishiwashi-school.png,sprites-processed/back-shiny/wishiwashi-school.png,sprites-processed/icon/wishiwashi-school.png,sprites-processed/icon-frame2/wishiwashi-school.png,8
wishiwashi-solo,wishiwashi-solo,STANDARD,sprites-processed/front/wishiwashi-solo.png,floating-pokemon/back__wishiwashi-solo.png,sprites-processed/front-shiny/wishiwashi-solo.png,floating-pokemon/back-shiny__wishiwashi-solo.png,sprites-processed/icon/wishiwashi-solo.png,sprites-processed/icon-frame2/wishiwashi-solo.png,10
wo-chien,wo-chien,STANDARD,sprites-processed/front/wo-chien.png,sprites-processed/back/wo-chien.png,sprites-processed/front-shiny/wo-chien.png,sprites-processed/back-shiny/wo-chien.png,sprites-processed/icon/wo-chien.png,sprites-processed/icon-frame2/wo-chien.png,8
wobbuffet,wobbuffet,STANDARD,sprites-processed/front/wobbuffet.png,sprites-processed/back/wobbuffet.png,sprites-processed/front-shiny/wobbuffet.png,sprites-processed/back-shiny/wobbuffet.png,sprites-processed/icon/wobbuffet.png,sprites-processed/icon-frame2/wobbuffet.png,10
woobat,woobat,STANDARD,sprites-processed/front/woobat.png,sprites-processed/back/woobat.png,sprites-processed/front-shiny/woobat.png,sprites-processed/back-shiny/woobat.png,sprites-processed/icon/woobat.png,sprites-processed/icon-frame2/woobat.png,8
wooloo,wooloo,STANDARD,sprites-processed/front/wooloo.png,sprites-processed/back/wooloo.png,sprites-processed/front-shiny/wooloo.png,floating-pokemon/back-shiny__wooloo.png,sprites-processed/icon/wooloo.png,sprites-processed/icon-frame2/wooloo.png,9
wooper,wooper,STANDARD,sprites-processed/front/wooper.png,sprites-processed/back/wooper.png,sprites-processed/front-shiny/wooper.png,sprites-processed/back-shiny/wooper.png,sprites-processed/icon/wooper.png,sprites-processed/icon-frame2/wooper.png,10
wooper-paldea,wooper-paldea,SPECIAL_FORM,sprites-processed/front/wooper-paldea.png,sprites-processed/back/wooper-paldea.png,sprites-processed/front-shiny/wooper-paldea.png,sprites-processed/back-shiny/wooper-paldea.png,sprites-processed/icon/wooper-paldea.png,sprites-processed/icon-frame2/wooper-paldea.png,8
wormadam-plant,wormadam-plant,STANDARD,sprites-processed/front/wormadam-plant.png,sprites-processed/back/wormadam-plant.png,sprites-processed/front-shiny/wormadam-plant.png,sprites-processed/back-shiny/wormadam-plant.png,sprites-processed/icon/wormadam-plant.png,sprites-processed/icon-frame2/wormadam-plant.png,8
wormadam-sandy,wormadam-sandy,STANDARD,sprites-processed/front/wormadam-sandy.png,sprites-processed/back/wormadam-sandy.png,sprites-processed/front-shiny/wormadam-sandy.png,sprites-processed/back-shiny/wormadam-sandy.png,sprites-processed/icon/wormadam-sandy.png,sprites-processed/icon-frame2/wormadam-sandy.png,8
wormadam-trash,wormadam-trash,STANDARD,sprites-processed/front/wormadam-trash.png,sprites-processed/back/wormadam-trash.png,sprites-processed/front-shiny/wormadam-trash.png,sprites-processed/back-shiny/wormadam-trash.png,sprites-processed/icon/wormadam-trash.png,sprites-processed/icon-frame2/wormadam-trash.png,8
wugtrio,wugtrio,STANDARD,sprites-processed/front/wugtrio.png,sprites-processed/back/wugtrio.png,sprites-processed/front-shiny/wugtrio.png,sprites-processed/back-shiny/wugtrio.png,sprites-processed/icon/wugtrio.png,sprites-processed/icon-frame2/wugtrio.png,8
wurmple,wurmple,STANDARD,sprites-processed/front/wurmple.png,sprites-processed/back/wurmple.png,sprites-processed/front-shiny/wurmple.png,sprites-processed/back-shiny/wurmple.png,sprites-processed/icon/wurmple.png,sprites-processed/icon-frame2/wurmple.png,8
wynaut,wynaut,STANDARD,sprites-processed/front/wynaut.png,sprites-processed/back/wynaut.png,sprites-processed/front-shiny/wynaut.png,sprites-processed/back-shiny/wynaut.png,sprites-processed/icon/wynaut.png,sprites-processed/icon-frame2/wynaut.png,8
wyrdeer,wyrdeer,STANDARD,sprites-processed/front/wyrdeer.png,sprites-processed/back/wyrdeer.png,sprites-processed/front-shiny/wyrdeer.png,sprites-processed/back-shiny/wyrdeer.png,sprites-processed/icon/wyrdeer.png,sprites-processed/icon-frame2/wyrdeer.png,8
xatu,xatu,STANDARD,sprites-processed/front/xatu.png,sprites-processed/back/xatu.png,sprites-processed/front-shiny/xatu.png,sprites-processed/back-shiny/xatu.png,sprites-processed/icon/xatu.png,sprites-processed/icon-frame2/xatu.png,10
xerneas-active,xerneas-active,STANDARD,sprites-processed/front/xerneas-active.png,sprites-processed/back/xerneas-active.png,sprites-processed/front-shiny/xerneas-active.png,sprites-processed/back-shiny/xerneas-active.png,sprites-processed/icon/xerneas-active.png,sprites-processed/icon-frame2/xerneas-active.png,8
xerneas-neutral,xerneas-neutral,STANDARD,sprites-processed/front/xerneas-neutral.png,sprites-processed/back/xerneas-neutral.png,sprites-processed/front-shiny/xerneas-neutral.png,sprites-processed/back-shiny/xerneas-neutral.png,sprites-processed/icon/xerneas-neutral.png,sprites-processed/icon-frame2/xerneas-neutral.png,8
xurkitree,xurkitree,STANDARD,sprites-processed/front/xurkitree.png,sprites-processed/back/xurkitree.png,sprites-processed/front-shiny/xurkitree.png,sprites-processed/back-shiny/xurkitree.png,sprites-processed/icon/xurkitree.png,sprites-processed/icon-frame2/xurkitree.png,8
yamask,yamask,STANDARD,sprites-processed/front/yamask.png,sprites-processed/back/yamask.png,sprites-processed/front-shiny/yamask.png,sprites-processed/back-shiny/yamask.png,sprites-processed/icon/yamask.png,sprites-processed/icon-frame2/yamask.png,8
yamask-galar,yamask-galar,SPECIAL_FORM,sprites-processed/front/yamask-galar.png,sprites-processed/back/yamask-galar.png,sprites-processed/front-shiny/yamask-galar.png,sprites-processed/back-shiny/yamask-galar.png,sprites-processed/icon/yamask-galar.png,sprites-processed/icon-frame2/yamask-galar.png,8
yamper,yamper,STANDARD,sprites-processed/front/yamper.png,sprites-processed/back/yamper.png,sprites-processed/front-shiny/yamper.png,sprites-processed/back-shiny/yamper.png,sprites-processed/icon/yamper.png,sprites-processed/icon-frame2/yamper.png,8
yanma,yanma,STANDARD,sprites-processed/front/yanma.png,sprites-processed/back/yanma.png,sprites-processed/front-shiny/yanma.png,sprites-processed/back-shiny/yanma.png,sprites-processed/icon/yanma.png,sprites-processed/icon-frame2/yanma.png,8
yanmega,yanmega,SPECIAL_FORM,sprites-processed/front/yanmega.png,sprites-processed/back/yanmega.png,sprites-processed/front-shiny/yanmega.png,sprites-processed/back-shiny/yanmega.png,sprites-processed/icon/yanmega.png,sprites-processed/icon-frame2/yanmega.png,8
yungoos,yungoos,STANDARD,sprites-processed/front/yungoos.png,sprites-processed/back/yungoos.png,sprites-processed/front-shiny/yungoos.png,sprites-processed/back-shiny/yungoos.png,sprites-processed/icon/yungoos.png,sprites-processed/icon-frame2/yungoos.png,8
yveltal,yveltal,STANDARD,sprites-processed/front/yveltal.png,sprites-processed/back/yveltal.png,sprites-processed/front-shiny/yveltal.png,sprites-processed/back-shiny/yveltal.png,sprites-processed/icon/yveltal.png,sprites-processed/icon-frame2/yveltal.png,8
zacian,zacian,STANDARD,sprites-processed/front/zacian.png,sprites-processed/back/zacian.png,sprites-processed/front-shiny/zacian.png,sprites-processed/back-shiny/zacian.png,sprites-processed/icon/zacian.png,sprites-processed/icon-frame2/zacian.png,8
zacian-crowned,zacian-crowned,STANDARD,sprites-processed/front/zacian-crowned.png,sprites-processed/back/zacian-crowned.png,sprites-processed/front-shiny/zacian-crowned.png,sprites-processed/back-shiny/zacian-crowned.png,sprites-processed/icon/zacian-crowned.png,sprites-processed/icon-frame2/zacian-crowned.png,8
zamazenta,zamazenta,STANDARD,sprites-processed/front/zamazenta.png,sprites-processed/back/zamazenta.png,sprites-processed/front-shiny/zamazenta.png,sprites-processed/back-shiny/zamazenta.png,sprites-processed/icon/zamazenta.png,sprites-processed/icon-frame2/zamazenta.png,8
zamazenta-crowned,zamazenta-crowned,STANDARD,sprites-processed/front/zamazenta-crowned.png,sprites-processed/back/zamazenta-crowned.png,sprites-processed/front-shiny/zamazenta-crowned.png,sprites-processed/back-shiny/zamazenta-crowned.png,sprites-processed/icon/zamazenta-crowned.png,sprites-processed/icon-frame2/zamazenta-crowned.png,8
zangoose,zangoose,STANDARD,sprites-processed/front/zangoose.png,sprites-processed/back/zangoose.png,sprites-processed/front-shiny/zangoose.png,sprites-processed/back-shiny/zangoose.png,sprites-processed/icon/zangoose.png,sprites-processed/icon-frame2/zangoose.png,8
zapdos,zapdos,STANDARD,sprites-processed/front/zapdos.png,floating-pokemon/back__zapdos.png,sprites-processed/front-shiny/zapdos.png,floating-pokemon/back-shiny__zapdos.png,sprites-processed/icon/zapdos.png,sprites-processed/icon-frame2/zapdos.png,10
zapdos-galar,zapdos-galar,SPECIAL_FORM,sprites-processed/front/zapdos-galar.png,sprites-processed/back/zapdos-galar.png,sprites-processed/front-shiny/zapdos-galar.png,floating-pokemon/back-shiny__zapdos-galar.png,sprites-processed/icon/zapdos-galar.png,sprites-processed/icon-frame2/zapdos-galar.png,9
zarude,zarude,STANDARD,sprites-processed/front/zarude.png,sprites-processed/back/zarude.png,sprites-processed/front-shiny/zarude.png,sprites-processed/back-shiny/zarude.png,sprites-processed/icon/zarude.png,sprites-processed/icon-frame2/zarude.png,8
zarude-dada,zarude-dada,STANDARD,sprites-processed/front/zarude-dada.png,sprites-processed/back/zarude-dada.png,sprites-processed/front-shiny/zarude-dada.png,sprites-processed/back-shiny/zarude-dada.png,sprites-processed/icon/zarude-dada.png,sprites-processed/icon-frame2/zarude-dada.png,8
zebstrika,zebstrika,STANDARD,sprites-processed/front/zebstrika.png,sprites-processed/back/zebstrika.png,sprites-processed/front-shiny/zebstrika.png,sprites-processed/back-shiny/zebstrika.png,sprites-processed/icon/zebstrika.png,sprites-processed/icon-frame2/zebstrika.png,8
zekrom,zekrom,STANDARD,sprites-processed/front/zekrom.png,sprites-processed/back/zekrom.png,sprites-processed/front-shiny/zekrom.png,sprites-processed/back-shiny/zekrom.png,sprites-processed/icon/zekrom.png,sprites-processed/icon-frame2/zekrom.png,8
zeraora,zeraora,STANDARD,sprites-processed/front/zeraora.png,sprites-processed/back/zeraora.png,sprites-processed/front-shiny/zeraora.png,sprites-processed/back-shiny/zeraora.png,sprites-processed/icon/zeraora.png,sprites-processed/icon-frame2/zeraora.png,8
zeraora-mega,zeraora-mega,SPECIAL_FORM,sprites-processed/front/zeraora-mega.png,sprites-processed/back/zeraora-mega.png,sprites-processed/front-shiny/zeraora-mega.png,sprites-processed/back-shiny/zeraora-mega.png,sprites-processed/icon/zeraora-mega.png,sprites-processed/icon-frame2/zeraora-mega.png,8
zigzagoon,zigzagoon,STANDARD,sprites-processed/front/zigzagoon.png,sprites-processed/back/zigzagoon.png,sprites-processed/front-shiny/zigzagoon.png,sprites-processed/back-shiny/zigzagoon.png,sprites-processed/icon/zigzagoon.png,sprites-processed/icon-frame2/zigzagoon.png,8
zigzagoon-galar,zigzagoon-galar,SPECIAL_FORM,sprites-processed/front/zigzagoon-galar.png,sprites-processed/back/zigzagoon-galar.png,sprites-processed/front-shiny/zigzagoon-galar.png,sprites-processed/back-shiny/zigzagoon-galar.png,sprites-processed/icon/zigzagoon-galar.png,sprites-processed/icon-frame2/zigzagoon-galar.png,8
zoroark,zoroark,STANDARD,sprites-processed/front/zoroark.png,floating-pokemon/back__zoroark.png,sprites-processed/front-shiny/zoroark.png,floating-pokemon/back-shiny__zoroark.png,sprites-processed/icon/zoroark.png,sprites-processed/icon-frame2/zoroark.png,10
zoroark-hisui,zoroark-hisui,SPECIAL_FORM,sprites-processed/front/zoroark-hisui.png,sprites-processed/back/zoroark-hisui.png,sprites-processed/front-shiny/zoroark-hisui.png,sprites-processed/back-shiny/zoroark-hisui.png,sprites-processed/icon/zoroark-hisui.png,sprites-processed/icon-frame2/zoroark-hisui.png,8
zorua,zorua,STANDARD,sprites-processed/front/zorua.png,sprites-processed/back/zorua.png,sprites-processed/front-shiny/zorua.png,sprites-processed/back-shiny/zorua.png,sprites-processed/icon/zorua.png,sprites-processed/icon-frame2/zorua.png,8
zorua-hisui,zorua-hisui,SPECIAL_FORM,sprites-processed/front/zorua-hisui.png,sprites-processed/back/zorua-hisui.png,sprites-processed/front-shiny/zorua-hisui.png,sprites-processed/back-shiny/zorua-hisui.png,sprites-processed/icon/zorua-hisui.png,sprites-processed/icon-frame2/zorua-hisui.png,8
zubat,zubat,STANDARD,sprites-processed/front/zubat.png,sprites-processed/back/zubat.png,sprites-processed/front-shiny/zubat.png,sprites-processed/back-shiny/zubat.png,sprites-processed/icon/zubat.png,sprites-processed/icon-frame2/zubat.png,10
zweilous,zweilous,STANDARD,sprites-processed/front/zweilous.png,sprites-processed/back/zweilous.png,sprites-processed/front-shiny/zweilous.png,sprites-processed/back-shiny/zweilous.png,sprites-processed/icon/zweilous.png,sprites-processed/icon-frame2/zweilous.png,8
zygarde-10,zygarde-10,STANDARD,sprites-processed/front/zygarde-10.png,sprites-processed/back/zygarde-10.png,sprites-processed/front-shiny/zygarde-10.png,sprites-processed/back-shiny/zygarde-10.png,sprites-processed/icon/zygarde-10.png,sprites-processed/icon-frame2/zygarde-10.png,8
zygarde-10-power-construct,zygarde-10-power-construct,STANDARD,sprites-processed/front/zygarde-10-power-construct.png,sprites-processed/back/zygarde-10-power-construct.png,sprites-processed/front-shiny/zygarde-10-power-construct.png,sprites-processed/back-shiny/zygarde-10-power-construct.png,sprites-processed/icon/zygarde-10-power-construct.png,sprites-processed/icon-frame2/zygarde-10-power-construct.png,8
zygarde-50,zygarde-50,STANDARD,sprites-processed/front/zygarde-50.png,sprites-processed/back/zygarde-50.png,sprites-processed/front-shiny/zygarde-50.png,sprites-processed/back-shiny/zygarde-50.png,sprites-processed/icon/zygarde-50.png,sprites-processed/icon-frame2/zygarde-50.png,8
zygarde-50-power-construct,zygarde-50-power-construct,STANDARD,sprites-processed/front/zygarde-50-power-construct.png,sprites-processed/back/zygarde-50-power-construct.png,sprites-processed/front-shiny/zygarde-50-power-construct.png,sprites-processed/back-shiny/zygarde-50-power-construct.png,sprites-processed/icon/zygarde-50-power-construct.png,sprites-processed/icon-frame2/zygarde-50-power-construct.png,8
zygarde-complete,zygarde-complete,STANDARD,sprites-processed/front/zygarde-complete.png,sprites-processed/back/zygarde-complete.png,sprites-processed/front-shiny/zygarde-complete.png,sprites-processed/back-shiny/zygarde-complete.png,sprites-processed/icon/zygarde-complete.png,sprites-processed/icon-frame2/zygarde-complete.png,8
zygarde-mega,zygarde-mega,SPECIAL_FORM,sprites-processed/front/zygarde-mega.png,floating-pokemon/back__zygarde-mega.png,sprites-processed/front-shiny/zygarde-mega.png,sprites-processed/back-shiny/zygarde-mega.png,sprites-processed/icon/zygarde-mega.png,sprites-processed/icon-frame2/zygarde-mega.png,9
