key,category,complete_4way,redux_named,mega_named,has_front,has_back,has_front_shiny,has_back_shiny,staged_dir
ABOMASNOW,DS_TECH_READY_SOURCE,True,False,False,True,True,True,True,DS_CUSTOM_LIBRARY/converted/Elite_Redux_Bulk/abomasnow
ABOMASNOW_MEGA,DS_TECH_READY_SOURCE,True,False,True,True,True,True,True,DS_CUSTOM_LIBRARY/converted/Elite_Redux_Bulk/abomasnow_mega
ABOMASNOW_SANTA,DS_TECH_READY_SOURCE,True,False,False,True,True,True,True,DS_CUSTOM_LIBRARY/converted/Elite_Redux_Bulk/abomasnow_santa
ABRA,DS_TECH_READY_SOURCE,True,False,False,True,True,True,True,DS_CUSTOM_LIBRARY/converted/Elite_Redux_Bulk/abra
ABRA_REDUX,DS_TECH_READY_SOURCE,True,True,False,True,True,True,True,DS_CUSTOM_LIBRARY/converted/Elite_Redux_Bulk/abra_redux
ABSOL,DS_TECH_READY_SOURCE,True,False,False,True,True,True,True,DS_CUSTOM_LIBRARY/converted/Elite_Redux_Bulk/absol
ABSOL_MEGA,DS_TECH_READY_SOURCE,True,False,True,True,True,True,True,DS_CUSTOM_LIBRARY/converted/Elite_Redux_Bulk/absol_mega
ABSOL_MEGA_Z,DS_TECH_READY_SOURCE,True,False,True,True,True,True,True,DS_CUSTOM_LIBRARY/converted/Elite_Redux_Bulk/absol_mega_z
ABYSSAND,DS_TECH_READY_SOURCE,True,False,False,True,True,True,True,DS_CUSTOM_LIBRARY/converted/Elite_Redux_Bulk/abyssand
ACCELGOR,DS_TECH_READY_SOURCE,True,False,False,True,True,True,True,DS_CUSTOM_LIBRARY/converted/Elite_Redux_Bulk/accelgor
AEGISLASH,DS_TECH_READY_SOURCE,True,False,False,True,True,True,True,DS_CUSTOM_LIBRARY/converted/Elite_Redux_Bulk/aegislash
AEGISLASH_BLADE,DS_TECH_READY_SOURCE,True,False,False,True,True,True,True,DS_CUSTOM_LIBRARY/converted/Elite_Redux_Bulk/aegislash_blade
AEGISLASH_BLADE_REDUX,DS_TECH_READY_SOURCE,True,True,False,True,True,True,True,DS_CUSTOM_LIBRARY/converted/Elite_Redux_Bulk/aegislash_blade_redux
AEGISLASH_BLADE_REDUX_MEGA,DS_TECH_READY_SOURCE,True,True,True,True,True,True,True,DS_CUSTOM_LIBRARY/converted/Elite_Redux_Bulk/aegislash_blade_redux_mega
AEGISLASH_REDUX,DS_TECH_READY_SOURCE,True,True,False,True,True,True,True,DS_CUSTOM_LIBRARY/converted/Elite_Redux_Bulk/aegislash_redux
AEGISLASH_REDUX_MEGA,DS_TECH_READY_SOURCE,True,True,True,True,True,True,True,DS_CUSTOM_LIBRARY/converted/Elite_Redux_Bulk/aegislash_redux_mega
AERODACTYL,DS_TECH_READY_SOURCE,True,False,False,True,True,True,True,DS_CUSTOM_LIBRARY/converted/Elite_Redux_Bulk/aerodactyl
AERODACTYL_MEGA,DS_TECH_READY_SOURCE,True,False,True,True,True,True,True,DS_CUSTOM_LIBRARY/converted/Elite_Redux_Bulk/aerodactyl_mega
AGGRON,DS_TECH_READY_SOURCE,True,False,False,True,True,True,True,DS_CUSTOM_LIBRARY/converted/Elite_Redux_Bulk/aggron
AGGRON_MEGA,DS_TECH_READY_SOURCE,True,False,True,True,True,True,True,DS_CUSTOM_LIBRARY/converted/Elite_Redux_Bulk/aggron_mega
AGGRON_REDUX,DS_TECH_READY_SOURCE,True,True,False,True,True,True,True,DS_CUSTOM_LIBRARY/converted/Elite_Redux_Bulk/aggron_redux
AGGRON_REDUX_MEGA,DS_TECH_READY_SOURCE,True,True,True,True,True,True,True,DS_CUSTOM_LIBRARY/converted/Elite_Redux_Bulk/aggron_redux_mega
AIPOM,DS_TECH_READY_SOURCE,True,False,False,True,True,True,True,DS_CUSTOM_LIBRARY/converted/Elite_Redux_Bulk/aipom
ALAKAZAM,DS_TECH_READY_SOURCE,True,False,False,True,True,True,True,DS_CUSTOM_LIBRARY/converted/Elite_Redux_Bulk/alakazam
ALAKAZAM_MEGA,DS_TECH_READY_SOURCE,True,False,True,True,True,True,True,DS_CUSTOM_LIBRARY/converted/Elite_Redux_Bulk/alakazam_mega
ALAKAZAM_MEGA_REDUX,DS_TECH_READY_SOURCE,True,True,True,True,True,True,True,DS_CUSTOM_LIBRARY/converted/Elite_Redux_Bulk/alakazam_mega_redux
ALAKAZAM_REDUX,DS_TECH_READY_SOURCE,True,True,False,True,True,True,True,DS_CUSTOM_LIBRARY/converted/Elite_Redux_Bulk/alakazam_redux
ALCREMIE,DS_TECH_READY_SOURCE,True,False,False,True,True,True,True,DS_CUSTOM_LIBRARY/converted/Elite_Redux_Bulk/alcremie
ALCREMIE_CARAMEL_SWIRL,DS_TECH_READY_SOURCE,True,False,False,True,True,True,True,DS_CUSTOM_LIBRARY/converted/Elite_Redux_Bulk/alcremie_caramel_swirl
ALCREMIE_LEMON_CREAM,DS_TECH_READY_SOURCE,True,False,False,True,True,True,True,DS_CUSTOM_LIBRARY/converted/Elite_Redux_Bulk/alcremie_lemon_cream
ALCREMIE_MATCHA_CREAM,DS_TECH_READY_SOURCE,True,False,False,True,True,True,True,DS_CUSTOM_LIBRARY/converted/Elite_Redux_Bulk/alcremie_matcha_cream
ALCREMIE_MEGA,DS_TECH_READY_SOURCE,True,False,True,True,True,True,True,DS_CUSTOM_LIBRARY/converted/Elite_Redux_Bulk/alcremie_mega
ALCREMIE_MINT_CREAM,DS_TECH_READY_SOURCE,True,False,False,True,True,True,True,DS_CUSTOM_LIBRARY/converted/Elite_Redux_Bulk/alcremie_mint_cream
ALCREMIE_RAINBOW_SWIRL,DS_TECH_READY_SOURCE,True,False,False,True,True,True,True,DS_CUSTOM_LIBRARY/converted/Elite_Redux_Bulk/alcremie_rainbow_swirl
ALCREMIE_RUBY_CREAM,DS_TECH_READY_SOURCE,True,False,False,True,True,True,True,DS_CUSTOM_LIBRARY/converted/Elite_Redux_Bulk/alcremie_ruby_cream
ALCREMIE_RUBY_SWIRL,DS_TECH_READY_SOURCE,True,False,False,True,True,True,True,DS_CUSTOM_LIBRARY/converted/Elite_Redux_Bulk/alcremie_ruby_swirl
ALCREMIE_SALTED_CREAM,DS_TECH_READY_SOURCE,True,False,False,True,True,True,True,DS_CUSTOM_LIBRARY/converted/Elite_Redux_Bulk/alcremie_salted_cream
ALOMOMOLA,DS_TECH_READY_SOURCE,True,False,False,True,True,True,True,DS_CUSTOM_LIBRARY/converted/Elite_Redux_Bulk/alomomola
ALTARIA,DS_TECH_READY_SOURCE,True,False,False,True,True,True,True,DS_CUSTOM_LIBRARY/converted/Elite_Redux_Bulk/altaria
ALTARIA_MEGA,DS_TECH_READY_SOURCE,True,False,True,True,True,True,True,DS_CUSTOM_LIBRARY/converted/Elite_Redux_Bulk/altaria_mega
ALTARIA_REDUX,DS_TECH_READY_SOURCE,True,True,False,True,True,True,True,DS_CUSTOM_LIBRARY/converted/Elite_Redux_Bulk/altaria_redux
ALTARIA_REDUX_MEGA,DS_TECH_READY_SOURCE,True,True,True,True,True,True,True,DS_CUSTOM_LIBRARY/converted/Elite_Redux_Bulk/altaria_redux_mega
AMAURA,DS_TECH_READY_SOURCE,True,False,False,True,True,True,True,DS_CUSTOM_LIBRARY/converted/Elite_Redux_Bulk/amaura
AMBIPOM,DS_TECH_READY_SOURCE,True,False,False,True,True,True,True,DS_CUSTOM_LIBRARY/converted/Elite_Redux_Bulk/ambipom
AMOONGUSS,DS_TECH_READY_SOURCE,True,False,False,True,True,True,True,DS_CUSTOM_LIBRARY/converted/Elite_Redux_Bulk/amoonguss
AMPHAROS,DS_TECH_READY_SOURCE,True,False,False,True,True,True,True,DS_CUSTOM_LIBRARY/converted/Elite_Redux_Bulk/ampharos
AMPHAROS_MEGA,DS_TECH_READY_SOURCE,True,False,True,True,True,True,True,DS_CUSTOM_LIBRARY/converted/Elite_Redux_Bulk/ampharos_mega
AMPHYBUZZ,DS_TECH_READY_SOURCE,True,False,False,True,True,True,True,DS_CUSTOM_LIBRARY/converted/Elite_Redux_Bulk/amphybuzz
AMPHYBUZZ_MEGA,DS_TECH_READY_SOURCE,True,False,True,True,True,True,True,DS_CUSTOM_LIBRARY/converted/Elite_Redux_Bulk/amphybuzz_mega
ANNIHILAPE,DS_TECH_READY_SOURCE,True,False,False,True,True,True,True,DS_CUSTOM_LIBRARY/converted/Elite_Redux_Bulk/annihilape
ANORITH,DS_TECH_READY_SOURCE,True,False,False,True,True,True,True,DS_CUSTOM_LIBRARY/converted/Elite_Redux_Bulk/anorith
APPLETUN,DS_TECH_READY_SOURCE,True,False,False,True,True,True,True,DS_CUSTOM_LIBRARY/converted/Elite_Redux_Bulk/appletun
APPLIN,DS_TECH_READY_SOURCE,True,False,False,True,True,True,True,DS_CUSTOM_LIBRARY/converted/Elite_Redux_Bulk/applin
ARACHTRES,DS_TECH_READY_SOURCE,True,False,False,True,True,True,True,DS_CUSTOM_LIBRARY/converted/Elite_Redux_Bulk/arachtres
ARAQUANID,DS_TECH_READY_SOURCE,True,False,False,True,True,True,True,DS_CUSTOM_LIBRARY/converted/Elite_Redux_Bulk/araquanid
ARAQUANID_REDUX,DS_TECH_READY_SOURCE,True,True,False,True,True,True,True,DS_CUSTOM_LIBRARY/converted/Elite_Redux_Bulk/araquanid_redux
ARASHINNE,DS_TECH_READY_SOURCE,True,False,False,True,True,True,True,DS_CUSTOM_LIBRARY/converted/Elite_Redux_Bulk/arashinne
ARBOK,DS_TECH_READY_SOURCE,True,False,False,True,True,True,True,DS_CUSTOM_LIBRARY/converted/Elite_Redux_Bulk/arbok
ARBOK_MEGA,DS_TECH_READY_SOURCE,True,False,True,True,True,True,True,DS_CUSTOM_LIBRARY/converted/Elite_Redux_Bulk/arbok_mega
ARBOLIVA,DS_TECH_READY_SOURCE,True,False,False,True,True,True,True,DS_CUSTOM_LIBRARY/converted/Elite_Redux_Bulk/arboliva
ARCANINE,DS_TECH_READY_SOURCE,True,False,False,True,True,True,True,DS_CUSTOM_LIBRARY/converted/Elite_Redux_Bulk/arcanine
ARCANINE_HISUIAN,DS_TECH_READY_SOURCE,True,False,False,True,True,True,True,DS_CUSTOM_LIBRARY/converted/Elite_Redux_Bulk/arcanine_hisuian
ARCANINE_HISUIAN_MEGA,DS_TECH_READY_SOURCE,True,False,True,True,True,True,True,DS_CUSTOM_LIBRARY/converted/Elite_Redux_Bulk/arcanine_hisuian_mega
ARCANINE_MEGA,DS_TECH_READY_SOURCE,True,False,True,True,True,True,True,DS_CUSTOM_LIBRARY/converted/Elite_Redux_Bulk/arcanine_mega
ARCANINE_MEGA_REDUX,DS_TECH_READY_SOURCE,True,True,True,True,True,True,True,DS_CUSTOM_LIBRARY/converted/Elite_Redux_Bulk/arcanine_mega_redux
ARCANINE_REDUX,DS_TECH_READY_SOURCE,True,True,False,True,True,True,True,DS_CUSTOM_LIBRARY/converted/Elite_Redux_Bulk/arcanine_redux
ARCEUS,DS_TECH_READY_SOURCE,True,False,False,True,True,True,True,DS_CUSTOM_LIBRARY/converted/Elite_Redux_Bulk/arceus
ARCEUS_BUG,DS_TECH_READY_SOURCE,True,False,False,True,True,True,True,DS_CUSTOM_LIBRARY/converted/Elite_Redux_Bulk/arceus_bug
ARCEUS_DARK,DS_TECH_READY_SOURCE,True,False,False,True,True,True,True,DS_CUSTOM_LIBRARY/converted/Elite_Redux_Bulk/arceus_dark
ARCEUS_DRAGON,DS_TECH_READY_SOURCE,True,False,False,True,True,True,True,DS_CUSTOM_LIBRARY/converted/Elite_Redux_Bulk/arceus_dragon
ARCEUS_ELECTRIC,DS_TECH_READY_SOURCE,True,False,False,True,True,True,True,DS_CUSTOM_LIBRARY/converted/Elite_Redux_Bulk/arceus_electric
ARCEUS_FAIRY,DS_TECH_READY_SOURCE,True,False,False,True,True,True,True,DS_CUSTOM_LIBRARY/converted/Elite_Redux_Bulk/arceus_fairy
ARCEUS_FIGHTING,DS_TECH_READY_SOURCE,True,False,False,True,True,True,True,DS_CUSTOM_LIBRARY/converted/Elite_Redux_Bulk/arceus_fighting
ARCEUS_FIRE,DS_TECH_READY_SOURCE,True,False,False,True,True,True,True,DS_CUSTOM_LIBRARY/converted/Elite_Redux_Bulk/arceus_fire
ARCEUS_FLYING,DS_TECH_READY_SOURCE,True,False,False,True,True,True,True,DS_CUSTOM_LIBRARY/converted/Elite_Redux_Bulk/arceus_flying
ARCEUS_GHOST,DS_TECH_READY_SOURCE,True,False,False,True,True,True,True,DS_CUSTOM_LIBRARY/converted/Elite_Redux_Bulk/arceus_ghost
ARCEUS_GRASS,DS_TECH_READY_SOURCE,True,False,False,True,True,True,True,DS_CUSTOM_LIBRARY/converted/Elite_Redux_Bulk/arceus_grass
ARCEUS_GROUND,DS_TECH_READY_SOURCE,True,False,False,True,True,True,True,DS_CUSTOM_LIBRARY/converted/Elite_Redux_Bulk/arceus_ground
ARCEUS_ICE,DS_TECH_READY_SOURCE,True,False,False,True,True,True,True,DS_CUSTOM_LIBRARY/converted/Elite_Redux_Bulk/arceus_ice
ARCEUS_POISON,DS_TECH_READY_SOURCE,True,False,False,True,True,True,True,DS_CUSTOM_LIBRARY/converted/Elite_Redux_Bulk/arceus_poison
ARCEUS_PSYCHIC,DS_TECH_READY_SOURCE,True,False,False,True,True,True,True,DS_CUSTOM_LIBRARY/converted/Elite_Redux_Bulk/arceus_psychic
ARCEUS_ROCK,DS_TECH_READY_SOURCE,True,False,False,True,True,True,True,DS_CUSTOM_LIBRARY/converted/Elite_Redux_Bulk/arceus_rock
ARCEUS_STEEL,DS_TECH_READY_SOURCE,True,False,False,True,True,True,True,DS_CUSTOM_LIBRARY/converted/Elite_Redux_Bulk/arceus_steel
ARCEUS_WATER,DS_TECH_READY_SOURCE,True,False,False,True,True,True,True,DS_CUSTOM_LIBRARY/converted/Elite_Redux_Bulk/arceus_water
ARCHALUDON,DS_TECH_READY_SOURCE,True,False,False,True,True,True,True,DS_CUSTOM_LIBRARY/converted/Elite_Redux_Bulk/archaludon
ARCHEN,DS_TECH_READY_SOURCE,True,False,False,True,True,True,True,DS_CUSTOM_LIBRARY/converted/Elite_Redux_Bulk/archen
ARCHEOPS,DS_TECH_READY_SOURCE,True,False,False,True,True,True,True,DS_CUSTOM_LIBRARY/converted/Elite_Redux_Bulk/archeops
ARCTIBAX,DS_TECH_READY_SOURCE,True,False,False,True,True,True,True,DS_CUSTOM_LIBRARY/converted/Elite_Redux_Bulk/arctibax
ARCTOVISH,DS_TECH_READY_SOURCE,True,False,False,True,True,True,True,DS_CUSTOM_LIBRARY/converted/Elite_Redux_Bulk/arctovish
ARCTOZOLT,DS_TECH_READY_SOURCE,True,False,False,True,True,True,True,DS_CUSTOM_LIBRARY/converted/Elite_Redux_Bulk/arctozolt
ARIADOS,DS_TECH_READY_SOURCE,True,False,False,True,True,True,True,DS_CUSTOM_LIBRARY/converted/Elite_Redux_Bulk/ariados
ARMALDO,DS_TECH_READY_SOURCE,True,False,False,True,True,True,True,DS_CUSTOM_LIBRARY/converted/Elite_Redux_Bulk/armaldo
ARMAROUGE,DS_TECH_READY_SOURCE,True,False,False,True,True,True,True,DS_CUSTOM_LIBRARY/converted/Elite_Redux_Bulk/armarouge
AROMATISSE,DS_TECH_READY_SOURCE,True,False,False,True,True,True,True,DS_CUSTOM_LIBRARY/converted/Elite_Redux_Bulk/aromatisse
ARON,DS_TECH_READY_SOURCE,True,False,False,True,True,True,True,DS_CUSTOM_LIBRARY/converted/Elite_Redux_Bulk/aron
ARON_REDUX,DS_TECH_READY_SOURCE,True,True,False,True,True,True,True,DS_CUSTOM_LIBRARY/converted/Elite_Redux_Bulk/aron_redux
ARROKUDA,DS_TECH_READY_SOURCE,True,False,False,True,True,True,True,DS_CUSTOM_LIBRARY/converted/Elite_Redux_Bulk/arrokuda
ARTICUNO,DS_TECH_READY_SOURCE,True,False,False,True,True,True,True,DS_CUSTOM_LIBRARY/converted/Elite_Redux_Bulk/articuno
ARTICUNO_EX,DS_TECH_READY_SOURCE,True,False,False,True,True,True,True,DS_CUSTOM_LIBRARY/converted/Elite_Redux_Bulk/articuno_ex
ARTICUNO_EX_MEGA,DS_TECH_READY_SOURCE,True,False,True,True,True,True,True,DS_CUSTOM_LIBRARY/converted/Elite_Redux_Bulk/articuno_ex_mega
ARTICUNO_GALARIAN,DS_TECH_READY_SOURCE,True,False,False,True,True,True,True,DS_CUSTOM_LIBRARY/converted/Elite_Redux_Bulk/articuno_galarian
AUDINO,DS_TECH_READY_SOURCE,True,False,False,True,True,True,True,DS_CUSTOM_LIBRARY/converted/Elite_Redux_Bulk/audino
AUDINO_MEGA,DS_TECH_READY_SOURCE,True,False,True,True,True,True,True,DS_CUSTOM_LIBRARY/converted/Elite_Redux_Bulk/audino_mega
AURORUS,DS_TECH_READY_SOURCE,True,False,False,True,True,True,True,DS_CUSTOM_LIBRARY/converted/Elite_Redux_Bulk/aurorus
AVALUGG,DS_TECH_READY_SOURCE,True,False,False,True,True,True,True,DS_CUSTOM_LIBRARY/converted/Elite_Redux_Bulk/avalugg
AVALUGG_HISUIAN,DS_TECH_READY_SOURCE,True,False,False,True,True,True,True,DS_CUSTOM_LIBRARY/converted/Elite_Redux_Bulk/avalugg_hisuian
AXEW,DS_TECH_READY_SOURCE,True,False,False,True,True,True,True,DS_CUSTOM_LIBRARY/converted/Elite_Redux_Bulk/axew
AZELF,DS_TECH_READY_SOURCE,True,False,False,True,True,True,True,DS_CUSTOM_LIBRARY/converted/Elite_Redux_Bulk/azelf
AZELF_REDUX,DS_TECH_READY_SOURCE,True,True,False,True,True,True,True,DS_CUSTOM_LIBRARY/converted/Elite_Redux_Bulk/azelf_redux
AZUMARILL,DS_TECH_READY_SOURCE,True,False,False,True,True,True,True,DS_CUSTOM_LIBRARY/converted/Elite_Redux_Bulk/azumarill
AZURILL,DS_TECH_READY_SOURCE,True,False,False,True,True,True,True,DS_CUSTOM_LIBRARY/converted/Elite_Redux_Bulk/azurill
BAGON,DS_TECH_READY_SOURCE,True,False,False,True,True,True,True,DS_CUSTOM_LIBRARY/converted/Elite_Redux_Bulk/bagon
BALTOY,DS_TECH_READY_SOURCE,True,False,False,True,True,True,True,DS_CUSTOM_LIBRARY/converted/Elite_Redux_Bulk/baltoy
BANETTE,DS_TECH_READY_SOURCE,True,False,False,True,True,True,True,DS_CUSTOM_LIBRARY/converted/Elite_Redux_Bulk/banette
BANETTE_MEGA,DS_TECH_READY_SOURCE,True,False,True,True,True,True,True,DS_CUSTOM_LIBRARY/converted/Elite_Redux_Bulk/banette_mega
BARBARACLE,DS_TECH_READY_SOURCE,True,False,False,True,True,True,True,DS_CUSTOM_LIBRARY/converted/Elite_Redux_Bulk/barbaracle
BARBARACLE_MEGA,DS_TECH_READY_SOURCE,True,False,True,True,True,True,True,DS_CUSTOM_LIBRARY/converted/Elite_Redux_Bulk/barbaracle_mega
BARBOACH,DS_TECH_READY_SOURCE,True,False,False,True,True,True,True,DS_CUSTOM_LIBRARY/converted/Elite_Redux_Bulk/barboach
BARIONG,DS_TECH_READY_SOURCE,True,False,False,True,True,True,True,DS_CUSTOM_LIBRARY/converted/Elite_Redux_Bulk/bariong
BARRASKEWDA,DS_TECH_READY_SOURCE,True,False,False,True,True,True,True,DS_CUSTOM_LIBRARY/converted/Elite_Redux_Bulk/barraskewda
BASCULEGION,DS_TECH_READY_SOURCE,True,False,False,True,True,True,True,DS_CUSTOM_LIBRARY/converted/Elite_Redux_Bulk/basculegion
BASCULEGION_F,DS_TECH_READY_SOURCE,True,False,False,True,True,True,True,DS_CUSTOM_LIBRARY/converted/Elite_Redux_Bulk/basculegion_f
BASCULIN,DS_TECH_READY_SOURCE,True,False,False,True,True,True,True,DS_CUSTOM_LIBRARY/converted/Elite_Redux_Bulk/basculin
BASCULIN_BLUE_STRIPED,DS_TECH_READY_SOURCE,True,False,False,True,True,True,True,DS_CUSTOM_LIBRARY/converted/Elite_Redux_Bulk/basculin_blue_striped
BASCULIN_WHITESTRIPED,DS_TECH_READY_SOURCE,True,False,False,True,True,True,True,DS_CUSTOM_LIBRARY/converted/Elite_Redux_Bulk/basculin_whitestriped
BASTIODON,DS_TECH_READY_SOURCE,True,False,False,True,True,True,True,DS_CUSTOM_LIBRARY/converted/Elite_Redux_Bulk/bastiodon
BAXCALIBUR,DS_TECH_READY_SOURCE,True,False,False,True,True,True,True,DS_CUSTOM_LIBRARY/converted/Elite_Redux_Bulk/baxcalibur
BAXCALIBUR_MEGA,DS_TECH_READY_SOURCE,True,False,True,True,True,True,True,DS_CUSTOM_LIBRARY/converted/Elite_Redux_Bulk/baxcalibur_mega
BAYLEEF,DS_TECH_READY_SOURCE,True,False,False,True,True,True,True,DS_CUSTOM_LIBRARY/converted/Elite_Redux_Bulk/bayleef
BEARTIC,DS_TECH_READY_SOURCE,True,False,False,True,True,True,True,DS_CUSTOM_LIBRARY/converted/Elite_Redux_Bulk/beartic
BEAUTIFLY,DS_TECH_READY_SOURCE,True,False,False,True,True,True,True,DS_CUSTOM_LIBRARY/converted/Elite_Redux_Bulk/beautifly
BEEDRILL,DS_TECH_READY_SOURCE,True,False,False,True,True,True,True,DS_CUSTOM_LIBRARY/converted/Elite_Redux_Bulk/beedrill
BEEDRILL_MEGA,DS_TECH_READY_SOURCE,True,False,True,True,True,True,True,DS_CUSTOM_LIBRARY/converted/Elite_Redux_Bulk/beedrill_mega
BEEDRILL_MEGA_REDUX,DS_TECH_READY_SOURCE,True,True,True,True,True,True,True,DS_CUSTOM_LIBRARY/converted/Elite_Redux_Bulk/beedrill_mega_redux
BEEDRILL_REDUX,DS_TECH_READY_SOURCE,True,True,False,True,True,True,True,DS_CUSTOM_LIBRARY/converted/Elite_Redux_Bulk/beedrill_redux
BEEFENDER,DS_TECH_READY_SOURCE,True,False,False,True,True,True,True,DS_CUSTOM_LIBRARY/converted/Elite_Redux_Bulk/beefender
BEHEEYEM,DS_TECH_READY_SOURCE,True,False,False,True,True,True,True,DS_CUSTOM_LIBRARY/converted/Elite_Redux_Bulk/beheeyem
BELDUM,DS_TECH_READY_SOURCE,True,False,False,True,True,True,True,DS_CUSTOM_LIBRARY/converted/Elite_Redux_Bulk/beldum
BELLIBOLT,DS_TECH_READY_SOURCE,True,False,False,True,True,True,True,DS_CUSTOM_LIBRARY/converted/Elite_Redux_Bulk/bellibolt
BELLOSSOM,DS_TECH_READY_SOURCE,True,False,False,True,True,True,True,DS_CUSTOM_LIBRARY/converted/Elite_Redux_Bulk/bellossom
BELLSPROUT,DS_TECH_READY_SOURCE,True,False,False,True,True,True,True,DS_CUSTOM_LIBRARY/converted/Elite_Redux_Bulk/bellsprout
BELLSPROUT_REDUX,DS_TECH_READY_SOURCE,True,True,False,True,True,True,True,DS_CUSTOM_LIBRARY/converted/Elite_Redux_Bulk/bellsprout_redux
BENICCINO,DS_TECH_READY_SOURCE,True,False,False,True,True,True,True,DS_CUSTOM_LIBRARY/converted/Elite_Redux_Bulk/beniccino
BERGMITE,DS_TECH_READY_SOURCE,True,False,False,True,True,True,True,DS_CUSTOM_LIBRARY/converted/Elite_Redux_Bulk/bergmite
BEWARDEN,DS_TECH_READY_SOURCE,True,False,False,True,True,True,True,DS_CUSTOM_LIBRARY/converted/Elite_Redux_Bulk/bewarden
BEWARDEN_REDUX,DS_TECH_READY_SOURCE,True,True,False,True,True,True,True,DS_CUSTOM_LIBRARY/converted/Elite_Redux_Bulk/bewarden_redux
BEWEAR,DS_TECH_READY_SOURCE,True,False,False,True,True,True,True,DS_CUSTOM_LIBRARY/converted/Elite_Redux_Bulk/bewear
BEWEAR_ANGRY,DS_TECH_READY_SOURCE,True,False,False,True,True,True,True,DS_CUSTOM_LIBRARY/converted/Elite_Redux_Bulk/bewear_angry
BEWEAR_REDUX,DS_TECH_READY_SOURCE,True,True,False,True,True,True,True,DS_CUSTOM_LIBRARY/converted/Elite_Redux_Bulk/bewear_redux
BIBAREL,DS_TECH_READY_SOURCE,True,False,False,True,True,True,True,DS_CUSTOM_LIBRARY/converted/Elite_Redux_Bulk/bibarel
BIDOOF,DS_TECH_READY_SOURCE,True,False,False,True,True,True,True,DS_CUSTOM_LIBRARY/converted/Elite_Redux_Bulk/bidoof
BINACLE,DS_TECH_READY_SOURCE,True,False,False,True,True,True,True,DS_CUSTOM_LIBRARY/converted/Elite_Redux_Bulk/binacle
BISHARP,DS_TECH_READY_SOURCE,True,False,False,True,True,True,True,DS_CUSTOM_LIBRARY/converted/Elite_Redux_Bulk/bisharp
BISHARP_REDUX,DS_TECH_READY_SOURCE,True,True,False,True,True,True,True,DS_CUSTOM_LIBRARY/converted/Elite_Redux_Bulk/bisharp_redux
BLACEPHALON,DS_TECH_READY_SOURCE,True,False,False,True,True,True,True,DS_CUSTOM_LIBRARY/converted/Elite_Redux_Bulk/blacephalon
BLASTOISE,DS_TECH_READY_SOURCE,True,False,False,True,True,True,True,DS_CUSTOM_LIBRARY/converted/Elite_Redux_Bulk/blastoise
BLASTOISE_MEGA,DS_TECH_READY_SOURCE,True,False,True,True,True,True,True,DS_CUSTOM_LIBRARY/converted/Elite_Redux_Bulk/blastoise_mega
BLASTOISE_MEGA_X,DS_TECH_READY_SOURCE,True,False,True,True,True,True,True,DS_CUSTOM_LIBRARY/converted/Elite_Redux_Bulk/blastoise_mega_x
BLAZIKEN,DS_TECH_READY_SOURCE,True,False,False,True,True,True,True,DS_CUSTOM_LIBRARY/converted/Elite_Redux_Bulk/blaziken
BLAZIKEN_MEGA,DS_TECH_READY_SOURCE,True,False,True,True,True,True,True,DS_CUSTOM_LIBRARY/converted/Elite_Redux_Bulk/blaziken_mega
BLIPBUG,DS_TECH_READY_SOURCE,True,False,False,True,True,True,True,DS_CUSTOM_LIBRARY/converted/Elite_Redux_Bulk/blipbug
BLISSEY,DS_TECH_READY_SOURCE,True,False,False,True,True,True,True,DS_CUSTOM_LIBRARY/converted/Elite_Redux_Bulk/blissey
BLISSEY_REDUX,DS_TECH_READY_SOURCE,True,True,False,True,True,True,True,DS_CUSTOM_LIBRARY/converted/Elite_Redux_Bulk/blissey_redux
BLITZLE,DS_TECH_READY_SOURCE,True,False,False,True,True,True,True,DS_CUSTOM_LIBRARY/converted/Elite_Redux_Bulk/blitzle
BLIZZARD_MAW,DS_TECH_READY_SOURCE,True,False,False,True,True,True,True,DS_CUSTOM_LIBRARY/converted/Elite_Redux_Bulk/blizzard_maw
BLOCLI,DS_TECH_READY_SOURCE,True,False,False,True,True,True,True,DS_CUSTOM_LIBRARY/converted/Elite_Redux_Bulk/blocli
BLOXTACK,DS_TECH_READY_SOURCE,True,False,False,True,True,True,True,DS_CUSTOM_LIBRARY/converted/Elite_Redux_Bulk/bloxtack
BOARLOCK,DS_TECH_READY_SOURCE,True,False,False,True,True,True,True,DS_CUSTOM_LIBRARY/converted/Elite_Redux_Bulk/boarlock
BOLDORE,DS_TECH_READY_SOURCE,True,False,False,True,True,True,True,DS_CUSTOM_LIBRARY/converted/Elite_Redux_Bulk/boldore
BOLTUND,DS_TECH_READY_SOURCE,True,False,False,True,True,True,True,DS_CUSTOM_LIBRARY/converted/Elite_Redux_Bulk/boltund
BOMBIRDIER,DS_TECH_READY_SOURCE,True,False,False,True,True,True,True,DS_CUSTOM_LIBRARY/converted/Elite_Redux_Bulk/bombirdier
BONSLY,DS_TECH_READY_SOURCE,True,False,False,True,True,True,True,DS_CUSTOM_LIBRARY/converted/Elite_Redux_Bulk/bonsly
BOUFFALANT,DS_TECH_READY_SOURCE,True,False,False,True,True,True,True,DS_CUSTOM_LIBRARY/converted/Elite_Redux_Bulk/bouffalant
BOUNSWEET,DS_TECH_READY_SOURCE,True,False,False,True,True,True,True,DS_CUSTOM_LIBRARY/converted/Elite_Redux_Bulk/bounsweet
BOUNSWEET_REDUX,DS_TECH_READY_SOURCE,True,True,False,True,True,True,True,DS_CUSTOM_LIBRARY/converted/Elite_Redux_Bulk/bounsweet_redux
BRAIXEN,DS_TECH_READY_SOURCE,True,False,False,True,True,True,True,DS_CUSTOM_LIBRARY/converted/Elite_Redux_Bulk/braixen
BRAMBLEGHAST,DS_TECH_READY_SOURCE,True,False,False,True,True,True,True,DS_CUSTOM_LIBRARY/converted/Elite_Redux_Bulk/brambleghast
BRAMBLIN,DS_TECH_READY_SOURCE,True,False,False,True,True,True,True,DS_CUSTOM_LIBRARY/converted/Elite_Redux_Bulk/bramblin
BRAVIARY,DS_TECH_READY_SOURCE,True,False,False,True,True,True,True,DS_CUSTOM_LIBRARY/converted/Elite_Redux_Bulk/braviary
BRAVIARY_HISUIAN,DS_TECH_READY_SOURCE,True,False,False,True,True,True,True,DS_CUSTOM_LIBRARY/converted/Elite_Redux_Bulk/braviary_hisuian
BREEZING,DS_TECH_READY_SOURCE,True,False,False,True,True,True,True,DS_CUSTOM_LIBRARY/converted/Elite_Redux_Bulk/breezing
BRELOOM,DS_TECH_READY_SOURCE,True,False,False,True,True,True,True,DS_CUSTOM_LIBRARY/converted/Elite_Redux_Bulk/breloom
BRELOOM_MEGA,DS_TECH_READY_SOURCE,True,False,True,True,True,True,True,DS_CUSTOM_LIBRARY/converted/Elite_Redux_Bulk/breloom_mega
BRIONNE,DS_TECH_READY_SOURCE,True,False,False,True,True,True,True,DS_CUSTOM_LIBRARY/converted/Elite_Redux_Bulk/brionne
BRONTONANA,DS_TECH_READY_SOURCE,True,False,False,True,True,True,True,DS_CUSTOM_LIBRARY/converted/Elite_Redux_Bulk/brontonana
BRONZONG,DS_TECH_READY_SOURCE,True,False,False,True,True,True,True,DS_CUSTOM_LIBRARY/converted/Elite_Redux_Bulk/bronzong
BRONZOR,DS_TECH_READY_SOURCE,True,False,False,True,True,True,True,DS_CUSTOM_LIBRARY/converted/Elite_Redux_Bulk/bronzor
BRUTE_BONNET,DS_TECH_READY_SOURCE,True,False,False,True,True,True,True,DS_CUSTOM_LIBRARY/converted/Elite_Redux_Bulk/brute_bonnet
BRUXISH,DS_TECH_READY_SOURCE,True,False,False,True,True,True,True,DS_CUSTOM_LIBRARY/converted/Elite_Redux_Bulk/bruxish
BUBBLEO,DS_TECH_READY_SOURCE,True,False,False,True,True,True,True,DS_CUSTOM_LIBRARY/converted/Elite_Redux_Bulk/bubbleo
BUDEW,DS_TECH_READY_SOURCE,True,False,False,True,True,True,True,DS_CUSTOM_LIBRARY/converted/Elite_Redux_Bulk/budew
BUIZEL,DS_TECH_READY_SOURCE,True,False,False,True,True,True,True,DS_CUSTOM_LIBRARY/converted/Elite_Redux_Bulk/buizel
BUIZEL_REDUX,DS_TECH_READY_SOURCE,True,True,False,True,True,True,True,DS_CUSTOM_LIBRARY/converted/Elite_Redux_Bulk/buizel_redux
BULBASAUR,DS_TECH_READY_SOURCE,True,False,False,True,True,True,True,DS_CUSTOM_LIBRARY/converted/Elite_Redux_Bulk/bulbasaur
BUNEARY,DS_TECH_READY_SOURCE,True,False,False,True,True,True,True,DS_CUSTOM_LIBRARY/converted/Elite_Redux_Bulk/buneary
BUNNELBY,DS_TECH_READY_SOURCE,True,False,False,True,True,True,True,DS_CUSTOM_LIBRARY/converted/Elite_Redux_Bulk/bunnelby
BURMY,DS_TECH_READY_SOURCE,True,False,False,True,True,True,True,DS_CUSTOM_LIBRARY/converted/Elite_Redux_Bulk/burmy
BURMY_ETERNA,DS_TECH_READY_SOURCE,True,False,False,True,True,True,True,DS_CUSTOM_LIBRARY/converted/Elite_Redux_Bulk/burmy_eterna
BURMY_SANDY_CLOAK,DS_TECH_READY_SOURCE,True,False,False,True,True,True,True,DS_CUSTOM_LIBRARY/converted/Elite_Redux_Bulk/burmy_sandy_cloak
BURMY_TRASH_CLOAK,DS_TECH_READY_SOURCE,True,False,False,True,True,True,True,DS_CUSTOM_LIBRARY/converted/Elite_Redux_Bulk/burmy_trash_cloak
BUTTERFREE,DS_TECH_READY_SOURCE,True,False,False,True,True,True,True,DS_CUSTOM_LIBRARY/converted/Elite_Redux_Bulk/butterfree
BUTTERFREE_MEGA,DS_TECH_READY_SOURCE,True,False,True,True,True,True,True,DS_CUSTOM_LIBRARY/converted/Elite_Redux_Bulk/butterfree_mega
BUZZWOLE,DS_TECH_READY_SOURCE,True,False,False,True,True,True,True,DS_CUSTOM_LIBRARY/converted/Elite_Redux_Bulk/buzzwole
CACJACK,DS_TECH_READY_SOURCE,True,False,False,True,True,True,True,DS_CUSTOM_LIBRARY/converted/Elite_Redux_Bulk/cacjack
CACNEA,DS_TECH_READY_SOURCE,True,False,False,True,True,True,True,DS_CUSTOM_LIBRARY/converted/Elite_Redux_Bulk/cacnea
CACTURNE,DS_TECH_READY_SOURCE,True,False,False,True,True,True,True,DS_CUSTOM_LIBRARY/converted/Elite_Redux_Bulk/cacturne
CALYREX,DS_TECH_READY_SOURCE,True,False,False,True,True,True,True,DS_CUSTOM_LIBRARY/converted/Elite_Redux_Bulk/calyrex
CALYREX_CLOUD_RIDER,DS_TECH_READY_SOURCE,True,False,False,True,True,True,True,DS_CUSTOM_LIBRARY/converted/Elite_Redux_Bulk/calyrex_cloud_rider
CALYREX_ICE_RIDER,DS_TECH_READY_SOURCE,True,False,False,True,True,True,True,DS_CUSTOM_LIBRARY/converted/Elite_Redux_Bulk/calyrex_ice_rider
CALYREX_SHADOW_RIDER,DS_TECH_READY_SOURCE,True,False,False,True,True,True,True,DS_CUSTOM_LIBRARY/converted/Elite_Redux_Bulk/calyrex_shadow_rider
CAMERUPT,DS_TECH_READY_SOURCE,True,False,False,True,True,True,True,DS_CUSTOM_LIBRARY/converted/Elite_Redux_Bulk/camerupt
CAMERUPT_MEGA,DS_TECH_READY_SOURCE,True,False,True,True,True,True,True,DS_CUSTOM_LIBRARY/converted/Elite_Redux_Bulk/camerupt_mega
CAPSAKID,DS_TECH_READY_SOURCE,True,False,False,True,True,True,True,DS_CUSTOM_LIBRARY/converted/Elite_Redux_Bulk/capsakid
CARBINK,DS_TECH_READY_SOURCE,True,False,False,True,True,True,True,DS_CUSTOM_LIBRARY/converted/Elite_Redux_Bulk/carbink
CARBONIX,DS_TECH_READY_SOURCE,True,False,False,True,True,True,True,DS_CUSTOM_LIBRARY/converted/Elite_Redux_Bulk/carbonix
CARBONIX_MEGA,DS_TECH_READY_SOURCE,True,False,True,True,True,True,True,DS_CUSTOM_LIBRARY/converted/Elite_Redux_Bulk/carbonix_mega
CARKOL,DS_TECH_READY_SOURCE,True,False,False,True,True,True,True,DS_CUSTOM_LIBRARY/converted/Elite_Redux_Bulk/carkol
CARNIVINE,DS_TECH_READY_SOURCE,True,False,False,True,True,True,True,DS_CUSTOM_LIBRARY/converted/Elite_Redux_Bulk/carnivine
CARRACOSTA,DS_TECH_READY_SOURCE,True,False,False,True,True,True,True,DS_CUSTOM_LIBRARY/converted/Elite_Redux_Bulk/carracosta
CARVANHA,DS_TECH_READY_SOURCE,True,False,False,True,True,True,True,DS_CUSTOM_LIBRARY/converted/Elite_Redux_Bulk/carvanha
CASCOON,DS_TECH_READY_SOURCE,True,False,False,True,True,True,True,DS_CUSTOM_LIBRARY/converted/Elite_Redux_Bulk/cascoon
CASCOON_PRIMAL,DS_TECH_READY_SOURCE,True,False,False,True,True,True,True,DS_CUSTOM_LIBRARY/converted/Elite_Redux_Bulk/cascoon_primal
CASTFORM,DS_TECH_READY_SOURCE,True,False,False,True,True,True,True,DS_CUSTOM_LIBRARY/converted/Elite_Redux_Bulk/castform
CASTFORM_FOGGY,DS_TECH_READY_SOURCE,True,False,False,True,True,True,True,DS_CUSTOM_LIBRARY/converted/Elite_Redux_Bulk/castform_foggy
CASTFORM_RAINY,DS_TECH_READY_SOURCE,True,False,False,True,True,True,True,DS_CUSTOM_LIBRARY/converted/Elite_Redux_Bulk/castform_rainy
CASTFORM_SANDY,DS_TECH_READY_SOURCE,True,False,False,True,True,True,True,DS_CUSTOM_LIBRARY/converted/Elite_Redux_Bulk/castform_sandy
CASTFORM_SNOWY,DS_TECH_READY_SOURCE,True,False,False,True,True,True,True,DS_CUSTOM_LIBRARY/converted/Elite_Redux_Bulk/castform_snowy
CASTFORM_SUNNY,DS_TECH_READY_SOURCE,True,False,False,True,True,True,True,DS_CUSTOM_LIBRARY/converted/Elite_Redux_Bulk/castform_sunny
CATERPIE,DS_TECH_READY_SOURCE,True,False,False,True,True,True,True,DS_CUSTOM_LIBRARY/converted/Elite_Redux_Bulk/caterpie
CELEBI,DS_TECH_READY_SOURCE,True,False,False,True,True,True,True,DS_CUSTOM_LIBRARY/converted/Elite_Redux_Bulk/celebi
CELESTEELA,DS_TECH_READY_SOURCE,True,False,False,True,True,True,True,DS_CUSTOM_LIBRARY/converted/Elite_Redux_Bulk/celesteela
CENTISKORCH,DS_TECH_READY_SOURCE,True,False,False,True,True,True,True,DS_CUSTOM_LIBRARY/converted/Elite_Redux_Bulk/centiskorch
CENTISKORCH_MEGA,DS_TECH_READY_SOURCE,True,False,True,True,True,True,True,DS_CUSTOM_LIBRARY/converted/Elite_Redux_Bulk/centiskorch_mega
CERULEDGE,DS_TECH_READY_SOURCE,True,False,False,True,True,True,True,DS_CUSTOM_LIBRARY/converted/Elite_Redux_Bulk/ceruledge
CETITAN,DS_TECH_READY_SOURCE,True,False,False,True,True,True,True,DS_CUSTOM_LIBRARY/converted/Elite_Redux_Bulk/cetitan
CETITAN_REDUX,DS_TECH_READY_SOURCE,True,True,False,True,True,True,True,DS_CUSTOM_LIBRARY/converted/Elite_Redux_Bulk/cetitan_redux
CETODDLE,DS_TECH_READY_SOURCE,True,False,False,True,True,True,True,DS_CUSTOM_LIBRARY/converted/Elite_Redux_Bulk/cetoddle
CETODDLE_REDUX,DS_TECH_READY_SOURCE,True,True,False,True,True,True,True,DS_CUSTOM_LIBRARY/converted/Elite_Redux_Bulk/cetoddle_redux
CHANDELURE,DS_TECH_READY_SOURCE,True,False,False,True,True,True,True,DS_CUSTOM_LIBRARY/converted/Elite_Redux_Bulk/chandelure
CHANDELURE_MEGA,DS_TECH_READY_SOURCE,True,False,True,True,True,True,True,DS_CUSTOM_LIBRARY/converted/Elite_Redux_Bulk/chandelure_mega
CHANDELURE_MEGA_Y,DS_TECH_READY_SOURCE,True,False,True,True,True,True,True,DS_CUSTOM_LIBRARY/converted/Elite_Redux_Bulk/chandelure_mega_y
CHANDELURE_REDUX,DS_TECH_READY_SOURCE,True,True,False,True,True,True,True,DS_CUSTOM_LIBRARY/converted/Elite_Redux_Bulk/chandelure_redux
CHANDELURE_REDUX_MEGA,DS_TECH_READY_SOURCE,True,True,True,True,True,True,True,DS_CUSTOM_LIBRARY/converted/Elite_Redux_Bulk/chandelure_redux_mega
CHANSEY,DS_TECH_READY_SOURCE,True,False,False,True,True,True,True,DS_CUSTOM_LIBRARY/converted/Elite_Redux_Bulk/chansey
CHANSEY_REDUX,DS_TECH_READY_SOURCE,True,True,False,True,True,True,True,DS_CUSTOM_LIBRARY/converted/Elite_Redux_Bulk/chansey_redux
CHARCADET,DS_TECH_READY_SOURCE,True,False,False,True,True,True,True,DS_CUSTOM_LIBRARY/converted/Elite_Redux_Bulk/charcadet
CHARIZARD,DS_TECH_READY_SOURCE,True,False,False,True,True,True,True,DS_CUSTOM_LIBRARY/converted/Elite_Redux_Bulk/charizard
CHARIZARD_MEGA_X,DS_TECH_READY_SOURCE,True,False,True,True,True,True,True,DS_CUSTOM_LIBRARY/converted/Elite_Redux_Bulk/charizard_mega_x
CHARIZARD_MEGA_Y,DS_TECH_READY_SOURCE,True,False,True,True,True,True,True,DS_CUSTOM_LIBRARY/converted/Elite_Redux_Bulk/charizard_mega_y
CHARIZARD_MEGA_Z,DS_TECH_READY_SOURCE,True,False,True,True,True,True,True,DS_CUSTOM_LIBRARY/converted/Elite_Redux_Bulk/charizard_mega_z
CHARJABUG,DS_TECH_READY_SOURCE,True,False,False,True,True,True,True,DS_CUSTOM_LIBRARY/converted/Elite_Redux_Bulk/charjabug
CHARMANDER,DS_TECH_READY_SOURCE,True,False,False,True,True,True,True,DS_CUSTOM_LIBRARY/converted/Elite_Redux_Bulk/charmander
CHARMELEON,DS_TECH_READY_SOURCE,True,False,False,True,True,True,True,DS_CUSTOM_LIBRARY/converted/Elite_Redux_Bulk/charmeleon
CHATOT,DS_TECH_READY_SOURCE,True,False,False,True,True,True,True,DS_CUSTOM_LIBRARY/converted/Elite_Redux_Bulk/chatot
CHERRIM,DS_TECH_READY_SOURCE,True,False,False,True,True,True,True,DS_CUSTOM_LIBRARY/converted/Elite_Redux_Bulk/cherrim
CHERRIM_SUNSHINE,DS_TECH_READY_SOURCE,True,False,False,True,True,True,True,DS_CUSTOM_LIBRARY/converted/Elite_Redux_Bulk/cherrim_sunshine
CHERUBI,DS_TECH_READY_SOURCE,True,False,False,True,True,True,True,DS_CUSTOM_LIBRARY/converted/Elite_Redux_Bulk/cherubi
CHESNAUGHT,DS_TECH_READY_SOURCE,True,False,False,True,True,True,True,DS_CUSTOM_LIBRARY/converted/Elite_Redux_Bulk/chesnaught
CHESNAUGHT_BATTLE_BOND,DS_TECH_READY_SOURCE,True,False,False,True,True,True,True,DS_CUSTOM_LIBRARY/converted/Elite_Redux_Bulk/chesnaught_battle_bond
CHESNAUGHT_CLEMONT,DS_TECH_READY_SOURCE,True,False,False,True,True,True,True,DS_CUSTOM_LIBRARY/converted/Elite_Redux_Bulk/chesnaught_clemont
CHESNAUGHT_MEGA,DS_TECH_READY_SOURCE,True,False,True,True,True,True,True,DS_CUSTOM_LIBRARY/converted/Elite_Redux_Bulk/chesnaught_mega
CHESPIN,DS_TECH_READY_SOURCE,True,False,False,True,True,True,True,DS_CUSTOM_LIBRARY/converted/Elite_Redux_Bulk/chespin
CHEWTLE,DS_TECH_READY_SOURCE,True,False,False,True,True,True,True,DS_CUSTOM_LIBRARY/converted/Elite_Redux_Bulk/chewtle
CHIEN_PAO,DS_TECH_READY_SOURCE,True,False,False,True,True,True,True,DS_CUSTOM_LIBRARY/converted/Elite_Redux_Bulk/chien_pao
CHIEN_PAO_MEGA,DS_TECH_READY_SOURCE,True,False,True,True,True,True,True,DS_CUSTOM_LIBRARY/converted/Elite_Redux_Bulk/chien_pao_mega
CHIKORITA,DS_TECH_READY_SOURCE,True,False,False,True,True,True,True,DS_CUSTOM_LIBRARY/converted/Elite_Redux_Bulk/chikorita
CHIMCHAR,DS_TECH_READY_SOURCE,True,False,False,True,True,True,True,DS_CUSTOM_LIBRARY/converted/Elite_Redux_Bulk/chimchar
CHIMCHAR_REDUX,DS_TECH_READY_SOURCE,True,True,False,True,True,True,True,DS_CUSTOM_LIBRARY/converted/Elite_Redux_Bulk/chimchar_redux
CHIMECHO,DS_TECH_READY_SOURCE,True,False,False,True,True,True,True,DS_CUSTOM_LIBRARY/converted/Elite_Redux_Bulk/chimecho
CHIMECHO_MEGA,DS_TECH_READY_SOURCE,True,False,True,True,True,True,True,DS_CUSTOM_LIBRARY/converted/Elite_Redux_Bulk/chimecho_mega
CHINCHOU,DS_TECH_READY_SOURCE,True,False,False,True,True,True,True,DS_CUSTOM_LIBRARY/converted/Elite_Redux_Bulk/chinchou
CHINGLING,DS_TECH_READY_SOURCE,True,False,False,True,True,True,True,DS_CUSTOM_LIBRARY/converted/Elite_Redux_Bulk/chingling
CHI_YU,DS_TECH_READY_SOURCE,True,False,False,True,True,True,True,DS_CUSTOM_LIBRARY/converted/Elite_Redux_Bulk/chi_yu
CINCCINO,DS_TECH_READY_SOURCE,True,False,False,True,True,True,True,DS_CUSTOM_LIBRARY/converted/Elite_Redux_Bulk/cinccino
CINCCINO_REDUX,DS_TECH_READY_SOURCE,True,True,False,True,True,True,True,DS_CUSTOM_LIBRARY/converted/Elite_Redux_Bulk/cinccino_redux
CINDERACE,DS_TECH_READY_SOURCE,True,False,False,True,True,True,True,DS_CUSTOM_LIBRARY/converted/Elite_Redux_Bulk/cinderace
CINDERACE_MEGA,DS_TECH_READY_SOURCE,True,False,True,True,True,True,True,DS_CUSTOM_LIBRARY/converted/Elite_Redux_Bulk/cinderace_mega
CLAMPERL,DS_TECH_READY_SOURCE,True,False,False,True,True,True,True,DS_CUSTOM_LIBRARY/converted/Elite_Redux_Bulk/clamperl
CLAUNCHER,DS_TECH_READY_SOURCE,True,False,False,True,True,True,True,DS_CUSTOM_LIBRARY/converted/Elite_Redux_Bulk/clauncher
CLAWITZER,DS_TECH_READY_SOURCE,True,False,False,True,True,True,True,DS_CUSTOM_LIBRARY/converted/Elite_Redux_Bulk/clawitzer
CLAWITZER_REDUX,DS_TECH_READY_SOURCE,True,True,False,True,True,True,True,DS_CUSTOM_LIBRARY/converted/Elite_Redux_Bulk/clawitzer_redux
CLAYDOL,DS_TECH_READY_SOURCE,True,False,False,True,True,True,True,DS_CUSTOM_LIBRARY/converted/Elite_Redux_Bulk/claydol
CLEFABLE,DS_TECH_READY_SOURCE,True,False,False,True,True,True,True,DS_CUSTOM_LIBRARY/converted/Elite_Redux_Bulk/clefable
CLEFABLE_MEGA,DS_TECH_READY_SOURCE,True,False,True,True,True,True,True,DS_CUSTOM_LIBRARY/converted/Elite_Redux_Bulk/clefable_mega
CLEFABLE_MEGA_Y,DS_TECH_READY_SOURCE,True,False,True,True,True,True,True,DS_CUSTOM_LIBRARY/converted/Elite_Redux_Bulk/clefable_mega_y
CLEFABLE_REDUX,DS_TECH_READY_SOURCE,True,True,False,True,True,True,True,DS_CUSTOM_LIBRARY/converted/Elite_Redux_Bulk/clefable_redux
CLEFABLE_REDUX_MEGA,DS_TECH_READY_SOURCE,True,True,True,True,True,True,True,DS_CUSTOM_LIBRARY/converted/Elite_Redux_Bulk/clefable_redux_mega
CLEFAIRY,DS_TECH_READY_SOURCE,True,False,False,True,True,True,True,DS_CUSTOM_LIBRARY/converted/Elite_Redux_Bulk/clefairy
CLEFAIRY_REDUX,DS_TECH_READY_SOURCE,True,True,False,True,True,True,True,DS_CUSTOM_LIBRARY/converted/Elite_Redux_Bulk/clefairy_redux
CLEFFA,DS_TECH_READY_SOURCE,True,False,False,True,True,True,True,DS_CUSTOM_LIBRARY/converted/Elite_Redux_Bulk/cleffa
CLEFFA_REDUX,DS_TECH_READY_SOURCE,True,True,False,True,True,True,True,DS_CUSTOM_LIBRARY/converted/Elite_Redux_Bulk/cleffa_redux
CLOBBOPUS,DS_TECH_READY_SOURCE,True,False,False,True,True,True,True,DS_CUSTOM_LIBRARY/converted/Elite_Redux_Bulk/clobbopus
CLODSIRE,DS_TECH_READY_SOURCE,True,False,False,True,True,True,True,DS_CUSTOM_LIBRARY/converted/Elite_Redux_Bulk/clodsire
CLODSIRE_MEGA,DS_TECH_READY_SOURCE,True,False,True,True,True,True,True,DS_CUSTOM_LIBRARY/converted/Elite_Redux_Bulk/clodsire_mega
CLOYSTER,DS_TECH_READY_SOURCE,True,False,False,True,True,True,True,DS_CUSTOM_LIBRARY/converted/Elite_Redux_Bulk/cloyster
COALOSSAL,DS_TECH_READY_SOURCE,True,False,False,True,True,True,True,DS_CUSTOM_LIBRARY/converted/Elite_Redux_Bulk/coalossal
COALOSSAL_MEGA,DS_TECH_READY_SOURCE,True,False,True,True,True,True,True,DS_CUSTOM_LIBRARY/converted/Elite_Redux_Bulk/coalossal_mega
COBALION,DS_TECH_READY_SOURCE,True,False,False,True,True,True,True,DS_CUSTOM_LIBRARY/converted/Elite_Redux_Bulk/cobalion
COFAGRIGUS,DS_TECH_READY_SOURCE,True,False,False,True,True,True,True,DS_CUSTOM_LIBRARY/converted/Elite_Redux_Bulk/cofagrigus
COMBEE,DS_TECH_READY_SOURCE,True,False,False,True,True,True,True,DS_CUSTOM_LIBRARY/converted/Elite_Redux_Bulk/combee
COMBUSKEN,DS_TECH_READY_SOURCE,True,False,False,True,True,True,True,DS_CUSTOM_LIBRARY/converted/Elite_Redux_Bulk/combusken
COMFEY,DS_TECH_READY_SOURCE,True,False,False,True,True,True,True,DS_CUSTOM_LIBRARY/converted/Elite_Redux_Bulk/comfey
CONKELDURR,DS_TECH_READY_SOURCE,True,False,False,True,True,True,True,DS_CUSTOM_LIBRARY/converted/Elite_Redux_Bulk/conkeldurr
COPPERAJAH,DS_TECH_READY_SOURCE,True,False,False,True,True,True,True,DS_CUSTOM_LIBRARY/converted/Elite_Redux_Bulk/copperajah
COPPERAJAH_MEGA,DS_TECH_READY_SOURCE,True,False,True,True,True,True,True,DS_CUSTOM_LIBRARY/converted/Elite_Redux_Bulk/copperajah_mega
CORM,DS_TECH_READY_SOURCE,True,False,False,True,True,True,True,DS_CUSTOM_LIBRARY/converted/Elite_Redux_Bulk/corm
CORMOTH,DS_TECH_READY_SOURCE,True,False,False,True,True,True,True,DS_CUSTOM_LIBRARY/converted/Elite_Redux_Bulk/cormoth
CORMOTH_MEGA,DS_TECH_READY_SOURCE,True,False,True,True,True,True,True,DS_CUSTOM_LIBRARY/converted/Elite_Redux_Bulk/cormoth_mega
CORPHISH,DS_TECH_READY_SOURCE,True,False,False,True,True,True,True,DS_CUSTOM_LIBRARY/converted/Elite_Redux_Bulk/corphish
CORSOLA,DS_TECH_READY_SOURCE,True,False,False,True,True,True,True,DS_CUSTOM_LIBRARY/converted/Elite_Redux_Bulk/corsola
CORSOLA_GALARIAN,DS_TECH_READY_SOURCE,True,False,False,True,True,True,True,DS_CUSTOM_LIBRARY/converted/Elite_Redux_Bulk/corsola_galarian
CORVIKNIGHT,DS_TECH_READY_SOURCE,True,False,False,True,True,True,True,DS_CUSTOM_LIBRARY/converted/Elite_Redux_Bulk/corviknight
CORVIKNIGHT_MEGA,DS_TECH_READY_SOURCE,True,False,True,True,True,True,True,DS_CUSTOM_LIBRARY/converted/Elite_Redux_Bulk/corviknight_mega
CORVISQUIRE,DS_TECH_READY_SOURCE,True,False,False,True,True,True,True,DS_CUSTOM_LIBRARY/converted/Elite_Redux_Bulk/corvisquire
COSMOEM,DS_TECH_READY_SOURCE,True,False,False,True,True,True,True,DS_CUSTOM_LIBRARY/converted/Elite_Redux_Bulk/cosmoem
COSMOG,DS_TECH_READY_SOURCE,True,False,False,True,True,True,True,DS_CUSTOM_LIBRARY/converted/Elite_Redux_Bulk/cosmog
COTTONEE,DS_TECH_READY_SOURCE,True,False,False,True,True,True,True,DS_CUSTOM_LIBRARY/converted/Elite_Redux_Bulk/cottonee
CRABOMINABLE,DS_TECH_READY_SOURCE,True,False,False,True,True,True,True,DS_CUSTOM_LIBRARY/converted/Elite_Redux_Bulk/crabominable
CRABOMINABLE_MEGA,DS_TECH_READY_SOURCE,True,False,True,True,True,True,True,DS_CUSTOM_LIBRARY/converted/Elite_Redux_Bulk/crabominable_mega
CRABOMINABLE_REDUX,DS_TECH_READY_SOURCE,True,True,False,True,True,True,True,DS_CUSTOM_LIBRARY/converted/Elite_Redux_Bulk/crabominable_redux
CRABRAWLER,DS_TECH_READY_SOURCE,True,False,False,True,True,True,True,DS_CUSTOM_LIBRARY/converted/Elite_Redux_Bulk/crabrawler
CRABRAWLER_REDUX,DS_TECH_READY_SOURCE,True,True,False,True,True,True,True,DS_CUSTOM_LIBRARY/converted/Elite_Redux_Bulk/crabrawler_redux
CRABRUISER,DS_TECH_READY_SOURCE,True,False,False,True,True,True,True,DS_CUSTOM_LIBRARY/converted/Elite_Redux_Bulk/crabruiser
CRABRUISER_REDUX,DS_TECH_READY_SOURCE,True,True,False,True,True,True,True,DS_CUSTOM_LIBRARY/converted/Elite_Redux_Bulk/crabruiser_redux
CRADILY,DS_TECH_READY_SOURCE,True,False,False,True,True,True,True,DS_CUSTOM_LIBRARY/converted/Elite_Redux_Bulk/cradily
CRAMORANT,DS_TECH_READY_SOURCE,True,False,False,True,True,True,True,DS_CUSTOM_LIBRARY/converted/Elite_Redux_Bulk/cramorant
CRAMORANT_GORGING,DS_TECH_READY_SOURCE,True,False,False,True,True,True,True,DS_CUSTOM_LIBRARY/converted/Elite_Redux_Bulk/cramorant_gorging
CRAMORANT_GULPING,DS_TECH_READY_SOURCE,True,False,False,True,True,True,True,DS_CUSTOM_LIBRARY/converted/Elite_Redux_Bulk/cramorant_gulping
CRANIDOS,DS_TECH_READY_SOURCE,True,False,False,True,True,True,True,DS_CUSTOM_LIBRARY/converted/Elite_Redux_Bulk/cranidos
CRAWDAUNT,DS_TECH_READY_SOURCE,True,False,False,True,True,True,True,DS_CUSTOM_LIBRARY/converted/Elite_Redux_Bulk/crawdaunt
CRAWDAUNTLES,DS_TECH_READY_SOURCE,True,False,False,True,True,True,True,DS_CUSTOM_LIBRARY/converted/Elite_Redux_Bulk/crawdauntles
CRESSELIA,DS_TECH_READY_SOURCE,True,False,False,True,True,True,True,DS_CUSTOM_LIBRARY/converted/Elite_Redux_Bulk/cresselia
CROAGUNK,DS_TECH_READY_SOURCE,True,False,False,True,True,True,True,DS_CUSTOM_LIBRARY/converted/Elite_Redux_Bulk/croagunk
CROBAT,DS_TECH_READY_SOURCE,True,False,False,True,True,True,True,DS_CUSTOM_LIBRARY/converted/Elite_Redux_Bulk/crobat
CROBAT_MEGA,DS_TECH_READY_SOURCE,True,False,True,True,True,True,True,DS_CUSTOM_LIBRARY/converted/Elite_Redux_Bulk/crobat_mega
CROCALOR,DS_TECH_READY_SOURCE,True,False,False,True,True,True,True,DS_CUSTOM_LIBRARY/converted/Elite_Redux_Bulk/crocalor
CROCONAW,DS_TECH_READY_SOURCE,True,False,False,True,True,True,True,DS_CUSTOM_LIBRARY/converted/Elite_Redux_Bulk/croconaw
CRUSTLE,DS_TECH_READY_SOURCE,True,False,False,True,True,True,True,DS_CUSTOM_LIBRARY/converted/Elite_Redux_Bulk/crustle
CRYOGONAL,DS_TECH_READY_SOURCE,True,False,False,True,True,True,True,DS_CUSTOM_LIBRARY/converted/Elite_Redux_Bulk/cryogonal
CUBCHOO,DS_TECH_READY_SOURCE,True,False,False,True,True,True,True,DS_CUSTOM_LIBRARY/converted/Elite_Redux_Bulk/cubchoo
CUBONE,DS_TECH_READY_SOURCE,True,False,False,True,True,True,True,DS_CUSTOM_LIBRARY/converted/Elite_Redux_Bulk/cubone
CUFANT,DS_TECH_READY_SOURCE,True,False,False,True,True,True,True,DS_CUSTOM_LIBRARY/converted/Elite_Redux_Bulk/cufant
CURSOLA,DS_TECH_READY_SOURCE,True,False,False,True,True,True,True,DS_CUSTOM_LIBRARY/converted/Elite_Redux_Bulk/cursola
CUTIEFLY,DS_TECH_READY_SOURCE,True,False,False,True,True,True,True,DS_CUSTOM_LIBRARY/converted/Elite_Redux_Bulk/cutiefly
CYCLIZAR,DS_TECH_READY_SOURCE,True,False,False,True,True,True,True,DS_CUSTOM_LIBRARY/converted/Elite_Redux_Bulk/cyclizar
CYNDAQUIL,DS_TECH_READY_SOURCE,True,False,False,True,True,True,True,DS_CUSTOM_LIBRARY/converted/Elite_Redux_Bulk/cyndaquil
DACHSBUN,DS_TECH_READY_SOURCE,True,False,False,True,True,True,True,DS_CUSTOM_LIBRARY/converted/Elite_Redux_Bulk/dachsbun
DARKRAI,DS_TECH_READY_SOURCE,True,False,False,True,True,True,True,DS_CUSTOM_LIBRARY/converted/Elite_Redux_Bulk/darkrai
DARKRAI_MEGA,DS_TECH_READY_SOURCE,True,False,True,True,True,True,True,DS_CUSTOM_LIBRARY/converted/Elite_Redux_Bulk/darkrai_mega
DARKRAI_NIGHTMARE,DS_TECH_READY_SOURCE,True,False,False,True,True,True,True,DS_CUSTOM_LIBRARY/converted/Elite_Redux_Bulk/darkrai_nightmare
DARMANITAN,DS_TECH_READY_SOURCE,True,False,False,True,True,True,True,DS_CUSTOM_LIBRARY/converted/Elite_Redux_Bulk/darmanitan
DARMANITAN_GALARIAN,DS_TECH_READY_SOURCE,True,False,False,True,True,True,True,DS_CUSTOM_LIBRARY/converted/Elite_Redux_Bulk/darmanitan_galarian
DARMANITAN_REDUX,DS_TECH_READY_SOURCE,True,True,False,True,True,True,True,DS_CUSTOM_LIBRARY/converted/Elite_Redux_Bulk/darmanitan_redux
DARMANITAN_REDUX_AURA,DS_TECH_READY_SOURCE,True,True,False,True,True,True,True,DS_CUSTOM_LIBRARY/converted/Elite_Redux_Bulk/darmanitan_redux_aura
DARMANITAN_REDUX_BLUNDER,DS_TECH_READY_SOURCE,True,True,False,True,True,True,True,DS_CUSTOM_LIBRARY/converted/Elite_Redux_Bulk/darmanitan_redux_blunder
DARMANITAN_REDUX_BOND,DS_TECH_READY_SOURCE,True,True,False,True,True,True,True,DS_CUSTOM_LIBRARY/converted/Elite_Redux_Bulk/darmanitan_redux_bond
DARMANITAN_ZEN_MODE,DS_TECH_READY_SOURCE,True,False,False,True,True,True,True,DS_CUSTOM_LIBRARY/converted/Elite_Redux_Bulk/darmanitan_zen_mode
DARMANITAN_ZEN_MODE_GALARIAN,DS_TECH_READY_SOURCE,True,False,False,True,True,True,True,DS_CUSTOM_LIBRARY/converted/Elite_Redux_Bulk/darmanitan_zen_mode_galarian
DARTRIX,DS_TECH_READY_SOURCE,True,False,False,True,True,True,True,DS_CUSTOM_LIBRARY/converted/Elite_Redux_Bulk/dartrix
DARUMAKA,DS_TECH_READY_SOURCE,True,False,False,True,True,True,True,DS_CUSTOM_LIBRARY/converted/Elite_Redux_Bulk/darumaka
DARUMAKA_GALARIAN,DS_TECH_READY_SOURCE,True,False,False,True,True,True,True,DS_CUSTOM_LIBRARY/converted/Elite_Redux_Bulk/darumaka_galarian
DARUMAKA_REDUX,DS_TECH_READY_SOURCE,True,True,False,True,True,True,True,DS_CUSTOM_LIBRARY/converted/Elite_Redux_Bulk/darumaka_redux
DECIDUEYE,DS_TECH_READY_SOURCE,True,False,False,True,True,True,True,DS_CUSTOM_LIBRARY/converted/Elite_Redux_Bulk/decidueye
DECIDUEYE_HISUIAN,DS_TECH_READY_SOURCE,True,False,False,True,True,True,True,DS_CUSTOM_LIBRARY/converted/Elite_Redux_Bulk/decidueye_hisuian
DECIDUEYE_HISUIAN_MEGA,DS_TECH_READY_SOURCE,True,False,True,True,True,True,True,DS_CUSTOM_LIBRARY/converted/Elite_Redux_Bulk/decidueye_hisuian_mega
DECIDUEYE_MEGA,DS_TECH_READY_SOURCE,True,False,True,True,True,True,True,DS_CUSTOM_LIBRARY/converted/Elite_Redux_Bulk/decidueye_mega
DEDELIBIRD,DS_TECH_READY_SOURCE,True,False,False,True,True,True,True,DS_CUSTOM_LIBRARY/converted/Elite_Redux_Bulk/dedelibird
DEDENNE,DS_TECH_READY_SOURCE,True,False,False,True,True,True,True,DS_CUSTOM_LIBRARY/converted/Elite_Redux_Bulk/dedenne
DEERLING,DS_TECH_READY_SOURCE,True,False,False,True,True,True,True,DS_CUSTOM_LIBRARY/converted/Elite_Redux_Bulk/deerling
DEERLING_AUTUMN,DS_TECH_READY_SOURCE,True,False,False,True,True,True,True,DS_CUSTOM_LIBRARY/converted/Elite_Redux_Bulk/deerling_autumn
DEERLING_SUMMER,DS_TECH_READY_SOURCE,True,False,False,True,True,True,True,DS_CUSTOM_LIBRARY/converted/Elite_Redux_Bulk/deerling_summer
DEERLING_WINTER,DS_TECH_READY_SOURCE,True,False,False,True,True,True,True,DS_CUSTOM_LIBRARY/converted/Elite_Redux_Bulk/deerling_winter
DEINO,DS_TECH_READY_SOURCE,True,False,False,True,True,True,True,DS_CUSTOM_LIBRARY/converted/Elite_Redux_Bulk/deino
DEINO_REDUX,DS_TECH_READY_SOURCE,True,True,False,True,True,True,True,DS_CUSTOM_LIBRARY/converted/Elite_Redux_Bulk/deino_redux
DELCATTY,DS_TECH_READY_SOURCE,True,False,False,True,True,True,True,DS_CUSTOM_LIBRARY/converted/Elite_Redux_Bulk/delcatty
DELIBIRD,DS_TECH_READY_SOURCE,True,False,False,True,True,True,True,DS_CUSTOM_LIBRARY/converted/Elite_Redux_Bulk/delibird
DELPHOX,DS_TECH_READY_SOURCE,True,False,False,True,True,True,True,DS_CUSTOM_LIBRARY/converted/Elite_Redux_Bulk/delphox
DELPHOX_BATTLE_BOND,DS_TECH_READY_SOURCE,True,False,False,True,True,True,True,DS_CUSTOM_LIBRARY/converted/Elite_Redux_Bulk/delphox_battle_bond
DELPHOX_MEGA,DS_TECH_READY_SOURCE,True,False,True,True,True,True,True,DS_CUSTOM_LIBRARY/converted/Elite_Redux_Bulk/delphox_mega
DELPHOX_SERENA,DS_TECH_READY_SOURCE,True,False,False,True,True,True,True,DS_CUSTOM_LIBRARY/converted/Elite_Redux_Bulk/delphox_serena
DEOXYS,DS_TECH_READY_SOURCE,True,False,False,True,True,True,True,DS_CUSTOM_LIBRARY/converted/Elite_Redux_Bulk/deoxys
DEOXYS_ATTACK,DS_TECH_READY_SOURCE,True,False,False,True,True,True,True,DS_CUSTOM_LIBRARY/converted/Elite_Redux_Bulk/deoxys_attack
DEOXYS_DEFENSE,DS_TECH_READY_SOURCE,True,False,False,True,True,True,True,DS_CUSTOM_LIBRARY/converted/Elite_Redux_Bulk/deoxys_defense
DEOXYS_SPEED,DS_TECH_READY_SOURCE,True,False,False,True,True,True,True,DS_CUSTOM_LIBRARY/converted/Elite_Redux_Bulk/deoxys_speed
DEWGONG,DS_TECH_READY_SOURCE,True,False,False,True,True,True,True,DS_CUSTOM_LIBRARY/converted/Elite_Redux_Bulk/dewgong
DEWGONG_MEGA,DS_TECH_READY_SOURCE,True,False,True,True,True,True,True,DS_CUSTOM_LIBRARY/converted/Elite_Redux_Bulk/dewgong_mega
DEWGONG_REDUX,DS_TECH_READY_SOURCE,True,True,False,True,True,True,True,DS_CUSTOM_LIBRARY/converted/Elite_Redux_Bulk/dewgong_redux
DEWOTT,DS_TECH_READY_SOURCE,True,False,False,True,True,True,True,DS_CUSTOM_LIBRARY/converted/Elite_Redux_Bulk/dewott
DEWPIDER,DS_TECH_READY_SOURCE,True,False,False,True,True,True,True,DS_CUSTOM_LIBRARY/converted/Elite_Redux_Bulk/dewpider
DEWPIDER_REDUX,DS_TECH_READY_SOURCE,True,True,False,True,True,True,True,DS_CUSTOM_LIBRARY/converted/Elite_Redux_Bulk/dewpider_redux
DHELMISE,DS_TECH_READY_SOURCE,True,False,False,True,True,True,True,DS_CUSTOM_LIBRARY/converted/Elite_Redux_Bulk/dhelmise
DIALGA,DS_TECH_READY_SOURCE,True,False,False,True,True,True,True,DS_CUSTOM_LIBRARY/converted/Elite_Redux_Bulk/dialga
DIALGA_ORIGIN,DS_TECH_READY_SOURCE,True,False,False,True,True,True,True,DS_CUSTOM_LIBRARY/converted/Elite_Redux_Bulk/dialga_origin
DIANCIE,DS_TECH_READY_SOURCE,True,False,False,True,True,True,True,DS_CUSTOM_LIBRARY/converted/Elite_Redux_Bulk/diancie
DIANCIE_MEGA,DS_TECH_READY_SOURCE,True,False,True,True,True,True,True,DS_CUSTOM_LIBRARY/converted/Elite_Redux_Bulk/diancie_mega
DIGGERSBY,DS_TECH_READY_SOURCE,True,False,False,True,True,True,True,DS_CUSTOM_LIBRARY/converted/Elite_Redux_Bulk/diggersby
DIGLETT,DS_TECH_READY_SOURCE,True,False,False,True,True,True,True,DS_CUSTOM_LIBRARY/converted/Elite_Redux_Bulk/diglett
DIGLETT_ALOLAN,DS_TECH_READY_SOURCE,True,False,False,True,True,True,True,DS_CUSTOM_LIBRARY/converted/Elite_Redux_Bulk/diglett_alolan
DIPPLIN,DS_TECH_READY_SOURCE,True,False,False,True,True,True,True,DS_CUSTOM_LIBRARY/converted/Elite_Redux_Bulk/dipplin
DITTO,DS_TECH_READY_SOURCE,True,False,False,True,True,True,True,DS_CUSTOM_LIBRARY/converted/Elite_Redux_Bulk/ditto
DODRIO,DS_TECH_READY_SOURCE,True,False,False,True,True,True,True,DS_CUSTOM_LIBRARY/converted/Elite_Redux_Bulk/dodrio
DODRIO_REDUX,DS_TECH_READY_SOURCE,True,True,False,True,True,True,True,DS_CUSTOM_LIBRARY/converted/Elite_Redux_Bulk/dodrio_redux
DODUO,DS_TECH_READY_SOURCE,True,False,False,True,True,True,True,DS_CUSTOM_LIBRARY/converted/Elite_Redux_Bulk/doduo
DODUO_REDUX,DS_TECH_READY_SOURCE,True,True,False,True,True,True,True,DS_CUSTOM_LIBRARY/converted/Elite_Redux_Bulk/doduo_redux
DOLLIV,DS_TECH_READY_SOURCE,True,False,False,True,True,True,True,DS_CUSTOM_LIBRARY/converted/Elite_Redux_Bulk/dolliv
DONDOZO,DS_TECH_READY_SOURCE,True,False,False,True,True,True,True,DS_CUSTOM_LIBRARY/converted/Elite_Redux_Bulk/dondozo
DONPHAN,DS_TECH_READY_SOURCE,True,False,False,True,True,True,True,DS_CUSTOM_LIBRARY/converted/Elite_Redux_Bulk/donphan
DOTTLER,DS_TECH_READY_SOURCE,True,False,False,True,True,True,True,DS_CUSTOM_LIBRARY/converted/Elite_Redux_Bulk/dottler
DOUBLADE,DS_TECH_READY_SOURCE,True,False,False,True,True,True,True,DS_CUSTOM_LIBRARY/converted/Elite_Redux_Bulk/doublade
DOUBLADE_REDUX,DS_TECH_READY_SOURCE,True,True,False,True,True,True,True,DS_CUSTOM_LIBRARY/converted/Elite_Redux_Bulk/doublade_redux
DRACOVISH,DS_TECH_READY_SOURCE,True,False,False,True,True,True,True,DS_CUSTOM_LIBRARY/converted/Elite_Redux_Bulk/dracovish
DRACOVISH_MEGA,DS_TECH_READY_SOURCE,True,False,True,True,True,True,True,DS_CUSTOM_LIBRARY/converted/Elite_Redux_Bulk/dracovish_mega
DRACOZOLT,DS_TECH_READY_SOURCE,True,False,False,True,True,True,True,DS_CUSTOM_LIBRARY/converted/Elite_Redux_Bulk/dracozolt
DRAGALGE,DS_TECH_READY_SOURCE,True,False,False,True,True,True,True,DS_CUSTOM_LIBRARY/converted/Elite_Redux_Bulk/dragalge
DRAGALGE_MEGA,DS_TECH_READY_SOURCE,True,False,True,True,True,True,True,DS_CUSTOM_LIBRARY/converted/Elite_Redux_Bulk/dragalge_mega
DRAGAPULT,DS_TECH_READY_SOURCE,True,False,False,True,True,True,True,DS_CUSTOM_LIBRARY/converted/Elite_Redux_Bulk/dragapult
DRAGAPULT_MEGA,DS_TECH_READY_SOURCE,True,False,True,True,True,True,True,DS_CUSTOM_LIBRARY/converted/Elite_Redux_Bulk/dragapult_mega
DRAGONAIR,DS_TECH_READY_SOURCE,True,False,False,True,True,True,True,DS_CUSTOM_LIBRARY/converted/Elite_Redux_Bulk/dragonair
DRAGONITE,DS_TECH_READY_SOURCE,True,False,False,True,True,True,True,DS_CUSTOM_LIBRARY/converted/Elite_Redux_Bulk/dragonite
DRAGONITE_DELIVERY,DS_TECH_READY_SOURCE,True,False,False,True,True,True,True,DS_CUSTOM_LIBRARY/converted/Elite_Redux_Bulk/dragonite_delivery
DRAGONITE_MEGA,DS_TECH_READY_SOURCE,True,False,True,True,True,True,True,DS_CUSTOM_LIBRARY/converted/Elite_Redux_Bulk/dragonite_mega
DRAGONITE_MEGA_Y,DS_TECH_READY_SOURCE,True,False,True,True,True,True,True,DS_CUSTOM_LIBRARY/converted/Elite_Redux_Bulk/dragonite_mega_y
DRAKLOAK,DS_TECH_READY_SOURCE,True,False,False,True,True,True,True,DS_CUSTOM_LIBRARY/converted/Elite_Redux_Bulk/drakloak
DRAMPA,DS_TECH_READY_SOURCE,True,False,False,True,True,True,True,DS_CUSTOM_LIBRARY/converted/Elite_Redux_Bulk/drampa
DRAMPA_MEGA,DS_TECH_READY_SOURCE,True,False,True,True,True,True,True,DS_CUSTOM_LIBRARY/converted/Elite_Redux_Bulk/drampa_mega
DRAPION,DS_TECH_READY_SOURCE,True,False,False,True,True,True,True,DS_CUSTOM_LIBRARY/converted/Elite_Redux_Bulk/drapion
DRATINI,DS_TECH_READY_SOURCE,True,False,False,True,True,True,True,DS_CUSTOM_LIBRARY/converted/Elite_Redux_Bulk/dratini
DREADNAUT,DS_TECH_READY_SOURCE,True,False,False,True,True,True,True,DS_CUSTOM_LIBRARY/converted/Elite_Redux_Bulk/dreadnaut
DREDNAW,DS_TECH_READY_SOURCE,True,False,False,True,True,True,True,DS_CUSTOM_LIBRARY/converted/Elite_Redux_Bulk/drednaw
DREDNAW_MEGA,DS_TECH_READY_SOURCE,True,False,True,True,True,True,True,DS_CUSTOM_LIBRARY/converted/Elite_Redux_Bulk/drednaw_mega
DREDWOOD,DS_TECH_READY_SOURCE,True,False,False,True,True,True,True,DS_CUSTOM_LIBRARY/converted/Elite_Redux_Bulk/dredwood
DREEPY,DS_TECH_READY_SOURCE,True,False,False,True,True,True,True,DS_CUSTOM_LIBRARY/converted/Elite_Redux_Bulk/dreepy
DRIFBLIM,DS_TECH_READY_SOURCE,True,False,False,True,True,True,True,DS_CUSTOM_LIBRARY/converted/Elite_Redux_Bulk/drifblim
DRIFLOON,DS_TECH_READY_SOURCE,True,False,False,True,True,True,True,DS_CUSTOM_LIBRARY/converted/Elite_Redux_Bulk/drifloon
DRILBUR,DS_TECH_READY_SOURCE,True,False,False,True,True,True,True,DS_CUSTOM_LIBRARY/converted/Elite_Redux_Bulk/drilbur
DRILBUR_REDUX,DS_TECH_READY_SOURCE,True,True,False,True,True,True,True,DS_CUSTOM_LIBRARY/converted/Elite_Redux_Bulk/drilbur_redux
DRIZZILE,DS_TECH_READY_SOURCE,True,False,False,True,True,True,True,DS_CUSTOM_LIBRARY/converted/Elite_Redux_Bulk/drizzile
DROWZEE,DS_TECH_READY_SOURCE,True,False,False,True,True,True,True,DS_CUSTOM_LIBRARY/converted/Elite_Redux_Bulk/drowzee
DRUDDIGON,DS_TECH_READY_SOURCE,True,False,False,True,True,True,True,DS_CUSTOM_LIBRARY/converted/Elite_Redux_Bulk/druddigon
DUBWOOL,DS_TECH_READY_SOURCE,True,False,False,True,True,True,True,DS_CUSTOM_LIBRARY/converted/Elite_Redux_Bulk/dubwool
DUCKLETT,DS_TECH_READY_SOURCE,True,False,False,True,True,True,True,DS_CUSTOM_LIBRARY/converted/Elite_Redux_Bulk/ducklett
DUDUDUNSPARCE,DS_TECH_READY_SOURCE,True,False,False,True,True,True,True,DS_CUSTOM_LIBRARY/converted/Elite_Redux_Bulk/dududunsparce
DUDUDUNSPARCE_MEGA,DS_TECH_READY_SOURCE,True,False,True,True,True,True,True,DS_CUSTOM_LIBRARY/converted/Elite_Redux_Bulk/dududunsparce_mega
DUDUNSPARCE,DS_TECH_READY_SOURCE,True,False,False,True,True,True,True,DS_CUSTOM_LIBRARY/converted/Elite_Redux_Bulk/dudunsparce
DUDUNSPARCE_THREE_SEGMENT,DS_TECH_READY_SOURCE,True,False,False,True,True,True,True,DS_CUSTOM_LIBRARY/converted/Elite_Redux_Bulk/dudunsparce_three_segment
DUELUMBER,DS_TECH_READY_SOURCE,True,False,False,True,True,True,True,DS_CUSTOM_LIBRARY/converted/Elite_Redux_Bulk/duelumber
DUGTRIO,DS_TECH_READY_SOURCE,True,False,False,True,True,True,True,DS_CUSTOM_LIBRARY/converted/Elite_Redux_Bulk/dugtrio
DUGTRIO_ALOLAN,DS_TECH_READY_SOURCE,True,False,False,True,True,True,True,DS_CUSTOM_LIBRARY/converted/Elite_Redux_Bulk/dugtrio_alolan
DUNSPARCE,DS_TECH_READY_SOURCE,True,False,False,True,True,True,True,DS_CUSTOM_LIBRARY/converted/Elite_Redux_Bulk/dunsparce
DUOSION,DS_TECH_READY_SOURCE,True,False,False,True,True,True,True,DS_CUSTOM_LIBRARY/converted/Elite_Redux_Bulk/duosion
DUOSION_REDUX,DS_TECH_READY_SOURCE,True,True,False,True,True,True,True,DS_CUSTOM_LIBRARY/converted/Elite_Redux_Bulk/duosion_redux
DURALUDON,DS_TECH_READY_SOURCE,True,False,False,True,True,True,True,DS_CUSTOM_LIBRARY/converted/Elite_Redux_Bulk/duraludon
DURALUDON_PARTNER_MEGA,DS_TECH_READY_SOURCE,True,False,True,True,True,True,True,DS_CUSTOM_LIBRARY/converted/Elite_Redux_Bulk/duraludon_partner_mega
DURANT,DS_TECH_READY_SOURCE,True,False,False,True,True,True,True,DS_CUSTOM_LIBRARY/converted/Elite_Redux_Bulk/durant
DUSCLOPS,DS_TECH_READY_SOURCE,True,False,False,True,True,True,True,DS_CUSTOM_LIBRARY/converted/Elite_Redux_Bulk/dusclops
DUSKNOIR,DS_TECH_READY_SOURCE,True,False,False,True,True,True,True,DS_CUSTOM_LIBRARY/converted/Elite_Redux_Bulk/dusknoir
DUSKULL,DS_TECH_READY_SOURCE,True,False,False,True,True,True,True,DS_CUSTOM_LIBRARY/converted/Elite_Redux_Bulk/duskull
DUSTOX,DS_TECH_READY_SOURCE,True,False,False,True,True,True,True,DS_CUSTOM_LIBRARY/converted/Elite_Redux_Bulk/dustox
DWEBBLE,DS_TECH_READY_SOURCE,True,False,False,True,True,True,True,DS_CUSTOM_LIBRARY/converted/Elite_Redux_Bulk/dwebble
EELEKTRIK,DS_TECH_READY_SOURCE,True,False,False,True,True,True,True,DS_CUSTOM_LIBRARY/converted/Elite_Redux_Bulk/eelektrik
EELEKTROSS,DS_TECH_READY_SOURCE,True,False,False,True,True,True,True,DS_CUSTOM_LIBRARY/converted/Elite_Redux_Bulk/eelektross
EELEKTROSS_MEGA,DS_TECH_READY_SOURCE,True,False,True,True,True,True,True,DS_CUSTOM_LIBRARY/converted/Elite_Redux_Bulk/eelektross_mega
EEVEE,DS_TECH_READY_SOURCE,True,False,False,True,True,True,True,DS_CUSTOM_LIBRARY/converted/Elite_Redux_Bulk/eevee
EEVEE_PARTNER,DS_TECH_READY_SOURCE,True,False,False,True,True,True,True,DS_CUSTOM_LIBRARY/converted/Elite_Redux_Bulk/eevee_partner
EEVEE_PARTNER_MEGA,DS_TECH_READY_SOURCE,True,False,True,True,True,True,True,DS_CUSTOM_LIBRARY/converted/Elite_Redux_Bulk/eevee_partner_mega
EISCUE,DS_TECH_READY_SOURCE,True,False,False,True,True,True,True,DS_CUSTOM_LIBRARY/converted/Elite_Redux_Bulk/eiscue
EISCUE_NOICE_FACE,DS_TECH_READY_SOURCE,True,False,False,True,True,True,True,DS_CUSTOM_LIBRARY/converted/Elite_Redux_Bulk/eiscue_noice_face
EKANS,DS_TECH_READY_SOURCE,True,False,False,True,True,True,True,DS_CUSTOM_LIBRARY/converted/Elite_Redux_Bulk/ekans
ELDEGOSS,DS_TECH_READY_SOURCE,True,False,False,True,True,True,True,DS_CUSTOM_LIBRARY/converted/Elite_Redux_Bulk/eldegoss
ELECTABUZZ,DS_TECH_READY_SOURCE,True,False,False,True,True,True,True,DS_CUSTOM_LIBRARY/converted/Elite_Redux_Bulk/electabuzz
ELECTIVIRE,DS_TECH_READY_SOURCE,True,False,False,True,True,True,True,DS_CUSTOM_LIBRARY/converted/Elite_Redux_Bulk/electivire
ELECTRIKE,DS_TECH_READY_SOURCE,True,False,False,True,True,True,True,DS_CUSTOM_LIBRARY/converted/Elite_Redux_Bulk/electrike
ELECTRODE,DS_TECH_READY_SOURCE,True,False,False,True,True,True,True,DS_CUSTOM_LIBRARY/converted/Elite_Redux_Bulk/electrode
ELECTRODE_HISUIAN,DS_TECH_READY_SOURCE,True,False,False,True,True,True,True,DS_CUSTOM_LIBRARY/converted/Elite_Redux_Bulk/electrode_hisuian
ELEKID,DS_TECH_READY_SOURCE,True,False,False,True,True,True,True,DS_CUSTOM_LIBRARY/converted/Elite_Redux_Bulk/elekid
ELGYEM,DS_TECH_READY_SOURCE,True,False,False,True,True,True,True,DS_CUSTOM_LIBRARY/converted/Elite_Redux_Bulk/elgyem
EMBOAR,DS_TECH_READY_SOURCE,True,False,False,True,True,True,True,DS_CUSTOM_LIBRARY/converted/Elite_Redux_Bulk/emboar
EMBOAR_MEGA,DS_TECH_READY_SOURCE,True,False,True,True,True,True,True,DS_CUSTOM_LIBRARY/converted/Elite_Redux_Bulk/emboar_mega
EMOLGA,DS_TECH_READY_SOURCE,True,False,False,True,True,True,True,DS_CUSTOM_LIBRARY/converted/Elite_Redux_Bulk/emolga
EMPOLEON,DS_TECH_READY_SOURCE,True,False,False,True,True,True,True,DS_CUSTOM_LIBRARY/converted/Elite_Redux_Bulk/empoleon
EMPOLEON_MEGA,DS_TECH_READY_SOURCE,True,False,True,True,True,True,True,DS_CUSTOM_LIBRARY/converted/Elite_Redux_Bulk/empoleon_mega
EMPOLEON_REDUX,DS_TECH_READY_SOURCE,True,True,False,True,True,True,True,DS_CUSTOM_LIBRARY/converted/Elite_Redux_Bulk/empoleon_redux
EMPOLEON_REDUX_MEGA,DS_TECH_READY_SOURCE,True,True,True,True,True,True,True,DS_CUSTOM_LIBRARY/converted/Elite_Redux_Bulk/empoleon_redux_mega
ENAMORUS,DS_TECH_READY_SOURCE,True,False,False,True,True,True,True,DS_CUSTOM_LIBRARY/converted/Elite_Redux_Bulk/enamorus
ENAMORUS_THERIAN,DS_TECH_READY_SOURCE,True,False,False,True,True,True,True,DS_CUSTOM_LIBRARY/converted/Elite_Redux_Bulk/enamorus_therian
ENTEI,DS_TECH_READY_SOURCE,True,False,False,True,True,True,True,DS_CUSTOM_LIBRARY/converted/Elite_Redux_Bulk/entei
ERATICATE,DS_TECH_READY_SOURCE,True,False,False,True,True,True,True,DS_CUSTOM_LIBRARY/converted/Elite_Redux_Bulk/eraticate
ESCARGINITE,DS_TECH_READY_SOURCE,True,False,False,True,True,True,True,DS_CUSTOM_LIBRARY/converted/Elite_Redux_Bulk/escarginite
ESCARGINITE_REDUX,DS_TECH_READY_SOURCE,True,True,False,True,True,True,True,DS_CUSTOM_LIBRARY/converted/Elite_Redux_Bulk/escarginite_redux
ESCAVALIER,DS_TECH_READY_SOURCE,True,False,False,True,True,True,True,DS_CUSTOM_LIBRARY/converted/Elite_Redux_Bulk/escavalier
ESPATHRA,DS_TECH_READY_SOURCE,True,False,False,True,True,True,True,DS_CUSTOM_LIBRARY/converted/Elite_Redux_Bulk/espathra
ESPEON,DS_TECH_READY_SOURCE,True,False,False,True,True,True,True,DS_CUSTOM_LIBRARY/converted/Elite_Redux_Bulk/espeon
ESPEON_GALAXY,DS_TECH_READY_SOURCE,True,False,False,True,True,True,True,DS_CUSTOM_LIBRARY/converted/Elite_Redux_Bulk/espeon_galaxy
ESPURR,DS_TECH_READY_SOURCE,True,False,False,True,True,True,True,DS_CUSTOM_LIBRARY/converted/Elite_Redux_Bulk/espurr
ETERNATUS,DS_TECH_READY_SOURCE,True,False,False,True,True,True,True,DS_CUSTOM_LIBRARY/converted/Elite_Redux_Bulk/eternatus
ETERNATUS_ETERNAMAX,DS_TECH_READY_SOURCE,True,False,False,True,True,True,True,DS_CUSTOM_LIBRARY/converted/Elite_Redux_Bulk/eternatus_eternamax
EXCADRILL,DS_TECH_READY_SOURCE,True,False,False,True,True,True,True,DS_CUSTOM_LIBRARY/converted/Elite_Redux_Bulk/excadrill
EXCADRILL_MEGA,DS_TECH_READY_SOURCE,True,False,True,True,True,True,True,DS_CUSTOM_LIBRARY/converted/Elite_Redux_Bulk/excadrill_mega
EXCADRILL_REDUX,DS_TECH_READY_SOURCE,True,True,False,True,True,True,True,DS_CUSTOM_LIBRARY/converted/Elite_Redux_Bulk/excadrill_redux
EXEGGCUTE,DS_TECH_READY_SOURCE,True,False,False,True,True,True,True,DS_CUSTOM_LIBRARY/converted/Elite_Redux_Bulk/exeggcute
EXEGGCUTE_REDUX,DS_TECH_READY_SOURCE,True,True,False,True,True,True,True,DS_CUSTOM_LIBRARY/converted/Elite_Redux_Bulk/exeggcute_redux
EXEGGUTOR,DS_TECH_READY_SOURCE,True,False,False,True,True,True,True,DS_CUSTOM_LIBRARY/converted/Elite_Redux_Bulk/exeggutor
EXEGGUTOR_ALOLAN,DS_TECH_READY_SOURCE,True,False,False,True,True,True,True,DS_CUSTOM_LIBRARY/converted/Elite_Redux_Bulk/exeggutor_alolan
EXEGGUTOR_REDUX,DS_TECH_READY_SOURCE,True,True,False,True,True,True,True,DS_CUSTOM_LIBRARY/converted/Elite_Redux_Bulk/exeggutor_redux
EXPLOUD,DS_TECH_READY_SOURCE,True,False,False,True,True,True,True,DS_CUSTOM_LIBRARY/converted/Elite_Redux_Bulk/exploud
EXPLOUD_REDUX,DS_TECH_READY_SOURCE,True,True,False,True,True,True,True,DS_CUSTOM_LIBRARY/converted/Elite_Redux_Bulk/exploud_redux
FALINKS,DS_TECH_READY_SOURCE,True,False,False,True,True,True,True,DS_CUSTOM_LIBRARY/converted/Elite_Redux_Bulk/falinks
FALINKS_MEGA,DS_TECH_READY_SOURCE,True,False,True,True,True,True,True,DS_CUSTOM_LIBRARY/converted/Elite_Redux_Bulk/falinks_mega
FARFETCHD,DS_TECH_READY_SOURCE,True,False,False,True,True,True,True,DS_CUSTOM_LIBRARY/converted/Elite_Redux_Bulk/farfetchd
FARFETCHD_GALARIAN,DS_TECH_READY_SOURCE,True,False,False,True,True,True,True,DS_CUSTOM_LIBRARY/converted/Elite_Redux_Bulk/farfetchd_galarian
FARIGIRAF,DS_TECH_READY_SOURCE,True,False,False,True,True,True,True,DS_CUSTOM_LIBRARY/converted/Elite_Redux_Bulk/farigiraf
FEAROW,DS_TECH_READY_SOURCE,True,False,False,True,True,True,True,DS_CUSTOM_LIBRARY/converted/Elite_Redux_Bulk/fearow
FEAROW_REDUX,DS_TECH_READY_SOURCE,True,True,False,True,True,True,True,DS_CUSTOM_LIBRARY/converted/Elite_Redux_Bulk/fearow_redux
FEAROW_REDUX_EVO,DS_TECH_READY_SOURCE,True,True,False,True,True,True,True,DS_CUSTOM_LIBRARY/converted/Elite_Redux_Bulk/fearow_redux_evo
FEEBAS,DS_TECH_READY_SOURCE,True,False,False,True,True,True,True,DS_CUSTOM_LIBRARY/converted/Elite_Redux_Bulk/feebas
FENNEKIN,DS_TECH_READY_SOURCE,True,False,False,True,True,True,True,DS_CUSTOM_LIBRARY/converted/Elite_Redux_Bulk/fennekin
FERALIGATR,DS_TECH_READY_SOURCE,True,False,False,True,True,True,True,DS_CUSTOM_LIBRARY/converted/Elite_Redux_Bulk/feraligatr
FERALIGATR_MEGA_X,DS_TECH_READY_SOURCE,True,False,True,True,True,True,True,DS_CUSTOM_LIBRARY/converted/Elite_Redux_Bulk/feraligatr_mega_x
FERALIGATR_MEGA_Y,DS_TECH_READY_SOURCE,True,False,True,True,True,True,True,DS_CUSTOM_LIBRARY/converted/Elite_Redux_Bulk/feraligatr_mega_y
FERROSEED,DS_TECH_READY_SOURCE,True,False,False,True,True,True,True,DS_CUSTOM_LIBRARY/converted/Elite_Redux_Bulk/ferroseed
FERROTHORN,DS_TECH_READY_SOURCE,True,False,False,True,True,True,True,DS_CUSTOM_LIBRARY/converted/Elite_Redux_Bulk/ferrothorn
FEZANDIPITI,DS_TECH_READY_SOURCE,True,False,False,True,True,True,True,DS_CUSTOM_LIBRARY/converted/Elite_Redux_Bulk/fezandipiti
FIDOUGH,DS_TECH_READY_SOURCE,True,False,False,True,True,True,True,DS_CUSTOM_LIBRARY/converted/Elite_Redux_Bulk/fidough
FIDOUGH_PARTNER,DS_TECH_READY_SOURCE,True,False,False,True,True,True,True,DS_CUSTOM_LIBRARY/converted/Elite_Redux_Bulk/fidough_partner
FIDOUGH_PARTNER_MEGA,DS_TECH_READY_SOURCE,True,False,True,True,True,True,True,DS_CUSTOM_LIBRARY/converted/Elite_Redux_Bulk/fidough_partner_mega
FINIZEN,DS_TECH_READY_SOURCE,True,False,False,True,True,True,True,DS_CUSTOM_LIBRARY/converted/Elite_Redux_Bulk/finizen
FINNEON,DS_TECH_READY_SOURCE,True,False,False,True,True,True,True,DS_CUSTOM_LIBRARY/converted/Elite_Redux_Bulk/finneon
FLAAFFY,DS_TECH_READY_SOURCE,True,False,False,True,True,True,True,DS_CUSTOM_LIBRARY/converted/Elite_Redux_Bulk/flaaffy
FLABEBE,DS_TECH_READY_SOURCE,True,False,False,True,True,True,True,DS_CUSTOM_LIBRARY/converted/Elite_Redux_Bulk/flabebe
FLABEBE_BLUE_FLOWER,DS_TECH_READY_SOURCE,True,False,False,True,True,True,True,DS_CUSTOM_LIBRARY/converted/Elite_Redux_Bulk/flabebe_blue_flower
FLABEBE_ORANGE_FLOWER,DS_TECH_READY_SOURCE,True,False,False,True,True,True,True,DS_CUSTOM_LIBRARY/converted/Elite_Redux_Bulk/flabebe_orange_flower
FLABEBE_WHITE_FLOWER,DS_TECH_READY_SOURCE,True,False,False,True,True,True,True,DS_CUSTOM_LIBRARY/converted/Elite_Redux_Bulk/flabebe_white_flower
FLABEBE_YELLOW_FLOWER,DS_TECH_READY_SOURCE,True,False,False,True,True,True,True,DS_CUSTOM_LIBRARY/converted/Elite_Redux_Bulk/flabebe_yellow_flower
FLAIRGRANCE,DS_TECH_READY_SOURCE,True,False,False,True,True,True,True,DS_CUSTOM_LIBRARY/converted/Elite_Redux_Bulk/flairgrance
FLAMIGO,DS_TECH_READY_SOURCE,True,False,False,True,True,True,True,DS_CUSTOM_LIBRARY/converted/Elite_Redux_Bulk/flamigo
FLAPPLE,DS_TECH_READY_SOURCE,True,False,False,True,True,True,True,DS_CUSTOM_LIBRARY/converted/Elite_Redux_Bulk/flapple
FLAREON,DS_TECH_READY_SOURCE,True,False,False,True,True,True,True,DS_CUSTOM_LIBRARY/converted/Elite_Redux_Bulk/flareon
FLETCHINDER,DS_TECH_READY_SOURCE,True,False,False,True,True,True,True,DS_CUSTOM_LIBRARY/converted/Elite_Redux_Bulk/fletchinder
FLETCHLING,DS_TECH_READY_SOURCE,True,False,False,True,True,True,True,DS_CUSTOM_LIBRARY/converted/Elite_Redux_Bulk/fletchling
FLITTLE,DS_TECH_READY_SOURCE,True,False,False,True,True,True,True,DS_CUSTOM_LIBRARY/converted/Elite_Redux_Bulk/flittle
FLOATZEL,DS_TECH_READY_SOURCE,True,False,False,True,True,True,True,DS_CUSTOM_LIBRARY/converted/Elite_Redux_Bulk/floatzel
FLOATZEL_REDUX,DS_TECH_READY_SOURCE,True,True,False,True,True,True,True,DS_CUSTOM_LIBRARY/converted/Elite_Redux_Bulk/floatzel_redux
FLOETTE,DS_TECH_READY_SOURCE,True,False,False,True,True,True,True,DS_CUSTOM_LIBRARY/converted/Elite_Redux_Bulk/floette
FLOETTE_BLUE_FLOWER,DS_TECH_READY_SOURCE,True,False,False,True,True,True,True,DS_CUSTOM_LIBRARY/converted/Elite_Redux_Bulk/floette_blue_flower
FLOETTE_ETERNAL_FLOWER,DS_TECH_READY_SOURCE,True,False,False,True,True,True,True,DS_CUSTOM_LIBRARY/converted/Elite_Redux_Bulk/floette_eternal_flower
FLOETTE_ETERNAL_FLOWER_MEGA,DS_TECH_READY_SOURCE,True,False,True,True,True,True,True,DS_CUSTOM_LIBRARY/converted/Elite_Redux_Bulk/floette_eternal_flower_mega
FLOETTE_ORANGE_FLOWER,DS_TECH_READY_SOURCE,True,False,False,True,True,True,True,DS_CUSTOM_LIBRARY/converted/Elite_Redux_Bulk/floette_orange_flower
FLOETTE_WHITE_FLOWER,DS_TECH_READY_SOURCE,True,False,False,True,True,True,True,DS_CUSTOM_LIBRARY/converted/Elite_Redux_Bulk/floette_white_flower
FLOETTE_YELLOW_FLOWER,DS_TECH_READY_SOURCE,True,False,False,True,True,True,True,DS_CUSTOM_LIBRARY/converted/Elite_Redux_Bulk/floette_yellow_flower
FLORAGATO,DS_TECH_READY_SOURCE,True,False,False,True,True,True,True,DS_CUSTOM_LIBRARY/converted/Elite_Redux_Bulk/floragato
FLORGES,DS_TECH_READY_SOURCE,True,False,False,True,True,True,True,DS_CUSTOM_LIBRARY/converted/Elite_Redux_Bulk/florges
FLORGES_BLUE_FLOWER,DS_TECH_READY_SOURCE,True,False,False,True,True,True,True,DS_CUSTOM_LIBRARY/converted/Elite_Redux_Bulk/florges_blue_flower
FLORGES_ORANGE_FLOWER,DS_TECH_READY_SOURCE,True,False,False,True,True,True,True,DS_CUSTOM_LIBRARY/converted/Elite_Redux_Bulk/florges_orange_flower
FLORGES_WHITE_FLOWER,DS_TECH_READY_SOURCE,True,False,False,True,True,True,True,DS_CUSTOM_LIBRARY/converted/Elite_Redux_Bulk/florges_white_flower
FLORGES_YELLOW_FLOWER,DS_TECH_READY_SOURCE,True,False,False,True,True,True,True,DS_CUSTOM_LIBRARY/converted/Elite_Redux_Bulk/florges_yellow_flower
FLUFFBEE,DS_TECH_READY_SOURCE,True,False,False,True,True,True,True,DS_CUSTOM_LIBRARY/converted/Elite_Redux_Bulk/fluffbee
FLUTTER_MANE,DS_TECH_READY_SOURCE,True,False,False,True,True,True,True,DS_CUSTOM_LIBRARY/converted/Elite_Redux_Bulk/flutter_mane
FLYGON,DS_TECH_READY_SOURCE,True,False,False,True,True,True,True,DS_CUSTOM_LIBRARY/converted/Elite_Redux_Bulk/flygon
FLYGON_MEGA,DS_TECH_READY_SOURCE,True,False,True,True,True,True,True,DS_CUSTOM_LIBRARY/converted/Elite_Redux_Bulk/flygon_mega
FLYGON_REDUX,DS_TECH_READY_SOURCE,True,True,False,True,True,True,True,DS_CUSTOM_LIBRARY/converted/Elite_Redux_Bulk/flygon_redux
FLYGON_REDUX_B,DS_TECH_READY_SOURCE,True,True,False,True,True,True,True,DS_CUSTOM_LIBRARY/converted/Elite_Redux_Bulk/flygon_redux_b
FLYGON_REDUX_B_MEGA,DS_TECH_READY_SOURCE,True,True,True,True,True,True,True,DS_CUSTOM_LIBRARY/converted/Elite_Redux_Bulk/flygon_redux_b_mega
FLYGON_REDUX_MEGA,DS_TECH_READY_SOURCE,True,True,True,True,True,True,True,DS_CUSTOM_LIBRARY/converted/Elite_Redux_Bulk/flygon_redux_mega
FOGGING,DS_TECH_READY_SOURCE,True,False,False,True,True,True,True,DS_CUSTOM_LIBRARY/converted/Elite_Redux_Bulk/fogging
FOMANTIS,DS_TECH_READY_SOURCE,True,False,False,True,True,True,True,DS_CUSTOM_LIBRARY/converted/Elite_Redux_Bulk/fomantis
FOONGUS,DS_TECH_READY_SOURCE,True,False,False,True,True,True,True,DS_CUSTOM_LIBRARY/converted/Elite_Redux_Bulk/foongus
FORRETRESS,DS_TECH_READY_SOURCE,True,False,False,True,True,True,True,DS_CUSTOM_LIBRARY/converted/Elite_Redux_Bulk/forretress
FRAXURE,DS_TECH_READY_SOURCE,True,False,False,True,True,True,True,DS_CUSTOM_LIBRARY/converted/Elite_Redux_Bulk/fraxure
FRIGIBAX,DS_TECH_READY_SOURCE,True,False,False,True,True,True,True,DS_CUSTOM_LIBRARY/converted/Elite_Redux_Bulk/frigibax
FRILLISH,DS_TECH_READY_SOURCE,True,False,False,True,True,True,True,DS_CUSTOM_LIBRARY/converted/Elite_Redux_Bulk/frillish
FROAKIE,DS_TECH_READY_SOURCE,True,False,False,True,True,True,True,DS_CUSTOM_LIBRARY/converted/Elite_Redux_Bulk/froakie
FROGADIER,DS_TECH_READY_SOURCE,True,False,False,True,True,True,True,DS_CUSTOM_LIBRARY/converted/Elite_Redux_Bulk/frogadier
FROSLASS,DS_TECH_READY_SOURCE,True,False,False,True,True,True,True,DS_CUSTOM_LIBRARY/converted/Elite_Redux_Bulk/froslass
FROSLASS_MEGA,DS_TECH_READY_SOURCE,True,False,True,True,True,True,True,DS_CUSTOM_LIBRARY/converted/Elite_Redux_Bulk/froslass_mega
FROSLASS_MEGA_Y,DS_TECH_READY_SOURCE,True,False,True,True,True,True,True,DS_CUSTOM_LIBRARY/converted/Elite_Redux_Bulk/froslass_mega_y
FROSLASS_REDUX,DS_TECH_READY_SOURCE,True,True,False,True,True,True,True,DS_CUSTOM_LIBRARY/converted/Elite_Redux_Bulk/froslass_redux
FROSLASS_REDUX_MEGA,DS_TECH_READY_SOURCE,True,True,True,True,True,True,True,DS_CUSTOM_LIBRARY/converted/Elite_Redux_Bulk/froslass_redux_mega
FROSMOTH,DS_TECH_READY_SOURCE,True,False,False,True,True,True,True,DS_CUSTOM_LIBRARY/converted/Elite_Redux_Bulk/frosmoth
FROSTUCCINO,DS_TECH_READY_SOURCE,True,False,False,True,True,True,True,DS_CUSTOM_LIBRARY/converted/Elite_Redux_Bulk/frostuccino
FROSTULA,DS_TECH_READY_SOURCE,True,False,False,True,True,True,True,DS_CUSTOM_LIBRARY/converted/Elite_Redux_Bulk/frostula
FUECOCO,DS_TECH_READY_SOURCE,True,False,False,True,True,True,True,DS_CUSTOM_LIBRARY/converted/Elite_Redux_Bulk/fuecoco
FUJIFLAP,DS_TECH_READY_SOURCE,True,False,False,True,True,True,True,DS_CUSTOM_LIBRARY/converted/Elite_Redux_Bulk/fujiflap
FURFROU,DS_TECH_READY_SOURCE,True,False,False,True,True,True,True,DS_CUSTOM_LIBRARY/converted/Elite_Redux_Bulk/furfrou
FURFROU_DANDY_TRIM,DS_TECH_READY_SOURCE,True,False,False,True,True,True,True,DS_CUSTOM_LIBRARY/converted/Elite_Redux_Bulk/furfrou_dandy_trim
FURFROU_DEBUTANTE_TRIM,DS_TECH_READY_SOURCE,True,False,False,True,True,True,True,DS_CUSTOM_LIBRARY/converted/Elite_Redux_Bulk/furfrou_debutante_trim
FURFROU_DIAMOND_TRIM,DS_TECH_READY_SOURCE,True,False,False,True,True,True,True,DS_CUSTOM_LIBRARY/converted/Elite_Redux_Bulk/furfrou_diamond_trim
FURFROU_HEART_TRIM,DS_TECH_READY_SOURCE,True,False,False,True,True,True,True,DS_CUSTOM_LIBRARY/converted/Elite_Redux_Bulk/furfrou_heart_trim
FURFROU_KABUKI_TRIM,DS_TECH_READY_SOURCE,True,False,False,True,True,True,True,DS_CUSTOM_LIBRARY/converted/Elite_Redux_Bulk/furfrou_kabuki_trim
FURFROU_LA_REINE_TRIM,DS_TECH_READY_SOURCE,True,False,False,True,True,True,True,DS_CUSTOM_LIBRARY/converted/Elite_Redux_Bulk/furfrou_la_reine_trim
FURFROU_MATRON_TRIM,DS_TECH_READY_SOURCE,True,False,False,True,True,True,True,DS_CUSTOM_LIBRARY/converted/Elite_Redux_Bulk/furfrou_matron_trim
FURFROU_PHARAOH_TRIM,DS_TECH_READY_SOURCE,True,False,False,True,True,True,True,DS_CUSTOM_LIBRARY/converted/Elite_Redux_Bulk/furfrou_pharaoh_trim
FURFROU_STAR_TRIM,DS_TECH_READY_SOURCE,True,False,False,True,True,True,True,DS_CUSTOM_LIBRARY/converted/Elite_Redux_Bulk/furfrou_star_trim
FURRET,DS_TECH_READY_SOURCE,True,False,False,True,True,True,True,DS_CUSTOM_LIBRARY/converted/Elite_Redux_Bulk/furret
GABITE,DS_TECH_READY_SOURCE,True,False,False,True,True,True,True,DS_CUSTOM_LIBRARY/converted/Elite_Redux_Bulk/gabite
GABITE_REDUX,DS_TECH_READY_SOURCE,True,True,False,True,True,True,True,DS_CUSTOM_LIBRARY/converted/Elite_Redux_Bulk/gabite_redux
GALLADE,DS_TECH_READY_SOURCE,True,False,False,True,True,True,True,DS_CUSTOM_LIBRARY/converted/Elite_Redux_Bulk/gallade
GALLADE_MEGA,DS_TECH_READY_SOURCE,True,False,True,True,True,True,True,DS_CUSTOM_LIBRARY/converted/Elite_Redux_Bulk/gallade_mega
GALLADE_REDUX,DS_TECH_READY_SOURCE,True,True,False,True,True,True,True,DS_CUSTOM_LIBRARY/converted/Elite_Redux_Bulk/gallade_redux
GALLADE_REDUX_MEGA,DS_TECH_READY_SOURCE,True,True,True,True,True,True,True,DS_CUSTOM_LIBRARY/converted/Elite_Redux_Bulk/gallade_redux_mega
GALVANTULA,DS_TECH_READY_SOURCE,True,False,False,True,True,True,True,DS_CUSTOM_LIBRARY/converted/Elite_Redux_Bulk/galvantula
GARBODOR,DS_TECH_READY_SOURCE,True,False,False,True,True,True,True,DS_CUSTOM_LIBRARY/converted/Elite_Redux_Bulk/garbodor
GARBODOR_MEGA,DS_TECH_READY_SOURCE,True,False,True,True,True,True,True,DS_CUSTOM_LIBRARY/converted/Elite_Redux_Bulk/garbodor_mega
GARCHOMP,DS_TECH_READY_SOURCE,True,False,False,True,True,True,True,DS_CUSTOM_LIBRARY/converted/Elite_Redux_Bulk/garchomp
GARCHOMP_MEGA,DS_TECH_READY_SOURCE,True,False,True,True,True,True,True,DS_CUSTOM_LIBRARY/converted/Elite_Redux_Bulk/garchomp_mega
GARCHOMP_MEGA_REDUX,DS_TECH_READY_SOURCE,True,True,True,True,True,True,True,DS_CUSTOM_LIBRARY/converted/Elite_Redux_Bulk/garchomp_mega_redux
GARCHOMP_MEGA_Z,DS_TECH_READY_SOURCE,True,False,True,True,True,True,True,DS_CUSTOM_LIBRARY/converted/Elite_Redux_Bulk/garchomp_mega_z
GARCHOMP_REDUX,DS_TECH_READY_SOURCE,True,True,False,True,True,True,True,DS_CUSTOM_LIBRARY/converted/Elite_Redux_Bulk/garchomp_redux
GARDEVOIR,DS_TECH_READY_SOURCE,True,False,False,True,True,True,True,DS_CUSTOM_LIBRARY/converted/Elite_Redux_Bulk/gardevoir
GARDEVOIR_MEGA,DS_TECH_READY_SOURCE,True,False,True,True,True,True,True,DS_CUSTOM_LIBRARY/converted/Elite_Redux_Bulk/gardevoir_mega
GARDEVOIR_REDUX,DS_TECH_READY_SOURCE,True,True,False,True,True,True,True,DS_CUSTOM_LIBRARY/converted/Elite_Redux_Bulk/gardevoir_redux
GARDEVOIR_REDUX_MEGA,DS_TECH_READY_SOURCE,True,True,True,True,True,True,True,DS_CUSTOM_LIBRARY/converted/Elite_Redux_Bulk/gardevoir_redux_mega
GARGABLOX,DS_TECH_READY_SOURCE,True,False,False,True,True,True,True,DS_CUSTOM_LIBRARY/converted/Elite_Redux_Bulk/gargablox
GARGANACL,DS_TECH_READY_SOURCE,True,False,False,True,True,True,True,DS_CUSTOM_LIBRARY/converted/Elite_Redux_Bulk/garganacl
GASTLY,DS_TECH_READY_SOURCE,True,False,False,True,True,True,True,DS_CUSTOM_LIBRARY/converted/Elite_Redux_Bulk/gastly
GASTRODON,DS_TECH_READY_SOURCE,True,False,False,True,True,True,True,DS_CUSTOM_LIBRARY/converted/Elite_Redux_Bulk/gastrodon
GASTRODON_EAST_SEA,DS_TECH_READY_SOURCE,True,False,False,True,True,True,True,DS_CUSTOM_LIBRARY/converted/Elite_Redux_Bulk/gastrodon_east_sea
GENESECT,DS_TECH_READY_SOURCE,True,False,False,True,True,True,True,DS_CUSTOM_LIBRARY/converted/Elite_Redux_Bulk/genesect
GENESECT_BURN_DRIVE,DS_TECH_READY_SOURCE,True,False,False,True,True,True,True,DS_CUSTOM_LIBRARY/converted/Elite_Redux_Bulk/genesect_burn_drive
GENESECT_CHILL_DRIVE,DS_TECH_READY_SOURCE,True,False,False,True,True,True,True,DS_CUSTOM_LIBRARY/converted/Elite_Redux_Bulk/genesect_chill_drive
GENESECT_DOUSE_DRIVE,DS_TECH_READY_SOURCE,True,False,False,True,True,True,True,DS_CUSTOM_LIBRARY/converted/Elite_Redux_Bulk/genesect_douse_drive
GENESECT_SHOCK_DRIVE,DS_TECH_READY_SOURCE,True,False,False,True,True,True,True,DS_CUSTOM_LIBRARY/converted/Elite_Redux_Bulk/genesect_shock_drive
GENGAR,DS_TECH_READY_SOURCE,True,False,False,True,True,True,True,DS_CUSTOM_LIBRARY/converted/Elite_Redux_Bulk/gengar
GENGAR_MEGA,DS_TECH_READY_SOURCE,True,False,True,True,True,True,True,DS_CUSTOM_LIBRARY/converted/Elite_Redux_Bulk/gengar_mega
GENGAR_MEGA_X,DS_TECH_READY_SOURCE,True,False,True,True,True,True,True,DS_CUSTOM_LIBRARY/converted/Elite_Redux_Bulk/gengar_mega_x
GEODUDE,DS_TECH_READY_SOURCE,True,False,False,True,True,True,True,DS_CUSTOM_LIBRARY/converted/Elite_Redux_Bulk/geodude
GEODUDE_ALOLAN,DS_TECH_READY_SOURCE,True,False,False,True,True,True,True,DS_CUSTOM_LIBRARY/converted/Elite_Redux_Bulk/geodude_alolan
GHOLDENGO,DS_TECH_READY_SOURCE,True,False,False,True,True,True,True,DS_CUSTOM_LIBRARY/converted/Elite_Redux_Bulk/gholdengo
GIBLE,DS_TECH_READY_SOURCE,True,False,False,True,True,True,True,DS_CUSTOM_LIBRARY/converted/Elite_Redux_Bulk/gible
GIBLE_REDUX,DS_TECH_READY_SOURCE,True,True,False,True,True,True,True,DS_CUSTOM_LIBRARY/converted/Elite_Redux_Bulk/gible_redux
GIGALITH,DS_TECH_READY_SOURCE,True,False,False,True,True,True,True,DS_CUSTOM_LIBRARY/converted/Elite_Redux_Bulk/gigalith
GIMMIGHOUL,DS_TECH_READY_SOURCE,True,False,False,True,True,True,True,DS_CUSTOM_LIBRARY/converted/Elite_Redux_Bulk/gimmighoul
GIMMIGHOUL_ROAMING,DS_TECH_READY_SOURCE,True,False,False,True,True,True,True,DS_CUSTOM_LIBRARY/converted/Elite_Redux_Bulk/gimmighoul_roaming
GIRAFARIG,DS_TECH_READY_SOURCE,True,False,False,True,True,True,True,DS_CUSTOM_LIBRARY/converted/Elite_Redux_Bulk/girafarig
GIRATINA,DS_TECH_READY_SOURCE,True,False,False,True,True,True,True,DS_CUSTOM_LIBRARY/converted/Elite_Redux_Bulk/giratina
GIRATINA_ORIGIN,DS_TECH_READY_SOURCE,True,False,False,True,True,True,True,DS_CUSTOM_LIBRARY/converted/Elite_Redux_Bulk/giratina_origin
GLACEON,DS_TECH_READY_SOURCE,True,False,False,True,True,True,True,DS_CUSTOM_LIBRARY/converted/Elite_Redux_Bulk/glaceon
GLALIE,DS_TECH_READY_SOURCE,True,False,False,True,True,True,True,DS_CUSTOM_LIBRARY/converted/Elite_Redux_Bulk/glalie
GLALIE_MEGA,DS_TECH_READY_SOURCE,True,False,True,True,True,True,True,DS_CUSTOM_LIBRARY/converted/Elite_Redux_Bulk/glalie_mega
GLALIE_REDUX,DS_TECH_READY_SOURCE,True,True,False,True,True,True,True,DS_CUSTOM_LIBRARY/converted/Elite_Redux_Bulk/glalie_redux
GLALIE_REDUX_MEGA,DS_TECH_READY_SOURCE,True,True,True,True,True,True,True,DS_CUSTOM_LIBRARY/converted/Elite_Redux_Bulk/glalie_redux_mega
GLAMEOW,DS_TECH_READY_SOURCE,True,False,False,True,True,True,True,DS_CUSTOM_LIBRARY/converted/Elite_Redux_Bulk/glameow
GLASTRIER,DS_TECH_READY_SOURCE,True,False,False,True,True,True,True,DS_CUSTOM_LIBRARY/converted/Elite_Redux_Bulk/glastrier
GLIGAR,DS_TECH_READY_SOURCE,True,False,False,True,True,True,True,DS_CUSTOM_LIBRARY/converted/Elite_Redux_Bulk/gligar
GLIGAR_REDUX,DS_TECH_READY_SOURCE,True,True,False,True,True,True,True,DS_CUSTOM_LIBRARY/converted/Elite_Redux_Bulk/gligar_redux
GLIMMET,DS_TECH_READY_SOURCE,True,False,False,True,True,True,True,DS_CUSTOM_LIBRARY/converted/Elite_Redux_Bulk/glimmet
GLIMMORA,DS_TECH_READY_SOURCE,True,False,False,True,True,True,True,DS_CUSTOM_LIBRARY/converted/Elite_Redux_Bulk/glimmora
GLIMMORA_MEGA,DS_TECH_READY_SOURCE,True,False,True,True,True,True,True,DS_CUSTOM_LIBRARY/converted/Elite_Redux_Bulk/glimmora_mega
GLISCOR,DS_TECH_READY_SOURCE,True,False,False,True,True,True,True,DS_CUSTOM_LIBRARY/converted/Elite_Redux_Bulk/gliscor
GLISCOR_REDUX,DS_TECH_READY_SOURCE,True,True,False,True,True,True,True,DS_CUSTOM_LIBRARY/converted/Elite_Redux_Bulk/gliscor_redux
GLOOM,DS_TECH_READY_SOURCE,True,False,False,True,True,True,True,DS_CUSTOM_LIBRARY/converted/Elite_Redux_Bulk/gloom
GOGOAT,DS_TECH_READY_SOURCE,True,False,False,True,True,True,True,DS_CUSTOM_LIBRARY/converted/Elite_Redux_Bulk/gogoat
GOLBAT,DS_TECH_READY_SOURCE,True,False,False,True,True,True,True,DS_CUSTOM_LIBRARY/converted/Elite_Redux_Bulk/golbat
GOLDEEN,DS_TECH_READY_SOURCE,True,False,False,True,True,True,True,DS_CUSTOM_LIBRARY/converted/Elite_Redux_Bulk/goldeen
GOLDUCK,DS_TECH_READY_SOURCE,True,False,False,True,True,True,True,DS_CUSTOM_LIBRARY/converted/Elite_Redux_Bulk/golduck
GOLEM,DS_TECH_READY_SOURCE,True,False,False,True,True,True,True,DS_CUSTOM_LIBRARY/converted/Elite_Redux_Bulk/golem
GOLEM_ALOLAN,DS_TECH_READY_SOURCE,True,False,False,True,True,True,True,DS_CUSTOM_LIBRARY/converted/Elite_Redux_Bulk/golem_alolan
GOLETT,DS_TECH_READY_SOURCE,True,False,False,True,True,True,True,DS_CUSTOM_LIBRARY/converted/Elite_Redux_Bulk/golett
GOLISOPOD,DS_TECH_READY_SOURCE,True,False,False,True,True,True,True,DS_CUSTOM_LIBRARY/converted/Elite_Redux_Bulk/golisopod
GOLISOPOD_MEGA,DS_TECH_READY_SOURCE,True,False,True,True,True,True,True,DS_CUSTOM_LIBRARY/converted/Elite_Redux_Bulk/golisopod_mega
GOLISOPOD_MEGA_Y,DS_TECH_READY_SOURCE,True,False,True,True,True,True,True,DS_CUSTOM_LIBRARY/converted/Elite_Redux_Bulk/golisopod_mega_y
GOLURK,DS_TECH_READY_SOURCE,True,False,False,True,True,True,True,DS_CUSTOM_LIBRARY/converted/Elite_Redux_Bulk/golurk
GOLURK_MEGA,DS_TECH_READY_SOURCE,True,False,True,True,True,True,True,DS_CUSTOM_LIBRARY/converted/Elite_Redux_Bulk/golurk_mega
GOODRA,DS_TECH_READY_SOURCE,True,False,False,True,True,True,True,DS_CUSTOM_LIBRARY/converted/Elite_Redux_Bulk/goodra
GOODRA_HISUIAN,DS_TECH_READY_SOURCE,True,False,False,True,True,True,True,DS_CUSTOM_LIBRARY/converted/Elite_Redux_Bulk/goodra_hisuian
GOODRA_HISUIAN_MEGA,DS_TECH_READY_SOURCE,True,False,True,True,True,True,True,DS_CUSTOM_LIBRARY/converted/Elite_Redux_Bulk/goodra_hisuian_mega
GOODRA_MEGA,DS_TECH_READY_SOURCE,True,False,True,True,True,True,True,DS_CUSTOM_LIBRARY/converted/Elite_Redux_Bulk/goodra_mega
GOOMY,DS_TECH_READY_SOURCE,True,False,False,True,True,True,True,DS_CUSTOM_LIBRARY/converted/Elite_Redux_Bulk/goomy
GOOSCHASE,DS_TECH_READY_SOURCE,True,False,False,True,True,True,True,DS_CUSTOM_LIBRARY/converted/Elite_Redux_Bulk/gooschase
GOREBYSS,DS_TECH_READY_SOURCE,True,False,False,True,True,True,True,DS_CUSTOM_LIBRARY/converted/Elite_Redux_Bulk/gorebyss
GOSSIFLEUR,DS_TECH_READY_SOURCE,True,False,False,True,True,True,True,DS_CUSTOM_LIBRARY/converted/Elite_Redux_Bulk/gossifleur
GOTHITA,DS_TECH_READY_SOURCE,True,False,False,True,True,True,True,DS_CUSTOM_LIBRARY/converted/Elite_Redux_Bulk/gothita
GOTHITELLE,DS_TECH_READY_SOURCE,True,False,False,True,True,True,True,DS_CUSTOM_LIBRARY/converted/Elite_Redux_Bulk/gothitelle
GOTHITELLE_MEGA,DS_TECH_READY_SOURCE,True,False,True,True,True,True,True,DS_CUSTOM_LIBRARY/converted/Elite_Redux_Bulk/gothitelle_mega
GOTHORITA,DS_TECH_READY_SOURCE,True,False,False,True,True,True,True,DS_CUSTOM_LIBRARY/converted/Elite_Redux_Bulk/gothorita
GOUGING_FIRE,DS_TECH_READY_SOURCE,True,False,False,True,True,True,True,DS_CUSTOM_LIBRARY/converted/Elite_Redux_Bulk/gouging_fire
GOURGEIST,DS_TECH_READY_SOURCE,True,False,False,True,True,True,True,DS_CUSTOM_LIBRARY/converted/Elite_Redux_Bulk/gourgeist
GOURGEIST_LARGE,DS_TECH_READY_SOURCE,True,False,False,True,True,True,True,DS_CUSTOM_LIBRARY/converted/Elite_Redux_Bulk/gourgeist_large
GOURGEIST_SMALL,DS_TECH_READY_SOURCE,True,False,False,True,True,True,True,DS_CUSTOM_LIBRARY/converted/Elite_Redux_Bulk/gourgeist_small
GOURGEIST_SUPER,DS_TECH_READY_SOURCE,True,False,False,True,True,True,True,DS_CUSTOM_LIBRARY/converted/Elite_Redux_Bulk/gourgeist_super
GRAFAIAI,DS_TECH_READY_SOURCE,True,False,False,True,True,True,True,DS_CUSTOM_LIBRARY/converted/Elite_Redux_Bulk/grafaiai
GRANBULL,DS_TECH_READY_SOURCE,True,False,False,True,True,True,True,DS_CUSTOM_LIBRARY/converted/Elite_Redux_Bulk/granbull
GRANBULL_MEGA,DS_TECH_READY_SOURCE,True,False,True,True,True,True,True,DS_CUSTOM_LIBRARY/converted/Elite_Redux_Bulk/granbull_mega
GRANITUN,DS_TECH_READY_SOURCE,True,False,False,True,True,True,True,DS_CUSTOM_LIBRARY/converted/Elite_Redux_Bulk/granitun
GRAPPLOCT,DS_TECH_READY_SOURCE,True,False,False,True,True,True,True,DS_CUSTOM_LIBRARY/converted/Elite_Redux_Bulk/grapploct
GRAVELER,DS_TECH_READY_SOURCE,True,False,False,True,True,True,True,DS_CUSTOM_LIBRARY/converted/Elite_Redux_Bulk/graveler
GRAVELER_ALOLAN,DS_TECH_READY_SOURCE,True,False,False,True,True,True,True,DS_CUSTOM_LIBRARY/converted/Elite_Redux_Bulk/graveler_alolan
GREAT_TUSK,DS_TECH_READY_SOURCE,True,False,False,True,True,True,True,DS_CUSTOM_LIBRARY/converted/Elite_Redux_Bulk/great_tusk
GREAVARD,DS_TECH_READY_SOURCE,True,False,False,True,True,True,True,DS_CUSTOM_LIBRARY/converted/Elite_Redux_Bulk/greavard
GREEDENT,DS_TECH_READY_SOURCE,True,False,False,True,True,True,True,DS_CUSTOM_LIBRARY/converted/Elite_Redux_Bulk/greedent
GRENINJA,DS_TECH_READY_SOURCE,True,False,False,True,True,True,True,DS_CUSTOM_LIBRARY/converted/Elite_Redux_Bulk/greninja
GRENINJA_ASH,DS_TECH_READY_SOURCE,True,False,False,True,True,True,True,DS_CUSTOM_LIBRARY/converted/Elite_Redux_Bulk/greninja_ash
GRENINJA_BATTLE_BOND,DS_TECH_READY_SOURCE,True,False,False,True,True,True,True,DS_CUSTOM_LIBRARY/converted/Elite_Redux_Bulk/greninja_battle_bond
GRENINJA_MEGA,DS_TECH_READY_SOURCE,True,False,True,True,True,True,True,DS_CUSTOM_LIBRARY/converted/Elite_Redux_Bulk/greninja_mega
GRIMER,DS_TECH_READY_SOURCE,True,False,False,True,True,True,True,DS_CUSTOM_LIBRARY/converted/Elite_Redux_Bulk/grimer
GRIMER_ALOLAN,DS_TECH_READY_SOURCE,True,False,False,True,True,True,True,DS_CUSTOM_LIBRARY/converted/Elite_Redux_Bulk/grimer_alolan
GRIMMSNARL,DS_TECH_READY_SOURCE,True,False,False,True,True,True,True,DS_CUSTOM_LIBRARY/converted/Elite_Redux_Bulk/grimmsnarl
GRIMMSNARL_MEGA,DS_TECH_READY_SOURCE,True,False,True,True,True,True,True,DS_CUSTOM_LIBRARY/converted/Elite_Redux_Bulk/grimmsnarl_mega
GROOKEY,DS_TECH_READY_SOURCE,True,False,False,True,True,True,True,DS_CUSTOM_LIBRARY/converted/Elite_Redux_Bulk/grookey
GROTLE,DS_TECH_READY_SOURCE,True,False,False,True,True,True,True,DS_CUSTOM_LIBRARY/converted/Elite_Redux_Bulk/grotle
GROTLE_REDUX,DS_TECH_READY_SOURCE,True,True,False,True,True,True,True,DS_CUSTOM_LIBRARY/converted/Elite_Redux_Bulk/grotle_redux
GROTOM,DS_TECH_READY_SOURCE,True,False,False,True,True,True,True,DS_CUSTOM_LIBRARY/converted/Elite_Redux_Bulk/grotom
GROTOM_DRUM,DS_TECH_READY_SOURCE,True,False,False,True,True,True,True,DS_CUSTOM_LIBRARY/converted/Elite_Redux_Bulk/grotom_drum
GROTOM_FILL,DS_TECH_READY_SOURCE,True,False,False,True,True,True,True,DS_CUSTOM_LIBRARY/converted/Elite_Redux_Bulk/grotom_fill
GROTOM_GLASS,DS_TECH_READY_SOURCE,True,False,False,True,True,True,True,DS_CUSTOM_LIBRARY/converted/Elite_Redux_Bulk/grotom_glass
GROTOM_KICK,DS_TECH_READY_SOURCE,True,False,False,True,True,True,True,DS_CUSTOM_LIBRARY/converted/Elite_Redux_Bulk/grotom_kick
GROTOM_ROLL,DS_TECH_READY_SOURCE,True,False,False,True,True,True,True,DS_CUSTOM_LIBRARY/converted/Elite_Redux_Bulk/grotom_roll
GROUDON,DS_TECH_READY_SOURCE,True,False,False,True,True,True,True,DS_CUSTOM_LIBRARY/converted/Elite_Redux_Bulk/groudon
GROUDON_PRIMAL,DS_TECH_READY_SOURCE,True,False,False,True,True,True,True,DS_CUSTOM_LIBRARY/converted/Elite_Redux_Bulk/groudon_primal
GROVYLE,DS_TECH_READY_SOURCE,True,False,False,True,True,True,True,DS_CUSTOM_LIBRARY/converted/Elite_Redux_Bulk/grovyle
GROWLITHE,DS_TECH_READY_SOURCE,True,False,False,True,True,True,True,DS_CUSTOM_LIBRARY/converted/Elite_Redux_Bulk/growlithe
GROWLITHE_HISUIAN,DS_TECH_READY_SOURCE,True,False,False,True,True,True,True,DS_CUSTOM_LIBRARY/converted/Elite_Redux_Bulk/growlithe_hisuian
GROWLITHE_REDUX,DS_TECH_READY_SOURCE,True,True,False,True,True,True,True,DS_CUSTOM_LIBRARY/converted/Elite_Redux_Bulk/growlithe_redux
GRUBBIN,DS_TECH_READY_SOURCE,True,False,False,True,True,True,True,DS_CUSTOM_LIBRARY/converted/Elite_Redux_Bulk/grubbin
GRUMPIG,DS_TECH_READY_SOURCE,True,False,False,True,True,True,True,DS_CUSTOM_LIBRARY/converted/Elite_Redux_Bulk/grumpig
GUARDOZEL,DS_TECH_READY_SOURCE,True,False,False,True,True,True,True,DS_CUSTOM_LIBRARY/converted/Elite_Redux_Bulk/guardozel
GULPIN,DS_TECH_READY_SOURCE,True,False,False,True,True,True,True,DS_CUSTOM_LIBRARY/converted/Elite_Redux_Bulk/gulpin
GUMSHOOS,DS_TECH_READY_SOURCE,True,False,False,True,True,True,True,DS_CUSTOM_LIBRARY/converted/Elite_Redux_Bulk/gumshoos
GURDURR,DS_TECH_READY_SOURCE,True,False,False,True,True,True,True,DS_CUSTOM_LIBRARY/converted/Elite_Redux_Bulk/gurdurr
GUZZLORD,DS_TECH_READY_SOURCE,True,False,False,True,True,True,True,DS_CUSTOM_LIBRARY/converted/Elite_Redux_Bulk/guzzlord
GYARADEATH,DS_TECH_READY_SOURCE,True,False,False,True,True,True,True,DS_CUSTOM_LIBRARY/converted/Elite_Redux_Bulk/gyaradeath
GYARADEATH_MEGA_X,DS_TECH_READY_SOURCE,True,False,True,True,True,True,True,DS_CUSTOM_LIBRARY/converted/Elite_Redux_Bulk/gyaradeath_mega_x
GYARADEATH_MEGA_Y,DS_TECH_READY_SOURCE,True,False,True,True,True,True,True,DS_CUSTOM_LIBRARY/converted/Elite_Redux_Bulk/gyaradeath_mega_y
GYARADOS,DS_TECH_READY_SOURCE,True,False,False,True,True,True,True,DS_CUSTOM_LIBRARY/converted/Elite_Redux_Bulk/gyarados
GYARADOS_MEGA,DS_TECH_READY_SOURCE,True,False,True,True,True,True,True,DS_CUSTOM_LIBRARY/converted/Elite_Redux_Bulk/gyarados_mega
GYARADOS_MEGA_Y,DS_TECH_READY_SOURCE,True,False,True,True,True,True,True,DS_CUSTOM_LIBRARY/converted/Elite_Redux_Bulk/gyarados_mega_y
GYAREVALRY,DS_TECH_READY_SOURCE,True,False,False,True,True,True,True,DS_CUSTOM_LIBRARY/converted/Elite_Redux_Bulk/gyarevalry
HAKAMO_O,DS_TECH_READY_SOURCE,True,False,False,True,True,True,True,DS_CUSTOM_LIBRARY/converted/Elite_Redux_Bulk/hakamo_o
HAPPINY,DS_TECH_READY_SOURCE,True,False,False,True,True,True,True,DS_CUSTOM_LIBRARY/converted/Elite_Redux_Bulk/happiny
HAPPINY_REDUX,DS_TECH_READY_SOURCE,True,True,False,True,True,True,True,DS_CUSTOM_LIBRARY/converted/Elite_Redux_Bulk/happiny_redux
HARIYAMA,DS_TECH_READY_SOURCE,True,False,False,True,True,True,True,DS_CUSTOM_LIBRARY/converted/Elite_Redux_Bulk/hariyama
HARIYAMA_MEGA,DS_TECH_READY_SOURCE,True,False,True,True,True,True,True,DS_CUSTOM_LIBRARY/converted/Elite_Redux_Bulk/hariyama_mega
HARIYAMA_REDUX,DS_TECH_READY_SOURCE,True,True,False,True,True,True,True,DS_CUSTOM_LIBRARY/converted/Elite_Redux_Bulk/hariyama_redux
HARVESTING_TYRANT,DS_TECH_READY_SOURCE,True,False,False,True,True,True,True,DS_CUSTOM_LIBRARY/converted/Elite_Redux_Bulk/harvesting_tyrant
HATENNA,DS_TECH_READY_SOURCE,True,False,False,True,True,True,True,DS_CUSTOM_LIBRARY/converted/Elite_Redux_Bulk/hatenna
HATTERENE,DS_TECH_READY_SOURCE,True,False,False,True,True,True,True,DS_CUSTOM_LIBRARY/converted/Elite_Redux_Bulk/hatterene
HATTERENE_MEGA,DS_TECH_READY_SOURCE,True,False,True,True,True,True,True,DS_CUSTOM_LIBRARY/converted/Elite_Redux_Bulk/hatterene_mega
HATTREM,DS_TECH_READY_SOURCE,True,False,False,True,True,True,True,DS_CUSTOM_LIBRARY/converted/Elite_Redux_Bulk/hattrem
HAUNTER,DS_TECH_READY_SOURCE,True,False,False,True,True,True,True,DS_CUSTOM_LIBRARY/converted/Elite_Redux_Bulk/haunter
HAWLUCHA,DS_TECH_READY_SOURCE,True,False,False,True,True,True,True,DS_CUSTOM_LIBRARY/converted/Elite_Redux_Bulk/hawlucha
HAWLUCHA_MEGA,DS_TECH_READY_SOURCE,True,False,True,True,True,True,True,DS_CUSTOM_LIBRARY/converted/Elite_Redux_Bulk/hawlucha_mega
HAXORUS,DS_TECH_READY_SOURCE,True,False,False,True,True,True,True,DS_CUSTOM_LIBRARY/converted/Elite_Redux_Bulk/haxorus
HAXORUS_MEGA,DS_TECH_READY_SOURCE,True,False,True,True,True,True,True,DS_CUSTOM_LIBRARY/converted/Elite_Redux_Bulk/haxorus_mega
HEATMOR,DS_TECH_READY_SOURCE,True,False,False,True,True,True,True,DS_CUSTOM_LIBRARY/converted/Elite_Redux_Bulk/heatmor
HEATRAN,DS_TECH_READY_SOURCE,True,False,False,True,True,True,True,DS_CUSTOM_LIBRARY/converted/Elite_Redux_Bulk/heatran
HEATRAN_MEGA,DS_TECH_READY_SOURCE,True,False,True,True,True,True,True,DS_CUSTOM_LIBRARY/converted/Elite_Redux_Bulk/heatran_mega
HELIOLISK,DS_TECH_READY_SOURCE,True,False,False,True,True,True,True,DS_CUSTOM_LIBRARY/converted/Elite_Redux_Bulk/heliolisk
HELIOPTILE,DS_TECH_READY_SOURCE,True,False,False,True,True,True,True,DS_CUSTOM_LIBRARY/converted/Elite_Redux_Bulk/helioptile
HELIOSUNNY,DS_TECH_READY_SOURCE,True,False,False,True,True,True,True,DS_CUSTOM_LIBRARY/converted/Elite_Redux_Bulk/heliosunny
HERACREUS,DS_TECH_READY_SOURCE,True,False,False,True,True,True,True,DS_CUSTOM_LIBRARY/converted/Elite_Redux_Bulk/heracreus
HERACREUS_MEGA,DS_TECH_READY_SOURCE,True,False,True,True,True,True,True,DS_CUSTOM_LIBRARY/converted/Elite_Redux_Bulk/heracreus_mega
HERACROSS,DS_TECH_READY_SOURCE,True,False,False,True,True,True,True,DS_CUSTOM_LIBRARY/converted/Elite_Redux_Bulk/heracross
HERACROSS_MEGA,DS_TECH_READY_SOURCE,True,False,True,True,True,True,True,DS_CUSTOM_LIBRARY/converted/Elite_Redux_Bulk/heracross_mega
HERDIER,DS_TECH_READY_SOURCE,True,False,False,True,True,True,True,DS_CUSTOM_LIBRARY/converted/Elite_Redux_Bulk/herdier
HIPPOPOTAS,DS_TECH_READY_SOURCE,True,False,False,True,True,True,True,DS_CUSTOM_LIBRARY/converted/Elite_Redux_Bulk/hippopotas
HIPPOPOTATO,DS_TECH_READY_SOURCE,True,False,False,True,True,True,True,DS_CUSTOM_LIBRARY/converted/Elite_Redux_Bulk/hippopotato
HIPPOTATON,DS_TECH_READY_SOURCE,True,False,False,True,True,True,True,DS_CUSTOM_LIBRARY/converted/Elite_Redux_Bulk/hippotaton
HIPPOWDON,DS_TECH_READY_SOURCE,True,False,False,True,True,True,True,DS_CUSTOM_LIBRARY/converted/Elite_Redux_Bulk/hippowdon
HITMONCHAN,DS_TECH_READY_SOURCE,True,False,False,True,True,True,True,DS_CUSTOM_LIBRARY/converted/Elite_Redux_Bulk/hitmonchan
HITMONCHAN_MEGA,DS_TECH_READY_SOURCE,True,False,True,True,True,True,True,DS_CUSTOM_LIBRARY/converted/Elite_Redux_Bulk/hitmonchan_mega
HITMONLEE,DS_TECH_READY_SOURCE,True,False,False,True,True,True,True,DS_CUSTOM_LIBRARY/converted/Elite_Redux_Bulk/hitmonlee
HITMONLEE_MEGA,DS_TECH_READY_SOURCE,True,False,True,True,True,True,True,DS_CUSTOM_LIBRARY/converted/Elite_Redux_Bulk/hitmonlee_mega
HITMONTOP,DS_TECH_READY_SOURCE,True,False,False,True,True,True,True,DS_CUSTOM_LIBRARY/converted/Elite_Redux_Bulk/hitmontop
HITMONTOP_MEGA,DS_TECH_READY_SOURCE,True,False,True,True,True,True,True,DS_CUSTOM_LIBRARY/converted/Elite_Redux_Bulk/hitmontop_mega
HONCHKROW,DS_TECH_READY_SOURCE,True,False,False,True,True,True,True,DS_CUSTOM_LIBRARY/converted/Elite_Redux_Bulk/honchkrow
HONEDGE,DS_TECH_READY_SOURCE,True,False,False,True,True,True,True,DS_CUSTOM_LIBRARY/converted/Elite_Redux_Bulk/honedge
HONEDGE_REDUX,DS_TECH_READY_SOURCE,True,True,False,True,True,True,True,DS_CUSTOM_LIBRARY/converted/Elite_Redux_Bulk/honedge_redux
HOOPA,DS_TECH_READY_SOURCE,True,False,False,True,True,True,True,DS_CUSTOM_LIBRARY/converted/Elite_Redux_Bulk/hoopa
HOOPA_UNBOUND,DS_TECH_READY_SOURCE,True,False,False,True,True,True,True,DS_CUSTOM_LIBRARY/converted/Elite_Redux_Bulk/hoopa_unbound
HOOTHOOT,DS_TECH_READY_SOURCE,True,False,False,True,True,True,True,DS_CUSTOM_LIBRARY/converted/Elite_Redux_Bulk/hoothoot
HOPPIP,DS_TECH_READY_SOURCE,True,False,False,True,True,True,True,DS_CUSTOM_LIBRARY/converted/Elite_Redux_Bulk/hoppip
HORSEA,DS_TECH_READY_SOURCE,True,False,False,True,True,True,True,DS_CUSTOM_LIBRARY/converted/Elite_Redux_Bulk/horsea
HOUNDOOM,DS_TECH_READY_SOURCE,True,False,False,True,True,True,True,DS_CUSTOM_LIBRARY/converted/Elite_Redux_Bulk/houndoom
HOUNDOOM_MEGA,DS_TECH_READY_SOURCE,True,False,True,True,True,True,True,DS_CUSTOM_LIBRARY/converted/Elite_Redux_Bulk/houndoom_mega
HOUNDOOM_MEGA_REDUX,DS_TECH_READY_SOURCE,True,True,True,True,True,True,True,DS_CUSTOM_LIBRARY/converted/Elite_Redux_Bulk/houndoom_mega_redux
HOUNDOOM_REDUX,DS_TECH_READY_SOURCE,True,True,False,True,True,True,True,DS_CUSTOM_LIBRARY/converted/Elite_Redux_Bulk/houndoom_redux
HOUNDOUR,DS_TECH_READY_SOURCE,True,False,False,True,True,True,True,DS_CUSTOM_LIBRARY/converted/Elite_Redux_Bulk/houndour
HOUNDOUR_REDUX,DS_TECH_READY_SOURCE,True,True,False,True,True,True,True,DS_CUSTOM_LIBRARY/converted/Elite_Redux_Bulk/houndour_redux
HOUNDSTONE,DS_TECH_READY_SOURCE,True,False,False,True,True,True,True,DS_CUSTOM_LIBRARY/converted/Elite_Redux_Bulk/houndstone
HO_OH,DS_TECH_READY_SOURCE,True,False,False,True,True,True,True,DS_CUSTOM_LIBRARY/converted/Elite_Redux_Bulk/ho_oh
HUNTAIL,DS_TECH_READY_SOURCE,True,False,False,True,True,True,True,DS_CUSTOM_LIBRARY/converted/Elite_Redux_Bulk/huntail
HYDRAPPLE,DS_TECH_READY_SOURCE,True,False,False,True,True,True,True,DS_CUSTOM_LIBRARY/converted/Elite_Redux_Bulk/hydrapple
HYDREIGON,DS_TECH_READY_SOURCE,True,False,False,True,True,True,True,DS_CUSTOM_LIBRARY/converted/Elite_Redux_Bulk/hydreigon
HYDREIGON_MEGA,DS_TECH_READY_SOURCE,True,False,True,True,True,True,True,DS_CUSTOM_LIBRARY/converted/Elite_Redux_Bulk/hydreigon_mega
HYDREIGON_REDUX,DS_TECH_READY_SOURCE,True,True,False,True,True,True,True,DS_CUSTOM_LIBRARY/converted/Elite_Redux_Bulk/hydreigon_redux
HYDREIGON_REDUX_MEGA,DS_TECH_READY_SOURCE,True,True,True,True,True,True,True,DS_CUSTOM_LIBRARY/converted/Elite_Redux_Bulk/hydreigon_redux_mega
HYDROAR,DS_TECH_READY_SOURCE,True,False,False,True,True,True,True,DS_CUSTOM_LIBRARY/converted/Elite_Redux_Bulk/hydroar
HYDROAR_F,DS_TECH_READY_SOURCE,True,False,False,True,True,True,True,DS_CUSTOM_LIBRARY/converted/Elite_Redux_Bulk/hydroar_f
HYPNO,DS_TECH_READY_SOURCE,True,False,False,True,True,True,True,DS_CUSTOM_LIBRARY/converted/Elite_Redux_Bulk/hypno
HYPNOCROAK,DS_TECH_READY_SOURCE,True,False,False,True,True,True,True,DS_CUSTOM_LIBRARY/converted/Elite_Redux_Bulk/hypnocroak
IGGLYBUFF,DS_TECH_READY_SOURCE,True,False,False,True,True,True,True,DS_CUSTOM_LIBRARY/converted/Elite_Redux_Bulk/igglybuff
ILLUMISE,DS_TECH_READY_SOURCE,True,False,False,True,True,True,True,DS_CUSTOM_LIBRARY/converted/Elite_Redux_Bulk/illumise
IMPIDIMP,DS_TECH_READY_SOURCE,True,False,False,True,True,True,True,DS_CUSTOM_LIBRARY/converted/Elite_Redux_Bulk/impidimp
INCINEROAR,DS_TECH_READY_SOURCE,True,False,False,True,True,True,True,DS_CUSTOM_LIBRARY/converted/Elite_Redux_Bulk/incineroar
INCINEROAR_MEGA,DS_TECH_READY_SOURCE,True,False,True,True,True,True,True,DS_CUSTOM_LIBRARY/converted/Elite_Redux_Bulk/incineroar_mega
INDEEDEE,DS_TECH_READY_SOURCE,True,False,False,True,True,True,True,DS_CUSTOM_LIBRARY/converted/Elite_Redux_Bulk/indeedee
INDEEDEE_FEMALE,DS_TECH_READY_SOURCE,True,False,False,True,True,True,True,DS_CUSTOM_LIBRARY/converted/Elite_Redux_Bulk/indeedee_female
INFERNAPE,DS_TECH_READY_SOURCE,True,False,False,True,True,True,True,DS_CUSTOM_LIBRARY/converted/Elite_Redux_Bulk/infernape
INFERNAPE_MEGA,DS_TECH_READY_SOURCE,True,False,True,True,True,True,True,DS_CUSTOM_LIBRARY/converted/Elite_Redux_Bulk/infernape_mega
INFERNAPE_REDUX,DS_TECH_READY_SOURCE,True,True,False,True,True,True,True,DS_CUSTOM_LIBRARY/converted/Elite_Redux_Bulk/infernape_redux
INFERNAPE_REDUX_B,DS_TECH_READY_SOURCE,True,True,False,True,True,True,True,DS_CUSTOM_LIBRARY/converted/Elite_Redux_Bulk/infernape_redux_b
INFERNAPE_REDUX_MEGA,DS_TECH_READY_SOURCE,True,True,True,True,True,True,True,DS_CUSTOM_LIBRARY/converted/Elite_Redux_Bulk/infernape_redux_mega
INKAY,DS_TECH_READY_SOURCE,True,False,False,True,True,True,True,DS_CUSTOM_LIBRARY/converted/Elite_Redux_Bulk/inkay
INTELEON,DS_TECH_READY_SOURCE,True,False,False,True,True,True,True,DS_CUSTOM_LIBRARY/converted/Elite_Redux_Bulk/inteleon
INTELEON_MEGA,DS_TECH_READY_SOURCE,True,False,True,True,True,True,True,DS_CUSTOM_LIBRARY/converted/Elite_Redux_Bulk/inteleon_mega
IRON_BOULDER,DS_TECH_READY_SOURCE,True,False,False,True,True,True,True,DS_CUSTOM_LIBRARY/converted/Elite_Redux_Bulk/iron_boulder
IRON_BUNDLE,DS_TECH_READY_SOURCE,True,False,False,True,True,True,True,DS_CUSTOM_LIBRARY/converted/Elite_Redux_Bulk/iron_bundle
IRON_CARAPACE,DS_TECH_READY_SOURCE,True,False,False,True,True,True,True,DS_CUSTOM_LIBRARY/converted/Elite_Redux_Bulk/iron_carapace
IRON_CROWN,DS_TECH_READY_SOURCE,True,False,False,True,True,True,True,DS_CUSTOM_LIBRARY/converted/Elite_Redux_Bulk/iron_crown
IRON_EXO,DS_TECH_READY_SOURCE,True,False,False,True,True,True,True,DS_CUSTOM_LIBRARY/converted/Elite_Redux_Bulk/iron_exo
IRON_HANDS,DS_TECH_READY_SOURCE,True,False,False,True,True,True,True,DS_CUSTOM_LIBRARY/converted/Elite_Redux_Bulk/iron_hands
IRON_JUGULIS,DS_TECH_READY_SOURCE,True,False,False,True,True,True,True,DS_CUSTOM_LIBRARY/converted/Elite_Redux_Bulk/iron_jugulis
IRON_LEAVES,DS_TECH_READY_SOURCE,True,False,False,True,True,True,True,DS_CUSTOM_LIBRARY/converted/Elite_Redux_Bulk/iron_leaves
IRON_MOTH,DS_TECH_READY_SOURCE,True,False,False,True,True,True,True,DS_CUSTOM_LIBRARY/converted/Elite_Redux_Bulk/iron_moth
IRON_PALETTE,DS_TECH_READY_SOURCE,True,False,False,True,True,True,True,DS_CUSTOM_LIBRARY/converted/Elite_Redux_Bulk/iron_palette
IRON_SABER,DS_TECH_READY_SOURCE,True,False,False,True,True,True,True,DS_CUSTOM_LIBRARY/converted/Elite_Redux_Bulk/iron_saber
IRON_SCYTHE,DS_TECH_READY_SOURCE,True,False,False,True,True,True,True,DS_CUSTOM_LIBRARY/converted/Elite_Redux_Bulk/iron_scythe
IRON_SPIRALS,DS_TECH_READY_SOURCE,True,False,False,True,True,True,True,DS_CUSTOM_LIBRARY/converted/Elite_Redux_Bulk/iron_spirals
IRON_THORNS,DS_TECH_READY_SOURCE,True,False,False,True,True,True,True,DS_CUSTOM_LIBRARY/converted/Elite_Redux_Bulk/iron_thorns
IRON_TREADS,DS_TECH_READY_SOURCE,True,False,False,True,True,True,True,DS_CUSTOM_LIBRARY/converted/Elite_Redux_Bulk/iron_treads
IRON_VALIANT,DS_TECH_READY_SOURCE,True,False,False,True,True,True,True,DS_CUSTOM_LIBRARY/converted/Elite_Redux_Bulk/iron_valiant
IRON_VOCA,DS_TECH_READY_SOURCE,True,False,False,True,True,True,True,DS_CUSTOM_LIBRARY/converted/Elite_Redux_Bulk/iron_voca
IVYSAUR,DS_TECH_READY_SOURCE,True,False,False,True,True,True,True,DS_CUSTOM_LIBRARY/converted/Elite_Redux_Bulk/ivysaur
JAGGED_CHUNGULIS,DS_TECH_READY_SOURCE,True,False,False,True,True,True,True,DS_CUSTOM_LIBRARY/converted/Elite_Redux_Bulk/jagged_chungulis
JANGMO_O,DS_TECH_READY_SOURCE,True,False,False,True,True,True,True,DS_CUSTOM_LIBRARY/converted/Elite_Redux_Bulk/jangmo_o
JELLICENT,DS_TECH_READY_SOURCE,True,False,False,True,True,True,True,DS_CUSTOM_LIBRARY/converted/Elite_Redux_Bulk/jellicent
JIGGLYPUFF,DS_TECH_READY_SOURCE,True,False,False,True,True,True,True,DS_CUSTOM_LIBRARY/converted/Elite_Redux_Bulk/jigglypuff
JIRACHI,DS_TECH_READY_SOURCE,True,False,False,True,True,True,True,DS_CUSTOM_LIBRARY/converted/Elite_Redux_Bulk/jirachi
JOLTEON,DS_TECH_READY_SOURCE,True,False,False,True,True,True,True,DS_CUSTOM_LIBRARY/converted/Elite_Redux_Bulk/jolteon
JOLTIK,DS_TECH_READY_SOURCE,True,False,False,True,True,True,True,DS_CUSTOM_LIBRARY/converted/Elite_Redux_Bulk/joltik
JUMPLUFF,DS_TECH_READY_SOURCE,True,False,False,True,True,True,True,DS_CUSTOM_LIBRARY/converted/Elite_Redux_Bulk/jumpluff
JYNX,DS_TECH_READY_SOURCE,True,False,False,True,True,True,True,DS_CUSTOM_LIBRARY/converted/Elite_Redux_Bulk/jynx
KABUTO,DS_TECH_READY_SOURCE,True,False,False,True,True,True,True,DS_CUSTOM_LIBRARY/converted/Elite_Redux_Bulk/kabuto
KABUTOPS,DS_TECH_READY_SOURCE,True,False,False,True,True,True,True,DS_CUSTOM_LIBRARY/converted/Elite_Redux_Bulk/kabutops
KADABRA,DS_TECH_READY_SOURCE,True,False,False,True,True,True,True,DS_CUSTOM_LIBRARY/converted/Elite_Redux_Bulk/kadabra
KADABRA_REDUX,DS_TECH_READY_SOURCE,True,True,False,True,True,True,True,DS_CUSTOM_LIBRARY/converted/Elite_Redux_Bulk/kadabra_redux
KAIOSEA,DS_TECH_READY_SOURCE,True,False,False,True,True,True,True,DS_CUSTOM_LIBRARY/converted/Elite_Redux_Bulk/kaiosea
KAKUNA,DS_TECH_READY_SOURCE,True,False,False,True,True,True,True,DS_CUSTOM_LIBRARY/converted/Elite_Redux_Bulk/kakuna
KAKUNA_REDUX,DS_TECH_READY_SOURCE,True,True,False,True,True,True,True,DS_CUSTOM_LIBRARY/converted/Elite_Redux_Bulk/kakuna_redux
KANGASKHAN,DS_TECH_READY_SOURCE,True,False,False,True,True,True,True,DS_CUSTOM_LIBRARY/converted/Elite_Redux_Bulk/kangaskhan
KANGASKHAN_MEGA,DS_TECH_READY_SOURCE,True,False,True,True,True,True,True,DS_CUSTOM_LIBRARY/converted/Elite_Redux_Bulk/kangaskhan_mega
KARRABLAST,DS_TECH_READY_SOURCE,True,False,False,True,True,True,True,DS_CUSTOM_LIBRARY/converted/Elite_Redux_Bulk/karrablast
KARTANA,DS_TECH_READY_SOURCE,True,False,False,True,True,True,True,DS_CUSTOM_LIBRARY/converted/Elite_Redux_Bulk/kartana
KARTANA_FALLEN,DS_TECH_READY_SOURCE,True,False,False,True,True,True,True,DS_CUSTOM_LIBRARY/converted/Elite_Redux_Bulk/kartana_fallen
KECLEON,DS_TECH_READY_SOURCE,True,False,False,True,True,True,True,DS_CUSTOM_LIBRARY/converted/Elite_Redux_Bulk/kecleon
KECLEONG,DS_TECH_READY_SOURCE,True,False,False,True,True,True,True,DS_CUSTOM_LIBRARY/converted/Elite_Redux_Bulk/kecleong
KELDEO,DS_TECH_READY_SOURCE,True,False,False,True,True,True,True,DS_CUSTOM_LIBRARY/converted/Elite_Redux_Bulk/keldeo
KELDEO_RESOLUTE,DS_TECH_READY_SOURCE,True,False,False,True,True,True,True,DS_CUSTOM_LIBRARY/converted/Elite_Redux_Bulk/keldeo_resolute
KILOWATTREL,DS_TECH_READY_SOURCE,True,False,False,True,True,True,True,DS_CUSTOM_LIBRARY/converted/Elite_Redux_Bulk/kilowattrel
KILOZUNA,DS_TECH_READY_SOURCE,True,False,False,True,True,True,True,DS_CUSTOM_LIBRARY/converted/Elite_Redux_Bulk/kilozuna
KILOZUNA_MEGA,DS_TECH_READY_SOURCE,True,False,True,True,True,True,True,DS_CUSTOM_LIBRARY/converted/Elite_Redux_Bulk/kilozuna_mega
KINGAMBIT,DS_TECH_READY_SOURCE,True,False,False,True,True,True,True,DS_CUSTOM_LIBRARY/converted/Elite_Redux_Bulk/kingambit
KINGAMBIT_REDUX,DS_TECH_READY_SOURCE,True,True,False,True,True,True,True,DS_CUSTOM_LIBRARY/converted/Elite_Redux_Bulk/kingambit_redux
KINGAMBIT_REDUX_MEGA,DS_TECH_READY_SOURCE,True,True,True,True,True,True,True,DS_CUSTOM_LIBRARY/converted/Elite_Redux_Bulk/kingambit_redux_mega
KINGDRA,DS_TECH_READY_SOURCE,True,False,False,True,True,True,True,DS_CUSTOM_LIBRARY/converted/Elite_Redux_Bulk/kingdra
KINGDRA_MEGA,DS_TECH_READY_SOURCE,True,False,True,True,True,True,True,DS_CUSTOM_LIBRARY/converted/Elite_Redux_Bulk/kingdra_mega
KINGDRA_MEGA_Y,DS_TECH_READY_SOURCE,True,False,True,True,True,True,True,DS_CUSTOM_LIBRARY/converted/Elite_Redux_Bulk/kingdra_mega_y
KINGLER,DS_TECH_READY_SOURCE,True,False,False,True,True,True,True,DS_CUSTOM_LIBRARY/converted/Elite_Redux_Bulk/kingler
KINGLER_MEGA,DS_TECH_READY_SOURCE,True,False,True,True,True,True,True,DS_CUSTOM_LIBRARY/converted/Elite_Redux_Bulk/kingler_mega
KINGLER_REDUX,DS_TECH_READY_SOURCE,True,True,False,True,True,True,True,DS_CUSTOM_LIBRARY/converted/Elite_Redux_Bulk/kingler_redux
KINGLER_REDUX_MEGA,DS_TECH_READY_SOURCE,True,True,True,True,True,True,True,DS_CUSTOM_LIBRARY/converted/Elite_Redux_Bulk/kingler_redux_mega
KIPMODO,DS_TECH_READY_SOURCE,True,False,False,True,True,True,True,DS_CUSTOM_LIBRARY/converted/Elite_Redux_Bulk/kipmodo
KIRLIA,DS_TECH_READY_SOURCE,True,False,False,True,True,True,True,DS_CUSTOM_LIBRARY/converted/Elite_Redux_Bulk/kirlia
KIRLIA_REDUX,DS_TECH_READY_SOURCE,True,True,False,True,True,True,True,DS_CUSTOM_LIBRARY/converted/Elite_Redux_Bulk/kirlia_redux
KLANG,DS_TECH_READY_SOURCE,True,False,False,True,True,True,True,DS_CUSTOM_LIBRARY/converted/Elite_Redux_Bulk/klang
KLAWF,DS_TECH_READY_SOURCE,True,False,False,True,True,True,True,DS_CUSTOM_LIBRARY/converted/Elite_Redux_Bulk/klawf
KLEAVOR,DS_TECH_READY_SOURCE,True,False,False,True,True,True,True,DS_CUSTOM_LIBRARY/converted/Elite_Redux_Bulk/kleavor
KLEAVOR_MEGA,DS_TECH_READY_SOURCE,True,False,True,True,True,True,True,DS_CUSTOM_LIBRARY/converted/Elite_Redux_Bulk/kleavor_mega
KLEAVOR_REDUX,DS_TECH_READY_SOURCE,True,True,False,True,True,True,True,DS_CUSTOM_LIBRARY/converted/Elite_Redux_Bulk/kleavor_redux
KLEAVOR_REDUX_MEGA,DS_TECH_READY_SOURCE,True,True,True,True,True,True,True,DS_CUSTOM_LIBRARY/converted/Elite_Redux_Bulk/kleavor_redux_mega
KLEFKI,DS_TECH_READY_SOURCE,True,False,False,True,True,True,True,DS_CUSTOM_LIBRARY/converted/Elite_Redux_Bulk/klefki
KLEFKI_REDUX,DS_TECH_READY_SOURCE,True,True,False,True,True,True,True,DS_CUSTOM_LIBRARY/converted/Elite_Redux_Bulk/klefki_redux
KLINK,DS_TECH_READY_SOURCE,True,False,False,True,True,True,True,DS_CUSTOM_LIBRARY/converted/Elite_Redux_Bulk/klink
KLINKLANG,DS_TECH_READY_SOURCE,True,False,False,True,True,True,True,DS_CUSTOM_LIBRARY/converted/Elite_Redux_Bulk/klinklang
KNAIVER,INCOMPLETE_SOURCE_SET,False,False,False,True,False,True,False,DS_CUSTOM_LIBRARY/converted/Elite_Redux_Bulk/knaiver
KNAIVER_REDUX,DS_TECH_READY_SOURCE,True,True,False,True,True,True,True,DS_CUSTOM_LIBRARY/converted/Elite_Redux_Bulk/knaiver_redux
KOFFING,DS_TECH_READY_SOURCE,True,False,False,True,True,True,True,DS_CUSTOM_LIBRARY/converted/Elite_Redux_Bulk/koffing
KOMALA,DS_TECH_READY_SOURCE,True,False,False,True,True,True,True,DS_CUSTOM_LIBRARY/converted/Elite_Redux_Bulk/komala
KOMMO_O,DS_TECH_READY_SOURCE,True,False,False,True,True,True,True,DS_CUSTOM_LIBRARY/converted/Elite_Redux_Bulk/kommo_o
KORAIDON,DS_TECH_READY_SOURCE,True,False,False,True,True,True,True,DS_CUSTOM_LIBRARY/converted/Elite_Redux_Bulk/koraidon
KRABBY,DS_TECH_READY_SOURCE,True,False,False,True,True,True,True,DS_CUSTOM_LIBRARY/converted/Elite_Redux_Bulk/krabby
KRABBY_REDUX,DS_TECH_READY_SOURCE,True,True,False,True,True,True,True,DS_CUSTOM_LIBRARY/converted/Elite_Redux_Bulk/krabby_redux
KRAMPIRD,DS_TECH_READY_SOURCE,True,False,False,True,True,True,True,DS_CUSTOM_LIBRARY/converted/Elite_Redux_Bulk/krampird
KRICKETOT,DS_TECH_READY_SOURCE,True,False,False,True,True,True,True,DS_CUSTOM_LIBRARY/converted/Elite_Redux_Bulk/kricketot
KRICKETUNE,DS_TECH_READY_SOURCE,True,False,False,True,True,True,True,DS_CUSTOM_LIBRARY/converted/Elite_Redux_Bulk/kricketune
KROKOROK,DS_TECH_READY_SOURCE,True,False,False,True,True,True,True,DS_CUSTOM_LIBRARY/converted/Elite_Redux_Bulk/krokorok
KROOKODILE,DS_TECH_READY_SOURCE,True,False,False,True,True,True,True,DS_CUSTOM_LIBRARY/converted/Elite_Redux_Bulk/krookodile
KROOKODILE_MEGA,DS_TECH_READY_SOURCE,True,False,True,True,True,True,True,DS_CUSTOM_LIBRARY/converted/Elite_Redux_Bulk/krookodile_mega
KUBFU,DS_TECH_READY_SOURCE,True,False,False,True,True,True,True,DS_CUSTOM_LIBRARY/converted/Elite_Redux_Bulk/kubfu
KYOGRE,DS_TECH_READY_SOURCE,True,False,False,True,True,True,True,DS_CUSTOM_LIBRARY/converted/Elite_Redux_Bulk/kyogre
KYOGRE_PRIMAL,DS_TECH_READY_SOURCE,True,False,False,True,True,True,True,DS_CUSTOM_LIBRARY/converted/Elite_Redux_Bulk/kyogre_primal
KYUREM,DS_TECH_READY_SOURCE,True,False,False,True,True,True,True,DS_CUSTOM_LIBRARY/converted/Elite_Redux_Bulk/kyurem
KYUREM_BLACK,DS_TECH_READY_SOURCE,True,False,False,True,True,True,True,DS_CUSTOM_LIBRARY/converted/Elite_Redux_Bulk/kyurem_black
KYUREM_WHITE,DS_TECH_READY_SOURCE,True,False,False,True,True,True,True,DS_CUSTOM_LIBRARY/converted/Elite_Redux_Bulk/kyurem_white
LAIRON,DS_TECH_READY_SOURCE,True,False,False,True,True,True,True,DS_CUSTOM_LIBRARY/converted/Elite_Redux_Bulk/lairon
LAIRON_REDUX,DS_TECH_READY_SOURCE,True,True,False,True,True,True,True,DS_CUSTOM_LIBRARY/converted/Elite_Redux_Bulk/lairon_redux
LAMPENT,DS_TECH_READY_SOURCE,True,False,False,True,True,True,True,DS_CUSTOM_LIBRARY/converted/Elite_Redux_Bulk/lampent
LAMPENT_REDUX,DS_TECH_READY_SOURCE,True,True,False,True,True,True,True,DS_CUSTOM_LIBRARY/converted/Elite_Redux_Bulk/lampent_redux
LANDORUS,DS_TECH_READY_SOURCE,True,False,False,True,True,True,True,DS_CUSTOM_LIBRARY/converted/Elite_Redux_Bulk/landorus
LANDORUS_THERIAN,DS_TECH_READY_SOURCE,True,False,False,True,True,True,True,DS_CUSTOM_LIBRARY/converted/Elite_Redux_Bulk/landorus_therian
LANTURN,DS_TECH_READY_SOURCE,True,False,False,True,True,True,True,DS_CUSTOM_LIBRARY/converted/Elite_Redux_Bulk/lanturn
LANTURN_MEGA,DS_TECH_READY_SOURCE,True,False,True,True,True,True,True,DS_CUSTOM_LIBRARY/converted/Elite_Redux_Bulk/lanturn_mega
LAPRAS,DS_TECH_READY_SOURCE,True,False,False,True,True,True,True,DS_CUSTOM_LIBRARY/converted/Elite_Redux_Bulk/lapras
LAPRAS_MEGA,DS_TECH_READY_SOURCE,True,False,True,True,True,True,True,DS_CUSTOM_LIBRARY/converted/Elite_Redux_Bulk/lapras_mega
LAPRAS_MEGA_X,DS_TECH_READY_SOURCE,True,False,True,True,True,True,True,DS_CUSTOM_LIBRARY/converted/Elite_Redux_Bulk/lapras_mega_x
LARVESTA,DS_TECH_READY_SOURCE,True,False,False,True,True,True,True,DS_CUSTOM_LIBRARY/converted/Elite_Redux_Bulk/larvesta
LARVESTA_REDUX,DS_TECH_READY_SOURCE,True,True,False,True,True,True,True,DS_CUSTOM_LIBRARY/converted/Elite_Redux_Bulk/larvesta_redux
LARVITAR,DS_TECH_READY_SOURCE,True,False,False,True,True,True,True,DS_CUSTOM_LIBRARY/converted/Elite_Redux_Bulk/larvitar
LARVITAR_REDUX,DS_TECH_READY_SOURCE,True,True,False,True,True,True,True,DS_CUSTOM_LIBRARY/converted/Elite_Redux_Bulk/larvitar_redux
LATIAS,DS_TECH_READY_SOURCE,True,False,False,True,True,True,True,DS_CUSTOM_LIBRARY/converted/Elite_Redux_Bulk/latias
LATIAS_MEGA,DS_TECH_READY_SOURCE,True,False,True,True,True,True,True,DS_CUSTOM_LIBRARY/converted/Elite_Redux_Bulk/latias_mega
LATIOS,DS_TECH_READY_SOURCE,True,False,False,True,True,True,True,DS_CUSTOM_LIBRARY/converted/Elite_Redux_Bulk/latios
LATIOS_MEGA,DS_TECH_READY_SOURCE,True,False,True,True,True,True,True,DS_CUSTOM_LIBRARY/converted/Elite_Redux_Bulk/latios_mega
LEAFEON,DS_TECH_READY_SOURCE,True,False,False,True,True,True,True,DS_CUSTOM_LIBRARY/converted/Elite_Redux_Bulk/leafeon
LEAVANNY,DS_TECH_READY_SOURCE,True,False,False,True,True,True,True,DS_CUSTOM_LIBRARY/converted/Elite_Redux_Bulk/leavanny
LECHONK,DS_TECH_READY_SOURCE,True,False,False,True,True,True,True,DS_CUSTOM_LIBRARY/converted/Elite_Redux_Bulk/lechonk
LEDIAN,DS_TECH_READY_SOURCE,True,False,False,True,True,True,True,DS_CUSTOM_LIBRARY/converted/Elite_Redux_Bulk/ledian
LEDIAN_PARADOX,DS_TECH_READY_SOURCE,True,False,False,True,True,True,True,DS_CUSTOM_LIBRARY/converted/Elite_Redux_Bulk/ledian_paradox
LEDYBA,DS_TECH_READY_SOURCE,True,False,False,True,True,True,True,DS_CUSTOM_LIBRARY/converted/Elite_Redux_Bulk/ledyba
LEPASTRY,DS_TECH_READY_SOURCE,True,False,False,True,True,True,True,DS_CUSTOM_LIBRARY/converted/Elite_Redux_Bulk/lepastry
LICKILICKY,DS_TECH_READY_SOURCE,True,False,False,True,True,True,True,DS_CUSTOM_LIBRARY/converted/Elite_Redux_Bulk/lickilicky
LICKITUNG,DS_TECH_READY_SOURCE,True,False,False,True,True,True,True,DS_CUSTOM_LIBRARY/converted/Elite_Redux_Bulk/lickitung
LIEPARD,DS_TECH_READY_SOURCE,True,False,False,True,True,True,True,DS_CUSTOM_LIBRARY/converted/Elite_Redux_Bulk/liepard
LILEEP,DS_TECH_READY_SOURCE,True,False,False,True,True,True,True,DS_CUSTOM_LIBRARY/converted/Elite_Redux_Bulk/lileep
LILLIGANT,DS_TECH_READY_SOURCE,True,False,False,True,True,True,True,DS_CUSTOM_LIBRARY/converted/Elite_Redux_Bulk/lilligant
LILLIGANT_HISUIAN,DS_TECH_READY_SOURCE,True,False,False,True,True,True,True,DS_CUSTOM_LIBRARY/converted/Elite_Redux_Bulk/lilligant_hisuian
LILLIPUP,DS_TECH_READY_SOURCE,True,False,False,True,True,True,True,DS_CUSTOM_LIBRARY/converted/Elite_Redux_Bulk/lillipup
LINOONE,DS_TECH_READY_SOURCE,True,False,False,True,True,True,True,DS_CUSTOM_LIBRARY/converted/Elite_Redux_Bulk/linoone
LINOONE_GALARIAN,DS_TECH_READY_SOURCE,True,False,False,True,True,True,True,DS_CUSTOM_LIBRARY/converted/Elite_Redux_Bulk/linoone_galarian
LITLEO,DS_TECH_READY_SOURCE,True,False,False,True,True,True,True,DS_CUSTOM_LIBRARY/converted/Elite_Redux_Bulk/litleo
LITTEN,DS_TECH_READY_SOURCE,True,False,False,True,True,True,True,DS_CUSTOM_LIBRARY/converted/Elite_Redux_Bulk/litten
LITWICK,DS_TECH_READY_SOURCE,True,False,False,True,True,True,True,DS_CUSTOM_LIBRARY/converted/Elite_Redux_Bulk/litwick
LITWICK_REDUX,DS_TECH_READY_SOURCE,True,True,False,True,True,True,True,DS_CUSTOM_LIBRARY/converted/Elite_Redux_Bulk/litwick_redux
LOKIX,DS_TECH_READY_SOURCE,True,False,False,True,True,True,True,DS_CUSTOM_LIBRARY/converted/Elite_Redux_Bulk/lokix
LOMBRE,DS_TECH_READY_SOURCE,True,False,False,True,True,True,True,DS_CUSTOM_LIBRARY/converted/Elite_Redux_Bulk/lombre
LOPUNNY,DS_TECH_READY_SOURCE,True,False,False,True,True,True,True,DS_CUSTOM_LIBRARY/converted/Elite_Redux_Bulk/lopunny
LOPUNNY_MEGA,DS_TECH_READY_SOURCE,True,False,True,True,True,True,True,DS_CUSTOM_LIBRARY/converted/Elite_Redux_Bulk/lopunny_mega
LOTAD,DS_TECH_READY_SOURCE,True,False,False,True,True,True,True,DS_CUSTOM_LIBRARY/converted/Elite_Redux_Bulk/lotad
LOUDRED,DS_TECH_READY_SOURCE,True,False,False,True,True,True,True,DS_CUSTOM_LIBRARY/converted/Elite_Redux_Bulk/loudred
LOUDRED_REDUX,DS_TECH_READY_SOURCE,True,True,False,True,True,True,True,DS_CUSTOM_LIBRARY/converted/Elite_Redux_Bulk/loudred_redux
LUCARIO,DS_TECH_READY_SOURCE,True,False,False,True,True,True,True,DS_CUSTOM_LIBRARY/converted/Elite_Redux_Bulk/lucario
LUCARIO_MEGA,DS_TECH_READY_SOURCE,True,False,True,True,True,True,True,DS_CUSTOM_LIBRARY/converted/Elite_Redux_Bulk/lucario_mega
LUCARIO_MEGA_Y,DS_TECH_READY_SOURCE,True,False,True,True,True,True,True,DS_CUSTOM_LIBRARY/converted/Elite_Redux_Bulk/lucario_mega_y
LUCARIO_MEGA_Z,DS_TECH_READY_SOURCE,True,False,True,True,True,True,True,DS_CUSTOM_LIBRARY/converted/Elite_Redux_Bulk/lucario_mega_z
LUDICOLO,DS_TECH_READY_SOURCE,True,False,False,True,True,True,True,DS_CUSTOM_LIBRARY/converted/Elite_Redux_Bulk/ludicolo
LUGIA,DS_TECH_READY_SOURCE,True,False,False,True,True,True,True,DS_CUSTOM_LIBRARY/converted/Elite_Redux_Bulk/lugia
LUMBERING_SLOTH,DS_TECH_READY_SOURCE,True,False,False,True,True,True,True,DS_CUSTOM_LIBRARY/converted/Elite_Redux_Bulk/lumbering_sloth
LUMBERING_SLOTH_ENGULFED,DS_TECH_READY_SOURCE,True,False,False,True,True,True,True,DS_CUSTOM_LIBRARY/converted/Elite_Redux_Bulk/lumbering_sloth_engulfed
LUMINEON,DS_TECH_READY_SOURCE,True,False,False,True,True,True,True,DS_CUSTOM_LIBRARY/converted/Elite_Redux_Bulk/lumineon
LUMINOSITEON,DS_TECH_READY_SOURCE,True,False,False,True,True,True,True,DS_CUSTOM_LIBRARY/converted/Elite_Redux_Bulk/luminositeon
LUNALA,DS_TECH_READY_SOURCE,True,False,False,True,True,True,True,DS_CUSTOM_LIBRARY/converted/Elite_Redux_Bulk/lunala
LUNATONE,DS_TECH_READY_SOURCE,True,False,False,True,True,True,True,DS_CUSTOM_LIBRARY/converted/Elite_Redux_Bulk/lunatone
LURANTIS,DS_TECH_READY_SOURCE,True,False,False,True,True,True,True,DS_CUSTOM_LIBRARY/converted/Elite_Redux_Bulk/lurantis
LUVDISC,DS_TECH_READY_SOURCE,True,False,False,True,True,True,True,DS_CUSTOM_LIBRARY/converted/Elite_Redux_Bulk/luvdisc
LUXIO,DS_TECH_READY_SOURCE,True,False,False,True,True,True,True,DS_CUSTOM_LIBRARY/converted/Elite_Redux_Bulk/luxio
LUXIO_REDUX,DS_TECH_READY_SOURCE,True,True,False,True,True,True,True,DS_CUSTOM_LIBRARY/converted/Elite_Redux_Bulk/luxio_redux
LUXRAY,DS_TECH_READY_SOURCE,True,False,False,True,True,True,True,DS_CUSTOM_LIBRARY/converted/Elite_Redux_Bulk/luxray
LUXRAY_MEGA,DS_TECH_READY_SOURCE,True,False,True,True,True,True,True,DS_CUSTOM_LIBRARY/converted/Elite_Redux_Bulk/luxray_mega
LUXRAY_REDUX,DS_TECH_READY_SOURCE,True,True,False,True,True,True,True,DS_CUSTOM_LIBRARY/converted/Elite_Redux_Bulk/luxray_redux
LUXRAY_REDUX_B,DS_TECH_READY_SOURCE,True,True,False,True,True,True,True,DS_CUSTOM_LIBRARY/converted/Elite_Redux_Bulk/luxray_redux_b
LUXRAY_REDUX_B_MEGA,DS_TECH_READY_SOURCE,True,True,True,True,True,True,True,DS_CUSTOM_LIBRARY/converted/Elite_Redux_Bulk/luxray_redux_b_mega
LUXRAY_REDUX_MEGA,DS_TECH_READY_SOURCE,True,True,True,True,True,True,True,DS_CUSTOM_LIBRARY/converted/Elite_Redux_Bulk/luxray_redux_mega
LUXZERO,DS_TECH_READY_SOURCE,True,False,False,True,True,True,True,DS_CUSTOM_LIBRARY/converted/Elite_Redux_Bulk/luxzero
LUXZERO_MEGA,DS_TECH_READY_SOURCE,True,False,True,True,True,True,True,DS_CUSTOM_LIBRARY/converted/Elite_Redux_Bulk/luxzero_mega
LYCANROC,DS_TECH_READY_SOURCE,True,False,False,True,True,True,True,DS_CUSTOM_LIBRARY/converted/Elite_Redux_Bulk/lycanroc
LYCANROC_DUSK,DS_TECH_READY_SOURCE,True,False,False,True,True,True,True,DS_CUSTOM_LIBRARY/converted/Elite_Redux_Bulk/lycanroc_dusk
LYCANROC_ECLIPSE,DS_TECH_READY_SOURCE,True,False,False,True,True,True,True,DS_CUSTOM_LIBRARY/converted/Elite_Redux_Bulk/lycanroc_eclipse
LYCANROC_MIDNIGHT,DS_TECH_READY_SOURCE,True,False,False,True,True,True,True,DS_CUSTOM_LIBRARY/converted/Elite_Redux_Bulk/lycanroc_midnight
LYCANROC_TWILIGHT,DS_TECH_READY_SOURCE,True,False,False,True,True,True,True,DS_CUSTOM_LIBRARY/converted/Elite_Redux_Bulk/lycanroc_twilight
MABOSSTIFF,DS_TECH_READY_SOURCE,True,False,False,True,True,True,True,DS_CUSTOM_LIBRARY/converted/Elite_Redux_Bulk/mabosstiff
MACHAMP,DS_TECH_READY_SOURCE,True,False,False,True,True,True,True,DS_CUSTOM_LIBRARY/converted/Elite_Redux_Bulk/machamp
MACHAMP_MEGA,DS_TECH_READY_SOURCE,True,False,True,True,True,True,True,DS_CUSTOM_LIBRARY/converted/Elite_Redux_Bulk/machamp_mega
MACHAMP_MEGA_REDUX,DS_TECH_READY_SOURCE,True,True,True,True,True,True,True,DS_CUSTOM_LIBRARY/converted/Elite_Redux_Bulk/machamp_mega_redux
MACHAMP_REDUX,DS_TECH_READY_SOURCE,True,True,False,True,True,True,True,DS_CUSTOM_LIBRARY/converted/Elite_Redux_Bulk/machamp_redux
MACHOKE,DS_TECH_READY_SOURCE,True,False,False,True,True,True,True,DS_CUSTOM_LIBRARY/converted/Elite_Redux_Bulk/machoke
MACHOKE_REDUX,DS_TECH_READY_SOURCE,True,True,False,True,True,True,True,DS_CUSTOM_LIBRARY/converted/Elite_Redux_Bulk/machoke_redux
MACHOP,DS_TECH_READY_SOURCE,True,False,False,True,True,True,True,DS_CUSTOM_LIBRARY/converted/Elite_Redux_Bulk/machop
MACHOP_REDUX,DS_TECH_READY_SOURCE,True,True,False,True,True,True,True,DS_CUSTOM_LIBRARY/converted/Elite_Redux_Bulk/machop_redux
MAGBY,DS_TECH_READY_SOURCE,True,False,False,True,True,True,True,DS_CUSTOM_LIBRARY/converted/Elite_Redux_Bulk/magby
MAGCARGO,DS_TECH_READY_SOURCE,True,False,False,True,True,True,True,DS_CUSTOM_LIBRARY/converted/Elite_Redux_Bulk/magcargo
MAGCARGO_REDUX,DS_TECH_READY_SOURCE,True,True,False,True,True,True,True,DS_CUSTOM_LIBRARY/converted/Elite_Redux_Bulk/magcargo_redux
MAGEARNA,DS_TECH_READY_SOURCE,True,False,False,True,True,True,True,DS_CUSTOM_LIBRARY/converted/Elite_Redux_Bulk/magearna
MAGEARNA_MEGA,DS_TECH_READY_SOURCE,True,False,True,True,True,True,True,DS_CUSTOM_LIBRARY/converted/Elite_Redux_Bulk/magearna_mega
MAGEARNA_ORIGINAL_COLOR,DS_TECH_READY_SOURCE,True,False,False,True,True,True,True,DS_CUSTOM_LIBRARY/converted/Elite_Redux_Bulk/magearna_original_color
MAGIKARP,DS_TECH_READY_SOURCE,True,False,False,True,True,True,True,DS_CUSTOM_LIBRARY/converted/Elite_Redux_Bulk/magikarp
MAGMAR,DS_TECH_READY_SOURCE,True,False,False,True,True,True,True,DS_CUSTOM_LIBRARY/converted/Elite_Redux_Bulk/magmar
MAGMENOUS,DS_TECH_READY_SOURCE,True,False,False,True,True,True,True,DS_CUSTOM_LIBRARY/converted/Elite_Redux_Bulk/magmenous
MAGMORTAR,DS_TECH_READY_SOURCE,True,False,False,True,True,True,True,DS_CUSTOM_LIBRARY/converted/Elite_Redux_Bulk/magmortar
MAGNEMITE,DS_TECH_READY_SOURCE,True,False,False,True,True,True,True,DS_CUSTOM_LIBRARY/converted/Elite_Redux_Bulk/magnemite
MAGNETON,DS_TECH_READY_SOURCE,True,False,False,True,True,True,True,DS_CUSTOM_LIBRARY/converted/Elite_Redux_Bulk/magneton
MAGNEZONE,DS_TECH_READY_SOURCE,True,False,False,True,True,True,True,DS_CUSTOM_LIBRARY/converted/Elite_Redux_Bulk/magnezone
MAGNEZONE_MEGA,DS_TECH_READY_SOURCE,True,False,True,True,True,True,True,DS_CUSTOM_LIBRARY/converted/Elite_Redux_Bulk/magnezone_mega
MAKUHITA,DS_TECH_READY_SOURCE,True,False,False,True,True,True,True,DS_CUSTOM_LIBRARY/converted/Elite_Redux_Bulk/makuhita
MAKUHITA_REDUX,DS_TECH_READY_SOURCE,True,True,False,True,True,True,True,DS_CUSTOM_LIBRARY/converted/Elite_Redux_Bulk/makuhita_redux
MALAMAR,DS_TECH_READY_SOURCE,True,False,False,True,True,True,True,DS_CUSTOM_LIBRARY/converted/Elite_Redux_Bulk/malamar
MALAMAR_MEGA,DS_TECH_READY_SOURCE,True,False,True,True,True,True,True,DS_CUSTOM_LIBRARY/converted/Elite_Redux_Bulk/malamar_mega
MAMOSWINE,DS_TECH_READY_SOURCE,True,False,False,True,True,True,True,DS_CUSTOM_LIBRARY/converted/Elite_Redux_Bulk/mamoswine
MAMOSWINE_REDUX,DS_TECH_READY_SOURCE,True,True,False,True,True,True,True,DS_CUSTOM_LIBRARY/converted/Elite_Redux_Bulk/mamoswine_redux
MAMOSWINE_REDUX_MEGA,DS_TECH_READY_SOURCE,True,True,True,True,True,True,True,DS_CUSTOM_LIBRARY/converted/Elite_Redux_Bulk/mamoswine_redux_mega
MANAPHY,DS_TECH_READY_SOURCE,True,False,False,True,True,True,True,DS_CUSTOM_LIBRARY/converted/Elite_Redux_Bulk/manaphy
MANDIBUZZ,DS_TECH_READY_SOURCE,True,False,False,True,True,True,True,DS_CUSTOM_LIBRARY/converted/Elite_Redux_Bulk/mandibuzz
MANECTRIC,DS_TECH_READY_SOURCE,True,False,False,True,True,True,True,DS_CUSTOM_LIBRARY/converted/Elite_Redux_Bulk/manectric
MANECTRIC_MEGA,DS_TECH_READY_SOURCE,True,False,True,True,True,True,True,DS_CUSTOM_LIBRARY/converted/Elite_Redux_Bulk/manectric_mega
MANKEY,DS_TECH_READY_SOURCE,True,False,False,True,True,True,True,DS_CUSTOM_LIBRARY/converted/Elite_Redux_Bulk/mankey
MANTINE,DS_TECH_READY_SOURCE,True,False,False,True,True,True,True,DS_CUSTOM_LIBRARY/converted/Elite_Redux_Bulk/mantine
MANTYKE,DS_TECH_READY_SOURCE,True,False,False,True,True,True,True,DS_CUSTOM_LIBRARY/converted/Elite_Redux_Bulk/mantyke
MARACTUS,DS_TECH_READY_SOURCE,True,False,False,True,True,True,True,DS_CUSTOM_LIBRARY/converted/Elite_Redux_Bulk/maractus
MARBEEP,DS_TECH_READY_SOURCE,True,False,False,True,True,True,True,DS_CUSTOM_LIBRARY/converted/Elite_Redux_Bulk/marbeep
MAREANIE,DS_TECH_READY_SOURCE,True,False,False,True,True,True,True,DS_CUSTOM_LIBRARY/converted/Elite_Redux_Bulk/mareanie
MAREEP,DS_TECH_READY_SOURCE,True,False,False,True,True,True,True,DS_CUSTOM_LIBRARY/converted/Elite_Redux_Bulk/mareep
MARILL,DS_TECH_READY_SOURCE,True,False,False,True,True,True,True,DS_CUSTOM_LIBRARY/converted/Elite_Redux_Bulk/marill
MAROWAK,DS_TECH_READY_SOURCE,True,False,False,True,True,True,True,DS_CUSTOM_LIBRARY/converted/Elite_Redux_Bulk/marowak
MAROWAK_ALOLAN,DS_TECH_READY_SOURCE,True,False,False,True,True,True,True,DS_CUSTOM_LIBRARY/converted/Elite_Redux_Bulk/marowak_alolan
MARSHADOW,DS_TECH_READY_SOURCE,True,False,False,True,True,True,True,DS_CUSTOM_LIBRARY/converted/Elite_Redux_Bulk/marshadow
MARSHMODO,DS_TECH_READY_SOURCE,True,False,False,True,True,True,True,DS_CUSTOM_LIBRARY/converted/Elite_Redux_Bulk/marshmodo
MARSHTOMP,DS_TECH_READY_SOURCE,True,False,False,True,True,True,True,DS_CUSTOM_LIBRARY/converted/Elite_Redux_Bulk/marshtomp
MASCHIFF,DS_TECH_READY_SOURCE,True,False,False,True,True,True,True,DS_CUSTOM_LIBRARY/converted/Elite_Redux_Bulk/maschiff
MASQUERAIN,DS_TECH_READY_SOURCE,True,False,False,True,True,True,True,DS_CUSTOM_LIBRARY/converted/Elite_Redux_Bulk/masquerain
MAUSHOLD,DS_TECH_READY_SOURCE,True,False,False,True,True,True,True,DS_CUSTOM_LIBRARY/converted/Elite_Redux_Bulk/maushold
MAUSHOLD_FOUR,DS_TECH_READY_SOURCE,True,False,False,True,True,True,True,DS_CUSTOM_LIBRARY/converted/Elite_Redux_Bulk/maushold_four
MAWILE,DS_TECH_READY_SOURCE,True,False,False,True,True,True,True,DS_CUSTOM_LIBRARY/converted/Elite_Redux_Bulk/mawile
MAWILE_MEGA,DS_TECH_READY_SOURCE,True,False,True,True,True,True,True,DS_CUSTOM_LIBRARY/converted/Elite_Redux_Bulk/mawile_mega
MAWILE_MEGA_REDUX,DS_TECH_READY_SOURCE,True,True,True,True,True,True,True,DS_CUSTOM_LIBRARY/converted/Elite_Redux_Bulk/mawile_mega_redux
MAWILE_REDUX,DS_TECH_READY_SOURCE,True,True,False,True,True,True,True,DS_CUSTOM_LIBRARY/converted/Elite_Redux_Bulk/mawile_redux
MAWILE_REDUX_B,DS_TECH_READY_SOURCE,True,True,False,True,True,True,True,DS_CUSTOM_LIBRARY/converted/Elite_Redux_Bulk/mawile_redux_b
MAWILE_REDUX_B_MEGA,DS_TECH_READY_SOURCE,True,True,True,True,True,True,True,DS_CUSTOM_LIBRARY/converted/Elite_Redux_Bulk/mawile_redux_b_mega
MEDICHAM,DS_TECH_READY_SOURCE,True,False,False,True,True,True,True,DS_CUSTOM_LIBRARY/converted/Elite_Redux_Bulk/medicham
MEDICHAM_MEGA,DS_TECH_READY_SOURCE,True,False,True,True,True,True,True,DS_CUSTOM_LIBRARY/converted/Elite_Redux_Bulk/medicham_mega
MEDITITE,DS_TECH_READY_SOURCE,True,False,False,True,True,True,True,DS_CUSTOM_LIBRARY/converted/Elite_Redux_Bulk/meditite
MEGANIUM,DS_TECH_READY_SOURCE,True,False,True,True,True,True,True,DS_CUSTOM_LIBRARY/converted/Elite_Redux_Bulk/meganium
MEGANIUM_MEGA,DS_TECH_READY_SOURCE,True,False,True,True,True,True,True,DS_CUSTOM_LIBRARY/converted/Elite_Redux_Bulk/meganium_mega
MELMETAL,DS_TECH_READY_SOURCE,True,False,False,True,True,True,True,DS_CUSTOM_LIBRARY/converted/Elite_Redux_Bulk/melmetal
MELMETAL_MEGA,DS_TECH_READY_SOURCE,True,False,True,True,True,True,True,DS_CUSTOM_LIBRARY/converted/Elite_Redux_Bulk/melmetal_mega
MELOETTA,DS_TECH_READY_SOURCE,True,False,False,True,True,True,True,DS_CUSTOM_LIBRARY/converted/Elite_Redux_Bulk/meloetta
MELOETTA_PIROUETTE,DS_TECH_READY_SOURCE,True,False,False,True,True,True,True,DS_CUSTOM_LIBRARY/converted/Elite_Redux_Bulk/meloetta_pirouette
MELTAN,DS_TECH_READY_SOURCE,True,False,False,True,True,True,True,DS_CUSTOM_LIBRARY/converted/Elite_Redux_Bulk/meltan
MEOWSCARADA,DS_TECH_READY_SOURCE,True,False,False,True,True,True,True,DS_CUSTOM_LIBRARY/converted/Elite_Redux_Bulk/meowscarada
MEOWSCARADA_MEGA,DS_TECH_READY_SOURCE,True,False,True,True,True,True,True,DS_CUSTOM_LIBRARY/converted/Elite_Redux_Bulk/meowscarada_mega
MEOWSTIC,DS_TECH_READY_SOURCE,True,False,False,True,True,True,True,DS_CUSTOM_LIBRARY/converted/Elite_Redux_Bulk/meowstic
MEOWSTIC_FEMALE,DS_TECH_READY_SOURCE,True,False,False,True,True,True,True,DS_CUSTOM_LIBRARY/converted/Elite_Redux_Bulk/meowstic_female
MEOWSTIC_MEGA,DS_TECH_READY_SOURCE,True,False,True,True,True,True,True,DS_CUSTOM_LIBRARY/converted/Elite_Redux_Bulk/meowstic_mega
MEOWTH,DS_TECH_READY_SOURCE,True,False,False,True,True,True,True,DS_CUSTOM_LIBRARY/converted/Elite_Redux_Bulk/meowth
MEOWTH_ALOLAN,DS_TECH_READY_SOURCE,True,False,False,True,True,True,True,DS_CUSTOM_LIBRARY/converted/Elite_Redux_Bulk/meowth_alolan
MEOWTH_GALARIAN,DS_TECH_READY_SOURCE,True,False,False,True,True,True,True,DS_CUSTOM_LIBRARY/converted/Elite_Redux_Bulk/meowth_galarian
MEOWTH_PARTNER,DS_TECH_READY_SOURCE,True,False,False,True,True,True,True,DS_CUSTOM_LIBRARY/converted/Elite_Redux_Bulk/meowth_partner
MEOWTH_PARTNER_MEGA,DS_TECH_READY_SOURCE,True,False,True,True,True,True,True,DS_CUSTOM_LIBRARY/converted/Elite_Redux_Bulk/meowth_partner_mega
MERRYKARP,DS_TECH_READY_SOURCE,True,False,False,True,True,True,True,DS_CUSTOM_LIBRARY/converted/Elite_Redux_Bulk/merrykarp
MESPRIT,DS_TECH_READY_SOURCE,True,False,False,True,True,True,True,DS_CUSTOM_LIBRARY/converted/Elite_Redux_Bulk/mesprit
MESPRIT_REDUX,DS_TECH_READY_SOURCE,True,True,False,True,True,True,True,DS_CUSTOM_LIBRARY/converted/Elite_Redux_Bulk/mesprit_redux
METAGROSS,DS_TECH_READY_SOURCE,True,False,False,True,True,True,True,DS_CUSTOM_LIBRARY/converted/Elite_Redux_Bulk/metagross
METAGROSS_MEGA,DS_TECH_READY_SOURCE,True,False,True,True,True,True,True,DS_CUSTOM_LIBRARY/converted/Elite_Redux_Bulk/metagross_mega
METANG,DS_TECH_READY_SOURCE,True,False,False,True,True,True,True,DS_CUSTOM_LIBRARY/converted/Elite_Redux_Bulk/metang
METAPOD,DS_TECH_READY_SOURCE,True,False,False,True,True,True,True,DS_CUSTOM_LIBRARY/converted/Elite_Redux_Bulk/metapod
MEW,DS_TECH_READY_SOURCE,True,False,False,True,True,True,True,DS_CUSTOM_LIBRARY/converted/Elite_Redux_Bulk/mew
MEWTWO,DS_TECH_READY_SOURCE,True,False,False,True,True,True,True,DS_CUSTOM_LIBRARY/converted/Elite_Redux_Bulk/mewtwo
MEWTWO_MEGA_X,DS_TECH_READY_SOURCE,True,False,True,True,True,True,True,DS_CUSTOM_LIBRARY/converted/Elite_Redux_Bulk/mewtwo_mega_x
MEWTWO_MEGA_Y,DS_TECH_READY_SOURCE,True,False,True,True,True,True,True,DS_CUSTOM_LIBRARY/converted/Elite_Redux_Bulk/mewtwo_mega_y
MIENFOO,DS_TECH_READY_SOURCE,True,False,False,True,True,True,True,DS_CUSTOM_LIBRARY/converted/Elite_Redux_Bulk/mienfoo
MIENSHAO,DS_TECH_READY_SOURCE,True,False,False,True,True,True,True,DS_CUSTOM_LIBRARY/converted/Elite_Redux_Bulk/mienshao
MIENSHAO_MEGA,DS_TECH_READY_SOURCE,True,False,True,True,True,True,True,DS_CUSTOM_LIBRARY/converted/Elite_Redux_Bulk/mienshao_mega
MIGHTYENA,DS_TECH_READY_SOURCE,True,False,False,True,True,True,True,DS_CUSTOM_LIBRARY/converted/Elite_Redux_Bulk/mightyena
MILCERY,DS_TECH_READY_SOURCE,True,False,False,True,True,True,True,DS_CUSTOM_LIBRARY/converted/Elite_Redux_Bulk/milcery
MILOTIC,DS_TECH_READY_SOURCE,True,False,False,True,True,True,True,DS_CUSTOM_LIBRARY/converted/Elite_Redux_Bulk/milotic
MILOTIC_MEGA,DS_TECH_READY_SOURCE,True,False,True,True,True,True,True,DS_CUSTOM_LIBRARY/converted/Elite_Redux_Bulk/milotic_mega
MILTANK,DS_TECH_READY_SOURCE,True,False,False,True,True,True,True,DS_CUSTOM_LIBRARY/converted/Elite_Redux_Bulk/miltank
MIME_JR,DS_TECH_READY_SOURCE,True,False,False,True,True,True,True,DS_CUSTOM_LIBRARY/converted/Elite_Redux_Bulk/mime_jr
MIMIKYU,DS_TECH_READY_SOURCE,True,False,False,True,True,True,True,DS_CUSTOM_LIBRARY/converted/Elite_Redux_Bulk/mimikyu
MIMIKYU_APEX,DS_TECH_READY_SOURCE,True,False,False,True,True,True,True,DS_CUSTOM_LIBRARY/converted/Elite_Redux_Bulk/mimikyu_apex
MIMIKYU_APEX_BUSTED,DS_TECH_READY_SOURCE,True,False,False,True,True,True,True,DS_CUSTOM_LIBRARY/converted/Elite_Redux_Bulk/mimikyu_apex_busted
MIMIKYU_BUSTED,DS_TECH_READY_SOURCE,True,False,False,True,True,True,True,DS_CUSTOM_LIBRARY/converted/Elite_Redux_Bulk/mimikyu_busted
MIMIKYU_RAYQUAZA,DS_TECH_READY_SOURCE,True,False,False,True,True,True,True,DS_CUSTOM_LIBRARY/converted/Elite_Redux_Bulk/mimikyu_rayquaza
MIMIKYU_RAYQUAZA_BUSTED,DS_TECH_READY_SOURCE,True,False,False,True,True,True,True,DS_CUSTOM_LIBRARY/converted/Elite_Redux_Bulk/mimikyu_rayquaza_busted
MINCCINO,DS_TECH_READY_SOURCE,True,False,False,True,True,True,True,DS_CUSTOM_LIBRARY/converted/Elite_Redux_Bulk/minccino
MINCCINO_REDUX,DS_TECH_READY_SOURCE,True,True,False,True,True,True,True,DS_CUSTOM_LIBRARY/converted/Elite_Redux_Bulk/minccino_redux
MINIOR,DS_TECH_READY_SOURCE,True,False,False,True,True,True,True,DS_CUSTOM_LIBRARY/converted/Elite_Redux_Bulk/minior
MINIOR_CORE_BLUE,DS_TECH_READY_SOURCE,True,False,False,True,True,True,True,DS_CUSTOM_LIBRARY/converted/Elite_Redux_Bulk/minior_core_blue
MINIOR_CORE_GREEN,DS_TECH_READY_SOURCE,True,False,False,True,True,True,True,DS_CUSTOM_LIBRARY/converted/Elite_Redux_Bulk/minior_core_green
MINIOR_CORE_INDIGO,DS_TECH_READY_SOURCE,True,False,False,True,True,True,True,DS_CUSTOM_LIBRARY/converted/Elite_Redux_Bulk/minior_core_indigo
MINIOR_CORE_ORANGE,DS_TECH_READY_SOURCE,True,False,False,True,True,True,True,DS_CUSTOM_LIBRARY/converted/Elite_Redux_Bulk/minior_core_orange
MINIOR_CORE_RED,DS_TECH_READY_SOURCE,True,False,False,True,True,True,True,DS_CUSTOM_LIBRARY/converted/Elite_Redux_Bulk/minior_core_red
MINIOR_CORE_VIOLET,DS_TECH_READY_SOURCE,True,False,False,True,True,True,True,DS_CUSTOM_LIBRARY/converted/Elite_Redux_Bulk/minior_core_violet
MINIOR_CORE_YELLOW,DS_TECH_READY_SOURCE,True,False,False,True,True,True,True,DS_CUSTOM_LIBRARY/converted/Elite_Redux_Bulk/minior_core_yellow
MINIOR_METEOR_BLUE,DS_TECH_READY_SOURCE,True,False,False,True,True,True,True,DS_CUSTOM_LIBRARY/converted/Elite_Redux_Bulk/minior_meteor_blue
MINIOR_METEOR_GREEN,DS_TECH_READY_SOURCE,True,False,False,True,True,True,True,DS_CUSTOM_LIBRARY/converted/Elite_Redux_Bulk/minior_meteor_green
MINIOR_METEOR_INDIGO,DS_TECH_READY_SOURCE,True,False,False,True,True,True,True,DS_CUSTOM_LIBRARY/converted/Elite_Redux_Bulk/minior_meteor_indigo
MINIOR_METEOR_ORANGE,DS_TECH_READY_SOURCE,True,False,False,True,True,True,True,DS_CUSTOM_LIBRARY/converted/Elite_Redux_Bulk/minior_meteor_orange
MINIOR_METEOR_VIOLET,DS_TECH_READY_SOURCE,True,False,False,True,True,True,True,DS_CUSTOM_LIBRARY/converted/Elite_Redux_Bulk/minior_meteor_violet
MINIOR_METEOR_YELLOW,DS_TECH_READY_SOURCE,True,False,False,True,True,True,True,DS_CUSTOM_LIBRARY/converted/Elite_Redux_Bulk/minior_meteor_yellow
MINUN,DS_TECH_READY_SOURCE,True,False,False,True,True,True,True,DS_CUSTOM_LIBRARY/converted/Elite_Redux_Bulk/minun
MIRAIDON,DS_TECH_READY_SOURCE,True,False,False,True,True,True,True,DS_CUSTOM_LIBRARY/converted/Elite_Redux_Bulk/miraidon
MISDREAVUS,DS_TECH_READY_SOURCE,True,False,False,True,True,True,True,DS_CUSTOM_LIBRARY/converted/Elite_Redux_Bulk/misdreavus
MISMAGIUS,DS_TECH_READY_SOURCE,True,False,False,True,True,True,True,DS_CUSTOM_LIBRARY/converted/Elite_Redux_Bulk/mismagius
MOLTRES,DS_TECH_READY_SOURCE,True,False,False,True,True,True,True,DS_CUSTOM_LIBRARY/converted/Elite_Redux_Bulk/moltres
MOLTRES_EX,DS_TECH_READY_SOURCE,True,False,False,True,True,True,True,DS_CUSTOM_LIBRARY/converted/Elite_Redux_Bulk/moltres_ex
MOLTRES_EX_MEGA,DS_TECH_READY_SOURCE,True,False,True,True,True,True,True,DS_CUSTOM_LIBRARY/converted/Elite_Redux_Bulk/moltres_ex_mega
MOLTRES_GALARIAN,DS_TECH_READY_SOURCE,True,False,False,True,True,True,True,DS_CUSTOM_LIBRARY/converted/Elite_Redux_Bulk/moltres_galarian
MONFERNO,DS_TECH_READY_SOURCE,True,False,False,True,True,True,True,DS_CUSTOM_LIBRARY/converted/Elite_Redux_Bulk/monferno
MONFERNO_REDUX,DS_TECH_READY_SOURCE,True,True,False,True,True,True,True,DS_CUSTOM_LIBRARY/converted/Elite_Redux_Bulk/monferno_redux
MORELULL,DS_TECH_READY_SOURCE,True,False,False,True,True,True,True,DS_CUSTOM_LIBRARY/converted/Elite_Redux_Bulk/morelull
MORGREM,DS_TECH_READY_SOURCE,True,False,False,True,True,True,True,DS_CUSTOM_LIBRARY/converted/Elite_Redux_Bulk/morgrem
MORPEKO,DS_TECH_READY_SOURCE,True,False,False,True,True,True,True,DS_CUSTOM_LIBRARY/converted/Elite_Redux_Bulk/morpeko
MORPEKO_HANGRY,DS_TECH_READY_SOURCE,True,False,False,True,True,True,True,DS_CUSTOM_LIBRARY/converted/Elite_Redux_Bulk/morpeko_hangry
MORPEKYLL,DS_TECH_READY_SOURCE,True,False,False,True,True,True,True,DS_CUSTOM_LIBRARY/converted/Elite_Redux_Bulk/morpekyll
MORPEKYLL_HANGRY,DS_TECH_READY_SOURCE,True,False,False,True,True,True,True,DS_CUSTOM_LIBRARY/converted/Elite_Redux_Bulk/morpekyll_hangry
MOTHIM,DS_TECH_READY_SOURCE,True,False,False,True,True,True,True,DS_CUSTOM_LIBRARY/converted/Elite_Redux_Bulk/mothim
MR_MIME,DS_TECH_READY_SOURCE,True,False,False,True,True,True,True,DS_CUSTOM_LIBRARY/converted/Elite_Redux_Bulk/mr_mime
MR_MIME_GALARIAN,DS_TECH_READY_SOURCE,True,False,False,True,True,True,True,DS_CUSTOM_LIBRARY/converted/Elite_Redux_Bulk/mr_mime_galarian
MR_RIME,DS_TECH_READY_SOURCE,True,False,False,True,True,True,True,DS_CUSTOM_LIBRARY/converted/Elite_Redux_Bulk/mr_rime
MUDBRAY,DS_TECH_READY_SOURCE,True,False,False,True,True,True,True,DS_CUSTOM_LIBRARY/converted/Elite_Redux_Bulk/mudbray
MUDKIP,DS_TECH_READY_SOURCE,True,False,False,True,True,True,True,DS_CUSTOM_LIBRARY/converted/Elite_Redux_Bulk/mudkip
MUDSDALE,DS_TECH_READY_SOURCE,True,False,False,True,True,True,True,DS_CUSTOM_LIBRARY/converted/Elite_Redux_Bulk/mudsdale
MUK,DS_TECH_READY_SOURCE,True,False,False,True,True,True,True,DS_CUSTOM_LIBRARY/converted/Elite_Redux_Bulk/muk
MUK_ALOLAN,DS_TECH_READY_SOURCE,True,False,False,True,True,True,True,DS_CUSTOM_LIBRARY/converted/Elite_Redux_Bulk/muk_alolan
MUNCHLAX,DS_TECH_READY_SOURCE,True,False,False,True,True,True,True,DS_CUSTOM_LIBRARY/converted/Elite_Redux_Bulk/munchlax
MUNCHLAX_REDUX,DS_TECH_READY_SOURCE,True,True,False,True,True,True,True,DS_CUSTOM_LIBRARY/converted/Elite_Redux_Bulk/munchlax_redux
MUNKIDORI,DS_TECH_READY_SOURCE,True,False,False,True,True,True,True,DS_CUSTOM_LIBRARY/converted/Elite_Redux_Bulk/munkidori
MUNNA,DS_TECH_READY_SOURCE,True,False,False,True,True,True,True,DS_CUSTOM_LIBRARY/converted/Elite_Redux_Bulk/munna
MURKROW,DS_TECH_READY_SOURCE,True,False,False,True,True,True,True,DS_CUSTOM_LIBRARY/converted/Elite_Redux_Bulk/murkrow
MUSHARNA,DS_TECH_READY_SOURCE,True,False,False,True,True,True,True,DS_CUSTOM_LIBRARY/converted/Elite_Redux_Bulk/musharna
NACLI,DS_TECH_READY_SOURCE,True,False,False,True,True,True,True,DS_CUSTOM_LIBRARY/converted/Elite_Redux_Bulk/nacli
NACLSTACK,DS_TECH_READY_SOURCE,True,False,False,True,True,True,True,DS_CUSTOM_LIBRARY/converted/Elite_Redux_Bulk/naclstack
NAGANADEL,DS_TECH_READY_SOURCE,True,False,False,True,True,True,True,DS_CUSTOM_LIBRARY/converted/Elite_Redux_Bulk/naganadel
NATU,DS_TECH_READY_SOURCE,True,False,False,True,True,True,True,DS_CUSTOM_LIBRARY/converted/Elite_Redux_Bulk/natu
NECROZMA,DS_TECH_READY_SOURCE,True,False,False,True,True,True,True,DS_CUSTOM_LIBRARY/converted/Elite_Redux_Bulk/necrozma
NECROZMA_DAWN_WINGS,DS_TECH_READY_SOURCE,True,False,False,True,True,True,True,DS_CUSTOM_LIBRARY/converted/Elite_Redux_Bulk/necrozma_dawn_wings
NECROZMA_DUSK_MANE,DS_TECH_READY_SOURCE,True,False,False,True,True,True,True,DS_CUSTOM_LIBRARY/converted/Elite_Redux_Bulk/necrozma_dusk_mane
NECROZMA_ULTRA,DS_TECH_READY_SOURCE,True,False,False,True,True,True,True,DS_CUSTOM_LIBRARY/converted/Elite_Redux_Bulk/necrozma_ultra
NICKIT,DS_TECH_READY_SOURCE,True,False,False,True,True,True,True,DS_CUSTOM_LIBRARY/converted/Elite_Redux_Bulk/nickit
NIDOKING,DS_TECH_READY_SOURCE,True,False,False,True,True,True,True,DS_CUSTOM_LIBRARY/converted/Elite_Redux_Bulk/nidoking
NIDOKING_MEGA,DS_TECH_READY_SOURCE,True,False,True,True,True,True,True,DS_CUSTOM_LIBRARY/converted/Elite_Redux_Bulk/nidoking_mega
NIDOQUEEN,DS_TECH_READY_SOURCE,True,False,False,True,True,True,True,DS_CUSTOM_LIBRARY/converted/Elite_Redux_Bulk/nidoqueen
NIDOQUEEN_MEGA,DS_TECH_READY_SOURCE,True,False,True,True,True,True,True,DS_CUSTOM_LIBRARY/converted/Elite_Redux_Bulk/nidoqueen_mega
NIDORAN_F,DS_TECH_READY_SOURCE,True,False,False,True,True,True,True,DS_CUSTOM_LIBRARY/converted/Elite_Redux_Bulk/nidoran_f
NIDORAN_M,DS_TECH_READY_SOURCE,True,False,False,True,True,True,True,DS_CUSTOM_LIBRARY/converted/Elite_Redux_Bulk/nidoran_m
NIDORINA,DS_TECH_READY_SOURCE,True,False,False,True,True,True,True,DS_CUSTOM_LIBRARY/converted/Elite_Redux_Bulk/nidorina
NIDORINO,DS_TECH_READY_SOURCE,True,False,False,True,True,True,True,DS_CUSTOM_LIBRARY/converted/Elite_Redux_Bulk/nidorino
NIHILEGO,DS_TECH_READY_SOURCE,True,False,False,True,True,True,True,DS_CUSTOM_LIBRARY/converted/Elite_Redux_Bulk/nihilego
NINCADA,DS_TECH_READY_SOURCE,True,False,False,True,True,True,True,DS_CUSTOM_LIBRARY/converted/Elite_Redux_Bulk/nincada
NINETALES,DS_TECH_READY_SOURCE,True,False,False,True,True,True,True,DS_CUSTOM_LIBRARY/converted/Elite_Redux_Bulk/ninetales
NINETALES_ALOLAN,DS_TECH_READY_SOURCE,True,False,False,True,True,True,True,DS_CUSTOM_LIBRARY/converted/Elite_Redux_Bulk/ninetales_alolan
NINJASK,DS_TECH_READY_SOURCE,True,False,False,True,True,True,True,DS_CUSTOM_LIBRARY/converted/Elite_Redux_Bulk/ninjask
NOCTOWL,DS_TECH_READY_SOURCE,True,False,False,True,True,True,True,DS_CUSTOM_LIBRARY/converted/Elite_Redux_Bulk/noctowl
NOIBAT,DS_TECH_READY_SOURCE,True,False,False,True,True,True,True,DS_CUSTOM_LIBRARY/converted/Elite_Redux_Bulk/noibat
NOIBAT_REDUX,DS_TECH_READY_SOURCE,True,True,False,True,True,True,True,DS_CUSTOM_LIBRARY/converted/Elite_Redux_Bulk/noibat_redux
NOIVERN,DS_TECH_READY_SOURCE,True,False,False,True,True,True,True,DS_CUSTOM_LIBRARY/converted/Elite_Redux_Bulk/noivern
NOIVERN_REDUX,DS_TECH_READY_SOURCE,True,True,False,True,True,True,True,DS_CUSTOM_LIBRARY/converted/Elite_Redux_Bulk/noivern_redux
NOSEPASS,DS_TECH_READY_SOURCE,True,False,False,True,True,True,True,DS_CUSTOM_LIBRARY/converted/Elite_Redux_Bulk/nosepass
NUMEL,DS_TECH_READY_SOURCE,True,False,False,True,True,True,True,DS_CUSTOM_LIBRARY/converted/Elite_Redux_Bulk/numel
NUZLEAF,DS_TECH_READY_SOURCE,True,False,False,True,True,True,True,DS_CUSTOM_LIBRARY/converted/Elite_Redux_Bulk/nuzleaf
NYMBLE,DS_TECH_READY_SOURCE,True,False,False,True,True,True,True,DS_CUSTOM_LIBRARY/converted/Elite_Redux_Bulk/nymble
OBSTAGOON,DS_TECH_READY_SOURCE,True,False,False,True,True,True,True,DS_CUSTOM_LIBRARY/converted/Elite_Redux_Bulk/obstagoon
OCTILLERY,DS_TECH_READY_SOURCE,True,False,False,True,True,True,True,DS_CUSTOM_LIBRARY/converted/Elite_Redux_Bulk/octillery
ODDISH,DS_TECH_READY_SOURCE,True,False,False,True,True,True,True,DS_CUSTOM_LIBRARY/converted/Elite_Redux_Bulk/oddish
OGERPON,DS_TECH_READY_SOURCE,True,False,False,True,True,True,True,DS_CUSTOM_LIBRARY/converted/Elite_Redux_Bulk/ogerpon
OGERPON_CORNERSTONE_MASK,DS_TECH_READY_SOURCE,True,False,False,True,True,True,True,DS_CUSTOM_LIBRARY/converted/Elite_Redux_Bulk/ogerpon_cornerstone_mask
OGERPON_CORNERSTONE_MASK_MEGA,DS_TECH_READY_SOURCE,True,False,True,True,True,True,True,DS_CUSTOM_LIBRARY/converted/Elite_Redux_Bulk/ogerpon_cornerstone_mask_mega
OGERPON_HEARTHFLAME_MASK,DS_TECH_READY_SOURCE,True,False,False,True,True,True,True,DS_CUSTOM_LIBRARY/converted/Elite_Redux_Bulk/ogerpon_hearthflame_mask
OGERPON_HEARTHFLAME_MASK_MEGA,DS_TECH_READY_SOURCE,True,False,True,True,True,True,True,DS_CUSTOM_LIBRARY/converted/Elite_Redux_Bulk/ogerpon_hearthflame_mask_mega
OGERPON_MEGA,DS_TECH_READY_SOURCE,True,False,True,True,True,True,True,DS_CUSTOM_LIBRARY/converted/Elite_Redux_Bulk/ogerpon_mega
OGERPON_WELLSPRING_MASK,DS_TECH_READY_SOURCE,True,False,False,True,True,True,True,DS_CUSTOM_LIBRARY/converted/Elite_Redux_Bulk/ogerpon_wellspring_mask
OGERPON_WELLSPRING_MASK_MEGA,DS_TECH_READY_SOURCE,True,False,True,True,True,True,True,DS_CUSTOM_LIBRARY/converted/Elite_Redux_Bulk/ogerpon_wellspring_mask_mega
OINKOLOGNE,DS_TECH_READY_SOURCE,True,False,False,True,True,True,True,DS_CUSTOM_LIBRARY/converted/Elite_Redux_Bulk/oinkologne
OKIDOGI,DS_TECH_READY_SOURCE,True,False,False,True,True,True,True,DS_CUSTOM_LIBRARY/converted/Elite_Redux_Bulk/okidogi
OMANYTE,DS_TECH_READY_SOURCE,True,False,False,True,True,True,True,DS_CUSTOM_LIBRARY/converted/Elite_Redux_Bulk/omanyte
OMASTAR,DS_TECH_READY_SOURCE,True,False,False,True,True,True,True,DS_CUSTOM_LIBRARY/converted/Elite_Redux_Bulk/omastar
ONIX,DS_TECH_READY_SOURCE,True,False,False,True,True,True,True,DS_CUSTOM_LIBRARY/converted/Elite_Redux_Bulk/onix
ORANGURU,DS_TECH_READY_SOURCE,True,False,False,True,True,True,True,DS_CUSTOM_LIBRARY/converted/Elite_Redux_Bulk/oranguru
ORBEETLE,DS_TECH_READY_SOURCE,True,False,False,True,True,True,True,DS_CUSTOM_LIBRARY/converted/Elite_Redux_Bulk/orbeetle
ORBEETLE_MEGA,DS_TECH_READY_SOURCE,True,False,True,True,True,True,True,DS_CUSTOM_LIBRARY/converted/Elite_Redux_Bulk/orbeetle_mega
ORCHESTOT,DS_TECH_READY_SOURCE,True,False,False,True,True,True,True,DS_CUSTOM_LIBRARY/converted/Elite_Redux_Bulk/orchestot
ORICORIO,DS_TECH_READY_SOURCE,True,False,False,True,True,True,True,DS_CUSTOM_LIBRARY/converted/Elite_Redux_Bulk/oricorio
ORICORIO_MEGA,DS_TECH_READY_SOURCE,True,False,True,True,True,True,True,DS_CUSTOM_LIBRARY/converted/Elite_Redux_Bulk/oricorio_mega
ORICORIO_PAU,DS_TECH_READY_SOURCE,True,False,False,True,True,True,True,DS_CUSTOM_LIBRARY/converted/Elite_Redux_Bulk/oricorio_pau
ORICORIO_POM_POM,DS_TECH_READY_SOURCE,True,False,False,True,True,True,True,DS_CUSTOM_LIBRARY/converted/Elite_Redux_Bulk/oricorio_pom_pom
ORICORIO_SENSU,DS_TECH_READY_SOURCE,True,False,False,True,True,True,True,DS_CUSTOM_LIBRARY/converted/Elite_Redux_Bulk/oricorio_sensu
ORTHWORM,DS_TECH_READY_SOURCE,True,False,False,True,True,True,True,DS_CUSTOM_LIBRARY/converted/Elite_Redux_Bulk/orthworm
OSHAWOTT,DS_TECH_READY_SOURCE,True,False,False,True,True,True,True,DS_CUSTOM_LIBRARY/converted/Elite_Redux_Bulk/oshawott
OVERQWIL,DS_TECH_READY_SOURCE,True,False,False,True,True,True,True,DS_CUSTOM_LIBRARY/converted/Elite_Redux_Bulk/overqwil
PACHIRISU,DS_TECH_READY_SOURCE,True,False,False,True,True,True,True,DS_CUSTOM_LIBRARY/converted/Elite_Redux_Bulk/pachirisu
PALAFIN,DS_TECH_READY_SOURCE,True,False,False,True,True,True,True,DS_CUSTOM_LIBRARY/converted/Elite_Redux_Bulk/palafin
PALAFIN_HERO,DS_TECH_READY_SOURCE,True,False,False,True,True,True,True,DS_CUSTOM_LIBRARY/converted/Elite_Redux_Bulk/palafin_hero
PALKIA,DS_TECH_READY_SOURCE,True,False,False,True,True,True,True,DS_CUSTOM_LIBRARY/converted/Elite_Redux_Bulk/palkia
PALKIA_ORIGIN,DS_TECH_READY_SOURCE,True,False,False,True,True,True,True,DS_CUSTOM_LIBRARY/converted/Elite_Redux_Bulk/palkia_origin
PALOSSAND,DS_TECH_READY_SOURCE,True,False,False,True,True,True,True,DS_CUSTOM_LIBRARY/converted/Elite_Redux_Bulk/palossand
PALPITOAD,DS_TECH_READY_SOURCE,True,False,False,True,True,True,True,DS_CUSTOM_LIBRARY/converted/Elite_Redux_Bulk/palpitoad
PANCHAM,DS_TECH_READY_SOURCE,True,False,False,True,True,True,True,DS_CUSTOM_LIBRARY/converted/Elite_Redux_Bulk/pancham
PANGORO,DS_TECH_READY_SOURCE,True,False,False,True,True,True,True,DS_CUSTOM_LIBRARY/converted/Elite_Redux_Bulk/pangoro
PANPOUR,DS_TECH_READY_SOURCE,True,False,False,True,True,True,True,DS_CUSTOM_LIBRARY/converted/Elite_Redux_Bulk/panpour
PANPOUR_REDUX,DS_TECH_READY_SOURCE,True,True,False,True,True,True,True,DS_CUSTOM_LIBRARY/converted/Elite_Redux_Bulk/panpour_redux
PANSAGE,DS_TECH_READY_SOURCE,True,False,False,True,True,True,True,DS_CUSTOM_LIBRARY/converted/Elite_Redux_Bulk/pansage
PANSAGE_REDUX,DS_TECH_READY_SOURCE,True,True,False,True,True,True,True,DS_CUSTOM_LIBRARY/converted/Elite_Redux_Bulk/pansage_redux
PANSEAR,DS_TECH_READY_SOURCE,True,False,False,True,True,True,True,DS_CUSTOM_LIBRARY/converted/Elite_Redux_Bulk/pansear
PANSEAR_REDUX,DS_TECH_READY_SOURCE,True,True,False,True,True,True,True,DS_CUSTOM_LIBRARY/converted/Elite_Redux_Bulk/pansear_redux
PARAS,DS_TECH_READY_SOURCE,True,False,False,True,True,True,True,DS_CUSTOM_LIBRARY/converted/Elite_Redux_Bulk/paras
PARASECT,DS_TECH_READY_SOURCE,True,False,False,True,True,True,True,DS_CUSTOM_LIBRARY/converted/Elite_Redux_Bulk/parasect
PASSIMIAN,DS_TECH_READY_SOURCE,True,False,False,True,True,True,True,DS_CUSTOM_LIBRARY/converted/Elite_Redux_Bulk/passimian
PATRAT,DS_TECH_READY_SOURCE,True,False,False,True,True,True,True,DS_CUSTOM_LIBRARY/converted/Elite_Redux_Bulk/patrat
PAWMI,DS_TECH_READY_SOURCE,True,False,False,True,True,True,True,DS_CUSTOM_LIBRARY/converted/Elite_Redux_Bulk/pawmi
PAWMO,DS_TECH_READY_SOURCE,True,False,False,True,True,True,True,DS_CUSTOM_LIBRARY/converted/Elite_Redux_Bulk/pawmo
PAWMOT,DS_TECH_READY_SOURCE,True,False,False,True,True,True,True,DS_CUSTOM_LIBRARY/converted/Elite_Redux_Bulk/pawmot
PAWNIARD,DS_TECH_READY_SOURCE,True,False,False,True,True,True,True,DS_CUSTOM_LIBRARY/converted/Elite_Redux_Bulk/pawniard
PAWNIARD_REDUX,DS_TECH_READY_SOURCE,True,True,False,True,True,True,True,DS_CUSTOM_LIBRARY/converted/Elite_Redux_Bulk/pawniard_redux
PECHARUNT,DS_TECH_READY_SOURCE,True,False,False,True,True,True,True,DS_CUSTOM_LIBRARY/converted/Elite_Redux_Bulk/pecharunt
PELIPPER,DS_TECH_READY_SOURCE,True,False,False,True,True,True,True,DS_CUSTOM_LIBRARY/converted/Elite_Redux_Bulk/pelipper
PENTADUG,DS_TECH_READY_SOURCE,True,False,False,True,True,True,True,DS_CUSTOM_LIBRARY/converted/Elite_Redux_Bulk/pentadug
PENTADUG_ALOLAN,DS_TECH_READY_SOURCE,True,False,False,True,True,True,True,DS_CUSTOM_LIBRARY/converted/Elite_Redux_Bulk/pentadug_alolan
PENTAWUG,DS_TECH_READY_SOURCE,True,False,False,True,True,True,True,DS_CUSTOM_LIBRARY/converted/Elite_Redux_Bulk/pentawug
PERRSERKER,DS_TECH_READY_SOURCE,True,False,False,True,True,True,True,DS_CUSTOM_LIBRARY/converted/Elite_Redux_Bulk/perrserker
PERSIAN,DS_TECH_READY_SOURCE,True,False,False,True,True,True,True,DS_CUSTOM_LIBRARY/converted/Elite_Redux_Bulk/persian
PERSIAN_ALOLAN,DS_TECH_READY_SOURCE,True,False,False,True,True,True,True,DS_CUSTOM_LIBRARY/converted/Elite_Redux_Bulk/persian_alolan
PETILIL,DS_TECH_READY_SOURCE,True,False,False,True,True,True,True,DS_CUSTOM_LIBRARY/converted/Elite_Redux_Bulk/petilil
PHANFERNAL,DS_TECH_READY_SOURCE,True,False,False,True,True,True,True,DS_CUSTOM_LIBRARY/converted/Elite_Redux_Bulk/phanfernal
PHANPY,DS_TECH_READY_SOURCE,True,False,False,True,True,True,True,DS_CUSTOM_LIBRARY/converted/Elite_Redux_Bulk/phanpy
PHANTOWL,DS_TECH_READY_SOURCE,True,False,False,True,True,True,True,DS_CUSTOM_LIBRARY/converted/Elite_Redux_Bulk/phantowl
PHANTUMP,DS_TECH_READY_SOURCE,True,False,False,True,True,True,True,DS_CUSTOM_LIBRARY/converted/Elite_Redux_Bulk/phantump
PHEROMOSA,DS_TECH_READY_SOURCE,True,False,False,True,True,True,True,DS_CUSTOM_LIBRARY/converted/Elite_Redux_Bulk/pheromosa
PHIONE,DS_TECH_READY_SOURCE,True,False,False,True,True,True,True,DS_CUSTOM_LIBRARY/converted/Elite_Redux_Bulk/phione
PICHU,DS_TECH_READY_SOURCE,True,False,False,True,True,True,True,DS_CUSTOM_LIBRARY/converted/Elite_Redux_Bulk/pichu
PICHU_SPIKY_EARED,DS_TECH_READY_SOURCE,True,False,False,True,True,True,True,DS_CUSTOM_LIBRARY/converted/Elite_Redux_Bulk/pichu_spiky_eared
PIDGEOT,DS_TECH_READY_SOURCE,True,False,False,True,True,True,True,DS_CUSTOM_LIBRARY/converted/Elite_Redux_Bulk/pidgeot
PIDGEOTTO,DS_TECH_READY_SOURCE,True,False,False,True,True,True,True,DS_CUSTOM_LIBRARY/converted/Elite_Redux_Bulk/pidgeotto
PIDGEOT_MEGA,DS_TECH_READY_SOURCE,True,False,True,True,True,True,True,DS_CUSTOM_LIBRARY/converted/Elite_Redux_Bulk/pidgeot_mega
PIDGEY,DS_TECH_READY_SOURCE,True,False,False,True,True,True,True,DS_CUSTOM_LIBRARY/converted/Elite_Redux_Bulk/pidgey
PIDOVE,DS_TECH_READY_SOURCE,True,False,False,True,True,True,True,DS_CUSTOM_LIBRARY/converted/Elite_Redux_Bulk/pidove
PIGNITE,DS_TECH_READY_SOURCE,True,False,False,True,True,True,True,DS_CUSTOM_LIBRARY/converted/Elite_Redux_Bulk/pignite
PIKACHU,DS_TECH_READY_SOURCE,True,False,False,True,True,True,True,DS_CUSTOM_LIBRARY/converted/Elite_Redux_Bulk/pikachu
PIKACHU_ALOLA_CAP,DS_TECH_READY_SOURCE,True,False,False,True,True,True,True,DS_CUSTOM_LIBRARY/converted/Elite_Redux_Bulk/pikachu_alola_cap
PIKACHU_BELLE,DS_TECH_READY_SOURCE,True,False,False,True,True,True,True,DS_CUSTOM_LIBRARY/converted/Elite_Redux_Bulk/pikachu_belle
PIKACHU_COSPLAY,DS_TECH_READY_SOURCE,True,False,False,True,True,True,True,DS_CUSTOM_LIBRARY/converted/Elite_Redux_Bulk/pikachu_cosplay
PIKACHU_HOENN_CAP,DS_TECH_READY_SOURCE,True,False,False,True,True,True,True,DS_CUSTOM_LIBRARY/converted/Elite_Redux_Bulk/pikachu_hoenn_cap
PIKACHU_KALOS_CAP,DS_TECH_READY_SOURCE,True,False,False,True,True,True,True,DS_CUSTOM_LIBRARY/converted/Elite_Redux_Bulk/pikachu_kalos_cap
PIKACHU_LIBRE,DS_TECH_READY_SOURCE,True,False,False,True,True,True,True,DS_CUSTOM_LIBRARY/converted/Elite_Redux_Bulk/pikachu_libre
PIKACHU_ORIGINAL_CAP,DS_TECH_READY_SOURCE,True,False,False,True,True,True,True,DS_CUSTOM_LIBRARY/converted/Elite_Redux_Bulk/pikachu_original_cap
PIKACHU_PARTNER,DS_TECH_READY_SOURCE,True,False,False,True,True,True,True,DS_CUSTOM_LIBRARY/converted/Elite_Redux_Bulk/pikachu_partner
PIKACHU_PARTNER_CAP,DS_TECH_READY_SOURCE,True,False,False,True,True,True,True,DS_CUSTOM_LIBRARY/converted/Elite_Redux_Bulk/pikachu_partner_cap
PIKACHU_PARTNER_MEGA,DS_TECH_READY_SOURCE,True,False,True,True,True,True,True,DS_CUSTOM_LIBRARY/converted/Elite_Redux_Bulk/pikachu_partner_mega
PIKACHU_PH_D,DS_TECH_READY_SOURCE,True,False,False,True,True,True,True,DS_CUSTOM_LIBRARY/converted/Elite_Redux_Bulk/pikachu_ph_d
PIKACHU_POP_STAR,DS_TECH_READY_SOURCE,True,False,False,True,True,True,True,DS_CUSTOM_LIBRARY/converted/Elite_Redux_Bulk/pikachu_pop_star
PIKACHU_ROCK_STAR,DS_TECH_READY_SOURCE,True,False,False,True,True,True,True,DS_CUSTOM_LIBRARY/converted/Elite_Redux_Bulk/pikachu_rock_star
PIKACHU_SINNOH_CAP,DS_TECH_READY_SOURCE,True,False,False,True,True,True,True,DS_CUSTOM_LIBRARY/converted/Elite_Redux_Bulk/pikachu_sinnoh_cap
PIKACHU_UNOVA_CAP,DS_TECH_READY_SOURCE,True,False,False,True,True,True,True,DS_CUSTOM_LIBRARY/converted/Elite_Redux_Bulk/pikachu_unova_cap
PIKACHU_WORLD_CAP,DS_TECH_READY_SOURCE,True,False,False,True,True,True,True,DS_CUSTOM_LIBRARY/converted/Elite_Redux_Bulk/pikachu_world_cap
PIKIPEK,DS_TECH_READY_SOURCE,True,False,False,True,True,True,True,DS_CUSTOM_LIBRARY/converted/Elite_Redux_Bulk/pikipek
PILOSWINE,DS_TECH_READY_SOURCE,True,False,False,True,True,True,True,DS_CUSTOM_LIBRARY/converted/Elite_Redux_Bulk/piloswine
PILOSWINE_REDUX,DS_TECH_READY_SOURCE,True,True,False,True,True,True,True,DS_CUSTOM_LIBRARY/converted/Elite_Redux_Bulk/piloswine_redux
PINCURCHIN,DS_TECH_READY_SOURCE,True,False,False,True,True,True,True,DS_CUSTOM_LIBRARY/converted/Elite_Redux_Bulk/pincurchin
PINECO,DS_TECH_READY_SOURCE,True,False,False,True,True,True,True,DS_CUSTOM_LIBRARY/converted/Elite_Redux_Bulk/pineco
PINSIR,DS_TECH_READY_SOURCE,True,False,False,True,True,True,True,DS_CUSTOM_LIBRARY/converted/Elite_Redux_Bulk/pinsir
PINSIR_MEGA,DS_TECH_READY_SOURCE,True,False,True,True,True,True,True,DS_CUSTOM_LIBRARY/converted/Elite_Redux_Bulk/pinsir_mega
PIPLUP,DS_TECH_READY_SOURCE,True,False,False,True,True,True,True,DS_CUSTOM_LIBRARY/converted/Elite_Redux_Bulk/piplup
PIPLUP_REDUX,DS_TECH_READY_SOURCE,True,True,False,True,True,True,True,DS_CUSTOM_LIBRARY/converted/Elite_Redux_Bulk/piplup_redux
PLUNDERTOW,DS_TECH_READY_SOURCE,True,False,False,True,True,True,True,DS_CUSTOM_LIBRARY/converted/Elite_Redux_Bulk/plundertow
PLUSLE,DS_TECH_READY_SOURCE,True,False,False,True,True,True,True,DS_CUSTOM_LIBRARY/converted/Elite_Redux_Bulk/plusle
POIPOLE,DS_TECH_READY_SOURCE,True,False,False,True,True,True,True,DS_CUSTOM_LIBRARY/converted/Elite_Redux_Bulk/poipole
POLARTIC,DS_TECH_READY_SOURCE,True,False,False,True,True,True,True,DS_CUSTOM_LIBRARY/converted/Elite_Redux_Bulk/polartic
POLARTIC_BLUEMOON,DS_TECH_READY_SOURCE,True,False,False,True,True,True,True,DS_CUSTOM_LIBRARY/converted/Elite_Redux_Bulk/polartic_bluemoon
POLITOED,DS_TECH_READY_SOURCE,True,False,False,True,True,True,True,DS_CUSTOM_LIBRARY/converted/Elite_Redux_Bulk/politoed
POLIWAG,DS_TECH_READY_SOURCE,True,False,False,True,True,True,True,DS_CUSTOM_LIBRARY/converted/Elite_Redux_Bulk/poliwag
POLIWHIRL,DS_TECH_READY_SOURCE,True,False,False,True,True,True,True,DS_CUSTOM_LIBRARY/converted/Elite_Redux_Bulk/poliwhirl
POLIWRATH,DS_TECH_READY_SOURCE,True,False,False,True,True,True,True,DS_CUSTOM_LIBRARY/converted/Elite_Redux_Bulk/poliwrath
POLTCHAGEIST,DS_TECH_READY_SOURCE,True,False,False,True,True,True,True,DS_CUSTOM_LIBRARY/converted/Elite_Redux_Bulk/poltchageist
POLTEAGEIST,DS_TECH_READY_SOURCE,True,False,False,True,True,True,True,DS_CUSTOM_LIBRARY/converted/Elite_Redux_Bulk/polteageist
POLTEAGEIST_ANTIQUE,DS_TECH_READY_SOURCE,True,False,False,True,True,True,True,DS_CUSTOM_LIBRARY/converted/Elite_Redux_Bulk/polteageist_antique
POLTEAGEIST_REDUX,DS_TECH_READY_SOURCE,True,True,False,True,True,True,True,DS_CUSTOM_LIBRARY/converted/Elite_Redux_Bulk/polteageist_redux
PONYTA,DS_TECH_READY_SOURCE,True,False,False,True,True,True,True,DS_CUSTOM_LIBRARY/converted/Elite_Redux_Bulk/ponyta
PONYTA_GALARIAN,DS_TECH_READY_SOURCE,True,False,False,True,True,True,True,DS_CUSTOM_LIBRARY/converted/Elite_Redux_Bulk/ponyta_galarian
POOCHYENA,DS_TECH_READY_SOURCE,True,False,False,True,True,True,True,DS_CUSTOM_LIBRARY/converted/Elite_Redux_Bulk/poochyena
POPCORM,DS_TECH_READY_SOURCE,True,False,False,True,True,True,True,DS_CUSTOM_LIBRARY/converted/Elite_Redux_Bulk/popcorm
POPCORM_MEGA,DS_TECH_READY_SOURCE,True,False,True,True,True,True,True,DS_CUSTOM_LIBRARY/converted/Elite_Redux_Bulk/popcorm_mega
POPPLIO,DS_TECH_READY_SOURCE,True,False,False,True,True,True,True,DS_CUSTOM_LIBRARY/converted/Elite_Redux_Bulk/popplio
PORYGON,DS_TECH_READY_SOURCE,True,False,False,True,True,True,True,DS_CUSTOM_LIBRARY/converted/Elite_Redux_Bulk/porygon
PORYGON2,DS_TECH_READY_SOURCE,True,False,False,True,True,True,True,DS_CUSTOM_LIBRARY/converted/Elite_Redux_Bulk/porygon2
PORYGON_Z,DS_TECH_READY_SOURCE,True,False,False,True,True,True,True,DS_CUSTOM_LIBRARY/converted/Elite_Redux_Bulk/porygon_z
PRIMARINA,DS_TECH_READY_SOURCE,True,False,False,True,True,True,True,DS_CUSTOM_LIBRARY/converted/Elite_Redux_Bulk/primarina
PRIMARINA_MEGA,DS_TECH_READY_SOURCE,True,False,True,True,True,True,True,DS_CUSTOM_LIBRARY/converted/Elite_Redux_Bulk/primarina_mega
PRIMEAPE,DS_TECH_READY_SOURCE,True,False,False,True,True,True,True,DS_CUSTOM_LIBRARY/converted/Elite_Redux_Bulk/primeape
PRINPLUP,DS_TECH_READY_SOURCE,True,False,False,True,True,True,True,DS_CUSTOM_LIBRARY/converted/Elite_Redux_Bulk/prinplup
PRINPLUP_REDUX,DS_TECH_READY_SOURCE,True,True,False,True,True,True,True,DS_CUSTOM_LIBRARY/converted/Elite_Redux_Bulk/prinplup_redux
PROBOPASS,DS_TECH_READY_SOURCE,True,False,False,True,True,True,True,DS_CUSTOM_LIBRARY/converted/Elite_Redux_Bulk/probopass
PSYDUCK,DS_TECH_READY_SOURCE,True,False,False,True,True,True,True,DS_CUSTOM_LIBRARY/converted/Elite_Redux_Bulk/psyduck
PSYDUCK_REDUX,DS_TECH_READY_SOURCE,True,True,False,True,True,True,True,DS_CUSTOM_LIBRARY/converted/Elite_Redux_Bulk/psyduck_redux
PUMPKABOO,DS_TECH_READY_SOURCE,True,False,False,True,True,True,True,DS_CUSTOM_LIBRARY/converted/Elite_Redux_Bulk/pumpkaboo
PUMPKABOO_LARGE,DS_TECH_READY_SOURCE,True,False,False,True,True,True,True,DS_CUSTOM_LIBRARY/converted/Elite_Redux_Bulk/pumpkaboo_large
PUMPKABOO_SMALL,DS_TECH_READY_SOURCE,True,False,False,True,True,True,True,DS_CUSTOM_LIBRARY/converted/Elite_Redux_Bulk/pumpkaboo_small
PUMPKABOO_SUPER,DS_TECH_READY_SOURCE,True,False,False,True,True,True,True,DS_CUSTOM_LIBRARY/converted/Elite_Redux_Bulk/pumpkaboo_super
PUPITAR,DS_TECH_READY_SOURCE,True,False,False,True,True,True,True,DS_CUSTOM_LIBRARY/converted/Elite_Redux_Bulk/pupitar
PUPITAR_REDUX,DS_TECH_READY_SOURCE,True,True,False,True,True,True,True,DS_CUSTOM_LIBRARY/converted/Elite_Redux_Bulk/pupitar_redux
PURRLOIN,DS_TECH_READY_SOURCE,True,False,False,True,True,True,True,DS_CUSTOM_LIBRARY/converted/Elite_Redux_Bulk/purrloin
PURUGLY,DS_TECH_READY_SOURCE,True,False,False,True,True,True,True,DS_CUSTOM_LIBRARY/converted/Elite_Redux_Bulk/purugly
PYROAR,DS_TECH_READY_SOURCE,True,False,False,True,True,True,True,DS_CUSTOM_LIBRARY/converted/Elite_Redux_Bulk/pyroar
PYROAR_MEGA,DS_TECH_READY_SOURCE,True,False,True,True,True,True,True,DS_CUSTOM_LIBRARY/converted/Elite_Redux_Bulk/pyroar_mega
PYUKUMUKU,DS_TECH_READY_SOURCE,True,False,False,True,True,True,True,DS_CUSTOM_LIBRARY/converted/Elite_Redux_Bulk/pyukumuku
QUAGSIRE,DS_TECH_READY_SOURCE,True,False,False,True,True,True,True,DS_CUSTOM_LIBRARY/converted/Elite_Redux_Bulk/quagsire
QUAGSIRE_MEGA,DS_TECH_READY_SOURCE,True,False,True,True,True,True,True,DS_CUSTOM_LIBRARY/converted/Elite_Redux_Bulk/quagsire_mega
QUAQUAVAL,DS_TECH_READY_SOURCE,True,False,False,True,True,True,True,DS_CUSTOM_LIBRARY/converted/Elite_Redux_Bulk/quaquaval
QUAQUAVAL_MEGA,DS_TECH_READY_SOURCE,True,False,True,True,True,True,True,DS_CUSTOM_LIBRARY/converted/Elite_Redux_Bulk/quaquaval_mega
QUAXLY,DS_TECH_READY_SOURCE,True,False,False,True,True,True,True,DS_CUSTOM_LIBRARY/converted/Elite_Redux_Bulk/quaxly
QUAXWELL,DS_TECH_READY_SOURCE,True,False,False,True,True,True,True,DS_CUSTOM_LIBRARY/converted/Elite_Redux_Bulk/quaxwell
QUEENGAMBIT,DS_TECH_READY_SOURCE,True,False,False,True,True,True,True,DS_CUSTOM_LIBRARY/converted/Elite_Redux_Bulk/queengambit
QUILAVA,DS_TECH_READY_SOURCE,True,False,False,True,True,True,True,DS_CUSTOM_LIBRARY/converted/Elite_Redux_Bulk/quilava
QUILLADIN,DS_TECH_READY_SOURCE,True,False,False,True,True,True,True,DS_CUSTOM_LIBRARY/converted/Elite_Redux_Bulk/quilladin
QWILFISH,DS_TECH_READY_SOURCE,True,False,False,True,True,True,True,DS_CUSTOM_LIBRARY/converted/Elite_Redux_Bulk/qwilfish
QWILFISH_HISUIAN,DS_TECH_READY_SOURCE,True,False,False,True,True,True,True,DS_CUSTOM_LIBRARY/converted/Elite_Redux_Bulk/qwilfish_hisuian
RABOOT,DS_TECH_READY_SOURCE,True,False,False,True,True,True,True,DS_CUSTOM_LIBRARY/converted/Elite_Redux_Bulk/raboot
RABSCA,DS_TECH_READY_SOURCE,True,False,False,True,True,True,True,DS_CUSTOM_LIBRARY/converted/Elite_Redux_Bulk/rabsca
RAGING_BOLT,DS_TECH_READY_SOURCE,True,False,False,True,True,True,True,DS_CUSTOM_LIBRARY/converted/Elite_Redux_Bulk/raging_bolt
RAICHU,DS_TECH_READY_SOURCE,True,False,False,True,True,True,True,DS_CUSTOM_LIBRARY/converted/Elite_Redux_Bulk/raichu
RAICHU_ALOLAN,DS_TECH_READY_SOURCE,True,False,False,True,True,True,True,DS_CUSTOM_LIBRARY/converted/Elite_Redux_Bulk/raichu_alolan
RAICHU_MEGA_X,DS_TECH_READY_SOURCE,True,False,True,True,True,True,True,DS_CUSTOM_LIBRARY/converted/Elite_Redux_Bulk/raichu_mega_x
RAICHU_MEGA_Y,DS_TECH_READY_SOURCE,True,False,True,True,True,True,True,DS_CUSTOM_LIBRARY/converted/Elite_Redux_Bulk/raichu_mega_y
RAIKOU,DS_TECH_READY_SOURCE,True,False,False,True,True,True,True,DS_CUSTOM_LIBRARY/converted/Elite_Redux_Bulk/raikou
RALTS,DS_TECH_READY_SOURCE,True,False,False,True,True,True,True,DS_CUSTOM_LIBRARY/converted/Elite_Redux_Bulk/ralts
RALTS_REDUX,DS_TECH_READY_SOURCE,True,True,False,True,True,True,True,DS_CUSTOM_LIBRARY/converted/Elite_Redux_Bulk/ralts_redux
RAMPARDOS,DS_TECH_READY_SOURCE,True,False,False,True,True,True,True,DS_CUSTOM_LIBRARY/converted/Elite_Redux_Bulk/rampardos
RAPIDASH,DS_TECH_READY_SOURCE,True,False,False,True,True,True,True,DS_CUSTOM_LIBRARY/converted/Elite_Redux_Bulk/rapidash
RAPIDASH_GALARIAN,DS_TECH_READY_SOURCE,True,False,False,True,True,True,True,DS_CUSTOM_LIBRARY/converted/Elite_Redux_Bulk/rapidash_galarian
RAPIDASH_MEGA,DS_TECH_READY_SOURCE,True,False,True,True,True,True,True,DS_CUSTOM_LIBRARY/converted/Elite_Redux_Bulk/rapidash_mega
RAPIDASH_MEGA_GALARIAN,DS_TECH_READY_SOURCE,True,False,True,True,True,True,True,DS_CUSTOM_LIBRARY/converted/Elite_Redux_Bulk/rapidash_mega_galarian
RATFIOSO,DS_TECH_READY_SOURCE,True,False,False,True,True,True,True,DS_CUSTOM_LIBRARY/converted/Elite_Redux_Bulk/ratfioso
RATICATE,DS_TECH_READY_SOURCE,True,False,False,True,True,True,True,DS_CUSTOM_LIBRARY/converted/Elite_Redux_Bulk/raticate
RATICATE_ALOLAN,DS_TECH_READY_SOURCE,True,False,False,True,True,True,True,DS_CUSTOM_LIBRARY/converted/Elite_Redux_Bulk/raticate_alolan
RATICATE_REDUX,DS_TECH_READY_SOURCE,True,True,False,True,True,True,True,DS_CUSTOM_LIBRARY/converted/Elite_Redux_Bulk/raticate_redux
RATIKING,DS_TECH_READY_SOURCE,True,False,False,True,True,True,True,DS_CUSTOM_LIBRARY/converted/Elite_Redux_Bulk/ratiking
RATTATA,DS_TECH_READY_SOURCE,True,False,False,True,True,True,True,DS_CUSTOM_LIBRARY/converted/Elite_Redux_Bulk/rattata
RATTATA_ALOLAN,DS_TECH_READY_SOURCE,True,False,False,True,True,True,True,DS_CUSTOM_LIBRARY/converted/Elite_Redux_Bulk/rattata_alolan
RATTATA_REDUX,DS_TECH_READY_SOURCE,True,True,False,True,True,True,True,DS_CUSTOM_LIBRARY/converted/Elite_Redux_Bulk/rattata_redux
RAYQUAZA,DS_TECH_READY_SOURCE,True,False,False,True,True,True,True,DS_CUSTOM_LIBRARY/converted/Elite_Redux_Bulk/rayquaza
RAYQUAZA_MEGA,DS_TECH_READY_SOURCE,True,False,True,True,True,True,True,DS_CUSTOM_LIBRARY/converted/Elite_Redux_Bulk/rayquaza_mega
REGICE,DS_TECH_READY_SOURCE,True,False,False,True,True,True,True,DS_CUSTOM_LIBRARY/converted/Elite_Redux_Bulk/regice
REGIDRAGO,DS_TECH_READY_SOURCE,True,False,False,True,True,True,True,DS_CUSTOM_LIBRARY/converted/Elite_Redux_Bulk/regidrago
REGIELEKI,DS_TECH_READY_SOURCE,True,False,False,True,True,True,True,DS_CUSTOM_LIBRARY/converted/Elite_Redux_Bulk/regieleki
REGIGIGAS,DS_TECH_READY_SOURCE,True,False,False,True,True,True,True,DS_CUSTOM_LIBRARY/converted/Elite_Redux_Bulk/regigigas
REGIROCK,DS_TECH_READY_SOURCE,True,False,False,True,True,True,True,DS_CUSTOM_LIBRARY/converted/Elite_Redux_Bulk/regirock
REGISTEEL,DS_TECH_READY_SOURCE,True,False,False,True,True,True,True,DS_CUSTOM_LIBRARY/converted/Elite_Redux_Bulk/registeel
RELICANTH,DS_TECH_READY_SOURCE,True,False,False,True,True,True,True,DS_CUSTOM_LIBRARY/converted/Elite_Redux_Bulk/relicanth
RELICANTH_MEGA,DS_TECH_READY_SOURCE,True,False,True,True,True,True,True,DS_CUSTOM_LIBRARY/converted/Elite_Redux_Bulk/relicanth_mega
RELLOR,DS_TECH_READY_SOURCE,True,False,False,True,True,True,True,DS_CUSTOM_LIBRARY/converted/Elite_Redux_Bulk/rellor
REMORAID,DS_TECH_READY_SOURCE,True,False,False,True,True,True,True,DS_CUSTOM_LIBRARY/converted/Elite_Redux_Bulk/remoraid
RESHIRAM,DS_TECH_READY_SOURCE,True,False,False,True,True,True,True,DS_CUSTOM_LIBRARY/converted/Elite_Redux_Bulk/reshiram
REUNICLUS,DS_TECH_READY_SOURCE,True,False,False,True,True,True,True,DS_CUSTOM_LIBRARY/converted/Elite_Redux_Bulk/reuniclus
REUNICLUS_MEGA,DS_TECH_READY_SOURCE,True,False,True,True,True,True,True,DS_CUSTOM_LIBRARY/converted/Elite_Redux_Bulk/reuniclus_mega
REUNICLUS_REDUX,DS_TECH_READY_SOURCE,True,True,False,True,True,True,True,DS_CUSTOM_LIBRARY/converted/Elite_Redux_Bulk/reuniclus_redux
REUNICLUS_REDUX_MEGA,DS_TECH_READY_SOURCE,True,True,True,True,True,True,True,DS_CUSTOM_LIBRARY/converted/Elite_Redux_Bulk/reuniclus_redux_mega
REVAVROOM,DS_TECH_READY_SOURCE,True,False,False,True,True,True,True,DS_CUSTOM_LIBRARY/converted/Elite_Redux_Bulk/revavroom
REXCADRILL,DS_TECH_READY_SOURCE,True,False,False,True,True,True,True,DS_CUSTOM_LIBRARY/converted/Elite_Redux_Bulk/rexcadrill
RHYDON,DS_TECH_READY_SOURCE,True,False,False,True,True,True,True,DS_CUSTOM_LIBRARY/converted/Elite_Redux_Bulk/rhydon
RHYHORN,DS_TECH_READY_SOURCE,True,False,False,True,True,True,True,DS_CUSTOM_LIBRARY/converted/Elite_Redux_Bulk/rhyhorn
RHYPERIOR,DS_TECH_READY_SOURCE,True,False,False,True,True,True,True,DS_CUSTOM_LIBRARY/converted/Elite_Redux_Bulk/rhyperior
RIBOMBEE,DS_TECH_READY_SOURCE,True,False,False,True,True,True,True,DS_CUSTOM_LIBRARY/converted/Elite_Redux_Bulk/ribombee
RIBOMBEE_MEGA,DS_TECH_READY_SOURCE,True,False,True,True,True,True,True,DS_CUSTOM_LIBRARY/converted/Elite_Redux_Bulk/ribombee_mega
RIBOMBEE_REDUX,DS_TECH_READY_SOURCE,True,True,False,True,True,True,True,DS_CUSTOM_LIBRARY/converted/Elite_Redux_Bulk/ribombee_redux
RIBOMBEE_REDUX_MEGA,DS_TECH_READY_SOURCE,True,True,True,True,True,True,True,DS_CUSTOM_LIBRARY/converted/Elite_Redux_Bulk/ribombee_redux_mega
RILLABOOM,DS_TECH_READY_SOURCE,True,False,False,True,True,True,True,DS_CUSTOM_LIBRARY/converted/Elite_Redux_Bulk/rillaboom
RILLABOOM_MEGA,DS_TECH_READY_SOURCE,True,False,True,True,True,True,True,DS_CUSTOM_LIBRARY/converted/Elite_Redux_Bulk/rillaboom_mega
RIOLU,DS_TECH_READY_SOURCE,True,False,False,True,True,True,True,DS_CUSTOM_LIBRARY/converted/Elite_Redux_Bulk/riolu
ROARING_MOON,DS_TECH_READY_SOURCE,True,False,False,True,True,True,True,DS_CUSTOM_LIBRARY/converted/Elite_Redux_Bulk/roaring_moon
ROCKRUFF,DS_TECH_READY_SOURCE,True,False,False,True,True,True,True,DS_CUSTOM_LIBRARY/converted/Elite_Redux_Bulk/rockruff
ROCKRUFF_OWN_TEMPO,DS_TECH_READY_SOURCE,True,False,False,True,True,True,True,DS_CUSTOM_LIBRARY/converted/Elite_Redux_Bulk/rockruff_own_tempo
ROGGENROLA,DS_TECH_READY_SOURCE,True,False,False,True,True,True,True,DS_CUSTOM_LIBRARY/converted/Elite_Redux_Bulk/roggenrola
ROLYCOLY,DS_TECH_READY_SOURCE,True,False,False,True,True,True,True,DS_CUSTOM_LIBRARY/converted/Elite_Redux_Bulk/rolycoly
ROOKIDEE,DS_TECH_READY_SOURCE,True,False,False,True,True,True,True,DS_CUSTOM_LIBRARY/converted/Elite_Redux_Bulk/rookidee
ROSELIA,DS_TECH_READY_SOURCE,True,False,False,True,True,True,True,DS_CUSTOM_LIBRARY/converted/Elite_Redux_Bulk/roselia
ROSERADE,DS_TECH_READY_SOURCE,True,False,False,True,True,True,True,DS_CUSTOM_LIBRARY/converted/Elite_Redux_Bulk/roserade
ROSERADE_MEGA,DS_TECH_READY_SOURCE,True,False,True,True,True,True,True,DS_CUSTOM_LIBRARY/converted/Elite_Redux_Bulk/roserade_mega
ROTOM,DS_TECH_READY_SOURCE,True,False,False,True,True,True,True,DS_CUSTOM_LIBRARY/converted/Elite_Redux_Bulk/rotom
ROTOM_FAN,DS_TECH_READY_SOURCE,True,False,False,True,True,True,True,DS_CUSTOM_LIBRARY/converted/Elite_Redux_Bulk/rotom_fan
ROTOM_FROST,DS_TECH_READY_SOURCE,True,False,False,True,True,True,True,DS_CUSTOM_LIBRARY/converted/Elite_Redux_Bulk/rotom_frost
ROTOM_HEAT,DS_TECH_READY_SOURCE,True,False,False,True,True,True,True,DS_CUSTOM_LIBRARY/converted/Elite_Redux_Bulk/rotom_heat
ROTOM_MOW,DS_TECH_READY_SOURCE,True,False,False,True,True,True,True,DS_CUSTOM_LIBRARY/converted/Elite_Redux_Bulk/rotom_mow
ROTOM_WASH,DS_TECH_READY_SOURCE,True,False,False,True,True,True,True,DS_CUSTOM_LIBRARY/converted/Elite_Redux_Bulk/rotom_wash
ROWLET,DS_TECH_READY_SOURCE,True,False,False,True,True,True,True,DS_CUSTOM_LIBRARY/converted/Elite_Redux_Bulk/rowlet
RUFFLET,DS_TECH_READY_SOURCE,True,False,False,True,True,True,True,DS_CUSTOM_LIBRARY/converted/Elite_Redux_Bulk/rufflet
RUNERIGUS,DS_TECH_READY_SOURCE,True,False,False,True,True,True,True,DS_CUSTOM_LIBRARY/converted/Elite_Redux_Bulk/runerigus
SABLEYE,DS_TECH_READY_SOURCE,True,False,False,True,True,True,True,DS_CUSTOM_LIBRARY/converted/Elite_Redux_Bulk/sableye
SABLEYE_MEGA,DS_TECH_READY_SOURCE,True,False,True,True,True,True,True,DS_CUSTOM_LIBRARY/converted/Elite_Redux_Bulk/sableye_mega
SABLEYE_MEGA_REDUX,DS_TECH_READY_SOURCE,True,True,True,True,True,True,True,DS_CUSTOM_LIBRARY/converted/Elite_Redux_Bulk/sableye_mega_redux
SABLEYE_REDUX,DS_TECH_READY_SOURCE,True,True,False,True,True,True,True,DS_CUSTOM_LIBRARY/converted/Elite_Redux_Bulk/sableye_redux
SAGARACAS,DS_TECH_READY_SOURCE,True,False,False,True,True,True,True,DS_CUSTOM_LIBRARY/converted/Elite_Redux_Bulk/sagaracas
SALAMENCE,DS_TECH_READY_SOURCE,True,False,False,True,True,True,True,DS_CUSTOM_LIBRARY/converted/Elite_Redux_Bulk/salamence
SALAMENCE_MEGA,DS_TECH_READY_SOURCE,True,False,True,True,True,True,True,DS_CUSTOM_LIBRARY/converted/Elite_Redux_Bulk/salamence_mega
SALANDIT,DS_TECH_READY_SOURCE,True,False,False,True,True,True,True,DS_CUSTOM_LIBRARY/converted/Elite_Redux_Bulk/salandit
SALAZARUS,DS_TECH_READY_SOURCE,True,False,False,True,True,True,True,DS_CUSTOM_LIBRARY/converted/Elite_Redux_Bulk/salazarus
SALAZZLE,DS_TECH_READY_SOURCE,True,False,False,True,True,True,True,DS_CUSTOM_LIBRARY/converted/Elite_Redux_Bulk/salazzle
SAMUROTT,DS_TECH_READY_SOURCE,True,False,False,True,True,True,True,DS_CUSTOM_LIBRARY/converted/Elite_Redux_Bulk/samurott
SAMUROTT_HISUIAN,DS_TECH_READY_SOURCE,True,False,False,True,True,True,True,DS_CUSTOM_LIBRARY/converted/Elite_Redux_Bulk/samurott_hisuian
SAMUROTT_HISUIAN_MEGA,DS_TECH_READY_SOURCE,True,False,True,True,True,True,True,DS_CUSTOM_LIBRARY/converted/Elite_Redux_Bulk/samurott_hisuian_mega
SAMUROTT_MEGA,DS_TECH_READY_SOURCE,True,False,True,True,True,True,True,DS_CUSTOM_LIBRARY/converted/Elite_Redux_Bulk/samurott_mega
SANDACONDA,DS_TECH_READY_SOURCE,True,False,False,True,True,True,True,DS_CUSTOM_LIBRARY/converted/Elite_Redux_Bulk/sandaconda
SANDACONDA_MEGA,DS_TECH_READY_SOURCE,True,False,True,True,True,True,True,DS_CUSTOM_LIBRARY/converted/Elite_Redux_Bulk/sandaconda_mega
SANDILE,DS_TECH_READY_SOURCE,True,False,False,True,True,True,True,DS_CUSTOM_LIBRARY/converted/Elite_Redux_Bulk/sandile
SANDSHREW,DS_TECH_READY_SOURCE,True,False,False,True,True,True,True,DS_CUSTOM_LIBRARY/converted/Elite_Redux_Bulk/sandshrew
SANDSHREW_ALOLAN,DS_TECH_READY_SOURCE,True,False,False,True,True,True,True,DS_CUSTOM_LIBRARY/converted/Elite_Redux_Bulk/sandshrew_alolan
SANDSLASH,DS_TECH_READY_SOURCE,True,False,False,True,True,True,True,DS_CUSTOM_LIBRARY/converted/Elite_Redux_Bulk/sandslash
SANDSLASH_ALOLAN,DS_TECH_READY_SOURCE,True,False,False,True,True,True,True,DS_CUSTOM_LIBRARY/converted/Elite_Redux_Bulk/sandslash_alolan
SANDSLASH_ALOLAN_MEGA,DS_TECH_READY_SOURCE,True,False,True,True,True,True,True,DS_CUSTOM_LIBRARY/converted/Elite_Redux_Bulk/sandslash_alolan_mega
SANDSLASH_MEGA,DS_TECH_READY_SOURCE,True,False,True,True,True,True,True,DS_CUSTOM_LIBRARY/converted/Elite_Redux_Bulk/sandslash_mega
SANDYGAST,DS_TECH_READY_SOURCE,True,False,False,True,True,True,True,DS_CUSTOM_LIBRARY/converted/Elite_Redux_Bulk/sandygast
SANDY_SHOCKS,DS_TECH_READY_SOURCE,True,False,False,True,True,True,True,DS_CUSTOM_LIBRARY/converted/Elite_Redux_Bulk/sandy_shocks
SAWK,DS_TECH_READY_SOURCE,True,False,False,True,True,True,True,DS_CUSTOM_LIBRARY/converted/Elite_Redux_Bulk/sawk
SAWK_REDUX,DS_TECH_READY_SOURCE,True,True,False,True,True,True,True,DS_CUSTOM_LIBRARY/converted/Elite_Redux_Bulk/sawk_redux
SAWSBUCK,DS_TECH_READY_SOURCE,True,False,False,True,True,True,True,DS_CUSTOM_LIBRARY/converted/Elite_Redux_Bulk/sawsbuck
SAWSBUCK_AUTUMN,DS_TECH_READY_SOURCE,True,False,False,True,True,True,True,DS_CUSTOM_LIBRARY/converted/Elite_Redux_Bulk/sawsbuck_autumn
SAWSBUCK_SUMMER,DS_TECH_READY_SOURCE,True,False,False,True,True,True,True,DS_CUSTOM_LIBRARY/converted/Elite_Redux_Bulk/sawsbuck_summer
SAWSBUCK_WINTER,DS_TECH_READY_SOURCE,True,False,False,True,True,True,True,DS_CUSTOM_LIBRARY/converted/Elite_Redux_Bulk/sawsbuck_winter
SCATTERBUG,DS_TECH_READY_SOURCE,True,False,False,True,True,True,True,DS_CUSTOM_LIBRARY/converted/Elite_Redux_Bulk/scatterbug
SCEPTILE,DS_TECH_READY_SOURCE,True,False,False,True,True,True,True,DS_CUSTOM_LIBRARY/converted/Elite_Redux_Bulk/sceptile
SCEPTILE_MEGA,DS_TECH_READY_SOURCE,True,False,True,True,True,True,True,DS_CUSTOM_LIBRARY/converted/Elite_Redux_Bulk/sceptile_mega
SCIZOR,DS_TECH_READY_SOURCE,True,False,False,True,True,True,True,DS_CUSTOM_LIBRARY/converted/Elite_Redux_Bulk/scizor
SCIZOR_MEGA,DS_TECH_READY_SOURCE,True,False,True,True,True,True,True,DS_CUSTOM_LIBRARY/converted/Elite_Redux_Bulk/scizor_mega
SCIZOR_REDUX,DS_TECH_READY_SOURCE,True,True,False,True,True,True,True,DS_CUSTOM_LIBRARY/converted/Elite_Redux_Bulk/scizor_redux
SCIZOR_REDUX_MEGA,DS_TECH_READY_SOURCE,True,True,True,True,True,True,True,DS_CUSTOM_LIBRARY/converted/Elite_Redux_Bulk/scizor_redux_mega
SCOLIPEDE,DS_TECH_READY_SOURCE,True,False,False,True,True,True,True,DS_CUSTOM_LIBRARY/converted/Elite_Redux_Bulk/scolipede
SCOLIPEDE_MEGA,DS_TECH_READY_SOURCE,True,False,True,True,True,True,True,DS_CUSTOM_LIBRARY/converted/Elite_Redux_Bulk/scolipede_mega
SCORBUNNY,DS_TECH_READY_SOURCE,True,False,False,True,True,True,True,DS_CUSTOM_LIBRARY/converted/Elite_Redux_Bulk/scorbunny
SCOVILLAIN,DS_TECH_READY_SOURCE,True,False,False,True,True,True,True,DS_CUSTOM_LIBRARY/converted/Elite_Redux_Bulk/scovillain
SCOVILLAIN_MEGA,DS_TECH_READY_SOURCE,True,False,True,True,True,True,True,DS_CUSTOM_LIBRARY/converted/Elite_Redux_Bulk/scovillain_mega
SCRAFSTER,DS_TECH_READY_SOURCE,True,False,False,True,True,True,True,DS_CUSTOM_LIBRARY/converted/Elite_Redux_Bulk/scrafster
SCRAFTY,DS_TECH_READY_SOURCE,True,False,False,True,True,True,True,DS_CUSTOM_LIBRARY/converted/Elite_Redux_Bulk/scrafty
SCRAFTY_MEGA,DS_TECH_READY_SOURCE,True,False,True,True,True,True,True,DS_CUSTOM_LIBRARY/converted/Elite_Redux_Bulk/scrafty_mega
SCRAGGY,DS_TECH_READY_SOURCE,True,False,False,True,True,True,True,DS_CUSTOM_LIBRARY/converted/Elite_Redux_Bulk/scraggy
SCREAM_TAIL,DS_TECH_READY_SOURCE,True,False,False,True,True,True,True,DS_CUSTOM_LIBRARY/converted/Elite_Redux_Bulk/scream_tail
SCYTHER,DS_TECH_READY_SOURCE,True,False,False,True,True,True,True,DS_CUSTOM_LIBRARY/converted/Elite_Redux_Bulk/scyther
SCYTHER_MEGA,DS_TECH_READY_SOURCE,True,False,True,True,True,True,True,DS_CUSTOM_LIBRARY/converted/Elite_Redux_Bulk/scyther_mega
SCYTHER_REDUX,DS_TECH_READY_SOURCE,True,True,False,True,True,True,True,DS_CUSTOM_LIBRARY/converted/Elite_Redux_Bulk/scyther_redux
SCYTHER_REDUX_MEGA,DS_TECH_READY_SOURCE,True,True,True,True,True,True,True,DS_CUSTOM_LIBRARY/converted/Elite_Redux_Bulk/scyther_redux_mega
SEADRA,DS_TECH_READY_SOURCE,True,False,False,True,True,True,True,DS_CUSTOM_LIBRARY/converted/Elite_Redux_Bulk/seadra
SEAKING,DS_TECH_READY_SOURCE,True,False,False,True,True,True,True,DS_CUSTOM_LIBRARY/converted/Elite_Redux_Bulk/seaking
SEALEO,DS_TECH_READY_SOURCE,True,False,False,True,True,True,True,DS_CUSTOM_LIBRARY/converted/Elite_Redux_Bulk/sealeo
SEEDOT,DS_TECH_READY_SOURCE,True,False,False,True,True,True,True,DS_CUSTOM_LIBRARY/converted/Elite_Redux_Bulk/seedot
SEEL,DS_TECH_READY_SOURCE,True,False,False,True,True,True,True,DS_CUSTOM_LIBRARY/converted/Elite_Redux_Bulk/seel
SEEL_REDUX,DS_TECH_READY_SOURCE,True,True,False,True,True,True,True,DS_CUSTOM_LIBRARY/converted/Elite_Redux_Bulk/seel_redux
SEERKAT,DS_TECH_READY_SOURCE,True,False,False,True,True,True,True,DS_CUSTOM_LIBRARY/converted/Elite_Redux_Bulk/seerkat
SEISMITOAD,DS_TECH_READY_SOURCE,True,False,False,True,True,True,True,DS_CUSTOM_LIBRARY/converted/Elite_Redux_Bulk/seismitoad
SELENUMBRA,DS_TECH_READY_SOURCE,True,False,False,True,True,True,True,DS_CUSTOM_LIBRARY/converted/Elite_Redux_Bulk/selenumbra
SENTRET,DS_TECH_READY_SOURCE,True,False,False,True,True,True,True,DS_CUSTOM_LIBRARY/converted/Elite_Redux_Bulk/sentret
SERPERIOR,DS_TECH_READY_SOURCE,True,False,False,True,True,True,True,DS_CUSTOM_LIBRARY/converted/Elite_Redux_Bulk/serperior
SERPERIOR_MEGA,DS_TECH_READY_SOURCE,True,False,True,True,True,True,True,DS_CUSTOM_LIBRARY/converted/Elite_Redux_Bulk/serperior_mega
SERVINE,DS_TECH_READY_SOURCE,True,False,False,True,True,True,True,DS_CUSTOM_LIBRARY/converted/Elite_Redux_Bulk/servine
SEVIPER,DS_TECH_READY_SOURCE,True,False,False,True,True,True,True,DS_CUSTOM_LIBRARY/converted/Elite_Redux_Bulk/seviper
SEWADDLE,DS_TECH_READY_SOURCE,True,False,False,True,True,True,True,DS_CUSTOM_LIBRARY/converted/Elite_Redux_Bulk/sewaddle
SHARPEDO,DS_TECH_READY_SOURCE,True,False,False,True,True,True,True,DS_CUSTOM_LIBRARY/converted/Elite_Redux_Bulk/sharpedo
SHARPEDO_MEGA,DS_TECH_READY_SOURCE,True,False,True,True,True,True,True,DS_CUSTOM_LIBRARY/converted/Elite_Redux_Bulk/sharpedo_mega
SHAYMIN,DS_TECH_READY_SOURCE,True,False,False,True,True,True,True,DS_CUSTOM_LIBRARY/converted/Elite_Redux_Bulk/shaymin
SHAYMIN_SKY,DS_TECH_READY_SOURCE,True,False,False,True,True,True,True,DS_CUSTOM_LIBRARY/converted/Elite_Redux_Bulk/shaymin_sky
SHEDINJA,DS_TECH_READY_SOURCE,True,False,False,True,True,True,True,DS_CUSTOM_LIBRARY/converted/Elite_Redux_Bulk/shedinja
SHEDINJA_MEGA,DS_TECH_READY_SOURCE,True,False,True,True,True,True,True,DS_CUSTOM_LIBRARY/converted/Elite_Redux_Bulk/shedinja_mega
SHELGON,DS_TECH_READY_SOURCE,True,False,False,True,True,True,True,DS_CUSTOM_LIBRARY/converted/Elite_Redux_Bulk/shelgon
SHELLDER,DS_TECH_READY_SOURCE,True,False,False,True,True,True,True,DS_CUSTOM_LIBRARY/converted/Elite_Redux_Bulk/shellder
SHELLOS,DS_TECH_READY_SOURCE,True,False,False,True,True,True,True,DS_CUSTOM_LIBRARY/converted/Elite_Redux_Bulk/shellos
SHELLOS_EAST_SEA,DS_TECH_READY_SOURCE,True,False,False,True,True,True,True,DS_CUSTOM_LIBRARY/converted/Elite_Redux_Bulk/shellos_east_sea
SHELMET,DS_TECH_READY_SOURCE,True,False,False,True,True,True,True,DS_CUSTOM_LIBRARY/converted/Elite_Redux_Bulk/shelmet
SHIELDON,DS_TECH_READY_SOURCE,True,False,False,True,True,True,True,DS_CUSTOM_LIBRARY/converted/Elite_Redux_Bulk/shieldon
SHIFTRY,DS_TECH_READY_SOURCE,True,False,False,True,True,True,True,DS_CUSTOM_LIBRARY/converted/Elite_Redux_Bulk/shiftry
SHIINOTIC,DS_TECH_READY_SOURCE,True,False,False,True,True,True,True,DS_CUSTOM_LIBRARY/converted/Elite_Redux_Bulk/shiinotic
SHINX,DS_TECH_READY_SOURCE,True,False,False,True,True,True,True,DS_CUSTOM_LIBRARY/converted/Elite_Redux_Bulk/shinx
SHINX_REDUX,DS_TECH_READY_SOURCE,True,True,False,True,True,True,True,DS_CUSTOM_LIBRARY/converted/Elite_Redux_Bulk/shinx_redux
SHROODLE,DS_TECH_READY_SOURCE,True,False,False,True,True,True,True,DS_CUSTOM_LIBRARY/converted/Elite_Redux_Bulk/shroodle
SHROOMISH,DS_TECH_READY_SOURCE,True,False,False,True,True,True,True,DS_CUSTOM_LIBRARY/converted/Elite_Redux_Bulk/shroomish
SHUCKLE,DS_TECH_READY_SOURCE,True,False,False,True,True,True,True,DS_CUSTOM_LIBRARY/converted/Elite_Redux_Bulk/shuckle
SHUCKLE_MEGA,DS_TECH_READY_SOURCE,True,False,True,True,True,True,True,DS_CUSTOM_LIBRARY/converted/Elite_Redux_Bulk/shuckle_mega
SHUPPET,DS_TECH_READY_SOURCE,True,False,False,True,True,True,True,DS_CUSTOM_LIBRARY/converted/Elite_Redux_Bulk/shuppet
SHYDUCK,DS_TECH_READY_SOURCE,True,False,False,True,True,True,True,DS_CUSTOM_LIBRARY/converted/Elite_Redux_Bulk/shyduck
SIGILYPH,DS_TECH_READY_SOURCE,True,False,False,True,True,True,True,DS_CUSTOM_LIBRARY/converted/Elite_Redux_Bulk/sigilyph
SILCOON,DS_TECH_READY_SOURCE,True,False,False,True,True,True,True,DS_CUSTOM_LIBRARY/converted/Elite_Redux_Bulk/silcoon
SILICOBRA,DS_TECH_READY_SOURCE,True,False,False,True,True,True,True,DS_CUSTOM_LIBRARY/converted/Elite_Redux_Bulk/silicobra
SILVALLY,DS_TECH_READY_SOURCE,True,False,False,True,True,True,True,DS_CUSTOM_LIBRARY/converted/Elite_Redux_Bulk/silvally
SILVALLY_BUG,DS_TECH_READY_SOURCE,True,False,False,True,True,True,True,DS_CUSTOM_LIBRARY/converted/Elite_Redux_Bulk/silvally_bug
SILVALLY_DARK,DS_TECH_READY_SOURCE,True,False,False,True,True,True,True,DS_CUSTOM_LIBRARY/converted/Elite_Redux_Bulk/silvally_dark
SILVALLY_DRAGON,DS_TECH_READY_SOURCE,True,False,False,True,True,True,True,DS_CUSTOM_LIBRARY/converted/Elite_Redux_Bulk/silvally_dragon
SILVALLY_ELECTRIC,DS_TECH_READY_SOURCE,True,False,False,True,True,True,True,DS_CUSTOM_LIBRARY/converted/Elite_Redux_Bulk/silvally_electric
SILVALLY_FAIRY,DS_TECH_READY_SOURCE,True,False,False,True,True,True,True,DS_CUSTOM_LIBRARY/converted/Elite_Redux_Bulk/silvally_fairy
SILVALLY_FIGHTING,DS_TECH_READY_SOURCE,True,False,False,True,True,True,True,DS_CUSTOM_LIBRARY/converted/Elite_Redux_Bulk/silvally_fighting
SILVALLY_FIRE,DS_TECH_READY_SOURCE,True,False,False,True,True,True,True,DS_CUSTOM_LIBRARY/converted/Elite_Redux_Bulk/silvally_fire
SILVALLY_FLYING,DS_TECH_READY_SOURCE,True,False,False,True,True,True,True,DS_CUSTOM_LIBRARY/converted/Elite_Redux_Bulk/silvally_flying
SILVALLY_GHOST,DS_TECH_READY_SOURCE,True,False,False,True,True,True,True,DS_CUSTOM_LIBRARY/converted/Elite_Redux_Bulk/silvally_ghost
SILVALLY_GRASS,DS_TECH_READY_SOURCE,True,False,False,True,True,True,True,DS_CUSTOM_LIBRARY/converted/Elite_Redux_Bulk/silvally_grass
SILVALLY_GROUND,DS_TECH_READY_SOURCE,True,False,False,True,True,True,True,DS_CUSTOM_LIBRARY/converted/Elite_Redux_Bulk/silvally_ground
SILVALLY_ICE,DS_TECH_READY_SOURCE,True,False,False,True,True,True,True,DS_CUSTOM_LIBRARY/converted/Elite_Redux_Bulk/silvally_ice
SILVALLY_POISON,DS_TECH_READY_SOURCE,True,False,False,True,True,True,True,DS_CUSTOM_LIBRARY/converted/Elite_Redux_Bulk/silvally_poison
SILVALLY_PSYCHIC,DS_TECH_READY_SOURCE,True,False,False,True,True,True,True,DS_CUSTOM_LIBRARY/converted/Elite_Redux_Bulk/silvally_psychic
SILVALLY_ROCK,DS_TECH_READY_SOURCE,True,False,False,True,True,True,True,DS_CUSTOM_LIBRARY/converted/Elite_Redux_Bulk/silvally_rock
SILVALLY_STEEL,DS_TECH_READY_SOURCE,True,False,False,True,True,True,True,DS_CUSTOM_LIBRARY/converted/Elite_Redux_Bulk/silvally_steel
SILVALLY_WATER,DS_TECH_READY_SOURCE,True,False,False,True,True,True,True,DS_CUSTOM_LIBRARY/converted/Elite_Redux_Bulk/silvally_water
SIMIPOUR,DS_TECH_READY_SOURCE,True,False,False,True,True,True,True,DS_CUSTOM_LIBRARY/converted/Elite_Redux_Bulk/simipour
SIMIPOUR_REDUX,DS_TECH_READY_SOURCE,True,True,False,True,True,True,True,DS_CUSTOM_LIBRARY/converted/Elite_Redux_Bulk/simipour_redux
SIMISAGE,DS_TECH_READY_SOURCE,True,False,False,True,True,True,True,DS_CUSTOM_LIBRARY/converted/Elite_Redux_Bulk/simisage
SIMISAGE_REDUX,DS_TECH_READY_SOURCE,True,True,False,True,True,True,True,DS_CUSTOM_LIBRARY/converted/Elite_Redux_Bulk/simisage_redux
SIMISEAR,DS_TECH_READY_SOURCE,True,False,False,True,True,True,True,DS_CUSTOM_LIBRARY/converted/Elite_Redux_Bulk/simisear
SIMISEAR_REDUX,DS_TECH_READY_SOURCE,True,True,False,True,True,True,True,DS_CUSTOM_LIBRARY/converted/Elite_Redux_Bulk/simisear_redux
SINISTCHA,DS_TECH_READY_SOURCE,True,False,False,True,True,True,True,DS_CUSTOM_LIBRARY/converted/Elite_Redux_Bulk/sinistcha
SINISTEA,DS_TECH_READY_SOURCE,True,False,False,True,True,True,True,DS_CUSTOM_LIBRARY/converted/Elite_Redux_Bulk/sinistea
SINISTEA_ANTIQUE,DS_TECH_READY_SOURCE,True,False,False,True,True,True,True,DS_CUSTOM_LIBRARY/converted/Elite_Redux_Bulk/sinistea_antique
SINISTEA_REDUX,DS_TECH_READY_SOURCE,True,True,False,True,True,True,True,DS_CUSTOM_LIBRARY/converted/Elite_Redux_Bulk/sinistea_redux
SIRFETCHD,DS_TECH_READY_SOURCE,True,False,False,True,True,True,True,DS_CUSTOM_LIBRARY/converted/Elite_Redux_Bulk/sirfetchd
SIZZLIPEDE,DS_TECH_READY_SOURCE,True,False,False,True,True,True,True,DS_CUSTOM_LIBRARY/converted/Elite_Redux_Bulk/sizzlipede
SKARMORY,DS_TECH_READY_SOURCE,True,False,False,True,True,True,True,DS_CUSTOM_LIBRARY/converted/Elite_Redux_Bulk/skarmory
SKARMORY_MEGA,DS_TECH_READY_SOURCE,True,False,True,True,True,True,True,DS_CUSTOM_LIBRARY/converted/Elite_Redux_Bulk/skarmory_mega
SKARMORY_MEGA_REDUX,DS_TECH_READY_SOURCE,True,True,True,True,True,True,True,DS_CUSTOM_LIBRARY/converted/Elite_Redux_Bulk/skarmory_mega_redux
SKARMORY_MEGA_Y,DS_TECH_READY_SOURCE,True,False,True,True,True,True,True,DS_CUSTOM_LIBRARY/converted/Elite_Redux_Bulk/skarmory_mega_y
SKARMORY_REDUX,DS_TECH_READY_SOURCE,True,True,False,True,True,True,True,DS_CUSTOM_LIBRARY/converted/Elite_Redux_Bulk/skarmory_redux
SKELEDIRGE,DS_TECH_READY_SOURCE,True,False,False,True,True,True,True,DS_CUSTOM_LIBRARY/converted/Elite_Redux_Bulk/skeledirge
SKELEDIRGE_MEGA,DS_TECH_READY_SOURCE,True,False,True,True,True,True,True,DS_CUSTOM_LIBRARY/converted/Elite_Redux_Bulk/skeledirge_mega
SKIDDO,DS_TECH_READY_SOURCE,True,False,False,True,True,True,True,DS_CUSTOM_LIBRARY/converted/Elite_Redux_Bulk/skiddo
SKIPLOOM,DS_TECH_READY_SOURCE,True,False,False,True,True,True,True,DS_CUSTOM_LIBRARY/converted/Elite_Redux_Bulk/skiploom
SKITTY,DS_TECH_READY_SOURCE,True,False,False,True,True,True,True,DS_CUSTOM_LIBRARY/converted/Elite_Redux_Bulk/skitty
SKORUPI,DS_TECH_READY_SOURCE,True,False,False,True,True,True,True,DS_CUSTOM_LIBRARY/converted/Elite_Redux_Bulk/skorupi
SKRELP,DS_TECH_READY_SOURCE,True,False,False,True,True,True,True,DS_CUSTOM_LIBRARY/converted/Elite_Redux_Bulk/skrelp
SKULBERUS,DS_TECH_READY_SOURCE,True,False,False,True,True,True,True,DS_CUSTOM_LIBRARY/converted/Elite_Redux_Bulk/skulberus
SKUNTANK,DS_TECH_READY_SOURCE,True,False,False,True,True,True,True,DS_CUSTOM_LIBRARY/converted/Elite_Redux_Bulk/skuntank
SKWOVET,DS_TECH_READY_SOURCE,True,False,False,True,True,True,True,DS_CUSTOM_LIBRARY/converted/Elite_Redux_Bulk/skwovet
SLAKING,DS_TECH_READY_SOURCE,True,False,False,True,True,True,True,DS_CUSTOM_LIBRARY/converted/Elite_Redux_Bulk/slaking
SLAKING_MEGA,DS_TECH_READY_SOURCE,True,False,True,True,True,True,True,DS_CUSTOM_LIBRARY/converted/Elite_Redux_Bulk/slaking_mega
SLAKING_MEGA_APE_SHIFT,DS_TECH_READY_SOURCE,True,False,True,True,True,True,True,DS_CUSTOM_LIBRARY/converted/Elite_Redux_Bulk/slaking_mega_ape_shift
SLAKOTH,DS_TECH_READY_SOURCE,True,False,False,True,True,True,True,DS_CUSTOM_LIBRARY/converted/Elite_Redux_Bulk/slakoth
SLATE,DS_TECH_READY_SOURCE,True,False,False,True,True,True,True,DS_CUSTOM_LIBRARY/converted/Elite_Redux_Bulk/slate
SLIGGOO,DS_TECH_READY_SOURCE,True,False,False,True,True,True,True,DS_CUSTOM_LIBRARY/converted/Elite_Redux_Bulk/sliggoo
SLIGGOO_HISUIAN,DS_TECH_READY_SOURCE,True,False,False,True,True,True,True,DS_CUSTOM_LIBRARY/converted/Elite_Redux_Bulk/sliggoo_hisuian
SLITHER_WING,DS_TECH_READY_SOURCE,True,False,False,True,True,True,True,DS_CUSTOM_LIBRARY/converted/Elite_Redux_Bulk/slither_wing
SLOWBRO,DS_TECH_READY_SOURCE,True,False,False,True,True,True,True,DS_CUSTOM_LIBRARY/converted/Elite_Redux_Bulk/slowbro
SLOWBRO_GALARIAN,DS_TECH_READY_SOURCE,True,False,False,True,True,True,True,DS_CUSTOM_LIBRARY/converted/Elite_Redux_Bulk/slowbro_galarian
SLOWBRO_MEGA,DS_TECH_READY_SOURCE,True,False,True,True,True,True,True,DS_CUSTOM_LIBRARY/converted/Elite_Redux_Bulk/slowbro_mega
SLOWBRO_MEGA_GALARIAN,DS_TECH_READY_SOURCE,True,False,True,True,True,True,True,DS_CUSTOM_LIBRARY/converted/Elite_Redux_Bulk/slowbro_mega_galarian
SLOWKING,DS_TECH_READY_SOURCE,True,False,False,True,True,True,True,DS_CUSTOM_LIBRARY/converted/Elite_Redux_Bulk/slowking
SLOWKING_GALARIAN,DS_TECH_READY_SOURCE,True,False,False,True,True,True,True,DS_CUSTOM_LIBRARY/converted/Elite_Redux_Bulk/slowking_galarian
SLOWKING_MEGA,DS_TECH_READY_SOURCE,True,False,True,True,True,True,True,DS_CUSTOM_LIBRARY/converted/Elite_Redux_Bulk/slowking_mega
SLOWKING_MEGA_GALARIAN,DS_TECH_READY_SOURCE,True,False,True,True,True,True,True,DS_CUSTOM_LIBRARY/converted/Elite_Redux_Bulk/slowking_mega_galarian
SLOWPOKE,DS_TECH_READY_SOURCE,True,False,False,True,True,True,True,DS_CUSTOM_LIBRARY/converted/Elite_Redux_Bulk/slowpoke
SLOWPOKE_GALARIAN,DS_TECH_READY_SOURCE,True,False,False,True,True,True,True,DS_CUSTOM_LIBRARY/converted/Elite_Redux_Bulk/slowpoke_galarian
SLUGMA,DS_TECH_READY_SOURCE,True,False,False,True,True,True,True,DS_CUSTOM_LIBRARY/converted/Elite_Redux_Bulk/slugma
SLUGMA_REDUX,DS_TECH_READY_SOURCE,True,True,False,True,True,True,True,DS_CUSTOM_LIBRARY/converted/Elite_Redux_Bulk/slugma_redux
SLURPUFF,DS_TECH_READY_SOURCE,True,False,False,True,True,True,True,DS_CUSTOM_LIBRARY/converted/Elite_Redux_Bulk/slurpuff
SLYDUCK,DS_TECH_READY_SOURCE,True,False,False,True,True,True,True,DS_CUSTOM_LIBRARY/converted/Elite_Redux_Bulk/slyduck
SMEARGLE,DS_TECH_READY_SOURCE,True,False,False,True,True,True,True,DS_CUSTOM_LIBRARY/converted/Elite_Redux_Bulk/smeargle
SMOLIV,DS_TECH_READY_SOURCE,True,False,False,True,True,True,True,DS_CUSTOM_LIBRARY/converted/Elite_Redux_Bulk/smoliv
SMOOCHUM,DS_TECH_READY_SOURCE,True,False,False,True,True,True,True,DS_CUSTOM_LIBRARY/converted/Elite_Redux_Bulk/smoochum
SNEASEL,DS_TECH_READY_SOURCE,True,False,False,True,True,True,True,DS_CUSTOM_LIBRARY/converted/Elite_Redux_Bulk/sneasel
SNEASEL_HISUIAN,DS_TECH_READY_SOURCE,True,False,False,True,True,True,True,DS_CUSTOM_LIBRARY/converted/Elite_Redux_Bulk/sneasel_hisuian
SNEASLER,DS_TECH_READY_SOURCE,True,False,False,True,True,True,True,DS_CUSTOM_LIBRARY/converted/Elite_Redux_Bulk/sneasler
SNEASLER_MEGA,DS_TECH_READY_SOURCE,True,False,True,True,True,True,True,DS_CUSTOM_LIBRARY/converted/Elite_Redux_Bulk/sneasler_mega
SNIVY,DS_TECH_READY_SOURCE,True,False,False,True,True,True,True,DS_CUSTOM_LIBRARY/converted/Elite_Redux_Bulk/snivy
SNOM,DS_TECH_READY_SOURCE,True,False,False,True,True,True,True,DS_CUSTOM_LIBRARY/converted/Elite_Redux_Bulk/snom
SNORLAX,DS_TECH_READY_SOURCE,True,False,False,True,True,True,True,DS_CUSTOM_LIBRARY/converted/Elite_Redux_Bulk/snorlax
SNORLAX_MEGA,DS_TECH_READY_SOURCE,True,False,True,True,True,True,True,DS_CUSTOM_LIBRARY/converted/Elite_Redux_Bulk/snorlax_mega
SNORLAX_PRIMAL,DS_TECH_READY_SOURCE,True,False,False,True,True,True,True,DS_CUSTOM_LIBRARY/converted/Elite_Redux_Bulk/snorlax_primal
SNORLAX_REDUX,DS_TECH_READY_SOURCE,True,True,False,True,True,True,True,DS_CUSTOM_LIBRARY/converted/Elite_Redux_Bulk/snorlax_redux
SNORLAX_REDUX_MEGA,DS_TECH_READY_SOURCE,True,True,True,True,True,True,True,DS_CUSTOM_LIBRARY/converted/Elite_Redux_Bulk/snorlax_redux_mega
SNORUNT,DS_TECH_READY_SOURCE,True,False,False,True,True,True,True,DS_CUSTOM_LIBRARY/converted/Elite_Redux_Bulk/snorunt
SNORUNT_REDUX,DS_TECH_READY_SOURCE,True,True,False,True,True,True,True,DS_CUSTOM_LIBRARY/converted/Elite_Redux_Bulk/snorunt_redux
SNOVER,DS_TECH_READY_SOURCE,True,False,False,True,True,True,True,DS_CUSTOM_LIBRARY/converted/Elite_Redux_Bulk/snover
SNUBBULL,DS_TECH_READY_SOURCE,True,False,False,True,True,True,True,DS_CUSTOM_LIBRARY/converted/Elite_Redux_Bulk/snubbull
SOBBLE,DS_TECH_READY_SOURCE,True,False,False,True,True,True,True,DS_CUSTOM_LIBRARY/converted/Elite_Redux_Bulk/sobble
SOLGALEO,DS_TECH_READY_SOURCE,True,False,False,True,True,True,True,DS_CUSTOM_LIBRARY/converted/Elite_Redux_Bulk/solgaleo
SOLOSIS,DS_TECH_READY_SOURCE,True,False,False,True,True,True,True,DS_CUSTOM_LIBRARY/converted/Elite_Redux_Bulk/solosis
SOLOSIS_REDUX,DS_TECH_READY_SOURCE,True,True,False,True,True,True,True,DS_CUSTOM_LIBRARY/converted/Elite_Redux_Bulk/solosis_redux
SOLROCK,DS_TECH_READY_SOURCE,True,False,False,True,True,True,True,DS_CUSTOM_LIBRARY/converted/Elite_Redux_Bulk/solrock
SOLROCK_SYSTEM,DS_TECH_READY_SOURCE,True,False,False,True,True,True,True,DS_CUSTOM_LIBRARY/converted/Elite_Redux_Bulk/solrock_system
SOPRANICE,DS_TECH_READY_SOURCE,True,False,False,True,True,True,True,DS_CUSTOM_LIBRARY/converted/Elite_Redux_Bulk/sopranice
SPEAROW,DS_TECH_READY_SOURCE,True,False,False,True,True,True,True,DS_CUSTOM_LIBRARY/converted/Elite_Redux_Bulk/spearow
SPEAROW_REDUX,DS_TECH_READY_SOURCE,True,True,False,True,True,True,True,DS_CUSTOM_LIBRARY/converted/Elite_Redux_Bulk/spearow_redux
SPECTRIER,DS_TECH_READY_SOURCE,True,False,False,True,True,True,True,DS_CUSTOM_LIBRARY/converted/Elite_Redux_Bulk/spectrier
SPECTRIER_CLOUD,DS_TECH_READY_SOURCE,True,False,False,True,True,True,True,DS_CUSTOM_LIBRARY/converted/Elite_Redux_Bulk/spectrier_cloud
SPEWPA,DS_TECH_READY_SOURCE,True,False,False,True,True,True,True,DS_CUSTOM_LIBRARY/converted/Elite_Redux_Bulk/spewpa
SPHEAL,DS_TECH_READY_SOURCE,True,False,False,True,True,True,True,DS_CUSTOM_LIBRARY/converted/Elite_Redux_Bulk/spheal
SPIDOPS,DS_TECH_READY_SOURCE,True,False,False,True,True,True,True,DS_CUSTOM_LIBRARY/converted/Elite_Redux_Bulk/spidops
SPINARAK,DS_TECH_READY_SOURCE,True,False,False,True,True,True,True,DS_CUSTOM_LIBRARY/converted/Elite_Redux_Bulk/spinarak
SPINDA,DS_TECH_READY_SOURCE,True,False,False,True,True,True,True,DS_CUSTOM_LIBRARY/converted/Elite_Redux_Bulk/spinda
SPINDAZE,DS_TECH_READY_SOURCE,True,False,False,True,True,True,True,DS_CUSTOM_LIBRARY/converted/Elite_Redux_Bulk/spindaze
SPIRITOMB,DS_TECH_READY_SOURCE,True,False,False,True,True,True,True,DS_CUSTOM_LIBRARY/converted/Elite_Redux_Bulk/spiritomb
SPIRITOMB_REDUX,DS_TECH_READY_SOURCE,True,True,False,True,True,True,True,DS_CUSTOM_LIBRARY/converted/Elite_Redux_Bulk/spiritomb_redux
SPOINK,DS_TECH_READY_SOURCE,True,False,False,True,True,True,True,DS_CUSTOM_LIBRARY/converted/Elite_Redux_Bulk/spoink
SPRIGATITO,DS_TECH_READY_SOURCE,True,False,False,True,True,True,True,DS_CUSTOM_LIBRARY/converted/Elite_Redux_Bulk/sprigatito
SPRITZEE,DS_TECH_READY_SOURCE,True,False,False,True,True,True,True,DS_CUSTOM_LIBRARY/converted/Elite_Redux_Bulk/spritzee
SQUAWKABILLY,DS_TECH_READY_SOURCE,True,False,False,True,True,True,True,DS_CUSTOM_LIBRARY/converted/Elite_Redux_Bulk/squawkabilly
SQUAWKABILLY_BLUE_PLUMAGE,DS_TECH_READY_SOURCE,True,False,False,True,True,True,True,DS_CUSTOM_LIBRARY/converted/Elite_Redux_Bulk/squawkabilly_blue_plumage
SQUAWKABILLY_GREEN_PLUMAGE,DS_TECH_READY_SOURCE,True,False,False,True,True,True,True,DS_CUSTOM_LIBRARY/converted/Elite_Redux_Bulk/squawkabilly_green_plumage
SQUAWKABILLY_WHITE_PLUMAGE,DS_TECH_READY_SOURCE,True,False,False,True,True,True,True,DS_CUSTOM_LIBRARY/converted/Elite_Redux_Bulk/squawkabilly_white_plumage
SQUAWKABILLY_YELLOW_PLUMAGE,DS_TECH_READY_SOURCE,True,False,False,True,True,True,True,DS_CUSTOM_LIBRARY/converted/Elite_Redux_Bulk/squawkabilly_yellow_plumage
SQUIRTLE,DS_TECH_READY_SOURCE,True,False,False,True,True,True,True,DS_CUSTOM_LIBRARY/converted/Elite_Redux_Bulk/squirtle
STAKATAKA,DS_TECH_READY_SOURCE,True,False,False,True,True,True,True,DS_CUSTOM_LIBRARY/converted/Elite_Redux_Bulk/stakataka
STANTLER,DS_TECH_READY_SOURCE,True,False,False,True,True,True,True,DS_CUSTOM_LIBRARY/converted/Elite_Redux_Bulk/stantler
STARAPTOR,DS_TECH_READY_SOURCE,True,False,False,True,True,True,True,DS_CUSTOM_LIBRARY/converted/Elite_Redux_Bulk/staraptor
STARAPTOR_MEGA,DS_TECH_READY_SOURCE,True,False,True,True,True,True,True,DS_CUSTOM_LIBRARY/converted/Elite_Redux_Bulk/staraptor_mega
STARAVIA,DS_TECH_READY_SOURCE,True,False,False,True,True,True,True,DS_CUSTOM_LIBRARY/converted/Elite_Redux_Bulk/staravia
STARLY,DS_TECH_READY_SOURCE,True,False,False,True,True,True,True,DS_CUSTOM_LIBRARY/converted/Elite_Redux_Bulk/starly
STARMIE,DS_TECH_READY_SOURCE,True,False,False,True,True,True,True,DS_CUSTOM_LIBRARY/converted/Elite_Redux_Bulk/starmie
STARMIE_MEGA,DS_TECH_READY_SOURCE,True,False,True,True,True,True,True,DS_CUSTOM_LIBRARY/converted/Elite_Redux_Bulk/starmie_mega
STARYU,DS_TECH_READY_SOURCE,True,False,False,True,True,True,True,DS_CUSTOM_LIBRARY/converted/Elite_Redux_Bulk/staryu
STEELIX,DS_TECH_READY_SOURCE,True,False,False,True,True,True,True,DS_CUSTOM_LIBRARY/converted/Elite_Redux_Bulk/steelix
STEELIX_MEGA,DS_TECH_READY_SOURCE,True,False,True,True,True,True,True,DS_CUSTOM_LIBRARY/converted/Elite_Redux_Bulk/steelix_mega
STEENEE,DS_TECH_READY_SOURCE,True,False,False,True,True,True,True,DS_CUSTOM_LIBRARY/converted/Elite_Redux_Bulk/steenee
STEENEE_REDUX,DS_TECH_READY_SOURCE,True,True,False,True,True,True,True,DS_CUSTOM_LIBRARY/converted/Elite_Redux_Bulk/steenee_redux
STEVE,DS_TECH_READY_SOURCE,True,False,False,True,True,True,True,DS_CUSTOM_LIBRARY/converted/Elite_Redux_Bulk/steve
STEVE_REAL,DS_TECH_READY_SOURCE,True,False,False,True,True,True,True,DS_CUSTOM_LIBRARY/converted/Elite_Redux_Bulk/steve_real
STONJOURNER,DS_TECH_READY_SOURCE,True,False,False,True,True,True,True,DS_CUSTOM_LIBRARY/converted/Elite_Redux_Bulk/stonjourner
STORMING,DS_TECH_READY_SOURCE,True,False,False,True,True,True,True,DS_CUSTOM_LIBRARY/converted/Elite_Redux_Bulk/storming
STOUTLAND,DS_TECH_READY_SOURCE,True,False,False,True,True,True,True,DS_CUSTOM_LIBRARY/converted/Elite_Redux_Bulk/stoutland
STUFFUL,DS_TECH_READY_SOURCE,True,False,False,True,True,True,True,DS_CUSTOM_LIBRARY/converted/Elite_Redux_Bulk/stufful
STUFFUL_REDUX,DS_TECH_READY_SOURCE,True,True,False,True,True,True,True,DS_CUSTOM_LIBRARY/converted/Elite_Redux_Bulk/stufful_redux
STUNFISK,DS_TECH_READY_SOURCE,True,False,False,True,True,True,True,DS_CUSTOM_LIBRARY/converted/Elite_Redux_Bulk/stunfisk
STUNFISK_GALARIAN,DS_TECH_READY_SOURCE,True,False,False,True,True,True,True,DS_CUSTOM_LIBRARY/converted/Elite_Redux_Bulk/stunfisk_galarian
STUNKY,DS_TECH_READY_SOURCE,True,False,False,True,True,True,True,DS_CUSTOM_LIBRARY/converted/Elite_Redux_Bulk/stunky
SUDOWOODO,DS_TECH_READY_SOURCE,True,False,False,True,True,True,True,DS_CUSTOM_LIBRARY/converted/Elite_Redux_Bulk/sudowoodo
SUICUNE,DS_TECH_READY_SOURCE,True,False,False,True,True,True,True,DS_CUSTOM_LIBRARY/converted/Elite_Redux_Bulk/suicune
SUNFLORA,DS_TECH_READY_SOURCE,True,False,False,True,True,True,True,DS_CUSTOM_LIBRARY/converted/Elite_Redux_Bulk/sunflora
SUNKERN,DS_TECH_READY_SOURCE,True,False,False,True,True,True,True,DS_CUSTOM_LIBRARY/converted/Elite_Redux_Bulk/sunkern
SURSKIT,DS_TECH_READY_SOURCE,True,False,False,True,True,True,True,DS_CUSTOM_LIBRARY/converted/Elite_Redux_Bulk/surskit
SWABLU,DS_TECH_READY_SOURCE,True,False,False,True,True,True,True,DS_CUSTOM_LIBRARY/converted/Elite_Redux_Bulk/swablu
SWABLU_REDUX,DS_TECH_READY_SOURCE,True,True,False,True,True,True,True,DS_CUSTOM_LIBRARY/converted/Elite_Redux_Bulk/swablu_redux
SWADLOON,DS_TECH_READY_SOURCE,True,False,False,True,True,True,True,DS_CUSTOM_LIBRARY/converted/Elite_Redux_Bulk/swadloon
SWALOT,DS_TECH_READY_SOURCE,True,False,False,True,True,True,True,DS_CUSTOM_LIBRARY/converted/Elite_Redux_Bulk/swalot
SWALOT_MEGA,DS_TECH_READY_SOURCE,True,False,True,True,True,True,True,DS_CUSTOM_LIBRARY/converted/Elite_Redux_Bulk/swalot_mega
SWAMPAGE,DS_TECH_READY_SOURCE,True,False,False,True,True,True,True,DS_CUSTOM_LIBRARY/converted/Elite_Redux_Bulk/swampage
SWAMPAGE_MEGA,DS_TECH_READY_SOURCE,True,False,True,True,True,True,True,DS_CUSTOM_LIBRARY/converted/Elite_Redux_Bulk/swampage_mega
SWAMPERT,DS_TECH_READY_SOURCE,True,False,False,True,True,True,True,DS_CUSTOM_LIBRARY/converted/Elite_Redux_Bulk/swampert
SWAMPERT_MEGA,DS_TECH_READY_SOURCE,True,False,True,True,True,True,True,DS_CUSTOM_LIBRARY/converted/Elite_Redux_Bulk/swampert_mega
SWANNA,DS_TECH_READY_SOURCE,True,False,False,True,True,True,True,DS_CUSTOM_LIBRARY/converted/Elite_Redux_Bulk/swanna
SWELLOW,DS_TECH_READY_SOURCE,True,False,False,True,True,True,True,DS_CUSTOM_LIBRARY/converted/Elite_Redux_Bulk/swellow
SWINUB,DS_TECH_READY_SOURCE,True,False,False,True,True,True,True,DS_CUSTOM_LIBRARY/converted/Elite_Redux_Bulk/swinub
SWINUB_REDUX,DS_TECH_READY_SOURCE,True,True,False,True,True,True,True,DS_CUSTOM_LIBRARY/converted/Elite_Redux_Bulk/swinub_redux
SWIRLIX,DS_TECH_READY_SOURCE,True,False,False,True,True,True,True,DS_CUSTOM_LIBRARY/converted/Elite_Redux_Bulk/swirlix
SWOOBAT,DS_TECH_READY_SOURCE,True,False,False,True,True,True,True,DS_CUSTOM_LIBRARY/converted/Elite_Redux_Bulk/swoobat
SYLVEON,DS_TECH_READY_SOURCE,True,False,False,True,True,True,True,DS_CUSTOM_LIBRARY/converted/Elite_Redux_Bulk/sylveon
TADBULB,DS_TECH_READY_SOURCE,True,False,False,True,True,True,True,DS_CUSTOM_LIBRARY/converted/Elite_Redux_Bulk/tadbulb
TAILLOW,DS_TECH_READY_SOURCE,True,False,False,True,True,True,True,DS_CUSTOM_LIBRARY/converted/Elite_Redux_Bulk/taillow
TALONFLAME,DS_TECH_READY_SOURCE,True,False,False,True,True,True,True,DS_CUSTOM_LIBRARY/converted/Elite_Redux_Bulk/talonflame
TALONFLAME_MEGA,DS_TECH_READY_SOURCE,True,False,True,True,True,True,True,DS_CUSTOM_LIBRARY/converted/Elite_Redux_Bulk/talonflame_mega
TANDEMAUS,DS_TECH_READY_SOURCE,True,False,False,True,True,True,True,DS_CUSTOM_LIBRARY/converted/Elite_Redux_Bulk/tandemaus
TANGELA,DS_TECH_READY_SOURCE,True,False,False,True,True,True,True,DS_CUSTOM_LIBRARY/converted/Elite_Redux_Bulk/tangela
TANGROWTH,DS_TECH_READY_SOURCE,True,False,False,True,True,True,True,DS_CUSTOM_LIBRARY/converted/Elite_Redux_Bulk/tangrowth
TAPU_BULU,DS_TECH_READY_SOURCE,True,False,False,True,True,True,True,DS_CUSTOM_LIBRARY/converted/Elite_Redux_Bulk/tapu_bulu
TAPU_FINI,DS_TECH_READY_SOURCE,True,False,False,True,True,True,True,DS_CUSTOM_LIBRARY/converted/Elite_Redux_Bulk/tapu_fini
TAPU_KOKO,DS_TECH_READY_SOURCE,True,False,False,True,True,True,True,DS_CUSTOM_LIBRARY/converted/Elite_Redux_Bulk/tapu_koko
TAPU_LELE,DS_TECH_READY_SOURCE,True,False,False,True,True,True,True,DS_CUSTOM_LIBRARY/converted/Elite_Redux_Bulk/tapu_lele
TAROUNTULA,DS_TECH_READY_SOURCE,True,False,False,True,True,True,True,DS_CUSTOM_LIBRARY/converted/Elite_Redux_Bulk/tarountula
TATSUGIRI,DS_TECH_READY_SOURCE,True,False,False,True,True,True,True,DS_CUSTOM_LIBRARY/converted/Elite_Redux_Bulk/tatsugiri
TATSUGIRI_CURLY,DS_TECH_READY_SOURCE,True,False,False,True,True,True,True,DS_CUSTOM_LIBRARY/converted/Elite_Redux_Bulk/tatsugiri_curly
TATSUGIRI_DROOPY,DS_TECH_READY_SOURCE,True,False,False,True,True,True,True,DS_CUSTOM_LIBRARY/converted/Elite_Redux_Bulk/tatsugiri_droopy
TATSUGIRI_MEGA,DS_TECH_READY_SOURCE,True,False,True,True,True,True,True,DS_CUSTOM_LIBRARY/converted/Elite_Redux_Bulk/tatsugiri_mega
TATSUGIRI_STRETCHY,DS_TECH_READY_SOURCE,True,False,False,True,True,True,True,DS_CUSTOM_LIBRARY/converted/Elite_Redux_Bulk/tatsugiri_stretchy
TAUROS,DS_TECH_READY_SOURCE,True,False,False,True,True,True,True,DS_CUSTOM_LIBRARY/converted/Elite_Redux_Bulk/tauros
TAUROS_PALDEAN_AQUA_BREED,DS_TECH_READY_SOURCE,True,False,False,True,True,True,True,DS_CUSTOM_LIBRARY/converted/Elite_Redux_Bulk/tauros_paldean_aqua_breed
TAUROS_PALDEAN_BLAZE_BREED,DS_TECH_READY_SOURCE,True,False,False,True,True,True,True,DS_CUSTOM_LIBRARY/converted/Elite_Redux_Bulk/tauros_paldean_blaze_breed
TAUROS_PALDEAN_COMBAT_BREED,DS_TECH_READY_SOURCE,True,False,False,True,True,True,True,DS_CUSTOM_LIBRARY/converted/Elite_Redux_Bulk/tauros_paldean_combat_breed
TEDDIURSA,DS_TECH_READY_SOURCE,True,False,False,True,True,True,True,DS_CUSTOM_LIBRARY/converted/Elite_Redux_Bulk/teddiursa
TENTACOOL,DS_TECH_READY_SOURCE,True,False,False,True,True,True,True,DS_CUSTOM_LIBRARY/converted/Elite_Redux_Bulk/tentacool
TENTACRUEL,DS_TECH_READY_SOURCE,True,False,False,True,True,True,True,DS_CUSTOM_LIBRARY/converted/Elite_Redux_Bulk/tentacruel
TENTAGREWL,DS_TECH_READY_SOURCE,True,False,False,True,True,True,True,DS_CUSTOM_LIBRARY/converted/Elite_Redux_Bulk/tentagrewl
TEPIG,DS_TECH_READY_SOURCE,True,False,False,True,True,True,True,DS_CUSTOM_LIBRARY/converted/Elite_Redux_Bulk/tepig
TERAPAGOS,DS_TECH_READY_SOURCE,True,False,False,True,True,True,True,DS_CUSTOM_LIBRARY/converted/Elite_Redux_Bulk/terapagos
TERAPAGOS_STELLAR,DS_TECH_READY_SOURCE,True,False,False,True,True,True,True,DS_CUSTOM_LIBRARY/converted/Elite_Redux_Bulk/terapagos_stellar
TERRAKION,DS_TECH_READY_SOURCE,True,False,False,True,True,True,True,DS_CUSTOM_LIBRARY/converted/Elite_Redux_Bulk/terrakion
THIEVUL,DS_TECH_READY_SOURCE,True,False,False,True,True,True,True,DS_CUSTOM_LIBRARY/converted/Elite_Redux_Bulk/thievul
THROH,DS_TECH_READY_SOURCE,True,False,False,True,True,True,True,DS_CUSTOM_LIBRARY/converted/Elite_Redux_Bulk/throh
THROH_REDUX,DS_TECH_READY_SOURCE,True,True,False,True,True,True,True,DS_CUSTOM_LIBRARY/converted/Elite_Redux_Bulk/throh_redux
THUNDURUS,DS_TECH_READY_SOURCE,True,False,False,True,True,True,True,DS_CUSTOM_LIBRARY/converted/Elite_Redux_Bulk/thundurus
THUNDURUS_THERIAN,DS_TECH_READY_SOURCE,True,False,False,True,True,True,True,DS_CUSTOM_LIBRARY/converted/Elite_Redux_Bulk/thundurus_therian
THWACKEY,DS_TECH_READY_SOURCE,True,False,False,True,True,True,True,DS_CUSTOM_LIBRARY/converted/Elite_Redux_Bulk/thwackey
TIMBURR,DS_TECH_READY_SOURCE,True,False,False,True,True,True,True,DS_CUSTOM_LIBRARY/converted/Elite_Redux_Bulk/timburr
TING_LU,DS_TECH_READY_SOURCE,True,False,False,True,True,True,True,DS_CUSTOM_LIBRARY/converted/Elite_Redux_Bulk/ting_lu
TINKATINK,DS_TECH_READY_SOURCE,True,False,False,True,True,True,True,DS_CUSTOM_LIBRARY/converted/Elite_Redux_Bulk/tinkatink
TINKATINK_REDUX,DS_TECH_READY_SOURCE,True,True,False,True,True,True,True,DS_CUSTOM_LIBRARY/converted/Elite_Redux_Bulk/tinkatink_redux
TINKATON,DS_TECH_READY_SOURCE,True,False,False,True,True,True,True,DS_CUSTOM_LIBRARY/converted/Elite_Redux_Bulk/tinkaton
TINKATON_MEGA,DS_TECH_READY_SOURCE,True,False,True,True,True,True,True,DS_CUSTOM_LIBRARY/converted/Elite_Redux_Bulk/tinkaton_mega
TINKATON_REDUX,DS_TECH_READY_SOURCE,True,True,False,True,True,True,True,DS_CUSTOM_LIBRARY/converted/Elite_Redux_Bulk/tinkaton_redux
TINKATON_REDUX_MEGA,DS_TECH_READY_SOURCE,True,True,True,True,True,True,True,DS_CUSTOM_LIBRARY/converted/Elite_Redux_Bulk/tinkaton_redux_mega
TINKATUFF,DS_TECH_READY_SOURCE,True,False,False,True,True,True,True,DS_CUSTOM_LIBRARY/converted/Elite_Redux_Bulk/tinkatuff
TINKATUFF_REDUX,DS_TECH_READY_SOURCE,True,True,False,True,True,True,True,DS_CUSTOM_LIBRARY/converted/Elite_Redux_Bulk/tinkatuff_redux
TIRTOUGA,DS_TECH_READY_SOURCE,True,False,False,True,True,True,True,DS_CUSTOM_LIBRARY/converted/Elite_Redux_Bulk/tirtouga
TOEDSCOOL,DS_TECH_READY_SOURCE,True,False,False,True,True,True,True,DS_CUSTOM_LIBRARY/converted/Elite_Redux_Bulk/toedscool
TOEDSCRUEL,DS_TECH_READY_SOURCE,True,False,False,True,True,True,True,DS_CUSTOM_LIBRARY/converted/Elite_Redux_Bulk/toedscruel
TOGEDEMARU,DS_TECH_READY_SOURCE,True,False,False,True,True,True,True,DS_CUSTOM_LIBRARY/converted/Elite_Redux_Bulk/togedemaru
TOGEKISS,DS_TECH_READY_SOURCE,True,False,False,True,True,True,True,DS_CUSTOM_LIBRARY/converted/Elite_Redux_Bulk/togekiss
TOGEPI,DS_TECH_READY_SOURCE,True,False,False,True,True,True,True,DS_CUSTOM_LIBRARY/converted/Elite_Redux_Bulk/togepi
TOGETIC,DS_TECH_READY_SOURCE,True,False,False,True,True,True,True,DS_CUSTOM_LIBRARY/converted/Elite_Redux_Bulk/togetic
TORCHIC,DS_TECH_READY_SOURCE,True,False,False,True,True,True,True,DS_CUSTOM_LIBRARY/converted/Elite_Redux_Bulk/torchic
TORKOAL,DS_TECH_READY_SOURCE,True,False,False,True,True,True,True,DS_CUSTOM_LIBRARY/converted/Elite_Redux_Bulk/torkoal
TORNADUS,DS_TECH_READY_SOURCE,True,False,False,True,True,True,True,DS_CUSTOM_LIBRARY/converted/Elite_Redux_Bulk/tornadus
TORNADUS_THERIAN,DS_TECH_READY_SOURCE,True,False,False,True,True,True,True,DS_CUSTOM_LIBRARY/converted/Elite_Redux_Bulk/tornadus_therian
TORRACAT,DS_TECH_READY_SOURCE,True,False,False,True,True,True,True,DS_CUSTOM_LIBRARY/converted/Elite_Redux_Bulk/torracat
TORRENTULA,DS_TECH_READY_SOURCE,True,False,False,True,True,True,True,DS_CUSTOM_LIBRARY/converted/Elite_Redux_Bulk/torrentula
TORTEMPLE,DS_TECH_READY_SOURCE,True,False,False,True,True,True,True,DS_CUSTOM_LIBRARY/converted/Elite_Redux_Bulk/tortemple
TORTERRA,DS_TECH_READY_SOURCE,True,False,False,True,True,True,True,DS_CUSTOM_LIBRARY/converted/Elite_Redux_Bulk/torterra
TORTERRA_MEGA,DS_TECH_READY_SOURCE,True,False,True,True,True,True,True,DS_CUSTOM_LIBRARY/converted/Elite_Redux_Bulk/torterra_mega
TORTERRA_REDUX,DS_TECH_READY_SOURCE,True,True,False,True,True,True,True,DS_CUSTOM_LIBRARY/converted/Elite_Redux_Bulk/torterra_redux
TORTERRA_REDUX_MEGA,DS_TECH_READY_SOURCE,True,True,True,True,True,True,True,DS_CUSTOM_LIBRARY/converted/Elite_Redux_Bulk/torterra_redux_mega
TOTODILE,DS_TECH_READY_SOURCE,True,False,False,True,True,True,True,DS_CUSTOM_LIBRARY/converted/Elite_Redux_Bulk/totodile
TOUCANNON,DS_TECH_READY_SOURCE,True,False,False,True,True,True,True,DS_CUSTOM_LIBRARY/converted/Elite_Redux_Bulk/toucannon
TOUCANNON_MEGA,DS_TECH_READY_SOURCE,True,False,True,True,True,True,True,DS_CUSTOM_LIBRARY/converted/Elite_Redux_Bulk/toucannon_mega
TOXAPEX,DS_TECH_READY_SOURCE,True,False,False,True,True,True,True,DS_CUSTOM_LIBRARY/converted/Elite_Redux_Bulk/toxapex
TOXEL,DS_TECH_READY_SOURCE,True,False,False,True,True,True,True,DS_CUSTOM_LIBRARY/converted/Elite_Redux_Bulk/toxel
TOXEL_REDUX,DS_TECH_READY_SOURCE,True,True,False,True,True,True,True,DS_CUSTOM_LIBRARY/converted/Elite_Redux_Bulk/toxel_redux
TOXICROAK,DS_TECH_READY_SOURCE,True,False,False,True,True,True,True,DS_CUSTOM_LIBRARY/converted/Elite_Redux_Bulk/toxicroak
TOXTRICITY,DS_TECH_READY_SOURCE,True,False,False,True,True,True,True,DS_CUSTOM_LIBRARY/converted/Elite_Redux_Bulk/toxtricity
TOXTRICITY_LOW_KEY,DS_TECH_READY_SOURCE,True,False,False,True,True,True,True,DS_CUSTOM_LIBRARY/converted/Elite_Redux_Bulk/toxtricity_low_key
TOXTRICITY_MEGA,DS_TECH_READY_SOURCE,True,False,True,True,True,True,True,DS_CUSTOM_LIBRARY/converted/Elite_Redux_Bulk/toxtricity_mega
TOXTRICITY_REDUX,DS_TECH_READY_SOURCE,True,True,False,True,True,True,True,DS_CUSTOM_LIBRARY/converted/Elite_Redux_Bulk/toxtricity_redux
TOXTRICITY_REDUX_FUZZ,DS_TECH_READY_SOURCE,True,True,False,True,True,True,True,DS_CUSTOM_LIBRARY/converted/Elite_Redux_Bulk/toxtricity_redux_fuzz
TOXTRICITY_REDUX_FUZZ_MEGA,DS_TECH_READY_SOURCE,True,True,True,True,True,True,True,DS_CUSTOM_LIBRARY/converted/Elite_Redux_Bulk/toxtricity_redux_fuzz_mega
TOXTRICITY_REDUX_MEGA,DS_TECH_READY_SOURCE,True,True,True,True,True,True,True,DS_CUSTOM_LIBRARY/converted/Elite_Redux_Bulk/toxtricity_redux_mega
TRANQUILL,DS_TECH_READY_SOURCE,True,False,False,True,True,True,True,DS_CUSTOM_LIBRARY/converted/Elite_Redux_Bulk/tranquill
TRAPINCH,DS_TECH_READY_SOURCE,True,False,False,True,True,True,True,DS_CUSTOM_LIBRARY/converted/Elite_Redux_Bulk/trapinch
TRAPINCH_REDUX,DS_TECH_READY_SOURCE,True,True,False,True,True,True,True,DS_CUSTOM_LIBRARY/converted/Elite_Redux_Bulk/trapinch_redux
TREECKO,DS_TECH_READY_SOURCE,True,False,False,True,True,True,True,DS_CUSTOM_LIBRARY/converted/Elite_Redux_Bulk/treecko
TREVENANT,DS_TECH_READY_SOURCE,True,False,False,True,True,True,True,DS_CUSTOM_LIBRARY/converted/Elite_Redux_Bulk/trevenant
TROPIUS,DS_TECH_READY_SOURCE,True,False,False,True,True,True,True,DS_CUSTOM_LIBRARY/converted/Elite_Redux_Bulk/tropius
TRUBBISH,DS_TECH_READY_SOURCE,True,False,False,True,True,True,True,DS_CUSTOM_LIBRARY/converted/Elite_Redux_Bulk/trubbish
TRUMBEAK,DS_TECH_READY_SOURCE,True,False,False,True,True,True,True,DS_CUSTOM_LIBRARY/converted/Elite_Redux_Bulk/trumbeak
TSAREENA,DS_TECH_READY_SOURCE,True,False,False,True,True,True,True,DS_CUSTOM_LIBRARY/converted/Elite_Redux_Bulk/tsareena
TSAREENA_MEGA,DS_TECH_READY_SOURCE,True,False,True,True,True,True,True,DS_CUSTOM_LIBRARY/converted/Elite_Redux_Bulk/tsareena_mega
TSAREENA_REDUX,DS_TECH_READY_SOURCE,True,True,False,True,True,True,True,DS_CUSTOM_LIBRARY/converted/Elite_Redux_Bulk/tsareena_redux
TSAREENA_REDUX_MEGA,DS_TECH_READY_SOURCE,True,True,True,True,True,True,True,DS_CUSTOM_LIBRARY/converted/Elite_Redux_Bulk/tsareena_redux_mega
TURTONATOR,DS_TECH_READY_SOURCE,True,False,False,True,True,True,True,DS_CUSTOM_LIBRARY/converted/Elite_Redux_Bulk/turtonator
TURTWIG,DS_TECH_READY_SOURCE,True,False,False,True,True,True,True,DS_CUSTOM_LIBRARY/converted/Elite_Redux_Bulk/turtwig
TURTWIG_REDUX,DS_TECH_READY_SOURCE,True,True,False,True,True,True,True,DS_CUSTOM_LIBRARY/converted/Elite_Redux_Bulk/turtwig_redux
TYMPOLE,DS_TECH_READY_SOURCE,True,False,False,True,True,True,True,DS_CUSTOM_LIBRARY/converted/Elite_Redux_Bulk/tympole
TYNAMO,DS_TECH_READY_SOURCE,True,False,False,True,True,True,True,DS_CUSTOM_LIBRARY/converted/Elite_Redux_Bulk/tynamo
TYPE_NULL,DS_TECH_READY_SOURCE,True,False,False,True,True,True,True,DS_CUSTOM_LIBRARY/converted/Elite_Redux_Bulk/type_null
TYPHLOSION,DS_TECH_READY_SOURCE,True,False,False,True,True,True,True,DS_CUSTOM_LIBRARY/converted/Elite_Redux_Bulk/typhlosion
TYPHLOSION_HISUIAN,DS_TECH_READY_SOURCE,True,False,False,True,True,True,True,DS_CUSTOM_LIBRARY/converted/Elite_Redux_Bulk/typhlosion_hisuian
TYPHLOSION_HISUIAN_MEGA,DS_TECH_READY_SOURCE,True,False,True,True,True,True,True,DS_CUSTOM_LIBRARY/converted/Elite_Redux_Bulk/typhlosion_hisuian_mega
TYPHLOSION_MEGA,DS_TECH_READY_SOURCE,True,False,True,True,True,True,True,DS_CUSTOM_LIBRARY/converted/Elite_Redux_Bulk/typhlosion_mega
TYRANITAR,DS_TECH_READY_SOURCE,True,False,False,True,True,True,True,DS_CUSTOM_LIBRARY/converted/Elite_Redux_Bulk/tyranitar
TYRANITAR_MEGA,DS_TECH_READY_SOURCE,True,False,True,True,True,True,True,DS_CUSTOM_LIBRARY/converted/Elite_Redux_Bulk/tyranitar_mega
TYRANITAR_MEGA_REDUX,DS_TECH_READY_SOURCE,True,True,True,True,True,True,True,DS_CUSTOM_LIBRARY/converted/Elite_Redux_Bulk/tyranitar_mega_redux
TYRANITAR_REDUX,DS_TECH_READY_SOURCE,True,True,False,True,True,True,True,DS_CUSTOM_LIBRARY/converted/Elite_Redux_Bulk/tyranitar_redux
TYRANJOULA,DS_TECH_READY_SOURCE,True,False,False,True,True,True,True,DS_CUSTOM_LIBRARY/converted/Elite_Redux_Bulk/tyranjoula
TYRANTRUM,DS_TECH_READY_SOURCE,True,False,False,True,True,True,True,DS_CUSTOM_LIBRARY/converted/Elite_Redux_Bulk/tyrantrum
TYROGUE,DS_TECH_READY_SOURCE,True,False,False,True,True,True,True,DS_CUSTOM_LIBRARY/converted/Elite_Redux_Bulk/tyrogue
TYRUNT,DS_TECH_READY_SOURCE,True,False,False,True,True,True,True,DS_CUSTOM_LIBRARY/converted/Elite_Redux_Bulk/tyrunt
UMBREON,DS_TECH_READY_SOURCE,True,False,False,True,True,True,True,DS_CUSTOM_LIBRARY/converted/Elite_Redux_Bulk/umbreon
UNFEZANT,DS_TECH_READY_SOURCE,True,False,False,True,True,True,True,DS_CUSTOM_LIBRARY/converted/Elite_Redux_Bulk/unfezant
UNOWN,DS_TECH_READY_SOURCE,True,False,False,True,True,True,True,DS_CUSTOM_LIBRARY/converted/Elite_Redux_Bulk/unown
UNOWN_B,DS_TECH_READY_SOURCE,True,False,False,True,True,True,True,DS_CUSTOM_LIBRARY/converted/Elite_Redux_Bulk/unown_b
UNOWN_C,DS_TECH_READY_SOURCE,True,False,False,True,True,True,True,DS_CUSTOM_LIBRARY/converted/Elite_Redux_Bulk/unown_c
UNOWN_D,DS_TECH_READY_SOURCE,True,False,False,True,True,True,True,DS_CUSTOM_LIBRARY/converted/Elite_Redux_Bulk/unown_d
UNOWN_E,DS_TECH_READY_SOURCE,True,False,False,True,True,True,True,DS_CUSTOM_LIBRARY/converted/Elite_Redux_Bulk/unown_e
UNOWN_EMARK,DS_TECH_READY_SOURCE,True,False,False,True,True,True,True,DS_CUSTOM_LIBRARY/converted/Elite_Redux_Bulk/unown_emark
UNOWN_F,DS_TECH_READY_SOURCE,True,False,False,True,True,True,True,DS_CUSTOM_LIBRARY/converted/Elite_Redux_Bulk/unown_f
UNOWN_G,DS_TECH_READY_SOURCE,True,False,False,True,True,True,True,DS_CUSTOM_LIBRARY/converted/Elite_Redux_Bulk/unown_g
UNOWN_H,DS_TECH_READY_SOURCE,True,False,False,True,True,True,True,DS_CUSTOM_LIBRARY/converted/Elite_Redux_Bulk/unown_h
UNOWN_I,DS_TECH_READY_SOURCE,True,False,False,True,True,True,True,DS_CUSTOM_LIBRARY/converted/Elite_Redux_Bulk/unown_i
UNOWN_J,DS_TECH_READY_SOURCE,True,False,False,True,True,True,True,DS_CUSTOM_LIBRARY/converted/Elite_Redux_Bulk/unown_j
UNOWN_K,DS_TECH_READY_SOURCE,True,False,False,True,True,True,True,DS_CUSTOM_LIBRARY/converted/Elite_Redux_Bulk/unown_k
UNOWN_L,DS_TECH_READY_SOURCE,True,False,False,True,True,True,True,DS_CUSTOM_LIBRARY/converted/Elite_Redux_Bulk/unown_l
UNOWN_M,DS_TECH_READY_SOURCE,True,False,False,True,True,True,True,DS_CUSTOM_LIBRARY/converted/Elite_Redux_Bulk/unown_m
UNOWN_N,DS_TECH_READY_SOURCE,True,False,False,True,True,True,True,DS_CUSTOM_LIBRARY/converted/Elite_Redux_Bulk/unown_n
UNOWN_O,DS_TECH_READY_SOURCE,True,False,False,True,True,True,True,DS_CUSTOM_LIBRARY/converted/Elite_Redux_Bulk/unown_o
UNOWN_P,DS_TECH_READY_SOURCE,True,False,False,True,True,True,True,DS_CUSTOM_LIBRARY/converted/Elite_Redux_Bulk/unown_p
UNOWN_Q,DS_TECH_READY_SOURCE,True,False,False,True,True,True,True,DS_CUSTOM_LIBRARY/converted/Elite_Redux_Bulk/unown_q
UNOWN_QMARK,DS_TECH_READY_SOURCE,True,False,False,True,True,True,True,DS_CUSTOM_LIBRARY/converted/Elite_Redux_Bulk/unown_qmark
UNOWN_R,DS_TECH_READY_SOURCE,True,False,False,True,True,True,True,DS_CUSTOM_LIBRARY/converted/Elite_Redux_Bulk/unown_r
UNOWN_REVELATION,DS_TECH_READY_SOURCE,True,False,False,True,True,True,True,DS_CUSTOM_LIBRARY/converted/Elite_Redux_Bulk/unown_revelation
UNOWN_REVELATION_shiny,INCOMPLETE_SOURCE_SET,False,False,False,True,False,False,False,DS_CUSTOM_LIBRARY/converted/Elite_Redux_Bulk/unown_revelation_shiny
UNOWN_S,DS_TECH_READY_SOURCE,True,False,False,True,True,True,True,DS_CUSTOM_LIBRARY/converted/Elite_Redux_Bulk/unown_s
UNOWN_T,DS_TECH_READY_SOURCE,True,False,False,True,True,True,True,DS_CUSTOM_LIBRARY/converted/Elite_Redux_Bulk/unown_t
UNOWN_U,DS_TECH_READY_SOURCE,True,False,False,True,True,True,True,DS_CUSTOM_LIBRARY/converted/Elite_Redux_Bulk/unown_u
UNOWN_V,DS_TECH_READY_SOURCE,True,False,False,True,True,True,True,DS_CUSTOM_LIBRARY/converted/Elite_Redux_Bulk/unown_v
UNOWN_W,DS_TECH_READY_SOURCE,True,False,False,True,True,True,True,DS_CUSTOM_LIBRARY/converted/Elite_Redux_Bulk/unown_w
UNOWN_X,DS_TECH_READY_SOURCE,True,False,False,True,True,True,True,DS_CUSTOM_LIBRARY/converted/Elite_Redux_Bulk/unown_x
UNOWN_Y,DS_TECH_READY_SOURCE,True,False,False,True,True,True,True,DS_CUSTOM_LIBRARY/converted/Elite_Redux_Bulk/unown_y
UNOWN_Z,DS_TECH_READY_SOURCE,True,False,False,True,True,True,True,DS_CUSTOM_LIBRARY/converted/Elite_Redux_Bulk/unown_z
URSALUNA,DS_TECH_READY_SOURCE,True,False,False,True,True,True,True,DS_CUSTOM_LIBRARY/converted/Elite_Redux_Bulk/ursaluna
URSALUNA_BLOODMOON,DS_TECH_READY_SOURCE,True,False,False,True,True,True,True,DS_CUSTOM_LIBRARY/converted/Elite_Redux_Bulk/ursaluna_bloodmoon
URSALUNA_MEGA,DS_TECH_READY_SOURCE,True,False,True,True,True,True,True,DS_CUSTOM_LIBRARY/converted/Elite_Redux_Bulk/ursaluna_mega
URSARING,DS_TECH_READY_SOURCE,True,False,False,True,True,True,True,DS_CUSTOM_LIBRARY/converted/Elite_Redux_Bulk/ursaring
URSHIFU,DS_TECH_READY_SOURCE,True,False,False,True,True,True,True,DS_CUSTOM_LIBRARY/converted/Elite_Redux_Bulk/urshifu
URSHIFU_MEGA,DS_TECH_READY_SOURCE,True,False,True,True,True,True,True,DS_CUSTOM_LIBRARY/converted/Elite_Redux_Bulk/urshifu_mega
URSHIFU_RAPID_STRIKE_STYLE,DS_TECH_READY_SOURCE,True,False,False,True,True,True,True,DS_CUSTOM_LIBRARY/converted/Elite_Redux_Bulk/urshifu_rapid_strike_style
URSHIFU_RAPID_STRIKE_STYLE_MEGA,DS_TECH_READY_SOURCE,True,False,True,True,True,True,True,DS_CUSTOM_LIBRARY/converted/Elite_Redux_Bulk/urshifu_rapid_strike_style_mega
UXIE,DS_TECH_READY_SOURCE,True,False,False,True,True,True,True,DS_CUSTOM_LIBRARY/converted/Elite_Redux_Bulk/uxie
UXIE_REDUX,DS_TECH_READY_SOURCE,True,True,False,True,True,True,True,DS_CUSTOM_LIBRARY/converted/Elite_Redux_Bulk/uxie_redux
VANILLISH,DS_TECH_READY_SOURCE,True,False,False,True,True,True,True,DS_CUSTOM_LIBRARY/converted/Elite_Redux_Bulk/vanillish
VANILLISH_REDUX,DS_TECH_READY_SOURCE,True,True,False,True,True,True,True,DS_CUSTOM_LIBRARY/converted/Elite_Redux_Bulk/vanillish_redux
VANILLITE,DS_TECH_READY_SOURCE,True,False,False,True,True,True,True,DS_CUSTOM_LIBRARY/converted/Elite_Redux_Bulk/vanillite
VANILLITE_REDUX,DS_TECH_READY_SOURCE,True,True,False,True,True,True,True,DS_CUSTOM_LIBRARY/converted/Elite_Redux_Bulk/vanillite_redux
VANILLUXE,DS_TECH_READY_SOURCE,True,False,False,True,True,True,True,DS_CUSTOM_LIBRARY/converted/Elite_Redux_Bulk/vanilluxe
VANILLUXE_MEGA,DS_TECH_READY_SOURCE,True,False,True,True,True,True,True,DS_CUSTOM_LIBRARY/converted/Elite_Redux_Bulk/vanilluxe_mega
VANILLUXE_REDUX,DS_TECH_READY_SOURCE,True,True,False,True,True,True,True,DS_CUSTOM_LIBRARY/converted/Elite_Redux_Bulk/vanilluxe_redux
VANILLUXE_REDUX_MEGA,DS_TECH_READY_SOURCE,True,True,True,True,True,True,True,DS_CUSTOM_LIBRARY/converted/Elite_Redux_Bulk/vanilluxe_redux_mega
VAPOREON,DS_TECH_READY_SOURCE,True,False,False,True,True,True,True,DS_CUSTOM_LIBRARY/converted/Elite_Redux_Bulk/vaporeon
VAROOM,DS_TECH_READY_SOURCE,True,False,False,True,True,True,True,DS_CUSTOM_LIBRARY/converted/Elite_Redux_Bulk/varoom
VELOZEL,DS_TECH_READY_SOURCE,True,False,False,True,True,True,True,DS_CUSTOM_LIBRARY/converted/Elite_Redux_Bulk/velozel
VELUZA,DS_TECH_READY_SOURCE,True,False,False,True,True,True,True,DS_CUSTOM_LIBRARY/converted/Elite_Redux_Bulk/veluza
VENIPEDE,DS_TECH_READY_SOURCE,True,False,False,True,True,True,True,DS_CUSTOM_LIBRARY/converted/Elite_Redux_Bulk/venipede
VENOMOTH,DS_TECH_READY_SOURCE,True,False,False,True,True,True,True,DS_CUSTOM_LIBRARY/converted/Elite_Redux_Bulk/venomoth
VENONAT,DS_TECH_READY_SOURCE,True,False,False,True,True,True,True,DS_CUSTOM_LIBRARY/converted/Elite_Redux_Bulk/venonat
VENUSAUR,DS_TECH_READY_SOURCE,True,False,False,True,True,True,True,DS_CUSTOM_LIBRARY/converted/Elite_Redux_Bulk/venusaur
VENUSAUR_MEGA,DS_TECH_READY_SOURCE,True,False,True,True,True,True,True,DS_CUSTOM_LIBRARY/converted/Elite_Redux_Bulk/venusaur_mega
VENUSAUR_MEGA_X,DS_TECH_READY_SOURCE,True,False,True,True,True,True,True,DS_CUSTOM_LIBRARY/converted/Elite_Redux_Bulk/venusaur_mega_x
VESPIQUEN,DS_TECH_READY_SOURCE,True,False,False,True,True,True,True,DS_CUSTOM_LIBRARY/converted/Elite_Redux_Bulk/vespiquen
VIBRAVA,DS_TECH_READY_SOURCE,True,False,False,True,True,True,True,DS_CUSTOM_LIBRARY/converted/Elite_Redux_Bulk/vibrava
VIBRAVA_REDUX,DS_TECH_READY_SOURCE,True,True,False,True,True,True,True,DS_CUSTOM_LIBRARY/converted/Elite_Redux_Bulk/vibrava_redux
VICTINI,DS_TECH_READY_SOURCE,True,False,False,True,True,True,True,DS_CUSTOM_LIBRARY/converted/Elite_Redux_Bulk/victini
VICTINI_PRIMAL,DS_TECH_READY_SOURCE,True,False,False,True,True,True,True,DS_CUSTOM_LIBRARY/converted/Elite_Redux_Bulk/victini_primal
VICTREEBEL,DS_TECH_READY_SOURCE,True,False,False,True,True,True,True,DS_CUSTOM_LIBRARY/converted/Elite_Redux_Bulk/victreebel
VICTREEBEL_MEGA,DS_TECH_READY_SOURCE,True,False,True,True,True,True,True,DS_CUSTOM_LIBRARY/converted/Elite_Redux_Bulk/victreebel_mega
VICTREEBEL_REDUX,DS_TECH_READY_SOURCE,True,True,False,True,True,True,True,DS_CUSTOM_LIBRARY/converted/Elite_Redux_Bulk/victreebel_redux
VIGOROTH,DS_TECH_READY_SOURCE,True,False,False,True,True,True,True,DS_CUSTOM_LIBRARY/converted/Elite_Redux_Bulk/vigoroth
VIKAVOLT,DS_TECH_READY_SOURCE,True,False,False,True,True,True,True,DS_CUSTOM_LIBRARY/converted/Elite_Redux_Bulk/vikavolt
VILEPLUME,DS_TECH_READY_SOURCE,True,False,False,True,True,True,True,DS_CUSTOM_LIBRARY/converted/Elite_Redux_Bulk/vileplume
VIRIZION,DS_TECH_READY_SOURCE,True,False,False,True,True,True,True,DS_CUSTOM_LIBRARY/converted/Elite_Redux_Bulk/virizion
VIVILLON,DS_TECH_READY_SOURCE,True,False,False,True,True,True,True,DS_CUSTOM_LIBRARY/converted/Elite_Redux_Bulk/vivillon
VIVILLON_ARCHIPELAGO,DS_TECH_READY_SOURCE,True,False,False,True,True,True,True,DS_CUSTOM_LIBRARY/converted/Elite_Redux_Bulk/vivillon_archipelago
VIVILLON_CONTINENTAL,DS_TECH_READY_SOURCE,True,False,False,True,True,True,True,DS_CUSTOM_LIBRARY/converted/Elite_Redux_Bulk/vivillon_continental
VIVILLON_ELEGANT,DS_TECH_READY_SOURCE,True,False,False,True,True,True,True,DS_CUSTOM_LIBRARY/converted/Elite_Redux_Bulk/vivillon_elegant
VIVILLON_FANCY,DS_TECH_READY_SOURCE,True,False,False,True,True,True,True,DS_CUSTOM_LIBRARY/converted/Elite_Redux_Bulk/vivillon_fancy
VIVILLON_GARDEN,DS_TECH_READY_SOURCE,True,False,False,True,True,True,True,DS_CUSTOM_LIBRARY/converted/Elite_Redux_Bulk/vivillon_garden
VIVILLON_HIGH_PLAINS,DS_TECH_READY_SOURCE,True,False,False,True,True,True,True,DS_CUSTOM_LIBRARY/converted/Elite_Redux_Bulk/vivillon_high_plains
VIVILLON_JUNGLE,DS_TECH_READY_SOURCE,True,False,False,True,True,True,True,DS_CUSTOM_LIBRARY/converted/Elite_Redux_Bulk/vivillon_jungle
VIVILLON_MARINE,DS_TECH_READY_SOURCE,True,False,False,True,True,True,True,DS_CUSTOM_LIBRARY/converted/Elite_Redux_Bulk/vivillon_marine
VIVILLON_MEADOW,DS_TECH_READY_SOURCE,True,False,False,True,True,True,True,DS_CUSTOM_LIBRARY/converted/Elite_Redux_Bulk/vivillon_meadow
VIVILLON_MODERN,DS_TECH_READY_SOURCE,True,False,False,True,True,True,True,DS_CUSTOM_LIBRARY/converted/Elite_Redux_Bulk/vivillon_modern
VIVILLON_MONSOON,DS_TECH_READY_SOURCE,True,False,False,True,True,True,True,DS_CUSTOM_LIBRARY/converted/Elite_Redux_Bulk/vivillon_monsoon
VIVILLON_OCEAN,DS_TECH_READY_SOURCE,True,False,False,True,True,True,True,DS_CUSTOM_LIBRARY/converted/Elite_Redux_Bulk/vivillon_ocean
VIVILLON_POKE_BALL,DS_TECH_READY_SOURCE,True,False,False,True,True,True,True,DS_CUSTOM_LIBRARY/converted/Elite_Redux_Bulk/vivillon_poke_ball
VIVILLON_POLAR,DS_TECH_READY_SOURCE,True,False,False,True,True,True,True,DS_CUSTOM_LIBRARY/converted/Elite_Redux_Bulk/vivillon_polar
VIVILLON_RIVER,DS_TECH_READY_SOURCE,True,False,False,True,True,True,True,DS_CUSTOM_LIBRARY/converted/Elite_Redux_Bulk/vivillon_river
VIVILLON_SANDSTORM,DS_TECH_READY_SOURCE,True,False,False,True,True,True,True,DS_CUSTOM_LIBRARY/converted/Elite_Redux_Bulk/vivillon_sandstorm
VIVILLON_SAVANNA,DS_TECH_READY_SOURCE,True,False,False,True,True,True,True,DS_CUSTOM_LIBRARY/converted/Elite_Redux_Bulk/vivillon_savanna
VIVILLON_SUN,DS_TECH_READY_SOURCE,True,False,False,True,True,True,True,DS_CUSTOM_LIBRARY/converted/Elite_Redux_Bulk/vivillon_sun
VIVILLON_TUNDRA,DS_TECH_READY_SOURCE,True,False,False,True,True,True,True,DS_CUSTOM_LIBRARY/converted/Elite_Redux_Bulk/vivillon_tundra
VOLBEAT,DS_TECH_READY_SOURCE,True,False,False,True,True,True,True,DS_CUSTOM_LIBRARY/converted/Elite_Redux_Bulk/volbeat
VOLCANION,DS_TECH_READY_SOURCE,True,False,False,True,True,True,True,DS_CUSTOM_LIBRARY/converted/Elite_Redux_Bulk/volcanion
VOLCARONA,DS_TECH_READY_SOURCE,True,False,False,True,True,True,True,DS_CUSTOM_LIBRARY/converted/Elite_Redux_Bulk/volcarona
VOLCARONA_REDUX,DS_TECH_READY_SOURCE,True,True,False,True,True,True,True,DS_CUSTOM_LIBRARY/converted/Elite_Redux_Bulk/volcarona_redux
VOLTORB,DS_TECH_READY_SOURCE,True,False,False,True,True,True,True,DS_CUSTOM_LIBRARY/converted/Elite_Redux_Bulk/voltorb
VOLTORB_HISUIAN,DS_TECH_READY_SOURCE,True,False,False,True,True,True,True,DS_CUSTOM_LIBRARY/converted/Elite_Redux_Bulk/voltorb_hisuian
VULLABY,DS_TECH_READY_SOURCE,True,False,False,True,True,True,True,DS_CUSTOM_LIBRARY/converted/Elite_Redux_Bulk/vullaby
VULPIX,DS_TECH_READY_SOURCE,True,False,False,True,True,True,True,DS_CUSTOM_LIBRARY/converted/Elite_Redux_Bulk/vulpix
VULPIX_ALOLAN,DS_TECH_READY_SOURCE,True,False,False,True,True,True,True,DS_CUSTOM_LIBRARY/converted/Elite_Redux_Bulk/vulpix_alolan
WAILMER,DS_TECH_READY_SOURCE,True,False,False,True,True,True,True,DS_CUSTOM_LIBRARY/converted/Elite_Redux_Bulk/wailmer
WAILORD,DS_TECH_READY_SOURCE,True,False,False,True,True,True,True,DS_CUSTOM_LIBRARY/converted/Elite_Redux_Bulk/wailord
WALKING_WAKE,DS_TECH_READY_SOURCE,True,False,False,True,True,True,True,DS_CUSTOM_LIBRARY/converted/Elite_Redux_Bulk/walking_wake
WALREIN,DS_TECH_READY_SOURCE,True,False,False,True,True,True,True,DS_CUSTOM_LIBRARY/converted/Elite_Redux_Bulk/walrein
WARTORTLE,DS_TECH_READY_SOURCE,True,False,False,True,True,True,True,DS_CUSTOM_LIBRARY/converted/Elite_Redux_Bulk/wartortle
WATCHOG,DS_TECH_READY_SOURCE,True,False,False,True,True,True,True,DS_CUSTOM_LIBRARY/converted/Elite_Redux_Bulk/watchog
WATTREL,DS_TECH_READY_SOURCE,True,False,False,True,True,True,True,DS_CUSTOM_LIBRARY/converted/Elite_Redux_Bulk/wattrel
WEAVILE,DS_TECH_READY_SOURCE,True,False,False,True,True,True,True,DS_CUSTOM_LIBRARY/converted/Elite_Redux_Bulk/weavile
WEAVILE_MEGA,DS_TECH_READY_SOURCE,True,False,True,True,True,True,True,DS_CUSTOM_LIBRARY/converted/Elite_Redux_Bulk/weavile_mega
WEAVILE_REDUX,DS_TECH_READY_SOURCE,True,True,False,True,True,True,True,DS_CUSTOM_LIBRARY/converted/Elite_Redux_Bulk/weavile_redux
WEAVILE_REDUX_MEGA,DS_TECH_READY_SOURCE,True,True,True,True,True,True,True,DS_CUSTOM_LIBRARY/converted/Elite_Redux_Bulk/weavile_redux_mega
WEEDLE,DS_TECH_READY_SOURCE,True,False,False,True,True,True,True,DS_CUSTOM_LIBRARY/converted/Elite_Redux_Bulk/weedle
WEEDLE_REDUX,DS_TECH_READY_SOURCE,True,True,False,True,True,True,True,DS_CUSTOM_LIBRARY/converted/Elite_Redux_Bulk/weedle_redux
WEEPINBELL,DS_TECH_READY_SOURCE,True,False,False,True,True,True,True,DS_CUSTOM_LIBRARY/converted/Elite_Redux_Bulk/weepinbell
WEEPINBELL_REDUX,DS_TECH_READY_SOURCE,True,True,False,True,True,True,True,DS_CUSTOM_LIBRARY/converted/Elite_Redux_Bulk/weepinbell_redux
WEEZING,DS_TECH_READY_SOURCE,True,False,False,True,True,True,True,DS_CUSTOM_LIBRARY/converted/Elite_Redux_Bulk/weezing
WEEZING_GALARIAN,DS_TECH_READY_SOURCE,True,False,False,True,True,True,True,DS_CUSTOM_LIBRARY/converted/Elite_Redux_Bulk/weezing_galarian
WHIMSICOTT,DS_TECH_READY_SOURCE,True,False,False,True,True,True,True,DS_CUSTOM_LIBRARY/converted/Elite_Redux_Bulk/whimsicott
WHIRLIPEDE,DS_TECH_READY_SOURCE,True,False,False,True,True,True,True,DS_CUSTOM_LIBRARY/converted/Elite_Redux_Bulk/whirlipede
WHISCASH,DS_TECH_READY_SOURCE,True,False,False,True,True,True,True,DS_CUSTOM_LIBRARY/converted/Elite_Redux_Bulk/whiscash
WHISMUR,DS_TECH_READY_SOURCE,True,False,False,True,True,True,True,DS_CUSTOM_LIBRARY/converted/Elite_Redux_Bulk/whismur
WHISMUR_REDUX,DS_TECH_READY_SOURCE,True,True,False,True,True,True,True,DS_CUSTOM_LIBRARY/converted/Elite_Redux_Bulk/whismur_redux
WIGGLYTUFF,DS_TECH_READY_SOURCE,True,False,False,True,True,True,True,DS_CUSTOM_LIBRARY/converted/Elite_Redux_Bulk/wigglytuff
WIGGLYTUFF_APEX,DS_TECH_READY_SOURCE,True,False,False,True,True,True,True,DS_CUSTOM_LIBRARY/converted/Elite_Redux_Bulk/wigglytuff_apex
WIGGLYTUFF_MEGA,DS_TECH_READY_SOURCE,True,False,True,True,True,True,True,DS_CUSTOM_LIBRARY/converted/Elite_Redux_Bulk/wigglytuff_mega
WIGGLYTUFF_MEGA_X,DS_TECH_READY_SOURCE,True,False,True,True,True,True,True,DS_CUSTOM_LIBRARY/converted/Elite_Redux_Bulk/wigglytuff_mega_x
WIGGLYTUFF_PRIMAL,DS_TECH_READY_SOURCE,True,False,False,True,True,True,True,DS_CUSTOM_LIBRARY/converted/Elite_Redux_Bulk/wigglytuff_primal
WIGLETT,DS_TECH_READY_SOURCE,True,False,False,True,True,True,True,DS_CUSTOM_LIBRARY/converted/Elite_Redux_Bulk/wiglett
WIMPOD,DS_TECH_READY_SOURCE,True,False,False,True,True,True,True,DS_CUSTOM_LIBRARY/converted/Elite_Redux_Bulk/wimpod
WINGULL,DS_TECH_READY_SOURCE,True,False,False,True,True,True,True,DS_CUSTOM_LIBRARY/converted/Elite_Redux_Bulk/wingull
WISHIWASHI,DS_TECH_READY_SOURCE,True,False,False,True,True,True,True,DS_CUSTOM_LIBRARY/converted/Elite_Redux_Bulk/wishiwashi
WISHIWASHI_SCHOOL,DS_TECH_READY_SOURCE,True,False,False,True,True,True,True,DS_CUSTOM_LIBRARY/converted/Elite_Redux_Bulk/wishiwashi_school
WISPYWASPY,DS_TECH_READY_SOURCE,True,False,False,True,True,True,True,DS_CUSTOM_LIBRARY/converted/Elite_Redux_Bulk/wispywaspy
WISPYWASPY_HIVEMIND,DS_TECH_READY_SOURCE,True,False,False,True,True,True,True,DS_CUSTOM_LIBRARY/converted/Elite_Redux_Bulk/wispywaspy_hivemind
WOBBUFFET,DS_TECH_READY_SOURCE,True,False,False,True,True,True,True,DS_CUSTOM_LIBRARY/converted/Elite_Redux_Bulk/wobbuffet
WOOBAT,DS_TECH_READY_SOURCE,True,False,False,True,True,True,True,DS_CUSTOM_LIBRARY/converted/Elite_Redux_Bulk/woobat
WOOLOO,DS_TECH_READY_SOURCE,True,False,False,True,True,True,True,DS_CUSTOM_LIBRARY/converted/Elite_Redux_Bulk/wooloo
WOOLY_WORM,DS_TECH_READY_SOURCE,True,False,False,True,True,True,True,DS_CUSTOM_LIBRARY/converted/Elite_Redux_Bulk/wooly_worm
WOOPER,DS_TECH_READY_SOURCE,True,False,False,True,True,True,True,DS_CUSTOM_LIBRARY/converted/Elite_Redux_Bulk/wooper
WOOPER_PALDEAN,DS_TECH_READY_SOURCE,True,False,False,True,True,True,True,DS_CUSTOM_LIBRARY/converted/Elite_Redux_Bulk/wooper_paldean
WORMADAM,DS_TECH_READY_SOURCE,True,False,False,True,True,True,True,DS_CUSTOM_LIBRARY/converted/Elite_Redux_Bulk/wormadam
WORMADAM_SANDY_CLOAK,DS_TECH_READY_SOURCE,True,False,False,True,True,True,True,DS_CUSTOM_LIBRARY/converted/Elite_Redux_Bulk/wormadam_sandy_cloak
WORMADAM_TRASH_CLOAK,DS_TECH_READY_SOURCE,True,False,False,True,True,True,True,DS_CUSTOM_LIBRARY/converted/Elite_Redux_Bulk/wormadam_trash_cloak
WO_CHIEN,DS_TECH_READY_SOURCE,True,False,False,True,True,True,True,DS_CUSTOM_LIBRARY/converted/Elite_Redux_Bulk/wo_chien
WUGTRIO,DS_TECH_READY_SOURCE,True,False,False,True,True,True,True,DS_CUSTOM_LIBRARY/converted/Elite_Redux_Bulk/wugtrio
WURMPLE,DS_TECH_READY_SOURCE,True,False,False,True,True,True,True,DS_CUSTOM_LIBRARY/converted/Elite_Redux_Bulk/wurmple
WYNAUT,DS_TECH_READY_SOURCE,True,False,False,True,True,True,True,DS_CUSTOM_LIBRARY/converted/Elite_Redux_Bulk/wynaut
WYRDEER,DS_TECH_READY_SOURCE,True,False,False,True,True,True,True,DS_CUSTOM_LIBRARY/converted/Elite_Redux_Bulk/wyrdeer
XATU,DS_TECH_READY_SOURCE,True,False,False,True,True,True,True,DS_CUSTOM_LIBRARY/converted/Elite_Redux_Bulk/xatu
XERNEAS,DS_TECH_READY_SOURCE,True,False,False,True,True,True,True,DS_CUSTOM_LIBRARY/converted/Elite_Redux_Bulk/xerneas
XERNEAS_ACTIVE,DS_TECH_READY_SOURCE,True,False,False,True,True,True,True,DS_CUSTOM_LIBRARY/converted/Elite_Redux_Bulk/xerneas_active
XURKITREE,DS_TECH_READY_SOURCE,True,False,False,True,True,True,True,DS_CUSTOM_LIBRARY/converted/Elite_Redux_Bulk/xurkitree
YAMASK,DS_TECH_READY_SOURCE,True,False,False,True,True,True,True,DS_CUSTOM_LIBRARY/converted/Elite_Redux_Bulk/yamask
YAMASK_GALARIAN,DS_TECH_READY_SOURCE,True,False,False,True,True,True,True,DS_CUSTOM_LIBRARY/converted/Elite_Redux_Bulk/yamask_galarian
YAMPER,DS_TECH_READY_SOURCE,True,False,False,True,True,True,True,DS_CUSTOM_LIBRARY/converted/Elite_Redux_Bulk/yamper
YANMA,DS_TECH_READY_SOURCE,True,False,False,True,True,True,True,DS_CUSTOM_LIBRARY/converted/Elite_Redux_Bulk/yanma
YANMEGA,DS_TECH_READY_SOURCE,True,False,True,True,True,True,True,DS_CUSTOM_LIBRARY/converted/Elite_Redux_Bulk/yanmega
YUNGOOS,DS_TECH_READY_SOURCE,True,False,False,True,True,True,True,DS_CUSTOM_LIBRARY/converted/Elite_Redux_Bulk/yungoos
YVELTAL,DS_TECH_READY_SOURCE,True,False,False,True,True,True,True,DS_CUSTOM_LIBRARY/converted/Elite_Redux_Bulk/yveltal
YVELTAL_MEGA,DS_TECH_READY_SOURCE,True,False,True,True,True,True,True,DS_CUSTOM_LIBRARY/converted/Elite_Redux_Bulk/yveltal_mega
ZACIAN,DS_TECH_READY_SOURCE,True,False,False,True,True,True,True,DS_CUSTOM_LIBRARY/converted/Elite_Redux_Bulk/zacian
ZACIAN_CROWNED_SWORD,DS_TECH_READY_SOURCE,True,False,False,True,True,True,True,DS_CUSTOM_LIBRARY/converted/Elite_Redux_Bulk/zacian_crowned_sword
ZAMAZENTA,DS_TECH_READY_SOURCE,True,False,False,True,True,True,True,DS_CUSTOM_LIBRARY/converted/Elite_Redux_Bulk/zamazenta
ZAMAZENTA_CROWNED_SHIELD,DS_TECH_READY_SOURCE,True,False,False,True,True,True,True,DS_CUSTOM_LIBRARY/converted/Elite_Redux_Bulk/zamazenta_crowned_shield
ZANGOOSE,DS_TECH_READY_SOURCE,True,False,False,True,True,True,True,DS_CUSTOM_LIBRARY/converted/Elite_Redux_Bulk/zangoose
ZAPDOS,DS_TECH_READY_SOURCE,True,False,False,True,True,True,True,DS_CUSTOM_LIBRARY/converted/Elite_Redux_Bulk/zapdos
ZAPDOS_EX,DS_TECH_READY_SOURCE,True,False,False,True,True,True,True,DS_CUSTOM_LIBRARY/converted/Elite_Redux_Bulk/zapdos_ex
ZAPDOS_EX_MEGA,DS_TECH_READY_SOURCE,True,False,True,True,True,True,True,DS_CUSTOM_LIBRARY/converted/Elite_Redux_Bulk/zapdos_ex_mega
ZAPDOS_GALARIAN,DS_TECH_READY_SOURCE,True,False,False,True,True,True,True,DS_CUSTOM_LIBRARY/converted/Elite_Redux_Bulk/zapdos_galarian
ZARUDE,DS_TECH_READY_SOURCE,True,False,False,True,True,True,True,DS_CUSTOM_LIBRARY/converted/Elite_Redux_Bulk/zarude
ZARUDE_DADA,DS_TECH_READY_SOURCE,True,False,False,True,True,True,True,DS_CUSTOM_LIBRARY/converted/Elite_Redux_Bulk/zarude_dada
ZEBSTRIKA,DS_TECH_READY_SOURCE,True,False,False,True,True,True,True,DS_CUSTOM_LIBRARY/converted/Elite_Redux_Bulk/zebstrika
ZEKROM,DS_TECH_READY_SOURCE,True,False,False,True,True,True,True,DS_CUSTOM_LIBRARY/converted/Elite_Redux_Bulk/zekrom
ZERAORA,DS_TECH_READY_SOURCE,True,False,False,True,True,True,True,DS_CUSTOM_LIBRARY/converted/Elite_Redux_Bulk/zeraora
ZERAORA_MEGA,DS_TECH_READY_SOURCE,True,False,True,True,True,True,True,DS_CUSTOM_LIBRARY/converted/Elite_Redux_Bulk/zeraora_mega
ZIGZAGOON,DS_TECH_READY_SOURCE,True,False,False,True,True,True,True,DS_CUSTOM_LIBRARY/converted/Elite_Redux_Bulk/zigzagoon
ZIGZAGOON_GALARIAN,DS_TECH_READY_SOURCE,True,False,False,True,True,True,True,DS_CUSTOM_LIBRARY/converted/Elite_Redux_Bulk/zigzagoon_galarian
ZOROARK,DS_TECH_READY_SOURCE,True,False,False,True,True,True,True,DS_CUSTOM_LIBRARY/converted/Elite_Redux_Bulk/zoroark
ZOROARK_HISUIAN,DS_TECH_READY_SOURCE,True,False,False,True,True,True,True,DS_CUSTOM_LIBRARY/converted/Elite_Redux_Bulk/zoroark_hisuian
ZORUA,DS_TECH_READY_SOURCE,True,False,False,True,True,True,True,DS_CUSTOM_LIBRARY/converted/Elite_Redux_Bulk/zorua
ZORUA_HISUIAN,DS_TECH_READY_SOURCE,True,False,False,True,True,True,True,DS_CUSTOM_LIBRARY/converted/Elite_Redux_Bulk/zorua_hisuian
ZUBAT,DS_TECH_READY_SOURCE,True,False,False,True,True,True,True,DS_CUSTOM_LIBRARY/converted/Elite_Redux_Bulk/zubat
ZWEILOUS,DS_TECH_READY_SOURCE,True,False,False,True,True,True,True,DS_CUSTOM_LIBRARY/converted/Elite_Redux_Bulk/zweilous
ZWEILOUS_REDUX,DS_TECH_READY_SOURCE,True,True,False,True,True,True,True,DS_CUSTOM_LIBRARY/converted/Elite_Redux_Bulk/zweilous_redux
ZYGARDE,DS_TECH_READY_SOURCE,True,False,False,True,True,True,True,DS_CUSTOM_LIBRARY/converted/Elite_Redux_Bulk/zygarde
ZYGARDE_10,DS_TECH_READY_SOURCE,True,False,False,True,True,True,True,DS_CUSTOM_LIBRARY/converted/Elite_Redux_Bulk/zygarde_10
ZYGARDE_10_POWER_CONSTRUCT,DS_TECH_READY_SOURCE,True,False,False,True,True,True,True,DS_CUSTOM_LIBRARY/converted/Elite_Redux_Bulk/zygarde_10_power_construct
ZYGARDE_50_POWER_CONSTRUCT,DS_TECH_READY_SOURCE,True,False,False,True,True,True,True,DS_CUSTOM_LIBRARY/converted/Elite_Redux_Bulk/zygarde_50_power_construct
ZYGARDE_COMPLETE,DS_TECH_READY_SOURCE,True,False,False,True,True,True,True,DS_CUSTOM_LIBRARY/converted/Elite_Redux_Bulk/zygarde_complete
ZYGARDE_COMPLETE_MEGA,DS_TECH_READY_SOURCE,True,False,True,True,True,True,True,DS_CUSTOM_LIBRARY/converted/Elite_Redux_Bulk/zygarde_complete_mega
