reason,delete_path,keep_path,sha256,delete_source,keep_source
CROSS_SOURCE_EXACT_DUPLICATE,DS_CUSTOM_LIBRARY/packs/Gen7_DS_Backsprites/774sb.png,DS_CUSTOM_LIBRARY/packs/DS_Styled_Gen5_8/BACK GEN 7 SHINY/MINIOR.png,6785f34a42b84dff9aadfa253d140e45bbbcfd3e9e248e22c9e81af46c15fbfd,Gen7_DS_Backsprites,DS_Styled_Gen5_8
CROSS_SOURCE_EXACT_DUPLICATE,DS_CUSTOM_LIBRARY/packs/Gen7_DS_Backsprites/775b.png,DS_CUSTOM_LIBRARY/packs/DS_Styled_Gen5_8/BACK GEN 7 NORMAL/KOMALA.png,29b4f4689eaf1c3712f513b4e2d208ebdd1b3de6147805a6a1da0ee186f0be67,Gen7_DS_Backsprites,DS_Styled_Gen5_8
CROSS_SOURCE_EXACT_DUPLICATE,DS_CUSTOM_LIBRARY/packs/Gen7_DS_Backsprites/729b.png,DS_CUSTOM_LIBRARY/packs/DS_Styled_Gen5_8/BACK GEN 7 NORMAL/BRIONNE.png,42c79b2c1776bdd660e9106e7bb905e2fa86f49991b61bdb95aab539a28fd05d,Gen7_DS_Backsprites,DS_Styled_Gen5_8
CROSS_SOURCE_EXACT_DUPLICATE,DS_CUSTOM_LIBRARY/packs/Gen7_DS_Backsprites/800b_3.png,DS_CUSTOM_LIBRARY/packs/DS_Styled_Gen5_8/BACK GEN 7 NORMAL/NECROZMA_3.png,633f3fa6908f38afb8d24e7cb7aba23fd1dec4a3e1968402d2a3aa6d5ae14cbc,Gen7_DS_Backsprites,DS_Styled_Gen5_8
CROSS_SOURCE_EXACT_DUPLICATE,DS_CUSTOM_LIBRARY/packs/DS_Styled_Gen5_8/BACK GEN 7 NORMAL/NECROZMA_4.png,DS_CUSTOM_LIBRARY/packs/DS_Styled_Gen5_8/BACK GEN 7 NORMAL/NECROZMA_3.png,633f3fa6908f38afb8d24e7cb7aba23fd1dec4a3e1968402d2a3aa6d5ae14cbc,DS_Styled_Gen5_8,DS_Styled_Gen5_8
CROSS_SOURCE_EXACT_DUPLICATE,DS_CUSTOM_LIBRARY/packs/Gen7_DS_Backsprites/026b_1.png,DS_CUSTOM_LIBRARY/packs/DS_Styled_Gen5_8/BACK GEN 7 NORMAL/RAICHU_1.png,3b25dbc774c07c68bffadd0cb7dde182d2e23fadf8227eefe7546680d403ca66,Gen7_DS_Backsprites,DS_Styled_Gen5_8
CROSS_SOURCE_EXACT_DUPLICATE,DS_CUSTOM_LIBRARY/packs/Gen7_DS_Backsprites/778b.png,DS_CUSTOM_LIBRARY/packs/DS_Styled_Gen5_8/BACK GEN 7 NORMAL/MIMIKYU.png,42f84c7db13debb2996e95fc53715e9e6ca6461c7088c274eca126e663eee900,Gen7_DS_Backsprites,DS_Styled_Gen5_8
CROSS_SOURCE_EXACT_DUPLICATE,DS_CUSTOM_LIBRARY/packs/Gen7_DS_Backsprites/773b_18.png,DS_CUSTOM_LIBRARY/packs/DS_Styled_Gen5_8/BACK GEN 7 NORMAL/SILVALLY_18.png,ef0ff81b60f8c6f9c246bfc89a72a1085630d09f6d235f3b76009c26a133387c,Gen7_DS_Backsprites,DS_Styled_Gen5_8
CROSS_SOURCE_EXACT_DUPLICATE,DS_CUSTOM_LIBRARY/packs/Gen7_DS_Backsprites/773sb_17.png,DS_CUSTOM_LIBRARY/packs/DS_Styled_Gen5_8/BACK GEN 7 SHINY/SILVALLY_17.png,38713337f69b500376153843381d297540fec8d940e524583ec1ea94cc4c9ec4,Gen7_DS_Backsprites,DS_Styled_Gen5_8
CROSS_SOURCE_EXACT_DUPLICATE,DS_CUSTOM_LIBRARY/packs/Gen7_DS_Backsprites/746b.png,DS_CUSTOM_LIBRARY/packs/DS_Styled_Gen5_8/BACK GEN 7 NORMAL/WISHIWASHI.png,e95a5b60b17cb89c57d52b9c0c314d5868820a33d50dcaffe5f121b190a78f2c,Gen7_DS_Backsprites,DS_Styled_Gen5_8
CROSS_SOURCE_EXACT_DUPLICATE,DS_CUSTOM_LIBRARY/packs/Gen7_DS_Backsprites/790sb.png,DS_CUSTOM_LIBRARY/packs/DS_Styled_Gen5_8/BACK GEN 7 SHINY/COSMOEM.png,2e2d710d2676d3f328e0c94ae588ecead64e900c3daea18d2aacebadbfb0855c,Gen7_DS_Backsprites,DS_Styled_Gen5_8
CROSS_SOURCE_EXACT_DUPLICATE,DS_CUSTOM_LIBRARY/packs/Gen7_DS_Backsprites/729sb.png,DS_CUSTOM_LIBRARY/packs/DS_Styled_Gen5_8/BACK GEN 7 SHINY/BRIONNE.png,3c86bf410739686e13660e8de3a97cbbf11c150398363fea691d4f539262491f,Gen7_DS_Backsprites,DS_Styled_Gen5_8
CROSS_SOURCE_EXACT_DUPLICATE,DS_CUSTOM_LIBRARY/packs/Gen7_DS_Backsprites/718b_1.png,DS_CUSTOM_LIBRARY/packs/DS_Styled_Gen5_8/BACK GEN 7 NORMAL/ZYGARDE_1.png,67712189c4a21c8a2e2a8ecb05d830cb1717a9fbd1b4829e17969f68efdd2868,Gen7_DS_Backsprites,DS_Styled_Gen5_8
CROSS_SOURCE_EXACT_DUPLICATE,DS_CUSTOM_LIBRARY/packs/Gen7_DS_Backsprites/773sb_3.png,DS_CUSTOM_LIBRARY/packs/DS_Styled_Gen5_8/BACK GEN 7 SHINY/SILVALLY_3.png,066fa394a564d0af8ff22772ef82618c4c5aed0c2f5ae1e23ab6672903280998,Gen7_DS_Backsprites,DS_Styled_Gen5_8
CROSS_SOURCE_EXACT_DUPLICATE,DS_CUSTOM_LIBRARY/packs/Gen7_DS_Backsprites/020sb_1.png,DS_CUSTOM_LIBRARY/packs/DS_Styled_Gen5_8/BACK GEN 7 SHINY/RATICATE_1.png,55a51a9ea36b43276b5548b9a7141c68fbe36cc6337f7568cb35734e539a282e,Gen7_DS_Backsprites,DS_Styled_Gen5_8
CROSS_SOURCE_EXACT_DUPLICATE,DS_CUSTOM_LIBRARY/packs/Gen7_DS_Backsprites/747b.png,DS_CUSTOM_LIBRARY/packs/DS_Styled_Gen5_8/BACK GEN 7 NORMAL/MAREANIE.png,1f8242021f10f3c364637bedac2c8761ab790e713679527faf72ed503002e60a,Gen7_DS_Backsprites,DS_Styled_Gen5_8
CROSS_SOURCE_EXACT_DUPLICATE,DS_CUSTOM_LIBRARY/packs/Gen7_DS_Backsprites/800sb_1.png,DS_CUSTOM_LIBRARY/packs/DS_Styled_Gen5_8/BACK GEN 7 SHINY/NECROZMA_1.png,b65ac18630678462c13c04d31c4c9c6f1a03cb5b5b3e2a7c265277af1fbde013,Gen7_DS_Backsprites,DS_Styled_Gen5_8
CROSS_SOURCE_EXACT_DUPLICATE,DS_CUSTOM_LIBRARY/packs/Gen7_DS_Backsprites/053sb_1.png,DS_CUSTOM_LIBRARY/packs/DS_Styled_Gen5_8/BACK GEN 7 SHINY/PERSIAN_1.png,d2cfcf2a3792768073b91df83db2a0091403b2474287713baee8dd25e8d59d37,Gen7_DS_Backsprites,DS_Styled_Gen5_8
CROSS_SOURCE_EXACT_DUPLICATE,DS_CUSTOM_LIBRARY/packs/Gen7_DS_Backsprites/741sb_1.png,DS_CUSTOM_LIBRARY/packs/DS_Styled_Gen5_8/BACK GEN 7 SHINY/ORICORIO_1.png,8058bd3489f3ddfe8c781be889b62a5d752f8d97e21dce3cae63a1d670e3b87f,Gen7_DS_Backsprites,DS_Styled_Gen5_8
CROSS_SOURCE_EXACT_DUPLICATE,DS_CUSTOM_LIBRARY/packs/Gen7_DS_Backsprites/762b.png,DS_CUSTOM_LIBRARY/packs/DS_Styled_Gen5_8/BACK GEN 7 NORMAL/STEENEE.png,0f016005456ede43e952963b2293f97c226c09d21d801e0d25bed63990ac08cb,Gen7_DS_Backsprites,DS_Styled_Gen5_8
CROSS_SOURCE_EXACT_DUPLICATE,DS_CUSTOM_LIBRARY/packs/Gen7_DS_Backsprites/766b.png,DS_CUSTOM_LIBRARY/packs/DS_Styled_Gen5_8/BACK GEN 7 NORMAL/PASSIMIAN.png,aafff9395a0f49fd1397b8d4bc199a75be811d45511c0a94ab778785507bd68e,Gen7_DS_Backsprites,DS_Styled_Gen5_8
CROSS_SOURCE_EXACT_DUPLICATE,DS_CUSTOM_LIBRARY/packs/Gen7_DS_Backsprites/800sb.png,DS_CUSTOM_LIBRARY/packs/DS_Styled_Gen5_8/BACK GEN 7 SHINY/NECROZMA.png,a8a53fe4f0e660ed17e7b2756366fd897fe6c414924b5b29ce274de15c70a630,Gen7_DS_Backsprites,DS_Styled_Gen5_8
CROSS_SOURCE_EXACT_DUPLICATE,DS_CUSTOM_LIBRARY/packs/Gen7_DS_Backsprites/798sb.png,DS_CUSTOM_LIBRARY/packs/DS_Styled_Gen5_8/BACK GEN 7 SHINY/KARTANA.png,8169a9e099886b22173cc3451e70970347ed6146e486c5d51362ff75c21f88ba,Gen7_DS_Backsprites,DS_Styled_Gen5_8
CROSS_SOURCE_EXACT_DUPLICATE,DS_CUSTOM_LIBRARY/packs/Gen7_DS_Backsprites/755sb.png,DS_CUSTOM_LIBRARY/packs/DS_Styled_Gen5_8/BACK GEN 7 SHINY/MORELULL.png,701141bb72f7a80958e376fe8bda80a685c2ef0efc321fece292fc94d0c8394c,Gen7_DS_Backsprites,DS_Styled_Gen5_8
CROSS_SOURCE_EXACT_DUPLICATE,DS_CUSTOM_LIBRARY/packs/Gen7_DS_Backsprites/773b_2.png,DS_CUSTOM_LIBRARY/packs/DS_Styled_Gen5_8/BACK GEN 7 NORMAL/SILVALLY_2.png,e7d064e45e5f7401bd658efe14aeacac2ca4556c5d120becbaec8b442fe05f82,Gen7_DS_Backsprites,DS_Styled_Gen5_8
CROSS_SOURCE_EXACT_DUPLICATE,DS_CUSTOM_LIBRARY/packs/Gen7_DS_Backsprites/758sb.png,DS_CUSTOM_LIBRARY/packs/DS_Styled_Gen5_8/BACK GEN 7 SHINY/SALAZZLE.png,a04f7500a5e4c1f23f080e0bc80f2041f4b5cd54a9b3445b3c763acd40c76ce7,Gen7_DS_Backsprites,DS_Styled_Gen5_8
CROSS_SOURCE_EXACT_DUPLICATE,DS_CUSTOM_LIBRARY/packs/Gen7_DS_Backsprites/737sb.png,DS_CUSTOM_LIBRARY/packs/DS_Styled_Gen5_8/BACK GEN 7 SHINY/CHARJABUG.png,eea5c67118d8757ac483cdfc96cb9a5ce4ef754ffb5d640eba45708acf6040cb,Gen7_DS_Backsprites,DS_Styled_Gen5_8
CROSS_SOURCE_EXACT_DUPLICATE,DS_CUSTOM_LIBRARY/packs/Gen7_DS_Backsprites/773b_5.png,DS_CUSTOM_LIBRARY/packs/DS_Styled_Gen5_8/BACK GEN 7 NORMAL/SILVALLY_5.png,de549cb7137f7a4af12e4e191197156b926d5f57cd57d244cdcdb74120956474,Gen7_DS_Backsprites,DS_Styled_Gen5_8
CROSS_SOURCE_EXACT_DUPLICATE,DS_CUSTOM_LIBRARY/packs/Gen7_DS_Backsprites/105sb_1.png,DS_CUSTOM_LIBRARY/packs/DS_Styled_Gen5_8/BACK GEN 7 SHINY/MAROWAK_1.png,c6efa960f382b3f78c923af0466f541ca42f550d0459ad760c0776a5d929e5ab,Gen7_DS_Backsprites,DS_Styled_Gen5_8
CROSS_SOURCE_EXACT_DUPLICATE,DS_CUSTOM_LIBRARY/packs/Gen7_DS_Backsprites/786sb.png,DS_CUSTOM_LIBRARY/packs/DS_Styled_Gen5_8/BACK GEN 7 SHINY/TAPULELE.png,8e61f61a8d6152f519e0237872fb586ee8fc170087ee01a374e75f568d4dc248,Gen7_DS_Backsprites,DS_Styled_Gen5_8
CROSS_SOURCE_EXACT_DUPLICATE,DS_CUSTOM_LIBRARY/packs/Gen7_DS_Backsprites/748b.png,DS_CUSTOM_LIBRARY/packs/DS_Styled_Gen5_8/BACK GEN 7 NORMAL/TOXAPEX.png,b818dca817dd53867170d0089a6a451f463ba5e5a77438e6fc618a62b2a5fc76,Gen7_DS_Backsprites,DS_Styled_Gen5_8
CROSS_SOURCE_EXACT_DUPLICATE,DS_CUSTOM_LIBRARY/packs/Gen7_DS_Backsprites/799sb.png,DS_CUSTOM_LIBRARY/packs/DS_Styled_Gen5_8/BACK GEN 7 SHINY/GUZZLORD.png,ec2d611762b5226dfff7819e5004dbe722ec0efd1e164599f61e5855c11cbd11,Gen7_DS_Backsprites,DS_Styled_Gen5_8
CROSS_SOURCE_EXACT_DUPLICATE,DS_CUSTOM_LIBRARY/packs/Gen7_DS_Backsprites/774b_8.png,DS_CUSTOM_LIBRARY/packs/DS_Styled_Gen5_8/BACK GEN 7 NORMAL/MINIOR_8.png,685102887aa9495c1730b6fff96507aaf204535f33157e1ed0dbfd52acdd1cd9,Gen7_DS_Backsprites,DS_Styled_Gen5_8
CROSS_SOURCE_EXACT_DUPLICATE,DS_CUSTOM_LIBRARY/packs/Gen7_DS_Backsprites/808sb.png,DS_CUSTOM_LIBRARY/packs/DS_Styled_Gen5_8/BACK GEN 7 SHINY/MELTAN.png,72aa1f5e43b00659f02dbc5042f46c859e5a976d25c8dbed4ed8c34b53ae30fd,Gen7_DS_Backsprites,DS_Styled_Gen5_8
CROSS_SOURCE_EXACT_DUPLICATE,DS_CUSTOM_LIBRARY/packs/Gen7_DS_Backsprites/742sb.png,DS_CUSTOM_LIBRARY/packs/DS_Styled_Gen5_8/BACK GEN 7 SHINY/CUTIEFLY.png,d85609c0c299338a12dddfaf6fe0db56efa8ed86de22a91606ff050167076a92,Gen7_DS_Backsprites,DS_Styled_Gen5_8
CROSS_SOURCE_EXACT_DUPLICATE,DS_CUSTOM_LIBRARY/packs/Gen7_DS_Backsprites/806b.png,DS_CUSTOM_LIBRARY/packs/DS_Styled_Gen5_8/BACK GEN 7 NORMAL/BLACEPHALON.png,f283820b52625f943e3c8f3894dd0ae2b157424e14905964b2d628ebfa7164ed,Gen7_DS_Backsprites,DS_Styled_Gen5_8
CROSS_SOURCE_EXACT_DUPLICATE,DS_CUSTOM_LIBRARY/packs/Gen7_DS_Backsprites/790b.png,DS_CUSTOM_LIBRARY/packs/DS_Styled_Gen5_8/BACK GEN 7 NORMAL/COSMOEM.png,3da514f15557ff90ef875af44f34827770eb48500ada99bd01b387fbcdb7e14b,Gen7_DS_Backsprites,DS_Styled_Gen5_8
CROSS_SOURCE_EXACT_DUPLICATE,DS_CUSTOM_LIBRARY/packs/Gen7_DS_Backsprites/804sb.png,DS_CUSTOM_LIBRARY/packs/DS_Styled_Gen5_8/BACK GEN 7 SHINY/NAGANADEL.png,b7a20ed233be84aa404f0841ff6ab7b5db20ba3e14443a811ff8e2c47dfa1fdd,Gen7_DS_Backsprites,DS_Styled_Gen5_8
CROSS_SOURCE_EXACT_DUPLICATE,DS_CUSTOM_LIBRARY/packs/Gen7_DS_Backsprites/756sb.png,DS_CUSTOM_LIBRARY/packs/DS_Styled_Gen5_8/BACK GEN 7 SHINY/SHIINOTIC.png,97912d6d7fb253d8592c63d8a931cda741487b012228ee8e85573326ccbdc7be,Gen7_DS_Backsprites,DS_Styled_Gen5_8
CROSS_SOURCE_EXACT_DUPLICATE,DS_CUSTOM_LIBRARY/packs/Gen7_DS_Backsprites/776b.png,DS_CUSTOM_LIBRARY/packs/DS_Styled_Gen5_8/BACK GEN 7 NORMAL/TURTONATOR.png,f66c52aa1f9ec59082722856bf80ad951bee6c97ea984de0d051ce9e0111fa5b,Gen7_DS_Backsprites,DS_Styled_Gen5_8
CROSS_SOURCE_EXACT_DUPLICATE,DS_CUSTOM_LIBRARY/packs/Gen7_DS_Backsprites/103b_1.png,DS_CUSTOM_LIBRARY/packs/DS_Styled_Gen5_8/BACK GEN 7 NORMAL/EXEGGUTOR_1.png,a37281668bccdf8a04ba946eb65b269c57c5308c0d5e57cf2e8da2d5ca75e6e7,Gen7_DS_Backsprites,DS_Styled_Gen5_8
CROSS_SOURCE_EXACT_DUPLICATE,DS_CUSTOM_LIBRARY/packs/Gen7_DS_Backsprites/723b.png,DS_CUSTOM_LIBRARY/packs/DS_Styled_Gen5_8/BACK GEN 7 NORMAL/DARTRIX.png,997847ab416b197c94264c8050d9aff38b5b4a4a35e562ce7368cec6227e3252,Gen7_DS_Backsprites,DS_Styled_Gen5_8
CROSS_SOURCE_EXACT_DUPLICATE,DS_CUSTOM_LIBRARY/packs/Gen7_DS_Backsprites/752sb.png,DS_CUSTOM_LIBRARY/packs/DS_Styled_Gen5_8/BACK GEN 7 SHINY/ARAQUANID.png,1a2e97361df17c10e370f2613be00981f002a53748b64e0eb39b8c604fd71097,Gen7_DS_Backsprites,DS_Styled_Gen5_8
CROSS_SOURCE_EXACT_DUPLICATE,DS_CUSTOM_LIBRARY/packs/Gen7_DS_Backsprites/733sb.png,DS_CUSTOM_LIBRARY/packs/DS_Styled_Gen5_8/BACK GEN 7 SHINY/TOUCANNON.png,63c61376717a994f6918aa39e9ee86fe4880321aa53781ddba640561f2d06537,Gen7_DS_Backsprites,DS_Styled_Gen5_8
CROSS_SOURCE_EXACT_DUPLICATE,DS_CUSTOM_LIBRARY/packs/Gen7_DS_Backsprites/773b_7.png,DS_CUSTOM_LIBRARY/packs/DS_Styled_Gen5_8/BACK GEN 7 NORMAL/SILVALLY_7.png,7611ea138adf505d5a338ebff37c5950461d3dc2765476838f9933c420dc3ad5,Gen7_DS_Backsprites,DS_Styled_Gen5_8
CROSS_SOURCE_EXACT_DUPLICATE,DS_CUSTOM_LIBRARY/packs/Gen7_DS_Backsprites/732sb.png,DS_CUSTOM_LIBRARY/packs/DS_Styled_Gen5_8/BACK GEN 7 SHINY/TRUMBEAK.png,0738c0379aead9467d312cae80170d0011b484326e421db330701cd9735a9736,Gen7_DS_Backsprites,DS_Styled_Gen5_8
CROSS_SOURCE_EXACT_DUPLICATE,DS_CUSTOM_LIBRARY/packs/Gen7_DS_Backsprites/782sb.png,DS_CUSTOM_LIBRARY/packs/DS_Styled_Gen5_8/BACK GEN 7 SHINY/JANGMOO.png,b7099ab2b32f61abe2aa3eb94c3cf87aee9e1589461b55a00833e670901c775e,Gen7_DS_Backsprites,DS_Styled_Gen5_8
CROSS_SOURCE_EXACT_DUPLICATE,DS_CUSTOM_LIBRARY/packs/Gen7_DS_Backsprites/798b.png,DS_CUSTOM_LIBRARY/packs/DS_Styled_Gen5_8/BACK GEN 7 NORMAL/KARTANA.png,ad589fe3ab00b5de91f1639b7f7784974cdfedeeb7540c6a0b74311649768bab,Gen7_DS_Backsprites,DS_Styled_Gen5_8
CROSS_SOURCE_EXACT_DUPLICATE,DS_CUSTOM_LIBRARY/packs/Gen7_DS_Backsprites/802sb.png,DS_CUSTOM_LIBRARY/packs/DS_Styled_Gen5_8/BACK GEN 7 SHINY/MARSHADOW.png,14f164c687744d0afa7cf05021c0b7b348294b504948da78d3fa720213459346,Gen7_DS_Backsprites,DS_Styled_Gen5_8
CROSS_SOURCE_EXACT_DUPLICATE,DS_CUSTOM_LIBRARY/packs/Gen7_DS_Backsprites/773sb_9.png,DS_CUSTOM_LIBRARY/packs/DS_Styled_Gen5_8/BACK GEN 7 SHINY/SILVALLY_9.png,7542f1219be806bc235d7f620fce4ed0983f302592681acdbad76814980add28,Gen7_DS_Backsprites,DS_Styled_Gen5_8
CROSS_SOURCE_EXACT_DUPLICATE,DS_CUSTOM_LIBRARY/packs/Gen7_DS_Backsprites/746sb_1.png,DS_CUSTOM_LIBRARY/packs/DS_Styled_Gen5_8/BACK GEN 7 SHINY/WISHIWASHI_1.png,02ffd481f8918ff6c920824c1dc2748c9d7971a805e5f8a081a0b1bd0a060db2,Gen7_DS_Backsprites,DS_Styled_Gen5_8
CROSS_SOURCE_EXACT_DUPLICATE,DS_CUSTOM_LIBRARY/packs/Gen7_DS_Backsprites/759sb.png,DS_CUSTOM_LIBRARY/packs/DS_Styled_Gen5_8/BACK GEN 7 SHINY/STUFFUL.png,14d3dd11afe77736a622f32a3c4cdcba3ce20f3480e1787ede733b58412cc4fa,Gen7_DS_Backsprites,DS_Styled_Gen5_8
CROSS_SOURCE_EXACT_DUPLICATE,DS_CUSTOM_LIBRARY/packs/Gen7_DS_Backsprites/742b.png,DS_CUSTOM_LIBRARY/packs/DS_Styled_Gen5_8/BACK GEN 7 NORMAL/CUTIEFLY.png,e81670f53b2fea4be44369a4e00297bd00e231fd2b9633458ae6cdc1a7ae3799,Gen7_DS_Backsprites,DS_Styled_Gen5_8
CROSS_SOURCE_EXACT_DUPLICATE,DS_CUSTOM_LIBRARY/packs/Gen7_DS_Backsprites/773b_10.png,DS_CUSTOM_LIBRARY/packs/DS_Styled_Gen5_8/BACK GEN 7 NORMAL/SILVALLY_10.png,284564136580df61ffe841c6c2014c7de9a14b969df1f12d04e2d7a0f115c71c,Gen7_DS_Backsprites,DS_Styled_Gen5_8
CROSS_SOURCE_EXACT_DUPLICATE,DS_CUSTOM_LIBRARY/packs/Gen7_DS_Backsprites/757sb.png,DS_CUSTOM_LIBRARY/packs/DS_Styled_Gen5_8/BACK GEN 7 SHINY/SALANDIT.png,93057aad1386a7f1d79fb33e09f902d0def1cdcfb129d211a392021c81b9ee4a,Gen7_DS_Backsprites,DS_Styled_Gen5_8
CROSS_SOURCE_EXACT_DUPLICATE,DS_CUSTOM_LIBRARY/packs/Gen7_DS_Backsprites/763sb.png,DS_CUSTOM_LIBRARY/packs/DS_Styled_Gen5_8/BACK GEN 7 SHINY/TSAREENA.png,96a8a923a392f5ed914166b8a5deac8b2ed98c726cb4a7f91d17a4af017a66c1,Gen7_DS_Backsprites,DS_Styled_Gen5_8
CROSS_SOURCE_EXACT_DUPLICATE,DS_CUSTOM_LIBRARY/packs/Gen7_DS_Backsprites/772sb.png,DS_CUSTOM_LIBRARY/packs/DS_Styled_Gen5_8/BACK GEN 7 SHINY/TYPENULL.png,db57004c9d9caa834b5c5f74096315fd7753db06a318d1686d020f224a19736d,Gen7_DS_Backsprites,DS_Styled_Gen5_8
CROSS_SOURCE_EXACT_DUPLICATE,DS_CUSTOM_LIBRARY/packs/Gen7_DS_Backsprites/758b.png,DS_CUSTOM_LIBRARY/packs/DS_Styled_Gen5_8/BACK GEN 7 NORMAL/SALAZZLE.png,2cda517ab8be3257dad8e425c2cb079155b0aa1eb70c6f7f923cacb80efb9f48,Gen7_DS_Backsprites,DS_Styled_Gen5_8
CROSS_SOURCE_EXACT_DUPLICATE,DS_CUSTOM_LIBRARY/packs/Gen7_DS_Backsprites/780sb.png,DS_CUSTOM_LIBRARY/packs/DS_Styled_Gen5_8/BACK GEN 7 SHINY/DRAMPA.png,be0b5fdb12f1af7d232f0d1fca73893166ff915d7c0be8c0f22a1c1297b45fcf,Gen7_DS_Backsprites,DS_Styled_Gen5_8
CROSS_SOURCE_EXACT_DUPLICATE,DS_CUSTOM_LIBRARY/packs/Gen7_DS_Backsprites/796sb.png,DS_CUSTOM_LIBRARY/packs/DS_Styled_Gen5_8/BACK GEN 7 SHINY/XURKITREE.png,465615205f48fac14ba0a68cb1dc47706d99cd71e85f26d0eac6667e2fb00e74,Gen7_DS_Backsprites,DS_Styled_Gen5_8
CROSS_SOURCE_EXACT_DUPLICATE,DS_CUSTOM_LIBRARY/packs/Gen7_DS_Backsprites/783sb.png,DS_CUSTOM_LIBRARY/packs/DS_Styled_Gen5_8/BACK GEN 7 SHINY/HAKAMOO.png,f99e4c51856a4b9ae400d32e53a53f364c18438160a3a3bd7b5986bcd541ca97,Gen7_DS_Backsprites,DS_Styled_Gen5_8
CROSS_SOURCE_EXACT_DUPLICATE,DS_CUSTOM_LIBRARY/packs/Gen7_DS_Backsprites/734b.png,DS_CUSTOM_LIBRARY/packs/DS_Styled_Gen5_8/BACK GEN 7 NORMAL/YUNGOOS.png,6e5941c1d668ff504d0e9edf35993ecb615ce694258b0807078aaf2678af09dc,Gen7_DS_Backsprites,DS_Styled_Gen5_8
CROSS_SOURCE_EXACT_DUPLICATE,DS_CUSTOM_LIBRARY/packs/Gen7_DS_Backsprites/736sb.png,DS_CUSTOM_LIBRARY/packs/DS_Styled_Gen5_8/BACK GEN 7 SHINY/GRUBBIN.png,72e9b13d338500c4c9ec991faa3534ab993c8c3b547d99ec57935587363ad878,Gen7_DS_Backsprites,DS_Styled_Gen5_8
CROSS_SOURCE_EXACT_DUPLICATE,DS_CUSTOM_LIBRARY/packs/Gen7_DS_Backsprites/745b.png,DS_CUSTOM_LIBRARY/packs/DS_Styled_Gen5_8/BACK GEN 7 NORMAL/LYCANROC.png,41ef7087a2889a81c396a52311fdcdc78ea736fcffd3edb45af24a324bb5ee54,Gen7_DS_Backsprites,DS_Styled_Gen5_8
CROSS_SOURCE_EXACT_DUPLICATE,DS_CUSTOM_LIBRARY/packs/Gen7_DS_Backsprites/789b.png,DS_CUSTOM_LIBRARY/packs/DS_Styled_Gen5_8/BACK GEN 7 NORMAL/COSMOG.png,8a72c924e42f8aff75ad94c82c337146238067b2f465dae15363b3427caa97d8,Gen7_DS_Backsprites,DS_Styled_Gen5_8
CROSS_SOURCE_EXACT_DUPLICATE,DS_CUSTOM_LIBRARY/packs/Gen7_DS_Backsprites/800b_1.png,DS_CUSTOM_LIBRARY/packs/DS_Styled_Gen5_8/BACK GEN 7 NORMAL/NECROZMA_1.png,47773337e82d956b82ee774d3c5887f9775034ac3c5face5e1b891b9a6d2f06f,Gen7_DS_Backsprites,DS_Styled_Gen5_8
CROSS_SOURCE_EXACT_DUPLICATE,DS_CUSTOM_LIBRARY/packs/Gen7_DS_Backsprites/105b_1.png,DS_CUSTOM_LIBRARY/packs/DS_Styled_Gen5_8/BACK GEN 7 NORMAL/MAROWAK_1.png,3d78d0c34cc9470b48b935613e5737c822763ec2448df0c408a6c0b45d3ea705,Gen7_DS_Backsprites,DS_Styled_Gen5_8
CROSS_SOURCE_EXACT_DUPLICATE,DS_CUSTOM_LIBRARY/packs/Gen7_DS_Backsprites/745sb_1.png,DS_CUSTOM_LIBRARY/packs/DS_Styled_Gen5_8/BACK GEN 7 SHINY/LYCANROC_1.png,193ae5458181cbad14e760beda94b7df2e520b2afa3c6ed9aee15b12235c1046,Gen7_DS_Backsprites,DS_Styled_Gen5_8
CROSS_SOURCE_EXACT_DUPLICATE,DS_CUSTOM_LIBRARY/packs/Gen7_DS_Backsprites/801sb.png,DS_CUSTOM_LIBRARY/packs/DS_Styled_Gen5_8/BACK GEN 7 SHINY/MAGEARNA.png,bc8278a5349f499adb1e0b2045ecefecb02f5576bf58cf463e8b88850b6a7a5a,Gen7_DS_Backsprites,DS_Styled_Gen5_8
CROSS_SOURCE_EXACT_DUPLICATE,DS_CUSTOM_LIBRARY/packs/Gen7_DS_Backsprites/800sb_3.png,DS_CUSTOM_LIBRARY/packs/DS_Styled_Gen5_8/BACK GEN 7 SHINY/NECROZMA_3.png,ef07f486a9004b3c40631acbc65a702a52133909cdf222dce936147ce3c19a93,Gen7_DS_Backsprites,DS_Styled_Gen5_8
CROSS_SOURCE_EXACT_DUPLICATE,DS_CUSTOM_LIBRARY/packs/DS_Styled_Gen5_8/BACK GEN 7 SHINY/NECROZMA_4.png,DS_CUSTOM_LIBRARY/packs/DS_Styled_Gen5_8/BACK GEN 7 SHINY/NECROZMA_3.png,ef07f486a9004b3c40631acbc65a702a52133909cdf222dce936147ce3c19a93,DS_Styled_Gen5_8,DS_Styled_Gen5_8
CROSS_SOURCE_EXACT_DUPLICATE,DS_CUSTOM_LIBRARY/packs/Gen7_DS_Backsprites/050sb_1.png,DS_CUSTOM_LIBRARY/packs/DS_Styled_Gen5_8/BACK GEN 7 SHINY/DIGLETT_1.png,4f58e064017ae6512adda4f084fd1018eed9c3ce9e27aaf945302ac74d195536,Gen7_DS_Backsprites,DS_Styled_Gen5_8
CROSS_SOURCE_EXACT_DUPLICATE,DS_CUSTOM_LIBRARY/packs/Gen7_DS_Backsprites/782b.png,DS_CUSTOM_LIBRARY/packs/DS_Styled_Gen5_8/BACK GEN 7 NORMAL/JANGMOO.png,57501967f8e0725bf041d598d02ff7d7c8d544120a2541e348a01d79e77a2bfa,Gen7_DS_Backsprites,DS_Styled_Gen5_8
CROSS_SOURCE_EXACT_DUPLICATE,DS_CUSTOM_LIBRARY/packs/Gen7_DS_Backsprites/038sb_1.png,DS_CUSTOM_LIBRARY/packs/DS_Styled_Gen5_8/BACK GEN 7 SHINY/NINETALES_1.png,c8c378177b3a273bc3f6528d9ca6ac364268569546e8f95a3b0d8b3a480a7681,Gen7_DS_Backsprites,DS_Styled_Gen5_8
CROSS_SOURCE_EXACT_DUPLICATE,DS_CUSTOM_LIBRARY/packs/Gen7_DS_Backsprites/728b.png,DS_CUSTOM_LIBRARY/packs/DS_Styled_Gen5_8/BACK GEN 7 NORMAL/POPPLIO.png,9f882a2ccb7ddc97f9b272836074275e841021265a9d5092c5243145f76d6027,Gen7_DS_Backsprites,DS_Styled_Gen5_8
CROSS_SOURCE_EXACT_DUPLICATE,DS_CUSTOM_LIBRARY/packs/Gen7_DS_Backsprites/774sb_11.png,DS_CUSTOM_LIBRARY/packs/DS_Styled_Gen5_8/BACK GEN 7 SHINY/MINIOR_11.png,a40dc711369afd6307002f7a81ff01730e9b0314fc3ba353447ce955549e5b8f,Gen7_DS_Backsprites,DS_Styled_Gen5_8
CROSS_SOURCE_EXACT_DUPLICATE,DS_CUSTOM_LIBRARY/packs/Gen7_DS_Backsprites/795b.png,DS_CUSTOM_LIBRARY/packs/DS_Styled_Gen5_8/BACK GEN 7 NORMAL/PHEROMOSA.png,c0a367804462adab41c0f321cf13f8edde9f65f96eba83c7b36a08d7bcf38aef,Gen7_DS_Backsprites,DS_Styled_Gen5_8
CROSS_SOURCE_EXACT_DUPLICATE,DS_CUSTOM_LIBRARY/packs/Gen7_DS_Backsprites/725b.png,DS_CUSTOM_LIBRARY/packs/DS_Styled_Gen5_8/BACK GEN 7 NORMAL/LITTEN.png,7650e85ac7e8343619d362e05e572173ee9ce9a3171f953453aabf0dd6a4eb68,Gen7_DS_Backsprites,DS_Styled_Gen5_8
CROSS_SOURCE_EXACT_DUPLICATE,DS_CUSTOM_LIBRARY/packs/Gen7_DS_Backsprites/027sb_1.png,DS_CUSTOM_LIBRARY/packs/DS_Styled_Gen5_8/BACK GEN 7 SHINY/SANDSHREW_1.png,1fe003b675344c1e31bb7678db6a0faa72b069b1f0e49a760d5da98c61847aec,Gen7_DS_Backsprites,DS_Styled_Gen5_8
CROSS_SOURCE_EXACT_DUPLICATE,DS_CUSTOM_LIBRARY/packs/Gen7_DS_Backsprites/726sb.png,DS_CUSTOM_LIBRARY/packs/DS_Styled_Gen5_8/BACK GEN 7 SHINY/TORRACAT.png,74e0b11330ca7393eea14f709b836783c27c4c3a6fe9760f84e8ce1a45fdeef7,Gen7_DS_Backsprites,DS_Styled_Gen5_8
CROSS_SOURCE_EXACT_DUPLICATE,DS_CUSTOM_LIBRARY/packs/Gen7_DS_Backsprites/751b.png,DS_CUSTOM_LIBRARY/packs/DS_Styled_Gen5_8/BACK GEN 7 NORMAL/DEWPIDER.png,f45f1b4c8dbbb1a0250257dcaec574eee42cc5fc71321bd5c14308f43c57d0cf,Gen7_DS_Backsprites,DS_Styled_Gen5_8
CROSS_SOURCE_EXACT_DUPLICATE,DS_CUSTOM_LIBRARY/packs/Gen7_DS_Backsprites/769b.png,DS_CUSTOM_LIBRARY/packs/DS_Styled_Gen5_8/BACK GEN 7 NORMAL/SANDYGAST.png,3fd4554cb46b594b336c4f5a3b26ec1ff3e7e9e6c8f46b0c91fecdbb90e82e0e,Gen7_DS_Backsprites,DS_Styled_Gen5_8
CROSS_SOURCE_EXACT_DUPLICATE,DS_CUSTOM_LIBRARY/packs/Gen7_DS_Backsprites/075sb_1.png,DS_CUSTOM_LIBRARY/packs/DS_Styled_Gen5_8/BACK GEN 7 SHINY/GRAVELER_1.png,062c4ddfbb72e2026a7f16be16d1495c0dd08554cf78d3ce1041f0bb1f211ec8,Gen7_DS_Backsprites,DS_Styled_Gen5_8
CROSS_SOURCE_EXACT_DUPLICATE,DS_CUSTOM_LIBRARY/packs/Gen7_DS_Backsprites/735sb.png,DS_CUSTOM_LIBRARY/packs/DS_Styled_Gen5_8/BACK GEN 7 SHINY/GUMSHOOS.png,55b300bf2a00e38fcac7cfe561958fb06fc69e15573e681c48feef72941d06cb,Gen7_DS_Backsprites,DS_Styled_Gen5_8
CROSS_SOURCE_EXACT_DUPLICATE,DS_CUSTOM_LIBRARY/packs/Gen7_DS_Backsprites/754b.png,DS_CUSTOM_LIBRARY/packs/DS_Styled_Gen5_8/BACK GEN 7 NORMAL/LURANTIS.png,e0d2a6f3e050e533f2eb1d349a9ded6bc1eeb9b5b559286141af12484cb129bf,Gen7_DS_Backsprites,DS_Styled_Gen5_8
CROSS_SOURCE_EXACT_DUPLICATE,DS_CUSTOM_LIBRARY/packs/Gen7_DS_Backsprites/774sb_13.png,DS_CUSTOM_LIBRARY/packs/DS_Styled_Gen5_8/BACK GEN 7 SHINY/MINIOR_13.png,fe6a75f39185909d701c52382a81ba47c58f9532787261f4f4c55fcd365fd454,Gen7_DS_Backsprites,DS_Styled_Gen5_8
CROSS_SOURCE_EXACT_DUPLICATE,DS_CUSTOM_LIBRARY/packs/Gen7_DS_Backsprites/807sb.png,DS_CUSTOM_LIBRARY/packs/DS_Styled_Gen5_8/BACK GEN 7 SHINY/ZERAORA.png,f398afa78633477a013f88bfe52aa67ea2c74d7896ba32e8afebfc163ffa4d3d,Gen7_DS_Backsprites,DS_Styled_Gen5_8
CROSS_SOURCE_EXACT_DUPLICATE,DS_CUSTOM_LIBRARY/packs/Gen7_DS_Backsprites/760b.png,DS_CUSTOM_LIBRARY/packs/DS_Styled_Gen5_8/BACK GEN 7 NORMAL/BEWEAR.png,cc3246397f8b43b81868448c5fda1e7593b1c1127f0c0fdbcc9fbcc1d4374548,Gen7_DS_Backsprites,DS_Styled_Gen5_8
CROSS_SOURCE_EXACT_DUPLICATE,DS_CUSTOM_LIBRARY/packs/Gen7_DS_Backsprites/074b_1.png,DS_CUSTOM_LIBRARY/packs/DS_Styled_Gen5_8/BACK GEN 7 NORMAL/GEODUDE_1.png,97b963290483f12ba1043f6c6cb27d984e0852dc56d55a78891930d050136e85,Gen7_DS_Backsprites,DS_Styled_Gen5_8
CROSS_SOURCE_EXACT_DUPLICATE,DS_CUSTOM_LIBRARY/packs/Gen7_DS_Backsprites/774b.png,DS_CUSTOM_LIBRARY/packs/DS_Styled_Gen5_8/BACK GEN 7 NORMAL/MINIOR.png,3ca59100687011d1db775256958daca5a59041a0eb673bd79291b89e5ec276d5,Gen7_DS_Backsprites,DS_Styled_Gen5_8
CROSS_SOURCE_EXACT_DUPLICATE,DS_CUSTOM_LIBRARY/packs/Gen7_DS_Backsprites/807b.png,DS_CUSTOM_LIBRARY/packs/DS_Styled_Gen5_8/BACK GEN 7 NORMAL/ZERAORA.png,1cf630f2317cb3568fd13180d893d9ea03397e4a482a54ee34789fe0ebd1927c,Gen7_DS_Backsprites,DS_Styled_Gen5_8
CROSS_SOURCE_EXACT_DUPLICATE,DS_CUSTOM_LIBRARY/packs/Gen7_DS_Backsprites/788sb.png,DS_CUSTOM_LIBRARY/packs/DS_Styled_Gen5_8/BACK GEN 7 SHINY/TAPUFINI.png,f926a528af3108830d0a60742f245857f68ffe4776eb0825834edd950c4212f1,Gen7_DS_Backsprites,DS_Styled_Gen5_8
CROSS_SOURCE_EXACT_DUPLICATE,DS_CUSTOM_LIBRARY/packs/Gen7_DS_Backsprites/744sb.png,DS_CUSTOM_LIBRARY/packs/DS_Styled_Gen5_8/BACK GEN 7 SHINY/ROCKRUFF.png,3f62c286e433c937dab627e696db867ced367dc3b26132f77fb7b1b43b529001,Gen7_DS_Backsprites,DS_Styled_Gen5_8
CROSS_SOURCE_EXACT_DUPLICATE,DS_CUSTOM_LIBRARY/packs/Gen7_DS_Backsprites/791sb.png,DS_CUSTOM_LIBRARY/packs/DS_Styled_Gen5_8/BACK GEN 7 SHINY/SOLGALEO.png,24a16ff05f52cc2e4c27b10f3037e71b8c96d2714a0bced44fac99cfa5646feb,Gen7_DS_Backsprites,DS_Styled_Gen5_8
CROSS_SOURCE_EXACT_DUPLICATE,DS_CUSTOM_LIBRARY/packs/Gen7_DS_Backsprites/738sb.png,DS_CUSTOM_LIBRARY/packs/DS_Styled_Gen5_8/BACK GEN 7 SHINY/VIKAVOLT.png,dedef7bc6b6b251dee69150b7c1b06b7eabe5de727f49c0badaf7c94b2fa68d5,Gen7_DS_Backsprites,DS_Styled_Gen5_8
CROSS_SOURCE_EXACT_DUPLICATE,DS_CUSTOM_LIBRARY/packs/Gen7_DS_Backsprites/731b.png,DS_CUSTOM_LIBRARY/packs/DS_Styled_Gen5_8/BACK GEN 7 NORMAL/PIKIPEK.png,6cd5651694c9eff587bfc9c38f9e45727248447f70fd97eb06116136d0498ef7,Gen7_DS_Backsprites,DS_Styled_Gen5_8
CROSS_SOURCE_EXACT_DUPLICATE,DS_CUSTOM_LIBRARY/packs/Gen7_DS_Backsprites/771b.png,DS_CUSTOM_LIBRARY/packs/DS_Styled_Gen5_8/BACK GEN 7 NORMAL/PYUKUMUKU.png,56d4114e13464e73cc7767658de51d1e1eab77276df89c37614e8f65e3d90d84,Gen7_DS_Backsprites,DS_Styled_Gen5_8
CROSS_SOURCE_EXACT_DUPLICATE,DS_CUSTOM_LIBRARY/packs/Gen7_DS_Backsprites/741b.png,DS_CUSTOM_LIBRARY/packs/DS_Styled_Gen5_8/BACK GEN 7 NORMAL/ORICORIO.png,2eeed28e75e0f22da6d3c3057c25c32d082cf5f68b59d864f787e0ed7e7bd705,Gen7_DS_Backsprites,DS_Styled_Gen5_8
CROSS_SOURCE_EXACT_DUPLICATE,DS_CUSTOM_LIBRARY/packs/Gen7_DS_Backsprites/744b.png,DS_CUSTOM_LIBRARY/packs/DS_Styled_Gen5_8/BACK GEN 7 NORMAL/ROCKRUFF.png,6c4353fc47c8016a74766755315e92a386b4530f1230dd75f10d746b49ad2133,Gen7_DS_Backsprites,DS_Styled_Gen5_8
CROSS_SOURCE_EXACT_DUPLICATE,DS_CUSTOM_LIBRARY/packs/Gen7_DS_Backsprites/051sb_1.png,DS_CUSTOM_LIBRARY/packs/DS_Styled_Gen5_8/BACK GEN 7 SHINY/DUGTRIO_1.png,197b3b5433d94906377e52299dfe7e568b09c006ce910bbdb0b4ea18d3887e47,Gen7_DS_Backsprites,DS_Styled_Gen5_8
CROSS_SOURCE_EXACT_DUPLICATE,DS_CUSTOM_LIBRARY/packs/Gen7_DS_Backsprites/767sb.png,DS_CUSTOM_LIBRARY/packs/DS_Styled_Gen5_8/BACK GEN 7 SHINY/WIMPOD.png,cb76e6bb90f1e3ebb4a8fad4016ae5a76d606e0bfc917cea82ea8d8252832a53,Gen7_DS_Backsprites,DS_Styled_Gen5_8
CROSS_SOURCE_EXACT_DUPLICATE,DS_CUSTOM_LIBRARY/packs/Gen7_DS_Backsprites/773b_13.png,DS_CUSTOM_LIBRARY/packs/DS_Styled_Gen5_8/BACK GEN 7 NORMAL/SILVALLY_13.png,875a262b9dd6b5e4f1b9ec1d93b6603bf395f5a27c48c6fb6c0ae94428f3181a,Gen7_DS_Backsprites,DS_Styled_Gen5_8
CROSS_SOURCE_EXACT_DUPLICATE,DS_CUSTOM_LIBRARY/packs/Gen7_DS_Backsprites/773sb_2.png,DS_CUSTOM_LIBRARY/packs/DS_Styled_Gen5_8/BACK GEN 7 SHINY/SILVALLY_2.png,ad7e3b9ffe07128d92dfa968f3cf7496e3b0093ef76f5e931f7b9198b8cc9bc6,Gen7_DS_Backsprites,DS_Styled_Gen5_8
CROSS_SOURCE_EXACT_DUPLICATE,DS_CUSTOM_LIBRARY/packs/Gen7_DS_Backsprites/766sb.png,DS_CUSTOM_LIBRARY/packs/DS_Styled_Gen5_8/BACK GEN 7 SHINY/PASSIMIAN.png,7f20dd952e703972a10e8d7852bc999ce159f259db41980e15a2091d0c2095ee,Gen7_DS_Backsprites,DS_Styled_Gen5_8
CROSS_SOURCE_EXACT_DUPLICATE,DS_CUSTOM_LIBRARY/packs/Gen7_DS_Backsprites/777b.png,DS_CUSTOM_LIBRARY/packs/DS_Styled_Gen5_8/BACK GEN 7 NORMAL/TOGEDEMARU.png,9fe1e7976db34c12f3092c64495cd9200866286a03bc0419613a8483ba8de038,Gen7_DS_Backsprites,DS_Styled_Gen5_8
CROSS_SOURCE_EXACT_DUPLICATE,DS_CUSTOM_LIBRARY/packs/Gen7_DS_Backsprites/773sb_7.png,DS_CUSTOM_LIBRARY/packs/DS_Styled_Gen5_8/BACK GEN 7 SHINY/SILVALLY_7.png,e0b80459fabf4f321c1038324b3f1b5f6045fd9a6a5019ff42162ffbed1e95ae,Gen7_DS_Backsprites,DS_Styled_Gen5_8
CROSS_SOURCE_EXACT_DUPLICATE,DS_CUSTOM_LIBRARY/packs/Gen7_DS_Backsprites/777sb.png,DS_CUSTOM_LIBRARY/packs/DS_Styled_Gen5_8/BACK GEN 7 SHINY/TOGEDEMARU.png,85314f1b96aa33c20101ef20b4e621526e1c170ee66c39dde184be5bd776707a,Gen7_DS_Backsprites,DS_Styled_Gen5_8
CROSS_SOURCE_EXACT_DUPLICATE,DS_CUSTOM_LIBRARY/packs/Gen7_DS_Backsprites/796b.png,DS_CUSTOM_LIBRARY/packs/DS_Styled_Gen5_8/BACK GEN 7 NORMAL/XURKITREE.png,12d68445a5f67ad2ac1ebf8ee7c545fab39c6943947c877dd7b3205ddd70bf65,Gen7_DS_Backsprites,DS_Styled_Gen5_8
CROSS_SOURCE_EXACT_DUPLICATE,DS_CUSTOM_LIBRARY/packs/Gen7_DS_Backsprites/772b.png,DS_CUSTOM_LIBRARY/packs/DS_Styled_Gen5_8/BACK GEN 7 NORMAL/TYPENULL.png,2c67d3ebddff34f674e1718f99c82cf3350f6ef28eefe769add92805db87c103,Gen7_DS_Backsprites,DS_Styled_Gen5_8
CROSS_SOURCE_EXACT_DUPLICATE,DS_CUSTOM_LIBRARY/packs/Gen7_DS_Backsprites/730b.png,DS_CUSTOM_LIBRARY/packs/DS_Styled_Gen5_8/BACK GEN 7 NORMAL/PRIMARINA.png,ea3c0aa6a29977960992debe3d8151597c79db66c2f8f07c0d29ccc6a65b1ad8,Gen7_DS_Backsprites,DS_Styled_Gen5_8
CROSS_SOURCE_EXACT_DUPLICATE,DS_CUSTOM_LIBRARY/packs/Gen7_DS_Backsprites/020b_1.png,DS_CUSTOM_LIBRARY/packs/DS_Styled_Gen5_8/BACK GEN 7 NORMAL/RATICATE_1.png,eb5198c8480a2d8b0019a6c17663d5572311fb8d95d563ba61d9bba42a4ac686,Gen7_DS_Backsprites,DS_Styled_Gen5_8
CROSS_SOURCE_EXACT_DUPLICATE,DS_CUSTOM_LIBRARY/packs/Gen7_DS_Backsprites/773b_4.png,DS_CUSTOM_LIBRARY/packs/DS_Styled_Gen5_8/BACK GEN 7 NORMAL/SILVALLY_4.png,a76259878d961d50e11b3398c2323116cb8424fa3f0caa8373dc911cac9b4c03,Gen7_DS_Backsprites,DS_Styled_Gen5_8
CROSS_SOURCE_EXACT_DUPLICATE,DS_CUSTOM_LIBRARY/packs/Gen7_DS_Backsprites/793b.png,DS_CUSTOM_LIBRARY/packs/DS_Styled_Gen5_8/BACK GEN 7 NORMAL/NIHILEGO.png,f5df57406e7bc0a428e442e173b49c22c06f79e52cd444d1f71343e3d1c1ab04,Gen7_DS_Backsprites,DS_Styled_Gen5_8
CROSS_SOURCE_EXACT_DUPLICATE,DS_CUSTOM_LIBRARY/packs/Gen7_DS_Backsprites/774sb_10.png,DS_CUSTOM_LIBRARY/packs/DS_Styled_Gen5_8/BACK GEN 7 SHINY/MINIOR_10.png,d4f0d3391da38c4d9902ceaed9e78a546d6a76aa7731795d5158204c2cd13ed7,Gen7_DS_Backsprites,DS_Styled_Gen5_8
CROSS_SOURCE_EXACT_DUPLICATE,DS_CUSTOM_LIBRARY/packs/Gen7_DS_Backsprites/801b_1.png,DS_CUSTOM_LIBRARY/packs/DS_Styled_Gen5_8/BACK GEN 7 NORMAL/MAGEARNA_1.png,964437d27f9fc083018030208c0309f995e386c19ebbfa3d64a9608837ccf876,Gen7_DS_Backsprites,DS_Styled_Gen5_8
CROSS_SOURCE_EXACT_DUPLICATE,DS_CUSTOM_LIBRARY/packs/Gen7_DS_Backsprites/028b_1.png,DS_CUSTOM_LIBRARY/packs/DS_Styled_Gen5_8/BACK GEN 7 NORMAL/SANDSLASH_1.png,d0fbbbc6f74b28e256a4fea1e043eac08753634d9380cc21900e35e8e628666c,Gen7_DS_Backsprites,DS_Styled_Gen5_8
CROSS_SOURCE_EXACT_DUPLICATE,DS_CUSTOM_LIBRARY/packs/Gen7_DS_Backsprites/724sb.png,DS_CUSTOM_LIBRARY/packs/DS_Styled_Gen5_8/BACK GEN 7 SHINY/DECIDUEYE.png,55535e104ecca2212ddc840fb4d0b6d023c4b25b9c475aca57c88b0e3f5eae45,Gen7_DS_Backsprites,DS_Styled_Gen5_8
CROSS_SOURCE_EXACT_DUPLICATE,DS_CUSTOM_LIBRARY/packs/Gen7_DS_Backsprites/735b.png,DS_CUSTOM_LIBRARY/packs/DS_Styled_Gen5_8/BACK GEN 7 NORMAL/GUMSHOOS.png,2634f312572e040ce340525de452edaa0cfb2d59193e39e49c3fd6cd0c46e55b,Gen7_DS_Backsprites,DS_Styled_Gen5_8
CROSS_SOURCE_EXACT_DUPLICATE,DS_CUSTOM_LIBRARY/packs/Gen7_DS_Backsprites/802b.png,DS_CUSTOM_LIBRARY/packs/DS_Styled_Gen5_8/BACK GEN 7 NORMAL/MARSHADOW.png,ca8717f1932aaea8e04ec449074a3d5e450d8ecbc56f128bae5588a494d02227,Gen7_DS_Backsprites,DS_Styled_Gen5_8
CROSS_SOURCE_EXACT_DUPLICATE,DS_CUSTOM_LIBRARY/packs/Gen7_DS_Backsprites/038b_1.png,DS_CUSTOM_LIBRARY/packs/DS_Styled_Gen5_8/BACK GEN 7 NORMAL/NINETALES_1.png,65a4f86f092bae8f7c8a5547524a88db4499f9da3ef2b8e8361e09e35efa3a91,Gen7_DS_Backsprites,DS_Styled_Gen5_8
CROSS_SOURCE_EXACT_DUPLICATE,DS_CUSTOM_LIBRARY/packs/Gen7_DS_Backsprites/773b_6.png,DS_CUSTOM_LIBRARY/packs/DS_Styled_Gen5_8/BACK GEN 7 NORMAL/SILVALLY_6.png,eac2f51f79399215e2bed63659ead66b655f1cfabe794b5ec2d1d669c381a0a6,Gen7_DS_Backsprites,DS_Styled_Gen5_8
CROSS_SOURCE_EXACT_DUPLICATE,DS_CUSTOM_LIBRARY/packs/Gen7_DS_Backsprites/740sb.png,DS_CUSTOM_LIBRARY/packs/DS_Styled_Gen5_8/BACK GEN 7 SHINY/CRABOMINABLE.png,6bef9b784009d7a5cdbc88a0c7b7b05f76e6e274f6c9fd5aad6eca8f44673187,Gen7_DS_Backsprites,DS_Styled_Gen5_8
CROSS_SOURCE_EXACT_DUPLICATE,DS_CUSTOM_LIBRARY/packs/Gen7_DS_Backsprites/802b_1.png,DS_CUSTOM_LIBRARY/packs/DS_Styled_Gen5_8/BACK GEN 7 NORMAL/MARSHADOW_1.png,32a59dd296306bd4ac5d857de944d0f7a7f895309b326799e8ae8c383cbc64e3,Gen7_DS_Backsprites,DS_Styled_Gen5_8
CROSS_SOURCE_EXACT_DUPLICATE,DS_CUSTOM_LIBRARY/packs/Gen7_DS_Backsprites/767b.png,DS_CUSTOM_LIBRARY/packs/DS_Styled_Gen5_8/BACK GEN 7 NORMAL/WIMPOD.png,2d16bf6e7116aa29cc6a8cdff9b4bfa3f0c9a65b61636988e75e39cd963275ae,Gen7_DS_Backsprites,DS_Styled_Gen5_8
CROSS_SOURCE_EXACT_DUPLICATE,DS_CUSTOM_LIBRARY/packs/Gen7_DS_Backsprites/788b.png,DS_CUSTOM_LIBRARY/packs/DS_Styled_Gen5_8/BACK GEN 7 NORMAL/TAPUFINI.png,cd7208b1377b6fb91f7ab0fafa0b7ebc708476c351a3478b2d44f3520a467104,Gen7_DS_Backsprites,DS_Styled_Gen5_8
CROSS_SOURCE_EXACT_DUPLICATE,DS_CUSTOM_LIBRARY/packs/Gen7_DS_Backsprites/028sb_1.png,DS_CUSTOM_LIBRARY/packs/DS_Styled_Gen5_8/BACK GEN 7 SHINY/SANDSLASH_1.png,8c4a9f1a852254321015efb1b7650cfbc89f64a55bbe46d4094b30286de6e3b6,Gen7_DS_Backsprites,DS_Styled_Gen5_8
CROSS_SOURCE_EXACT_DUPLICATE,DS_CUSTOM_LIBRARY/packs/Gen7_DS_Backsprites/089sb_1.png,DS_CUSTOM_LIBRARY/packs/DS_Styled_Gen5_8/BACK GEN 7 SHINY/MUK_1.png,4be6d48fc705e77a8ac284c5976ea068de9b281de4f6731e7f12ae8cb4156f9a,Gen7_DS_Backsprites,DS_Styled_Gen5_8
CROSS_SOURCE_EXACT_DUPLICATE,DS_CUSTOM_LIBRARY/packs/Gen7_DS_Backsprites/740b.png,DS_CUSTOM_LIBRARY/packs/DS_Styled_Gen5_8/BACK GEN 7 NORMAL/CRABOMINABLE.png,6a72bff5d9ae935b05f25179bd940072aebcd2b87adf1993310b7f066b81971c,Gen7_DS_Backsprites,DS_Styled_Gen5_8
CROSS_SOURCE_EXACT_DUPLICATE,DS_CUSTOM_LIBRARY/packs/Gen7_DS_Backsprites/765b.png,DS_CUSTOM_LIBRARY/packs/DS_Styled_Gen5_8/BACK GEN 7 NORMAL/ORANGURU.png,7f2e2e2d01a6a157cffbdfdbd351aa0405946bf13d255901ae037cc6c445212f,Gen7_DS_Backsprites,DS_Styled_Gen5_8
CROSS_SOURCE_EXACT_DUPLICATE,DS_CUSTOM_LIBRARY/packs/Gen7_DS_Backsprites/741b_2.png,DS_CUSTOM_LIBRARY/packs/DS_Styled_Gen5_8/BACK GEN 7 NORMAL/ORICORIO_2.png,83774f3989cef365a265e1db1eb2a44e73ad07719e86c1b5cef57e869d848c03,Gen7_DS_Backsprites,DS_Styled_Gen5_8
CROSS_SOURCE_EXACT_DUPLICATE,DS_CUSTOM_LIBRARY/packs/Gen7_DS_Backsprites/722b.png,DS_CUSTOM_LIBRARY/packs/DS_Styled_Gen5_8/BACK GEN 7 NORMAL/ROWLET.png,821a9ceea94e6b12d32fd0d702bae62287c083026b017cd185287f698e516d1f,Gen7_DS_Backsprites,DS_Styled_Gen5_8
CROSS_SOURCE_EXACT_DUPLICATE,DS_CUSTOM_LIBRARY/packs/Gen7_DS_Backsprites/779sb.png,DS_CUSTOM_LIBRARY/packs/DS_Styled_Gen5_8/BACK GEN 7 SHINY/BRUXISH.png,2ab6de3a892da7c2b3152cf9e65d9f4171fb9327629a2d47b881eaad529234f0,Gen7_DS_Backsprites,DS_Styled_Gen5_8
CROSS_SOURCE_EXACT_DUPLICATE,DS_CUSTOM_LIBRARY/packs/Gen7_DS_Backsprites/088sb_1.png,DS_CUSTOM_LIBRARY/packs/DS_Styled_Gen5_8/BACK GEN 7 SHINY/GRIMER_1.png,78a2dacd7e4a9fd2b1d823c6c34bc1fecd4d51d33143298c70fad5eae0d2dbdc,Gen7_DS_Backsprites,DS_Styled_Gen5_8
CROSS_SOURCE_EXACT_DUPLICATE,DS_CUSTOM_LIBRARY/packs/Gen7_DS_Backsprites/722sb.png,DS_CUSTOM_LIBRARY/packs/DS_Styled_Gen5_8/BACK GEN 7 SHINY/ROWLET.png,c144e7c04194fce6cce5d6be513d01c5f755fa6c4b31b69b9811454ddc1c5b27,Gen7_DS_Backsprites,DS_Styled_Gen5_8
CROSS_SOURCE_EXACT_DUPLICATE,DS_CUSTOM_LIBRARY/packs/Gen7_DS_Backsprites/773b_1.png,DS_CUSTOM_LIBRARY/packs/DS_Styled_Gen5_8/BACK GEN 7 NORMAL/SILVALLY_1.png,9ec5692d771f0d77b7f7c1a7073c4dad15e73028218e6613056d53005c3d5765,Gen7_DS_Backsprites,DS_Styled_Gen5_8
CROSS_SOURCE_EXACT_DUPLICATE,DS_CUSTOM_LIBRARY/packs/Gen7_DS_Backsprites/750sb.png,DS_CUSTOM_LIBRARY/packs/DS_Styled_Gen5_8/BACK GEN 7 SHINY/MUDSDALE.png,273c908bfe67219550868a012e16386052113e28794bf218bf58a96996924540,Gen7_DS_Backsprites,DS_Styled_Gen5_8
CROSS_SOURCE_EXACT_DUPLICATE,DS_CUSTOM_LIBRARY/packs/Gen7_DS_Backsprites/731sb.png,DS_CUSTOM_LIBRARY/packs/DS_Styled_Gen5_8/BACK GEN 7 SHINY/PIKIPEK.png,14e6e644804911c994d163f88be2f0a31b08532ace09c1abeceb5b18b38b9a87,Gen7_DS_Backsprites,DS_Styled_Gen5_8
CROSS_SOURCE_EXACT_DUPLICATE,DS_CUSTOM_LIBRARY/packs/Gen7_DS_Backsprites/773sb_15.png,DS_CUSTOM_LIBRARY/packs/DS_Styled_Gen5_8/BACK GEN 7 SHINY/SILVALLY_15.png,431d313018a45a5f42495b6c731d6a3d6c3416898618c2a28d0abd9ac9e49656,Gen7_DS_Backsprites,DS_Styled_Gen5_8
CROSS_SOURCE_EXACT_DUPLICATE,DS_CUSTOM_LIBRARY/packs/Gen7_DS_Backsprites/773b_9.png,DS_CUSTOM_LIBRARY/packs/DS_Styled_Gen5_8/BACK GEN 7 NORMAL/SILVALLY_9.png,6b0bfe81669aa56fd2bde2ad56f63042e836992a97f0d59b7f76ef8710f496c7,Gen7_DS_Backsprites,DS_Styled_Gen5_8
CROSS_SOURCE_EXACT_DUPLICATE,DS_CUSTOM_LIBRARY/packs/Gen7_DS_Backsprites/785b.png,DS_CUSTOM_LIBRARY/packs/DS_Styled_Gen5_8/BACK GEN 7 NORMAL/TAPUKOKO.png,1e7c1cde4dc42de20be1b710498bf5cc346f05af5c385b06395c1006f73dd9b8,Gen7_DS_Backsprites,DS_Styled_Gen5_8
CROSS_SOURCE_EXACT_DUPLICATE,DS_CUSTOM_LIBRARY/packs/Gen7_DS_Backsprites/746sb.png,DS_CUSTOM_LIBRARY/packs/DS_Styled_Gen5_8/BACK GEN 7 SHINY/WISHIWASHI.png,b6296f29054d1b3bf4310f693a7bad0fc16ef62c072c4395e6b899985643576c,Gen7_DS_Backsprites,DS_Styled_Gen5_8
CROSS_SOURCE_EXACT_DUPLICATE,DS_CUSTOM_LIBRARY/packs/Gen7_DS_Backsprites/781sb.png,DS_CUSTOM_LIBRARY/packs/DS_Styled_Gen5_8/BACK GEN 7 SHINY/DHELMISE.png,9952b446a5612976bffc1e84f632c27d2691b9c098b67aa6d333cd79733456a4,Gen7_DS_Backsprites,DS_Styled_Gen5_8
CROSS_SOURCE_EXACT_DUPLICATE,DS_CUSTOM_LIBRARY/packs/Gen7_DS_Backsprites/799b.png,DS_CUSTOM_LIBRARY/packs/DS_Styled_Gen5_8/BACK GEN 7 NORMAL/GUZZLORD.png,23979fdf1291632626aa193b72d90774e1b472cecd357f13fd77fd62a6ee715d,Gen7_DS_Backsprites,DS_Styled_Gen5_8
CROSS_SOURCE_EXACT_DUPLICATE,DS_CUSTOM_LIBRARY/packs/Gen7_DS_Backsprites/773b_15.png,DS_CUSTOM_LIBRARY/packs/DS_Styled_Gen5_8/BACK GEN 7 NORMAL/SILVALLY_15.png,e561110f409999f00b218cd96771f62e231629f7f7bd6f02bc6fec70f63e8034,Gen7_DS_Backsprites,DS_Styled_Gen5_8
CROSS_SOURCE_EXACT_DUPLICATE,DS_CUSTOM_LIBRARY/packs/Gen7_DS_Backsprites/764sb.png,DS_CUSTOM_LIBRARY/packs/DS_Styled_Gen5_8/BACK GEN 7 SHINY/COMFEY.png,65366bc1d1b804c9357450ebf960e02dcec524ec788f7bd7d179f5282a6ec47d,Gen7_DS_Backsprites,DS_Styled_Gen5_8
CROSS_SOURCE_EXACT_DUPLICATE,DS_CUSTOM_LIBRARY/packs/Gen7_DS_Backsprites/778sb_1.png,DS_CUSTOM_LIBRARY/packs/DS_Styled_Gen5_8/BACK GEN 7 SHINY/MIMIKYU_1.png,520b36049f25cdb78104206a30b3c00673f5d8702b33e2e8def3d5084c4c67ad,Gen7_DS_Backsprites,DS_Styled_Gen5_8
CROSS_SOURCE_EXACT_DUPLICATE,DS_CUSTOM_LIBRARY/packs/Gen7_DS_Backsprites/789sb.png,DS_CUSTOM_LIBRARY/packs/DS_Styled_Gen5_8/BACK GEN 7 SHINY/COSMOG.png,230a393527747c3e894730cc4175681fed9df0c8758992e02ba847b7cc0517ac,Gen7_DS_Backsprites,DS_Styled_Gen5_8
CROSS_SOURCE_EXACT_DUPLICATE,DS_CUSTOM_LIBRARY/packs/Gen7_DS_Backsprites/075b_1.png,DS_CUSTOM_LIBRARY/packs/DS_Styled_Gen5_8/BACK GEN 7 NORMAL/GRAVELER_1.png,c797768b2a8c96dd27dd7a28a631ce2972d2acb1bfa0780301088f37f0ca917d,Gen7_DS_Backsprites,DS_Styled_Gen5_8
CROSS_SOURCE_EXACT_DUPLICATE,DS_CUSTOM_LIBRARY/packs/Gen7_DS_Backsprites/793sb.png,DS_CUSTOM_LIBRARY/packs/DS_Styled_Gen5_8/BACK GEN 7 SHINY/NIHILEGO.png,092b41bad77497df5a54d66d1fff64928fc46e4b455bb7febd591154947a57ff,Gen7_DS_Backsprites,DS_Styled_Gen5_8
CROSS_SOURCE_EXACT_DUPLICATE,DS_CUSTOM_LIBRARY/packs/Gen7_DS_Backsprites/797sb.png,DS_CUSTOM_LIBRARY/packs/DS_Styled_Gen5_8/BACK GEN 7 SHINY/CELESTEELA.png,4117ab7d96ca152927fb344534f47bc6d264ce0956af2c8cee4c82524a1357ec,Gen7_DS_Backsprites,DS_Styled_Gen5_8
CROSS_SOURCE_EXACT_DUPLICATE,DS_CUSTOM_LIBRARY/packs/Gen7_DS_Backsprites/794b.png,DS_CUSTOM_LIBRARY/packs/DS_Styled_Gen5_8/BACK GEN 7 NORMAL/BUZZWOLE.png,c36da24b61343e9580a5b277a8e1ca3240bf676c55dbe15990909a0229690443,Gen7_DS_Backsprites,DS_Styled_Gen5_8
CROSS_SOURCE_EXACT_DUPLICATE,DS_CUSTOM_LIBRARY/packs/Gen7_DS_Backsprites/730sb.png,DS_CUSTOM_LIBRARY/packs/DS_Styled_Gen5_8/BACK GEN 7 SHINY/PRIMARINA.png,e8baf83582b10f3dd35a4c045ee48c0cc4312eb2713b5459d33e21e7e9061e6e,Gen7_DS_Backsprites,DS_Styled_Gen5_8
CROSS_SOURCE_EXACT_DUPLICATE,DS_CUSTOM_LIBRARY/packs/Gen7_DS_Backsprites/741sb_3.png,DS_CUSTOM_LIBRARY/packs/DS_Styled_Gen5_8/BACK GEN 7 SHINY/ORICORIO_3.png,4bf334de167b5417667004d6d6de613e3a205f1c11dcd1973e2ee5d2c8671415,Gen7_DS_Backsprites,DS_Styled_Gen5_8
CROSS_SOURCE_EXACT_DUPLICATE,DS_CUSTOM_LIBRARY/packs/Gen7_DS_Backsprites/749b.png,DS_CUSTOM_LIBRARY/packs/DS_Styled_Gen5_8/BACK GEN 7 NORMAL/MUDBRAY.png,c1077b4bea17841241fd7ea121375b336a91099b02b98a6e95b521123d39b165,Gen7_DS_Backsprites,DS_Styled_Gen5_8
CROSS_SOURCE_EXACT_DUPLICATE,DS_CUSTOM_LIBRARY/packs/Gen7_DS_Backsprites/754sb.png,DS_CUSTOM_LIBRARY/packs/DS_Styled_Gen5_8/BACK GEN 7 SHINY/LURANTIS.png,ed5ec340507a2a7da274a3f8b1e5f19c13a527bfce04d60c2797f1524f4e80ed,Gen7_DS_Backsprites,DS_Styled_Gen5_8
CROSS_SOURCE_EXACT_DUPLICATE,DS_CUSTOM_LIBRARY/packs/Gen7_DS_Backsprites/728sb.png,DS_CUSTOM_LIBRARY/packs/DS_Styled_Gen5_8/BACK GEN 7 SHINY/POPPLIO.png,a49b324d4854d8c0b2efa9012dc4409cdbde180d089599af407b0a1c2e420984,Gen7_DS_Backsprites,DS_Styled_Gen5_8
CROSS_SOURCE_EXACT_DUPLICATE,DS_CUSTOM_LIBRARY/packs/Gen7_DS_Backsprites/800b_2.png,DS_CUSTOM_LIBRARY/packs/DS_Styled_Gen5_8/BACK GEN 7 NORMAL/NECROZMA_2.png,6d93200bc0942eb706cb72547f813b28867b63cdce5fc6ec5af74b766fc10f98,Gen7_DS_Backsprites,DS_Styled_Gen5_8
CROSS_SOURCE_EXACT_DUPLICATE,DS_CUSTOM_LIBRARY/packs/Gen7_DS_Backsprites/773b.png,DS_CUSTOM_LIBRARY/packs/DS_Styled_Gen5_8/BACK GEN 7 NORMAL/SILVALLY.png,22df6a7b549fe3ffb78862e854a0f30f30fbea971fcb3086f10b28bbb50a948b,Gen7_DS_Backsprites,DS_Styled_Gen5_8
CROSS_SOURCE_EXACT_DUPLICATE,DS_CUSTOM_LIBRARY/packs/Gen7_DS_Backsprites/734sb.png,DS_CUSTOM_LIBRARY/packs/DS_Styled_Gen5_8/BACK GEN 7 SHINY/YUNGOOS.png,52017c08a35051677f64bdae0c7991a47d44791cb190fbdb4e906b96adb5af8b,Gen7_DS_Backsprites,DS_Styled_Gen5_8
CROSS_SOURCE_EXACT_DUPLICATE,DS_CUSTOM_LIBRARY/packs/Gen7_DS_Backsprites/761b.png,DS_CUSTOM_LIBRARY/packs/DS_Styled_Gen5_8/BACK GEN 7 NORMAL/BOUNSWEET.png,47e00e019b4ef15a81f511ae6debfb89c45c5652bce156070d580ba10e117931,Gen7_DS_Backsprites,DS_Styled_Gen5_8
CROSS_SOURCE_EXACT_DUPLICATE,DS_CUSTOM_LIBRARY/packs/Gen7_DS_Backsprites/759b.png,DS_CUSTOM_LIBRARY/packs/DS_Styled_Gen5_8/BACK GEN 7 NORMAL/STUFFUL.png,1c37a3a2dfcbefb8b8d90b780b5e05f7078b7972914c6148fbab256902cf99eb,Gen7_DS_Backsprites,DS_Styled_Gen5_8
CROSS_SOURCE_EXACT_DUPLICATE,DS_CUSTOM_LIBRARY/packs/Gen7_DS_Backsprites/773b_17.png,DS_CUSTOM_LIBRARY/packs/DS_Styled_Gen5_8/BACK GEN 7 NORMAL/SILVALLY_17.png,a1a15ba8c586e66ad89748857b0cc93f0fd53e97a4319f39039d694133a1f797,Gen7_DS_Backsprites,DS_Styled_Gen5_8
CROSS_SOURCE_EXACT_DUPLICATE,DS_CUSTOM_LIBRARY/packs/Gen7_DS_Backsprites/801sb_1.png,DS_CUSTOM_LIBRARY/packs/DS_Styled_Gen5_8/BACK GEN 7 SHINY/MAGEARNA_1.png,2819dc460842c357ae9ba4bd56682dc20d44d868d9fa31164971a4bf6c34152b,Gen7_DS_Backsprites,DS_Styled_Gen5_8
CROSS_SOURCE_EXACT_DUPLICATE,DS_CUSTOM_LIBRARY/packs/Gen7_DS_Backsprites/774sb_8.png,DS_CUSTOM_LIBRARY/packs/DS_Styled_Gen5_8/BACK GEN 7 SHINY/MINIOR_8.png,e2b7a41200d3d6e2bb11c690b8e8245b5d8d6c7da9faaf229ff06c978fa967be,Gen7_DS_Backsprites,DS_Styled_Gen5_8
CROSS_SOURCE_EXACT_DUPLICATE,DS_CUSTOM_LIBRARY/packs/Gen7_DS_Backsprites/727sb.png,DS_CUSTOM_LIBRARY/packs/DS_Styled_Gen5_8/BACK GEN 7 SHINY/INCINEROAR.png,ab5101354ab72611290fc402b5075256933ce0878a275baceef6cacdbda6253f,Gen7_DS_Backsprites,DS_Styled_Gen5_8
CROSS_SOURCE_EXACT_DUPLICATE,DS_CUSTOM_LIBRARY/packs/Gen7_DS_Backsprites/773sb_11.png,DS_CUSTOM_LIBRARY/packs/DS_Styled_Gen5_8/BACK GEN 7 SHINY/SILVALLY_11.png,b59e1d44200701711dcb79503e0d2016d22f7653bf5104eab44a55a3bac57ea1,Gen7_DS_Backsprites,DS_Styled_Gen5_8
CROSS_SOURCE_EXACT_DUPLICATE,DS_CUSTOM_LIBRARY/packs/Gen7_DS_Backsprites/739b.png,DS_CUSTOM_LIBRARY/packs/DS_Styled_Gen5_8/BACK GEN 7 NORMAL/CRABRAWLER.png,7e9ff86ae6a898756c0f2fa973b133c0bd214862236bf307082ab14ca3bce0b8,Gen7_DS_Backsprites,DS_Styled_Gen5_8
CROSS_SOURCE_EXACT_DUPLICATE,DS_CUSTOM_LIBRARY/packs/Gen7_DS_Backsprites/791sb_1.png,DS_CUSTOM_LIBRARY/packs/DS_Styled_Gen5_8/BACK GEN 7 SHINY/SOLGALEO_1.png,64b4f843d10abe8884b931c92014a797ab14797ec699e3a260cab9ced7e3807f,Gen7_DS_Backsprites,DS_Styled_Gen5_8
CROSS_SOURCE_EXACT_DUPLICATE,DS_CUSTOM_LIBRARY/packs/Gen7_DS_Backsprites/774b_12.png,DS_CUSTOM_LIBRARY/packs/DS_Styled_Gen5_8/BACK GEN 7 NORMAL/MINIOR_12.png,094f5be065ac6139147a2c620b3f2aaa5fdee0b92f97219ad0d91d880978ad6c,Gen7_DS_Backsprites,DS_Styled_Gen5_8
CROSS_SOURCE_EXACT_DUPLICATE,DS_CUSTOM_LIBRARY/packs/Gen7_DS_Backsprites/723sb.png,DS_CUSTOM_LIBRARY/packs/DS_Styled_Gen5_8/BACK GEN 7 SHINY/DARTRIX.png,26aaf7098f5ddffb1c3762865b77d95b37c6e44f4a93ba10a264141e38a9f011,Gen7_DS_Backsprites,DS_Styled_Gen5_8
CROSS_SOURCE_EXACT_DUPLICATE,DS_CUSTOM_LIBRARY/packs/Gen7_DS_Backsprites/773sb.png,DS_CUSTOM_LIBRARY/packs/DS_Styled_Gen5_8/BACK GEN 7 SHINY/SILVALLY.png,32699be2f63306d800b2db85216b5ea3e2810d17b6a865787a7662714bb6302f,Gen7_DS_Backsprites,DS_Styled_Gen5_8
CROSS_SOURCE_EXACT_DUPLICATE,DS_CUSTOM_LIBRARY/packs/Gen7_DS_Backsprites/050b_1.png,DS_CUSTOM_LIBRARY/packs/DS_Styled_Gen5_8/BACK GEN 7 NORMAL/DIGLETT_1.png,5e66e4f20f1070309c9666f8c962e5d762b53e56d2d3a8d1e13a06fd3a6bd922,Gen7_DS_Backsprites,DS_Styled_Gen5_8
CROSS_SOURCE_EXACT_DUPLICATE,DS_CUSTOM_LIBRARY/packs/Gen7_DS_Backsprites/773sb_10.png,DS_CUSTOM_LIBRARY/packs/DS_Styled_Gen5_8/BACK GEN 7 SHINY/SILVALLY_10.png,54fa1b4a71e77dee20c2397e59d3665563d4372b080eb3c800e7952328ca58fd,Gen7_DS_Backsprites,DS_Styled_Gen5_8
CROSS_SOURCE_EXACT_DUPLICATE,DS_CUSTOM_LIBRARY/packs/Gen7_DS_Backsprites/809sb.png,DS_CUSTOM_LIBRARY/packs/DS_Styled_Gen5_8/BACK GEN 7 SHINY/MELMETAL.png,e3e9aabc45472ce691ad1eadca399ec5e9481e57401f1eb131b4de2191874b9e,Gen7_DS_Backsprites,DS_Styled_Gen5_8
CROSS_SOURCE_EXACT_DUPLICATE,DS_CUSTOM_LIBRARY/packs/Gen7_DS_Backsprites/724b.png,DS_CUSTOM_LIBRARY/packs/DS_Styled_Gen5_8/BACK GEN 7 NORMAL/DECIDUEYE.png,f34493e24d9d615839d1f858ff768e319fcda5c4e20a758c21a0950ab14012b2,Gen7_DS_Backsprites,DS_Styled_Gen5_8
CROSS_SOURCE_EXACT_DUPLICATE,DS_CUSTOM_LIBRARY/packs/Gen7_DS_Backsprites/753b.png,DS_CUSTOM_LIBRARY/packs/DS_Styled_Gen5_8/BACK GEN 7 NORMAL/FOMANTIS.png,fe5d452f9a4d423692231745648fdb7eb3259ca0aa48615be869480b368bb8d0,Gen7_DS_Backsprites,DS_Styled_Gen5_8
CROSS_SOURCE_EXACT_DUPLICATE,DS_CUSTOM_LIBRARY/packs/Gen7_DS_Backsprites/037sb_1.png,DS_CUSTOM_LIBRARY/packs/DS_Styled_Gen5_8/BACK GEN 7 SHINY/VULPIX_1.png,b62b49c521593fd4174ed95289a35f9ffb18dbf301624d9e568162fa14edd676,Gen7_DS_Backsprites,DS_Styled_Gen5_8
CROSS_SOURCE_EXACT_DUPLICATE,DS_CUSTOM_LIBRARY/packs/Gen7_DS_Backsprites/026sb_1.png,DS_CUSTOM_LIBRARY/packs/DS_Styled_Gen5_8/BACK GEN 7 SHINY/RAICHU_1.png,adbce8df586d2bab089b945a07e02d81705d5b6be0783ce708033466661a7bfa,Gen7_DS_Backsprites,DS_Styled_Gen5_8
CROSS_SOURCE_EXACT_DUPLICATE,DS_CUSTOM_LIBRARY/packs/Gen7_DS_Backsprites/743sb.png,DS_CUSTOM_LIBRARY/packs/DS_Styled_Gen5_8/BACK GEN 7 SHINY/RIBOMBEE.png,e6239185127148e4053ed7063df28dea6f8c942799ff293caf0258368eaa4e6a,Gen7_DS_Backsprites,DS_Styled_Gen5_8
CROSS_SOURCE_EXACT_DUPLICATE,DS_CUSTOM_LIBRARY/packs/Gen7_DS_Backsprites/743b.png,DS_CUSTOM_LIBRARY/packs/DS_Styled_Gen5_8/BACK GEN 7 NORMAL/RIBOMBEE.png,b67b19817293e6b32717f708a813f760150f639583d4533ab314dd89ae7a5a10,Gen7_DS_Backsprites,DS_Styled_Gen5_8
CROSS_SOURCE_EXACT_DUPLICATE,DS_CUSTOM_LIBRARY/packs/Gen7_DS_Backsprites/089b_1.png,DS_CUSTOM_LIBRARY/packs/DS_Styled_Gen5_8/BACK GEN 7 NORMAL/MUK_1.png,ee90894b38b17286e0864b5138935dfeef1648a05523b8372477301cc0c1b4ea,Gen7_DS_Backsprites,DS_Styled_Gen5_8
CROSS_SOURCE_EXACT_DUPLICATE,DS_CUSTOM_LIBRARY/packs/Gen7_DS_Backsprites/764b.png,DS_CUSTOM_LIBRARY/packs/DS_Styled_Gen5_8/BACK GEN 7 NORMAL/COMFEY.png,3dd88550485effbefd652b1455d3d31f20d2ce0e3dcede52b97a71ca55f4fe76,Gen7_DS_Backsprites,DS_Styled_Gen5_8
CROSS_SOURCE_EXACT_DUPLICATE,DS_CUSTOM_LIBRARY/packs/Gen7_DS_Backsprites/747sb.png,DS_CUSTOM_LIBRARY/packs/DS_Styled_Gen5_8/BACK GEN 7 SHINY/MAREANIE.png,09adc8375ab5c5ae13aef644c9da84eb724030201324c529a8995637b192bc7d,Gen7_DS_Backsprites,DS_Styled_Gen5_8
CROSS_SOURCE_EXACT_DUPLICATE,DS_CUSTOM_LIBRARY/packs/Gen7_DS_Backsprites/773sb_1.png,DS_CUSTOM_LIBRARY/packs/DS_Styled_Gen5_8/BACK GEN 7 SHINY/SILVALLY_1.png,2de2a84906f54679a94d09708ee770422a9f051a3b88e5503be0c40dd353358c,Gen7_DS_Backsprites,DS_Styled_Gen5_8
CROSS_SOURCE_EXACT_DUPLICATE,DS_CUSTOM_LIBRARY/packs/Gen7_DS_Backsprites/745b_1.png,DS_CUSTOM_LIBRARY/packs/DS_Styled_Gen5_8/BACK GEN 7 NORMAL/LYCANROC_1.png,07e9a0b46d71c3f30ba70babbc7da42f47e1e7b264cf193574b4a9ddfc527083,Gen7_DS_Backsprites,DS_Styled_Gen5_8
CROSS_SOURCE_EXACT_DUPLICATE,DS_CUSTOM_LIBRARY/packs/Gen7_DS_Backsprites/019sb_1.png,DS_CUSTOM_LIBRARY/packs/DS_Styled_Gen5_8/BACK GEN 7 SHINY/RATTATA_1.png,6e60772baf655419c215712a1dcf1ed301dd794bb08d142b19695e72ca552bfb,Gen7_DS_Backsprites,DS_Styled_Gen5_8
CROSS_SOURCE_EXACT_DUPLICATE,DS_CUSTOM_LIBRARY/packs/Gen7_DS_Backsprites/771sb.png,DS_CUSTOM_LIBRARY/packs/DS_Styled_Gen5_8/BACK GEN 7 SHINY/PYUKUMUKU.png,86150a75f4b870f0bff91cc34001ed2f355d5671e34312a95a7f65b577e368f4,Gen7_DS_Backsprites,DS_Styled_Gen5_8
CROSS_SOURCE_EXACT_DUPLICATE,DS_CUSTOM_LIBRARY/packs/Gen7_DS_Backsprites/763b.png,DS_CUSTOM_LIBRARY/packs/DS_Styled_Gen5_8/BACK GEN 7 NORMAL/TSAREENA.png,16a4d3e1386b0c055a199286b709ffdd761b73b1dd8d55c5b7c9ba03123fa0a2,Gen7_DS_Backsprites,DS_Styled_Gen5_8
CROSS_SOURCE_EXACT_DUPLICATE,DS_CUSTOM_LIBRARY/packs/Gen7_DS_Backsprites/753sb.png,DS_CUSTOM_LIBRARY/packs/DS_Styled_Gen5_8/BACK GEN 7 SHINY/FOMANTIS.png,4f6203ad1badaccd166391326939c6aa1bf42ae896c482aedc6b9b24a19ac1f3,Gen7_DS_Backsprites,DS_Styled_Gen5_8
CROSS_SOURCE_EXACT_DUPLICATE,DS_CUSTOM_LIBRARY/packs/Gen7_DS_Backsprites/803sb.png,DS_CUSTOM_LIBRARY/packs/DS_Styled_Gen5_8/BACK GEN 7 SHINY/POIPOLE.png,7660e415c3ac2e7d5a281f0bd1dc995f922d53f36160038b22fd380dc483461c,Gen7_DS_Backsprites,DS_Styled_Gen5_8
CROSS_SOURCE_EXACT_DUPLICATE,DS_CUSTOM_LIBRARY/packs/Gen7_DS_Backsprites/795sb.png,DS_CUSTOM_LIBRARY/packs/DS_Styled_Gen5_8/BACK GEN 7 SHINY/PHEROMOSA.png,5dcd0e4e32bc969b3fcd4a718caf3bfaf731228608519e1e5b769b4bb4a8421a,Gen7_DS_Backsprites,DS_Styled_Gen5_8
CROSS_SOURCE_EXACT_DUPLICATE,DS_CUSTOM_LIBRARY/packs/Gen7_DS_Backsprites/736b.png,DS_CUSTOM_LIBRARY/packs/DS_Styled_Gen5_8/BACK GEN 7 NORMAL/GRUBBIN.png,f99d0c6131d872661403f1541d273023e9ef56c9dd2040ebb165bebf75aeb0a9,Gen7_DS_Backsprites,DS_Styled_Gen5_8
CROSS_SOURCE_EXACT_DUPLICATE,DS_CUSTOM_LIBRARY/packs/Gen7_DS_Backsprites/718sb_1.png,DS_CUSTOM_LIBRARY/packs/DS_Styled_Gen5_8/BACK GEN 7 SHINY/ZYGARDE_1.png,e014c60d7c2ab5f06a7613c511f6a28a4654e6c0ab2dff4b23f4925b621748d0,Gen7_DS_Backsprites,DS_Styled_Gen5_8
CROSS_SOURCE_EXACT_DUPLICATE,DS_CUSTOM_LIBRARY/packs/Gen7_DS_Backsprites/770sb.png,DS_CUSTOM_LIBRARY/packs/DS_Styled_Gen5_8/BACK GEN 7 SHINY/PALOSSAND.png,8f293d1cc584a5f5b4f48415dc761c6faac2857319c4a958a669227d2462483f,Gen7_DS_Backsprites,DS_Styled_Gen5_8
CROSS_SOURCE_EXACT_DUPLICATE,DS_CUSTOM_LIBRARY/packs/Gen7_DS_Backsprites/791b.png,DS_CUSTOM_LIBRARY/packs/DS_Styled_Gen5_8/BACK GEN 7 NORMAL/SOLGALEO.png,7126d8d86fb35fe65c3505ef61e53797586389328a8cea250456443c8b0338ff,Gen7_DS_Backsprites,DS_Styled_Gen5_8
CROSS_SOURCE_EXACT_DUPLICATE,DS_CUSTOM_LIBRARY/packs/Gen7_DS_Backsprites/774b_9.png,DS_CUSTOM_LIBRARY/packs/DS_Styled_Gen5_8/BACK GEN 7 NORMAL/MINIOR_9.png,c472528a577ba5f2d81abc73cab12cab96ab7a6faebe16fb49fe2e03ade50f34,Gen7_DS_Backsprites,DS_Styled_Gen5_8
CROSS_SOURCE_EXACT_DUPLICATE,DS_CUSTOM_LIBRARY/packs/Gen7_DS_Backsprites/800b.png,DS_CUSTOM_LIBRARY/packs/DS_Styled_Gen5_8/BACK GEN 7 NORMAL/NECROZMA.png,0f5f0d078abcd92b974f80d4ea2bb69208ba5d2771d03842f9e9faafb36a73e6,Gen7_DS_Backsprites,DS_Styled_Gen5_8
CROSS_SOURCE_EXACT_DUPLICATE,DS_CUSTOM_LIBRARY/packs/Gen7_DS_Backsprites/774sb_7.png,DS_CUSTOM_LIBRARY/packs/DS_Styled_Gen5_8/BACK GEN 7 SHINY/MINIOR_7.png,009c4bb030b7a716b036510eb020e47b7e4b92925ce1cd3e51560c6e96eb1b14,Gen7_DS_Backsprites,DS_Styled_Gen5_8
CROSS_SOURCE_EXACT_DUPLICATE,DS_CUSTOM_LIBRARY/packs/Gen7_DS_Backsprites/725sb.png,DS_CUSTOM_LIBRARY/packs/DS_Styled_Gen5_8/BACK GEN 7 SHINY/LITTEN.png,87896752ad297cda54c4e05cb43d59510d226970e124370a18ae19d077c2f4c4,Gen7_DS_Backsprites,DS_Styled_Gen5_8
CROSS_SOURCE_EXACT_DUPLICATE,DS_CUSTOM_LIBRARY/packs/Gen7_DS_Backsprites/778sb.png,DS_CUSTOM_LIBRARY/packs/DS_Styled_Gen5_8/BACK GEN 7 SHINY/MIMIKYU.png,4d76b7226b5d958f2512236e71f0182764c3746231d75785369e9965f0d877f7,Gen7_DS_Backsprites,DS_Styled_Gen5_8
CROSS_SOURCE_EXACT_DUPLICATE,DS_CUSTOM_LIBRARY/packs/Gen7_DS_Backsprites/765sb.png,DS_CUSTOM_LIBRARY/packs/DS_Styled_Gen5_8/BACK GEN 7 SHINY/ORANGURU.png,c26110bb341dbfde0c7c1f8260b7110cdcb2174e45eff76dcc4d6fb8bdc578a6,Gen7_DS_Backsprites,DS_Styled_Gen5_8
CROSS_SOURCE_EXACT_DUPLICATE,DS_CUSTOM_LIBRARY/packs/Gen7_DS_Backsprites/802sb_1.png,DS_CUSTOM_LIBRARY/packs/DS_Styled_Gen5_8/BACK GEN 7 SHINY/MARSHADOW_1.png,93bf3418ec2a269940df4dd64338249b0bb43bc2733bffa01bf08074d9a28c39,Gen7_DS_Backsprites,DS_Styled_Gen5_8
CROSS_SOURCE_EXACT_DUPLICATE,DS_CUSTOM_LIBRARY/packs/Gen7_DS_Backsprites/785sb.png,DS_CUSTOM_LIBRARY/packs/DS_Styled_Gen5_8/BACK GEN 7 SHINY/TAPUKOKO.png,215f6d6a01894d1f09f0e97290c7ca6a304fab639a173fc7e64597ef011726d2,Gen7_DS_Backsprites,DS_Styled_Gen5_8
CROSS_SOURCE_EXACT_DUPLICATE,DS_CUSTOM_LIBRARY/packs/Gen7_DS_Backsprites/809b.png,DS_CUSTOM_LIBRARY/packs/DS_Styled_Gen5_8/BACK GEN 7 NORMAL/MELMETAL.png,4051a30a8f5c4531491a6e8d5d464d478098120ee628899517c86aa887ac82bf,Gen7_DS_Backsprites,DS_Styled_Gen5_8
CROSS_SOURCE_EXACT_DUPLICATE,DS_CUSTOM_LIBRARY/packs/Gen7_DS_Backsprites/052b_1.png,DS_CUSTOM_LIBRARY/packs/DS_Styled_Gen5_8/BACK GEN 7 NORMAL/MEOWTH_1.png,6f4f50fca7e6fd649bffaa1b91f0b2f80fe871db16967c3c4d157cf750aad981,Gen7_DS_Backsprites,DS_Styled_Gen5_8
CROSS_SOURCE_EXACT_DUPLICATE,DS_CUSTOM_LIBRARY/packs/Gen7_DS_Backsprites/805sb.png,DS_CUSTOM_LIBRARY/packs/DS_Styled_Gen5_8/BACK GEN 7 SHINY/STAKATAKA.png,cd2c319415e2dda1ed2b38d79aaa850b4018d6f7b99e71e2e744e2f99c29ef3b,Gen7_DS_Backsprites,DS_Styled_Gen5_8
CROSS_SOURCE_EXACT_DUPLICATE,DS_CUSTOM_LIBRARY/packs/Gen7_DS_Backsprites/749sb.png,DS_CUSTOM_LIBRARY/packs/DS_Styled_Gen5_8/BACK GEN 7 SHINY/MUDBRAY.png,353f3f0d051776196188a40baf86ebdef567f9cf2753a38ec4f8e7d278faee69,Gen7_DS_Backsprites,DS_Styled_Gen5_8
CROSS_SOURCE_EXACT_DUPLICATE,DS_CUSTOM_LIBRARY/packs/Gen7_DS_Backsprites/775sb.png,DS_CUSTOM_LIBRARY/packs/DS_Styled_Gen5_8/BACK GEN 7 SHINY/KOMALA.png,e9d1e8fd2c67d1d9db02d84a81a6e80ba9fbc7b9bb9e8ccbab7a8fe68d1db3b6,Gen7_DS_Backsprites,DS_Styled_Gen5_8
CROSS_SOURCE_EXACT_DUPLICATE,DS_CUSTOM_LIBRARY/packs/Gen7_DS_Backsprites/726b.png,DS_CUSTOM_LIBRARY/packs/DS_Styled_Gen5_8/BACK GEN 7 NORMAL/TORRACAT.png,e4d22228ab0abe7a190811cc97e35524c31e4432bc51a557040c9928d2f8fb50,Gen7_DS_Backsprites,DS_Styled_Gen5_8
CROSS_SOURCE_EXACT_DUPLICATE,DS_CUSTOM_LIBRARY/packs/Gen7_DS_Backsprites/762sb.png,DS_CUSTOM_LIBRARY/packs/DS_Styled_Gen5_8/BACK GEN 7 SHINY/STEENEE.png,affe1d6a74ff7b95dc519b1dce6455504f9552ab6602d938d8aef5f4f8626b4c,Gen7_DS_Backsprites,DS_Styled_Gen5_8
CROSS_SOURCE_EXACT_DUPLICATE,DS_CUSTOM_LIBRARY/packs/Gen7_DS_Backsprites/088b_1.png,DS_CUSTOM_LIBRARY/packs/DS_Styled_Gen5_8/BACK GEN 7 NORMAL/GRIMER_1.png,bc5d9c502ab580b8b09e7198f6e3b591cf453bdef0d48df920907c76d4c00449,Gen7_DS_Backsprites,DS_Styled_Gen5_8
CROSS_SOURCE_EXACT_DUPLICATE,DS_CUSTOM_LIBRARY/packs/Gen7_DS_Backsprites/741sb.png,DS_CUSTOM_LIBRARY/packs/DS_Styled_Gen5_8/BACK GEN 7 SHINY/ORICORIO.png,989d7f170481ba734a99ce2ea4fd9299055af2084d031c1c2983a5972af0a4ad,Gen7_DS_Backsprites,DS_Styled_Gen5_8
CROSS_SOURCE_EXACT_DUPLICATE,DS_CUSTOM_LIBRARY/packs/Gen7_DS_Backsprites/768sb.png,DS_CUSTOM_LIBRARY/packs/DS_Styled_Gen5_8/BACK GEN 7 SHINY/GOLISOPOD.png,b4a0f7077f3f1cbc9c48baa189d670959616a1c97bed7d36e53eb538f733c485,Gen7_DS_Backsprites,DS_Styled_Gen5_8
CROSS_SOURCE_EXACT_DUPLICATE,DS_CUSTOM_LIBRARY/packs/Gen7_DS_Backsprites/803b.png,DS_CUSTOM_LIBRARY/packs/DS_Styled_Gen5_8/BACK GEN 7 NORMAL/POIPOLE.png,24ef772e22a467d3cee93e1182f25b6ebe7784383a32db0a9ce65a789746b164,Gen7_DS_Backsprites,DS_Styled_Gen5_8
CROSS_SOURCE_EXACT_DUPLICATE,DS_CUSTOM_LIBRARY/packs/Gen7_DS_Backsprites/745b_2.png,DS_CUSTOM_LIBRARY/packs/DS_Styled_Gen5_8/BACK GEN 7 NORMAL/LYCANROC_2.png,aa463f85ca3aa34c15eb4b42237ef587eae1f13785e3dda706cae9dc78bdb67b,Gen7_DS_Backsprites,DS_Styled_Gen5_8
CROSS_SOURCE_EXACT_DUPLICATE,DS_CUSTOM_LIBRARY/packs/Gen7_DS_Backsprites/773b_8.png,DS_CUSTOM_LIBRARY/packs/DS_Styled_Gen5_8/BACK GEN 7 NORMAL/SILVALLY_8.png,aa22178b93b53e8692f1010c8262037c3d8e1afe655fe1585e9fd50186b84b82,Gen7_DS_Backsprites,DS_Styled_Gen5_8
CROSS_SOURCE_EXACT_DUPLICATE,DS_CUSTOM_LIBRARY/packs/Gen7_DS_Backsprites/737b.png,DS_CUSTOM_LIBRARY/packs/DS_Styled_Gen5_8/BACK GEN 7 NORMAL/CHARJABUG.png,d6919b865338b04556f2344487f64ab925a9c4780ecda92e5139d102f5d0f46a,Gen7_DS_Backsprites,DS_Styled_Gen5_8
CROSS_SOURCE_EXACT_DUPLICATE,DS_CUSTOM_LIBRARY/packs/Gen7_DS_Backsprites/718b_2.png,DS_CUSTOM_LIBRARY/packs/DS_Styled_Gen5_8/BACK GEN 7 NORMAL/ZYGARDE_2.png,78097a062534910f5c1e3722869eed56dfb69a2e9fab721d8ff216a8b8905ff9,Gen7_DS_Backsprites,DS_Styled_Gen5_8
CROSS_SOURCE_EXACT_DUPLICATE,DS_CUSTOM_LIBRARY/packs/DS_Styled_Gen5_8/BACK GEN 7 NORMAL/ZYGARDE_3.png,DS_CUSTOM_LIBRARY/packs/DS_Styled_Gen5_8/BACK GEN 7 NORMAL/ZYGARDE_2.png,78097a062534910f5c1e3722869eed56dfb69a2e9fab721d8ff216a8b8905ff9,DS_Styled_Gen5_8,DS_Styled_Gen5_8
CROSS_SOURCE_EXACT_DUPLICATE,DS_CUSTOM_LIBRARY/packs/Gen7_DS_Backsprites/733b.png,DS_CUSTOM_LIBRARY/packs/DS_Styled_Gen5_8/BACK GEN 7 NORMAL/TOUCANNON.png,9fb9ce9d17ae562238936ac770196da66a2d81dbcae9432dbe21e5171284cb39,Gen7_DS_Backsprites,DS_Styled_Gen5_8
CROSS_SOURCE_EXACT_DUPLICATE,DS_CUSTOM_LIBRARY/packs/Gen7_DS_Backsprites/037b_1.png,DS_CUSTOM_LIBRARY/packs/DS_Styled_Gen5_8/BACK GEN 7 NORMAL/VULPIX_1.png,cff54ce1232a97b9ede903903667d78ebf4be636b847876ed72593ea2fe154a3,Gen7_DS_Backsprites,DS_Styled_Gen5_8
CROSS_SOURCE_EXACT_DUPLICATE,DS_CUSTOM_LIBRARY/packs/Gen7_DS_Backsprites/757b.png,DS_CUSTOM_LIBRARY/packs/DS_Styled_Gen5_8/BACK GEN 7 NORMAL/SALANDIT.png,f6ab1ad0d94533e1b31c04ecc56bf73620d82c7cc2e1a2cbfee7d3d9b908e484,Gen7_DS_Backsprites,DS_Styled_Gen5_8
CROSS_SOURCE_EXACT_DUPLICATE,DS_CUSTOM_LIBRARY/packs/Gen7_DS_Backsprites/076sb_1.png,DS_CUSTOM_LIBRARY/packs/DS_Styled_Gen5_8/BACK GEN 7 SHINY/GOLEM_1.png,e1e0f5e3fedbf6d85756875243d19cd92061dcb67b2211406cbb3113f6e368b5,Gen7_DS_Backsprites,DS_Styled_Gen5_8
CROSS_SOURCE_EXACT_DUPLICATE,DS_CUSTOM_LIBRARY/packs/Gen7_DS_Backsprites/773b_3.png,DS_CUSTOM_LIBRARY/packs/DS_Styled_Gen5_8/BACK GEN 7 NORMAL/SILVALLY_3.png,ef961e9ce966e9de28f5f871e1a673c0800cc672a2d87a7681e43f1a05a182ec,Gen7_DS_Backsprites,DS_Styled_Gen5_8
CROSS_SOURCE_EXACT_DUPLICATE,DS_CUSTOM_LIBRARY/packs/Gen7_DS_Backsprites/732b.png,DS_CUSTOM_LIBRARY/packs/DS_Styled_Gen5_8/BACK GEN 7 NORMAL/TRUMBEAK.png,3c44ca64e79435acc8538b6a53f14368e0e276e8f7aa18e500cfd1ca0669bc63,Gen7_DS_Backsprites,DS_Styled_Gen5_8
CROSS_SOURCE_EXACT_DUPLICATE,DS_CUSTOM_LIBRARY/packs/Gen7_DS_Backsprites/787b.png,DS_CUSTOM_LIBRARY/packs/DS_Styled_Gen5_8/BACK GEN 7 NORMAL/TAPUBULU.png,e9550b2db90ec4c7caae40975df504bc41674f88429f2887f47a915c7a705a98,Gen7_DS_Backsprites,DS_Styled_Gen5_8
CROSS_SOURCE_EXACT_DUPLICATE,DS_CUSTOM_LIBRARY/packs/Gen7_DS_Backsprites/778b_1.png,DS_CUSTOM_LIBRARY/packs/DS_Styled_Gen5_8/BACK GEN 7 NORMAL/MIMIKYU_1.png,7e4a22ebb1cb531aad5acb311e59e6356880566f440af7e81ae5877e0e379091,Gen7_DS_Backsprites,DS_Styled_Gen5_8
CROSS_SOURCE_EXACT_DUPLICATE,DS_CUSTOM_LIBRARY/packs/Gen7_DS_Backsprites/741sb_2.png,DS_CUSTOM_LIBRARY/packs/DS_Styled_Gen5_8/BACK GEN 7 SHINY/ORICORIO_2.png,2b10c29a526fbef6164a4d7a8e96bbf256724432ec2f9ca81c518e760b80048b,Gen7_DS_Backsprites,DS_Styled_Gen5_8
CROSS_SOURCE_EXACT_DUPLICATE,DS_CUSTOM_LIBRARY/packs/Gen7_DS_Backsprites/760sb.png,DS_CUSTOM_LIBRARY/packs/DS_Styled_Gen5_8/BACK GEN 7 SHINY/BEWEAR.png,9c0bfd80636f79c6d29a635d9e256cbf93b58c596e75a2862f84d60ad9644c8d,Gen7_DS_Backsprites,DS_Styled_Gen5_8
CROSS_SOURCE_EXACT_DUPLICATE,DS_CUSTOM_LIBRARY/packs/Gen7_DS_Backsprites/019b_1.png,DS_CUSTOM_LIBRARY/packs/DS_Styled_Gen5_8/BACK GEN 7 NORMAL/RATTATA_1.png,34a67f4edca013b7e0160b457c109bf488b365f2b4f46f14ac2baeb1daa3a215,Gen7_DS_Backsprites,DS_Styled_Gen5_8
CROSS_SOURCE_EXACT_DUPLICATE,DS_CUSTOM_LIBRARY/packs/Gen7_DS_Backsprites/768b.png,DS_CUSTOM_LIBRARY/packs/DS_Styled_Gen5_8/BACK GEN 7 NORMAL/GOLISOPOD.png,c4dbe377736a7f4b4e73578211e16b328c90098a86087ab09910612997b78819,Gen7_DS_Backsprites,DS_Styled_Gen5_8
CROSS_SOURCE_EXACT_DUPLICATE,DS_CUSTOM_LIBRARY/packs/Gen7_DS_Backsprites/779b.png,DS_CUSTOM_LIBRARY/packs/DS_Styled_Gen5_8/BACK GEN 7 NORMAL/BRUXISH.png,1aa348e75e5051eed42774e162e25e44f349e13eb8dc89e9dc870a1ee417759b,Gen7_DS_Backsprites,DS_Styled_Gen5_8
CROSS_SOURCE_EXACT_DUPLICATE,DS_CUSTOM_LIBRARY/packs/Gen7_DS_Backsprites/761sb.png,DS_CUSTOM_LIBRARY/packs/DS_Styled_Gen5_8/BACK GEN 7 SHINY/BOUNSWEET.png,e97d195860bd199f5e1fe7778c6ef97e9dcdd1e3cc889e58184abf6c07fe20f3,Gen7_DS_Backsprites,DS_Styled_Gen5_8
CROSS_SOURCE_EXACT_DUPLICATE,DS_CUSTOM_LIBRARY/packs/Gen7_DS_Backsprites/774b_11.png,DS_CUSTOM_LIBRARY/packs/DS_Styled_Gen5_8/BACK GEN 7 NORMAL/MINIOR_11.png,8abf09e0f3b38200f85343d0851c8e3da83b5300bce00aa898df1cfc9eb40bd2,Gen7_DS_Backsprites,DS_Styled_Gen5_8
CROSS_SOURCE_EXACT_DUPLICATE,DS_CUSTOM_LIBRARY/packs/Gen7_DS_Backsprites/773b_11.png,DS_CUSTOM_LIBRARY/packs/DS_Styled_Gen5_8/BACK GEN 7 NORMAL/SILVALLY_11.png,f46cbda3a32d301dcdf5915e9d25236669bd6cb0d29b37d6b16a565ba251aab6,Gen7_DS_Backsprites,DS_Styled_Gen5_8
CROSS_SOURCE_EXACT_DUPLICATE,DS_CUSTOM_LIBRARY/packs/Gen7_DS_Backsprites/776sb.png,DS_CUSTOM_LIBRARY/packs/DS_Styled_Gen5_8/BACK GEN 7 SHINY/TURTONATOR.png,f8dd39cb54fa6c4c74c1bccd05aa545eee4a2a1fedea9edddbec26c87fcaf029,Gen7_DS_Backsprites,DS_Styled_Gen5_8
CROSS_SOURCE_EXACT_DUPLICATE,DS_CUSTOM_LIBRARY/packs/Gen7_DS_Backsprites/805b.png,DS_CUSTOM_LIBRARY/packs/DS_Styled_Gen5_8/BACK GEN 7 NORMAL/STAKATAKA.png,1d53735cfe12f649a6dc4dd48e3388daaf85ce71c721403d2e53e7dc50eaad19,Gen7_DS_Backsprites,DS_Styled_Gen5_8
CROSS_SOURCE_EXACT_DUPLICATE,DS_CUSTOM_LIBRARY/packs/Gen7_DS_Backsprites/792sb_1.png,DS_CUSTOM_LIBRARY/packs/DS_Styled_Gen5_8/BACK GEN 7 SHINY/LUNALA_1.png,0f09ea5544c0a08bc14c09556621ab0c6d57bb748d6dafdfa939d5a0afabe203,Gen7_DS_Backsprites,DS_Styled_Gen5_8
CROSS_SOURCE_EXACT_DUPLICATE,DS_CUSTOM_LIBRARY/packs/Gen7_DS_Backsprites/784b.png,DS_CUSTOM_LIBRARY/packs/DS_Styled_Gen5_8/BACK GEN 7 NORMAL/KOMMOO.png,493731f2625a3f8d787d3a3e2e7d2ef500c4d3766c2be891eaa48b7874307e7e,Gen7_DS_Backsprites,DS_Styled_Gen5_8
CROSS_SOURCE_EXACT_DUPLICATE,DS_CUSTOM_LIBRARY/packs/Gen7_DS_Backsprites/773sb_12.png,DS_CUSTOM_LIBRARY/packs/DS_Styled_Gen5_8/BACK GEN 7 SHINY/SILVALLY_12.png,6f570119c5b4a9c862be37c520509fb1338c2a608550d1e8373f07185a9e6427,Gen7_DS_Backsprites,DS_Styled_Gen5_8
CROSS_SOURCE_EXACT_DUPLICATE,DS_CUSTOM_LIBRARY/packs/Gen7_DS_Backsprites/074sb_1.png,DS_CUSTOM_LIBRARY/packs/DS_Styled_Gen5_8/BACK GEN 7 SHINY/GEODUDE_1.png,6ad9333a91aa7f76860976a408f0ddd8df20e8b84da770fc5f6878b09724e4a0,Gen7_DS_Backsprites,DS_Styled_Gen5_8
CROSS_SOURCE_EXACT_DUPLICATE,DS_CUSTOM_LIBRARY/packs/Gen7_DS_Backsprites/738b.png,DS_CUSTOM_LIBRARY/packs/DS_Styled_Gen5_8/BACK GEN 7 NORMAL/VIKAVOLT.png,60e4447f64e463917a8d8326a30a87f178caab895339334faf28cb049782c1a4,Gen7_DS_Backsprites,DS_Styled_Gen5_8
CROSS_SOURCE_EXACT_DUPLICATE,DS_CUSTOM_LIBRARY/packs/Gen7_DS_Backsprites/773b_16.png,DS_CUSTOM_LIBRARY/packs/DS_Styled_Gen5_8/BACK GEN 7 NORMAL/SILVALLY_16.png,7536437b3bbf5dcf8ce4e3e9b1e712a6891095f7f0d64cafb54e80d8e1f7d1c9,Gen7_DS_Backsprites,DS_Styled_Gen5_8
CROSS_SOURCE_EXACT_DUPLICATE,DS_CUSTOM_LIBRARY/packs/Gen7_DS_Backsprites/718sb_2.png,DS_CUSTOM_LIBRARY/packs/DS_Styled_Gen5_8/BACK GEN 7 SHINY/ZYGARDE_2.png,da6664996b8dd3d7c842267a9718375e073490a6cd9d9a5e51641635ef181fae,Gen7_DS_Backsprites,DS_Styled_Gen5_8
CROSS_SOURCE_EXACT_DUPLICATE,DS_CUSTOM_LIBRARY/packs/DS_Styled_Gen5_8/BACK GEN 7 SHINY/ZYGARDE_3.png,DS_CUSTOM_LIBRARY/packs/DS_Styled_Gen5_8/BACK GEN 7 SHINY/ZYGARDE_2.png,da6664996b8dd3d7c842267a9718375e073490a6cd9d9a5e51641635ef181fae,DS_Styled_Gen5_8,DS_Styled_Gen5_8
CROSS_SOURCE_EXACT_DUPLICATE,DS_CUSTOM_LIBRARY/packs/Gen7_DS_Backsprites/773sb_14.png,DS_CUSTOM_LIBRARY/packs/DS_Styled_Gen5_8/BACK GEN 7 SHINY/SILVALLY_14.png,d8c8048aa266ba2595561da74da327023b52771fb10dd3f6f5ac1c0a177cfb07,Gen7_DS_Backsprites,DS_Styled_Gen5_8
CROSS_SOURCE_EXACT_DUPLICATE,DS_CUSTOM_LIBRARY/packs/Gen7_DS_Backsprites/792b_1.png,DS_CUSTOM_LIBRARY/packs/DS_Styled_Gen5_8/BACK GEN 7 NORMAL/LUNALA_1.png,8972d0694cffd3b71800307459c4b9a864c98f57256089f6e01c7b53eadc2c20,Gen7_DS_Backsprites,DS_Styled_Gen5_8
CROSS_SOURCE_EXACT_DUPLICATE,DS_CUSTOM_LIBRARY/packs/Gen7_DS_Backsprites/774b_10.png,DS_CUSTOM_LIBRARY/packs/DS_Styled_Gen5_8/BACK GEN 7 NORMAL/MINIOR_10.png,0e739125e62d92a412f1b0c993964a3e15f470c4949b7e9f51b46df160655ef2,Gen7_DS_Backsprites,DS_Styled_Gen5_8
CROSS_SOURCE_EXACT_DUPLICATE,DS_CUSTOM_LIBRARY/packs/Gen7_DS_Backsprites/781b.png,DS_CUSTOM_LIBRARY/packs/DS_Styled_Gen5_8/BACK GEN 7 NORMAL/DHELMISE.png,e1838185398cb61e376be8fac366d974bb89ef85123e1ea95c8fcdb52b346cd5,Gen7_DS_Backsprites,DS_Styled_Gen5_8
CROSS_SOURCE_EXACT_DUPLICATE,DS_CUSTOM_LIBRARY/packs/Gen7_DS_Backsprites/774sb_9.png,DS_CUSTOM_LIBRARY/packs/DS_Styled_Gen5_8/BACK GEN 7 SHINY/MINIOR_9.png,fc907b2e3118e255691627e1be7c8a8049b0bc95ca22ff992e1c67b13f53b3ba,Gen7_DS_Backsprites,DS_Styled_Gen5_8
CROSS_SOURCE_EXACT_DUPLICATE,DS_CUSTOM_LIBRARY/packs/Gen7_DS_Backsprites/791b_1.png,DS_CUSTOM_LIBRARY/packs/DS_Styled_Gen5_8/BACK GEN 7 NORMAL/SOLGALEO_1.png,218fc248c0f0dc4795f5ebc881238c465c8c88120738f4f5d88b88bf59a34559,Gen7_DS_Backsprites,DS_Styled_Gen5_8
CROSS_SOURCE_EXACT_DUPLICATE,DS_CUSTOM_LIBRARY/packs/Gen7_DS_Backsprites/770b.png,DS_CUSTOM_LIBRARY/packs/DS_Styled_Gen5_8/BACK GEN 7 NORMAL/PALOSSAND.png,960bf8c425b752388dd35ee81058a27d50293b00c07cc648e844c3e387c1f920,Gen7_DS_Backsprites,DS_Styled_Gen5_8
CROSS_SOURCE_EXACT_DUPLICATE,DS_CUSTOM_LIBRARY/packs/Gen7_DS_Backsprites/800sb_2.png,DS_CUSTOM_LIBRARY/packs/DS_Styled_Gen5_8/BACK GEN 7 SHINY/NECROZMA_2.png,4c8131ce25093d5843034d7a872de68e05b7e2a1acfae742cbcd5121fc55b229,Gen7_DS_Backsprites,DS_Styled_Gen5_8
CROSS_SOURCE_EXACT_DUPLICATE,DS_CUSTOM_LIBRARY/packs/Gen7_DS_Backsprites/658sb_1.png,DS_CUSTOM_LIBRARY/packs/DS_Styled_Gen5_8/BACK GEN 7 SHINY/GRENINJA_1.png,82062fab9ae78e21b1be8195ed61f9c60f40d4ba5c813eb1b1013fd2300901f2,Gen7_DS_Backsprites,DS_Styled_Gen5_8
CROSS_SOURCE_EXACT_DUPLICATE,DS_CUSTOM_LIBRARY/packs/Gen7_DS_Backsprites/773sb_8.png,DS_CUSTOM_LIBRARY/packs/DS_Styled_Gen5_8/BACK GEN 7 SHINY/SILVALLY_8.png,f1e3ad578fb293d1db9684827311dac22aa31446182a49be9e96a323c00fd51c,Gen7_DS_Backsprites,DS_Styled_Gen5_8
CROSS_SOURCE_EXACT_DUPLICATE,DS_CUSTOM_LIBRARY/packs/Gen7_DS_Backsprites/794sb.png,DS_CUSTOM_LIBRARY/packs/DS_Styled_Gen5_8/BACK GEN 7 SHINY/BUZZWOLE.png,b002b090512af698349d285a146142262b874f849681eddd9324dbaa67b6c9f0,Gen7_DS_Backsprites,DS_Styled_Gen5_8
CROSS_SOURCE_EXACT_DUPLICATE,DS_CUSTOM_LIBRARY/packs/Gen7_DS_Backsprites/756b.png,DS_CUSTOM_LIBRARY/packs/DS_Styled_Gen5_8/BACK GEN 7 NORMAL/SHIINOTIC.png,ba5562999ebe9b69fb73851e79f0c15183cd9f3e8d66ab4005bf1569b91da976,Gen7_DS_Backsprites,DS_Styled_Gen5_8
CROSS_SOURCE_EXACT_DUPLICATE,DS_CUSTOM_LIBRARY/packs/Gen7_DS_Backsprites/750b.png,DS_CUSTOM_LIBRARY/packs/DS_Styled_Gen5_8/BACK GEN 7 NORMAL/MUDSDALE.png,e2dcaa2c0d774f4596cbcec7062a26c00651c94c3cafa7a2f5ee0ef41b7e60bd,Gen7_DS_Backsprites,DS_Styled_Gen5_8
CROSS_SOURCE_EXACT_DUPLICATE,DS_CUSTOM_LIBRARY/packs/Gen7_DS_Backsprites/746b_1.png,DS_CUSTOM_LIBRARY/packs/DS_Styled_Gen5_8/BACK GEN 7 NORMAL/WISHIWASHI_1.png,c349d58728b05cff3d0e7826806694861977776b2aee8a56e33c43db835934d3,Gen7_DS_Backsprites,DS_Styled_Gen5_8
CROSS_SOURCE_EXACT_DUPLICATE,DS_CUSTOM_LIBRARY/packs/Gen7_DS_Backsprites/741b_3.png,DS_CUSTOM_LIBRARY/packs/DS_Styled_Gen5_8/BACK GEN 7 NORMAL/ORICORIO_3.png,577fd3443c7b629cb1b7de6940952b929cfeff4e54c8089cdbd90693246a7786,Gen7_DS_Backsprites,DS_Styled_Gen5_8
CROSS_SOURCE_EXACT_DUPLICATE,DS_CUSTOM_LIBRARY/packs/Gen7_DS_Backsprites/787sb.png,DS_CUSTOM_LIBRARY/packs/DS_Styled_Gen5_8/BACK GEN 7 SHINY/TAPUBULU.png,3609f6dc67723adc74b023242105f0a942faa0d7c1a6c143ffaba671b81ad222,Gen7_DS_Backsprites,DS_Styled_Gen5_8
CROSS_SOURCE_EXACT_DUPLICATE,DS_CUSTOM_LIBRARY/packs/Gen7_DS_Backsprites/027b_1.png,DS_CUSTOM_LIBRARY/packs/DS_Styled_Gen5_8/BACK GEN 7 NORMAL/SANDSHREW_1.png,3f887a3dad16cb2fc6192d18444dd54c18a64e56f9f99cad368f1d48cccca84c,Gen7_DS_Backsprites,DS_Styled_Gen5_8
CROSS_SOURCE_EXACT_DUPLICATE,DS_CUSTOM_LIBRARY/packs/Gen7_DS_Backsprites/741b_1.png,DS_CUSTOM_LIBRARY/packs/DS_Styled_Gen5_8/BACK GEN 7 NORMAL/ORICORIO_1.png,30d54f16cf1010a00df4c46bc42d3a105469765da2db0f5da62184d4d8bebd19,Gen7_DS_Backsprites,DS_Styled_Gen5_8
CROSS_SOURCE_EXACT_DUPLICATE,DS_CUSTOM_LIBRARY/packs/Gen7_DS_Backsprites/774sb_12.png,DS_CUSTOM_LIBRARY/packs/DS_Styled_Gen5_8/BACK GEN 7 SHINY/MINIOR_12.png,96329600ba180914cf66e05ad764f1f28320c47f15d5ae013bbdfafd5d74b458,Gen7_DS_Backsprites,DS_Styled_Gen5_8
CROSS_SOURCE_EXACT_DUPLICATE,DS_CUSTOM_LIBRARY/packs/Gen7_DS_Backsprites/773sb_18.png,DS_CUSTOM_LIBRARY/packs/DS_Styled_Gen5_8/BACK GEN 7 SHINY/SILVALLY_18.png,8ad312109d2c5822891c359e34ba5cbd5a8f4fbcdb42332734ce91b6e2a16ab8,Gen7_DS_Backsprites,DS_Styled_Gen5_8
CROSS_SOURCE_EXACT_DUPLICATE,DS_CUSTOM_LIBRARY/packs/Gen7_DS_Backsprites/808b.png,DS_CUSTOM_LIBRARY/packs/DS_Styled_Gen5_8/BACK GEN 7 NORMAL/MELTAN.png,20a5bef1bb7832d323112c0f3480a3612958e02b597379dea6ec7fe0b9122cfe,Gen7_DS_Backsprites,DS_Styled_Gen5_8
CROSS_SOURCE_EXACT_DUPLICATE,DS_CUSTOM_LIBRARY/packs/Gen7_DS_Backsprites/739sb.png,DS_CUSTOM_LIBRARY/packs/DS_Styled_Gen5_8/BACK GEN 7 SHINY/CRABRAWLER.png,e4b8627a96e58518082f55cff93f2457904bbfa80f16c184dca783c0c7874e09,Gen7_DS_Backsprites,DS_Styled_Gen5_8
CROSS_SOURCE_EXACT_DUPLICATE,DS_CUSTOM_LIBRARY/packs/Gen7_DS_Backsprites/755b.png,DS_CUSTOM_LIBRARY/packs/DS_Styled_Gen5_8/BACK GEN 7 NORMAL/MORELULL.png,3b4ce5133de0d1e92a66a9cff6ebbf61b3515fc033db1ecf82824f6906082118,Gen7_DS_Backsprites,DS_Styled_Gen5_8
CROSS_SOURCE_EXACT_DUPLICATE,DS_CUSTOM_LIBRARY/packs/Gen7_DS_Backsprites/784sb.png,DS_CUSTOM_LIBRARY/packs/DS_Styled_Gen5_8/BACK GEN 7 SHINY/KOMMOO.png,7e21cbacda13825f4394c3adbc272d967fe9c214ecad2937a97c886191ec2209,Gen7_DS_Backsprites,DS_Styled_Gen5_8
CROSS_SOURCE_EXACT_DUPLICATE,DS_CUSTOM_LIBRARY/packs/Gen7_DS_Backsprites/076b_1.png,DS_CUSTOM_LIBRARY/packs/DS_Styled_Gen5_8/BACK GEN 7 NORMAL/GOLEM_1.png,653052f2eca95d3eff92b093e912d3ed0af794c5c9dd62891ecb5d660818c385,Gen7_DS_Backsprites,DS_Styled_Gen5_8
CROSS_SOURCE_EXACT_DUPLICATE,DS_CUSTOM_LIBRARY/packs/Gen7_DS_Backsprites/804b.png,DS_CUSTOM_LIBRARY/packs/DS_Styled_Gen5_8/BACK GEN 7 NORMAL/NAGANADEL.png,755d7c46b2dbb53c54e696aade7a1724ad294f6d0d4b2304b53fbe083e10a78a,Gen7_DS_Backsprites,DS_Styled_Gen5_8
CROSS_SOURCE_EXACT_DUPLICATE,DS_CUSTOM_LIBRARY/packs/Gen7_DS_Backsprites/051b_1.png,DS_CUSTOM_LIBRARY/packs/DS_Styled_Gen5_8/BACK GEN 7 NORMAL/DUGTRIO_1.png,d7491cac57371c3bca715b1ea1b784e20eaca80b6b58f050b2ffb93d92897a97,Gen7_DS_Backsprites,DS_Styled_Gen5_8
CROSS_SOURCE_EXACT_DUPLICATE,DS_CUSTOM_LIBRARY/packs/Gen7_DS_Backsprites/773sb_13.png,DS_CUSTOM_LIBRARY/packs/DS_Styled_Gen5_8/BACK GEN 7 SHINY/SILVALLY_13.png,802e2662da6c43fc55a27bff464241bfd91132d9b8b49319a3ccf5b740d72ae0,Gen7_DS_Backsprites,DS_Styled_Gen5_8
CROSS_SOURCE_EXACT_DUPLICATE,DS_CUSTOM_LIBRARY/packs/Gen7_DS_Backsprites/786b.png,DS_CUSTOM_LIBRARY/packs/DS_Styled_Gen5_8/BACK GEN 7 NORMAL/TAPULELE.png,c3b31196cf274cd15deee61e79981391a2afe9b2d15cf225f76d58e923d5cd12,Gen7_DS_Backsprites,DS_Styled_Gen5_8
CROSS_SOURCE_EXACT_DUPLICATE,DS_CUSTOM_LIBRARY/packs/Gen7_DS_Backsprites/806sb.png,DS_CUSTOM_LIBRARY/packs/DS_Styled_Gen5_8/BACK GEN 7 SHINY/BLACEPHALON.png,f0b0294d13da19a87ed8c7ab6f7de203f2498f7473923520a0f486800b7a5dc4,Gen7_DS_Backsprites,DS_Styled_Gen5_8
CROSS_SOURCE_EXACT_DUPLICATE,DS_CUSTOM_LIBRARY/packs/Gen7_DS_Backsprites/792b.png,DS_CUSTOM_LIBRARY/packs/DS_Styled_Gen5_8/BACK GEN 7 NORMAL/LUNALA.png,3f4f78c91912f6a476af7409bf6a02d478c18351298b2b868d8c8ffa375bc54c,Gen7_DS_Backsprites,DS_Styled_Gen5_8
CROSS_SOURCE_EXACT_DUPLICATE,DS_CUSTOM_LIBRARY/packs/Gen7_DS_Backsprites/773sb_5.png,DS_CUSTOM_LIBRARY/packs/DS_Styled_Gen5_8/BACK GEN 7 SHINY/SILVALLY_5.png,e0498d386b07f4ceab6b946a6aefffb1cd5fc1218c84836e6a3f49bdfd2bc828,Gen7_DS_Backsprites,DS_Styled_Gen5_8
CROSS_SOURCE_EXACT_DUPLICATE,DS_CUSTOM_LIBRARY/packs/Gen7_DS_Backsprites/773b_14.png,DS_CUSTOM_LIBRARY/packs/DS_Styled_Gen5_8/BACK GEN 7 NORMAL/SILVALLY_14.png,9ea4f51cbc9dc701db15b3ffa299c90fb7e0d1a173444fb5e09e49ad697b8acf,Gen7_DS_Backsprites,DS_Styled_Gen5_8
CROSS_SOURCE_EXACT_DUPLICATE,DS_CUSTOM_LIBRARY/packs/Gen7_DS_Backsprites/752b.png,DS_CUSTOM_LIBRARY/packs/DS_Styled_Gen5_8/BACK GEN 7 NORMAL/ARAQUANID.png,341ef808cc06af7785168d5388188ae9244ee3fd17d5e402600f254f7bd35263,Gen7_DS_Backsprites,DS_Styled_Gen5_8
CROSS_SOURCE_EXACT_DUPLICATE,DS_CUSTOM_LIBRARY/packs/Gen7_DS_Backsprites/774b_13.png,DS_CUSTOM_LIBRARY/packs/DS_Styled_Gen5_8/BACK GEN 7 NORMAL/MINIOR_13.png,fcff6e1d23b888e0022b1b1cd69d281c8a582d8e437de4f8291b5bce6e576eb1,Gen7_DS_Backsprites,DS_Styled_Gen5_8
CROSS_SOURCE_EXACT_DUPLICATE,DS_CUSTOM_LIBRARY/packs/Gen7_DS_Backsprites/769sb.png,DS_CUSTOM_LIBRARY/packs/DS_Styled_Gen5_8/BACK GEN 7 SHINY/SANDYGAST.png,bc4edc2452b95002b3f230f4737422f8e5da6f55fec882a7aa7af6028b67ff26,Gen7_DS_Backsprites,DS_Styled_Gen5_8
CROSS_SOURCE_EXACT_DUPLICATE,DS_CUSTOM_LIBRARY/packs/Gen7_DS_Backsprites/773b_12.png,DS_CUSTOM_LIBRARY/packs/DS_Styled_Gen5_8/BACK GEN 7 NORMAL/SILVALLY_12.png,26d9549c82ed807ef8a829d76e2d22eb87826e9b447e194331a87c407a89fdbd,Gen7_DS_Backsprites,DS_Styled_Gen5_8
CROSS_SOURCE_EXACT_DUPLICATE,DS_CUSTOM_LIBRARY/packs/Gen7_DS_Backsprites/773sb_4.png,DS_CUSTOM_LIBRARY/packs/DS_Styled_Gen5_8/BACK GEN 7 SHINY/SILVALLY_4.png,66a54ea774e2b56bedec380c42184ef0513129f84b151bcaf8676398455a4e83,Gen7_DS_Backsprites,DS_Styled_Gen5_8
CROSS_SOURCE_EXACT_DUPLICATE,DS_CUSTOM_LIBRARY/packs/Gen7_DS_Backsprites/103sb_1.png,DS_CUSTOM_LIBRARY/packs/DS_Styled_Gen5_8/BACK GEN 7 SHINY/EXEGGUTOR_1.png,be9320719d46e06678994f62f0790edcc313ca83f5b100d8142b212396bbaadc,Gen7_DS_Backsprites,DS_Styled_Gen5_8
CROSS_SOURCE_EXACT_DUPLICATE,DS_CUSTOM_LIBRARY/packs/Gen7_DS_Backsprites/773sb_6.png,DS_CUSTOM_LIBRARY/packs/DS_Styled_Gen5_8/BACK GEN 7 SHINY/SILVALLY_6.png,863189b31b8fcf632d4ad978985fd15c6a41db8329cd66af179bd83c6d7f4cb3,Gen7_DS_Backsprites,DS_Styled_Gen5_8
CROSS_SOURCE_EXACT_DUPLICATE,DS_CUSTOM_LIBRARY/packs/Gen7_DS_Backsprites/748sb.png,DS_CUSTOM_LIBRARY/packs/DS_Styled_Gen5_8/BACK GEN 7 SHINY/TOXAPEX.png,7be2b016e291e5a1431c68cfe847a60ec8f50d7d0015db0c3fc59db147a8669a,Gen7_DS_Backsprites,DS_Styled_Gen5_8
CROSS_SOURCE_EXACT_DUPLICATE,DS_CUSTOM_LIBRARY/packs/Gen7_DS_Backsprites/053b_1.png,DS_CUSTOM_LIBRARY/packs/DS_Styled_Gen5_8/BACK GEN 7 NORMAL/PERSIAN_1.png,b02343d6e49b685d3d8e1c519f7584cdf1344c61e975f239795aeb62b6c1de00,Gen7_DS_Backsprites,DS_Styled_Gen5_8
CROSS_SOURCE_EXACT_DUPLICATE,DS_CUSTOM_LIBRARY/packs/Gen7_DS_Backsprites/792sb.png,DS_CUSTOM_LIBRARY/packs/DS_Styled_Gen5_8/BACK GEN 7 SHINY/LUNALA.png,10904b3379295be9a31419b54c50e26501405dbc90b6c5b99c0504cfa77d9ee0,Gen7_DS_Backsprites,DS_Styled_Gen5_8
CROSS_SOURCE_EXACT_DUPLICATE,DS_CUSTOM_LIBRARY/packs/Gen7_DS_Backsprites/745sb.png,DS_CUSTOM_LIBRARY/packs/DS_Styled_Gen5_8/BACK GEN 7 SHINY/LYCANROC.png,80f2840883b8401a50f3d0989b90ef8222775825dd0022eab37ebee7df32a329,Gen7_DS_Backsprites,DS_Styled_Gen5_8
CROSS_SOURCE_EXACT_DUPLICATE,DS_CUSTOM_LIBRARY/packs/Gen7_DS_Backsprites/658b_1.png,DS_CUSTOM_LIBRARY/packs/DS_Styled_Gen5_8/BACK GEN 7 NORMAL/GRENINJA_1.png,702d71c9a16df405616d5af42c65c128be98499b00bdd44de4ffa89e713cf7b4,Gen7_DS_Backsprites,DS_Styled_Gen5_8
CROSS_SOURCE_EXACT_DUPLICATE,DS_CUSTOM_LIBRARY/packs/Gen7_DS_Backsprites/780b.png,DS_CUSTOM_LIBRARY/packs/DS_Styled_Gen5_8/BACK GEN 7 NORMAL/DRAMPA.png,69d3f456208f6a8b61a502416c200ba6715e3f9e593a80b8a790f5d87a9d4914,Gen7_DS_Backsprites,DS_Styled_Gen5_8
CROSS_SOURCE_EXACT_DUPLICATE,DS_CUSTOM_LIBRARY/packs/Gen7_DS_Backsprites/797b.png,DS_CUSTOM_LIBRARY/packs/DS_Styled_Gen5_8/BACK GEN 7 NORMAL/CELESTEELA.png,351cc9ba815eb1ce7fcb6bab14947a5f6297a8a1a925326f926fd4a191bc7748,Gen7_DS_Backsprites,DS_Styled_Gen5_8
CROSS_SOURCE_EXACT_DUPLICATE,DS_CUSTOM_LIBRARY/packs/Gen7_DS_Backsprites/751sb.png,DS_CUSTOM_LIBRARY/packs/DS_Styled_Gen5_8/BACK GEN 7 SHINY/DEWPIDER.png,2dba94f885ff308f0542535de0818eb43d55dc458ac6f2efd03a40b079854469,Gen7_DS_Backsprites,DS_Styled_Gen5_8
CROSS_SOURCE_EXACT_DUPLICATE,DS_CUSTOM_LIBRARY/packs/Gen7_DS_Backsprites/052sb_1.png,DS_CUSTOM_LIBRARY/packs/DS_Styled_Gen5_8/BACK GEN 7 SHINY/MEOWTH_1.png,a98ffd6aab3ef4e4f355ee3f434bef457cf709064486f354087e5b70a66c0098,Gen7_DS_Backsprites,DS_Styled_Gen5_8
CROSS_SOURCE_EXACT_DUPLICATE,DS_CUSTOM_LIBRARY/packs/Gen7_DS_Backsprites/774b_7.png,DS_CUSTOM_LIBRARY/packs/DS_Styled_Gen5_8/BACK GEN 7 NORMAL/MINIOR_7.png,e7920e71cdaaa0998bb60c5db018ec346838b005ea319af1ec84eb85cfe222dc,Gen7_DS_Backsprites,DS_Styled_Gen5_8
CROSS_SOURCE_EXACT_DUPLICATE,DS_CUSTOM_LIBRARY/packs/Gen7_DS_Backsprites/783b.png,DS_CUSTOM_LIBRARY/packs/DS_Styled_Gen5_8/BACK GEN 7 NORMAL/HAKAMOO.png,034263c98341a6ff22376bd70ba5d310f28bf306a098f273f30064a7b59ba0e4,Gen7_DS_Backsprites,DS_Styled_Gen5_8
CROSS_SOURCE_EXACT_DUPLICATE,DS_CUSTOM_LIBRARY/packs/Gen7_DS_Backsprites/727b.png,DS_CUSTOM_LIBRARY/packs/DS_Styled_Gen5_8/BACK GEN 7 NORMAL/INCINEROAR.png,cf34e3f15a45dc9b0503c81bae52af6b1791281bfb74813456fac24bc91aa301,Gen7_DS_Backsprites,DS_Styled_Gen5_8
CROSS_SOURCE_EXACT_DUPLICATE,DS_CUSTOM_LIBRARY/packs/Gen7_DS_Backsprites/801b.png,DS_CUSTOM_LIBRARY/packs/DS_Styled_Gen5_8/BACK GEN 7 NORMAL/MAGEARNA.png,0e23a84cd4c380a2f2a4d6cf74107e544a6c7e5d55b5fd6c2e8ea322206fdcb6,Gen7_DS_Backsprites,DS_Styled_Gen5_8
CROSS_SOURCE_EXACT_DUPLICATE,DS_CUSTOM_LIBRARY/packs/Gen7_DS_Backsprites/745sb_2.png,DS_CUSTOM_LIBRARY/packs/DS_Styled_Gen5_8/BACK GEN 7 SHINY/LYCANROC_2.png,d436ec893515c515ff40074e8db04eb101756ea3fb3344c27311272562134eea,Gen7_DS_Backsprites,DS_Styled_Gen5_8
CROSS_SOURCE_EXACT_DUPLICATE,DS_CUSTOM_LIBRARY/packs/Gen7_DS_Backsprites/773sb_16.png,DS_CUSTOM_LIBRARY/packs/DS_Styled_Gen5_8/BACK GEN 7 SHINY/SILVALLY_16.png,1586574ec46515a5df0dd45c9200160f8894b6ba510c6f78601ba43d92aba38a,Gen7_DS_Backsprites,DS_Styled_Gen5_8
CROSS_SOURCE_EXACT_DUPLICATE,DS_CUSTOM_LIBRARY/packs/Festival_BiggusWeeabus/BiggusWeeabus/Hawlucha RedesignS.png,DS_CUSTOM_LIBRARY/packs/Fakemon_Festival_Full/Fakemon Festival Pack/BiggusWeeabus/Hawlucha RedesignS.png,487dc34c4afe81bac3a7d61a56d8e6882b7119123492670758552b194e77a200,Festival_BiggusWeeabus,Fakemon_Festival_Full
CROSS_SOURCE_EXACT_DUPLICATE,DS_CUSTOM_LIBRARY/packs/Festival_BiggusWeeabus/BiggusWeeabus/(Carbink Evo) Princie.png,DS_CUSTOM_LIBRARY/packs/Fakemon_Festival_Full/Fakemon Festival Pack/BiggusWeeabus/(Carbink Evo) Princie.png,cf47351db6e22687df327f09fd541233ce1320fd59c3d609e41f0bc96ad96f5a,Festival_BiggusWeeabus,Fakemon_Festival_Full
CROSS_SOURCE_EXACT_DUPLICATE,DS_CUSTOM_LIBRARY/packs/Festival_BiggusWeeabus/BiggusWeeabus/Mega NoctowlS.png,DS_CUSTOM_LIBRARY/packs/Fakemon_Festival_Full/Fakemon Festival Pack/BiggusWeeabus/Mega NoctowlS.png,bc662fc828f0d50c318b4be247e2a29ffb75e8b979454ab6941b1d3b22001d20,Festival_BiggusWeeabus,Fakemon_Festival_Full
CROSS_SOURCE_EXACT_DUPLICATE,DS_CUSTOM_LIBRARY/packs/Festival_BiggusWeeabus/BiggusWeeabus/Hawlucha Redesign.png,DS_CUSTOM_LIBRARY/packs/Fakemon_Festival_Full/Fakemon Festival Pack/BiggusWeeabus/Hawlucha Redesign.png,704834f4bc9447e85756be0b9290945f28f6ede6d9839ad45dbcf1df9aa4ccf9,Festival_BiggusWeeabus,Fakemon_Festival_Full
CROSS_SOURCE_EXACT_DUPLICATE,DS_CUSTOM_LIBRARY/packs/Festival_BiggusWeeabus/BiggusWeeabus/Mega StaraptorSB.png,DS_CUSTOM_LIBRARY/packs/Fakemon_Festival_Full/Fakemon Festival Pack/BiggusWeeabus/Mega StaraptorSB.png,bc953f6e5b2c9fe056fda5bc1bc345f13b1b97ed5c9724332581fa01ac064a50,Festival_BiggusWeeabus,Fakemon_Festival_Full
CROSS_SOURCE_EXACT_DUPLICATE,DS_CUSTOM_LIBRARY/packs/Festival_BiggusWeeabus/BiggusWeeabus/Barbaracle RedesignS.png,DS_CUSTOM_LIBRARY/packs/Fakemon_Festival_Full/Fakemon Festival Pack/BiggusWeeabus/Barbaracle RedesignS.png,8a208b79134f6854ae227c4455acac80677b358513ac7d3f15ebdbdf473cfbe1,Festival_BiggusWeeabus,Fakemon_Festival_Full
CROSS_SOURCE_EXACT_DUPLICATE,DS_CUSTOM_LIBRARY/packs/Festival_BiggusWeeabus/BiggusWeeabus/Rotom-DataS.png,DS_CUSTOM_LIBRARY/packs/Fakemon_Festival_Full/Fakemon Festival Pack/BiggusWeeabus/Rotom-DataS.png,b5289413d04dd14f46e084fdc2ea25112f405557602420efe2458e498cce26a6,Festival_BiggusWeeabus,Fakemon_Festival_Full
CROSS_SOURCE_EXACT_DUPLICATE,DS_CUSTOM_LIBRARY/packs/Festival_BiggusWeeabus/BiggusWeeabus/Barbaracle Redesign.png,DS_CUSTOM_LIBRARY/packs/Fakemon_Festival_Full/Fakemon Festival Pack/BiggusWeeabus/Barbaracle Redesign.png,10648d40567cc879c19477edf25d4333d37a1e30dfba15d9d8504fbda0b4c3cc,Festival_BiggusWeeabus,Fakemon_Festival_Full
CROSS_SOURCE_EXACT_DUPLICATE,DS_CUSTOM_LIBRARY/packs/Festival_BiggusWeeabus/BiggusWeeabus/Mega Porygon-Z.png,DS_CUSTOM_LIBRARY/packs/Fakemon_Festival_Full/Fakemon Festival Pack/BiggusWeeabus/Mega Porygon-Z.png,b40112368d059b1a44e92afc9f8b993db7ce66295ba6a95d2afe6d935582ce17,Festival_BiggusWeeabus,Fakemon_Festival_Full
CROSS_SOURCE_EXACT_DUPLICATE,DS_CUSTOM_LIBRARY/packs/Festival_BiggusWeeabus/BiggusWeeabus/Mega StaraptorS.png,DS_CUSTOM_LIBRARY/packs/Fakemon_Festival_Full/Fakemon Festival Pack/BiggusWeeabus/Mega StaraptorS.png,cb4dc0febfdd4fa84f8ec1505b44c247a71b368a1f4fe45602c26e6c081e74e9,Festival_BiggusWeeabus,Fakemon_Festival_Full
CROSS_SOURCE_EXACT_DUPLICATE,DS_CUSTOM_LIBRARY/packs/Festival_BiggusWeeabus/BiggusWeeabus/Aromatisse RedesignS.png,DS_CUSTOM_LIBRARY/packs/Fakemon_Festival_Full/Fakemon Festival Pack/BiggusWeeabus/Aromatisse RedesignS.png,285ea020d707b1f7ad9c5359376b51a109952789d497b07967a57a4685a4550e,Festival_BiggusWeeabus,Fakemon_Festival_Full
CROSS_SOURCE_EXACT_DUPLICATE,DS_CUSTOM_LIBRARY/packs/Festival_BiggusWeeabus/BiggusWeeabus/Mega Princie.png,DS_CUSTOM_LIBRARY/packs/Fakemon_Festival_Full/Fakemon Festival Pack/BiggusWeeabus/Mega Princie.png,a5188983826d8fbe68502cb0a5ade2ae340206fca961fe3fc60281bc826dd04c,Festival_BiggusWeeabus,Fakemon_Festival_Full
CROSS_SOURCE_EXACT_DUPLICATE,DS_CUSTOM_LIBRARY/packs/Festival_BiggusWeeabus/BiggusWeeabus/Mega StaraptorB.png,DS_CUSTOM_LIBRARY/packs/Fakemon_Festival_Full/Fakemon Festival Pack/BiggusWeeabus/Mega StaraptorB.png,b63328373d52a04f7e4bab8789a68d344b37ef022a7cc437f42c3f986df5ac93,Festival_BiggusWeeabus,Fakemon_Festival_Full
CROSS_SOURCE_EXACT_DUPLICATE,DS_CUSTOM_LIBRARY/packs/Festival_BiggusWeeabus/BiggusWeeabus/Mega Porygon-ZS.png,DS_CUSTOM_LIBRARY/packs/Fakemon_Festival_Full/Fakemon Festival Pack/BiggusWeeabus/Mega Porygon-ZS.png,7c134d3d71fca13a3b80421b8791a0d321864b5db83daf03d815cf54ac125dcf,Festival_BiggusWeeabus,Fakemon_Festival_Full
CROSS_SOURCE_EXACT_DUPLICATE,DS_CUSTOM_LIBRARY/packs/Festival_BiggusWeeabus/BiggusWeeabus/Mega PrincieS.png,DS_CUSTOM_LIBRARY/packs/Fakemon_Festival_Full/Fakemon Festival Pack/BiggusWeeabus/Mega PrincieS.png,4ec1a224ecace8bccc8f67540b83759477093a9f68c908b775153cd6ca6d9f47,Festival_BiggusWeeabus,Fakemon_Festival_Full
CROSS_SOURCE_EXACT_DUPLICATE,DS_CUSTOM_LIBRARY/packs/Festival_BiggusWeeabus/BiggusWeeabus/Mega Noctowl.png,DS_CUSTOM_LIBRARY/packs/Fakemon_Festival_Full/Fakemon Festival Pack/BiggusWeeabus/Mega Noctowl.png,de01ebcae7d6d4c0d23829d7300e472d428ccf48b3ec6bfd8c6c75464280f02b,Festival_BiggusWeeabus,Fakemon_Festival_Full
CROSS_SOURCE_EXACT_DUPLICATE,DS_CUSTOM_LIBRARY/packs/Festival_BiggusWeeabus/BiggusWeeabus/(Carbink Evo) PrincieS.png,DS_CUSTOM_LIBRARY/packs/Fakemon_Festival_Full/Fakemon Festival Pack/BiggusWeeabus/(Carbink Evo) PrincieS.png,cec9055f581cf15d25a6bed1ff0d348a555ef14ba8ed3413cae9aaaa8417861f,Festival_BiggusWeeabus,Fakemon_Festival_Full
CROSS_SOURCE_EXACT_DUPLICATE,DS_CUSTOM_LIBRARY/packs/Festival_BiggusWeeabus/BiggusWeeabus/Aromatisse Redesign.png,DS_CUSTOM_LIBRARY/packs/Fakemon_Festival_Full/Fakemon Festival Pack/BiggusWeeabus/Aromatisse Redesign.png,45ca006e11300f76b88a81fdd62e94c5214defd057346ba62c878a5f17813f79,Festival_BiggusWeeabus,Fakemon_Festival_Full
CROSS_SOURCE_EXACT_DUPLICATE,DS_CUSTOM_LIBRARY/packs/Festival_BiggusWeeabus/BiggusWeeabus/Rotom-Data.png,DS_CUSTOM_LIBRARY/packs/Fakemon_Festival_Full/Fakemon Festival Pack/BiggusWeeabus/Rotom-Data.png,2829468f8dbe31a67a92663497b506dff3d782b76ce311a3739753e5a2fde7f3,Festival_BiggusWeeabus,Fakemon_Festival_Full
CROSS_SOURCE_EXACT_DUPLICATE,DS_CUSTOM_LIBRARY/packs/Festival_BiggusWeeabus/BiggusWeeabus/Mega Staraptor.png,DS_CUSTOM_LIBRARY/packs/Fakemon_Festival_Full/Fakemon Festival Pack/BiggusWeeabus/Mega Staraptor.png,a24cdf26f991e1ca35481885c2442477fbedd644b0c44bc714d69b6ab636ec43,Festival_BiggusWeeabus,Fakemon_Festival_Full
CROSS_SOURCE_EXACT_DUPLICATE,DS_CUSTOM_LIBRARY/packs/Festival_Piacarrot/Piacarrot/Claspoak.png,DS_CUSTOM_LIBRARY/packs/Fakemon_Festival_Full/Fakemon Festival Pack/Piacarrot/Claspoak.png,ff16cdf19f8b8fe2e12eca6ab5b3376a62308093c5e3ae22d27ba69cedcb7c79,Festival_Piacarrot,Fakemon_Festival_Full
CROSS_SOURCE_EXACT_DUPLICATE,DS_CUSTOM_LIBRARY/packs/Festival_Piacarrot/Piacarrot/Reindeer2.png,DS_CUSTOM_LIBRARY/packs/Fakemon_Festival_Full/Fakemon Festival Pack/Piacarrot/Reindeer2.png,016ad8f583e66f6f0a3eb1ebd5a575e9de1200aac061cec1ae383278f1383ea8,Festival_Piacarrot,Fakemon_Festival_Full
CROSS_SOURCE_EXACT_DUPLICATE,DS_CUSTOM_LIBRARY/packs/Festival_Piacarrot/Piacarrot/Fumaggot.png,DS_CUSTOM_LIBRARY/packs/Fakemon_Festival_Full/Fakemon Festival Pack/Piacarrot/Fumaggot.png,f910be2955bcb2e149966bdc91876eefa2f618e16169602e66cd43f3601e6b55,Festival_Piacarrot,Fakemon_Festival_Full
CROSS_SOURCE_EXACT_DUPLICATE,DS_CUSTOM_LIBRARY/packs/Festival_Piacarrot/Piacarrot/UFO.png,DS_CUSTOM_LIBRARY/packs/Fakemon_Festival_Full/Fakemon Festival Pack/Piacarrot/UFO.png,15b21cc8aa6b590920a6e98ac3a5af4a3df3f7f94a1d35e9939769f1d2b7c7e0,Festival_Piacarrot,Fakemon_Festival_Full
CROSS_SOURCE_EXACT_DUPLICATE,DS_CUSTOM_LIBRARY/packs/Festival_Piacarrot/Piacarrot/Carcharock.png,DS_CUSTOM_LIBRARY/packs/Fakemon_Festival_Full/Fakemon Festival Pack/Piacarrot/Carcharock.png,3b647f096d0f9051107d835839679e710ef30dbf87ebde8edd06b3de8ea2ab4a,Festival_Piacarrot,Fakemon_Festival_Full
CROSS_SOURCE_EXACT_DUPLICATE,DS_CUSTOM_LIBRARY/packs/Festival_Piacarrot/Piacarrot/Claymorior.png,DS_CUSTOM_LIBRARY/packs/Fakemon_Festival_Full/Fakemon Festival Pack/Piacarrot/Claymorior.png,841de4e933e8139a4929dbb2f7a96ad0ad55726efd2742f491ce029cd21db638,Festival_Piacarrot,Fakemon_Festival_Full
CROSS_SOURCE_EXACT_DUPLICATE,DS_CUSTOM_LIBRARY/packs/Festival_Piacarrot/Piacarrot/Gupphish.png,DS_CUSTOM_LIBRARY/packs/Fakemon_Festival_Full/Fakemon Festival Pack/Piacarrot/Gupphish.png,6bc77eb5af0e52bd1040924545402d50f658e098315a8b83a24bf02deae140a5,Festival_Piacarrot,Fakemon_Festival_Full
CROSS_SOURCE_EXACT_DUPLICATE,DS_CUSTOM_LIBRARY/packs/Festival_Piacarrot/Piacarrot/Regalance.png,DS_CUSTOM_LIBRARY/packs/Fakemon_Festival_Full/Fakemon Festival Pack/Piacarrot/Regalance.png,28b0349e7147f692434a035529a2b238ea151c207c7ef26927a9fc7ab320c0b4,Festival_Piacarrot,Fakemon_Festival_Full
CROSS_SOURCE_EXACT_DUPLICATE,DS_CUSTOM_LIBRARY/packs/Festival_Piacarrot/Piacarrot/Gupphire.png,DS_CUSTOM_LIBRARY/packs/Fakemon_Festival_Full/Fakemon Festival Pack/Piacarrot/Gupphire.png,856cc1c3d0f6dfed2117d80ac23b37d8051c69a05eb9252c494eaee96c94f152,Festival_Piacarrot,Fakemon_Festival_Full
CROSS_SOURCE_EXACT_DUPLICATE,DS_CUSTOM_LIBRARY/packs/Festival_Piacarrot/Piacarrot/Beluga.png,DS_CUSTOM_LIBRARY/packs/Fakemon_Festival_Full/Fakemon Festival Pack/Piacarrot/Beluga.png,5dfe1dc6878992d024413bbcb455a6e9c46729168c8a1a762ad4388b1a5f5a1b,Festival_Piacarrot,Fakemon_Festival_Full
CROSS_SOURCE_EXACT_DUPLICATE,DS_CUSTOM_LIBRARY/packs/Festival_Piacarrot/Piacarrot/Golnagi.png,DS_CUSTOM_LIBRARY/packs/Fakemon_Festival_Full/Fakemon Festival Pack/Piacarrot/Golnagi.png,62c5c52df86f827c94ebf1a4adb6262fec2ce4ad3115ba35ee2e58540adea30f,Festival_Piacarrot,Fakemon_Festival_Full
CROSS_SOURCE_EXACT_DUPLICATE,DS_CUSTOM_LIBRARY/packs/Festival_Piacarrot/Piacarrot/Reindeer1.png,DS_CUSTOM_LIBRARY/packs/Fakemon_Festival_Full/Fakemon Festival Pack/Piacarrot/Reindeer1.png,98ab35dddc6b1b2f359a356b4e6f6956ff4790a658ce712d57d3100458286874,Festival_Piacarrot,Fakemon_Festival_Full
CROSS_SOURCE_EXACT_DUPLICATE,DS_CUSTOM_LIBRARY/packs/Festival_Altaira/Altaira/Nibsh.png,DS_CUSTOM_LIBRARY/packs/Fakemon_Festival_Full/Fakemon Festival Pack/Altaira/Front/NIBSH.png,47497024dd8bcc8f36ab51be433041a3c2e9275782db0dbe80f2e17c2de087c5,Festival_Altaira,Fakemon_Festival_Full
CROSS_SOURCE_EXACT_DUPLICATE,DS_CUSTOM_LIBRARY/packs/Festival_Altaira/Altaira/Miglau.png,DS_CUSTOM_LIBRARY/packs/Fakemon_Festival_Full/Fakemon Festival Pack/Altaira/Front/MIGLAU.png,d28fbf3336dd90265242281ddffb189960782d8546e7cab4338a551c06043207,Festival_Altaira,Fakemon_Festival_Full
CROSS_SOURCE_EXACT_DUPLICATE,DS_CUSTOM_LIBRARY/packs/Festival_Altaira/Altaira/Aevituu.png,DS_CUSTOM_LIBRARY/packs/Fakemon_Festival_Full/Fakemon Festival Pack/Altaira/Front/AEVITUU.png,04019d9e2f6319426bdb856d0b066a025284afdad7534aa64cdc23959a722b33,Festival_Altaira,Fakemon_Festival_Full
CROSS_SOURCE_EXACT_DUPLICATE,DS_CUSTOM_LIBRARY/packs/Festival_Altaira/Altaira/Snowlide.png,DS_CUSTOM_LIBRARY/packs/Fakemon_Festival_Full/Fakemon Festival Pack/Altaira/Front/SNOWLIDE.png,1ecb5c1046cd55ce3a65f3d882375376144acf30672a393cd40c0ccc2b422ff2,Festival_Altaira,Fakemon_Festival_Full
CROSS_SOURCE_EXACT_DUPLICATE,DS_CUSTOM_LIBRARY/packs/Festival_Altaira/Altaira/Goataur.png,DS_CUSTOM_LIBRARY/packs/Fakemon_Festival_Full/Fakemon Festival Pack/Altaira/Front/GOATAUR.png,3d6f8fbc66b3783ea8d03968fa88bc1c2e58fc8ac27ef06d30605af1d463f1d1,Festival_Altaira,Fakemon_Festival_Full
CROSS_SOURCE_EXACT_DUPLICATE,DS_CUSTOM_LIBRARY/packs/Festival_Altaira/Altaira/Disglow.png,DS_CUSTOM_LIBRARY/packs/Fakemon_Festival_Full/Fakemon Festival Pack/Altaira/Front/DISGLOW.png,a323fa3ae3cac891b6bb1d3e3e980609f4c64dba79d0c176d1784cc31968bed5,Festival_Altaira,Fakemon_Festival_Full
CROSS_SOURCE_EXACT_DUPLICATE,DS_CUSTOM_LIBRARY/packs/Festival_Altaira/Altaira/Breezar.png,DS_CUSTOM_LIBRARY/packs/Fakemon_Festival_Full/Fakemon Festival Pack/Altaira/Front/BREEZAR.png,1d0be33b97a352e531442f8f398de71cb400368227735092900f58ef7e50d664,Festival_Altaira,Fakemon_Festival_Full
CROSS_SOURCE_EXACT_DUPLICATE,DS_CUSTOM_LIBRARY/packs/Festival_Altaira/Altaira/Esperug.png,DS_CUSTOM_LIBRARY/packs/Fakemon_Festival_Full/Fakemon Festival Pack/Altaira/Front/ESPERUG.png,ce0a05b4844f7d385dffe87294816e6a52036888925471782ebae205ee547915,Festival_Altaira,Fakemon_Festival_Full
CROSS_SOURCE_EXACT_DUPLICATE,DS_CUSTOM_LIBRARY/packs/Festival_Altaira/Altaira/Tribbug.png,DS_CUSTOM_LIBRARY/packs/Fakemon_Festival_Full/Fakemon Festival Pack/Altaira/Front/TRIBBUG.png,2b9b08e0dcea04046833da952013da5b3b9c952568d01371bb56d6e21720a8d3,Festival_Altaira,Fakemon_Festival_Full
CROSS_SOURCE_EXACT_DUPLICATE,DS_CUSTOM_LIBRARY/packs/Festival_Altaira/Altaira/Quex.png,DS_CUSTOM_LIBRARY/packs/Fakemon_Festival_Full/Fakemon Festival Pack/Altaira/Front/QUEX.png,453d71b6e1f459f9058d12e220254c1faf6deab042fbd7d61fb70b13e5adaa58,Festival_Altaira,Fakemon_Festival_Full
CROSS_SOURCE_EXACT_DUPLICATE,DS_CUSTOM_LIBRARY/packs/Festival_Altaira/Altaira/Chihah.png,DS_CUSTOM_LIBRARY/packs/Fakemon_Festival_Full/Fakemon Festival Pack/Altaira/Front/CHIHAH.png,50739ef1fab0b1227b9af0f8c191c8baabeae815fdf16fb0d80c06916657eabc,Festival_Altaira,Fakemon_Festival_Full
CROSS_SOURCE_EXACT_DUPLICATE,DS_CUSTOM_LIBRARY/packs/Festival_Altaira/Altaira/Crystune.png,DS_CUSTOM_LIBRARY/packs/Fakemon_Festival_Full/Fakemon Festival Pack/Altaira/Front/CRYSTUNE.png,54cfbe9929adf790a5e5985b0bf1b54b5fd18057db885a72c3b49ceaf72517a8,Festival_Altaira,Fakemon_Festival_Full
CROSS_SOURCE_EXACT_DUPLICATE,DS_CUSTOM_LIBRARY/packs/Festival_Altaira/Altaira/Skabi.png,DS_CUSTOM_LIBRARY/packs/Fakemon_Festival_Full/Fakemon Festival Pack/Altaira/Front/SKABI.png,62702188eb8c49cb0d20ce02a29acd979ea2a9aaf98d609181161c26bba3778b,Festival_Altaira,Fakemon_Festival_Full
CROSS_SOURCE_EXACT_DUPLICATE,DS_CUSTOM_LIBRARY/packs/Festival_Altaira/Altaira/Barrake.png,DS_CUSTOM_LIBRARY/packs/Fakemon_Festival_Full/Fakemon Festival Pack/Altaira/Front/BARRAKE.png,531ee802ff58d96b2b5d45f5e109506137ee5e25ae4d0ddaef83a8059915d123,Festival_Altaira,Fakemon_Festival_Full
CROSS_SOURCE_EXACT_DUPLICATE,DS_CUSTOM_LIBRARY/packs/Festival_Altaira/Altaira/Cryscoon.png,DS_CUSTOM_LIBRARY/packs/Fakemon_Festival_Full/Fakemon Festival Pack/Altaira/Front/CRYSCOON.png,24412dfbe92db97003e51073b6843750928d46f3e73f8d6b5c4f5d2fc4a4a666,Festival_Altaira,Fakemon_Festival_Full
CROSS_SOURCE_EXACT_DUPLICATE,DS_CUSTOM_LIBRARY/packs/Festival_Altaira/Altaira/Unex.png,DS_CUSTOM_LIBRARY/packs/Fakemon_Festival_Full/Fakemon Festival Pack/Altaira/Front/UNEX.png,94597f37ff4045e1fc20592cc13693cd0a931fe35b9067f88edfb08445c849ea,Festival_Altaira,Fakemon_Festival_Full
CROSS_SOURCE_EXACT_DUPLICATE,DS_CUSTOM_LIBRARY/packs/Festival_Altaira/Altaira/Wacish.png,DS_CUSTOM_LIBRARY/packs/Fakemon_Festival_Full/Fakemon Festival Pack/Altaira/Front/WACISH.png,51ad9b2360c6b9c44195e12b1a1d2e7401b1d73b917def13adfa4d3cbb4ffb5c,Festival_Altaira,Fakemon_Festival_Full
CROSS_SOURCE_EXACT_DUPLICATE,DS_CUSTOM_LIBRARY/packs/Festival_Altaira/Altaira/Kraschauf.png,DS_CUSTOM_LIBRARY/packs/Fakemon_Festival_Full/Fakemon Festival Pack/Altaira/Front/KRASCHAUF.png,c84a74022e7d4c861760ab3842ac4989edcd902f68de318508e48605b9753791,Festival_Altaira,Fakemon_Festival_Full
CROSS_SOURCE_EXACT_DUPLICATE,DS_CUSTOM_LIBRARY/packs/Festival_Altaira/Altaira/Guarmico.png,DS_CUSTOM_LIBRARY/packs/Fakemon_Festival_Full/Fakemon Festival Pack/Altaira/Front/GUARMICO.png,a44b307936b56598ca920dbe69ea4365ec759b46f035c761eefbc0d4fed2a1e4,Festival_Altaira,Fakemon_Festival_Full
CROSS_SOURCE_EXACT_DUPLICATE,DS_CUSTOM_LIBRARY/packs/Festival_Altaira/Altaira/Lanya.png,DS_CUSTOM_LIBRARY/packs/Fakemon_Festival_Full/Fakemon Festival Pack/Altaira/Front/LANYA.png,dc8153f02195d1b9e6e7db2e00b8830497323533881f2c51edf97c28011fd6d8,Festival_Altaira,Fakemon_Festival_Full
CROSS_SOURCE_EXACT_DUPLICATE,DS_CUSTOM_LIBRARY/packs/Festival_Altaira/Altaira/Manitas.png,DS_CUSTOM_LIBRARY/packs/Fakemon_Festival_Full/Fakemon Festival Pack/Altaira/Front/MANITAS.png,d84756421979472a1070e7f8c7233934d11caf7d2549a7a00d2de53151e61750,Festival_Altaira,Fakemon_Festival_Full
CROSS_SOURCE_EXACT_DUPLICATE,DS_CUSTOM_LIBRARY/packs/Festival_Altaira/Altaira/Marvog.png,DS_CUSTOM_LIBRARY/packs/Fakemon_Festival_Full/Fakemon Festival Pack/Altaira/Front/MARVOG.png,0f28ffb646a300acf76861ed260ef1d47ec836d949dbfd3624be96305bbb5272,Festival_Altaira,Fakemon_Festival_Full
CROSS_SOURCE_EXACT_DUPLICATE,DS_CUSTOM_LIBRARY/packs/Festival_Altaira/Altaira/Waveece.png,DS_CUSTOM_LIBRARY/packs/Fakemon_Festival_Full/Fakemon Festival Pack/Altaira/Front/WAVEECE.png,5cb5c0a99302b12374310a4a22e473806a75ccc4c9b5ae248fabecb7a4bd606f,Festival_Altaira,Fakemon_Festival_Full
CROSS_SOURCE_EXACT_DUPLICATE,DS_CUSTOM_LIBRARY/packs/Festival_Altaira/Altaira/Reguran.png,DS_CUSTOM_LIBRARY/packs/Fakemon_Festival_Full/Fakemon Festival Pack/Altaira/Front/REGURAN.png,a3b7d1309d84ed6775f258e867a627dce3ff937658bf3eafbdcbbe05f6004ac7,Festival_Altaira,Fakemon_Festival_Full
CROSS_SOURCE_EXACT_DUPLICATE,DS_CUSTOM_LIBRARY/packs/Festival_Altaira/Altaira/Shokoff.png,DS_CUSTOM_LIBRARY/packs/Fakemon_Festival_Full/Fakemon Festival Pack/Altaira/Front/SHOKOFF.png,6f59bdfda2bc5835ea6a205fe630ce80d0015a5b3cce3da551bf6634e4c0e888,Festival_Altaira,Fakemon_Festival_Full
CROSS_SOURCE_EXACT_DUPLICATE,DS_CUSTOM_LIBRARY/packs/Festival_Altaira/Altaira/Arbermy.png,DS_CUSTOM_LIBRARY/packs/Fakemon_Festival_Full/Fakemon Festival Pack/Altaira/Front/ARBERMY.png,7bb31e896906419112e86b6ebe55ac2da230467318d8ae36602a4d813ea8df70,Festival_Altaira,Fakemon_Festival_Full
CROSS_SOURCE_EXACT_DUPLICATE,DS_CUSTOM_LIBRARY/packs/Festival_Altaira/Altaira/Pyron.png,DS_CUSTOM_LIBRARY/packs/Fakemon_Festival_Full/Fakemon Festival Pack/Altaira/Front/PYRON.png,5fe7d4c34281abba571750a40d3900968bdbd5af2d242595c11d99aa7e924310,Festival_Altaira,Fakemon_Festival_Full
CROSS_SOURCE_EXACT_DUPLICATE,DS_CUSTOM_LIBRARY/packs/Festival_Altaira/Altaira/Neri.png,DS_CUSTOM_LIBRARY/packs/Fakemon_Festival_Full/Fakemon Festival Pack/Altaira/Front/NERI.png,1981593fe10a063e8a26d5303b64253979808722033acf30ec734aad93a8aa7b,Festival_Altaira,Fakemon_Festival_Full
CROSS_SOURCE_EXACT_DUPLICATE,DS_CUSTOM_LIBRARY/packs/Festival_Altaira/Altaira/Pyrain.png,DS_CUSTOM_LIBRARY/packs/Fakemon_Festival_Full/Fakemon Festival Pack/Altaira/Front/PYRAIN.png,51f94577bfa80d8419ce6e8d412c3dd3c4a278f012dec88c05f9422e2f831945,Festival_Altaira,Fakemon_Festival_Full
CROSS_SOURCE_EXACT_DUPLICATE,DS_CUSTOM_LIBRARY/packs/Festival_Altaira/Altaira/Salamber.png,DS_CUSTOM_LIBRARY/packs/Fakemon_Festival_Full/Fakemon Festival Pack/Altaira/Front/SALAMBER.png,4e904062f7912f38b64f32683f14ba6ae93a8232f4ff87708db5cc7d535f484c,Festival_Altaira,Fakemon_Festival_Full
CROSS_SOURCE_EXACT_DUPLICATE,DS_CUSTOM_LIBRARY/packs/Festival_Altaira/Altaira/Embadon.png,DS_CUSTOM_LIBRARY/packs/Fakemon_Festival_Full/Fakemon Festival Pack/Altaira/Front/EMBADON.png,352a0e71268e774e4dfd4ca1a747bb8a76240d42eb4a5a49d13a93d85573f4cc,Festival_Altaira,Fakemon_Festival_Full
CROSS_SOURCE_EXACT_DUPLICATE,DS_CUSTOM_LIBRARY/packs/Festival_Altaira/Altaira/Glaucon.png,DS_CUSTOM_LIBRARY/packs/Fakemon_Festival_Full/Fakemon Festival Pack/Altaira/Front/GLAUCON.png,40b7af41cc29aff6d0afd147477165e370b409837f3a5a4d6fe4236ae03691a1,Festival_Altaira,Fakemon_Festival_Full
CROSS_SOURCE_EXACT_DUPLICATE,DS_CUSTOM_LIBRARY/packs/Festival_Altaira/Altaira/Snofsy.png,DS_CUSTOM_LIBRARY/packs/Fakemon_Festival_Full/Fakemon Festival Pack/Altaira/Front/SNOFSY.png,93a631780112d9b7a62a16fd34c2065e195c5c1b16875ae670ddb402e1ddec92,Festival_Altaira,Fakemon_Festival_Full
CROSS_SOURCE_EXACT_DUPLICATE,DS_CUSTOM_LIBRARY/packs/Festival_Altaira/Altaira/Dozein.png,DS_CUSTOM_LIBRARY/packs/Fakemon_Festival_Full/Fakemon Festival Pack/Altaira/Front/DOZEIN.png,84c73e7714d55c153f0b79b8cda2ef575e1ebd9290b99913637d5142669a39f5,Festival_Altaira,Fakemon_Festival_Full
CROSS_SOURCE_EXACT_DUPLICATE,DS_CUSTOM_LIBRARY/packs/Festival_Altaira/Altaira/Meltup.png,DS_CUSTOM_LIBRARY/packs/Fakemon_Festival_Full/Fakemon Festival Pack/Altaira/Front/MELTUP.png,f1f81362d44386d97d2e80cf92f472122c7475181df30578756a23a2c5bf9474,Festival_Altaira,Fakemon_Festival_Full
CROSS_SOURCE_EXACT_DUPLICATE,DS_CUSTOM_LIBRARY/packs/Festival_Altaira/Altaira/Goatyr.png,DS_CUSTOM_LIBRARY/packs/Fakemon_Festival_Full/Fakemon Festival Pack/Altaira/Front/GOATYR.png,217793a1589da8ecd2f078f5436e1ea0eaac6e9885c5cac67e13702771a1763b,Festival_Altaira,Fakemon_Festival_Full
CROSS_SOURCE_EXACT_DUPLICATE,DS_CUSTOM_LIBRARY/packs/Festival_Altaira/Altaira/Gramarvog.png,DS_CUSTOM_LIBRARY/packs/Fakemon_Festival_Full/Fakemon Festival Pack/Altaira/Front/GRAMARVOG.png,0991fd524cad4e2d3a6af765df55b6a789291bcc2a8e8946c7fe502424c8cbde,Festival_Altaira,Fakemon_Festival_Full
CROSS_SOURCE_EXACT_DUPLICATE,DS_CUSTOM_LIBRARY/packs/Festival_Altaira/Altaira/Lanternim.png,DS_CUSTOM_LIBRARY/packs/Fakemon_Festival_Full/Fakemon Festival Pack/Altaira/Front/LANTERNIM.png,71d0c4d195d7eb543d21e3710d7792bd8b85921d1a565766e35441c74bfdd93c,Festival_Altaira,Fakemon_Festival_Full
CROSS_SOURCE_EXACT_DUPLICATE,DS_CUSTOM_LIBRARY/packs/Festival_Altaira/Altaira/Deveep.png,DS_CUSTOM_LIBRARY/packs/Fakemon_Festival_Full/Fakemon Festival Pack/Altaira/Front/DEVEEP.png,c90026981ebe158733f40279fddb5ecc3e54024687182b40a691f8c021c12d0c,Festival_Altaira,Fakemon_Festival_Full
CROSS_SOURCE_EXACT_DUPLICATE,DS_CUSTOM_LIBRARY/packs/Festival_Altaira/Altaira/Zerbbadon.png,DS_CUSTOM_LIBRARY/packs/Fakemon_Festival_Full/Fakemon Festival Pack/Altaira/Front/ZERBBADON.png,01fc9a8ca2becbda867d342b31b99b8beac91e305562838ec495454c303a00a6,Festival_Altaira,Fakemon_Festival_Full
CROSS_SOURCE_EXACT_DUPLICATE,DS_CUSTOM_LIBRARY/packs/Festival_Altaira/Altaira/Lalame.png,DS_CUSTOM_LIBRARY/packs/Fakemon_Festival_Full/Fakemon Festival Pack/Altaira/Front/LALAME.png,fe14bea169b507677066aafb49e624258f1ec7581dd5a07879b6c47cd8dc495f,Festival_Altaira,Fakemon_Festival_Full
CROSS_SOURCE_EXACT_DUPLICATE,DS_CUSTOM_LIBRARY/packs/Festival_Altaira/Altaira/Narfion.png,DS_CUSTOM_LIBRARY/packs/Fakemon_Festival_Full/Fakemon Festival Pack/Altaira/Front/NARFION.png,8c3606de8cdefc39c1e77009962ff2e05ab74239ff768cee121548ae931f6945,Festival_Altaira,Fakemon_Festival_Full
CROSS_SOURCE_EXACT_DUPLICATE,DS_CUSTOM_LIBRARY/packs/Festival_Altaira/Altaira/Cheboom.png,DS_CUSTOM_LIBRARY/packs/Fakemon_Festival_Full/Fakemon Festival Pack/Altaira/Front/CHEBOOM.png,b83e3a1d93084f0eed2661b5a2c0ff42d367b1b8d555cf37ed2fa348c853eef5,Festival_Altaira,Fakemon_Festival_Full
CROSS_SOURCE_EXACT_DUPLICATE,DS_CUSTOM_LIBRARY/packs/Festival_Altaira/Altaira/Griffy.png,DS_CUSTOM_LIBRARY/packs/Fakemon_Festival_Full/Fakemon Festival Pack/Altaira/Front/GRIFFY.png,04a19cc8aa01a6928fdd63773f5e6ca83c8ec5e706fe5cb49c3bdb857a626f5c,Festival_Altaira,Fakemon_Festival_Full
CROSS_SOURCE_EXACT_DUPLICATE,DS_CUSTOM_LIBRARY/packs/Festival_Altaira/Altaira/Woodill.png,DS_CUSTOM_LIBRARY/packs/Fakemon_Festival_Full/Fakemon Festival Pack/Altaira/Front/WOODILL.png,b7f5c6b73f377c52a9a179966d0cc675d027a7d618c7b5168c50ce60c169cd40,Festival_Altaira,Fakemon_Festival_Full
CROSS_SOURCE_EXACT_DUPLICATE,DS_CUSTOM_LIBRARY/packs/Festival_Altaira/Altaira/Miyak.png,DS_CUSTOM_LIBRARY/packs/Fakemon_Festival_Full/Fakemon Festival Pack/Altaira/Front/MIYAK.png,896dba061707389084420ad7f1fc0b69d9539faa63af19621ac9c7128e3d7deb,Festival_Altaira,Fakemon_Festival_Full
CROSS_SOURCE_EXACT_DUPLICATE,DS_CUSTOM_LIBRARY/packs/Festival_Altaira/Altaira/Seiramp.png,DS_CUSTOM_LIBRARY/packs/Fakemon_Festival_Full/Fakemon Festival Pack/Altaira/Front/SEIRAMP.png,d1ac2a9c45e4b1f44ea5e9f1851846dfaba3c34ab4406fac797b9f01c5d8be73,Festival_Altaira,Fakemon_Festival_Full
CROSS_SOURCE_EXACT_DUPLICATE,DS_CUSTOM_LIBRARY/packs/Festival_Altaira/Altaira/Habkid.png,DS_CUSTOM_LIBRARY/packs/Fakemon_Festival_Full/Fakemon Festival Pack/Altaira/Front/HABKID.png,32c2a0f8213b21c3b3f1e2cfd21571561e9b4b3ee4f5a22b53cc900a94a51f32,Festival_Altaira,Fakemon_Festival_Full
CROSS_SOURCE_EXACT_DUPLICATE,DS_CUSTOM_LIBRARY/packs/Festival_Altaira/Altaira/Moonap.png,DS_CUSTOM_LIBRARY/packs/Fakemon_Festival_Full/Fakemon Festival Pack/Altaira/Front/MOONAP.png,8cec561c8f69a60f049bb81dc8447e446e31f8150014faf9efb0e679e6dcefc4,Festival_Altaira,Fakemon_Festival_Full
CROSS_SOURCE_EXACT_DUPLICATE,DS_CUSTOM_LIBRARY/packs/Festival_Altaira/Altaira/Pawky.png,DS_CUSTOM_LIBRARY/packs/Fakemon_Festival_Full/Fakemon Festival Pack/Altaira/Front/PAWKY.png,c557d984597d1da3c4e547a02b97aac685cbe729d09994b75b6ba122625d3f14,Festival_Altaira,Fakemon_Festival_Full
CROSS_SOURCE_EXACT_DUPLICATE,DS_CUSTOM_LIBRARY/packs/Festival_Altaira/Altaira/Slence.png,DS_CUSTOM_LIBRARY/packs/Fakemon_Festival_Full/Fakemon Festival Pack/Altaira/Front/SLENCE.png,f654aacccc1166c965f00d67f029a0eb616d139d6ed081fae61854c382cacb26,Festival_Altaira,Fakemon_Festival_Full
CROSS_SOURCE_EXACT_DUPLICATE,DS_CUSTOM_LIBRARY/packs/Festival_Altaira/Altaira/Gemdil.png,DS_CUSTOM_LIBRARY/packs/Fakemon_Festival_Full/Fakemon Festival Pack/Altaira/Front/GEMDIL.png,73bcb4f6afe0f926de54f81eb6d2c939ca9902185fbf753ee155853ec554b536,Festival_Altaira,Fakemon_Festival_Full
CROSS_SOURCE_EXACT_DUPLICATE,DS_CUSTOM_LIBRARY/packs/Festival_Altaira/Altaira/Defendio.png,DS_CUSTOM_LIBRARY/packs/Fakemon_Festival_Full/Fakemon Festival Pack/Altaira/Front/DEFENDIO.png,d866ef4829f5b4ce8a8e34c7670d882b20dfbf4db40fd34f38d9c62a4971662c,Festival_Altaira,Fakemon_Festival_Full
CROSS_SOURCE_EXACT_DUPLICATE,DS_CUSTOM_LIBRARY/packs/Festival_Altaira/Altaira/Kappid.png,DS_CUSTOM_LIBRARY/packs/Fakemon_Festival_Full/Fakemon Festival Pack/Altaira/Front/KAPPID.png,62ee8c07b764c0eba884e52d965282f84ed7fbafefe1f940b0d340a6dcc92cfa,Festival_Altaira,Fakemon_Festival_Full
CROSS_SOURCE_EXACT_DUPLICATE,DS_CUSTOM_LIBRARY/packs/Festival_Altaira/Altaira/Rimpcrush.png,DS_CUSTOM_LIBRARY/packs/Fakemon_Festival_Full/Fakemon Festival Pack/Altaira/Front/RIMPCRUSH.png,c15c90cbcf0f30198ce1d9097ffe7e2473b756a909b574324a07bb674b99b0d9,Festival_Altaira,Fakemon_Festival_Full
CROSS_SOURCE_EXACT_DUPLICATE,DS_CUSTOM_LIBRARY/packs/Festival_Altaira/Altaira/Chiepapa.png,DS_CUSTOM_LIBRARY/packs/Fakemon_Festival_Full/Fakemon Festival Pack/Altaira/Front/CHIEPAPA.png,222ccf40e2b12008c073f582fbd0dd3c0f5f1dab4a6e82f21594a6bb4e9768c0,Festival_Altaira,Fakemon_Festival_Full
CROSS_SOURCE_EXACT_DUPLICATE,DS_CUSTOM_LIBRARY/packs/Festival_Altaira/Altaira/Rongett.png,DS_CUSTOM_LIBRARY/packs/Fakemon_Festival_Full/Fakemon Festival Pack/Altaira/Front/RONGETT.png,9f9ef7dbb4717510ba4cb64291cf7ff6a0aaa25a8f7599fc4105dfc7210a0a02,Festival_Altaira,Fakemon_Festival_Full
CROSS_SOURCE_EXACT_DUPLICATE,DS_CUSTOM_LIBRARY/packs/Festival_Altaira/Altaira/Bargaby.png,DS_CUSTOM_LIBRARY/packs/Fakemon_Festival_Full/Fakemon Festival Pack/Altaira/Front/BARGABY.png,1bd8152b4d6f4d54243674f4982354d8290b0ff38934c03a2794ec1fe8455bb7,Festival_Altaira,Fakemon_Festival_Full
CROSS_SOURCE_EXACT_DUPLICATE,DS_CUSTOM_LIBRARY/packs/Festival_Altaira/Altaira/Chajill.png,DS_CUSTOM_LIBRARY/packs/Fakemon_Festival_Full/Fakemon Festival Pack/Altaira/Front/CHAJILL.png,6d75e5f83a6bc276ace9e1b416ba991373026640184d0189e3e2991d4a0aa2f6,Festival_Altaira,Fakemon_Festival_Full
CROSS_SOURCE_EXACT_DUPLICATE,DS_CUSTOM_LIBRARY/packs/Festival_Altaira/Altaira/Habknight.png,DS_CUSTOM_LIBRARY/packs/Fakemon_Festival_Full/Fakemon Festival Pack/Altaira/Front/HABKNIGHT.png,e1d0a62b90523366ee2a3265e107e617b0c601490b71fbcd76876fa4ef5f7a98,Festival_Altaira,Fakemon_Festival_Full
CROSS_SOURCE_EXACT_DUPLICATE,DS_CUSTOM_LIBRARY/packs/Festival_Altaira/Altaira/Shijami.png,DS_CUSTOM_LIBRARY/packs/Fakemon_Festival_Full/Fakemon Festival Pack/Altaira/Front/SHIJAMI.png,cbaac6d74653cbc9dcb3211fd0627c8bff9b91d6e64c339f02c9c9d22f987151,Festival_Altaira,Fakemon_Festival_Full
CROSS_SOURCE_EXACT_DUPLICATE,DS_CUSTOM_LIBRARY/packs/Festival_Altaira/Altaira/Folnir.png,DS_CUSTOM_LIBRARY/packs/Fakemon_Festival_Full/Fakemon Festival Pack/Altaira/Front/FOLNIR.png,841dc74935ce7da7b3cb7ac8bb38fdef63e013e9344f9272d5a0101c0c3fb36d,Festival_Altaira,Fakemon_Festival_Full
CROSS_SOURCE_EXACT_DUPLICATE,DS_CUSTOM_LIBRARY/packs/Festival_Altaira/Altaira/Phyllon.png,DS_CUSTOM_LIBRARY/packs/Fakemon_Festival_Full/Fakemon Festival Pack/Altaira/Front/PHYLLON.png,ecc560db36390ac579a3df3c750556feb5f0690b0220969a0c7303224e66ba8a,Festival_Altaira,Fakemon_Festival_Full
CROSS_SOURCE_EXACT_DUPLICATE,DS_CUSTOM_LIBRARY/packs/Festival_Altaira/Altaira/Chalance.png,DS_CUSTOM_LIBRARY/packs/Fakemon_Festival_Full/Fakemon Festival Pack/Altaira/Front/CHALANCE.png,28a992551c1592a4e4830b249c7ea7b391caba0cc8bd4e6fa7ab26225c84defd,Festival_Altaira,Fakemon_Festival_Full
CROSS_SOURCE_EXACT_DUPLICATE,DS_CUSTOM_LIBRARY/packs/Festival_Altaira/Altaira/Coafire.png,DS_CUSTOM_LIBRARY/packs/Fakemon_Festival_Full/Fakemon Festival Pack/Altaira/Front/COAFIRE.png,47558e0c6e199dba10168d82f1300be1b30481816d8a4337775d94015d621285,Festival_Altaira,Fakemon_Festival_Full
CROSS_SOURCE_EXACT_DUPLICATE,DS_CUSTOM_LIBRARY/packs/Festival_Altaira/Altaira/Slitch.png,DS_CUSTOM_LIBRARY/packs/Fakemon_Festival_Full/Fakemon Festival Pack/Altaira/Front/SLITCH.png,2166262f6185c45df87333225d011dde6cacf3b0c49d73a29914c1aa21a3403f,Festival_Altaira,Fakemon_Festival_Full
CROSS_SOURCE_EXACT_DUPLICATE,DS_CUSTOM_LIBRARY/packs/Festival_Altaira/Altaira/Veilow.png,DS_CUSTOM_LIBRARY/packs/Fakemon_Festival_Full/Fakemon Festival Pack/Altaira/Front/VEILOW.png,0f0e5308aeaf7ee78ac7c554fe49d0e2f94a4b5d2db24b29c15bccc927c52228,Festival_Altaira,Fakemon_Festival_Full
CROSS_SOURCE_EXACT_DUPLICATE,DS_CUSTOM_LIBRARY/packs/Festival_Altaira/Altaira/Gemator.png,DS_CUSTOM_LIBRARY/packs/Fakemon_Festival_Full/Fakemon Festival Pack/Altaira/Front/GEMATOR.png,67511477f954790d6b929505938772dc35d03f55d1dce2793511a826595e6354,Festival_Altaira,Fakemon_Festival_Full
CROSS_SOURCE_EXACT_DUPLICATE,DS_CUSTOM_LIBRARY/packs/Festival_Altaira/Altaira/Sinistimeow.png,DS_CUSTOM_LIBRARY/packs/Fakemon_Festival_Full/Fakemon Festival Pack/Altaira/Front/SINISTIMEOW.png,9233d82d141edc7618c31c2edd9f286fe57123baeea26955f10987706e8c5bc8,Festival_Altaira,Fakemon_Festival_Full
CROSS_SOURCE_EXACT_DUPLICATE,DS_CUSTOM_LIBRARY/packs/Festival_Altaira/Altaira/Winqueen.png,DS_CUSTOM_LIBRARY/packs/Fakemon_Festival_Full/Fakemon Festival Pack/Altaira/Front/WINQUEEN.png,26c94ffde082630040a72187f94129e05a92481190ff7969cd684f44e31d270b,Festival_Altaira,Fakemon_Festival_Full
CROSS_SOURCE_EXACT_DUPLICATE,DS_CUSTOM_LIBRARY/packs/Festival_Altaira/Altaira/Mellung.png,DS_CUSTOM_LIBRARY/packs/Fakemon_Festival_Full/Fakemon Festival Pack/Altaira/Front/MELLUNG.png,bad116d62edb47c5b7d441a61b00cb4923f2be8d658116c5e9372754a8ef4b86,Festival_Altaira,Fakemon_Festival_Full
CROSS_SOURCE_EXACT_DUPLICATE,DS_CUSTOM_LIBRARY/packs/Festival_Altaira/Altaira/Amazel.png,DS_CUSTOM_LIBRARY/packs/Fakemon_Festival_Full/Fakemon Festival Pack/Altaira/Front/AMAZEL.png,e9bb35fe484fc8118133df406b536fb5336e196ee5dbf182f2c23e770e46972b,Festival_Altaira,Fakemon_Festival_Full
CROSS_SOURCE_EXACT_DUPLICATE,DS_CUSTOM_LIBRARY/packs/Festival_Altaira/Altaira/Horbak.png,DS_CUSTOM_LIBRARY/packs/Fakemon_Festival_Full/Fakemon Festival Pack/Altaira/Front/HORBAK.png,5dd7bad193d9272b41fbe7b95e0da0f7473e7a34bce4825b4eab7a5ab161c54c,Festival_Altaira,Fakemon_Festival_Full
CROSS_SOURCE_EXACT_DUPLICATE,DS_CUSTOM_LIBRARY/packs/Festival_Altaira/Altaira/Kalmalord.png,DS_CUSTOM_LIBRARY/packs/Fakemon_Festival_Full/Fakemon Festival Pack/Altaira/Front/KALMALORD.png,cdadc18f155e8babb6ec2cdc5a2c19818fc928c881e4d0efc6819b1c14b0cdc9,Festival_Altaira,Fakemon_Festival_Full
CROSS_SOURCE_EXACT_DUPLICATE,DS_CUSTOM_LIBRARY/packs/Festival_Altaira/Altaira/Tenma.png,DS_CUSTOM_LIBRARY/packs/Fakemon_Festival_Full/Fakemon Festival Pack/Altaira/Front/TENMA.png,fe2b5da0f001791bae5d3f767ad087948c405802d1e92fff13237181940aa263,Festival_Altaira,Fakemon_Festival_Full
CROSS_SOURCE_EXACT_DUPLICATE,DS_CUSTOM_LIBRARY/packs/Festival_Altaira/Altaira/Winbee.png,DS_CUSTOM_LIBRARY/packs/Fakemon_Festival_Full/Fakemon Festival Pack/Altaira/Front/WINBEE.png,c344df52ae6e7d861ab5006418221fed28648a97ac10f4746d5c40d5a3bf978c,Festival_Altaira,Fakemon_Festival_Full
CROSS_SOURCE_EXACT_DUPLICATE,DS_CUSTOM_LIBRARY/packs/Festival_Altaira/Altaira/Spigo.png,DS_CUSTOM_LIBRARY/packs/Fakemon_Festival_Full/Fakemon Festival Pack/Altaira/Front/SPIGO.png,cfc41ae1637919ba9d282c2b68deaa28c31d1534788138ee291136f10e7784c6,Festival_Altaira,Fakemon_Festival_Full
CROSS_SOURCE_EXACT_DUPLICATE,DS_CUSTOM_LIBRARY/packs/Festival_Altaira/Altaira/Phenelpha.png,DS_CUSTOM_LIBRARY/packs/Fakemon_Festival_Full/Fakemon Festival Pack/Altaira/Front/PHENELPHA.png,76f0919787233a32a8bf4945596197891011dc8c3438972d339da39707ff7ea7,Festival_Altaira,Fakemon_Festival_Full
CROSS_SOURCE_EXACT_DUPLICATE,DS_CUSTOM_LIBRARY/packs/Festival_Altaira/Altaira/Penming.png,DS_CUSTOM_LIBRARY/packs/Fakemon_Festival_Full/Fakemon Festival Pack/Altaira/Front/PENMING.png,3537aac483728340310f63bdf8e9a2b9da3c50da4c3774d206be0472a625ea34,Festival_Altaira,Fakemon_Festival_Full
CROSS_SOURCE_EXACT_DUPLICATE,DS_CUSTOM_LIBRARY/packs/Festival_Altaira/Altaira/Roarmar.png,DS_CUSTOM_LIBRARY/packs/Fakemon_Festival_Full/Fakemon Festival Pack/Altaira/Front/ROARMAR.png,0e75cab810440edb666f6fae4fefc2658c08a572d61109c9c5ced7130d3bd5d9,Festival_Altaira,Fakemon_Festival_Full
CROSS_SOURCE_EXACT_DUPLICATE,DS_CUSTOM_LIBRARY/packs/Festival_Altaira/Altaira/Shepmill.png,DS_CUSTOM_LIBRARY/packs/Fakemon_Festival_Full/Fakemon Festival Pack/Altaira/Front/SHEPMILL.png,1da6cf44020c91d4f19adf8997412c43fd64f7ce7caa3475ffdd5d46c65b3b04,Festival_Altaira,Fakemon_Festival_Full
CROSS_SOURCE_EXACT_DUPLICATE,DS_CUSTOM_LIBRARY/packs/Festival_Altaira/Altaira/Kupaka.png,DS_CUSTOM_LIBRARY/packs/Fakemon_Festival_Full/Fakemon Festival Pack/Altaira/Front/KUPAKA.png,f5b4b915c624bf40c8b70928884c814c39345860c170415b3f8dee2d33559474,Festival_Altaira,Fakemon_Festival_Full
CROSS_SOURCE_EXACT_DUPLICATE,DS_CUSTOM_LIBRARY/packs/Festival_Altaira/Altaira/Flookha.png,DS_CUSTOM_LIBRARY/packs/Fakemon_Festival_Full/Fakemon Festival Pack/Altaira/Front/FLOOKHA.png,86e2c9b65047d302c5d928ae23d05b09536e2efa2d5b015f7fbe7901ff4804cd,Festival_Altaira,Fakemon_Festival_Full
CROSS_SOURCE_EXACT_DUPLICATE,DS_CUSTOM_LIBRARY/packs/Festival_Altaira/Altaira/Challex.png,DS_CUSTOM_LIBRARY/packs/Fakemon_Festival_Full/Fakemon Festival Pack/Altaira/Front/CHALLEX.png,e63c0efece547ace29be5356e4d40d027910ca55d4c5ea0fc0b49b1ea6f0a5e2,Festival_Altaira,Fakemon_Festival_Full
CROSS_SOURCE_EXACT_DUPLICATE,DS_CUSTOM_LIBRARY/packs/Festival_Altaira/Altaira/Solituar.png,DS_CUSTOM_LIBRARY/packs/Fakemon_Festival_Full/Fakemon Festival Pack/Altaira/Front/SOLITUAR.png,33c73e9fc76d1c5b6e3646dae2ce7ccec094832c40859b145920ea48db656b44,Festival_Altaira,Fakemon_Festival_Full
CROSS_SOURCE_EXACT_DUPLICATE,DS_CUSTOM_LIBRARY/packs/Festival_Altaira/Altaira/Ninmin.png,DS_CUSTOM_LIBRARY/packs/Fakemon_Festival_Full/Fakemon Festival Pack/Altaira/Front/NINMIN.png,c105a443fbf6f62b031ef34c643391c881a5f836e89e7520a0c9b88e8d87d7b6,Festival_Altaira,Fakemon_Festival_Full
CROSS_SOURCE_EXACT_DUPLICATE,DS_CUSTOM_LIBRARY/packs/Festival_Altaira/Altaira/Bladebuck.png,DS_CUSTOM_LIBRARY/packs/Fakemon_Festival_Full/Fakemon Festival Pack/Altaira/Front/BLADEBUCK.png,bde159bf31886d8613261a7ec5c3fa67ce657ae99709c5ee5af0d2e8b0fd977e,Festival_Altaira,Fakemon_Festival_Full
CROSS_SOURCE_EXACT_DUPLICATE,DS_CUSTOM_LIBRARY/packs/Festival_Altaira/Altaira/Weaby.png,DS_CUSTOM_LIBRARY/packs/Fakemon_Festival_Full/Fakemon Festival Pack/Altaira/Front/WEABY.png,e0e1fa3c4b6c09ec9ff0854f6e4f34518907b197c012d742a9e1bd7f9e792ba8,Festival_Altaira,Fakemon_Festival_Full
CROSS_SOURCE_EXACT_DUPLICATE,DS_CUSTOM_LIBRARY/packs/Festival_Altaira/Altaira/Gravishoc.png,DS_CUSTOM_LIBRARY/packs/Fakemon_Festival_Full/Fakemon Festival Pack/Altaira/Front/GRAVISHOC.png,ba73a5e20c5fdc0d5f301e9ee80ba62f4eb95553857386a247282f4d8e973ea6,Festival_Altaira,Fakemon_Festival_Full
CROSS_SOURCE_EXACT_DUPLICATE,DS_CUSTOM_LIBRARY/packs/Festival_Altaira/Altaira/Pyen.png,DS_CUSTOM_LIBRARY/packs/Fakemon_Festival_Full/Fakemon Festival Pack/Altaira/Front/PYEN.png,bbbb00848276c00ec0b07e3fa4763f5367921f81a51223b64d4201eeb1522575,Festival_Altaira,Fakemon_Festival_Full
CROSS_SOURCE_EXACT_DUPLICATE,DS_CUSTOM_LIBRARY/packs/Festival_Altaira/Altaira/Cheru.png,DS_CUSTOM_LIBRARY/packs/Fakemon_Festival_Full/Fakemon Festival Pack/Altaira/Front/CHERU.png,c5eb4f691c2ba9f78199151e800fafb94a9305cb78ddb56223f4f073a692348e,Festival_Altaira,Fakemon_Festival_Full
CROSS_SOURCE_EXACT_DUPLICATE,DS_CUSTOM_LIBRARY/packs/Festival_Altaira/Altaira/Dalbex.png,DS_CUSTOM_LIBRARY/packs/Fakemon_Festival_Full/Fakemon Festival Pack/Altaira/Front/DALBEX.png,a8884c44f9a153b31b12687bd9a302499f2ee7bc1ca086ff982ac761e09b1a3e,Festival_Altaira,Fakemon_Festival_Full
CROSS_SOURCE_EXACT_DUPLICATE,DS_CUSTOM_LIBRARY/packs/Festival_Altaira/Altaira/Flarezael.png,DS_CUSTOM_LIBRARY/packs/Fakemon_Festival_Full/Fakemon Festival Pack/Altaira/Front/FLAREZAEL.png,1165673a33196289c00a8f63fc6491c1c5eca0449e3e2336b7fa77ac50deed96,Festival_Altaira,Fakemon_Festival_Full
CROSS_SOURCE_EXACT_DUPLICATE,DS_CUSTOM_LIBRARY/packs/Festival_Altaira/Altaira/Timbrian.png,DS_CUSTOM_LIBRARY/packs/Fakemon_Festival_Full/Fakemon Festival Pack/Altaira/Front/TIMBRIAN.png,fe1406f1c4234d57c8c3b82abd10382989221ef3f3f366321a1ae29c35231304,Festival_Altaira,Fakemon_Festival_Full
CROSS_SOURCE_EXACT_DUPLICATE,DS_CUSTOM_LIBRARY/packs/Festival_Altaira/Altaira/Dileag.png,DS_CUSTOM_LIBRARY/packs/Fakemon_Festival_Full/Fakemon Festival Pack/Altaira/Front/DILEAG.png,022f6d8d8ca20f24e0de43e0f271fcf3b352bb62a0b33d6670a02f697907d6a1,Festival_Altaira,Fakemon_Festival_Full
CROSS_SOURCE_EXACT_DUPLICATE,DS_CUSTOM_LIBRARY/packs/Festival_Altaira/Altaira/Cluzzle.png,DS_CUSTOM_LIBRARY/packs/Fakemon_Festival_Full/Fakemon Festival Pack/Altaira/Front/CLUZZLE.png,746143f0ede9eff3dfbd504e61e9114ec2b0ae4d4fdc01d6fbc8942654fe100f,Festival_Altaira,Fakemon_Festival_Full
CROSS_SOURCE_EXACT_DUPLICATE,DS_CUSTOM_LIBRARY/packs/Festival_Altaira/Altaira/Gipof.png,DS_CUSTOM_LIBRARY/packs/Fakemon_Festival_Full/Fakemon Festival Pack/Altaira/Front/GIPOF.png,80d4e5f6b01c98384440b5d4dae248d84526c5b19427ab0f2038a132c35acb64,Festival_Altaira,Fakemon_Festival_Full
CROSS_SOURCE_EXACT_DUPLICATE,DS_CUSTOM_LIBRARY/packs/Festival_Altaira/Altaira/Crister.png,DS_CUSTOM_LIBRARY/packs/Fakemon_Festival_Full/Fakemon Festival Pack/Altaira/Front/CRISTER.png,adebcdcbb26685d2e45cea88f8d95b591646c8ecd150064cc3f9cbfa0f646848,Festival_Altaira,Fakemon_Festival_Full
CROSS_SOURCE_EXACT_DUPLICATE,DS_CUSTOM_LIBRARY/packs/Festival_Altaira/Altaira/Breeny.png,DS_CUSTOM_LIBRARY/packs/Fakemon_Festival_Full/Fakemon Festival Pack/Altaira/Front/BREENY.png,bd019bd9eadd4dffe9d61c338d0793cfd6947748b4e2ce9baf6bd20cb5eee762,Festival_Altaira,Fakemon_Festival_Full
CROSS_SOURCE_EXACT_DUPLICATE,DS_CUSTOM_LIBRARY/packs/Festival_Altaira/Altaira/Elazel.png,DS_CUSTOM_LIBRARY/packs/Fakemon_Festival_Full/Fakemon Festival Pack/Altaira/Front/ELAZEL.png,3572fab49801e6d74089d1dc14ecf9637f2acfb28e79a02b7e327ae4f6230758,Festival_Altaira,Fakemon_Festival_Full
CROSS_SOURCE_EXACT_DUPLICATE,DS_CUSTOM_LIBRARY/packs/Festival_Altaira/Altaira/Phyrofon.png,DS_CUSTOM_LIBRARY/packs/Fakemon_Festival_Full/Fakemon Festival Pack/Altaira/Front/PHYROFON.png,b1618a9988721466485d05dc14de91ff9d6f096200136921fef12c40ba369143,Festival_Altaira,Fakemon_Festival_Full
CROSS_SOURCE_EXACT_DUPLICATE,DS_CUSTOM_LIBRARY/packs/Festival_Altaira/Altaira/Armadix.png,DS_CUSTOM_LIBRARY/packs/Fakemon_Festival_Full/Fakemon Festival Pack/Altaira/Front/ARMADIX.png,9b2759ae97b8e1be3b2226888e0197d519b04ce7dc5e8aeb614a084c5ce4554f,Festival_Altaira,Fakemon_Festival_Full
CROSS_SOURCE_EXACT_DUPLICATE,DS_CUSTOM_LIBRARY/packs/Festival_Altaira/Altaira/Pakadu.png,DS_CUSTOM_LIBRARY/packs/Fakemon_Festival_Full/Fakemon Festival Pack/Altaira/Front/PAKADU.png,cfa29a886ea01e1d5d00a4e1b1553a6325b1e2f3c1cd9a1aa51c257bcdcc0c46,Festival_Altaira,Fakemon_Festival_Full
CROSS_SOURCE_EXACT_DUPLICATE,DS_CUSTOM_LIBRARY/packs/Festival_Altaira/Altaira/Rimpnint.png,DS_CUSTOM_LIBRARY/packs/Fakemon_Festival_Full/Fakemon Festival Pack/Altaira/Front/RIMPNINT.png,f77dad7ffb3271827c229ddcbbee99721d388c3854638f8110ad8d1040fdd2ab,Festival_Altaira,Fakemon_Festival_Full
CROSS_SOURCE_EXACT_DUPLICATE,DS_CUSTOM_LIBRARY/packs/Festival_Altaira/Altaira/Minsel.png,DS_CUSTOM_LIBRARY/packs/Fakemon_Festival_Full/Fakemon Festival Pack/Altaira/Front/MINSEL.png,ea9d311c67ef1bdc4c039312dc765a74f2cb3af66ef40576ab29503e20169cf3,Festival_Altaira,Fakemon_Festival_Full
CROSS_SOURCE_EXACT_DUPLICATE,DS_CUSTOM_LIBRARY/packs/Festival_Altaira/Altaira/Blyger.png,DS_CUSTOM_LIBRARY/packs/Fakemon_Festival_Full/Fakemon Festival Pack/Altaira/Front/BLYGER.png,0527e38c5c77bd14eec1dda7c56415000f34a816ed4ef8d6bbb94ebe6be45763,Festival_Altaira,Fakemon_Festival_Full
CROSS_SOURCE_EXACT_DUPLICATE,DS_CUSTOM_LIBRARY/packs/Festival_Altaira/Altaira/Sandli.png,DS_CUSTOM_LIBRARY/packs/Fakemon_Festival_Full/Fakemon Festival Pack/Altaira/Front/SANDLI.png,618abe709bd0c4c0f497fdd6f991999fc25b6e7276cbb9ce72b259e27f1e4611,Festival_Altaira,Fakemon_Festival_Full
CROSS_SOURCE_EXACT_DUPLICATE,DS_CUSTOM_LIBRARY/packs/Festival_Altaira/Altaira/Quignis.png,DS_CUSTOM_LIBRARY/packs/Fakemon_Festival_Full/Fakemon Festival Pack/Altaira/Front/QUIGNIS.png,0c3bd58e2b43ab096f82a7cc965726f1f409f1e251a10f2c881e72d941bae867,Festival_Altaira,Fakemon_Festival_Full
CROSS_SOURCE_EXACT_DUPLICATE,DS_CUSTOM_LIBRARY/packs/Festival_Altaira/Altaira/Venorog.png,DS_CUSTOM_LIBRARY/packs/Fakemon_Festival_Full/Fakemon Festival Pack/Altaira/Front/VENOROG.png,ef009cab191a6b61161ae6bb5525e7fcc69f0312f8c5f56f6de22e62a32b6b66,Festival_Altaira,Fakemon_Festival_Full
CROSS_SOURCE_EXACT_DUPLICATE,DS_CUSTOM_LIBRARY/packs/Festival_Altaira/Altaira/Ellamp.png,DS_CUSTOM_LIBRARY/packs/Fakemon_Festival_Full/Fakemon Festival Pack/Altaira/Front/ELLAMP.png,aace74e585294f7782c81b85814e2bf5d8b98489dd03b3029a33da8d67892471,Festival_Altaira,Fakemon_Festival_Full
CROSS_SOURCE_EXACT_DUPLICATE,DS_CUSTOM_LIBRARY/packs/Festival_Altaira/Altaira/Bondee.png,DS_CUSTOM_LIBRARY/packs/Fakemon_Festival_Full/Fakemon Festival Pack/Altaira/Front/BONDEE.png,d041a2b55a1ac702fd40b2fcb205a66fb035b1a42fe676642d76eb8d953fdd67,Festival_Altaira,Fakemon_Festival_Full
CROSS_SOURCE_EXACT_DUPLICATE,DS_CUSTOM_LIBRARY/packs/Festival_Altaira/Altaira/Taimber.png,DS_CUSTOM_LIBRARY/packs/Fakemon_Festival_Full/Fakemon Festival Pack/Altaira/Front/TAIMBER.png,918e25ac54b19e1e829eb62910fc0ac9bf61ddcea57f6a3ddc377c91236f0776,Festival_Altaira,Fakemon_Festival_Full
CROSS_SOURCE_EXACT_DUPLICATE,DS_CUSTOM_LIBRARY/packs/Festival_Altaira/Altaira/Crycing.png,DS_CUSTOM_LIBRARY/packs/Fakemon_Festival_Full/Fakemon Festival Pack/Altaira/Front/CRYCING.png,3e32605f2385c1096b4747b56f14df087cca8cf07a158ff300a0f25c3aa1b534,Festival_Altaira,Fakemon_Festival_Full
CROSS_SOURCE_EXACT_DUPLICATE,DS_CUSTOM_LIBRARY/packs/Festival_Altaira/Altaira/Kalmi.png,DS_CUSTOM_LIBRARY/packs/Fakemon_Festival_Full/Fakemon Festival Pack/Altaira/Front/KALMI.png,70854051238e836b95988ed7b9226160bc540c7747f3ae746c6d519d8be02c89,Festival_Altaira,Fakemon_Festival_Full
CROSS_SOURCE_EXACT_DUPLICATE,DS_CUSTOM_LIBRARY/packs/Festival_Altaira/Altaira/Winking.png,DS_CUSTOM_LIBRARY/packs/Fakemon_Festival_Full/Fakemon Festival Pack/Altaira/Front/WINKING.png,cae908642b45fda9faece1be6543b4d815abe647e2999d615da06d0760ed3c02,Festival_Altaira,Fakemon_Festival_Full
CROSS_SOURCE_EXACT_DUPLICATE,DS_CUSTOM_LIBRARY/packs/Festival_Altaira/Altaira/Gen 4 Backs/SANDLI.png,DS_CUSTOM_LIBRARY/packs/Fakemon_Festival_Full/Fakemon Festival Pack/Altaira/Back/SANDLI.png,4c7ad7bee204273f31c87c3f23feb4c860027c5b126743f415a4bcac9104a65c,Festival_Altaira,Fakemon_Festival_Full
CROSS_SOURCE_EXACT_DUPLICATE,DS_CUSTOM_LIBRARY/packs/Festival_Altaira/Altaira/Icons/SANDLI.png,DS_CUSTOM_LIBRARY/packs/Fakemon_Festival_Full/Fakemon Festival Pack/Altaira/Icons/SANDLI.png,6d9005f09e6a6ede423d21ddd8286524c76216f63e0f95f8f21e73d3b9a46659,Festival_Altaira,Fakemon_Festival_Full
CROSS_SOURCE_EXACT_DUPLICATE,DS_CUSTOM_LIBRARY/packs/Festival_PrincessPhoenix/PrincessPhoenix/Pokemon/Face Icons/Baoby.png,DS_CUSTOM_LIBRARY/packs/Fakemon_Festival_Full/Fakemon Festival Pack/PrincessPhoenix/Pokemon/Face Icons/Baoby.png,aef94ddac34dda32a99393440a6f20a08793909f2f45567a2dc53b22efaf53ca,Festival_PrincessPhoenix,Fakemon_Festival_Full
CROSS_SOURCE_EXACT_DUPLICATE,DS_CUSTOM_LIBRARY/packs/Festival_PrincessPhoenix/PrincessPhoenix/Pokemon/Face Icons/HissioriteS.png,DS_CUSTOM_LIBRARY/packs/Fakemon_Festival_Full/Fakemon Festival Pack/PrincessPhoenix/Pokemon/Face Icons/HissioriteS.png,eaed0e467a6cacbe2f138e607f453977e11d7e9afc428f0e10ced2775112ffbf,Festival_PrincessPhoenix,Fakemon_Festival_Full
CROSS_SOURCE_EXACT_DUPLICATE,DS_CUSTOM_LIBRARY/packs/Festival_PrincessPhoenix/PrincessPhoenix/Pokemon/Face Icons/CobarettS.png,DS_CUSTOM_LIBRARY/packs/Fakemon_Festival_Full/Fakemon Festival Pack/PrincessPhoenix/Pokemon/Face Icons/CobarettS.png,24d5df2af0659532af9eb7c1d6276556941eccfe1bae5420b1d51634dbd587c4,Festival_PrincessPhoenix,Fakemon_Festival_Full
CROSS_SOURCE_EXACT_DUPLICATE,DS_CUSTOM_LIBRARY/packs/Festival_PrincessPhoenix/PrincessPhoenix/Pokemon/Face Icons/Baobaraffe.png,DS_CUSTOM_LIBRARY/packs/Fakemon_Festival_Full/Fakemon Festival Pack/PrincessPhoenix/Pokemon/Face Icons/Baobaraffe.png,a9e06136727b09cd5ea4298b63008d45f1f9f6f1eba8eb73611bad773bdf0bee,Festival_PrincessPhoenix,Fakemon_Festival_Full
CROSS_SOURCE_EXACT_DUPLICATE,DS_CUSTOM_LIBRARY/packs/Festival_PrincessPhoenix/PrincessPhoenix/Pokemon/Face Icons/Pythonova.png,DS_CUSTOM_LIBRARY/packs/Fakemon_Festival_Full/Fakemon Festival Pack/PrincessPhoenix/Pokemon/Face Icons/Pythonova.png,310331a82a0308ee1ec954811fb725f890d3e3f9a7a3950c2f4671a1e13fcefc,Festival_PrincessPhoenix,Fakemon_Festival_Full
CROSS_SOURCE_EXACT_DUPLICATE,DS_CUSTOM_LIBRARY/packs/Festival_PrincessPhoenix/PrincessPhoenix/Pokemon/Face Icons/BaobaraffeS.png,DS_CUSTOM_LIBRARY/packs/Fakemon_Festival_Full/Fakemon Festival Pack/PrincessPhoenix/Pokemon/Face Icons/BaobaraffeS.png,2c002be392615448b4da6905c97a3d1aeb47a0475d1beec83becba4fc88a1a93,Festival_PrincessPhoenix,Fakemon_Festival_Full
CROSS_SOURCE_EXACT_DUPLICATE,DS_CUSTOM_LIBRARY/packs/Festival_PrincessPhoenix/PrincessPhoenix/Pokemon/Face Icons/PythonovaS.png,DS_CUSTOM_LIBRARY/packs/Fakemon_Festival_Full/Fakemon Festival Pack/PrincessPhoenix/Pokemon/Face Icons/PythonovaS.png,33580ee2771966adb25366a080c44a7ee4b8647917a7060d6951c5c030e47401,Festival_PrincessPhoenix,Fakemon_Festival_Full
CROSS_SOURCE_EXACT_DUPLICATE,DS_CUSTOM_LIBRARY/packs/Festival_PrincessPhoenix/PrincessPhoenix/Pokemon/Face Icons/Cobarett.png,DS_CUSTOM_LIBRARY/packs/Fakemon_Festival_Full/Fakemon Festival Pack/PrincessPhoenix/Pokemon/Face Icons/Cobarett.png,874b579b489ba401494e79dc39fa661bd76ce733167856bde32048042b3d4183,Festival_PrincessPhoenix,Fakemon_Festival_Full
CROSS_SOURCE_EXACT_DUPLICATE,DS_CUSTOM_LIBRARY/packs/Festival_PrincessPhoenix/PrincessPhoenix/Pokemon/Face Icons/BaobyS.png,DS_CUSTOM_LIBRARY/packs/Fakemon_Festival_Full/Fakemon Festival Pack/PrincessPhoenix/Pokemon/Face Icons/BaobyS.png,be8808fade71e5e9a7fe9e23b26abf99596c33bccbcbb6cdde2299a08bbb1e59,Festival_PrincessPhoenix,Fakemon_Festival_Full
CROSS_SOURCE_EXACT_DUPLICATE,DS_CUSTOM_LIBRARY/packs/Festival_PrincessPhoenix/PrincessPhoenix/Pokemon/Face Icons/Hissiorite.png,DS_CUSTOM_LIBRARY/packs/Fakemon_Festival_Full/Fakemon Festival Pack/PrincessPhoenix/Pokemon/Face Icons/Hissiorite.png,928c16b9f47728ff605b4b8c0c038e6ebce119b792abb22468b3632a67ce5afc,Festival_PrincessPhoenix,Fakemon_Festival_Full
CROSS_SOURCE_EXACT_DUPLICATE,DS_CUSTOM_LIBRARY/packs/Festival_PrincessPhoenix/PrincessPhoenix/Pokemon/Icons/TsushimiS.png,DS_CUSTOM_LIBRARY/packs/Fakemon_Festival_Full/Fakemon Festival Pack/PrincessPhoenix/Pokemon/Icons/TsushimiS.png,687e7bf21c333618398b61ba06dd562ae3243d214610505940ffb03368d52725,Festival_PrincessPhoenix,Fakemon_Festival_Full
CROSS_SOURCE_EXACT_DUPLICATE,DS_CUSTOM_LIBRARY/packs/Festival_PrincessPhoenix/PrincessPhoenix/Pokemon/Icons/NuenfluS.png,DS_CUSTOM_LIBRARY/packs/Fakemon_Festival_Full/Fakemon Festival Pack/PrincessPhoenix/Pokemon/Icons/NuenfluS.png,12b2634402d4163cf4d5ca17cca3cd02df9a846229f3613181e2474e60bf5b60,Festival_PrincessPhoenix,Fakemon_Festival_Full
CROSS_SOURCE_EXACT_DUPLICATE,DS_CUSTOM_LIBRARY/packs/Festival_PrincessPhoenix/PrincessPhoenix/Pokemon/Icons/Baoby.png,DS_CUSTOM_LIBRARY/packs/Fakemon_Festival_Full/Fakemon Festival Pack/PrincessPhoenix/Pokemon/Icons/Baoby.png,78466ea868e73efe01ff5debaa78039285f0bc593c306588f2b461c0e9e87130,Festival_PrincessPhoenix,Fakemon_Festival_Full
CROSS_SOURCE_EXACT_DUPLICATE,DS_CUSTOM_LIBRARY/packs/Festival_PrincessPhoenix/PrincessPhoenix/Pokemon/Icons/Tobishimi.png,DS_CUSTOM_LIBRARY/packs/Fakemon_Festival_Full/Fakemon Festival Pack/PrincessPhoenix/Pokemon/Icons/Tobishimi.png,4393cb3dc344f60c9c188183b054a54f63daedce5f4bc90239b5f3c9ee7bef24,Festival_PrincessPhoenix,Fakemon_Festival_Full
CROSS_SOURCE_EXACT_DUPLICATE,DS_CUSTOM_LIBRARY/packs/Festival_PrincessPhoenix/PrincessPhoenix/Pokemon/Icons/HissioriteS.png,DS_CUSTOM_LIBRARY/packs/Fakemon_Festival_Full/Fakemon Festival Pack/PrincessPhoenix/Pokemon/Icons/HissioriteS.png,71d58a5955718be3012abe8cf4b1b453cef459a2f7f5cb517a5bf46bd773adb1,Festival_PrincessPhoenix,Fakemon_Festival_Full
CROSS_SOURCE_EXACT_DUPLICATE,DS_CUSTOM_LIBRARY/packs/Festival_PrincessPhoenix/PrincessPhoenix/Pokemon/Icons/FiromenisS.png,DS_CUSTOM_LIBRARY/packs/Fakemon_Festival_Full/Fakemon Festival Pack/PrincessPhoenix/Pokemon/Icons/FiromenisS.png,a9476ea30261e2c9e494e30d7a3716d6ca092640d1e339f9fbc32ac4739a336b,Festival_PrincessPhoenix,Fakemon_Festival_Full
CROSS_SOURCE_EXACT_DUPLICATE,DS_CUSTOM_LIBRARY/packs/Festival_PrincessPhoenix/PrincessPhoenix/Pokemon/Icons/Merlicun.png,DS_CUSTOM_LIBRARY/packs/Fakemon_Festival_Full/Fakemon Festival Pack/PrincessPhoenix/Pokemon/Icons/Merlicun.png,16bfca366c92c1e7221a946152cd50e3da98a0fdda967bc8f2ab3d51fb545308,Festival_PrincessPhoenix,Fakemon_Festival_Full
CROSS_SOURCE_EXACT_DUPLICATE,DS_CUSTOM_LIBRARY/packs/Festival_PrincessPhoenix/PrincessPhoenix/Pokemon/Icons/Anu.png,DS_CUSTOM_LIBRARY/packs/Fakemon_Festival_Full/Fakemon Festival Pack/PrincessPhoenix/Pokemon/Icons/Anu.png,1d0d143f1fed91bff53237fae997cd33a16cc2c15c3984e122500fb21740f6fc,Festival_PrincessPhoenix,Fakemon_Festival_Full
CROSS_SOURCE_EXACT_DUPLICATE,DS_CUSTOM_LIBRARY/packs/Festival_PrincessPhoenix/PrincessPhoenix/Pokemon/Icons/CobarettS.png,DS_CUSTOM_LIBRARY/packs/Fakemon_Festival_Full/Fakemon Festival Pack/PrincessPhoenix/Pokemon/Icons/CobarettS.png,c7575a60690371c9a0952f931f83b1cf513e644e05b7f821d06601d0da69dc67,Festival_PrincessPhoenix,Fakemon_Festival_Full
CROSS_SOURCE_EXACT_DUPLICATE,DS_CUSTOM_LIBRARY/packs/Festival_PrincessPhoenix/PrincessPhoenix/Pokemon/Icons/TobishimiS.png,DS_CUSTOM_LIBRARY/packs/Fakemon_Festival_Full/Fakemon Festival Pack/PrincessPhoenix/Pokemon/Icons/TobishimiS.png,1ced2841824727d0197f00e6482c4c620eefea0ed497039b1b2e9278aa1c2f7e,Festival_PrincessPhoenix,Fakemon_Festival_Full
CROSS_SOURCE_EXACT_DUPLICATE,DS_CUSTOM_LIBRARY/packs/Festival_PrincessPhoenix/PrincessPhoenix/Pokemon/Icons/Tsushimi.png,DS_CUSTOM_LIBRARY/packs/Fakemon_Festival_Full/Fakemon Festival Pack/PrincessPhoenix/Pokemon/Icons/Tsushimi.png,e60db8fd73d5a98acdd0155a5134901bac74c873c42c8fac88ecb2c0ff107225,Festival_PrincessPhoenix,Fakemon_Festival_Full
CROSS_SOURCE_EXACT_DUPLICATE,DS_CUSTOM_LIBRARY/packs/Festival_PrincessPhoenix/PrincessPhoenix/Pokemon/Icons/AnuS.png,DS_CUSTOM_LIBRARY/packs/Fakemon_Festival_Full/Fakemon Festival Pack/PrincessPhoenix/Pokemon/Icons/AnuS.png,6784f3fcf1893f1a373487906838945fd5d79cd04507bb5022e0b15413c66638,Festival_PrincessPhoenix,Fakemon_Festival_Full
CROSS_SOURCE_EXACT_DUPLICATE,DS_CUSTOM_LIBRARY/packs/Festival_PrincessPhoenix/PrincessPhoenix/Pokemon/Icons/Drashimi.png,DS_CUSTOM_LIBRARY/packs/Fakemon_Festival_Full/Fakemon Festival Pack/PrincessPhoenix/Pokemon/Icons/Drashimi.png,292cdbacda7a2b46faf47ff9f31dae92b2140584f207a104d52a58d07b81c257,Festival_PrincessPhoenix,Fakemon_Festival_Full
CROSS_SOURCE_EXACT_DUPLICATE,DS_CUSTOM_LIBRARY/packs/Festival_PrincessPhoenix/PrincessPhoenix/Pokemon/Icons/DrashimiS.png,DS_CUSTOM_LIBRARY/packs/Fakemon_Festival_Full/Fakemon Festival Pack/PrincessPhoenix/Pokemon/Icons/DrashimiS.png,164c3879fff7bdb3802c6937dd12757f6155bb826f58b386052c08a0e139201f,Festival_PrincessPhoenix,Fakemon_Festival_Full
CROSS_SOURCE_EXACT_DUPLICATE,DS_CUSTOM_LIBRARY/packs/Festival_PrincessPhoenix/PrincessPhoenix/Pokemon/Icons/Baobaraffe.png,DS_CUSTOM_LIBRARY/packs/Fakemon_Festival_Full/Fakemon Festival Pack/PrincessPhoenix/Pokemon/Icons/Baobaraffe.png,589c15ead92e55046aac98f5721b12f22685c9ca9b6c1b4f0961dbc14f37d13c,Festival_PrincessPhoenix,Fakemon_Festival_Full
CROSS_SOURCE_EXACT_DUPLICATE,DS_CUSTOM_LIBRARY/packs/Festival_PrincessPhoenix/PrincessPhoenix/Pokemon/Icons/Pythonova.png,DS_CUSTOM_LIBRARY/packs/Fakemon_Festival_Full/Fakemon Festival Pack/PrincessPhoenix/Pokemon/Icons/Pythonova.png,449f2c563a91eb7e413f6dcd899b321d21ad58cceffef5587fe7d546e07af96d,Festival_PrincessPhoenix,Fakemon_Festival_Full
CROSS_SOURCE_EXACT_DUPLICATE,DS_CUSTOM_LIBRARY/packs/Festival_PrincessPhoenix/PrincessPhoenix/Pokemon/Icons/Nuenflu.png,DS_CUSTOM_LIBRARY/packs/Fakemon_Festival_Full/Fakemon Festival Pack/PrincessPhoenix/Pokemon/Icons/Nuenflu.png,420fde2f4f51af0cf3d4b2478bb25be8c40484cdc98da716b2ad685ef6e5b14d,Festival_PrincessPhoenix,Fakemon_Festival_Full
CROSS_SOURCE_EXACT_DUPLICATE,DS_CUSTOM_LIBRARY/packs/Festival_PrincessPhoenix/PrincessPhoenix/Pokemon/Icons/BaobaraffeS.png,DS_CUSTOM_LIBRARY/packs/Fakemon_Festival_Full/Fakemon Festival Pack/PrincessPhoenix/Pokemon/Icons/BaobaraffeS.png,358678d5ce572c76b63ee58930678f3703d72cf17cb6ed3dbeed25a47c81b9b7,Festival_PrincessPhoenix,Fakemon_Festival_Full
CROSS_SOURCE_EXACT_DUPLICATE,DS_CUSTOM_LIBRARY/packs/Festival_PrincessPhoenix/PrincessPhoenix/Pokemon/Icons/Firomenis.png,DS_CUSTOM_LIBRARY/packs/Fakemon_Festival_Full/Fakemon Festival Pack/PrincessPhoenix/Pokemon/Icons/Firomenis.png,1a8df46412c17408b87a4ece3c1ae099effd1f09a1920323a4d8b15128feba0f,Festival_PrincessPhoenix,Fakemon_Festival_Full
CROSS_SOURCE_EXACT_DUPLICATE,DS_CUSTOM_LIBRARY/packs/Festival_PrincessPhoenix/PrincessPhoenix/Pokemon/Icons/PythonovaS.png,DS_CUSTOM_LIBRARY/packs/Fakemon_Festival_Full/Fakemon Festival Pack/PrincessPhoenix/Pokemon/Icons/PythonovaS.png,6c759af46c0cf6f2dde52dc60cb483ac00589cd42c713cc9635a7bfdd40158f8,Festival_PrincessPhoenix,Fakemon_Festival_Full
CROSS_SOURCE_EXACT_DUPLICATE,DS_CUSTOM_LIBRARY/packs/Festival_PrincessPhoenix/PrincessPhoenix/Pokemon/Icons/Cobarett.png,DS_CUSTOM_LIBRARY/packs/Fakemon_Festival_Full/Fakemon Festival Pack/PrincessPhoenix/Pokemon/Icons/Cobarett.png,54ff7b54cf25035dc6882598aea40894bfce3d24185ab0523ae8e5cd8d002712,Festival_PrincessPhoenix,Fakemon_Festival_Full
CROSS_SOURCE_EXACT_DUPLICATE,DS_CUSTOM_LIBRARY/packs/Festival_PrincessPhoenix/PrincessPhoenix/Pokemon/Icons/MerlicunS.png,DS_CUSTOM_LIBRARY/packs/Fakemon_Festival_Full/Fakemon Festival Pack/PrincessPhoenix/Pokemon/Icons/MerlicunS.png,bb64372225e73a0695792a316f55baef251cb821aaba73fd276064b23add8d92,Festival_PrincessPhoenix,Fakemon_Festival_Full
CROSS_SOURCE_EXACT_DUPLICATE,DS_CUSTOM_LIBRARY/packs/Festival_PrincessPhoenix/PrincessPhoenix/Pokemon/Icons/BaobyS.png,DS_CUSTOM_LIBRARY/packs/Fakemon_Festival_Full/Fakemon Festival Pack/PrincessPhoenix/Pokemon/Icons/BaobyS.png,e7fb04bf3b69431d3f0129d05961b4c1c8d57fef92f599ddfe6e33a7dc346d46,Festival_PrincessPhoenix,Fakemon_Festival_Full
CROSS_SOURCE_EXACT_DUPLICATE,DS_CUSTOM_LIBRARY/packs/Festival_PrincessPhoenix/PrincessPhoenix/Pokemon/Icons/Hissiorite.png,DS_CUSTOM_LIBRARY/packs/Fakemon_Festival_Full/Fakemon Festival Pack/PrincessPhoenix/Pokemon/Icons/Hissiorite.png,63de5feec048521d8e7d7f7f65d18ba058e784c56ea0af6a7d2418830a25ac7b,Festival_PrincessPhoenix,Fakemon_Festival_Full
CROSS_SOURCE_EXACT_DUPLICATE,DS_CUSTOM_LIBRARY/packs/Festival_PrincessPhoenix/PrincessPhoenix/Pokemon/Battlers/Gen 4-5 Frontsprites/TobishimiFS.png,DS_CUSTOM_LIBRARY/packs/Fakemon_Festival_Full/Fakemon Festival Pack/PrincessPhoenix/Pokemon/Battlers/Gen 4-5 Frontsprites/TobishimiFS.png,2b0cfc669d12bdd8e0c797daf4ab6ff049f0820fc73139451a414db566c9276d,Festival_PrincessPhoenix,Fakemon_Festival_Full
CROSS_SOURCE_EXACT_DUPLICATE,DS_CUSTOM_LIBRARY/packs/Festival_PrincessPhoenix/PrincessPhoenix/Pokemon/Battlers/Gen 4-5 Frontsprites/Baoby.png,DS_CUSTOM_LIBRARY/packs/Fakemon_Festival_Full/Fakemon Festival Pack/PrincessPhoenix/Pokemon/Battlers/Gen 4-5 Frontsprites/Baoby.png,53b46651d23331a545bce98966130b73bf63527f3aed69d6d66486267613d130,Festival_PrincessPhoenix,Fakemon_Festival_Full
CROSS_SOURCE_EXACT_DUPLICATE,DS_CUSTOM_LIBRARY/packs/Festival_PrincessPhoenix/PrincessPhoenix/Pokemon/Battlers/Gen 4-5 Frontsprites/FiromenisFS.png,DS_CUSTOM_LIBRARY/packs/Fakemon_Festival_Full/Fakemon Festival Pack/PrincessPhoenix/Pokemon/Battlers/Gen 4-5 Frontsprites/FiromenisFS.png,07236cef759252f1217a357a5cde91434c90316d6d8901bbfa17106c23b94eb4,Festival_PrincessPhoenix,Fakemon_Festival_Full
CROSS_SOURCE_EXACT_DUPLICATE,DS_CUSTOM_LIBRARY/packs/Festival_PrincessPhoenix/PrincessPhoenix/Pokemon/Battlers/Gen 4-5 Frontsprites/NuenfluFS.png,DS_CUSTOM_LIBRARY/packs/Fakemon_Festival_Full/Fakemon Festival Pack/PrincessPhoenix/Pokemon/Battlers/Gen 4-5 Frontsprites/NuenfluFS.png,e501da12c5f625d68ef617bca470abbbc4207533d0aa0db83488755e6cbcff25,Festival_PrincessPhoenix,Fakemon_Festival_Full
CROSS_SOURCE_EXACT_DUPLICATE,DS_CUSTOM_LIBRARY/packs/Festival_PrincessPhoenix/PrincessPhoenix/Pokemon/Battlers/Gen 4-5 Frontsprites/HissioriteS.png,DS_CUSTOM_LIBRARY/packs/Fakemon_Festival_Full/Fakemon Festival Pack/PrincessPhoenix/Pokemon/Battlers/Gen 4-5 Frontsprites/HissioriteS.png,879de01118cc69fa89ee3042f754150b7201675da7bc643d16918d5565a369e1,Festival_PrincessPhoenix,Fakemon_Festival_Full
CROSS_SOURCE_EXACT_DUPLICATE,DS_CUSTOM_LIBRARY/packs/Festival_PrincessPhoenix/PrincessPhoenix/Pokemon/Battlers/Gen 4-5 Frontsprites/DrashimiFS.png,DS_CUSTOM_LIBRARY/packs/Fakemon_Festival_Full/Fakemon Festival Pack/PrincessPhoenix/Pokemon/Battlers/Gen 4-5 Frontsprites/DrashimiFS.png,28246b89e122319d576481cd1f5eb6f4c53bda3ffc65f9655a183df40900decd,Festival_PrincessPhoenix,Fakemon_Festival_Full
CROSS_SOURCE_EXACT_DUPLICATE,DS_CUSTOM_LIBRARY/packs/Festival_PrincessPhoenix/PrincessPhoenix/Pokemon/Battlers/Gen 4-5 Frontsprites/NuenfluF.png,DS_CUSTOM_LIBRARY/packs/Fakemon_Festival_Full/Fakemon Festival Pack/PrincessPhoenix/Pokemon/Battlers/Gen 4-5 Frontsprites/NuenfluF.png,274363538b02a64ee0d161eea54030a6fabc8049cff3cd48bb748db227f06bca,Festival_PrincessPhoenix,Fakemon_Festival_Full
CROSS_SOURCE_EXACT_DUPLICATE,DS_CUSTOM_LIBRARY/packs/Festival_PrincessPhoenix/PrincessPhoenix/Pokemon/Battlers/Gen 4-5 Frontsprites/CobarettS.png,DS_CUSTOM_LIBRARY/packs/Fakemon_Festival_Full/Fakemon Festival Pack/PrincessPhoenix/Pokemon/Battlers/Gen 4-5 Frontsprites/CobarettS.png,7c824f76f31fa9fbc494537a9d85fce6fb7705d729d0a958e2de9d424993eaad,Festival_PrincessPhoenix,Fakemon_Festival_Full
CROSS_SOURCE_EXACT_DUPLICATE,DS_CUSTOM_LIBRARY/packs/Festival_PrincessPhoenix/PrincessPhoenix/Pokemon/Battlers/Gen 4-5 Frontsprites/DrashimiF.png,DS_CUSTOM_LIBRARY/packs/Fakemon_Festival_Full/Fakemon Festival Pack/PrincessPhoenix/Pokemon/Battlers/Gen 4-5 Frontsprites/DrashimiF.png,3f607ea8d9f2c47a41994c488e7a5c1a9661b8b0a345ffcb389041a29f2a5476,Festival_PrincessPhoenix,Fakemon_Festival_Full
CROSS_SOURCE_EXACT_DUPLICATE,DS_CUSTOM_LIBRARY/packs/Festival_PrincessPhoenix/PrincessPhoenix/Pokemon/Battlers/Gen 4-5 Frontsprites/AnuFS.png,DS_CUSTOM_LIBRARY/packs/Fakemon_Festival_Full/Fakemon Festival Pack/PrincessPhoenix/Pokemon/Battlers/Gen 4-5 Frontsprites/AnuFS.png,0daa70b26602fde344f91c90cee9f08423a98818e1d2556f34b3483e65944a5a,Festival_PrincessPhoenix,Fakemon_Festival_Full
CROSS_SOURCE_EXACT_DUPLICATE,DS_CUSTOM_LIBRARY/packs/Festival_PrincessPhoenix/PrincessPhoenix/Pokemon/Battlers/Gen 4-5 Frontsprites/MerlicunFS.png,DS_CUSTOM_LIBRARY/packs/Fakemon_Festival_Full/Fakemon Festival Pack/PrincessPhoenix/Pokemon/Battlers/Gen 4-5 Frontsprites/MerlicunFS.png,808a57c2c3b3b389a115cfc80bb1d8671875ac5ae9f61d55cad65bcf976b5ea1,Festival_PrincessPhoenix,Fakemon_Festival_Full
CROSS_SOURCE_EXACT_DUPLICATE,DS_CUSTOM_LIBRARY/packs/Festival_PrincessPhoenix/PrincessPhoenix/Pokemon/Battlers/Gen 4-5 Frontsprites/AnuF.png,DS_CUSTOM_LIBRARY/packs/Fakemon_Festival_Full/Fakemon Festival Pack/PrincessPhoenix/Pokemon/Battlers/Gen 4-5 Frontsprites/AnuF.png,3b247424a216b63a767fd523142d9b857feb8cb27f8530d6c8fc62f3294b3a3f,Festival_PrincessPhoenix,Fakemon_Festival_Full
CROSS_SOURCE_EXACT_DUPLICATE,DS_CUSTOM_LIBRARY/packs/Festival_PrincessPhoenix/PrincessPhoenix/Pokemon/Battlers/Gen 4-5 Frontsprites/TsushimiFS.png,DS_CUSTOM_LIBRARY/packs/Fakemon_Festival_Full/Fakemon Festival Pack/PrincessPhoenix/Pokemon/Battlers/Gen 4-5 Frontsprites/TsushimiFS.png,773d5d18e168271cf08602b413fb59c268e7ffced347503c7bd1687f5c6f2fe1,Festival_PrincessPhoenix,Fakemon_Festival_Full
CROSS_SOURCE_EXACT_DUPLICATE,DS_CUSTOM_LIBRARY/packs/Festival_PrincessPhoenix/PrincessPhoenix/Pokemon/Battlers/Gen 4-5 Frontsprites/Baobaraffe.png,DS_CUSTOM_LIBRARY/packs/Fakemon_Festival_Full/Fakemon Festival Pack/PrincessPhoenix/Pokemon/Battlers/Gen 4-5 Frontsprites/Baobaraffe.png,31a7ff61f3f5b8b22b631c8f0625d4f3f4a416f03873b728c5d1bbdaa405654b,Festival_PrincessPhoenix,Fakemon_Festival_Full
CROSS_SOURCE_EXACT_DUPLICATE,DS_CUSTOM_LIBRARY/packs/Festival_PrincessPhoenix/PrincessPhoenix/Pokemon/Battlers/Gen 4-5 Frontsprites/Pythonova.png,DS_CUSTOM_LIBRARY/packs/Fakemon_Festival_Full/Fakemon Festival Pack/PrincessPhoenix/Pokemon/Battlers/Gen 4-5 Frontsprites/Pythonova.png,ccd5b4db95adc7a117968d42686d3481329fbf5c45aaa6337f630fb74d0cae0e,Festival_PrincessPhoenix,Fakemon_Festival_Full
CROSS_SOURCE_EXACT_DUPLICATE,DS_CUSTOM_LIBRARY/packs/Festival_PrincessPhoenix/PrincessPhoenix/Pokemon/Battlers/Gen 4-5 Frontsprites/TobishimiF.png,DS_CUSTOM_LIBRARY/packs/Fakemon_Festival_Full/Fakemon Festival Pack/PrincessPhoenix/Pokemon/Battlers/Gen 4-5 Frontsprites/TobishimiF.png,36d6d793d96bea87c57a53d0e870bdf728ed4c8d839cb41e2709bf74716dfe39,Festival_PrincessPhoenix,Fakemon_Festival_Full
CROSS_SOURCE_EXACT_DUPLICATE,DS_CUSTOM_LIBRARY/packs/Festival_PrincessPhoenix/PrincessPhoenix/Pokemon/Battlers/Gen 4-5 Frontsprites/BaobaraffeS.png,DS_CUSTOM_LIBRARY/packs/Fakemon_Festival_Full/Fakemon Festival Pack/PrincessPhoenix/Pokemon/Battlers/Gen 4-5 Frontsprites/BaobaraffeS.png,61e20971e65a24b7289953ee708f9b3a4bedcce9a60e92815739e1bfaa7b3e70,Festival_PrincessPhoenix,Fakemon_Festival_Full
CROSS_SOURCE_EXACT_DUPLICATE,DS_CUSTOM_LIBRARY/packs/Festival_PrincessPhoenix/PrincessPhoenix/Pokemon/Battlers/Gen 4-5 Frontsprites/MerlicunF.png,DS_CUSTOM_LIBRARY/packs/Fakemon_Festival_Full/Fakemon Festival Pack/PrincessPhoenix/Pokemon/Battlers/Gen 4-5 Frontsprites/MerlicunF.png,849a131b64b8d5818555193a48a92eb89adfeef08425300685a1bbe8ab6f230a,Festival_PrincessPhoenix,Fakemon_Festival_Full
CROSS_SOURCE_EXACT_DUPLICATE,DS_CUSTOM_LIBRARY/packs/Festival_PrincessPhoenix/PrincessPhoenix/Pokemon/Battlers/Gen 4-5 Frontsprites/TsushimiF.png,DS_CUSTOM_LIBRARY/packs/Fakemon_Festival_Full/Fakemon Festival Pack/PrincessPhoenix/Pokemon/Battlers/Gen 4-5 Frontsprites/TsushimiF.png,7df203c97db72069683e8155c406362bb613281cff62ad4544cb2eb838d43ed6,Festival_PrincessPhoenix,Fakemon_Festival_Full
CROSS_SOURCE_EXACT_DUPLICATE,DS_CUSTOM_LIBRARY/packs/Festival_PrincessPhoenix/PrincessPhoenix/Pokemon/Battlers/Gen 4-5 Frontsprites/PythonovaS.png,DS_CUSTOM_LIBRARY/packs/Fakemon_Festival_Full/Fakemon Festival Pack/PrincessPhoenix/Pokemon/Battlers/Gen 4-5 Frontsprites/PythonovaS.png,f5ed19d0f9cac811bdb18cf3bf1dea8c98f9980236d941e0be513e517fccdf5b,Festival_PrincessPhoenix,Fakemon_Festival_Full
CROSS_SOURCE_EXACT_DUPLICATE,DS_CUSTOM_LIBRARY/packs/Festival_PrincessPhoenix/PrincessPhoenix/Pokemon/Battlers/Gen 4-5 Frontsprites/Cobarett.png,DS_CUSTOM_LIBRARY/packs/Fakemon_Festival_Full/Fakemon Festival Pack/PrincessPhoenix/Pokemon/Battlers/Gen 4-5 Frontsprites/Cobarett.png,3d650ccbc86924c7f6dd3d094c48ad4f0e1e7b6729872076e422ddb7ae617feb,Festival_PrincessPhoenix,Fakemon_Festival_Full
CROSS_SOURCE_EXACT_DUPLICATE,DS_CUSTOM_LIBRARY/packs/Festival_PrincessPhoenix/PrincessPhoenix/Pokemon/Battlers/Gen 4-5 Frontsprites/FiromenisF.png,DS_CUSTOM_LIBRARY/packs/Fakemon_Festival_Full/Fakemon Festival Pack/PrincessPhoenix/Pokemon/Battlers/Gen 4-5 Frontsprites/FiromenisF.png,65299fe8cc6f9319c98d341ed8c500cb953408463f3e12ed700913de3638b483,Festival_PrincessPhoenix,Fakemon_Festival_Full
CROSS_SOURCE_EXACT_DUPLICATE,DS_CUSTOM_LIBRARY/packs/Festival_PrincessPhoenix/PrincessPhoenix/Pokemon/Battlers/Gen 4-5 Frontsprites/BaobyS.png,DS_CUSTOM_LIBRARY/packs/Fakemon_Festival_Full/Fakemon Festival Pack/PrincessPhoenix/Pokemon/Battlers/Gen 4-5 Frontsprites/BaobyS.png,e1dd62ed038339bee4120e6eb2d2155a8f41fd1b023d57675337a28e7d55b407,Festival_PrincessPhoenix,Fakemon_Festival_Full
CROSS_SOURCE_EXACT_DUPLICATE,DS_CUSTOM_LIBRARY/packs/Festival_PrincessPhoenix/PrincessPhoenix/Pokemon/Battlers/Gen 4-5 Frontsprites/Hissiorite.png,DS_CUSTOM_LIBRARY/packs/Fakemon_Festival_Full/Fakemon Festival Pack/PrincessPhoenix/Pokemon/Battlers/Gen 4-5 Frontsprites/Hissiorite.png,06b70db6c79da4d75fad280410113d1d27eb7182a6cfad4900afbe7bd64b7a36,Festival_PrincessPhoenix,Fakemon_Festival_Full
CROSS_SOURCE_EXACT_DUPLICATE,DS_CUSTOM_LIBRARY/packs/Festival_PrincessPhoenix/PrincessPhoenix/Pokemon/Battlers/Gen 3 Frontsprites/Baoby3.png,DS_CUSTOM_LIBRARY/packs/Fakemon_Festival_Full/Fakemon Festival Pack/PrincessPhoenix/Pokemon/Battlers/Gen 3 Frontsprites/Baoby3.png,3754113d17f3ad0fc1376beb7ab852712f41e68a2ed9da9c928dd5774d92083e,Festival_PrincessPhoenix,Fakemon_Festival_Full
CROSS_SOURCE_EXACT_DUPLICATE,DS_CUSTOM_LIBRARY/packs/Festival_PrincessPhoenix/PrincessPhoenix/Pokemon/Battlers/Gen 3 Frontsprites/HissioriteS.png,DS_CUSTOM_LIBRARY/packs/Fakemon_Festival_Full/Fakemon Festival Pack/PrincessPhoenix/Pokemon/Battlers/Gen 3 Frontsprites/HissioriteS.png,1c51afce99b7d18a4a69894bd9aa7363c8ae94736341341e8028093bfcce9585,Festival_PrincessPhoenix,Fakemon_Festival_Full
CROSS_SOURCE_EXACT_DUPLICATE,DS_CUSTOM_LIBRARY/packs/Festival_PrincessPhoenix/PrincessPhoenix/Pokemon/Battlers/Gen 3 Frontsprites/CobarettS.png,DS_CUSTOM_LIBRARY/packs/Fakemon_Festival_Full/Fakemon Festival Pack/PrincessPhoenix/Pokemon/Battlers/Gen 3 Frontsprites/CobarettS.png,a5a2558ba7ad934452e729faf51281ae4dc8facf88ad2985f9b0712b76c844fa,Festival_PrincessPhoenix,Fakemon_Festival_Full
CROSS_SOURCE_EXACT_DUPLICATE,DS_CUSTOM_LIBRARY/packs/Festival_PrincessPhoenix/PrincessPhoenix/Pokemon/Battlers/Gen 3 Frontsprites/Baoby3S.png,DS_CUSTOM_LIBRARY/packs/Fakemon_Festival_Full/Fakemon Festival Pack/PrincessPhoenix/Pokemon/Battlers/Gen 3 Frontsprites/Baoby3S.png,4a627bc7a650cec42f51bd41ea2bba9717d6fec9d83bb096918c87a0979603e5,Festival_PrincessPhoenix,Fakemon_Festival_Full
CROSS_SOURCE_EXACT_DUPLICATE,DS_CUSTOM_LIBRARY/packs/Festival_PrincessPhoenix/PrincessPhoenix/Pokemon/Battlers/Gen 3 Frontsprites/Pythonova.png,DS_CUSTOM_LIBRARY/packs/Fakemon_Festival_Full/Fakemon Festival Pack/PrincessPhoenix/Pokemon/Battlers/Gen 3 Frontsprites/Pythonova.png,0fe7f435b2cb817694191d262a4ed0fad29ebb35ca63672d9761fe02925932c6,Festival_PrincessPhoenix,Fakemon_Festival_Full
CROSS_SOURCE_EXACT_DUPLICATE,DS_CUSTOM_LIBRARY/packs/Festival_PrincessPhoenix/PrincessPhoenix/Pokemon/Battlers/Gen 3 Frontsprites/Baobaraffe3.png,DS_CUSTOM_LIBRARY/packs/Fakemon_Festival_Full/Fakemon Festival Pack/PrincessPhoenix/Pokemon/Battlers/Gen 3 Frontsprites/Baobaraffe3.png,036bd037df795bf2504c56c4e82d70209ba11d70c5e813b181e95c44786bf29b,Festival_PrincessPhoenix,Fakemon_Festival_Full
CROSS_SOURCE_EXACT_DUPLICATE,DS_CUSTOM_LIBRARY/packs/Festival_PrincessPhoenix/PrincessPhoenix/Pokemon/Battlers/Gen 3 Frontsprites/PythonovaS.png,DS_CUSTOM_LIBRARY/packs/Fakemon_Festival_Full/Fakemon Festival Pack/PrincessPhoenix/Pokemon/Battlers/Gen 3 Frontsprites/PythonovaS.png,74b9ed249c77daf28e0aa0d90aee7ffcf9f2516a79790c3bee37f84e08d67752,Festival_PrincessPhoenix,Fakemon_Festival_Full
CROSS_SOURCE_EXACT_DUPLICATE,DS_CUSTOM_LIBRARY/packs/Festival_PrincessPhoenix/PrincessPhoenix/Pokemon/Battlers/Gen 3 Frontsprites/Cobarett.png,DS_CUSTOM_LIBRARY/packs/Fakemon_Festival_Full/Fakemon Festival Pack/PrincessPhoenix/Pokemon/Battlers/Gen 3 Frontsprites/Cobarett.png,62157f4947160a78ce90375436d7bca77344ea6e77db0102c069a4b6fb3b0e1f,Festival_PrincessPhoenix,Fakemon_Festival_Full
CROSS_SOURCE_EXACT_DUPLICATE,DS_CUSTOM_LIBRARY/packs/Festival_PrincessPhoenix/PrincessPhoenix/Pokemon/Battlers/Gen 3 Frontsprites/Baobaraffe3S.png,DS_CUSTOM_LIBRARY/packs/Fakemon_Festival_Full/Fakemon Festival Pack/PrincessPhoenix/Pokemon/Battlers/Gen 3 Frontsprites/Baobaraffe3S.png,7ba2de734406e1af98e53245df9cd36594433f0179e268fdb65ffd10ff87877c,Festival_PrincessPhoenix,Fakemon_Festival_Full
CROSS_SOURCE_EXACT_DUPLICATE,DS_CUSTOM_LIBRARY/packs/Festival_PrincessPhoenix/PrincessPhoenix/Pokemon/Battlers/Gen 3 Frontsprites/Hissiorite.png,DS_CUSTOM_LIBRARY/packs/Fakemon_Festival_Full/Fakemon Festival Pack/PrincessPhoenix/Pokemon/Battlers/Gen 3 Frontsprites/Hissiorite.png,0df4c498d8c16332dbe8581e40d24ceccecb072fed7f08ecea121e9b52a11b99,Festival_PrincessPhoenix,Fakemon_Festival_Full
CROSS_SOURCE_EXACT_DUPLICATE,DS_CUSTOM_LIBRARY/packs/Festival_PrincessPhoenix/PrincessPhoenix/Pokemon/Battlers/Gen 5 Backsprites/FiromenisB5.png,DS_CUSTOM_LIBRARY/packs/Fakemon_Festival_Full/Fakemon Festival Pack/PrincessPhoenix/Pokemon/Battlers/Gen 5 Backsprites/FiromenisB5.png,b6693a274c2c7075fa9a0d11a0ade1f51e45a9fddd1bd6daa92908a33739fec1,Festival_PrincessPhoenix,Fakemon_Festival_Full
CROSS_SOURCE_EXACT_DUPLICATE,DS_CUSTOM_LIBRARY/packs/Festival_PrincessPhoenix/PrincessPhoenix/Pokemon/Battlers/Gen 5 Backsprites/MerlicunB5S.png,DS_CUSTOM_LIBRARY/packs/Fakemon_Festival_Full/Fakemon Festival Pack/PrincessPhoenix/Pokemon/Battlers/Gen 5 Backsprites/MerlicunB5S.png,4c29c6e35ea83ba769956d5567d8b756aa022fe46c619059c77e14899b950a7d,Festival_PrincessPhoenix,Fakemon_Festival_Full
CROSS_SOURCE_EXACT_DUPLICATE,DS_CUSTOM_LIBRARY/packs/Festival_PrincessPhoenix/PrincessPhoenix/Pokemon/Battlers/Gen 5 Backsprites/HissioriteB5S.png,DS_CUSTOM_LIBRARY/packs/Fakemon_Festival_Full/Fakemon Festival Pack/PrincessPhoenix/Pokemon/Battlers/Gen 5 Backsprites/HissioriteB5S.png,6a840b40c46a1fb9540f416207ac7951b1e0b6cc2c26cb5ac683bf1285339c15,Festival_PrincessPhoenix,Fakemon_Festival_Full
CROSS_SOURCE_EXACT_DUPLICATE,DS_CUSTOM_LIBRARY/packs/Festival_PrincessPhoenix/PrincessPhoenix/Pokemon/Battlers/Gen 5 Backsprites/FiromenisB5S.png,DS_CUSTOM_LIBRARY/packs/Fakemon_Festival_Full/Fakemon Festival Pack/PrincessPhoenix/Pokemon/Battlers/Gen 5 Backsprites/FiromenisB5S.png,19e03d09e7f8f931d799f2f840b2d9d7e077b15e00cdfce5913be30c595c71bb,Festival_PrincessPhoenix,Fakemon_Festival_Full
CROSS_SOURCE_EXACT_DUPLICATE,DS_CUSTOM_LIBRARY/packs/Festival_PrincessPhoenix/PrincessPhoenix/Pokemon/Battlers/Gen 5 Backsprites/PythonovaB5.png,DS_CUSTOM_LIBRARY/packs/Fakemon_Festival_Full/Fakemon Festival Pack/PrincessPhoenix/Pokemon/Battlers/Gen 5 Backsprites/PythonovaB5.png,792306f734447c3ea64d7098cdf17aa5f5233435fc4c33768a6d6a3006b0fda7,Festival_PrincessPhoenix,Fakemon_Festival_Full
CROSS_SOURCE_EXACT_DUPLICATE,DS_CUSTOM_LIBRARY/packs/Festival_PrincessPhoenix/PrincessPhoenix/Pokemon/Battlers/Gen 5 Backsprites/AnuB5S.png,DS_CUSTOM_LIBRARY/packs/Fakemon_Festival_Full/Fakemon Festival Pack/PrincessPhoenix/Pokemon/Battlers/Gen 5 Backsprites/AnuB5S.png,c6cf7f28e05b4566ae83dd7f73d7c2b2812cdad24f569941c19d9ecb157695b3,Festival_PrincessPhoenix,Fakemon_Festival_Full
CROSS_SOURCE_EXACT_DUPLICATE,DS_CUSTOM_LIBRARY/packs/Festival_PrincessPhoenix/PrincessPhoenix/Pokemon/Battlers/Gen 5 Backsprites/AnuB5.png,DS_CUSTOM_LIBRARY/packs/Fakemon_Festival_Full/Fakemon Festival Pack/PrincessPhoenix/Pokemon/Battlers/Gen 5 Backsprites/AnuB5.png,d235b2ad8208c2f4ccced9c67dd5b27a2c6b5204572a12f787b2ab503a3e0bc4,Festival_PrincessPhoenix,Fakemon_Festival_Full
CROSS_SOURCE_EXACT_DUPLICATE,DS_CUSTOM_LIBRARY/packs/Festival_PrincessPhoenix/PrincessPhoenix/Pokemon/Battlers/Gen 5 Backsprites/TsushimiB5.png,DS_CUSTOM_LIBRARY/packs/Fakemon_Festival_Full/Fakemon Festival Pack/PrincessPhoenix/Pokemon/Battlers/Gen 5 Backsprites/TsushimiB5.png,7ba5a20f8ea846ca0212e59803cac7e9151014805091022c2e24959c3b0bc76a,Festival_PrincessPhoenix,Fakemon_Festival_Full
CROSS_SOURCE_EXACT_DUPLICATE,DS_CUSTOM_LIBRARY/packs/Festival_PrincessPhoenix/PrincessPhoenix/Pokemon/Battlers/Gen 5 Backsprites/TsushimiB5S.png,DS_CUSTOM_LIBRARY/packs/Fakemon_Festival_Full/Fakemon Festival Pack/PrincessPhoenix/Pokemon/Battlers/Gen 5 Backsprites/TsushimiB5S.png,28b0557ceee321fe440cd7ee40355e22c0e06e8918b358369950e55f05afb2cb,Festival_PrincessPhoenix,Fakemon_Festival_Full
CROSS_SOURCE_EXACT_DUPLICATE,DS_CUSTOM_LIBRARY/packs/Festival_PrincessPhoenix/PrincessPhoenix/Pokemon/Battlers/Gen 5 Backsprites/BaobaraffeB5.png,DS_CUSTOM_LIBRARY/packs/Fakemon_Festival_Full/Fakemon Festival Pack/PrincessPhoenix/Pokemon/Battlers/Gen 5 Backsprites/BaobaraffeB5.png,bb7a1fc1b389aceaaeef585ca2fe477cced6eaded889ea9b7a9f34f826531544,Festival_PrincessPhoenix,Fakemon_Festival_Full
CROSS_SOURCE_EXACT_DUPLICATE,DS_CUSTOM_LIBRARY/packs/Festival_PrincessPhoenix/PrincessPhoenix/Pokemon/Battlers/Gen 5 Backsprites/CobarettB5.png,DS_CUSTOM_LIBRARY/packs/Fakemon_Festival_Full/Fakemon Festival Pack/PrincessPhoenix/Pokemon/Battlers/Gen 5 Backsprites/CobarettB5.png,1a9da31d098c92a58242ead253d01e1f7ba6a9693fac21e941ede83866d098cf,Festival_PrincessPhoenix,Fakemon_Festival_Full
CROSS_SOURCE_EXACT_DUPLICATE,DS_CUSTOM_LIBRARY/packs/Festival_PrincessPhoenix/PrincessPhoenix/Pokemon/Battlers/Gen 5 Backsprites/TobishimiB5S.png,DS_CUSTOM_LIBRARY/packs/Fakemon_Festival_Full/Fakemon Festival Pack/PrincessPhoenix/Pokemon/Battlers/Gen 5 Backsprites/TobishimiB5S.png,d65aabb1b73bae3c7622f509f791f6bb26d627f94b3058ec9a6185cef0d43aad,Festival_PrincessPhoenix,Fakemon_Festival_Full
CROSS_SOURCE_EXACT_DUPLICATE,DS_CUSTOM_LIBRARY/packs/Festival_PrincessPhoenix/PrincessPhoenix/Pokemon/Battlers/Gen 5 Backsprites/NuenfluB5S.png,DS_CUSTOM_LIBRARY/packs/Fakemon_Festival_Full/Fakemon Festival Pack/PrincessPhoenix/Pokemon/Battlers/Gen 5 Backsprites/NuenfluB5S.png,4c0fcef9aece5b08ad9e553f5726aad5ea0bd4ffe432bbb550ef8f2ce869bb61,Festival_PrincessPhoenix,Fakemon_Festival_Full
CROSS_SOURCE_EXACT_DUPLICATE,DS_CUSTOM_LIBRARY/packs/Festival_PrincessPhoenix/PrincessPhoenix/Pokemon/Battlers/Gen 5 Backsprites/MerlicunB5.png,DS_CUSTOM_LIBRARY/packs/Fakemon_Festival_Full/Fakemon Festival Pack/PrincessPhoenix/Pokemon/Battlers/Gen 5 Backsprites/MerlicunB5.png,b11741a7f3caf4f6a66fbd8f48317aa981624e84308746aeb7032ef6c94f8c19,Festival_PrincessPhoenix,Fakemon_Festival_Full
CROSS_SOURCE_EXACT_DUPLICATE,DS_CUSTOM_LIBRARY/packs/Festival_PrincessPhoenix/PrincessPhoenix/Pokemon/Battlers/Gen 5 Backsprites/BaobaraffeB5S.png,DS_CUSTOM_LIBRARY/packs/Fakemon_Festival_Full/Fakemon Festival Pack/PrincessPhoenix/Pokemon/Battlers/Gen 5 Backsprites/BaobaraffeB5S.png,0cbcdc31ef22da4ca451a90269a479f415e0fc17abcc5a92ddc924e43790e885,Festival_PrincessPhoenix,Fakemon_Festival_Full
CROSS_SOURCE_EXACT_DUPLICATE,DS_CUSTOM_LIBRARY/packs/Festival_PrincessPhoenix/PrincessPhoenix/Pokemon/Battlers/Gen 5 Backsprites/DrashimiB5.png,DS_CUSTOM_LIBRARY/packs/Fakemon_Festival_Full/Fakemon Festival Pack/PrincessPhoenix/Pokemon/Battlers/Gen 5 Backsprites/DrashimiB5.png,27ced3c6efa4f4516f22910e97f1ea95615d56ded20e8b72cf887077ccf9ef8d,Festival_PrincessPhoenix,Fakemon_Festival_Full
CROSS_SOURCE_EXACT_DUPLICATE,DS_CUSTOM_LIBRARY/packs/Festival_PrincessPhoenix/PrincessPhoenix/Pokemon/Battlers/Gen 5 Backsprites/BaobyB5S.png,DS_CUSTOM_LIBRARY/packs/Fakemon_Festival_Full/Fakemon Festival Pack/PrincessPhoenix/Pokemon/Battlers/Gen 5 Backsprites/BaobyB5S.png,ec870c6441da5b40128bc103ab5506c8c18d47e543474e847395b112fef1f136,Festival_PrincessPhoenix,Fakemon_Festival_Full
CROSS_SOURCE_EXACT_DUPLICATE,DS_CUSTOM_LIBRARY/packs/Festival_PrincessPhoenix/PrincessPhoenix/Pokemon/Battlers/Gen 5 Backsprites/TobishimiB5.png,DS_CUSTOM_LIBRARY/packs/Fakemon_Festival_Full/Fakemon Festival Pack/PrincessPhoenix/Pokemon/Battlers/Gen 5 Backsprites/TobishimiB5.png,c47573c5a54794ef4157065abf8420212752e749ce554cf0c473944729b9855d,Festival_PrincessPhoenix,Fakemon_Festival_Full
CROSS_SOURCE_EXACT_DUPLICATE,DS_CUSTOM_LIBRARY/packs/Festival_PrincessPhoenix/PrincessPhoenix/Pokemon/Battlers/Gen 5 Backsprites/HissioriteB5.png,DS_CUSTOM_LIBRARY/packs/Fakemon_Festival_Full/Fakemon Festival Pack/PrincessPhoenix/Pokemon/Battlers/Gen 5 Backsprites/HissioriteB5.png,1cca900c4a6f453ac9f2674d155a1649f4dff8c814db1bdbc695b00a28706e55,Festival_PrincessPhoenix,Fakemon_Festival_Full
CROSS_SOURCE_EXACT_DUPLICATE,DS_CUSTOM_LIBRARY/packs/Festival_PrincessPhoenix/PrincessPhoenix/Pokemon/Battlers/Gen 5 Backsprites/NuenfluB5.png,DS_CUSTOM_LIBRARY/packs/Fakemon_Festival_Full/Fakemon Festival Pack/PrincessPhoenix/Pokemon/Battlers/Gen 5 Backsprites/NuenfluB5.png,52db93f059c5e21230c0e5387bfe21fb8467d5ee9674f5d35f1b63d6285dc8c5,Festival_PrincessPhoenix,Fakemon_Festival_Full
CROSS_SOURCE_EXACT_DUPLICATE,DS_CUSTOM_LIBRARY/packs/Festival_PrincessPhoenix/PrincessPhoenix/Pokemon/Battlers/Gen 5 Backsprites/PythonovaB5S.png,DS_CUSTOM_LIBRARY/packs/Fakemon_Festival_Full/Fakemon Festival Pack/PrincessPhoenix/Pokemon/Battlers/Gen 5 Backsprites/PythonovaB5S.png,2673b6422ff423ed41d30c12916d5a75df80eb16a081692dbb008f8605b25d53,Festival_PrincessPhoenix,Fakemon_Festival_Full
CROSS_SOURCE_EXACT_DUPLICATE,DS_CUSTOM_LIBRARY/packs/Festival_PrincessPhoenix/PrincessPhoenix/Pokemon/Battlers/Gen 5 Backsprites/CobarettB5S.png,DS_CUSTOM_LIBRARY/packs/Fakemon_Festival_Full/Fakemon Festival Pack/PrincessPhoenix/Pokemon/Battlers/Gen 5 Backsprites/CobarettB5S.png,9af76f39945695b88c61557e0b07ebdb993053d6179cd061cd03c8e307cf69e1,Festival_PrincessPhoenix,Fakemon_Festival_Full
CROSS_SOURCE_EXACT_DUPLICATE,DS_CUSTOM_LIBRARY/packs/Festival_PrincessPhoenix/PrincessPhoenix/Pokemon/Battlers/Gen 5 Backsprites/BaobyB5.png,DS_CUSTOM_LIBRARY/packs/Fakemon_Festival_Full/Fakemon Festival Pack/PrincessPhoenix/Pokemon/Battlers/Gen 5 Backsprites/BaobyB5.png,0407361b78bb676413777e7f00845833cbe134bf36aff4bb0731913a2a6b4183,Festival_PrincessPhoenix,Fakemon_Festival_Full
CROSS_SOURCE_EXACT_DUPLICATE,DS_CUSTOM_LIBRARY/packs/Festival_PrincessPhoenix/PrincessPhoenix/Pokemon/Battlers/Gen 5 Backsprites/DrashimiB5S.png,DS_CUSTOM_LIBRARY/packs/Fakemon_Festival_Full/Fakemon Festival Pack/PrincessPhoenix/Pokemon/Battlers/Gen 5 Backsprites/DrashimiB5S.png,91476bfa7b1533987dc39bdf8f0843dce64ebebb37577221c975129f019b9b42,Festival_PrincessPhoenix,Fakemon_Festival_Full
CROSS_SOURCE_EXACT_DUPLICATE,DS_CUSTOM_LIBRARY/packs/Festival_PrincessPhoenix/PrincessPhoenix/Pokemon/Battlers/Gen 4 Backsprites/HissioriteB4S.png,DS_CUSTOM_LIBRARY/packs/Fakemon_Festival_Full/Fakemon Festival Pack/PrincessPhoenix/Pokemon/Battlers/Gen 4 Backsprites/HissioriteB4S.png,169e22e0aef581fc5231d63c184f7be7981651d9cd25c096e79fc1c5f846cc78,Festival_PrincessPhoenix,Fakemon_Festival_Full
CROSS_SOURCE_EXACT_DUPLICATE,DS_CUSTOM_LIBRARY/packs/Festival_PrincessPhoenix/PrincessPhoenix/Pokemon/Battlers/Gen 4 Backsprites/PythonovaB4.png,DS_CUSTOM_LIBRARY/packs/Fakemon_Festival_Full/Fakemon Festival Pack/PrincessPhoenix/Pokemon/Battlers/Gen 4 Backsprites/PythonovaB4.png,715ab0d141bff85a97edf7de0ca5ff16a3ad1bb1ae4345f2eb36294c1c65d9e5,Festival_PrincessPhoenix,Fakemon_Festival_Full
CROSS_SOURCE_EXACT_DUPLICATE,DS_CUSTOM_LIBRARY/packs/Festival_PrincessPhoenix/PrincessPhoenix/Pokemon/Battlers/Gen 4 Backsprites/FiromenisB4S.png,DS_CUSTOM_LIBRARY/packs/Fakemon_Festival_Full/Fakemon Festival Pack/PrincessPhoenix/Pokemon/Battlers/Gen 4 Backsprites/FiromenisB4S.png,d64bc3355342c86058430c05a4709baafbf1eaa1d2312645fbf0e8b54423c3cf,Festival_PrincessPhoenix,Fakemon_Festival_Full
CROSS_SOURCE_EXACT_DUPLICATE,DS_CUSTOM_LIBRARY/packs/Festival_PrincessPhoenix/PrincessPhoenix/Pokemon/Battlers/Gen 4 Backsprites/TobishimiB4S.png,DS_CUSTOM_LIBRARY/packs/Fakemon_Festival_Full/Fakemon Festival Pack/PrincessPhoenix/Pokemon/Battlers/Gen 4 Backsprites/TobishimiB4S.png,c20b9c040ab887674e53e16bee9f7c343d351fea906efd69fe95d6a2cb065d54,Festival_PrincessPhoenix,Fakemon_Festival_Full
CROSS_SOURCE_EXACT_DUPLICATE,DS_CUSTOM_LIBRARY/packs/Festival_PrincessPhoenix/PrincessPhoenix/Pokemon/Battlers/Gen 4 Backsprites/CobarettB4.png,DS_CUSTOM_LIBRARY/packs/Fakemon_Festival_Full/Fakemon Festival Pack/PrincessPhoenix/Pokemon/Battlers/Gen 4 Backsprites/CobarettB4.png,ab55062640b6dd92f0377d423266b84b461881487a8239198f07ed82785b5560,Festival_PrincessPhoenix,Fakemon_Festival_Full
CROSS_SOURCE_EXACT_DUPLICATE,DS_CUSTOM_LIBRARY/packs/Festival_PrincessPhoenix/PrincessPhoenix/Pokemon/Battlers/Gen 4 Backsprites/BaobyB4S.png,DS_CUSTOM_LIBRARY/packs/Fakemon_Festival_Full/Fakemon Festival Pack/PrincessPhoenix/Pokemon/Battlers/Gen 4 Backsprites/BaobyB4S.png,944fd30a9baadb14db3f1bc2299b88200f6e02455ec995210cf1d0b4f787bb41,Festival_PrincessPhoenix,Fakemon_Festival_Full
CROSS_SOURCE_EXACT_DUPLICATE,DS_CUSTOM_LIBRARY/packs/Festival_PrincessPhoenix/PrincessPhoenix/Pokemon/Battlers/Gen 4 Backsprites/NuenfluB4S.png,DS_CUSTOM_LIBRARY/packs/Fakemon_Festival_Full/Fakemon Festival Pack/PrincessPhoenix/Pokemon/Battlers/Gen 4 Backsprites/NuenfluB4S.png,ce9207a0d40746d3e4197bff3116642c25d1e47849e74d3157690922d1f9206c,Festival_PrincessPhoenix,Fakemon_Festival_Full
CROSS_SOURCE_EXACT_DUPLICATE,DS_CUSTOM_LIBRARY/packs/Festival_PrincessPhoenix/PrincessPhoenix/Pokemon/Battlers/Gen 4 Backsprites/BaobaraffeB4.png,DS_CUSTOM_LIBRARY/packs/Fakemon_Festival_Full/Fakemon Festival Pack/PrincessPhoenix/Pokemon/Battlers/Gen 4 Backsprites/BaobaraffeB4.png,e28ed97b60d64e5595b3c6c2b55c5f6c52c618b7366507233aff9bb498fc9658,Festival_PrincessPhoenix,Fakemon_Festival_Full
CROSS_SOURCE_EXACT_DUPLICATE,DS_CUSTOM_LIBRARY/packs/Festival_PrincessPhoenix/PrincessPhoenix/Pokemon/Battlers/Gen 4 Backsprites/PythonovaB4S.png,DS_CUSTOM_LIBRARY/packs/Fakemon_Festival_Full/Fakemon Festival Pack/PrincessPhoenix/Pokemon/Battlers/Gen 4 Backsprites/PythonovaB4S.png,7eff2dd9ae215035a882bbea97cbeacc21cc9a77f61b76807d0e51c5c65e92d6,Festival_PrincessPhoenix,Fakemon_Festival_Full
CROSS_SOURCE_EXACT_DUPLICATE,DS_CUSTOM_LIBRARY/packs/Festival_PrincessPhoenix/PrincessPhoenix/Pokemon/Battlers/Gen 4 Backsprites/HissioriteB4.png,DS_CUSTOM_LIBRARY/packs/Fakemon_Festival_Full/Fakemon Festival Pack/PrincessPhoenix/Pokemon/Battlers/Gen 4 Backsprites/HissioriteB4.png,76ecb4446c8ca57a7139902db7fce9db0f5671d47f4276c4f62f8dcd1685b85c,Festival_PrincessPhoenix,Fakemon_Festival_Full
CROSS_SOURCE_EXACT_DUPLICATE,DS_CUSTOM_LIBRARY/packs/Festival_PrincessPhoenix/PrincessPhoenix/Pokemon/Battlers/Gen 4 Backsprites/TobishimiB4.png,DS_CUSTOM_LIBRARY/packs/Fakemon_Festival_Full/Fakemon Festival Pack/PrincessPhoenix/Pokemon/Battlers/Gen 4 Backsprites/TobishimiB4.png,d66107910e225ce238b50c2720632ab1392e381befbea51510ea49811cb222f5,Festival_PrincessPhoenix,Fakemon_Festival_Full
CROSS_SOURCE_EXACT_DUPLICATE,DS_CUSTOM_LIBRARY/packs/Festival_PrincessPhoenix/PrincessPhoenix/Pokemon/Battlers/Gen 4 Backsprites/FiromenisB4.png,DS_CUSTOM_LIBRARY/packs/Fakemon_Festival_Full/Fakemon Festival Pack/PrincessPhoenix/Pokemon/Battlers/Gen 4 Backsprites/FiromenisB4.png,f36ac54bb143b62538e38ec38740cc2cd92bf59e0cd31be0ef19726179a4750f,Festival_PrincessPhoenix,Fakemon_Festival_Full
CROSS_SOURCE_EXACT_DUPLICATE,DS_CUSTOM_LIBRARY/packs/Festival_PrincessPhoenix/PrincessPhoenix/Pokemon/Battlers/Gen 4 Backsprites/BaobaraffeB4S.png,DS_CUSTOM_LIBRARY/packs/Fakemon_Festival_Full/Fakemon Festival Pack/PrincessPhoenix/Pokemon/Battlers/Gen 4 Backsprites/BaobaraffeB4S.png,b4b98626996fb423f0cb2d850dd6ec816c8bfca434c816ff2d512cd15f94b388,Festival_PrincessPhoenix,Fakemon_Festival_Full
CROSS_SOURCE_EXACT_DUPLICATE,DS_CUSTOM_LIBRARY/packs/Festival_PrincessPhoenix/PrincessPhoenix/Pokemon/Battlers/Gen 4 Backsprites/AnuB4.png,DS_CUSTOM_LIBRARY/packs/Fakemon_Festival_Full/Fakemon Festival Pack/PrincessPhoenix/Pokemon/Battlers/Gen 4 Backsprites/AnuB4.png,572f11de2a37f3c6489be43c2f0c89865a410a45d8fe3e5ea49fd5291d9fddf4,Festival_PrincessPhoenix,Fakemon_Festival_Full
CROSS_SOURCE_EXACT_DUPLICATE,DS_CUSTOM_LIBRARY/packs/Festival_PrincessPhoenix/PrincessPhoenix/Pokemon/Battlers/Gen 4 Backsprites/BaobyB4.png,DS_CUSTOM_LIBRARY/packs/Fakemon_Festival_Full/Fakemon Festival Pack/PrincessPhoenix/Pokemon/Battlers/Gen 4 Backsprites/BaobyB4.png,c9aee00d6224f22cfa5ca7844e4ade8a66fb5330ff5e64dbd85b9f5aa5650900,Festival_PrincessPhoenix,Fakemon_Festival_Full
CROSS_SOURCE_EXACT_DUPLICATE,DS_CUSTOM_LIBRARY/packs/Festival_PrincessPhoenix/PrincessPhoenix/Pokemon/Battlers/Gen 4 Backsprites/MerlicunB4S.png,DS_CUSTOM_LIBRARY/packs/Fakemon_Festival_Full/Fakemon Festival Pack/PrincessPhoenix/Pokemon/Battlers/Gen 4 Backsprites/MerlicunB4S.png,2b8c46f111f3b4df4aa98345e5fd424c5615bbf67f8d752892ac1e1943dc8c37,Festival_PrincessPhoenix,Fakemon_Festival_Full
CROSS_SOURCE_EXACT_DUPLICATE,DS_CUSTOM_LIBRARY/packs/Festival_PrincessPhoenix/PrincessPhoenix/Pokemon/Battlers/Gen 4 Backsprites/NuenfluB4.png,DS_CUSTOM_LIBRARY/packs/Fakemon_Festival_Full/Fakemon Festival Pack/PrincessPhoenix/Pokemon/Battlers/Gen 4 Backsprites/NuenfluB4.png,7ae4542104e36783962a59a10bb7248025c3c52e6fc1e1e69addeb3e2ae7a9bb,Festival_PrincessPhoenix,Fakemon_Festival_Full
CROSS_SOURCE_EXACT_DUPLICATE,DS_CUSTOM_LIBRARY/packs/Festival_PrincessPhoenix/PrincessPhoenix/Pokemon/Battlers/Gen 4 Backsprites/AnuB4S.png,DS_CUSTOM_LIBRARY/packs/Fakemon_Festival_Full/Fakemon Festival Pack/PrincessPhoenix/Pokemon/Battlers/Gen 4 Backsprites/AnuB4S.png,c2b03b3bb6bc282dcf691c7ccb7aca6c0788850595dc8ddecbe5805d7788342b,Festival_PrincessPhoenix,Fakemon_Festival_Full
CROSS_SOURCE_EXACT_DUPLICATE,DS_CUSTOM_LIBRARY/packs/Festival_PrincessPhoenix/PrincessPhoenix/Pokemon/Battlers/Gen 4 Backsprites/DrashimiB4S.png,DS_CUSTOM_LIBRARY/packs/Fakemon_Festival_Full/Fakemon Festival Pack/PrincessPhoenix/Pokemon/Battlers/Gen 4 Backsprites/DrashimiB4S.png,c5ce98a25f179b0b59fb5477413276595b6742b5e604a6bb35ff3454698861c5,Festival_PrincessPhoenix,Fakemon_Festival_Full
CROSS_SOURCE_EXACT_DUPLICATE,DS_CUSTOM_LIBRARY/packs/Festival_PrincessPhoenix/PrincessPhoenix/Pokemon/Battlers/Gen 4 Backsprites/TsushimiB4S.png,DS_CUSTOM_LIBRARY/packs/Fakemon_Festival_Full/Fakemon Festival Pack/PrincessPhoenix/Pokemon/Battlers/Gen 4 Backsprites/TsushimiB4S.png,2804f27b0813ba1f686226d28d8a24217135387145dd3a738f143fa1b607018b,Festival_PrincessPhoenix,Fakemon_Festival_Full
CROSS_SOURCE_EXACT_DUPLICATE,DS_CUSTOM_LIBRARY/packs/Festival_PrincessPhoenix/PrincessPhoenix/Pokemon/Battlers/Gen 4 Backsprites/MerlicunB4.png,DS_CUSTOM_LIBRARY/packs/Fakemon_Festival_Full/Fakemon Festival Pack/PrincessPhoenix/Pokemon/Battlers/Gen 4 Backsprites/MerlicunB4.png,86b094cbc2e8f7b75cd66122bfc385c06e572d083b75a2720833fcff3959cf1c,Festival_PrincessPhoenix,Fakemon_Festival_Full
CROSS_SOURCE_EXACT_DUPLICATE,DS_CUSTOM_LIBRARY/packs/Festival_PrincessPhoenix/PrincessPhoenix/Pokemon/Battlers/Gen 4 Backsprites/CobarettB4S.png,DS_CUSTOM_LIBRARY/packs/Fakemon_Festival_Full/Fakemon Festival Pack/PrincessPhoenix/Pokemon/Battlers/Gen 4 Backsprites/CobarettB4S.png,15ee8eb6f5416bc9786d4c20cb4ee41eb359ca8c8431ed4a9afbcab35fa4e6f1,Festival_PrincessPhoenix,Fakemon_Festival_Full
CROSS_SOURCE_EXACT_DUPLICATE,DS_CUSTOM_LIBRARY/packs/Festival_PrincessPhoenix/PrincessPhoenix/Pokemon/Battlers/Gen 4 Backsprites/DrashimiB4.png,DS_CUSTOM_LIBRARY/packs/Fakemon_Festival_Full/Fakemon Festival Pack/PrincessPhoenix/Pokemon/Battlers/Gen 4 Backsprites/DrashimiB4.png,3ba58bc57dc32d579844f36b30f6649251d6305dc6b340ff23bdd6fa3dccc0fe,Festival_PrincessPhoenix,Fakemon_Festival_Full
CROSS_SOURCE_EXACT_DUPLICATE,DS_CUSTOM_LIBRARY/packs/Festival_PrincessPhoenix/PrincessPhoenix/Pokemon/Battlers/Gen 4 Backsprites/TsushimiB4.png,DS_CUSTOM_LIBRARY/packs/Fakemon_Festival_Full/Fakemon Festival Pack/PrincessPhoenix/Pokemon/Battlers/Gen 4 Backsprites/TsushimiB4.png,22310f629058cc624ea097ce89dba53742b80426331f982ffaec67371fbfad78,Festival_PrincessPhoenix,Fakemon_Festival_Full
CROSS_SOURCE_EXACT_DUPLICATE,DS_CUSTOM_LIBRARY/packs/Festival_PrincessPhoenix/PrincessPhoenix/Pokemon/Battlers/Gen 3 Backsprites/Backsprites Half/BaobyB3.png,DS_CUSTOM_LIBRARY/packs/Fakemon_Festival_Full/Fakemon Festival Pack/PrincessPhoenix/Pokemon/Battlers/Gen 3 Backsprites/Backsprites Half/BaobyB3.png,56234cee20da73fd5600069ff634b9a23840b475536d6e4c84a01faad1663572,Festival_PrincessPhoenix,Fakemon_Festival_Full
CROSS_SOURCE_EXACT_DUPLICATE,DS_CUSTOM_LIBRARY/packs/Festival_PrincessPhoenix/PrincessPhoenix/Pokemon/Battlers/Gen 3 Backsprites/Backsprites Half/CobarettB3.png,DS_CUSTOM_LIBRARY/packs/Fakemon_Festival_Full/Fakemon Festival Pack/PrincessPhoenix/Pokemon/Battlers/Gen 3 Backsprites/Backsprites Half/CobarettB3.png,2d9e1d5f25fec48c7cd621f98ece8423163e77f388f151f80fd76509ab1a1448,Festival_PrincessPhoenix,Fakemon_Festival_Full
CROSS_SOURCE_EXACT_DUPLICATE,DS_CUSTOM_LIBRARY/packs/Festival_PrincessPhoenix/PrincessPhoenix/Pokemon/Battlers/Gen 3 Backsprites/Backsprites Half/BaobaraffeB3S.png,DS_CUSTOM_LIBRARY/packs/Fakemon_Festival_Full/Fakemon Festival Pack/PrincessPhoenix/Pokemon/Battlers/Gen 3 Backsprites/Backsprites Half/BaobaraffeB3S.png,a8a416640faff9861cdaae5ac820a454a4c883a6d645aaf714db224e7cb7186c,Festival_PrincessPhoenix,Fakemon_Festival_Full
CROSS_SOURCE_EXACT_DUPLICATE,DS_CUSTOM_LIBRARY/packs/Festival_PrincessPhoenix/PrincessPhoenix/Pokemon/Battlers/Gen 3 Backsprites/Backsprites Half/CobarettB3S.png,DS_CUSTOM_LIBRARY/packs/Fakemon_Festival_Full/Fakemon Festival Pack/PrincessPhoenix/Pokemon/Battlers/Gen 3 Backsprites/Backsprites Half/CobarettB3S.png,c8f981eb5fe594ec330ec6f71c0066ecc12f2af226f742945611e9e9b3337790,Festival_PrincessPhoenix,Fakemon_Festival_Full
CROSS_SOURCE_EXACT_DUPLICATE,DS_CUSTOM_LIBRARY/packs/Festival_PrincessPhoenix/PrincessPhoenix/Pokemon/Battlers/Gen 3 Backsprites/Backsprites Half/BaobaraffeB3.png,DS_CUSTOM_LIBRARY/packs/Fakemon_Festival_Full/Fakemon Festival Pack/PrincessPhoenix/Pokemon/Battlers/Gen 3 Backsprites/Backsprites Half/BaobaraffeB3.png,a6f1c62feaefdca11b4f54a958dd434de96a11cf95ce3acd5172b98caa26cef4,Festival_PrincessPhoenix,Fakemon_Festival_Full
CROSS_SOURCE_EXACT_DUPLICATE,DS_CUSTOM_LIBRARY/packs/Festival_PrincessPhoenix/PrincessPhoenix/Pokemon/Battlers/Gen 3 Backsprites/Backsprites Half/Pythonova.png,DS_CUSTOM_LIBRARY/packs/Fakemon_Festival_Full/Fakemon Festival Pack/PrincessPhoenix/Pokemon/Battlers/Gen 3 Backsprites/Backsprites Half/Pythonova.png,d5086a555d9a4e56aaf19349b751e7207c89a2888809987ef02f12add1e91552,Festival_PrincessPhoenix,Fakemon_Festival_Full
CROSS_SOURCE_EXACT_DUPLICATE,DS_CUSTOM_LIBRARY/packs/Festival_PrincessPhoenix/PrincessPhoenix/Pokemon/Battlers/Gen 3 Backsprites/Backsprites Half/HissioriteB3.png,DS_CUSTOM_LIBRARY/packs/Fakemon_Festival_Full/Fakemon Festival Pack/PrincessPhoenix/Pokemon/Battlers/Gen 3 Backsprites/Backsprites Half/HissioriteB3.png,a1007d696a10b0671f4450c8bf11a2a8a08a578ab34afd3c2d74f955aecaf4f4,Festival_PrincessPhoenix,Fakemon_Festival_Full
CROSS_SOURCE_EXACT_DUPLICATE,DS_CUSTOM_LIBRARY/packs/Festival_PrincessPhoenix/PrincessPhoenix/Pokemon/Battlers/Gen 3 Backsprites/Backsprites Half/HissioriteB3S.png,DS_CUSTOM_LIBRARY/packs/Fakemon_Festival_Full/Fakemon Festival Pack/PrincessPhoenix/Pokemon/Battlers/Gen 3 Backsprites/Backsprites Half/HissioriteB3S.png,f0ef230c3946bae8f61ca38904c8519d8ea8737a669279778e95d177d8213fad,Festival_PrincessPhoenix,Fakemon_Festival_Full
CROSS_SOURCE_EXACT_DUPLICATE,DS_CUSTOM_LIBRARY/packs/Festival_PrincessPhoenix/PrincessPhoenix/Pokemon/Battlers/Gen 3 Backsprites/Backsprites Half/PythonovaS.png,DS_CUSTOM_LIBRARY/packs/Fakemon_Festival_Full/Fakemon Festival Pack/PrincessPhoenix/Pokemon/Battlers/Gen 3 Backsprites/Backsprites Half/PythonovaS.png,c9796a2ef5e5ef5d5b1e2d1f48ba671e896597d75b7117d2e1f0ab463cb3c74c,Festival_PrincessPhoenix,Fakemon_Festival_Full
CROSS_SOURCE_EXACT_DUPLICATE,DS_CUSTOM_LIBRARY/packs/Festival_PrincessPhoenix/PrincessPhoenix/Pokemon/Battlers/Gen 3 Backsprites/Backsprites Half/BaobyB3S.png,DS_CUSTOM_LIBRARY/packs/Fakemon_Festival_Full/Fakemon Festival Pack/PrincessPhoenix/Pokemon/Battlers/Gen 3 Backsprites/Backsprites Half/BaobyB3S.png,e5ca5fdd5e6d2991157b2809cfa3e0a6e1eac9b00bdcb5071e6c88222be740bf,Festival_PrincessPhoenix,Fakemon_Festival_Full
CROSS_SOURCE_EXACT_DUPLICATE,DS_CUSTOM_LIBRARY/packs/Festival_PrincessPhoenix/PrincessPhoenix/Pokemon/Battlers/Gen 3 Backsprites/Backsprites Full/BaobyB3.png,DS_CUSTOM_LIBRARY/packs/Fakemon_Festival_Full/Fakemon Festival Pack/PrincessPhoenix/Pokemon/Battlers/Gen 3 Backsprites/Backsprites Full/BaobyB3.png,efbc0124e0ac597c34059e1c76cbcfc6904d329ab419af7be82813d5348e81ae,Festival_PrincessPhoenix,Fakemon_Festival_Full
CROSS_SOURCE_EXACT_DUPLICATE,DS_CUSTOM_LIBRARY/packs/Festival_PrincessPhoenix/PrincessPhoenix/Pokemon/Battlers/Gen 3 Backsprites/Backsprites Full/CobarettB3.png,DS_CUSTOM_LIBRARY/packs/Fakemon_Festival_Full/Fakemon Festival Pack/PrincessPhoenix/Pokemon/Battlers/Gen 3 Backsprites/Backsprites Full/CobarettB3.png,fa39a3d54ec20ba8f6d33f0dfe8185eb5be4cf3fd88fa02483a0b97284510687,Festival_PrincessPhoenix,Fakemon_Festival_Full
CROSS_SOURCE_EXACT_DUPLICATE,DS_CUSTOM_LIBRARY/packs/Festival_PrincessPhoenix/PrincessPhoenix/Pokemon/Battlers/Gen 3 Backsprites/Backsprites Full/BaobaraffeB3S.png,DS_CUSTOM_LIBRARY/packs/Fakemon_Festival_Full/Fakemon Festival Pack/PrincessPhoenix/Pokemon/Battlers/Gen 3 Backsprites/Backsprites Full/BaobaraffeB3S.png,9c719b4c8957a9a4b36a83d1d1f4b0ed2da908a064ee4d8df5b4f4d1a4126c9d,Festival_PrincessPhoenix,Fakemon_Festival_Full
CROSS_SOURCE_EXACT_DUPLICATE,DS_CUSTOM_LIBRARY/packs/Festival_PrincessPhoenix/PrincessPhoenix/Pokemon/Battlers/Gen 3 Backsprites/Backsprites Full/CobarettB3S.png,DS_CUSTOM_LIBRARY/packs/Fakemon_Festival_Full/Fakemon Festival Pack/PrincessPhoenix/Pokemon/Battlers/Gen 3 Backsprites/Backsprites Full/CobarettB3S.png,550e2a94ca79d9b8349d57cede6e76155b28594c54325152ebdadc54366479ef,Festival_PrincessPhoenix,Fakemon_Festival_Full
CROSS_SOURCE_EXACT_DUPLICATE,DS_CUSTOM_LIBRARY/packs/Festival_PrincessPhoenix/PrincessPhoenix/Pokemon/Battlers/Gen 3 Backsprites/Backsprites Full/BaobaraffeB3.png,DS_CUSTOM_LIBRARY/packs/Fakemon_Festival_Full/Fakemon Festival Pack/PrincessPhoenix/Pokemon/Battlers/Gen 3 Backsprites/Backsprites Full/BaobaraffeB3.png,a66517cce5504a34e921064e85c2f8ee2a598f430f4ced35b4886b70cb10a51a,Festival_PrincessPhoenix,Fakemon_Festival_Full
CROSS_SOURCE_EXACT_DUPLICATE,DS_CUSTOM_LIBRARY/packs/Festival_PrincessPhoenix/PrincessPhoenix/Pokemon/Battlers/Gen 3 Backsprites/Backsprites Full/Pythonova.png,DS_CUSTOM_LIBRARY/packs/Fakemon_Festival_Full/Fakemon Festival Pack/PrincessPhoenix/Pokemon/Battlers/Gen 3 Backsprites/Backsprites Full/Pythonova.png,cfac3c004cf87c9fee687c49b2a0193f0d2025f009aed08814af685c25ebcefa,Festival_PrincessPhoenix,Fakemon_Festival_Full
CROSS_SOURCE_EXACT_DUPLICATE,DS_CUSTOM_LIBRARY/packs/Festival_PrincessPhoenix/PrincessPhoenix/Pokemon/Battlers/Gen 3 Backsprites/Backsprites Full/HissioriteB3.png,DS_CUSTOM_LIBRARY/packs/Fakemon_Festival_Full/Fakemon Festival Pack/PrincessPhoenix/Pokemon/Battlers/Gen 3 Backsprites/Backsprites Full/HissioriteB3.png,2df25fb5a215a896b1198831d1660f903c0c43d5172dcb3321f9817dd26868f5,Festival_PrincessPhoenix,Fakemon_Festival_Full
CROSS_SOURCE_EXACT_DUPLICATE,DS_CUSTOM_LIBRARY/packs/Festival_PrincessPhoenix/PrincessPhoenix/Pokemon/Battlers/Gen 3 Backsprites/Backsprites Full/HissioriteB3S.png,DS_CUSTOM_LIBRARY/packs/Fakemon_Festival_Full/Fakemon Festival Pack/PrincessPhoenix/Pokemon/Battlers/Gen 3 Backsprites/Backsprites Full/HissioriteB3S.png,691d82eb6e4bc31ff0297a2c09b3f09a1fef55d5394bb94eb8f42b66fc83fc46,Festival_PrincessPhoenix,Fakemon_Festival_Full
CROSS_SOURCE_EXACT_DUPLICATE,DS_CUSTOM_LIBRARY/packs/Festival_PrincessPhoenix/PrincessPhoenix/Pokemon/Battlers/Gen 3 Backsprites/Backsprites Full/PythonovaS.png,DS_CUSTOM_LIBRARY/packs/Fakemon_Festival_Full/Fakemon Festival Pack/PrincessPhoenix/Pokemon/Battlers/Gen 3 Backsprites/Backsprites Full/PythonovaS.png,d75462b3d890959383d21befce5cde3296b3fe07c0a9abe26bf74a71d013e457,Festival_PrincessPhoenix,Fakemon_Festival_Full
CROSS_SOURCE_EXACT_DUPLICATE,DS_CUSTOM_LIBRARY/packs/Festival_PrincessPhoenix/PrincessPhoenix/Pokemon/Battlers/Gen 3 Backsprites/Backsprites Full/BaobyB3S.png,DS_CUSTOM_LIBRARY/packs/Fakemon_Festival_Full/Fakemon Festival Pack/PrincessPhoenix/Pokemon/Battlers/Gen 3 Backsprites/Backsprites Full/BaobyB3S.png,33da9fab4d682c6483b28d71ce12011fadea3dc8493e83fae11ab5929f37109d,Festival_PrincessPhoenix,Fakemon_Festival_Full
CROSS_SOURCE_EXACT_DUPLICATE,DS_CUSTOM_LIBRARY/packs/Festival_PrincessPhoenix/PrincessPhoenix/Pokemon/Icons/Gen 8/FIROMENIS.png,DS_CUSTOM_LIBRARY/packs/Fakemon_Festival_Full/Fakemon Festival Pack/PrincessPhoenix/Pokemon/Icons/Gen 8/FIROMENIS.png,f0937f75fe1b9c3cc26566d907524f4bd1ffa14bdedaee70f75a3b4f56957ce3,Festival_PrincessPhoenix,Fakemon_Festival_Full
CROSS_SOURCE_EXACT_DUPLICATE,DS_CUSTOM_LIBRARY/packs/Festival_PrincessPhoenix/PrincessPhoenix/Pokemon/Icons/Gen 8/MERLICUN.png,DS_CUSTOM_LIBRARY/packs/Fakemon_Festival_Full/Fakemon Festival Pack/PrincessPhoenix/Pokemon/Icons/Gen 8/MERLICUN.png,d0b493edaebe1fc68af2c3154d04f1455308023918d42e8cc139dd8f5182d553,Festival_PrincessPhoenix,Fakemon_Festival_Full
CROSS_SOURCE_EXACT_DUPLICATE,DS_CUSTOM_LIBRARY/packs/Festival_PrincessPhoenix/PrincessPhoenix/Characters/Followers/DRASHIMI.png,DS_CUSTOM_LIBRARY/packs/Fakemon_Festival_Full/Fakemon Festival Pack/PrincessPhoenix/Characters/Followers/DRASHIMI.png,bf710c73c6ced4ea8f8e90115f2e6c7133f56ec5e4077ddae8e08bc8b7e4684d,Festival_PrincessPhoenix,Fakemon_Festival_Full
CROSS_SOURCE_EXACT_DUPLICATE,DS_CUSTOM_LIBRARY/packs/Festival_PrincessPhoenix/PrincessPhoenix/Characters/Followers/MERLICUN.png,DS_CUSTOM_LIBRARY/packs/Fakemon_Festival_Full/Fakemon Festival Pack/PrincessPhoenix/Characters/Followers/MERLICUN.png,cd907fd6cdd493010ab9b8679eee2e37f5b98350432081579afb771dbf3f9d04,Festival_PrincessPhoenix,Fakemon_Festival_Full
CROSS_SOURCE_EXACT_DUPLICATE,DS_CUSTOM_LIBRARY/packs/Festival_Lumio/Lumio/Pokemon/Back shiny/SPINARAK_1.png,DS_CUSTOM_LIBRARY/packs/Fakemon_Festival_Full/Fakemon Festival Pack/Lumio/Pokemon/Back shiny/SPINARAK_1.png,6d7b5b0b724e279dea3b6c59a5b9726494d52b29ed7b7d868e4905387e62c524,Festival_Lumio,Fakemon_Festival_Full
CROSS_SOURCE_EXACT_DUPLICATE,DS_CUSTOM_LIBRARY/packs/Festival_Lumio/Lumio/Pokemon/Back shiny/NOCTOWL_1.png,DS_CUSTOM_LIBRARY/packs/Fakemon_Festival_Full/Fakemon Festival Pack/Lumio/Pokemon/Back shiny/NOCTOWL_1.png,94f9d5a22cd9c9dcf52482666663fcc6593d03942050429660ed5668607c443d,Festival_Lumio,Fakemon_Festival_Full
CROSS_SOURCE_EXACT_DUPLICATE,DS_CUSTOM_LIBRARY/packs/Festival_Lumio/Lumio/Pokemon/Back shiny/HOOTHOOT_1.png,DS_CUSTOM_LIBRARY/packs/Fakemon_Festival_Full/Fakemon Festival Pack/Lumio/Pokemon/Back shiny/HOOTHOOT_1.png,82c407cd3afb0965e686e4ffca7a9cf2213d9dc4abfb107dab08590928797791,Festival_Lumio,Fakemon_Festival_Full
CROSS_SOURCE_EXACT_DUPLICATE,DS_CUSTOM_LIBRARY/packs/Festival_Lumio/Lumio/Pokemon/Front/SLUGNAMI.png,DS_CUSTOM_LIBRARY/packs/Fakemon_Festival_Full/Fakemon Festival Pack/Lumio/Pokemon/Front/SLUGNAMI.png,df98130d0001735e0ced9d02758c08f24beacc05816ca88802785ff6e59bbb34,Festival_Lumio,Fakemon_Festival_Full
CROSS_SOURCE_EXACT_DUPLICATE,DS_CUSTOM_LIBRARY/packs/Festival_Lumio/Lumio/Pokemon/Front/ENCHANTOWL.png,DS_CUSTOM_LIBRARY/packs/Fakemon_Festival_Full/Fakemon Festival Pack/Lumio/Pokemon/Front/ENCHANTOWL.png,90d810f31dbc45f5d04b89ddb2960ca37173b6914145633a408b19f6954d56c7,Festival_Lumio,Fakemon_Festival_Full
CROSS_SOURCE_EXACT_DUPLICATE,DS_CUSTOM_LIBRARY/packs/Festival_Lumio/Lumio/Pokemon/Front/MINDOW.png,DS_CUSTOM_LIBRARY/packs/Fakemon_Festival_Full/Fakemon Festival Pack/Lumio/Pokemon/Front/MINDOW.png,7ad777cc02bd5a43e836f2e7a1390bdfa806ac9440a93f92c7bd244282bb2382,Festival_Lumio,Fakemon_Festival_Full
CROSS_SOURCE_EXACT_DUPLICATE,DS_CUSTOM_LIBRARY/packs/Festival_Lumio/Lumio/Pokemon/Front/MARELSTORM.png,DS_CUSTOM_LIBRARY/packs/Fakemon_Festival_Full/Fakemon Festival Pack/Lumio/Pokemon/Front/MARELSTORM.png,f622e8402d3dc3c6b83f5c9f40c9a60dc031751dd8aa7e951a9f617ce74c6e6d,Festival_Lumio,Fakemon_Festival_Full
CROSS_SOURCE_EXACT_DUPLICATE,DS_CUSTOM_LIBRARY/packs/Festival_Lumio/Lumio/Pokemon/Front/UNNAMED_KOMODO_DRAGON.png,DS_CUSTOM_LIBRARY/packs/Fakemon_Festival_Full/Fakemon Festival Pack/Lumio/Pokemon/Front/UNNAMED_KOMODO_DRAGON.png,d9e1f652611dbb7681828700667f9e917402545c890feac69611d6a9ad497c28,Festival_Lumio,Fakemon_Festival_Full
CROSS_SOURCE_EXACT_DUPLICATE,DS_CUSTOM_LIBRARY/packs/Festival_Lumio/Lumio/Pokemon/Front/SPINARAK_1.png,DS_CUSTOM_LIBRARY/packs/Fakemon_Festival_Full/Fakemon Festival Pack/Lumio/Pokemon/Front/SPINARAK_1.png,1da6a22fb22de91751a8360120225bcfb75fc92636a3724f8392a8e6d09a0a76,Festival_Lumio,Fakemon_Festival_Full
CROSS_SOURCE_EXACT_DUPLICATE,DS_CUSTOM_LIBRARY/packs/Festival_Lumio/Lumio/Pokemon/Front/NOCTOWL_1.png,DS_CUSTOM_LIBRARY/packs/Fakemon_Festival_Full/Fakemon Festival Pack/Lumio/Pokemon/Front/NOCTOWL_1.png,6f44f1801a52b97c4b45fb01775e93d838ea86751b86329774f6827320967408,Festival_Lumio,Fakemon_Festival_Full
CROSS_SOURCE_EXACT_DUPLICATE,DS_CUSTOM_LIBRARY/packs/Festival_Lumio/Lumio/Pokemon/Front/ARCHEOPS_1.png,DS_CUSTOM_LIBRARY/packs/Fakemon_Festival_Full/Fakemon Festival Pack/Lumio/Pokemon/Front/ARCHEOPS_1.png,eb32fe742f53f049d215041b5c286ffd0e6c0c93d6dad08979bc17a65719b842,Festival_Lumio,Fakemon_Festival_Full
CROSS_SOURCE_EXACT_DUPLICATE,DS_CUSTOM_LIBRARY/packs/Festival_Lumio/Lumio/Pokemon/Front/ARCHEN_1.png,DS_CUSTOM_LIBRARY/packs/Fakemon_Festival_Full/Fakemon Festival Pack/Lumio/Pokemon/Front/ARCHEN_1.png,35d2cb9c4ad8bb3bb596e3ddd7c28526ec70088a7eadd9c82902332f034c2f47,Festival_Lumio,Fakemon_Festival_Full
CROSS_SOURCE_EXACT_DUPLICATE,DS_CUSTOM_LIBRARY/packs/Festival_Lumio/Lumio/Pokemon/Front/BRAMBULL.png,DS_CUSTOM_LIBRARY/packs/Fakemon_Festival_Full/Fakemon Festival Pack/Lumio/Pokemon/Front/BRAMBULL.png,1886c24ccbcb3873ac937f763e8e0bad20d2094d34c85b8ec59ea65c7b646986,Festival_Lumio,Fakemon_Festival_Full
CROSS_SOURCE_EXACT_DUPLICATE,DS_CUSTOM_LIBRARY/packs/Festival_Lumio/Lumio/Pokemon/Front/PASTURLO.png,DS_CUSTOM_LIBRARY/packs/Fakemon_Festival_Full/Fakemon Festival Pack/Lumio/Pokemon/Front/PASTURLO.png,dd005458166d06d5d72b53cd9991f4f85424c1af3250c56aade8d0d1fc0a0d8a,Festival_Lumio,Fakemon_Festival_Full
CROSS_SOURCE_EXACT_DUPLICATE,DS_CUSTOM_LIBRARY/packs/Festival_Lumio/Lumio/Pokemon/Front/ARIADOS_1.png,DS_CUSTOM_LIBRARY/packs/Fakemon_Festival_Full/Fakemon Festival Pack/Lumio/Pokemon/Front/ARIADOS_1.png,c6d54a69d26b1b6931677f19a5862c00d04247ff2dc7b97e3db9125716fa0b91,Festival_Lumio,Fakemon_Festival_Full
CROSS_SOURCE_EXACT_DUPLICATE,DS_CUSTOM_LIBRARY/packs/Festival_Lumio/Lumio/Pokemon/Front/MINAMAI.png,DS_CUSTOM_LIBRARY/packs/Fakemon_Festival_Full/Fakemon Festival Pack/Lumio/Pokemon/Front/MINAMAI.png,0c8db277c46c6d7ec324601478651609452a350d1b0cb7c58d3649b8aeccf920,Festival_Lumio,Fakemon_Festival_Full
CROSS_SOURCE_EXACT_DUPLICATE,DS_CUSTOM_LIBRARY/packs/Festival_Lumio/Lumio/Pokemon/Front/HOOTHOOT_1.png,DS_CUSTOM_LIBRARY/packs/Fakemon_Festival_Full/Fakemon Festival Pack/Lumio/Pokemon/Front/HOOTHOOT_1.png,6ef198ce25c2306b454875f176b0c9db9050cbde3fbb1e1e545294b2a081e859,Festival_Lumio,Fakemon_Festival_Full
CROSS_SOURCE_EXACT_DUPLICATE,DS_CUSTOM_LIBRARY/packs/Festival_Lumio/Lumio/Pokemon/Front/MAIZOTAUR.png,DS_CUSTOM_LIBRARY/packs/Fakemon_Festival_Full/Fakemon Festival Pack/Lumio/Pokemon/Front/MAIZOTAUR.png,d39ac8ade4c111be25851413d0103fcc9b07209686ded567bb58ab672576e111,Festival_Lumio,Fakemon_Festival_Full
CROSS_SOURCE_EXACT_DUPLICATE,DS_CUSTOM_LIBRARY/packs/Festival_Lumio/Lumio/Pokemon/Front/TORMINE.png,DS_CUSTOM_LIBRARY/packs/Fakemon_Festival_Full/Fakemon Festival Pack/Lumio/Pokemon/Front/TORMINE.png,17449dd9b4e80245b3a5f477923e397ee6a8a91a716d9edad6841a1756a5d38f,Festival_Lumio,Fakemon_Festival_Full
CROSS_SOURCE_EXACT_DUPLICATE,DS_CUSTOM_LIBRARY/packs/Festival_Lumio/Lumio/Pokemon/Front shiny/SPINARAK_1.png,DS_CUSTOM_LIBRARY/packs/Fakemon_Festival_Full/Fakemon Festival Pack/Lumio/Pokemon/Front shiny/SPINARAK_1.png,b9efc4f6ce6f311d8e92b2ea6bf2d7279d7b5377b1b49e1b1e2e899b85d75a1d,Festival_Lumio,Fakemon_Festival_Full
CROSS_SOURCE_EXACT_DUPLICATE,DS_CUSTOM_LIBRARY/packs/Festival_Lumio/Lumio/Pokemon/Front shiny/NOCTOWL_1.png,DS_CUSTOM_LIBRARY/packs/Fakemon_Festival_Full/Fakemon Festival Pack/Lumio/Pokemon/Front shiny/NOCTOWL_1.png,97c8e0852154829e477774ce4e24dcfa927b24541c4eab2f593606e146a726d5,Festival_Lumio,Fakemon_Festival_Full
CROSS_SOURCE_EXACT_DUPLICATE,DS_CUSTOM_LIBRARY/packs/Festival_Lumio/Lumio/Pokemon/Front shiny/HOOTHOOT_1.png,DS_CUSTOM_LIBRARY/packs/Fakemon_Festival_Full/Fakemon Festival Pack/Lumio/Pokemon/Front shiny/HOOTHOOT_1.png,7d2e9d213aaeac7de221cc6956b4121f05684ce000652171412acb66de7826d3,Festival_Lumio,Fakemon_Festival_Full
CROSS_SOURCE_EXACT_DUPLICATE,DS_CUSTOM_LIBRARY/packs/Festival_Lumio/Lumio/Pokemon/Back/SLUGNAMI.png,DS_CUSTOM_LIBRARY/packs/Fakemon_Festival_Full/Fakemon Festival Pack/Lumio/Pokemon/Back/SLUGNAMI.png,db53d1431bb564c5649244b14c7d60baa5c0195b623726606b0f12cb403ed630,Festival_Lumio,Fakemon_Festival_Full
CROSS_SOURCE_EXACT_DUPLICATE,DS_CUSTOM_LIBRARY/packs/Festival_Lumio/Lumio/Pokemon/Back/ENCHANTOWL.png,DS_CUSTOM_LIBRARY/packs/Fakemon_Festival_Full/Fakemon Festival Pack/Lumio/Pokemon/Back/ENCHANTOWL.png,6870e061d355d1bfead328c80441c74d3ce7daa2ae2c154d97ff7c10bf985916,Festival_Lumio,Fakemon_Festival_Full
CROSS_SOURCE_EXACT_DUPLICATE,DS_CUSTOM_LIBRARY/packs/Festival_Lumio/Lumio/Pokemon/Back/MINDOW.png,DS_CUSTOM_LIBRARY/packs/Fakemon_Festival_Full/Fakemon Festival Pack/Lumio/Pokemon/Back/MINDOW.png,d83b52c2a802de59960f1ccf45e3cef39c7ea8579a4547605e115e460188855d,Festival_Lumio,Fakemon_Festival_Full
CROSS_SOURCE_EXACT_DUPLICATE,DS_CUSTOM_LIBRARY/packs/Festival_Lumio/Lumio/Pokemon/Back/MARELSTORM.png,DS_CUSTOM_LIBRARY/packs/Fakemon_Festival_Full/Fakemon Festival Pack/Lumio/Pokemon/Back/MARELSTORM.png,1c2f09116dc1310e91e15d2a6ab4598c3df8a407637bcbeb48ed94af9aff59ce,Festival_Lumio,Fakemon_Festival_Full
CROSS_SOURCE_EXACT_DUPLICATE,DS_CUSTOM_LIBRARY/packs/Festival_Lumio/Lumio/Pokemon/Back/SPINARAK_1.png,DS_CUSTOM_LIBRARY/packs/Fakemon_Festival_Full/Fakemon Festival Pack/Lumio/Pokemon/Back/SPINARAK_1.png,8879bf0093e32644083ebddc6529213f169096c2e357974c505beba3cf2fa88c,Festival_Lumio,Fakemon_Festival_Full
CROSS_SOURCE_EXACT_DUPLICATE,DS_CUSTOM_LIBRARY/packs/Festival_Lumio/Lumio/Pokemon/Back/NOCTOWL_1.png,DS_CUSTOM_LIBRARY/packs/Fakemon_Festival_Full/Fakemon Festival Pack/Lumio/Pokemon/Back/NOCTOWL_1.png,49ca60688e080088f3e8ce0d15b4e7ad41b52b425b27f5367f27921c7a855a95,Festival_Lumio,Fakemon_Festival_Full
CROSS_SOURCE_EXACT_DUPLICATE,DS_CUSTOM_LIBRARY/packs/Festival_Lumio/Lumio/Pokemon/Back/ARCHEOPS_1.png,DS_CUSTOM_LIBRARY/packs/Fakemon_Festival_Full/Fakemon Festival Pack/Lumio/Pokemon/Back/ARCHEOPS_1.png,d9f4d4e6b48387b4a7e9d4e6fc8c029df8ea93ca8b0c047cee9d99dda58ce7d2,Festival_Lumio,Fakemon_Festival_Full
CROSS_SOURCE_EXACT_DUPLICATE,DS_CUSTOM_LIBRARY/packs/Festival_Lumio/Lumio/Pokemon/Back/ARCHEN_1.png,DS_CUSTOM_LIBRARY/packs/Fakemon_Festival_Full/Fakemon Festival Pack/Lumio/Pokemon/Back/ARCHEN_1.png,f3c9f96d4c5e42024e2e74bd9b37a8cff16637cb519a306c8626142a786cb942,Festival_Lumio,Fakemon_Festival_Full
CROSS_SOURCE_EXACT_DUPLICATE,DS_CUSTOM_LIBRARY/packs/Festival_Lumio/Lumio/Pokemon/Back/ARIADOS_1.png,DS_CUSTOM_LIBRARY/packs/Fakemon_Festival_Full/Fakemon Festival Pack/Lumio/Pokemon/Back/ARIADOS_1.png,caea8ce39555bf9862aff92a7fec370f5fa258c5132aa6e97d4058eb4baca384,Festival_Lumio,Fakemon_Festival_Full
CROSS_SOURCE_EXACT_DUPLICATE,DS_CUSTOM_LIBRARY/packs/Festival_Lumio/Lumio/Pokemon/Back/MINAMAI.png,DS_CUSTOM_LIBRARY/packs/Fakemon_Festival_Full/Fakemon Festival Pack/Lumio/Pokemon/Back/MINAMAI.png,8459e325c2e7b231cad67b75abfbd6b540b01dc0975ffc390b9a8a41b070a35e,Festival_Lumio,Fakemon_Festival_Full
CROSS_SOURCE_EXACT_DUPLICATE,DS_CUSTOM_LIBRARY/packs/Festival_Lumio/Lumio/Pokemon/Back/HOOTHOOT_1.png,DS_CUSTOM_LIBRARY/packs/Fakemon_Festival_Full/Fakemon Festival Pack/Lumio/Pokemon/Back/HOOTHOOT_1.png,5522b070bbcb79e2ddf32adc29b209b5e9d68e0ce3b2d57840252e328e4afebf,Festival_Lumio,Fakemon_Festival_Full
CROSS_SOURCE_EXACT_DUPLICATE,DS_CUSTOM_LIBRARY/packs/Festival_Lumio/Lumio/Pokemon/Back/TORMINE.png,DS_CUSTOM_LIBRARY/packs/Fakemon_Festival_Full/Fakemon Festival Pack/Lumio/Pokemon/Back/TORMINE.png,56c9ec0a8eb089393c23aedc25f9dd4b09338802ea3a79cf2f94b6169aa75a40,Festival_Lumio,Fakemon_Festival_Full
CROSS_SOURCE_EXACT_DUPLICATE,DS_CUSTOM_LIBRARY/packs/Festival_Lumio/Lumio/Pokemon/Icons/SLUGNAMI.png,DS_CUSTOM_LIBRARY/packs/Fakemon_Festival_Full/Fakemon Festival Pack/Lumio/Pokemon/Icons/SLUGNAMI.png,34829f9db1bbfea031c346bf107e5b9d4bed07a2dd1675112c6ec3d57afe0068,Festival_Lumio,Fakemon_Festival_Full
CROSS_SOURCE_EXACT_DUPLICATE,DS_CUSTOM_LIBRARY/packs/Festival_Lumio/Lumio/Pokemon/Icons/ENCHANTOWL.png,DS_CUSTOM_LIBRARY/packs/Fakemon_Festival_Full/Fakemon Festival Pack/Lumio/Pokemon/Icons/ENCHANTOWL.png,c95278793de566f0ef129ed8ba39771fa2f8277083bbda7b261720b08264a0da,Festival_Lumio,Fakemon_Festival_Full
CROSS_SOURCE_EXACT_DUPLICATE,DS_CUSTOM_LIBRARY/packs/Festival_Lumio/Lumio/Pokemon/Icons/MINDOW.png,DS_CUSTOM_LIBRARY/packs/Fakemon_Festival_Full/Fakemon Festival Pack/Lumio/Pokemon/Icons/MINDOW.png,5e0d1c0defa1d3d90519803a0391b9aeb6f059b859b7ef8c85e4f85671520619,Festival_Lumio,Fakemon_Festival_Full
CROSS_SOURCE_EXACT_DUPLICATE,DS_CUSTOM_LIBRARY/packs/Festival_Lumio/Lumio/Pokemon/Icons/MARELSTORM.png,DS_CUSTOM_LIBRARY/packs/Fakemon_Festival_Full/Fakemon Festival Pack/Lumio/Pokemon/Icons/MARELSTORM.png,1e5376ab25f573d29166ad30ba18eea4cad59e1431cfaf06a910fc9d46c08b1f,Festival_Lumio,Fakemon_Festival_Full
CROSS_SOURCE_EXACT_DUPLICATE,DS_CUSTOM_LIBRARY/packs/Festival_Lumio/Lumio/Pokemon/Icons/SPINARAK_1.png,DS_CUSTOM_LIBRARY/packs/Fakemon_Festival_Full/Fakemon Festival Pack/Lumio/Pokemon/Icons/SPINARAK_1.png,6939e2c1b2be6f40a54508eeee30bc90c1ea8062ed74d032056ebeaa1910151f,Festival_Lumio,Fakemon_Festival_Full
CROSS_SOURCE_EXACT_DUPLICATE,DS_CUSTOM_LIBRARY/packs/Festival_Lumio/Lumio/Pokemon/Icons/NOCTOWL_1.png,DS_CUSTOM_LIBRARY/packs/Fakemon_Festival_Full/Fakemon Festival Pack/Lumio/Pokemon/Icons/NOCTOWL_1.png,51c7eafa189b3dac096e6eae509d7d2991ca598ad7c190bece737a0a57a9f40c,Festival_Lumio,Fakemon_Festival_Full
CROSS_SOURCE_EXACT_DUPLICATE,DS_CUSTOM_LIBRARY/packs/Festival_Lumio/Lumio/Pokemon/Icons/ARCHEOPS_1.png,DS_CUSTOM_LIBRARY/packs/Fakemon_Festival_Full/Fakemon Festival Pack/Lumio/Pokemon/Icons/ARCHEOPS_1.png,c0730a3641c0c895c721ae6d6c0347a6c389be766f5ca3ea37d17ec69555052e,Festival_Lumio,Fakemon_Festival_Full
CROSS_SOURCE_EXACT_DUPLICATE,DS_CUSTOM_LIBRARY/packs/Festival_Lumio/Lumio/Pokemon/Icons/ARCHEN_1.png,DS_CUSTOM_LIBRARY/packs/Fakemon_Festival_Full/Fakemon Festival Pack/Lumio/Pokemon/Icons/ARCHEN_1.png,872147193762280b92a2a428cec9f3d5ac10ae6a5d69284c76fd8cceb73e22b0,Festival_Lumio,Fakemon_Festival_Full
CROSS_SOURCE_EXACT_DUPLICATE,DS_CUSTOM_LIBRARY/packs/Festival_Lumio/Lumio/Pokemon/Icons/BRAMBULL.png,DS_CUSTOM_LIBRARY/packs/Fakemon_Festival_Full/Fakemon Festival Pack/Lumio/Pokemon/Icons/BRAMBULL.png,46ed9f110474cf1d84f07458779873b8fe3ec37e096a13c7424d36b337be9559,Festival_Lumio,Fakemon_Festival_Full
CROSS_SOURCE_EXACT_DUPLICATE,DS_CUSTOM_LIBRARY/packs/Festival_Lumio/Lumio/Pokemon/Icons/PASTURLO.png,DS_CUSTOM_LIBRARY/packs/Fakemon_Festival_Full/Fakemon Festival Pack/Lumio/Pokemon/Icons/PASTURLO.png,6570d1d96ca3cadf27ad1c856d7611c705942d368099e9ccc8cfadf01e556a8e,Festival_Lumio,Fakemon_Festival_Full
CROSS_SOURCE_EXACT_DUPLICATE,DS_CUSTOM_LIBRARY/packs/Festival_Lumio/Lumio/Pokemon/Icons/ARIADOS_1.png,DS_CUSTOM_LIBRARY/packs/Fakemon_Festival_Full/Fakemon Festival Pack/Lumio/Pokemon/Icons/ARIADOS_1.png,98d608e8c1b1f05d6328b044905c0151759134daa5a0925b2dcb32dc64ee9627,Festival_Lumio,Fakemon_Festival_Full
CROSS_SOURCE_EXACT_DUPLICATE,DS_CUSTOM_LIBRARY/packs/Festival_Lumio/Lumio/Pokemon/Icons/MINAMAI.png,DS_CUSTOM_LIBRARY/packs/Fakemon_Festival_Full/Fakemon Festival Pack/Lumio/Pokemon/Icons/MINAMAI.png,322ba45286ce647a41dd33bab80827646b8b26af2083e7b03073af97144f9a9f,Festival_Lumio,Fakemon_Festival_Full
CROSS_SOURCE_EXACT_DUPLICATE,DS_CUSTOM_LIBRARY/packs/Festival_Lumio/Lumio/Pokemon/Icons/HOOTHOOT_1.png,DS_CUSTOM_LIBRARY/packs/Fakemon_Festival_Full/Fakemon Festival Pack/Lumio/Pokemon/Icons/HOOTHOOT_1.png,7c965ef617f2bbc07276fb7a5a3d5f8d385e6881cdb0c7937ead5058aa751221,Festival_Lumio,Fakemon_Festival_Full
CROSS_SOURCE_EXACT_DUPLICATE,DS_CUSTOM_LIBRARY/packs/Festival_Lumio/Lumio/Pokemon/Icons/MAIZOTAUR.png,DS_CUSTOM_LIBRARY/packs/Fakemon_Festival_Full/Fakemon Festival Pack/Lumio/Pokemon/Icons/MAIZOTAUR.png,88844f7ccc6f9de7c388380a208d1e1bee923a2f575c149ec78890761cd7d173,Festival_Lumio,Fakemon_Festival_Full
CROSS_SOURCE_EXACT_DUPLICATE,DS_CUSTOM_LIBRARY/packs/Festival_Lumio/Lumio/Pokemon/Icons/TORMINE.png,DS_CUSTOM_LIBRARY/packs/Fakemon_Festival_Full/Fakemon Festival Pack/Lumio/Pokemon/Icons/TORMINE.png,7e98ea5aa0eb8e726604ec9d03caf34c3787e5150ba6bb33b16f3984e382ff77,Festival_Lumio,Fakemon_Festival_Full
CROSS_SOURCE_EXACT_DUPLICATE,DS_CUSTOM_LIBRARY/packs/Festival_Lumio/Lumio/Characters/Followers/ENCHANTOWL.png,DS_CUSTOM_LIBRARY/packs/Fakemon_Festival_Full/Fakemon Festival Pack/Lumio/Characters/Followers/ENCHANTOWL.png,a3216ec040bfd8d4d500f69ccc405d27eb2b0dfac9bb0fb80e8bdf9c76784965,Festival_Lumio,Fakemon_Festival_Full
CROSS_SOURCE_EXACT_DUPLICATE,DS_CUSTOM_LIBRARY/packs/Festival_Lumio/Lumio/Characters/Followers/MARELSTORM.png,DS_CUSTOM_LIBRARY/packs/Fakemon_Festival_Full/Fakemon Festival Pack/Lumio/Characters/Followers/MARELSTORM.png,89815beee7a2b04ece1c8d78f6852d9ae1885613b4e7c3b6035b643b1b534dc4,Festival_Lumio,Fakemon_Festival_Full
CROSS_SOURCE_EXACT_DUPLICATE,DS_CUSTOM_LIBRARY/packs/Festival_Lumio/Lumio/Characters/Followers/SPINARAK_1.png,DS_CUSTOM_LIBRARY/packs/Fakemon_Festival_Full/Fakemon Festival Pack/Lumio/Characters/Followers/SPINARAK_1.png,559112141a4261a0d2dc2460b018bcbe5239a2e91ec121a4a07c06e7fce1bd2b,Festival_Lumio,Fakemon_Festival_Full
CROSS_SOURCE_EXACT_DUPLICATE,DS_CUSTOM_LIBRARY/packs/Festival_Lumio/Lumio/Characters/Followers/NOCTOWL_1.png,DS_CUSTOM_LIBRARY/packs/Fakemon_Festival_Full/Fakemon Festival Pack/Lumio/Characters/Followers/NOCTOWL_1.png,00e5fd7543bc242f900d9353482568fadd03710670732318c41c02d75bb32e04,Festival_Lumio,Fakemon_Festival_Full
CROSS_SOURCE_EXACT_DUPLICATE,DS_CUSTOM_LIBRARY/packs/Festival_Lumio/Lumio/Characters/Followers/BRAMBULL.png,DS_CUSTOM_LIBRARY/packs/Fakemon_Festival_Full/Fakemon Festival Pack/Lumio/Characters/Followers/BRAMBULL.png,464fa6412f73694382fe53a7f5a37a8f4aed2f65d97929fcedef03e9b2119afa,Festival_Lumio,Fakemon_Festival_Full
CROSS_SOURCE_EXACT_DUPLICATE,DS_CUSTOM_LIBRARY/packs/Festival_Lumio/Lumio/Characters/Followers/PASTURLO.png,DS_CUSTOM_LIBRARY/packs/Fakemon_Festival_Full/Fakemon Festival Pack/Lumio/Characters/Followers/PASTURLO.png,7a77bd92373d365bc7242ec4f6d842fa0b99dc6800bbead848383ef9a60bb1d7,Festival_Lumio,Fakemon_Festival_Full
CROSS_SOURCE_EXACT_DUPLICATE,DS_CUSTOM_LIBRARY/packs/Festival_Lumio/Lumio/Characters/Followers/MINAMAI.png,DS_CUSTOM_LIBRARY/packs/Fakemon_Festival_Full/Fakemon Festival Pack/Lumio/Characters/Followers/MINAMAI.png,2c877c31dfcf4ac4d2993a83ce6a02f2486e67643e3512ce06edbd79eb6ac7e5,Festival_Lumio,Fakemon_Festival_Full
CROSS_SOURCE_EXACT_DUPLICATE,DS_CUSTOM_LIBRARY/packs/Festival_Lumio/Lumio/Characters/Followers/HOOTHOOT_1.png,DS_CUSTOM_LIBRARY/packs/Fakemon_Festival_Full/Fakemon Festival Pack/Lumio/Characters/Followers/HOOTHOOT_1.png,7bfd30b102f3ff6d670203bd57e25d7d0f04129a46a643927ba4e24f5ca6974e,Festival_Lumio,Fakemon_Festival_Full
CROSS_SOURCE_EXACT_DUPLICATE,DS_CUSTOM_LIBRARY/packs/Festival_Lumio/Lumio/Characters/Followers/MAIZOTAUR.png,DS_CUSTOM_LIBRARY/packs/Fakemon_Festival_Full/Fakemon Festival Pack/Lumio/Characters/Followers/MAIZOTAUR.png,24b7ee9f923ed8c0cb9e282bfef82acb0fd98ffb1f3678193b1db1d9f2f5fad3,Festival_Lumio,Fakemon_Festival_Full
CROSS_SOURCE_EXACT_DUPLICATE,DS_CUSTOM_LIBRARY/packs/Festival_Lumio/Lumio/Characters/Followers shiny/SPINARAK_1.png,DS_CUSTOM_LIBRARY/packs/Fakemon_Festival_Full/Fakemon Festival Pack/Lumio/Characters/Followers shiny/SPINARAK_1.png,1988b0b7f2c23c761ace5c37608a764a289279cf5df8fe897ae34da98fa2b2cb,Festival_Lumio,Fakemon_Festival_Full
CROSS_SOURCE_EXACT_DUPLICATE,DS_CUSTOM_LIBRARY/packs/Festival_Lumio/Lumio/Characters/Followers shiny/NOCTOWL_1.png,DS_CUSTOM_LIBRARY/packs/Fakemon_Festival_Full/Fakemon Festival Pack/Lumio/Characters/Followers shiny/NOCTOWL_1.png,332eaa89a794e750ee9b472ff71c40525befd97f876bb480ecbd4177fcf9a4e2,Festival_Lumio,Fakemon_Festival_Full
CROSS_SOURCE_EXACT_DUPLICATE,DS_CUSTOM_LIBRARY/packs/Festival_Lumio/Lumio/Characters/Followers shiny/HOOTHOOT_1.png,DS_CUSTOM_LIBRARY/packs/Fakemon_Festival_Full/Fakemon Festival Pack/Lumio/Characters/Followers shiny/HOOTHOOT_1.png,d33db0c8759e33bc89d7cfb1777ef05554f8d2aa72375c7b0020a0d7c82bbe53,Festival_Lumio,Fakemon_Festival_Full
CROSS_SOURCE_EXACT_DUPLICATE,DS_CUSTOM_LIBRARY/packs/Festival_PansyGum/PansyGum/Battlers/(corsola) Amacorala.png,DS_CUSTOM_LIBRARY/packs/Fakemon_Festival_Full/Fakemon Festival Pack/PansyGum/Battlers/(corsola) Amacorala.png,6348abbf8d6334be9d27d3258556176ae84b9df8822c564ad4f8cf02c9c97d5d,Festival_PansyGum,Fakemon_Festival_Full
CROSS_SOURCE_EXACT_DUPLICATE,DS_CUSTOM_LIBRARY/packs/Festival_PansyGum/PansyGum/Battlers/(girafarig) NitemarigB (by Travis).png,DS_CUSTOM_LIBRARY/packs/Fakemon_Festival_Full/Fakemon Festival Pack/PansyGum/Battlers/(girafarig) NitemarigB (by Travis).png,7b9159381a93bb67728f90d7d56793b4b89c4114d0001e6f58c2a39d4af80d48,Festival_PansyGum,Fakemon_Festival_Full
CROSS_SOURCE_EXACT_DUPLICATE,DS_CUSTOM_LIBRARY/packs/Festival_PansyGum/PansyGum/Battlers/(girafarig) GireamerB (by Travis).png,DS_CUSTOM_LIBRARY/packs/Fakemon_Festival_Full/Fakemon Festival Pack/PansyGum/Battlers/(girafarig) GireamerB (by Travis).png,ff7a8b0674a2ef598125a6fef79f8c72f2d7ba3c1a2d542f8c960caea411e3e9,Festival_PansyGum,Fakemon_Festival_Full
CROSS_SOURCE_EXACT_DUPLICATE,DS_CUSTOM_LIBRARY/packs/Festival_PansyGum/PansyGum/Battlers/(dunsparce) DunragoS.png,DS_CUSTOM_LIBRARY/packs/Fakemon_Festival_Full/Fakemon Festival Pack/PansyGum/Battlers/(dunsparce) DunragoS.png,442ad67b78aa1a857f0e55ddd556512749e08a0e3b7231d3d688b40c47415d62,Festival_PansyGum,Fakemon_Festival_Full
CROSS_SOURCE_EXACT_DUPLICATE,DS_CUSTOM_LIBRARY/packs/Festival_PansyGum/PansyGum/Battlers/(dunsparce) DunymphSB.png,DS_CUSTOM_LIBRARY/packs/Fakemon_Festival_Full/Fakemon Festival Pack/PansyGum/Battlers/(dunsparce) DunymphSB.png,6cfa3929c7d3b15fd261f4dc4c90b01ca73f5a117d0663c961e3063c503e1d38,Festival_PansyGum,Fakemon_Festival_Full
CROSS_SOURCE_EXACT_DUPLICATE,DS_CUSTOM_LIBRARY/packs/Festival_PansyGum/PansyGum/Battlers/(dunsparce) Dunymph.png,DS_CUSTOM_LIBRARY/packs/Fakemon_Festival_Full/Fakemon Festival Pack/PansyGum/Battlers/(dunsparce) Dunymph.png,a0a47154aeb7454d1c9c6d2699052030c8b257e662368ca12651869dbbe1081b,Festival_PansyGum,Fakemon_Festival_Full
CROSS_SOURCE_EXACT_DUPLICATE,DS_CUSTOM_LIBRARY/packs/Festival_PansyGum/PansyGum/Battlers/(betamon) Warwolf.png,DS_CUSTOM_LIBRARY/packs/Fakemon_Festival_Full/Fakemon Festival Pack/PansyGum/Battlers/(betamon) Warwolf.png,c095f7a0749255a7d881966fe3eb95c67fb3e85fcc7b9ecf90ff95d548f6300d,Festival_PansyGum,Fakemon_Festival_Full
CROSS_SOURCE_EXACT_DUPLICATE,DS_CUSTOM_LIBRARY/packs/Festival_PansyGum/PansyGum/Battlers/(stantler) EgoelkSB.png,DS_CUSTOM_LIBRARY/packs/Fakemon_Festival_Full/Fakemon Festival Pack/PansyGum/Battlers/(stantler) EgoelkSB.png,25083d5a1740de1b8ff56f1ea4d798f7646312b605f0fae5f43e6e03331289f6,Festival_PansyGum,Fakemon_Festival_Full
CROSS_SOURCE_EXACT_DUPLICATE,DS_CUSTOM_LIBRARY/packs/Festival_PansyGum/PansyGum/Battlers/(pinsir) Pinchee.png,DS_CUSTOM_LIBRARY/packs/Fakemon_Festival_Full/Fakemon Festival Pack/PansyGum/Battlers/(pinsir) Pinchee.png,3a4872250be5c5c38790ab792909ac12cd7a7421c6f3f9b54b027d107d21b7d4,Festival_PansyGum,Fakemon_Festival_Full
CROSS_SOURCE_EXACT_DUPLICATE,DS_CUSTOM_LIBRARY/packs/Festival_PansyGum/PansyGum/Battlers/(stantler) SupragoB.png,DS_CUSTOM_LIBRARY/packs/Fakemon_Festival_Full/Fakemon Festival Pack/PansyGum/Battlers/(stantler) SupragoB.png,9dad989502eb337e6cf81d9c5dd58b0aa3720d44d1e6afd298aba8ab4a4dc6f3,Festival_PansyGum,Fakemon_Festival_Full
CROSS_SOURCE_EXACT_DUPLICATE,DS_CUSTOM_LIBRARY/packs/Festival_PansyGum/PansyGum/Battlers/(corsola) SolacorS.png,DS_CUSTOM_LIBRARY/packs/Fakemon_Festival_Full/Fakemon Festival Pack/PansyGum/Battlers/(corsola) SolacorS.png,5a81ac436cc007e16536fee5d7fdd5597ea58ff625406e826fc72bf57ad7c71e,Festival_PansyGum,Fakemon_Festival_Full
CROSS_SOURCE_EXACT_DUPLICATE,DS_CUSTOM_LIBRARY/packs/Festival_PansyGum/PansyGum/Battlers/(stantler) MoosidB.png,DS_CUSTOM_LIBRARY/packs/Fakemon_Festival_Full/Fakemon Festival Pack/PansyGum/Battlers/(stantler) MoosidB.png,20660ce819a9725007f0db8a56b87b622b593144141e85a945461403435d601b,Festival_PansyGum,Fakemon_Festival_Full
CROSS_SOURCE_EXACT_DUPLICATE,DS_CUSTOM_LIBRARY/packs/Festival_PansyGum/PansyGum/Battlers/(scyther) (betamon)  ClawplerS.png,DS_CUSTOM_LIBRARY/packs/Fakemon_Festival_Full/Fakemon Festival Pack/PansyGum/Battlers/(scyther) (betamon)  ClawplerS.png,481937aada44e6363fea6a247c55be931211d53260056963d24ca7a56b437ed2,Festival_PansyGum,Fakemon_Festival_Full
CROSS_SOURCE_EXACT_DUPLICATE,DS_CUSTOM_LIBRARY/packs/Festival_PansyGum/PansyGum/Battlers/(corsola) AmacoralaS.png,DS_CUSTOM_LIBRARY/packs/Fakemon_Festival_Full/Fakemon Festival Pack/PansyGum/Battlers/(corsola) AmacoralaS.png,9fbfa55f120279f984599f26d0e6bf897294a17a10a4864e15526c9d5e575486,Festival_PansyGum,Fakemon_Festival_Full
CROSS_SOURCE_EXACT_DUPLICATE,DS_CUSTOM_LIBRARY/packs/Festival_PansyGum/PansyGum/Battlers/(betamon) WarwolfB.png,DS_CUSTOM_LIBRARY/packs/Fakemon_Festival_Full/Fakemon Festival Pack/PansyGum/Battlers/(betamon) WarwolfB.png,2f2118b593de57007816806d31d03aa86af52893e291364240bc01c819273a44,Festival_PansyGum,Fakemon_Festival_Full
CROSS_SOURCE_EXACT_DUPLICATE,DS_CUSTOM_LIBRARY/packs/Festival_PansyGum/PansyGum/Battlers/(scyther) (betamon)  ClawplerSB.png,DS_CUSTOM_LIBRARY/packs/Fakemon_Festival_Full/Fakemon Festival Pack/PansyGum/Battlers/(scyther) (betamon)  ClawplerSB.png,56ad497af0b05d611c2811ce6946173fb6ecfb1f26c05f63973e2c004a01a465,Festival_PansyGum,Fakemon_Festival_Full
CROSS_SOURCE_EXACT_DUPLICATE,DS_CUSTOM_LIBRARY/packs/Festival_PansyGum/PansyGum/Battlers/(stantler) Moosid.png,DS_CUSTOM_LIBRARY/packs/Fakemon_Festival_Full/Fakemon Festival Pack/PansyGum/Battlers/(stantler) Moosid.png,ea365521bdbce4bee4c51be2b2af6a98b586fd24b746b3936e5e90d64feef4ee,Festival_PansyGum,Fakemon_Festival_Full
CROSS_SOURCE_EXACT_DUPLICATE,DS_CUSTOM_LIBRARY/packs/Festival_PansyGum/PansyGum/Battlers/(girafarig) Gireamer.png,DS_CUSTOM_LIBRARY/packs/Fakemon_Festival_Full/Fakemon Festival Pack/PansyGum/Battlers/(girafarig) Gireamer.png,be3422dcfdb382b7413c4c636ffce9831f33d07b1feee41360e04ce8663ae551,Festival_PansyGum,Fakemon_Festival_Full
CROSS_SOURCE_EXACT_DUPLICATE,DS_CUSTOM_LIBRARY/packs/Festival_PansyGum/PansyGum/Battlers/(dunsparce) DunymphS.png,DS_CUSTOM_LIBRARY/packs/Fakemon_Festival_Full/Fakemon Festival Pack/PansyGum/Battlers/(dunsparce) DunymphS.png,80d2408dac7ff1a86c7f92b4b9b3f61e7968b851cfffdebb131b57352bb23755,Festival_PansyGum,Fakemon_Festival_Full
CROSS_SOURCE_EXACT_DUPLICATE,DS_CUSTOM_LIBRARY/packs/Festival_PansyGum/PansyGum/Battlers/(stantler) Egoelk.png,DS_CUSTOM_LIBRARY/packs/Fakemon_Festival_Full/Fakemon Festival Pack/PansyGum/Battlers/(stantler) Egoelk.png,c57f0a2f8040cbe5a13b696f0599910c1722b2bbb36ccbef20b56dabad56646a,Festival_PansyGum,Fakemon_Festival_Full
CROSS_SOURCE_EXACT_DUPLICATE,DS_CUSTOM_LIBRARY/packs/Festival_PansyGum/PansyGum/Battlers/(corsola) Solacor.png,DS_CUSTOM_LIBRARY/packs/Fakemon_Festival_Full/Fakemon Festival Pack/PansyGum/Battlers/(corsola) Solacor.png,65193ec7ec87e7eb527a3610f64f12bd2e4e1754aa4fd462bbd08b37ecb4571c,Festival_PansyGum,Fakemon_Festival_Full
CROSS_SOURCE_EXACT_DUPLICATE,DS_CUSTOM_LIBRARY/packs/Festival_PansyGum/PansyGum/Battlers/(pinsir) PincheeB.png,DS_CUSTOM_LIBRARY/packs/Fakemon_Festival_Full/Fakemon Festival Pack/PansyGum/Battlers/(pinsir) PincheeB.png,2f50b202479af26a104cde2d39782091d2c68b2b25cb24f5cb2bbd9db8dd5c73,Festival_PansyGum,Fakemon_Festival_Full
CROSS_SOURCE_EXACT_DUPLICATE,DS_CUSTOM_LIBRARY/packs/Festival_PansyGum/PansyGum/Battlers/(corsola) SolacorB.png,DS_CUSTOM_LIBRARY/packs/Fakemon_Festival_Full/Fakemon Festival Pack/PansyGum/Battlers/(corsola) SolacorB.png,da002b5128076e39b5246a0cb8f1f71b456b17f7a557dd65642072d95032908e,Festival_PansyGum,Fakemon_Festival_Full
CROSS_SOURCE_EXACT_DUPLICATE,DS_CUSTOM_LIBRARY/packs/Festival_PansyGum/PansyGum/Battlers/(dunsparce) DunymphB.png,DS_CUSTOM_LIBRARY/packs/Fakemon_Festival_Full/Fakemon Festival Pack/PansyGum/Battlers/(dunsparce) DunymphB.png,1cc1a6957d2bc9f2733d3f18cd1c6eb60752bba36fbd74afc75d19e8c8760783,Festival_PansyGum,Fakemon_Festival_Full
CROSS_SOURCE_EXACT_DUPLICATE,DS_CUSTOM_LIBRARY/packs/Festival_PansyGum/PansyGum/Battlers/(stantler) Suprago.png,DS_CUSTOM_LIBRARY/packs/Fakemon_Festival_Full/Fakemon Festival Pack/PansyGum/Battlers/(stantler) Suprago.png,60baea50b564a5d33192ed9ca7d5a6a84f4842f85a6f3805fd1d413891a19458,Festival_PansyGum,Fakemon_Festival_Full
CROSS_SOURCE_EXACT_DUPLICATE,DS_CUSTOM_LIBRARY/packs/Festival_PansyGum/PansyGum/Battlers/(ponyta) (betamon) Folawk.png,DS_CUSTOM_LIBRARY/packs/Fakemon_Festival_Full/Fakemon Festival Pack/PansyGum/Battlers/(ponyta) (betamon) Folawk.png,82a8d6326a6711a4e8be9b5c7f4342f38f4102498e57b067c031e2d07958a753,Festival_PansyGum,Fakemon_Festival_Full
CROSS_SOURCE_EXACT_DUPLICATE,DS_CUSTOM_LIBRARY/packs/Festival_PansyGum/PansyGum/Battlers/(corsola) AmacoralaB.png,DS_CUSTOM_LIBRARY/packs/Fakemon_Festival_Full/Fakemon Festival Pack/PansyGum/Battlers/(corsola) AmacoralaB.png,45bbee12c9d12a917e9158574ff8580145fed285000a63c410fdc52f4e69c667,Festival_PansyGum,Fakemon_Festival_Full
CROSS_SOURCE_EXACT_DUPLICATE,DS_CUSTOM_LIBRARY/packs/Festival_PansyGum/PansyGum/Battlers/(eevee) TitaneonB.png,DS_CUSTOM_LIBRARY/packs/Fakemon_Festival_Full/Fakemon Festival Pack/PansyGum/Battlers/(eevee) TitaneonB.png,5e626e89b18717bad8d153b89053f2c2eb37f92a9ae3a6c65a8b37833926604c,Festival_PansyGum,Fakemon_Festival_Full
CROSS_SOURCE_EXACT_DUPLICATE,DS_CUSTOM_LIBRARY/packs/Festival_PansyGum/PansyGum/Battlers/(betamon) WolfumS.png,DS_CUSTOM_LIBRARY/packs/Fakemon_Festival_Full/Fakemon Festival Pack/PansyGum/Battlers/(betamon) WolfumS.png,688ed5cd960c9b27f23d3b9f67d95684cc0df65793d8f39add8c52c41adaaeea,Festival_PansyGum,Fakemon_Festival_Full
CROSS_SOURCE_EXACT_DUPLICATE,DS_CUSTOM_LIBRARY/packs/Festival_PansyGum/PansyGum/Battlers/(pinsir) (betamon) PincussionB.png,DS_CUSTOM_LIBRARY/packs/Fakemon_Festival_Full/Fakemon Festival Pack/PansyGum/Battlers/(pinsir) (betamon) PincussionB.png,884399d7bf6dc403801db67c2a7153131bf859722c1e66e5164d7885ae0b7fe8,Festival_PansyGum,Fakemon_Festival_Full
CROSS_SOURCE_EXACT_DUPLICATE,DS_CUSTOM_LIBRARY/packs/Festival_PansyGum/PansyGum/Battlers/(eevee) NimbeonB.png,DS_CUSTOM_LIBRARY/packs/Fakemon_Festival_Full/Fakemon Festival Pack/PansyGum/Battlers/(eevee) NimbeonB.png,e98be8c268f8e8f9bdae60107a4eee4b8cff945d78815f9a5b1612d59965bd93,Festival_PansyGum,Fakemon_Festival_Full
CROSS_SOURCE_EXACT_DUPLICATE,DS_CUSTOM_LIBRARY/packs/Festival_PansyGum/PansyGum/Battlers/(dunsparce) DunragoB.png,DS_CUSTOM_LIBRARY/packs/Fakemon_Festival_Full/Fakemon Festival Pack/PansyGum/Battlers/(dunsparce) DunragoB.png,160c1ba49cb2147deb3d310f04bb0fb35cc60a99f6e039a90dfd48021f47ced5,Festival_PansyGum,Fakemon_Festival_Full
CROSS_SOURCE_EXACT_DUPLICATE,DS_CUSTOM_LIBRARY/packs/Festival_PansyGum/PansyGum/Battlers/(stantler) EgoelkS.png,DS_CUSTOM_LIBRARY/packs/Fakemon_Festival_Full/Fakemon Festival Pack/PansyGum/Battlers/(stantler) EgoelkS.png,f627efb7a0d38870e0f77f9a19b6429cf6986def0ddd1daa59ec720d5fa116a7,Festival_PansyGum,Fakemon_Festival_Full
CROSS_SOURCE_EXACT_DUPLICATE,DS_CUSTOM_LIBRARY/packs/Festival_PansyGum/PansyGum/Battlers/(betamon) WarwolfSB.png,DS_CUSTOM_LIBRARY/packs/Fakemon_Festival_Full/Fakemon Festival Pack/PansyGum/Battlers/(betamon) WarwolfSB.png,a30187c0072f984fa2295e3a1f2f4c44e6608e3eae27609625a126c43ceb1f40,Festival_PansyGum,Fakemon_Festival_Full
CROSS_SOURCE_EXACT_DUPLICATE,DS_CUSTOM_LIBRARY/packs/Festival_PansyGum/PansyGum/Battlers/(stantler) EgoelkB.png,DS_CUSTOM_LIBRARY/packs/Fakemon_Festival_Full/Fakemon Festival Pack/PansyGum/Battlers/(stantler) EgoelkB.png,b278b5e871cae0907eb98749a48d54c9d68c408bd25492fc8c1a2f04f21a1811,Festival_PansyGum,Fakemon_Festival_Full
CROSS_SOURCE_EXACT_DUPLICATE,DS_CUSTOM_LIBRARY/packs/Festival_PansyGum/PansyGum/Battlers/(betamon) WolfumB.png,DS_CUSTOM_LIBRARY/packs/Fakemon_Festival_Full/Fakemon Festival Pack/PansyGum/Battlers/(betamon) WolfumB.png,a471b3c179f4e871a422a5507fe661bf03bfcaea508fa0a20e5cce9f6879a690,Festival_PansyGum,Fakemon_Festival_Full
CROSS_SOURCE_EXACT_DUPLICATE,DS_CUSTOM_LIBRARY/packs/Festival_PansyGum/PansyGum/Battlers/(dunsparce) Dunrago.png,DS_CUSTOM_LIBRARY/packs/Fakemon_Festival_Full/Fakemon Festival Pack/PansyGum/Battlers/(dunsparce) Dunrago.png,41ccd715d621b96b8fffc88abf197b477cec9b60c8f8ba8694b6044b29069fd7,Festival_PansyGum,Fakemon_Festival_Full
CROSS_SOURCE_EXACT_DUPLICATE,DS_CUSTOM_LIBRARY/packs/Festival_PansyGum/PansyGum/Battlers/(scyther) (betamon) ClawplerB.png,DS_CUSTOM_LIBRARY/packs/Fakemon_Festival_Full/Fakemon Festival Pack/PansyGum/Battlers/(scyther) (betamon) ClawplerB.png,5fc04d2c716419f4273664040bbb31a5df516ee222a45dc9cd416f73f0a2748a,Festival_PansyGum,Fakemon_Festival_Full
CROSS_SOURCE_EXACT_DUPLICATE,DS_CUSTOM_LIBRARY/packs/Festival_PansyGum/PansyGum/Battlers/(ponyta) (betamon)  FolawkB.png,DS_CUSTOM_LIBRARY/packs/Fakemon_Festival_Full/Fakemon Festival Pack/PansyGum/Battlers/(ponyta) (betamon)  FolawkB.png,d3638c0313df8dc245f5860544fb22d45923685bd37120d3597a2dd112f2b313,Festival_PansyGum,Fakemon_Festival_Full
CROSS_SOURCE_EXACT_DUPLICATE,DS_CUSTOM_LIBRARY/packs/Festival_PansyGum/PansyGum/Battlers/(betamon) Wolfum.png,DS_CUSTOM_LIBRARY/packs/Fakemon_Festival_Full/Fakemon Festival Pack/PansyGum/Battlers/(betamon) Wolfum.png,25feda7c601f344990e8b738fbbfb9af36ae3d4d5a25217640a81f92fb7c3fee,Festival_PansyGum,Fakemon_Festival_Full
CROSS_SOURCE_EXACT_DUPLICATE,DS_CUSTOM_LIBRARY/packs/Festival_PansyGum/PansyGum/Battlers/(corsola) SolacorSB.png,DS_CUSTOM_LIBRARY/packs/Fakemon_Festival_Full/Fakemon Festival Pack/PansyGum/Battlers/(corsola) SolacorSB.png,b8c210d69e1dea42bb9edb69f3581338feac5c7c28d34fe8185dd6912439b783,Festival_PansyGum,Fakemon_Festival_Full
CROSS_SOURCE_EXACT_DUPLICATE,DS_CUSTOM_LIBRARY/packs/Festival_PansyGum/PansyGum/Battlers/(betamon) WolfumSB.png,DS_CUSTOM_LIBRARY/packs/Fakemon_Festival_Full/Fakemon Festival Pack/PansyGum/Battlers/(betamon) WolfumSB.png,2d45abf895d21bce5daf07e1739aa05f2fe28d19774f50ae784029924723e4ed,Festival_PansyGum,Fakemon_Festival_Full
CROSS_SOURCE_EXACT_DUPLICATE,DS_CUSTOM_LIBRARY/packs/Festival_PansyGum/PansyGum/Battlers/(eevee) Titaneon.png,DS_CUSTOM_LIBRARY/packs/Fakemon_Festival_Full/Fakemon Festival Pack/PansyGum/Battlers/(eevee) Titaneon.png,e6d8b130051a14e3f5b401c1cfe9569d9a03e20266344b7ebd384ff56693bc93,Festival_PansyGum,Fakemon_Festival_Full
CROSS_SOURCE_EXACT_DUPLICATE,DS_CUSTOM_LIBRARY/packs/Festival_PansyGum/PansyGum/Battlers/(scyther) (betamon) Clawpler.png,DS_CUSTOM_LIBRARY/packs/Fakemon_Festival_Full/Fakemon Festival Pack/PansyGum/Battlers/(scyther) (betamon) Clawpler.png,00cfc12424a8e408c746a287f0b08275fffed9460c3a2f9cb78fa7830e053ae5,Festival_PansyGum,Fakemon_Festival_Full
CROSS_SOURCE_EXACT_DUPLICATE,DS_CUSTOM_LIBRARY/packs/Festival_PansyGum/PansyGum/Battlers/(dunsparce) DunragoSB.png,DS_CUSTOM_LIBRARY/packs/Fakemon_Festival_Full/Fakemon Festival Pack/PansyGum/Battlers/(dunsparce) DunragoSB.png,cea9eb1289094f9228c92bdf05ab7154a95362d0211823511bd69799c173ba3d,Festival_PansyGum,Fakemon_Festival_Full
CROSS_SOURCE_EXACT_DUPLICATE,DS_CUSTOM_LIBRARY/packs/Festival_PansyGum/PansyGum/Battlers/(betamon) WarwolfS.png,DS_CUSTOM_LIBRARY/packs/Fakemon_Festival_Full/Fakemon Festival Pack/PansyGum/Battlers/(betamon) WarwolfS.png,6bfbcc6b3a8b5d6b7a15d792d929f95cd446be505120a319abd791001526eaf0,Festival_PansyGum,Fakemon_Festival_Full
CROSS_SOURCE_EXACT_DUPLICATE,DS_CUSTOM_LIBRARY/packs/Festival_PansyGum/PansyGum/Battlers/(corsola) AmacoralaSB.png,DS_CUSTOM_LIBRARY/packs/Fakemon_Festival_Full/Fakemon Festival Pack/PansyGum/Battlers/(corsola) AmacoralaSB.png,9e19a12ea43d89483bd36ae7e87fd0ed24924c105157070348e5ca340fea6f37,Festival_PansyGum,Fakemon_Festival_Full
CROSS_SOURCE_EXACT_DUPLICATE,DS_CUSTOM_LIBRARY/packs/Festival_PansyGum/PansyGum/Battlers/(eevee)Nimbeon.png,DS_CUSTOM_LIBRARY/packs/Fakemon_Festival_Full/Fakemon Festival Pack/PansyGum/Battlers/(eevee)Nimbeon.png,87a316fff7b7e244c690f8d413883a1129d7e00fed607dfaaadd83816d3b3572,Festival_PansyGum,Fakemon_Festival_Full
CROSS_SOURCE_EXACT_DUPLICATE,DS_CUSTOM_LIBRARY/packs/Festival_PansyGum/PansyGum/Battlers/(girafarig) Nitemarig.png,DS_CUSTOM_LIBRARY/packs/Fakemon_Festival_Full/Fakemon Festival Pack/PansyGum/Battlers/(girafarig) Nitemarig.png,583591e757ea8b2e400279f9422a263e03f39be528f675a876dfad07f50c3193,Festival_PansyGum,Fakemon_Festival_Full
CROSS_SOURCE_EXACT_DUPLICATE,DS_CUSTOM_LIBRARY/packs/Festival_PansyGum/PansyGum/Battlers/(pinsir) (betamon) Pincussion.png,DS_CUSTOM_LIBRARY/packs/Fakemon_Festival_Full/Fakemon Festival Pack/PansyGum/Battlers/(pinsir) (betamon) Pincussion.png,b1333baf64974ef79ae34706ec35dceb52e3cda4990bcf69918b3fba8428740c,Festival_PansyGum,Fakemon_Festival_Full
CROSS_SOURCE_EXACT_DUPLICATE,DS_CUSTOM_LIBRARY/packs/Festival_PansyGum/PansyGum/Art/Stantler Evolutions.jpg,DS_CUSTOM_LIBRARY/packs/Fakemon_Festival_Full/Fakemon Festival Pack/PansyGum/Art/Stantler Evolutions.jpg,6f218b26c1b9ac1ddbb8d979c6e4440717dca301ba91f794b1384d4612b15fb3,Festival_PansyGum,Fakemon_Festival_Full
CROSS_SOURCE_EXACT_DUPLICATE,DS_CUSTOM_LIBRARY/packs/Festival_PansyGum/PansyGum/Art/Corsola Evolutions.png,DS_CUSTOM_LIBRARY/packs/Fakemon_Festival_Full/Fakemon Festival Pack/PansyGum/Art/Corsola Evolutions.png,fdf71f77b7364290803d30389d23f7e1dd6a5c52c1a56ce2dd912b9551c37459,Festival_PansyGum,Fakemon_Festival_Full
CROSS_SOURCE_EXACT_DUPLICATE,DS_CUSTOM_LIBRARY/packs/Festival_PansyGum/PansyGum/Art/237-Wolfman.png,DS_CUSTOM_LIBRARY/packs/Fakemon_Festival_Full/Fakemon Festival Pack/PansyGum/Art/237-Wolfman.png,9af7379103a349080ea40ecaf445c5de9b5bf8dbf6398f554fd82cb91216a10a,Festival_PansyGum,Fakemon_Festival_Full
CROSS_SOURCE_EXACT_DUPLICATE,DS_CUSTOM_LIBRARY/packs/Festival_PansyGum/PansyGum/Art/238-Warwolf.png,DS_CUSTOM_LIBRARY/packs/Fakemon_Festival_Full/Fakemon Festival Pack/PansyGum/Art/238-Warwolf.png,42bdbeb5d279edd091f1a615cd5ec6bdd7b6eaa27b7bea52b783f6e8852ea39b,Festival_PansyGum,Fakemon_Festival_Full
CROSS_SOURCE_EXACT_DUPLICATE,DS_CUSTOM_LIBRARY/packs/Festival_PansyGum/PansyGum/Characters/ow_dunymph.png,DS_CUSTOM_LIBRARY/packs/Fakemon_Festival_Full/Fakemon Festival Pack/PansyGum/Characters/ow_dunymph.png,f168ad865f1207293c6858a9dfecad6873cdd511bdf99273b6fc554b8bb93032,Festival_PansyGum,Fakemon_Festival_Full
CROSS_SOURCE_EXACT_DUPLICATE,DS_CUSTOM_LIBRARY/packs/Festival_PansyGum/PansyGum/Characters/ow_suprago.png,DS_CUSTOM_LIBRARY/packs/Fakemon_Festival_Full/Fakemon Festival Pack/PansyGum/Characters/ow_suprago.png,89fd1a5ef13781809e86aec7c0d3bd2980268050d6c7ea722515d42aaedb2a99,Festival_PansyGum,Fakemon_Festival_Full
CROSS_SOURCE_EXACT_DUPLICATE,DS_CUSTOM_LIBRARY/packs/Festival_PansyGum/PansyGum/Characters/ow_dunrago.png,DS_CUSTOM_LIBRARY/packs/Fakemon_Festival_Full/Fakemon Festival Pack/PansyGum/Characters/ow_dunrago.png,072fedc04e2082d1c0b39061f1c7180148efb7e6084e2a9dd92e7403ae5552a0,Festival_PansyGum,Fakemon_Festival_Full
CROSS_SOURCE_EXACT_DUPLICATE,DS_CUSTOM_LIBRARY/packs/Festival_PansyGum/PansyGum/Characters/ow_warwolf.png,DS_CUSTOM_LIBRARY/packs/Fakemon_Festival_Full/Fakemon Festival Pack/PansyGum/Characters/ow_warwolf.png,790da0ce340ec30fcb50b0b873af9dc8b3a8c0a7e02b5c8ec2f8493adda5b1fe,Festival_PansyGum,Fakemon_Festival_Full
CROSS_SOURCE_EXACT_DUPLICATE,DS_CUSTOM_LIBRARY/packs/Festival_PansyGum/PansyGum/Characters/ow_pinchee.png,DS_CUSTOM_LIBRARY/packs/Fakemon_Festival_Full/Fakemon Festival Pack/PansyGum/Characters/ow_pinchee.png,0540ad837efc75c8d21feca5f2fbba94065e7479b1e8f1d6f958c2bb32c0fca7,Festival_PansyGum,Fakemon_Festival_Full
CROSS_SOURCE_EXACT_DUPLICATE,DS_CUSTOM_LIBRARY/packs/Festival_PansyGum/PansyGum/Characters/ow_nitemarig.png,DS_CUSTOM_LIBRARY/packs/Fakemon_Festival_Full/Fakemon Festival Pack/PansyGum/Characters/ow_nitemarig.png,667d48024085b2ca3afe42abf5e0605b42f853bded6eff62dc31475e6b28ab18,Festival_PansyGum,Fakemon_Festival_Full
CROSS_SOURCE_EXACT_DUPLICATE,DS_CUSTOM_LIBRARY/packs/Festival_PansyGum/PansyGum/Characters/ow_amacorala.png,DS_CUSTOM_LIBRARY/packs/Fakemon_Festival_Full/Fakemon Festival Pack/PansyGum/Characters/ow_amacorala.png,5c4df8ca8d43d04f94b60868693bf00e23aff379e3183194f1af5dd4da165ed4,Festival_PansyGum,Fakemon_Festival_Full
CROSS_SOURCE_EXACT_DUPLICATE,DS_CUSTOM_LIBRARY/packs/Festival_PansyGum/PansyGum/Characters/ow_gireamer.png,DS_CUSTOM_LIBRARY/packs/Fakemon_Festival_Full/Fakemon Festival Pack/PansyGum/Characters/ow_gireamer.png,5528abb12d824264ffe17c3fb9223a28e589d85e22bd18d1165553b600280417,Festival_PansyGum,Fakemon_Festival_Full
CROSS_SOURCE_EXACT_DUPLICATE,DS_CUSTOM_LIBRARY/packs/Festival_PansyGum/PansyGum/Characters/ow_solacor.png,DS_CUSTOM_LIBRARY/packs/Fakemon_Festival_Full/Fakemon Festival Pack/PansyGum/Characters/ow_solacor.png,53b9892731e473f08d9fca135ef80e438611f5ba1644be871cb0683e6521b2c8,Festival_PansyGum,Fakemon_Festival_Full
CROSS_SOURCE_EXACT_DUPLICATE,DS_CUSTOM_LIBRARY/packs/Festival_PansyGum/PansyGum/Characters/ow_nimbeon.png,DS_CUSTOM_LIBRARY/packs/Fakemon_Festival_Full/Fakemon Festival Pack/PansyGum/Characters/ow_nimbeon.png,a7309bc6c81a5f54316fc3d65207cd2beebe7adfd2dc79fd20d02be2b7492536,Festival_PansyGum,Fakemon_Festival_Full
CROSS_SOURCE_EXACT_DUPLICATE,DS_CUSTOM_LIBRARY/packs/Festival_PansyGum/PansyGum/Characters/ow_pincussion.png,DS_CUSTOM_LIBRARY/packs/Fakemon_Festival_Full/Fakemon Festival Pack/PansyGum/Characters/ow_pincussion.png,5d3ccef35865643e4e2d946ba86f518e263450bfdff35eb88bdba0755beccf63,Festival_PansyGum,Fakemon_Festival_Full
CROSS_SOURCE_EXACT_DUPLICATE,DS_CUSTOM_LIBRARY/packs/Festival_PansyGum/PansyGum/Characters/ow_wolfum.png,DS_CUSTOM_LIBRARY/packs/Fakemon_Festival_Full/Fakemon Festival Pack/PansyGum/Characters/ow_wolfum.png,804e3f59a701e3acfe2a6d23fe46ac46f618565b73c487f330262e701fa50893,Festival_PansyGum,Fakemon_Festival_Full
CROSS_SOURCE_EXACT_DUPLICATE,DS_CUSTOM_LIBRARY/packs/Festival_PansyGum/PansyGum/Characters/ow_clawpler.png,DS_CUSTOM_LIBRARY/packs/Fakemon_Festival_Full/Fakemon Festival Pack/PansyGum/Characters/ow_clawpler.png,ca27276a1080c6267a53e3e582621250f099b9315e8c324530c4144c8b22b0a2,Festival_PansyGum,Fakemon_Festival_Full
CROSS_SOURCE_EXACT_DUPLICATE,DS_CUSTOM_LIBRARY/packs/Festival_PansyGum/PansyGum/Characters/ow_titaneon.png,DS_CUSTOM_LIBRARY/packs/Fakemon_Festival_Full/Fakemon Festival Pack/PansyGum/Characters/ow_titaneon.png,46eea082598c40d77f08bd8bc73c0c33947f9a0c5d3fd18e33a3986b34d4aa9b,Festival_PansyGum,Fakemon_Festival_Full
CROSS_SOURCE_EXACT_DUPLICATE,DS_CUSTOM_LIBRARY/packs/Festival_PansyGum/PansyGum/Characters/ow_skarmet.png,DS_CUSTOM_LIBRARY/packs/Fakemon_Festival_Full/Fakemon Festival Pack/PansyGum/Characters/ow_skarmet.png,e61b24d63e4350dcd4907a0428974b1a55af6d2b6e591c055d5d6493e5613b3c,Festival_PansyGum,Fakemon_Festival_Full
CROSS_SOURCE_EXACT_DUPLICATE,DS_CUSTOM_LIBRARY/packs/Festival_PansyGum/PansyGum/Characters/ow_moosid.png,DS_CUSTOM_LIBRARY/packs/Fakemon_Festival_Full/Fakemon Festival Pack/PansyGum/Characters/ow_moosid.png,621387a4115a5dc98b6b253f5e1b75ab8b8b61e05af17ffe4f96604dcbca6397,Festival_PansyGum,Fakemon_Festival_Full
CROSS_SOURCE_EXACT_DUPLICATE,DS_CUSTOM_LIBRARY/packs/Festival_PansyGum/PansyGum/Characters/ow_egoelk.png,DS_CUSTOM_LIBRARY/packs/Fakemon_Festival_Full/Fakemon Festival Pack/PansyGum/Characters/ow_egoelk.png,8a7e040eb344a92d2767ee57857f2530e0a26941c07c6e59a5ce1a3f2d732e0d,Festival_PansyGum,Fakemon_Festival_Full
CROSS_SOURCE_EXACT_DUPLICATE,DS_CUSTOM_LIBRARY/packs/Festival_Odisea/Odisea/Dusclops.png,DS_CUSTOM_LIBRARY/packs/Fakemon_Festival_Full/Fakemon Festival Pack/Odisea/Dusclops.png,805b1c349ae97bb82d39abb8c340e872961be56481bde521c7309269cc977167,Festival_Odisea,Fakemon_Festival_Full
CROSS_SOURCE_EXACT_DUPLICATE,DS_CUSTOM_LIBRARY/packs/Festival_Odisea/Odisea/Luxray_By_Idilio.png,DS_CUSTOM_LIBRARY/packs/Fakemon_Festival_Full/Fakemon Festival Pack/Odisea/Luxray_By_Idilio.png,aa00f83430f2506daef6e4c52d8b06c88cd5d4303aaa88b005a0920cab5c011e,Festival_Odisea,Fakemon_Festival_Full
CROSS_SOURCE_EXACT_DUPLICATE,DS_CUSTOM_LIBRARY/packs/Festival_Odisea/Odisea/DoechiB.png,DS_CUSTOM_LIBRARY/packs/Fakemon_Festival_Full/Fakemon Festival Pack/Odisea/DoechiB.png,8d2b3612c547756611d5e97d032eb0e440d5409b66d0f099196d3739638248b2,Festival_Odisea,Fakemon_Festival_Full
CROSS_SOURCE_EXACT_DUPLICATE,DS_CUSTOM_LIBRARY/packs/Festival_Odisea/Odisea/DusclopsB.png,DS_CUSTOM_LIBRARY/packs/Fakemon_Festival_Full/Fakemon Festival Pack/Odisea/DusclopsB.png,ebb8fae75b0e5d40e3070a0e9045fb528b39924a6c611e90144e0ef90e8c3022,Festival_Odisea,Fakemon_Festival_Full
CROSS_SOURCE_EXACT_DUPLICATE,DS_CUSTOM_LIBRARY/packs/Festival_Odisea/Odisea/KudoS.png,DS_CUSTOM_LIBRARY/packs/Fakemon_Festival_Full/Fakemon Festival Pack/Odisea/KudoS.png,115eef030a6ed7f50f972eb2931f11136b266537a8c568a4a070bc8be46771c9,Festival_Odisea,Fakemon_Festival_Full
CROSS_SOURCE_EXACT_DUPLICATE,DS_CUSTOM_LIBRARY/packs/Festival_Odisea/Odisea/PersianSB.png,DS_CUSTOM_LIBRARY/packs/Fakemon_Festival_Full/Fakemon Festival Pack/Odisea/PersianSB.png,4fcf45c5b8666dda17df09a809edd2cc63514dbf0a3122af77634aeb7597bad2,Festival_Odisea,Fakemon_Festival_Full
CROSS_SOURCE_EXACT_DUPLICATE,DS_CUSTOM_LIBRARY/packs/Festival_Odisea/Odisea/PersianB.png,DS_CUSTOM_LIBRARY/packs/Fakemon_Festival_Full/Fakemon Festival Pack/Odisea/PersianB.png,d2cc83c274dc2e0b31278825e666d8454e1c6af3574ea897f5c8453c2bd9471c,Festival_Odisea,Fakemon_Festival_Full
CROSS_SOURCE_EXACT_DUPLICATE,DS_CUSTOM_LIBRARY/packs/Festival_Odisea/Odisea/LuxrayS.png,DS_CUSTOM_LIBRARY/packs/Fakemon_Festival_Full/Fakemon Festival Pack/Odisea/LuxrayS.png,2a2d39cbba33500a6ae2111ad015b83bf8d7f194b78ee0fcd1fcd1616609f852,Festival_Odisea,Fakemon_Festival_Full
CROSS_SOURCE_EXACT_DUPLICATE,DS_CUSTOM_LIBRARY/packs/Festival_Odisea/Odisea/EarthBeetleB.png,DS_CUSTOM_LIBRARY/packs/Fakemon_Festival_Full/Fakemon Festival Pack/Odisea/EarthBeetleB.png,7dc62d5e05ab7c4c6f8ad02d028c4aeb3d3c8e3b45385513051187e9e8483774,Festival_Odisea,Fakemon_Festival_Full
CROSS_SOURCE_EXACT_DUPLICATE,DS_CUSTOM_LIBRARY/packs/Festival_Odisea/Odisea/DoechiSB.png,DS_CUSTOM_LIBRARY/packs/Fakemon_Festival_Full/Fakemon Festival Pack/Odisea/DoechiSB.png,d4e3e7b9d5eee8de78a8ecee534bae1fdca0b7e9b1125673f85fb7d16e87521c,Festival_Odisea,Fakemon_Festival_Full
CROSS_SOURCE_EXACT_DUPLICATE,DS_CUSTOM_LIBRARY/packs/Festival_Odisea/Odisea/Persian.png,DS_CUSTOM_LIBRARY/packs/Fakemon_Festival_Full/Fakemon Festival Pack/Odisea/Persian.png,cc76e5c8b41b21862570de677e737f04a42e223c4a6266494b4cda9a96f55973,Festival_Odisea,Fakemon_Festival_Full
CROSS_SOURCE_EXACT_DUPLICATE,DS_CUSTOM_LIBRARY/packs/Festival_Odisea/Odisea/Kudo.png,DS_CUSTOM_LIBRARY/packs/Fakemon_Festival_Full/Fakemon Festival Pack/Odisea/Kudo.png,8cc826b215fa874d9bb53d48ec770c660cff348b459218271822796b63de6d03,Festival_Odisea,Fakemon_Festival_Full
CROSS_SOURCE_EXACT_DUPLICATE,DS_CUSTOM_LIBRARY/packs/Festival_Odisea/Odisea/Luxray.png,DS_CUSTOM_LIBRARY/packs/Fakemon_Festival_Full/Fakemon Festival Pack/Odisea/Luxray.png,f547a2afe7e91aa907f9b405f9156eb80706f6848ffa09a9becfb8c95865431d,Festival_Odisea,Fakemon_Festival_Full
CROSS_SOURCE_EXACT_DUPLICATE,DS_CUSTOM_LIBRARY/packs/Festival_Odisea/Odisea/Doechi.png,DS_CUSTOM_LIBRARY/packs/Fakemon_Festival_Full/Fakemon Festival Pack/Odisea/Doechi.png,40ff9a9f0f153b7eb822772f4f545e3c89ac098c953239b0d66fb62288819370,Festival_Odisea,Fakemon_Festival_Full
CROSS_SOURCE_EXACT_DUPLICATE,DS_CUSTOM_LIBRARY/packs/Festival_Odisea/Odisea/LuxraySB.png,DS_CUSTOM_LIBRARY/packs/Fakemon_Festival_Full/Fakemon Festival Pack/Odisea/LuxraySB.png,ea871e3e907775c5531186314421088580fe6381d8f77056d0d811af8a613a01,Festival_Odisea,Fakemon_Festival_Full
CROSS_SOURCE_EXACT_DUPLICATE,DS_CUSTOM_LIBRARY/packs/Festival_Odisea/Odisea/Duskerrif.png,DS_CUSTOM_LIBRARY/packs/Fakemon_Festival_Full/Fakemon Festival Pack/Odisea/Duskerrif.png,2e16783c74b20c119769d900d2fcdc16e86cbc03cc33eb4e4460c25a5a8165e6,Festival_Odisea,Fakemon_Festival_Full
CROSS_SOURCE_EXACT_DUPLICATE,DS_CUSTOM_LIBRARY/packs/Festival_Odisea/Odisea/EarthBeetleSB.png,DS_CUSTOM_LIBRARY/packs/Fakemon_Festival_Full/Fakemon Festival Pack/Odisea/EarthBeetleSB.png,80d69f28cbb32d7f3433266651e171019b16a7a3b3ae2707325233e5535b5a2e,Festival_Odisea,Fakemon_Festival_Full
CROSS_SOURCE_EXACT_DUPLICATE,DS_CUSTOM_LIBRARY/packs/Festival_Odisea/Odisea/DuskerrifB.png,DS_CUSTOM_LIBRARY/packs/Fakemon_Festival_Full/Fakemon Festival Pack/Odisea/DuskerrifB.png,64e0993cb8376f427b3f0c7c3c637be335f4fbbbb5592e2c97c7b226f956f5db,Festival_Odisea,Fakemon_Festival_Full
CROSS_SOURCE_EXACT_DUPLICATE,DS_CUSTOM_LIBRARY/packs/Festival_Odisea/Odisea/EarthBeetle.png,DS_CUSTOM_LIBRARY/packs/Fakemon_Festival_Full/Fakemon Festival Pack/Odisea/EarthBeetle.png,9ac68057fb25ec67ae281fda76259c76d0e37763ef5bb1355f2be0bbfad152db,Festival_Odisea,Fakemon_Festival_Full
CROSS_SOURCE_EXACT_DUPLICATE,DS_CUSTOM_LIBRARY/packs/Festival_Odisea/Odisea/PersianS.png,DS_CUSTOM_LIBRARY/packs/Fakemon_Festival_Full/Fakemon Festival Pack/Odisea/PersianS.png,861c0e228a2957a95adddb02b618b6db28742a97236d4b188734b10c3b832cf5,Festival_Odisea,Fakemon_Festival_Full
CROSS_SOURCE_EXACT_DUPLICATE,DS_CUSTOM_LIBRARY/packs/Festival_Odisea/Odisea/LuxrayB.png,DS_CUSTOM_LIBRARY/packs/Fakemon_Festival_Full/Fakemon Festival Pack/Odisea/LuxrayB.png,9bc88664b4d289e9359c7bfe977aea381796d02864b0997baeb76f9dabc13250,Festival_Odisea,Fakemon_Festival_Full
CROSS_SOURCE_EXACT_DUPLICATE,DS_CUSTOM_LIBRARY/packs/Festival_Odisea/Odisea/EarthBeetleS.png,DS_CUSTOM_LIBRARY/packs/Fakemon_Festival_Full/Fakemon Festival Pack/Odisea/EarthBeetleS.png,088e91c6c5fe4c38540e968c449156403d2002ab09678c1dd8fae65d6dd8a2ae,Festival_Odisea,Fakemon_Festival_Full
CROSS_SOURCE_EXACT_DUPLICATE,DS_CUSTOM_LIBRARY/packs/Festival_Odisea/Odisea/DoechiS.png,DS_CUSTOM_LIBRARY/packs/Fakemon_Festival_Full/Fakemon Festival Pack/Odisea/DoechiS.png,ae4138520e82b5ee169497cab48bdf33502fb0818efbf7dfacb74c4cd088df65,Festival_Odisea,Fakemon_Festival_Full
CROSS_SOURCE_EXACT_DUPLICATE,DS_CUSTOM_LIBRARY/packs/Festival_Atsui/Atsui/Goodrite.png,DS_CUSTOM_LIBRARY/packs/Fakemon_Festival_Full/Fakemon Festival Pack/Atsui/Goodrite.png,4bb03d6cc3285514ea1db66a475c679abddefa8a969a059d0c6cdc336b81b486,Festival_Atsui,Fakemon_Festival_Full
CROSS_SOURCE_EXACT_DUPLICATE,DS_CUSTOM_LIBRARY/packs/Festival_Scotsman/Scotsman/Regional_Eiscue_IceFace_Back.png,DS_CUSTOM_LIBRARY/packs/Fakemon_Festival_Full/Fakemon Festival Pack/Scotsman/Regional_Eiscue_IceFace_Back.png,bd899f8a15dd9e67ba56e05ac74b4fb2bd03cbf397a219840ffcc86c1fcce690,Festival_Scotsman,Fakemon_Festival_Full
CROSS_SOURCE_EXACT_DUPLICATE,DS_CUSTOM_LIBRARY/packs/Festival_Scotsman/Scotsman/Hayog_Front.png,DS_CUSTOM_LIBRARY/packs/Fakemon_Festival_Full/Fakemon Festival Pack/Scotsman/Hayog_Front.png,dccc4d305cbdce5581ea05f58f7d8d74f862109002c8cac8d5b4379a596a045d,Festival_Scotsman,Fakemon_Festival_Full
CROSS_SOURCE_EXACT_DUPLICATE,DS_CUSTOM_LIBRARY/packs/Festival_Scotsman/Scotsman/Regional_Diglett_Back.png,DS_CUSTOM_LIBRARY/packs/Fakemon_Festival_Full/Fakemon Festival Pack/Scotsman/Regional_Diglett_Back.png,e2c161ac197bad6cc5ec65d89a06103b2e76c16c86af602bc3ec591de0f62a20,Festival_Scotsman,Fakemon_Festival_Full
CROSS_SOURCE_EXACT_DUPLICATE,DS_CUSTOM_LIBRARY/packs/Festival_Scotsman/Scotsman/Hogriks_Back.png,DS_CUSTOM_LIBRARY/packs/Fakemon_Festival_Full/Fakemon Festival Pack/Scotsman/Hogriks_Back.png,7fd9f9b90cc983e75b344f4367df901abe3088a98161d282f4a6def0a8413106,Festival_Scotsman,Fakemon_Festival_Full
CROSS_SOURCE_EXACT_DUPLICATE,DS_CUSTOM_LIBRARY/packs/Festival_Scotsman/Scotsman/Hogouse_Back.png,DS_CUSTOM_LIBRARY/packs/Fakemon_Festival_Full/Fakemon Festival Pack/Scotsman/Hogouse_Back.png,373d729a2b141783e4d28ae46b5131d78c4b888e6d9d48e7659fda3ebb03ba3d,Festival_Scotsman,Fakemon_Festival_Full
CROSS_SOURCE_EXACT_DUPLICATE,DS_CUSTOM_LIBRARY/packs/Festival_Scotsman/Scotsman/Regional_Eiscue_NoIce_Front.png,DS_CUSTOM_LIBRARY/packs/Fakemon_Festival_Full/Fakemon Festival Pack/Scotsman/Regional_Eiscue_NoIce_Front.png,dd1c2240b8e455f0176809382ae16a7156ab675c4dc5e03c1a501bfe8a465bd8,Festival_Scotsman,Fakemon_Festival_Full
CROSS_SOURCE_EXACT_DUPLICATE,DS_CUSTOM_LIBRARY/packs/Festival_Scotsman/Scotsman/Regional_Magneton_Front.png,DS_CUSTOM_LIBRARY/packs/Fakemon_Festival_Full/Fakemon Festival Pack/Scotsman/Regional_Magneton_Front.png,29b9bd5522372104fb77fd2dad4da8624fdaa458df4d8a3147f8eb1959ea04dc,Festival_Scotsman,Fakemon_Festival_Full
CROSS_SOURCE_EXACT_DUPLICATE,DS_CUSTOM_LIBRARY/packs/Festival_Scotsman/Scotsman/Regional_Ambipom.png,DS_CUSTOM_LIBRARY/packs/Fakemon_Festival_Full/Fakemon Festival Pack/Scotsman/Regional_Ambipom.png,ac1498cb0b9722bca4e7d7a8e008c4390bda166c0168a924f01a4ff2918e2c1b,Festival_Scotsman,Fakemon_Festival_Full
CROSS_SOURCE_EXACT_DUPLICATE,DS_CUSTOM_LIBRARY/packs/Festival_Scotsman/Scotsman/Regional_Chinchou.png,DS_CUSTOM_LIBRARY/packs/Fakemon_Festival_Full/Fakemon Festival Pack/Scotsman/Regional_Chinchou.png,1928672afc92bec97f9652c1ac07d3b12690618ad7ac58e3ec6ee6027d935ebc,Festival_Scotsman,Fakemon_Festival_Full
CROSS_SOURCE_EXACT_DUPLICATE,DS_CUSTOM_LIBRARY/packs/Festival_Scotsman/Scotsman/Regional_Munchlax_Back.png,DS_CUSTOM_LIBRARY/packs/Fakemon_Festival_Full/Fakemon Festival Pack/Scotsman/Regional_Munchlax_Back.png,5bb56ed0a0b787e1e4f951ff98e6390f8a3563cd66e8b2c4a49133c4197caa0c,Festival_Scotsman,Fakemon_Festival_Full
CROSS_SOURCE_EXACT_DUPLICATE,DS_CUSTOM_LIBRARY/packs/Festival_Scotsman/Scotsman/Regional_Eiscue_IceFace_Front.png,DS_CUSTOM_LIBRARY/packs/Fakemon_Festival_Full/Fakemon Festival Pack/Scotsman/Regional_Eiscue_IceFace_Front.png,28a39eda942cea57bf27039787943df80d9ced6d8c28cdb80af915b85a959c99,Festival_Scotsman,Fakemon_Festival_Full
CROSS_SOURCE_EXACT_DUPLICATE,DS_CUSTOM_LIBRARY/packs/Festival_Scotsman/Scotsman/Manomoth_Front.png,DS_CUSTOM_LIBRARY/packs/Fakemon_Festival_Full/Fakemon Festival Pack/Scotsman/Manomoth_Front.png,60686249dd41b26de5d57ef4cebf0ccc22b3710a5143604d9aac6cedfeebe57f,Festival_Scotsman,Fakemon_Festival_Full
CROSS_SOURCE_EXACT_DUPLICATE,DS_CUSTOM_LIBRARY/packs/Festival_Scotsman/Scotsman/Magnemelt_Front.png,DS_CUSTOM_LIBRARY/packs/Fakemon_Festival_Full/Fakemon Festival Pack/Scotsman/Magnemelt_Front.png,fe098dd25386457e4b7ab58a68b013fe2be2b85cc50f11ac4d37e8cfe483cd7e,Festival_Scotsman,Fakemon_Festival_Full
CROSS_SOURCE_EXACT_DUPLICATE,DS_CUSTOM_LIBRARY/packs/Festival_Scotsman/Scotsman/Regional_Magnemite_Front.png,DS_CUSTOM_LIBRARY/packs/Fakemon_Festival_Full/Fakemon Festival Pack/Scotsman/Regional_Magnemite_Front.png,1060e722e788cb6894d77fca73e751ec7d3676038fc3b71411654e4394c045fb,Festival_Scotsman,Fakemon_Festival_Full
CROSS_SOURCE_EXACT_DUPLICATE,DS_CUSTOM_LIBRARY/packs/Festival_Scotsman/Scotsman/Webruiser_Back.png,DS_CUSTOM_LIBRARY/packs/Fakemon_Festival_Full/Fakemon Festival Pack/Scotsman/Webruiser_Back.png,fbbe0d97c3933cfe4f176afb2ac7e5f507db63599c6ecb20c8abae4cf20b4f46,Festival_Scotsman,Fakemon_Festival_Full
CROSS_SOURCE_EXACT_DUPLICATE,DS_CUSTOM_LIBRARY/packs/Festival_Scotsman/Scotsman/Regional_Dugtrio_Back.png,DS_CUSTOM_LIBRARY/packs/Fakemon_Festival_Full/Fakemon Festival Pack/Scotsman/Regional_Dugtrio_Back.png,b83439e5fb2998a52cba1e7bb2cb5f0537f6acc6ecf11fcc10506b3bd6921321,Festival_Scotsman,Fakemon_Festival_Full
CROSS_SOURCE_EXACT_DUPLICATE,DS_CUSTOM_LIBRARY/packs/Festival_Scotsman/Scotsman/Hogouse_Front.png,DS_CUSTOM_LIBRARY/packs/Fakemon_Festival_Full/Fakemon Festival Pack/Scotsman/Hogouse_Front.png,e55cf991af7ea61ba2b4c1f60d74752d7a7321457fa2d3db06efb774ccc4f820,Festival_Scotsman,Fakemon_Festival_Full
CROSS_SOURCE_EXACT_DUPLICATE,DS_CUSTOM_LIBRARY/packs/Festival_Scotsman/Scotsman/Webruiser_Front.png,DS_CUSTOM_LIBRARY/packs/Fakemon_Festival_Full/Fakemon Festival Pack/Scotsman/Webruiser_Front.png,e83c5f8c2c7e81bc8f3135eb5ae80171813a937ec73dd6ebbd19cac435285b8a,Festival_Scotsman,Fakemon_Festival_Full
CROSS_SOURCE_EXACT_DUPLICATE,DS_CUSTOM_LIBRARY/packs/Festival_Scotsman/Scotsman/Magnemelt_Back.png,DS_CUSTOM_LIBRARY/packs/Fakemon_Festival_Full/Fakemon Festival Pack/Scotsman/Magnemelt_Back.png,cc89c362226a54ec5e8d9ff54224210b1beb955accf89215d2961de36696bd52,Festival_Scotsman,Fakemon_Festival_Full
CROSS_SOURCE_EXACT_DUPLICATE,DS_CUSTOM_LIBRARY/packs/Festival_Scotsman/Scotsman/Regional_Diglett_Front.png,DS_CUSTOM_LIBRARY/packs/Fakemon_Festival_Full/Fakemon Festival Pack/Scotsman/Regional_Diglett_Front.png,0f9b7665876fccaa412b031486e617cf7b9e991a3b1480ffdfdf7be3a908293c,Festival_Scotsman,Fakemon_Festival_Full
CROSS_SOURCE_EXACT_DUPLICATE,DS_CUSTOM_LIBRARY/packs/Festival_Scotsman/Scotsman/Regional_Mr_Mime.png,DS_CUSTOM_LIBRARY/packs/Fakemon_Festival_Full/Fakemon Festival Pack/Scotsman/Regional_Mr_Mime.png,c222b8ff8614d7fb45d4ccaf5cc4c309a26839aa292fb1ad5c92007305ea4f34,Festival_Scotsman,Fakemon_Festival_Full
CROSS_SOURCE_EXACT_DUPLICATE,DS_CUSTOM_LIBRARY/packs/Festival_Scotsman/Scotsman/Regional_Snorlax_Front.png,DS_CUSTOM_LIBRARY/packs/Fakemon_Festival_Full/Fakemon Festival Pack/Scotsman/Regional_Snorlax_Front.png,dd9d41e73b87e5db176fcce995fad8813427da91a71e8b27e1946aa8f2de6cb3,Festival_Scotsman,Fakemon_Festival_Full
CROSS_SOURCE_EXACT_DUPLICATE,DS_CUSTOM_LIBRARY/packs/Festival_Scotsman/Scotsman/Regional_Snorlax_Back.png,DS_CUSTOM_LIBRARY/packs/Fakemon_Festival_Full/Fakemon Festival Pack/Scotsman/Regional_Snorlax_Back.png,f944a92fb65b9087118c4cf6ceaccd90c5f8900da5ff30bd1f64c2116a0713b8,Festival_Scotsman,Fakemon_Festival_Full
CROSS_SOURCE_EXACT_DUPLICATE,DS_CUSTOM_LIBRARY/packs/Festival_Scotsman/Scotsman/Regional_Munchlax_Front.png,DS_CUSTOM_LIBRARY/packs/Fakemon_Festival_Full/Fakemon Festival Pack/Scotsman/Regional_Munchlax_Front.png,0f61fd686cb0d9f60a0ba5a65666837dfe481fd3f0cae5e7c97c9a98e39104d3,Festival_Scotsman,Fakemon_Festival_Full
CROSS_SOURCE_EXACT_DUPLICATE,DS_CUSTOM_LIBRARY/packs/Festival_Scotsman/Scotsman/Hogriks_Front.png,DS_CUSTOM_LIBRARY/packs/Fakemon_Festival_Full/Fakemon Festival Pack/Scotsman/Hogriks_Front.png,2d18eb534f020378c229451d18f0c7547b532c08a5bc31e2d2d091e9d7672ffe,Festival_Scotsman,Fakemon_Festival_Full
CROSS_SOURCE_EXACT_DUPLICATE,DS_CUSTOM_LIBRARY/packs/Festival_Scotsman/Scotsman/Regional_Eiscue_NoIce_Back.png,DS_CUSTOM_LIBRARY/packs/Fakemon_Festival_Full/Fakemon Festival Pack/Scotsman/Regional_Eiscue_NoIce_Back.png,f83d7292941d415237b0ec0429d57d26c8e873068998cdfa8ec10493587a4092,Festival_Scotsman,Fakemon_Festival_Full
CROSS_SOURCE_EXACT_DUPLICATE,DS_CUSTOM_LIBRARY/packs/Festival_Scotsman/Scotsman/Regional_Venonat_Back.png,DS_CUSTOM_LIBRARY/packs/Fakemon_Festival_Full/Fakemon Festival Pack/Scotsman/Regional_Venonat_Back.png,3b61a3940c10d2d05b2fe20769353447bc9350166978b79444a3ab38e84f932b,Festival_Scotsman,Fakemon_Festival_Full
CROSS_SOURCE_EXACT_DUPLICATE,DS_CUSTOM_LIBRARY/packs/Festival_Scotsman/Scotsman/Hayog_Back.png,DS_CUSTOM_LIBRARY/packs/Fakemon_Festival_Full/Fakemon Festival Pack/Scotsman/Hayog_Back.png,71d02291a6bacd6b57b6e93cc5badaa090e0962ffbdf612c7759683599985005,Festival_Scotsman,Fakemon_Festival_Full
CROSS_SOURCE_EXACT_DUPLICATE,DS_CUSTOM_LIBRARY/packs/Festival_Scotsman/Scotsman/Regional_Magnemite_Back.png,DS_CUSTOM_LIBRARY/packs/Fakemon_Festival_Full/Fakemon Festival Pack/Scotsman/Regional_Magnemite_Back.png,02ec932086bb5fc70938a586de47e2fd775b5f2a9dfc4450288e5cc660d12761,Festival_Scotsman,Fakemon_Festival_Full
CROSS_SOURCE_EXACT_DUPLICATE,DS_CUSTOM_LIBRARY/packs/Festival_Scotsman/Scotsman/Regional Smeargle.png,DS_CUSTOM_LIBRARY/packs/Fakemon_Festival_Full/Fakemon Festival Pack/Scotsman/Regional Smeargle.png,393c7c4d94c48b518df9d8d3360103583c2c96e2aebfb5d21628ae0b34f5a078,Festival_Scotsman,Fakemon_Festival_Full
CROSS_SOURCE_EXACT_DUPLICATE,DS_CUSTOM_LIBRARY/packs/Festival_Scotsman/Scotsman/Regional_Aipom.png,DS_CUSTOM_LIBRARY/packs/Fakemon_Festival_Full/Fakemon Festival Pack/Scotsman/Regional_Aipom.png,beb16986c17e8cf4993635acb3d8ef37c02b8f2561b479e1e6fd9db8e0ea5264,Festival_Scotsman,Fakemon_Festival_Full
CROSS_SOURCE_EXACT_DUPLICATE,DS_CUSTOM_LIBRARY/packs/Festival_Scotsman/Scotsman/Lureturn.png,DS_CUSTOM_LIBRARY/packs/Fakemon_Festival_Full/Fakemon Festival Pack/Scotsman/Lureturn.png,4d2968e6d6a3f7262fd3a3295e429bc455a5a6c284a4690bc3449d997610b14b,Festival_Scotsman,Fakemon_Festival_Full
CROSS_SOURCE_EXACT_DUPLICATE,DS_CUSTOM_LIBRARY/packs/Festival_Scotsman/Scotsman/Regional_Magenton_Back.png,DS_CUSTOM_LIBRARY/packs/Fakemon_Festival_Full/Fakemon Festival Pack/Scotsman/Regional_Magenton_Back.png,6462b32a61648b509e06acb9936c7bc46a24579e81154b28ef52feab38069d86,Festival_Scotsman,Fakemon_Festival_Full
CROSS_SOURCE_EXACT_DUPLICATE,DS_CUSTOM_LIBRARY/packs/Festival_Scotsman/Scotsman/Regional_Venonat_Front.png,DS_CUSTOM_LIBRARY/packs/Fakemon_Festival_Full/Fakemon Festival Pack/Scotsman/Regional_Venonat_Front.png,c48c0b04ae7ccfe1a9e7ed8bfccd8c942fe4c1ceeeb26a85f32bca6101e40c7e,Festival_Scotsman,Fakemon_Festival_Full
CROSS_SOURCE_EXACT_DUPLICATE,DS_CUSTOM_LIBRARY/packs/Festival_Scotsman/Scotsman/Regional_Dugtrio_Front.png,DS_CUSTOM_LIBRARY/packs/Fakemon_Festival_Full/Fakemon Festival Pack/Scotsman/Regional_Dugtrio_Front.png,58225135f4e0bc89338d2a6ad24fdd7cf2d4f0d17fae03a7a867668c1fd6f9a2,Festival_Scotsman,Fakemon_Festival_Full
CROSS_SOURCE_EXACT_DUPLICATE,DS_CUSTOM_LIBRARY/packs/Festival_Scotsman/Scotsman/Manomoth_Back.png,DS_CUSTOM_LIBRARY/packs/Fakemon_Festival_Full/Fakemon Festival Pack/Scotsman/Manomoth_Back.png,42c149334abf3e5c66347d5d7cef47429c4ef2db81ac06792c00831caad9c4dc,Festival_Scotsman,Fakemon_Festival_Full
CROSS_SOURCE_EXACT_DUPLICATE,DS_CUSTOM_LIBRARY/packs/Festival_Misc/Misc/Fronts/Mega Machamp_shiny.png,DS_CUSTOM_LIBRARY/packs/Fakemon_Festival_Full/Fakemon Festival Pack/Misc/Fronts/Mega Machamp_shiny.png,1589f19538cb0b16bd71d79790e54e6936f9fe0dec3a89970e7142a020790e03,Festival_Misc,Fakemon_Festival_Full
CROSS_SOURCE_EXACT_DUPLICATE,DS_CUSTOM_LIBRARY/packs/Festival_Misc/Misc/Fronts/SableyeS.png,DS_CUSTOM_LIBRARY/packs/Fakemon_Festival_Full/Fakemon Festival Pack/Misc/Fronts/SableyeS.png,b582bda5bc39b6931205d67c1214bef5e2c469c4de8d4df78ac093e481baf45e,Festival_Misc,Fakemon_Festival_Full
CROSS_SOURCE_EXACT_DUPLICATE,DS_CUSTOM_LIBRARY/packs/Festival_Misc/Misc/Fronts/351_4.png,DS_CUSTOM_LIBRARY/packs/Fakemon_Festival_Full/Fakemon Festival Pack/Misc/Fronts/351_4.png,83454cdd7d3d05039b7c2f5c5227bac9ed4aa605cef7e9bc6e6f834eacb83646,Festival_Misc,Fakemon_Festival_Full
CROSS_SOURCE_EXACT_DUPLICATE,DS_CUSTOM_LIBRARY/packs/Festival_Misc/Misc/Fronts/Pansimi.png,DS_CUSTOM_LIBRARY/packs/Fakemon_Festival_Full/Fakemon Festival Pack/Misc/Fronts/Pansimi.png,40622e9f18f44f4c004cd46cdd4b0a042cf62a9b232eb8914eb2cbda9f8f96b0,Festival_Misc,Fakemon_Festival_Full
CROSS_SOURCE_EXACT_DUPLICATE,DS_CUSTOM_LIBRARY/packs/Festival_Misc/Misc/Fronts/Sableye.png,DS_CUSTOM_LIBRARY/packs/Fakemon_Festival_Full/Fakemon Festival Pack/Misc/Fronts/Sableye.png,9dd5fd00bd9e3e9510a0e50a4daa8c08a9febc4084bba25c0938a8f03a89ae5c,Festival_Misc,Fakemon_Festival_Full
CROSS_SOURCE_EXACT_DUPLICATE,DS_CUSTOM_LIBRARY/packs/Festival_Misc/Misc/Fronts/Mega Barbaracle_shiny.png,DS_CUSTOM_LIBRARY/packs/Fakemon_Festival_Full/Fakemon Festival Pack/Misc/Fronts/Mega Barbaracle_shiny.png,8d7e44a81a3204c6b547d562bdf533c57342dc89010407bf7af4dedc06f04299,Festival_Misc,Fakemon_Festival_Full
CROSS_SOURCE_EXACT_DUPLICATE,DS_CUSTOM_LIBRARY/packs/Festival_Misc/Misc/Fronts/Lavee.png,DS_CUSTOM_LIBRARY/packs/Fakemon_Festival_Full/Fakemon Festival Pack/Misc/Fronts/Lavee.png,9e4feda116e8795c50b57aefeaadcc68935c62d1c0d80c8ba5b55c897950eda5,Festival_Misc,Fakemon_Festival_Full
CROSS_SOURCE_EXACT_DUPLICATE,DS_CUSTOM_LIBRARY/packs/Festival_Misc/Misc/Fronts/480_1f.png,DS_CUSTOM_LIBRARY/packs/Fakemon_Festival_Full/Fakemon Festival Pack/Misc/Fronts/480_1f.png,a01b912a43f8feb590d3b17ce1f93c195adae266e37d1b35d3bdd51d1a7b4be3,Festival_Misc,Fakemon_Festival_Full
CROSS_SOURCE_EXACT_DUPLICATE,DS_CUSTOM_LIBRARY/packs/Festival_Misc/Misc/Fronts/Mega Machamp.png,DS_CUSTOM_LIBRARY/packs/Fakemon_Festival_Full/Fakemon Festival Pack/Misc/Fronts/Mega Machamp.png,caee34729aeb5f66e1a59c76ffc2706dc299913daae43830140d9a9ae44944c1,Festival_Misc,Fakemon_Festival_Full
CROSS_SOURCE_EXACT_DUPLICATE,DS_CUSTOM_LIBRARY/packs/Festival_Misc/Misc/Fronts/429_1f.png,DS_CUSTOM_LIBRARY/packs/Fakemon_Festival_Full/Fakemon Festival Pack/Misc/Fronts/429_1f.png,bc8d3cb2e6d62b267ccd4ed47a86d53799eb1408b55b5176434b815a8bc049cf,Festival_Misc,Fakemon_Festival_Full
CROSS_SOURCE_EXACT_DUPLICATE,DS_CUSTOM_LIBRARY/packs/Festival_Misc/Misc/Fronts/KangaF.png,DS_CUSTOM_LIBRARY/packs/Fakemon_Festival_Full/Fakemon Festival Pack/Misc/Fronts/KangaF.png,6f53eee168c1afffeab7cd4a189b4e90c4f5300ffb2d028cad4e94657fbcb5d8,Festival_Misc,Fakemon_Festival_Full
CROSS_SOURCE_EXACT_DUPLICATE,DS_CUSTOM_LIBRARY/packs/Festival_Misc/Misc/Fronts/479s_6.png,DS_CUSTOM_LIBRARY/packs/Fakemon_Festival_Full/Fakemon Festival Pack/Misc/Fronts/479s_6.png,f90191f18519ebc4e3f2e93d40d10a6f1065956407734d2a0b6b3e12fefb5bbd,Festival_Misc,Fakemon_Festival_Full
CROSS_SOURCE_EXACT_DUPLICATE,DS_CUSTOM_LIBRARY/packs/Festival_Misc/Misc/Fronts/Trantima.png,DS_CUSTOM_LIBRARY/packs/Fakemon_Festival_Full/Fakemon Festival Pack/Misc/Fronts/Trantima.png,4a92e49f2949e6e8d8764dedc8ab223abe8c55e5168a22b3d5716a2244a2fff7,Festival_Misc,Fakemon_Festival_Full
CROSS_SOURCE_EXACT_DUPLICATE,DS_CUSTOM_LIBRARY/packs/Festival_Misc/Misc/Fronts/Mawile.png,DS_CUSTOM_LIBRARY/packs/Fakemon_Festival_Full/Fakemon Festival Pack/Misc/Fronts/Mawile.png,de84d8c2c55a93c8f727ec33db1f2d7d8cf40b06d794e38b518f68bc1d91cba1,Festival_Misc,Fakemon_Festival_Full
CROSS_SOURCE_EXACT_DUPLICATE,DS_CUSTOM_LIBRARY/packs/Festival_Misc/Misc/Fronts/Dredrock.png,DS_CUSTOM_LIBRARY/packs/Fakemon_Festival_Full/Fakemon Festival Pack/Misc/Fronts/Dredrock.png,f2427961abd8307ef818244f498772000d4b2a8f6e2b497cababd064884e6484,Festival_Misc,Fakemon_Festival_Full
CROSS_SOURCE_EXACT_DUPLICATE,DS_CUSTOM_LIBRARY/packs/Festival_Misc/Misc/Fronts/PilfetchFront.png,DS_CUSTOM_LIBRARY/packs/Fakemon_Festival_Full/Fakemon Festival Pack/Misc/Fronts/PilfetchFront.png,9d8b56aa5efa828b9655848bc3035e8adb3b7619caea1e401931dfdd638a1697,Festival_Misc,Fakemon_Festival_Full
CROSS_SOURCE_EXACT_DUPLICATE,DS_CUSTOM_LIBRARY/packs/Festival_Misc/Misc/Fronts/Deember.png,DS_CUSTOM_LIBRARY/packs/Fakemon_Festival_Full/Fakemon Festival Pack/Misc/Fronts/Deember.png,956a5a213e31bbec311b1c3819cccbc96e30722c6de262329777c6620f0bac23,Festival_Misc,Fakemon_Festival_Full
CROSS_SOURCE_EXACT_DUPLICATE,DS_CUSTOM_LIBRARY/packs/Festival_Misc/Misc/Fronts/Xapling.png,DS_CUSTOM_LIBRARY/packs/Fakemon_Festival_Full/Fakemon Festival Pack/Misc/Fronts/Xapling.png,4017e545323ceb763f4839a295a73634c9f99eaee073a9c864a987b02006e2db,Festival_Misc,Fakemon_Festival_Full
CROSS_SOURCE_EXACT_DUPLICATE,DS_CUSTOM_LIBRARY/packs/Festival_Misc/Misc/Fronts/Capricorn.png,DS_CUSTOM_LIBRARY/packs/Fakemon_Festival_Full/Fakemon Festival Pack/Misc/Fronts/Capricorn.png,8c7a90cd96fb7508f4dd3308849e7fd936728110668978a85e930db03fab4bf4,Festival_Misc,Fakemon_Festival_Full
CROSS_SOURCE_EXACT_DUPLICATE,DS_CUSTOM_LIBRARY/packs/Festival_Misc/Misc/Fronts/Tekagon.png,DS_CUSTOM_LIBRARY/packs/Fakemon_Festival_Full/Fakemon Festival Pack/Misc/Fronts/Tekagon.png,058995d48d84a8686e483e61df07570e96d57e2fd02a251db7d10d75494fbe47,Festival_Misc,Fakemon_Festival_Full
CROSS_SOURCE_EXACT_DUPLICATE,DS_CUSTOM_LIBRARY/packs/Festival_Misc/Misc/Fronts/KangaSF.png,DS_CUSTOM_LIBRARY/packs/Fakemon_Festival_Full/Fakemon Festival Pack/Misc/Fronts/KangaSF.png,e8043e0d0fae1e35ca64395528f50eb4746df71fb80eea646be84165415504c1,Festival_Misc,Fakemon_Festival_Full
CROSS_SOURCE_EXACT_DUPLICATE,DS_CUSTOM_LIBRARY/packs/Festival_Misc/Misc/Fronts/479_6.png,DS_CUSTOM_LIBRARY/packs/Fakemon_Festival_Full/Fakemon Festival Pack/Misc/Fronts/479_6.png,ef81816143a070d5ff5a047041f427061fcf1b46977b04451f354b922d1af955,Festival_Misc,Fakemon_Festival_Full
CROSS_SOURCE_EXACT_DUPLICATE,DS_CUSTOM_LIBRARY/packs/Festival_Misc/Misc/Fronts/Mega Barbaracle.png,DS_CUSTOM_LIBRARY/packs/Fakemon_Festival_Full/Fakemon Festival Pack/Misc/Fronts/Mega Barbaracle.png,13e11dc9786ae945b5fa5c6ef933563cb7b0a489447eed955dca0b7c1e04e443,Festival_Misc,Fakemon_Festival_Full
CROSS_SOURCE_EXACT_DUPLICATE,DS_CUSTOM_LIBRARY/packs/Festival_Misc/Misc/Fronts/560_1f.png,DS_CUSTOM_LIBRARY/packs/Fakemon_Festival_Full/Fakemon Festival Pack/Misc/Fronts/560_1f.png,6fcbcbc4d20e14c13472406e2e24423266ed3f7ecda8e67f6416c2526451c3b6,Festival_Misc,Fakemon_Festival_Full
CROSS_SOURCE_EXACT_DUPLICATE,DS_CUSTOM_LIBRARY/packs/Festival_Misc/Misc/Fronts/Baulder.png,DS_CUSTOM_LIBRARY/packs/Fakemon_Festival_Full/Fakemon Festival Pack/Misc/Fronts/Baulder.png,4b70a9dbbb7323ebbb17c9d93f8f698b0e4dd4d6298dd45dff2b49174e86114b,Festival_Misc,Fakemon_Festival_Full
CROSS_SOURCE_EXACT_DUPLICATE,DS_CUSTOM_LIBRARY/packs/Festival_Misc/Misc/Fronts/Crusect.png,DS_CUSTOM_LIBRARY/packs/Fakemon_Festival_Full/Fakemon Festival Pack/Misc/Fronts/Crusect.png,eb65a57f8b92cc674bea5f3d2eeb532822ef1bc3f7aa32552da2eb47d09a5e37,Festival_Misc,Fakemon_Festival_Full
CROSS_SOURCE_EXACT_DUPLICATE,DS_CUSTOM_LIBRARY/packs/Festival_Misc/Misc/Fronts/Lavare.png,DS_CUSTOM_LIBRARY/packs/Fakemon_Festival_Full/Fakemon Festival Pack/Misc/Fronts/Lavare.png,5bdfe8b002a71a9d47b34677add6e2de8457b0b2774a743bc9d149dac31627d7,Festival_Misc,Fakemon_Festival_Full
CROSS_SOURCE_EXACT_DUPLICATE,DS_CUSTOM_LIBRARY/packs/Festival_Misc/Misc/Fronts/Pansimi_shiny.png,DS_CUSTOM_LIBRARY/packs/Fakemon_Festival_Full/Fakemon Festival Pack/Misc/Fronts/Pansimi_shiny.png,2cb861bdf9485b23e5ffa05801dbc4c00ddbf2183df7cd63644ec3bfe7a54a65,Festival_Misc,Fakemon_Festival_Full
CROSS_SOURCE_EXACT_DUPLICATE,DS_CUSTOM_LIBRARY/packs/Festival_Misc/Misc/Fronts/059_1f.png,DS_CUSTOM_LIBRARY/packs/Fakemon_Festival_Full/Fakemon Festival Pack/Misc/Fronts/059_1f.png,8a971ba431bd2fa7b22ae216c112343b4746f2da2d016366f505b560d8e1201d,Festival_Misc,Fakemon_Festival_Full
CROSS_SOURCE_EXACT_DUPLICATE,DS_CUSTOM_LIBRARY/packs/Festival_Misc/Misc/Fronts/CriminalisFront.png,DS_CUSTOM_LIBRARY/packs/Fakemon_Festival_Full/Fakemon Festival Pack/Misc/Fronts/CriminalisFront.png,13b7980961a0a40dcc8ff6ae6401c22c6b9d5dc93b9d85592b397f39350e4b8f,Festival_Misc,Fakemon_Festival_Full
CROSS_SOURCE_EXACT_DUPLICATE,DS_CUSTOM_LIBRARY/packs/Festival_Misc/Misc/Fronts/MawileS.png,DS_CUSTOM_LIBRARY/packs/Fakemon_Festival_Full/Fakemon Festival Pack/Misc/Fronts/MawileS.png,9b90057f431463ce77585e7607fba8626720bc5ef437ebc2a79e9aa4f0c902c6,Festival_Misc,Fakemon_Festival_Full
CROSS_SOURCE_EXACT_DUPLICATE,DS_CUSTOM_LIBRARY/packs/Festival_Misc/Misc/Fronts/Nymbi.png,DS_CUSTOM_LIBRARY/packs/Fakemon_Festival_Full/Fakemon Festival Pack/Misc/Fronts/Nymbi.png,cb7994c2ac24238940b017948240f48ce295bac59400ddb9aaf9c2d8948466c5,Festival_Misc,Fakemon_Festival_Full
CROSS_SOURCE_EXACT_DUPLICATE,DS_CUSTOM_LIBRARY/packs/Festival_Misc/Misc/Fronts/Crator.png,DS_CUSTOM_LIBRARY/packs/Fakemon_Festival_Full/Fakemon Festival Pack/Misc/Fronts/Crator.png,f6dd95477680581726a60010f658235da49b2e2c80778b2c6ba7771032617569,Festival_Misc,Fakemon_Festival_Full
CROSS_SOURCE_EXACT_DUPLICATE,DS_CUSTOM_LIBRARY/packs/Festival_Misc/Misc/Backs/351b_4.png,DS_CUSTOM_LIBRARY/packs/Fakemon_Festival_Full/Fakemon Festival Pack/Misc/Backs/351b_4.png,239894de68c605336f7847684525dc999e25ab1c7882d39d2af98f0808daebf3,Festival_Misc,Fakemon_Festival_Full
CROSS_SOURCE_EXACT_DUPLICATE,DS_CUSTOM_LIBRARY/packs/Festival_Misc/Misc/Backs/SableyeB.png,DS_CUSTOM_LIBRARY/packs/Fakemon_Festival_Full/Fakemon Festival Pack/Misc/Backs/SableyeB.png,fdb38192c6aaf1d22606e2b094eb5e2c86f70f719258f6a6a10bb404f1222901,Festival_Misc,Fakemon_Festival_Full
CROSS_SOURCE_EXACT_DUPLICATE,DS_CUSTOM_LIBRARY/packs/Festival_Misc/Misc/Backs/429_1b.png,DS_CUSTOM_LIBRARY/packs/Fakemon_Festival_Full/Fakemon Festival Pack/Misc/Backs/429_1b.png,9d71ace34ec0a729db22ad207d29baf0e7db3479fd3987f22821a6f15c0e3720,Festival_Misc,Fakemon_Festival_Full
CROSS_SOURCE_EXACT_DUPLICATE,DS_CUSTOM_LIBRARY/packs/Festival_Misc/Misc/Backs/KangaB.png,DS_CUSTOM_LIBRARY/packs/Fakemon_Festival_Full/Fakemon Festival Pack/Misc/Backs/KangaB.png,0967e7eda30981b75d1ecbe6de2c82357f1073d26f6db93924e177b86645652c,Festival_Misc,Fakemon_Festival_Full
CROSS_SOURCE_EXACT_DUPLICATE,DS_CUSTOM_LIBRARY/packs/Festival_Misc/Misc/Backs/059_1b.png,DS_CUSTOM_LIBRARY/packs/Fakemon_Festival_Full/Fakemon Festival Pack/Misc/Backs/059_1b.png,a85ed61ea9b02730eb4e71c122a58c54cedc9d271626124be974edb83d74d71c,Festival_Misc,Fakemon_Festival_Full
CROSS_SOURCE_EXACT_DUPLICATE,DS_CUSTOM_LIBRARY/packs/Festival_Misc/Misc/Backs/Mega Barbaracle_back shiny.png,DS_CUSTOM_LIBRARY/packs/Fakemon_Festival_Full/Fakemon Festival Pack/Misc/Backs/Mega Barbaracle_back shiny.png,fffca7a74365c1e0094cb0b0b288e53490b43a500b988fe31818f1027304bf0e,Festival_Misc,Fakemon_Festival_Full
CROSS_SOURCE_EXACT_DUPLICATE,DS_CUSTOM_LIBRARY/packs/Festival_Misc/Misc/Backs/480_1b.png,DS_CUSTOM_LIBRARY/packs/Fakemon_Festival_Full/Fakemon Festival Pack/Misc/Backs/480_1b.png,2fbe7adc734a9b26a8c6a0beb3d3880dfd5d449854e2183159c3383c5f504ed1,Festival_Misc,Fakemon_Festival_Full
CROSS_SOURCE_EXACT_DUPLICATE,DS_CUSTOM_LIBRARY/packs/Festival_Misc/Misc/Backs/Pansimi_back.png,DS_CUSTOM_LIBRARY/packs/Fakemon_Festival_Full/Fakemon Festival Pack/Misc/Backs/Pansimi_back.png,3a314d1985c53f7f20cca2673617889a5bb5f8dfacff5e02d7c7a838a162f8d4,Festival_Misc,Fakemon_Festival_Full
CROSS_SOURCE_EXACT_DUPLICATE,DS_CUSTOM_LIBRARY/packs/Festival_Misc/Misc/Backs/Pansimi_back shiny.png,DS_CUSTOM_LIBRARY/packs/Fakemon_Festival_Full/Fakemon Festival Pack/Misc/Backs/Pansimi_back shiny.png,d28095040e7d7c21ed0da954b3392220bbb3e6e247660f6787373e63c38c7059,Festival_Misc,Fakemon_Festival_Full
CROSS_SOURCE_EXACT_DUPLICATE,DS_CUSTOM_LIBRARY/packs/Festival_Misc/Misc/Backs/KangaSB.png,DS_CUSTOM_LIBRARY/packs/Fakemon_Festival_Full/Fakemon Festival Pack/Misc/Backs/KangaSB.png,88f7b03e81cec82c3df80e056559d9dd9d5e9f0b83261c1a06572a9099d7f9b0,Festival_Misc,Fakemon_Festival_Full
CROSS_SOURCE_EXACT_DUPLICATE,DS_CUSTOM_LIBRARY/packs/Festival_Misc/Misc/Backs/MawileB.png,DS_CUSTOM_LIBRARY/packs/Fakemon_Festival_Full/Fakemon Festival Pack/Misc/Backs/MawileB.png,8eb57f93533513a7fa8b70b53b048ea908ccd9275e56c4ce9ea8059b002d432d,Festival_Misc,Fakemon_Festival_Full
CROSS_SOURCE_EXACT_DUPLICATE,DS_CUSTOM_LIBRARY/packs/Festival_Misc/Misc/Backs/Mega Barbaracle_back.png,DS_CUSTOM_LIBRARY/packs/Fakemon_Festival_Full/Fakemon Festival Pack/Misc/Backs/Mega Barbaracle_back.png,fc1ebdc341cc684f9aaa3a591805586e13f53461a570330230235cfdf08aad47,Festival_Misc,Fakemon_Festival_Full
CROSS_SOURCE_EXACT_DUPLICATE,DS_CUSTOM_LIBRARY/packs/Festival_Misc/Misc/Backs/CriminalisBack.png,DS_CUSTOM_LIBRARY/packs/Fakemon_Festival_Full/Fakemon Festival Pack/Misc/Backs/CriminalisBack.png,8f591dc9aa888885ec5922492100e059a58d7065e31ca45a0873d9b317298611,Festival_Misc,Fakemon_Festival_Full
CROSS_SOURCE_EXACT_DUPLICATE,DS_CUSTOM_LIBRARY/packs/Festival_Misc/Misc/Backs/PilfetchBack.png,DS_CUSTOM_LIBRARY/packs/Fakemon_Festival_Full/Fakemon Festival Pack/Misc/Backs/PilfetchBack.png,0f820cb1dbdb25e9c788141453073bf4cd413c2dfc368930b74d342ed832d2d9,Festival_Misc,Fakemon_Festival_Full
CROSS_SOURCE_EXACT_DUPLICATE,DS_CUSTOM_LIBRARY/packs/Festival_Misc/Misc/Backs/MawileSB.png,DS_CUSTOM_LIBRARY/packs/Fakemon_Festival_Full/Fakemon Festival Pack/Misc/Backs/MawileSB.png,56794e9dffba9f4818a274834c8982a603814b5379d5aab46f947f61f3c9fdc4,Festival_Misc,Fakemon_Festival_Full
CROSS_SOURCE_EXACT_DUPLICATE,DS_CUSTOM_LIBRARY/packs/Festival_Misc/Misc/Backs/560_1b.png,DS_CUSTOM_LIBRARY/packs/Fakemon_Festival_Full/Fakemon Festival Pack/Misc/Backs/560_1b.png,d25fc1c2d57affa57aaacbb68e7a988150954ef7bae47efefdedbf949a544676,Festival_Misc,Fakemon_Festival_Full
CROSS_SOURCE_EXACT_DUPLICATE,DS_CUSTOM_LIBRARY/packs/Festival_Misc/Misc/Backs/479b_6.png,DS_CUSTOM_LIBRARY/packs/Fakemon_Festival_Full/Fakemon Festival Pack/Misc/Backs/479b_6.png,7b1f88af5c480c11e12faa6ccb480305698a10be693e7a0dc1ec52e33a28d3d7,Festival_Misc,Fakemon_Festival_Full
CROSS_SOURCE_EXACT_DUPLICATE,DS_CUSTOM_LIBRARY/packs/Festival_Misc/Misc/Backs/479sb_6.png,DS_CUSTOM_LIBRARY/packs/Fakemon_Festival_Full/Fakemon Festival Pack/Misc/Backs/479sb_6.png,e0a38ee701195a9e2b75e65d44a6c70f10cb39eb6975c6dcd082aceeb6a26cd0,Festival_Misc,Fakemon_Festival_Full
CROSS_SOURCE_EXACT_DUPLICATE,DS_CUSTOM_LIBRARY/packs/Festival_Misc/Misc/Backs/SableyeSB.png,DS_CUSTOM_LIBRARY/packs/Fakemon_Festival_Full/Fakemon Festival Pack/Misc/Backs/SableyeSB.png,5984e676633837e0175f84ea15828de3a8c6ea2b54494ec1288a6ba93c205df6,Festival_Misc,Fakemon_Festival_Full
CROSS_SOURCE_EXACT_DUPLICATE,DS_CUSTOM_LIBRARY/packs/Festival_Misc/Misc/Icons/MawileIcon.png,DS_CUSTOM_LIBRARY/packs/Fakemon_Festival_Full/Fakemon Festival Pack/Misc/Icons/MawileIcon.png,6210219b17e5083128cff1fb3240176997ed1201c306d4a1420b4a0c20355aa9,Festival_Misc,Fakemon_Festival_Full
CROSS_SOURCE_EXACT_DUPLICATE,DS_CUSTOM_LIBRARY/packs/Festival_Misc/Misc/Icons/Kanga.png,DS_CUSTOM_LIBRARY/packs/Fakemon_Festival_Full/Fakemon Festival Pack/Misc/Icons/Kanga.png,c06c54cebf3cdbe66cb465fbc2bed7d1d0f5ebfa5eb3e93b6848935c8f230c6c,Festival_Misc,Fakemon_Festival_Full
CROSS_SOURCE_EXACT_DUPLICATE,DS_CUSTOM_LIBRARY/packs/Festival_Misc/Misc/Icons/icon480_1.png,DS_CUSTOM_LIBRARY/packs/Fakemon_Festival_Full/Fakemon Festival Pack/Misc/Icons/icon480_1.png,85a7805c726ca7794cb10dcc484892c6d31f522ec43b0d15330d3b1d3453d36c,Festival_Misc,Fakemon_Festival_Full
CROSS_SOURCE_EXACT_DUPLICATE,DS_CUSTOM_LIBRARY/packs/Festival_Misc/Misc/Icons/MawileSIcon.png,DS_CUSTOM_LIBRARY/packs/Fakemon_Festival_Full/Fakemon Festival Pack/Misc/Icons/MawileSIcon.png,4015cbae4536aba9360da9c330f06823cd505c274dd1cd36f9ed5b1732ad3ebb,Festival_Misc,Fakemon_Festival_Full
CROSS_SOURCE_EXACT_DUPLICATE,DS_CUSTOM_LIBRARY/packs/Festival_Misc/Misc/Icons/icon479_6.png,DS_CUSTOM_LIBRARY/packs/Fakemon_Festival_Full/Fakemon Festival Pack/Misc/Icons/icon479_6.png,57e38d4987fe46610cce2bd16f4de0a5e19f329d12adf60a862e24b1b8c1918a,Festival_Misc,Fakemon_Festival_Full
CROSS_SOURCE_EXACT_DUPLICATE,DS_CUSTOM_LIBRARY/packs/Festival_Misc/Misc/Icons/SableyeIcon.png,DS_CUSTOM_LIBRARY/packs/Fakemon_Festival_Full/Fakemon Festival Pack/Misc/Icons/SableyeIcon.png,4feaf4ba1f23b418d348d2b6800788fe4498534c68fecbf06efb3c6aca2986c7,Festival_Misc,Fakemon_Festival_Full
CROSS_SOURCE_EXACT_DUPLICATE,DS_CUSTOM_LIBRARY/packs/Festival_Misc/Misc/Icons/PilfetchIcon.png,DS_CUSTOM_LIBRARY/packs/Fakemon_Festival_Full/Fakemon Festival Pack/Misc/Icons/PilfetchIcon.png,f69a74b716f28b64719f3aa1bddaaf60d37468880e46c9623157bfc827df7ca0,Festival_Misc,Fakemon_Festival_Full
CROSS_SOURCE_EXACT_DUPLICATE,DS_CUSTOM_LIBRARY/packs/Festival_Misc/Misc/Icons/SableyeSIcon.png,DS_CUSTOM_LIBRARY/packs/Fakemon_Festival_Full/Fakemon Festival Pack/Misc/Icons/SableyeSIcon.png,0dbe88cbe07dfc2440fe5e846a36e43871981e07cbb5f7fe5c6faa9975ebde79,Festival_Misc,Fakemon_Festival_Full
CROSS_SOURCE_EXACT_DUPLICATE,DS_CUSTOM_LIBRARY/packs/Festival_Misc/Misc/Characters/480_1.png,DS_CUSTOM_LIBRARY/packs/Fakemon_Festival_Full/Fakemon Festival Pack/Misc/Characters/480_1.png,c17e21e6bb01cb0ac05e35570581dda1b4e7fde447b72ceb8b6dad4ce6484319,Festival_Misc,Fakemon_Festival_Full
CROSS_SOURCE_EXACT_DUPLICATE,DS_CUSTOM_LIBRARY/packs/Festival_Atsui/Atsui/Terminian Forms/Dusclops.png,DS_CUSTOM_LIBRARY/packs/Fakemon_Festival_Full/Fakemon Festival Pack/Atsui/Terminian Forms/Dusclops.png,e17ec2151ba5e0a25a7a4a09c791c83d83e090d186b40bf33d1a09116dba7c6c,Festival_Atsui,Fakemon_Festival_Full
CROSS_SOURCE_EXACT_DUPLICATE,DS_CUSTOM_LIBRARY/packs/Festival_Atsui/Atsui/Terminian Forms/Duscelle.png,DS_CUSTOM_LIBRARY/packs/Fakemon_Festival_Full/Fakemon Festival Pack/Atsui/Terminian Forms/Duscelle.png,caddb33a5c6d9ca51c82d5bb0beb16174c7c6c85bd8c5f248995595e28956469,Festival_Atsui,Fakemon_Festival_Full
CROSS_SOURCE_EXACT_DUPLICATE,DS_CUSTOM_LIBRARY/packs/Festival_Atsui/Atsui/Terminian Forms/Yamask_North.png,DS_CUSTOM_LIBRARY/packs/Fakemon_Festival_Full/Fakemon Festival Pack/Atsui/Terminian Forms/Yamask_North.png,d9ed56fff2f71487141e145b8b0e90755bfb33f091fdbe201734ffe3e9330f31,Festival_Atsui,Fakemon_Festival_Full
CROSS_SOURCE_EXACT_DUPLICATE,DS_CUSTOM_LIBRARY/packs/Festival_Atsui/Atsui/Terminian Forms/Cofagrigus_West.png,DS_CUSTOM_LIBRARY/packs/Fakemon_Festival_Full/Fakemon Festival Pack/Atsui/Terminian Forms/Cofagrigus_West.png,bd731d5e880e070b3a5e997befc2b0bf14d057cfae0f1c9642f8f86ccc6f06d6,Festival_Atsui,Fakemon_Festival_Full
CROSS_SOURCE_EXACT_DUPLICATE,DS_CUSTOM_LIBRARY/packs/Festival_Atsui/Atsui/Terminian Forms/Duskull.png,DS_CUSTOM_LIBRARY/packs/Fakemon_Festival_Full/Fakemon Festival Pack/Atsui/Terminian Forms/Duskull.png,49ade687bf1cd04071280cf59cacd7cd3a2258fd9afb33ca4309c92570e2f735,Festival_Atsui,Fakemon_Festival_Full
CROSS_SOURCE_EXACT_DUPLICATE,DS_CUSTOM_LIBRARY/packs/Festival_Atsui/Atsui/Terminian Forms/Cofagrigus_North.png,DS_CUSTOM_LIBRARY/packs/Fakemon_Festival_Full/Fakemon Festival Pack/Atsui/Terminian Forms/Cofagrigus_North.png,8e2b88d6ee68922b5481a6a696554946479de94b12120beb060968b3c67dc440,Festival_Atsui,Fakemon_Festival_Full
CROSS_SOURCE_EXACT_DUPLICATE,DS_CUSTOM_LIBRARY/packs/Festival_Atsui/Atsui/Terminian Forms/Onix.png,DS_CUSTOM_LIBRARY/packs/Fakemon_Festival_Full/Fakemon Festival Pack/Atsui/Terminian Forms/Onix.png,d299e7a733277581673451b36c99c2fab9c0448cf07787895b3742c8cf850509,Festival_Atsui,Fakemon_Festival_Full
CROSS_SOURCE_EXACT_DUPLICATE,DS_CUSTOM_LIBRARY/packs/Festival_Atsui/Atsui/Terminian Forms/Yamask_South.png,DS_CUSTOM_LIBRARY/packs/Fakemon_Festival_Full/Fakemon Festival Pack/Atsui/Terminian Forms/Yamask_South.png,a8d961d869b21fa7fd4c42c85a45fbf7576c4e1317ab52e9aaf7c3562d173b91,Festival_Atsui,Fakemon_Festival_Full
CROSS_SOURCE_EXACT_DUPLICATE,DS_CUSTOM_LIBRARY/packs/Festival_Atsui/Atsui/Terminian Forms/Yamask_West.png,DS_CUSTOM_LIBRARY/packs/Fakemon_Festival_Full/Fakemon Festival Pack/Atsui/Terminian Forms/Yamask_West.png,726aecabf8dc6a3684e9f1aac5f1de59990330ac4d82f0488cb698e966b3bd53,Festival_Atsui,Fakemon_Festival_Full
CROSS_SOURCE_EXACT_DUPLICATE,DS_CUSTOM_LIBRARY/packs/Festival_Atsui/Atsui/Terminian Forms/Grumpig.png,DS_CUSTOM_LIBRARY/packs/Fakemon_Festival_Full/Fakemon Festival Pack/Atsui/Terminian Forms/Grumpig.png,e720fa82e1133701b8fe614e04bac3f7314c6ff65188bf7879661846fc82eb04,Festival_Atsui,Fakemon_Festival_Full
CROSS_SOURCE_EXACT_DUPLICATE,DS_CUSTOM_LIBRARY/packs/Festival_Atsui/Atsui/Terminian Forms/Spoink_Blast.png,DS_CUSTOM_LIBRARY/packs/Fakemon_Festival_Full/Fakemon Festival Pack/Atsui/Terminian Forms/Spoink_Blast.png,7a6d1b274b1ee0e8427de4e591d9388ddff835db0702b3bfbbc37975f0e551a3,Festival_Atsui,Fakemon_Festival_Full
CROSS_SOURCE_EXACT_DUPLICATE,DS_CUSTOM_LIBRARY/packs/Festival_Atsui/Atsui/Terminian Forms/Rotom_Bombchu.png,DS_CUSTOM_LIBRARY/packs/Fakemon_Festival_Full/Fakemon Festival Pack/Atsui/Terminian Forms/Rotom_Bombchu.png,656dfd8d5a038c23e47ca4eed18c0d9d833fd9bfe277def6ae172e9a60ea8d85,Festival_Atsui,Fakemon_Festival_Full
CROSS_SOURCE_EXACT_DUPLICATE,DS_CUSTOM_LIBRARY/packs/Festival_Atsui/Atsui/Terminian Forms/Spoink.png,DS_CUSTOM_LIBRARY/packs/Fakemon_Festival_Full/Fakemon Festival Pack/Atsui/Terminian Forms/Spoink.png,75613cd27498ef36101617924688e55054f6a61cf1cd7a80ce5a92a9178f5d3c,Festival_Atsui,Fakemon_Festival_Full
CROSS_SOURCE_EXACT_DUPLICATE,DS_CUSTOM_LIBRARY/packs/Festival_Atsui/Atsui/Terminian Forms/Spiritomb.png,DS_CUSTOM_LIBRARY/packs/Fakemon_Festival_Full/Fakemon Festival Pack/Atsui/Terminian Forms/Spiritomb.png,aac0e5e2281def2383e4a00680fc1f036761b158a0ed8afe6ce3ebb181829489,Festival_Atsui,Fakemon_Festival_Full
CROSS_SOURCE_EXACT_DUPLICATE,DS_CUSTOM_LIBRARY/packs/Festival_Atsui/Atsui/Terminian Forms/Malix.png,DS_CUSTOM_LIBRARY/packs/Fakemon_Festival_Full/Fakemon Festival Pack/Atsui/Terminian Forms/Malix.png,4d3ee44bdc1b902436fbbf9b3f15818ddae87796d74b27baf548e3e0ad9490a7,Festival_Atsui,Fakemon_Festival_Full
CROSS_SOURCE_EXACT_DUPLICATE,DS_CUSTOM_LIBRARY/packs/Festival_Atsui/Atsui/Terminian Forms/Mimikyu.png,DS_CUSTOM_LIBRARY/packs/Fakemon_Festival_Full/Fakemon Festival Pack/Atsui/Terminian Forms/Mimikyu.png,db3288a7ea764166fb2f790322e5a3963bb1e24f0e86c1e95ef85494e5e5505b,Festival_Atsui,Fakemon_Festival_Full
CROSS_SOURCE_EXACT_DUPLICATE,DS_CUSTOM_LIBRARY/packs/Festival_Atsui/Atsui/Terminian Forms/Yamask_Maskless.png,DS_CUSTOM_LIBRARY/packs/Fakemon_Festival_Full/Fakemon Festival Pack/Atsui/Terminian Forms/Yamask_Maskless.png,8670f41def483106a87c104e09b07b140552ee1dc1267130a802b4b9038f923d,Festival_Atsui,Fakemon_Festival_Full
CROSS_SOURCE_EXACT_DUPLICATE,DS_CUSTOM_LIBRARY/packs/Festival_Atsui/Atsui/Terminian Forms/Mr. Mime.png,DS_CUSTOM_LIBRARY/packs/Fakemon_Festival_Full/Fakemon Festival Pack/Atsui/Terminian Forms/Mr. Mime.png,c8d19f49fc7d166b9eef68b1e221f4180ab7f437363d335e4624c05c687e91f2,Festival_Atsui,Fakemon_Festival_Full
CROSS_SOURCE_EXACT_DUPLICATE,DS_CUSTOM_LIBRARY/packs/Festival_Atsui/Atsui/Terminian Forms/Magcargo.png,DS_CUSTOM_LIBRARY/packs/Fakemon_Festival_Full/Fakemon Festival Pack/Atsui/Terminian Forms/Magcargo.png,7ce964f3a1738bf2e36666ffe8da53420a383e11eaad21482a3de6f96c2e2c2c,Festival_Atsui,Fakemon_Festival_Full
CROSS_SOURCE_EXACT_DUPLICATE,DS_CUSTOM_LIBRARY/packs/Festival_Atsui/Atsui/Terminian Forms/Cofagrigus_South.png,DS_CUSTOM_LIBRARY/packs/Fakemon_Festival_Full/Fakemon Festival Pack/Atsui/Terminian Forms/Cofagrigus_South.png,bd02a6edf289d20b1afde44af4e9afeb6a7b1576ea44f83df3c011ced570dc42,Festival_Atsui,Fakemon_Festival_Full
CROSS_SOURCE_EXACT_DUPLICATE,DS_CUSTOM_LIBRARY/packs/Festival_Atsui/Atsui/Terminian Forms/Ikanarigus.png,DS_CUSTOM_LIBRARY/packs/Fakemon_Festival_Full/Fakemon Festival Pack/Atsui/Terminian Forms/Ikanarigus.png,29077c455c8e7bcfaf94e5f92685c2290a0fd10d06905e0128cbcb5f42e9ec8e,Festival_Atsui,Fakemon_Festival_Full
CROSS_SOURCE_EXACT_DUPLICATE,DS_CUSTOM_LIBRARY/packs/Festival_Atsui/Atsui/Pokemon/Front/WOOPER_1.png,DS_CUSTOM_LIBRARY/packs/Fakemon_Festival_Full/Fakemon Festival Pack/Atsui/Pokemon/Front/WOOPER_1.png,b617aad6c3665d4118eb606d35f250997532c8b94bf37c3ffb8182eab4958fb5,Festival_Atsui,Fakemon_Festival_Full
CROSS_SOURCE_EXACT_DUPLICATE,DS_CUSTOM_LIBRARY/packs/Festival_Atsui/Atsui/Pokemon/Front/CARVA.png,DS_CUSTOM_LIBRARY/packs/Fakemon_Festival_Full/Fakemon Festival Pack/Atsui/Pokemon/Front/CARVA.png,ff761092ab7705cf5007389f1ef332a512cd2d38531db77733430aab8a161eb7,Festival_Atsui,Fakemon_Festival_Full
CROSS_SOURCE_EXACT_DUPLICATE,DS_CUSTOM_LIBRARY/packs/Festival_Atsui/Atsui/Pokemon/Front/LUVDISC_1.png,DS_CUSTOM_LIBRARY/packs/Fakemon_Festival_Full/Fakemon Festival Pack/Atsui/Pokemon/Front/LUVDISC_1.png,017840e48f69e1b549ae3b3225daafd223ccdca35453d9606b5f22a03a8224f1,Festival_Atsui,Fakemon_Festival_Full
CROSS_SOURCE_EXACT_DUPLICATE,DS_CUSTOM_LIBRARY/packs/Festival_Atsui/Atsui/Pokemon/Front/HOTUNG.png,DS_CUSTOM_LIBRARY/packs/Fakemon_Festival_Full/Fakemon Festival Pack/Atsui/Pokemon/Front/HOTUNG.png,040c4b731de360f7c0ae90a280fbda8a3c29d4af06ddb0036db1c6d160188c08,Festival_Atsui,Fakemon_Festival_Full
CROSS_SOURCE_EXACT_DUPLICATE,DS_CUSTOM_LIBRARY/packs/Festival_Atsui/Atsui/Pokemon/Front/PUDDILICK_1.png,DS_CUSTOM_LIBRARY/packs/Fakemon_Festival_Full/Fakemon Festival Pack/Atsui/Pokemon/Front/PUDDILICK_1.png,1bcd1becc34ae680bacb77fe19f6e4f06bde540667eabdc8983158580ce205aa,Festival_Atsui,Fakemon_Festival_Full
CROSS_SOURCE_EXACT_DUPLICATE,DS_CUSTOM_LIBRARY/packs/Festival_Atsui/Atsui/Pokemon/Front/BELLSCROP.png,DS_CUSTOM_LIBRARY/packs/Fakemon_Festival_Full/Fakemon Festival Pack/Atsui/Pokemon/Front/BELLSCROP.png,6491c765ffc776c242143412e23cdefd61df099e018ec4c14f4d73224b66ffa2,Festival_Atsui,Fakemon_Festival_Full
CROSS_SOURCE_EXACT_DUPLICATE,DS_CUSTOM_LIBRARY/packs/Festival_Atsui/Atsui/Pokemon/Front/EXEGGCUTOR_1.png,DS_CUSTOM_LIBRARY/packs/Fakemon_Festival_Full/Fakemon Festival Pack/Atsui/Pokemon/Front/EXEGGCUTOR_1.png,5dd87618b2b3cff32ba46eb4c055b75a2c0f08ab0b777de1e45510557be2f8c9,Festival_Atsui,Fakemon_Festival_Full
CROSS_SOURCE_EXACT_DUPLICATE,DS_CUSTOM_LIBRARY/packs/Festival_Atsui/Atsui/Pokemon/Front/ROSELING.png,DS_CUSTOM_LIBRARY/packs/Fakemon_Festival_Full/Fakemon Festival Pack/Atsui/Pokemon/Front/ROSELING.png,d14b41b268f180814e80953a97929161eac2766c8867e8e5adf118a8e84c0932,Festival_Atsui,Fakemon_Festival_Full
CROSS_SOURCE_EXACT_DUPLICATE,DS_CUSTOM_LIBRARY/packs/Festival_Atsui/Atsui/Pokemon/Front/AXOLAVA.png,DS_CUSTOM_LIBRARY/packs/Fakemon_Festival_Full/Fakemon Festival Pack/Atsui/Pokemon/Front/AXOLAVA.png,2d207f8684cd39624473d49968e75582e35294c91faf3b36bad52a70815d60e7,Festival_Atsui,Fakemon_Festival_Full
CROSS_SOURCE_EXACT_DUPLICATE,DS_CUSTOM_LIBRARY/packs/Festival_Atsui/Atsui/Pokemon/Front/UNNAMEDQUILFISHEVO.png,DS_CUSTOM_LIBRARY/packs/Fakemon_Festival_Full/Fakemon Festival Pack/Atsui/Pokemon/Front/UNNAMEDQUILFISHEVO.png,4d69e30a8661c7822af6d5524b432dbc22dbdb78f6f683abcd37d4b4af74fa0f,Festival_Atsui,Fakemon_Festival_Full
CROSS_SOURCE_EXACT_DUPLICATE,DS_CUSTOM_LIBRARY/packs/Festival_Atsui/Atsui/Pokemon/Front/LAPOD.png,DS_CUSTOM_LIBRARY/packs/Fakemon_Festival_Full/Fakemon Festival Pack/Atsui/Pokemon/Front/LAPOD.png,7de87bcf659c70a19c30dbf6f20b7a05699a08d78a4e81c111386c4903109495,Festival_Atsui,Fakemon_Festival_Full
CROSS_SOURCE_EXACT_DUPLICATE,DS_CUSTOM_LIBRARY/packs/Festival_Atsui/Atsui/Pokemon/Front/NOCTOWL_1.png,DS_CUSTOM_LIBRARY/packs/Fakemon_Festival_Full/Fakemon Festival Pack/Atsui/Pokemon/Front/NOCTOWL_1.png,2cf2996acd25229de549c3e0349eedb0c94b89dfa39e922bfff07f0fc457cf9d,Festival_Atsui,Fakemon_Festival_Full
CROSS_SOURCE_EXACT_DUPLICATE,DS_CUSTOM_LIBRARY/packs/Festival_Atsui/Atsui/Pokemon/Front/GOODRA_1.png,DS_CUSTOM_LIBRARY/packs/Fakemon_Festival_Full/Fakemon Festival Pack/Atsui/Pokemon/Front/GOODRA_1.png,182ae08ef8b0a0681cd8a2784044a85a77c23794a81f4739389ee34d14faa631,Festival_Atsui,Fakemon_Festival_Full
CROSS_SOURCE_EXACT_DUPLICATE,DS_CUSTOM_LIBRARY/packs/Festival_Atsui/Atsui/Pokemon/Front/SHORELORN.png,DS_CUSTOM_LIBRARY/packs/Fakemon_Festival_Full/Fakemon Festival Pack/Atsui/Pokemon/Front/SHORELORN.png,8af147588802b0a602b84040953f1e0f9ba45fb25827228c94d85d60f2e72a21,Festival_Atsui,Fakemon_Festival_Full
CROSS_SOURCE_EXACT_DUPLICATE,DS_CUSTOM_LIBRARY/packs/Festival_Atsui/Atsui/Pokemon/Front/DROWZEE_1.png,DS_CUSTOM_LIBRARY/packs/Fakemon_Festival_Full/Fakemon Festival Pack/Atsui/Pokemon/Front/DROWZEE_1.png,795755cbd6a4cfb74ce93cc9fe8a8a61767ca478cef0a61df7a19e244d003c53,Festival_Atsui,Fakemon_Festival_Full
CROSS_SOURCE_EXACT_DUPLICATE,DS_CUSTOM_LIBRARY/packs/Festival_Atsui/Atsui/Pokemon/Front/PUDDILICK_2.png,DS_CUSTOM_LIBRARY/packs/Fakemon_Festival_Full/Fakemon Festival Pack/Atsui/Pokemon/Front/PUDDILICK_2.png,8f4bea645e2efd6712870c301b36289c43c4a819e3d6263a66ae53eb0b712791,Festival_Atsui,Fakemon_Festival_Full
CROSS_SOURCE_EXACT_DUPLICATE,DS_CUSTOM_LIBRARY/packs/Festival_Atsui/Atsui/Pokemon/Front/SCRUFFALO.png,DS_CUSTOM_LIBRARY/packs/Fakemon_Festival_Full/Fakemon Festival Pack/Atsui/Pokemon/Front/SCRUFFALO.png,cfa8a4484b857035a66daf279763a90f2ce971d87c87a97c8ec5c3e5d4c38397,Festival_Atsui,Fakemon_Festival_Full
CROSS_SOURCE_EXACT_DUPLICATE,DS_CUSTOM_LIBRARY/packs/Festival_Atsui/Atsui/Pokemon/Front/GRYPHLIT.png,DS_CUSTOM_LIBRARY/packs/Fakemon_Festival_Full/Fakemon Festival Pack/Atsui/Pokemon/Front/GRYPHLIT.png,97277325da1b1b3f4d0c29f106476ac428b9c3713bf56dd96cf5bda3e644b126,Festival_Atsui,Fakemon_Festival_Full
CROSS_SOURCE_EXACT_DUPLICATE,DS_CUSTOM_LIBRARY/packs/Festival_Atsui/Atsui/Pokemon/Front/CHARIZARD_3.png,DS_CUSTOM_LIBRARY/packs/Fakemon_Festival_Full/Fakemon Festival Pack/Atsui/Pokemon/Front/CHARIZARD_3.png,e8cfea3d002d5a00a378e51ba9a6805464ebede15f33fd408d0b2f0e8d5e098c,Festival_Atsui,Fakemon_Festival_Full
CROSS_SOURCE_EXACT_DUPLICATE,DS_CUSTOM_LIBRARY/packs/Festival_Atsui/Atsui/Pokemon/Front/LADRAKE.png,DS_CUSTOM_LIBRARY/packs/Fakemon_Festival_Full/Fakemon Festival Pack/Atsui/Pokemon/Front/LADRAKE.png,bdf150a380624aff975f86ceabe92a7e4392550b3942a9a1fbb632a7d3d10708,Festival_Atsui,Fakemon_Festival_Full
CROSS_SOURCE_EXACT_DUPLICATE,DS_CUSTOM_LIBRARY/packs/Festival_Atsui/Atsui/Pokemon/Front/CHARMELEON_3.png,DS_CUSTOM_LIBRARY/packs/Fakemon_Festival_Full/Fakemon Festival Pack/Atsui/Pokemon/Front/CHARMELEON_3.png,0e759395ce77363dffbb011c3b444d87f45c684fffc45107b4de2ebb1a56c809,Festival_Atsui,Fakemon_Festival_Full
CROSS_SOURCE_EXACT_DUPLICATE,DS_CUSTOM_LIBRARY/packs/Festival_Atsui/Atsui/Pokemon/Front/HOPPOT.png,DS_CUSTOM_LIBRARY/packs/Fakemon_Festival_Full/Fakemon Festival Pack/Atsui/Pokemon/Front/HOPPOT.png,d951da26b5bbf2e6fe2bae5b2382af464b012d1636a7df83fba4cf572dcfd8ea,Festival_Atsui,Fakemon_Festival_Full
CROSS_SOURCE_EXACT_DUPLICATE,DS_CUSTOM_LIBRARY/packs/Festival_Atsui/Atsui/Pokemon/Front/ROTOM_6.png,DS_CUSTOM_LIBRARY/packs/Fakemon_Festival_Full/Fakemon Festival Pack/Atsui/Pokemon/Front/ROTOM_6.png,f173b23b581329e563017c12b58f913e8dfe3b7f8472e02a758b35906b9ed0fb,Festival_Atsui,Fakemon_Festival_Full
CROSS_SOURCE_EXACT_DUPLICATE,DS_CUSTOM_LIBRARY/packs/Festival_Atsui/Atsui/Pokemon/Front/CRYSCROSS.png,DS_CUSTOM_LIBRARY/packs/Fakemon_Festival_Full/Fakemon Festival Pack/Atsui/Pokemon/Front/CRYSCROSS.png,246d13ed372e0ded61dca61a0d9e8e7b6cf1194253bfb78b7ea821a5a32432e6,Festival_Atsui,Fakemon_Festival_Full
CROSS_SOURCE_EXACT_DUPLICATE,DS_CUSTOM_LIBRARY/packs/Festival_Atsui/Atsui/Pokemon/Front/SUNNYDRA.png,DS_CUSTOM_LIBRARY/packs/Fakemon_Festival_Full/Fakemon Festival Pack/Atsui/Pokemon/Front/SUNNYDRA.png,2d8c6693fd4512751d75e212fb2fb5786de9e6a085896bac7fd56d08bb0ce0e6,Festival_Atsui,Fakemon_Festival_Full
CROSS_SOURCE_EXACT_DUPLICATE,DS_CUSTOM_LIBRARY/packs/Festival_Atsui/Atsui/Pokemon/Front/RAMPTOPS.png,DS_CUSTOM_LIBRARY/packs/Fakemon_Festival_Full/Fakemon Festival Pack/Atsui/Pokemon/Front/RAMPTOPS.png,07ad258fa87e511a73ebafcdac53a0dde23f01141944619fcd1c7d2a573d4836,Festival_Atsui,Fakemon_Festival_Full
CROSS_SOURCE_EXACT_DUPLICATE,DS_CUSTOM_LIBRARY/packs/Festival_Atsui/Atsui/Pokemon/Front/DUNSPEAR.png,DS_CUSTOM_LIBRARY/packs/Fakemon_Festival_Full/Fakemon Festival Pack/Atsui/Pokemon/Front/DUNSPEAR.png,78bc32e05998396ecf7eab3189c0867dd1f565efc1b91cc22298c6e10d78ccd2,Festival_Atsui,Fakemon_Festival_Full
CROSS_SOURCE_EXACT_DUPLICATE,DS_CUSTOM_LIBRARY/packs/Festival_Atsui/Atsui/Pokemon/Front/RAMPDILY.png,DS_CUSTOM_LIBRARY/packs/Fakemon_Festival_Full/Fakemon Festival Pack/Atsui/Pokemon/Front/RAMPDILY.png,e465a307a562649b91e92a5845496fbf4793a0edbefb42da21d8eec3f80b55c5,Festival_Atsui,Fakemon_Festival_Full
CROSS_SOURCE_EXACT_DUPLICATE,DS_CUSTOM_LIBRARY/packs/Festival_Atsui/Atsui/Pokemon/Front/ATLASBELL.png,DS_CUSTOM_LIBRARY/packs/Fakemon_Festival_Full/Fakemon Festival Pack/Atsui/Pokemon/Front/ATLASBELL.png,31e5a634ab2612c4ad2bd8543b60a11312017552db9c77a8b481d351ffd29921,Festival_Atsui,Fakemon_Festival_Full
CROSS_SOURCE_EXACT_DUPLICATE,DS_CUSTOM_LIBRARY/packs/Festival_Atsui/Atsui/Pokemon/Front/SPROUTRAP.png,DS_CUSTOM_LIBRARY/packs/Fakemon_Festival_Full/Fakemon Festival Pack/Atsui/Pokemon/Front/SPROUTRAP.png,73db8f5eca018c9d5663ecca6f5b55822e14534c8fad7c147ed53a2b80fb7ee2,Festival_Atsui,Fakemon_Festival_Full
CROSS_SOURCE_EXACT_DUPLICATE,DS_CUSTOM_LIBRARY/packs/Festival_Atsui/Atsui/Pokemon/Front/POTISH.png,DS_CUSTOM_LIBRARY/packs/Fakemon_Festival_Full/Fakemon Festival Pack/Atsui/Pokemon/Front/POTISH.png,ee54a3963b762988085935940412f55a2a54002a3fe0888dc32101448b15693a,Festival_Atsui,Fakemon_Festival_Full
CROSS_SOURCE_EXACT_DUPLICATE,DS_CUSTOM_LIBRARY/packs/Festival_Atsui/Atsui/Pokemon/Front/WITHERADE.png,DS_CUSTOM_LIBRARY/packs/Fakemon_Festival_Full/Fakemon Festival Pack/Atsui/Pokemon/Front/WITHERADE.png,78bcb9062989eeeba3419cd70e457aef6a4ffee43a8507a4dc97f17ba280ac5d,Festival_Atsui,Fakemon_Festival_Full
CROSS_SOURCE_EXACT_DUPLICATE,DS_CUSTOM_LIBRARY/packs/Festival_Atsui/Atsui/Pokemon/Front/CHARMANDER_3.png,DS_CUSTOM_LIBRARY/packs/Fakemon_Festival_Full/Fakemon Festival Pack/Atsui/Pokemon/Front/CHARMANDER_3.png,74d524e877ff602c1a42fcba48855b1f73716c8ddd00e4d84315f34e7d0956d9,Festival_Atsui,Fakemon_Festival_Full
CROSS_SOURCE_EXACT_DUPLICATE,DS_CUSTOM_LIBRARY/packs/Festival_Atsui/Atsui/Pokemon/Front/TREGELYPH.png,DS_CUSTOM_LIBRARY/packs/Fakemon_Festival_Full/Fakemon Festival Pack/Atsui/Pokemon/Front/TREGELYPH.png,26f1ed63afea404cc12603463526ff9c6a1d7ed5412055178cc56928ad6c6d69,Festival_Atsui,Fakemon_Festival_Full
CROSS_SOURCE_EXACT_DUPLICATE,DS_CUSTOM_LIBRARY/packs/Festival_Atsui/Atsui/Pokemon/Front/ROTOM_7.png,DS_CUSTOM_LIBRARY/packs/Fakemon_Festival_Full/Fakemon Festival Pack/Atsui/Pokemon/Front/ROTOM_7.png,d406b654b3ef2b318b7a01ace2c25973a0a5e08f930d944760faa85d4c80b0b5,Festival_Atsui,Fakemon_Festival_Full
CROSS_SOURCE_EXACT_DUPLICATE,DS_CUSTOM_LIBRARY/packs/Festival_Atsui/Atsui/Pokemon/Front/LOAMIX.png,DS_CUSTOM_LIBRARY/packs/Fakemon_Festival_Full/Fakemon Festival Pack/Atsui/Pokemon/Front/LOAMIX.png,cb7f6718712e5ba9e4aee588184c138e119ed27c2ed55b73754e07ea02001039,Festival_Atsui,Fakemon_Festival_Full
CROSS_SOURCE_EXACT_DUPLICATE,DS_CUSTOM_LIBRARY/packs/Festival_Atsui/Atsui/Pokemon/Front/QUAGSIRE_1.png,DS_CUSTOM_LIBRARY/packs/Fakemon_Festival_Full/Fakemon Festival Pack/Atsui/Pokemon/Front/QUAGSIRE_1.png,50a8f8c3e0e0812658bc458d734f9dc5ee4a7f5917b00625888a637342d37c86,Festival_Atsui,Fakemon_Festival_Full
CROSS_SOURCE_EXACT_DUPLICATE,DS_CUSTOM_LIBRARY/packs/Festival_Atsui/Atsui/Pokemon/Front/HOPRAKE.png,DS_CUSTOM_LIBRARY/packs/Fakemon_Festival_Full/Fakemon Festival Pack/Atsui/Pokemon/Front/HOPRAKE.png,d9785560ca9a26ab13972ceeb6b2d2f06f0ddc66aca6374c24526c509e80539d,Festival_Atsui,Fakemon_Festival_Full
CROSS_SOURCE_EXACT_DUPLICATE,DS_CUSTOM_LIBRARY/packs/Festival_Atsui/Atsui/Pokemon/Front/TRICKISH.png,DS_CUSTOM_LIBRARY/packs/Fakemon_Festival_Full/Fakemon Festival Pack/Atsui/Pokemon/Front/TRICKISH.png,e6f2f89037a963c9929c3212f52cea8b8681fe088ca2fc81154fe7dadf2d8554,Festival_Atsui,Fakemon_Festival_Full
CROSS_SOURCE_EXACT_DUPLICATE,DS_CUSTOM_LIBRARY/packs/Festival_Atsui/Atsui/Pokemon/Front/Rotom_7S.png,DS_CUSTOM_LIBRARY/packs/Fakemon_Festival_Full/Fakemon Festival Pack/Atsui/Pokemon/Front/Rotom_7S.png,6805a7aa49ec0210a111713315ec8a12319e712e37ad3064a87e3ee5ba4a3fa0,Festival_Atsui,Fakemon_Festival_Full
CROSS_SOURCE_EXACT_DUPLICATE,DS_CUSTOM_LIBRARY/packs/Festival_Atsui/Atsui/Pokemon/Front/HYPNO_1.png,DS_CUSTOM_LIBRARY/packs/Fakemon_Festival_Full/Fakemon Festival Pack/Atsui/Pokemon/Front/HYPNO_1.png,d2f1efc19c810b89c3371e638060c45a47d5a304de5a7cc15c428659c457d351,Festival_Atsui,Fakemon_Festival_Full
CROSS_SOURCE_EXACT_DUPLICATE,DS_CUSTOM_LIBRARY/packs/Festival_Atsui/Atsui/Pokemon/Front/LOOTBIRD.png,DS_CUSTOM_LIBRARY/packs/Fakemon_Festival_Full/Fakemon Festival Pack/Atsui/Pokemon/Front/LOOTBIRD.png,a283d51f4ae7ec1ed346ff54631dbee2a51acc381a40104da3574bce59062b69,Festival_Atsui,Fakemon_Festival_Full
CROSS_SOURCE_EXACT_DUPLICATE,DS_CUSTOM_LIBRARY/packs/Festival_Atsui/Atsui/Pokemon/Front/EXEGGCUTE_1.png,DS_CUSTOM_LIBRARY/packs/Fakemon_Festival_Full/Fakemon Festival Pack/Atsui/Pokemon/Front/EXEGGCUTE_1.png,eff912bdf6c37b65a4bafe9448df948af99c1c5e1e8a76192acb02d3c15a0832,Festival_Atsui,Fakemon_Festival_Full
CROSS_SOURCE_EXACT_DUPLICATE,DS_CUSTOM_LIBRARY/packs/Festival_Atsui/Atsui/Pokemon/Front/TROPETITE.png,DS_CUSTOM_LIBRARY/packs/Fakemon_Festival_Full/Fakemon Festival Pack/Atsui/Pokemon/Front/TROPETITE.png,30499778e0a1a8414845461140d2fa8d582c1f2928e19eae6401cfb2809ca8a8,Festival_Atsui,Fakemon_Festival_Full
CROSS_SOURCE_EXACT_DUPLICATE,DS_CUSTOM_LIBRARY/packs/Festival_Atsui/Atsui/Pokemon/Back/CARVA.png,DS_CUSTOM_LIBRARY/packs/Fakemon_Festival_Full/Fakemon Festival Pack/Atsui/Pokemon/Back/CARVA.png,d8bdb6d51b08c6074b6f57ce1470f1ec59d9d4672b8f5c8b6a907e5c58d0bdb1,Festival_Atsui,Fakemon_Festival_Full
CROSS_SOURCE_EXACT_DUPLICATE,DS_CUSTOM_LIBRARY/packs/Festival_Atsui/Atsui/Pokemon/Back/LUVDISC_1.png,DS_CUSTOM_LIBRARY/packs/Fakemon_Festival_Full/Fakemon Festival Pack/Atsui/Pokemon/Back/LUVDISC_1.png,fa9922f7ad006ad67773f8bd21028e242d90eb81b507e9508033ca27b1f340c0,Festival_Atsui,Fakemon_Festival_Full
CROSS_SOURCE_EXACT_DUPLICATE,DS_CUSTOM_LIBRARY/packs/Festival_Atsui/Atsui/Pokemon/Back/ATLASBELL_gen_4.png,DS_CUSTOM_LIBRARY/packs/Fakemon_Festival_Full/Fakemon Festival Pack/Atsui/Pokemon/Back/ATLASBELL_gen_4.png,d32ea43c41cdd249277912a78214a0f3b3b88f2c4c85347c0fb94c0c914e7ae1,Festival_Atsui,Fakemon_Festival_Full
CROSS_SOURCE_EXACT_DUPLICATE,DS_CUSTOM_LIBRARY/packs/Festival_Atsui/Atsui/Pokemon/Back/NOCTOWL_1.png,DS_CUSTOM_LIBRARY/packs/Fakemon_Festival_Full/Fakemon Festival Pack/Atsui/Pokemon/Back/NOCTOWL_1.png,bc368abf590123626514ec47b97313acd4ac873c87ef1c6eae75e408ef34903c,Festival_Atsui,Fakemon_Festival_Full
CROSS_SOURCE_EXACT_DUPLICATE,DS_CUSTOM_LIBRARY/packs/Festival_Atsui/Atsui/Pokemon/Back/SHORELORN.png,DS_CUSTOM_LIBRARY/packs/Fakemon_Festival_Full/Fakemon Festival Pack/Atsui/Pokemon/Back/SHORELORN.png,57f89e2681a6f685b7c7eeb64170f318c20d03d04806cecd5f26c0c250c244c4,Festival_Atsui,Fakemon_Festival_Full
CROSS_SOURCE_EXACT_DUPLICATE,DS_CUSTOM_LIBRARY/packs/Festival_Atsui/Atsui/Pokemon/Back/CHARIZARD_3.png,DS_CUSTOM_LIBRARY/packs/Fakemon_Festival_Full/Fakemon Festival Pack/Atsui/Pokemon/Back/CHARIZARD_3.png,f66644da7fece41bf66967fd2f5470275a07b890ea614d7bfedcbb5026a8aaa2,Festival_Atsui,Fakemon_Festival_Full
CROSS_SOURCE_EXACT_DUPLICATE,DS_CUSTOM_LIBRARY/packs/Festival_Atsui/Atsui/Pokemon/Back/CHARMELEON_3.png,DS_CUSTOM_LIBRARY/packs/Fakemon_Festival_Full/Fakemon Festival Pack/Atsui/Pokemon/Back/CHARMELEON_3.png,deb56fca6109afeb766f40debc93d7516aa5613f0ec028f846db7ec78f59f3fe,Festival_Atsui,Fakemon_Festival_Full
CROSS_SOURCE_EXACT_DUPLICATE,DS_CUSTOM_LIBRARY/packs/Festival_Atsui/Atsui/Pokemon/Back/CRYSCROSS.png,DS_CUSTOM_LIBRARY/packs/Fakemon_Festival_Full/Fakemon Festival Pack/Atsui/Pokemon/Back/CRYSCROSS.png,19538df5b4e6ea7fb442c4d2751ea2fc8a7b9cda77d40ecbcbc76d5ad47c4221,Festival_Atsui,Fakemon_Festival_Full
CROSS_SOURCE_EXACT_DUPLICATE,DS_CUSTOM_LIBRARY/packs/Festival_Atsui/Atsui/Pokemon/Back/CHARMANDER_3.png,DS_CUSTOM_LIBRARY/packs/Fakemon_Festival_Full/Fakemon Festival Pack/Atsui/Pokemon/Back/CHARMANDER_3.png,54c2ce5b596e5bf423ee3566fcbca556896fd294734dbfb04da3f2b4cbe8b1e9,Festival_Atsui,Fakemon_Festival_Full
CROSS_SOURCE_EXACT_DUPLICATE,DS_CUSTOM_LIBRARY/packs/Festival_Magiscarf/Magiscarf/Gen 8 Icons/RAINTHER.png,DS_CUSTOM_LIBRARY/packs/Fakemon_Festival_Full/Fakemon Festival Pack/Magiscarf/Gen 8 Icons/RAINTHER.png,e7648c019d9583bb0d04715cb0db51c4f8eed505d248972dd6ff8c6ad8668e9c,Festival_Magiscarf,Fakemon_Festival_Full
CROSS_SOURCE_EXACT_DUPLICATE,DS_CUSTOM_LIBRARY/packs/Festival_Magiscarf/Magiscarf/Gen 8 Icons/DELIGAR.png,DS_CUSTOM_LIBRARY/packs/Fakemon_Festival_Full/Fakemon Festival Pack/Magiscarf/Gen 8 Icons/DELIGAR.png,4f5984f38b6ff1da44b1cd74849d603f23ebb1075ca2b6bdb9df59d345e556be,Festival_Magiscarf,Fakemon_Festival_Full
CROSS_SOURCE_EXACT_DUPLICATE,DS_CUSTOM_LIBRARY/packs/Festival_Magiscarf/Magiscarf/Gen 8 Icons/DAMPURR.png,DS_CUSTOM_LIBRARY/packs/Fakemon_Festival_Full/Fakemon Festival Pack/Magiscarf/Gen 8 Icons/DAMPURR.png,06188b82355b074586d84accbcdae9840fa45edb9bc6d99e53c41cd063a60fda,Festival_Magiscarf,Fakemon_Festival_Full
CROSS_SOURCE_EXACT_DUPLICATE,DS_CUSTOM_LIBRARY/packs/Festival_Magiscarf/Magiscarf/Battlers Normal/Front/Scaropti.png,DS_CUSTOM_LIBRARY/packs/Fakemon_Festival_Full/Fakemon Festival Pack/Magiscarf/Battlers Normal/Front/Scaropti.png,b0f7cfd3c6c00ac4a0af8fa80826d63f46799fafccb495d09422b6cb7b7234b3,Festival_Magiscarf,Fakemon_Festival_Full
CROSS_SOURCE_EXACT_DUPLICATE,DS_CUSTOM_LIBRARY/packs/Festival_Magiscarf/Magiscarf/Battlers Normal/Front/Smoald.png,DS_CUSTOM_LIBRARY/packs/Fakemon_Festival_Full/Fakemon Festival Pack/Magiscarf/Battlers Normal/Front/Smoald.png,f8d3617111496c4a58709257f2bd7999921f3bd26c202d521cc046101970925a,Festival_Magiscarf,Fakemon_Festival_Full
CROSS_SOURCE_EXACT_DUPLICATE,DS_CUSTOM_LIBRARY/packs/Festival_Magiscarf/Magiscarf/Battlers Normal/Front/Nymfushia.png,DS_CUSTOM_LIBRARY/packs/Fakemon_Festival_Full/Fakemon Festival Pack/Magiscarf/Battlers Normal/Front/Nymfushia.png,65b0df0caea37854e7cde9eb915dddcf435a6601618a648fd0985d0825a48c42,Festival_Magiscarf,Fakemon_Festival_Full
CROSS_SOURCE_EXACT_DUPLICATE,DS_CUSTOM_LIBRARY/packs/Festival_Magiscarf/Magiscarf/Battlers Normal/Front/Tindursa.png,DS_CUSTOM_LIBRARY/packs/Fakemon_Festival_Full/Fakemon Festival Pack/Magiscarf/Battlers Normal/Front/Tindursa.png,64df6f45fbe968d797c4ac15f22b49dcf2dad899f547169a6b6ea1645d554ee6,Festival_Magiscarf,Fakemon_Festival_Full
CROSS_SOURCE_EXACT_DUPLICATE,DS_CUSTOM_LIBRARY/packs/Festival_Magiscarf/Magiscarf/Battlers Normal/Front/Tuffettry.png,DS_CUSTOM_LIBRARY/packs/Fakemon_Festival_Full/Fakemon Festival Pack/Magiscarf/Battlers Normal/Front/Tuffettry.png,6fb45e8d149cbf579c4e19828e165c8ba37e3dfc62a33613846982911e918c12,Festival_Magiscarf,Fakemon_Festival_Full
CROSS_SOURCE_EXACT_DUPLICATE,DS_CUSTOM_LIBRARY/packs/Festival_Magiscarf/Magiscarf/Battlers Normal/Front/Rootsy.png,DS_CUSTOM_LIBRARY/packs/Fakemon_Festival_Full/Fakemon Festival Pack/Magiscarf/Battlers Normal/Front/Rootsy.png,2d007c101e5ebc63fe09db9deab132fe92e6112ce757052346dfb52a67eef37e,Festival_Magiscarf,Fakemon_Festival_Full
CROSS_SOURCE_EXACT_DUPLICATE,DS_CUSTOM_LIBRARY/packs/Festival_Magiscarf/Magiscarf/Battlers Normal/Front/Avipex.png,DS_CUSTOM_LIBRARY/packs/Fakemon_Festival_Full/Fakemon Festival Pack/Magiscarf/Battlers Normal/Front/Avipex.png,3a38dcc0b246852ffe53a5a917b2985472668a3e47dab7939690d7266cc50a28,Festival_Magiscarf,Fakemon_Festival_Full
CROSS_SOURCE_EXACT_DUPLICATE,DS_CUSTOM_LIBRARY/packs/Festival_Magiscarf/Magiscarf/Battlers Normal/Front/Chryspark.png,DS_CUSTOM_LIBRARY/packs/Fakemon_Festival_Full/Fakemon Festival Pack/Magiscarf/Battlers Normal/Front/Chryspark.png,ab6b5c5612d1444bc05282dbef71e09a8eed74d1a9421166e9d73b626937c459,Festival_Magiscarf,Fakemon_Festival_Full
CROSS_SOURCE_EXACT_DUPLICATE,DS_CUSTOM_LIBRARY/packs/Festival_Magiscarf/Magiscarf/Battlers Normal/Front/Mondrog.png,DS_CUSTOM_LIBRARY/packs/Fakemon_Festival_Full/Fakemon Festival Pack/Magiscarf/Battlers Normal/Front/Mondrog.png,ed70ae0e4772d1dbf0add9136c4b2b5ace21dee13758392cae6b5522bea653c6,Festival_Magiscarf,Fakemon_Festival_Full
CROSS_SOURCE_EXACT_DUPLICATE,DS_CUSTOM_LIBRARY/packs/Festival_Magiscarf/Magiscarf/Battlers Normal/Front/Beeheave(Ground).png,DS_CUSTOM_LIBRARY/packs/Fakemon_Festival_Full/Fakemon Festival Pack/Magiscarf/Battlers Normal/Front/Beeheave(Ground).png,d5f567c3778b6c34cc37c08072d2175072796b52c1fd9133c7d27c0628a669f6,Festival_Magiscarf,Fakemon_Festival_Full
CROSS_SOURCE_EXACT_DUPLICATE,DS_CUSTOM_LIBRARY/packs/Festival_Magiscarf/Magiscarf/Battlers Normal/Front/Clolly.png,DS_CUSTOM_LIBRARY/packs/Fakemon_Festival_Full/Fakemon Festival Pack/Magiscarf/Battlers Normal/Front/Clolly.png,1b87b4e42fed89c0766893e45d8ebb473f37ac0affb8606ac0c6f4444871545c,Festival_Magiscarf,Fakemon_Festival_Full
CROSS_SOURCE_EXACT_DUPLICATE,DS_CUSTOM_LIBRARY/packs/Festival_Magiscarf/Magiscarf/Battlers Normal/Front/Trablur.png,DS_CUSTOM_LIBRARY/packs/Fakemon_Festival_Full/Fakemon Festival Pack/Magiscarf/Battlers Normal/Front/Trablur.png,617e8314bbd2bf403624f96cef65531991382b55d04fb2562bd547e87a3adaf8,Festival_Magiscarf,Fakemon_Festival_Full
CROSS_SOURCE_EXACT_DUPLICATE,DS_CUSTOM_LIBRARY/packs/Festival_Magiscarf/Magiscarf/Battlers Normal/Front/Rockid(Normal).png,DS_CUSTOM_LIBRARY/packs/Fakemon_Festival_Full/Fakemon Festival Pack/Magiscarf/Battlers Normal/Front/Rockid(Normal).png,bbe2fd1d1e9a13a669eeaa0da0b0a44530b8d247a7b7b95867723ff46c67be48,Festival_Magiscarf,Fakemon_Festival_Full
CROSS_SOURCE_EXACT_DUPLICATE,DS_CUSTOM_LIBRARY/packs/Festival_Magiscarf/Magiscarf/Battlers Normal/Front/Lumaxi.png,DS_CUSTOM_LIBRARY/packs/Fakemon_Festival_Full/Fakemon Festival Pack/Magiscarf/Battlers Normal/Front/Lumaxi.png,901d9b533ebc2a4361b1618d2c5ec1135b70fce8a9ebaecdb102129090e1999e,Festival_Magiscarf,Fakemon_Festival_Full
CROSS_SOURCE_EXACT_DUPLICATE,DS_CUSTOM_LIBRARY/packs/Festival_Magiscarf/Magiscarf/Battlers Normal/Front/Shadeleon.png,DS_CUSTOM_LIBRARY/packs/Fakemon_Festival_Full/Fakemon Festival Pack/Magiscarf/Battlers Normal/Front/Shadeleon.png,5ac5a0478f1c510b9bba103e4f17ec11866d31f430098408bc730f2415898d39,Festival_Magiscarf,Fakemon_Festival_Full
CROSS_SOURCE_EXACT_DUPLICATE,DS_CUSTOM_LIBRARY/packs/Festival_Magiscarf/Magiscarf/Battlers Normal/Front/Plushion.png,DS_CUSTOM_LIBRARY/packs/Fakemon_Festival_Full/Fakemon Festival Pack/Magiscarf/Battlers Normal/Front/Plushion.png,8a4c68a9449ab18c0df950d7ed4558efbd03fb4e92f6c621aeac73d5f14c94b6,Festival_Magiscarf,Fakemon_Festival_Full
CROSS_SOURCE_EXACT_DUPLICATE,DS_CUSTOM_LIBRARY/packs/Festival_Magiscarf/Magiscarf/Battlers Normal/Front/Dampurr.png,DS_CUSTOM_LIBRARY/packs/Fakemon_Festival_Full/Fakemon Festival Pack/Magiscarf/Battlers Normal/Front/Dampurr.png,aaa04a39ecf37196c9adc27cd4303de2680299146dab7d205ebd311d28231dcb,Festival_Magiscarf,Fakemon_Festival_Full
CROSS_SOURCE_EXACT_DUPLICATE,DS_CUSTOM_LIBRARY/packs/Festival_Magiscarf/Magiscarf/Battlers Normal/Front/Stubhorn(Steel).png,DS_CUSTOM_LIBRARY/packs/Fakemon_Festival_Full/Fakemon Festival Pack/Magiscarf/Battlers Normal/Front/Stubhorn(Steel).png,20d85e8d6edb739dfbbec98c9c170c54bcdb0cca728c80e99a6ff462b0dcac85,Festival_Magiscarf,Fakemon_Festival_Full
CROSS_SOURCE_EXACT_DUPLICATE,DS_CUSTOM_LIBRARY/packs/Festival_Magiscarf/Magiscarf/Battlers Normal/Front/Chickite.png,DS_CUSTOM_LIBRARY/packs/Fakemon_Festival_Full/Fakemon Festival Pack/Magiscarf/Battlers Normal/Front/Chickite.png,b2a76feca962cca3a887b6e73a32660e3be7dd809d32652c68ff0b7198761219,Festival_Magiscarf,Fakemon_Festival_Full
CROSS_SOURCE_EXACT_DUPLICATE,DS_CUSTOM_LIBRARY/packs/Festival_Magiscarf/Magiscarf/Battlers Normal/Front/Clodiva.png,DS_CUSTOM_LIBRARY/packs/Fakemon_Festival_Full/Fakemon Festival Pack/Magiscarf/Battlers Normal/Front/Clodiva.png,f2d1c8030f757f51dec420e0985a25610750ecd0163135628f466af62d200201,Festival_Magiscarf,Fakemon_Festival_Full
CROSS_SOURCE_EXACT_DUPLICATE,DS_CUSTOM_LIBRARY/packs/Festival_Magiscarf/Magiscarf/Battlers Normal/Front/Upspark.png,DS_CUSTOM_LIBRARY/packs/Fakemon_Festival_Full/Fakemon Festival Pack/Magiscarf/Battlers Normal/Front/Upspark.png,0742198462daeaee2138c71a156946f8529ff43b068dd959b979e537196b0fd7,Festival_Magiscarf,Fakemon_Festival_Full
CROSS_SOURCE_EXACT_DUPLICATE,DS_CUSTOM_LIBRARY/packs/Festival_Magiscarf/Magiscarf/Battlers Normal/Front/Shockfull.png,DS_CUSTOM_LIBRARY/packs/Fakemon_Festival_Full/Fakemon Festival Pack/Magiscarf/Battlers Normal/Front/Shockfull.png,76ba12df8ef82f9d2ed299027b175cc17126f306d93b16d76f33f067d6ea674d,Festival_Magiscarf,Fakemon_Festival_Full
CROSS_SOURCE_EXACT_DUPLICATE,DS_CUSTOM_LIBRARY/packs/Festival_Magiscarf/Magiscarf/Battlers Normal/Front/Velamour.png,DS_CUSTOM_LIBRARY/packs/Fakemon_Festival_Full/Fakemon Festival Pack/Magiscarf/Battlers Normal/Front/Velamour.png,0878a8d2611ab68f11f43edfdcfbaa20da2419adef89773e85eabd73c6c78bba,Festival_Magiscarf,Fakemon_Festival_Full
CROSS_SOURCE_EXACT_DUPLICATE,DS_CUSTOM_LIBRARY/packs/Festival_Magiscarf/Magiscarf/Battlers Normal/Front/Cretassom.png,DS_CUSTOM_LIBRARY/packs/Fakemon_Festival_Full/Fakemon Festival Pack/Magiscarf/Battlers Normal/Front/Cretassom.png,fe067959fa7c1f8f0036c62e348698b7ec6d8ca44611420c335fcfaab0c6baa0,Festival_Magiscarf,Fakemon_Festival_Full
CROSS_SOURCE_EXACT_DUPLICATE,DS_CUSTOM_LIBRARY/packs/Festival_Magiscarf/Magiscarf/Battlers Normal/Front/Umbreeze.png,DS_CUSTOM_LIBRARY/packs/Fakemon_Festival_Full/Fakemon Festival Pack/Magiscarf/Battlers Normal/Front/Umbreeze.png,2e98e803097629fd828add11d5b06b4fb947b28c2896eb24fa7ec52717c4d7e6,Festival_Magiscarf,Fakemon_Festival_Full
CROSS_SOURCE_EXACT_DUPLICATE,DS_CUSTOM_LIBRARY/packs/Festival_Magiscarf/Magiscarf/Battlers Normal/Front/Dripwirt.png,DS_CUSTOM_LIBRARY/packs/Fakemon_Festival_Full/Fakemon Festival Pack/Magiscarf/Battlers Normal/Front/Dripwirt.png,32715f59efc3f7ba3cc3abfe730ef81b106f88e4c0460538d815cab0e6982cc8,Festival_Magiscarf,Fakemon_Festival_Full
CROSS_SOURCE_EXACT_DUPLICATE,DS_CUSTOM_LIBRARY/packs/Festival_Magiscarf/Magiscarf/Battlers Normal/Front/Bombustoad.png,DS_CUSTOM_LIBRARY/packs/Fakemon_Festival_Full/Fakemon Festival Pack/Magiscarf/Battlers Normal/Front/Bombustoad.png,cb72b956842293645a30467c9a70432cad1d33855c3710cb0c1caaa304b39a03,Festival_Magiscarf,Fakemon_Festival_Full
CROSS_SOURCE_EXACT_DUPLICATE,DS_CUSTOM_LIBRARY/packs/Festival_Magiscarf/Magiscarf/Battlers Normal/Front/Littoril.png,DS_CUSTOM_LIBRARY/packs/Fakemon_Festival_Full/Fakemon Festival Pack/Magiscarf/Battlers Normal/Front/Littoril.png,b32ad58e217749aaace821d536529daf33e9e2e8afc8e0f37cca8fb1d6bd235a,Festival_Magiscarf,Fakemon_Festival_Full
CROSS_SOURCE_EXACT_DUPLICATE,DS_CUSTOM_LIBRARY/packs/Festival_Magiscarf/Magiscarf/Battlers Normal/Front/Larvalpha.png,DS_CUSTOM_LIBRARY/packs/Fakemon_Festival_Full/Fakemon Festival Pack/Magiscarf/Battlers Normal/Front/Larvalpha.png,b99d06513d197e742e019e8fce886226f544c83f34532ceab285c5c287dd70ce,Festival_Magiscarf,Fakemon_Festival_Full
CROSS_SOURCE_EXACT_DUPLICATE,DS_CUSTOM_LIBRARY/packs/Festival_Magiscarf/Magiscarf/Battlers Normal/Front/Sycoral.png,DS_CUSTOM_LIBRARY/packs/Fakemon_Festival_Full/Fakemon Festival Pack/Magiscarf/Battlers Normal/Front/Sycoral.png,a39775f7785ab697444ffc0df22f7243271bf04fedddeefe9b22849a6500e070,Festival_Magiscarf,Fakemon_Festival_Full
CROSS_SOURCE_EXACT_DUPLICATE,DS_CUSTOM_LIBRARY/packs/Festival_Magiscarf/Magiscarf/Battlers Normal/Front/Plantid.png,DS_CUSTOM_LIBRARY/packs/Fakemon_Festival_Full/Fakemon Festival Pack/Magiscarf/Battlers Normal/Front/Plantid.png,bd7a6b988b28bdd3f9953069c8f2ed1720249a59f9a98c28690728cf0264a478,Festival_Magiscarf,Fakemon_Festival_Full
CROSS_SOURCE_EXACT_DUPLICATE,DS_CUSTOM_LIBRARY/packs/Festival_Magiscarf/Magiscarf/Battlers Normal/Front/Stubhorn(Normal).png,DS_CUSTOM_LIBRARY/packs/Fakemon_Festival_Full/Fakemon Festival Pack/Magiscarf/Battlers Normal/Front/Stubhorn(Normal).png,b07169ff70b931ed22234e3ca13631767be9234e00d1d21248d7adc592373bf9,Festival_Magiscarf,Fakemon_Festival_Full
CROSS_SOURCE_EXACT_DUPLICATE,DS_CUSTOM_LIBRARY/packs/Festival_Magiscarf/Magiscarf/Battlers Normal/Front/Rockid(Fairy).png,DS_CUSTOM_LIBRARY/packs/Fakemon_Festival_Full/Fakemon Festival Pack/Magiscarf/Battlers Normal/Front/Rockid(Fairy).png,b9970832b14d9206dfbc7243d692acfd01a0c774bef57ee67ad24b00a009e145,Festival_Magiscarf,Fakemon_Festival_Full
CROSS_SOURCE_EXACT_DUPLICATE,DS_CUSTOM_LIBRARY/packs/Festival_Magiscarf/Magiscarf/Battlers Normal/Front/Sanda.png,DS_CUSTOM_LIBRARY/packs/Fakemon_Festival_Full/Fakemon Festival Pack/Magiscarf/Battlers Normal/Front/Sanda.png,6159880a2cfd713d43ec34ae179bca8dfe1449ef9515864fbdaec794b6fcdd72,Festival_Magiscarf,Fakemon_Festival_Full
CROSS_SOURCE_EXACT_DUPLICATE,DS_CUSTOM_LIBRARY/packs/Festival_Magiscarf/Magiscarf/Battlers Normal/Front/Varmot.png,DS_CUSTOM_LIBRARY/packs/Fakemon_Festival_Full/Fakemon Festival Pack/Magiscarf/Battlers Normal/Front/Varmot.png,9c9b0290f4e15bf002d99c0ef8b5a57688103c5b127e3fdb1cf34aace2d537b6,Festival_Magiscarf,Fakemon_Festival_Full
CROSS_SOURCE_EXACT_DUPLICATE,DS_CUSTOM_LIBRARY/packs/Festival_Magiscarf/Magiscarf/Battlers Normal/Front/Curlusk.png,DS_CUSTOM_LIBRARY/packs/Fakemon_Festival_Full/Fakemon Festival Pack/Magiscarf/Battlers Normal/Front/Curlusk.png,a6557ac9c64f42cee8287332b1dff365bbc5b2e9fddd4cb29a32bbfe320131c7,Festival_Magiscarf,Fakemon_Festival_Full
CROSS_SOURCE_EXACT_DUPLICATE,DS_CUSTOM_LIBRARY/packs/Festival_Magiscarf/Magiscarf/Battlers Normal/Front/Negagen.png,DS_CUSTOM_LIBRARY/packs/Fakemon_Festival_Full/Fakemon Festival Pack/Magiscarf/Battlers Normal/Front/Negagen.png,ac5ca97dfc67149ab487aa41880f9b9db0838fcb6a11bb021321d959314765d5,Festival_Magiscarf,Fakemon_Festival_Full
CROSS_SOURCE_EXACT_DUPLICATE,DS_CUSTOM_LIBRARY/packs/Festival_Magiscarf/Magiscarf/Battlers Normal/Front/Beeheave(Electric).png,DS_CUSTOM_LIBRARY/packs/Fakemon_Festival_Full/Fakemon Festival Pack/Magiscarf/Battlers Normal/Front/Beeheave(Electric).png,247f4011ddb4eeef0f8a6835447232dda830512cf39f23a19308a24a1337d2e8,Festival_Magiscarf,Fakemon_Festival_Full
CROSS_SOURCE_EXACT_DUPLICATE,DS_CUSTOM_LIBRARY/packs/Festival_Magiscarf/Magiscarf/Battlers Normal/Front/Scavengila.png,DS_CUSTOM_LIBRARY/packs/Fakemon_Festival_Full/Fakemon Festival Pack/Magiscarf/Battlers Normal/Front/Scavengila.png,2be5b6c61ef7dc3a4d29da7e7ae858bbf47c51adfebc0e71af751cb2d58eead7,Festival_Magiscarf,Fakemon_Festival_Full
CROSS_SOURCE_EXACT_DUPLICATE,DS_CUSTOM_LIBRARY/packs/Festival_Magiscarf/Magiscarf/Battlers Normal/Front/Saurky.png,DS_CUSTOM_LIBRARY/packs/Fakemon_Festival_Full/Fakemon Festival Pack/Magiscarf/Battlers Normal/Front/Saurky.png,b6731df0a5ec024375b862e1494f07b8e186406fa1ab2758383f27595ec2d151,Festival_Magiscarf,Fakemon_Festival_Full
CROSS_SOURCE_EXACT_DUPLICATE,DS_CUSTOM_LIBRARY/packs/Festival_Magiscarf/Magiscarf/Battlers Normal/Front/Sligment.png,DS_CUSTOM_LIBRARY/packs/Fakemon_Festival_Full/Fakemon Festival Pack/Magiscarf/Battlers Normal/Front/Sligment.png,c1837b6a13567e748b401605609545b779de22a1305f679e93b5ee7eb35f06a1,Festival_Magiscarf,Fakemon_Festival_Full
CROSS_SOURCE_EXACT_DUPLICATE,DS_CUSTOM_LIBRARY/packs/Festival_Magiscarf/Magiscarf/Battlers Normal/Front/Subyss.png,DS_CUSTOM_LIBRARY/packs/Fakemon_Festival_Full/Fakemon Festival Pack/Magiscarf/Battlers Normal/Front/Subyss.png,a5da435f2af6fc8dba7ee9d92305374bcdbf99dc743b735e4c9339065bf63782,Festival_Magiscarf,Fakemon_Festival_Full
CROSS_SOURCE_EXACT_DUPLICATE,DS_CUSTOM_LIBRARY/packs/Festival_Magiscarf/Magiscarf/Battlers Normal/Front/Gelescent.png,DS_CUSTOM_LIBRARY/packs/Fakemon_Festival_Full/Fakemon Festival Pack/Magiscarf/Battlers Normal/Front/Gelescent.png,ec5a7fb88bc71ff7c9648bb187c45bc396653446f63afac71e08cc76d56a7d59,Festival_Magiscarf,Fakemon_Festival_Full
CROSS_SOURCE_EXACT_DUPLICATE,DS_CUSTOM_LIBRARY/packs/Festival_Magiscarf/Magiscarf/Battlers Normal/Front/Colobbus.png,DS_CUSTOM_LIBRARY/packs/Fakemon_Festival_Full/Fakemon Festival Pack/Magiscarf/Battlers Normal/Front/Colobbus.png,06f91e1e7a51ff8db1997c0032bd45b4b9eb6f1120f7bb39a3ce613e278eecec,Festival_Magiscarf,Fakemon_Festival_Full
CROSS_SOURCE_EXACT_DUPLICATE,DS_CUSTOM_LIBRARY/packs/Festival_Magiscarf/Magiscarf/Battlers Normal/Front/Timberry.png,DS_CUSTOM_LIBRARY/packs/Fakemon_Festival_Full/Fakemon Festival Pack/Magiscarf/Battlers Normal/Front/Timberry.png,2fa572548e3717ffc3b4566738b826e81c56242de64825506f0474ef1cf88e8b,Festival_Magiscarf,Fakemon_Festival_Full
CROSS_SOURCE_EXACT_DUPLICATE,DS_CUSTOM_LIBRARY/packs/Festival_Magiscarf/Magiscarf/Battlers Normal/Front/Silennium.png,DS_CUSTOM_LIBRARY/packs/Fakemon_Festival_Full/Fakemon Festival Pack/Magiscarf/Battlers Normal/Front/Silennium.png,7fea98010e6bc2248586216f28b535f1a6556a07a4e97f2e5418c1555efb027b,Festival_Magiscarf,Fakemon_Festival_Full
CROSS_SOURCE_EXACT_DUPLICATE,DS_CUSTOM_LIBRARY/packs/Festival_Magiscarf/Magiscarf/Battlers Normal/Front/Lumedi.png,DS_CUSTOM_LIBRARY/packs/Fakemon_Festival_Full/Fakemon Festival Pack/Magiscarf/Battlers Normal/Front/Lumedi.png,947d0c4c402b59843d82270875d8cfa82da99b299259fcf45d7cf109926a155b,Festival_Magiscarf,Fakemon_Festival_Full
CROSS_SOURCE_EXACT_DUPLICATE,DS_CUSTOM_LIBRARY/packs/Festival_Magiscarf/Magiscarf/Battlers Normal/Front/Colobble.png,DS_CUSTOM_LIBRARY/packs/Fakemon_Festival_Full/Fakemon Festival Pack/Magiscarf/Battlers Normal/Front/Colobble.png,1e406c36933a3aedb80b5f2b5f64cb4f5a06e0f59119222f9a4e23cb6737f918,Festival_Magiscarf,Fakemon_Festival_Full
CROSS_SOURCE_EXACT_DUPLICATE,DS_CUSTOM_LIBRARY/packs/Festival_Magiscarf/Magiscarf/Battlers Normal/Front/Clowee.png,DS_CUSTOM_LIBRARY/packs/Fakemon_Festival_Full/Fakemon Festival Pack/Magiscarf/Battlers Normal/Front/Clowee.png,99fcabb0840f6572a0f492936bb0431b08ff8b989819d8355c8699e6c58bf9c9,Festival_Magiscarf,Fakemon_Festival_Full
CROSS_SOURCE_EXACT_DUPLICATE,DS_CUSTOM_LIBRARY/packs/Festival_Magiscarf/Magiscarf/Battlers Normal/Front/Pubeta.png,DS_CUSTOM_LIBRARY/packs/Fakemon_Festival_Full/Fakemon Festival Pack/Magiscarf/Battlers Normal/Front/Pubeta.png,8d18485724985d6b7105bed8cfd581908f3d2d0901730c61d53fb84b857b272a,Festival_Magiscarf,Fakemon_Festival_Full
CROSS_SOURCE_EXACT_DUPLICATE,DS_CUSTOM_LIBRARY/packs/Festival_Magiscarf/Magiscarf/Battlers Normal/Front/Fencival.png,DS_CUSTOM_LIBRARY/packs/Fakemon_Festival_Full/Fakemon Festival Pack/Magiscarf/Battlers Normal/Front/Fencival.png,ecd3a8c58670524feb06b63e48d44292925fee6ca3a4b8932286a0a06a8073fe,Festival_Magiscarf,Fakemon_Festival_Full
CROSS_SOURCE_EXACT_DUPLICATE,DS_CUSTOM_LIBRARY/packs/Festival_Magiscarf/Magiscarf/Battlers Normal/Front/Brushle.png,DS_CUSTOM_LIBRARY/packs/Fakemon_Festival_Full/Fakemon Festival Pack/Magiscarf/Battlers Normal/Front/Brushle.png,3dda799f0fed936828bfc88c17da101a5a242397bfae7b805c811f238515fc18,Festival_Magiscarf,Fakemon_Festival_Full
CROSS_SOURCE_EXACT_DUPLICATE,DS_CUSTOM_LIBRARY/packs/Festival_Magiscarf/Magiscarf/Battlers Normal/Front/Industove.png,DS_CUSTOM_LIBRARY/packs/Fakemon_Festival_Full/Fakemon Festival Pack/Magiscarf/Battlers Normal/Front/Industove.png,8298b0f03e51027b69053aaa9555ecea2019124e0a293b3afd88c91afca77925,Festival_Magiscarf,Fakemon_Festival_Full
CROSS_SOURCE_EXACT_DUPLICATE,DS_CUSTOM_LIBRARY/packs/Festival_Magiscarf/Magiscarf/Battlers Normal/Front/Zapoteur.png,DS_CUSTOM_LIBRARY/packs/Fakemon_Festival_Full/Fakemon Festival Pack/Magiscarf/Battlers Normal/Front/Zapoteur.png,534ba2686dd8c4ae17e16ce30c5bb1a5f9e0d7b339bb30f6588e9874cdb904c1,Festival_Magiscarf,Fakemon_Festival_Full
CROSS_SOURCE_EXACT_DUPLICATE,DS_CUSTOM_LIBRARY/packs/Festival_Magiscarf/Magiscarf/Battlers Normal/Front/Reaphid.png,DS_CUSTOM_LIBRARY/packs/Fakemon_Festival_Full/Fakemon Festival Pack/Magiscarf/Battlers Normal/Front/Reaphid.png,4b418a7f66461cb8eed5f017ac13e4bb18a4a250c9a060eb24692e04fc55db78,Festival_Magiscarf,Fakemon_Festival_Full
CROSS_SOURCE_EXACT_DUPLICATE,DS_CUSTOM_LIBRARY/packs/Festival_Magiscarf/Magiscarf/Battlers Normal/Front/Dansakoi.png,DS_CUSTOM_LIBRARY/packs/Fakemon_Festival_Full/Fakemon Festival Pack/Magiscarf/Battlers Normal/Front/Dansakoi.png,8e0e30b3d422b24d45ed8066c38cdf9bb6d2f7b178e10ea4b58caed7e0af9658,Festival_Magiscarf,Fakemon_Festival_Full
CROSS_SOURCE_EXACT_DUPLICATE,DS_CUSTOM_LIBRARY/packs/Festival_Magiscarf/Magiscarf/Battlers Normal/Front/Beeheave(Normal).png,DS_CUSTOM_LIBRARY/packs/Fakemon_Festival_Full/Fakemon Festival Pack/Magiscarf/Battlers Normal/Front/Beeheave(Normal).png,3e0eb51d07f73c56921f8d887e943f043177774f0c48aeb97ab4a87fb9f2dc2a,Festival_Magiscarf,Fakemon_Festival_Full
CROSS_SOURCE_EXACT_DUPLICATE,DS_CUSTOM_LIBRARY/packs/Festival_Magiscarf/Magiscarf/Battlers Normal/Front/Majestaur.png,DS_CUSTOM_LIBRARY/packs/Fakemon_Festival_Full/Fakemon Festival Pack/Magiscarf/Battlers Normal/Front/Majestaur.png,c4617935a20421b63d5c4849c449ce7c960594dd0fd95361b3c082f040f4defd,Festival_Magiscarf,Fakemon_Festival_Full
CROSS_SOURCE_EXACT_DUPLICATE,DS_CUSTOM_LIBRARY/packs/Festival_Magiscarf/Magiscarf/Battlers Normal/Front/Chrycric.png,DS_CUSTOM_LIBRARY/packs/Fakemon_Festival_Full/Fakemon Festival Pack/Magiscarf/Battlers Normal/Front/Chrycric.png,c76ad58241f6468919053f08bc86ba5917de79aed0658a271677f96f9387884d,Festival_Magiscarf,Fakemon_Festival_Full
CROSS_SOURCE_EXACT_DUPLICATE,DS_CUSTOM_LIBRARY/packs/Festival_Magiscarf/Magiscarf/Battlers Normal/Front/Scruffian.png,DS_CUSTOM_LIBRARY/packs/Fakemon_Festival_Full/Fakemon Festival Pack/Magiscarf/Battlers Normal/Front/Scruffian.png,b01bf1e69e87e4b7017e1dac94b37acf5ebbbeb3d71e7767cdc9524a7337c9c6,Festival_Magiscarf,Fakemon_Festival_Full
CROSS_SOURCE_EXACT_DUPLICATE,DS_CUSTOM_LIBRARY/packs/Festival_Magiscarf/Magiscarf/Battlers Normal/Front/Lunapede.png,DS_CUSTOM_LIBRARY/packs/Fakemon_Festival_Full/Fakemon Festival Pack/Magiscarf/Battlers Normal/Front/Lunapede.png,5f08e47e2c490f566405728f1ad3cfdc721d277816066aaa7f7737eaad49f96e,Festival_Magiscarf,Fakemon_Festival_Full
CROSS_SOURCE_EXACT_DUPLICATE,DS_CUSTOM_LIBRARY/packs/Festival_Magiscarf/Magiscarf/Battlers Normal/Front/Dialapis.png,DS_CUSTOM_LIBRARY/packs/Fakemon_Festival_Full/Fakemon Festival Pack/Magiscarf/Battlers Normal/Front/Dialapis.png,caf473e0204be39fa20f6f012821766035fca8305cf75fc302275cdfcc41dfaa,Festival_Magiscarf,Fakemon_Festival_Full
CROSS_SOURCE_EXACT_DUPLICATE,DS_CUSTOM_LIBRARY/packs/Festival_Magiscarf/Magiscarf/Battlers Normal/Front/Enderbirld.png,DS_CUSTOM_LIBRARY/packs/Fakemon_Festival_Full/Fakemon Festival Pack/Magiscarf/Battlers Normal/Front/Enderbirld.png,72abe8065186b30c04c3f5ea074489ee46c5522a8c23ad20d47fc1cce394abcd,Festival_Magiscarf,Fakemon_Festival_Full
CROSS_SOURCE_EXACT_DUPLICATE,DS_CUSTOM_LIBRARY/packs/Festival_Magiscarf/Magiscarf/Battlers Normal/Front/Vamingo.png,DS_CUSTOM_LIBRARY/packs/Fakemon_Festival_Full/Fakemon Festival Pack/Magiscarf/Battlers Normal/Front/Vamingo.png,6cee5ff1fa2f0c2b4f7002b2add0597099524b63573e46d616923f00179c2677,Festival_Magiscarf,Fakemon_Festival_Full
CROSS_SOURCE_EXACT_DUPLICATE,DS_CUSTOM_LIBRARY/packs/Festival_Magiscarf/Magiscarf/Battlers Normal/Front/Luxp.png,DS_CUSTOM_LIBRARY/packs/Fakemon_Festival_Full/Fakemon Festival Pack/Magiscarf/Battlers Normal/Front/Luxp.png,050a089284bcd466efaf0f3ab7cb3f474741c3a3fa01fedf77b85bec0ff5320f,Festival_Magiscarf,Fakemon_Festival_Full
CROSS_SOURCE_EXACT_DUPLICATE,DS_CUSTOM_LIBRARY/packs/Festival_Magiscarf/Magiscarf/Battlers Normal/Front/Vitail.png,DS_CUSTOM_LIBRARY/packs/Fakemon_Festival_Full/Fakemon Festival Pack/Magiscarf/Battlers Normal/Front/Vitail.png,dd4a6568d2a2773a9636cf4b01c167c58426bd8c856eee4ff11fbac2559794ea,Festival_Magiscarf,Fakemon_Festival_Full
CROSS_SOURCE_EXACT_DUPLICATE,DS_CUSTOM_LIBRARY/packs/Festival_Magiscarf/Magiscarf/Battlers Normal/Front/Winkap.png,DS_CUSTOM_LIBRARY/packs/Fakemon_Festival_Full/Fakemon Festival Pack/Magiscarf/Battlers Normal/Front/Winkap.png,8ba31f245b5d124ac058dacaf156cc7c68eae854703a3b9109eb3c3c00a02059,Festival_Magiscarf,Fakemon_Festival_Full
CROSS_SOURCE_EXACT_DUPLICATE,DS_CUSTOM_LIBRARY/packs/Festival_Magiscarf/Magiscarf/Battlers Normal/Front/Pourka.png,DS_CUSTOM_LIBRARY/packs/Fakemon_Festival_Full/Fakemon Festival Pack/Magiscarf/Battlers Normal/Front/Pourka.png,5097d53f0a85d78ecfcfdf2531ad835fdfb846fc052a601721beb0f2a5c6834e,Festival_Magiscarf,Fakemon_Festival_Full
CROSS_SOURCE_EXACT_DUPLICATE,DS_CUSTOM_LIBRARY/packs/Festival_Magiscarf/Magiscarf/Battlers Normal/Front/Fumbat.png,DS_CUSTOM_LIBRARY/packs/Fakemon_Festival_Full/Fakemon Festival Pack/Magiscarf/Battlers Normal/Front/Fumbat.png,d42eec720b25bd49b5f1a41a20c964ca0a657e931e66626d44a2d4568e226f9f,Festival_Magiscarf,Fakemon_Festival_Full
CROSS_SOURCE_EXACT_DUPLICATE,DS_CUSTOM_LIBRARY/packs/Festival_Magiscarf/Magiscarf/Battlers Normal/Front/Crucibat.png,DS_CUSTOM_LIBRARY/packs/Fakemon_Festival_Full/Fakemon Festival Pack/Magiscarf/Battlers Normal/Front/Crucibat.png,638d1bb41f8c78f00430897d2465680e91705a660012094f7a474988a835abf4,Festival_Magiscarf,Fakemon_Festival_Full
CROSS_SOURCE_EXACT_DUPLICATE,DS_CUSTOM_LIBRARY/packs/Festival_Magiscarf/Magiscarf/Battlers Normal/Front/Curiust.png,DS_CUSTOM_LIBRARY/packs/Fakemon_Festival_Full/Fakemon Festival Pack/Magiscarf/Battlers Normal/Front/Curiust.png,c6f75e3dee504b1e283db1c519b3b85b9a61cf887b485e6e153905f51f3fe01d,Festival_Magiscarf,Fakemon_Festival_Full
CROSS_SOURCE_EXACT_DUPLICATE,DS_CUSTOM_LIBRARY/packs/Festival_Magiscarf/Magiscarf/Battlers Normal/Front/Adepht.png,DS_CUSTOM_LIBRARY/packs/Fakemon_Festival_Full/Fakemon Festival Pack/Magiscarf/Battlers Normal/Front/Adepht.png,5992478e3ba04e44a4e8bb886cf1d5a9bdbe21a06e68b0302a4076bdab40743e,Festival_Magiscarf,Fakemon_Festival_Full
CROSS_SOURCE_EXACT_DUPLICATE,DS_CUSTOM_LIBRARY/packs/Festival_Magiscarf/Magiscarf/Battlers Normal/Front/Gilactic.png,DS_CUSTOM_LIBRARY/packs/Fakemon_Festival_Full/Fakemon Festival Pack/Magiscarf/Battlers Normal/Front/Gilactic.png,374ce327f745d64418fe308dc2036d70ff6aa9f49998ade16367c6d8d44789f1,Festival_Magiscarf,Fakemon_Festival_Full
CROSS_SOURCE_EXACT_DUPLICATE,DS_CUSTOM_LIBRARY/packs/Festival_Magiscarf/Magiscarf/Battlers Normal/Front/Appalyp.png,DS_CUSTOM_LIBRARY/packs/Fakemon_Festival_Full/Fakemon Festival Pack/Magiscarf/Battlers Normal/Front/Appalyp.png,f1a7ca0fd0da819ddead2b06d3b4ca11a5a076e59a56d28f1276b63ccc890ecd,Festival_Magiscarf,Fakemon_Festival_Full
CROSS_SOURCE_EXACT_DUPLICATE,DS_CUSTOM_LIBRARY/packs/Festival_Magiscarf/Magiscarf/Battlers Normal/Front/Sorcepher.png,DS_CUSTOM_LIBRARY/packs/Fakemon_Festival_Full/Fakemon Festival Pack/Magiscarf/Battlers Normal/Front/Sorcepher.png,d70457adbdc4fee4fef4c6fb9f040c53f3d9bbaccca077fcb522f35a4ae43493,Festival_Magiscarf,Fakemon_Festival_Full
CROSS_SOURCE_EXACT_DUPLICATE,DS_CUSTOM_LIBRARY/packs/Festival_Magiscarf/Magiscarf/Battlers Normal/Front/Imagamma.png,DS_CUSTOM_LIBRARY/packs/Fakemon_Festival_Full/Fakemon Festival Pack/Magiscarf/Battlers Normal/Front/Imagamma.png,c176c467bcb7db8ee5e77d8a6b864be2408d41c38d8f2a314531b18c615ba8b5,Festival_Magiscarf,Fakemon_Festival_Full
CROSS_SOURCE_EXACT_DUPLICATE,DS_CUSTOM_LIBRARY/packs/Festival_Magiscarf/Magiscarf/Battlers Normal/Front/Strunk.png,DS_CUSTOM_LIBRARY/packs/Fakemon_Festival_Full/Fakemon Festival Pack/Magiscarf/Battlers Normal/Front/Strunk.png,b151d407ed18112235d089e6095744ae42d14859758a1214e4102fabce4ffd6e,Festival_Magiscarf,Fakemon_Festival_Full
CROSS_SOURCE_EXACT_DUPLICATE,DS_CUSTOM_LIBRARY/packs/Festival_Magiscarf/Magiscarf/Battlers Normal/Front/Lollybog.png,DS_CUSTOM_LIBRARY/packs/Fakemon_Festival_Full/Fakemon Festival Pack/Magiscarf/Battlers Normal/Front/Lollybog.png,b1cc7d998a0d680f8722260303cbec78a9cc41a79cff31d16ac09cbff722d738,Festival_Magiscarf,Fakemon_Festival_Full
CROSS_SOURCE_EXACT_DUPLICATE,DS_CUSTOM_LIBRARY/packs/Festival_Magiscarf/Magiscarf/Battlers Normal/Front/Strivane.png,DS_CUSTOM_LIBRARY/packs/Fakemon_Festival_Full/Fakemon Festival Pack/Magiscarf/Battlers Normal/Front/Strivane.png,e2973890f0e2fede0e0f062f8ab6d4bb61c4f6b4ac89ecbf8ae5ff0436823bac,Festival_Magiscarf,Fakemon_Festival_Full
CROSS_SOURCE_EXACT_DUPLICATE,DS_CUSTOM_LIBRARY/packs/Festival_Magiscarf/Magiscarf/Battlers Normal/Front/Snome.png,DS_CUSTOM_LIBRARY/packs/Fakemon_Festival_Full/Fakemon Festival Pack/Magiscarf/Battlers Normal/Front/Snome.png,b842fbae7d69d158732a1e93ac912c72adeaa4f490acf3c3a1462b8a8c6b0299,Festival_Magiscarf,Fakemon_Festival_Full
CROSS_SOURCE_EXACT_DUPLICATE,DS_CUSTOM_LIBRARY/packs/Festival_Magiscarf/Magiscarf/Battlers Normal/Front/Leazury.png,DS_CUSTOM_LIBRARY/packs/Fakemon_Festival_Full/Fakemon Festival Pack/Magiscarf/Battlers Normal/Front/Leazury.png,f758c5876bef13c75e064fc73c6f283f3e2ff0cfa16c9023d15ac4cdebea84b2,Festival_Magiscarf,Fakemon_Festival_Full
CROSS_SOURCE_EXACT_DUPLICATE,DS_CUSTOM_LIBRARY/packs/Festival_Magiscarf/Magiscarf/Battlers Normal/Front/Dustfully.png,DS_CUSTOM_LIBRARY/packs/Fakemon_Festival_Full/Fakemon Festival Pack/Magiscarf/Battlers Normal/Front/Dustfully.png,57001a012d58dcf99d4a35b8e3f2c54239f27a897dea44b19a3b88d29e1b8de2,Festival_Magiscarf,Fakemon_Festival_Full
CROSS_SOURCE_EXACT_DUPLICATE,DS_CUSTOM_LIBRARY/packs/Festival_Magiscarf/Magiscarf/Battlers Normal/Front/Brayd.png,DS_CUSTOM_LIBRARY/packs/Fakemon_Festival_Full/Fakemon Festival Pack/Magiscarf/Battlers Normal/Front/Brayd.png,51d99c2da34a6cbfd987d58db24369d189a56375bb15bf62ebeb0232a2e3b5ca,Festival_Magiscarf,Fakemon_Festival_Full
CROSS_SOURCE_EXACT_DUPLICATE,DS_CUSTOM_LIBRARY/packs/Festival_Magiscarf/Magiscarf/Battlers Normal/Front/Tidoral.png,DS_CUSTOM_LIBRARY/packs/Fakemon_Festival_Full/Fakemon Festival Pack/Magiscarf/Battlers Normal/Front/Tidoral.png,68755a141717101baeeb6fa01f08cf28c3ce6e1ce0c4a5bcbb4c3bc15752d726,Festival_Magiscarf,Fakemon_Festival_Full
CROSS_SOURCE_EXACT_DUPLICATE,DS_CUSTOM_LIBRARY/packs/Festival_Magiscarf/Magiscarf/Battlers Normal/Front/Squizard.png,DS_CUSTOM_LIBRARY/packs/Fakemon_Festival_Full/Fakemon Festival Pack/Magiscarf/Battlers Normal/Front/Squizard.png,266b93973bfb37ff005ec52e6da51531d0c722d5926fd9619897c47bdace2456,Festival_Magiscarf,Fakemon_Festival_Full
CROSS_SOURCE_EXACT_DUPLICATE,DS_CUSTOM_LIBRARY/packs/Festival_Magiscarf/Magiscarf/Battlers Normal/Front/Kalaxodon.png,DS_CUSTOM_LIBRARY/packs/Fakemon_Festival_Full/Fakemon Festival Pack/Magiscarf/Battlers Normal/Front/Kalaxodon.png,298174a090279d69d21592f3c4f94568eba273f913aae9a21fcdacd0041fc14c,Festival_Magiscarf,Fakemon_Festival_Full
CROSS_SOURCE_EXACT_DUPLICATE,DS_CUSTOM_LIBRARY/packs/Festival_Magiscarf/Magiscarf/Battlers Normal/Front/UnnamedGroundDragon2.png,DS_CUSTOM_LIBRARY/packs/Fakemon_Festival_Full/Fakemon Festival Pack/Magiscarf/Battlers Normal/Front/UnnamedGroundDragon2.png,56d96cd25871d948f0c0842d6d216e1f7f75114ca9cfa9c212e5160fdf27154a,Festival_Magiscarf,Fakemon_Festival_Full
CROSS_SOURCE_EXACT_DUPLICATE,DS_CUSTOM_LIBRARY/packs/Festival_Magiscarf/Magiscarf/Battlers Normal/Front/Gardial.png,DS_CUSTOM_LIBRARY/packs/Fakemon_Festival_Full/Fakemon Festival Pack/Magiscarf/Battlers Normal/Front/Gardial.png,2b3da9a8b1ee63051b05779c9f37e1c3d890e8abbea8e66ccc29e14d2687456d,Festival_Magiscarf,Fakemon_Festival_Full
CROSS_SOURCE_EXACT_DUPLICATE,DS_CUSTOM_LIBRARY/packs/Festival_Magiscarf/Magiscarf/Battlers Normal/Front/Hoolihog.png,DS_CUSTOM_LIBRARY/packs/Fakemon_Festival_Full/Fakemon Festival Pack/Magiscarf/Battlers Normal/Front/Hoolihog.png,5f6c6ffd7abfcc5c846e49ef4e4e35621ffd0c8da24a5e55a35832f2b6d5e0b2,Festival_Magiscarf,Fakemon_Festival_Full
CROSS_SOURCE_EXACT_DUPLICATE,DS_CUSTOM_LIBRARY/packs/Festival_Magiscarf/Magiscarf/Battlers Normal/Front/Roogilist.png,DS_CUSTOM_LIBRARY/packs/Fakemon_Festival_Full/Fakemon Festival Pack/Magiscarf/Battlers Normal/Front/Roogilist.png,e2b6ab81cbc332260fd6fbb5e50fd1aeeb9e5771550aa0b7b6514137e43184ab,Festival_Magiscarf,Fakemon_Festival_Full
CROSS_SOURCE_EXACT_DUPLICATE,DS_CUSTOM_LIBRARY/packs/Festival_Magiscarf/Magiscarf/Battlers Normal/Front/Flooie.png,DS_CUSTOM_LIBRARY/packs/Fakemon_Festival_Full/Fakemon Festival Pack/Magiscarf/Battlers Normal/Front/Flooie.png,03f0d4ed7be02306594aab0cb0bd0ae3ac3be6ba11b01b7cba83c65c1751243b,Festival_Magiscarf,Fakemon_Festival_Full
CROSS_SOURCE_EXACT_DUPLICATE,DS_CUSTOM_LIBRARY/packs/Festival_Magiscarf/Magiscarf/Battlers Normal/Front/Blockodile.png,DS_CUSTOM_LIBRARY/packs/Fakemon_Festival_Full/Fakemon Festival Pack/Magiscarf/Battlers Normal/Front/Blockodile.png,02333e5664efab8f02a637b7e7d332a319cdd529305017160fc1a66534b9ac28,Festival_Magiscarf,Fakemon_Festival_Full
CROSS_SOURCE_EXACT_DUPLICATE,DS_CUSTOM_LIBRARY/packs/Festival_Magiscarf/Magiscarf/Battlers Normal/Front/Thissblade.png,DS_CUSTOM_LIBRARY/packs/Fakemon_Festival_Full/Fakemon Festival Pack/Magiscarf/Battlers Normal/Front/Thissblade.png,7f92e6308c9ae4a2aa494125db9aca97f6106ce28f6374fd0f0241ab45473b29,Festival_Magiscarf,Fakemon_Festival_Full
CROSS_SOURCE_EXACT_DUPLICATE,DS_CUSTOM_LIBRARY/packs/Festival_Magiscarf/Magiscarf/Battlers Normal/Front/Juraspur.png,DS_CUSTOM_LIBRARY/packs/Fakemon_Festival_Full/Fakemon Festival Pack/Magiscarf/Battlers Normal/Front/Juraspur.png,aaaa4ced111064b59b565be7599db073f15aee9badf1371a2849683e08488ef7,Festival_Magiscarf,Fakemon_Festival_Full
CROSS_SOURCE_EXACT_DUPLICATE,DS_CUSTOM_LIBRARY/packs/Festival_Magiscarf/Magiscarf/Battlers Normal/Front/Bonfur.png,DS_CUSTOM_LIBRARY/packs/Fakemon_Festival_Full/Fakemon Festival Pack/Magiscarf/Battlers Normal/Front/Bonfur.png,593accfc909ca8790d0505b333915505327f804b64ebd956716631b3e1350b2a,Festival_Magiscarf,Fakemon_Festival_Full
CROSS_SOURCE_EXACT_DUPLICATE,DS_CUSTOM_LIBRARY/packs/Festival_Magiscarf/Magiscarf/Battlers Normal/Front/Kankersaur.png,DS_CUSTOM_LIBRARY/packs/Fakemon_Festival_Full/Fakemon Festival Pack/Magiscarf/Battlers Normal/Front/Kankersaur.png,3c1fadc56cf04c9f089144f9cc2391c96bcd06709d21a158b4be16c16ca53c12,Festival_Magiscarf,Fakemon_Festival_Full
CROSS_SOURCE_EXACT_DUPLICATE,DS_CUSTOM_LIBRARY/packs/Festival_Magiscarf/Magiscarf/Battlers Normal/Front/Chartail.png,DS_CUSTOM_LIBRARY/packs/Fakemon_Festival_Full/Fakemon Festival Pack/Magiscarf/Battlers Normal/Front/Chartail.png,565aa7b17462b7d1acd0ceb2d53e4e89a08ee716bedab3be09a9e40101d7e2c8,Festival_Magiscarf,Fakemon_Festival_Full
CROSS_SOURCE_EXACT_DUPLICATE,DS_CUSTOM_LIBRARY/packs/Festival_Magiscarf/Magiscarf/Battlers Normal/Front/Snowly.png,DS_CUSTOM_LIBRARY/packs/Fakemon_Festival_Full/Fakemon Festival Pack/Magiscarf/Battlers Normal/Front/Snowly.png,cb4a7ec007bcbb5b03db36cd17d0cda971b3ea0b4673b9ff539be5aba0d00c30,Festival_Magiscarf,Fakemon_Festival_Full
CROSS_SOURCE_EXACT_DUPLICATE,DS_CUSTOM_LIBRARY/packs/Festival_Magiscarf/Magiscarf/Battlers Normal/Front/Hivernor.png,DS_CUSTOM_LIBRARY/packs/Fakemon_Festival_Full/Fakemon Festival Pack/Magiscarf/Battlers Normal/Front/Hivernor.png,c0338072e4888c51f2905ba7af634878e2d500bb033d5750ed7dc5942a3bae8c,Festival_Magiscarf,Fakemon_Festival_Full
CROSS_SOURCE_EXACT_DUPLICATE,DS_CUSTOM_LIBRARY/packs/Festival_Magiscarf/Magiscarf/Battlers Normal/Front/Mobiusk.png,DS_CUSTOM_LIBRARY/packs/Fakemon_Festival_Full/Fakemon Festival Pack/Magiscarf/Battlers Normal/Front/Mobiusk.png,007bccf7a94cfe32a03dc0fab5580699487b12d365b4c4cbd93938d6bdef6845,Festival_Magiscarf,Fakemon_Festival_Full
CROSS_SOURCE_EXACT_DUPLICATE,DS_CUSTOM_LIBRARY/packs/Festival_Magiscarf/Magiscarf/Battlers Normal/Front/Flixtrix.png,DS_CUSTOM_LIBRARY/packs/Fakemon_Festival_Full/Fakemon Festival Pack/Magiscarf/Battlers Normal/Front/Flixtrix.png,3a01062153ae790184c9f21f00452b5f7f14330f60566f968775103bcc864ee4,Festival_Magiscarf,Fakemon_Festival_Full
CROSS_SOURCE_EXACT_DUPLICATE,DS_CUSTOM_LIBRARY/packs/Festival_Magiscarf/Magiscarf/Battlers Normal/Front/Rockid(Steel).png,DS_CUSTOM_LIBRARY/packs/Fakemon_Festival_Full/Fakemon Festival Pack/Magiscarf/Battlers Normal/Front/Rockid(Steel).png,218c9c8ee8167b81b1ea17ee1cdebd40f4d7654346309daabe37ba3593b8a992,Festival_Magiscarf,Fakemon_Festival_Full
CROSS_SOURCE_EXACT_DUPLICATE,DS_CUSTOM_LIBRARY/packs/Festival_Magiscarf/Magiscarf/Battlers Normal/Front/Chimbat.png,DS_CUSTOM_LIBRARY/packs/Fakemon_Festival_Full/Fakemon Festival Pack/Magiscarf/Battlers Normal/Front/Chimbat.png,c83517aa6cd349648352eb974f50372da7b2d59bd38446e397fd6c11d7cb9d2c,Festival_Magiscarf,Fakemon_Festival_Full
CROSS_SOURCE_EXACT_DUPLICATE,DS_CUSTOM_LIBRARY/packs/Festival_Magiscarf/Magiscarf/Battlers Normal/Front/Lumini.png,DS_CUSTOM_LIBRARY/packs/Fakemon_Festival_Full/Fakemon Festival Pack/Magiscarf/Battlers Normal/Front/Lumini.png,8d21960b091e94168dcc4cc1ec0fa8135f2e746179f7c69fda175f3a029cd4b1,Festival_Magiscarf,Fakemon_Festival_Full
CROSS_SOURCE_EXACT_DUPLICATE,DS_CUSTOM_LIBRARY/packs/Festival_Magiscarf/Magiscarf/Battlers Normal/Front/Forbiddron.png,DS_CUSTOM_LIBRARY/packs/Fakemon_Festival_Full/Fakemon Festival Pack/Magiscarf/Battlers Normal/Front/Forbiddron.png,4a40a06064cc58257f3e9e9f19c1042658db3193c9194b84bcbf9ca31029c98c,Festival_Magiscarf,Fakemon_Festival_Full
CROSS_SOURCE_EXACT_DUPLICATE,DS_CUSTOM_LIBRARY/packs/Festival_Magiscarf/Magiscarf/Battlers Normal/Front/Anxiust.png,DS_CUSTOM_LIBRARY/packs/Fakemon_Festival_Full/Fakemon Festival Pack/Magiscarf/Battlers Normal/Front/Anxiust.png,37cb9f8c50fc41bb33e42204607eb0a4abd850f68af8d2c312e6c5ccee137eda,Festival_Magiscarf,Fakemon_Festival_Full
CROSS_SOURCE_EXACT_DUPLICATE,DS_CUSTOM_LIBRARY/packs/Festival_Magiscarf/Magiscarf/Battlers Normal/Front/Stubhorn(Fairy).png,DS_CUSTOM_LIBRARY/packs/Fakemon_Festival_Full/Fakemon Festival Pack/Magiscarf/Battlers Normal/Front/Stubhorn(Fairy).png,4ecf5faa1de60617cfeffb4cd0befc1bbb054cf3dcb9db0ff3ba0f9f88a590d8,Festival_Magiscarf,Fakemon_Festival_Full
CROSS_SOURCE_EXACT_DUPLICATE,DS_CUSTOM_LIBRARY/packs/Festival_Magiscarf/Magiscarf/Battlers Normal/Front/Raskit.png,DS_CUSTOM_LIBRARY/packs/Fakemon_Festival_Full/Fakemon Festival Pack/Magiscarf/Battlers Normal/Front/Raskit.png,8ccce45cae15301d7f3a00874e9e3831264dbb2d30a69070a37afdc0d1e735ce,Festival_Magiscarf,Fakemon_Festival_Full
CROSS_SOURCE_EXACT_DUPLICATE,DS_CUSTOM_LIBRARY/packs/Festival_Magiscarf/Magiscarf/Battlers Normal/Front/Boistaur.png,DS_CUSTOM_LIBRARY/packs/Fakemon_Festival_Full/Fakemon Festival Pack/Magiscarf/Battlers Normal/Front/Boistaur.png,abfa8999a90a38d41b6965e8564c2b9972b5ef60729e0951c67117bcc0c9f21c,Festival_Magiscarf,Fakemon_Festival_Full
CROSS_SOURCE_EXACT_DUPLICATE,DS_CUSTOM_LIBRARY/packs/Festival_Magiscarf/Magiscarf/Battlers Normal/Front/Impurp.png,DS_CUSTOM_LIBRARY/packs/Fakemon_Festival_Full/Fakemon Festival Pack/Magiscarf/Battlers Normal/Front/Impurp.png,f4ecf6967a55860aa04a844562a4e8859a44d94a9ed1a2e09b0ba924a6030927,Festival_Magiscarf,Fakemon_Festival_Full
CROSS_SOURCE_EXACT_DUPLICATE,DS_CUSTOM_LIBRARY/packs/Festival_Magiscarf/Magiscarf/Battlers Normal/Front/Vizitid.png,DS_CUSTOM_LIBRARY/packs/Fakemon_Festival_Full/Fakemon Festival Pack/Magiscarf/Battlers Normal/Front/Vizitid.png,e569600465cb1043538b108f47ce1e3e37a90305eb5ac22a78eef5ae0677b6b8,Festival_Magiscarf,Fakemon_Festival_Full
CROSS_SOURCE_EXACT_DUPLICATE,DS_CUSTOM_LIBRARY/packs/Festival_Magiscarf/Magiscarf/Battlers Normal/Front/Rainther.png,DS_CUSTOM_LIBRARY/packs/Fakemon_Festival_Full/Fakemon Festival Pack/Magiscarf/Battlers Normal/Front/Rainther.png,f89335ae9f32c824e235e61675439bb3472941e9413df5413c7b6025e8623a99,Festival_Magiscarf,Fakemon_Festival_Full
CROSS_SOURCE_EXACT_DUPLICATE,DS_CUSTOM_LIBRARY/packs/Festival_Magiscarf/Magiscarf/Battlers Normal/Front/Embat.png,DS_CUSTOM_LIBRARY/packs/Fakemon_Festival_Full/Fakemon Festival Pack/Magiscarf/Battlers Normal/Front/Embat.png,175b3d9636ad878f2422e52d08d053c192dcb64557faaa71c2a3475c9292739d,Festival_Magiscarf,Fakemon_Festival_Full
CROSS_SOURCE_EXACT_DUPLICATE,DS_CUSTOM_LIBRARY/packs/Festival_Magiscarf/Magiscarf/Battlers Normal/Front/Fangtomask.png,DS_CUSTOM_LIBRARY/packs/Fakemon_Festival_Full/Fakemon Festival Pack/Magiscarf/Battlers Normal/Front/Fangtomask.png,2b9a7eeafd6c5ba97d09953c28d6b21bfcac824fbc39c9621d4893f112406e93,Festival_Magiscarf,Fakemon_Festival_Full
CROSS_SOURCE_EXACT_DUPLICATE,DS_CUSTOM_LIBRARY/packs/Festival_Magiscarf/Magiscarf/Battlers Normal/Front/Triastick.png,DS_CUSTOM_LIBRARY/packs/Fakemon_Festival_Full/Fakemon Festival Pack/Magiscarf/Battlers Normal/Front/Triastick.png,f8f663c26230a477c9b5dc44192fe9d43f90d1242372da5db1a27255b249401a,Festival_Magiscarf,Fakemon_Festival_Full
CROSS_SOURCE_EXACT_DUPLICATE,DS_CUSTOM_LIBRARY/packs/Festival_Magiscarf/Magiscarf/Battlers Normal/Front/Oppwold.png,DS_CUSTOM_LIBRARY/packs/Fakemon_Festival_Full/Fakemon Festival Pack/Magiscarf/Battlers Normal/Front/Oppwold.png,82cb3d0b72f3b5fa046f0336c9257762134083a4d7a724d53bf89b93c67b4849,Festival_Magiscarf,Fakemon_Festival_Full
CROSS_SOURCE_EXACT_DUPLICATE,DS_CUSTOM_LIBRARY/packs/Festival_Magiscarf/Magiscarf/Battlers Normal/Front/Rocotton.png,DS_CUSTOM_LIBRARY/packs/Fakemon_Festival_Full/Fakemon Festival Pack/Magiscarf/Battlers Normal/Front/Rocotton.png,e91b91926334433bf0b85e88f9869d4bdacd0ca7a364478c91f1ada715aa0bee,Festival_Magiscarf,Fakemon_Festival_Full
CROSS_SOURCE_EXACT_DUPLICATE,DS_CUSTOM_LIBRARY/packs/Festival_Magiscarf/Magiscarf/Battlers Normal/Front/Nemesusa.png,DS_CUSTOM_LIBRARY/packs/Fakemon_Festival_Full/Fakemon Festival Pack/Magiscarf/Battlers Normal/Front/Nemesusa.png,54a54b1a23e009dc585a30914a99cf6466a5b0570e31fffc94b3cf5a472ae574,Festival_Magiscarf,Fakemon_Festival_Full
CROSS_SOURCE_EXACT_DUPLICATE,DS_CUSTOM_LIBRARY/packs/Festival_Magiscarf/Magiscarf/Battlers Normal/Front/Winkami.png,DS_CUSTOM_LIBRARY/packs/Fakemon_Festival_Full/Fakemon Festival Pack/Magiscarf/Battlers Normal/Front/Winkami.png,c291023847e57f072235bd5738718d4fcdad888ad7de924e211527c33a2d7f8b,Festival_Magiscarf,Fakemon_Festival_Full
CROSS_SOURCE_EXACT_DUPLICATE,DS_CUSTOM_LIBRARY/packs/Festival_Magiscarf/Magiscarf/Battlers Normal/Front/Kankryst.png,DS_CUSTOM_LIBRARY/packs/Fakemon_Festival_Full/Fakemon Festival Pack/Magiscarf/Battlers Normal/Front/Kankryst.png,8cc5dbfafce0101aa7fb8af9f841c1e6d32c73a3dab743a53036f2580b89be2f,Festival_Magiscarf,Fakemon_Festival_Full
CROSS_SOURCE_EXACT_DUPLICATE,DS_CUSTOM_LIBRARY/packs/Festival_Magiscarf/Magiscarf/Battlers Normal/Front/Spiralusk.png,DS_CUSTOM_LIBRARY/packs/Fakemon_Festival_Full/Fakemon Festival Pack/Magiscarf/Battlers Normal/Front/Spiralusk.png,74d6653f2ca6767cd5bef3e7bb47d2af0b5ca37fde7e2ada0efab2aa05069b9d,Festival_Magiscarf,Fakemon_Festival_Full
CROSS_SOURCE_EXACT_DUPLICATE,DS_CUSTOM_LIBRARY/packs/Festival_Magiscarf/Magiscarf/Battlers Normal/Front/Chromeleon.png,DS_CUSTOM_LIBRARY/packs/Fakemon_Festival_Full/Fakemon Festival Pack/Magiscarf/Battlers Normal/Front/Chromeleon.png,e046981abf627a6cdfe40b7798449342237ef8ea3f2ae473bf581ffad9f9f83b,Festival_Magiscarf,Fakemon_Festival_Full
CROSS_SOURCE_EXACT_DUPLICATE,DS_CUSTOM_LIBRARY/packs/Festival_Magiscarf/Magiscarf/Battlers Normal/Front/Flobal.png,DS_CUSTOM_LIBRARY/packs/Fakemon_Festival_Full/Fakemon Festival Pack/Magiscarf/Battlers Normal/Front/Flobal.png,6cecc354c8e447e5ba980aa36149aba062d1e56056484c0b0b2707f0a746e4a3,Festival_Magiscarf,Fakemon_Festival_Full
CROSS_SOURCE_EXACT_DUPLICATE,DS_CUSTOM_LIBRARY/packs/Festival_Magiscarf/Magiscarf/Battlers Normal/Front/Dynabit.png,DS_CUSTOM_LIBRARY/packs/Fakemon_Festival_Full/Fakemon Festival Pack/Magiscarf/Battlers Normal/Front/Dynabit.png,849f807b3fb458a0bf7ac58013ecafe95ced3b3829a32ec9f71d955948598584,Festival_Magiscarf,Fakemon_Festival_Full
CROSS_SOURCE_EXACT_DUPLICATE,DS_CUSTOM_LIBRARY/packs/Festival_Magiscarf/Magiscarf/Battlers Normal/Front/Navigale.png,DS_CUSTOM_LIBRARY/packs/Fakemon_Festival_Full/Fakemon Festival Pack/Magiscarf/Battlers Normal/Front/Navigale.png,07dba4938a67fe09052e6b0f198430e0bdd33c367172f097e12ab2f5200228c4,Festival_Magiscarf,Fakemon_Festival_Full
CROSS_SOURCE_EXACT_DUPLICATE,DS_CUSTOM_LIBRARY/packs/Festival_Magiscarf/Magiscarf/Battlers Normal/Front/Fryrry.png,DS_CUSTOM_LIBRARY/packs/Fakemon_Festival_Full/Fakemon Festival Pack/Magiscarf/Battlers Normal/Front/Fryrry.png,f74b2e840a407f70bbdef34d04b5437f0f97a5b67f185327c59097d014bad3df,Festival_Magiscarf,Fakemon_Festival_Full
CROSS_SOURCE_EXACT_DUPLICATE,DS_CUSTOM_LIBRARY/packs/Festival_Magiscarf/Magiscarf/Battlers Normal/Front/Droopig.png,DS_CUSTOM_LIBRARY/packs/Fakemon_Festival_Full/Fakemon Festival Pack/Magiscarf/Battlers Normal/Front/Droopig.png,5bd10b06a1e3eb613a55c49ee64e0850955a0ad4ab10b8d0005ee74235d8dca5,Festival_Magiscarf,Fakemon_Festival_Full
CROSS_SOURCE_EXACT_DUPLICATE,DS_CUSTOM_LIBRARY/packs/Festival_Magiscarf/Magiscarf/Battlers Normal/Front/Expunge.png,DS_CUSTOM_LIBRARY/packs/Fakemon_Festival_Full/Fakemon Festival Pack/Magiscarf/Battlers Normal/Front/Expunge.png,940038bec7dcb750cc1df25ab5b6e9fd8be0b273f260a0f83a02449300196a2a,Festival_Magiscarf,Fakemon_Festival_Full
CROSS_SOURCE_EXACT_DUPLICATE,DS_CUSTOM_LIBRARY/packs/Festival_Magiscarf/Magiscarf/Battlers Normal/Front/Kankwart.png,DS_CUSTOM_LIBRARY/packs/Fakemon_Festival_Full/Fakemon Festival Pack/Magiscarf/Battlers Normal/Front/Kankwart.png,b844aae22a95892f64cf9531a9ec2369837aec4a4c97a33220e13f4473ac859f,Festival_Magiscarf,Fakemon_Festival_Full
CROSS_SOURCE_EXACT_DUPLICATE,DS_CUSTOM_LIBRARY/packs/Festival_Magiscarf/Magiscarf/Battlers Normal/Front/Chrysurge.png,DS_CUSTOM_LIBRARY/packs/Fakemon_Festival_Full/Fakemon Festival Pack/Magiscarf/Battlers Normal/Front/Chrysurge.png,5a42fecba5645f47649339b41bf5ceede468cb1efdd7390689353d2d730c6414,Festival_Magiscarf,Fakemon_Festival_Full
CROSS_SOURCE_EXACT_DUPLICATE,DS_CUSTOM_LIBRARY/packs/Festival_Magiscarf/Magiscarf/Battlers Normal/Front/Froll.png,DS_CUSTOM_LIBRARY/packs/Fakemon_Festival_Full/Fakemon Festival Pack/Magiscarf/Battlers Normal/Front/Froll.png,d1af30405ebf7f6c72c8c321d1e3ca3c51fa1bceae5a641e0c5f7574970595a3,Festival_Magiscarf,Fakemon_Festival_Full
CROSS_SOURCE_EXACT_DUPLICATE,DS_CUSTOM_LIBRARY/packs/Festival_Magiscarf/Magiscarf/Battlers Normal/Front/Synopede.png,DS_CUSTOM_LIBRARY/packs/Fakemon_Festival_Full/Fakemon Festival Pack/Magiscarf/Battlers Normal/Front/Synopede.png,e85d66cbfe8ac9ddbe0e1e0c9719050b3f1baeae800b92a97010ae44c51f0647,Festival_Magiscarf,Fakemon_Festival_Full
CROSS_SOURCE_EXACT_DUPLICATE,DS_CUSTOM_LIBRARY/packs/Festival_Magiscarf/Magiscarf/Battlers Normal/Front/Asterish.png,DS_CUSTOM_LIBRARY/packs/Fakemon_Festival_Full/Fakemon Festival Pack/Magiscarf/Battlers Normal/Front/Asterish.png,360d464e6c68364e4fceed88e2be17cd05643de08609d871016a15401da1f23a,Festival_Magiscarf,Fakemon_Festival_Full
CROSS_SOURCE_EXACT_DUPLICATE,DS_CUSTOM_LIBRARY/packs/Festival_Magiscarf/Magiscarf/Battlers Normal/Front/Pompet.png,DS_CUSTOM_LIBRARY/packs/Fakemon_Festival_Full/Fakemon Festival Pack/Magiscarf/Battlers Normal/Front/Pompet.png,f6be0fbc31239177d24a3e7932bb3a8ccfa9f14ca25ca337c74bdc43b0e2385b,Festival_Magiscarf,Fakemon_Festival_Full
CROSS_SOURCE_EXACT_DUPLICATE,DS_CUSTOM_LIBRARY/packs/Festival_Magiscarf/Magiscarf/Battlers Normal/Front/Turbatic.png,DS_CUSTOM_LIBRARY/packs/Fakemon_Festival_Full/Fakemon Festival Pack/Magiscarf/Battlers Normal/Front/Turbatic.png,180db24442cbc8f6920fb442c40d22dee2f64b8e2e6b1ed414f1e93fc14d3b13,Festival_Magiscarf,Fakemon_Festival_Full
CROSS_SOURCE_EXACT_DUPLICATE,DS_CUSTOM_LIBRARY/packs/Festival_Magiscarf/Magiscarf/Battlers Normal/Front/Botanine.png,DS_CUSTOM_LIBRARY/packs/Fakemon_Festival_Full/Fakemon Festival Pack/Magiscarf/Battlers Normal/Front/Botanine.png,1e3d3595114a4e632904880828c56b55357ae85859f0a2af8d9e77a69c5fa659,Festival_Magiscarf,Fakemon_Festival_Full
CROSS_SOURCE_EXACT_DUPLICATE,DS_CUSTOM_LIBRARY/packs/Festival_Magiscarf/Magiscarf/Battlers Normal/Front/Petalcher.png,DS_CUSTOM_LIBRARY/packs/Fakemon_Festival_Full/Fakemon Festival Pack/Magiscarf/Battlers Normal/Front/Petalcher.png,7ac7737b539974f510b5591f903683658f1f3b75a63e2d850ee862482ed92d75,Festival_Magiscarf,Fakemon_Festival_Full
CROSS_SOURCE_EXACT_DUPLICATE,DS_CUSTOM_LIBRARY/packs/Festival_Magiscarf/Magiscarf/Battlers Normal/Front/Skelleks.png,DS_CUSTOM_LIBRARY/packs/Fakemon_Festival_Full/Fakemon Festival Pack/Magiscarf/Battlers Normal/Front/Skelleks.png,62d948589756ef10c7ba06ab2c0c11cfe6558a5dc09c42e27b566ab27e8e7e55,Festival_Magiscarf,Fakemon_Festival_Full
CROSS_SOURCE_EXACT_DUPLICATE,DS_CUSTOM_LIBRARY/packs/Festival_Magiscarf/Magiscarf/Battlers Normal/Front/Mivota.png,DS_CUSTOM_LIBRARY/packs/Fakemon_Festival_Full/Fakemon Festival Pack/Magiscarf/Battlers Normal/Front/Mivota.png,8ea3eb3c7d62b8b6e3ef6d7507179ce4065bf494b50dece6433bb48c70f29c28,Festival_Magiscarf,Fakemon_Festival_Full
CROSS_SOURCE_EXACT_DUPLICATE,DS_CUSTOM_LIBRARY/packs/Festival_Magiscarf/Magiscarf/Battlers Normal/Front/Winkip.png,DS_CUSTOM_LIBRARY/packs/Fakemon_Festival_Full/Fakemon Festival Pack/Magiscarf/Battlers Normal/Front/Winkip.png,bd9a047d94809743b75f884897cf5579a175e6db4cb15b2f1c883d85942e35d5,Festival_Magiscarf,Fakemon_Festival_Full
CROSS_SOURCE_EXACT_DUPLICATE,DS_CUSTOM_LIBRARY/packs/Festival_Magiscarf/Magiscarf/Battlers Normal/Front/Spikonsia.png,DS_CUSTOM_LIBRARY/packs/Fakemon_Festival_Full/Fakemon Festival Pack/Magiscarf/Battlers Normal/Front/Spikonsia.png,19c7443049873f45c20b4711f8bbae8de71629abdfbf5fc7ae7daf2580b9379a,Festival_Magiscarf,Fakemon_Festival_Full
CROSS_SOURCE_EXACT_DUPLICATE,DS_CUSTOM_LIBRARY/packs/Festival_Magiscarf/Magiscarf/Battlers Normal/Front/Brewtrid.png,DS_CUSTOM_LIBRARY/packs/Fakemon_Festival_Full/Fakemon Festival Pack/Magiscarf/Battlers Normal/Front/Brewtrid.png,3c4972cd8222d5375298ecd057e9ddc83c56b6965b810032590d6d0c1720e0e7,Festival_Magiscarf,Fakemon_Festival_Full
CROSS_SOURCE_EXACT_DUPLICATE,DS_CUSTOM_LIBRARY/packs/Festival_Magiscarf/Magiscarf/Battlers Normal/Front/Blonk.png,DS_CUSTOM_LIBRARY/packs/Fakemon_Festival_Full/Fakemon Festival Pack/Magiscarf/Battlers Normal/Front/Blonk.png,20912f084bbd31b3757e0bce9aaa9183a405c62ed34e80f6eac927988e77ca74,Festival_Magiscarf,Fakemon_Festival_Full
CROSS_SOURCE_EXACT_DUPLICATE,DS_CUSTOM_LIBRARY/packs/Festival_Magiscarf/Magiscarf/Battlers Normal/Front/UnnamedGroundDragon.png,DS_CUSTOM_LIBRARY/packs/Fakemon_Festival_Full/Fakemon Festival Pack/Magiscarf/Battlers Normal/Front/UnnamedGroundDragon.png,f97929a3c00ad3673a64b03f372a4a190bbffdf112376529da4beffea061cac4,Festival_Magiscarf,Fakemon_Festival_Full
CROSS_SOURCE_EXACT_DUPLICATE,DS_CUSTOM_LIBRARY/packs/Festival_Magiscarf/Magiscarf/Battlers Normal/Front/Wyntry.png,DS_CUSTOM_LIBRARY/packs/Fakemon_Festival_Full/Fakemon Festival Pack/Magiscarf/Battlers Normal/Front/Wyntry.png,d28dd023061c6cc58a8869a5075d00a5fcc061f56d4c1f819622bf8411ee3643,Festival_Magiscarf,Fakemon_Festival_Full
CROSS_SOURCE_EXACT_DUPLICATE,DS_CUSTOM_LIBRARY/packs/Festival_Magiscarf/Magiscarf/Battlers Normal/Front/Burrub.png,DS_CUSTOM_LIBRARY/packs/Fakemon_Festival_Full/Fakemon Festival Pack/Magiscarf/Battlers Normal/Front/Burrub.png,963ebc0b0e3ac560a03647b4bd6f16923f1deea1b562db8e8099e500cd8b327d,Festival_Magiscarf,Fakemon_Festival_Full
CROSS_SOURCE_EXACT_DUPLICATE,DS_CUSTOM_LIBRARY/packs/Festival_Magiscarf/Magiscarf/Battlers Normal/Front/Searpent.png,DS_CUSTOM_LIBRARY/packs/Fakemon_Festival_Full/Fakemon Festival Pack/Magiscarf/Battlers Normal/Front/Searpent.png,43d7add71cfe2638d78aad23b7b9335db60922f079c4801aee1903bbc163e436,Festival_Magiscarf,Fakemon_Festival_Full
CROSS_SOURCE_EXACT_DUPLICATE,DS_CUSTOM_LIBRARY/packs/Festival_Magiscarf/Magiscarf/Battlers Normal/Front/Juncko.png,DS_CUSTOM_LIBRARY/packs/Fakemon_Festival_Full/Fakemon Festival Pack/Magiscarf/Battlers Normal/Front/Juncko.png,df2b44c80ffd4524bce38455b1b16967f735859ec0d09529d61465edf7443b8d,Festival_Magiscarf,Fakemon_Festival_Full
CROSS_SOURCE_EXACT_DUPLICATE,DS_CUSTOM_LIBRARY/packs/Festival_Magiscarf/Magiscarf/Battlers Normal/Front/Sizzly.png,DS_CUSTOM_LIBRARY/packs/Fakemon_Festival_Full/Fakemon Festival Pack/Magiscarf/Battlers Normal/Front/Sizzly.png,77c952d1a28d847517990ed4fb947e94f1da50322c628d47a2d827b1ae8c749c,Festival_Magiscarf,Fakemon_Festival_Full
CROSS_SOURCE_EXACT_DUPLICATE,DS_CUSTOM_LIBRARY/packs/Festival_Magiscarf/Magiscarf/Battlers Normal/Front/Robustaur.png,DS_CUSTOM_LIBRARY/packs/Fakemon_Festival_Full/Fakemon Festival Pack/Magiscarf/Battlers Normal/Front/Robustaur.png,914cf31ca09300e4f5e395c0e4a229543659e0d4eb6f2743a275b714dc6882f9,Festival_Magiscarf,Fakemon_Festival_Full
CROSS_SOURCE_EXACT_DUPLICATE,DS_CUSTOM_LIBRARY/packs/Festival_Magiscarf/Magiscarf/Battlers Normal/Front/Pomprim.png,DS_CUSTOM_LIBRARY/packs/Fakemon_Festival_Full/Fakemon Festival Pack/Magiscarf/Battlers Normal/Front/Pomprim.png,ae0778e0d018e5876be7161fd2e21e6470ecd7f6feaa0576dd169f1880b8cafb,Festival_Magiscarf,Fakemon_Festival_Full
CROSS_SOURCE_EXACT_DUPLICATE,DS_CUSTOM_LIBRARY/packs/Festival_Magiscarf/Magiscarf/Battlers Normal/Front/Howliage.png,DS_CUSTOM_LIBRARY/packs/Fakemon_Festival_Full/Fakemon Festival Pack/Magiscarf/Battlers Normal/Front/Howliage.png,f88e004aef6edb7578c2c67c189cc261025f748c90badc992e9964e1376f0234,Festival_Magiscarf,Fakemon_Festival_Full
CROSS_SOURCE_EXACT_DUPLICATE,DS_CUSTOM_LIBRARY/packs/Festival_Magiscarf/Magiscarf/Battlers Normal/Front/Qwirm.png,DS_CUSTOM_LIBRARY/packs/Fakemon_Festival_Full/Fakemon Festival Pack/Magiscarf/Battlers Normal/Front/Qwirm.png,10a01d8b4c24a5ad7c25913bb1644a374e9e23b55540b95ee56c1a54ea1b0160,Festival_Magiscarf,Fakemon_Festival_Full
CROSS_SOURCE_EXACT_DUPLICATE,DS_CUSTOM_LIBRARY/packs/Festival_Magiscarf/Magiscarf/Battlers Normal/Front/Delugar.png,DS_CUSTOM_LIBRARY/packs/Fakemon_Festival_Full/Fakemon Festival Pack/Magiscarf/Battlers Normal/Front/Delugar.png,ccb14ca4950327ee488942596fe529643b144926ea90f35fcf7ac5ad633333a2,Festival_Magiscarf,Fakemon_Festival_Full
CROSS_SOURCE_EXACT_DUPLICATE,DS_CUSTOM_LIBRARY/packs/Festival_Magiscarf/Magiscarf/Battlers Normal/Front/Crestaka.png,DS_CUSTOM_LIBRARY/packs/Fakemon_Festival_Full/Fakemon Festival Pack/Magiscarf/Battlers Normal/Front/Crestaka.png,98fa99a46715f9171e4d436c14e6e467df13fe2a9a4629df8b8ead2857d23707,Festival_Magiscarf,Fakemon_Festival_Full
CROSS_SOURCE_EXACT_DUPLICATE,DS_CUSTOM_LIBRARY/packs/Festival_Magiscarf/Magiscarf/Battlers Normal/Front/Viscolor.png,DS_CUSTOM_LIBRARY/packs/Fakemon_Festival_Full/Fakemon Festival Pack/Magiscarf/Battlers Normal/Front/Viscolor.png,b18c7f9f64bd4f318633f75e7c2348879a55e81a7817d628ca10baff26531853,Festival_Magiscarf,Fakemon_Festival_Full
CROSS_SOURCE_EXACT_DUPLICATE,DS_CUSTOM_LIBRARY/packs/Festival_Magiscarf/Magiscarf/Battlers Normal/Front/Scarambi.png,DS_CUSTOM_LIBRARY/packs/Fakemon_Festival_Full/Fakemon Festival Pack/Magiscarf/Battlers Normal/Front/Scarambi.png,089d125a18541f0337550ffd33ad2110e50935b872da1fb5bf68c3e49a2a8c89,Festival_Magiscarf,Fakemon_Festival_Full
CROSS_SOURCE_EXACT_DUPLICATE,DS_CUSTOM_LIBRARY/packs/Festival_Magiscarf/Magiscarf/Battlers Normal/Front/Snagatoof.png,DS_CUSTOM_LIBRARY/packs/Fakemon_Festival_Full/Fakemon Festival Pack/Magiscarf/Battlers Normal/Front/Snagatoof.png,9838c223991e8635c8ea07a22102b56c3a6d5d170877fcba0773102276763278,Festival_Magiscarf,Fakemon_Festival_Full
CROSS_SOURCE_EXACT_DUPLICATE,DS_CUSTOM_LIBRARY/packs/Festival_Magiscarf/Magiscarf/Battlers Normal/Back/Smoald.png,DS_CUSTOM_LIBRARY/packs/Fakemon_Festival_Full/Fakemon Festival Pack/Magiscarf/Battlers Normal/Back/Smoald.png,92f349bf70f05aa9d8d19790745b272632e5ac99dd6ab3c1828ad3ccce448c04,Festival_Magiscarf,Fakemon_Festival_Full
CROSS_SOURCE_EXACT_DUPLICATE,DS_CUSTOM_LIBRARY/packs/Festival_Magiscarf/Magiscarf/Battlers Normal/Back/Nymfushia.png,DS_CUSTOM_LIBRARY/packs/Fakemon_Festival_Full/Fakemon Festival Pack/Magiscarf/Battlers Normal/Back/Nymfushia.png,da5c74ce3525324b8fad996e101538845c9dddfe8095f4186e2e5a1add94ba34,Festival_Magiscarf,Fakemon_Festival_Full
CROSS_SOURCE_EXACT_DUPLICATE,DS_CUSTOM_LIBRARY/packs/Festival_Magiscarf/Magiscarf/Battlers Normal/Back/Tindursa.png,DS_CUSTOM_LIBRARY/packs/Fakemon_Festival_Full/Fakemon Festival Pack/Magiscarf/Battlers Normal/Back/Tindursa.png,80065261bbd5f48f2c9c2d1b9ff5b4360f27c7cce86ee74077fc1448bba81269,Festival_Magiscarf,Fakemon_Festival_Full
CROSS_SOURCE_EXACT_DUPLICATE,DS_CUSTOM_LIBRARY/packs/Festival_Magiscarf/Magiscarf/Battlers Normal/Back/Tuffettry.png,DS_CUSTOM_LIBRARY/packs/Fakemon_Festival_Full/Fakemon Festival Pack/Magiscarf/Battlers Normal/Back/Tuffettry.png,341d645b719c46485de234f67eb3c4ed8cd754ed8d8214394f6cd8bdfde0da5a,Festival_Magiscarf,Fakemon_Festival_Full
CROSS_SOURCE_EXACT_DUPLICATE,DS_CUSTOM_LIBRARY/packs/Festival_Magiscarf/Magiscarf/Battlers Normal/Back/Plushion.png,DS_CUSTOM_LIBRARY/packs/Fakemon_Festival_Full/Fakemon Festival Pack/Magiscarf/Battlers Normal/Back/Plushion.png,6318bc4d3c2a8d8332ccb3fe3fa90638bd64f812480c28143e2a7bb6c80b2418,Festival_Magiscarf,Fakemon_Festival_Full
CROSS_SOURCE_EXACT_DUPLICATE,DS_CUSTOM_LIBRARY/packs/Festival_Magiscarf/Magiscarf/Battlers Normal/Back/Dampurr.png,DS_CUSTOM_LIBRARY/packs/Fakemon_Festival_Full/Fakemon Festival Pack/Magiscarf/Battlers Normal/Back/Dampurr.png,5a8bb16ac051572dbfe4e2cc8f3ba3bef2a6949c8be188ca689c24418197eeac,Festival_Magiscarf,Fakemon_Festival_Full
CROSS_SOURCE_EXACT_DUPLICATE,DS_CUSTOM_LIBRARY/packs/Festival_Magiscarf/Magiscarf/Battlers Normal/Back/Umbreeze.png,DS_CUSTOM_LIBRARY/packs/Fakemon_Festival_Full/Fakemon Festival Pack/Magiscarf/Battlers Normal/Back/Umbreeze.png,7aec3b6236a694deb2d2493b35b0059582b84f441f23c5c221bad9f321c6658c,Festival_Magiscarf,Fakemon_Festival_Full
CROSS_SOURCE_EXACT_DUPLICATE,DS_CUSTOM_LIBRARY/packs/Festival_Magiscarf/Magiscarf/Battlers Normal/Back/Dripwirt.png,DS_CUSTOM_LIBRARY/packs/Fakemon_Festival_Full/Fakemon Festival Pack/Magiscarf/Battlers Normal/Back/Dripwirt.png,ea8e399adc7811d7b0264ae13b9370f8f7ccc1b3a9375d662fbb102c5114d98c,Festival_Magiscarf,Fakemon_Festival_Full
CROSS_SOURCE_EXACT_DUPLICATE,DS_CUSTOM_LIBRARY/packs/Festival_Magiscarf/Magiscarf/Battlers Normal/Back/Bombustoad.png,DS_CUSTOM_LIBRARY/packs/Fakemon_Festival_Full/Fakemon Festival Pack/Magiscarf/Battlers Normal/Back/Bombustoad.png,fe695aeb40e8d0a68f9d608c19e3cd5342239936215053eb65429a50b0018aea,Festival_Magiscarf,Fakemon_Festival_Full
CROSS_SOURCE_EXACT_DUPLICATE,DS_CUSTOM_LIBRARY/packs/Festival_Magiscarf/Magiscarf/Battlers Normal/Back/Negagen.png,DS_CUSTOM_LIBRARY/packs/Fakemon_Festival_Full/Fakemon Festival Pack/Magiscarf/Battlers Normal/Back/Negagen.png,e542899b579c03d24039097713bfe656c326dbeae8e9ad6e326f24dea349465c,Festival_Magiscarf,Fakemon_Festival_Full
CROSS_SOURCE_EXACT_DUPLICATE,DS_CUSTOM_LIBRARY/packs/Festival_Magiscarf/Magiscarf/Battlers Normal/Back/Sligment.png,DS_CUSTOM_LIBRARY/packs/Fakemon_Festival_Full/Fakemon Festival Pack/Magiscarf/Battlers Normal/Back/Sligment.png,bbbbb33a157f77a23c5411f08116a3412d182478a23c3536076ece04370cf1f9,Festival_Magiscarf,Fakemon_Festival_Full
CROSS_SOURCE_EXACT_DUPLICATE,DS_CUSTOM_LIBRARY/packs/Festival_Magiscarf/Magiscarf/Battlers Normal/Back/Gelescent.png,DS_CUSTOM_LIBRARY/packs/Fakemon_Festival_Full/Fakemon Festival Pack/Magiscarf/Battlers Normal/Back/Gelescent.png,b317d7f33a0655fbc2141b80b039bae392402d6b7c50122d40f0a3931b1e5ddb,Festival_Magiscarf,Fakemon_Festival_Full
CROSS_SOURCE_EXACT_DUPLICATE,DS_CUSTOM_LIBRARY/packs/Festival_Magiscarf/Magiscarf/Battlers Normal/Back/Timberry.png,DS_CUSTOM_LIBRARY/packs/Fakemon_Festival_Full/Fakemon Festival Pack/Magiscarf/Battlers Normal/Back/Timberry.png,aea54dab8f80fafe1f05a0aa73ae6001eace92d414fdbdff2a62945676d61ee7,Festival_Magiscarf,Fakemon_Festival_Full
CROSS_SOURCE_EXACT_DUPLICATE,DS_CUSTOM_LIBRARY/packs/Festival_Magiscarf/Magiscarf/Battlers Normal/Back/Silennium.png,DS_CUSTOM_LIBRARY/packs/Fakemon_Festival_Full/Fakemon Festival Pack/Magiscarf/Battlers Normal/Back/Silennium.png,c6a3073bb3052b91575f26c01a2084f8cc3a7f7f4a8d54dadea1c250278fbfdb,Festival_Magiscarf,Fakemon_Festival_Full
CROSS_SOURCE_EXACT_DUPLICATE,DS_CUSTOM_LIBRARY/packs/Festival_Magiscarf/Magiscarf/Battlers Normal/Back/Pourka.png,DS_CUSTOM_LIBRARY/packs/Fakemon_Festival_Full/Fakemon Festival Pack/Magiscarf/Battlers Normal/Back/Pourka.png,147e625ef965441c70004a372551555cd4b81335a4da9dd9cb4138b4bfc2f802,Festival_Magiscarf,Fakemon_Festival_Full
CROSS_SOURCE_EXACT_DUPLICATE,DS_CUSTOM_LIBRARY/packs/Festival_Magiscarf/Magiscarf/Battlers Normal/Back/Lollybog.png,DS_CUSTOM_LIBRARY/packs/Fakemon_Festival_Full/Fakemon Festival Pack/Magiscarf/Battlers Normal/Back/Lollybog.png,a34f743609f5fecfddcd0f7b8d65d0b71b434b29e6f48edc9c924f25d07a0be7,Festival_Magiscarf,Fakemon_Festival_Full
CROSS_SOURCE_EXACT_DUPLICATE,DS_CUSTOM_LIBRARY/packs/Festival_Magiscarf/Magiscarf/Battlers Normal/Back/Hoolihog.png,DS_CUSTOM_LIBRARY/packs/Fakemon_Festival_Full/Fakemon Festival Pack/Magiscarf/Battlers Normal/Back/Hoolihog.png,95e7c2125e83bc73e51c39264577fc04e9931357ecf0c24d3b549c78026d005a,Festival_Magiscarf,Fakemon_Festival_Full
CROSS_SOURCE_EXACT_DUPLICATE,DS_CUSTOM_LIBRARY/packs/Festival_Magiscarf/Magiscarf/Battlers Normal/Back/Bonfur.png,DS_CUSTOM_LIBRARY/packs/Fakemon_Festival_Full/Fakemon Festival Pack/Magiscarf/Battlers Normal/Back/Bonfur.png,f4ffe6c77581282e066bafa91639b88c743c76ee146be0f40f07aa21df87f9f0,Festival_Magiscarf,Fakemon_Festival_Full
CROSS_SOURCE_EXACT_DUPLICATE,DS_CUSTOM_LIBRARY/packs/Festival_Magiscarf/Magiscarf/Battlers Normal/Back/Kankersaur.png,DS_CUSTOM_LIBRARY/packs/Fakemon_Festival_Full/Fakemon Festival Pack/Magiscarf/Battlers Normal/Back/Kankersaur.png,93efee901601e8277b000f1fdb07e930cb8b68649c87213033072ccfc02877a5,Festival_Magiscarf,Fakemon_Festival_Full
CROSS_SOURCE_EXACT_DUPLICATE,DS_CUSTOM_LIBRARY/packs/Festival_Magiscarf/Magiscarf/Battlers Normal/Back/Lumini.png,DS_CUSTOM_LIBRARY/packs/Fakemon_Festival_Full/Fakemon Festival Pack/Magiscarf/Battlers Normal/Back/Lumini.png,0d0eb0a906ef404a9270a220d8a7fa3716fb6d287fafdb775b30df7349206252,Festival_Magiscarf,Fakemon_Festival_Full
CROSS_SOURCE_EXACT_DUPLICATE,DS_CUSTOM_LIBRARY/packs/Festival_Magiscarf/Magiscarf/Battlers Normal/Back/Forbiddron.png,DS_CUSTOM_LIBRARY/packs/Fakemon_Festival_Full/Fakemon Festival Pack/Magiscarf/Battlers Normal/Back/Forbiddron.png,b341cadd6d8c37db98d77ba8647cbf2579cee93f8b6782752a5d83dbc6ef27a3,Festival_Magiscarf,Fakemon_Festival_Full
CROSS_SOURCE_EXACT_DUPLICATE,DS_CUSTOM_LIBRARY/packs/Festival_Magiscarf/Magiscarf/Battlers Normal/Back/Raskit.png,DS_CUSTOM_LIBRARY/packs/Fakemon_Festival_Full/Fakemon Festival Pack/Magiscarf/Battlers Normal/Back/Raskit.png,b7ab12f8849bae8924d6b7aece7daf9e93b1a32a08c57e2644c49a69aafd487c,Festival_Magiscarf,Fakemon_Festival_Full
CROSS_SOURCE_EXACT_DUPLICATE,DS_CUSTOM_LIBRARY/packs/Festival_Magiscarf/Magiscarf/Battlers Normal/Back/Impurp.png,DS_CUSTOM_LIBRARY/packs/Fakemon_Festival_Full/Fakemon Festival Pack/Magiscarf/Battlers Normal/Back/Impurp.png,52186365f6bd202398266012abefbfc89b049d2fbe470ba55d49e63164653fa3,Festival_Magiscarf,Fakemon_Festival_Full
CROSS_SOURCE_EXACT_DUPLICATE,DS_CUSTOM_LIBRARY/packs/Festival_Magiscarf/Magiscarf/Battlers Normal/Back/Rainther.png,DS_CUSTOM_LIBRARY/packs/Fakemon_Festival_Full/Fakemon Festival Pack/Magiscarf/Battlers Normal/Back/Rainther.png,7ffd9f27faa74f6f097d81ded45fb7c632003b859bb54aea3ff5cf97c01550c7,Festival_Magiscarf,Fakemon_Festival_Full
CROSS_SOURCE_EXACT_DUPLICATE,DS_CUSTOM_LIBRARY/packs/Festival_Magiscarf/Magiscarf/Battlers Normal/Back/Rocotton.png,DS_CUSTOM_LIBRARY/packs/Fakemon_Festival_Full/Fakemon Festival Pack/Magiscarf/Battlers Normal/Back/Rocotton.png,e0a896c5af087f4fd34942e63dcf53997600c6cb9a90e24c4ee7a9aeb27cbcc8,Festival_Magiscarf,Fakemon_Festival_Full
CROSS_SOURCE_EXACT_DUPLICATE,DS_CUSTOM_LIBRARY/packs/Festival_Magiscarf/Magiscarf/Battlers Normal/Back/Kankryst.png,DS_CUSTOM_LIBRARY/packs/Fakemon_Festival_Full/Fakemon Festival Pack/Magiscarf/Battlers Normal/Back/Kankryst.png,88c7e26221968cd99ad462bf1341e049b32ef128b0ef0be9131bb010257b198c,Festival_Magiscarf,Fakemon_Festival_Full
CROSS_SOURCE_EXACT_DUPLICATE,DS_CUSTOM_LIBRARY/packs/Festival_Magiscarf/Magiscarf/Battlers Normal/Back/Dynabit.png,DS_CUSTOM_LIBRARY/packs/Fakemon_Festival_Full/Fakemon Festival Pack/Magiscarf/Battlers Normal/Back/Dynabit.png,7f67ee42f5db109a29c5ef4e33849aa7a9583d7c2d0fb60df9df95695bf9b0e1,Festival_Magiscarf,Fakemon_Festival_Full
CROSS_SOURCE_EXACT_DUPLICATE,DS_CUSTOM_LIBRARY/packs/Festival_Magiscarf/Magiscarf/Battlers Normal/Back/Droopig.png,DS_CUSTOM_LIBRARY/packs/Fakemon_Festival_Full/Fakemon Festival Pack/Magiscarf/Battlers Normal/Back/Droopig.png,324ce2392242fbcfa8f04640cd3be8fd84172045236c70254c7a5aa2d59b0eb3,Festival_Magiscarf,Fakemon_Festival_Full
CROSS_SOURCE_EXACT_DUPLICATE,DS_CUSTOM_LIBRARY/packs/Festival_Magiscarf/Magiscarf/Battlers Normal/Back/Kankwart.png,DS_CUSTOM_LIBRARY/packs/Fakemon_Festival_Full/Fakemon Festival Pack/Magiscarf/Battlers Normal/Back/Kankwart.png,d70de7167d9f5866027a00e9346d1886261a7932853a00465a69b228db210a9c,Festival_Magiscarf,Fakemon_Festival_Full
CROSS_SOURCE_EXACT_DUPLICATE,DS_CUSTOM_LIBRARY/packs/Festival_Magiscarf/Magiscarf/Battlers Normal/Back/Pompet.png,DS_CUSTOM_LIBRARY/packs/Fakemon_Festival_Full/Fakemon Festival Pack/Magiscarf/Battlers Normal/Back/Pompet.png,9a59ae7df10851b4574f03d7e37e8cd761dc39e559165256697b755103d7c783,Festival_Magiscarf,Fakemon_Festival_Full
CROSS_SOURCE_EXACT_DUPLICATE,DS_CUSTOM_LIBRARY/packs/Festival_Magiscarf/Magiscarf/Battlers Normal/Back/Botanine.png,DS_CUSTOM_LIBRARY/packs/Fakemon_Festival_Full/Fakemon Festival Pack/Magiscarf/Battlers Normal/Back/Botanine.png,8478878e11d264fceddb9d7035fe997f118d12e78398c9259785b80d19cbf24d,Festival_Magiscarf,Fakemon_Festival_Full
CROSS_SOURCE_EXACT_DUPLICATE,DS_CUSTOM_LIBRARY/packs/Festival_Magiscarf/Magiscarf/Battlers Normal/Back/Skelleks.png,DS_CUSTOM_LIBRARY/packs/Fakemon_Festival_Full/Fakemon Festival Pack/Magiscarf/Battlers Normal/Back/Skelleks.png,611b9d629703a39aca78497939a77798261957b2651f0e9171d813919d494d94,Festival_Magiscarf,Fakemon_Festival_Full
CROSS_SOURCE_EXACT_DUPLICATE,DS_CUSTOM_LIBRARY/packs/Festival_Magiscarf/Magiscarf/Battlers Normal/Back/Mivota.png,DS_CUSTOM_LIBRARY/packs/Fakemon_Festival_Full/Fakemon Festival Pack/Magiscarf/Battlers Normal/Back/Mivota.png,7dbc5e1dde461bdc5b760ccaffb1a4114b50f017ea85c9b926a3785e4d392938,Festival_Magiscarf,Fakemon_Festival_Full
CROSS_SOURCE_EXACT_DUPLICATE,DS_CUSTOM_LIBRARY/packs/Festival_Magiscarf/Magiscarf/Battlers Normal/Back/Brewtrid.png,DS_CUSTOM_LIBRARY/packs/Fakemon_Festival_Full/Fakemon Festival Pack/Magiscarf/Battlers Normal/Back/Brewtrid.png,4bd240a20e59b04f316f544b23f6ad04226d4ecce4dfad4387603e0e41e9fd6a,Festival_Magiscarf,Fakemon_Festival_Full
CROSS_SOURCE_EXACT_DUPLICATE,DS_CUSTOM_LIBRARY/packs/Festival_Magiscarf/Magiscarf/Battlers Normal/Back/Sizzly.png,DS_CUSTOM_LIBRARY/packs/Fakemon_Festival_Full/Fakemon Festival Pack/Magiscarf/Battlers Normal/Back/Sizzly.png,6bd77c851203cc2b5ad946f32f6dc3f05a6ab197f4ced45c68e91d7c41f9c388,Festival_Magiscarf,Fakemon_Festival_Full
CROSS_SOURCE_EXACT_DUPLICATE,DS_CUSTOM_LIBRARY/packs/Festival_Magiscarf/Magiscarf/Battlers Normal/Back/Pomprim.png,DS_CUSTOM_LIBRARY/packs/Fakemon_Festival_Full/Fakemon Festival Pack/Magiscarf/Battlers Normal/Back/Pomprim.png,879b4b7ed3bb0e9f26b9d6f507d87fc634249d8e886a99427cd3aa0a96fbadbf,Festival_Magiscarf,Fakemon_Festival_Full
CROSS_SOURCE_EXACT_DUPLICATE,DS_CUSTOM_LIBRARY/packs/Festival_Magiscarf/Magiscarf/Battlers Normal/Back/Howliage.png,DS_CUSTOM_LIBRARY/packs/Fakemon_Festival_Full/Fakemon Festival Pack/Magiscarf/Battlers Normal/Back/Howliage.png,a15606f89ac1c2642dcf349b6fe9a5882794b66aa5fb0448b2ca8e9204fbe663,Festival_Magiscarf,Fakemon_Festival_Full
CROSS_SOURCE_EXACT_DUPLICATE,DS_CUSTOM_LIBRARY/packs/Festival_Magiscarf/Magiscarf/Battlers Normal/Back/Delugar.png,DS_CUSTOM_LIBRARY/packs/Fakemon_Festival_Full/Fakemon Festival Pack/Magiscarf/Battlers Normal/Back/Delugar.png,63e7b008436925aa849cf5c4b9b09c72c6ae411508cbb4c639d2142d0284738d,Festival_Magiscarf,Fakemon_Festival_Full
CROSS_SOURCE_EXACT_DUPLICATE,DS_CUSTOM_LIBRARY/packs/Festival_Magiscarf/Magiscarf/Battlers Normal/Back/Viscolor.png,DS_CUSTOM_LIBRARY/packs/Fakemon_Festival_Full/Fakemon Festival Pack/Magiscarf/Battlers Normal/Back/Viscolor.png,6c9524e1faa29ef1cfcdbbf1961aba8d2687ef0de7c84ac470cfc2574364eee2,Festival_Magiscarf,Fakemon_Festival_Full
CROSS_SOURCE_EXACT_DUPLICATE,DS_CUSTOM_LIBRARY/packs/Festival_Magiscarf/Magiscarf/Battlers Shiny Alternate/Front/Smoald.png,DS_CUSTOM_LIBRARY/packs/Fakemon_Festival_Full/Fakemon Festival Pack/Magiscarf/Battlers Shiny Alternate/Front/Smoald.png,48d88aea68f444e845a4c76e6953f7f9f790e57666752b76ae265a5ba40e21cb,Festival_Magiscarf,Fakemon_Festival_Full
CROSS_SOURCE_EXACT_DUPLICATE,DS_CUSTOM_LIBRARY/packs/Festival_Magiscarf/Magiscarf/Battlers Shiny Alternate/Front/Nymfushia.png,DS_CUSTOM_LIBRARY/packs/Fakemon_Festival_Full/Fakemon Festival Pack/Magiscarf/Battlers Shiny Alternate/Front/Nymfushia.png,f010006de3a47cc50f4d4ceeb82a3711a2119da90e9827f2054a9d8fd0359b1a,Festival_Magiscarf,Fakemon_Festival_Full
CROSS_SOURCE_EXACT_DUPLICATE,DS_CUSTOM_LIBRARY/packs/Festival_Magiscarf/Magiscarf/Battlers Shiny Alternate/Front/Tindursa.png,DS_CUSTOM_LIBRARY/packs/Fakemon_Festival_Full/Fakemon Festival Pack/Magiscarf/Battlers Shiny Alternate/Front/Tindursa.png,7d231a19d84fffcd80a04945ec2fe3c694479441e99fe8894278eeea633580f1,Festival_Magiscarf,Fakemon_Festival_Full
CROSS_SOURCE_EXACT_DUPLICATE,DS_CUSTOM_LIBRARY/packs/Festival_Magiscarf/Magiscarf/Battlers Shiny Alternate/Front/Tuffettry.png,DS_CUSTOM_LIBRARY/packs/Fakemon_Festival_Full/Fakemon Festival Pack/Magiscarf/Battlers Shiny Alternate/Front/Tuffettry.png,16bc568b71172c085e01ebcf7ca5a036a3c0b8fcaa3bdf92fc759a3299243807,Festival_Magiscarf,Fakemon_Festival_Full
CROSS_SOURCE_EXACT_DUPLICATE,DS_CUSTOM_LIBRARY/packs/Festival_Magiscarf/Magiscarf/Battlers Shiny Alternate/Front/Plushion.png,DS_CUSTOM_LIBRARY/packs/Fakemon_Festival_Full/Fakemon Festival Pack/Magiscarf/Battlers Shiny Alternate/Front/Plushion.png,494974afd39e36fad36d59ec267575b25f248a4b6eff8318f3123268a926d0e0,Festival_Magiscarf,Fakemon_Festival_Full
CROSS_SOURCE_EXACT_DUPLICATE,DS_CUSTOM_LIBRARY/packs/Festival_Magiscarf/Magiscarf/Battlers Shiny Alternate/Front/Dampurr.png,DS_CUSTOM_LIBRARY/packs/Fakemon_Festival_Full/Fakemon Festival Pack/Magiscarf/Battlers Shiny Alternate/Front/Dampurr.png,f28df4526da29339a728c8de6d9295623d4bc49b5d8a0e8dad305ecd22ca072d,Festival_Magiscarf,Fakemon_Festival_Full
CROSS_SOURCE_EXACT_DUPLICATE,DS_CUSTOM_LIBRARY/packs/Festival_Magiscarf/Magiscarf/Battlers Shiny Alternate/Front/Umbreeze.png,DS_CUSTOM_LIBRARY/packs/Fakemon_Festival_Full/Fakemon Festival Pack/Magiscarf/Battlers Shiny Alternate/Front/Umbreeze.png,73e2797aa3c42bc5460eebdb4657b8d8700a967ffeaa297faf3e8a5d86429de6,Festival_Magiscarf,Fakemon_Festival_Full
CROSS_SOURCE_EXACT_DUPLICATE,DS_CUSTOM_LIBRARY/packs/Festival_Magiscarf/Magiscarf/Battlers Shiny Alternate/Front/Dripwirt.png,DS_CUSTOM_LIBRARY/packs/Fakemon_Festival_Full/Fakemon Festival Pack/Magiscarf/Battlers Shiny Alternate/Front/Dripwirt.png,ad948ef526394df87151a1aa31852db498d7f7e5752758460bb15d1af2fcc2c7,Festival_Magiscarf,Fakemon_Festival_Full
CROSS_SOURCE_EXACT_DUPLICATE,DS_CUSTOM_LIBRARY/packs/Festival_Magiscarf/Magiscarf/Battlers Shiny Alternate/Front/Bombustoad.png,DS_CUSTOM_LIBRARY/packs/Fakemon_Festival_Full/Fakemon Festival Pack/Magiscarf/Battlers Shiny Alternate/Front/Bombustoad.png,31070fb8e12f4de44d19ee3ad96088ccf4e8eaeac4903c13c43fd38b4b1622aa,Festival_Magiscarf,Fakemon_Festival_Full
CROSS_SOURCE_EXACT_DUPLICATE,DS_CUSTOM_LIBRARY/packs/Festival_Magiscarf/Magiscarf/Battlers Shiny Alternate/Front/Negagen.png,DS_CUSTOM_LIBRARY/packs/Fakemon_Festival_Full/Fakemon Festival Pack/Magiscarf/Battlers Shiny Alternate/Front/Negagen.png,0cbf1d6b1f7a238fc7c7b38f9920ec53c437a5d166667004b71eaffe372d26e6,Festival_Magiscarf,Fakemon_Festival_Full
CROSS_SOURCE_EXACT_DUPLICATE,DS_CUSTOM_LIBRARY/packs/Festival_Magiscarf/Magiscarf/Battlers Shiny Alternate/Front/Sligment.png,DS_CUSTOM_LIBRARY/packs/Fakemon_Festival_Full/Fakemon Festival Pack/Magiscarf/Battlers Shiny Alternate/Front/Sligment.png,e7c2369801d95c359a02d5bbd7fdf4cd45ea14a26046b6fa9826d57fdc96e38d,Festival_Magiscarf,Fakemon_Festival_Full
CROSS_SOURCE_EXACT_DUPLICATE,DS_CUSTOM_LIBRARY/packs/Festival_Magiscarf/Magiscarf/Battlers Shiny Alternate/Front/Gelescent.png,DS_CUSTOM_LIBRARY/packs/Fakemon_Festival_Full/Fakemon Festival Pack/Magiscarf/Battlers Shiny Alternate/Front/Gelescent.png,4bb0be193e1cfbffb19b43b56ebdac9b6f5788e4ef871c76be633ac5709d11a3,Festival_Magiscarf,Fakemon_Festival_Full
CROSS_SOURCE_EXACT_DUPLICATE,DS_CUSTOM_LIBRARY/packs/Festival_Magiscarf/Magiscarf/Battlers Shiny Alternate/Front/Timberry.png,DS_CUSTOM_LIBRARY/packs/Fakemon_Festival_Full/Fakemon Festival Pack/Magiscarf/Battlers Shiny Alternate/Front/Timberry.png,32fc93b28c6019cc7d84bc576df50ef110dc2edec95f29e9572b153c31d14a04,Festival_Magiscarf,Fakemon_Festival_Full
CROSS_SOURCE_EXACT_DUPLICATE,DS_CUSTOM_LIBRARY/packs/Festival_Magiscarf/Magiscarf/Battlers Shiny Alternate/Front/Silennium.png,DS_CUSTOM_LIBRARY/packs/Fakemon_Festival_Full/Fakemon Festival Pack/Magiscarf/Battlers Shiny Alternate/Front/Silennium.png,968c13a39638692a529f96c89530b5d00b94791ef63aa08d89201a8da633ba85,Festival_Magiscarf,Fakemon_Festival_Full
CROSS_SOURCE_EXACT_DUPLICATE,DS_CUSTOM_LIBRARY/packs/Festival_Magiscarf/Magiscarf/Battlers Shiny Alternate/Front/Pourka.png,DS_CUSTOM_LIBRARY/packs/Fakemon_Festival_Full/Fakemon Festival Pack/Magiscarf/Battlers Shiny Alternate/Front/Pourka.png,ab0258395df1a047e4292051e52ee10dba5d7951f085d50686d8bcb446ae79ca,Festival_Magiscarf,Fakemon_Festival_Full
CROSS_SOURCE_EXACT_DUPLICATE,DS_CUSTOM_LIBRARY/packs/Festival_Magiscarf/Magiscarf/Battlers Shiny Alternate/Front/Lollybog.png,DS_CUSTOM_LIBRARY/packs/Fakemon_Festival_Full/Fakemon Festival Pack/Magiscarf/Battlers Shiny Alternate/Front/Lollybog.png,fd6162a70294bda8b92cb46d232127b0b5281a4693ad70feb6f48c724902f7f9,Festival_Magiscarf,Fakemon_Festival_Full
CROSS_SOURCE_EXACT_DUPLICATE,DS_CUSTOM_LIBRARY/packs/Festival_Magiscarf/Magiscarf/Battlers Shiny Alternate/Front/Hoolihog.png,DS_CUSTOM_LIBRARY/packs/Fakemon_Festival_Full/Fakemon Festival Pack/Magiscarf/Battlers Shiny Alternate/Front/Hoolihog.png,d0ec1f5aa0a2caa8525a2339f2c8aa74fcc24610e83494b341060a0522fc52b3,Festival_Magiscarf,Fakemon_Festival_Full
CROSS_SOURCE_EXACT_DUPLICATE,DS_CUSTOM_LIBRARY/packs/Festival_Magiscarf/Magiscarf/Battlers Shiny Alternate/Front/Bonfur.png,DS_CUSTOM_LIBRARY/packs/Fakemon_Festival_Full/Fakemon Festival Pack/Magiscarf/Battlers Shiny Alternate/Front/Bonfur.png,7d10ab2b3e09b9c66044a88b0fac7128a3460a24714eab01cdd384c66f2422af,Festival_Magiscarf,Fakemon_Festival_Full
CROSS_SOURCE_EXACT_DUPLICATE,DS_CUSTOM_LIBRARY/packs/Festival_Magiscarf/Magiscarf/Battlers Shiny Alternate/Front/Kankersaur.png,DS_CUSTOM_LIBRARY/packs/Fakemon_Festival_Full/Fakemon Festival Pack/Magiscarf/Battlers Shiny Alternate/Front/Kankersaur.png,1c3a5f15c34576ba059e893f990faf46b605004799b309749198b8651ca2a5f6,Festival_Magiscarf,Fakemon_Festival_Full
CROSS_SOURCE_EXACT_DUPLICATE,DS_CUSTOM_LIBRARY/packs/Festival_Magiscarf/Magiscarf/Battlers Shiny Alternate/Front/Forbiddron.png,DS_CUSTOM_LIBRARY/packs/Fakemon_Festival_Full/Fakemon Festival Pack/Magiscarf/Battlers Shiny Alternate/Front/Forbiddron.png,34abc904b57d0b812fbe52532d78c9d510f0b81e50e8c610473b6b52d4599bfd,Festival_Magiscarf,Fakemon_Festival_Full
CROSS_SOURCE_EXACT_DUPLICATE,DS_CUSTOM_LIBRARY/packs/Festival_Magiscarf/Magiscarf/Battlers Shiny Alternate/Front/Impurp.png,DS_CUSTOM_LIBRARY/packs/Fakemon_Festival_Full/Fakemon Festival Pack/Magiscarf/Battlers Shiny Alternate/Front/Impurp.png,89570c3a88d0d9e366b72278514b46fbc1c3b9242e72cc8d1c0bab4493cf168b,Festival_Magiscarf,Fakemon_Festival_Full
CROSS_SOURCE_EXACT_DUPLICATE,DS_CUSTOM_LIBRARY/packs/Festival_Magiscarf/Magiscarf/Battlers Shiny Alternate/Front/Rainther.png,DS_CUSTOM_LIBRARY/packs/Fakemon_Festival_Full/Fakemon Festival Pack/Magiscarf/Battlers Shiny Alternate/Front/Rainther.png,44ddbe45260e6ecda18fa04c1a4170253b45cf3205ddb4634af3307a8f9e1bfa,Festival_Magiscarf,Fakemon_Festival_Full
CROSS_SOURCE_EXACT_DUPLICATE,DS_CUSTOM_LIBRARY/packs/Festival_Magiscarf/Magiscarf/Battlers Shiny Alternate/Front/Rocotton.png,DS_CUSTOM_LIBRARY/packs/Fakemon_Festival_Full/Fakemon Festival Pack/Magiscarf/Battlers Shiny Alternate/Front/Rocotton.png,6271a1c7cde91d954bf53a602d186016ed3bc3f6f0c08361ba57176c4742d25b,Festival_Magiscarf,Fakemon_Festival_Full
CROSS_SOURCE_EXACT_DUPLICATE,DS_CUSTOM_LIBRARY/packs/Festival_Magiscarf/Magiscarf/Battlers Shiny Alternate/Front/Kankryst.png,DS_CUSTOM_LIBRARY/packs/Fakemon_Festival_Full/Fakemon Festival Pack/Magiscarf/Battlers Shiny Alternate/Front/Kankryst.png,cc702d9fda67f7ece28c5bc25de2d8861e4a6ae6bf62d312f00c989fb1b29fa4,Festival_Magiscarf,Fakemon_Festival_Full
CROSS_SOURCE_EXACT_DUPLICATE,DS_CUSTOM_LIBRARY/packs/Festival_Magiscarf/Magiscarf/Battlers Shiny Alternate/Front/Dynabit.png,DS_CUSTOM_LIBRARY/packs/Fakemon_Festival_Full/Fakemon Festival Pack/Magiscarf/Battlers Shiny Alternate/Front/Dynabit.png,ea95a46d530163e81a9407da825f7628c2063f33e96bcd282e2f87355b783b29,Festival_Magiscarf,Fakemon_Festival_Full
CROSS_SOURCE_EXACT_DUPLICATE,DS_CUSTOM_LIBRARY/packs/Festival_Magiscarf/Magiscarf/Battlers Shiny Alternate/Front/Droopig.png,DS_CUSTOM_LIBRARY/packs/Fakemon_Festival_Full/Fakemon Festival Pack/Magiscarf/Battlers Shiny Alternate/Front/Droopig.png,19b72d4021da1c436c3aeae65d4c2232239208310cf73957b9836f8551e5f9e0,Festival_Magiscarf,Fakemon_Festival_Full
CROSS_SOURCE_EXACT_DUPLICATE,DS_CUSTOM_LIBRARY/packs/Festival_Magiscarf/Magiscarf/Battlers Shiny Alternate/Front/Kankwart.png,DS_CUSTOM_LIBRARY/packs/Fakemon_Festival_Full/Fakemon Festival Pack/Magiscarf/Battlers Shiny Alternate/Front/Kankwart.png,5f9dea9e32f165cd8d75fd07241b8f36daabb9b1c382b767afb1a4db9f80cbfe,Festival_Magiscarf,Fakemon_Festival_Full
CROSS_SOURCE_EXACT_DUPLICATE,DS_CUSTOM_LIBRARY/packs/Festival_Magiscarf/Magiscarf/Battlers Shiny Alternate/Front/Pompet.png,DS_CUSTOM_LIBRARY/packs/Fakemon_Festival_Full/Fakemon Festival Pack/Magiscarf/Battlers Shiny Alternate/Front/Pompet.png,b897687def96eda65f3d520d39c93f8e2a5e25671df9facc173bd6a495716a4c,Festival_Magiscarf,Fakemon_Festival_Full
CROSS_SOURCE_EXACT_DUPLICATE,DS_CUSTOM_LIBRARY/packs/Festival_Magiscarf/Magiscarf/Battlers Shiny Alternate/Front/Botanine.png,DS_CUSTOM_LIBRARY/packs/Fakemon_Festival_Full/Fakemon Festival Pack/Magiscarf/Battlers Shiny Alternate/Front/Botanine.png,71699d47bcf14d47bdb0d973622d6f9f61442642b9a3765588107ac9ae54b01d,Festival_Magiscarf,Fakemon_Festival_Full
CROSS_SOURCE_EXACT_DUPLICATE,DS_CUSTOM_LIBRARY/packs/Festival_Magiscarf/Magiscarf/Battlers Shiny Alternate/Front/Skelleks.png,DS_CUSTOM_LIBRARY/packs/Fakemon_Festival_Full/Fakemon Festival Pack/Magiscarf/Battlers Shiny Alternate/Front/Skelleks.png,6f5d0efef6ab7ebcbd85e03a378b33bba9fe91d1142509bab92b22df243163b1,Festival_Magiscarf,Fakemon_Festival_Full
CROSS_SOURCE_EXACT_DUPLICATE,DS_CUSTOM_LIBRARY/packs/Festival_Magiscarf/Magiscarf/Battlers Shiny Alternate/Front/Mivota.png,DS_CUSTOM_LIBRARY/packs/Fakemon_Festival_Full/Fakemon Festival Pack/Magiscarf/Battlers Shiny Alternate/Front/Mivota.png,f2881480d4a9145a61adc47f3fb5a78cecb0e2724663123c724bcd16a5a8e66a,Festival_Magiscarf,Fakemon_Festival_Full
CROSS_SOURCE_EXACT_DUPLICATE,DS_CUSTOM_LIBRARY/packs/Festival_Magiscarf/Magiscarf/Battlers Shiny Alternate/Front/Brewtrid.png,DS_CUSTOM_LIBRARY/packs/Fakemon_Festival_Full/Fakemon Festival Pack/Magiscarf/Battlers Shiny Alternate/Front/Brewtrid.png,ca7e3ef30b7f864aa3c790b5e865ef658c8c9069c218001ffecc75afdf5ec080,Festival_Magiscarf,Fakemon_Festival_Full
CROSS_SOURCE_EXACT_DUPLICATE,DS_CUSTOM_LIBRARY/packs/Festival_Magiscarf/Magiscarf/Battlers Shiny Alternate/Front/Sizzly.png,DS_CUSTOM_LIBRARY/packs/Fakemon_Festival_Full/Fakemon Festival Pack/Magiscarf/Battlers Shiny Alternate/Front/Sizzly.png,4154ec5fad99d783d25104d068acd731f0c6429b45d6f0044d604c3369850232,Festival_Magiscarf,Fakemon_Festival_Full
CROSS_SOURCE_EXACT_DUPLICATE,DS_CUSTOM_LIBRARY/packs/Festival_Magiscarf/Magiscarf/Battlers Shiny Alternate/Front/Pomprim.png,DS_CUSTOM_LIBRARY/packs/Fakemon_Festival_Full/Fakemon Festival Pack/Magiscarf/Battlers Shiny Alternate/Front/Pomprim.png,a39aae210193139188e0c26e669639fc62753aac925614dad3047bd481cd24e2,Festival_Magiscarf,Fakemon_Festival_Full
CROSS_SOURCE_EXACT_DUPLICATE,DS_CUSTOM_LIBRARY/packs/Festival_Magiscarf/Magiscarf/Battlers Shiny Alternate/Front/Howliage.png,DS_CUSTOM_LIBRARY/packs/Fakemon_Festival_Full/Fakemon Festival Pack/Magiscarf/Battlers Shiny Alternate/Front/Howliage.png,dd6a14310999575941067f1a59cbbf4c166145e9205ecc222e9f794191f8eb78,Festival_Magiscarf,Fakemon_Festival_Full
CROSS_SOURCE_EXACT_DUPLICATE,DS_CUSTOM_LIBRARY/packs/Festival_Magiscarf/Magiscarf/Battlers Shiny Alternate/Front/Delugar.png,DS_CUSTOM_LIBRARY/packs/Fakemon_Festival_Full/Fakemon Festival Pack/Magiscarf/Battlers Shiny Alternate/Front/Delugar.png,fa9a470abb4bc621c14b60e9b93d0e180c957a4307a5a7b9a6a425ee4261bde8,Festival_Magiscarf,Fakemon_Festival_Full
CROSS_SOURCE_EXACT_DUPLICATE,DS_CUSTOM_LIBRARY/packs/Festival_Magiscarf/Magiscarf/Battlers Shiny Alternate/Front/Viscolor.png,DS_CUSTOM_LIBRARY/packs/Fakemon_Festival_Full/Fakemon Festival Pack/Magiscarf/Battlers Shiny Alternate/Front/Viscolor.png,9c92ed902315ec2aaadbfa09fc754d0d32879e649089c5260664a69f663ca1d6,Festival_Magiscarf,Fakemon_Festival_Full
CROSS_SOURCE_EXACT_DUPLICATE,DS_CUSTOM_LIBRARY/packs/Festival_Magiscarf/Magiscarf/Battlers Shiny Alternate/Back/Smoald.png,DS_CUSTOM_LIBRARY/packs/Fakemon_Festival_Full/Fakemon Festival Pack/Magiscarf/Battlers Shiny Alternate/Back/Smoald.png,20131ab0afed4e7d67110b67ae7759a0346acb195022d4f75dadb1546d1947bc,Festival_Magiscarf,Fakemon_Festival_Full
CROSS_SOURCE_EXACT_DUPLICATE,DS_CUSTOM_LIBRARY/packs/Festival_Magiscarf/Magiscarf/Battlers Shiny Alternate/Back/Nymfushia.png,DS_CUSTOM_LIBRARY/packs/Fakemon_Festival_Full/Fakemon Festival Pack/Magiscarf/Battlers Shiny Alternate/Back/Nymfushia.png,22cf50d8890393c3fd53730c5ec80c3a89efb5ba918730d84163e95331b68bb6,Festival_Magiscarf,Fakemon_Festival_Full
CROSS_SOURCE_EXACT_DUPLICATE,DS_CUSTOM_LIBRARY/packs/Festival_Magiscarf/Magiscarf/Battlers Shiny Alternate/Back/Tindursa.png,DS_CUSTOM_LIBRARY/packs/Fakemon_Festival_Full/Fakemon Festival Pack/Magiscarf/Battlers Shiny Alternate/Back/Tindursa.png,1776954afa1b0bbfe163e3a25424e8d1dd6f863ed3b7ffeade8b4857abe79db1,Festival_Magiscarf,Fakemon_Festival_Full
CROSS_SOURCE_EXACT_DUPLICATE,DS_CUSTOM_LIBRARY/packs/Festival_Magiscarf/Magiscarf/Battlers Shiny Alternate/Back/Tuffettry.png,DS_CUSTOM_LIBRARY/packs/Fakemon_Festival_Full/Fakemon Festival Pack/Magiscarf/Battlers Shiny Alternate/Back/Tuffettry.png,113475263764f57339a5a09d641ae21eeda5063574c53ae5334a47bedd1dab6a,Festival_Magiscarf,Fakemon_Festival_Full
CROSS_SOURCE_EXACT_DUPLICATE,DS_CUSTOM_LIBRARY/packs/Festival_Magiscarf/Magiscarf/Battlers Shiny Alternate/Back/Plushion.png,DS_CUSTOM_LIBRARY/packs/Fakemon_Festival_Full/Fakemon Festival Pack/Magiscarf/Battlers Shiny Alternate/Back/Plushion.png,d61f71c2feb3b7b09c77d23695a04cc711e93c0033397c0c3cbe3ed12d7d19cf,Festival_Magiscarf,Fakemon_Festival_Full
CROSS_SOURCE_EXACT_DUPLICATE,DS_CUSTOM_LIBRARY/packs/Festival_Magiscarf/Magiscarf/Battlers Shiny Alternate/Back/Dampurr.png,DS_CUSTOM_LIBRARY/packs/Fakemon_Festival_Full/Fakemon Festival Pack/Magiscarf/Battlers Shiny Alternate/Back/Dampurr.png,ace3e1ac92fae9c2a3e2d5b701e47755b89bd1f4a166ddb21bc4b910f35d8a8b,Festival_Magiscarf,Fakemon_Festival_Full
CROSS_SOURCE_EXACT_DUPLICATE,DS_CUSTOM_LIBRARY/packs/Festival_Magiscarf/Magiscarf/Battlers Shiny Alternate/Back/Umbreeze.png,DS_CUSTOM_LIBRARY/packs/Fakemon_Festival_Full/Fakemon Festival Pack/Magiscarf/Battlers Shiny Alternate/Back/Umbreeze.png,699babd66ef1ce25237f348191047f4d8f1123bfd7636f244b05e45186a3e53a,Festival_Magiscarf,Fakemon_Festival_Full
CROSS_SOURCE_EXACT_DUPLICATE,DS_CUSTOM_LIBRARY/packs/Festival_Magiscarf/Magiscarf/Battlers Shiny Alternate/Back/Dripwirt.png,DS_CUSTOM_LIBRARY/packs/Fakemon_Festival_Full/Fakemon Festival Pack/Magiscarf/Battlers Shiny Alternate/Back/Dripwirt.png,1eed690b72e8a3f3dece91d82865e5a1546b46541ebf4a1f5cad5d950adaf421,Festival_Magiscarf,Fakemon_Festival_Full
CROSS_SOURCE_EXACT_DUPLICATE,DS_CUSTOM_LIBRARY/packs/Festival_Magiscarf/Magiscarf/Battlers Shiny Alternate/Back/Bombustoad.png,DS_CUSTOM_LIBRARY/packs/Fakemon_Festival_Full/Fakemon Festival Pack/Magiscarf/Battlers Shiny Alternate/Back/Bombustoad.png,b4155df62009b7e1cb908b7a44f500cbe06ffc023cfa3ffa10b87e9725436899,Festival_Magiscarf,Fakemon_Festival_Full
CROSS_SOURCE_EXACT_DUPLICATE,DS_CUSTOM_LIBRARY/packs/Festival_Magiscarf/Magiscarf/Battlers Shiny Alternate/Back/Negagen.png,DS_CUSTOM_LIBRARY/packs/Fakemon_Festival_Full/Fakemon Festival Pack/Magiscarf/Battlers Shiny Alternate/Back/Negagen.png,733823deea5b28a77ce821c1765fb48cffd1efa168b66a00a3bdd484031c208b,Festival_Magiscarf,Fakemon_Festival_Full
CROSS_SOURCE_EXACT_DUPLICATE,DS_CUSTOM_LIBRARY/packs/Festival_Magiscarf/Magiscarf/Battlers Shiny Alternate/Back/Sligment.png,DS_CUSTOM_LIBRARY/packs/Fakemon_Festival_Full/Fakemon Festival Pack/Magiscarf/Battlers Shiny Alternate/Back/Sligment.png,1092dd3961b3fbcd4b95536e62f5505ba18de9ca1298fa667d738900f1b78fdf,Festival_Magiscarf,Fakemon_Festival_Full
CROSS_SOURCE_EXACT_DUPLICATE,DS_CUSTOM_LIBRARY/packs/Festival_Magiscarf/Magiscarf/Battlers Shiny Alternate/Back/Gelescent.png,DS_CUSTOM_LIBRARY/packs/Fakemon_Festival_Full/Fakemon Festival Pack/Magiscarf/Battlers Shiny Alternate/Back/Gelescent.png,9c699f2a72f704fad41ee487d2079357ea174a9c12a03c80f2f7ddae9ea3f1cb,Festival_Magiscarf,Fakemon_Festival_Full
CROSS_SOURCE_EXACT_DUPLICATE,DS_CUSTOM_LIBRARY/packs/Festival_Magiscarf/Magiscarf/Battlers Shiny Alternate/Back/Timberry.png,DS_CUSTOM_LIBRARY/packs/Fakemon_Festival_Full/Fakemon Festival Pack/Magiscarf/Battlers Shiny Alternate/Back/Timberry.png,0353578e466da9c2d5915abc2f98ff40496298b130487ee06017fe0d233260f4,Festival_Magiscarf,Fakemon_Festival_Full
CROSS_SOURCE_EXACT_DUPLICATE,DS_CUSTOM_LIBRARY/packs/Festival_Magiscarf/Magiscarf/Battlers Shiny Alternate/Back/Silennium.png,DS_CUSTOM_LIBRARY/packs/Fakemon_Festival_Full/Fakemon Festival Pack/Magiscarf/Battlers Shiny Alternate/Back/Silennium.png,5bb1dde2bfd715ebf9af9fe375888b05dcbf23e49de94a2da31d178e24556039,Festival_Magiscarf,Fakemon_Festival_Full
CROSS_SOURCE_EXACT_DUPLICATE,DS_CUSTOM_LIBRARY/packs/Festival_Magiscarf/Magiscarf/Battlers Shiny Alternate/Back/Pourka.png,DS_CUSTOM_LIBRARY/packs/Fakemon_Festival_Full/Fakemon Festival Pack/Magiscarf/Battlers Shiny Alternate/Back/Pourka.png,19e9cc09bd86fd9d24a2d7bf587d8d414001e3d291ff26f904fc2c29f43cefd0,Festival_Magiscarf,Fakemon_Festival_Full
CROSS_SOURCE_EXACT_DUPLICATE,DS_CUSTOM_LIBRARY/packs/Festival_Magiscarf/Magiscarf/Battlers Shiny Alternate/Back/Lollybog.png,DS_CUSTOM_LIBRARY/packs/Fakemon_Festival_Full/Fakemon Festival Pack/Magiscarf/Battlers Shiny Alternate/Back/Lollybog.png,425aa5e8644705d97b914d071ad603d6c6087671600a785a45b5ab995c07c85c,Festival_Magiscarf,Fakemon_Festival_Full
CROSS_SOURCE_EXACT_DUPLICATE,DS_CUSTOM_LIBRARY/packs/Festival_Magiscarf/Magiscarf/Battlers Shiny Alternate/Back/Hoolihog.png,DS_CUSTOM_LIBRARY/packs/Fakemon_Festival_Full/Fakemon Festival Pack/Magiscarf/Battlers Shiny Alternate/Back/Hoolihog.png,b2808dbf21417fb61ea2fdce99a5272ee507404bf23e3a54b1482d2482ecd6ad,Festival_Magiscarf,Fakemon_Festival_Full
CROSS_SOURCE_EXACT_DUPLICATE,DS_CUSTOM_LIBRARY/packs/Festival_Magiscarf/Magiscarf/Battlers Shiny Alternate/Back/Bonfur.png,DS_CUSTOM_LIBRARY/packs/Fakemon_Festival_Full/Fakemon Festival Pack/Magiscarf/Battlers Shiny Alternate/Back/Bonfur.png,8f9d3a4d876745b674acf90dc1c9a3af04c3bb6168484c2a593e8b11e390070f,Festival_Magiscarf,Fakemon_Festival_Full
CROSS_SOURCE_EXACT_DUPLICATE,DS_CUSTOM_LIBRARY/packs/Festival_Magiscarf/Magiscarf/Battlers Shiny Alternate/Back/Kankersaur.png,DS_CUSTOM_LIBRARY/packs/Fakemon_Festival_Full/Fakemon Festival Pack/Magiscarf/Battlers Shiny Alternate/Back/Kankersaur.png,8a2ac89922dded3754fea376290cfe33b935387c332be1e481c5d57419d953cc,Festival_Magiscarf,Fakemon_Festival_Full
CROSS_SOURCE_EXACT_DUPLICATE,DS_CUSTOM_LIBRARY/packs/Festival_Magiscarf/Magiscarf/Battlers Shiny Alternate/Back/Forbiddron.png,DS_CUSTOM_LIBRARY/packs/Fakemon_Festival_Full/Fakemon Festival Pack/Magiscarf/Battlers Shiny Alternate/Back/Forbiddron.png,c3ed7f60cba01cd17e7830054d24d441ec1e67300c39a7924c08ddf1ada25719,Festival_Magiscarf,Fakemon_Festival_Full
CROSS_SOURCE_EXACT_DUPLICATE,DS_CUSTOM_LIBRARY/packs/Festival_Magiscarf/Magiscarf/Battlers Shiny Alternate/Back/Impurp.png,DS_CUSTOM_LIBRARY/packs/Fakemon_Festival_Full/Fakemon Festival Pack/Magiscarf/Battlers Shiny Alternate/Back/Impurp.png,905f9959cdc8e2e2e0b2bf5fa69cb219adaad1c6204f0541ae56143addaf432b,Festival_Magiscarf,Fakemon_Festival_Full
CROSS_SOURCE_EXACT_DUPLICATE,DS_CUSTOM_LIBRARY/packs/Festival_Magiscarf/Magiscarf/Battlers Shiny Alternate/Back/Rainther.png,DS_CUSTOM_LIBRARY/packs/Fakemon_Festival_Full/Fakemon Festival Pack/Magiscarf/Battlers Shiny Alternate/Back/Rainther.png,f5b7080151d73aeabcbd536c95c3e219c659e1aa01915ab1780a82db1041af19,Festival_Magiscarf,Fakemon_Festival_Full
CROSS_SOURCE_EXACT_DUPLICATE,DS_CUSTOM_LIBRARY/packs/Festival_Magiscarf/Magiscarf/Battlers Shiny Alternate/Back/Rocotton.png,DS_CUSTOM_LIBRARY/packs/Fakemon_Festival_Full/Fakemon Festival Pack/Magiscarf/Battlers Shiny Alternate/Back/Rocotton.png,0dda236e465bbb88f5cfba0a85e64f91db2ea35ec39b183d5108bb41dc6ff2cc,Festival_Magiscarf,Fakemon_Festival_Full
CROSS_SOURCE_EXACT_DUPLICATE,DS_CUSTOM_LIBRARY/packs/Festival_Magiscarf/Magiscarf/Battlers Shiny Alternate/Back/Kankryst.png,DS_CUSTOM_LIBRARY/packs/Fakemon_Festival_Full/Fakemon Festival Pack/Magiscarf/Battlers Shiny Alternate/Back/Kankryst.png,4509805efe2673bb6d9a0a40ff78e200a8408647614d572a8f48337cf3b57368,Festival_Magiscarf,Fakemon_Festival_Full
CROSS_SOURCE_EXACT_DUPLICATE,DS_CUSTOM_LIBRARY/packs/Festival_Magiscarf/Magiscarf/Battlers Shiny Alternate/Back/Dynabit.png,DS_CUSTOM_LIBRARY/packs/Fakemon_Festival_Full/Fakemon Festival Pack/Magiscarf/Battlers Shiny Alternate/Back/Dynabit.png,e320c163d2b9759a24b11bc7ec0091363d241ee9f046388aa75f6dd528cab886,Festival_Magiscarf,Fakemon_Festival_Full
CROSS_SOURCE_EXACT_DUPLICATE,DS_CUSTOM_LIBRARY/packs/Festival_Magiscarf/Magiscarf/Battlers Shiny Alternate/Back/Droopig.png,DS_CUSTOM_LIBRARY/packs/Fakemon_Festival_Full/Fakemon Festival Pack/Magiscarf/Battlers Shiny Alternate/Back/Droopig.png,67069426f4ef7d4e635c41c22accd5254644a0bb3c82ba40c2ed0d344e22eaab,Festival_Magiscarf,Fakemon_Festival_Full
CROSS_SOURCE_EXACT_DUPLICATE,DS_CUSTOM_LIBRARY/packs/Festival_Magiscarf/Magiscarf/Battlers Shiny Alternate/Back/Kankwart.png,DS_CUSTOM_LIBRARY/packs/Fakemon_Festival_Full/Fakemon Festival Pack/Magiscarf/Battlers Shiny Alternate/Back/Kankwart.png,cc77991b3c9bf5c732eb230a55a0a72be4da947c2a7bcd504109c072f73bbd93,Festival_Magiscarf,Fakemon_Festival_Full
CROSS_SOURCE_EXACT_DUPLICATE,DS_CUSTOM_LIBRARY/packs/Festival_Magiscarf/Magiscarf/Battlers Shiny Alternate/Back/Pompet.png,DS_CUSTOM_LIBRARY/packs/Fakemon_Festival_Full/Fakemon Festival Pack/Magiscarf/Battlers Shiny Alternate/Back/Pompet.png,9eeae8edd2dff896adde2e51ab9f3bde6dc17f63dce70a64b427e0b103d1f8a7,Festival_Magiscarf,Fakemon_Festival_Full
CROSS_SOURCE_EXACT_DUPLICATE,DS_CUSTOM_LIBRARY/packs/Festival_Magiscarf/Magiscarf/Battlers Shiny Alternate/Back/Botanine.png,DS_CUSTOM_LIBRARY/packs/Fakemon_Festival_Full/Fakemon Festival Pack/Magiscarf/Battlers Shiny Alternate/Back/Botanine.png,8cbda6d1c06c4b1aca1db50704e46e279ccb6fb329d6f3fe6c8bd679d7d8fdcf,Festival_Magiscarf,Fakemon_Festival_Full
CROSS_SOURCE_EXACT_DUPLICATE,DS_CUSTOM_LIBRARY/packs/Festival_Magiscarf/Magiscarf/Battlers Shiny Alternate/Back/Skelleks.png,DS_CUSTOM_LIBRARY/packs/Fakemon_Festival_Full/Fakemon Festival Pack/Magiscarf/Battlers Shiny Alternate/Back/Skelleks.png,cbad6cf68412abff29e307d62320827ee34aa48e61b4874be11b7964d618a818,Festival_Magiscarf,Fakemon_Festival_Full
CROSS_SOURCE_EXACT_DUPLICATE,DS_CUSTOM_LIBRARY/packs/Festival_Magiscarf/Magiscarf/Battlers Shiny Alternate/Back/Mivota.png,DS_CUSTOM_LIBRARY/packs/Fakemon_Festival_Full/Fakemon Festival Pack/Magiscarf/Battlers Shiny Alternate/Back/Mivota.png,183690df68cab7d91ee638ade61bec280d0f777cbb78e0d6ab5250a6aa4aeaad,Festival_Magiscarf,Fakemon_Festival_Full
CROSS_SOURCE_EXACT_DUPLICATE,DS_CUSTOM_LIBRARY/packs/Festival_Magiscarf/Magiscarf/Battlers Shiny Alternate/Back/Brewtrid.png,DS_CUSTOM_LIBRARY/packs/Fakemon_Festival_Full/Fakemon Festival Pack/Magiscarf/Battlers Shiny Alternate/Back/Brewtrid.png,aabb0e599e4bf0b970f885b84dce0808befb0efc52ae6327b4e204577a3d2dd9,Festival_Magiscarf,Fakemon_Festival_Full
CROSS_SOURCE_EXACT_DUPLICATE,DS_CUSTOM_LIBRARY/packs/Festival_Magiscarf/Magiscarf/Battlers Shiny Alternate/Back/Sizzly.png,DS_CUSTOM_LIBRARY/packs/Fakemon_Festival_Full/Fakemon Festival Pack/Magiscarf/Battlers Shiny Alternate/Back/Sizzly.png,fee6c1b481409fbb3c364bc9b0cd09989f46d410a4b2de3037e261c93f0c78dd,Festival_Magiscarf,Fakemon_Festival_Full
CROSS_SOURCE_EXACT_DUPLICATE,DS_CUSTOM_LIBRARY/packs/Festival_Magiscarf/Magiscarf/Battlers Shiny Alternate/Back/Pomprim.png,DS_CUSTOM_LIBRARY/packs/Fakemon_Festival_Full/Fakemon Festival Pack/Magiscarf/Battlers Shiny Alternate/Back/Pomprim.png,22cfc8cdc3032ba458d3b9ee421c992fd49d6de90255a9e6391d17c96ec73e67,Festival_Magiscarf,Fakemon_Festival_Full
CROSS_SOURCE_EXACT_DUPLICATE,DS_CUSTOM_LIBRARY/packs/Festival_Magiscarf/Magiscarf/Battlers Shiny Alternate/Back/Howliage.png,DS_CUSTOM_LIBRARY/packs/Fakemon_Festival_Full/Fakemon Festival Pack/Magiscarf/Battlers Shiny Alternate/Back/Howliage.png,df6058e8aa9ba66b19f160132927f576e744b84405fa2aae8652e43b3a56fa79,Festival_Magiscarf,Fakemon_Festival_Full
CROSS_SOURCE_EXACT_DUPLICATE,DS_CUSTOM_LIBRARY/packs/Festival_Magiscarf/Magiscarf/Battlers Shiny Alternate/Back/Delugar.png,DS_CUSTOM_LIBRARY/packs/Fakemon_Festival_Full/Fakemon Festival Pack/Magiscarf/Battlers Shiny Alternate/Back/Delugar.png,31d66c6f9ad3e75468a46c01656ad2d199d290183fe51d8d1f91e800aa9f24b0,Festival_Magiscarf,Fakemon_Festival_Full
CROSS_SOURCE_EXACT_DUPLICATE,DS_CUSTOM_LIBRARY/packs/Festival_Magiscarf/Magiscarf/Battlers Shiny Alternate/Back/Viscolor.png,DS_CUSTOM_LIBRARY/packs/Fakemon_Festival_Full/Fakemon Festival Pack/Magiscarf/Battlers Shiny Alternate/Back/Viscolor.png,9c907e8d9121a935953bf766f081f1f1c24b324a5bf12bcfdf2551a9c2833937,Festival_Magiscarf,Fakemon_Festival_Full
CROSS_SOURCE_EXACT_DUPLICATE,DS_CUSTOM_LIBRARY/packs/Festival_Magiscarf/Magiscarf/Gen 4 Battlers/Fronts/RAINTHER.png,DS_CUSTOM_LIBRARY/packs/Fakemon_Festival_Full/Fakemon Festival Pack/Magiscarf/Gen 4 Battlers/Fronts/RAINTHER.png,d112adb6020f4303474c44e20ba52b3ca224e81e196d03937a49e04a0ee6a074,Festival_Magiscarf,Fakemon_Festival_Full
CROSS_SOURCE_EXACT_DUPLICATE,DS_CUSTOM_LIBRARY/packs/Festival_Magiscarf/Magiscarf/Gen 4 Battlers/Fronts/DAMPURR.png,DS_CUSTOM_LIBRARY/packs/Fakemon_Festival_Full/Fakemon Festival Pack/Magiscarf/Gen 4 Battlers/Fronts/DAMPURR.png,b8a0692b027f05a66cf6d2e4efcd7a06fe1a5e5f76a2c9c27e4ba560333fdc13,Festival_Magiscarf,Fakemon_Festival_Full
CROSS_SOURCE_EXACT_DUPLICATE,DS_CUSTOM_LIBRARY/packs/Festival_Magiscarf/Magiscarf/Gen 4 Battlers/Fronts/DELUGAR.png,DS_CUSTOM_LIBRARY/packs/Fakemon_Festival_Full/Fakemon Festival Pack/Magiscarf/Gen 4 Battlers/Fronts/DELUGAR.png,7b73a904558cbc1e38e15436924d15829fd074ddf3ab4220745354fb223c2571,Festival_Magiscarf,Fakemon_Festival_Full
CROSS_SOURCE_EXACT_DUPLICATE,DS_CUSTOM_LIBRARY/packs/Festival_Magiscarf/Magiscarf/Gen 4 Battlers/Backs/RAINTHER.png,DS_CUSTOM_LIBRARY/packs/Fakemon_Festival_Full/Fakemon Festival Pack/Magiscarf/Gen 4 Battlers/Backs/RAINTHER.png,060cc878ecdcf87364859629a59811d9583b737863fa2e73ba9d3b6c0002212d,Festival_Magiscarf,Fakemon_Festival_Full
CROSS_SOURCE_EXACT_DUPLICATE,DS_CUSTOM_LIBRARY/packs/Festival_Magiscarf/Magiscarf/Gen 4 Battlers/Backs/DAMPURR.png,DS_CUSTOM_LIBRARY/packs/Fakemon_Festival_Full/Fakemon Festival Pack/Magiscarf/Gen 4 Battlers/Backs/DAMPURR.png,ffaa10d8ff7c8cadf33a575e04f302c85983e61cbf214b1b3aa12e7d55a92f08,Festival_Magiscarf,Fakemon_Festival_Full
CROSS_SOURCE_EXACT_DUPLICATE,DS_CUSTOM_LIBRARY/packs/Festival_Magiscarf/Magiscarf/Gen 4 Battlers/Backs/DELUGAR.png,DS_CUSTOM_LIBRARY/packs/Fakemon_Festival_Full/Fakemon Festival Pack/Magiscarf/Gen 4 Battlers/Backs/DELUGAR.png,411e158e0a31be4ba5158cbde98bffe52b39052f4d5cc74dbeef7d54ab836af9,Festival_Magiscarf,Fakemon_Festival_Full
CROSS_SOURCE_EXACT_DUPLICATE,DS_CUSTOM_LIBRARY/packs/Festival_Magiscarf/Magiscarf/Battlers Shiny/Front/Smoald.png,DS_CUSTOM_LIBRARY/packs/Fakemon_Festival_Full/Fakemon Festival Pack/Magiscarf/Battlers Shiny/Front/Smoald.png,78dada6fe2f7499edd6dc6e810a200ba782cafa19bc461965af1aa8d1760084e,Festival_Magiscarf,Fakemon_Festival_Full
CROSS_SOURCE_EXACT_DUPLICATE,DS_CUSTOM_LIBRARY/packs/Festival_Magiscarf/Magiscarf/Battlers Shiny/Front/Nymfushia.png,DS_CUSTOM_LIBRARY/packs/Fakemon_Festival_Full/Fakemon Festival Pack/Magiscarf/Battlers Shiny/Front/Nymfushia.png,e02c8b0783d6f479e7a83487f96e1a0a93adeca528ee3cb1198333abf37d7875,Festival_Magiscarf,Fakemon_Festival_Full
CROSS_SOURCE_EXACT_DUPLICATE,DS_CUSTOM_LIBRARY/packs/Festival_Magiscarf/Magiscarf/Battlers Shiny/Front/Tindursa.png,DS_CUSTOM_LIBRARY/packs/Fakemon_Festival_Full/Fakemon Festival Pack/Magiscarf/Battlers Shiny/Front/Tindursa.png,318a127773e4030a40da7971def408e733e1a2afa65b5f34c5ef2421318c3ebd,Festival_Magiscarf,Fakemon_Festival_Full
CROSS_SOURCE_EXACT_DUPLICATE,DS_CUSTOM_LIBRARY/packs/Festival_Magiscarf/Magiscarf/Battlers Shiny/Front/Tuffettry.png,DS_CUSTOM_LIBRARY/packs/Fakemon_Festival_Full/Fakemon Festival Pack/Magiscarf/Battlers Shiny/Front/Tuffettry.png,c20f4caa571585b590d6a54cf71134d6dc33858e33d60c2eb6259f4b2410a9c4,Festival_Magiscarf,Fakemon_Festival_Full
CROSS_SOURCE_EXACT_DUPLICATE,DS_CUSTOM_LIBRARY/packs/Festival_Magiscarf/Magiscarf/Battlers Shiny/Front/Avipex.png,DS_CUSTOM_LIBRARY/packs/Fakemon_Festival_Full/Fakemon Festival Pack/Magiscarf/Battlers Shiny/Front/Avipex.png,8fb97375ad711f47e22c4296d2d5a5d36e096b53fefcd3f380489a08499c950c,Festival_Magiscarf,Fakemon_Festival_Full
CROSS_SOURCE_EXACT_DUPLICATE,DS_CUSTOM_LIBRARY/packs/Festival_Magiscarf/Magiscarf/Battlers Shiny/Front/Plushion.png,DS_CUSTOM_LIBRARY/packs/Fakemon_Festival_Full/Fakemon Festival Pack/Magiscarf/Battlers Shiny/Front/Plushion.png,0ebe5b968eacb3ad1d3744804376837f37885bb522926755ca4c12071a984015,Festival_Magiscarf,Fakemon_Festival_Full
CROSS_SOURCE_EXACT_DUPLICATE,DS_CUSTOM_LIBRARY/packs/Festival_Magiscarf/Magiscarf/Battlers Shiny/Front/Dampurr.png,DS_CUSTOM_LIBRARY/packs/Fakemon_Festival_Full/Fakemon Festival Pack/Magiscarf/Battlers Shiny/Front/Dampurr.png,b155bcd1bdb6b5ad6e3f0aeba9cc008832f95630b01ecd64d0c1962ba029151d,Festival_Magiscarf,Fakemon_Festival_Full
CROSS_SOURCE_EXACT_DUPLICATE,DS_CUSTOM_LIBRARY/packs/Festival_Magiscarf/Magiscarf/Battlers Shiny/Front/Umbreeze.png,DS_CUSTOM_LIBRARY/packs/Fakemon_Festival_Full/Fakemon Festival Pack/Magiscarf/Battlers Shiny/Front/Umbreeze.png,bbbbf653c54dbf21f1d228c9730432b5ad1acde8b978956f6742f2419fd9e6a9,Festival_Magiscarf,Fakemon_Festival_Full
CROSS_SOURCE_EXACT_DUPLICATE,DS_CUSTOM_LIBRARY/packs/Festival_Magiscarf/Magiscarf/Battlers Shiny/Front/Dripwirt.png,DS_CUSTOM_LIBRARY/packs/Fakemon_Festival_Full/Fakemon Festival Pack/Magiscarf/Battlers Shiny/Front/Dripwirt.png,25a1115328d8a23bfa29d8b025fb01762a31ae3018019412c1f54af9b4e2c6a7,Festival_Magiscarf,Fakemon_Festival_Full
CROSS_SOURCE_EXACT_DUPLICATE,DS_CUSTOM_LIBRARY/packs/Festival_Magiscarf/Magiscarf/Battlers Shiny/Front/Bombustoad.png,DS_CUSTOM_LIBRARY/packs/Fakemon_Festival_Full/Fakemon Festival Pack/Magiscarf/Battlers Shiny/Front/Bombustoad.png,848a99a50df27da6ff82a8ab9c101260b2dd48998ed8f644bd4a47f756a00cf2,Festival_Magiscarf,Fakemon_Festival_Full
CROSS_SOURCE_EXACT_DUPLICATE,DS_CUSTOM_LIBRARY/packs/Festival_Magiscarf/Magiscarf/Battlers Shiny/Front/Negagen.png,DS_CUSTOM_LIBRARY/packs/Fakemon_Festival_Full/Fakemon Festival Pack/Magiscarf/Battlers Shiny/Front/Negagen.png,4dedd75afac3c3a279000e69516299a85350aedb9f24f90e62fb30f2475ad1c5,Festival_Magiscarf,Fakemon_Festival_Full
CROSS_SOURCE_EXACT_DUPLICATE,DS_CUSTOM_LIBRARY/packs/Festival_Magiscarf/Magiscarf/Battlers Shiny/Front/Saurky.png,DS_CUSTOM_LIBRARY/packs/Fakemon_Festival_Full/Fakemon Festival Pack/Magiscarf/Battlers Shiny/Front/Saurky.png,dc22054e12159670f68dc0412da26cc9d27ef122a8c04fe968eeff2dfa02af3a,Festival_Magiscarf,Fakemon_Festival_Full
CROSS_SOURCE_EXACT_DUPLICATE,DS_CUSTOM_LIBRARY/packs/Festival_Magiscarf/Magiscarf/Battlers Shiny/Front/Sligment.png,DS_CUSTOM_LIBRARY/packs/Fakemon_Festival_Full/Fakemon Festival Pack/Magiscarf/Battlers Shiny/Front/Sligment.png,8ff3c3837d11ff8b5339e799d807aa413dd9be5940a2ced156d4d25874ccea28,Festival_Magiscarf,Fakemon_Festival_Full
CROSS_SOURCE_EXACT_DUPLICATE,DS_CUSTOM_LIBRARY/packs/Festival_Magiscarf/Magiscarf/Battlers Shiny/Front/Gelescent.png,DS_CUSTOM_LIBRARY/packs/Fakemon_Festival_Full/Fakemon Festival Pack/Magiscarf/Battlers Shiny/Front/Gelescent.png,eac43f6939f71c3f43e289386844933ca9eb9b174022e4b196e818375a9a445e,Festival_Magiscarf,Fakemon_Festival_Full
CROSS_SOURCE_EXACT_DUPLICATE,DS_CUSTOM_LIBRARY/packs/Festival_Magiscarf/Magiscarf/Battlers Shiny/Front/Timberry.png,DS_CUSTOM_LIBRARY/packs/Fakemon_Festival_Full/Fakemon Festival Pack/Magiscarf/Battlers Shiny/Front/Timberry.png,7ad8cd9ea63f585254f5ed9b9b5c082a47a8c71efca86267ce193902395addb1,Festival_Magiscarf,Fakemon_Festival_Full
CROSS_SOURCE_EXACT_DUPLICATE,DS_CUSTOM_LIBRARY/packs/Festival_Magiscarf/Magiscarf/Battlers Shiny/Front/Silennium.png,DS_CUSTOM_LIBRARY/packs/Fakemon_Festival_Full/Fakemon Festival Pack/Magiscarf/Battlers Shiny/Front/Silennium.png,06a3991267762d39138d9c970260d34659b24391043e3aca2393b0e1ccd76b74,Festival_Magiscarf,Fakemon_Festival_Full
CROSS_SOURCE_EXACT_DUPLICATE,DS_CUSTOM_LIBRARY/packs/Festival_Magiscarf/Magiscarf/Battlers Shiny/Front/Pourka.png,DS_CUSTOM_LIBRARY/packs/Fakemon_Festival_Full/Fakemon Festival Pack/Magiscarf/Battlers Shiny/Front/Pourka.png,6d881f43244c28e6615d4873eb88312215b12889f45e9ce380c899f6386b6936,Festival_Magiscarf,Fakemon_Festival_Full
CROSS_SOURCE_EXACT_DUPLICATE,DS_CUSTOM_LIBRARY/packs/Festival_Magiscarf/Magiscarf/Battlers Shiny/Front/Lollybog.png,DS_CUSTOM_LIBRARY/packs/Fakemon_Festival_Full/Fakemon Festival Pack/Magiscarf/Battlers Shiny/Front/Lollybog.png,b49ae01b2bdd16fe995af0ad1461cc21525ebc8dfbe6cd7fa1cd3f4b8cfb49df,Festival_Magiscarf,Fakemon_Festival_Full
CROSS_SOURCE_EXACT_DUPLICATE,DS_CUSTOM_LIBRARY/packs/Festival_Magiscarf/Magiscarf/Battlers Shiny/Front/Hoolihog.png,DS_CUSTOM_LIBRARY/packs/Fakemon_Festival_Full/Fakemon Festival Pack/Magiscarf/Battlers Shiny/Front/Hoolihog.png,6570e6322da4abd5d09600c18ae8286e1591df7de386aa7e0d7f1a9a337ccf79,Festival_Magiscarf,Fakemon_Festival_Full
CROSS_SOURCE_EXACT_DUPLICATE,DS_CUSTOM_LIBRARY/packs/Festival_Magiscarf/Magiscarf/Battlers Shiny/Front/Bonfur.png,DS_CUSTOM_LIBRARY/packs/Fakemon_Festival_Full/Fakemon Festival Pack/Magiscarf/Battlers Shiny/Front/Bonfur.png,c3024a101d08170253ebf386246f60053c8a0a0b6ca08ef6cf2325504bd5fcf7,Festival_Magiscarf,Fakemon_Festival_Full
CROSS_SOURCE_EXACT_DUPLICATE,DS_CUSTOM_LIBRARY/packs/Festival_Magiscarf/Magiscarf/Battlers Shiny/Front/Kankersaur.png,DS_CUSTOM_LIBRARY/packs/Fakemon_Festival_Full/Fakemon Festival Pack/Magiscarf/Battlers Shiny/Front/Kankersaur.png,339ffb38d6d42626ccf3726460693d49c19941bef4e4cd6e3ab0b45ca6d123b5,Festival_Magiscarf,Fakemon_Festival_Full
CROSS_SOURCE_EXACT_DUPLICATE,DS_CUSTOM_LIBRARY/packs/Festival_Magiscarf/Magiscarf/Battlers Shiny/Front/Forbiddron.png,DS_CUSTOM_LIBRARY/packs/Fakemon_Festival_Full/Fakemon Festival Pack/Magiscarf/Battlers Shiny/Front/Forbiddron.png,f980b604b4cc21633c7fa98e4a29baefed976753181bb39eb1ff16857ab178b8,Festival_Magiscarf,Fakemon_Festival_Full
CROSS_SOURCE_EXACT_DUPLICATE,DS_CUSTOM_LIBRARY/packs/Festival_Magiscarf/Magiscarf/Battlers Shiny/Front/Impurp.png,DS_CUSTOM_LIBRARY/packs/Fakemon_Festival_Full/Fakemon Festival Pack/Magiscarf/Battlers Shiny/Front/Impurp.png,e4765405d73f15d8516f92b4bca03158c7116dbb718398852b81d4a628355a1d,Festival_Magiscarf,Fakemon_Festival_Full
CROSS_SOURCE_EXACT_DUPLICATE,DS_CUSTOM_LIBRARY/packs/Festival_Magiscarf/Magiscarf/Battlers Shiny/Front/Rainther.png,DS_CUSTOM_LIBRARY/packs/Fakemon_Festival_Full/Fakemon Festival Pack/Magiscarf/Battlers Shiny/Front/Rainther.png,952506586d8d54d7dc6e03602de76db36ae48609781c6684f132188620260256,Festival_Magiscarf,Fakemon_Festival_Full
CROSS_SOURCE_EXACT_DUPLICATE,DS_CUSTOM_LIBRARY/packs/Festival_Magiscarf/Magiscarf/Battlers Shiny/Front/Rocotton.png,DS_CUSTOM_LIBRARY/packs/Fakemon_Festival_Full/Fakemon Festival Pack/Magiscarf/Battlers Shiny/Front/Rocotton.png,7c243f29413f393680e51cdc629c932f4e2ac70782fa292a8149ea28f420a5b1,Festival_Magiscarf,Fakemon_Festival_Full
CROSS_SOURCE_EXACT_DUPLICATE,DS_CUSTOM_LIBRARY/packs/Festival_Magiscarf/Magiscarf/Battlers Shiny/Front/Kankryst.png,DS_CUSTOM_LIBRARY/packs/Fakemon_Festival_Full/Fakemon Festival Pack/Magiscarf/Battlers Shiny/Front/Kankryst.png,1730253c2b8e80b90d717a6ad954a4ba74699b834e1fc26678f2aa62ae116d64,Festival_Magiscarf,Fakemon_Festival_Full
CROSS_SOURCE_EXACT_DUPLICATE,DS_CUSTOM_LIBRARY/packs/Festival_Magiscarf/Magiscarf/Battlers Shiny/Front/Dynabit.png,DS_CUSTOM_LIBRARY/packs/Fakemon_Festival_Full/Fakemon Festival Pack/Magiscarf/Battlers Shiny/Front/Dynabit.png,b21ed8d6adc50571457d40a184b0d70805cc9aa6ad2d252b82fcc6e02dd1188b,Festival_Magiscarf,Fakemon_Festival_Full
CROSS_SOURCE_EXACT_DUPLICATE,DS_CUSTOM_LIBRARY/packs/Festival_Magiscarf/Magiscarf/Battlers Shiny/Front/Droopig.png,DS_CUSTOM_LIBRARY/packs/Fakemon_Festival_Full/Fakemon Festival Pack/Magiscarf/Battlers Shiny/Front/Droopig.png,c997b3c33ed24346b203828dcc848dbde52829f75ea1487ba8bbf2878a37759c,Festival_Magiscarf,Fakemon_Festival_Full
CROSS_SOURCE_EXACT_DUPLICATE,DS_CUSTOM_LIBRARY/packs/Festival_Magiscarf/Magiscarf/Battlers Shiny/Front/Kankwart.png,DS_CUSTOM_LIBRARY/packs/Fakemon_Festival_Full/Fakemon Festival Pack/Magiscarf/Battlers Shiny/Front/Kankwart.png,efdcda7904b1f6c2904ad23371652c19280d47afcbf169dab0c21839e29c45f5,Festival_Magiscarf,Fakemon_Festival_Full
CROSS_SOURCE_EXACT_DUPLICATE,DS_CUSTOM_LIBRARY/packs/Festival_Magiscarf/Magiscarf/Battlers Shiny/Front/Pompet.png,DS_CUSTOM_LIBRARY/packs/Fakemon_Festival_Full/Fakemon Festival Pack/Magiscarf/Battlers Shiny/Front/Pompet.png,4a10ed66895f4f3072cc451318ef8bfd203391f9400ffa43104326a69606b234,Festival_Magiscarf,Fakemon_Festival_Full
CROSS_SOURCE_EXACT_DUPLICATE,DS_CUSTOM_LIBRARY/packs/Festival_Magiscarf/Magiscarf/Battlers Shiny/Front/Botanine.png,DS_CUSTOM_LIBRARY/packs/Fakemon_Festival_Full/Fakemon Festival Pack/Magiscarf/Battlers Shiny/Front/Botanine.png,8fb51beec94c5d65469996a63f841ff40f678f727c80089f56c171c019c5cda3,Festival_Magiscarf,Fakemon_Festival_Full
CROSS_SOURCE_EXACT_DUPLICATE,DS_CUSTOM_LIBRARY/packs/Festival_Magiscarf/Magiscarf/Battlers Shiny/Front/Skelleks.png,DS_CUSTOM_LIBRARY/packs/Fakemon_Festival_Full/Fakemon Festival Pack/Magiscarf/Battlers Shiny/Front/Skelleks.png,50f32610e399083f4b8ce9dd952fa45196b723656b4de4821ef79e5d52639eab,Festival_Magiscarf,Fakemon_Festival_Full
CROSS_SOURCE_EXACT_DUPLICATE,DS_CUSTOM_LIBRARY/packs/Festival_Magiscarf/Magiscarf/Battlers Shiny/Front/Mivota.png,DS_CUSTOM_LIBRARY/packs/Fakemon_Festival_Full/Fakemon Festival Pack/Magiscarf/Battlers Shiny/Front/Mivota.png,ea7763b84a0789451489ffeddfbfe717dbfaab5142b543fa62218669c8cac449,Festival_Magiscarf,Fakemon_Festival_Full
CROSS_SOURCE_EXACT_DUPLICATE,DS_CUSTOM_LIBRARY/packs/Festival_Magiscarf/Magiscarf/Battlers Shiny/Front/Brewtrid.png,DS_CUSTOM_LIBRARY/packs/Fakemon_Festival_Full/Fakemon Festival Pack/Magiscarf/Battlers Shiny/Front/Brewtrid.png,65f9f65d967155c7ae0b39113e31bea2fb75ceb9e00c4af7d9c0e32a5a835eb5,Festival_Magiscarf,Fakemon_Festival_Full
CROSS_SOURCE_EXACT_DUPLICATE,DS_CUSTOM_LIBRARY/packs/Festival_Magiscarf/Magiscarf/Battlers Shiny/Front/Sizzly.png,DS_CUSTOM_LIBRARY/packs/Fakemon_Festival_Full/Fakemon Festival Pack/Magiscarf/Battlers Shiny/Front/Sizzly.png,611e17ff90f812ae610bef65260a42941c193e6a1e3b2818bb8ae7ed91a7a7e3,Festival_Magiscarf,Fakemon_Festival_Full
CROSS_SOURCE_EXACT_DUPLICATE,DS_CUSTOM_LIBRARY/packs/Festival_Magiscarf/Magiscarf/Battlers Shiny/Front/Pomprim.png,DS_CUSTOM_LIBRARY/packs/Fakemon_Festival_Full/Fakemon Festival Pack/Magiscarf/Battlers Shiny/Front/Pomprim.png,5d2b0c024b4e1394ae60852264bf68d2485751d244463ac143ca221c05ecb88b,Festival_Magiscarf,Fakemon_Festival_Full
CROSS_SOURCE_EXACT_DUPLICATE,DS_CUSTOM_LIBRARY/packs/Festival_Magiscarf/Magiscarf/Battlers Shiny/Front/Howliage.png,DS_CUSTOM_LIBRARY/packs/Fakemon_Festival_Full/Fakemon Festival Pack/Magiscarf/Battlers Shiny/Front/Howliage.png,7a7c73174d80757f2e09298ff1c53a4be5fb677fe9abfd32e534727fd0428630,Festival_Magiscarf,Fakemon_Festival_Full
CROSS_SOURCE_EXACT_DUPLICATE,DS_CUSTOM_LIBRARY/packs/Festival_Magiscarf/Magiscarf/Battlers Shiny/Front/Delugar.png,DS_CUSTOM_LIBRARY/packs/Fakemon_Festival_Full/Fakemon Festival Pack/Magiscarf/Battlers Shiny/Front/Delugar.png,69647b5b88d0dae1e854a68df24373f19765009e0b8655773713d48984672cd4,Festival_Magiscarf,Fakemon_Festival_Full
CROSS_SOURCE_EXACT_DUPLICATE,DS_CUSTOM_LIBRARY/packs/Festival_Magiscarf/Magiscarf/Battlers Shiny/Front/Crestaka.png,DS_CUSTOM_LIBRARY/packs/Fakemon_Festival_Full/Fakemon Festival Pack/Magiscarf/Battlers Shiny/Front/Crestaka.png,2e2b926d85d9fea507c0409c92c31fc27474e54d69c3b10fe70066ac31171a1a,Festival_Magiscarf,Fakemon_Festival_Full
CROSS_SOURCE_EXACT_DUPLICATE,DS_CUSTOM_LIBRARY/packs/Festival_Magiscarf/Magiscarf/Battlers Shiny/Front/Viscolor.png,DS_CUSTOM_LIBRARY/packs/Fakemon_Festival_Full/Fakemon Festival Pack/Magiscarf/Battlers Shiny/Front/Viscolor.png,eb7ca926837bad0606eef8a64db8dcdf897ac5cd4082b27a7123864bc9096cc0,Festival_Magiscarf,Fakemon_Festival_Full
CROSS_SOURCE_EXACT_DUPLICATE,DS_CUSTOM_LIBRARY/packs/Festival_Magiscarf/Magiscarf/Battlers Shiny/Back/Smoald.png,DS_CUSTOM_LIBRARY/packs/Fakemon_Festival_Full/Fakemon Festival Pack/Magiscarf/Battlers Shiny/Back/Smoald.png,48742618c8a8158bde1109e0b97bb7590426792ab1c577af584b4b8a4e3ca85b,Festival_Magiscarf,Fakemon_Festival_Full
CROSS_SOURCE_EXACT_DUPLICATE,DS_CUSTOM_LIBRARY/packs/Festival_Magiscarf/Magiscarf/Battlers Shiny/Back/Nymfushia.png,DS_CUSTOM_LIBRARY/packs/Fakemon_Festival_Full/Fakemon Festival Pack/Magiscarf/Battlers Shiny/Back/Nymfushia.png,a665113ad293097c7d7766d9641946e4aba779b73c9894ec407962b7e8505296,Festival_Magiscarf,Fakemon_Festival_Full
CROSS_SOURCE_EXACT_DUPLICATE,DS_CUSTOM_LIBRARY/packs/Festival_Magiscarf/Magiscarf/Battlers Shiny/Back/Tindursa.png,DS_CUSTOM_LIBRARY/packs/Fakemon_Festival_Full/Fakemon Festival Pack/Magiscarf/Battlers Shiny/Back/Tindursa.png,7e10f23838eb64dee7087c6d47446dec82b80a214f0c8b65c731faef9f3254ff,Festival_Magiscarf,Fakemon_Festival_Full
CROSS_SOURCE_EXACT_DUPLICATE,DS_CUSTOM_LIBRARY/packs/Festival_Magiscarf/Magiscarf/Battlers Shiny/Back/Tuffettry.png,DS_CUSTOM_LIBRARY/packs/Fakemon_Festival_Full/Fakemon Festival Pack/Magiscarf/Battlers Shiny/Back/Tuffettry.png,fe6b012c10029efa6151a0ed32552b1cc7106ea51254a44bbab0269e7df4c1fe,Festival_Magiscarf,Fakemon_Festival_Full
CROSS_SOURCE_EXACT_DUPLICATE,DS_CUSTOM_LIBRARY/packs/Festival_Magiscarf/Magiscarf/Battlers Shiny/Back/Plushion.png,DS_CUSTOM_LIBRARY/packs/Fakemon_Festival_Full/Fakemon Festival Pack/Magiscarf/Battlers Shiny/Back/Plushion.png,6ca65803529fe3ff5dfd6b9e45bdfea1fd4a205bf963a9d2153048049f538bb7,Festival_Magiscarf,Fakemon_Festival_Full
CROSS_SOURCE_EXACT_DUPLICATE,DS_CUSTOM_LIBRARY/packs/Festival_Magiscarf/Magiscarf/Battlers Shiny/Back/Dampurr.png,DS_CUSTOM_LIBRARY/packs/Fakemon_Festival_Full/Fakemon Festival Pack/Magiscarf/Battlers Shiny/Back/Dampurr.png,965ae62711e9a71edfca5bad3049b6cbe056b7e7bcab439a4325f827fe6d5081,Festival_Magiscarf,Fakemon_Festival_Full
CROSS_SOURCE_EXACT_DUPLICATE,DS_CUSTOM_LIBRARY/packs/Festival_Magiscarf/Magiscarf/Battlers Shiny/Back/Umbreeze.png,DS_CUSTOM_LIBRARY/packs/Fakemon_Festival_Full/Fakemon Festival Pack/Magiscarf/Battlers Shiny/Back/Umbreeze.png,8ef82dd4a9e845525361c40626a69a4bea80f44999cf64275dcfc2d79ae685af,Festival_Magiscarf,Fakemon_Festival_Full
CROSS_SOURCE_EXACT_DUPLICATE,DS_CUSTOM_LIBRARY/packs/Festival_Magiscarf/Magiscarf/Battlers Shiny/Back/Dripwirt.png,DS_CUSTOM_LIBRARY/packs/Fakemon_Festival_Full/Fakemon Festival Pack/Magiscarf/Battlers Shiny/Back/Dripwirt.png,9c7307c3921f25a401a67d8f66af2181ee60a29fb5a62197612d2dbae44c3b17,Festival_Magiscarf,Fakemon_Festival_Full
CROSS_SOURCE_EXACT_DUPLICATE,DS_CUSTOM_LIBRARY/packs/Festival_Magiscarf/Magiscarf/Battlers Shiny/Back/Bombustoad.png,DS_CUSTOM_LIBRARY/packs/Fakemon_Festival_Full/Fakemon Festival Pack/Magiscarf/Battlers Shiny/Back/Bombustoad.png,b886a29dce9443fc9d47d5f27177d85f1abe8fe67e742d8f9b7578806eb69c5d,Festival_Magiscarf,Fakemon_Festival_Full
CROSS_SOURCE_EXACT_DUPLICATE,DS_CUSTOM_LIBRARY/packs/Festival_Magiscarf/Magiscarf/Battlers Shiny/Back/Negagen.png,DS_CUSTOM_LIBRARY/packs/Fakemon_Festival_Full/Fakemon Festival Pack/Magiscarf/Battlers Shiny/Back/Negagen.png,c66199d8daa8ef11da1603a2dcc65158cc35fe19ac00e75bd0f7c25201c725be,Festival_Magiscarf,Fakemon_Festival_Full
CROSS_SOURCE_EXACT_DUPLICATE,DS_CUSTOM_LIBRARY/packs/Festival_Magiscarf/Magiscarf/Battlers Shiny/Back/Sligment.png,DS_CUSTOM_LIBRARY/packs/Fakemon_Festival_Full/Fakemon Festival Pack/Magiscarf/Battlers Shiny/Back/Sligment.png,04f8be6fd3333c3de9c17f13d225c34b4c278458c916fd3f968442ca2fd1526d,Festival_Magiscarf,Fakemon_Festival_Full
CROSS_SOURCE_EXACT_DUPLICATE,DS_CUSTOM_LIBRARY/packs/Festival_Magiscarf/Magiscarf/Battlers Shiny/Back/Gelescent.png,DS_CUSTOM_LIBRARY/packs/Fakemon_Festival_Full/Fakemon Festival Pack/Magiscarf/Battlers Shiny/Back/Gelescent.png,9c53d8ccdf8e1ca55945740200e87aedeba158b8a30cdf1f07dafe0a39f01597,Festival_Magiscarf,Fakemon_Festival_Full
CROSS_SOURCE_EXACT_DUPLICATE,DS_CUSTOM_LIBRARY/packs/Festival_Magiscarf/Magiscarf/Battlers Shiny/Back/Timberry.png,DS_CUSTOM_LIBRARY/packs/Fakemon_Festival_Full/Fakemon Festival Pack/Magiscarf/Battlers Shiny/Back/Timberry.png,2a908fcc27a0650dfbd42da94ce73bbbc5696a4d3621414dd17b6d24ee6e17b1,Festival_Magiscarf,Fakemon_Festival_Full
CROSS_SOURCE_EXACT_DUPLICATE,DS_CUSTOM_LIBRARY/packs/Festival_Magiscarf/Magiscarf/Battlers Shiny/Back/Silennium.png,DS_CUSTOM_LIBRARY/packs/Fakemon_Festival_Full/Fakemon Festival Pack/Magiscarf/Battlers Shiny/Back/Silennium.png,fe67a281acc23ec2be264a4ce4f133fe9c3bcd5adf4dabc4db9829e812a5726a,Festival_Magiscarf,Fakemon_Festival_Full
CROSS_SOURCE_EXACT_DUPLICATE,DS_CUSTOM_LIBRARY/packs/Festival_Magiscarf/Magiscarf/Battlers Shiny/Back/Pourka.png,DS_CUSTOM_LIBRARY/packs/Fakemon_Festival_Full/Fakemon Festival Pack/Magiscarf/Battlers Shiny/Back/Pourka.png,6ff6379b50b0ed299279a2e933bcb882ffd4df3b63881e7d0a44a087996eb9fa,Festival_Magiscarf,Fakemon_Festival_Full
CROSS_SOURCE_EXACT_DUPLICATE,DS_CUSTOM_LIBRARY/packs/Festival_Magiscarf/Magiscarf/Battlers Shiny/Back/Lollybog.png,DS_CUSTOM_LIBRARY/packs/Fakemon_Festival_Full/Fakemon Festival Pack/Magiscarf/Battlers Shiny/Back/Lollybog.png,31776f1fde869fc58183f21e93d6269945eba9b2a55a1d2231c981c5ddc909c6,Festival_Magiscarf,Fakemon_Festival_Full
CROSS_SOURCE_EXACT_DUPLICATE,DS_CUSTOM_LIBRARY/packs/Festival_Magiscarf/Magiscarf/Battlers Shiny/Back/Hoolihog.png,DS_CUSTOM_LIBRARY/packs/Fakemon_Festival_Full/Fakemon Festival Pack/Magiscarf/Battlers Shiny/Back/Hoolihog.png,0fad68c9958154b92a8a4b8ee8adee5dfaa38216196301e2268d37c519f93910,Festival_Magiscarf,Fakemon_Festival_Full
CROSS_SOURCE_EXACT_DUPLICATE,DS_CUSTOM_LIBRARY/packs/Festival_Magiscarf/Magiscarf/Battlers Shiny/Back/Bonfur.png,DS_CUSTOM_LIBRARY/packs/Fakemon_Festival_Full/Fakemon Festival Pack/Magiscarf/Battlers Shiny/Back/Bonfur.png,b652bcd9ed1a69287c0f37de66965621d98dd9440dd2cfc08c562c0e0f7cd1fc,Festival_Magiscarf,Fakemon_Festival_Full
CROSS_SOURCE_EXACT_DUPLICATE,DS_CUSTOM_LIBRARY/packs/Festival_Magiscarf/Magiscarf/Battlers Shiny/Back/Kankersaur.png,DS_CUSTOM_LIBRARY/packs/Fakemon_Festival_Full/Fakemon Festival Pack/Magiscarf/Battlers Shiny/Back/Kankersaur.png,c2c78c587899c393e290ddd30e3596675189bcfd99855129226889476616486a,Festival_Magiscarf,Fakemon_Festival_Full
CROSS_SOURCE_EXACT_DUPLICATE,DS_CUSTOM_LIBRARY/packs/Festival_Magiscarf/Magiscarf/Battlers Shiny/Back/Forbiddron.png,DS_CUSTOM_LIBRARY/packs/Fakemon_Festival_Full/Fakemon Festival Pack/Magiscarf/Battlers Shiny/Back/Forbiddron.png,299787266e0b8c7f46a9cd8d42ec347cca392b8c9a402ddf98442e107e96fb64,Festival_Magiscarf,Fakemon_Festival_Full
CROSS_SOURCE_EXACT_DUPLICATE,DS_CUSTOM_LIBRARY/packs/Festival_Magiscarf/Magiscarf/Battlers Shiny/Back/Impurp.png,DS_CUSTOM_LIBRARY/packs/Fakemon_Festival_Full/Fakemon Festival Pack/Magiscarf/Battlers Shiny/Back/Impurp.png,1bb5833e9389485074768e701af34ff30641e544869497e2e1ad86acba49ba65,Festival_Magiscarf,Fakemon_Festival_Full
CROSS_SOURCE_EXACT_DUPLICATE,DS_CUSTOM_LIBRARY/packs/Festival_Magiscarf/Magiscarf/Battlers Shiny/Back/Rainther.png,DS_CUSTOM_LIBRARY/packs/Fakemon_Festival_Full/Fakemon Festival Pack/Magiscarf/Battlers Shiny/Back/Rainther.png,6df93189d6b11c5c662cdeb2a18120eb470ca59de3d5dfe09781ea6765f62afb,Festival_Magiscarf,Fakemon_Festival_Full
CROSS_SOURCE_EXACT_DUPLICATE,DS_CUSTOM_LIBRARY/packs/Festival_Magiscarf/Magiscarf/Battlers Shiny/Back/Rocotton.png,DS_CUSTOM_LIBRARY/packs/Fakemon_Festival_Full/Fakemon Festival Pack/Magiscarf/Battlers Shiny/Back/Rocotton.png,1309ea72fbc107ea2ce2428d5679735c7cb02ed9c95a4768900f473f2df54c54,Festival_Magiscarf,Fakemon_Festival_Full
CROSS_SOURCE_EXACT_DUPLICATE,DS_CUSTOM_LIBRARY/packs/Festival_Magiscarf/Magiscarf/Battlers Shiny/Back/Kankryst.png,DS_CUSTOM_LIBRARY/packs/Fakemon_Festival_Full/Fakemon Festival Pack/Magiscarf/Battlers Shiny/Back/Kankryst.png,3793657b6d2c9bac46a6d0700f51dc55349c8cd7999d745c876fbb6e28bf98a3,Festival_Magiscarf,Fakemon_Festival_Full
CROSS_SOURCE_EXACT_DUPLICATE,DS_CUSTOM_LIBRARY/packs/Festival_Magiscarf/Magiscarf/Battlers Shiny/Back/Dynabit.png,DS_CUSTOM_LIBRARY/packs/Fakemon_Festival_Full/Fakemon Festival Pack/Magiscarf/Battlers Shiny/Back/Dynabit.png,0e47a8f0402b2244f42063fa8ae4c9ec431bebbbf01df438916dce098ad3d2b1,Festival_Magiscarf,Fakemon_Festival_Full
CROSS_SOURCE_EXACT_DUPLICATE,DS_CUSTOM_LIBRARY/packs/Festival_Magiscarf/Magiscarf/Battlers Shiny/Back/Droopig.png,DS_CUSTOM_LIBRARY/packs/Fakemon_Festival_Full/Fakemon Festival Pack/Magiscarf/Battlers Shiny/Back/Droopig.png,2c8982e823c2a112bb14a754732ff8f147b597806f82abc2af63f8f3ed9f9000,Festival_Magiscarf,Fakemon_Festival_Full
CROSS_SOURCE_EXACT_DUPLICATE,DS_CUSTOM_LIBRARY/packs/Festival_Magiscarf/Magiscarf/Battlers Shiny/Back/Kankwart.png,DS_CUSTOM_LIBRARY/packs/Fakemon_Festival_Full/Fakemon Festival Pack/Magiscarf/Battlers Shiny/Back/Kankwart.png,dc75c57d61eed2a7221f56f35b576fbadd289ad62f0e791420ba0183a2c34b72,Festival_Magiscarf,Fakemon_Festival_Full
CROSS_SOURCE_EXACT_DUPLICATE,DS_CUSTOM_LIBRARY/packs/Festival_Magiscarf/Magiscarf/Battlers Shiny/Back/Pompet.png,DS_CUSTOM_LIBRARY/packs/Fakemon_Festival_Full/Fakemon Festival Pack/Magiscarf/Battlers Shiny/Back/Pompet.png,e65162992160ca445c73d8b17ecb95778a28b62d3dbd0b1ee01b641f8478f3fe,Festival_Magiscarf,Fakemon_Festival_Full
CROSS_SOURCE_EXACT_DUPLICATE,DS_CUSTOM_LIBRARY/packs/Festival_Magiscarf/Magiscarf/Battlers Shiny/Back/Botanine.png,DS_CUSTOM_LIBRARY/packs/Fakemon_Festival_Full/Fakemon Festival Pack/Magiscarf/Battlers Shiny/Back/Botanine.png,c6df10e25095230f0e8c81347d142497c53c68cec193f7b3b09ecd44f83bde6d,Festival_Magiscarf,Fakemon_Festival_Full
CROSS_SOURCE_EXACT_DUPLICATE,DS_CUSTOM_LIBRARY/packs/Festival_Magiscarf/Magiscarf/Battlers Shiny/Back/Skelleks.png,DS_CUSTOM_LIBRARY/packs/Fakemon_Festival_Full/Fakemon Festival Pack/Magiscarf/Battlers Shiny/Back/Skelleks.png,9e3dda93ffafe15e9f74af166de2b392738c0d26959d8999d06a962795947ea4,Festival_Magiscarf,Fakemon_Festival_Full
CROSS_SOURCE_EXACT_DUPLICATE,DS_CUSTOM_LIBRARY/packs/Festival_Magiscarf/Magiscarf/Battlers Shiny/Back/Mivota.png,DS_CUSTOM_LIBRARY/packs/Fakemon_Festival_Full/Fakemon Festival Pack/Magiscarf/Battlers Shiny/Back/Mivota.png,d3c36a15e5771767192e5b94760a0ab249965da830266bcba7ada1851822f62d,Festival_Magiscarf,Fakemon_Festival_Full
CROSS_SOURCE_EXACT_DUPLICATE,DS_CUSTOM_LIBRARY/packs/Festival_Magiscarf/Magiscarf/Battlers Shiny/Back/Brewtrid.png,DS_CUSTOM_LIBRARY/packs/Fakemon_Festival_Full/Fakemon Festival Pack/Magiscarf/Battlers Shiny/Back/Brewtrid.png,d229c6f8f3bf5de8a793e3bdd4104aabea9d8ff4b8677272f683cbe496c1b6f6,Festival_Magiscarf,Fakemon_Festival_Full
CROSS_SOURCE_EXACT_DUPLICATE,DS_CUSTOM_LIBRARY/packs/Festival_Magiscarf/Magiscarf/Battlers Shiny/Back/Sizzly.png,DS_CUSTOM_LIBRARY/packs/Fakemon_Festival_Full/Fakemon Festival Pack/Magiscarf/Battlers Shiny/Back/Sizzly.png,855c2e0eff4536e4634fb2a9637d685285227e5eb51c47efa7b84b93d259a5d1,Festival_Magiscarf,Fakemon_Festival_Full
CROSS_SOURCE_EXACT_DUPLICATE,DS_CUSTOM_LIBRARY/packs/Festival_Magiscarf/Magiscarf/Battlers Shiny/Back/Pomprim.png,DS_CUSTOM_LIBRARY/packs/Fakemon_Festival_Full/Fakemon Festival Pack/Magiscarf/Battlers Shiny/Back/Pomprim.png,03dfdd836d4799e15d279c9b92146f3c75c70bddf543eb82ba3abb5c33d4a748,Festival_Magiscarf,Fakemon_Festival_Full
CROSS_SOURCE_EXACT_DUPLICATE,DS_CUSTOM_LIBRARY/packs/Festival_Magiscarf/Magiscarf/Battlers Shiny/Back/Howliage.png,DS_CUSTOM_LIBRARY/packs/Fakemon_Festival_Full/Fakemon Festival Pack/Magiscarf/Battlers Shiny/Back/Howliage.png,ccbf0fbe3e368fbd473b07ce8ed5748c14d13501acd6ead13a18c448bd68ac19,Festival_Magiscarf,Fakemon_Festival_Full
CROSS_SOURCE_EXACT_DUPLICATE,DS_CUSTOM_LIBRARY/packs/Festival_Magiscarf/Magiscarf/Battlers Shiny/Back/Delugar.png,DS_CUSTOM_LIBRARY/packs/Fakemon_Festival_Full/Fakemon Festival Pack/Magiscarf/Battlers Shiny/Back/Delugar.png,15f874aa87153e0a92f05e8246aefb05e94bf55bf362fc2f57190386092311df,Festival_Magiscarf,Fakemon_Festival_Full
CROSS_SOURCE_EXACT_DUPLICATE,DS_CUSTOM_LIBRARY/packs/Festival_Magiscarf/Magiscarf/Battlers Shiny/Back/Viscolor.png,DS_CUSTOM_LIBRARY/packs/Fakemon_Festival_Full/Fakemon Festival Pack/Magiscarf/Battlers Shiny/Back/Viscolor.png,1693799c37aba8472f605c9451cc8d4a7b5d4efdb7d9950698720f070864c4a2,Festival_Magiscarf,Fakemon_Festival_Full
CROSS_SOURCE_EXACT_DUPLICATE,DS_CUSTOM_LIBRARY/packs/Festival_Scotsman/Scotsman/Spaceworld Demo Sprites/Spaceworld_Para_Back.png,DS_CUSTOM_LIBRARY/packs/Fakemon_Festival_Full/Fakemon Festival Pack/Scotsman/Spaceworld Demo Sprites/Spaceworld_Para_Back.png,738735978b4bfed9cea8497d1c21e677c9c2741d9680b02d8f34c0a06a87c5aa,Festival_Scotsman,Fakemon_Festival_Full
CROSS_SOURCE_EXACT_DUPLICATE,DS_CUSTOM_LIBRARY/packs/Festival_Scotsman/Scotsman/Spaceworld Demo Sprites/Spaceworld_Tangel_Back.png,DS_CUSTOM_LIBRARY/packs/Fakemon_Festival_Full/Fakemon Festival Pack/Scotsman/Spaceworld Demo Sprites/Spaceworld_Tangel_Back.png,7abb3caff3007770b083098f2ce610b2c7dd4e2027134dd8cda044c7f8d71df9,Festival_Scotsman,Fakemon_Festival_Full
CROSS_SOURCE_EXACT_DUPLICATE,DS_CUSTOM_LIBRARY/packs/Festival_Scotsman/Scotsman/Spaceworld Demo Sprites/Spaceworld_Para_Front.png,DS_CUSTOM_LIBRARY/packs/Fakemon_Festival_Full/Fakemon Festival Pack/Scotsman/Spaceworld Demo Sprites/Spaceworld_Para_Front.png,fb3a8c18139ff2058d8c4bd99c050b2ae45ffd31da60176d5a4b9566bcc1f281,Festival_Scotsman,Fakemon_Festival_Full
CROSS_SOURCE_EXACT_DUPLICATE,DS_CUSTOM_LIBRARY/packs/Festival_Scotsman/Scotsman/Spaceworld Demo Sprites/Spaceworld_Puddi_Front.png,DS_CUSTOM_LIBRARY/packs/Fakemon_Festival_Full/Fakemon Festival Pack/Scotsman/Spaceworld Demo Sprites/Spaceworld_Puddi_Front.png,91b8235ba681af7d37c3ff21ae8903904b89631b00aedd8226e2ae6727cb11a5,Festival_Scotsman,Fakemon_Festival_Full
CROSS_SOURCE_EXACT_DUPLICATE,DS_CUSTOM_LIBRARY/packs/Festival_Scotsman/Scotsman/Spaceworld Demo Sprites/Spaceworld_Puddi_Back.png,DS_CUSTOM_LIBRARY/packs/Fakemon_Festival_Full/Fakemon Festival Pack/Scotsman/Spaceworld Demo Sprites/Spaceworld_Puddi_Back.png,4ea60a354ba309d2d57cb5686f3bea44aa8ac70e3788fdc4f6b17e84711b06ab,Festival_Scotsman,Fakemon_Festival_Full
CROSS_SOURCE_EXACT_DUPLICATE,DS_CUSTOM_LIBRARY/packs/Festival_Scotsman/Scotsman/Spaceworld Demo Sprites/Spaceworld_Remoraid_Front.png,DS_CUSTOM_LIBRARY/packs/Fakemon_Festival_Full/Fakemon Festival Pack/Scotsman/Spaceworld Demo Sprites/Spaceworld_Remoraid_Front.png,0dda92d3557a15d3f0c8c5eb29575b46dbf9e47c562abc55e06965812d3c630f,Festival_Scotsman,Fakemon_Festival_Full
CROSS_SOURCE_EXACT_DUPLICATE,DS_CUSTOM_LIBRARY/packs/Festival_Scotsman/Scotsman/Spaceworld Demo Sprites/Spaceworld_Turbann_Back.png,DS_CUSTOM_LIBRARY/packs/Fakemon_Festival_Full/Fakemon Festival Pack/Scotsman/Spaceworld Demo Sprites/Spaceworld_Turbann_Back.png,a51620ead8fd82ba4cd6dfa5d682a04290cd29891572988f591d1980629fa747,Festival_Scotsman,Fakemon_Festival_Full
CROSS_SOURCE_EXACT_DUPLICATE,DS_CUSTOM_LIBRARY/packs/Festival_Scotsman/Scotsman/Spaceworld Demo Sprites/Spaceworld_Meowzy_Front.png,DS_CUSTOM_LIBRARY/packs/Fakemon_Festival_Full/Fakemon Festival Pack/Scotsman/Spaceworld Demo Sprites/Spaceworld_Meowzy_Front.png,13a6651b3733b12844df3b6b4580da38aca5567189f1b8a573d3dd892b5618c7,Festival_Scotsman,Fakemon_Festival_Full
CROSS_SOURCE_EXACT_DUPLICATE,DS_CUSTOM_LIBRARY/packs/Festival_Scotsman/Scotsman/Spaceworld Demo Sprites/Spaceworld_Meowzy_Back.png,DS_CUSTOM_LIBRARY/packs/Fakemon_Festival_Full/Fakemon Festival Pack/Scotsman/Spaceworld Demo Sprites/Spaceworld_Meowzy_Back.png,1e5ee7ab6bad743e3978f17da4e1283bd03d37bfcb00abf51dfd7ba77f163db4,Festival_Scotsman,Fakemon_Festival_Full
CROSS_SOURCE_EXACT_DUPLICATE,DS_CUSTOM_LIBRARY/packs/Festival_Scotsman/Scotsman/Spaceworld Demo Sprites/Spaceworld_Likoliko_Back.png,DS_CUSTOM_LIBRARY/packs/Fakemon_Festival_Full/Fakemon Festival Pack/Scotsman/Spaceworld Demo Sprites/Spaceworld_Likoliko_Back.png,baa023ff42cd70f6f965b7dd6cc3aa51bf0dd85295e9d64a3a44554a9ac58904,Festival_Scotsman,Fakemon_Festival_Full
CROSS_SOURCE_EXACT_DUPLICATE,DS_CUSTOM_LIBRARY/packs/Festival_Scotsman/Scotsman/Spaceworld Demo Sprites/Spaceworld_Octillary_Front.png,DS_CUSTOM_LIBRARY/packs/Fakemon_Festival_Full/Fakemon Festival Pack/Scotsman/Spaceworld Demo Sprites/Spaceworld_Octillary_Front.png,1461d9fb861495289bb0bb2f4aa84ac128667583afd65f0538f4765dbcaeffc0,Festival_Scotsman,Fakemon_Festival_Full
CROSS_SOURCE_EXACT_DUPLICATE,DS_CUSTOM_LIBRARY/packs/Festival_Scotsman/Scotsman/Spaceworld Demo Sprites/Spaceworld_Octillary_Back.png,DS_CUSTOM_LIBRARY/packs/Fakemon_Festival_Full/Fakemon Festival Pack/Scotsman/Spaceworld Demo Sprites/Spaceworld_Octillary_Back.png,fe6c7bb6c1a8ad4d828c6b219621d1ea11934a2d8dd0560ddad46470365b029c,Festival_Scotsman,Fakemon_Festival_Full
CROSS_SOURCE_EXACT_DUPLICATE,DS_CUSTOM_LIBRARY/packs/Festival_Scotsman/Scotsman/Spaceworld Demo Sprites/Spaceworld_Remoraid_Back.png,DS_CUSTOM_LIBRARY/packs/Fakemon_Festival_Full/Fakemon Festival Pack/Scotsman/Spaceworld Demo Sprites/Spaceworld_Remoraid_Back.png,ef02edf61499c1cf0d11b388c4213ffc16f0443b71d3f990cff34a0673abab21,Festival_Scotsman,Fakemon_Festival_Full
CROSS_SOURCE_EXACT_DUPLICATE,DS_CUSTOM_LIBRARY/packs/Festival_Scotsman/Scotsman/Spaceworld Demo Sprites/Spaceworld_Likoliko_Front.png,DS_CUSTOM_LIBRARY/packs/Fakemon_Festival_Full/Fakemon Festival Pack/Scotsman/Spaceworld Demo Sprites/Spaceworld_Likoliko_Front.png,295e4cb0cb12c830fc63b708f754fe0c7a4d33bcc466d72f897dad49c72e9a05,Festival_Scotsman,Fakemon_Festival_Full
CROSS_SOURCE_EXACT_DUPLICATE,DS_CUSTOM_LIBRARY/packs/Festival_Scotsman/Scotsman/Spaceworld Demo Sprites/Spaceworld_Turbann_Front.png,DS_CUSTOM_LIBRARY/packs/Fakemon_Festival_Full/Fakemon Festival Pack/Scotsman/Spaceworld Demo Sprites/Spaceworld_Turbann_Front.png,9231e8224b021ecf26c76d1eee6393214169f161897943f9a1674d7c1bf54d94,Festival_Scotsman,Fakemon_Festival_Full
CROSS_SOURCE_EXACT_DUPLICATE,DS_CUSTOM_LIBRARY/packs/Festival_Scotsman/Scotsman/Spaceworld Demo Sprites/Spaceworld_Tangel_Front.png,DS_CUSTOM_LIBRARY/packs/Fakemon_Festival_Full/Fakemon Festival Pack/Scotsman/Spaceworld Demo Sprites/Spaceworld_Tangel_Front.png,9b450f607c174e073f58e6aae3c37aaa42c6a49e59dcb76317469dd3339f6b51,Festival_Scotsman,Fakemon_Festival_Full
