key,slot,source_path,source_sha256,source_width,source_height,source_colors,binary_alpha,bbox_w,bbox_h,fits_64,palette_reduced,staged_colors,output_path
ABRA_REDUX,front,/tmp/mercury-gba-flat/ABRA_REDUX.png,9158f312d7c6f079b6d52cf71b8a9f7e4092b38fbe8f140c8650270a2bfd674d,64,64,7,True,45,40,True,False,7,DS_CUSTOM_LIBRARY/converted/Legacy_GBA_Phase1/abra_redux/front.png
ABRA_REDUX,back,/tmp/mercury-gba-flat/ABRA_REDUX_BACK.png,07bdf94a4057ca633449814251f3d0dc3ea1a36dae9adf5d9dd2878fb8e27ac5,64,64,6,True,52,42,True,False,6,DS_CUSTOM_LIBRARY/converted/Legacy_GBA_Phase1/abra_redux/back.png
ABRA_REDUX,front_shiny,/tmp/mercury-gba-flat/ABRA_REDUX_SHINY.png,ffcc060d756a861ee6b1b884ea1f5eda02f446cc8110afc08066d0ec486f0b06,64,64,7,True,45,40,True,False,7,DS_CUSTOM_LIBRARY/converted/Legacy_GBA_Phase1/abra_redux/front-shiny.png
ABRA_REDUX,back_shiny,/tmp/mercury-gba-flat/ABRA_REDUX_BACK_SHINY.png,dcf1efb5c02f70c1298f199b3ced568d45daeed63afd24258f680f2c3507f509,64,64,6,True,52,42,True,False,6,DS_CUSTOM_LIBRARY/converted/Legacy_GBA_Phase1/abra_redux/back-shiny.png
AEGISLASH_BLADE_REDUX,front,/tmp/mercury-gba-flat/AEGISLASH_BLADE_REDUX.png,1abf5899b63d27ef3040802f187de71c08badb69d90509084456c9e4fc2902c8,64,64,15,True,64,62,True,False,15,DS_CUSTOM_LIBRARY/converted/Legacy_GBA_Phase1/aegislash_blade_redux/front.png
AEGISLASH_BLADE_REDUX,back,/tmp/mercury-gba-flat/AEGISLASH_BLADE_REDUX_BACK.png,d272fe20f0832f4ed7293ff0d8c2cadbfc5495cf44b37dcba733e9d360cea1b7,64,64,13,True,64,59,True,False,13,DS_CUSTOM_LIBRARY/converted/Legacy_GBA_Phase1/aegislash_blade_redux/back.png
AEGISLASH_BLADE_REDUX,front_shiny,/tmp/mercury-gba-flat/AEGISLASH_BLADE_REDUX_SHINY.png,5efc2e330905d31add4b7d9e00a2114cbbdcbb7aa40acab8342acc860cc228b1,64,64,15,True,64,62,True,False,15,DS_CUSTOM_LIBRARY/converted/Legacy_GBA_Phase1/aegislash_blade_redux/front-shiny.png
AEGISLASH_BLADE_REDUX,back_shiny,/tmp/mercury-gba-flat/AEGISLASH_BLADE_REDUX_BACK_SHINY.png,4d3ba51489fb90cd89b3cc6f5281453163fd2a96be1263f56915a7694ec28d03,64,64,13,True,64,59,True,False,13,DS_CUSTOM_LIBRARY/converted/Legacy_GBA_Phase1/aegislash_blade_redux/back-shiny.png
AEGISLASH_REDUX,front,/tmp/mercury-gba-flat/AEGISLASH_REDUX.png,ff8bbe1c7f2c79969dcc59e22045c2a409a87ce7e3a5db2812a74b3c1cf2d590,64,64,14,True,64,64,True,False,14,DS_CUSTOM_LIBRARY/converted/Legacy_GBA_Phase1/aegislash_redux/front.png
AEGISLASH_REDUX,back,/tmp/mercury-gba-flat/AEGISLASH_REDUX_BACK.png,e393513590284dc3e71b446dd9975565c277d36772f9b90c1a2f40bfba73f54d,64,64,10,True,64,60,True,False,10,DS_CUSTOM_LIBRARY/converted/Legacy_GBA_Phase1/aegislash_redux/back.png
AEGISLASH_REDUX,front_shiny,/tmp/mercury-gba-flat/AEGISLASH_REDUX_SHINY.png,ad6c437121e8ac5769ac86f5f80d72d1eaea45f4525220aff6ecfae39cd039bb,64,64,14,True,64,64,True,False,14,DS_CUSTOM_LIBRARY/converted/Legacy_GBA_Phase1/aegislash_redux/front-shiny.png
AEGISLASH_REDUX,back_shiny,/tmp/mercury-gba-flat/AEGISLASH_REDUX_BACK_SHINY.png,c98b4d17e446bd434d58c7c3a843f6ff39bec8575a89bb8cf4a213cd3f7f980f,64,64,10,True,64,60,True,False,10,DS_CUSTOM_LIBRARY/converted/Legacy_GBA_Phase1/aegislash_redux/back-shiny.png
ALAKAZAM_MEGA_REDUX,front,/tmp/mercury-gba-flat/ALAKAZAM_MEGA_REDUX.png,15233a041d2788390e8d6d043c0ba193a268e14f6acbf42b90776cd5e209dfe2,64,64,12,True,64,63,True,False,12,DS_CUSTOM_LIBRARY/converted/Legacy_GBA_Phase1/alakazam_mega_redux/front.png
ALAKAZAM_MEGA_REDUX,back,/tmp/mercury-gba-flat/ALAKAZAM_MEGA_REDUX_BACK.png,2a3e810de91924534cce170c446d95c328390465f47ba28e6fe5b9d3ab26f91b,64,64,11,True,64,53,True,False,11,DS_CUSTOM_LIBRARY/converted/Legacy_GBA_Phase1/alakazam_mega_redux/back.png
ALAKAZAM_MEGA_REDUX,front_shiny,/tmp/mercury-gba-flat/ALAKAZAM_MEGA_REDUX_SHINY.png,7a711704b0eed2d8b1dba79f1f001631bf820c1dd6746d1ff62df369d1d5ae2f,64,64,12,True,64,63,True,False,12,DS_CUSTOM_LIBRARY/converted/Legacy_GBA_Phase1/alakazam_mega_redux/front-shiny.png
ALAKAZAM_MEGA_REDUX,back_shiny,/tmp/mercury-gba-flat/ALAKAZAM_MEGA_REDUX_BACK_SHINY.png,eb8c39c6e88821f5ef87ced2903f7a32cb2c1fb6eff4b6327290038dabd7f4ba,64,64,11,True,64,53,True,False,11,DS_CUSTOM_LIBRARY/converted/Legacy_GBA_Phase1/alakazam_mega_redux/back-shiny.png
ALAKAZAM_REDUX,front,/tmp/mercury-gba-flat/ALAKAZAM_REDUX.png,8992525519f4f4a270891a394e5207ed5aac4b923e8fb0f7f872668dc59ea6e0,64,64,11,True,61,52,True,False,11,DS_CUSTOM_LIBRARY/converted/Legacy_GBA_Phase1/alakazam_redux/front.png
ALAKAZAM_REDUX,back,/tmp/mercury-gba-flat/ALAKAZAM_REDUX_BACK.png,8f37fe9422bfd328fc1fc650d4f1543053b422f93e63be31db76c35b321c28eb,64,64,10,True,64,53,True,False,10,DS_CUSTOM_LIBRARY/converted/Legacy_GBA_Phase1/alakazam_redux/back.png
ALAKAZAM_REDUX,front_shiny,/tmp/mercury-gba-flat/ALAKAZAM_REDUX_SHINY.png,a8bb828f8cf6d1dfaac4dbecaada67782606e498b4a499cfea22214b9f69145e,64,64,11,True,61,52,True,False,11,DS_CUSTOM_LIBRARY/converted/Legacy_GBA_Phase1/alakazam_redux/front-shiny.png
ALAKAZAM_REDUX,back_shiny,/tmp/mercury-gba-flat/ALAKAZAM_REDUX_BACK_SHINY.png,bf71202d87cf1e72aa8b10148d260833cce61773537fb90e9f319c2250347950,64,64,10,True,64,53,True,False,10,DS_CUSTOM_LIBRARY/converted/Legacy_GBA_Phase1/alakazam_redux/back-shiny.png
AMPHYBUZZ,front,/tmp/mercury-gba-flat/AMPHYBUZZ.png,afb5e1b91376f8b7031792082beb3389d86a7ef565ceda54e7192e049b58062f,64,64,12,True,59,62,True,False,12,DS_CUSTOM_LIBRARY/converted/Legacy_GBA_Phase1/amphybuzz/front.png
AMPHYBUZZ,back,/tmp/mercury-gba-flat/AMPHYBUZZ_BACK.png,93d0eda077bcc6b825a0f593dde11a0f2768b6a3cadca5bdea71334f026c495e,64,64,13,True,63,63,True,False,13,DS_CUSTOM_LIBRARY/converted/Legacy_GBA_Phase1/amphybuzz/back.png
AMPHYBUZZ,front_shiny,/tmp/mercury-gba-flat/AMPHYBUZZ_SHINY.png,924056a869cdc19e18e593f3a7961383f665c9551f397545f424c9d68d3ba045,64,64,12,True,59,62,True,False,12,DS_CUSTOM_LIBRARY/converted/Legacy_GBA_Phase1/amphybuzz/front-shiny.png
AMPHYBUZZ,back_shiny,/tmp/mercury-gba-flat/AMPHYBUZZ_BACK_SHINY.png,7a6c8781f48e6e70da23ccfc43e7d3da6164131b79efe247ac0bc440a665e307,64,64,13,True,63,63,True,False,13,DS_CUSTOM_LIBRARY/converted/Legacy_GBA_Phase1/amphybuzz/back-shiny.png
AMPHYBUZZ_MEGA,front,/tmp/mercury-gba-flat/AMPHYBUZZ_MEGA.png,6cad52f74171630fb2a57cfea70648027e7c50f4313b4eaedcbed53e5bc34b34,64,64,12,True,62,64,True,False,12,DS_CUSTOM_LIBRARY/converted/Legacy_GBA_Phase1/amphybuzz_mega/front.png
AMPHYBUZZ_MEGA,back,/tmp/mercury-gba-flat/AMPHYBUZZ_MEGA_BACK.png,3afb6c884af8c3d94734d03aa66d2cc7fbd5a8031a8ead61ebed5a778911ba39,64,64,13,True,63,64,True,False,13,DS_CUSTOM_LIBRARY/converted/Legacy_GBA_Phase1/amphybuzz_mega/back.png
AMPHYBUZZ_MEGA,front_shiny,/tmp/mercury-gba-flat/AMPHYBUZZ_MEGA_SHINY.png,c08bfc51ade54ca7fab96093d609edbccb89527c8cf53c231785493e9c2ae9ca,64,64,12,True,62,64,True,False,12,DS_CUSTOM_LIBRARY/converted/Legacy_GBA_Phase1/amphybuzz_mega/front-shiny.png
AMPHYBUZZ_MEGA,back_shiny,/tmp/mercury-gba-flat/AMPHYBUZZ_MEGA_BACK_SHINY.png,44ba890c62056ab053a5a2fed83d96ceb804f31466ad9a1ffc2621275e312350,64,64,13,True,63,64,True,False,13,DS_CUSTOM_LIBRARY/converted/Legacy_GBA_Phase1/amphybuzz_mega/back-shiny.png
ARBOK_MEGA,front,/tmp/mercury-gba-flat/ARBOK_MEGA.png,8b7f3dc042003e1bd181f18ef5ff873ccc6213136a249c19c00e9a1acda54814,64,64,13,True,63,64,True,False,13,DS_CUSTOM_LIBRARY/converted/Legacy_GBA_Phase1/arbok_mega/front.png
ARBOK_MEGA,back,/tmp/mercury-gba-flat/ARBOK_MEGA_BACK.png,20e8f3e6f6d87653ff30c977a281704c83bef40afa9fe623327b5a139a09b1b9,64,64,11,True,64,63,True,False,11,DS_CUSTOM_LIBRARY/converted/Legacy_GBA_Phase1/arbok_mega/back.png
ARBOK_MEGA,front_shiny,/tmp/mercury-gba-flat/ARBOK_MEGA_SHINY.png,1e12539508e6f9eda327e2b85b1c2d5c6670c58c590567b638df90d9c163d3e9,64,64,13,True,63,64,True,False,13,DS_CUSTOM_LIBRARY/converted/Legacy_GBA_Phase1/arbok_mega/front-shiny.png
ARBOK_MEGA,back_shiny,/tmp/mercury-gba-flat/ARBOK_MEGA_BACK_SHINY.png,5ff4657a4e4de45ffa98f6669f02a1729b44b37ff2446b47640c1b25bd88ef25,64,64,11,True,64,63,True,False,11,DS_CUSTOM_LIBRARY/converted/Legacy_GBA_Phase1/arbok_mega/back-shiny.png
ARCANINE_HISUIAN_MEGA,front,/tmp/mercury-gba-flat/ARCANINE_HISUIAN_MEGA.png,3652cbbc99bb68783f20bbd36d4ecb011f7dc02727f26ad35b12e8c70084d247,64,64,14,True,64,64,True,False,14,DS_CUSTOM_LIBRARY/converted/Legacy_GBA_Phase1/arcanine_hisuian_mega/front.png
ARCANINE_HISUIAN_MEGA,back,/tmp/mercury-gba-flat/ARCANINE_HISUIAN_MEGA_BACK.png,73e5fe15d2167de879b2df3e6c17b18df937956b29a6399ee68cd1aa29340ea7,64,64,14,True,64,63,True,False,14,DS_CUSTOM_LIBRARY/converted/Legacy_GBA_Phase1/arcanine_hisuian_mega/back.png
ARCANINE_HISUIAN_MEGA,front_shiny,/tmp/mercury-gba-flat/ARCANINE_HISUIAN_MEGA_SHINY.png,31905cf1082d858303c6d0a7eea0f243c8d8742e147caf9b3482bdef63350e32,64,64,14,True,64,64,True,False,14,DS_CUSTOM_LIBRARY/converted/Legacy_GBA_Phase1/arcanine_hisuian_mega/front-shiny.png
ARCANINE_HISUIAN_MEGA,back_shiny,/tmp/mercury-gba-flat/ARCANINE_HISUIAN_MEGA_BACK_SHINY.png,03f5ed0e747c599d79f220a5c9b49dcc3b14665f13c4221130e1bafff949012a,64,64,14,True,64,63,True,False,14,DS_CUSTOM_LIBRARY/converted/Legacy_GBA_Phase1/arcanine_hisuian_mega/back-shiny.png
ARCANINE_MEGA,front,/tmp/mercury-gba-flat/ARCANINE_MEGA.png,9a9e90d0fdc38d19e23acc2a639e8912f3eb83032c41cfad19c7f15bf524f204,64,64,14,True,64,64,True,False,14,DS_CUSTOM_LIBRARY/converted/Legacy_GBA_Phase1/arcanine_mega/front.png
ARCANINE_MEGA,back,/tmp/mercury-gba-flat/ARCANINE_MEGA_BACK.png,d7ac166080444fe2895b325272873b2c9a19ce544f28d9a1b97f5806d61357e2,64,64,12,True,64,58,True,False,12,DS_CUSTOM_LIBRARY/converted/Legacy_GBA_Phase1/arcanine_mega/back.png
ARCANINE_MEGA,front_shiny,/tmp/mercury-gba-flat/ARCANINE_MEGA_SHINY.png,9535656fc774bceef2202b27b70bf0891b89b0c7c491458c0c2351d752be9369,64,64,14,True,64,64,True,False,14,DS_CUSTOM_LIBRARY/converted/Legacy_GBA_Phase1/arcanine_mega/front-shiny.png
ARCANINE_MEGA,back_shiny,/tmp/mercury-gba-flat/ARCANINE_MEGA_BACK_SHINY.png,3c57730a54cecf5f24aad07808ea4579981503efb7d2d6b085cbda89cfad2d27,64,64,12,True,64,58,True,False,12,DS_CUSTOM_LIBRARY/converted/Legacy_GBA_Phase1/arcanine_mega/back-shiny.png
ARCANINE_REDUX,front,/tmp/mercury-gba-flat/ARCANINE_REDUX.png,f17f96f143f9458840735cd043093f9ff959a698cc662ca4db267d15f8e9b0a5,64,64,10,True,64,63,True,False,10,DS_CUSTOM_LIBRARY/converted/Legacy_GBA_Phase1/arcanine_redux/front.png
ARCANINE_REDUX,back,/tmp/mercury-gba-flat/ARCANINE_REDUX_BACK.png,8a31b48d8e92e17fd6718fd229d82720d6cb948013392d7b69f85ef10dfc17fc,64,64,9,True,64,63,True,False,9,DS_CUSTOM_LIBRARY/converted/Legacy_GBA_Phase1/arcanine_redux/back.png
ARCANINE_REDUX,front_shiny,/tmp/mercury-gba-flat/ARCANINE_REDUX_SHINY.png,a7c67dce4950f610448e4d4eb2b3235d33483294e029ee2dfd125eb8321a78f3,64,64,10,True,64,63,True,False,10,DS_CUSTOM_LIBRARY/converted/Legacy_GBA_Phase1/arcanine_redux/front-shiny.png
ARCANINE_REDUX,back_shiny,/tmp/mercury-gba-flat/ARCANINE_REDUX_BACK_SHINY.png,38e1391aecfc55e36e3ae22dda0efa9b069c95ff25bc924e40eab552584504d1,64,64,9,True,64,63,True,False,9,DS_CUSTOM_LIBRARY/converted/Legacy_GBA_Phase1/arcanine_redux/back-shiny.png
BARIONG,front,/tmp/mercury-gba-flat/BARIONG.png,bcfb22e5e3116172fdb328a7a5a3e84e795f61e6d227ec5e447bb5345e28098a,64,64,15,True,64,64,True,False,15,DS_CUSTOM_LIBRARY/converted/Legacy_GBA_Phase1/bariong/front.png
BARIONG,back,/tmp/mercury-gba-flat/BARIONG_BACK.png,a812e38652abd1f6a3b2df092316dd8de8ff60a7e2a360a21ce99007fdd30653,64,64,15,True,62,64,True,False,15,DS_CUSTOM_LIBRARY/converted/Legacy_GBA_Phase1/bariong/back.png
BARIONG,front_shiny,/tmp/mercury-gba-flat/BARIONG_SHINY.png,f1cd60fec080a866d607c3c51a7762db5d8e5c66ec6d8c902bafbfa834849081,64,64,15,True,64,64,True,False,15,DS_CUSTOM_LIBRARY/converted/Legacy_GBA_Phase1/bariong/front-shiny.png
BARIONG,back_shiny,/tmp/mercury-gba-flat/BARIONG_BACK_SHINY.png,e6ca5d2ddefe058b198be535794558843cf452bab1661f69da374b17106b0e22,64,64,15,True,62,64,True,False,15,DS_CUSTOM_LIBRARY/converted/Legacy_GBA_Phase1/bariong/back-shiny.png
BEEDRILL_MEGA_REDUX,front,/tmp/mercury-gba-flat/BEEDRILL_MEGA_REDUX.png,f57e2f50b11ecde47415839f0472103cb478a1aed9b974b1312b051166b0963d,64,64,9,True,64,64,True,False,9,DS_CUSTOM_LIBRARY/converted/Legacy_GBA_Phase1/beedrill_mega_redux/front.png
BEEDRILL_MEGA_REDUX,back,/tmp/mercury-gba-flat/BEEDRILL_MEGA_REDUX_BACK.png,cc94251c5acb0f2385bbd6fcff5d828663d527063da9b8bd0a5249611bc0ef13,64,64,9,True,64,63,True,False,9,DS_CUSTOM_LIBRARY/converted/Legacy_GBA_Phase1/beedrill_mega_redux/back.png
BEEDRILL_MEGA_REDUX,front_shiny,/tmp/mercury-gba-flat/BEEDRILL_MEGA_REDUX_SHINY.png,5307a6716729281f695b87cb23832d45a2f00e3159cfdc31efc84b9aaf47f484,64,64,9,True,64,64,True,False,9,DS_CUSTOM_LIBRARY/converted/Legacy_GBA_Phase1/beedrill_mega_redux/front-shiny.png
BEEDRILL_MEGA_REDUX,back_shiny,/tmp/mercury-gba-flat/BEEDRILL_MEGA_REDUX_BACK_SHINY.png,a9a4bec0319656185062299c1b2ed54439beace0fa6264183a451fb3e1fa3d40,64,64,9,True,64,63,True,False,9,DS_CUSTOM_LIBRARY/converted/Legacy_GBA_Phase1/beedrill_mega_redux/back-shiny.png
BEEDRILL_REDUX,front,/tmp/mercury-gba-flat/BEEDRILL_REDUX.png,756ca2704a0a26b98080da921aaa8f812f72bb6b46e6742d7b0cc4eaa4a06b46,64,64,9,True,60,64,True,False,9,DS_CUSTOM_LIBRARY/converted/Legacy_GBA_Phase1/beedrill_redux/front.png
BEEDRILL_REDUX,back,/tmp/mercury-gba-flat/BEEDRILL_REDUX_BACK.png,651af214fa7c3eabfebabc81852f2c0ac8c1910d7053c84d842f1c3e20372563,64,64,8,True,64,61,True,False,8,DS_CUSTOM_LIBRARY/converted/Legacy_GBA_Phase1/beedrill_redux/back.png
BEEDRILL_REDUX,front_shiny,/tmp/mercury-gba-flat/BEEDRILL_REDUX_SHINY.png,5efee0ad6dd41048a52b5ec8e972fd5df1495a86ede1ac051a9d8ff3da305bb6,64,64,9,True,60,64,True,False,9,DS_CUSTOM_LIBRARY/converted/Legacy_GBA_Phase1/beedrill_redux/front-shiny.png
BEEDRILL_REDUX,back_shiny,/tmp/mercury-gba-flat/BEEDRILL_REDUX_BACK_SHINY.png,57fce5548952a33c259bc4f33c16cc0ba1a9dc4a36f29cf9d0a6fed8ec2f14c5,64,64,8,True,64,61,True,False,8,DS_CUSTOM_LIBRARY/converted/Legacy_GBA_Phase1/beedrill_redux/back-shiny.png
BELLSPROUT_REDUX,front,/tmp/mercury-gba-flat/BELLSPROUT_REDUX.png,c76274e363d4434e509572726733fb277a9c380d944ed06ed18beb9cb483f77b,64,64,12,True,42,40,True,False,12,DS_CUSTOM_LIBRARY/converted/Legacy_GBA_Phase1/bellsprout_redux/front.png
BELLSPROUT_REDUX,back,/tmp/mercury-gba-flat/BELLSPROUT_REDUX_BACK.png,665da9ffd91573fdfa9390f0b5febd7bf7d94d39bf0dd151268a5c1fef4a240e,64,64,12,True,55,41,True,False,12,DS_CUSTOM_LIBRARY/converted/Legacy_GBA_Phase1/bellsprout_redux/back.png
BELLSPROUT_REDUX,front_shiny,/tmp/mercury-gba-flat/BELLSPROUT_REDUX_SHINY.png,f95e45c8317ad64b0fa428d8db79d9087ffcd8fd4ec069082d511240196b38e1,64,64,12,True,42,40,True,False,12,DS_CUSTOM_LIBRARY/converted/Legacy_GBA_Phase1/bellsprout_redux/front-shiny.png
BELLSPROUT_REDUX,back_shiny,/tmp/mercury-gba-flat/BELLSPROUT_REDUX_BACK_SHINY.png,7132219de0e2e321c364ac255fb8afcd91bcfc71062f151ecd7031848dc0be6f,64,64,12,True,55,41,True,False,12,DS_CUSTOM_LIBRARY/converted/Legacy_GBA_Phase1/bellsprout_redux/back-shiny.png
BEWARDEN,front,/tmp/mercury-gba-flat/BEWARDEN.png,292077b4c699ebaeb54bb8be947cdbbbe730222f4a955edbbb5d9ad640ec4f88,64,64,13,True,53,60,True,False,13,DS_CUSTOM_LIBRARY/converted/Legacy_GBA_Phase1/bewarden/front.png
BEWARDEN,back,/tmp/mercury-gba-flat/BEWARDEN_BACK.png,4926843fce589d4ea86c12cd2b0a49bbe4ada933c0f3447fb7eb0f664e08bc69,64,64,13,True,57,57,True,False,13,DS_CUSTOM_LIBRARY/converted/Legacy_GBA_Phase1/bewarden/back.png
BEWARDEN,front_shiny,/tmp/mercury-gba-flat/BEWARDEN_SHINY.png,787d0eda3eefbd6a037de670cf6bde951d40d2023439f5c19ce12c70e62f0bd6,64,64,13,True,53,60,True,False,13,DS_CUSTOM_LIBRARY/converted/Legacy_GBA_Phase1/bewarden/front-shiny.png
BEWARDEN,back_shiny,/tmp/mercury-gba-flat/BEWARDEN_BACK_SHINY.png,dd9cd9edb3d6ae14488472d2ffc415c1c7ee02f695b28707cfab471b6763a009,64,64,13,True,57,57,True,False,13,DS_CUSTOM_LIBRARY/converted/Legacy_GBA_Phase1/bewarden/back-shiny.png
BEWARDEN_REDUX,front,/tmp/mercury-gba-flat/BEWARDEN_REDUX.png,9650e6b52abc68049a5a0c08da8ea0a1e137364e6c64d7412038a35819e777b1,64,64,11,True,63,64,True,False,11,DS_CUSTOM_LIBRARY/converted/Legacy_GBA_Phase1/bewarden_redux/front.png
BEWARDEN_REDUX,back,/tmp/mercury-gba-flat/BEWARDEN_REDUX_BACK.png,ba7cc8b1db738662d7a3c1615b0b98539f9889acb99c80df144736fa9bcb3c24,64,64,7,True,64,48,True,False,7,DS_CUSTOM_LIBRARY/converted/Legacy_GBA_Phase1/bewarden_redux/back.png
BEWARDEN_REDUX,front_shiny,/tmp/mercury-gba-flat/BEWARDEN_REDUX_SHINY.png,8a25f99d84e846e8c74571cf7de442083b34977b8c57359815ebf64b0d2acfd7,64,64,11,True,63,64,True,False,11,DS_CUSTOM_LIBRARY/converted/Legacy_GBA_Phase1/bewarden_redux/front-shiny.png
BEWARDEN_REDUX,back_shiny,/tmp/mercury-gba-flat/BEWARDEN_REDUX_BACK_SHINY.png,c141f9fe22c5686901cf938287a951c0eb6d8439a6884a4568a4a52a5766b654,64,64,7,True,64,48,True,False,7,DS_CUSTOM_LIBRARY/converted/Legacy_GBA_Phase1/bewarden_redux/back-shiny.png
BLASTOISE_MEGA_X,front,/tmp/mercury-gba-flat/BLASTOISE_MEGA_X.png,ea0ec900e30cc1cef0dbb62361e6e4a08493bddb8390b675935333745a744c5f,64,64,15,True,57,55,True,False,15,DS_CUSTOM_LIBRARY/converted/Legacy_GBA_Phase1/blastoise_mega_x/front.png
BLASTOISE_MEGA_X,back,/tmp/mercury-gba-flat/BLASTOISE_MEGA_X_BACK.png,7f4076f24c5315fcfe4c59f1e65232d65c90fc18e8e8b5f93548e41abbeb1ea3,64,64,13,True,64,54,True,False,13,DS_CUSTOM_LIBRARY/converted/Legacy_GBA_Phase1/blastoise_mega_x/back.png
BLASTOISE_MEGA_X,front_shiny,/tmp/mercury-gba-flat/BLASTOISE_MEGA_X_SHINY.png,da447076533c39fa2e5c3c6f17e758f80e939ce615f6223696979b8b30a978b8,64,64,15,True,57,55,True,False,15,DS_CUSTOM_LIBRARY/converted/Legacy_GBA_Phase1/blastoise_mega_x/front-shiny.png
BLASTOISE_MEGA_X,back_shiny,/tmp/mercury-gba-flat/BLASTOISE_MEGA_X_BACK_SHINY.png,995307a6d154d3c40d6987f9ee2ce52a2beac27d66380b2328d79ecb16602f76,64,64,13,True,64,54,True,False,13,DS_CUSTOM_LIBRARY/converted/Legacy_GBA_Phase1/blastoise_mega_x/back-shiny.png
BLISSEY_REDUX,front,/tmp/mercury-gba-flat/BLISSEY_REDUX.png,a1a2ceb97580c748364a888c00d6fe79fbd25a23fd2100a617b2ee328a015362,64,64,15,True,64,61,True,False,15,DS_CUSTOM_LIBRARY/converted/Legacy_GBA_Phase1/blissey_redux/front.png
BLISSEY_REDUX,back,/tmp/mercury-gba-flat/BLISSEY_REDUX_BACK.png,112abd06405e05eb018c3a30ac91292eebe72867c021829e1e445fe96a33be0b,64,64,13,True,64,59,True,False,13,DS_CUSTOM_LIBRARY/converted/Legacy_GBA_Phase1/blissey_redux/back.png
BLISSEY_REDUX,front_shiny,/tmp/mercury-gba-flat/BLISSEY_REDUX_SHINY.png,9b95fa0067f6150020e3e160040b1d3f17caea504629ab0b9ea0f2584ec5f90f,64,64,15,True,64,61,True,False,15,DS_CUSTOM_LIBRARY/converted/Legacy_GBA_Phase1/blissey_redux/front-shiny.png
BLISSEY_REDUX,back_shiny,/tmp/mercury-gba-flat/BLISSEY_REDUX_BACK_SHINY.png,f39453dc1b777bf36a2826caaa0f6cef90bb2b32f808b0797a6baed10f55e7c2,64,64,13,True,64,59,True,False,13,DS_CUSTOM_LIBRARY/converted/Legacy_GBA_Phase1/blissey_redux/back-shiny.png
BLOCLI,front,/tmp/mercury-gba-flat/BLOCLI.png,5c2338953321fab0c1816da7361267d5976e33e6c610b5cadf4de5434d2616d2,64,64,13,True,32,28,True,False,13,DS_CUSTOM_LIBRARY/converted/Legacy_GBA_Phase1/blocli/front.png
BLOCLI,back,/tmp/mercury-gba-flat/BLOCLI_BACK.png,3b57af84f5f77ce60c59a93eaf9727e3d334c02a013c0c7aafbbd579f58fc754,64,64,10,True,42,28,True,False,10,DS_CUSTOM_LIBRARY/converted/Legacy_GBA_Phase1/blocli/back.png
BLOCLI,front_shiny,/tmp/mercury-gba-flat/BLOCLI_SHINY.png,ef18f1174ddd637749dff57d51e502ee239521009dfb4b5bfd706e08fe8fc308,64,64,13,True,32,28,True,False,13,DS_CUSTOM_LIBRARY/converted/Legacy_GBA_Phase1/blocli/front-shiny.png
BLOCLI,back_shiny,/tmp/mercury-gba-flat/BLOCLI_BACK_SHINY.png,cb59414673eab22afafb7874950d48f6412b7b744be805a54747633c7fd29a20,64,64,10,True,42,28,True,False,10,DS_CUSTOM_LIBRARY/converted/Legacy_GBA_Phase1/blocli/back-shiny.png
BLOXTACK,front,/tmp/mercury-gba-flat/BLOXTACK.png,9cc8ffc0baa80a0edc29d42bbcc95a6ac9d9dd8eb9db418b5b9001ffe57a6336,64,64,15,True,52,55,True,False,15,DS_CUSTOM_LIBRARY/converted/Legacy_GBA_Phase1/bloxtack/front.png
BLOXTACK,back,/tmp/mercury-gba-flat/BLOXTACK_BACK.png,3e142e889e770e43b0792cd18a45bff797f895287df4a15ec8d1f1348bca804f,64,64,11,True,55,40,True,False,11,DS_CUSTOM_LIBRARY/converted/Legacy_GBA_Phase1/bloxtack/back.png
BLOXTACK,front_shiny,/tmp/mercury-gba-flat/BLOXTACK_SHINY.png,75128c470b0fead1d1266bec944f500843b537de306d123d04a3af0a6ba3ef75,64,64,15,True,52,55,True,False,15,DS_CUSTOM_LIBRARY/converted/Legacy_GBA_Phase1/bloxtack/front-shiny.png
BLOXTACK,back_shiny,/tmp/mercury-gba-flat/BLOXTACK_BACK_SHINY.png,d9e524dc1863e5f841536238e2b50270dcf50fb447c416f696d71a8387c6c5b5,64,64,11,True,55,40,True,False,11,DS_CUSTOM_LIBRARY/converted/Legacy_GBA_Phase1/bloxtack/back-shiny.png
BREEZING,front,/tmp/mercury-gba-flat/BREEZING.png,321d3bbdb0652e78af264b13f038a570a494206642817e2692a619a7584e0d2e,64,64,9,True,64,55,True,False,9,DS_CUSTOM_LIBRARY/converted/Legacy_GBA_Phase1/breezing/front.png
BREEZING,back,/tmp/mercury-gba-flat/BREEZING_BACK.png,66e78c597d9a75db32d17add3c0372fe6722cae88da09d4df5caf289e2a17783,64,64,9,True,59,47,True,False,9,DS_CUSTOM_LIBRARY/converted/Legacy_GBA_Phase1/breezing/back.png
BREEZING,front_shiny,/tmp/mercury-gba-flat/BREEZING_SHINY.png,b418572afc54c0f9d60e583c383ed03caceebef56cc5f4a872e3c9f517777806,64,64,9,True,64,55,True,False,9,DS_CUSTOM_LIBRARY/converted/Legacy_GBA_Phase1/breezing/front-shiny.png
BREEZING,back_shiny,/tmp/mercury-gba-flat/BREEZING_BACK_SHINY.png,ffcb7b9a24d80214371fa5899cdc9aab25fa7fd7bb2ea509a3752a6def7ff525,64,64,9,True,59,47,True,False,9,DS_CUSTOM_LIBRARY/converted/Legacy_GBA_Phase1/breezing/back-shiny.png
BUBBLEO,front,/tmp/mercury-gba-flat/BUBBLEO.png,ca7be4f58da63f8c93465f9d8e9aeba374b375248f597d568b9d312a469216cb,64,64,12,True,50,46,True,False,12,DS_CUSTOM_LIBRARY/converted/Legacy_GBA_Phase1/bubbleo/front.png
BUBBLEO,back,/tmp/mercury-gba-flat/BUBBLEO_BACK.png,3a86d31d822653f0c704f68906faf16f13888b2f3f376598823ec4daeea306a5,64,64,10,True,62,48,True,False,10,DS_CUSTOM_LIBRARY/converted/Legacy_GBA_Phase1/bubbleo/back.png
BUBBLEO,front_shiny,/tmp/mercury-gba-flat/BUBBLEO_SHINY.png,9c58de54aca4bfc605cdda13ccd77db1608171643e4d6917abaa294245fb06fb,64,64,12,True,50,46,True,False,12,DS_CUSTOM_LIBRARY/converted/Legacy_GBA_Phase1/bubbleo/front-shiny.png
BUBBLEO,back_shiny,/tmp/mercury-gba-flat/BUBBLEO_BACK_SHINY.png,32b42c6cb2a7aa90d0619d436b319dabca1f47f5efdadd621f2f52ea9f823313,64,64,10,True,62,48,True,False,10,DS_CUSTOM_LIBRARY/converted/Legacy_GBA_Phase1/bubbleo/back-shiny.png
BUTTERFREE_MEGA,front,/tmp/mercury-gba-flat/BUTTERFREE_MEGA.png,ac96bb956c2c1e7cfd4efd8e05a5ebe0c2df662db58bf6412e738eb85e155bb5,64,64,15,True,64,59,True,False,15,DS_CUSTOM_LIBRARY/converted/Legacy_GBA_Phase1/butterfree_mega/front.png
BUTTERFREE_MEGA,back,/tmp/mercury-gba-flat/BUTTERFREE_MEGA_BACK.png,eded8905eecbb8689a32337f263ef536b74bb346e61c4f6032d16d3f6b1ba7e6,64,64,12,True,63,58,True,False,12,DS_CUSTOM_LIBRARY/converted/Legacy_GBA_Phase1/butterfree_mega/back.png
BUTTERFREE_MEGA,front_shiny,/tmp/mercury-gba-flat/BUTTERFREE_MEGA_SHINY.png,b2422abdd58ac0f0a8ab765be6d8921aa2f8e2f4deb329ace7f94932d3980116,64,64,15,True,64,59,True,False,15,DS_CUSTOM_LIBRARY/converted/Legacy_GBA_Phase1/butterfree_mega/front-shiny.png
BUTTERFREE_MEGA,back_shiny,/tmp/mercury-gba-flat/BUTTERFREE_MEGA_BACK_SHINY.png,441f4a4bc08cbeb2c11f4893ff6b7ff9abb8cae8e3ef2b2c57bde5ecc2fc8357,64,64,12,True,63,58,True,False,12,DS_CUSTOM_LIBRARY/converted/Legacy_GBA_Phase1/butterfree_mega/back-shiny.png
CARBONIX_MEGA,front,/tmp/mercury-gba-flat/CARBONIX_MEGA.png,df223f17b9bae460183ec091530240d3cd9b5003787b93bfaa04a772c5f438cf,64,64,15,True,64,64,True,False,15,DS_CUSTOM_LIBRARY/converted/Legacy_GBA_Phase1/carbonix_mega/front.png
CARBONIX_MEGA,back,/tmp/mercury-gba-flat/CARBONIX_MEGA_BACK.png,153e9c659594221fa888f57bb07b0c36002335325be6fa3407e2ba2dffcd5887,64,64,15,True,64,64,True,False,15,DS_CUSTOM_LIBRARY/converted/Legacy_GBA_Phase1/carbonix_mega/back.png
CARBONIX_MEGA,front_shiny,/tmp/mercury-gba-flat/CARBONIX_MEGA_SHINY.png,392133249bcdc81e2cd0fbdb448b6970194941a93f2e7bfe2e205e54ce3272fd,64,64,15,True,64,64,True,False,15,DS_CUSTOM_LIBRARY/converted/Legacy_GBA_Phase1/carbonix_mega/front-shiny.png
CARBONIX_MEGA,back_shiny,/tmp/mercury-gba-flat/CARBONIX_MEGA_BACK_SHINY.png,05f8ff128971c41171819843072a2d63fde2c830db1cd360497cbc353787ee22,64,64,15,True,64,64,True,False,15,DS_CUSTOM_LIBRARY/converted/Legacy_GBA_Phase1/carbonix_mega/back-shiny.png
CETITAN_REDUX,front,/tmp/mercury-gba-flat/CETITAN_REDUX.png,65304b776e3ecee23b03633425cdac643de5dd606467b92c4f15028657b9d256,64,64,11,True,64,56,True,False,11,DS_CUSTOM_LIBRARY/converted/Legacy_GBA_Phase1/cetitan_redux/front.png
CETITAN_REDUX,back,/tmp/mercury-gba-flat/CETITAN_REDUX_BACK.png,936d7a4731d6892622cbd3e3b3bd01eac67c269986c6815810237f34cf8265c7,64,64,11,True,62,39,True,False,11,DS_CUSTOM_LIBRARY/converted/Legacy_GBA_Phase1/cetitan_redux/back.png
CETITAN_REDUX,front_shiny,/tmp/mercury-gba-flat/CETITAN_REDUX_SHINY.png,a437bdf7d8a2edea56bf368e06592f7f56568644961d109d47bc156b22b10459,64,64,11,True,64,56,True,False,11,DS_CUSTOM_LIBRARY/converted/Legacy_GBA_Phase1/cetitan_redux/front-shiny.png
CETITAN_REDUX,back_shiny,/tmp/mercury-gba-flat/CETITAN_REDUX_BACK_SHINY.png,7824fe973cdd3a024a7d9244aba4f8e83d0d72c044256ec27451c12f09274bf8,64,64,11,True,62,39,True,False,11,DS_CUSTOM_LIBRARY/converted/Legacy_GBA_Phase1/cetitan_redux/back-shiny.png
CETODDLE_REDUX,front,/tmp/mercury-gba-flat/CETODDLE_REDUX.png,299c4998a4aad4a87730c6d9661b1d337e771bb3ce2671573aedc90a7bfd7458,64,64,11,True,54,41,True,False,11,DS_CUSTOM_LIBRARY/converted/Legacy_GBA_Phase1/cetoddle_redux/front.png
CETODDLE_REDUX,back,/tmp/mercury-gba-flat/CETODDLE_REDUX_BACK.png,d359c26cabf127abc2ddb363f4f4511b024904cf048320ba0c9e3f73c0a603f6,64,64,11,True,63,34,True,False,11,DS_CUSTOM_LIBRARY/converted/Legacy_GBA_Phase1/cetoddle_redux/back.png
CETODDLE_REDUX,front_shiny,/tmp/mercury-gba-flat/CETODDLE_REDUX_SHINY.png,1648417657c393234b5a680839a406fdc9d291954beed8a1799885f31c045e54,64,64,11,True,54,41,True,False,11,DS_CUSTOM_LIBRARY/converted/Legacy_GBA_Phase1/cetoddle_redux/front-shiny.png
CETODDLE_REDUX,back_shiny,/tmp/mercury-gba-flat/CETODDLE_REDUX_BACK_SHINY.png,7192439802bc7f81fb11755466397cfee06d3796a62253ebc30c7d15059fe8cd,64,64,11,True,63,34,True,False,11,DS_CUSTOM_LIBRARY/converted/Legacy_GBA_Phase1/cetoddle_redux/back-shiny.png
CHANSEY_REDUX,front,/tmp/mercury-gba-flat/CHANSEY_REDUX.png,8ba96e78bef17b4eb793161e451989527cd880b9562adad7915fb68a3210f838,64,64,14,True,64,64,True,False,14,DS_CUSTOM_LIBRARY/converted/Legacy_GBA_Phase1/chansey_redux/front.png
CHANSEY_REDUX,back,/tmp/mercury-gba-flat/CHANSEY_REDUX_BACK.png,998a4b304a66c3d126a00326229c14df9774ddff33f001d4b3f433e9d22d25cd,64,64,14,True,59,53,True,False,14,DS_CUSTOM_LIBRARY/converted/Legacy_GBA_Phase1/chansey_redux/back.png
CHANSEY_REDUX,front_shiny,/tmp/mercury-gba-flat/CHANSEY_REDUX_SHINY.png,ad82978a1f6344e9a146c1c1c64f66676427efc6f5e62cf6b50e7276a0cdec96,64,64,14,True,64,64,True,False,14,DS_CUSTOM_LIBRARY/converted/Legacy_GBA_Phase1/chansey_redux/front-shiny.png
CHANSEY_REDUX,back_shiny,/tmp/mercury-gba-flat/CHANSEY_REDUX_BACK_SHINY.png,98fc018efb2482cecc8746cfda68dbdc0a842025ec9875b44b8b32fb7abbd7f3,64,64,14,True,59,53,True,False,14,DS_CUSTOM_LIBRARY/converted/Legacy_GBA_Phase1/chansey_redux/back-shiny.png
CHARIZARD_MEGA_Z,front,/tmp/mercury-gba-flat/CHARIZARD_MEGA_Z.png,1f43a455cbef19c6c2814a4f21003bdd06212902affa12ede08cd16fdcead9a0,64,64,13,True,64,64,True,False,13,DS_CUSTOM_LIBRARY/converted/Legacy_GBA_Phase1/charizard_mega_z/front.png
CHARIZARD_MEGA_Z,back,/tmp/mercury-gba-flat/CHARIZARD_MEGA_Z_BACK.png,0630c03717a5589843466259c91c6ff8967d292b6b84f26d7cfa730ea51ca5a9,64,64,11,True,64,62,True,False,11,DS_CUSTOM_LIBRARY/converted/Legacy_GBA_Phase1/charizard_mega_z/back.png
CHARIZARD_MEGA_Z,front_shiny,/tmp/mercury-gba-flat/CHARIZARD_MEGA_Z_SHINY.png,b00cf29a83a99a45823db3a1b643f532dcd08d34fd8be5066da04a90e52c72e6,64,64,13,True,64,64,True,False,13,DS_CUSTOM_LIBRARY/converted/Legacy_GBA_Phase1/charizard_mega_z/front-shiny.png
CHARIZARD_MEGA_Z,back_shiny,/tmp/mercury-gba-flat/CHARIZARD_MEGA_Z_BACK_SHINY.png,6e25fc7b18a62e1f7322bb821eeba84a8cd73a1334b9637068ceba310bf0e22e,64,64,11,True,64,62,True,False,11,DS_CUSTOM_LIBRARY/converted/Legacy_GBA_Phase1/charizard_mega_z/back-shiny.png
CINDERACE_MEGA,front,/tmp/mercury-gba-flat/CINDERACE_MEGA.png,cfa62afa323a2b8a468b633e15efb96d7d36c1e57ed43e82303609218bd3945c,64,64,15,True,64,64,True,False,15,DS_CUSTOM_LIBRARY/converted/Legacy_GBA_Phase1/cinderace_mega/front.png
CINDERACE_MEGA,back,/tmp/mercury-gba-flat/CINDERACE_MEGA_BACK.png,1f8c1ab547c2a98fd299d534b656c3a2f786e719f7c0a4b921988e5fd9206652,64,64,12,True,58,45,True,False,12,DS_CUSTOM_LIBRARY/converted/Legacy_GBA_Phase1/cinderace_mega/back.png
CINDERACE_MEGA,front_shiny,/tmp/mercury-gba-flat/CINDERACE_MEGA_SHINY.png,ce308a6e11b8ba571ef56c5b3e95781ca277374c05801da9e45f1b3f47fe5ced,64,64,15,True,64,64,True,False,15,DS_CUSTOM_LIBRARY/converted/Legacy_GBA_Phase1/cinderace_mega/front-shiny.png
CINDERACE_MEGA,back_shiny,/tmp/mercury-gba-flat/CINDERACE_MEGA_BACK_SHINY.png,6c11c91cb3e6fb6ea682417234f5561c2fa7c1afc4f3a4b4be25dd89dee2a306,64,64,12,True,58,45,True,False,12,DS_CUSTOM_LIBRARY/converted/Legacy_GBA_Phase1/cinderace_mega/back-shiny.png
CLEFABLE_MEGA_Y,front,/tmp/mercury-gba-flat/CLEFABLE_MEGA_Y.png,3d962d7b89042d5da39c279957208ae78c26300708945a49affa9606a01d5132,64,64,13,True,64,62,True,False,13,DS_CUSTOM_LIBRARY/converted/Legacy_GBA_Phase1/clefable_mega_y/front.png
CLEFABLE_MEGA_Y,back,/tmp/mercury-gba-flat/CLEFABLE_MEGA_Y_BACK.png,36984798012ac66e52965e5ceabe733649258b3607c33c79895b4142eb558790,64,64,10,True,58,43,True,False,10,DS_CUSTOM_LIBRARY/converted/Legacy_GBA_Phase1/clefable_mega_y/back.png
CLEFABLE_MEGA_Y,front_shiny,/tmp/mercury-gba-flat/CLEFABLE_MEGA_Y_SHINY.png,2e17af0375ea1e490b43bed8e3cf92b355e9434542fc3b22ac0e3d3f6006e5aa,64,64,14,True,64,62,True,False,14,DS_CUSTOM_LIBRARY/converted/Legacy_GBA_Phase1/clefable_mega_y/front-shiny.png
CLEFABLE_MEGA_Y,back_shiny,/tmp/mercury-gba-flat/CLEFABLE_MEGA_Y_BACK_SHINY.png,bf7b20ac1990edb9eea49e2142315c0141f463fe9a889810dfd7e02f00d16ee7,64,64,10,True,58,43,True,False,10,DS_CUSTOM_LIBRARY/converted/Legacy_GBA_Phase1/clefable_mega_y/back-shiny.png
COALOSSAL_MEGA,front,/tmp/mercury-gba-flat/COALOSSAL_MEGA.png,5158be0e2ca6023759f95b0ebc2407805a62f9af4a04d783908382aa5539dca2,64,64,15,True,62,64,True,False,15,DS_CUSTOM_LIBRARY/converted/Legacy_GBA_Phase1/coalossal_mega/front.png
COALOSSAL_MEGA,back,/tmp/mercury-gba-flat/COALOSSAL_MEGA_BACK.png,5a3adab8df99a6b83af9bac7a24b9334b1024a90ba0a6304d82d90e993fd0bff,64,64,12,True,58,49,True,False,12,DS_CUSTOM_LIBRARY/converted/Legacy_GBA_Phase1/coalossal_mega/back.png
COALOSSAL_MEGA,front_shiny,/tmp/mercury-gba-flat/COALOSSAL_MEGA_SHINY.png,2111e39bf4234774dcfa304875c3eef9045958fc937e77320dc56e512ca4ce4d,64,64,15,True,62,64,True,False,15,DS_CUSTOM_LIBRARY/converted/Legacy_GBA_Phase1/coalossal_mega/front-shiny.png
COALOSSAL_MEGA,back_shiny,/tmp/mercury-gba-flat/COALOSSAL_MEGA_BACK_SHINY.png,899ecacfebb3a5b9062d26366b2ce159869194f9754f4adc7d8e4d31a9dae788,64,64,12,True,58,49,True,False,12,DS_CUSTOM_LIBRARY/converted/Legacy_GBA_Phase1/coalossal_mega/back-shiny.png
CORM,front,/tmp/mercury-gba-flat/CORM.png,1b783145ccfa3cbc57ead7352b0dcd48ba8eaaf181eb1910b51fa9bd9f8762a8,64,64,9,True,42,26,True,False,9,DS_CUSTOM_LIBRARY/converted/Legacy_GBA_Phase1/corm/front.png
CORM,back,/tmp/mercury-gba-flat/CORM_BACK.png,a8a052a708a11c087cf177513307ffdde971cce5312be3f51b438281da824a39,64,64,9,True,52,25,True,False,9,DS_CUSTOM_LIBRARY/converted/Legacy_GBA_Phase1/corm/back.png
CORM,front_shiny,/tmp/mercury-gba-flat/CORM_SHINY.png,8da22e4ce30abda553fe1ee652f0973b5f881f085b9f09ba188942ee0575f69b,64,64,9,True,42,26,True,False,9,DS_CUSTOM_LIBRARY/converted/Legacy_GBA_Phase1/corm/front-shiny.png
CORM,back_shiny,/tmp/mercury-gba-flat/CORM_BACK_SHINY.png,6f793980a225bd1d8d4714a60c62f5f069ca510c0e6389e528eabf137127a8a6,64,64,9,True,52,25,True,False,9,DS_CUSTOM_LIBRARY/converted/Legacy_GBA_Phase1/corm/back-shiny.png
CORMOTH,front,/tmp/mercury-gba-flat/CORMOTH.png,4a05d35ad90e858e2a94a8d7bf1a222b10665fc4a36e84ed6d23a64170ef14e3,64,64,14,True,64,52,True,False,14,DS_CUSTOM_LIBRARY/converted/Legacy_GBA_Phase1/cormoth/front.png
CORMOTH,back,/tmp/mercury-gba-flat/CORMOTH_BACK.png,155877b4b98a8d3b5d5bd0e1afc36895df63284c736b54461146292cbdc136b5,64,64,13,True,64,51,True,False,13,DS_CUSTOM_LIBRARY/converted/Legacy_GBA_Phase1/cormoth/back.png
CORMOTH,front_shiny,/tmp/mercury-gba-flat/CORMOTH_SHINY.png,b54bfc614a4972ea903c7690558656ea53d92215907629bef8a8a37ed4fbca0f,64,64,14,True,64,52,True,False,14,DS_CUSTOM_LIBRARY/converted/Legacy_GBA_Phase1/cormoth/front-shiny.png
CORMOTH,back_shiny,/tmp/mercury-gba-flat/CORMOTH_BACK_SHINY.png,de7db94fe70484af7cd8321bca4c32108b5b8471476d3aa2ff6be7a288b545e8,64,64,13,True,64,51,True,False,13,DS_CUSTOM_LIBRARY/converted/Legacy_GBA_Phase1/cormoth/back-shiny.png
CORMOTH_MEGA,front,/tmp/mercury-gba-flat/CORMOTH_MEGA.png,e3d75bd1f7b6042f09466e9ed83dfc4514d0f5b7d12bc8e122878378205b12d5,64,64,15,True,64,55,True,False,15,DS_CUSTOM_LIBRARY/converted/Legacy_GBA_Phase1/cormoth_mega/front.png
CORMOTH_MEGA,back,/tmp/mercury-gba-flat/CORMOTH_MEGA_BACK.png,3fb8f595f7bb5b09e8c9bf2e10167ebfeb6d4fe1a7beea3a7b2dd09cf548f93c,64,64,14,True,64,57,True,False,14,DS_CUSTOM_LIBRARY/converted/Legacy_GBA_Phase1/cormoth_mega/back.png
CORMOTH_MEGA,front_shiny,/tmp/mercury-gba-flat/CORMOTH_MEGA_SHINY.png,9da79d6742e8fadfd8d76f588c2a134157f684d83faa2842aa4e15647d3eca76,64,64,15,True,64,55,True,False,15,DS_CUSTOM_LIBRARY/converted/Legacy_GBA_Phase1/cormoth_mega/front-shiny.png
CORMOTH_MEGA,back_shiny,/tmp/mercury-gba-flat/CORMOTH_MEGA_BACK_SHINY.png,4875d9b595b26b67c5cca76fabbe9a009641ae1310430abbaf307e6fff1ef4d0,64,64,14,True,64,57,True,False,14,DS_CUSTOM_LIBRARY/converted/Legacy_GBA_Phase1/cormoth_mega/back-shiny.png
CRABOMINABLE_REDUX,front,/tmp/mercury-gba-flat/CRABOMINABLE_REDUX.png,23df04607516df5aee94194e147e7041e1db689a73bc9042c3e66142eef56b52,64,64,12,True,61,61,True,False,12,DS_CUSTOM_LIBRARY/converted/Legacy_GBA_Phase1/crabominable_redux/front.png
CRABOMINABLE_REDUX,back,/tmp/mercury-gba-flat/CRABOMINABLE_REDUX_BACK.png,80b5b693e042d27095ef5175e51c377cf68df5017f501a8dac62483a44d14b24,64,64,12,True,54,64,True,False,12,DS_CUSTOM_LIBRARY/converted/Legacy_GBA_Phase1/crabominable_redux/back.png
CRABOMINABLE_REDUX,front_shiny,/tmp/mercury-gba-flat/CRABOMINABLE_REDUX_SHINY.png,88f19c5db5687a91b2b06c5d7f0d67c6644e0dcd73173ad65ec9ee8f2c3512b1,64,64,12,True,61,61,True,False,12,DS_CUSTOM_LIBRARY/converted/Legacy_GBA_Phase1/crabominable_redux/front-shiny.png
CRABOMINABLE_REDUX,back_shiny,/tmp/mercury-gba-flat/CRABOMINABLE_REDUX_BACK_SHINY.png,9328336fe07290ee4edcb50e4c29590229d3f9c11f4d4ebec074ad0d4a53b9a3,64,64,12,True,54,64,True,False,12,DS_CUSTOM_LIBRARY/converted/Legacy_GBA_Phase1/crabominable_redux/back-shiny.png
CRABRAWLER_REDUX,front,/tmp/mercury-gba-flat/CRABRAWLER_REDUX.png,99d6b67119b5a61111467b8d9770ad888830263876e8643fa136e97b6fbde58f,64,64,12,True,61,47,True,False,12,DS_CUSTOM_LIBRARY/converted/Legacy_GBA_Phase1/crabrawler_redux/front.png
CRABRAWLER_REDUX,back,/tmp/mercury-gba-flat/CRABRAWLER_REDUX_BACK.png,8627c9f13274c0422c090b9c9a0671a6913baea25659df873dab81cffdeb8be5,64,64,9,True,62,37,True,False,9,DS_CUSTOM_LIBRARY/converted/Legacy_GBA_Phase1/crabrawler_redux/back.png
CRABRAWLER_REDUX,front_shiny,/tmp/mercury-gba-flat/CRABRAWLER_REDUX_SHINY.png,18362e4cf81bd630f11dd036b7d23a95d905b25132c1bfe7fd6322df28de842a,64,64,12,True,61,47,True,False,12,DS_CUSTOM_LIBRARY/converted/Legacy_GBA_Phase1/crabrawler_redux/front-shiny.png
CRABRAWLER_REDUX,back_shiny,/tmp/mercury-gba-flat/CRABRAWLER_REDUX_BACK_SHINY.png,cf926cc74f0d4ef663c2457aa10e8dd6e058892f496f9d463bd069da7b1f43a8,64,64,9,True,62,37,True,False,9,DS_CUSTOM_LIBRARY/converted/Legacy_GBA_Phase1/crabrawler_redux/back-shiny.png
CRABRUISER,front,/tmp/mercury-gba-flat/CRABRUISER.png,154269168b7b5d6a01a7248fd635e8bf14339b6f01ea29f2fb9122821f786958,64,64,15,True,64,64,True,False,15,DS_CUSTOM_LIBRARY/converted/Legacy_GBA_Phase1/crabruiser/front.png
CRABRUISER,back,/tmp/mercury-gba-flat/CRABRUISER_BACK.png,95e26f73b426104337f0183401a0c92a9dece98f9f6d8fb7cd368bf6b217e7bb,64,64,13,True,64,63,True,False,13,DS_CUSTOM_LIBRARY/converted/Legacy_GBA_Phase1/crabruiser/back.png
CRABRUISER,front_shiny,/tmp/mercury-gba-flat/CRABRUISER_SHINY.png,498944b659d4a514ca86172cc1436c47177d349519ef0d32630c3b90f1cbced5,64,64,15,True,64,64,True,False,15,DS_CUSTOM_LIBRARY/converted/Legacy_GBA_Phase1/crabruiser/front-shiny.png
CRABRUISER,back_shiny,/tmp/mercury-gba-flat/CRABRUISER_BACK_SHINY.png,a0e29b7f9a8d097728d8a66c2edf00dce24bd8b91105a9b67e1fc58f99849f3b,64,64,13,True,64,63,True,False,13,DS_CUSTOM_LIBRARY/converted/Legacy_GBA_Phase1/crabruiser/back-shiny.png
CROBAT_MEGA,front,/tmp/mercury-gba-flat/CROBAT_MEGA.png,39828b3cb2c95be0112427e278757584cc03595760d7184afd9e69e6adc026d5,64,64,12,True,64,51,True,False,12,DS_CUSTOM_LIBRARY/converted/Legacy_GBA_Phase1/crobat_mega/front.png
CROBAT_MEGA,back,/tmp/mercury-gba-flat/CROBAT_MEGA_BACK.png,eb4bd1f414152b9cf83adbfdc0a7362d25081db9e83a86f942f9b03d7d9efe69,64,64,5,True,64,50,True,False,5,DS_CUSTOM_LIBRARY/converted/Legacy_GBA_Phase1/crobat_mega/back.png
CROBAT_MEGA,front_shiny,/tmp/mercury-gba-flat/CROBAT_MEGA_SHINY.png,9631dca094846b17fedee234a616082d6ecd16ff3d6ca047ee79018ef99c1727,64,64,12,True,64,51,True,False,12,DS_CUSTOM_LIBRARY/converted/Legacy_GBA_Phase1/crobat_mega/front-shiny.png
CROBAT_MEGA,back_shiny,/tmp/mercury-gba-flat/CROBAT_MEGA_BACK_SHINY.png,9ad1499a4b25a9bd54b720ae4f118e066f84fdd96761187c7aebf6aea1df9413,64,64,5,True,64,50,True,False,5,DS_CUSTOM_LIBRARY/converted/Legacy_GBA_Phase1/crobat_mega/back-shiny.png
DOUBLADE_REDUX,front,/tmp/mercury-gba-flat/DOUBLADE_REDUX.png,0bdc6015affa6376bafd9ff1a0c2e0e602e03076fb2362355bab88f8b49b4e3c,64,64,14,True,62,60,True,False,14,DS_CUSTOM_LIBRARY/converted/Legacy_GBA_Phase1/doublade_redux/front.png
DOUBLADE_REDUX,back,/tmp/mercury-gba-flat/DOUBLADE_REDUX_BACK.png,0eb2fe776227ce21c9e3f910ceaf7abb2015c27cd5ceed42a4cd10bc245fd2cc,64,64,12,True,64,54,True,False,12,DS_CUSTOM_LIBRARY/converted/Legacy_GBA_Phase1/doublade_redux/back.png
DOUBLADE_REDUX,front_shiny,/tmp/mercury-gba-flat/DOUBLADE_REDUX_SHINY.png,d35e0131c8842a6003f2a41f1f5143a09cfe7f88c5b2d82940292503c2b7265a,64,64,14,True,62,60,True,False,14,DS_CUSTOM_LIBRARY/converted/Legacy_GBA_Phase1/doublade_redux/front-shiny.png
DOUBLADE_REDUX,back_shiny,/tmp/mercury-gba-flat/DOUBLADE_REDUX_BACK_SHINY.png,3033d2ee955d986e3da59ea3321643ec411140ae9097202c0a439c2034e012ca,64,64,12,True,64,54,True,False,12,DS_CUSTOM_LIBRARY/converted/Legacy_GBA_Phase1/doublade_redux/back-shiny.png
DREDNAW_MEGA,front,/tmp/mercury-gba-flat/DREDNAW_MEGA.png,fd959babe592fdc08d80df465bdd0879c8ecdb7d6974a95cfc3b7dc5b1cbed42,64,64,15,True,62,64,True,False,15,DS_CUSTOM_LIBRARY/converted/Legacy_GBA_Phase1/drednaw_mega/front.png
DREDNAW_MEGA,back,/tmp/mercury-gba-flat/DREDNAW_MEGA_BACK.png,40cb718ec03900713177f0962326c493c4ccfa53c1b355799c08ebb32443a7eb,64,64,8,True,63,40,True,False,8,DS_CUSTOM_LIBRARY/converted/Legacy_GBA_Phase1/drednaw_mega/back.png
DREDNAW_MEGA,front_shiny,/tmp/mercury-gba-flat/DREDNAW_MEGA_SHINY.png,ddb69dcb5a31d2863e41d66124c306cc5d079d36e54078d5c2713ea64588fa9d,64,64,15,True,62,64,True,False,15,DS_CUSTOM_LIBRARY/converted/Legacy_GBA_Phase1/drednaw_mega/front-shiny.png
DREDNAW_MEGA,back_shiny,/tmp/mercury-gba-flat/DREDNAW_MEGA_BACK_SHINY.png,12abd7104c9dd317a4901c2c5b2dbe066d7138105c8b80620435c83cba92c8f8,64,64,8,True,63,40,True,False,8,DS_CUSTOM_LIBRARY/converted/Legacy_GBA_Phase1/drednaw_mega/back-shiny.png
ERATICATE,front,/tmp/mercury-gba-flat/ERATICATE.png,2ffe15b8a754d3476c01343804b87f95ba003ccee16fba8595f19f282fcfdbf8,64,64,15,True,64,61,True,False,15,DS_CUSTOM_LIBRARY/converted/Legacy_GBA_Phase1/eraticate/front.png
ERATICATE,back,/tmp/mercury-gba-flat/ERATICATE_BACK.png,7d22c640f87caf0c9f514bc0a716f9b6965e51792f72f4bd31bd7ad7ad4f8d6a,64,64,13,True,64,54,True,False,13,DS_CUSTOM_LIBRARY/converted/Legacy_GBA_Phase1/eraticate/back.png
ERATICATE,front_shiny,/tmp/mercury-gba-flat/ERATICATE_SHINY.png,ee7b7cc02568139c89737691e83d47ba2e2a5d5bae2ea4551c9489af0a1da19e,64,64,15,True,64,61,True,False,15,DS_CUSTOM_LIBRARY/converted/Legacy_GBA_Phase1/eraticate/front-shiny.png
ERATICATE,back_shiny,/tmp/mercury-gba-flat/ERATICATE_BACK_SHINY.png,aa14ae3cb1b8d23d716ed91f19f05929affd8bff776dd7f5a46708318dc43c38,64,64,13,True,64,54,True,False,13,DS_CUSTOM_LIBRARY/converted/Legacy_GBA_Phase1/eraticate/back-shiny.png
EXEGGCUTE_REDUX,front,/tmp/mercury-gba-flat/EXEGGCUTE_REDUX.png,894c0e9329e1c5f9db28baed1a582c4b8163639c2db8ced056923caf6f739051,64,64,13,True,49,49,True,False,13,DS_CUSTOM_LIBRARY/converted/Legacy_GBA_Phase1/exeggcute_redux/front.png
EXEGGCUTE_REDUX,back,/tmp/mercury-gba-flat/EXEGGCUTE_REDUX_BACK.png,bccad949b46e9fa043e01d2148611cf900429301bc60f06f644557702047af29,64,64,11,True,62,33,True,False,11,DS_CUSTOM_LIBRARY/converted/Legacy_GBA_Phase1/exeggcute_redux/back.png
EXEGGCUTE_REDUX,front_shiny,/tmp/mercury-gba-flat/EXEGGCUTE_REDUX_SHINY.png,612dc86463437fd3d2d87801786f16bf04a26160d2ef4126d3aabdcef6f174b7,64,64,13,True,49,49,True,False,13,DS_CUSTOM_LIBRARY/converted/Legacy_GBA_Phase1/exeggcute_redux/front-shiny.png
EXEGGCUTE_REDUX,back_shiny,/tmp/mercury-gba-flat/EXEGGCUTE_REDUX_BACK_SHINY.png,d347bcbe3fabbae726df572a3e443d1b6799e0a0b584ef7dc6d64f5eb945e199,64,64,11,True,62,33,True,False,11,DS_CUSTOM_LIBRARY/converted/Legacy_GBA_Phase1/exeggcute_redux/back-shiny.png
EXEGGUTOR_REDUX,front,/tmp/mercury-gba-flat/EXEGGUTOR_REDUX.png,bef264a5322cbfabd61d432e5dbd4f7101c0fd06c17b68f8c53b5bd08cdf6343,64,64,11,True,64,64,True,False,11,DS_CUSTOM_LIBRARY/converted/Legacy_GBA_Phase1/exeggutor_redux/front.png
EXEGGUTOR_REDUX,back,/tmp/mercury-gba-flat/EXEGGUTOR_REDUX_BACK.png,98023cbd468242f2cdeac5acab9c90b1fa78afd948b0e3071a33f36d2f967859,64,64,11,True,64,41,True,False,11,DS_CUSTOM_LIBRARY/converted/Legacy_GBA_Phase1/exeggutor_redux/back.png
EXEGGUTOR_REDUX,front_shiny,/tmp/mercury-gba-flat/EXEGGUTOR_REDUX_SHINY.png,17e1bced0a7b7e5a0627c08b01af5230bd636b2c4398d6ccaaacd8ed2d6de2bc,64,64,11,True,64,64,True,False,11,DS_CUSTOM_LIBRARY/converted/Legacy_GBA_Phase1/exeggutor_redux/front-shiny.png
EXEGGUTOR_REDUX,back_shiny,/tmp/mercury-gba-flat/EXEGGUTOR_REDUX_BACK_SHINY.png,c341786065ccd3698d1600476ebf1032e2a74bf91cac9bab70f3d00390970071,64,64,11,True,64,41,True,False,11,DS_CUSTOM_LIBRARY/converted/Legacy_GBA_Phase1/exeggutor_redux/back-shiny.png
FEAROW_REDUX,front,/tmp/mercury-gba-flat/FEAROW_REDUX.png,665127791a1f931255a2176e16204095b6ae5c75b2b1f268fced6c5b0182cf0b,64,64,15,True,63,63,True,False,15,DS_CUSTOM_LIBRARY/converted/Legacy_GBA_Phase1/fearow_redux/front.png
FEAROW_REDUX,back,/tmp/mercury-gba-flat/FEAROW_REDUX_BACK.png,92de5dccdeab4f0232e5aa14859a99391ccd50d0bec4178f321f8d773b1be8e5,64,64,15,True,57,51,True,False,15,DS_CUSTOM_LIBRARY/converted/Legacy_GBA_Phase1/fearow_redux/back.png
FEAROW_REDUX,front_shiny,/tmp/mercury-gba-flat/FEAROW_REDUX_SHINY.png,67efdcea17a21717a0620656fc925c43099398b6d0ece65e1f2157698765780f,64,64,15,True,63,63,True,False,15,DS_CUSTOM_LIBRARY/converted/Legacy_GBA_Phase1/fearow_redux/front-shiny.png
FEAROW_REDUX,back_shiny,/tmp/mercury-gba-flat/FEAROW_REDUX_BACK_SHINY.png,9605f5627ab59b75c7633edd8e6fd1fa84592629da73fa1a1ea17a8d29716b2b,64,64,15,True,57,51,True,False,15,DS_CUSTOM_LIBRARY/converted/Legacy_GBA_Phase1/fearow_redux/back-shiny.png
FLUFFBEE,front,/tmp/mercury-gba-flat/FLUFFBEE.png,556599f5ca1ee46ea5f09ccd8661a0580b060f8e21f40681d9441caeb8f6e342,64,64,11,True,44,42,True,False,11,DS_CUSTOM_LIBRARY/converted/Legacy_GBA_Phase1/fluffbee/front.png
FLUFFBEE,back,/tmp/mercury-gba-flat/FLUFFBEE_BACK.png,33c8921f1a19fbef502f700194b99d34857103e4823df268e6b106155012de35,64,64,11,True,57,51,True,False,11,DS_CUSTOM_LIBRARY/converted/Legacy_GBA_Phase1/fluffbee/back.png
FLUFFBEE,front_shiny,/tmp/mercury-gba-flat/FLUFFBEE_SHINY.png,df33a83ebb827d2f2e56d3340f651a92181e23e6ddbc60e387b799a6a8ba44e1,64,64,11,True,44,42,True,False,11,DS_CUSTOM_LIBRARY/converted/Legacy_GBA_Phase1/fluffbee/front-shiny.png
FLUFFBEE,back_shiny,/tmp/mercury-gba-flat/FLUFFBEE_BACK_SHINY.png,f3611b637d57fff1ed51279681bafcdeffc89bddac366d4e3e07e4a7de388f07,64,64,11,True,57,51,True,False,11,DS_CUSTOM_LIBRARY/converted/Legacy_GBA_Phase1/fluffbee/back-shiny.png
FLYGON_REDUX,front,/tmp/mercury-gba-flat/FLYGON_REDUX.png,16341848edeeff8c84a51e8b82ba9539d2d086d85343024dfaed9b4d8ca4ad13,64,64,13,True,64,62,True,False,13,DS_CUSTOM_LIBRARY/converted/Legacy_GBA_Phase1/flygon_redux/front.png
FLYGON_REDUX,back,/tmp/mercury-gba-flat/FLYGON_REDUX_BACK.png,98111b4fe57f6ffb344757f7c8086f80480b6d820b2bcf5f957440f416ab620d,64,64,13,True,64,55,True,False,13,DS_CUSTOM_LIBRARY/converted/Legacy_GBA_Phase1/flygon_redux/back.png
FLYGON_REDUX,front_shiny,/tmp/mercury-gba-flat/FLYGON_REDUX_SHINY.png,e6e157c2e62836356ea9e0af7ad7b957cd9cc46c53e0adffdc9e3449f3e96f84,64,64,13,True,64,62,True,False,13,DS_CUSTOM_LIBRARY/converted/Legacy_GBA_Phase1/flygon_redux/front-shiny.png
FLYGON_REDUX,back_shiny,/tmp/mercury-gba-flat/FLYGON_REDUX_BACK_SHINY.png,cf50445617137432d6d1764b0082002a3da376cce189f0a31db51454e914e116,64,64,13,True,64,55,True,False,13,DS_CUSTOM_LIBRARY/converted/Legacy_GBA_Phase1/flygon_redux/back-shiny.png
FLYGON_REDUX_MEGA,front,/tmp/mercury-gba-flat/FLYGON_REDUX_MEGA.png,da2b4f8eb5c4e3a20d38650aea6e417cbee59b7f773831f06d15de178850d3d9,64,64,14,True,64,64,True,False,14,DS_CUSTOM_LIBRARY/converted/Legacy_GBA_Phase1/flygon_redux_mega/front.png
FLYGON_REDUX_MEGA,back,/tmp/mercury-gba-flat/FLYGON_REDUX_MEGA_BACK.png,8cabf4a09fbea3061c6607bc790b8f462506cc06bc44d17b27944b90f002d16c,64,64,14,True,64,61,True,False,14,DS_CUSTOM_LIBRARY/converted/Legacy_GBA_Phase1/flygon_redux_mega/back.png
FLYGON_REDUX_MEGA,front_shiny,/tmp/mercury-gba-flat/FLYGON_REDUX_MEGA_SHINY.png,0686803e187a0c466e1935151ded4d0b2da837628b48a69e014fbed79246b1e5,64,64,14,True,64,64,True,False,14,DS_CUSTOM_LIBRARY/converted/Legacy_GBA_Phase1/flygon_redux_mega/front-shiny.png
FLYGON_REDUX_MEGA,back_shiny,/tmp/mercury-gba-flat/FLYGON_REDUX_MEGA_BACK_SHINY.png,2c7de93c7cb4a3538071777278a269442abf7dd38d891556efcac4c17c4eb338,64,64,14,True,64,61,True,False,14,DS_CUSTOM_LIBRARY/converted/Legacy_GBA_Phase1/flygon_redux_mega/back-shiny.png
FOGGING,front,/tmp/mercury-gba-flat/FOGGING.png,f318c2754686b4d1ad2cc9c40f32556674bc587fa86a99625de9e42d9fa3ca77,64,64,7,True,35,49,True,False,7,DS_CUSTOM_LIBRARY/converted/Legacy_GBA_Phase1/fogging/front.png
FOGGING,back,/tmp/mercury-gba-flat/FOGGING_BACK.png,6f82330fd5ab3be0b3d0857f9db8b7c370c2f7e602f5c9e3dd818dd6d672a60c,64,64,6,True,47,44,True,False,6,DS_CUSTOM_LIBRARY/converted/Legacy_GBA_Phase1/fogging/back.png
FOGGING,front_shiny,/tmp/mercury-gba-flat/FOGGING_SHINY.png,e5155cc1c01082b66d68a8ed8fc522f60e8822de175ee122710f911a3b19ec78,64,64,7,True,35,49,True,False,7,DS_CUSTOM_LIBRARY/converted/Legacy_GBA_Phase1/fogging/front-shiny.png
FOGGING,back_shiny,/tmp/mercury-gba-flat/FOGGING_BACK_SHINY.png,6ce4dde7bf31a3684d9c8c17e2cbe6e474aed6b8769fd45fd87d8decfb281266,64,64,6,True,47,44,True,False,6,DS_CUSTOM_LIBRARY/converted/Legacy_GBA_Phase1/fogging/back-shiny.png
FROSTUCCINO,front,/tmp/mercury-gba-flat/FROSTUCCINO.png,077113dacf5a4a3831277eaaacca598e80402d1d70ceed2667fe686de23c18b1,64,64,13,True,64,64,True,False,13,DS_CUSTOM_LIBRARY/converted/Legacy_GBA_Phase1/frostuccino/front.png
FROSTUCCINO,back,/tmp/mercury-gba-flat/FROSTUCCINO_BACK.png,f5f7a68346894fbefd499d58311ae9145f6c6e1987648c492752658d76b2a5b9,64,64,8,True,64,64,True,False,8,DS_CUSTOM_LIBRARY/converted/Legacy_GBA_Phase1/frostuccino/back.png
FROSTUCCINO,front_shiny,/tmp/mercury-gba-flat/FROSTUCCINO_SHINY.png,2889a5e2af638a591ceb3cdf33d96da581e3d4c95c1b60ab91c4f97407555172,64,64,13,True,64,64,True,False,13,DS_CUSTOM_LIBRARY/converted/Legacy_GBA_Phase1/frostuccino/front-shiny.png
FROSTUCCINO,back_shiny,/tmp/mercury-gba-flat/FROSTUCCINO_BACK_SHINY.png,6b855eda3d05be22b32e9c1958cc211c46f9d520f089f97c9effd194f3a8c7d7,64,64,8,True,64,64,True,False,8,DS_CUSTOM_LIBRARY/converted/Legacy_GBA_Phase1/frostuccino/back-shiny.png
FROSTULA,front,/tmp/mercury-gba-flat/FROSTULA.png,18999667987d3fd7fd6fc49470035866f2bc41e0d7811e040b5661aa449e3203,64,64,11,True,64,64,True,False,11,DS_CUSTOM_LIBRARY/converted/Legacy_GBA_Phase1/frostula/front.png
FROSTULA,back,/tmp/mercury-gba-flat/FROSTULA_BACK.png,fa87fa6b3c60dd62b3e03eb78461acaa53b87d4fc359f9cb348141346ec94865,64,64,11,True,64,57,True,False,11,DS_CUSTOM_LIBRARY/converted/Legacy_GBA_Phase1/frostula/back.png
FROSTULA,front_shiny,/tmp/mercury-gba-flat/FROSTULA_SHINY.png,3317b2b81272df409a8ccbe0282ffc868d2ea10d4961c496a613b5cc6ec69534,64,64,11,True,64,64,True,False,11,DS_CUSTOM_LIBRARY/converted/Legacy_GBA_Phase1/frostula/front-shiny.png
FROSTULA,back_shiny,/tmp/mercury-gba-flat/FROSTULA_BACK_SHINY.png,c3ee6aaa24b06a1d4158d7dfc8b7778003a8601ce0feff887613ddb387605663,64,64,11,True,64,57,True,False,11,DS_CUSTOM_LIBRARY/converted/Legacy_GBA_Phase1/frostula/back-shiny.png
GARGABLOX,front,/tmp/mercury-gba-flat/GARGABLOX.png,a0e3d5e75c2fecf127cb9fdb32f58e6b67d8502fccb1b9a50502004152783e7f,64,64,15,True,63,63,True,False,15,DS_CUSTOM_LIBRARY/converted/Legacy_GBA_Phase1/gargablox/front.png
GARGABLOX,back,/tmp/mercury-gba-flat/GARGABLOX_BACK.png,069b0582845a36723cde68ffb376784844af5df505a27c152e6868a340d6cf5b,64,64,11,True,64,44,True,False,11,DS_CUSTOM_LIBRARY/converted/Legacy_GBA_Phase1/gargablox/back.png
GARGABLOX,front_shiny,/tmp/mercury-gba-flat/GARGABLOX_SHINY.png,a0fe4647010811b18623ff3a8ca8a8f544567c5eb1105ff0cad858b6336e1a14,64,64,15,True,63,63,True,False,15,DS_CUSTOM_LIBRARY/converted/Legacy_GBA_Phase1/gargablox/front-shiny.png
GARGABLOX,back_shiny,/tmp/mercury-gba-flat/GARGABLOX_BACK_SHINY.png,eb558eaad1f8a899d588f63ffc3dac08fa739729cfbad0172fc2d308c7f3dd56,64,64,11,True,64,44,True,False,11,DS_CUSTOM_LIBRARY/converted/Legacy_GBA_Phase1/gargablox/back-shiny.png
GOLISOPOD_MEGA_Y,front,/tmp/mercury-gba-flat/GOLISOPOD_MEGA_Y.png,c70ab02ade0d506e16042a8f1cff0bb835c8ea7b15a9c5f833b8b04f2887a440,64,64,15,True,63,64,True,False,15,DS_CUSTOM_LIBRARY/converted/Legacy_GBA_Phase1/golisopod_mega_y/front.png
GOLISOPOD_MEGA_Y,back,/tmp/mercury-gba-flat/GOLISOPOD_MEGA_Y_BACK.png,716cd7a2e0433c6cf6d6925d47428833d8b3976d5b22cececf5565ac6aa3a3f9,64,64,12,True,64,50,True,False,12,DS_CUSTOM_LIBRARY/converted/Legacy_GBA_Phase1/golisopod_mega_y/back.png
GOLISOPOD_MEGA_Y,front_shiny,/tmp/mercury-gba-flat/GOLISOPOD_MEGA_Y_SHINY.png,ca28875ae58efef9d5de8a9810d7a4a91413a1ac52ad6dec04feea4dcce5f1b7,64,64,15,True,63,64,True,False,15,DS_CUSTOM_LIBRARY/converted/Legacy_GBA_Phase1/golisopod_mega_y/front-shiny.png
GOLISOPOD_MEGA_Y,back_shiny,/tmp/mercury-gba-flat/GOLISOPOD_MEGA_Y_BACK_SHINY.png,f8be6c51a2bfb5e96bfc0a1d3fd2a2effb49d31ce9d1310fd553fc71d5aecdbb,64,64,12,True,64,50,True,False,12,DS_CUSTOM_LIBRARY/converted/Legacy_GBA_Phase1/golisopod_mega_y/back-shiny.png
GROTOM,front,/tmp/mercury-gba-flat/GROTOM.png,44a183902ca5e9e26352f5d452e2a830a831cfa9dd0eb4b7771cb7ecc6038bc2,64,64,11,True,49,53,True,False,11,DS_CUSTOM_LIBRARY/converted/Legacy_GBA_Phase1/grotom/front.png
GROTOM,back,/tmp/mercury-gba-flat/GROTOM_BACK.png,a87fbcacd86a297c77ae8634e4052d0843255a06d9133a9f755a668da5db3366,64,64,9,True,59,55,True,False,9,DS_CUSTOM_LIBRARY/converted/Legacy_GBA_Phase1/grotom/back.png
GROTOM,front_shiny,/tmp/mercury-gba-flat/GROTOM_SHINY.png,0699c595216a8b44ddc450cd9b3239b4f9563d0f244d8f53dead5f47a8f2540e,64,64,11,True,49,53,True,False,11,DS_CUSTOM_LIBRARY/converted/Legacy_GBA_Phase1/grotom/front-shiny.png
GROTOM,back_shiny,/tmp/mercury-gba-flat/GROTOM_BACK_SHINY.png,1242618673effc6fa2c32e19e347b1fa1e49b8290dee424c20bd67d6f2428de5,64,64,9,True,59,55,True,False,9,DS_CUSTOM_LIBRARY/converted/Legacy_GBA_Phase1/grotom/back-shiny.png
GROTOM_DRUM,front,/tmp/mercury-gba-flat/GROTOM_DRUM.png,8c1594394ff092d4fb02b350a11df150fbfafe7eb078b17f574211ab9ebcaf60,64,64,14,True,64,56,True,False,14,DS_CUSTOM_LIBRARY/converted/Legacy_GBA_Phase1/grotom_drum/front.png
GROTOM_DRUM,back,/tmp/mercury-gba-flat/GROTOM_DRUM_BACK.png,7177c99b7355fa48666f22f6005a624268d17d6e020f907caf9be4734a835dc5,64,64,13,True,59,50,True,False,13,DS_CUSTOM_LIBRARY/converted/Legacy_GBA_Phase1/grotom_drum/back.png
GROTOM_DRUM,front_shiny,/tmp/mercury-gba-flat/GROTOM_DRUM_SHINY.png,4a364f5b54322cc7e4001b8141858bc8cbcdaaade94b757f8ae36fcec23be6af,64,64,14,True,64,56,True,False,14,DS_CUSTOM_LIBRARY/converted/Legacy_GBA_Phase1/grotom_drum/front-shiny.png
GROTOM_DRUM,back_shiny,/tmp/mercury-gba-flat/GROTOM_DRUM_BACK_SHINY.png,fc94c50efce7259b38080295f7640e96056cf2a41052f4f26c181fe2a317fb02,64,64,13,True,59,50,True,False,13,DS_CUSTOM_LIBRARY/converted/Legacy_GBA_Phase1/grotom_drum/back-shiny.png
GROTOM_FILL,front,/tmp/mercury-gba-flat/GROTOM_FILL.png,5127c049c6f9bd61b9d13a71a555c68c01cf14537501b6976afdc4da7cb00ff0,64,64,15,True,59,37,True,False,15,DS_CUSTOM_LIBRARY/converted/Legacy_GBA_Phase1/grotom_fill/front.png
GROTOM_FILL,back,/tmp/mercury-gba-flat/GROTOM_FILL_BACK.png,39ab3ef898e62256c1d17f4327760529a15d4dd93ea65a346493c5901c2e2e55,64,64,15,True,64,45,True,False,15,DS_CUSTOM_LIBRARY/converted/Legacy_GBA_Phase1/grotom_fill/back.png
GROTOM_FILL,front_shiny,/tmp/mercury-gba-flat/GROTOM_FILL_SHINY.png,469e93b64aa3dcae111edcf404fa45c295743d4bc859e8881003feea8e255a06,64,64,15,True,59,37,True,False,15,DS_CUSTOM_LIBRARY/converted/Legacy_GBA_Phase1/grotom_fill/front-shiny.png
GROTOM_FILL,back_shiny,/tmp/mercury-gba-flat/GROTOM_FILL_BACK_SHINY.png,c28f0dbfd8cff27ee3856312d8ba91cdc3d205736da42a51f0cbb14e3d3454be,64,64,15,True,64,45,True,False,15,DS_CUSTOM_LIBRARY/converted/Legacy_GBA_Phase1/grotom_fill/back-shiny.png
GROTOM_GLASS,front,/tmp/mercury-gba-flat/GROTOM_GLASS.png,9cff39564f9586d0e8fa05a8cfde47a359cfd22104545c385d52c3cfd40c99f5,64,64,11,True,62,52,True,False,11,DS_CUSTOM_LIBRARY/converted/Legacy_GBA_Phase1/grotom_glass/front.png
GROTOM_GLASS,back,/tmp/mercury-gba-flat/GROTOM_GLASS_BACK.png,c956c865d23885662b72d37c4f487c71550fa29897a6794cf42fb41c16efae85,64,64,10,True,64,58,True,False,10,DS_CUSTOM_LIBRARY/converted/Legacy_GBA_Phase1/grotom_glass/back.png
GROTOM_GLASS,front_shiny,/tmp/mercury-gba-flat/GROTOM_GLASS_SHINY.png,d6ab164980f1ed32b3503b41d50996e97304126fb17582179760da3e17b4b615,64,64,11,True,62,52,True,False,11,DS_CUSTOM_LIBRARY/converted/Legacy_GBA_Phase1/grotom_glass/front-shiny.png
GROTOM_GLASS,back_shiny,/tmp/mercury-gba-flat/GROTOM_GLASS_BACK_SHINY.png,44cfdad6ffdc559d6a9297ed4a17d3d976169e46fbc12f7494c42009500116a2,64,64,10,True,64,58,True,False,10,DS_CUSTOM_LIBRARY/converted/Legacy_GBA_Phase1/grotom_glass/back-shiny.png
GROTOM_KICK,front,/tmp/mercury-gba-flat/GROTOM_KICK.png,0737e1be9023a217b0a4adb8b875f1848ff32d5d6516852711573c71be0c9ddf,64,64,15,True,51,41,True,False,15,DS_CUSTOM_LIBRARY/converted/Legacy_GBA_Phase1/grotom_kick/front.png
GROTOM_KICK,back,/tmp/mercury-gba-flat/GROTOM_KICK_BACK.png,2fb2df25c04c3f73173c0aae4f7865f03a829011ece6b4723c3721875af0f34a,64,64,15,True,64,41,True,False,15,DS_CUSTOM_LIBRARY/converted/Legacy_GBA_Phase1/grotom_kick/back.png
GROTOM_KICK,front_shiny,/tmp/mercury-gba-flat/GROTOM_KICK_SHINY.png,4fccff546e47915748e8fcdb3de9da944a3ea7b9e6fecc784a232c8c93def8b6,64,64,15,True,51,41,True,False,15,DS_CUSTOM_LIBRARY/converted/Legacy_GBA_Phase1/grotom_kick/front-shiny.png
GROTOM_KICK,back_shiny,/tmp/mercury-gba-flat/GROTOM_KICK_BACK_SHINY.png,a9ca9ed4189b0354c8d68be56281f8a54e81902e1fb8868aa936967745fe6223,64,64,15,True,64,41,True,False,15,DS_CUSTOM_LIBRARY/converted/Legacy_GBA_Phase1/grotom_kick/back-shiny.png
GROTOM_ROLL,front,/tmp/mercury-gba-flat/GROTOM_ROLL.png,d3f065e53ae5bf1dea35ef41708ec99098ee5fa3e21fb0398955f11337079c9b,64,64,15,True,47,47,True,False,15,DS_CUSTOM_LIBRARY/converted/Legacy_GBA_Phase1/grotom_roll/front.png
GROTOM_ROLL,back,/tmp/mercury-gba-flat/GROTOM_ROLL_BACK.png,42f5a1072787657ffcc207c05dee11fa6e33b6c898bfe8ad537e8d7e35e03fa1,64,64,12,True,64,56,True,False,12,DS_CUSTOM_LIBRARY/converted/Legacy_GBA_Phase1/grotom_roll/back.png
GROTOM_ROLL,front_shiny,/tmp/mercury-gba-flat/GROTOM_ROLL_SHINY.png,a34e0cbe102834649e2cf63ed3f9ea99a8a7d9c204440afbdb5c93a09bb202d7,64,64,15,True,47,47,True,False,15,DS_CUSTOM_LIBRARY/converted/Legacy_GBA_Phase1/grotom_roll/front-shiny.png
GROTOM_ROLL,back_shiny,/tmp/mercury-gba-flat/GROTOM_ROLL_BACK_SHINY.png,48ec057bbbc67d718ca2b7d0c377d01e3c002949c95522cbd9e99cacfad6d37f,64,64,12,True,64,56,True,False,12,DS_CUSTOM_LIBRARY/converted/Legacy_GBA_Phase1/grotom_roll/back-shiny.png
GROWLITHE_REDUX,front,/tmp/mercury-gba-flat/GROWLITHE_REDUX.png,2a2f8fbc8bacd55d312bc68eb4f460ffbdcc425a08abd546caae60db27ed8ec3,64,64,10,True,48,54,True,False,10,DS_CUSTOM_LIBRARY/converted/Legacy_GBA_Phase1/growlithe_redux/front.png
GROWLITHE_REDUX,back,/tmp/mercury-gba-flat/GROWLITHE_REDUX_BACK.png,47a828b0b4a3a5c8062708175ec03d1512d300f9ac3409051b7fee74ee555813,64,64,9,True,54,45,True,False,9,DS_CUSTOM_LIBRARY/converted/Legacy_GBA_Phase1/growlithe_redux/back.png
GROWLITHE_REDUX,front_shiny,/tmp/mercury-gba-flat/GROWLITHE_REDUX_SHINY.png,74f2da4b4f20f1cc498f41adde01871844c18494383dd72daee6aa4e0dda1dcf,64,64,10,True,48,54,True,False,10,DS_CUSTOM_LIBRARY/converted/Legacy_GBA_Phase1/growlithe_redux/front-shiny.png
GROWLITHE_REDUX,back_shiny,/tmp/mercury-gba-flat/GROWLITHE_REDUX_BACK_SHINY.png,8f8a81a940a4a7ed14295f2816067f0e14705ab74551866d26d64e0f86a91397,64,64,9,True,54,45,True,False,9,DS_CUSTOM_LIBRARY/converted/Legacy_GBA_Phase1/growlithe_redux/back-shiny.png
GYARADEATH_MEGA_X,front,/tmp/mercury-gba-flat/GYARADEATH_MEGA_X.png,2eb559395fe397c882400bedf15147ffb70021947b2a09d9b2e8bb67c0ae752a,64,64,13,True,64,64,True,False,13,DS_CUSTOM_LIBRARY/converted/Legacy_GBA_Phase1/gyaradeath_mega_x/front.png
GYARADEATH_MEGA_X,back,/tmp/mercury-gba-flat/GYARADEATH_MEGA_X_BACK.png,1fcd9785adb14ebaf430be6cbef7362c213e73cb8bd5217806f14ce3781f3ab5,64,64,12,True,64,61,True,False,12,DS_CUSTOM_LIBRARY/converted/Legacy_GBA_Phase1/gyaradeath_mega_x/back.png
GYARADEATH_MEGA_X,front_shiny,/tmp/mercury-gba-flat/GYARADEATH_MEGA_X_SHINY.png,07e0c39b04b85a59b52f4d38aa35b8a1d37b24c28d2940c30037378e1939eef5,64,64,13,True,64,64,True,False,13,DS_CUSTOM_LIBRARY/converted/Legacy_GBA_Phase1/gyaradeath_mega_x/front-shiny.png
GYARADEATH_MEGA_X,back_shiny,/tmp/mercury-gba-flat/GYARADEATH_MEGA_X_BACK_SHINY.png,6e459862572af873bd7ce102023cf642f5c39c900e47aedc4f554f16e215e649,64,64,12,True,64,61,True,False,12,DS_CUSTOM_LIBRARY/converted/Legacy_GBA_Phase1/gyaradeath_mega_x/back-shiny.png
GYARADEATH_MEGA_Y,front,/tmp/mercury-gba-flat/GYARADEATH_MEGA_Y.png,3c9280d1b7233de3772bcf9c081bb4f1d126f4ca59afab99a9ebaeb08c4e05b3,64,64,12,True,64,64,True,False,12,DS_CUSTOM_LIBRARY/converted/Legacy_GBA_Phase1/gyaradeath_mega_y/front.png
GYARADEATH_MEGA_Y,back,/tmp/mercury-gba-flat/GYARADEATH_MEGA_Y_BACK.png,31dc4ce458573c38c2afea8d5006e3e25ec509f0f229d8bfd0eae69b2832d5e3,64,64,12,True,64,64,True,False,12,DS_CUSTOM_LIBRARY/converted/Legacy_GBA_Phase1/gyaradeath_mega_y/back.png
GYARADEATH_MEGA_Y,front_shiny,/tmp/mercury-gba-flat/GYARADEATH_MEGA_Y_SHINY.png,1ad73d926f4cab6ae685a457c352b4fb46280c470ece2805db665e28cd3e22d7,64,64,12,True,64,64,True,False,12,DS_CUSTOM_LIBRARY/converted/Legacy_GBA_Phase1/gyaradeath_mega_y/front-shiny.png
GYARADEATH_MEGA_Y,back_shiny,/tmp/mercury-gba-flat/GYARADEATH_MEGA_Y_BACK_SHINY.png,3d3b70a9f58cb302ac7cd91a20933e96672c30a259e421a4cc9e8217c7efa4af,64,64,12,True,64,64,True,False,12,DS_CUSTOM_LIBRARY/converted/Legacy_GBA_Phase1/gyaradeath_mega_y/back-shiny.png
HAPPINY_REDUX,front,/tmp/mercury-gba-flat/HAPPINY_REDUX.png,5065d71700ed2106a125f78bee646f7d7f31b5d1f6f4c414f42630420f73544c,64,64,13,True,36,54,True,False,13,DS_CUSTOM_LIBRARY/converted/Legacy_GBA_Phase1/happiny_redux/front.png
HAPPINY_REDUX,back,/tmp/mercury-gba-flat/HAPPINY_REDUX_BACK.png,c92be71c990f938b41b2d6b0e994a66ec3fad7798a093dd303cc41369cd55421,64,64,13,True,52,64,True,False,13,DS_CUSTOM_LIBRARY/converted/Legacy_GBA_Phase1/happiny_redux/back.png
HAPPINY_REDUX,front_shiny,/tmp/mercury-gba-flat/HAPPINY_REDUX_SHINY.png,084daacb86d142c38f15efbc972d23d89d23c8b6ed4b16371b141e016b7225fd,64,64,13,True,36,54,True,False,13,DS_CUSTOM_LIBRARY/converted/Legacy_GBA_Phase1/happiny_redux/front-shiny.png
HAPPINY_REDUX,back_shiny,/tmp/mercury-gba-flat/HAPPINY_REDUX_BACK_SHINY.png,9ed69378a1aff98c7e7be3355ac808bfb801f4118726e66aea8e4ff123e73538,64,64,13,True,52,64,True,False,13,DS_CUSTOM_LIBRARY/converted/Legacy_GBA_Phase1/happiny_redux/back-shiny.png
HATTERENE_MEGA,front,/tmp/mercury-gba-flat/HATTERENE_MEGA.png,433ce10ee6e34e4300b70f3bea1851ba4afad7442c064bf2d6238f3277fa1c1f,64,64,14,True,50,64,True,False,14,DS_CUSTOM_LIBRARY/converted/Legacy_GBA_Phase1/hatterene_mega/front.png
HATTERENE_MEGA,back,/tmp/mercury-gba-flat/HATTERENE_MEGA_BACK.png,db97e560d02346da6d1b89885d76fcb7861a93d47537ebc187679b89c24c7bdb,64,64,8,True,54,58,True,False,8,DS_CUSTOM_LIBRARY/converted/Legacy_GBA_Phase1/hatterene_mega/back.png
HATTERENE_MEGA,front_shiny,/tmp/mercury-gba-flat/HATTERENE_MEGA_SHINY.png,c24c19e49066a477c7047a087b24a231fa7f34d2a31b90384d2037798708b349,64,64,14,True,50,64,True,False,14,DS_CUSTOM_LIBRARY/converted/Legacy_GBA_Phase1/hatterene_mega/front-shiny.png
HATTERENE_MEGA,back_shiny,/tmp/mercury-gba-flat/HATTERENE_MEGA_BACK_SHINY.png,d7634b98350b6333938e498fd4263ae464748a984dd514282d3e4eb30c11471d,64,64,8,True,54,58,True,False,8,DS_CUSTOM_LIBRARY/converted/Legacy_GBA_Phase1/hatterene_mega/back-shiny.png
HERACREUS,front,/tmp/mercury-gba-flat/HERACREUS.png,a7f6359675ac07c4d15c62aca0ea217f71a2a279bc76983b90dc5bd583a05b30,64,64,15,True,64,64,True,False,15,DS_CUSTOM_LIBRARY/converted/Legacy_GBA_Phase1/heracreus/front.png
HERACREUS,back,/tmp/mercury-gba-flat/HERACREUS_BACK.png,1c584da616b031eac031808b5ffac3a26992ea06d5e2dd2503c7381f41f7a8a3,64,64,10,True,58,62,True,False,10,DS_CUSTOM_LIBRARY/converted/Legacy_GBA_Phase1/heracreus/back.png
HERACREUS,front_shiny,/tmp/mercury-gba-flat/HERACREUS_SHINY.png,addac17adc02197bfbce4809b2ae708f4aa2bccaed9064fab0e99582e2536412,64,64,15,True,64,64,True,False,15,DS_CUSTOM_LIBRARY/converted/Legacy_GBA_Phase1/heracreus/front-shiny.png
HERACREUS,back_shiny,/tmp/mercury-gba-flat/HERACREUS_BACK_SHINY.png,ebfad26360a6b0d32c9bf39ff4eece6fe0d8201795152325c7ace31a36577317,64,64,10,True,58,62,True,False,10,DS_CUSTOM_LIBRARY/converted/Legacy_GBA_Phase1/heracreus/back-shiny.png
HERACREUS_MEGA,front,/tmp/mercury-gba-flat/HERACREUS_MEGA.png,298409169c104d0c16a40fb5c4c0ba1af5a1f7dd56e21d719754379df08629e1,64,64,15,True,64,64,True,False,15,DS_CUSTOM_LIBRARY/converted/Legacy_GBA_Phase1/heracreus_mega/front.png
HERACREUS_MEGA,back,/tmp/mercury-gba-flat/HERACREUS_MEGA_BACK.png,b9d6f82e0e8bebbace887fe045c91d2ba7318fd278c59eaaaa9f46d907cb12e1,64,64,10,True,64,64,True,False,10,DS_CUSTOM_LIBRARY/converted/Legacy_GBA_Phase1/heracreus_mega/back.png
HERACREUS_MEGA,front_shiny,/tmp/mercury-gba-flat/HERACREUS_MEGA_SHINY.png,173ec059272ffb1b14c575e9a4fd0e819a82f778afab872dc984d0bb03d14b00,64,64,15,True,64,64,True,False,15,DS_CUSTOM_LIBRARY/converted/Legacy_GBA_Phase1/heracreus_mega/front-shiny.png
HERACREUS_MEGA,back_shiny,/tmp/mercury-gba-flat/HERACREUS_MEGA_BACK_SHINY.png,625c1670df1ea66bd386c93d7fa5f148ea58c55226bb939142f56e2196f6853c,64,64,10,True,64,64,True,False,10,DS_CUSTOM_LIBRARY/converted/Legacy_GBA_Phase1/heracreus_mega/back-shiny.png
HIPPOPOTATO,front,/tmp/mercury-gba-flat/HIPPOPOTATO.png,ca3a46d1935ee6f7375d18f3bd28329d86470bfec2bc5b0ee98e2f8e542ee48b,64,64,12,True,58,42,True,False,12,DS_CUSTOM_LIBRARY/converted/Legacy_GBA_Phase1/hippopotato/front.png
HIPPOPOTATO,back,/tmp/mercury-gba-flat/HIPPOPOTATO_BACK.png,48f7eb4e344b5a8c821e3db2b33fa8465f96eb8c82000003882cfb4f7bd64362,64,64,11,True,64,43,True,False,11,DS_CUSTOM_LIBRARY/converted/Legacy_GBA_Phase1/hippopotato/back.png
HIPPOPOTATO,front_shiny,/tmp/mercury-gba-flat/HIPPOPOTATO_SHINY.png,a948b5716c13158cb489ed37e9909fcb17d035d49e8589bd38433b773f15d0bc,64,64,12,True,58,42,True,False,12,DS_CUSTOM_LIBRARY/converted/Legacy_GBA_Phase1/hippopotato/front-shiny.png
HIPPOPOTATO,back_shiny,/tmp/mercury-gba-flat/HIPPOPOTATO_BACK_SHINY.png,796711e784ee1bba4856fb62c773dd8f28e4a6463e027c771199a1b185c32a76,64,64,11,True,64,43,True,False,11,DS_CUSTOM_LIBRARY/converted/Legacy_GBA_Phase1/hippopotato/back-shiny.png
HIPPOTATON,front,/tmp/mercury-gba-flat/HIPPOTATON.png,d9ea368241f2fdbf7a3478a3d4cb79cb8a0c6319227d3e6102d3aaf26a1bc9bd,64,64,15,True,64,60,True,False,15,DS_CUSTOM_LIBRARY/converted/Legacy_GBA_Phase1/hippotaton/front.png
HIPPOTATON,back,/tmp/mercury-gba-flat/HIPPOTATON_BACK.png,2d4075a16e44708e6840d3805e2ca538d2c240defc41de182aa5593a7a852059,64,64,13,True,64,55,True,False,13,DS_CUSTOM_LIBRARY/converted/Legacy_GBA_Phase1/hippotaton/back.png
HIPPOTATON,front_shiny,/tmp/mercury-gba-flat/HIPPOTATON_SHINY.png,9e28a0403208c7a8cf5dd63ea6ecaeb4af3d46ae75635a81c6f483efa330f486,64,64,15,True,64,60,True,False,15,DS_CUSTOM_LIBRARY/converted/Legacy_GBA_Phase1/hippotaton/front-shiny.png
HIPPOTATON,back_shiny,/tmp/mercury-gba-flat/HIPPOTATON_BACK_SHINY.png,76c9c775270738747658601b74623e73d5564898bc5a8829df47b91078269fda,64,64,13,True,64,55,True,False,13,DS_CUSTOM_LIBRARY/converted/Legacy_GBA_Phase1/hippotaton/back-shiny.png
HONEDGE_REDUX,front,/tmp/mercury-gba-flat/HONEDGE_REDUX.png,2a791efec63a7544c1b49f235d485af7551dc296ab87e321e1061acc9222b1b5,64,64,14,True,52,48,True,False,14,DS_CUSTOM_LIBRARY/converted/Legacy_GBA_Phase1/honedge_redux/front.png
HONEDGE_REDUX,back,/tmp/mercury-gba-flat/HONEDGE_REDUX_BACK.png,ad8a9d9bc4fc37cad1a3e426aeb6de93d7e5acce155a6d9760a1a3a369e63122,64,64,14,True,60,52,True,False,14,DS_CUSTOM_LIBRARY/converted/Legacy_GBA_Phase1/honedge_redux/back.png
HONEDGE_REDUX,front_shiny,/tmp/mercury-gba-flat/HONEDGE_REDUX_SHINY.png,d3b778d4aa1c0f02442178ce82ad7dc3808b8716b2e8db471e86d026e9991218,64,64,14,True,52,48,True,False,14,DS_CUSTOM_LIBRARY/converted/Legacy_GBA_Phase1/honedge_redux/front-shiny.png
HONEDGE_REDUX,back_shiny,/tmp/mercury-gba-flat/HONEDGE_REDUX_BACK_SHINY.png,170fa1262c41a65f379de9a54f775bcd57aeba08c862a20d1cc692191dc5a87b,64,64,14,True,60,52,True,False,14,DS_CUSTOM_LIBRARY/converted/Legacy_GBA_Phase1/honedge_redux/back-shiny.png
HYDROAR,front,/tmp/mercury-gba-flat/HYDROAR.png,16a91f8eb8ce85d3fe8c2cb6a294cba1458e10d075eae7bdc20240eba428502a,64,64,15,True,64,64,True,False,15,DS_CUSTOM_LIBRARY/converted/Legacy_GBA_Phase1/hydroar/front.png
HYDROAR,back,/tmp/mercury-gba-flat/HYDROAR_BACK.png,56bcd58401a47fabecde657ebb875db390aa3437b6d8db4ae1ae0f84ef64e770,64,64,7,True,64,61,True,False,7,DS_CUSTOM_LIBRARY/converted/Legacy_GBA_Phase1/hydroar/back.png
HYDROAR,front_shiny,/tmp/mercury-gba-flat/HYDROAR_SHINY.png,8d24220008332a1fdbd981adc1c7057b74d53df0d0552ca173dde0d15b491a18,64,64,15,True,64,64,True,False,15,DS_CUSTOM_LIBRARY/converted/Legacy_GBA_Phase1/hydroar/front-shiny.png
HYDROAR,back_shiny,/tmp/mercury-gba-flat/HYDROAR_BACK_SHINY.png,f70de3edb031d9ad92a4afbc59253522a158fced2389e6123d328bd443cae5d2,64,64,7,True,64,61,True,False,7,DS_CUSTOM_LIBRARY/converted/Legacy_GBA_Phase1/hydroar/back-shiny.png
HYDROAR_F,front,/tmp/mercury-gba-flat/HYDROAR_F.png,23db28885882e393bafd4bfc096ef438f33ee97d3cd68198798460d685a873e2,64,64,15,True,64,64,True,False,15,DS_CUSTOM_LIBRARY/converted/Legacy_GBA_Phase1/hydroar_f/front.png
HYDROAR_F,back,/tmp/mercury-gba-flat/HYDROAR_F_BACK.png,3466ee08ebac396f688729f240030b03d543c2ffc661c40b81cfb7ab0244f23d,64,64,12,True,64,56,True,False,12,DS_CUSTOM_LIBRARY/converted/Legacy_GBA_Phase1/hydroar_f/back.png
HYDROAR_F,front_shiny,/tmp/mercury-gba-flat/HYDROAR_F_SHINY.png,4a542ae9b4f07fb398afa8c8c80298ee89209036a12e52d903d26ecf360e374c,64,64,15,True,64,64,True,False,15,DS_CUSTOM_LIBRARY/converted/Legacy_GBA_Phase1/hydroar_f/front-shiny.png
HYDROAR_F,back_shiny,/tmp/mercury-gba-flat/HYDROAR_F_BACK_SHINY.png,ea075987380c49c15902fee3cd73889bd056774821b7d909509df7fdfd6fa073,64,64,12,True,64,56,True,False,12,DS_CUSTOM_LIBRARY/converted/Legacy_GBA_Phase1/hydroar_f/back-shiny.png
HYPNOCROAK,front,/tmp/mercury-gba-flat/HYPNOCROAK.png,4d155cde0a852b9f78d6fd381cd87aa20e5637dd471cd9192491a1ba14484ced,64,64,15,True,54,60,True,False,15,DS_CUSTOM_LIBRARY/converted/Legacy_GBA_Phase1/hypnocroak/front.png
HYPNOCROAK,back,/tmp/mercury-gba-flat/HYPNOCROAK_BACK.png,89de78dd73af8a3b68ed2472671ee214a8d5418bd3aaf468eb093f2d0d1ff7d1,64,64,14,True,57,56,True,False,14,DS_CUSTOM_LIBRARY/converted/Legacy_GBA_Phase1/hypnocroak/back.png
HYPNOCROAK,front_shiny,/tmp/mercury-gba-flat/HYPNOCROAK_SHINY.png,3d8eddcb37d12c83638ef1b6b4b3e226cfac2f103b5286fdf6d999913bf455f6,64,64,15,True,54,60,True,False,15,DS_CUSTOM_LIBRARY/converted/Legacy_GBA_Phase1/hypnocroak/front-shiny.png
HYPNOCROAK,back_shiny,/tmp/mercury-gba-flat/HYPNOCROAK_BACK_SHINY.png,07a91ec439d0398257eab521e0e7c0e496f01a41e3704d6ecd845b484fa43360,64,64,14,True,57,56,True,False,14,DS_CUSTOM_LIBRARY/converted/Legacy_GBA_Phase1/hypnocroak/back-shiny.png
INTELEON_MEGA,front,/tmp/mercury-gba-flat/INTELEON_MEGA.png,0e105775e3f29dd0be1bc4c08fab25c04316096e5348cce1313eb26989cb9f92,64,64,15,True,61,64,True,False,15,DS_CUSTOM_LIBRARY/converted/Legacy_GBA_Phase1/inteleon_mega/front.png
INTELEON_MEGA,back,/tmp/mercury-gba-flat/INTELEON_MEGA_BACK.png,14bbb13a191b11880c121f304c73055edbe14b3bbb8a4c812fd336121849e773,64,64,15,True,45,57,True,False,15,DS_CUSTOM_LIBRARY/converted/Legacy_GBA_Phase1/inteleon_mega/back.png
INTELEON_MEGA,front_shiny,/tmp/mercury-gba-flat/INTELEON_MEGA_SHINY.png,6f5490ecd7884345ff53a4511a2101fc3654d68ffc565734bdef72feaee03f0a,64,64,15,True,61,64,True,False,15,DS_CUSTOM_LIBRARY/converted/Legacy_GBA_Phase1/inteleon_mega/front-shiny.png
INTELEON_MEGA,back_shiny,/tmp/mercury-gba-flat/INTELEON_MEGA_BACK_SHINY.png,3c94d83beac56509cd3c3a88bde2e51c825a721c85ea242b4b3d84bec06f073b,64,64,15,True,45,57,True,False,15,DS_CUSTOM_LIBRARY/converted/Legacy_GBA_Phase1/inteleon_mega/back-shiny.png
KADABRA_REDUX,front,/tmp/mercury-gba-flat/KADABRA_REDUX.png,04ec849f342af9ffd01bcfbc843a4126489b9eea71e6606b0cadad1e60074ba3,64,64,11,True,55,59,True,False,11,DS_CUSTOM_LIBRARY/converted/Legacy_GBA_Phase1/kadabra_redux/front.png
KADABRA_REDUX,back,/tmp/mercury-gba-flat/KADABRA_REDUX_BACK.png,36c9524bc2a5d1ce67daa7b3b2a9160f20d869f63857b1f9929cebb5f19f12b6,64,64,10,True,64,50,True,False,10,DS_CUSTOM_LIBRARY/converted/Legacy_GBA_Phase1/kadabra_redux/back.png
KADABRA_REDUX,front_shiny,/tmp/mercury-gba-flat/KADABRA_REDUX_SHINY.png,42b00efefe4bdf1a414a5c5b2a3eebd2f5fceae2e132d87e38386cc9dd06cca1,64,64,11,True,55,59,True,False,11,DS_CUSTOM_LIBRARY/converted/Legacy_GBA_Phase1/kadabra_redux/front-shiny.png
KADABRA_REDUX,back_shiny,/tmp/mercury-gba-flat/KADABRA_REDUX_BACK_SHINY.png,3aabd454ece1c909a915bbce76364c3f0aaf931b1ad5c6b545c534605dba5e57,64,64,10,True,64,50,True,False,10,DS_CUSTOM_LIBRARY/converted/Legacy_GBA_Phase1/kadabra_redux/back-shiny.png
KAKUNA_REDUX,front,/tmp/mercury-gba-flat/KAKUNA_REDUX.png,b680687c1dd9430bfda1e877eb53176087019488376ec32359f71d284fdde736,64,64,9,True,29,41,True,False,9,DS_CUSTOM_LIBRARY/converted/Legacy_GBA_Phase1/kakuna_redux/front.png
KAKUNA_REDUX,back,/tmp/mercury-gba-flat/KAKUNA_REDUX_BACK.png,0dabe229d99cbd76ed8365b60fab325483061f582b6747c408a1b9e2ff6ce967,64,64,9,True,34,40,True,False,9,DS_CUSTOM_LIBRARY/converted/Legacy_GBA_Phase1/kakuna_redux/back.png
KAKUNA_REDUX,front_shiny,/tmp/mercury-gba-flat/KAKUNA_REDUX_SHINY.png,e5eaa9b7fa28216be709a9145db70cedf3ede8f4f651f9ce48e08071c8234c0d,64,64,9,True,29,41,True,False,9,DS_CUSTOM_LIBRARY/converted/Legacy_GBA_Phase1/kakuna_redux/front-shiny.png
KAKUNA_REDUX,back_shiny,/tmp/mercury-gba-flat/KAKUNA_REDUX_BACK_SHINY.png,52c4db9e5d1f66adc39791633544d63be8ff940e7ff4e1a81ec047027d604631,64,64,9,True,34,40,True,False,9,DS_CUSTOM_LIBRARY/converted/Legacy_GBA_Phase1/kakuna_redux/back-shiny.png
KILOZUNA,front,/tmp/mercury-gba-flat/KILOZUNA.png,a8a77c339c98b1e83d7b10c3430a18a740e18ea4fc2c6b6a259990c40f95d069,64,64,15,True,64,64,True,False,15,DS_CUSTOM_LIBRARY/converted/Legacy_GBA_Phase1/kilozuna/front.png
KILOZUNA,back,/tmp/mercury-gba-flat/KILOZUNA_BACK.png,acf9a4fdbcf876e656d8c5289c6bdc713bdc683db508c3a0ec5740d398052fcd,64,64,14,True,64,54,True,False,14,DS_CUSTOM_LIBRARY/converted/Legacy_GBA_Phase1/kilozuna/back.png
KILOZUNA,front_shiny,/tmp/mercury-gba-flat/KILOZUNA_SHINY.png,c15069976ae164b2a46044b7d77b8e01caca11a82bf5e429f90d4606da2f2afc,64,64,15,True,64,64,True,False,15,DS_CUSTOM_LIBRARY/converted/Legacy_GBA_Phase1/kilozuna/front-shiny.png
KILOZUNA,back_shiny,/tmp/mercury-gba-flat/KILOZUNA_BACK_SHINY.png,a03f2aedc130baa39f74e300a81ef01855fed7a81d107beaacc757a3385dffed,64,64,14,True,64,54,True,False,14,DS_CUSTOM_LIBRARY/converted/Legacy_GBA_Phase1/kilozuna/back-shiny.png
KILOZUNA_MEGA,front,/tmp/mercury-gba-flat/KILOZUNA_MEGA.png,46681f713939e065a75caefc6fe89c81ce644d94482c2979be56051364e36ce5,64,64,15,True,64,63,True,False,15,DS_CUSTOM_LIBRARY/converted/Legacy_GBA_Phase1/kilozuna_mega/front.png
KILOZUNA_MEGA,back,/tmp/mercury-gba-flat/KILOZUNA_MEGA_BACK.png,966cd8ae2e2993f763480bbec3d763262186973e01dffccf160859a1284b0dd5,64,64,13,True,64,50,True,False,13,DS_CUSTOM_LIBRARY/converted/Legacy_GBA_Phase1/kilozuna_mega/back.png
KILOZUNA_MEGA,front_shiny,/tmp/mercury-gba-flat/KILOZUNA_MEGA_SHINY.png,bf22feef5c2a40df4006b827aa931ade60594f6debd82a4f4e940138a39ba02d,64,64,15,True,64,63,True,False,15,DS_CUSTOM_LIBRARY/converted/Legacy_GBA_Phase1/kilozuna_mega/front-shiny.png
KILOZUNA_MEGA,back_shiny,/tmp/mercury-gba-flat/KILOZUNA_MEGA_BACK_SHINY.png,8d71cecb33bcdabd15c2c245f69ce1ff043b9e4d82e60d24bf488959f3e112df,64,64,13,True,64,50,True,False,13,DS_CUSTOM_LIBRARY/converted/Legacy_GBA_Phase1/kilozuna_mega/back-shiny.png
KINGLER_REDUX,front,/tmp/mercury-gba-flat/KINGLER_REDUX.png,718a435ac722c91816ca52169ad0af21dcb1a7f064466c33e5a590c9ccb70f64,64,64,13,True,58,53,True,False,13,DS_CUSTOM_LIBRARY/converted/Legacy_GBA_Phase1/kingler_redux/front.png
KINGLER_REDUX,back,/tmp/mercury-gba-flat/KINGLER_REDUX_BACK.png,aafeff659d7d2d8a2f9c0115530c2f8c1e1f752271cf7739a9cc2b34c521f623,64,64,12,True,53,54,True,False,12,DS_CUSTOM_LIBRARY/converted/Legacy_GBA_Phase1/kingler_redux/back.png
KINGLER_REDUX,front_shiny,/tmp/mercury-gba-flat/KINGLER_REDUX_SHINY.png,b901382010aee9e9c9c24bb75cd7bc470fcf3a7b173e14108f344f076829e5e5,64,64,13,True,58,53,True,False,13,DS_CUSTOM_LIBRARY/converted/Legacy_GBA_Phase1/kingler_redux/front-shiny.png
KINGLER_REDUX,back_shiny,/tmp/mercury-gba-flat/KINGLER_REDUX_BACK_SHINY.png,5f6609bcce959cffe3c568eb62ebb4833b0b6817d47481c85b3abcfd03cfd740,64,64,12,True,53,54,True,False,12,DS_CUSTOM_LIBRARY/converted/Legacy_GBA_Phase1/kingler_redux/back-shiny.png
KINGLER_REDUX_MEGA,front,/tmp/mercury-gba-flat/KINGLER_REDUX_MEGA.png,f30c3e6775c68d12ced33b370b62b141aec11f2dd5dd8e2fe392cd400a33dfcc,64,64,14,True,64,62,True,False,14,DS_CUSTOM_LIBRARY/converted/Legacy_GBA_Phase1/kingler_redux_mega/front.png
KINGLER_REDUX_MEGA,back,/tmp/mercury-gba-flat/KINGLER_REDUX_MEGA_BACK.png,3c2d8fb53fd828e54e42165b4d2f05381d36d461ebbe8b462f48824abe457477,64,64,14,True,64,56,True,False,14,DS_CUSTOM_LIBRARY/converted/Legacy_GBA_Phase1/kingler_redux_mega/back.png
KINGLER_REDUX_MEGA,front_shiny,/tmp/mercury-gba-flat/KINGLER_REDUX_MEGA_SHINY.png,88fd48268ccffb33e9a82fe6d321fb2237ac9e9cdd4bbc939cd12320a3de5d3f,64,64,14,True,64,62,True,False,14,DS_CUSTOM_LIBRARY/converted/Legacy_GBA_Phase1/kingler_redux_mega/front-shiny.png
KINGLER_REDUX_MEGA,back_shiny,/tmp/mercury-gba-flat/KINGLER_REDUX_MEGA_BACK_SHINY.png,6bd26d352e703e2ac005907eba6413eca45c853d921410657acdf225f108dcae,64,64,14,True,64,56,True,False,14,DS_CUSTOM_LIBRARY/converted/Legacy_GBA_Phase1/kingler_redux_mega/back-shiny.png
KIPMODO,front,/tmp/mercury-gba-flat/KIPMODO.png,c47eb4570d5164680264a416fd8c185cf8282e8d1841ad9e009513ca29d0d0e2,64,64,14,True,36,34,True,False,14,DS_CUSTOM_LIBRARY/converted/Legacy_GBA_Phase1/kipmodo/front.png
KIPMODO,back,/tmp/mercury-gba-flat/KIPMODO_BACK.png,089ca79df1ba33084f6377753a364e3507ad76801bc23af6fd5af23bceb27ac4,64,64,11,True,43,37,True,False,11,DS_CUSTOM_LIBRARY/converted/Legacy_GBA_Phase1/kipmodo/back.png
KIPMODO,front_shiny,/tmp/mercury-gba-flat/KIPMODO_SHINY.png,4e58e6cc3b2a23696be2eb59cff8f50cb697657ad89bb0a343cca932537ecd64,64,64,14,True,36,34,True,False,14,DS_CUSTOM_LIBRARY/converted/Legacy_GBA_Phase1/kipmodo/front-shiny.png
KIPMODO,back_shiny,/tmp/mercury-gba-flat/KIPMODO_BACK_SHINY.png,e625274193b13332aad9ec2b6fe842c970966f9a48d29a45303b60449a8e7e31,64,64,11,True,43,37,True,False,11,DS_CUSTOM_LIBRARY/converted/Legacy_GBA_Phase1/kipmodo/back-shiny.png
KRABBY_REDUX,front,/tmp/mercury-gba-flat/KRABBY_REDUX.png,b92dd7243b7d299d6b72faf15dde6f80f980980dfa2f0f6be597ccb644f711d2,64,64,12,True,56,42,True,False,12,DS_CUSTOM_LIBRARY/converted/Legacy_GBA_Phase1/krabby_redux/front.png
KRABBY_REDUX,back,/tmp/mercury-gba-flat/KRABBY_REDUX_BACK.png,38c9e43c1d9ae777703c8d6ddcfee6457f014089f4dc17c07cd1e328ead62bd4,64,64,11,True,55,33,True,False,11,DS_CUSTOM_LIBRARY/converted/Legacy_GBA_Phase1/krabby_redux/back.png
KRABBY_REDUX,front_shiny,/tmp/mercury-gba-flat/KRABBY_REDUX_SHINY.png,b9628581a7e5645c9827f3393873e2be6b0aeedafc09e2450452fbc61f353ec7,64,64,12,True,56,42,True,False,12,DS_CUSTOM_LIBRARY/converted/Legacy_GBA_Phase1/krabby_redux/front-shiny.png
KRABBY_REDUX,back_shiny,/tmp/mercury-gba-flat/KRABBY_REDUX_BACK_SHINY.png,97c1037a6ae86800fe8b4154c24e1f8b538ad6db8bbd7fd95cff2a153d8419a3,64,64,11,True,55,33,True,False,11,DS_CUSTOM_LIBRARY/converted/Legacy_GBA_Phase1/krabby_redux/back-shiny.png
LUXZERO_MEGA,front,/tmp/mercury-gba-flat/LUXZERO_MEGA.png,331bed6a91460b290942ccbc1036bd0aa5883f4b8dd7ae035e55bb73587ac2e5,64,64,15,True,64,60,True,False,15,DS_CUSTOM_LIBRARY/converted/Legacy_GBA_Phase1/luxzero_mega/front.png
LUXZERO_MEGA,back,/tmp/mercury-gba-flat/LUXZERO_MEGA_BACK.png,12b7fc03b530afa5342e403a461c28757c91bb86f3bdfaf4aeb2d9883e21fc76,64,64,15,True,64,55,True,False,15,DS_CUSTOM_LIBRARY/converted/Legacy_GBA_Phase1/luxzero_mega/back.png
LUXZERO_MEGA,front_shiny,/tmp/mercury-gba-flat/LUXZERO_MEGA_SHINY.png,92a25f2cb70c48d491d1c4ffcd9ff58866df182b94d679ab1c8eefa5bd8f3b23,64,64,15,True,64,60,True,False,15,DS_CUSTOM_LIBRARY/converted/Legacy_GBA_Phase1/luxzero_mega/front-shiny.png
LUXZERO_MEGA,back_shiny,/tmp/mercury-gba-flat/LUXZERO_MEGA_BACK_SHINY.png,2b963ac20f0f6d5b223abf56ae4e7c0bea73e59ca240ad979baea3dfb7b4897d,64,64,15,True,64,55,True,False,15,DS_CUSTOM_LIBRARY/converted/Legacy_GBA_Phase1/luxzero_mega/back-shiny.png
MACHAMP_MEGA,front,/tmp/mercury-gba-flat/MACHAMP_MEGA.png,2da110e167b3125bdd478199f4018952bc93de84b1b15f7b6dc4685a4f9a86e1,64,64,12,True,64,64,True,False,12,DS_CUSTOM_LIBRARY/converted/Legacy_GBA_Phase1/machamp_mega/front.png
MACHAMP_MEGA,back,/tmp/mercury-gba-flat/MACHAMP_MEGA_BACK.png,4c0bf8d7d9638b32cb76d078e63ca0fc46d818411ad70ed4eadbbd8f27a521ab,64,64,12,True,63,58,True,False,12,DS_CUSTOM_LIBRARY/converted/Legacy_GBA_Phase1/machamp_mega/back.png
MACHAMP_MEGA,front_shiny,/tmp/mercury-gba-flat/MACHAMP_MEGA_SHINY.png,294b0c8f339becba8c793238b1caee722b908cbae6d50fc237f61f33b96f8f68,64,64,12,True,64,64,True,False,12,DS_CUSTOM_LIBRARY/converted/Legacy_GBA_Phase1/machamp_mega/front-shiny.png
MACHAMP_MEGA,back_shiny,/tmp/mercury-gba-flat/MACHAMP_MEGA_BACK_SHINY.png,02d9b1606ad4553b45be3414979bd3784824f244a4ac9c32e086fbd2de072df3,64,64,12,True,63,58,True,False,12,DS_CUSTOM_LIBRARY/converted/Legacy_GBA_Phase1/machamp_mega/back-shiny.png
MACHAMP_MEGA_REDUX,front,/tmp/mercury-gba-flat/MACHAMP_MEGA_REDUX.png,0f01ace7e19df43426c0a204aa961e9a4fd2a4f02bc19ac5c354f3d7d35905b5,64,64,13,True,64,64,True,False,13,DS_CUSTOM_LIBRARY/converted/Legacy_GBA_Phase1/machamp_mega_redux/front.png
MACHAMP_MEGA_REDUX,back,/tmp/mercury-gba-flat/MACHAMP_MEGA_REDUX_BACK.png,f9aeb4a48c1b338e240e66310933be6194728642b52e1d166c54d6ff0419423a,64,64,13,True,63,64,True,False,13,DS_CUSTOM_LIBRARY/converted/Legacy_GBA_Phase1/machamp_mega_redux/back.png
MACHAMP_MEGA_REDUX,front_shiny,/tmp/mercury-gba-flat/MACHAMP_MEGA_REDUX_SHINY.png,c99e60cd2389faff1f54f770dcc5b6084c3837ec5d1c4c845a7fb208b60ab45d,64,64,13,True,64,64,True,False,13,DS_CUSTOM_LIBRARY/converted/Legacy_GBA_Phase1/machamp_mega_redux/front-shiny.png
MACHAMP_MEGA_REDUX,back_shiny,/tmp/mercury-gba-flat/MACHAMP_MEGA_REDUX_BACK_SHINY.png,a6ba0cdac0de48f52c89b4d74770f9c3e51111f7b821ae36019c347412e3e240,64,64,13,True,63,64,True,False,13,DS_CUSTOM_LIBRARY/converted/Legacy_GBA_Phase1/machamp_mega_redux/back-shiny.png
MACHAMP_REDUX,front,/tmp/mercury-gba-flat/MACHAMP_REDUX.png,9fb7a620ac6ab24c85b324904c8932927a80af6d3b0fd617eec2e584938fc296,64,64,15,True,64,64,True,False,15,DS_CUSTOM_LIBRARY/converted/Legacy_GBA_Phase1/machamp_redux/front.png
MACHAMP_REDUX,back,/tmp/mercury-gba-flat/MACHAMP_REDUX_BACK.png,68e212d9bd0d64d92a2d4ab25558437e7ab3609afbf40bc542cd38670cd65cb9,64,64,14,True,64,57,True,False,14,DS_CUSTOM_LIBRARY/converted/Legacy_GBA_Phase1/machamp_redux/back.png
MACHAMP_REDUX,front_shiny,/tmp/mercury-gba-flat/MACHAMP_REDUX_SHINY.png,e52764ed541a990c740592a1c404731ec4bced965dc325efed765e089d804ff1,64,64,15,True,64,64,True,False,15,DS_CUSTOM_LIBRARY/converted/Legacy_GBA_Phase1/machamp_redux/front-shiny.png
MACHAMP_REDUX,back_shiny,/tmp/mercury-gba-flat/MACHAMP_REDUX_BACK_SHINY.png,4c1ec7e80a735e5a876fd45b6c208893282378b45c3ec1ecdb7a60b286aac6b5,64,64,14,True,64,57,True,False,14,DS_CUSTOM_LIBRARY/converted/Legacy_GBA_Phase1/machamp_redux/back-shiny.png
MACHOKE_REDUX,front,/tmp/mercury-gba-flat/MACHOKE_REDUX.png,b1b28ee41a8f04b5101ca7d4015649692a89cb869eb45bdb20ca26ac2377623a,64,64,13,True,63,60,True,False,13,DS_CUSTOM_LIBRARY/converted/Legacy_GBA_Phase1/machoke_redux/front.png
MACHOKE_REDUX,back,/tmp/mercury-gba-flat/MACHOKE_REDUX_BACK.png,32558d03a0021bb077f9a47ed051850631d018fa5fb8e7bc1886d920d096b8bf,64,64,13,True,62,53,True,False,13,DS_CUSTOM_LIBRARY/converted/Legacy_GBA_Phase1/machoke_redux/back.png
MACHOKE_REDUX,front_shiny,/tmp/mercury-gba-flat/MACHOKE_REDUX_SHINY.png,08aab10f5c573a6f6315c33bc97cc55c1d3677f1a60aa05a73d6e968eae610c1,64,64,13,True,63,60,True,False,13,DS_CUSTOM_LIBRARY/converted/Legacy_GBA_Phase1/machoke_redux/front-shiny.png
MACHOKE_REDUX,back_shiny,/tmp/mercury-gba-flat/MACHOKE_REDUX_BACK_SHINY.png,44b0deb3541aba87ffb1bbfac36ab993c033c1147634dd610b1019060b914645,64,64,13,True,62,53,True,False,13,DS_CUSTOM_LIBRARY/converted/Legacy_GBA_Phase1/machoke_redux/back-shiny.png
MACHOP_REDUX,front,/tmp/mercury-gba-flat/MACHOP_REDUX.png,945c56327cadd7388207536b4da3558914b32bd4af70799edd1d146fd74cd37f,64,64,13,True,37,52,True,False,13,DS_CUSTOM_LIBRARY/converted/Legacy_GBA_Phase1/machop_redux/front.png
MACHOP_REDUX,back,/tmp/mercury-gba-flat/MACHOP_REDUX_BACK.png,ffbc94b0622fac54fbf882cdb9469a391a1b3f91db32912061291f52d062c5ab,64,64,13,True,46,54,True,False,13,DS_CUSTOM_LIBRARY/converted/Legacy_GBA_Phase1/machop_redux/back.png
MACHOP_REDUX,front_shiny,/tmp/mercury-gba-flat/MACHOP_REDUX_SHINY.png,a949cc5e129e6f9ee3209a370fbe26a0dbb539e61c711cdc875d6ac15b39e2fe,64,64,13,True,37,52,True,False,13,DS_CUSTOM_LIBRARY/converted/Legacy_GBA_Phase1/machop_redux/front-shiny.png
MACHOP_REDUX,back_shiny,/tmp/mercury-gba-flat/MACHOP_REDUX_BACK_SHINY.png,2e8a0a5368a4baa0ca7bc9483682c58c92820a3d977be7d19e6d1096421d78b3,64,64,13,True,46,54,True,False,13,DS_CUSTOM_LIBRARY/converted/Legacy_GBA_Phase1/machop_redux/back-shiny.png
MARBEEP,front,/tmp/mercury-gba-flat/MARBEEP.png,663adf3ef5cfc012e282ae8fa1484c21c6fff816e4a47d5f781dfdf3db36049d,64,64,11,True,43,38,True,False,11,DS_CUSTOM_LIBRARY/converted/Legacy_GBA_Phase1/marbeep/front.png
MARBEEP,back,/tmp/mercury-gba-flat/MARBEEP_BACK.png,dbfdb492650f6cc940b6bdffe1d31cae57c78db5c668790eb7b2b1ab2665f826,64,64,11,True,55,35,True,False,11,DS_CUSTOM_LIBRARY/converted/Legacy_GBA_Phase1/marbeep/back.png
MARBEEP,front_shiny,/tmp/mercury-gba-flat/MARBEEP_SHINY.png,c4ab579561333977501f98b71df5ade88495a77f5e4b39a73999d49e51f5f8ec,64,64,11,True,43,38,True,False,11,DS_CUSTOM_LIBRARY/converted/Legacy_GBA_Phase1/marbeep/front-shiny.png
MARBEEP,back_shiny,/tmp/mercury-gba-flat/MARBEEP_BACK_SHINY.png,04afb7ae2ef2390731a10c7ae97870f08aec7403e8dc4634abe13524019a145f,64,64,11,True,55,35,True,False,11,DS_CUSTOM_LIBRARY/converted/Legacy_GBA_Phase1/marbeep/back-shiny.png
MARSHMODO,front,/tmp/mercury-gba-flat/MARSHMODO.png,c3b4fbc8860ac23274f6fe90594c1ca9dafa84dadfd859cc5be32855b2db89cd,64,64,15,True,54,52,True,False,15,DS_CUSTOM_LIBRARY/converted/Legacy_GBA_Phase1/marshmodo/front.png
MARSHMODO,back,/tmp/mercury-gba-flat/MARSHMODO_BACK.png,1746fb4c5a626318c542bbeb5219ced3999103cfbf4555b9c16e569dbf26d0ea,64,64,12,True,56,58,True,False,12,DS_CUSTOM_LIBRARY/converted/Legacy_GBA_Phase1/marshmodo/back.png
MARSHMODO,front_shiny,/tmp/mercury-gba-flat/MARSHMODO_SHINY.png,67e25b733bf4d41d4353c7a9cbf90952651355ad63846ae67d554a40e5682388,64,64,15,True,54,52,True,False,15,DS_CUSTOM_LIBRARY/converted/Legacy_GBA_Phase1/marshmodo/front-shiny.png
MARSHMODO,back_shiny,/tmp/mercury-gba-flat/MARSHMODO_BACK_SHINY.png,a6bd55b83b3a70a70b70bc89fd702b23e40c8d81aef4a00e78667ffbfaeb842d,64,64,12,True,56,58,True,False,12,DS_CUSTOM_LIBRARY/converted/Legacy_GBA_Phase1/marshmodo/back-shiny.png
MERRYKARP,front,/tmp/mercury-gba-flat/MERRYKARP.png,67a5908876e37d2043dd66e4cb6ffd4a9dd39c8c8e472dbeb97f5758995f15ad,64,64,13,True,45,52,True,False,13,DS_CUSTOM_LIBRARY/converted/Legacy_GBA_Phase1/merrykarp/front.png
MERRYKARP,back,/tmp/mercury-gba-flat/MERRYKARP_BACK.png,ca8bb76a37bdde5a853c4548bb2b1f65d8d50fc0842c819c7e64f9ecf30052d7,64,64,13,True,64,47,True,False,13,DS_CUSTOM_LIBRARY/converted/Legacy_GBA_Phase1/merrykarp/back.png
MERRYKARP,front_shiny,/tmp/mercury-gba-flat/MERRYKARP_SHINY.png,84eb6b777ff6b228766628c45e90ebf77f712f25206fcc441f9b7a25dd14a0b3,64,64,13,True,45,52,True,False,13,DS_CUSTOM_LIBRARY/converted/Legacy_GBA_Phase1/merrykarp/front-shiny.png
MERRYKARP,back_shiny,/tmp/mercury-gba-flat/MERRYKARP_BACK_SHINY.png,3de29482c67610b1636f80379a240dd7881e599002fc612d1ef92672aff76b46,64,64,13,True,64,47,True,False,13,DS_CUSTOM_LIBRARY/converted/Legacy_GBA_Phase1/merrykarp/back-shiny.png
MORPEKYLL_HANGRY,front,/tmp/mercury-gba-flat/MORPEKYLL_HANGRY.png,eb04f622279e77388f8a92228de70aa305d379abe18c5a39e39e51ac7c7fcd6b,64,64,13,True,50,62,True,False,13,DS_CUSTOM_LIBRARY/converted/Legacy_GBA_Phase1/morpekyll_hangry/front.png
MORPEKYLL_HANGRY,back,/tmp/mercury-gba-flat/MORPEKYLL_HANGRY_BACK.png,b3aba850bf97787de28ada666a9b0d6cd0fa1b5000a60d648c31c8bfc17f2e39,64,64,7,True,64,60,True,False,7,DS_CUSTOM_LIBRARY/converted/Legacy_GBA_Phase1/morpekyll_hangry/back.png
MORPEKYLL_HANGRY,front_shiny,/tmp/mercury-gba-flat/MORPEKYLL_HANGRY_SHINY.png,edf597be7758520e51d6c9fb4d499509dc96cacae6036e115bdbfce82b68bb12,64,64,13,True,50,62,True,False,13,DS_CUSTOM_LIBRARY/converted/Legacy_GBA_Phase1/morpekyll_hangry/front-shiny.png
MORPEKYLL_HANGRY,back_shiny,/tmp/mercury-gba-flat/MORPEKYLL_HANGRY_BACK_SHINY.png,bf8da92eaa70f8b9ba0ae22d361035d80ad431862befc3cc275629fb3b6d9539,64,64,7,True,64,60,True,False,7,DS_CUSTOM_LIBRARY/converted/Legacy_GBA_Phase1/morpekyll_hangry/back-shiny.png
NIDOKING_MEGA,front,/tmp/mercury-gba-flat/NIDOKING_MEGA.png,60ef9d10f542900410d08ecfcc1813d7669520e7643425d23956e9115de1d699,64,64,15,True,64,64,True,False,15,DS_CUSTOM_LIBRARY/converted/Legacy_GBA_Phase1/nidoking_mega/front.png
NIDOKING_MEGA,back,/tmp/mercury-gba-flat/NIDOKING_MEGA_BACK.png,b3d5ae5edd894da56df2199be6be9b9422d077b75a1b7b16a15f7f8f098401cb,64,64,13,True,64,61,True,False,13,DS_CUSTOM_LIBRARY/converted/Legacy_GBA_Phase1/nidoking_mega/back.png
NIDOKING_MEGA,front_shiny,/tmp/mercury-gba-flat/NIDOKING_MEGA_SHINY.png,3387c2780e9e96646627a1e9392965f86e84bceb697383459cbfbd99cb6d8646,64,64,15,True,64,64,True,False,15,DS_CUSTOM_LIBRARY/converted/Legacy_GBA_Phase1/nidoking_mega/front-shiny.png
NIDOKING_MEGA,back_shiny,/tmp/mercury-gba-flat/NIDOKING_MEGA_BACK_SHINY.png,0b5c526a1d8ac00249701b22e957c190655b177ab3be3690b0a4f5c6d43a3e0d,64,64,13,True,64,61,True,False,13,DS_CUSTOM_LIBRARY/converted/Legacy_GBA_Phase1/nidoking_mega/back-shiny.png
NIDOQUEEN_MEGA,front,/tmp/mercury-gba-flat/NIDOQUEEN_MEGA.png,5533511415e927424116181e5134ae262b522e4d2a5c00b3fd4abd223a95ebf5,64,64,15,True,57,64,True,False,15,DS_CUSTOM_LIBRARY/converted/Legacy_GBA_Phase1/nidoqueen_mega/front.png
NIDOQUEEN_MEGA,back,/tmp/mercury-gba-flat/NIDOQUEEN_MEGA_BACK.png,97daf37b31d8ba8baf6b0a9d6c7ff7c5103afa113f432088861ec1346732a35e,64,64,13,True,64,64,True,False,13,DS_CUSTOM_LIBRARY/converted/Legacy_GBA_Phase1/nidoqueen_mega/back.png
NIDOQUEEN_MEGA,front_shiny,/tmp/mercury-gba-flat/NIDOQUEEN_MEGA_SHINY.png,ec1de9b1b6d0bb2bd096ce79ddf41ba98391509038b4d8794ccfbf79b52a631b,64,64,15,True,57,64,True,False,15,DS_CUSTOM_LIBRARY/converted/Legacy_GBA_Phase1/nidoqueen_mega/front-shiny.png
NIDOQUEEN_MEGA,back_shiny,/tmp/mercury-gba-flat/NIDOQUEEN_MEGA_BACK_SHINY.png,264f3df267c7506ea2add970966d0d87214482d3c19d035e35af7f6c18f51832,64,64,13,True,64,64,True,False,13,DS_CUSTOM_LIBRARY/converted/Legacy_GBA_Phase1/nidoqueen_mega/back-shiny.png
PLUNDERTOW,front,/tmp/mercury-gba-flat/PLUNDERTOW.png,759dbd74f45304342a529cf4bc4ded4d4814817a825b854a346c91ac76015dda,64,64,15,True,64,64,True,False,15,DS_CUSTOM_LIBRARY/converted/Legacy_GBA_Phase1/plundertow/front.png
PLUNDERTOW,back,/tmp/mercury-gba-flat/PLUNDERTOW_BACK.png,355d0ad029798b9008a63151d62ae8681d5b15b7e08a7599df4090fe882c4f29,64,64,9,True,64,57,True,False,9,DS_CUSTOM_LIBRARY/converted/Legacy_GBA_Phase1/plundertow/back.png
PLUNDERTOW,front_shiny,/tmp/mercury-gba-flat/PLUNDERTOW_SHINY.png,4d6cb5bb8552094f5f538d2540fc4d701fe952e1483457ec850f2dffab0ab092,64,64,15,True,64,64,True,False,15,DS_CUSTOM_LIBRARY/converted/Legacy_GBA_Phase1/plundertow/front-shiny.png
PLUNDERTOW,back_shiny,/tmp/mercury-gba-flat/PLUNDERTOW_BACK_SHINY.png,f76abcccf50f5a0d4072c77061ac219c6a981c65d0e21530819143e1ab47d952,64,64,9,True,64,57,True,False,9,DS_CUSTOM_LIBRARY/converted/Legacy_GBA_Phase1/plundertow/back-shiny.png
POLARTIC_BLUEMOON,front,/tmp/mercury-gba-flat/POLARTIC_BLUEMOON.png,faa27d869a1283db6ab9ce4f3dcd5dc10a5c2e5b5f24d4e6c756b2dee73b3701,64,64,15,True,63,63,True,False,15,DS_CUSTOM_LIBRARY/converted/Legacy_GBA_Phase1/polartic_bluemoon/front.png
POLARTIC_BLUEMOON,back,/tmp/mercury-gba-flat/POLARTIC_BLUEMOON_BACK.png,02a09b719fa06f889ccf1d53f4c54e20c906c42d9d44fb378df35a3ad272e070,64,64,7,True,64,47,True,False,7,DS_CUSTOM_LIBRARY/converted/Legacy_GBA_Phase1/polartic_bluemoon/back.png
POLARTIC_BLUEMOON,front_shiny,/tmp/mercury-gba-flat/POLARTIC_BLUEMOON_SHINY.png,5a62a56409861c59c7e8dedb00678da49277be2cfc59ca5b178485f9e2fe752a,64,64,15,True,63,63,True,False,15,DS_CUSTOM_LIBRARY/converted/Legacy_GBA_Phase1/polartic_bluemoon/front-shiny.png
POLARTIC_BLUEMOON,back_shiny,/tmp/mercury-gba-flat/POLARTIC_BLUEMOON_BACK_SHINY.png,860977c25c4f39068103f8adf6cf0c3bcc702f76ad3bead3c504bc64928a162f,64,64,7,True,64,47,True,False,7,DS_CUSTOM_LIBRARY/converted/Legacy_GBA_Phase1/polartic_bluemoon/back-shiny.png
POPCORM,front,/tmp/mercury-gba-flat/POPCORM.png,64522f2fc4cceea9844404fc42339acaf146f1eb5140198a83c3e7d9e89590de,64,64,11,True,64,45,True,False,11,DS_CUSTOM_LIBRARY/converted/Legacy_GBA_Phase1/popcorm/front.png
POPCORM,back,/tmp/mercury-gba-flat/POPCORM_BACK.png,9bc9c0ed92f87ef4d382273ad4aa382d103596c1bd68754de0f5c2505fa8fcd9,64,64,11,True,64,48,True,False,11,DS_CUSTOM_LIBRARY/converted/Legacy_GBA_Phase1/popcorm/back.png
POPCORM,front_shiny,/tmp/mercury-gba-flat/POPCORM_SHINY.png,bdeb714ec7d94bd0217d48df8af03e070b30c71b6271c3a75a56dead9e4ea01b,64,64,11,True,64,45,True,False,11,DS_CUSTOM_LIBRARY/converted/Legacy_GBA_Phase1/popcorm/front-shiny.png
POPCORM,back_shiny,/tmp/mercury-gba-flat/POPCORM_BACK_SHINY.png,f6e3ce47d3ad4d04887533390be3f50b90e99ed81f8e1b1ab77a72c7fba13096,64,64,11,True,64,48,True,False,11,DS_CUSTOM_LIBRARY/converted/Legacy_GBA_Phase1/popcorm/back-shiny.png
POPCORM_MEGA,front,/tmp/mercury-gba-flat/POPCORM_MEGA.png,497d37b58dd8fa453b1f0dcb7dee369fd7da1a5107339c9ef443c29eed383705,64,64,11,True,64,61,True,False,11,DS_CUSTOM_LIBRARY/converted/Legacy_GBA_Phase1/popcorm_mega/front.png
POPCORM_MEGA,back,/tmp/mercury-gba-flat/POPCORM_MEGA_BACK.png,4b349e82e791884a5282da5e78892867d568ca47f7982a3ebad4b7b2002ddc7f,64,64,11,True,64,55,True,False,11,DS_CUSTOM_LIBRARY/converted/Legacy_GBA_Phase1/popcorm_mega/back.png
POPCORM_MEGA,front_shiny,/tmp/mercury-gba-flat/POPCORM_MEGA_SHINY.png,4728b313b6672e97378ed3b73943592524d144477687b2ed5232ac1ae81f9a0c,64,64,11,True,64,61,True,False,11,DS_CUSTOM_LIBRARY/converted/Legacy_GBA_Phase1/popcorm_mega/front-shiny.png
POPCORM_MEGA,back_shiny,/tmp/mercury-gba-flat/POPCORM_MEGA_BACK_SHINY.png,5c8afbeae86326c27188f9df87da7850949ea2d6479c687c354597f8602c257b,64,64,11,True,64,55,True,False,11,DS_CUSTOM_LIBRARY/converted/Legacy_GBA_Phase1/popcorm_mega/back-shiny.png
RATTATA_REDUX,front,/tmp/mercury-gba-flat/RATTATA_REDUX.png,ca1070488295347a2e76b4655218e9e6765832692e30cba3cc7bb4304f8fba24,64,64,14,True,42,38,True,False,14,DS_CUSTOM_LIBRARY/converted/Legacy_GBA_Phase1/rattata_redux/front.png
RATTATA_REDUX,back,/tmp/mercury-gba-flat/RATTATA_REDUX_BACK.png,5c0b77fdad0e10507efae2e590f90320d28f932212edbaa48153cdbbc4237598,64,64,12,True,64,43,True,False,12,DS_CUSTOM_LIBRARY/converted/Legacy_GBA_Phase1/rattata_redux/back.png
RATTATA_REDUX,front_shiny,/tmp/mercury-gba-flat/RATTATA_REDUX_SHINY.png,6f2d08cf970c803e58945017da786d5ec3ed45abbe9eeb5817cda2abc8f0cd45,64,64,14,True,42,38,True,False,14,DS_CUSTOM_LIBRARY/converted/Legacy_GBA_Phase1/rattata_redux/front-shiny.png
RATTATA_REDUX,back_shiny,/tmp/mercury-gba-flat/RATTATA_REDUX_BACK_SHINY.png,1b8ac75e4181d9501d28f7a5b14372711658da1321e87ae97ef82a053e5dbfe0,64,64,12,True,64,43,True,False,12,DS_CUSTOM_LIBRARY/converted/Legacy_GBA_Phase1/rattata_redux/back-shiny.png
REXCADRILL,front,/tmp/mercury-gba-flat/REXCADRILL.png,731a18f3461574c0956c942b2e0f816dc0db72460aa7d797c2980498c0bdbf0c,64,64,15,True,64,64,True,False,15,DS_CUSTOM_LIBRARY/converted/Legacy_GBA_Phase1/rexcadrill/front.png
REXCADRILL,back,/tmp/mercury-gba-flat/REXCADRILL_BACK.png,61f3cf4d92660b885c1cdc245f7349675787816fd611097befa717df317be93f,64,64,14,True,64,47,True,False,14,DS_CUSTOM_LIBRARY/converted/Legacy_GBA_Phase1/rexcadrill/back.png
REXCADRILL,front_shiny,/tmp/mercury-gba-flat/REXCADRILL_SHINY.png,50e51273861cc1be779aafcbe9d48622dbb012398e48bddbc37b0d56d8c67c13,64,64,15,True,64,64,True,False,15,DS_CUSTOM_LIBRARY/converted/Legacy_GBA_Phase1/rexcadrill/front-shiny.png
REXCADRILL,back_shiny,/tmp/mercury-gba-flat/REXCADRILL_BACK_SHINY.png,5a0d92515d2ab24b886580079dc45fad4811bbf41df67a36e844112742f3b30c,64,64,14,True,64,47,True,False,14,DS_CUSTOM_LIBRARY/converted/Legacy_GBA_Phase1/rexcadrill/back-shiny.png
SANDSLASH_ALOLAN_MEGA,front,/tmp/mercury-gba-flat/SANDSLASH_ALOLAN_MEGA.png,a3ed6c7607f8440781d89160d40dc53864a8d65701b1eb4fc1dcd43bf26c134b,64,64,9,True,64,64,True,False,9,DS_CUSTOM_LIBRARY/converted/Legacy_GBA_Phase1/sandslash_alolan_mega/front.png
SANDSLASH_ALOLAN_MEGA,back,/tmp/mercury-gba-flat/SANDSLASH_ALOLAN_MEGA_BACK.png,1bcc5cf10b0e465802cf6750b09680825e0bf2b891ff8a7b1520d9c0d84bf43a,64,64,11,True,63,60,True,False,11,DS_CUSTOM_LIBRARY/converted/Legacy_GBA_Phase1/sandslash_alolan_mega/back.png
SANDSLASH_ALOLAN_MEGA,front_shiny,/tmp/mercury-gba-flat/SANDSLASH_ALOLAN_MEGA_SHINY.png,54d1f9044156ac6bb162645ec6a32d8a40e409954c3bd464365c8e68faad1b2b,64,64,9,True,64,64,True,False,9,DS_CUSTOM_LIBRARY/converted/Legacy_GBA_Phase1/sandslash_alolan_mega/front-shiny.png
SANDSLASH_ALOLAN_MEGA,back_shiny,/tmp/mercury-gba-flat/SANDSLASH_ALOLAN_MEGA_BACK_SHINY.png,5ce31b9738af23e811b5ec0c8ce4c0aee3905cdef7fb28acdb41e5717ee9c591,64,64,11,True,63,60,True,False,11,DS_CUSTOM_LIBRARY/converted/Legacy_GBA_Phase1/sandslash_alolan_mega/back-shiny.png
SANDSLASH_MEGA,front,/tmp/mercury-gba-flat/SANDSLASH_MEGA.png,51d80239e511584fd3aacc938bf7b8aff1849a9dc5fff767e5adfd590db5de79,64,64,14,True,64,64,True,False,14,DS_CUSTOM_LIBRARY/converted/Legacy_GBA_Phase1/sandslash_mega/front.png
SANDSLASH_MEGA,back,/tmp/mercury-gba-flat/SANDSLASH_MEGA_BACK.png,cc973ee54a738e5208c441b91350c4f6b8ba595c765944218007106567abdb3a,64,64,11,True,64,53,True,False,11,DS_CUSTOM_LIBRARY/converted/Legacy_GBA_Phase1/sandslash_mega/back.png
SANDSLASH_MEGA,front_shiny,/tmp/mercury-gba-flat/SANDSLASH_MEGA_SHINY.png,6ec645b082849a14f90395661b4ee0778eab45ded63a1f7265051e8768368f9c,64,64,13,True,64,64,True,False,13,DS_CUSTOM_LIBRARY/converted/Legacy_GBA_Phase1/sandslash_mega/front-shiny.png
SANDSLASH_MEGA,back_shiny,/tmp/mercury-gba-flat/SANDSLASH_MEGA_BACK_SHINY.png,6cab341fe08f5550535e9515f34062b7a06ae4f698bf2d8664236997bb9404c7,64,64,11,True,64,53,True,False,11,DS_CUSTOM_LIBRARY/converted/Legacy_GBA_Phase1/sandslash_mega/back-shiny.png
SELENUMBRA,front,/tmp/mercury-gba-flat/SELENUMBRA.png,efeb44021012e6f50544ddb58894fcddb36c327e342c508a1f718c5a9144ec59,64,64,12,True,64,64,True,False,12,DS_CUSTOM_LIBRARY/converted/Legacy_GBA_Phase1/selenumbra/front.png
SELENUMBRA,back,/tmp/mercury-gba-flat/SELENUMBRA_BACK.png,edca2954fe5f416aff1fe9cc2411133a23d787ab0200fe90cff5cf2e8e6a381c,64,64,12,True,64,64,True,False,12,DS_CUSTOM_LIBRARY/converted/Legacy_GBA_Phase1/selenumbra/back.png
SELENUMBRA,front_shiny,/tmp/mercury-gba-flat/SELENUMBRA_SHINY.png,2fcc075b003fea11f1a9ea90c68d59506dc07f37b7857aba06914f39d4f6134e,64,64,12,True,64,64,True,False,12,DS_CUSTOM_LIBRARY/converted/Legacy_GBA_Phase1/selenumbra/front-shiny.png
SELENUMBRA,back_shiny,/tmp/mercury-gba-flat/SELENUMBRA_BACK_SHINY.png,8c7a5d812f305ee9ca58fab846338d489d47763ecbfcc9358f6853db7c99e722,64,64,12,True,64,64,True,False,12,DS_CUSTOM_LIBRARY/converted/Legacy_GBA_Phase1/selenumbra/back-shiny.png
SNORLAX_MEGA,front,/tmp/mercury-gba-flat/SNORLAX_MEGA.png,1d6a26a2de11495bf302cbc8fd516e56e6008c5c548407e35d8bbd6d47071e0d,64,64,15,True,64,64,True,False,15,DS_CUSTOM_LIBRARY/converted/Legacy_GBA_Phase1/snorlax_mega/front.png
SNORLAX_MEGA,back,/tmp/mercury-gba-flat/SNORLAX_MEGA_BACK.png,cccf74f0eda01dd40c751051baf481e84a869947dd95314da615f524c95ab2be,64,64,13,True,62,54,True,False,13,DS_CUSTOM_LIBRARY/converted/Legacy_GBA_Phase1/snorlax_mega/back.png
SNORLAX_MEGA,front_shiny,/tmp/mercury-gba-flat/SNORLAX_MEGA_SHINY.png,5f717632b4004cca5fe626477f6671495acde473c5dc05a50eda33b58e655423,64,64,15,True,64,64,True,False,15,DS_CUSTOM_LIBRARY/converted/Legacy_GBA_Phase1/snorlax_mega/front-shiny.png
SNORLAX_MEGA,back_shiny,/tmp/mercury-gba-flat/SNORLAX_MEGA_BACK_SHINY.png,dc34def695a0a96dfb4cbe9644af6263b4cf27da6f32e622ed67eb2639f09c38,64,64,13,True,62,54,True,False,13,DS_CUSTOM_LIBRARY/converted/Legacy_GBA_Phase1/snorlax_mega/back-shiny.png
SPEAROW_REDUX,front,/tmp/mercury-gba-flat/SPEAROW_REDUX.png,5861a3cb19310414ed2544ddf46f65c63eabb090000e6d6bea28bbb33f43aeaf,64,64,15,True,29,42,True,False,15,DS_CUSTOM_LIBRARY/converted/Legacy_GBA_Phase1/spearow_redux/front.png
SPEAROW_REDUX,back,/tmp/mercury-gba-flat/SPEAROW_REDUX_BACK.png,3d7c72321dfeac3b409fe58b604f39c55d272c96bd798543a20bf6d8fb167672,64,64,15,True,51,49,True,False,15,DS_CUSTOM_LIBRARY/converted/Legacy_GBA_Phase1/spearow_redux/back.png
SPEAROW_REDUX,front_shiny,/tmp/mercury-gba-flat/SPEAROW_REDUX_SHINY.png,52d2ab87148b071bf655d9196ed0e52564736cd5f7de196147702a26e59f53b8,64,64,15,True,29,42,True,False,15,DS_CUSTOM_LIBRARY/converted/Legacy_GBA_Phase1/spearow_redux/front-shiny.png
SPEAROW_REDUX,back_shiny,/tmp/mercury-gba-flat/SPEAROW_REDUX_BACK_SHINY.png,0f975b35c10bce6ee0efed157c4580b355b23fb6ed18abedee0c437550b3acfb,64,64,15,True,51,49,True,False,15,DS_CUSTOM_LIBRARY/converted/Legacy_GBA_Phase1/spearow_redux/back-shiny.png
SPINDAZE,front,/tmp/mercury-gba-flat/SPINDAZE.png,71e6bc975ac97e3b608a43cf91dd3a29ce52a70a737f2dbd8ea2221574807a09,64,64,14,True,51,62,True,False,14,DS_CUSTOM_LIBRARY/converted/Legacy_GBA_Phase1/spindaze/front.png
SPINDAZE,back,/tmp/mercury-gba-flat/SPINDAZE_BACK.png,e3857a317490058f95a0d8ae950e94e48d55542b841540728e52a46bd528a4b0,64,64,14,True,43,56,True,False,14,DS_CUSTOM_LIBRARY/converted/Legacy_GBA_Phase1/spindaze/back.png
SPINDAZE,front_shiny,/tmp/mercury-gba-flat/SPINDAZE_SHINY.png,d4afde239737cc5e7c79d90a5d90d77b8904f4353e5f54e9deecf2d3289b8d7c,64,64,14,True,51,62,True,False,14,DS_CUSTOM_LIBRARY/converted/Legacy_GBA_Phase1/spindaze/front-shiny.png
SPINDAZE,back_shiny,/tmp/mercury-gba-flat/SPINDAZE_BACK_SHINY.png,f382efeb221e3be14537b2955520ba4371b8991f52e6de49c90f7be7451437bd,64,64,14,True,43,56,True,False,14,DS_CUSTOM_LIBRARY/converted/Legacy_GBA_Phase1/spindaze/back-shiny.png
STORMING,front,/tmp/mercury-gba-flat/STORMING.png,ddf72926aedb1e66d5c8539cb5d571efc6de43eb09dca55f11e6a6d04d2f06e0,64,64,9,True,64,55,True,False,9,DS_CUSTOM_LIBRARY/converted/Legacy_GBA_Phase1/storming/front.png
STORMING,back,/tmp/mercury-gba-flat/STORMING_BACK.png,7fedbbd25970b6a115e40022f73b648790c7d9a0344feeb6407afb461964396d,64,64,8,True,63,55,True,False,8,DS_CUSTOM_LIBRARY/converted/Legacy_GBA_Phase1/storming/back.png
STORMING,front_shiny,/tmp/mercury-gba-flat/STORMING_SHINY.png,022efe48597efb773d05c1bcc3289dfb55f7b79b6675f7a9fd29ededb7459d50,64,64,9,True,64,55,True,False,9,DS_CUSTOM_LIBRARY/converted/Legacy_GBA_Phase1/storming/front-shiny.png
STORMING,back_shiny,/tmp/mercury-gba-flat/STORMING_BACK_SHINY.png,c40841f0e78441c9e5b204463dbe6936eaf604fe8e31f45fdc1c435eb8e6195c,64,64,8,True,63,55,True,False,8,DS_CUSTOM_LIBRARY/converted/Legacy_GBA_Phase1/storming/back-shiny.png
SWAMPAGE,front,/tmp/mercury-gba-flat/SWAMPAGE.png,0adfb3acbf01d184a72e719da074babd059095236df31d61b83b3ea6611a9fc8,64,64,14,True,64,61,True,False,14,DS_CUSTOM_LIBRARY/converted/Legacy_GBA_Phase1/swampage/front.png
SWAMPAGE,back,/tmp/mercury-gba-flat/SWAMPAGE_BACK.png,e26da227a4cf191130caa29a3dbb020dd6a220c497c0be709b3532b03f87ea72,64,64,11,True,64,64,True,False,11,DS_CUSTOM_LIBRARY/converted/Legacy_GBA_Phase1/swampage/back.png
SWAMPAGE,front_shiny,/tmp/mercury-gba-flat/SWAMPAGE_SHINY.png,954e807658f10a9518844a2d9cd772258647240fc4c8f69361d2154d723bc4b3,64,64,14,True,64,61,True,False,14,DS_CUSTOM_LIBRARY/converted/Legacy_GBA_Phase1/swampage/front-shiny.png
SWAMPAGE,back_shiny,/tmp/mercury-gba-flat/SWAMPAGE_BACK_SHINY.png,091c0443e674337a613b8497abea51e488be18ebe7f5df44a8451943712cacdf,64,64,11,True,64,64,True,False,11,DS_CUSTOM_LIBRARY/converted/Legacy_GBA_Phase1/swampage/back-shiny.png
TORRENTULA,front,/tmp/mercury-gba-flat/TORRENTULA.png,fbdd4974f41d23c5686d5c86c6f9821572566c5f1e3518661464508c145fb0f2,64,64,15,True,62,64,True,False,15,DS_CUSTOM_LIBRARY/converted/Legacy_GBA_Phase1/torrentula/front.png
TORRENTULA,back,/tmp/mercury-gba-flat/TORRENTULA_BACK.png,9b49c4ecb3ef0c9a43bdb33d19625291f9d04a9d78c1c484400776723b17b811,64,64,10,True,61,44,True,False,10,DS_CUSTOM_LIBRARY/converted/Legacy_GBA_Phase1/torrentula/back.png
TORRENTULA,front_shiny,/tmp/mercury-gba-flat/TORRENTULA_SHINY.png,6d21c14494bb55ddee5fc7d47c9c9cc6af4fbf5d80b5434b8523387880e7a66e,64,64,14,True,62,64,True,False,14,DS_CUSTOM_LIBRARY/converted/Legacy_GBA_Phase1/torrentula/front-shiny.png
TORRENTULA,back_shiny,/tmp/mercury-gba-flat/TORRENTULA_BACK_SHINY.png,b5c50150d7fbc0bcc26c5e5273ee97aa389ad6d528b09a0986234fc15bd5109b,64,64,10,True,61,44,True,False,10,DS_CUSTOM_LIBRARY/converted/Legacy_GBA_Phase1/torrentula/back-shiny.png
TOXTRICITY_MEGA,front,/tmp/mercury-gba-flat/TOXTRICITY_MEGA.png,8aca26e062fd21e5eb24969e4fc743a6f9563b5c8fbbf5dc27b0757b87c05e62,64,64,14,True,62,64,True,False,14,DS_CUSTOM_LIBRARY/converted/Legacy_GBA_Phase1/toxtricity_mega/front.png
TOXTRICITY_MEGA,back,/tmp/mercury-gba-flat/TOXTRICITY_MEGA_BACK.png,0933896cbf6db3e8ad43b8ed438a77870eae509fcab09f2ee5059b7024c8f76b,64,64,15,True,48,64,True,False,15,DS_CUSTOM_LIBRARY/converted/Legacy_GBA_Phase1/toxtricity_mega/back.png
TOXTRICITY_MEGA,front_shiny,/tmp/mercury-gba-flat/TOXTRICITY_MEGA_SHINY.png,b49536d5284fe3be26e6cd5e71cbff747be918c622ca4612a968bf7a9b188a44,64,64,14,True,62,64,True,False,14,DS_CUSTOM_LIBRARY/converted/Legacy_GBA_Phase1/toxtricity_mega/front-shiny.png
TOXTRICITY_MEGA,back_shiny,/tmp/mercury-gba-flat/TOXTRICITY_MEGA_BACK_SHINY.png,738c2390d6637be10b75482ed6c37871dc734a9d43242355f9a5b92987277433,64,64,15,True,48,64,True,False,15,DS_CUSTOM_LIBRARY/converted/Legacy_GBA_Phase1/toxtricity_mega/back-shiny.png
TRAPINCH_REDUX,front,/tmp/mercury-gba-flat/TRAPINCH_REDUX.png,db35bb5065dcbf59f589a89eb67802383a67dd0f75d6a280d62aca724ecd2a54,64,64,10,True,34,38,True,False,10,DS_CUSTOM_LIBRARY/converted/Legacy_GBA_Phase1/trapinch_redux/front.png
TRAPINCH_REDUX,back,/tmp/mercury-gba-flat/TRAPINCH_REDUX_BACK.png,30516eada192c5d9287e082cae4ae166e67c5e6facb2db2800123b49b873ad52,64,64,8,True,42,44,True,False,8,DS_CUSTOM_LIBRARY/converted/Legacy_GBA_Phase1/trapinch_redux/back.png
TRAPINCH_REDUX,front_shiny,/tmp/mercury-gba-flat/TRAPINCH_REDUX_SHINY.png,e7be61901a0a001cab00e3087cfaaa529b0abf73ef61b8471031130b17b5787f,64,64,10,True,34,38,True,False,10,DS_CUSTOM_LIBRARY/converted/Legacy_GBA_Phase1/trapinch_redux/front-shiny.png
TRAPINCH_REDUX,back_shiny,/tmp/mercury-gba-flat/TRAPINCH_REDUX_BACK_SHINY.png,104939a0c5659eed18a6804ea45af2e35afc1fc38e69a1c78cc21334ca58b47b,64,64,8,True,42,44,True,False,8,DS_CUSTOM_LIBRARY/converted/Legacy_GBA_Phase1/trapinch_redux/back-shiny.png
TSAREENA_MEGA,front,/tmp/mercury-gba-flat/TSAREENA_MEGA.png,1f29c589296401f10dd535c1b07a1c418e7189efe30ed90ac61e54076f4a1fdd,64,64,15,True,64,64,True,False,15,DS_CUSTOM_LIBRARY/converted/Legacy_GBA_Phase1/tsareena_mega/front.png
TSAREENA_MEGA,back,/tmp/mercury-gba-flat/TSAREENA_MEGA_BACK.png,1e07ab4ae397703b0a561eacf702b9eb4d88354c2d442ddf9de5cb111f013819,64,64,15,True,64,59,True,False,15,DS_CUSTOM_LIBRARY/converted/Legacy_GBA_Phase1/tsareena_mega/back.png
TSAREENA_MEGA,front_shiny,/tmp/mercury-gba-flat/TSAREENA_MEGA_SHINY.png,925a6b64ce443210144a50c8df70665378940e8031234657901b2a84028f94d8,64,64,15,True,64,64,True,False,15,DS_CUSTOM_LIBRARY/converted/Legacy_GBA_Phase1/tsareena_mega/front-shiny.png
TSAREENA_MEGA,back_shiny,/tmp/mercury-gba-flat/TSAREENA_MEGA_BACK_SHINY.png,a9d80dab41e33032f947785a9f415e06b062fd25be3990834eb7e69c738dd84c,64,64,15,True,64,59,True,False,15,DS_CUSTOM_LIBRARY/converted/Legacy_GBA_Phase1/tsareena_mega/back-shiny.png
VIBRAVA_REDUX,front,/tmp/mercury-gba-flat/VIBRAVA_REDUX.png,950e89033dd96461d3e916d8eeb3b435e3c8a6fb90f910ad7450c92016edb48c,64,64,13,True,58,54,True,False,13,DS_CUSTOM_LIBRARY/converted/Legacy_GBA_Phase1/vibrava_redux/front.png
VIBRAVA_REDUX,back,/tmp/mercury-gba-flat/VIBRAVA_REDUX_BACK.png,542b3441fce215dfac1c1f30a9f3029930c0708ecd80f3007a5d12ea21569dec,64,64,13,True,62,39,True,False,13,DS_CUSTOM_LIBRARY/converted/Legacy_GBA_Phase1/vibrava_redux/back.png
VIBRAVA_REDUX,front_shiny,/tmp/mercury-gba-flat/VIBRAVA_REDUX_SHINY.png,38681d2c39f51c6d075a7669519c518cbf3ea09c512725f63757bac0b0f06a28,64,64,13,True,58,54,True,False,13,DS_CUSTOM_LIBRARY/converted/Legacy_GBA_Phase1/vibrava_redux/front-shiny.png
VIBRAVA_REDUX,back_shiny,/tmp/mercury-gba-flat/VIBRAVA_REDUX_BACK_SHINY.png,1046b249e9448b2d5af30346d2805c1dcc65d2b17c426232f9c4054b69cf8352,64,64,13,True,62,39,True,False,13,DS_CUSTOM_LIBRARY/converted/Legacy_GBA_Phase1/vibrava_redux/back-shiny.png
VICTREEBEL_REDUX,front,/tmp/mercury-gba-flat/VICTREEBEL_REDUX.png,aba794f8501b6a5b85ec877e5b38645e9ac1aa5c99577b1e8262f3d66d567982,64,64,15,True,64,61,True,False,15,DS_CUSTOM_LIBRARY/converted/Legacy_GBA_Phase1/victreebel_redux/front.png
VICTREEBEL_REDUX,back,/tmp/mercury-gba-flat/VICTREEBEL_REDUX_BACK.png,40149237a901c649a6e5382b141e6066bb50abd45c328f4cc6195b44a2a3157b,64,64,14,True,61,62,True,False,14,DS_CUSTOM_LIBRARY/converted/Legacy_GBA_Phase1/victreebel_redux/back.png
VICTREEBEL_REDUX,front_shiny,/tmp/mercury-gba-flat/VICTREEBEL_REDUX_SHINY.png,0310928da4b7f47a25da3d6bcb4cc702e889f96bc960a1c231875080216db897,64,64,15,True,64,61,True,False,15,DS_CUSTOM_LIBRARY/converted/Legacy_GBA_Phase1/victreebel_redux/front-shiny.png
VICTREEBEL_REDUX,back_shiny,/tmp/mercury-gba-flat/VICTREEBEL_REDUX_BACK_SHINY.png,3947c3b6e18d1d1624927f31654217832b8d9992951f06df8e25d79097f2423a,64,64,14,True,61,62,True,False,14,DS_CUSTOM_LIBRARY/converted/Legacy_GBA_Phase1/victreebel_redux/back-shiny.png
WEAVILE_REDUX,front,/tmp/mercury-gba-flat/WEAVILE_REDUX.png,866d4d3f12ef628b7723a0b3fa648984569e3f0527a137a894e63ba4dcb24114,64,64,13,True,58,54,True,False,13,DS_CUSTOM_LIBRARY/converted/Legacy_GBA_Phase1/weavile_redux/front.png
WEAVILE_REDUX,back,/tmp/mercury-gba-flat/WEAVILE_REDUX_BACK.png,4b0b8b95fcf2d88ae0a99e1a8bcd6f4259988da0a02d14225c42e0438d6781ca,64,64,13,True,54,47,True,False,13,DS_CUSTOM_LIBRARY/converted/Legacy_GBA_Phase1/weavile_redux/back.png
WEAVILE_REDUX,front_shiny,/tmp/mercury-gba-flat/WEAVILE_REDUX_SHINY.png,784e55d8a4bcc63842375a8614aa97fe256fd8fde036959bac86fc7d859aa0cc,64,64,13,True,58,54,True,False,13,DS_CUSTOM_LIBRARY/converted/Legacy_GBA_Phase1/weavile_redux/front-shiny.png
WEAVILE_REDUX,back_shiny,/tmp/mercury-gba-flat/WEAVILE_REDUX_BACK_SHINY.png,92bdd89d8a75dfe49cc17998d1f35e1150db5ec81c3cafe8a9d7f6608c7fccb0,64,64,13,True,54,47,True,False,13,DS_CUSTOM_LIBRARY/converted/Legacy_GBA_Phase1/weavile_redux/back-shiny.png
WEAVILE_REDUX_MEGA,front,/tmp/mercury-gba-flat/WEAVILE_REDUX_MEGA.png,30f71e1ffcf4152212ab3fa42297547326c8cb2fc5ee2f0f12f29bbeb085cccd,64,64,15,True,63,64,True,False,15,DS_CUSTOM_LIBRARY/converted/Legacy_GBA_Phase1/weavile_redux_mega/front.png
WEAVILE_REDUX_MEGA,back,/tmp/mercury-gba-flat/WEAVILE_REDUX_MEGA_BACK.png,3358c8359fd77bf0afb976934b860d23d7e4e1c52575b537c56bbf3457235f65,64,64,14,True,64,61,True,False,14,DS_CUSTOM_LIBRARY/converted/Legacy_GBA_Phase1/weavile_redux_mega/back.png
WEAVILE_REDUX_MEGA,front_shiny,/tmp/mercury-gba-flat/WEAVILE_REDUX_MEGA_SHINY.png,7f7e113c07fa17ea8973352eea2c6b3a5cf6cf9bf47f09774433e49b7281a741,64,64,15,True,63,64,True,False,15,DS_CUSTOM_LIBRARY/converted/Legacy_GBA_Phase1/weavile_redux_mega/front-shiny.png
WEAVILE_REDUX_MEGA,back_shiny,/tmp/mercury-gba-flat/WEAVILE_REDUX_MEGA_BACK_SHINY.png,62cb3e4f49634f29ce634a511b017e18acd41751d1a44814bcd2379d461dd2e2,64,64,14,True,64,61,True,False,14,DS_CUSTOM_LIBRARY/converted/Legacy_GBA_Phase1/weavile_redux_mega/back-shiny.png
WEEDLE_REDUX,front,/tmp/mercury-gba-flat/WEEDLE_REDUX.png,161cd4028bf746760c79c710c2ea4b992e713bf5e7e61735687035aa02ea9efe,64,64,12,True,30,41,True,False,12,DS_CUSTOM_LIBRARY/converted/Legacy_GBA_Phase1/weedle_redux/front.png
WEEDLE_REDUX,back,/tmp/mercury-gba-flat/WEEDLE_REDUX_BACK.png,2c4e9c62674ae6d4f1962414c0242d4aa33948f440b07731a3e4f8c5ee46a5ca,64,64,13,True,48,52,True,False,13,DS_CUSTOM_LIBRARY/converted/Legacy_GBA_Phase1/weedle_redux/back.png
WEEDLE_REDUX,front_shiny,/tmp/mercury-gba-flat/WEEDLE_REDUX_SHINY.png,7d9cbd3994067ce64241d58c6dc2196a007915e6d190086f6b0509e89651a95e,64,64,12,True,30,41,True,False,12,DS_CUSTOM_LIBRARY/converted/Legacy_GBA_Phase1/weedle_redux/front-shiny.png
WEEDLE_REDUX,back_shiny,/tmp/mercury-gba-flat/WEEDLE_REDUX_BACK_SHINY.png,8194d6936f8dad9a2c7f599f3291d547939d79646c4c24a2e9db187ce9df4812,64,64,13,True,48,52,True,False,13,DS_CUSTOM_LIBRARY/converted/Legacy_GBA_Phase1/weedle_redux/back-shiny.png
WEEPINBELL_REDUX,front,/tmp/mercury-gba-flat/WEEPINBELL_REDUX.png,96bee0c1a500088302e3425efeb109cfad151e1abc103b371a30db6e09213aa0,64,64,15,True,51,53,True,False,15,DS_CUSTOM_LIBRARY/converted/Legacy_GBA_Phase1/weepinbell_redux/front.png
WEEPINBELL_REDUX,back,/tmp/mercury-gba-flat/WEEPINBELL_REDUX_BACK.png,eb1571a1475e389843dd8bcb62a8fc409ba8cb46b88dd6d19566bc5da3d52058,64,64,13,True,64,44,True,False,13,DS_CUSTOM_LIBRARY/converted/Legacy_GBA_Phase1/weepinbell_redux/back.png
WEEPINBELL_REDUX,front_shiny,/tmp/mercury-gba-flat/WEEPINBELL_REDUX_SHINY.png,6a7c308450de87b00d86284de32c4361bf68bb8d99aa013c43ea7906c50939a6,64,64,15,True,51,53,True,False,15,DS_CUSTOM_LIBRARY/converted/Legacy_GBA_Phase1/weepinbell_redux/front-shiny.png
WEEPINBELL_REDUX,back_shiny,/tmp/mercury-gba-flat/WEEPINBELL_REDUX_BACK_SHINY.png,fdd1ae427ae7e49fcfb6dd03a30a99196ec730807c3b094cfdbbf859b3ee8638,64,64,13,True,64,44,True,False,13,DS_CUSTOM_LIBRARY/converted/Legacy_GBA_Phase1/weepinbell_redux/back-shiny.png
WIGGLYTUFF_APEX,front,/tmp/mercury-gba-flat/WIGGLYTUFF_APEX.png,562981aca8307456a74b9808aab0ebd6c0065ca54f68b0b61171d2251d78f916,64,64,14,True,43,57,True,False,14,DS_CUSTOM_LIBRARY/converted/Legacy_GBA_Phase1/wigglytuff_apex/front.png
WIGGLYTUFF_APEX,back,/tmp/mercury-gba-flat/WIGGLYTUFF_APEX_BACK.png,e8586e2a47cf611c08ec698a997af58539f52ab24b8520a5f1ff0c3da4324db4,64,64,8,True,56,60,True,False,8,DS_CUSTOM_LIBRARY/converted/Legacy_GBA_Phase1/wigglytuff_apex/back.png
WIGGLYTUFF_APEX,front_shiny,/tmp/mercury-gba-flat/WIGGLYTUFF_APEX_SHINY.png,2ded4cede7d2a338eec222c1e2986688e668f87904c2b7d30fe3f01a58a44f27,64,64,14,True,43,57,True,False,14,DS_CUSTOM_LIBRARY/converted/Legacy_GBA_Phase1/wigglytuff_apex/front-shiny.png
WIGGLYTUFF_APEX,back_shiny,/tmp/mercury-gba-flat/WIGGLYTUFF_APEX_BACK_SHINY.png,917a74800447bb0c1a5c5f7c4b0c0fb356057d6a480c26b0d8494b8b2a3f0bc9,64,64,8,True,56,60,True,False,8,DS_CUSTOM_LIBRARY/converted/Legacy_GBA_Phase1/wigglytuff_apex/back-shiny.png
WIGGLYTUFF_MEGA_X,front,/tmp/mercury-gba-flat/WIGGLYTUFF_MEGA_X.png,4a4090d1e700b3841e42c5971280286a8bc26702c639e95e856af43baf51fa56,64,64,13,True,57,64,True,False,13,DS_CUSTOM_LIBRARY/converted/Legacy_GBA_Phase1/wigglytuff_mega_x/front.png
WIGGLYTUFF_MEGA_X,back,/tmp/mercury-gba-flat/WIGGLYTUFF_MEGA_X_BACK.png,8cd9a4ad2b2886ac1dfd945c8f72ebd41b00582fc43e3869983b024db40233ea,64,64,8,True,64,64,True,False,8,DS_CUSTOM_LIBRARY/converted/Legacy_GBA_Phase1/wigglytuff_mega_x/back.png
WIGGLYTUFF_MEGA_X,front_shiny,/tmp/mercury-gba-flat/WIGGLYTUFF_MEGA_X_SHINY.png,408eda511efed6ab0c62d8b084cd28ed9ec3480c3bbd9db604924701c7e940f0,64,64,13,True,57,64,True,False,13,DS_CUSTOM_LIBRARY/converted/Legacy_GBA_Phase1/wigglytuff_mega_x/front-shiny.png
WIGGLYTUFF_MEGA_X,back_shiny,/tmp/mercury-gba-flat/WIGGLYTUFF_MEGA_X_BACK_SHINY.png,a399904aa376246128c0694ba920fb0139c9fa4c34a8cf3cd061e151793aca5d,64,64,8,True,64,64,True,False,8,DS_CUSTOM_LIBRARY/converted/Legacy_GBA_Phase1/wigglytuff_mega_x/back-shiny.png
WIGGLYTUFF_PRIMAL,front,/tmp/mercury-gba-flat/WIGGLYTUFF_PRIMAL.png,9e6ccf5f862bf38b04aa797ad403534b8975e6a9b8d27003a883303ab7bc3faf,64,64,14,True,62,64,True,False,14,DS_CUSTOM_LIBRARY/converted/Legacy_GBA_Phase1/wigglytuff_primal/front.png
WIGGLYTUFF_PRIMAL,back,/tmp/mercury-gba-flat/WIGGLYTUFF_PRIMAL_BACK.png,3b838d3fa7216afd65842f876209c590f212530e620f4ab07a2745b768612d13,64,64,13,True,64,64,True,False,13,DS_CUSTOM_LIBRARY/converted/Legacy_GBA_Phase1/wigglytuff_primal/back.png
WIGGLYTUFF_PRIMAL,front_shiny,/tmp/mercury-gba-flat/WIGGLYTUFF_PRIMAL_SHINY.png,af5a2316bd1e3d25a62834a88711b8e8c45f4562ffe964a033a2e94dc19175eb,64,64,14,True,62,64,True,False,14,DS_CUSTOM_LIBRARY/converted/Legacy_GBA_Phase1/wigglytuff_primal/front-shiny.png
WIGGLYTUFF_PRIMAL,back_shiny,/tmp/mercury-gba-flat/WIGGLYTUFF_PRIMAL_BACK_SHINY.png,1f9b07f13d04d796a8835769ca53d26535ccc7e76ab0d1351b71ca9cd0b6ab77,64,64,13,True,64,64,True,False,13,DS_CUSTOM_LIBRARY/converted/Legacy_GBA_Phase1/wigglytuff_primal/back-shiny.png
WISPYWASPY,front,/tmp/mercury-gba-flat/WISPYWASPY.png,603de05c32d0f7bd21e2ff0e5f8aa56a01c42710f9baab3abfb19083ed45d3f3,64,64,15,True,48,38,True,False,15,DS_CUSTOM_LIBRARY/converted/Legacy_GBA_Phase1/wispywaspy/front.png
WISPYWASPY,back,/tmp/mercury-gba-flat/WISPYWASPY_BACK.png,04ac21e282a48ac88694aa84ad14162e4d86c629c8a381b56cc78d1e39f2d02b,64,64,15,True,62,47,True,False,15,DS_CUSTOM_LIBRARY/converted/Legacy_GBA_Phase1/wispywaspy/back.png
WISPYWASPY,front_shiny,/tmp/mercury-gba-flat/WISPYWASPY_SHINY.png,f2c652e589eae2452b6a1f8343cfe40e0bcef20122df4c04c506a8981f055ce8,64,64,15,True,48,38,True,False,15,DS_CUSTOM_LIBRARY/converted/Legacy_GBA_Phase1/wispywaspy/front-shiny.png
WISPYWASPY,back_shiny,/tmp/mercury-gba-flat/WISPYWASPY_BACK_SHINY.png,140c9f3d9594586a2176a0e55cdea2cf679f5607658d7f313a356e7e7519e3cd,64,64,15,True,62,47,True,False,15,DS_CUSTOM_LIBRARY/converted/Legacy_GBA_Phase1/wispywaspy/back-shiny.png
WISPYWASPY_HIVEMIND,front,/tmp/mercury-gba-flat/WISPYWASPY_HIVEMIND.png,8628676a98deae34b71940423f5fcc4a42c0e65e542077cb5f2005b444d1d151,64,64,11,True,64,64,True,False,11,DS_CUSTOM_LIBRARY/converted/Legacy_GBA_Phase1/wispywaspy_hivemind/front.png
WISPYWASPY_HIVEMIND,back,/tmp/mercury-gba-flat/WISPYWASPY_HIVEMIND_BACK.png,6c7a77af438644d90198d2b5e23a252dfbdacc5e20ea5f7c451cf66b1e575d92,64,64,10,True,64,53,True,False,10,DS_CUSTOM_LIBRARY/converted/Legacy_GBA_Phase1/wispywaspy_hivemind/back.png
WISPYWASPY_HIVEMIND,front_shiny,/tmp/mercury-gba-flat/WISPYWASPY_HIVEMIND_SHINY.png,f694b2fcf573e7930ea6eba1922b55fa1fe444bc6f98953e94d008b2f7a2072e,64,64,11,True,64,64,True,False,11,DS_CUSTOM_LIBRARY/converted/Legacy_GBA_Phase1/wispywaspy_hivemind/front-shiny.png
WISPYWASPY_HIVEMIND,back_shiny,/tmp/mercury-gba-flat/WISPYWASPY_HIVEMIND_BACK_SHINY.png,ced7ad288431258d0bdffa2a348e62fc9cb3ac2b0d151436879f706d0ff98756,64,64,10,True,64,53,True,False,10,DS_CUSTOM_LIBRARY/converted/Legacy_GBA_Phase1/wispywaspy_hivemind/back-shiny.png
