reason,delete_path,keep_path,structural_signature,delete_sha256,keep_sha256,delete_source,keep_source
PURE_PALETTE_RECOLOR,DS_CUSTOM_LIBRARY/packs/Gen7_DS_Backsprites/773_9.png,DS_CUSTOM_LIBRARY/packs/DS_Styled_Gen5_8/FRONT_SHINY/SILVALLY_3.png,a1efad090cf09b8e08ab7a350174f14d2c1ce1cb0e92331d08bfd0a581d0ba56,72dc1a73f07727870299418ae71f366f27efa3b6f444388dbacfe7f7a56065cd,43c51d45ac1e61eeddf902fd2ab06c226cc9ec2611a546260306fa021e27e58f,Gen7_DS_Backsprites,DS_Styled_Gen5_8
PURE_PALETTE_RECOLOR,DS_CUSTOM_LIBRARY/packs/DS_Styled_Gen5_8/FRONT_NORMAL/SILVALLY_1.png,DS_CUSTOM_LIBRARY/packs/DS_Styled_Gen5_8/FRONT_SHINY/SILVALLY_3.png,a1efad090cf09b8e08ab7a350174f14d2c1ce1cb0e92331d08bfd0a581d0ba56,66757ecaff4940de3828702492ceb06bcfdebf0a6163b6412dee57383b023eed,43c51d45ac1e61eeddf902fd2ab06c226cc9ec2611a546260306fa021e27e58f,DS_Styled_Gen5_8,DS_Styled_Gen5_8
PURE_PALETTE_RECOLOR,DS_CUSTOM_LIBRARY/packs/DS_Styled_Gen5_8/FRONT_NORMAL/SILVALLY_7.png,DS_CUSTOM_LIBRARY/packs/DS_Styled_Gen5_8/FRONT_SHINY/SILVALLY_3.png,a1efad090cf09b8e08ab7a350174f14d2c1ce1cb0e92331d08bfd0a581d0ba56,163891a0f0ed142f6999c4d1e40523aeec2efad6605e43263d6b40831bfee33e,43c51d45ac1e61eeddf902fd2ab06c226cc9ec2611a546260306fa021e27e58f,DS_Styled_Gen5_8,DS_Styled_Gen5_8
PURE_PALETTE_RECOLOR,DS_CUSTOM_LIBRARY/packs/DS_Styled_Gen5_8/FRONT_NORMAL/SILVALLY_8.png,DS_CUSTOM_LIBRARY/packs/DS_Styled_Gen5_8/FRONT_SHINY/SILVALLY_3.png,a1efad090cf09b8e08ab7a350174f14d2c1ce1cb0e92331d08bfd0a581d0ba56,63667dbb4e1c378ceb6ae7edd130b4549010038ea332b328602f98c1ee1c7fa5,43c51d45ac1e61eeddf902fd2ab06c226cc9ec2611a546260306fa021e27e58f,DS_Styled_Gen5_8,DS_Styled_Gen5_8
PURE_PALETTE_RECOLOR,DS_CUSTOM_LIBRARY/packs/DS_Styled_Gen5_8/FRONT_NORMAL/SILVALLY_5.png,DS_CUSTOM_LIBRARY/packs/DS_Styled_Gen5_8/FRONT_SHINY/SILVALLY_3.png,a1efad090cf09b8e08ab7a350174f14d2c1ce1cb0e92331d08bfd0a581d0ba56,f9b663732d63e85953a53fe6295aa384362ca90e4d2058f3617e7cb12004b136,43c51d45ac1e61eeddf902fd2ab06c226cc9ec2611a546260306fa021e27e58f,DS_Styled_Gen5_8,DS_Styled_Gen5_8
PURE_PALETTE_RECOLOR,DS_CUSTOM_LIBRARY/packs/DS_Styled_Gen5_8/FRONT_NORMAL/SILVALLY_11.png,DS_CUSTOM_LIBRARY/packs/DS_Styled_Gen5_8/FRONT_SHINY/SILVALLY_3.png,a1efad090cf09b8e08ab7a350174f14d2c1ce1cb0e92331d08bfd0a581d0ba56,ed11f84a5e2298e84138ab31593d328322833e8645d164560adefb80423b0879,43c51d45ac1e61eeddf902fd2ab06c226cc9ec2611a546260306fa021e27e58f,DS_Styled_Gen5_8,DS_Styled_Gen5_8
PURE_PALETTE_RECOLOR,DS_CUSTOM_LIBRARY/packs/DS_Styled_Gen5_8/FRONT_NORMAL/SILVALLY_4.png,DS_CUSTOM_LIBRARY/packs/DS_Styled_Gen5_8/FRONT_SHINY/SILVALLY_3.png,a1efad090cf09b8e08ab7a350174f14d2c1ce1cb0e92331d08bfd0a581d0ba56,84e27f07c1e1a20b66d5b800e9c0ce3e1ace02ea6741d92ea0ae603ceb3050ef,43c51d45ac1e61eeddf902fd2ab06c226cc9ec2611a546260306fa021e27e58f,DS_Styled_Gen5_8,DS_Styled_Gen5_8
PURE_PALETTE_RECOLOR,DS_CUSTOM_LIBRARY/packs/DS_Styled_Gen5_8/FRONT_NORMAL/SILVALLY_3.png,DS_CUSTOM_LIBRARY/packs/DS_Styled_Gen5_8/FRONT_SHINY/SILVALLY_3.png,a1efad090cf09b8e08ab7a350174f14d2c1ce1cb0e92331d08bfd0a581d0ba56,cc2890af859e615dee7bbb98f2973d673bb9d0699208c801895713a7b01d0088,43c51d45ac1e61eeddf902fd2ab06c226cc9ec2611a546260306fa021e27e58f,DS_Styled_Gen5_8,DS_Styled_Gen5_8
PURE_PALETTE_RECOLOR,DS_CUSTOM_LIBRARY/packs/DS_Styled_Gen5_8/FRONT_NORMAL/SILVALLY_16.png,DS_CUSTOM_LIBRARY/packs/DS_Styled_Gen5_8/FRONT_SHINY/SILVALLY_3.png,a1efad090cf09b8e08ab7a350174f14d2c1ce1cb0e92331d08bfd0a581d0ba56,6fb3411f103eb4d0997d1fe86b8472796fd0c60a254d1e5cb3e24c932d3e5750,43c51d45ac1e61eeddf902fd2ab06c226cc9ec2611a546260306fa021e27e58f,DS_Styled_Gen5_8,DS_Styled_Gen5_8
PURE_PALETTE_RECOLOR,DS_CUSTOM_LIBRARY/packs/DS_Styled_Gen5_8/FRONT_NORMAL/SILVALLY_2.png,DS_CUSTOM_LIBRARY/packs/DS_Styled_Gen5_8/FRONT_SHINY/SILVALLY_3.png,a1efad090cf09b8e08ab7a350174f14d2c1ce1cb0e92331d08bfd0a581d0ba56,d5e406b39b1d9a4300c81ee9feb861972a29cbc7d2cafa6c77bf8b10a8602ce1,43c51d45ac1e61eeddf902fd2ab06c226cc9ec2611a546260306fa021e27e58f,DS_Styled_Gen5_8,DS_Styled_Gen5_8
PURE_PALETTE_RECOLOR,DS_CUSTOM_LIBRARY/packs/DS_Styled_Gen5_8/FRONT_NORMAL/SILVALLY_13.png,DS_CUSTOM_LIBRARY/packs/DS_Styled_Gen5_8/FRONT_SHINY/SILVALLY_3.png,a1efad090cf09b8e08ab7a350174f14d2c1ce1cb0e92331d08bfd0a581d0ba56,0310ebbfd83dfa47a0e5366f7f1b824903e74bd79617663637d1e3fb0a3de21d,43c51d45ac1e61eeddf902fd2ab06c226cc9ec2611a546260306fa021e27e58f,DS_Styled_Gen5_8,DS_Styled_Gen5_8
PURE_PALETTE_RECOLOR,DS_CUSTOM_LIBRARY/packs/DS_Styled_Gen5_8/FRONT_NORMAL/SILVALLY_12.png,DS_CUSTOM_LIBRARY/packs/DS_Styled_Gen5_8/FRONT_SHINY/SILVALLY_3.png,a1efad090cf09b8e08ab7a350174f14d2c1ce1cb0e92331d08bfd0a581d0ba56,107a65c22314f2e9a1b7d2d173790180f9a8dc520930a4d32ba1507ead7343bf,43c51d45ac1e61eeddf902fd2ab06c226cc9ec2611a546260306fa021e27e58f,DS_Styled_Gen5_8,DS_Styled_Gen5_8
PURE_PALETTE_RECOLOR,DS_CUSTOM_LIBRARY/packs/DS_Styled_Gen5_8/FRONT_NORMAL/SILVALLY_17.png,DS_CUSTOM_LIBRARY/packs/DS_Styled_Gen5_8/FRONT_SHINY/SILVALLY_3.png,a1efad090cf09b8e08ab7a350174f14d2c1ce1cb0e92331d08bfd0a581d0ba56,c39d87f17060f17e437bf570e5b787c215af14c57a0dd02aa3bff922cc20d68b,43c51d45ac1e61eeddf902fd2ab06c226cc9ec2611a546260306fa021e27e58f,DS_Styled_Gen5_8,DS_Styled_Gen5_8
PURE_PALETTE_RECOLOR,DS_CUSTOM_LIBRARY/packs/DS_Styled_Gen5_8/FRONT_NORMAL/SILVALLY_18.png,DS_CUSTOM_LIBRARY/packs/DS_Styled_Gen5_8/FRONT_SHINY/SILVALLY_3.png,a1efad090cf09b8e08ab7a350174f14d2c1ce1cb0e92331d08bfd0a581d0ba56,abfa4ec3e753ead4acb02952f57208b5e05800d41569d02130fe3fc325d3ab1e,43c51d45ac1e61eeddf902fd2ab06c226cc9ec2611a546260306fa021e27e58f,DS_Styled_Gen5_8,DS_Styled_Gen5_8
PURE_PALETTE_RECOLOR,DS_CUSTOM_LIBRARY/packs/DS_Styled_Gen5_8/FRONT_NORMAL/SILVALLY_14.png,DS_CUSTOM_LIBRARY/packs/DS_Styled_Gen5_8/FRONT_SHINY/SILVALLY_3.png,a1efad090cf09b8e08ab7a350174f14d2c1ce1cb0e92331d08bfd0a581d0ba56,e98864fe8a4064a5d6730aed48b00365dda35de85cfccc00cb72b66f20de15c3,43c51d45ac1e61eeddf902fd2ab06c226cc9ec2611a546260306fa021e27e58f,DS_Styled_Gen5_8,DS_Styled_Gen5_8
PURE_PALETTE_RECOLOR,DS_CUSTOM_LIBRARY/packs/DS_Styled_Gen5_8/FRONT_NORMAL/SILVALLY_6.png,DS_CUSTOM_LIBRARY/packs/DS_Styled_Gen5_8/FRONT_SHINY/SILVALLY_3.png,a1efad090cf09b8e08ab7a350174f14d2c1ce1cb0e92331d08bfd0a581d0ba56,904eab0998db6182b78729687520cfb3a7108f902f6cd8215c03ca8fd757ad4c,43c51d45ac1e61eeddf902fd2ab06c226cc9ec2611a546260306fa021e27e58f,DS_Styled_Gen5_8,DS_Styled_Gen5_8
PURE_PALETTE_RECOLOR,DS_CUSTOM_LIBRARY/packs/DS_Styled_Gen5_8/FRONT_NORMAL/SILVALLY_15.png,DS_CUSTOM_LIBRARY/packs/DS_Styled_Gen5_8/FRONT_SHINY/SILVALLY_3.png,a1efad090cf09b8e08ab7a350174f14d2c1ce1cb0e92331d08bfd0a581d0ba56,788c75ce39bd7c0a2d088fe72a83c1e117ebfb89fb817b167e3ec33b75b6e6cf,43c51d45ac1e61eeddf902fd2ab06c226cc9ec2611a546260306fa021e27e58f,DS_Styled_Gen5_8,DS_Styled_Gen5_8
PURE_PALETTE_RECOLOR,DS_CUSTOM_LIBRARY/packs/DS_Styled_Gen5_8/FRONT_NORMAL/SILVALLY_10.png,DS_CUSTOM_LIBRARY/packs/DS_Styled_Gen5_8/FRONT_SHINY/SILVALLY_3.png,a1efad090cf09b8e08ab7a350174f14d2c1ce1cb0e92331d08bfd0a581d0ba56,15bc24db713e25932cfc101a1d5793a47111512fdeb764b30789a56c8a1bd65d,43c51d45ac1e61eeddf902fd2ab06c226cc9ec2611a546260306fa021e27e58f,DS_Styled_Gen5_8,DS_Styled_Gen5_8
PURE_PALETTE_RECOLOR,DS_CUSTOM_LIBRARY/packs/DS_Styled_Gen5_8/FRONT_SHINY/SILVALLY_1.png,DS_CUSTOM_LIBRARY/packs/DS_Styled_Gen5_8/FRONT_SHINY/SILVALLY_3.png,a1efad090cf09b8e08ab7a350174f14d2c1ce1cb0e92331d08bfd0a581d0ba56,87c66980d45bda68f5d99e2d7299097ee9c27c4b1131ea09faa34cf6739fc18d,43c51d45ac1e61eeddf902fd2ab06c226cc9ec2611a546260306fa021e27e58f,DS_Styled_Gen5_8,DS_Styled_Gen5_8
PURE_PALETTE_RECOLOR,DS_CUSTOM_LIBRARY/packs/DS_Styled_Gen5_8/FRONT_SHINY/SILVALLY_7.png,DS_CUSTOM_LIBRARY/packs/DS_Styled_Gen5_8/FRONT_SHINY/SILVALLY_3.png,a1efad090cf09b8e08ab7a350174f14d2c1ce1cb0e92331d08bfd0a581d0ba56,492ea55143fd03a511bc1df3c5a8f5f665f80e052572e96b4590bc60d36f6535,43c51d45ac1e61eeddf902fd2ab06c226cc9ec2611a546260306fa021e27e58f,DS_Styled_Gen5_8,DS_Styled_Gen5_8
PURE_PALETTE_RECOLOR,DS_CUSTOM_LIBRARY/packs/DS_Styled_Gen5_8/FRONT_SHINY/SILVALLY_8.png,DS_CUSTOM_LIBRARY/packs/DS_Styled_Gen5_8/FRONT_SHINY/SILVALLY_3.png,a1efad090cf09b8e08ab7a350174f14d2c1ce1cb0e92331d08bfd0a581d0ba56,cbe0ebcb53e59104b5f52244fda6f4efcc2acb8b7a1d3d5b75d06ab1bd58dd4d,43c51d45ac1e61eeddf902fd2ab06c226cc9ec2611a546260306fa021e27e58f,DS_Styled_Gen5_8,DS_Styled_Gen5_8
PURE_PALETTE_RECOLOR,DS_CUSTOM_LIBRARY/packs/DS_Styled_Gen5_8/FRONT_SHINY/SILVALLY_5.png,DS_CUSTOM_LIBRARY/packs/DS_Styled_Gen5_8/FRONT_SHINY/SILVALLY_3.png,a1efad090cf09b8e08ab7a350174f14d2c1ce1cb0e92331d08bfd0a581d0ba56,e32c0eb7f6bf8776bdbbe88a516d218f0cd66273e0144482720970201f245e30,43c51d45ac1e61eeddf902fd2ab06c226cc9ec2611a546260306fa021e27e58f,DS_Styled_Gen5_8,DS_Styled_Gen5_8
PURE_PALETTE_RECOLOR,DS_CUSTOM_LIBRARY/packs/DS_Styled_Gen5_8/FRONT_SHINY/SILVALLY_11.png,DS_CUSTOM_LIBRARY/packs/DS_Styled_Gen5_8/FRONT_SHINY/SILVALLY_3.png,a1efad090cf09b8e08ab7a350174f14d2c1ce1cb0e92331d08bfd0a581d0ba56,0d38bdae71b68ba5eee58db3cdbd4820fadf9fe34cd22c76666cc1d5fc778c2e,43c51d45ac1e61eeddf902fd2ab06c226cc9ec2611a546260306fa021e27e58f,DS_Styled_Gen5_8,DS_Styled_Gen5_8
PURE_PALETTE_RECOLOR,DS_CUSTOM_LIBRARY/packs/DS_Styled_Gen5_8/FRONT_SHINY/SILVALLY_4.png,DS_CUSTOM_LIBRARY/packs/DS_Styled_Gen5_8/FRONT_SHINY/SILVALLY_3.png,a1efad090cf09b8e08ab7a350174f14d2c1ce1cb0e92331d08bfd0a581d0ba56,16d21a91e40ba7d40f546afdc745dcdecd2bdd5adabe8c967ffd4fc560276e3a,43c51d45ac1e61eeddf902fd2ab06c226cc9ec2611a546260306fa021e27e58f,DS_Styled_Gen5_8,DS_Styled_Gen5_8
PURE_PALETTE_RECOLOR,DS_CUSTOM_LIBRARY/packs/DS_Styled_Gen5_8/FRONT_SHINY/SILVALLY_16.png,DS_CUSTOM_LIBRARY/packs/DS_Styled_Gen5_8/FRONT_SHINY/SILVALLY_3.png,a1efad090cf09b8e08ab7a350174f14d2c1ce1cb0e92331d08bfd0a581d0ba56,da2e72ec66a8f33f12c89efad89039651a8f431bca2d43b08f2b761d9dc2ff8c,43c51d45ac1e61eeddf902fd2ab06c226cc9ec2611a546260306fa021e27e58f,DS_Styled_Gen5_8,DS_Styled_Gen5_8
PURE_PALETTE_RECOLOR,DS_CUSTOM_LIBRARY/packs/DS_Styled_Gen5_8/FRONT_SHINY/SILVALLY_2.png,DS_CUSTOM_LIBRARY/packs/DS_Styled_Gen5_8/FRONT_SHINY/SILVALLY_3.png,a1efad090cf09b8e08ab7a350174f14d2c1ce1cb0e92331d08bfd0a581d0ba56,fb0242f2cfb7d5ce2680c3ec01bdc2ff0ee581baecd4a272b684b97b15989199,43c51d45ac1e61eeddf902fd2ab06c226cc9ec2611a546260306fa021e27e58f,DS_Styled_Gen5_8,DS_Styled_Gen5_8
PURE_PALETTE_RECOLOR,DS_CUSTOM_LIBRARY/packs/DS_Styled_Gen5_8/FRONT_SHINY/SILVALLY_13.png,DS_CUSTOM_LIBRARY/packs/DS_Styled_Gen5_8/FRONT_SHINY/SILVALLY_3.png,a1efad090cf09b8e08ab7a350174f14d2c1ce1cb0e92331d08bfd0a581d0ba56,f69ea9cd9d008562ba41d541e308befc78db69549ab420204ba1ab218a3bd7c2,43c51d45ac1e61eeddf902fd2ab06c226cc9ec2611a546260306fa021e27e58f,DS_Styled_Gen5_8,DS_Styled_Gen5_8
PURE_PALETTE_RECOLOR,DS_CUSTOM_LIBRARY/packs/DS_Styled_Gen5_8/FRONT_SHINY/SILVALLY_12.png,DS_CUSTOM_LIBRARY/packs/DS_Styled_Gen5_8/FRONT_SHINY/SILVALLY_3.png,a1efad090cf09b8e08ab7a350174f14d2c1ce1cb0e92331d08bfd0a581d0ba56,b6222f877a6b83e3bfcfd0aebbe7be53c26b88627b2fdd968ab127f9f553a894,43c51d45ac1e61eeddf902fd2ab06c226cc9ec2611a546260306fa021e27e58f,DS_Styled_Gen5_8,DS_Styled_Gen5_8
PURE_PALETTE_RECOLOR,DS_CUSTOM_LIBRARY/packs/DS_Styled_Gen5_8/FRONT_SHINY/SILVALLY_17.png,DS_CUSTOM_LIBRARY/packs/DS_Styled_Gen5_8/FRONT_SHINY/SILVALLY_3.png,a1efad090cf09b8e08ab7a350174f14d2c1ce1cb0e92331d08bfd0a581d0ba56,881757980a528e83d41a8d05a450545e285f79e7cc56dbd435608449c078b4f7,43c51d45ac1e61eeddf902fd2ab06c226cc9ec2611a546260306fa021e27e58f,DS_Styled_Gen5_8,DS_Styled_Gen5_8
PURE_PALETTE_RECOLOR,DS_CUSTOM_LIBRARY/packs/DS_Styled_Gen5_8/FRONT_SHINY/SILVALLY_18.png,DS_CUSTOM_LIBRARY/packs/DS_Styled_Gen5_8/FRONT_SHINY/SILVALLY_3.png,a1efad090cf09b8e08ab7a350174f14d2c1ce1cb0e92331d08bfd0a581d0ba56,7f171c04ee8a1aac2e5c1d534c3f920317769ddaa20ea47969dbd886ec8d2bd5,43c51d45ac1e61eeddf902fd2ab06c226cc9ec2611a546260306fa021e27e58f,DS_Styled_Gen5_8,DS_Styled_Gen5_8
PURE_PALETTE_RECOLOR,DS_CUSTOM_LIBRARY/packs/DS_Styled_Gen5_8/FRONT_SHINY/SILVALLY_14.png,DS_CUSTOM_LIBRARY/packs/DS_Styled_Gen5_8/FRONT_SHINY/SILVALLY_3.png,a1efad090cf09b8e08ab7a350174f14d2c1ce1cb0e92331d08bfd0a581d0ba56,ee9362e5873eeb646b1b3141882c93b38013e02347dd5d01c4fd5c494daf9211,43c51d45ac1e61eeddf902fd2ab06c226cc9ec2611a546260306fa021e27e58f,DS_Styled_Gen5_8,DS_Styled_Gen5_8
PURE_PALETTE_RECOLOR,DS_CUSTOM_LIBRARY/packs/DS_Styled_Gen5_8/FRONT_SHINY/SILVALLY_6.png,DS_CUSTOM_LIBRARY/packs/DS_Styled_Gen5_8/FRONT_SHINY/SILVALLY_3.png,a1efad090cf09b8e08ab7a350174f14d2c1ce1cb0e92331d08bfd0a581d0ba56,64991f2a17316f84bd930b72a7d2e27031bf075f93e6087af56b647cf8d0242e,43c51d45ac1e61eeddf902fd2ab06c226cc9ec2611a546260306fa021e27e58f,DS_Styled_Gen5_8,DS_Styled_Gen5_8
PURE_PALETTE_RECOLOR,DS_CUSTOM_LIBRARY/packs/DS_Styled_Gen5_8/FRONT_SHINY/SILVALLY_15.png,DS_CUSTOM_LIBRARY/packs/DS_Styled_Gen5_8/FRONT_SHINY/SILVALLY_3.png,a1efad090cf09b8e08ab7a350174f14d2c1ce1cb0e92331d08bfd0a581d0ba56,b6abf8c61223eb2b7dc829c24322e1af5c7fd19c5bcc73ece314ae6a17ca9014,43c51d45ac1e61eeddf902fd2ab06c226cc9ec2611a546260306fa021e27e58f,DS_Styled_Gen5_8,DS_Styled_Gen5_8
PURE_PALETTE_RECOLOR,DS_CUSTOM_LIBRARY/packs/DS_Styled_Gen5_8/FRONT_SHINY/SILVALLY_10.png,DS_CUSTOM_LIBRARY/packs/DS_Styled_Gen5_8/FRONT_SHINY/SILVALLY_3.png,a1efad090cf09b8e08ab7a350174f14d2c1ce1cb0e92331d08bfd0a581d0ba56,c3e9521415c8f143cf98004026cb89106fc4c946fd12e9993677075b03f02e23,43c51d45ac1e61eeddf902fd2ab06c226cc9ec2611a546260306fa021e27e58f,DS_Styled_Gen5_8,DS_Styled_Gen5_8
PURE_PALETTE_RECOLOR,DS_CUSTOM_LIBRARY/packs/HGSS_Project_Unique_Dream_Crystal/sinistcha/icon.png,DS_CUSTOM_LIBRARY/packs/HG_Engine_DS_Sprites/sinistcha/icon.png,cc4074a46a2799ce9c22b72fc6074e4cab006721596bc517ef666099a337b7f6,db74c10b12d853c354c05badb3e3ad6909232fdc1cea469f07ebc7c5cc2321e7,b2ebc3bcbeec30aacaeb4fd88c46a2b48ac72dc4fcfef0b1daba87af6496f1d8,HGSS_Project_Unique_Dream_Crystal,HG_Engine_DS_Sprites
PURE_PALETTE_RECOLOR,DS_CUSTOM_LIBRARY/packs/HGSS_Project_Unique_Dream_Crystal/zekrom/male/back.png,DS_CUSTOM_LIBRARY/packs/HG_Engine_DS_Sprites/zekrom/male/back.png,47ee56bd407c4b67eff0c420d685fcfe6424baf81f879469b0f3328368af5e7e,36b411afbf1ad2d39902ab0cf67bfc09df1814e9ddabb7cb5b235685d0c65914,10bb031c9929c794dd97efb575792463bca23d6f74b08215d5b757be9245564c,HGSS_Project_Unique_Dream_Crystal,HG_Engine_DS_Sprites
PURE_PALETTE_RECOLOR,DS_CUSTOM_LIBRARY/packs/HGSS_Project_Unique_Dream_Crystal/drakloak/female/back.png,DS_CUSTOM_LIBRARY/packs/HG_Engine_DS_Sprites/drakloak/female/back.png,dcb81de1ddb8a1c508f30c1be7f1cbe7a18bc656ba5b3c5a0eaeca2cc04aada3,f30d9d9b108823114856daf0ece895649c5d385cc4129d6542762bb5140ec875,15c7f350fde26e5c49066b525004e59476e634de142f21754346ef627ddac6cd,HGSS_Project_Unique_Dream_Crystal,HG_Engine_DS_Sprites
PURE_PALETTE_RECOLOR,DS_CUSTOM_LIBRARY/packs/DS_Styled_Gen5_8/BACK GEN 6 SHINY/NOIBAT.png,DS_CUSTOM_LIBRARY/packs/DS_Styled_Gen5_8/BACK GEN 6 NORMAL/NOIBAT.png,cfd5c7ef99df8c42a73d9db874e107af16fd57ea29ee30697cd3e2e41ba28b00,01703595aa1c6529f1bbf702f9bb8f6b4c7e7322ec155c730f48a95c68f66051,4e35aadac714aa2bea4e13886f5639e604de1b7ed67c88b843defcac5f35ff9e,DS_Styled_Gen5_8,DS_Styled_Gen5_8
PURE_PALETTE_RECOLOR,DS_CUSTOM_LIBRARY/packs/DS_Styled_Gen5_8/BACK GEN 6 NORMAL/GOODRA.png,DS_CUSTOM_LIBRARY/packs/DS_Styled_Gen5_8/BACK GEN 6 SHINY/GOODRA.png,e699ff57c54ea290b171c6a192b29497065131bceb8fd3acc72ce5f3fc86d155,5d4233a01edffb41d3a983b290b0be4da6496da8e223ceaa4879afa4473b5f1b,a39cd6b5a165e1000cf85318d5b0a15badc9e77a1af6e97f5648888e2264e284,DS_Styled_Gen5_8,DS_Styled_Gen5_8
PURE_PALETTE_RECOLOR,DS_CUSTOM_LIBRARY/packs/DS_Styled_Gen5_8/BACK GEN 6 NORMAL/DELPHOX.png,DS_CUSTOM_LIBRARY/packs/DS_Styled_Gen5_8/BACK GEN 6 SHINY/DELPHOX.png,98204ab0d190865e7c0a494d62a4f98a0efac63d924e61258908e093658fe200,d84f999b1d4f4762840e8f29edb136c5607f0dba3dd772b57b42e2dd542f2e06,547238a482c423d72989c5e52f079ca74d7a12a0106f536fe870a5348f019cf3,DS_Styled_Gen5_8,DS_Styled_Gen5_8
PURE_PALETTE_RECOLOR,DS_CUSTOM_LIBRARY/packs/DS_Styled_Gen5_8/BACK GEN 6 SHINY/FLOETTE_3.png,DS_CUSTOM_LIBRARY/packs/DS_Styled_Gen5_8/BACK GEN 6 SHINY/FLOETTE_4.png,f98493b60718c3386244a8a9cd23892b3100badf8b30f0b8c5ef8904bc24c9ae,8515007cc46044d8e9fe994ab45a61043c1965054b7502c121468227e6a27db4,222d0c857eaabfdbfc68adeef50601a9bf8a2258071fc29ffd11a8d647a6159b,DS_Styled_Gen5_8,DS_Styled_Gen5_8
PURE_PALETTE_RECOLOR,DS_CUSTOM_LIBRARY/packs/DS_Styled_Gen5_8/BACK GEN 6 SHINY/FLOETTE_2.png,DS_CUSTOM_LIBRARY/packs/DS_Styled_Gen5_8/BACK GEN 6 SHINY/FLOETTE_4.png,f98493b60718c3386244a8a9cd23892b3100badf8b30f0b8c5ef8904bc24c9ae,63ca50bb3114ae66dd69781ab99faf1ee6562c53ab8c3a6349c81aebd8a40105,222d0c857eaabfdbfc68adeef50601a9bf8a2258071fc29ffd11a8d647a6159b,DS_Styled_Gen5_8,DS_Styled_Gen5_8
PURE_PALETTE_RECOLOR,DS_CUSTOM_LIBRARY/packs/DS_Styled_Gen5_8/BACK GEN 6 SHINY/FLOETTE.png,DS_CUSTOM_LIBRARY/packs/DS_Styled_Gen5_8/BACK GEN 6 SHINY/FLOETTE_4.png,f98493b60718c3386244a8a9cd23892b3100badf8b30f0b8c5ef8904bc24c9ae,fbf4f37ff987e51cabca866743b99e95ba31c648a3aa862b79cbb7484303b08e,222d0c857eaabfdbfc68adeef50601a9bf8a2258071fc29ffd11a8d647a6159b,DS_Styled_Gen5_8,DS_Styled_Gen5_8
PURE_PALETTE_RECOLOR,DS_CUSTOM_LIBRARY/packs/DS_Styled_Gen5_8/BACK GEN 6 NORMAL/FLOETTE_3.png,DS_CUSTOM_LIBRARY/packs/DS_Styled_Gen5_8/BACK GEN 6 SHINY/FLOETTE_4.png,f98493b60718c3386244a8a9cd23892b3100badf8b30f0b8c5ef8904bc24c9ae,3fc965414c2b5766db63f716fe4fd381d619d6aff8eae4bc1ef896ab6db01099,222d0c857eaabfdbfc68adeef50601a9bf8a2258071fc29ffd11a8d647a6159b,DS_Styled_Gen5_8,DS_Styled_Gen5_8
PURE_PALETTE_RECOLOR,DS_CUSTOM_LIBRARY/packs/DS_Styled_Gen5_8/BACK GEN 6 NORMAL/FLOETTE_2.png,DS_CUSTOM_LIBRARY/packs/DS_Styled_Gen5_8/BACK GEN 6 SHINY/FLOETTE_4.png,f98493b60718c3386244a8a9cd23892b3100badf8b30f0b8c5ef8904bc24c9ae,c173e46ef7b5dc90f7568c711912ddcc5b27dddb34b6cdd1f7880176649b7a96,222d0c857eaabfdbfc68adeef50601a9bf8a2258071fc29ffd11a8d647a6159b,DS_Styled_Gen5_8,DS_Styled_Gen5_8
PURE_PALETTE_RECOLOR,DS_CUSTOM_LIBRARY/packs/DS_Styled_Gen5_8/BACK GEN 6 NORMAL/FLOETTE.png,DS_CUSTOM_LIBRARY/packs/DS_Styled_Gen5_8/BACK GEN 6 SHINY/FLOETTE_4.png,f98493b60718c3386244a8a9cd23892b3100badf8b30f0b8c5ef8904bc24c9ae,6d54a533247859e0da48d34609d6a405acfab9cb0296af655515db05d9813ec0,222d0c857eaabfdbfc68adeef50601a9bf8a2258071fc29ffd11a8d647a6159b,DS_Styled_Gen5_8,DS_Styled_Gen5_8
PURE_PALETTE_RECOLOR,DS_CUSTOM_LIBRARY/packs/DS_Styled_Gen5_8/BACK GEN 6 SHINY/FLORGES_3.png,DS_CUSTOM_LIBRARY/packs/DS_Styled_Gen5_8/BACK GEN 6 NORMAL/FLORGES_2.png,d8dcc88ad1237b06f347ebd69cf457def3c1c1aa5ada1fb813f15db9bf663ee3,2ea8f6d22e0062afb5818a21d8bc8605307740e21842cfa6f0359b1e726b3991,f99c5f6144086cedd04df74d9a43f4e61928a1d38aa5d9ffdcd779ca3519b94c,DS_Styled_Gen5_8,DS_Styled_Gen5_8
PURE_PALETTE_RECOLOR,DS_CUSTOM_LIBRARY/packs/DS_Styled_Gen5_8/BACK GEN 6 SHINY/FLORGES.png,DS_CUSTOM_LIBRARY/packs/DS_Styled_Gen5_8/BACK GEN 6 NORMAL/FLORGES_2.png,d8dcc88ad1237b06f347ebd69cf457def3c1c1aa5ada1fb813f15db9bf663ee3,384ae2c668c4efb1ddab37f809f62cf4852d1e893edb89fb7ef9fa68f6c3c984,f99c5f6144086cedd04df74d9a43f4e61928a1d38aa5d9ffdcd779ca3519b94c,DS_Styled_Gen5_8,DS_Styled_Gen5_8
PURE_PALETTE_RECOLOR,DS_CUSTOM_LIBRARY/packs/DS_Styled_Gen5_8/BACK GEN 6 SHINY/FLORGES_2.png,DS_CUSTOM_LIBRARY/packs/DS_Styled_Gen5_8/BACK GEN 6 NORMAL/FLORGES_2.png,d8dcc88ad1237b06f347ebd69cf457def3c1c1aa5ada1fb813f15db9bf663ee3,cb31485c30ff073add0fb041474b5f74406cef347627a73dd2b1030c5dbc184b,f99c5f6144086cedd04df74d9a43f4e61928a1d38aa5d9ffdcd779ca3519b94c,DS_Styled_Gen5_8,DS_Styled_Gen5_8
PURE_PALETTE_RECOLOR,DS_CUSTOM_LIBRARY/packs/DS_Styled_Gen5_8/BACK GEN 6 SHINY/FLORGES_4.png,DS_CUSTOM_LIBRARY/packs/DS_Styled_Gen5_8/BACK GEN 6 NORMAL/FLORGES_2.png,d8dcc88ad1237b06f347ebd69cf457def3c1c1aa5ada1fb813f15db9bf663ee3,0be646c438c8baee5076818d3fbefc9f1c570621e2c538885bdd57bb4453cc97,f99c5f6144086cedd04df74d9a43f4e61928a1d38aa5d9ffdcd779ca3519b94c,DS_Styled_Gen5_8,DS_Styled_Gen5_8
PURE_PALETTE_RECOLOR,DS_CUSTOM_LIBRARY/packs/DS_Styled_Gen5_8/BACK GEN 6 SHINY/FLORGES_1.png,DS_CUSTOM_LIBRARY/packs/DS_Styled_Gen5_8/BACK GEN 6 NORMAL/FLORGES_2.png,d8dcc88ad1237b06f347ebd69cf457def3c1c1aa5ada1fb813f15db9bf663ee3,d8cece9a76230f29fdca42314d414d41fd7d7acdf9f967d144e09027c674e461,f99c5f6144086cedd04df74d9a43f4e61928a1d38aa5d9ffdcd779ca3519b94c,DS_Styled_Gen5_8,DS_Styled_Gen5_8
PURE_PALETTE_RECOLOR,DS_CUSTOM_LIBRARY/packs/DS_Styled_Gen5_8/BACK GEN 6 NORMAL/FLORGES_3.png,DS_CUSTOM_LIBRARY/packs/DS_Styled_Gen5_8/BACK GEN 6 NORMAL/FLORGES_2.png,d8dcc88ad1237b06f347ebd69cf457def3c1c1aa5ada1fb813f15db9bf663ee3,f27a7c0821c630d9ad316b78ca6d8ce85e50192eea0a5f54679cd5369d535cd5,f99c5f6144086cedd04df74d9a43f4e61928a1d38aa5d9ffdcd779ca3519b94c,DS_Styled_Gen5_8,DS_Styled_Gen5_8
PURE_PALETTE_RECOLOR,DS_CUSTOM_LIBRARY/packs/DS_Styled_Gen5_8/BACK GEN 6 NORMAL/FLORGES.png,DS_CUSTOM_LIBRARY/packs/DS_Styled_Gen5_8/BACK GEN 6 NORMAL/FLORGES_2.png,d8dcc88ad1237b06f347ebd69cf457def3c1c1aa5ada1fb813f15db9bf663ee3,d735b9a6e6bcec8f695cd873991c7d694968193511125a7a91a9072f54f66715,f99c5f6144086cedd04df74d9a43f4e61928a1d38aa5d9ffdcd779ca3519b94c,DS_Styled_Gen5_8,DS_Styled_Gen5_8
PURE_PALETTE_RECOLOR,DS_CUSTOM_LIBRARY/packs/DS_Styled_Gen5_8/BACK GEN 6 NORMAL/FLORGES_4.png,DS_CUSTOM_LIBRARY/packs/DS_Styled_Gen5_8/BACK GEN 6 NORMAL/FLORGES_2.png,d8dcc88ad1237b06f347ebd69cf457def3c1c1aa5ada1fb813f15db9bf663ee3,e55683bb2cfbbd22602fe0e2d454758c3b0779074b782fc1538f8f0273e7ac9a,f99c5f6144086cedd04df74d9a43f4e61928a1d38aa5d9ffdcd779ca3519b94c,DS_Styled_Gen5_8,DS_Styled_Gen5_8
PURE_PALETTE_RECOLOR,DS_CUSTOM_LIBRARY/packs/DS_Styled_Gen5_8/BACK GEN 6 NORMAL/FLORGES_1.png,DS_CUSTOM_LIBRARY/packs/DS_Styled_Gen5_8/BACK GEN 6 NORMAL/FLORGES_2.png,d8dcc88ad1237b06f347ebd69cf457def3c1c1aa5ada1fb813f15db9bf663ee3,6bf13b58b2f230587787d79507c20e9af44f994c0fd3e387b4b65ed8beafbb37,f99c5f6144086cedd04df74d9a43f4e61928a1d38aa5d9ffdcd779ca3519b94c,DS_Styled_Gen5_8,DS_Styled_Gen5_8
PURE_PALETTE_RECOLOR,DS_CUSTOM_LIBRARY/packs/DS_Styled_Gen5_8/BACK GEN 6 NORMAL/SCATTERBUG.png,DS_CUSTOM_LIBRARY/packs/DS_Styled_Gen5_8/BACK GEN 6 SHINY/SCATTERBUG.png,445a8c685627773d5a2b2db5eed7ceaa39c5c6a87fa555ae3e4a64d12d6db63a,77cf7459246b575a93a63a83958296a2d24dec81752b313edce04e58702158ac,69c7c74645196fd4cb2af9db033319cb1a86b02b05247eaf332b01bfc42d9d76,DS_Styled_Gen5_8,DS_Styled_Gen5_8
PURE_PALETTE_RECOLOR,DS_CUSTOM_LIBRARY/packs/DS_Styled_Gen5_8/BACK GEN 6 SHINY/PUMPKABOO.png,DS_CUSTOM_LIBRARY/packs/DS_Styled_Gen5_8/BACK GEN 6 NORMAL/PUMPKABOO.png,1dbbc1a02fdc0a43d08578916d3164ec688a74a08498f0c28be91b3264d5407b,7d4c8690500fe72477789a5177ed11586035e9c0c4aa15b9bf0f93c298b5b3db,d7b240e540ef46d3bf6c42978cb6cde62d2248d10aea9b82ff7c3de0ccf483b3,DS_Styled_Gen5_8,DS_Styled_Gen5_8
PURE_PALETTE_RECOLOR,DS_CUSTOM_LIBRARY/packs/DS_Styled_Gen5_8/BACK GEN 6 SHINY/PYROAR.png,DS_CUSTOM_LIBRARY/packs/DS_Styled_Gen5_8/BACK GEN 6 NORMAL/PYROAR.png,9a58c293b948c1cc1c3298ea169b0cb65b129e2f262a2033cc7914af57e11a46,10203d9f347f5f46c6c2186ecd300814f91365410cffefcaf0b0a5287937fe77,4757896c52666fbfbb2ab576e296f63fafc3573509e8fb5aebf65f49f814cb75,DS_Styled_Gen5_8,DS_Styled_Gen5_8
PURE_PALETTE_RECOLOR,DS_CUSTOM_LIBRARY/packs/DS_Styled_Gen5_8/BACK GEN 6 SHINY/GRENINJA.png,DS_CUSTOM_LIBRARY/packs/DS_Styled_Gen5_8/BACK GEN 6 NORMAL/GRENINJA.png,79825082012bacfd07f789c487f8875f225066849cc9d097bd9a990f240461f5,49cd8b21e52bf858272da9a4eba6ae387282182eac0aea06843c8912ad3a47fc,b9f3bb348fef711da642373cfead9ee338c2bd6f8d848576c41b154c3988ff06,DS_Styled_Gen5_8,DS_Styled_Gen5_8
PURE_PALETTE_RECOLOR,DS_CUSTOM_LIBRARY/packs/DS_Styled_Gen5_8/BACK GEN 6 SHINY/GOURGEIST.png,DS_CUSTOM_LIBRARY/packs/DS_Styled_Gen5_8/BACK GEN 6 NORMAL/GOURGEIST.png,c6ce2ca07ebb7813ae19dbf69e3dfadca27f0be757f5f02ea49a76152533430b,392b8f14ea8a06eb001ec32b451207fef83e7b3d4b7f9e717d7b253042443d79,a3eba85fe8598730b08ff3964c2640db60ac3c65951485f550c500028ff93538,DS_Styled_Gen5_8,DS_Styled_Gen5_8
PURE_PALETTE_RECOLOR,DS_CUSTOM_LIBRARY/packs/DS_Styled_Gen5_8/BACK GEN 6 NORMAL/HONEDGE.png,DS_CUSTOM_LIBRARY/packs/DS_Styled_Gen5_8/BACK GEN 6 SHINY/HONEDGE.png,9ba2d40303a68466398ee2f12b6bd28cfb03492f8d0ee5430a61004afd514f03,f3bc0723d3d4f06fcdcd613957bda6248e491e9198435aae00499cedd2e37c3e,64ba4f8e050ac4ba9c8f9c356aa0abe01dbb799f7c1272aeda3e48fc3e9644d5,DS_Styled_Gen5_8,DS_Styled_Gen5_8
PURE_PALETTE_RECOLOR,DS_CUSTOM_LIBRARY/packs/DS_Styled_Gen5_8/BACK GEN 6 SHINY/SLIGGOO.png,DS_CUSTOM_LIBRARY/packs/DS_Styled_Gen5_8/BACK GEN 6 NORMAL/SLIGGOO.png,8293d99be78c23f2d0f9f7c1fa8d8d3874a7645ed2e12242ea6afda06889aa5c,1ec8b79a78d3f65fb72465851621a0f44cf5beee2c2bd4423e0372fce7d1b36c,83ebcffc394da068c93285440a7e9856a01977f15e6ec795828f5a4dbcac9619,DS_Styled_Gen5_8,DS_Styled_Gen5_8
PURE_PALETTE_RECOLOR,DS_CUSTOM_LIBRARY/packs/DS_Styled_Gen5_8/BACK GEN 6 SHINY/XERNEAS.png,DS_CUSTOM_LIBRARY/packs/DS_Styled_Gen5_8/BACK GEN 6 NORMAL/XERNEAS.png,66087f1fb007612171e5f8df4ec999ae529e54ff4152a3697a664a85452a0253,525b78a740be5742fbf9748573a4dc4b24722940516c7189e9a6045629a9ab24,a86bafed86efaa3f34f56e470916cfc8b91036652b37cde9df25c32064d48fd8,DS_Styled_Gen5_8,DS_Styled_Gen5_8
PURE_PALETTE_RECOLOR,DS_CUSTOM_LIBRARY/packs/DS_Styled_Gen5_8/BACK GEN 6 SHINY/PHANTUMP.png,DS_CUSTOM_LIBRARY/packs/DS_Styled_Gen5_8/BACK GEN 6 NORMAL/PHANTUMP.png,30dd3f63913f82b27bfbc7cbb184b9e164b4747e03b6cb6f9c5248e049884c9c,7d5a0ad738e7a4e01ac6a0596a243f0bdc060f5a2a22e6d5f28246f6cee91a41,58f6fdd7d9b7ab4fcd469b5b5b683b1a4e2bcef7d399fbbbb5d5d7830e25fd24,DS_Styled_Gen5_8,DS_Styled_Gen5_8
PURE_PALETTE_RECOLOR,DS_CUSTOM_LIBRARY/packs/DS_Styled_Gen5_8/BACK GEN 6 SHINY/FENNEKIN.png,DS_CUSTOM_LIBRARY/packs/DS_Styled_Gen5_8/BACK GEN 6 NORMAL/FENNEKIN.png,8eb377d8466dd4d4ede1ea0b29917f40efffa68e2e4e2c025e8748d86f072d20,c7b0a284a0cf33a299a7db542d02dab744b0e82f75481a79e863d05dbece8fbe,96c3a7091b903546881f865b3f94baecf122f45391ac6097ee6607ca4b0bae5b,DS_Styled_Gen5_8,DS_Styled_Gen5_8
PURE_PALETTE_RECOLOR,DS_CUSTOM_LIBRARY/packs/DS_Styled_Gen5_8/BACK GEN 6 SHINY/AMAURA.png,DS_CUSTOM_LIBRARY/packs/DS_Styled_Gen5_8/BACK GEN 6 NORMAL/AMAURA.png,65941984f411546f120ccb21e17a49ad345dfe68a2cb5de45f13e3e99ab2a97b,bd7f52a9bbab7fbd2eff00b8646551df1397ccf666424e5b5c78adb2b9795969,eb173f8160e9d7f69ff245a554eacb1bfe5e4b88f9160c9c36a3dd2c35b461a4,DS_Styled_Gen5_8,DS_Styled_Gen5_8
PURE_PALETTE_RECOLOR,DS_CUSTOM_LIBRARY/packs/DS_Styled_Gen5_8/BACK GEN 6 NORMAL/FLOETTE_1.png,DS_CUSTOM_LIBRARY/packs/DS_Styled_Gen5_8/BACK GEN 6 SHINY/FLOETTE_1.png,aca083901947465eca4cf1e547898d95aba5a215a6dcbdf112a90ecb2ef7ea61,16d7464252ae472c2d50c9bfc19e40e394157cd4a05d69cc8540eacf7f4b5862,635dbafca8b78a90336208c0ef96ebbef7b95c4694d5886655725ff0fbd29b1c,DS_Styled_Gen5_8,DS_Styled_Gen5_8
PURE_PALETTE_RECOLOR,DS_CUSTOM_LIBRARY/packs/DS_Styled_Gen5_8/BACK GEN 6 NORMAL/FURFROU.png,DS_CUSTOM_LIBRARY/packs/DS_Styled_Gen5_8/BACK GEN 6 SHINY/FURFROU.png,36a1782ec789f41c511bfeb66221fbec1c7ed3341e5a2a6f9b5ef29103b53883,69c587656465532be37098308dc0fa694b8f0276b122e5f6df23e6fb4560fdd4,d31697cd1be43396fa937189c1e5beb53655e6783ae1aeeb565946e88f44fc03,DS_Styled_Gen5_8,DS_Styled_Gen5_8
PURE_PALETTE_RECOLOR,DS_CUSTOM_LIBRARY/packs/DS_Styled_Gen5_8/BACK GEN 6 SHINY/CHESPIN.png,DS_CUSTOM_LIBRARY/packs/DS_Styled_Gen5_8/BACK GEN 6 NORMAL/CHESPIN.png,ca6d7034f692fb79af12105b2634d874ae127c9a52fd6df3ad8711f45d9ce61f,b054807c62bb192d0ed6c2d0d2fa62f260ce733cd3a8ea389c9b544780757240,be20fac5a9f2f9a63b081fce57241dc9ada652baf8bad4056abb80609bea75ed,DS_Styled_Gen5_8,DS_Styled_Gen5_8
PURE_PALETTE_RECOLOR,DS_CUSTOM_LIBRARY/packs/DS_Styled_Gen5_8/BACK GEN 6 NORMAL/INKAY.png,DS_CUSTOM_LIBRARY/packs/DS_Styled_Gen5_8/BACK GEN 6 SHINY/INKAY.png,b5596dfec26581243e0fcfbaa4ba5022e0005721ec5844ddea07dd6ab8e5b787,7b191344e31c453ce3a1a60e1e00f28c868c2071d65fefd1a2c74c90d8d42157,8b54e89f6bce77192a442b11c48a1cba6cb00c11d3628b10ff3b9ea5d7f40754,DS_Styled_Gen5_8,DS_Styled_Gen5_8
PURE_PALETTE_RECOLOR,DS_CUSTOM_LIBRARY/packs/DS_Styled_Gen5_8/BACK GEN 6 SHINY/KLEFKI.png,DS_CUSTOM_LIBRARY/packs/DS_Styled_Gen5_8/BACK GEN 6 NORMAL/KLEFKI.png,3fe97fbd446f19af759c09f0bef0cb614bc5e8c005f88d880ec3d3a79841e716,362fe09808bb6db8367f017a8a38cebd1262d122539dcb216a55bbdc31ce5f15,dcaf6e170186c82392e063ebacc439789d198a9b22535fd8b91ea4dfb4fd86aa,DS_Styled_Gen5_8,DS_Styled_Gen5_8
PURE_PALETTE_RECOLOR,DS_CUSTOM_LIBRARY/packs/DS_Styled_Gen5_8/BACK GEN 6 SHINY/TYRUNT.png,DS_CUSTOM_LIBRARY/packs/DS_Styled_Gen5_8/BACK GEN 6 NORMAL/TYRUNT.png,40943d1f0b9143c21e1b185b6137ed6a9db77d5dd922a91a8fb2739f07a398af,23512cd8a122609f5573699266fb81a685bc529313517b34a7c40636c1a54d73,3151c97e1e4622f3bfe9814eacb87fcdf631ba5ba4ad38973fb7bc9a8dbf8210,DS_Styled_Gen5_8,DS_Styled_Gen5_8
PURE_PALETTE_RECOLOR,DS_CUSTOM_LIBRARY/packs/DS_Styled_Gen5_8/BACK GEN 6 SHINY/ESPURR.png,DS_CUSTOM_LIBRARY/packs/DS_Styled_Gen5_8/BACK GEN 6 NORMAL/ESPURR.png,4f2c8baaab2f26e734a4f8cf413f7170a228f03fa782ff4dcc9eadd98096877e,908c4391ed8449770beead406a476df89e639b1f4133297a504d45de6f579b38,e7c9f6127971cef06743c3dfdd5dad64f2e10c34d4298b8f410df2f4411795a1,DS_Styled_Gen5_8,DS_Styled_Gen5_8
PURE_PALETTE_RECOLOR,DS_CUSTOM_LIBRARY/packs/DS_Styled_Gen5_8/BACK GEN 6 NORMAL/DRAGALGE.png,DS_CUSTOM_LIBRARY/packs/DS_Styled_Gen5_8/BACK GEN 6 SHINY/DRAGALGE.png,ea56509209cf2a3ea1e2581c6eae566faefdf5a4bc538d2a2089dcf2bd1844cf,27341e61ae36d781bf20120454753950206fbc9c655459accbb6fc2fad9fda0a,e95975985bfba46100fa689427322ad8c7939aec46c102bdac49763808065235,DS_Styled_Gen5_8,DS_Styled_Gen5_8
PURE_PALETTE_RECOLOR,DS_CUSTOM_LIBRARY/packs/DS_Styled_Gen5_8/BACK GEN 6 SHINY/FLABEBE_4.png,DS_CUSTOM_LIBRARY/packs/DS_Styled_Gen5_8/BACK GEN 6 NORMAL/FLABEBE_4.png,174de203e4fef4fc4d8d3eca9107365816dad5db0e3bbbadc5abf19a396df9ae,1171f984400ec38698982795a6a4c365adde0ad388f1af00a36ce1a8327239c2,0e4e34151f791262e50d2ea8eec71b1fbeb750f967ee098cf0f2512e020131f0,DS_Styled_Gen5_8,DS_Styled_Gen5_8
PURE_PALETTE_RECOLOR,DS_CUSTOM_LIBRARY/packs/DS_Styled_Gen5_8/BACK GEN 6 SHINY/FLABEBE.png,DS_CUSTOM_LIBRARY/packs/DS_Styled_Gen5_8/BACK GEN 6 NORMAL/FLABEBE_4.png,174de203e4fef4fc4d8d3eca9107365816dad5db0e3bbbadc5abf19a396df9ae,64bbc7d26a414314dd1dea6f650567e0da962a528d518c234d1dbb8023ec7b37,0e4e34151f791262e50d2ea8eec71b1fbeb750f967ee098cf0f2512e020131f0,DS_Styled_Gen5_8,DS_Styled_Gen5_8
PURE_PALETTE_RECOLOR,DS_CUSTOM_LIBRARY/packs/DS_Styled_Gen5_8/BACK GEN 6 SHINY/FLABEBE_2.png,DS_CUSTOM_LIBRARY/packs/DS_Styled_Gen5_8/BACK GEN 6 NORMAL/FLABEBE_4.png,174de203e4fef4fc4d8d3eca9107365816dad5db0e3bbbadc5abf19a396df9ae,cc3773692604480d0422ff203044daeaa2ccaabb79f53c1ef12561792519cab0,0e4e34151f791262e50d2ea8eec71b1fbeb750f967ee098cf0f2512e020131f0,DS_Styled_Gen5_8,DS_Styled_Gen5_8
PURE_PALETTE_RECOLOR,DS_CUSTOM_LIBRARY/packs/DS_Styled_Gen5_8/BACK GEN 6 SHINY/FLABEBE_3.png,DS_CUSTOM_LIBRARY/packs/DS_Styled_Gen5_8/BACK GEN 6 NORMAL/FLABEBE_4.png,174de203e4fef4fc4d8d3eca9107365816dad5db0e3bbbadc5abf19a396df9ae,39028833f020a489ef4dfbf245720fcbbad04409b8a61d3395288616d829fd63,0e4e34151f791262e50d2ea8eec71b1fbeb750f967ee098cf0f2512e020131f0,DS_Styled_Gen5_8,DS_Styled_Gen5_8
PURE_PALETTE_RECOLOR,DS_CUSTOM_LIBRARY/packs/DS_Styled_Gen5_8/BACK GEN 6 NORMAL/FLABEBE.png,DS_CUSTOM_LIBRARY/packs/DS_Styled_Gen5_8/BACK GEN 6 NORMAL/FLABEBE_4.png,174de203e4fef4fc4d8d3eca9107365816dad5db0e3bbbadc5abf19a396df9ae,4bad614a5801e635fccb72e1185873781d69a2eefbd8e2d508b5e9a10e9c610f,0e4e34151f791262e50d2ea8eec71b1fbeb750f967ee098cf0f2512e020131f0,DS_Styled_Gen5_8,DS_Styled_Gen5_8
PURE_PALETTE_RECOLOR,DS_CUSTOM_LIBRARY/packs/DS_Styled_Gen5_8/BACK GEN 6 NORMAL/FLABEBE_2.png,DS_CUSTOM_LIBRARY/packs/DS_Styled_Gen5_8/BACK GEN 6 NORMAL/FLABEBE_4.png,174de203e4fef4fc4d8d3eca9107365816dad5db0e3bbbadc5abf19a396df9ae,aa8858ba01b8fcb7649267dd7870e03de51cae3db9e7044ac0b3cc12df0ca928,0e4e34151f791262e50d2ea8eec71b1fbeb750f967ee098cf0f2512e020131f0,DS_Styled_Gen5_8,DS_Styled_Gen5_8
PURE_PALETTE_RECOLOR,DS_CUSTOM_LIBRARY/packs/DS_Styled_Gen5_8/BACK GEN 6 NORMAL/FLABEBE_3.png,DS_CUSTOM_LIBRARY/packs/DS_Styled_Gen5_8/BACK GEN 6 NORMAL/FLABEBE_4.png,174de203e4fef4fc4d8d3eca9107365816dad5db0e3bbbadc5abf19a396df9ae,71af842ccb98687613409c9e5eb8a4ef1dd4904985477d5abfc97989336fc9eb,0e4e34151f791262e50d2ea8eec71b1fbeb750f967ee098cf0f2512e020131f0,DS_Styled_Gen5_8,DS_Styled_Gen5_8
PURE_PALETTE_RECOLOR,DS_CUSTOM_LIBRARY/packs/DS_Styled_Gen5_8/BACK GEN 6 NORMAL/BRAIXEN.png,DS_CUSTOM_LIBRARY/packs/DS_Styled_Gen5_8/BACK GEN 6 SHINY/BRAIXEN.png,8e20616a77007eb42caa9e360daf8a4129d44a267b7021f878145e98fcdcf606,11201803bd1cafac78a7048d2c4444869f4780e61229e75df6e9dea0d8e41018,be91b3cbb375dd36e50442d2cf1aea2e5dfd2f62624e67fc72be5bc52d729225,DS_Styled_Gen5_8,DS_Styled_Gen5_8
PURE_PALETTE_RECOLOR,DS_CUSTOM_LIBRARY/packs/DS_Styled_Gen5_8/BACK GEN 6 NORMAL/PANCHAM.png,DS_CUSTOM_LIBRARY/packs/DS_Styled_Gen5_8/BACK GEN 6 SHINY/PANCHAM.png,0bd728c5a61488a8836e63a5fd09d063ae1b2a89c366ab6cac93b23b5dd6f2ef,71e229a31b8bc79937c63bdd65dc309bf62a3cbf5c86a7bac8d3cefd5e8d5f49,602ed388abdb704e6d53a977073ee44e9bbeafe4f19ae262d46a79fa58534060,DS_Styled_Gen5_8,DS_Styled_Gen5_8
PURE_PALETTE_RECOLOR,DS_CUSTOM_LIBRARY/packs/DS_Styled_Gen5_8/BACK GEN 6 NORMAL/PANGORO.png,DS_CUSTOM_LIBRARY/packs/DS_Styled_Gen5_8/BACK GEN 6 SHINY/PANGORO.png,96308fd672ef50f9ef740c090e9795863fee40a8f73b1ee0ff90e189b17c4d2c,d3219f6dabe25d4a0a1ffb6c982b0b77e0abd6d50cdb160a14acfc78b1dee03f,b8ad9125507a8e24f822ec25b756321f50da257927c5ee1b7f7bb40b52ed9244,DS_Styled_Gen5_8,DS_Styled_Gen5_8
PURE_PALETTE_RECOLOR,DS_CUSTOM_LIBRARY/packs/DS_Styled_Gen5_8/BACK GEN 6 SHINY/TYRANTRUM.png,DS_CUSTOM_LIBRARY/packs/DS_Styled_Gen5_8/BACK GEN 6 NORMAL/TYRANTRUM.png,bebf56f5a3bb1d539a9b6831ab5af311376ace5263999631e18589ccf3a18ac3,48606bdc6adcb9627c626c64e43f1087191162f430519e097364d720b7ed05a5,673de0be80e6a1a497a4e755289f8c5162d382fdd864831bb0a24600bbc5df7f,DS_Styled_Gen5_8,DS_Styled_Gen5_8
PURE_PALETTE_RECOLOR,DS_CUSTOM_LIBRARY/packs/DS_Styled_Gen5_8/BACK GEN 6 SHINY/DEDENNE.png,DS_CUSTOM_LIBRARY/packs/DS_Styled_Gen5_8/BACK GEN 6 NORMAL/DEDENNE.png,9925982cfdfa714de6a70a960ef0e206bca4b6028f9e4a966a433da924e7da6e,2bb2fe0d5f091122f88b0b4033b1e4dd8bdcbe6fc038b59fe0f689fdabc03fa5,960a1d015e010dba7e9861219c23ebf8615a31f7d048aa835af1a8c6f1a5efb1,DS_Styled_Gen5_8,DS_Styled_Gen5_8
PURE_PALETTE_RECOLOR,DS_CUSTOM_LIBRARY/packs/DS_Styled_Gen5_8/BACK GEN 6 SHINY/SPRITZEE.png,DS_CUSTOM_LIBRARY/packs/DS_Styled_Gen5_8/BACK GEN 6 NORMAL/SPRITZEE.png,b54ce3f3e4b4344b7d80187120be9967c6ced41914a309a1dfe9c93d5650d4f1,0d2583bfdc19695047af48caf1ce96619895978d00b7263ca09f35b130259df0,3e16b2f4dfef8f6b4349eb108cf90df1e27d2b2f0ab53666a4d4bcd4dd8d3dd3,DS_Styled_Gen5_8,DS_Styled_Gen5_8
PURE_PALETTE_RECOLOR,DS_CUSTOM_LIBRARY/packs/DS_Styled_Gen5_8/BACK GEN 6 NORMAL/FLETCHLING.png,DS_CUSTOM_LIBRARY/packs/DS_Styled_Gen5_8/BACK GEN 6 SHINY/FLETCHLING.png,fffe4f8d4c88e5400c5259825146f96e632f537cf9d13eb4f63feb077422bfc2,7bb1e48902d6c9a8d81ef79c5802a405434b9901c700719b59cebed4aeef1dd8,81dba5e0c199ba56071ff6d8bde1b1d0826cf7ca94a57b404e32bd87eed0ccfd,DS_Styled_Gen5_8,DS_Styled_Gen5_8
PURE_PALETTE_RECOLOR,DS_CUSTOM_LIBRARY/packs/DS_Styled_Gen5_8/BACK GEN 6 NORMAL/BINACLE.png,DS_CUSTOM_LIBRARY/packs/DS_Styled_Gen5_8/BACK GEN 6 SHINY/BINACLE.png,2bede6b3e01535b9357a15e39589da19c29079481a9dc27562aee601b77c2367,7a5fe1c2756a7c93ec507e2bc345a9775c2ff0d7405f60f1bde93624c4171f51,87d582d4951e97c3a507262b9a1518dfad7b345dd49523b7007847f387753b70,DS_Styled_Gen5_8,DS_Styled_Gen5_8
PURE_PALETTE_RECOLOR,DS_CUSTOM_LIBRARY/packs/DS_Styled_Gen5_8/BACK GEN 6 NORMAL/DIANCIE.png,DS_CUSTOM_LIBRARY/packs/DS_Styled_Gen5_8/BACK GEN 6 SHINY/DIANCIE.png,98c1b239bac8d52c20860840ecd077193f3ed4f0a0cad0245bf4283f675ea7ff,59947d3728e7524c24da66a4a29cdbe6ecadfd4f7a5b11984bf6e6e5373a7856,7114c6fc6d82b1ccfc173c1f1dfd9f63320e4d4b82e40ff28a242d6baba84c43,DS_Styled_Gen5_8,DS_Styled_Gen5_8
PURE_PALETTE_RECOLOR,DS_CUSTOM_LIBRARY/packs/DS_Styled_Gen5_8/BACK GEN 6 NORMAL/SWIRLIX.png,DS_CUSTOM_LIBRARY/packs/DS_Styled_Gen5_8/BACK GEN 6 SHINY/SWIRLIX.png,9947fb949e16cd16775a000be4887a33e4912cea6620bf90818d0848d9c706d4,414905ceacb2ccdb93b5f2866b8f5d16b34286ca0075301bef416db3a785c1d6,a1c0a30bf20c463c47a00bf371206c45dde6ba8801f4649ff19c57d1cb3ede62,DS_Styled_Gen5_8,DS_Styled_Gen5_8
PURE_PALETTE_RECOLOR,DS_CUSTOM_LIBRARY/packs/DS_Styled_Gen5_8/BACK GEN 6 SHINY/SKRELP.png,DS_CUSTOM_LIBRARY/packs/DS_Styled_Gen5_8/BACK GEN 6 NORMAL/SKRELP.png,3872c64b4e59c618d486dcfc8ca12dc39810016e2025f60cce34336e467c0780,59b085efd5c15ac25da62e4e41b46e34b6cc6347d80634d48d44144ecab4d9a2,3f717d43295ee24c0e6c928b7e1aa86f9427d2874cd638287dc185fb5f18e439,DS_Styled_Gen5_8,DS_Styled_Gen5_8
PURE_PALETTE_RECOLOR,DS_CUSTOM_LIBRARY/packs/DS_Styled_Gen5_8/BACK GEN 6 SHINY/CLAWITZER.png,DS_CUSTOM_LIBRARY/packs/DS_Styled_Gen5_8/BACK GEN 6 NORMAL/CLAWITZER.png,95ca778069cf1954a8d0f3e76cb2cf74202b98a6b7ab0aaf3cf059680ae71bb5,804750bbfd8bac3a2b33e5b4973b596cdeab858fe856360f8b758afdc0f83992,fc60ce58a7d66cbe3c0f00090d51a6eac75dcc6d620704732f427312d8a7dee1,DS_Styled_Gen5_8,DS_Styled_Gen5_8
PURE_PALETTE_RECOLOR,DS_CUSTOM_LIBRARY/packs/DS_Styled_Gen5_8/BACK GEN 6 SHINY/QUILLADIN.png,DS_CUSTOM_LIBRARY/packs/DS_Styled_Gen5_8/BACK GEN 6 NORMAL/QUILLADIN.png,63dc87acd0a28d3566803e3b70be2b1e0691e223019a3a3b6259caf2c3cd4d68,098e06797b5b581f64cf1b5e7d7c378279e2b546dced725ae75b7c018d27a548,508d97184c5e60559a7714e7913345a8bc5f0b49a7bb49cb8e1f6c7fcaabf789,DS_Styled_Gen5_8,DS_Styled_Gen5_8
PURE_PALETTE_RECOLOR,DS_CUSTOM_LIBRARY/packs/DS_Styled_Gen5_8/BACK GEN 6 NORMAL/FROGADIER.png,DS_CUSTOM_LIBRARY/packs/DS_Styled_Gen5_8/BACK GEN 6 SHINY/FROGADIER.png,47a67f7eeae42bd2ad6fbe73b374a3410f541d1b326821f1b347a0bd29e7f5fa,77da31271802bf75eea5235461be48c6d7d7933bb8c5b244cfd62b022ac65c3d,e21a20258b5cb96d9e4b4031eac536e509c559997d8dfbc463e58ab1329b8464,DS_Styled_Gen5_8,DS_Styled_Gen5_8
PURE_PALETTE_RECOLOR,DS_CUSTOM_LIBRARY/packs/DS_Styled_Gen5_8/BACK GEN 6 NORMAL/FLABEBE_1.png,DS_CUSTOM_LIBRARY/packs/DS_Styled_Gen5_8/BACK GEN 6 SHINY/FLABEBE_1.png,2ba0c2671f8a9255829f88dd17d85bdaafbfa69dcd052a28d6013de81da7e580,fe6f5bfb10895a728c79adfd15551f9f651a7a7d9e999f04bdb2abaded355b93,ffbea12ba7792b7918f6d622067d94c414a17d9e94d764db3af77f52cd78981c,DS_Styled_Gen5_8,DS_Styled_Gen5_8
PURE_PALETTE_RECOLOR,DS_CUSTOM_LIBRARY/packs/DS_Styled_Gen5_8/BACK GEN 6 NORMAL/SLURPUFF.png,DS_CUSTOM_LIBRARY/packs/DS_Styled_Gen5_8/BACK GEN 6 SHINY/SLURPUFF.png,8fd208737b2b63d28881b54b03e7ffbe0d9ad25081fa687eff5169f94f354f91,bcf7b453fb15736d0199b0b383a07fd1777142f1e2ad4d226fb65a7a3d65077d,262674ae1fbb14af75239acdddbc29b83bf00755aa455139a555d45ed21f6fb9,DS_Styled_Gen5_8,DS_Styled_Gen5_8
PURE_PALETTE_RECOLOR,DS_CUSTOM_LIBRARY/packs/DS_Styled_Gen5_8/BACK GEN 6 SHINY/ZYGARDE.png,DS_CUSTOM_LIBRARY/packs/DS_Styled_Gen5_8/BACK GEN 6 NORMAL/ZYGARDE.png,ee4432812061d5bad3cdbf567a9ba0f63410d7e974537dc16d871f4f02d01022,1d17421fa4ddd2ab30d156f310ac152791b04bfabdc1ca82c9aa219a811b422e,59f3e07446b6e8216ddcf051d1fa62cd1c30d5a6bea1c9f9b7acbb91e6965c0e,DS_Styled_Gen5_8,DS_Styled_Gen5_8
PURE_PALETTE_RECOLOR,DS_CUSTOM_LIBRARY/packs/DS_Styled_Gen5_8/BACK GEN 6 NORMAL/VOLCANION.png,DS_CUSTOM_LIBRARY/packs/DS_Styled_Gen5_8/BACK GEN 6 SHINY/VOLCANION.png,f7e8920c95f203c8e1d46b8a140d818deec5fd4abf1862e567e0c9e20067e27d,1a16c2e1cb6e468747c18dcac90990f5855e6e4ec41a33c82080081a8f47da14,095d92c52bcb2aef7fb250b1e460223cd499b6fe4acdc521a212a37e92f345fb,DS_Styled_Gen5_8,DS_Styled_Gen5_8
PURE_PALETTE_RECOLOR,DS_CUSTOM_LIBRARY/packs/DS_Styled_Gen5_8/BACK GEN 6 NORMAL/AVALUGG.png,DS_CUSTOM_LIBRARY/packs/DS_Styled_Gen5_8/BACK GEN 6 SHINY/AVALUGG.png,dfc7143f59ce27918fc8f6611d2ea1d86189a1d4cb10f778954cadab0e54ae44,7d22a25c2fdfaf17d8caa95a338d8f12c06d023604fbe052df818bb2b8eea10e,d2c7ac56df0d050d14d0ebdd07b52f57ff344a7d1a0893fe550634cc2c7f2d91,DS_Styled_Gen5_8,DS_Styled_Gen5_8
PURE_PALETTE_RECOLOR,DS_CUSTOM_LIBRARY/packs/DS_Styled_Gen5_8/BACK GEN 6 SHINY/BERGMITE.png,DS_CUSTOM_LIBRARY/packs/DS_Styled_Gen5_8/BACK GEN 6 NORMAL/BERGMITE.png,511f9b04cd0f58a1d0df0e3246d01eeddf750956ddef86c91e11d3a2a1273e9d,4a19b53519b9b7ee2f5eb2bd92488b804ca7b6f2b6dacc23c3426b49e8a1ba8e,1f69e0489cce805929cd4ab0b6ce8309962d82731c7c39565dd6a65d02c2ed27,DS_Styled_Gen5_8,DS_Styled_Gen5_8
PURE_PALETTE_RECOLOR,DS_CUSTOM_LIBRARY/packs/DS_Styled_Gen5_8/BACK GEN 6 SHINY/SYLVEON.png,DS_CUSTOM_LIBRARY/packs/DS_Styled_Gen5_8/BACK GEN 6 NORMAL/SYLVEON.png,fef02a7e995cb15a61464aba4445143056417ecaf47010d24dc417ee2be64f53,9b26e68aeb037966d87ee175a6ff90a4c9cfa98f2e69a43cd3afb2c4865c435a,c7ac39b7bf2ef1d4c6e88c33967816e78c35302af91185caa16357d1cde26078,DS_Styled_Gen5_8,DS_Styled_Gen5_8
PURE_PALETTE_RECOLOR,DS_CUSTOM_LIBRARY/packs/DS_Styled_Gen5_8/BACK GEN 6 SHINY/MALAMAR.png,DS_CUSTOM_LIBRARY/packs/DS_Styled_Gen5_8/BACK GEN 6 NORMAL/MALAMAR.png,cf4b42e36185e9c55081d444bcfe76313ebb7c939b9c8685b68e9338c6836647,b6d297b5aa29eb0d93e7728a0653b372703335d2e9b76542fe1c676309d211b9,256d35918403206d7a63871c480774e3caa969b04c2f5cdd5328a56f9b887fb8,DS_Styled_Gen5_8,DS_Styled_Gen5_8
PURE_PALETTE_RECOLOR,DS_CUSTOM_LIBRARY/packs/DS_Styled_Gen5_8/BACK GEN 6 SHINY/AROMATISSE.png,DS_CUSTOM_LIBRARY/packs/DS_Styled_Gen5_8/BACK GEN 6 NORMAL/AROMATISSE.png,43b58c719139543426dabb048a15a6b1895168490caa570fa8267e70d6b6aab6,70be7bb1ca32e3462b166d839f560770b8532fc3dd98f14d1155b3782a832b67,efcb66ed45e751cb743405df6e23005d6d8e1db5d1d72809b0d22827d0784525,DS_Styled_Gen5_8,DS_Styled_Gen5_8
PURE_PALETTE_RECOLOR,DS_CUSTOM_LIBRARY/packs/DS_Styled_Gen5_8/BACK GEN 6 NORMAL/LITLEO.png,DS_CUSTOM_LIBRARY/packs/DS_Styled_Gen5_8/BACK GEN 6 SHINY/LITLEO.png,fb549e219015f401ed1d3f472556310ba11fd6d99ab52ac99efbbff2b56fcc12,5085bd1ff70b2b5f2197ac96ef0a7c71cf0261e3ae4673862584cafad79cfdc8,a7c629ff5cfcf803acaedcc0cd6c181a4806306e5d408480ae5d0e2599d634ad,DS_Styled_Gen5_8,DS_Styled_Gen5_8
PURE_PALETTE_RECOLOR,DS_CUSTOM_LIBRARY/packs/DS_Styled_Gen5_8/BACK GEN 6 SHINY/FROAKIE.png,DS_CUSTOM_LIBRARY/packs/DS_Styled_Gen5_8/BACK GEN 6 NORMAL/FROAKIE.png,d1d6521e101595291ffadbf28e11c979504ec885f2184323ef9088074560098e,131b26f3947928b004fc6abde3fcdfd4b7b86a46c42fd8fb909223655465b2e3,26d2c007f3194ef04603cc9c9dcda2f887a0b72f854cca3754e42cd988c6119e,DS_Styled_Gen5_8,DS_Styled_Gen5_8
PURE_PALETTE_RECOLOR,DS_CUSTOM_LIBRARY/packs/DS_Styled_Gen5_8/BACK GEN 6 NORMAL/GOOMY.png,DS_CUSTOM_LIBRARY/packs/DS_Styled_Gen5_8/BACK GEN 6 SHINY/GOOMY.png,986dc4b583666ac1ff048899f33ca3ff85442c01a327d85882937db46a1ca9f3,83b5d394607f117986227bf012865a66e9fd8215cf69f6fa99b81656886ddf7c,ba66595f6014861464c71981d004ddb682f16327cc9395aed349fc03d554f238,DS_Styled_Gen5_8,DS_Styled_Gen5_8
PURE_PALETTE_RECOLOR,DS_CUSTOM_LIBRARY/packs/DS_Styled_Gen5_8/BACK GEN 6 SHINY/TREVENANT.png,DS_CUSTOM_LIBRARY/packs/DS_Styled_Gen5_8/BACK GEN 6 NORMAL/TREVENANT.png,5d8483769e9b921df5702313f5e28485beb29c906391d6c16d1a0f04b3d23fa4,c7173bd37902dc59070d83f65bcfc5806027ae36768ede348a3023fdcf3b0567,ca60fc3993d585f05829d742390ed550bfd190d2e48b0a6093f6d26e264d3c4d,DS_Styled_Gen5_8,DS_Styled_Gen5_8
PURE_PALETTE_RECOLOR,DS_CUSTOM_LIBRARY/packs/DS_Styled_Gen5_8/BACK GEN 6 SHINY/TALONFLAME.png,DS_CUSTOM_LIBRARY/packs/DS_Styled_Gen5_8/BACK GEN 6 NORMAL/TALONFLAME.png,98f85ef55cec4c996f5c9afca296b40555c545512b4bb1b856aef1849b2b1ea1,4ca5f6f7ee04d0d5e1cfbd8cebea20c7bcad22d5eb459587cba435b0fa581de7,1d93682ff2569fff82594163c8204337312f5fa6668db9f6109f293c64fc624c,DS_Styled_Gen5_8,DS_Styled_Gen5_8
PURE_PALETTE_RECOLOR,DS_CUSTOM_LIBRARY/packs/DS_Styled_Gen5_8/BACK GEN 6 NORMAL/FLETCHINDER.png,DS_CUSTOM_LIBRARY/packs/DS_Styled_Gen5_8/BACK GEN 6 SHINY/FLETCHINDER.png,df9dfc89ad270325273b160dc1a0eae9893e3f5916f43527bb917173bb1f7867,7ba31b7be807e85253b3868aaa8c43aaa93031912c7ab8ea6ef7ce1b22f4e3d8,f34b06df23cde83f30b482b0d24ae39314da0e77b23f392648bd78bfe043468f,DS_Styled_Gen5_8,DS_Styled_Gen5_8
PURE_PALETTE_RECOLOR,DS_CUSTOM_LIBRARY/packs/DS_Styled_Gen5_8/BACK GEN 6 SHINY/AURORUS.png,DS_CUSTOM_LIBRARY/packs/DS_Styled_Gen5_8/BACK GEN 6 NORMAL/AURORUS.png,1a62742ddbd59b87f747beb0be46cb753ebf0303c138286c9272c4040b0a6714,dee87f579f8f0bb6a1d363dcc66e304702a39c8ec15ec0d9776674bf8a0b5904,388481fda8c3d9048a7c1490ae8a7783f55de15f246e5ac6cee379bb23459bdf,DS_Styled_Gen5_8,DS_Styled_Gen5_8
PURE_PALETTE_RECOLOR,DS_CUSTOM_LIBRARY/packs/DS_Styled_Gen5_8/BACK GEN 6 SHINY/PYROAR_female.png,DS_CUSTOM_LIBRARY/packs/DS_Styled_Gen5_8/BACK GEN 6 NORMAL/PYROAR_female.png,566ae22d93f27804e00f586f14888dcb9723b7694c49a18fcadf151c794b7be9,776e8a6937da27113bca0a6ca926679f46deb190b61cded39e5b6c890b45204f,2f84566c59cbd55c29924c9f4b927bc202b4fbbbebaa9d323de739138d236f71,DS_Styled_Gen5_8,DS_Styled_Gen5_8
PURE_PALETTE_RECOLOR,DS_CUSTOM_LIBRARY/packs/DS_Styled_Gen5_8/BACK GEN 6 SHINY/MEOWSTIC_1.png,DS_CUSTOM_LIBRARY/packs/DS_Styled_Gen5_8/BACK GEN 6 NORMAL/MEOWSTIC_1.png,670487b8acdeea9458bead7bfd4fc439c36c306ece616e41199b5329487ea4fd,5fa2d4d19de5400c65e271838e733c7a279cda2198c4ccb5389f27ce26d658a8,e7fd840cc5140d670226974ce506b28de78e66db0613817607cbeb869c10d998,DS_Styled_Gen5_8,DS_Styled_Gen5_8
PURE_PALETTE_RECOLOR,DS_CUSTOM_LIBRARY/packs/DS_Styled_Gen5_8/BACK GEN 6 NORMAL/BARBARACLE.png,DS_CUSTOM_LIBRARY/packs/DS_Styled_Gen5_8/BACK GEN 6 SHINY/BARBARACLE.png,9689f7262689f0affd766907711e37abfe01a24f8f7122dd60f13ae68008a9fb,2b062b6c4d5f9c80f39af90baf8b5c5d82886b97d781c8cf96176cba76cc42da,32548d71da50102da826b6e9c22a90fe902ffb0371467d160389ddde6ce98b11,DS_Styled_Gen5_8,DS_Styled_Gen5_8
PURE_PALETTE_RECOLOR,DS_CUSTOM_LIBRARY/packs/DS_Styled_Gen5_8/BACK GEN 6 NORMAL/VIVILLON.png,DS_CUSTOM_LIBRARY/packs/DS_Styled_Gen5_8/BACK GEN 6 NORMAL/VIVILLON_18.png,9865cc0922096cc53236ce9732935868a643d8b15e8c654ded2cd1bde8eaba56,14ebd3473c226221539bef640510811e5d74ab80a6fca388401a11b044feb94a,777caa76e4bb754e7db1e00668849779e22ed4b5c1c5f3eaf40fc4e4384fe70e,DS_Styled_Gen5_8,DS_Styled_Gen5_8
PURE_PALETTE_RECOLOR,DS_CUSTOM_LIBRARY/packs/DS_Styled_Gen5_8/FRONT_NORMAL/METAGROSS_1.png,DS_CUSTOM_LIBRARY/packs/DS_Styled_Gen5_8/FRONT_SHINY/METAGROSS_1.png,a7ba6465d33b98012aff818a3511071a0f5539ff0a97381677df1182330be4ad,734ff4f764e07841254a36b91817529e8b2dcd30e4f06f23b5beb510d6e9ef71,1395ec61a914ce8e2a6eced58d63bfd352c3cf41db1da8989690dbe7a86bc351,DS_Styled_Gen5_8,DS_Styled_Gen5_8
PURE_PALETTE_RECOLOR,DS_CUSTOM_LIBRARY/packs/DS_Styled_Gen5_8/FRONT_SHINY/ALCREMIE.png,DS_CUSTOM_LIBRARY/packs/DS_Styled_Gen5_8/FRONT_NORMAL/ALCREMIE.png,2e0688d0314ae48324fadd6164dcec12e9f3f01e11de5ea7b4b725a32f67b8e3,ddd159ed66c98108c5f04d8f27c22c696a4f9deac3e4debed17f3d2850e963b7,ba2b235bd0210f695b919bfb07ed43efe1d5e857d0b8f2a21580e668200930e1,DS_Styled_Gen5_8,DS_Styled_Gen5_8
PURE_PALETTE_RECOLOR,DS_CUSTOM_LIBRARY/packs/DS_Styled_Gen5_8/FRONT_SHINY/VIVILLON_1.png,DS_CUSTOM_LIBRARY/packs/DS_Styled_Gen5_8/FRONT_NORMAL/VIVILLON_1.png,a79fb929b8b86e4535471680e518882279c303e7fd5b479291602cd702939eab,574edff6102221555b1c6d08eec5948841945b2a0793359276b6185852b8cc44,3b6b8ca5c680ed8447ee8f45571a8c89c1dca5f1f8e8479c454446a2c65a04d8,DS_Styled_Gen5_8,DS_Styled_Gen5_8
PURE_PALETTE_RECOLOR,DS_CUSTOM_LIBRARY/packs/DS_Styled_Gen5_8/FRONT_SHINY/MEWTWO_1.png,DS_CUSTOM_LIBRARY/packs/DS_Styled_Gen5_8/FRONT_NORMAL/MEWTWO_1.png,3fa21b49cc30884947f665a74b5950a465c7316807bae87182946471de39c74f,0cd592d2321232e0ccc09bf7a1470e7f26bddbfa981094046600d4cb00ae0311,59175785e7f83a8abad2b9b65dbf734abc1125af5f68795dd880e46e4104e406,DS_Styled_Gen5_8,DS_Styled_Gen5_8
PURE_PALETTE_RECOLOR,DS_CUSTOM_LIBRARY/packs/DS_Styled_Gen5_8/FRONT_SHINY/MARSHADOW_1.png,DS_CUSTOM_LIBRARY/packs/DS_Styled_Gen5_8/FRONT_NORMAL/MARSHADOW_1.png,8fe94c6b5aa7fce40afa88cb1ed9ddbd911964d907fb88b50b73d5807e881b3a,47b3dd7c1a8d2dfbe410ac7423f904abc0e98c30c64ce99cc482370ade253b64,70dfb7304f11b933d6aa7a2e0af1b7b9d415f02157a22ce39d1b0ae804b97a7e,DS_Styled_Gen5_8,DS_Styled_Gen5_8
PURE_PALETTE_RECOLOR,DS_CUSTOM_LIBRARY/packs/DS_Styled_Gen5_8/FRONT_NORMAL/PIKIPEK.png,DS_CUSTOM_LIBRARY/packs/DS_Styled_Gen5_8/FRONT_SHINY/PIKIPEK.png,e8eb69702c94fba3f3bff8239000452148364fb7e90c37b3ac6ce40afd9b1bc0,b14fdbe4de3ce25707f34850154c8b256d7160c3dddfa478990feeb6f1d2e1bb,47169d5aca371ccd20413fe2ca6c1d85f2b83d3d939a2f4bd938ce72a27644c6,DS_Styled_Gen5_8,DS_Styled_Gen5_8
PURE_PALETTE_RECOLOR,DS_CUSTOM_LIBRARY/packs/DS_Styled_Gen5_8/FRONT_SHINY/LINOONE_1.png,DS_CUSTOM_LIBRARY/packs/DS_Styled_Gen5_8/FRONT_NORMAL/LINOONE_1.png,483f01510131528187add0ccc6d2e9d7ac82bdbf2bd2e33a3cf38fcdfae16a33,c64d3f2105039eea93c37cfe1cd1f91e3a08114947dce81556e17c035006687b,eecfee6a61e971df15d9c6ad9d1faaf89833204482a8df9fa950af4915140c11,DS_Styled_Gen5_8,DS_Styled_Gen5_8
PURE_PALETTE_RECOLOR,DS_CUSTOM_LIBRARY/packs/DS_Styled_Gen5_8/FRONT_NORMAL/DUBWOOL.png,DS_CUSTOM_LIBRARY/packs/DS_Styled_Gen5_8/FRONT_SHINY/DUBWOOL.png,ceb9dc9a21487a63c5ad9979d80d936c4851121e94575dcfb4a3407bab9e76dd,eee41a38e7e97b046a9307048fac080d230dfb73f7332d17d025642d634d4943,6df2e741722c1c2ed3268ff3be5c0395ef281045ddbeadaa6cc43d627b84da33,DS_Styled_Gen5_8,DS_Styled_Gen5_8
PURE_PALETTE_RECOLOR,DS_CUSTOM_LIBRARY/packs/DS_Styled_Gen5_8/FRONT_NORMAL/ORICORIO_2.png,DS_CUSTOM_LIBRARY/packs/DS_Styled_Gen5_8/FRONT_SHINY/ORICORIO_2.png,f359500cb454dd436a7499375ab30cef75fc8f77509bd174a61ca65862d9e7ee,12a58029c6677ba0c0e36d2968994af1f9125d7a00d53dc295dbe72ce69b3561,b1ccaaac80af1888cb90413aa7f74d3fbc9c6ac1bb0bfac9703d6a9aecd12af5,DS_Styled_Gen5_8,DS_Styled_Gen5_8
PURE_PALETTE_RECOLOR,DS_CUSTOM_LIBRARY/packs/DS_Styled_Gen5_8/FRONT_NORMAL/NOIBAT.png,DS_CUSTOM_LIBRARY/packs/DS_Styled_Gen5_8/FRONT_SHINY/NOIBAT.png,99fd21f7323bed0b184004efd216ee4fb8355af6a3888ff9908c54bdde7d0f15,7f8c6265fcb9cc65e05a73ae5bebe70b4cd5fc9dd94451ed79c6f44e8baf356d,716dbb567c6f6fdddd3a1c3e9b41dc09535b0d2e6384ce8ef6afc6f94f0e0764,DS_Styled_Gen5_8,DS_Styled_Gen5_8
PURE_PALETTE_RECOLOR,DS_CUSTOM_LIBRARY/packs/DS_Styled_Gen5_8/FRONT_NORMAL/GOODRA.png,DS_CUSTOM_LIBRARY/packs/DS_Styled_Gen5_8/FRONT_SHINY/GOODRA.png,a12b7ca5a5e8683bad09fdcf39582dccc3b746a0166c5225b87b5e21eb12c460,45def71ce5c438f9a432df87c969eabbc2f8e9b9231e26921cca6f9204d30a68,f9922085129668fdf9e887bab7d50e2a07fa4d208a692553618d95abe60ab96c,DS_Styled_Gen5_8,DS_Styled_Gen5_8
PURE_PALETTE_RECOLOR,DS_CUSTOM_LIBRARY/packs/DS_Styled_Gen5_8/FRONT_NORMAL/DELPHOX.png,DS_CUSTOM_LIBRARY/packs/DS_Styled_Gen5_8/FRONT_SHINY/DELPHOX.png,e53b8114ed59fc99dc516dc0cf3e921c7b0af0ec0cbd328a913009721369844b,5f39061138db60954e04685f125d89c117ed4ccb179b9d3a10ee9e934dd26a19,6b3cab63935fa7421de42b22d370745f309f085693003f8cc78060cbd5542767,DS_Styled_Gen5_8,DS_Styled_Gen5_8
PURE_PALETTE_RECOLOR,DS_CUSTOM_LIBRARY/packs/DS_Styled_Gen5_8/FRONT_NORMAL/FLOETTE_1.png,DS_CUSTOM_LIBRARY/packs/DS_Styled_Gen5_8/FRONT_NORMAL/FLOETTE_3.png,c0497b58a1758281cc74c73906530ef7c52ac01e42d5963aa2369f11e80e1c04,989b7a8b28dda3f742b128f4b6589ffc80ddfa96dacce5d446514e6e025f3dd5,9e8f37e9e575e7e95ca1fcdb92c608300304dd18e9c95ff4b3a7023bc94ca7e2,DS_Styled_Gen5_8,DS_Styled_Gen5_8
PURE_PALETTE_RECOLOR,DS_CUSTOM_LIBRARY/packs/DS_Styled_Gen5_8/FRONT_NORMAL/FLOETTE_4.png,DS_CUSTOM_LIBRARY/packs/DS_Styled_Gen5_8/FRONT_NORMAL/FLOETTE_3.png,c0497b58a1758281cc74c73906530ef7c52ac01e42d5963aa2369f11e80e1c04,4ab2709cfd02a9233efffabdb059d8fdb763760f675d337e89631c93b5f7d398,9e8f37e9e575e7e95ca1fcdb92c608300304dd18e9c95ff4b3a7023bc94ca7e2,DS_Styled_Gen5_8,DS_Styled_Gen5_8
PURE_PALETTE_RECOLOR,DS_CUSTOM_LIBRARY/packs/DS_Styled_Gen5_8/FRONT_NORMAL/FLOETTE_2.png,DS_CUSTOM_LIBRARY/packs/DS_Styled_Gen5_8/FRONT_NORMAL/FLOETTE_3.png,c0497b58a1758281cc74c73906530ef7c52ac01e42d5963aa2369f11e80e1c04,dbfe5071df92fe0368ff932f0fe173bd6f572872c8f3dd5455b121c8d17b9df8,9e8f37e9e575e7e95ca1fcdb92c608300304dd18e9c95ff4b3a7023bc94ca7e2,DS_Styled_Gen5_8,DS_Styled_Gen5_8
PURE_PALETTE_RECOLOR,DS_CUSTOM_LIBRARY/packs/DS_Styled_Gen5_8/FRONT_NORMAL/FLOETTE.png,DS_CUSTOM_LIBRARY/packs/DS_Styled_Gen5_8/FRONT_NORMAL/FLOETTE_3.png,c0497b58a1758281cc74c73906530ef7c52ac01e42d5963aa2369f11e80e1c04,f35fc8dd6abfa98c00e615cea07b7f14384ae296e5d9d04cdae8014bc1cfbb4c,9e8f37e9e575e7e95ca1fcdb92c608300304dd18e9c95ff4b3a7023bc94ca7e2,DS_Styled_Gen5_8,DS_Styled_Gen5_8
PURE_PALETTE_RECOLOR,DS_CUSTOM_LIBRARY/packs/DS_Styled_Gen5_8/FRONT_SHINY/FLOETTE_3.png,DS_CUSTOM_LIBRARY/packs/DS_Styled_Gen5_8/FRONT_NORMAL/FLOETTE_3.png,c0497b58a1758281cc74c73906530ef7c52ac01e42d5963aa2369f11e80e1c04,92d4f1ec678340022d2b697d3f2558333e018bfe05be9292cee32cfedc838056,9e8f37e9e575e7e95ca1fcdb92c608300304dd18e9c95ff4b3a7023bc94ca7e2,DS_Styled_Gen5_8,DS_Styled_Gen5_8
PURE_PALETTE_RECOLOR,DS_CUSTOM_LIBRARY/packs/DS_Styled_Gen5_8/FRONT_SHINY/FLOETTE_1.png,DS_CUSTOM_LIBRARY/packs/DS_Styled_Gen5_8/FRONT_NORMAL/FLOETTE_3.png,c0497b58a1758281cc74c73906530ef7c52ac01e42d5963aa2369f11e80e1c04,381929a7786c673385177b1ccb4c2242cb19b99622b3239fc7c55e3f4cb5726a,9e8f37e9e575e7e95ca1fcdb92c608300304dd18e9c95ff4b3a7023bc94ca7e2,DS_Styled_Gen5_8,DS_Styled_Gen5_8
PURE_PALETTE_RECOLOR,DS_CUSTOM_LIBRARY/packs/DS_Styled_Gen5_8/FRONT_SHINY/FLOETTE_4.png,DS_CUSTOM_LIBRARY/packs/DS_Styled_Gen5_8/FRONT_NORMAL/FLOETTE_3.png,c0497b58a1758281cc74c73906530ef7c52ac01e42d5963aa2369f11e80e1c04,513fdb12d58c8d1a0b2cc4de3614426113068002d57630268f3665685a01d45e,9e8f37e9e575e7e95ca1fcdb92c608300304dd18e9c95ff4b3a7023bc94ca7e2,DS_Styled_Gen5_8,DS_Styled_Gen5_8
PURE_PALETTE_RECOLOR,DS_CUSTOM_LIBRARY/packs/DS_Styled_Gen5_8/FRONT_SHINY/FLOETTE_2.png,DS_CUSTOM_LIBRARY/packs/DS_Styled_Gen5_8/FRONT_NORMAL/FLOETTE_3.png,c0497b58a1758281cc74c73906530ef7c52ac01e42d5963aa2369f11e80e1c04,cbf1624f196572ff7b9f716b3768dfcb002df42ff6207f5867861dccaec8a2cd,9e8f37e9e575e7e95ca1fcdb92c608300304dd18e9c95ff4b3a7023bc94ca7e2,DS_Styled_Gen5_8,DS_Styled_Gen5_8
PURE_PALETTE_RECOLOR,DS_CUSTOM_LIBRARY/packs/DS_Styled_Gen5_8/FRONT_SHINY/FLOETTE.png,DS_CUSTOM_LIBRARY/packs/DS_Styled_Gen5_8/FRONT_NORMAL/FLOETTE_3.png,c0497b58a1758281cc74c73906530ef7c52ac01e42d5963aa2369f11e80e1c04,10ef999548738514a1951df5a170dfdb3b08d60a9e573f82e377cc2e4d1c45eb,9e8f37e9e575e7e95ca1fcdb92c608300304dd18e9c95ff4b3a7023bc94ca7e2,DS_Styled_Gen5_8,DS_Styled_Gen5_8
PURE_PALETTE_RECOLOR,DS_CUSTOM_LIBRARY/packs/DS_Styled_Gen5_8/FRONT_SHINY/VULPIX_1.png,DS_CUSTOM_LIBRARY/packs/DS_Styled_Gen5_8/FRONT_NORMAL/VULPIX_1.png,d1fe52a72b09148d15f8fb4f0e09e8f36a8f06a828cf4ee62cc0b7ddd32e66bc,4d4c479e850a5198b862a759bd750938b30ffdf432b55fc20487ecca92d31fad,9400a677ce2e3fd98b7b32cd2b0b961cc514e50729b0a02cbe68cac38d521d70,DS_Styled_Gen5_8,DS_Styled_Gen5_8
PURE_PALETTE_RECOLOR,DS_CUSTOM_LIBRARY/packs/DS_Styled_Gen5_8/FRONT_NORMAL/BUZZWOLE.png,DS_CUSTOM_LIBRARY/packs/DS_Styled_Gen5_8/FRONT_SHINY/BUZZWOLE.png,c967e1de610c911ad46cd133a2d7e5db47edf239f5d0f490edda7a79ba0a00d6,ce80c65bb3c4f95fd1e4e63dfcd55701be08351d38bb207a777726999ac3bb20,1b53092dcdeb6e4958312a999367db90d7291196c081e8f0b44fcaa4cb6c0698,DS_Styled_Gen5_8,DS_Styled_Gen5_8
PURE_PALETTE_RECOLOR,DS_CUSTOM_LIBRARY/packs/DS_Styled_Gen5_8/FRONT_SHINY/MRMIME_1.png,DS_CUSTOM_LIBRARY/packs/DS_Styled_Gen5_8/FRONT_NORMAL/MRMIME_1.png,7901cec599761ae7012d4402d999fd6503be125e91d6c3c2659d5e357289f415,8b164725d1f6c673f3d7ef8ad1472a9a163002932a573ec76423afbdd3932923,e3513f7ec9bac2d029fbf9459786d45f15a50dd18e94f4dc44a194a12793fe52,DS_Styled_Gen5_8,DS_Styled_Gen5_8
PURE_PALETTE_RECOLOR,DS_CUSTOM_LIBRARY/packs/DS_Styled_Gen5_8/FRONT_NORMAL/ORANGURU.png,DS_CUSTOM_LIBRARY/packs/DS_Styled_Gen5_8/FRONT_SHINY/ORANGURU.png,6ada449a2c73b67ae892774fbb512960d78a4d302b4820d4aa14628dbcc2a89b,e0ca4f20dc042d1eb02db6b43f0b92cd8bb439c65d524b57d5c5e3bed3d6ba27,3ddb6f6bf88c7cfc640a9082398494e88a26f6b7ebaae036b75344ab20523a9a,DS_Styled_Gen5_8,DS_Styled_Gen5_8
PURE_PALETTE_RECOLOR,DS_CUSTOM_LIBRARY/packs/DS_Styled_Gen5_8/FRONT_SHINY/CRAMORANT_1.png,DS_CUSTOM_LIBRARY/packs/DS_Styled_Gen5_8/FRONT_NORMAL/CRAMORANT_1.png,5b1751c272c73d356d133ca7324973021a50698999aa8bda616ce7c1bb692b8f,a13ca5f6be5f1b37e8aa425582a634ee5483e61da4ceab4332ead9c5502844fe,4c182c6e27dd7083579f0d87ce028a05e8b919cd5f11b862ca21b1748cc02446,DS_Styled_Gen5_8,DS_Styled_Gen5_8
PURE_PALETTE_RECOLOR,DS_CUSTOM_LIBRARY/packs/DS_Styled_Gen5_8/FRONT_NORMAL/FLORGES_3.png,DS_CUSTOM_LIBRARY/packs/DS_Styled_Gen5_8/FRONT_NORMAL/FLORGES_2.png,f8b249c08094b2d86238480a1c90f53b33b8a0a40fec65a3a3fb8f7fa84f4a7c,01e5eae99adec8d37a48d06a7d1ac305d30464e73fb2341b83198c6919fe0a61,d65fdcdf2601912d6d268c8646c63e7a9fd62f640fd95d1a034e497220f2d5d1,DS_Styled_Gen5_8,DS_Styled_Gen5_8
PURE_PALETTE_RECOLOR,DS_CUSTOM_LIBRARY/packs/DS_Styled_Gen5_8/FRONT_NORMAL/FLORGES.png,DS_CUSTOM_LIBRARY/packs/DS_Styled_Gen5_8/FRONT_NORMAL/FLORGES_2.png,f8b249c08094b2d86238480a1c90f53b33b8a0a40fec65a3a3fb8f7fa84f4a7c,83ff66c48558d050e55ca3890c05773da9e64c13353d155c01ef7aaec887ac3b,d65fdcdf2601912d6d268c8646c63e7a9fd62f640fd95d1a034e497220f2d5d1,DS_Styled_Gen5_8,DS_Styled_Gen5_8
PURE_PALETTE_RECOLOR,DS_CUSTOM_LIBRARY/packs/DS_Styled_Gen5_8/FRONT_NORMAL/FLORGES_4.png,DS_CUSTOM_LIBRARY/packs/DS_Styled_Gen5_8/FRONT_NORMAL/FLORGES_2.png,f8b249c08094b2d86238480a1c90f53b33b8a0a40fec65a3a3fb8f7fa84f4a7c,e8da07fecec4a191963888cb3761ab4d227bdbab9b8bc44a635eef41be0d14a3,d65fdcdf2601912d6d268c8646c63e7a9fd62f640fd95d1a034e497220f2d5d1,DS_Styled_Gen5_8,DS_Styled_Gen5_8
PURE_PALETTE_RECOLOR,DS_CUSTOM_LIBRARY/packs/DS_Styled_Gen5_8/FRONT_NORMAL/FLORGES_1.png,DS_CUSTOM_LIBRARY/packs/DS_Styled_Gen5_8/FRONT_NORMAL/FLORGES_2.png,f8b249c08094b2d86238480a1c90f53b33b8a0a40fec65a3a3fb8f7fa84f4a7c,98a6faf7b3442ab6b3a886968d3d54332569c24eaaa7c950a282e60b6ce1f0bc,d65fdcdf2601912d6d268c8646c63e7a9fd62f640fd95d1a034e497220f2d5d1,DS_Styled_Gen5_8,DS_Styled_Gen5_8
PURE_PALETTE_RECOLOR,DS_CUSTOM_LIBRARY/packs/DS_Styled_Gen5_8/FRONT_SHINY/FLORGES_3.png,DS_CUSTOM_LIBRARY/packs/DS_Styled_Gen5_8/FRONT_NORMAL/FLORGES_2.png,f8b249c08094b2d86238480a1c90f53b33b8a0a40fec65a3a3fb8f7fa84f4a7c,fce2cdb7e3b7cd609c0dd77967138f0b8f2aa233760e40fc1664920298389627,d65fdcdf2601912d6d268c8646c63e7a9fd62f640fd95d1a034e497220f2d5d1,DS_Styled_Gen5_8,DS_Styled_Gen5_8
PURE_PALETTE_RECOLOR,DS_CUSTOM_LIBRARY/packs/DS_Styled_Gen5_8/FRONT_SHINY/FLORGES.png,DS_CUSTOM_LIBRARY/packs/DS_Styled_Gen5_8/FRONT_NORMAL/FLORGES_2.png,f8b249c08094b2d86238480a1c90f53b33b8a0a40fec65a3a3fb8f7fa84f4a7c,de198cd51b09bad6c8a17bb6dc7f107cf9dbd000a68c821f53b9c0660b2d798f,d65fdcdf2601912d6d268c8646c63e7a9fd62f640fd95d1a034e497220f2d5d1,DS_Styled_Gen5_8,DS_Styled_Gen5_8
PURE_PALETTE_RECOLOR,DS_CUSTOM_LIBRARY/packs/DS_Styled_Gen5_8/FRONT_SHINY/FLORGES_2.png,DS_CUSTOM_LIBRARY/packs/DS_Styled_Gen5_8/FRONT_NORMAL/FLORGES_2.png,f8b249c08094b2d86238480a1c90f53b33b8a0a40fec65a3a3fb8f7fa84f4a7c,21b57e82889a4cc91d31b1beed0cb55203b26c00a18e87e3e70d3de9a9252dac,d65fdcdf2601912d6d268c8646c63e7a9fd62f640fd95d1a034e497220f2d5d1,DS_Styled_Gen5_8,DS_Styled_Gen5_8
PURE_PALETTE_RECOLOR,DS_CUSTOM_LIBRARY/packs/DS_Styled_Gen5_8/FRONT_SHINY/FLORGES_4.png,DS_CUSTOM_LIBRARY/packs/DS_Styled_Gen5_8/FRONT_NORMAL/FLORGES_2.png,f8b249c08094b2d86238480a1c90f53b33b8a0a40fec65a3a3fb8f7fa84f4a7c,ed117aed9d9b5e6381c72c17158d4aca20d49bdf78d940f6e2de145d34a22d5e,d65fdcdf2601912d6d268c8646c63e7a9fd62f640fd95d1a034e497220f2d5d1,DS_Styled_Gen5_8,DS_Styled_Gen5_8
PURE_PALETTE_RECOLOR,DS_CUSTOM_LIBRARY/packs/DS_Styled_Gen5_8/FRONT_SHINY/FLORGES_1.png,DS_CUSTOM_LIBRARY/packs/DS_Styled_Gen5_8/FRONT_NORMAL/FLORGES_2.png,f8b249c08094b2d86238480a1c90f53b33b8a0a40fec65a3a3fb8f7fa84f4a7c,213ae583610d127a68a347dbe60429b4cd20390e8b690caf599f89cadcb559e1,d65fdcdf2601912d6d268c8646c63e7a9fd62f640fd95d1a034e497220f2d5d1,DS_Styled_Gen5_8,DS_Styled_Gen5_8
PURE_PALETTE_RECOLOR,DS_CUSTOM_LIBRARY/packs/DS_Styled_Gen5_8/FRONT_NORMAL/CUFANT.png,DS_CUSTOM_LIBRARY/packs/DS_Styled_Gen5_8/FRONT_SHINY/CUFANT.png,576c77e368694b1952057ed0b1299a62d38e17b09a706adcd1996819b42af603,3a04a87c95a99d4f2b64570b51dbda9be6c49731f5fb2cc6767a8675618774fd,6c6b7f03330a79a68a65d2f28c887ec91e91ccb075de37e3ec03562a06370764,DS_Styled_Gen5_8,DS_Styled_Gen5_8
PURE_PALETTE_RECOLOR,DS_CUSTOM_LIBRARY/packs/DS_Styled_Gen5_8/FRONT_NORMAL/KINGLER_gmax.png,DS_CUSTOM_LIBRARY/packs/DS_Styled_Gen5_8/FRONT_SHINY/KINGLER_gmax.png,035a01813bbbf8c237ed378fda1dabb9fcc88deb8b7532a886f114bee9fe7ab4,c9594aa8a5879b1cd1c95c756ea2558dc7197634eb8859c6135df5a434eedcb8,48abe1325fd43176d0192419dcad3c1b197f2acf53b519160fdf3a7b9838d421,DS_Styled_Gen5_8,DS_Styled_Gen5_8
PURE_PALETTE_RECOLOR,DS_CUSTOM_LIBRARY/packs/DS_Styled_Gen5_8/FRONT_NORMAL/WIMPOD.png,DS_CUSTOM_LIBRARY/packs/DS_Styled_Gen5_8/FRONT_SHINY/WIMPOD.png,5edce44507c231440e0992d699ecca45264292bdad20e3b569efc37408f79097,7dcd1a22240f74ef399e45cec504509eacb29d41d0a60787fc2a085dd2fb95f8,6ebd4d2215ff2a93c713ae66326c6c4f00382faa1d81fd9676dbe093afef0c8e,DS_Styled_Gen5_8,DS_Styled_Gen5_8
PURE_PALETTE_RECOLOR,DS_CUSTOM_LIBRARY/packs/DS_Styled_Gen5_8/FRONT_NORMAL/COALOSSAL_gmax.png,DS_CUSTOM_LIBRARY/packs/DS_Styled_Gen5_8/FRONT_SHINY/COALOSSAL_gmax.png,db2972c8e1ae70e187d2990a905a350db3568ccfaa7d53074bec6975e221c852,957e2a8dfb767685e03019573f1fec4611971996cb72473bce205d569e6b9f46,335877a73ebbabdb31cec4aa292c552c72b90451b7506b3fe809e321c2afb135,DS_Styled_Gen5_8,DS_Styled_Gen5_8
PURE_PALETTE_RECOLOR,DS_CUSTOM_LIBRARY/packs/DS_Styled_Gen5_8/FRONT_SHINY/RILLABOOM_gmax.png,DS_CUSTOM_LIBRARY/packs/DS_Styled_Gen5_8/FRONT_NORMAL/RILLABOOM_gmax.png,5caca63bcfe61a39dd5991c8736a35c6f60c62a976cb5b2addb6f48775c95cb0,fb938ecae583a06450cc3c145bd3694abb2fea4176a6b42470de66e047201e62,f3d61272807a10787d8b6e517e92cacbb6441c33e7370724f0926796db2fb1c5,DS_Styled_Gen5_8,DS_Styled_Gen5_8
PURE_PALETTE_RECOLOR,DS_CUSTOM_LIBRARY/packs/DS_Styled_Gen5_8/FRONT_SHINY/HELIOPTILE.png,DS_CUSTOM_LIBRARY/packs/DS_Styled_Gen5_8/FRONT_NORMAL/HELIOPTILE.png,120773ac5bde8f4e22a889729fe1b5b8b17d72b2e39bb44fbe0c16917e19389c,ef16054f724efbd9fb929da5c16b512fea47c12e302353e2f92b4dbb55896a57,ecee86693c73b8aa01eed5bccc49e17689d1dd8e5930ece02f0dd22d6bf0e786,DS_Styled_Gen5_8,DS_Styled_Gen5_8
PURE_PALETTE_RECOLOR,DS_CUSTOM_LIBRARY/packs/DS_Styled_Gen5_8/FRONT_SHINY/KOMMOO.png,DS_CUSTOM_LIBRARY/packs/DS_Styled_Gen5_8/FRONT_NORMAL/KOMMOO.png,e5ff4e2db36728033915d74f7a4d5e1ece0282e9e086f53664b803c5d804729f,a9ea1a5c552ee7f6b3e8a850c6995cc2cb754c64e8da8c865c2c72ea17f760cd,69d28c39592f2ec49479ecbde1803077d071daddcf42f8a9790f379469b2f360,DS_Styled_Gen5_8,DS_Styled_Gen5_8
PURE_PALETTE_RECOLOR,DS_CUSTOM_LIBRARY/packs/DS_Styled_Gen5_8/FRONT_NORMAL/SCATTERBUG.png,DS_CUSTOM_LIBRARY/packs/DS_Styled_Gen5_8/FRONT_SHINY/SCATTERBUG.png,6576d273374b1e568e29b40e6a77cd035888ab5da3086bbabe471e69f1444cab,c6398ed3522d983c05bc7d8629718977a8a8f3a586b217237c905969f9180cd1,f63db88c458284612300317165014c4e1faaa7e10f2c245b12d09ea7cb012edc,DS_Styled_Gen5_8,DS_Styled_Gen5_8
PURE_PALETTE_RECOLOR,DS_CUSTOM_LIBRARY/packs/DS_Styled_Gen5_8/FRONT_NORMAL/GRIMER_1.png,DS_CUSTOM_LIBRARY/packs/DS_Styled_Gen5_8/FRONT_SHINY/GRIMER_1.png,408f808ec285a18effa77c1ed44adb38010da347a1ccbf99e859d8706e974ac5,36f8595a50032bb9502aeb2241938bbcd0ff7b240207bd352e2ae6074c8979fa,42c6bab90ebdbf965269f1e1ee6309e93625d7c4862cc26beae16f403573e61e,DS_Styled_Gen5_8,DS_Styled_Gen5_8
PURE_PALETTE_RECOLOR,DS_CUSTOM_LIBRARY/packs/DS_Styled_Gen5_8/FRONT_SHINY/ARCTOVISH.png,DS_CUSTOM_LIBRARY/packs/DS_Styled_Gen5_8/FRONT_NORMAL/ARCTOVISH.png,8551ba3d0e88d2c3628114e2883673478ac70adce42387c40253862233507df0,1fdd5d04157c2c88431d8d913ac8078be1980080b80a5ba445702825b746c177,5df36db3f10b38874e536198e14fb4da717bc710e780c16b7f663ef5bd656533,DS_Styled_Gen5_8,DS_Styled_Gen5_8
PURE_PALETTE_RECOLOR,DS_CUSTOM_LIBRARY/packs/DS_Styled_Gen5_8/FRONT_NORMAL/ZYGARDE_1.png,DS_CUSTOM_LIBRARY/packs/DS_Styled_Gen5_8/FRONT_SHINY/ZYGARDE_1.png,3d65e909ff2fa757fc8e25dfb24941591022ea2bb7d8cd7c6053d67b80e53b84,4bdf33ec20e1a3a0fd281589dae52918641620a5892b8ec8fc25263b070c8e79,0dc9af2b7b0dac4b9eea7851d7dff95e3528f7a5ae2a5ed9dc56839c193240ec,DS_Styled_Gen5_8,DS_Styled_Gen5_8
PURE_PALETTE_RECOLOR,DS_CUSTOM_LIBRARY/packs/DS_Styled_Gen5_8/FRONT_SHINY/PUMPKABOO.png,DS_CUSTOM_LIBRARY/packs/DS_Styled_Gen5_8/FRONT_NORMAL/PUMPKABOO.png,c582d198d711cc9ddf528570b94d193c146ca746a1469bd021a03202332d3255,030d6778084d0df1e534fd1ca271e8def4a90f7f1488beba3bd1389c5426e477,08ff2beb003c18aad651804c118ace456ad04b5ec47d780ac6ef56581655fd94,DS_Styled_Gen5_8,DS_Styled_Gen5_8
PURE_PALETTE_RECOLOR,DS_CUSTOM_LIBRARY/packs/DS_Styled_Gen5_8/FRONT_NORMAL/PYROAR.png,DS_CUSTOM_LIBRARY/packs/DS_Styled_Gen5_8/FRONT_SHINY/PYROAR.png,5393c632a239bd0723a0c22fc7ae167dc4a4f9516238d889eb14560b75cf7bcf,cbbbc8b912dd19f3e8abfdf20ca09b9c962221017bf2614ab845acc3124074e0,7e977b5a1ded94a50239fb401e5176983c0cc55b027ea791730a413fc9de9dee,DS_Styled_Gen5_8,DS_Styled_Gen5_8
PURE_PALETTE_RECOLOR,DS_CUSTOM_LIBRARY/packs/DS_Styled_Gen5_8/FRONT_SHINY/DIGGERSBY.png,DS_CUSTOM_LIBRARY/packs/DS_Styled_Gen5_8/FRONT_NORMAL/DIGGERSBY.png,808c8024d1e93bb8b5a928681f73edb7dcaa9c99542ec0c550b00b403381fa5d,721a7491575f58bbbaf64818abeb9059408d8487ecfcc78ce4fba304a36a99ad,0b5e95329ef1535c86fd0d4f85ec9a01b6aa1aa6dd98cc1f0346504afdb67762,DS_Styled_Gen5_8,DS_Styled_Gen5_8
PURE_PALETTE_RECOLOR,DS_CUSTOM_LIBRARY/packs/DS_Styled_Gen5_8/FRONT_NORMAL/BOLTUND.png,DS_CUSTOM_LIBRARY/packs/DS_Styled_Gen5_8/FRONT_SHINY/BOLTUND.png,490513408c8c2ab1cf1152bb0260faa37fa3ebd0e6a2f518d14242618f958c66,7d7273a624be99dac9f1b1f020efb44585585d4e21014319697dddb87d486bfc,3d8534734876809f43b54e9cfe5fd6aabee71df5ec3367662e51f1f563791d78,DS_Styled_Gen5_8,DS_Styled_Gen5_8
PURE_PALETTE_RECOLOR,DS_CUSTOM_LIBRARY/packs/DS_Styled_Gen5_8/FRONT_NORMAL/WISHIWASHI.png,DS_CUSTOM_LIBRARY/packs/DS_Styled_Gen5_8/FRONT_SHINY/WISHIWASHI.png,33a82adf289324e50af3112bcfd577961731d9bd673f82a7a84d7a190ad6d26b,6e41d4e5ecd4377072ceb9a68fc9ac89f0dcddc451c9d598beda49610fc9a1cc,e9ec778b46043b7da7210a0c1158a623b92d47f89fb9a770f83bc6341759cae6,DS_Styled_Gen5_8,DS_Styled_Gen5_8
PURE_PALETTE_RECOLOR,DS_CUSTOM_LIBRARY/packs/DS_Styled_Gen5_8/FRONT_SHINY/GRENINJA.png,DS_CUSTOM_LIBRARY/packs/DS_Styled_Gen5_8/FRONT_NORMAL/GRENINJA.png,72f5ca592b78aedb287833993c1a9d0fddf8787e8726f9a91af24835e7f7ebd2,527df22fa7351c90f82cb4d971db99660365828d02c342ba1fd36c80119236c1,05708d38169a7d4e412fbbdb9b45ccde2879a9540729a867aa64786f983f1161,DS_Styled_Gen5_8,DS_Styled_Gen5_8
PURE_PALETTE_RECOLOR,DS_CUSTOM_LIBRARY/packs/DS_Styled_Gen5_8/FRONT_NORMAL/PIKACHU_6.png,DS_CUSTOM_LIBRARY/packs/DS_Styled_Gen5_8/FRONT_SHINY/PIKACHU_6.png,7f236fc38e0e4cd7dc3c7776b4787a692de2ab07144b6d8c093766f795924958,6b926ddce5f74e77cd082e21d914a4543a79ebd9b789ad566b6b0c63ef8d413e,1170ddd18e60b9d43ca8bac958ce9123e92369cfababa420c4fc71bc9703b7ef,DS_Styled_Gen5_8,DS_Styled_Gen5_8
PURE_PALETTE_RECOLOR,DS_CUSTOM_LIBRARY/packs/DS_Styled_Gen5_8/FRONT_NORMAL/GRIMMSNARL_gmax.png,DS_CUSTOM_LIBRARY/packs/DS_Styled_Gen5_8/FRONT_SHINY/GRIMMSNARL_gmax.png,f535b91865cd72ee83b2e66375e59d64bad07c1f4788e167bde0729239280fef,c7ceda44822ffa5ef294fda0a8a3fc33a5fdfac3c449c26123ae7f7ef215b6ff,67b8050c5703f4125257da2cf363c42229ebe850c8621e1948301ded49ef8235,DS_Styled_Gen5_8,DS_Styled_Gen5_8
PURE_PALETTE_RECOLOR,DS_CUSTOM_LIBRARY/packs/DS_Styled_Gen5_8/FRONT_NORMAL/CURSOLA.png,DS_CUSTOM_LIBRARY/packs/DS_Styled_Gen5_8/FRONT_SHINY/CURSOLA.png,a7896c53708207e8b8ad9952473e26c76fcaada1e5c510d249cccb335879e4b2,7ffa56a1fa690c30310c7fe8bf0e6a3fdbc63ed2fa25f19f5dac276e26080711,137590764071312f806106df111495ee4e7ee8cb24b80e59c41447a02de0c228,DS_Styled_Gen5_8,DS_Styled_Gen5_8
PURE_PALETTE_RECOLOR,DS_CUSTOM_LIBRARY/packs/DS_Styled_Gen5_8/FRONT_NORMAL/GOURGEIST.png,DS_CUSTOM_LIBRARY/packs/DS_Styled_Gen5_8/FRONT_SHINY/GOURGEIST.png,661f0c7d8cca34a2500649e3b5b502f406fbd5cd5fca21a6d9910a7ad4776503,823677f32460de9ff5f984f8743dd14066ee3ae8ba811ecd1b1639990d4bc146,63bd5d5ef4e5770073592c909edef2bbeea1c10f4755d6d9eb1a68ae3fe72725,DS_Styled_Gen5_8,DS_Styled_Gen5_8
PURE_PALETTE_RECOLOR,DS_CUSTOM_LIBRARY/packs/DS_Styled_Gen5_8/FRONT_NORMAL/APPLIN.png,DS_CUSTOM_LIBRARY/packs/DS_Styled_Gen5_8/FRONT_SHINY/APPLIN.png,9075f2b067e8127a42e08afcf0f117ee2c33d28656ed99b3d8a753bb08fa2ca4,df01295dec9cab8e7348877dfda089b9bc024bac9a0e3c39cffafa838a3e740e,1663b0177c5cbd7534697dc4dd8c45f7c26a7385470c3a8438f01dcea93ff758,DS_Styled_Gen5_8,DS_Styled_Gen5_8
PURE_PALETTE_RECOLOR,DS_CUSTOM_LIBRARY/packs/DS_Styled_Gen5_8/FRONT_NORMAL/PONYTA_1.png,DS_CUSTOM_LIBRARY/packs/DS_Styled_Gen5_8/FRONT_SHINY/PONYTA_1.png,7ebfeb351dfe9cd87f3c61d4b1b50fdaca50d6dea567f4767735f0fd507cf54b,600b0cb4609372d8f84a4e1bbf10f40003de9aff6bcf7c0d8a763a45ad022a71,5d7dbea7e761868ef59cd23c55c979b04abc0177e50adb9004bda23ac0358ecc,DS_Styled_Gen5_8,DS_Styled_Gen5_8
PURE_PALETTE_RECOLOR,DS_CUSTOM_LIBRARY/packs/DS_Styled_Gen5_8/FRONT_NORMAL/GARBODOR_gmax.png,DS_CUSTOM_LIBRARY/packs/DS_Styled_Gen5_8/FRONT_SHINY/GARBODOR_gmax.png,8440d41b9375521df5ef634dd344fb3dd3c2d31feec31fd8e0986b572a4f4cf4,12d161ff6419d413e1260f3a773cc379d351703a51920c397a39fcf5ea017336,7a9fd848b5fa2be7577e13851ce4206c66a2dc82ead58f4077d0857df26e8981,DS_Styled_Gen5_8,DS_Styled_Gen5_8
PURE_PALETTE_RECOLOR,DS_CUSTOM_LIBRARY/packs/DS_Styled_Gen5_8/FRONT_SHINY/MUDSDALE.png,DS_CUSTOM_LIBRARY/packs/DS_Styled_Gen5_8/FRONT_NORMAL/MUDSDALE.png,21a50c9fbd020968baf99bca0b68404a8e02a5ab5838ac702940186b059541f4,7b9ea5eb06d4788ff420aa43a2ea2b11ae3c5990635ae27946bb9dc4cd2d3898,822ba474f6b4b7f209c7ed2f29a9ff5622606de9be22c0a0cb31760608f0e711,DS_Styled_Gen5_8,DS_Styled_Gen5_8
PURE_PALETTE_RECOLOR,DS_CUSTOM_LIBRARY/packs/DS_Styled_Gen5_8/FRONT_NORMAL/SNORLAX_gmax.png,DS_CUSTOM_LIBRARY/packs/DS_Styled_Gen5_8/FRONT_SHINY/SNORLAX_gmax.png,19d3f980afc87f9862d6f679ab33c9a5f576500393088b47eb8474f0907cbbfd,56df1b510db0a57a26194a00fa5b16d3a9c5e5887beeb7e37e5179be466c697e,74bfd3c80df4649a84087a58d0c3ec0308685384dbef627be07677d0ce930447,DS_Styled_Gen5_8,DS_Styled_Gen5_8
PURE_PALETTE_RECOLOR,DS_CUSTOM_LIBRARY/packs/DS_Styled_Gen5_8/FRONT_NORMAL/TOXTRICITY.png,DS_CUSTOM_LIBRARY/packs/DS_Styled_Gen5_8/FRONT_SHINY/TOXTRICITY.png,4a0dd7fe803a2bbf31d42fd169b32ca0c72fd73df45af6d4fe6deb2e6d6de36d,111099b1f21058b12f75a9184b5a469eee323663d1706f35c9031e6800e92c5a,84d012c4a6231c2f0f59e4a654b91ed33763d37dd90f4c801f6092381db22dbf,DS_Styled_Gen5_8,DS_Styled_Gen5_8
PURE_PALETTE_RECOLOR,DS_CUSTOM_LIBRARY/packs/DS_Styled_Gen5_8/FRONT_SHINY/MACHAMP_gmax.png,DS_CUSTOM_LIBRARY/packs/DS_Styled_Gen5_8/FRONT_NORMAL/MACHAMP_gmax.png,01cec5933e5a3abe68e1d009fef3a3c162df49c9c52412dd2b14df93baa33faf,fb8b96f266e1ea46d555a5332a69b1605759039918537a9534d4643e4c8d32f9,1da767469ea536de022ae86996e31f7118e3361e02c7791a5301220183c40cd7,DS_Styled_Gen5_8,DS_Styled_Gen5_8
PURE_PALETTE_RECOLOR,DS_CUSTOM_LIBRARY/packs/DS_Styled_Gen5_8/FRONT_SHINY/CORVIKNIGHT.png,DS_CUSTOM_LIBRARY/packs/DS_Styled_Gen5_8/FRONT_NORMAL/CORVIKNIGHT.png,e5056216d71573cd85361c4a48423a7ab1e2ddec246e3f3602f16afe5d229d8b,305c6532fd05f10e97c7e95b7c2d4b1e085a146f98201bd183796daaf1d5d11b,530e1cc02b4f2adc065aeb866120f6559d38c6c72bbef81dcfc319056dbd673d,DS_Styled_Gen5_8,DS_Styled_Gen5_8
PURE_PALETTE_RECOLOR,DS_CUSTOM_LIBRARY/packs/DS_Styled_Gen5_8/FRONT_NORMAL/GARCHOMP_1.png,DS_CUSTOM_LIBRARY/packs/DS_Styled_Gen5_8/FRONT_SHINY/GARCHOMP_1.png,17b8aff85313c6e63f952196d5d221fdf825f4a7a04ad62114567c169b3115cc,0964cf0d7f61cf64aec82fac4d1c7e2c534045d42c7add2d919989929503e5c9,2ed034f33f219a5c9e24836710d15e618df627f6398dcb59b823689beb944e23,DS_Styled_Gen5_8,DS_Styled_Gen5_8
PURE_PALETTE_RECOLOR,DS_CUSTOM_LIBRARY/packs/DS_Styled_Gen5_8/FRONT_SHINY/CELESTEELA.png,DS_CUSTOM_LIBRARY/packs/DS_Styled_Gen5_8/FRONT_NORMAL/CELESTEELA.png,a1f880cbca23b22c62ab5c6b6bc1553b37f367f3542b159fe3095e605e3cc927,45a2645a53f6b564398117a69b6f296e03240fa7c8859324919869e9a577d2d9,03bd9a3034793aeaff0cb9a9fb22a90cd386fb58539717de5d819e721e753036,DS_Styled_Gen5_8,DS_Styled_Gen5_8
PURE_PALETTE_RECOLOR,DS_CUSTOM_LIBRARY/packs/DS_Styled_Gen5_8/FRONT_NORMAL/ETERNATUS_gmax.png,DS_CUSTOM_LIBRARY/packs/DS_Styled_Gen5_8/FRONT_SHINY/ETERNATUS_gmax.png,4e4fc76982454b78d46bd5ec53c00249af7a0158c92a1fd09761d0aeddd8df50,5e5d3bc58b5bb520f42e04d7229b22ec63e2e28029270e35bf652bac2b215c47,c1a96fbce510aaaa833ec773155ead9e1a718c5b5a8417f20bf83191deb5faf3,DS_Styled_Gen5_8,DS_Styled_Gen5_8
PURE_PALETTE_RECOLOR,DS_CUSTOM_LIBRARY/packs/DS_Styled_Gen5_8/FRONT_NORMAL/PIKACHU_7.png,DS_CUSTOM_LIBRARY/packs/DS_Styled_Gen5_8/FRONT_SHINY/PIKACHU_7.png,7a9e13d0b120edf7f215470436e371dbbba299f5f4b42d0757e487f516918d94,80c5f2af84f6c9834d4948036816e345538ab257cf4fd3c9ef1b58dfcc5bd2b1,67b87c3667f3385c9557e3bffdacfbaaddccb6861f368f691f193e2c4fdf5539,DS_Styled_Gen5_8,DS_Styled_Gen5_8
PURE_PALETTE_RECOLOR,DS_CUSTOM_LIBRARY/packs/DS_Styled_Gen5_8/FRONT_SHINY/GEODUDE_1.png,DS_CUSTOM_LIBRARY/packs/DS_Styled_Gen5_8/FRONT_NORMAL/GEODUDE_1.png,ac595452ee67969424ade86fdbce4c1f196c563c0ff7727a3e33f3cc49cd5fa6,e65cd9517eb72efc5b6d76c27ba95edf4588c2b75f19158033e22d87314d308f,3d50f48ea1a235a3714e14ccea363a6d4495112161677546b1546bf4662c2b49,DS_Styled_Gen5_8,DS_Styled_Gen5_8
PURE_PALETTE_RECOLOR,DS_CUSTOM_LIBRARY/packs/DS_Styled_Gen5_8/FRONT_SHINY/THWACKEY.png,DS_CUSTOM_LIBRARY/packs/DS_Styled_Gen5_8/FRONT_NORMAL/THWACKEY.png,277613ee0291f9221fd63ce5badd81f600991c1ddf6aa40b3738f4f0e98e4f10,28e0892b8cbb4e3a92a22b2d5d93ec44f05a0d28877516e61a7ca67dff458e04,3167bf60f59ca8a451d07a44b20fdf31b08c945219a7957736449d1a89e0c812,DS_Styled_Gen5_8,DS_Styled_Gen5_8
PURE_PALETTE_RECOLOR,DS_CUSTOM_LIBRARY/packs/DS_Styled_Gen5_8/FRONT_SHINY/TORRACAT.png,DS_CUSTOM_LIBRARY/packs/DS_Styled_Gen5_8/FRONT_NORMAL/TORRACAT.png,4375f9f27d3a780cb2fe1c94ba15c08bd460ca46d2626d5ed70882758bd8de74,d7e410b6b5b739001d329b520842c74993cd5faf5f60e262452c303ee3ce3e83,3b637b5b9afb19d5be97653eeb248d2057a0cb50552473dec392fe0c1004d15b,DS_Styled_Gen5_8,DS_Styled_Gen5_8
PURE_PALETTE_RECOLOR,DS_CUSTOM_LIBRARY/packs/DS_Styled_Gen5_8/FRONT_NORMAL/AMPHAROS_1.png,DS_CUSTOM_LIBRARY/packs/DS_Styled_Gen5_8/FRONT_SHINY/AMPHAROS_1.png,08a194844e0633691c97414ad714dd81c66d9af5c297289f3b1264186982b7ab,c2e51e5d1c32e1794893d2549dcdc4bf0779570163403956d801ef7bf4f90255,a3a52761f7b7fe1506ce2af7eb459b6c12cb657fd0a6ead0c5885277d30f54be,DS_Styled_Gen5_8,DS_Styled_Gen5_8
PURE_PALETTE_RECOLOR,DS_CUSTOM_LIBRARY/packs/DS_Styled_Gen5_8/FRONT_NORMAL/HOUNDOOM_1.png,DS_CUSTOM_LIBRARY/packs/DS_Styled_Gen5_8/FRONT_SHINY/HOUNDOOM_1.png,dd9e96d0e0e8d5b2873c959add4b8ca023241eba5da2202960bce612028c84d9,5eea433dc653a7decba0a1420bb06355fe95b4eb3c477c6112fc305b78daf1d5,3ddb11a219cd9570b48bbd8b2e0a4fcc2fd075e0e893ec3c6fce4bf8b65e06bb,DS_Styled_Gen5_8,DS_Styled_Gen5_8
PURE_PALETTE_RECOLOR,DS_CUSTOM_LIBRARY/packs/DS_Styled_Gen5_8/FRONT_SHINY/GUMSHOOS.png,DS_CUSTOM_LIBRARY/packs/DS_Styled_Gen5_8/FRONT_NORMAL/GUMSHOOS.png,f5593bd6e899f6ef669fdccc7309cb855fa225b2693f031bbebfa2b71e9ebf42,1bf723bcfdfa1fa756f2ff2516894d5b00217bbafda9848c65e1db6d82036cb4,a70088e44472f5f03b2618711609332945f6fbc2f69fd541524380d216b1a615,DS_Styled_Gen5_8,DS_Styled_Gen5_8
PURE_PALETTE_RECOLOR,DS_CUSTOM_LIBRARY/packs/DS_Styled_Gen5_8/FRONT_SHINY/MAGEARNA_1.png,DS_CUSTOM_LIBRARY/packs/DS_Styled_Gen5_8/FRONT_NORMAL/MAGEARNA_1.png,24fcb9027f806dd30b220ff19c3906c1abc50c288ed6f53ce2847a6fcb022a35,cd7563f05a7cd66981e9667221e3615a88ae6a9f46b14325a0d01593b124cff8,6ccadda1966cc1d0e6050cce8a3b8e9fc999eb2a0ddc1c2d94ac8dfb76f8ad01,DS_Styled_Gen5_8,DS_Styled_Gen5_8
PURE_PALETTE_RECOLOR,DS_CUSTOM_LIBRARY/packs/DS_Styled_Gen5_8/FRONT_SHINY/GROOKEY.png,DS_CUSTOM_LIBRARY/packs/DS_Styled_Gen5_8/FRONT_NORMAL/GROOKEY.png,9f1614b2d4c77cb902180129b15c85899ba6ec53ac168f5bd9bedd73769047bc,79a96b6edef1eb57d8b87341de15c130ba5307a4d907bb69e62232f33b530cf8,b6490b9a79af1f4315d33ece77b0c5e66b76d31ee1593c283be19eb1f075a0af,DS_Styled_Gen5_8,DS_Styled_Gen5_8
PURE_PALETTE_RECOLOR,DS_CUSTOM_LIBRARY/packs/DS_Styled_Gen5_8/FRONT_NORMAL/EXEGGUTOR_1.png,DS_CUSTOM_LIBRARY/packs/DS_Styled_Gen5_8/FRONT_SHINY/EXEGGUTOR_1.png,e2b6d13fc0220d337d69e5a30040e63175b10f2c5a52b01805303cdb72bf0168,923dad8961e75d2bd5bdf7d7e14345864f20602dcb6b5d03395049d8137f3b7f,09b402c0a0a1d14efcd66c6b2305bd077ccf0dbb7e0e82432fc412df741592b3,DS_Styled_Gen5_8,DS_Styled_Gen5_8
PURE_PALETTE_RECOLOR,DS_CUSTOM_LIBRARY/packs/DS_Styled_Gen5_8/FRONT_SHINY/HONEDGE.png,DS_CUSTOM_LIBRARY/packs/DS_Styled_Gen5_8/FRONT_NORMAL/HONEDGE.png,8e65f35e91e510c3425f04ee26728a95e9f1a253cda4b34b86b229b97b9b8f8c,30b3c04baa1638b88403e99c7eeee450ea43e207a07d1b52a4644492971ac7d3,c6f4fa78d39a8972a44bf10404166efcdb6c877279afce0370cdd5bcca2bf26f,DS_Styled_Gen5_8,DS_Styled_Gen5_8
PURE_PALETTE_RECOLOR,DS_CUSTOM_LIBRARY/packs/DS_Styled_Gen5_8/FRONT_NORMAL/SLIGGOO.png,DS_CUSTOM_LIBRARY/packs/DS_Styled_Gen5_8/FRONT_SHINY/SLIGGOO.png,82bc8df7048e11b9a8b301aa2c21b2111d17459bb3d7697f3e31c2b30c05e49e,140f93253c8496e32132aaa486cd6fba7e62274c308497ccd32af3adccc87414,11da320217bc742f1fbe063e26757ef7eda2ffb65766e20182bcf359068176e9,DS_Styled_Gen5_8,DS_Styled_Gen5_8
PURE_PALETTE_RECOLOR,DS_CUSTOM_LIBRARY/packs/DS_Styled_Gen5_8/FRONT_NORMAL/ROOKIDEE.png,DS_CUSTOM_LIBRARY/packs/DS_Styled_Gen5_8/FRONT_SHINY/ROOKIDEE.png,9582f5597a3c4fdcee1c3f9563903d251a6f65fcd14afe6a9d67e1424cdb87ea,b101fa2fb48d214c3bd3163d98f2490e28a616ea9a0194f2648f26713946ea55,65cb119b2dd2e297f4f76f875e373b36ab1731f01d6cdec2b8e933ec1e5f6d10,DS_Styled_Gen5_8,DS_Styled_Gen5_8
PURE_PALETTE_RECOLOR,DS_CUSTOM_LIBRARY/packs/DS_Styled_Gen5_8/FRONT_NORMAL/DUGTRIO_1.png,DS_CUSTOM_LIBRARY/packs/DS_Styled_Gen5_8/FRONT_SHINY/DUGTRIO_1.png,d200ccd8857498edea92250d34e64d3aeb022795b4730cb0702cf4193e2baadc,f65b86dfca645e473113936975dc32291455af985eb739851e7065f12c15d2e1,abada2384895c509003390a541df42b86e99d39935203ab505a52a84a621d4d8,DS_Styled_Gen5_8,DS_Styled_Gen5_8
PURE_PALETTE_RECOLOR,DS_CUSTOM_LIBRARY/packs/DS_Styled_Gen5_8/FRONT_NORMAL/LYCANROC_1.png,DS_CUSTOM_LIBRARY/packs/DS_Styled_Gen5_8/FRONT_SHINY/LYCANROC_1.png,8477a252e9cfde94b615810105584d6fcec854640fce9ec0999e69d06f6cb1c9,c0a278e81ebfcbd49c8914396d30dce5f97a33814140ddabe0e7e5f808e51a0a,40192a2c38c277b4dd43f2c2c1d7b222b99cfa4ef258bff0050599f2233ba3aa,DS_Styled_Gen5_8,DS_Styled_Gen5_8
PURE_PALETTE_RECOLOR,DS_CUSTOM_LIBRARY/packs/DS_Styled_Gen5_8/FRONT_NORMAL/SCEPTILE_1.png,DS_CUSTOM_LIBRARY/packs/DS_Styled_Gen5_8/FRONT_SHINY/SCEPTILE_1.png,89538077dc69590177b66761f9e201c6501db2c713d019c9dd6b846d958212e5,1f20a014611e061b8c3a7280d6499e5f7d9ee1d55a3467c099895634d8717c95,b7a4d40ad4296f8f0cd9e4fc5940fb347f6050e1805e5540ad40221ee5b3ddc4,DS_Styled_Gen5_8,DS_Styled_Gen5_8
PURE_PALETTE_RECOLOR,DS_CUSTOM_LIBRARY/packs/DS_Styled_Gen5_8/FRONT_NORMAL/COALOSSAL.png,DS_CUSTOM_LIBRARY/packs/DS_Styled_Gen5_8/FRONT_SHINY/COALOSSAL.png,7f00e7504be9de13f9019a89e5702c399b28fab1fec11356beea586b898f3106,8916a3cc5a6cc548be50aab4fec1efa7d60380616cbf8e6a7da29b67d7d09083,10f1a73d8da6d6336c6fb3a226cec9628965898ea14c8dfa9f4dceff878f87b3,DS_Styled_Gen5_8,DS_Styled_Gen5_8
PURE_PALETTE_RECOLOR,DS_CUSTOM_LIBRARY/packs/DS_Styled_Gen5_8/FRONT_SHINY/STUFFUL.png,DS_CUSTOM_LIBRARY/packs/DS_Styled_Gen5_8/FRONT_NORMAL/STUFFUL.png,bdb399283a7434aa520f7e0c21b9a792cacc144ccbc853ef03e5258acf18f080,c5a620659cc7233bd28084529838e6d913a7efbc4b11395e9288a75c77b9d828,aa63df1aa5a923d9836ced265d57bc385322120f28f314680b9379739ffb8bf2,DS_Styled_Gen5_8,DS_Styled_Gen5_8
PURE_PALETTE_RECOLOR,DS_CUSTOM_LIBRARY/packs/DS_Styled_Gen5_8/FRONT_SHINY/HATTERENE_gmax.png,DS_CUSTOM_LIBRARY/packs/DS_Styled_Gen5_8/FRONT_NORMAL/HATTERENE_gmax.png,46eb17738a267e27249e0848b02089f08db54987035ceadb90340901ca860813,1b3e0cb59ca186f9085dc794d6fd19beb58a3225d4ba3d2c2020d46828119667,170cfb26520c26bc6baaf0b175ea375d2ac0de0a8e25bb03c72e2b05d980a6d0,DS_Styled_Gen5_8,DS_Styled_Gen5_8
PURE_PALETTE_RECOLOR,DS_CUSTOM_LIBRARY/packs/DS_Styled_Gen5_8/FRONT_SHINY/GRAPPLOCT.png,DS_CUSTOM_LIBRARY/packs/DS_Styled_Gen5_8/FRONT_NORMAL/GRAPPLOCT.png,cabe067edd381dcf1f940224a668010951b208de476d843048530c4234a1c5d6,3b2fec56ef8448aee71e7f4f91bde337cad827fd47c2d9f9a2fc21b6a47b6e27,f6489c189ac3323642cb01d7c022b617ac139162a45e99d47ee55a93c1844ed3,DS_Styled_Gen5_8,DS_Styled_Gen5_8
PURE_PALETTE_RECOLOR,DS_CUSTOM_LIBRARY/packs/DS_Styled_Gen5_8/FRONT_NORMAL/AEGISLASH_1.png,DS_CUSTOM_LIBRARY/packs/DS_Styled_Gen5_8/FRONT_SHINY/AEGISLASH.png,b04b41e23c20c1b3121c6f7985fb498f00765b083b61c5d0720a0ccae36904a7,7287c8f7d67fe86151a09c029c979a9b5f55bb322a18e5627bcf709cc8948318,bc26aa987910e6485e9ac34533bae8ff0e425a81a8d5c49492f6a03b9374c200,DS_Styled_Gen5_8,DS_Styled_Gen5_8
PURE_PALETTE_RECOLOR,DS_CUSTOM_LIBRARY/packs/DS_Styled_Gen5_8/FRONT_SHINY/SANDSHREW_1.png,DS_CUSTOM_LIBRARY/packs/DS_Styled_Gen5_8/FRONT_NORMAL/SANDSHREW_1.png,6b551f85beab29d9d1ba7bcd8ee2bff7faa3b31fe1ad8aed257f40125bfb16d6,fc55530c35fdd07b68e13392fb733be8f3951f3768522af4466cf60a05bf2a77,54955eaa6d1abe1472f49e3bbeda973a9dd3dc190d300c226a85c9ec67072c61,DS_Styled_Gen5_8,DS_Styled_Gen5_8
PURE_PALETTE_RECOLOR,DS_CUSTOM_LIBRARY/packs/DS_Styled_Gen5_8/FRONT_NORMAL/STEENEE.png,DS_CUSTOM_LIBRARY/packs/DS_Styled_Gen5_8/FRONT_SHINY/STEENEE.png,c95257509c0b90642c54059f5693c75e7dbddc021be3c2569f7765a5b57c9bc5,d2e1ea09b8af600b11edf24f90d651f414b0e20500b23b2c0cb069b6483c95ad,62809759ed0f683357ae8399375b790d03fc2027c31420d0991312ab1acd8900,DS_Styled_Gen5_8,DS_Styled_Gen5_8
PURE_PALETTE_RECOLOR,DS_CUSTOM_LIBRARY/packs/DS_Styled_Gen5_8/FRONT_SHINY/SANDSLASH_1.png,DS_CUSTOM_LIBRARY/packs/DS_Styled_Gen5_8/FRONT_NORMAL/SANDSLASH_1.png,51bafbe69384fc566bc5bf8745c6d813da21854782c754f1f4a86d8ca35106e7,164654b8fe947d6693c46b15ae152cc9d3e9f8e48873d413c2cd7fd3ea0b51da,f710a48e3eae14b483bd1312b4f62aadc598530e463494ec112e04c4eeb8a35b,DS_Styled_Gen5_8,DS_Styled_Gen5_8
PURE_PALETTE_RECOLOR,DS_CUSTOM_LIBRARY/packs/DS_Styled_Gen5_8/FRONT_SHINY/DEWPIDER.png,DS_CUSTOM_LIBRARY/packs/DS_Styled_Gen5_8/FRONT_NORMAL/DEWPIDER.png,9799e4262f591bdc83943abc55fda96a76d02e02880e7b45c168569a830efa8f,b0eb9e22faa0db7c491e11bf534d176936e020744fe5c980198172430a42dc51,b299fe109a16dcdf58482067b517fc53be6a3e642f3e90237601facac1d3718d,DS_Styled_Gen5_8,DS_Styled_Gen5_8
PURE_PALETTE_RECOLOR,DS_CUSTOM_LIBRARY/packs/DS_Styled_Gen5_8/FRONT_NORMAL/XERNEAS.png,DS_CUSTOM_LIBRARY/packs/DS_Styled_Gen5_8/FRONT_SHINY/XERNEAS.png,a44fce6ddc6eec0d6c19c697631cce8ec9068c6cd00cb34c26c30eeb539b7781,1b61adc90fab967eaafec4b941e71432c9c459a27c3528981022acdaf8fa3d5e,c82d66293ad112454cb0d0ae448fc36f8b6eac8bf0492a114d36025886dd1a8a,DS_Styled_Gen5_8,DS_Styled_Gen5_8
PURE_PALETTE_RECOLOR,DS_CUSTOM_LIBRARY/packs/DS_Styled_Gen5_8/FRONT_NORMAL/INTELEON.png,DS_CUSTOM_LIBRARY/packs/DS_Styled_Gen5_8/FRONT_SHINY/INTELEON.png,e8cacc86b00b8ce46057fe33a02c445de9fb586e986fa3799bc7ea231a81d4e3,df44e579ff38b1ab8bc7bb68b2f72ead6e75327efa5171b194f2f2b102f10070,fd9e54cce8b95d568a3d84c80d1a3cf8572dd287c47ff9a9dfcdcec3a18ccf95,DS_Styled_Gen5_8,DS_Styled_Gen5_8
PURE_PALETTE_RECOLOR,DS_CUSTOM_LIBRARY/packs/DS_Styled_Gen5_8/FRONT_NORMAL/EEVEE_female_gmax.png,DS_CUSTOM_LIBRARY/packs/DS_Styled_Gen5_8/FRONT_SHINY/EEVEE_female_gmax.png,2c4c715d363759d72b929c806fa77e91a5fea46d0ac53cd2d0081e57da579247,d19efdc9d16837c128abfe3bd19fcac1f4c0af4bd5cd61b9eed6b256ae0efbcf,2ee3aa032f95833b3ed197d5bfa5ff107459e69551bf88caffa42455e896a3d3,DS_Styled_Gen5_8,DS_Styled_Gen5_8
PURE_PALETTE_RECOLOR,DS_CUSTOM_LIBRARY/packs/DS_Styled_Gen5_8/FRONT_SHINY/PHANTUMP.png,DS_CUSTOM_LIBRARY/packs/DS_Styled_Gen5_8/FRONT_NORMAL/PHANTUMP.png,812a0044c945ba0f19f4265848f37485a52f0e03637bb10ec410939388f04bd1,8b20184c51bf413b5cff96fc1f15b6f545da7ab1ab46d31b2087ce641e2344a3,e20814cbae491b8e8c42d6fff6618dabf664c4dbfd3f286eb09daabadda21f9c,DS_Styled_Gen5_8,DS_Styled_Gen5_8
PURE_PALETTE_RECOLOR,DS_CUSTOM_LIBRARY/packs/DS_Styled_Gen5_8/FRONT_NORMAL/FROSMOTH.png,DS_CUSTOM_LIBRARY/packs/DS_Styled_Gen5_8/FRONT_SHINY/FROSMOTH.png,c248cbfaf337d382524ac95905a2c6d696a203e48c6d9b1a921b591e0f233133,c77979a07ba40c52fe0687da9aa20e1c7b661a48bae83eaf940a04a171c202b7,803b1d7f191d2e0340dd6be472d528a0a698f630e0514e27b87f572b4d2b223f,DS_Styled_Gen5_8,DS_Styled_Gen5_8
PURE_PALETTE_RECOLOR,DS_CUSTOM_LIBRARY/packs/DS_Styled_Gen5_8/FRONT_SHINY/HELIOLISK.png,DS_CUSTOM_LIBRARY/packs/DS_Styled_Gen5_8/FRONT_NORMAL/HELIOLISK.png,ae2fc2fe7ce75c21649bce433e4a8f97ba615eef23f2f02b993004f4567b11ab,6a0dfc10a20dc1d44913c978b085df3ddcda3b37d3b0b3ab59f28f4778c05139,324ef9d9580440ffa84d66afbc0a4c821ab4a5bd23678009f78895f1c5d4ef75,DS_Styled_Gen5_8,DS_Styled_Gen5_8
PURE_PALETTE_RECOLOR,DS_CUSTOM_LIBRARY/packs/DS_Styled_Gen5_8/FRONT_NORMAL/ORBEETLE.png,DS_CUSTOM_LIBRARY/packs/DS_Styled_Gen5_8/FRONT_SHINY/ORBEETLE.png,19187c3a690027215e68038f58ae073112a954f81b3cc93f0430b3b476d63625,26b5e76c48a94bc1b89db5b12c928099ba5fff4696decd9d2bb1b79565bfaf84,8945b98ae783abe9cd685065658975d9c3ddf8c4527dbe1b9e1de86cc0248cb2,DS_Styled_Gen5_8,DS_Styled_Gen5_8
PURE_PALETTE_RECOLOR,DS_CUSTOM_LIBRARY/packs/DS_Styled_Gen5_8/FRONT_SHINY/AMAURA.png,DS_CUSTOM_LIBRARY/packs/DS_Styled_Gen5_8/FRONT_NORMAL/AMAURA.png,a503c01be1f4437f295c0ada8fc98272ce49634bf770f87b4236102f01130cdb,e4a9f582458850704fc8e299c1fe08806c1af2518e00bb873be23763ed4651c7,d97d5946681215f95fb18adaddd50446203c0d51353f6ad6b0e2d27cf37f117f,DS_Styled_Gen5_8,DS_Styled_Gen5_8
PURE_PALETTE_RECOLOR,DS_CUSTOM_LIBRARY/packs/DS_Styled_Gen5_8/FRONT_NORMAL/AGGRON_1.png,DS_CUSTOM_LIBRARY/packs/DS_Styled_Gen5_8/FRONT_SHINY/AGGRON_1.png,c733aa9f5b9ce91e17b0cab311ede96aa4c2540d13b42fe3212fc623528ed6af,8b8ccc87952c45829445f6f64e6f9fb43b3a8b0628c5ad7f0a4208604e41caed,540971011829502001c22c71c7e7f0861b5c67720d8a6069f732f6320c91a0c4,DS_Styled_Gen5_8,DS_Styled_Gen5_8
PURE_PALETTE_RECOLOR,DS_CUSTOM_LIBRARY/packs/DS_Styled_Gen5_8/FRONT_SHINY/BUNNELBY.png,DS_CUSTOM_LIBRARY/packs/DS_Styled_Gen5_8/FRONT_NORMAL/BUNNELBY.png,dde4621f4cc4da457e10c21ec7c28ce8ef57ee566a6e8411ff24ad08985736e6,14a1bfb49cf3991d1fe7ca4f4fbf52d9c4883daf7b35eea127982eab1a53a883,63bc077ce0be181af8e69905a5b21288e60e631c0c2a7e5be47cd4b00800f877,DS_Styled_Gen5_8,DS_Styled_Gen5_8
PURE_PALETTE_RECOLOR,DS_CUSTOM_LIBRARY/packs/DS_Styled_Gen5_8/FRONT_NORMAL/HOOPA_1.png,DS_CUSTOM_LIBRARY/packs/DS_Styled_Gen5_8/FRONT_SHINY/HOOPA_1.png,bb994e5aa7a89e8c118130735efe01fe8685b4ec4f8899db6bc32fb0cb7902f0,67a4e936d3509417d771ddd0a365ccbcb2b860a88211e1fa321c79f5e457a907,991001e71dccb0c3d7615c6eece58df71dd543b85afa9fb772908398d8b5dd1b,DS_Styled_Gen5_8,DS_Styled_Gen5_8
PURE_PALETTE_RECOLOR,DS_CUSTOM_LIBRARY/packs/DS_Styled_Gen5_8/FRONT_SHINY/GENGAR_gmax.png,DS_CUSTOM_LIBRARY/packs/DS_Styled_Gen5_8/FRONT_NORMAL/GENGAR_gmax.png,b86f6109dadde3026bd34b8d33e05bbbb25fb27825679ae75fb5a0ec7ff7853e,6f576b6ec9f5fb91baf1afcf1304f9c22d374aeddf5a50afd6510e4005ecb325,f59630e72890775e613c341a3162d7651aa77817afb6cf426842d70e41fae439,DS_Styled_Gen5_8,DS_Styled_Gen5_8
PURE_PALETTE_RECOLOR,DS_CUSTOM_LIBRARY/packs/DS_Styled_Gen5_8/FRONT_SHINY/NECROZMA_2.png,DS_CUSTOM_LIBRARY/packs/DS_Styled_Gen5_8/FRONT_NORMAL/NECROZMA_2.png,a7cf957167501d3e9f6672d6a821f926dc09b5c07ccfb330c42991de02264f4e,8d74b8a532a13517502ffc41c5d53ec1b32ab7903d4fbc5f0632a3878dedff82,e339104f4b7c456ea5cefe1f8c41be5d0af44f262eef950c1c782409c780fb1e,DS_Styled_Gen5_8,DS_Styled_Gen5_8
PURE_PALETTE_RECOLOR,DS_CUSTOM_LIBRARY/packs/DS_Styled_Gen5_8/FRONT_SHINY/LITTEN.png,DS_CUSTOM_LIBRARY/packs/DS_Styled_Gen5_8/FRONT_NORMAL/LITTEN.png,32e67af1f8b734143112ea112dc3b685576f0fbf9e7dfed14aa8e3737157ce2e,b413b536b24061c4d8bd9ecfb3f0dfa43f6c9235de3e29f0c22a3b6f4d42c6a1,7788ffe61130ea3627bdc77eb146f040af44492239328ec41828561fe5bd8ec3,DS_Styled_Gen5_8,DS_Styled_Gen5_8
PURE_PALETTE_RECOLOR,DS_CUSTOM_LIBRARY/packs/DS_Styled_Gen5_8/FRONT_SHINY/ROWLET.png,DS_CUSTOM_LIBRARY/packs/DS_Styled_Gen5_8/FRONT_NORMAL/ROWLET.png,ac1474326f00e8e59b429a70323355051491d45c27bfb4eddfee2f29b972abc0,522a26e1842bd483ac03ab6b4229f06dce39f43e02442ad57893462c4c474aae,0f393b22f16371759c684d04dd797594a464fba03ac15cfa25c827da3e9d31ea,DS_Styled_Gen5_8,DS_Styled_Gen5_8
PURE_PALETTE_RECOLOR,DS_CUSTOM_LIBRARY/packs/DS_Styled_Gen5_8/FRONT_SHINY/DECIDUEYE.png,DS_CUSTOM_LIBRARY/packs/DS_Styled_Gen5_8/FRONT_NORMAL/DECIDUEYE.png,2523525d6d082b436d42ff1e5a9c42bb5e9391561e456c085366d8e5744181d8,d29757d2c264b90ac296f2c603eb76cf2345e8352542cb1e8654567f8910edd3,76e31c2cd301f6633fd3ebb20f5de7ea6d325c2ba3d16cb3fb18587c35075491,DS_Styled_Gen5_8,DS_Styled_Gen5_8
PURE_PALETTE_RECOLOR,DS_CUSTOM_LIBRARY/packs/DS_Styled_Gen5_8/FRONT_NORMAL/GLALIE_1.png,DS_CUSTOM_LIBRARY/packs/DS_Styled_Gen5_8/FRONT_SHINY/GLALIE_1.png,98736a9ae48f11f6b30623725514d48e58aba094d5d67ec8e21c1343fb90fd93,501280efd6fc8fc808aba3181c59b8992ea300c9e19bbd3fd67e45553c2e8658,0fe860d0a873baa1694573c19daebb420d16f63b55c17527572436b553964ea6,DS_Styled_Gen5_8,DS_Styled_Gen5_8
PURE_PALETTE_RECOLOR,DS_CUSTOM_LIBRARY/packs/DS_Styled_Gen5_8/FRONT_SHINY/LAPRAS_gmax.png,DS_CUSTOM_LIBRARY/packs/DS_Styled_Gen5_8/FRONT_NORMAL/LAPRAS_gmax.png,1c23a19d3fe7969f103e06e1f112aac9e723d5017754993d11fdbe73b79db01e,f1351c4d01082f22d9466105bc4a6ce9e64b7a9880d70b901e1b27ce9a133847,55321033a54211c54fddd45fd81c0b92e8aede9d814f06c9c1de8fafea3b57a1,DS_Styled_Gen5_8,DS_Styled_Gen5_8
PURE_PALETTE_RECOLOR,DS_CUSTOM_LIBRARY/packs/DS_Styled_Gen5_8/FRONT_NORMAL/HATENNA.png,DS_CUSTOM_LIBRARY/packs/DS_Styled_Gen5_8/FRONT_SHINY/HATENNA.png,cd7dc7b8e7693d7f1e55f53a88b5d074f93fe8fb0a79c1fc34d1d108587e89b8,8c45a840c48e0cbd53d612a1459707d80b4f302094dd74b88c86b66515ac9695,ec1ebe11824c24ad6962d70c82ef592806d98b30acd254c9e8269bae831a6e5f,DS_Styled_Gen5_8,DS_Styled_Gen5_8
PURE_PALETTE_RECOLOR,DS_CUSTOM_LIBRARY/packs/DS_Styled_Gen5_8/FRONT_SHINY/CHESPIN.png,DS_CUSTOM_LIBRARY/packs/DS_Styled_Gen5_8/FRONT_NORMAL/CHESPIN.png,4b313ec79684daaffdc11a94f73624f2e29b6b1d02c3f7a42b11abab45fd4c8e,83a2b5141ecd85735872e1149762654182c28b108bf888c5656fbec61a1bef4a,b22b7df46bb92e8aec38905a409f003802620b0c1e5b74ec81d1d4802c20e872,DS_Styled_Gen5_8,DS_Styled_Gen5_8
PURE_PALETTE_RECOLOR,DS_CUSTOM_LIBRARY/packs/DS_Styled_Gen5_8/FRONT_SHINY/GROUDON_1.png,DS_CUSTOM_LIBRARY/packs/DS_Styled_Gen5_8/FRONT_NORMAL/GROUDON_1.png,3ce58ba88b44a3df6104134e03b55c9be51789a28fc464dd4ef7fae235346a2f,f6c08c273462ac33b5b028f80b3279c8851d8f6a8a2b0a1cf2557839fdbe214a,bd14b077d8bd5b5e4abbe18d1160f1e5368390eb8dc99c4159ebf98e8c4c1411,DS_Styled_Gen5_8,DS_Styled_Gen5_8
PURE_PALETTE_RECOLOR,DS_CUSTOM_LIBRARY/packs/DS_Styled_Gen5_8/FRONT_SHINY/ARCTOZOLT.png,DS_CUSTOM_LIBRARY/packs/DS_Styled_Gen5_8/FRONT_NORMAL/ARCTOZOLT.png,8a086240bfedf5e978c3eb2e6b55d0bb0b7250a80a6b77040fa6f77b8c6e9cd4,a520f3a59c0baae8fc4f25518f070d89aca80d4fb389aa5d5ade4653790ca590,b89d5133c8db38698e024c7674d80bb13d6fa6c7bc9e298ee196390f262d4dd7,DS_Styled_Gen5_8,DS_Styled_Gen5_8
PURE_PALETTE_RECOLOR,DS_CUSTOM_LIBRARY/packs/DS_Styled_Gen5_8/FRONT_SHINY/PIKACHU_15.png,DS_CUSTOM_LIBRARY/packs/DS_Styled_Gen5_8/FRONT_NORMAL/PIKACHU_15.png,913d512640dfe329caab8ead7c62acfbf6e40e5ac97a3dfb9f7e07aab9bcf738,85be032e3053b8af4216f03146850d542a975d0bba338b9d40de295288c194c5,0934aaf8fe6fbda6bce15e2fdf91a72bef5b71a44a2a6863e8a9f8ae54de333d,DS_Styled_Gen5_8,DS_Styled_Gen5_8
PURE_PALETTE_RECOLOR,DS_CUSTOM_LIBRARY/packs/DS_Styled_Gen5_8/FRONT_NORMAL/LATIOS_1.png,DS_CUSTOM_LIBRARY/packs/DS_Styled_Gen5_8/FRONT_NORMAL/LATIAS_1.png,27f5be75452147e37fbf7bec94f870d96974a1316bde8f739246f342c5a63dab,47bdb468b647a93b8e004a1df7b91b233aa90f0e0fec601b55f4f8f5940312d0,b9deb4477b14c27686b3e0bed22bb268bd30d6e42068377f5ac9de9ecea413d9,DS_Styled_Gen5_8,DS_Styled_Gen5_8
PURE_PALETTE_RECOLOR,DS_CUSTOM_LIBRARY/packs/DS_Styled_Gen5_8/FRONT_SHINY/LATIAS_1.png,DS_CUSTOM_LIBRARY/packs/DS_Styled_Gen5_8/FRONT_NORMAL/LATIAS_1.png,27f5be75452147e37fbf7bec94f870d96974a1316bde8f739246f342c5a63dab,4d50aafe4b1a1931e15c0e5595e92e271adec9136e5536410d00625b8c190a5a,b9deb4477b14c27686b3e0bed22bb268bd30d6e42068377f5ac9de9ecea413d9,DS_Styled_Gen5_8,DS_Styled_Gen5_8
PURE_PALETTE_RECOLOR,DS_CUSTOM_LIBRARY/packs/DS_Styled_Gen5_8/FRONT_SHINY/LATIOS_1.png,DS_CUSTOM_LIBRARY/packs/DS_Styled_Gen5_8/FRONT_NORMAL/LATIAS_1.png,27f5be75452147e37fbf7bec94f870d96974a1316bde8f739246f342c5a63dab,4cde6b43cc7a04a478db4c42257881e3e3450222f26aafa71028a438d255e4e0,b9deb4477b14c27686b3e0bed22bb268bd30d6e42068377f5ac9de9ecea413d9,DS_Styled_Gen5_8,DS_Styled_Gen5_8
PURE_PALETTE_RECOLOR,DS_CUSTOM_LIBRARY/packs/DS_Styled_Gen5_8/FRONT_NORMAL/SLOWBRO_1.png,DS_CUSTOM_LIBRARY/packs/DS_Styled_Gen5_8/FRONT_SHINY/SLOWBRO_1.png,3dd14008434cc9e54de38142b31acf1bb326063803b7d29b08f09808da879fcd,546d1acb2eccff934cb23a3f9d2e06fc17b47e6c9a4bb2b09a3a6944f1fed7d7,dd81f2e1452c6312a49b2bd944a071d6aae9e753e4b602663a199ca06bf5d547,DS_Styled_Gen5_8,DS_Styled_Gen5_8
PURE_PALETTE_RECOLOR,DS_CUSTOM_LIBRARY/packs/DS_Styled_Gen5_8/FRONT_SHINY/BARRASKEWDA.png,DS_CUSTOM_LIBRARY/packs/DS_Styled_Gen5_8/FRONT_NORMAL/BARRASKEWDA.png,ab9f4950410db207f28e8c00ed7362cd763bf253d020479e727e9ce4ea2a36ff,65cb869081fa09f83cf4cb6fccf16c61cc8bf1e48976d1ca56ba4e2d5e425fb8,c9eb70b24d5b42e23200b2b13fb8a939ee4e14fb24694550b9c0e46456ae1df1,DS_Styled_Gen5_8,DS_Styled_Gen5_8
PURE_PALETTE_RECOLOR,DS_CUSTOM_LIBRARY/packs/DS_Styled_Gen5_8/FRONT_NORMAL/CALYREX_2.png,DS_CUSTOM_LIBRARY/packs/DS_Styled_Gen5_8/FRONT_SHINY/CALYREX_2.png,c04e8e72d0378056b7e9868a36240b6b30943df6687a1d49a737703e8802a7b4,bb6e675abe3c93bbc861f2bcd446c21a007356291a44ca11a6cf47a85016f02d,0c8f07b3f226c463fee654dea034e4597d2e84e1cdf2583ac35b26c57546c4a8,DS_Styled_Gen5_8,DS_Styled_Gen5_8
PURE_PALETTE_RECOLOR,DS_CUSTOM_LIBRARY/packs/DS_Styled_Gen5_8/FRONT_NORMAL/ARAQUANID.png,DS_CUSTOM_LIBRARY/packs/DS_Styled_Gen5_8/FRONT_SHINY/ARAQUANID.png,fc2623b258f7350157cc31ecff403007a206b4e887f986373f5e81a5f9d5f845,1350ffa988634bb8d992493eb7120675558e7905da53da79ef19c06e4f2b1e8d,a888b1e8d053da12d9539288f3670a136d852a9ddd1f466e378b90cb01acec3b,DS_Styled_Gen5_8,DS_Styled_Gen5_8
PURE_PALETTE_RECOLOR,DS_CUSTOM_LIBRARY/packs/DS_Styled_Gen5_8/FRONT_SHINY/KLEFKI.png,DS_CUSTOM_LIBRARY/packs/DS_Styled_Gen5_8/FRONT_NORMAL/KLEFKI.png,ae9f69c466a8289d4bdd9938127310c70fc27e1fdbbc41405fcb32c5350eb024,f81ac2eac0a1621a3d776cd6a85fa6d06873ad66960a271c022eb8c65b058e0e,a8073e829d2c8d08f3f9d1d2a06f2fffa565dc520f45003109b301e624332316,DS_Styled_Gen5_8,DS_Styled_Gen5_8
PURE_PALETTE_RECOLOR,DS_CUSTOM_LIBRARY/packs/DS_Styled_Gen5_8/FRONT_SHINY/TYRUNT.png,DS_CUSTOM_LIBRARY/packs/DS_Styled_Gen5_8/FRONT_NORMAL/TYRUNT.png,039fd035a0143972b48f6f396f342de02ee4a0fcc4f1e7a5bcae9a7ee3dfda2a,70665ddf04d0d9c642d37cc5f4259bd56c64261b2959268db1c685bf488bb67d,ae151277aa84b860766912950281a74d7a415e7956795c98031117a2ec013f65,DS_Styled_Gen5_8,DS_Styled_Gen5_8
PURE_PALETTE_RECOLOR,DS_CUSTOM_LIBRARY/packs/DS_Styled_Gen5_8/FRONT_NORMAL/ARROKUDA.png,DS_CUSTOM_LIBRARY/packs/DS_Styled_Gen5_8/FRONT_SHINY/ARROKUDA.png,1740dcaa463c600b5bc8598fa72fb00f46e31b680e0c3aad53a7a05663b4698a,9b1a1ef7344ad53619cc5aebffd89b9b24cb0d79352f579146aa6a6837744bbd,515fdf0f5a9188113c004dfb478e5730c84a63cb440c1cfd8fbdc7778cf10168,DS_Styled_Gen5_8,DS_Styled_Gen5_8
PURE_PALETTE_RECOLOR,DS_CUSTOM_LIBRARY/packs/DS_Styled_Gen5_8/FRONT_SHINY/DOTTLER.png,DS_CUSTOM_LIBRARY/packs/DS_Styled_Gen5_8/FRONT_NORMAL/DOTTLER.png,f8b572c64a7f2af88e9faecdd5c051beaf033ab2830ca787e1c3ba91ea4835ab,5ec3d89b82c5ffef7433f9888db3f246d24f52359f8b4f0cac1934979e0b554b,ae02b11f2d676e2c0e90c34cf76b5a5c5076ce0c51efebdc710167271bca82c8,DS_Styled_Gen5_8,DS_Styled_Gen5_8
PURE_PALETTE_RECOLOR,DS_CUSTOM_LIBRARY/packs/DS_Styled_Gen5_8/FRONT_SHINY/STAKATAKA.png,DS_CUSTOM_LIBRARY/packs/DS_Styled_Gen5_8/FRONT_NORMAL/STAKATAKA.png,4225b9d67050987f5c008135e747e50a974752fabf0670bfd9d900f841a378e9,fa8b362a46c6981bcd10a2ced80b76374733e123bb05e490cc04e77506d94958,27e67ee05ab090e37121f7cd90f41af5b393b881cd1cc44247e3185c4e72a46f,DS_Styled_Gen5_8,DS_Styled_Gen5_8
PURE_PALETTE_RECOLOR,DS_CUSTOM_LIBRARY/packs/DS_Styled_Gen5_8/FRONT_SHINY/HERACROSS_1.png,DS_CUSTOM_LIBRARY/packs/DS_Styled_Gen5_8/FRONT_NORMAL/HERACROSS_1.png,0344b2a640de0a59b1f3f3f2de5756783c2a2f78ee85183872baecd593f3f1b0,dc0f64def5ef0d955c7947ca57655c3cb5e883071461c397088c0d5bfa702338,83aa610dcee3002cf7c1f93b2f65ffeaf209532c77e67633c62cb5484bdd9ad9,DS_Styled_Gen5_8,DS_Styled_Gen5_8
PURE_PALETTE_RECOLOR,DS_CUSTOM_LIBRARY/packs/DS_Styled_Gen5_8/FRONT_NORMAL/GRIMMSNARL.png,DS_CUSTOM_LIBRARY/packs/DS_Styled_Gen5_8/FRONT_SHINY/GRIMMSNARL.png,3df80f6d1d6bde93939fc2fed4d6c1b372d622bf0532bc3506cf7502b3801ad7,57467f007082d142f626deecac8ffa72b57e006c4bf70603eca3dc35a7aaf7a3,51d2513f7685bd23c2300950cc49b1bba3020fb7beb9d32113d8e2f146409be5,DS_Styled_Gen5_8,DS_Styled_Gen5_8
PURE_PALETTE_RECOLOR,DS_CUSTOM_LIBRARY/packs/DS_Styled_Gen5_8/FRONT_NORMAL/PIDGEOT_1.png,DS_CUSTOM_LIBRARY/packs/DS_Styled_Gen5_8/FRONT_SHINY/PIDGEOT_1.png,6607651c84b754e52c402197ce624c8e3898bb29facf4e7f8e65e598e31eacdd,7ee92e1e15415ed738bc82506abecfa18fd53c817c5b8394af3aecbb69a71e9d,fc64bb0a436b37aa0200e10bc2ca7ae02db21acb65e4e88488e698d55b66c748,DS_Styled_Gen5_8,DS_Styled_Gen5_8
PURE_PALETTE_RECOLOR,DS_CUSTOM_LIBRARY/packs/DS_Styled_Gen5_8/FRONT_SHINY/NECROZMA.png,DS_CUSTOM_LIBRARY/packs/DS_Styled_Gen5_8/FRONT_NORMAL/NECROZMA.png,317f1cf0cda3c5a353d55a27373235b6aefc2fa3ebf733e76047168ebd024173,04abacddfe9e274d46fda5a7b24417259137bd04029773e458d4706f71c45405,ae847ccf8e00701d41f9ea5cca21d0b7071fa6bd54037a40671ee75067ee5ecb,DS_Styled_Gen5_8,DS_Styled_Gen5_8
PURE_PALETTE_RECOLOR,DS_CUSTOM_LIBRARY/packs/DS_Styled_Gen5_8/FRONT_SHINY/GRUBBIN.png,DS_CUSTOM_LIBRARY/packs/DS_Styled_Gen5_8/FRONT_NORMAL/GRUBBIN.png,05678ddbaf15709a750b7682bd079152e8610f0959a0cc8fb30334c9a1a5e3ba,5d7754a1d348a994b1e86c5134c53f31fc961fc7c9597d0520d0a1efe8124b81,79628238e5863f9fd5fd6b55d56a1b6885349f8501e9f6cfe6452dd288349e1c,DS_Styled_Gen5_8,DS_Styled_Gen5_8
PURE_PALETTE_RECOLOR,DS_CUSTOM_LIBRARY/packs/DS_Styled_Gen5_8/FRONT_SHINY/VIVILLON_2.png,DS_CUSTOM_LIBRARY/packs/DS_Styled_Gen5_8/FRONT_NORMAL/VIVILLON_2.png,e85060d9a6d67568875451c525efece0e9a66dcda8da674a39c643415e623587,2dafa5fc626b66194ca317a61596783563485b3faa9ab1f23869fb854f0846ba,1e074964ce5af5cd0396f13f9c7eaf8c4575fad3be9b6e361738a0de5cce8f7c,DS_Styled_Gen5_8,DS_Styled_Gen5_8
PURE_PALETTE_RECOLOR,DS_CUSTOM_LIBRARY/packs/DS_Styled_Gen5_8/FRONT_NORMAL/TAPUBULU.png,DS_CUSTOM_LIBRARY/packs/DS_Styled_Gen5_8/FRONT_SHINY/TAPUBULU.png,466241d910ea81787e3d2f88a4c8dc95110fa9ed6ba4f85403f22cf1037d6f60,d9740d81fd005a457c4f260d6d3a1b9389608ba5fef237c93ab33443cd3bb4a9,efe6c76638fb48de564a894fc4efc82ead8b40245d3f6b4b212cf9a36e281821,DS_Styled_Gen5_8,DS_Styled_Gen5_8
PURE_PALETTE_RECOLOR,DS_CUSTOM_LIBRARY/packs/DS_Styled_Gen5_8/FRONT_NORMAL/PIKACHU_3.png,DS_CUSTOM_LIBRARY/packs/DS_Styled_Gen5_8/FRONT_SHINY/PIKACHU_3.png,b7b4ddeebf09f747c6c50b88dd049c58e716fc875b4e0d1dac9abf0055ecc2b8,ee3ff4b02fe141260377286ececc63c8ee50c046a5a7fc95d173c5edbf2a07cc,e86033fe653c9a8f1f060204de76a05bd41c56453d5f2174e954e42c37f69ae8,DS_Styled_Gen5_8,DS_Styled_Gen5_8
PURE_PALETTE_RECOLOR,DS_CUSTOM_LIBRARY/packs/DS_Styled_Gen5_8/FRONT_SHINY/ZAMAZENTA.png,DS_CUSTOM_LIBRARY/packs/DS_Styled_Gen5_8/FRONT_NORMAL/ZAMAZENTA.png,be56ff0776b51d3ee59795ede65a3b6388214acd0f32aedc5bed2199465c0449,24c1c307180e0849220ad74c88c8dfc10e58afb79f041009bee89e7a926d4f98,ad419d354802f638c502f8df78512138f29d0e6aa6c7ed65b78fb18e598eb580,DS_Styled_Gen5_8,DS_Styled_Gen5_8
PURE_PALETTE_RECOLOR,DS_CUSTOM_LIBRARY/packs/DS_Styled_Gen5_8/FRONT_NORMAL/MINIOR_9.png,DS_CUSTOM_LIBRARY/packs/DS_Styled_Gen5_8/FRONT_NORMAL/MINIOR_12.png,21b616f48db0122c52f4a08797af71f2710f937dc6a9ade82cf8e3e5f195fd8c,11085187c7e66c4a22ae35664d0e24d3e10cda39b5890398740e9ac0f57c9e54,43957dc47c784ba98bbeba508fadef5287e5ff12be892b95dfbfe8067ea97a6a,DS_Styled_Gen5_8,DS_Styled_Gen5_8
PURE_PALETTE_RECOLOR,DS_CUSTOM_LIBRARY/packs/DS_Styled_Gen5_8/FRONT_NORMAL/MINIOR_8.png,DS_CUSTOM_LIBRARY/packs/DS_Styled_Gen5_8/FRONT_NORMAL/MINIOR_12.png,21b616f48db0122c52f4a08797af71f2710f937dc6a9ade82cf8e3e5f195fd8c,f8928c37d156c0a011cd5926db6f32e1938aaa398465d8f5b8fc8b780f8338bf,43957dc47c784ba98bbeba508fadef5287e5ff12be892b95dfbfe8067ea97a6a,DS_Styled_Gen5_8,DS_Styled_Gen5_8
PURE_PALETTE_RECOLOR,DS_CUSTOM_LIBRARY/packs/DS_Styled_Gen5_8/FRONT_NORMAL/MINIOR_11.png,DS_CUSTOM_LIBRARY/packs/DS_Styled_Gen5_8/FRONT_NORMAL/MINIOR_12.png,21b616f48db0122c52f4a08797af71f2710f937dc6a9ade82cf8e3e5f195fd8c,bcd5f6830d3ef6f74672d51466a95984b3794fc72f1dee78539fef04f00d9848,43957dc47c784ba98bbeba508fadef5287e5ff12be892b95dfbfe8067ea97a6a,DS_Styled_Gen5_8,DS_Styled_Gen5_8
PURE_PALETTE_RECOLOR,DS_CUSTOM_LIBRARY/packs/DS_Styled_Gen5_8/FRONT_NORMAL/MINIOR_7.png,DS_CUSTOM_LIBRARY/packs/DS_Styled_Gen5_8/FRONT_NORMAL/MINIOR_12.png,21b616f48db0122c52f4a08797af71f2710f937dc6a9ade82cf8e3e5f195fd8c,3c3d5d9cdd0ae8d1d8e9c2c3d162db7f60b9978aeac5ef87648509b10b74ff26,43957dc47c784ba98bbeba508fadef5287e5ff12be892b95dfbfe8067ea97a6a,DS_Styled_Gen5_8,DS_Styled_Gen5_8
PURE_PALETTE_RECOLOR,DS_CUSTOM_LIBRARY/packs/DS_Styled_Gen5_8/FRONT_NORMAL/MINIOR_13.png,DS_CUSTOM_LIBRARY/packs/DS_Styled_Gen5_8/FRONT_NORMAL/MINIOR_12.png,21b616f48db0122c52f4a08797af71f2710f937dc6a9ade82cf8e3e5f195fd8c,8aae11851d0933d5990c5ca93f6a51fe70c86c5e9f2df48d90eb04a6f0ee7e29,43957dc47c784ba98bbeba508fadef5287e5ff12be892b95dfbfe8067ea97a6a,DS_Styled_Gen5_8,DS_Styled_Gen5_8
PURE_PALETTE_RECOLOR,DS_CUSTOM_LIBRARY/packs/DS_Styled_Gen5_8/FRONT_NORMAL/MINIOR_10.png,DS_CUSTOM_LIBRARY/packs/DS_Styled_Gen5_8/FRONT_NORMAL/MINIOR_12.png,21b616f48db0122c52f4a08797af71f2710f937dc6a9ade82cf8e3e5f195fd8c,3ce19299f7c3df899669b2c9bf229a37913d56df263b6cca5568a105aed4cad7,43957dc47c784ba98bbeba508fadef5287e5ff12be892b95dfbfe8067ea97a6a,DS_Styled_Gen5_8,DS_Styled_Gen5_8
PURE_PALETTE_RECOLOR,DS_CUSTOM_LIBRARY/packs/DS_Styled_Gen5_8/FRONT_SHINY/MINIOR_9.png,DS_CUSTOM_LIBRARY/packs/DS_Styled_Gen5_8/FRONT_NORMAL/MINIOR_12.png,21b616f48db0122c52f4a08797af71f2710f937dc6a9ade82cf8e3e5f195fd8c,28d1b6377f329b2b3a062cf80a5dffc41ff87a66fe2e8b18d955cd7e85840810,43957dc47c784ba98bbeba508fadef5287e5ff12be892b95dfbfe8067ea97a6a,DS_Styled_Gen5_8,DS_Styled_Gen5_8
PURE_PALETTE_RECOLOR,DS_CUSTOM_LIBRARY/packs/DS_Styled_Gen5_8/FRONT_SHINY/MINIOR_12.png,DS_CUSTOM_LIBRARY/packs/DS_Styled_Gen5_8/FRONT_NORMAL/MINIOR_12.png,21b616f48db0122c52f4a08797af71f2710f937dc6a9ade82cf8e3e5f195fd8c,7a45e35e013823317fa85fbffa03204d3bd2b49ad273172f21ffd37fe71c1249,43957dc47c784ba98bbeba508fadef5287e5ff12be892b95dfbfe8067ea97a6a,DS_Styled_Gen5_8,DS_Styled_Gen5_8
PURE_PALETTE_RECOLOR,DS_CUSTOM_LIBRARY/packs/DS_Styled_Gen5_8/FRONT_SHINY/MINIOR_8.png,DS_CUSTOM_LIBRARY/packs/DS_Styled_Gen5_8/FRONT_NORMAL/MINIOR_12.png,21b616f48db0122c52f4a08797af71f2710f937dc6a9ade82cf8e3e5f195fd8c,932c6ca2bfd88e5e08a3c66224e658d3fe6986e7ca0c7d8ff223e8b4dcf90f01,43957dc47c784ba98bbeba508fadef5287e5ff12be892b95dfbfe8067ea97a6a,DS_Styled_Gen5_8,DS_Styled_Gen5_8
PURE_PALETTE_RECOLOR,DS_CUSTOM_LIBRARY/packs/DS_Styled_Gen5_8/FRONT_SHINY/MINIOR_11.png,DS_CUSTOM_LIBRARY/packs/DS_Styled_Gen5_8/FRONT_NORMAL/MINIOR_12.png,21b616f48db0122c52f4a08797af71f2710f937dc6a9ade82cf8e3e5f195fd8c,51991ea17bc6da487af723ba38d197d5ebf34aa62a035680779aa3412f4745fd,43957dc47c784ba98bbeba508fadef5287e5ff12be892b95dfbfe8067ea97a6a,DS_Styled_Gen5_8,DS_Styled_Gen5_8
PURE_PALETTE_RECOLOR,DS_CUSTOM_LIBRARY/packs/DS_Styled_Gen5_8/FRONT_SHINY/MINIOR_7.png,DS_CUSTOM_LIBRARY/packs/DS_Styled_Gen5_8/FRONT_NORMAL/MINIOR_12.png,21b616f48db0122c52f4a08797af71f2710f937dc6a9ade82cf8e3e5f195fd8c,2c81a11cac750b7a400854cdcbd4b0f929d3e90a8d371ae1aee0c5bb7c296b4d,43957dc47c784ba98bbeba508fadef5287e5ff12be892b95dfbfe8067ea97a6a,DS_Styled_Gen5_8,DS_Styled_Gen5_8
PURE_PALETTE_RECOLOR,DS_CUSTOM_LIBRARY/packs/DS_Styled_Gen5_8/FRONT_SHINY/MINIOR_13.png,DS_CUSTOM_LIBRARY/packs/DS_Styled_Gen5_8/FRONT_NORMAL/MINIOR_12.png,21b616f48db0122c52f4a08797af71f2710f937dc6a9ade82cf8e3e5f195fd8c,95a9591a59375d08097b456ba1d029acb634d77a6804a68cd6cb6335c84dc3ec,43957dc47c784ba98bbeba508fadef5287e5ff12be892b95dfbfe8067ea97a6a,DS_Styled_Gen5_8,DS_Styled_Gen5_8
PURE_PALETTE_RECOLOR,DS_CUSTOM_LIBRARY/packs/DS_Styled_Gen5_8/FRONT_SHINY/MINIOR_10.png,DS_CUSTOM_LIBRARY/packs/DS_Styled_Gen5_8/FRONT_NORMAL/MINIOR_12.png,21b616f48db0122c52f4a08797af71f2710f937dc6a9ade82cf8e3e5f195fd8c,43f7712d03e66f6569bf36e55a6455d0f1f7c79956cc695084b994fa9ca74739,43957dc47c784ba98bbeba508fadef5287e5ff12be892b95dfbfe8067ea97a6a,DS_Styled_Gen5_8,DS_Styled_Gen5_8
PURE_PALETTE_RECOLOR,DS_CUSTOM_LIBRARY/packs/DS_Styled_Gen5_8/FRONT_SHINY/PIKACHU_2.png,DS_CUSTOM_LIBRARY/packs/DS_Styled_Gen5_8/FRONT_NORMAL/PIKACHU_2.png,ca82899b3754b19afff5599556455122b47520409241a60a2faaa1b0d3c40876,49e34f8eff842444e826b4be646cc7fde3f5e80e64022ac3c437a3b715d5357a,69afa20335ab8b2ed79532075b6b7b22466419fc14ceab39033be644df0a4548,DS_Styled_Gen5_8,DS_Styled_Gen5_8
PURE_PALETTE_RECOLOR,DS_CUSTOM_LIBRARY/packs/DS_Styled_Gen5_8/FRONT_NORMAL/MILCERY.png,DS_CUSTOM_LIBRARY/packs/DS_Styled_Gen5_8/FRONT_SHINY/MILCERY.png,144b04fb4f01eac01dae15466160edb853622965e8a566e67eaf031d439bcc32,d6cb45a2aaabe10321fdaf218e5fa8df4043e5d55d71b888dbd7e77964d1e198,b146215c50545d3f821f7f4a1f4663de6f409808721220ec99b8cf86e8f982a7,DS_Styled_Gen5_8,DS_Styled_Gen5_8
PURE_PALETTE_RECOLOR,DS_CUSTOM_LIBRARY/packs/DS_Styled_Gen5_8/FRONT_NORMAL/SIZZLIPEDE.png,DS_CUSTOM_LIBRARY/packs/DS_Styled_Gen5_8/FRONT_SHINY/SIZZLIPEDE.png,9dd56e3e76ac001c60a6e1abc36febd730772cff804ef646c98ca01347aa7478,f094891ec371081eef774ab9327f50f8ddc8a3058298fc88b01ff0cf619c5182,d4d2e16d8598c5fde485925413eec18d7793b79916f72495c5a1db4c701de7c4,DS_Styled_Gen5_8,DS_Styled_Gen5_8
PURE_PALETTE_RECOLOR,DS_CUSTOM_LIBRARY/packs/DS_Styled_Gen5_8/FRONT_SHINY/LYCANROC.png,DS_CUSTOM_LIBRARY/packs/DS_Styled_Gen5_8/FRONT_NORMAL/LYCANROC.png,f2e14b6aa08c6bfb5ee878d65f83877e2f0d229abae7657a546ad82db0d29ee3,7438caf3127bce443c012910c13d581ee14d74003e9acab29b5443d244a29844,6acc17ed7d6fa74c09b6a7ae9cbf3466c85d1e51d2ecc9f9c2cf458c27b8a732,DS_Styled_Gen5_8,DS_Styled_Gen5_8
PURE_PALETTE_RECOLOR,DS_CUSTOM_LIBRARY/packs/DS_Styled_Gen5_8/FRONT_NORMAL/BOUNSWEET.png,DS_CUSTOM_LIBRARY/packs/DS_Styled_Gen5_8/FRONT_SHINY/BOUNSWEET.png,8783975b67343f5a5cae1cdbd8d94bbe8eadaeced8b7eb2bcae133c5264a456b,32058361a2448e55487a0ddf382c2fa7a6d6c95d3117c44283d52cadb17504eb,d314a9e2c3c08e3ed1bd1f729a7bcdb1e7c58357bce681cb1c2dd931e10e3320,DS_Styled_Gen5_8,DS_Styled_Gen5_8
PURE_PALETTE_RECOLOR,DS_CUSTOM_LIBRARY/packs/DS_Styled_Gen5_8/FRONT_SHINY/VIVILLON_12.png,DS_CUSTOM_LIBRARY/packs/DS_Styled_Gen5_8/FRONT_NORMAL/VIVILLON_12.png,29974e7da49bb1a738295deb3e9dd4bf5cc5bcb61a4a5430b507d4eb627a3d1c,1e88d17467f5034507aa20747e7dd8d234ab2b4634e747e42913ec881b8a1361,751b824d6729ab5ecdd243609f94a1803bd14b55013b2795061872b09b5db6e9,DS_Styled_Gen5_8,DS_Styled_Gen5_8
PURE_PALETTE_RECOLOR,DS_CUSTOM_LIBRARY/packs/DS_Styled_Gen5_8/FRONT_NORMAL/DRAGALGE.png,DS_CUSTOM_LIBRARY/packs/DS_Styled_Gen5_8/FRONT_SHINY/DRAGALGE.png,06f8c192bdac79edf2e27534e01b3f1a348045bb4a4657417753ce1de91db7a6,0409db4aab2966bbefbf74778e8f7c2f5c29d32dd75c923c9bd719752327d06b,20413d1ff480a26d059700638ea6c9f422dbc71575b8b5cb6a278117f00a5ec4,DS_Styled_Gen5_8,DS_Styled_Gen5_8
PURE_PALETTE_RECOLOR,DS_CUSTOM_LIBRARY/packs/DS_Styled_Gen5_8/FRONT_NORMAL/VIVILLON_7.png,DS_CUSTOM_LIBRARY/packs/DS_Styled_Gen5_8/FRONT_SHINY/VIVILLON_7.png,95f30b68770c75ef97e68c33a679f161e7d3518354e709c4c36d6b9f0cb93aa3,3244ee1b77ddc70ef23401ff18ffe7fd3c87328b160b92137aef89d47f42cceb,9e06add2bd6ee1a1f4f4ccdef5b5e7c13e0d110e34b4623e7c93b4e614564851,DS_Styled_Gen5_8,DS_Styled_Gen5_8
PURE_PALETTE_RECOLOR,DS_CUSTOM_LIBRARY/packs/DS_Styled_Gen5_8/FRONT_NORMAL/SIRFETCHD.png,DS_CUSTOM_LIBRARY/packs/DS_Styled_Gen5_8/FRONT_SHINY/SIRFETCHD.png,01a320731d7dd719b8ec8de74559c795c8d4ef8ac42938bd183df8c91deefb02,98a3a33a522fefbd99225f2cc63ec41eebca2ac44dbb8f87972f958164eb50ea,a31b242523977ae22737162fe5d53fdb6b459b40badae9b00cb857b07daaae64,DS_Styled_Gen5_8,DS_Styled_Gen5_8
PURE_PALETTE_RECOLOR,DS_CUSTOM_LIBRARY/packs/DS_Styled_Gen5_8/FRONT_SHINY/MAGEARNA.png,DS_CUSTOM_LIBRARY/packs/DS_Styled_Gen5_8/FRONT_NORMAL/MAGEARNA.png,ace4c5fa45eec228db9ecaf011208b97ffe9ed25f0be8c47ff6569e497d6d495,a062ce8694e27e2098e952511e74547b4179fa34af91ef0e8e86286607b1a57d,8a151f3ca2ac9aa63c04b1e0e6137d7a9f1b28a3deed109e8a2fe520197efb55,DS_Styled_Gen5_8,DS_Styled_Gen5_8
PURE_PALETTE_RECOLOR,DS_CUSTOM_LIBRARY/packs/DS_Styled_Gen5_8/FRONT_NORMAL/ALAKAZAM_1.png,DS_CUSTOM_LIBRARY/packs/DS_Styled_Gen5_8/FRONT_SHINY/ALAKAZAM_1.png,a0be0815b676e2c1f7446a91e5fe2be21d1de9680dc19926f7ffe03bfb7d0bc1,eb9ae52efa52ec3ee916dc17eff2f9bbb5f33cd8d8bbf0435cce7f7d7804c2c4,73f76f796fd016d518aa94d3956e88f289c978c3d3605c48526a612e6db5839c,DS_Styled_Gen5_8,DS_Styled_Gen5_8
PURE_PALETTE_RECOLOR,DS_CUSTOM_LIBRARY/packs/DS_Styled_Gen5_8/FRONT_SHINY/COSMOG.png,DS_CUSTOM_LIBRARY/packs/DS_Styled_Gen5_8/FRONT_NORMAL/COSMOG.png,f00ec628e6fb472621a0258193cb2b8875dd39a601833e3f4b909622b99d67ac,66bab6de56f36fab522055009e484d69e3b8fdfdfc6569c703af0062b3a251cf,3de33d3cbadd03e9930dc736c1001748ab32f51a6b2641ed7753ed1828777d24,DS_Styled_Gen5_8,DS_Styled_Gen5_8
PURE_PALETTE_RECOLOR,DS_CUSTOM_LIBRARY/packs/DS_Styled_Gen5_8/FRONT_NORMAL/VIVILLON_3.png,DS_CUSTOM_LIBRARY/packs/DS_Styled_Gen5_8/FRONT_SHINY/VIVILLON_3.png,067a15feaa1b5a9b2e4dbfa7ccabaf50572f87de491ff1b0419a16e85d32e3ac,c2f8622211d29e0e0d67a533c9d15f7a1f4d79413092853ca82080740d7396dc,a638bf591093049d675b8310575546c7195d789ba1aa4a245e65c9e645728fe1,DS_Styled_Gen5_8,DS_Styled_Gen5_8
PURE_PALETTE_RECOLOR,DS_CUSTOM_LIBRARY/packs/DS_Styled_Gen5_8/FRONT_NORMAL/INTELEON_gmax.png,DS_CUSTOM_LIBRARY/packs/DS_Styled_Gen5_8/FRONT_SHINY/INTELEON_gmax.png,d659ca61bcec2113b8c4309dae23ebf0faa121c0649c9e348f6e415cd043ea65,1cab2e1fd7be0a31d867989c4183dbab487bce88e4b242bf9829434bb6db29cf,6f26b59005121a26edb6d9ae0be1263a374780e4da35b36a52812e53da6f8604,DS_Styled_Gen5_8,DS_Styled_Gen5_8
PURE_PALETTE_RECOLOR,DS_CUSTOM_LIBRARY/packs/DS_Styled_Gen5_8/FRONT_SHINY/BLACEPHALON.png,DS_CUSTOM_LIBRARY/packs/DS_Styled_Gen5_8/FRONT_NORMAL/BLACEPHALON.png,c40c46cde965e291a85f0c81d2cbe93cab7cc9f66bac721044d80717438603e6,423ba2f00290778833080b57359a7f370ef5637248f4aded32bc9fa602b59855,9a0edcde4cc6b16f65e1c70dc866f724de9932f786b75372a4bf86fbfe785799,DS_Styled_Gen5_8,DS_Styled_Gen5_8
PURE_PALETTE_RECOLOR,DS_CUSTOM_LIBRARY/packs/DS_Styled_Gen5_8/FRONT_SHINY/TSAREENA.png,DS_CUSTOM_LIBRARY/packs/DS_Styled_Gen5_8/FRONT_NORMAL/TSAREENA.png,ef07a65dbd8b9ae71e59fa079fbacbe6da15dfb14005e8e1e471e671164179fe,99fc98f4727c0c2002a4d04850047b5c8942280ff9320e6e4d02c920b6a2fd73,ba2bf9940f050aea81cf35a5e911ddacaccf5844b8fa02bf809f36a7a1756e58,DS_Styled_Gen5_8,DS_Styled_Gen5_8
PURE_PALETTE_RECOLOR,DS_CUSTOM_LIBRARY/packs/DS_Styled_Gen5_8/FRONT_SHINY/DRAMPA.png,DS_CUSTOM_LIBRARY/packs/DS_Styled_Gen5_8/FRONT_NORMAL/DRAMPA.png,f7b2639507b475f56094ed4c948b27a3ff29feccdfd55eddb4442a05d24d9e21,d1d74bdd10773241144617abfbf17e06e71b08c71e35f314548fc62693e1f8df,fa8ff7a3149a1f029d8dd0d1079aca0b97d904abad13c2681c3a0563f6300b28,DS_Styled_Gen5_8,DS_Styled_Gen5_8
PURE_PALETTE_RECOLOR,DS_CUSTOM_LIBRARY/packs/DS_Styled_Gen5_8/FRONT_SHINY/ZAPDOS_1.png,DS_CUSTOM_LIBRARY/packs/DS_Styled_Gen5_8/FRONT_NORMAL/ZAPDOS_1.png,73a79b524f653f77d8c6b8dc9f8dab10944b34b1e170b261203658040d7a2ed7,d23a5d4446b359d82e32bc1740305ac9022126c37110ce1419958a3e1374259d,32f095408291daeb9d81c2f1dbab50cd6ad7facc557833c2c9b8a1b9251da758,DS_Styled_Gen5_8,DS_Styled_Gen5_8
PURE_PALETTE_RECOLOR,DS_CUSTOM_LIBRARY/packs/DS_Styled_Gen5_8/FRONT_SHINY/DRIZZILE.png,DS_CUSTOM_LIBRARY/packs/DS_Styled_Gen5_8/FRONT_NORMAL/DRIZZILE.png,0b4a4d89dbdbc652bed8e474aaad556c3a8edf5e8c3834c99b7c2376e0cd77fa,5d9f5f95b09ff4955b6528d91bc01fdd3011247ae143ed4c66ab5a4f3ba331f0,6093795cf1d38f510bcafc1d7a23a52d190ae1d2e16d3e00f53ef56027f39382,DS_Styled_Gen5_8,DS_Styled_Gen5_8
PURE_PALETTE_RECOLOR,DS_CUSTOM_LIBRARY/packs/DS_Styled_Gen5_8/FRONT_SHINY/PIKACHU_12.png,DS_CUSTOM_LIBRARY/packs/DS_Styled_Gen5_8/FRONT_NORMAL/PIKACHU_12.png,7611b8b189b7b88320f1e7375b3785c07cafabafa08a6d286475e1e02f86213b,8234b6244c2efa512418c36bf9693aca030f1f01d8bf752536e4731d2eb8eb69,1b089124e451d4eff4874d0cdcd2372a1f760b87c8999e1836c370accc83b9ac,DS_Styled_Gen5_8,DS_Styled_Gen5_8
PURE_PALETTE_RECOLOR,DS_CUSTOM_LIBRARY/packs/DS_Styled_Gen5_8/FRONT_SHINY/URSHIFU_1_gmax.png,DS_CUSTOM_LIBRARY/packs/DS_Styled_Gen5_8/FRONT_NORMAL/URSHIFU_1_gmax.png,5101e63c2880193fce63032e4d9cddf824856c8588b6fcc2f20e285cffd5ab27,e436d2d264ae78c1d63861f85cebc2f45735a3316e406dbd31b12c049ff9be91,912c2df5bba0aa32d5d3810530e6a208962094c68cbffa23134be68e30ed258b,DS_Styled_Gen5_8,DS_Styled_Gen5_8
PURE_PALETTE_RECOLOR,DS_CUSTOM_LIBRARY/packs/DS_Styled_Gen5_8/FRONT_SHINY/MORPEKO_1.png,DS_CUSTOM_LIBRARY/packs/DS_Styled_Gen5_8/FRONT_NORMAL/MORPEKO_1.png,e0baf213fde982a2636e5b5d4d0b357ac1050805fa6d9c46af4d24380b448166,71d4617093b990476b1219d7dd3f65f4bbe8d62cbc9c94a78e883d4139b84ae5,cb164b6c76a05c4c604ef8ae8885645df145781038b75e89cae031556b7b31b4,DS_Styled_Gen5_8,DS_Styled_Gen5_8
PURE_PALETTE_RECOLOR,DS_CUSTOM_LIBRARY/packs/DS_Styled_Gen5_8/FRONT_SHINY/MIMIKYU_1.png,DS_CUSTOM_LIBRARY/packs/DS_Styled_Gen5_8/FRONT_NORMAL/MIMIKYU_1.png,b28bd6db6b9d2b22a64737cfd670937a92ee7d490efe02fa8c4f87404eb6bbc1,c77e2ed2eac266cff3652249e1040aeabe3c8e61799fb0d294e5ce9b6cb564c0,28778f88400297458749d69d9f9564aeb3eb15974be7160c4a8e40b533c8aab2,DS_Styled_Gen5_8,DS_Styled_Gen5_8
PURE_PALETTE_RECOLOR,DS_CUSTOM_LIBRARY/packs/DS_Styled_Gen5_8/FRONT_NORMAL/SINISTEA.png,DS_CUSTOM_LIBRARY/packs/DS_Styled_Gen5_8/FRONT_SHINY/SINISTEA.png,c4fbebe8d7384e64075746881a43c335e7d603c1a890eeb6baec80be91b9e8ca,26e7008d0f88be8c646ba85970f67febfe13e6590fb3136981d717ad10352be6,abcc55573477fa4ad244e711bfbfd7e2c3ae9afcf9b9b927aacd55feb898a9dc,DS_Styled_Gen5_8,DS_Styled_Gen5_8
PURE_PALETTE_RECOLOR,DS_CUSTOM_LIBRARY/packs/DS_Styled_Gen5_8/FRONT_NORMAL/CARBINK.png,DS_CUSTOM_LIBRARY/packs/DS_Styled_Gen5_8/FRONT_SHINY/CARBINK.png,a0fd09b332e3086d3fb66f0aa4d27304198da0328880b5ff1ab7339dc45ce0d4,7a587906c00e00a4b750e3cc7690335417d03f6742fa704243b9c24a1656605d,bd1ff6970b9562041aaa335f9dfe95f1bb7d985ebdb8ae72e870ada696883888,DS_Styled_Gen5_8,DS_Styled_Gen5_8
PURE_PALETTE_RECOLOR,DS_CUSTOM_LIBRARY/packs/DS_Styled_Gen5_8/FRONT_NORMAL/RATTATA_1.png,DS_CUSTOM_LIBRARY/packs/DS_Styled_Gen5_8/FRONT_SHINY/RATTATA_1.png,5be4c1bb049dc34a73b1785d977260df5ea29301d63d3eaa5a1f40118c5a26a6,b327673039c86c3f5681a3f05fa71df7d6550d0569fd38de50b8552072e67b19,809c19dd1f78b1a59f028242e90693465f07e1035e13016c682daf4faef9e31e,DS_Styled_Gen5_8,DS_Styled_Gen5_8
PURE_PALETTE_RECOLOR,DS_CUSTOM_LIBRARY/packs/DS_Styled_Gen5_8/FRONT_SHINY/REGIELEKI.png,DS_CUSTOM_LIBRARY/packs/DS_Styled_Gen5_8/FRONT_NORMAL/REGIELEKI.png,26547f78a3803805335bb6e30e57da264b1e646dfd27bf2ecc21759aa9884a2b,fa04f504e0da35dbf57bebfca20fcb3d58c4d623ac3062ae63197a11e01c1d58,d7db597ab35555e3772f7b5cea5168bc2fa0d4312a7a56ee0ddb941b1b30244b,DS_Styled_Gen5_8,DS_Styled_Gen5_8
PURE_PALETTE_RECOLOR,DS_CUSTOM_LIBRARY/packs/DS_Styled_Gen5_8/FRONT_NORMAL/MAWILE_1.png,DS_CUSTOM_LIBRARY/packs/DS_Styled_Gen5_8/FRONT_SHINY/MAWILE_1.png,433ebe700b0747bc651cf83a7b9ec0a15dbc7007ee0bbe561c3313a9f6081e4c,aba2478ead524e7754890418a10f668e3233f78fa76333da9ef2e1cd28064b09,688f9364db09a06414e2fe7a4be5ecea86db78b535bfed6d80b5a41e216df6ab,DS_Styled_Gen5_8,DS_Styled_Gen5_8
PURE_PALETTE_RECOLOR,DS_CUSTOM_LIBRARY/packs/DS_Styled_Gen5_8/FRONT_NORMAL/FLABEBE_4.png,DS_CUSTOM_LIBRARY/packs/DS_Styled_Gen5_8/FRONT_SHINY/FLABEBE_2.png,3b2c8f01b65d98d2006c40fbed79cfaed15ff2d28924ea0b6eef20c30748465d,2b5679345ebad68c0ba9327b2a4fef21861825fa11b90599f9be63f8f005f611,47c42dd29bc522a097189e822d1bf4ab4fb50bf2e9f0d8e629878e79fd7a588d,DS_Styled_Gen5_8,DS_Styled_Gen5_8
PURE_PALETTE_RECOLOR,DS_CUSTOM_LIBRARY/packs/DS_Styled_Gen5_8/FRONT_NORMAL/FLABEBE.png,DS_CUSTOM_LIBRARY/packs/DS_Styled_Gen5_8/FRONT_SHINY/FLABEBE_2.png,3b2c8f01b65d98d2006c40fbed79cfaed15ff2d28924ea0b6eef20c30748465d,4ee42a9a24d6873f32610844fca18fadb412c22587689fbd2805eed4b6b40d66,47c42dd29bc522a097189e822d1bf4ab4fb50bf2e9f0d8e629878e79fd7a588d,DS_Styled_Gen5_8,DS_Styled_Gen5_8
PURE_PALETTE_RECOLOR,DS_CUSTOM_LIBRARY/packs/DS_Styled_Gen5_8/FRONT_NORMAL/FLABEBE_2.png,DS_CUSTOM_LIBRARY/packs/DS_Styled_Gen5_8/FRONT_SHINY/FLABEBE_2.png,3b2c8f01b65d98d2006c40fbed79cfaed15ff2d28924ea0b6eef20c30748465d,f56fc6eae0fbb7f53fb384804562c0210e1df087d221035a4155b9ede4752449,47c42dd29bc522a097189e822d1bf4ab4fb50bf2e9f0d8e629878e79fd7a588d,DS_Styled_Gen5_8,DS_Styled_Gen5_8
PURE_PALETTE_RECOLOR,DS_CUSTOM_LIBRARY/packs/DS_Styled_Gen5_8/FRONT_NORMAL/FLABEBE_1.png,DS_CUSTOM_LIBRARY/packs/DS_Styled_Gen5_8/FRONT_SHINY/FLABEBE_2.png,3b2c8f01b65d98d2006c40fbed79cfaed15ff2d28924ea0b6eef20c30748465d,b8f2b0dd7bd667b910d2fe5d9e4e526b4f21bf8232468ff727e1c86d1eb6556b,47c42dd29bc522a097189e822d1bf4ab4fb50bf2e9f0d8e629878e79fd7a588d,DS_Styled_Gen5_8,DS_Styled_Gen5_8
PURE_PALETTE_RECOLOR,DS_CUSTOM_LIBRARY/packs/DS_Styled_Gen5_8/FRONT_NORMAL/FLABEBE_3.png,DS_CUSTOM_LIBRARY/packs/DS_Styled_Gen5_8/FRONT_SHINY/FLABEBE_2.png,3b2c8f01b65d98d2006c40fbed79cfaed15ff2d28924ea0b6eef20c30748465d,d1edc0f10e84d0b2abe3f8646d854274e5712ccab24555c54b7bcd5fdeb5ec91,47c42dd29bc522a097189e822d1bf4ab4fb50bf2e9f0d8e629878e79fd7a588d,DS_Styled_Gen5_8,DS_Styled_Gen5_8
PURE_PALETTE_RECOLOR,DS_CUSTOM_LIBRARY/packs/DS_Styled_Gen5_8/FRONT_SHINY/FLABEBE_4.png,DS_CUSTOM_LIBRARY/packs/DS_Styled_Gen5_8/FRONT_SHINY/FLABEBE_2.png,3b2c8f01b65d98d2006c40fbed79cfaed15ff2d28924ea0b6eef20c30748465d,97216010e178ae9ecdb62fa0c4ce68b1c888dc5c2c1240d719549cb9e1c6e73a,47c42dd29bc522a097189e822d1bf4ab4fb50bf2e9f0d8e629878e79fd7a588d,DS_Styled_Gen5_8,DS_Styled_Gen5_8
PURE_PALETTE_RECOLOR,DS_CUSTOM_LIBRARY/packs/DS_Styled_Gen5_8/FRONT_SHINY/FLABEBE.png,DS_CUSTOM_LIBRARY/packs/DS_Styled_Gen5_8/FRONT_SHINY/FLABEBE_2.png,3b2c8f01b65d98d2006c40fbed79cfaed15ff2d28924ea0b6eef20c30748465d,7d35da5afd3e549f923d810592510f51ecff3710ea17e28bb0c77c4e5715b4d5,47c42dd29bc522a097189e822d1bf4ab4fb50bf2e9f0d8e629878e79fd7a588d,DS_Styled_Gen5_8,DS_Styled_Gen5_8
PURE_PALETTE_RECOLOR,DS_CUSTOM_LIBRARY/packs/DS_Styled_Gen5_8/FRONT_SHINY/FLABEBE_1.png,DS_CUSTOM_LIBRARY/packs/DS_Styled_Gen5_8/FRONT_SHINY/FLABEBE_2.png,3b2c8f01b65d98d2006c40fbed79cfaed15ff2d28924ea0b6eef20c30748465d,b3ab1fd3676cb8056559aba4ca1dcbc901165e6170c00a4b3ec074658a9dae38,47c42dd29bc522a097189e822d1bf4ab4fb50bf2e9f0d8e629878e79fd7a588d,DS_Styled_Gen5_8,DS_Styled_Gen5_8
PURE_PALETTE_RECOLOR,DS_CUSTOM_LIBRARY/packs/DS_Styled_Gen5_8/FRONT_SHINY/FLABEBE_3.png,DS_CUSTOM_LIBRARY/packs/DS_Styled_Gen5_8/FRONT_SHINY/FLABEBE_2.png,3b2c8f01b65d98d2006c40fbed79cfaed15ff2d28924ea0b6eef20c30748465d,7e3b72dfd0fca442251ef6cb2f0b5b623bba32c39183467efaf90cd5c44a6b50,47c42dd29bc522a097189e822d1bf4ab4fb50bf2e9f0d8e629878e79fd7a588d,DS_Styled_Gen5_8,DS_Styled_Gen5_8
PURE_PALETTE_RECOLOR,DS_CUSTOM_LIBRARY/packs/DS_Styled_Gen5_8/FRONT_SHINY/CARKOL.png,DS_CUSTOM_LIBRARY/packs/DS_Styled_Gen5_8/FRONT_NORMAL/CARKOL.png,176f27e211f2fc50bf6e583ad4fc6edc70ab082b306eff5ba3352781252c79fc,6c0d2c3d4309ed0b77060bd76ee68afe7ebf9d878dc63532eff263f1ba99e03a,18033cb9c3c16058eee3bf9078ae744d4987c9b8222141a54d8196fa9e764bfb,DS_Styled_Gen5_8,DS_Styled_Gen5_8
PURE_PALETTE_RECOLOR,DS_CUSTOM_LIBRARY/packs/DS_Styled_Gen5_8/FRONT_NORMAL/HATTREM.png,DS_CUSTOM_LIBRARY/packs/DS_Styled_Gen5_8/FRONT_SHINY/HATTREM.png,bd40c6162228ec39473f4ad30dd303a5518c8a4d85f30632ed87409fd0ab1247,f4213db8deb58f80db13be62d6d361a7f0e0cbe460979b1b79d855a3706dcd41,e05869c1f4ff3388ec4d332940dc43fc68f498a2f319b9c32692084f76cb7651,DS_Styled_Gen5_8,DS_Styled_Gen5_8
PURE_PALETTE_RECOLOR,DS_CUSTOM_LIBRARY/packs/DS_Styled_Gen5_8/FRONT_SHINY/GOSSIFLEUR.png,DS_CUSTOM_LIBRARY/packs/DS_Styled_Gen5_8/FRONT_NORMAL/GOSSIFLEUR.png,070dac9aedd7746a308e3531bc9206d1b88913ee1edf191804b47044c2de924c,1ba48bf637afbb0cf762880b020e800ff2e1a8a129711d437802326e5c98aab3,08fd85fef31fb7d708e3ec7c9ce4e17623fec10774fda007939122cb3df3b478,DS_Styled_Gen5_8,DS_Styled_Gen5_8
PURE_PALETTE_RECOLOR,DS_CUSTOM_LIBRARY/packs/DS_Styled_Gen5_8/FRONT_NORMAL/HATTERENE.png,DS_CUSTOM_LIBRARY/packs/DS_Styled_Gen5_8/FRONT_SHINY/HATTERENE.png,76cedbe71c9670e6bbb3157bce62ddcb233768efaa9fe09d866703cc362ffc40,dfba04b357a79d551ce85e60fe900688655836111dd11f8aeefa918ca2229a65,e879cf33f8b3668672468a24de856f5cdc60dc86336b717cb39530330f6944ec,DS_Styled_Gen5_8,DS_Styled_Gen5_8
PURE_PALETTE_RECOLOR,DS_CUSTOM_LIBRARY/packs/DS_Styled_Gen5_8/FRONT_SHINY/FARFETCHD_1.png,DS_CUSTOM_LIBRARY/packs/DS_Styled_Gen5_8/FRONT_NORMAL/FARFETCHD_1.png,32bee04d1fd16661f196e158dd0e4a35e0a29b423a64a246b646ec5da9b6778f,0de3942f68c64c247a87c1fbca7ef6bcee7951d92e7a27d57a2ec3da22f75fe6,f9a982181d5b9339c74fd8d3d2887e8439adf59580c7bc9ad52cc2ed4cb51e4f,DS_Styled_Gen5_8,DS_Styled_Gen5_8
PURE_PALETTE_RECOLOR,DS_CUSTOM_LIBRARY/packs/DS_Styled_Gen5_8/FRONT_NORMAL/PIKACHU_9.png,DS_CUSTOM_LIBRARY/packs/DS_Styled_Gen5_8/FRONT_NORMAL/PIKACHU_10.png,23b9e2f736ad0c3e550e360351d5407efb44c31dd2143ebcab298cfda42074b4,a18a195671e55d290b173336c3bd2b56b1173d0b208c3ab0a8598cb01c64eb75,a9a11035182f7fbf34561c80430aeba26d01db4bddbb89eaa5e2b8c4f870f5a3,DS_Styled_Gen5_8,DS_Styled_Gen5_8
PURE_PALETTE_RECOLOR,DS_CUSTOM_LIBRARY/packs/DS_Styled_Gen5_8/FRONT_SHINY/PIKACHU_9.png,DS_CUSTOM_LIBRARY/packs/DS_Styled_Gen5_8/FRONT_NORMAL/PIKACHU_10.png,23b9e2f736ad0c3e550e360351d5407efb44c31dd2143ebcab298cfda42074b4,6fdb9b327b76c1731740b43c06bac4827628c4388565b4e73a7ebef8cfbd6b15,a9a11035182f7fbf34561c80430aeba26d01db4bddbb89eaa5e2b8c4f870f5a3,DS_Styled_Gen5_8,DS_Styled_Gen5_8
PURE_PALETTE_RECOLOR,DS_CUSTOM_LIBRARY/packs/DS_Styled_Gen5_8/FRONT_SHINY/PIKACHU_10.png,DS_CUSTOM_LIBRARY/packs/DS_Styled_Gen5_8/FRONT_NORMAL/PIKACHU_10.png,23b9e2f736ad0c3e550e360351d5407efb44c31dd2143ebcab298cfda42074b4,33e523956008117ffde14c82066665c07e5aa3876e61d6036364a250953d4d3f,a9a11035182f7fbf34561c80430aeba26d01db4bddbb89eaa5e2b8c4f870f5a3,DS_Styled_Gen5_8,DS_Styled_Gen5_8
PURE_PALETTE_RECOLOR,DS_CUSTOM_LIBRARY/packs/DS_Styled_Gen5_8/FRONT_SHINY/GYARADOS_1.png,DS_CUSTOM_LIBRARY/packs/DS_Styled_Gen5_8/FRONT_NORMAL/GYARADOS_1.png,25eaa0420f30305614175423d5c411ec550583fd07610ef27f38c444c565bf6b,584988a48e23d1485fdf27964239428d8aaeb85ac3ba17cf182f5c7fcb82ca54,041dab4f43de0da7106d5a5b4b3302814f75fd116f72f0e10e7a813e6020e3af,DS_Styled_Gen5_8,DS_Styled_Gen5_8
PURE_PALETTE_RECOLOR,DS_CUSTOM_LIBRARY/packs/DS_Styled_Gen5_8/FRONT_SHINY/SANDACONDA_gmax.png,DS_CUSTOM_LIBRARY/packs/DS_Styled_Gen5_8/FRONT_NORMAL/SANDACONDA_gmax.png,4a8223220f3b6bbb803dc16f571cbbc8a002a7d17166ba215f3788cdd8bad186,8cad24280916585373e558ff856dd8a78d80ad0b4208ca6b3ddd5aecb5eb255b,a0d6feb6519aceac4972f581f4164979b6e9abc140fe06ed8d7a75d8b43dfd10,DS_Styled_Gen5_8,DS_Styled_Gen5_8
PURE_PALETTE_RECOLOR,DS_CUSTOM_LIBRARY/packs/DS_Styled_Gen5_8/FRONT_SHINY/CENTISKORCH_gmax.png,DS_CUSTOM_LIBRARY/packs/DS_Styled_Gen5_8/FRONT_NORMAL/CENTISKORCH_gmax.png,41c273e1aa5f6ca08dcd19e670945423920ed6ee842ccc8fb0d9499b178420e9,1f32ddfdd702d7c9a2342d9c6ae62efdefbbc8ed76bda27386c31f37507eb000,e8d8aacefff06edaec6f68bd2270551e64805f979c460da6cbef2201c1cdda40,DS_Styled_Gen5_8,DS_Styled_Gen5_8
PURE_PALETTE_RECOLOR,DS_CUSTOM_LIBRARY/packs/DS_Styled_Gen5_8/FRONT_SHINY/XURKITREE.png,DS_CUSTOM_LIBRARY/packs/DS_Styled_Gen5_8/FRONT_NORMAL/XURKITREE.png,02899aa3659d1c4849c281a365982c9417c15e1a070cb2092e7d57788b8c33ff,93667a985d9252c61a71dedd35623fbbfff2dd6aa8e363f0f44bfc31a7be1b56,8ad0f0df242029ea6d5535ae4357c08107ddf439ca82534f2cab4257ece9fa7d,DS_Styled_Gen5_8,DS_Styled_Gen5_8
PURE_PALETTE_RECOLOR,DS_CUSTOM_LIBRARY/packs/DS_Styled_Gen5_8/FRONT_NORMAL/REGIDRAGO.png,DS_CUSTOM_LIBRARY/packs/DS_Styled_Gen5_8/FRONT_SHINY/REGIDRAGO.png,ca7d4031aac286f1545794346cdbc60590bc7c169bc5bd8a1ac90dacd5e0cdfe,584b539881d9e2dbfedfa67e3afa4611a8659aa5f118b8d1a7bff825555eae99,334a87dca2428e198d2723acf03b084762f477c4cca6a4c8b29cb9a578d1cd4f,DS_Styled_Gen5_8,DS_Styled_Gen5_8
PURE_PALETTE_RECOLOR,DS_CUSTOM_LIBRARY/packs/DS_Styled_Gen5_8/FRONT_SHINY/CINDERACE_gmax.png,DS_CUSTOM_LIBRARY/packs/DS_Styled_Gen5_8/FRONT_NORMAL/CINDERACE_gmax.png,1fdb35860935e6c44ff008718f708632676ea69ceab188a1c6dcfc599cd4454c,591d8acdb85e7c9f8f3b7dbd3acfdb2b6484389b0b353a1fad3d8e18228921b3,f277dda79fdf840ce66e9765b208ccd9d4a9ecfcdd37c06f0c97dc7b57132643,DS_Styled_Gen5_8,DS_Styled_Gen5_8
PURE_PALETTE_RECOLOR,DS_CUSTOM_LIBRARY/packs/DS_Styled_Gen5_8/FRONT_NORMAL/BANETTE_1.png,DS_CUSTOM_LIBRARY/packs/DS_Styled_Gen5_8/FRONT_SHINY/BANETTE_1.png,b15381eb0390f89e087b51df351f7988c29c55fa1d4e7f8024e403f3cef352b6,75cb261575309e7a212320df14ba7d34441e775d59b35c2214ca3521a8630768,a3330ce108c079e92f850735cd5f0792738097251908f709c36cbacb52376107,DS_Styled_Gen5_8,DS_Styled_Gen5_8
PURE_PALETTE_RECOLOR,DS_CUSTOM_LIBRARY/packs/DS_Styled_Gen5_8/FRONT_SHINY/SOBBLE.png,DS_CUSTOM_LIBRARY/packs/DS_Styled_Gen5_8/FRONT_NORMAL/SOBBLE.png,49cebb8ca653236c20c444b6d58ad73c8dab34ec29d017b7d1de6ebd45a345b9,a2ba737b058b468f18621267cf0b9d58ca7ec1830c408a5a2209563cbbe46297,1685b9fcd986d8b71c2edbdfb46f4655dd42005f4e05bf03779f9e6192198786,DS_Styled_Gen5_8,DS_Styled_Gen5_8
PURE_PALETTE_RECOLOR,DS_CUSTOM_LIBRARY/packs/DS_Styled_Gen5_8/FRONT_SHINY/URSHIFU_1.png,DS_CUSTOM_LIBRARY/packs/DS_Styled_Gen5_8/FRONT_NORMAL/URSHIFU_1.png,afc6927c1f66f6106897ec906c96c53ba1399ffe9a1f54547d1e04dd2d4252d7,3a3f52eec0b14cf17c99edc34c02dfcee231a718245dbae59b90eabbc15c67b8,125a9765f13a97bf6a04dac68cf8bf18cedbf51b466db9e52bac530ee9a31d07,DS_Styled_Gen5_8,DS_Styled_Gen5_8
PURE_PALETTE_RECOLOR,DS_CUSTOM_LIBRARY/packs/DS_Styled_Gen5_8/FRONT_NORMAL/MAREANIE.png,DS_CUSTOM_LIBRARY/packs/DS_Styled_Gen5_8/FRONT_SHINY/MAREANIE.png,fc213fc2021401dc5202cd977aabb412200ecc7878b7d5dad2446866431a0643,f924c521261a866f6691a7591fb7322c794d71770f11cc9734ea6f4c5acf42e7,2c8762c6986ca4b6e42dbe17b85d2cacc8f38ae7ab21a489d10b9577a5fc0862,DS_Styled_Gen5_8,DS_Styled_Gen5_8
PURE_PALETTE_RECOLOR,DS_CUSTOM_LIBRARY/packs/DS_Styled_Gen5_8/FRONT_SHINY/VIVILLON_15.png,DS_CUSTOM_LIBRARY/packs/DS_Styled_Gen5_8/FRONT_NORMAL/VIVILLON_15.png,edbce609dc41d5e375df4c7a849806118b2246e860f29eac7dcba79f0df8b6d0,b6eb33defe5a79fdc2e782141070bb23fb66dbcd063fcd62e401348f790acf7b,35f044372b350932030def12d60fab5685b688ff7815727ef1d4f4016eee6404,DS_Styled_Gen5_8,DS_Styled_Gen5_8
PURE_PALETTE_RECOLOR,DS_CUSTOM_LIBRARY/packs/DS_Styled_Gen5_8/FRONT_NORMAL/TOXTRICITY_1_gmax.png,DS_CUSTOM_LIBRARY/packs/DS_Styled_Gen5_8/FRONT_SHINY/TOXTRICITY_1_gmax.png,6fb5457e21077c90070a687d049b72ecaeb017f34e9bc9b456be4d0f76d25caa,ada6800bcc2be97efe7b09b0f5ac8594d398fafbf11cf5058f54f5c2a20944ad,be2efbbc1e5882cebb0a62cb12fdc7bc065f6b6b0572dbedab76b77e92a077a7,DS_Styled_Gen5_8,DS_Styled_Gen5_8
PURE_PALETTE_RECOLOR,DS_CUSTOM_LIBRARY/packs/DS_Styled_Gen5_8/FRONT_NORMAL/NAGANADEL.png,DS_CUSTOM_LIBRARY/packs/DS_Styled_Gen5_8/FRONT_SHINY/NAGANADEL.png,e556c7b24d6e3cfcc53804432d685c564c3c6047ae73bb0d37d1f52006526707,94733ffb3b2cd1d42333f83323406dc1ce4ccc68470782b923227e6f97362a99,cf94abc7e11ff1448310c49e09926d821cac57dea4f521f66ae224bab6c931ff,DS_Styled_Gen5_8,DS_Styled_Gen5_8
PURE_PALETTE_RECOLOR,DS_CUSTOM_LIBRARY/packs/DS_Styled_Gen5_8/FRONT_SHINY/RATICATE_1.png,DS_CUSTOM_LIBRARY/packs/DS_Styled_Gen5_8/FRONT_NORMAL/RATICATE_1.png,e9dab97bdf2d956fb174a613e55d481700ce6b47213e8f3d24609883242df93e,8935917087ef987f35e06e890b65103784af8866978d014de6342c672cb22473,f462b0b232c4cac9eefe5e5de15315f3c6f51c525509f0d77a1844bf17b81892,DS_Styled_Gen5_8,DS_Styled_Gen5_8
PURE_PALETTE_RECOLOR,DS_CUSTOM_LIBRARY/packs/DS_Styled_Gen5_8/FRONT_NORMAL/BLIPBUG.png,DS_CUSTOM_LIBRARY/packs/DS_Styled_Gen5_8/FRONT_SHINY/BLIPBUG.png,bc3d88120885b4ab4bf77d1d98d8c8fe2012220d1523692edc126945373555d0,00230ebfb794835407921e899bf76d6efae166c9959ed1f02a3d30f123fb5275,2ca9090667ea16d27fa2639de08bd29434d8cfe967d8b3ee979b9d9c3591acc3,DS_Styled_Gen5_8,DS_Styled_Gen5_8
PURE_PALETTE_RECOLOR,DS_CUSTOM_LIBRARY/packs/DS_Styled_Gen5_8/FRONT_SHINY/PIKACHU_14.png,DS_CUSTOM_LIBRARY/packs/DS_Styled_Gen5_8/FRONT_NORMAL/PIKACHU_14.png,2d1e605f60b8b596f642d61a70651f44c17af959cc160fc68a783bd594f47f3e,e7e2de6016605c53a30fba6360593029ded9462debe01c3b1c7fbcb33c70a309,86f3cf91dcddf50d7f6833076c2c8d3fdd6c5b2660c09fccb510607b4ad2ec19,DS_Styled_Gen5_8,DS_Styled_Gen5_8
PURE_PALETTE_RECOLOR,DS_CUSTOM_LIBRARY/packs/DS_Styled_Gen5_8/FRONT_NORMAL/XERNEAS_1.png,DS_CUSTOM_LIBRARY/packs/DS_Styled_Gen5_8/FRONT_SHINY/XERNEAS_1.png,a17dfe68ecd227f1529b5425726aa4d47b43046ef8c93a0f96d145cffa71f44f,61ef98dee3fb4070bae7fdd22f9a97f290a0e91d92f6e2b5b26494b076b0f770,706a5c3e3782549a84fcbeba1fd1cde1c0b37f0f18520ab39edd7257c09e21d0,DS_Styled_Gen5_8,DS_Styled_Gen5_8
PURE_PALETTE_RECOLOR,DS_CUSTOM_LIBRARY/packs/DS_Styled_Gen5_8/FRONT_SHINY/GRAVELER_1.png,DS_CUSTOM_LIBRARY/packs/DS_Styled_Gen5_8/FRONT_NORMAL/GRAVELER_1.png,50547864dcddbb72576a96f8d4dbd7b5e8b90fb235d90c42d0748537b750000c,f3813036eaadbe70c120204de50e0cce0161ec23585ec0bba547caee3b53710e,0b1a6327154c341b166a9719e9a6917c1e450516a5696b687760bc877be17432,DS_Styled_Gen5_8,DS_Styled_Gen5_8
PURE_PALETTE_RECOLOR,DS_CUSTOM_LIBRARY/packs/DS_Styled_Gen5_8/FRONT_SHINY/WOOLOO.png,DS_CUSTOM_LIBRARY/packs/DS_Styled_Gen5_8/FRONT_NORMAL/WOOLOO.png,e7d2c53da73479028c7e8f54a522039f2f0c9d8f2034ef8cf4eaa4a4d6dfcbbe,a42b53cf4b139ba4ed0ec4e51a943d3d145921b9f0f5e9482a29aa3434b614fe,25933843819e3b8d45c7ce4b17520b1086796a402a117c6dc498520dccae48f4,DS_Styled_Gen5_8,DS_Styled_Gen5_8
PURE_PALETTE_RECOLOR,DS_CUSTOM_LIBRARY/packs/DS_Styled_Gen5_8/FRONT_SHINY/TYPENULL.png,DS_CUSTOM_LIBRARY/packs/DS_Styled_Gen5_8/FRONT_NORMAL/TYPENULL.png,ab3765e306491ac45aa4722165f79de52b3e42f10e740ea73a09c415d34dc80d,d1e2406e5709dc0034c0fb9f1cd9c62d252715b60f9851200a42c52355e48c5c,ac80bd6a7df17edb75e81f339716efb01a8baef02a5716647f23c85ced1aeed6,DS_Styled_Gen5_8,DS_Styled_Gen5_8
PURE_PALETTE_RECOLOR,DS_CUSTOM_LIBRARY/packs/DS_Styled_Gen5_8/FRONT_NORMAL/GALLADE_1.png,DS_CUSTOM_LIBRARY/packs/DS_Styled_Gen5_8/FRONT_SHINY/GALLADE_1.png,9d5a48d34a3a06fe13d3ef8d35ebfe33c8b2e788eef89dbf7aa908a2038301cc,d4e7632f8ed0eb43af862098a37025cfc73d189f2fc5f1f91e41e7ed6fb8ed1f,af72a3f6259146bdb11b2dd62a96a0ff4883fa9f49be6334470f5d056934207a,DS_Styled_Gen5_8,DS_Styled_Gen5_8
PURE_PALETTE_RECOLOR,DS_CUSTOM_LIBRARY/packs/DS_Styled_Gen5_8/FRONT_SHINY/BEEDRILL_1.png,DS_CUSTOM_LIBRARY/packs/DS_Styled_Gen5_8/FRONT_NORMAL/BEEDRILL_1.png,6c479258d71e41a5e0df50d125b547034bf67612b8907ca6d33df6117242a492,2c09c5cf0449a8eb26363bb3daa75c8541ad2ba72576fc9bf8a35ee4ba7d7630,8f9b57b5923321f40896e49ac921f129716b408794321f2bae48b11654809f55,DS_Styled_Gen5_8,DS_Styled_Gen5_8
PURE_PALETTE_RECOLOR,DS_CUSTOM_LIBRARY/packs/DS_Styled_Gen5_8/FRONT_SHINY/GRENINJA_2.png,DS_CUSTOM_LIBRARY/packs/DS_Styled_Gen5_8/FRONT_NORMAL/GRENINJA_2.png,588b8389fdf2c84308c6f1e8acb9312a392b2e31d4306ee3800c9a1755d8cf5c,8cfe5be29acd071154399af76e4c9d01cd7764807a8381b1b39a4cc39052034b,366a165a480a6547d08cdfb565fe7c5e5a8b82325c1c5e01d37c9fcece64d294,DS_Styled_Gen5_8,DS_Styled_Gen5_8
PURE_PALETTE_RECOLOR,DS_CUSTOM_LIBRARY/packs/DS_Styled_Gen5_8/FRONT_NORMAL/CLAUNCHER.png,DS_CUSTOM_LIBRARY/packs/DS_Styled_Gen5_8/FRONT_SHINY/CLAUNCHER.png,7d71cab61fd411298a7d7b4d4189e6aa54504950bd2694485572d7fa7de66125,6e558e651126494d4a673e81abb996ad87004bdd202b5ed018a441a79ff12789,a0b4501e27808a0f9bedfda56b098520ff75d5fdc3990b66cdaada313bda9f1c,DS_Styled_Gen5_8,DS_Styled_Gen5_8
PURE_PALETTE_RECOLOR,DS_CUSTOM_LIBRARY/packs/DS_Styled_Gen5_8/FRONT_SHINY/DREDNAW_gmax.png,DS_CUSTOM_LIBRARY/packs/DS_Styled_Gen5_8/FRONT_NORMAL/DREDNAW_gmax.png,50bd9bf5852d65f973c54326a9812359d29ab90292febc4bba019174b99058a3,3fd3b2b09dc61beaeeea823bada87f73de11dca9fdbaf10e498f79cb1ec4f7c7,252ee6b53d6f5768f5181fa920353497afb54b215de8ec808022db81d45a17e2,DS_Styled_Gen5_8,DS_Styled_Gen5_8
PURE_PALETTE_RECOLOR,DS_CUSTOM_LIBRARY/packs/DS_Styled_Gen5_8/FRONT_SHINY/DRACOVISH.png,DS_CUSTOM_LIBRARY/packs/DS_Styled_Gen5_8/FRONT_NORMAL/DRACOVISH.png,b86d868f36a29c7700e87dadce071d3375ed219b780627c4b416cd4bc2c4ced0,8640a60dd424ee1fa6834e0d9b38ac8f6514223b4b88854652be9f94f521dab7,ed4f15c7e75a64725d4e624237f5b1c6cbd2d65b33ee787fe6de957d3eabbfe2,DS_Styled_Gen5_8,DS_Styled_Gen5_8
PURE_PALETTE_RECOLOR,DS_CUSTOM_LIBRARY/packs/DS_Styled_Gen5_8/FRONT_SHINY/VIVILLON_13.png,DS_CUSTOM_LIBRARY/packs/DS_Styled_Gen5_8/FRONT_NORMAL/VIVILLON_13.png,c5f9cdd22e9644aa5469942b707e62ef82d71ab0b7c0098d144b9b7a45ddf2d2,c02bbb70370fe23ae0f97c4fcb9c9fefab83b1f8abe1d353ef6c69473e57d289,42c6a314968c11fb82fce018ebc65d4393c77d2cb4ef24e8350b2434a15ccd94,DS_Styled_Gen5_8,DS_Styled_Gen5_8
PURE_PALETTE_RECOLOR,DS_CUSTOM_LIBRARY/packs/DS_Styled_Gen5_8/FRONT_SHINY/DOUBLADE.png,DS_CUSTOM_LIBRARY/packs/DS_Styled_Gen5_8/FRONT_NORMAL/DOUBLADE.png,fd2fce9359daaae2316739fda153f4a068008bf4834380a3f7b2e1a9a3cb41f3,2999cd7f08e95ce1306afc8c27599a28d5033d42f667a36877c93d110c9bd25f,9304e45572806661dbb9fc86236b3e915eeca04fe7bf6055f3c99c4363f8f9da,DS_Styled_Gen5_8,DS_Styled_Gen5_8
PURE_PALETTE_RECOLOR,DS_CUSTOM_LIBRARY/packs/DS_Styled_Gen5_8/FRONT_SHINY/RAPIDASH_1.png,DS_CUSTOM_LIBRARY/packs/DS_Styled_Gen5_8/FRONT_NORMAL/RAPIDASH_1.png,a7bff8fb30b35b27932edd0444f2d08cd5713a500d067a4dafe9bbfaaede2088,4223de2aade71d04ee7d9cc967cb3eedb7ebd76f2f82663ef43c2ef4638412e3,d321f71d04b9c67f9820736c61c92656738924f8c231c643ef21d24b8de6050e,DS_Styled_Gen5_8,DS_Styled_Gen5_8
PURE_PALETTE_RECOLOR,DS_CUSTOM_LIBRARY/packs/DS_Styled_Gen5_8/FRONT_NORMAL/CORVISQUIRE.png,DS_CUSTOM_LIBRARY/packs/DS_Styled_Gen5_8/FRONT_SHINY/CORVISQUIRE.png,20916146f7cbb348410a35aac0de40e22ffd9e795fd2e4c9981cb3188a60578e,2d8acd25852ab5c5c99f8a38698a7b06b87681165b1d2c6a93f3a347eae196dd,26f82b6eec5be49455499e5e86e75a16e3d43cf8c82c41febd30326117859658,DS_Styled_Gen5_8,DS_Styled_Gen5_8
PURE_PALETTE_RECOLOR,DS_CUSTOM_LIBRARY/packs/DS_Styled_Gen5_8/FRONT_SHINY/GLASTRIER.png,DS_CUSTOM_LIBRARY/packs/DS_Styled_Gen5_8/FRONT_NORMAL/GLASTRIER.png,e559987c2da305d6dd66de241aeb1b9fddd47b732cece70f86aa3cbdc3b592e3,8c3b1cfa6aaee9fa1d4f788b04e4a5d3f098d7a46889c9bbd2fe0f61e05795ec,12da6bbbe09c913f58e1d10486d9eec8d8d848a306591cb33eba0c91e724a6f6,DS_Styled_Gen5_8,DS_Styled_Gen5_8
PURE_PALETTE_RECOLOR,DS_CUSTOM_LIBRARY/packs/DS_Styled_Gen5_8/FRONT_SHINY/TYRANTRUM.png,DS_CUSTOM_LIBRARY/packs/DS_Styled_Gen5_8/FRONT_NORMAL/TYRANTRUM.png,2c5dd9ee0d93317832c56061ce7cb3d7b898d614e0c4a884239db49c3ad6119c,38101b3df88a2aa36f4baa149b30a812eeb346c919c1cc29db7401540a6a7675,1c977c23258ebfe294df172705f7332e84b49eca455304bc47dbf1768f30b5a0,DS_Styled_Gen5_8,DS_Styled_Gen5_8
PURE_PALETTE_RECOLOR,DS_CUSTOM_LIBRARY/packs/DS_Styled_Gen5_8/FRONT_SHINY/ZAMAZENTA_1.png,DS_CUSTOM_LIBRARY/packs/DS_Styled_Gen5_8/FRONT_NORMAL/ZAMAZENTA_1.png,abd8abacebec33c6bc4e9ede47e2fc2ef891c69ead91977da6d83980a2450b9a,d6d9015dbcd1491f41e6eb61e02883819918c5f3cb5bf9c9ecb4961a306fbc2a,fdf47aa697c780763ab15392c53a5aa263a32cc9c3c065c7666055591a52b1cf,DS_Styled_Gen5_8,DS_Styled_Gen5_8
PURE_PALETTE_RECOLOR,DS_CUSTOM_LIBRARY/packs/DS_Styled_Gen5_8/FRONT_SHINY/KOMALA.png,DS_CUSTOM_LIBRARY/packs/DS_Styled_Gen5_8/FRONT_NORMAL/KOMALA.png,9b052d0efd11f1ca97c62275451ea2aafd45f30012875493d507a49947e707f1,fcd8c758aa43fb100f59b44174bbb1ffb5ae4b31d57d2b1cda5cdc3a45265380,5eb08eb0ff34f4db52c0f3ab2a3301332f509be5da8cc9390f8d9db8130630d3,DS_Styled_Gen5_8,DS_Styled_Gen5_8
PURE_PALETTE_RECOLOR,DS_CUSTOM_LIBRARY/packs/DS_Styled_Gen5_8/FRONT_SHINY/MRRIME.png,DS_CUSTOM_LIBRARY/packs/DS_Styled_Gen5_8/FRONT_NORMAL/MRRIME.png,111ee5cb0883bf3e14a1fac6f44ef5e04631ba59ec2ca04aa454fb5155d968a4,6f8c3594fcf3d15436833cd9e650783e5281e7893fbd622ac6f1769018727204,41e3345c42dc94c4844742474aa07460a9b7cf7dc9693dd9e7ca293ca94ad62c,DS_Styled_Gen5_8,DS_Styled_Gen5_8
PURE_PALETTE_RECOLOR,DS_CUSTOM_LIBRARY/packs/DS_Styled_Gen5_8/FRONT_NORMAL/PYUKUMUKU.png,DS_CUSTOM_LIBRARY/packs/DS_Styled_Gen5_8/FRONT_SHINY/PYUKUMUKU.png,233a16fcd33f7ec64a7e0698a839295ceae24a6e64c9552bd9a85e7b695c6ac0,dca0a07a326e92490d495549dc0753c7a190cd45c7db761afe9208a023b4f72a,481baf9cf4b008fdde778d0aa394041680635936cc15a07664508fd651142205,DS_Styled_Gen5_8,DS_Styled_Gen5_8
PURE_PALETTE_RECOLOR,DS_CUSTOM_LIBRARY/packs/DS_Styled_Gen5_8/FRONT_NORMAL/KUBFU.png,DS_CUSTOM_LIBRARY/packs/DS_Styled_Gen5_8/FRONT_SHINY/KUBFU.png,c16f9ff3493fb72eb50d4c45689d4e5ce239fbba4b81f34b2f14a7c067d78dc6,0efa795247be17514df7d5a6a1f55d3071bfa825bf5154493b57581b8ae3ba96,47d7cee5b0cfbfabd7b1c39a938684942577c5051fb80bc2885bff1f02f6a652,DS_Styled_Gen5_8,DS_Styled_Gen5_8
PURE_PALETTE_RECOLOR,DS_CUSTOM_LIBRARY/packs/DS_Styled_Gen5_8/FRONT_SHINY/NIHILEGO.png,DS_CUSTOM_LIBRARY/packs/DS_Styled_Gen5_8/FRONT_NORMAL/NIHILEGO.png,104d60c10cf79c008feeee3d2a5fdbc72f5834e39973a548f858db6b05b16557,817619a876342fee8cad7902f8df494a63d408f5934343359fe187cd00cd75d6,953e4c5700910df6a942b122b44bae3f91ac35fce49983fc48c8d7fed9ca63c5,DS_Styled_Gen5_8,DS_Styled_Gen5_8
PURE_PALETTE_RECOLOR,DS_CUSTOM_LIBRARY/packs/DS_Styled_Gen5_8/FRONT_SHINY/CRAMORANT_2.png,DS_CUSTOM_LIBRARY/packs/DS_Styled_Gen5_8/FRONT_NORMAL/CRAMORANT_2.png,5dde4b0079279e960d97b0873e3a04568bbb5120c20bc3af48b2d92a31f5a229,8715753c32bc7598b1c2d6b8e8b7d61ec6d55c58045fcdf221dca6ff6edb7947,ba4d6ec7bbd0634f2e09d1f514087c01f0f2c8fa5520ec80562c599ac73d3c37,DS_Styled_Gen5_8,DS_Styled_Gen5_8
PURE_PALETTE_RECOLOR,DS_CUSTOM_LIBRARY/packs/DS_Styled_Gen5_8/FRONT_NORMAL/NECROZMA_3.png,DS_CUSTOM_LIBRARY/packs/DS_Styled_Gen5_8/FRONT_SHINY/NECROZMA_3.png,c40df9ba27eb8b9094eb48026b749afca242727ea340320546470b3ace21cbef,637bcf4d528df2e7225ebad4c90c15870fa5fa87a3565b5d0f08a1016d78ea7a,ad751dc4d9845647e888afa6a8d9d346ffd298ca0b065adbd05563d9ae058ce1,DS_Styled_Gen5_8,DS_Styled_Gen5_8
PURE_PALETTE_RECOLOR,DS_CUSTOM_LIBRARY/packs/DS_Styled_Gen5_8/FRONT_NORMAL/ROLYCOLY.png,DS_CUSTOM_LIBRARY/packs/DS_Styled_Gen5_8/FRONT_SHINY/ROLYCOLY.png,ec049fa4128c8869d81a1b1a02d348994454f03d8cf248046a7da39760c25ce3,45dfed53cd4cdc3e3ba09c51fbd1001ec941bef3f7d6a5b1d6e273dcb7d422c2,8372272f9e1f131714fa975ffcae819f85f30f537481b97fe2f9ef1034f191a7,DS_Styled_Gen5_8,DS_Styled_Gen5_8
PURE_PALETTE_RECOLOR,DS_CUSTOM_LIBRARY/packs/DS_Styled_Gen5_8/FRONT_SHINY/TAPUFINI.png,DS_CUSTOM_LIBRARY/packs/DS_Styled_Gen5_8/FRONT_NORMAL/TAPUFINI.png,ed011e041443186b0fa17e049cd8af6e18ce571ffec424a1d6a88e16ed8828b2,66c0a0d59d40bb80dafd4eef4738f32846fc7dafd5149d9c5bec80b9d2843ca7,693c8494aab65735e75ebd4d60d44c69a6652482ce99b664a36cb3405340d8c7,DS_Styled_Gen5_8,DS_Styled_Gen5_8
PURE_PALETTE_RECOLOR,DS_CUSTOM_LIBRARY/packs/DS_Styled_Gen5_8/FRONT_NORMAL/SPEWPA.png,DS_CUSTOM_LIBRARY/packs/DS_Styled_Gen5_8/FRONT_SHINY/SPEWPA.png,d3d2fa2d31fbf3c41c7850a1a374e2e80a97b4d6b7f54e560dc4821c797779c1,0c1f7c6810a9643a9b650a3b51dac43fc54e9c3ce20274c6fa1d17371693f126,5bffd2f56176d3b9f40248a2f7b4f05b3cff791d268a090deff563fc2d6b16bd,DS_Styled_Gen5_8,DS_Styled_Gen5_8
PURE_PALETTE_RECOLOR,DS_CUSTOM_LIBRARY/packs/DS_Styled_Gen5_8/FRONT_NORMAL/ZACIAN.png,DS_CUSTOM_LIBRARY/packs/DS_Styled_Gen5_8/FRONT_SHINY/ZACIAN.png,3dabebbf66fcdb153e26b7ebf8eccbc5470136d8c703dee776beda5e3c6a203f,1dd8e31a85ab806660d96a5247de64717d8d63ce9ca583a80246c61d8476206a,078f89c271b28936568b3dddec7a7316e29be48871236254a6f05f5f2ff526bc,DS_Styled_Gen5_8,DS_Styled_Gen5_8
PURE_PALETTE_RECOLOR,DS_CUSTOM_LIBRARY/packs/DS_Styled_Gen5_8/FRONT_NORMAL/SPRITZEE.png,DS_CUSTOM_LIBRARY/packs/DS_Styled_Gen5_8/FRONT_SHINY/SPRITZEE.png,d2beef57bb1f90900fbd075a16245fac485dda22bde4b98706f216d387f74a45,e8ddd50edc6c8f0c87f3f5d541421d03d1dafcf22aa30c3e249a583ed1223b5b,c8310146a417ee6b5205b5d5f6e4c33a0dfd21f54fdf146085734b6391af4812,DS_Styled_Gen5_8,DS_Styled_Gen5_8
PURE_PALETTE_RECOLOR,DS_CUSTOM_LIBRARY/packs/DS_Styled_Gen5_8/FRONT_NORMAL/ORBEETLE_gmax.png,DS_CUSTOM_LIBRARY/packs/DS_Styled_Gen5_8/FRONT_SHINY/ORBEETLE_gmax.png,5cf88c7a066f7d62eea3065335c7a2109d8e63998dfabbde75a51d64082bbfbd,3430659a7c798ee4cfa708dbe2c1960bab5b04828d75dc0765aedd4de7342490,bbd2feb7c9f77c5b0f67e3f48089818a21d2405fd55b13d1eed197d894899cbb,DS_Styled_Gen5_8,DS_Styled_Gen5_8
PURE_PALETTE_RECOLOR,DS_CUSTOM_LIBRARY/packs/DS_Styled_Gen5_8/FRONT_SHINY/ZAMAZENTA_2.png,DS_CUSTOM_LIBRARY/packs/DS_Styled_Gen5_8/FRONT_NORMAL/ZAMAZENTA_2.png,c62fe92194cd5c145e5a86bb71b700ba30baec9b0e4cc86215d97f00c844d0ec,6f566fc4d6565bffb1c8aa4506658bada6163e4311280803519eb8ee841a67c4,ad636d91d78187a3c8da1d27e3eaea8e698be019eda908f77e53409c109b72ac,DS_Styled_Gen5_8,DS_Styled_Gen5_8
PURE_PALETTE_RECOLOR,DS_CUSTOM_LIBRARY/packs/DS_Styled_Gen5_8/FRONT_SHINY/PERRSERKER.png,DS_CUSTOM_LIBRARY/packs/DS_Styled_Gen5_8/FRONT_NORMAL/PERRSERKER.png,6eccce920b0a01d7b60d821307ec0183bb1631ad26e592d1f4541c13e2def9dd,2d246ce274d6a1d407f9e2c7dc868c9f927380ab373fd7659520213a53e92a83,ae12ea2ffcf06128b50e486f48a284e178d71adf21ef4ca2f8e431edd9da836f,DS_Styled_Gen5_8,DS_Styled_Gen5_8
PURE_PALETTE_RECOLOR,DS_CUSTOM_LIBRARY/packs/DS_Styled_Gen5_8/FRONT_NORMAL/INCINEROAR.png,DS_CUSTOM_LIBRARY/packs/DS_Styled_Gen5_8/FRONT_SHINY/INCINEROAR.png,74ef3605f0a186f75d655f6a8e6b91ef415e46aa5fa2f2355813b8c8edb0595e,064f49242544979de644f1670a0bb52443d764fccfb52050a6d11e8284c41d82,b02a8f015f171ebb1e7c23074cf3bf7d835977d548076a177a47a22dfd18f9e1,DS_Styled_Gen5_8,DS_Styled_Gen5_8
PURE_PALETTE_RECOLOR,DS_CUSTOM_LIBRARY/packs/DS_Styled_Gen5_8/FRONT_NORMAL/NOIVERN.png,DS_CUSTOM_LIBRARY/packs/DS_Styled_Gen5_8/FRONT_SHINY/NOIVERN.png,85541aeb0160649be2444504c0b0fa56f8f313e628987d050798fdf0cfe3a828,eb866163fcc1046ab20529cff675ffe4040b233589f3a1080d1cb3553e8a747f,b991a49f86bed645e7f681c8cf3dc4a1c85413bf641d4c84f408458c1f74b251,DS_Styled_Gen5_8,DS_Styled_Gen5_8
PURE_PALETTE_RECOLOR,DS_CUSTOM_LIBRARY/packs/DS_Styled_Gen5_8/FRONT_SHINY/DURALUDON_gmax.png,DS_CUSTOM_LIBRARY/packs/DS_Styled_Gen5_8/FRONT_NORMAL/DURALUDON_gmax.png,66b0acea2a34b560c87c3e89e6bf193dddfe371c74f28f04de3f75487bce3233,01b6cfbf7e3cb16dcc398c1b10bdc168f5645e57fe7b80074549d041b1e3678f,4a0a21c2f2e7b6b9752303cc42921ff14198434b224d7626a61a573dae7a1820,DS_Styled_Gen5_8,DS_Styled_Gen5_8
PURE_PALETTE_RECOLOR,DS_CUSTOM_LIBRARY/packs/DS_Styled_Gen5_8/FRONT_NORMAL/FLETCHLING.png,DS_CUSTOM_LIBRARY/packs/DS_Styled_Gen5_8/FRONT_SHINY/FLETCHLING.png,7d8b8270bb58abe0dab4dcdcf7c5c7917826946a4b3dc952aa261297ae2c47c6,d118238a664b6dedd1aff9fb5f90d16e71b9c2208db1c00bda85a2a1f53526fd,60f368e0cb3860d4807fb65395dc5b1c540b5199333f2a43c1b491368e12d91c,DS_Styled_Gen5_8,DS_Styled_Gen5_8
PURE_PALETTE_RECOLOR,DS_CUSTOM_LIBRARY/packs/DS_Styled_Gen5_8/FRONT_SHINY/MEWTWO_2.png,DS_CUSTOM_LIBRARY/packs/DS_Styled_Gen5_8/FRONT_NORMAL/MEWTWO_2.png,2f17fa996441304518d500a4234f787c1930f67f30bcf1457947ab63a59eb86a,bf4e99180076e896dc90fa4f15b77b779d8b60ad6768d916206473d54cd59b14,350d3294c2093d5e498a959d034602bb2333a3ee1cc5d16b71e2cdeadcc1be33,DS_Styled_Gen5_8,DS_Styled_Gen5_8
PURE_PALETTE_RECOLOR,DS_CUSTOM_LIBRARY/packs/DS_Styled_Gen5_8/FRONT_SHINY/IMPIDIMP.png,DS_CUSTOM_LIBRARY/packs/DS_Styled_Gen5_8/FRONT_NORMAL/IMPIDIMP.png,cb22c9528caafb8b10288dced344264ca478c96030b858a98a74882f29210ed9,e80a39257ab71b5af8ba1c008c4eed32f2528ed5b8ebde335c1e38a05e1bc8ec,ae59ed131e09ff3ea174c59ee1a912b89ee244dc0749bad218de1950a84ffa4b,DS_Styled_Gen5_8,DS_Styled_Gen5_8
PURE_PALETTE_RECOLOR,DS_CUSTOM_LIBRARY/packs/DS_Styled_Gen5_8/FRONT_NORMAL/PINCURCHIN.png,DS_CUSTOM_LIBRARY/packs/DS_Styled_Gen5_8/FRONT_SHINY/PINCURCHIN.png,8aa6d1eb2991b2991a72d60ab1b049fff3dd09146d0db44b7197a1b76922264b,4cb19238061c2a4f1563df24baa5f7466022231b36a2086ce1187efbfea8a07d,1a8ee20c312b2dcff90c03817a716afab74a0817a79cbf7a4884e60e760b3cbf,DS_Styled_Gen5_8,DS_Styled_Gen5_8
PURE_PALETTE_RECOLOR,DS_CUSTOM_LIBRARY/packs/DS_Styled_Gen5_8/FRONT_SHINY/BINACLE.png,DS_CUSTOM_LIBRARY/packs/DS_Styled_Gen5_8/FRONT_NORMAL/BINACLE.png,6e5f0995a5da8c929e2a581baf0230cbe870561acc056f5e7b8e888f229bb3d1,b9bea937fa831ff711405e33a532a715dfcd5c2c15ed70bbb38c4e0ade794f8f,9388413c375610894bf8a9bb73bd113ec8dcd64edd23ec73bec8001451ffc3cb,DS_Styled_Gen5_8,DS_Styled_Gen5_8
PURE_PALETTE_RECOLOR,DS_CUSTOM_LIBRARY/packs/DS_Styled_Gen5_8/FRONT_NORMAL/DARMANITAN_2.png,DS_CUSTOM_LIBRARY/packs/DS_Styled_Gen5_8/FRONT_SHINY/DARMANITAN_2.png,e59497a3587fcd807bf069b8a31716e77ac8e619b451cb1da1954d07a54e3ac9,c3bd8d0782d266a3700116bc1e7b35c3aff97897c952c83d0a8135c1fd809bb0,d4266312b08863c68064ebc43fd7d189504f1c80bb43ffcddc9c5c0e19891ac5,DS_Styled_Gen5_8,DS_Styled_Gen5_8
PURE_PALETTE_RECOLOR,DS_CUSTOM_LIBRARY/packs/DS_Styled_Gen5_8/FRONT_NORMAL/MEDICHAM_1.png,DS_CUSTOM_LIBRARY/packs/DS_Styled_Gen5_8/FRONT_SHINY/MEDICHAM_1.png,08171c2dbbb3d7e19f3a8531f4599f41600a6b1305b459855951085a263c9f60,40f193ba84bf94d9a1e13c14c129bdce9d223acacaa020bc49b83188bd0cc29c,acc18fb7d58fd9c934e6c513a882d0b0b2d43b68be0f9dd208ae6aa0dec62bee,DS_Styled_Gen5_8,DS_Styled_Gen5_8
PURE_PALETTE_RECOLOR,DS_CUSTOM_LIBRARY/packs/DS_Styled_Gen5_8/FRONT_NORMAL/APPLETUN_gmax.png,DS_CUSTOM_LIBRARY/packs/DS_Styled_Gen5_8/FRONT_SHINY/APPLETUN_gmax.png,71a65c00496d84ad9f2fcab055a41e8f4021252e4316301a8349328ffc79ca84,49380307652b7e16e61b95f0cffad36f4c8521f2ae70681186db3355c2393b3e,e61a4df5f8a8f237d4445742d74a74e2baa68d029a54e2af2217739998723dd4,DS_Styled_Gen5_8,DS_Styled_Gen5_8
PURE_PALETTE_RECOLOR,DS_CUSTOM_LIBRARY/packs/DS_Styled_Gen5_8/FRONT_SHINY/CALYREX_1.png,DS_CUSTOM_LIBRARY/packs/DS_Styled_Gen5_8/FRONT_NORMAL/CALYREX_1.png,cf46d00fece716c0a9b0e7ca93b62f5611bf5c72f291f297b93bfb351563c20d,791f0496b70965cae67a5d8148a0a6402a0b4eb5dc4f342aeae54804da297853,fb08ec6f8260fc9aafa6ce2ec50f7b5b8420c8d59a8494db1be404e5b8908d26,DS_Styled_Gen5_8,DS_Styled_Gen5_8
PURE_PALETTE_RECOLOR,DS_CUSTOM_LIBRARY/packs/DS_Styled_Gen5_8/FRONT_NORMAL/SHIINOTIC.png,DS_CUSTOM_LIBRARY/packs/DS_Styled_Gen5_8/FRONT_SHINY/SHIINOTIC.png,4b8481621dedd86bd92c2694422fdedcf84c28f220531f908392bcbf10b576ca,3d3c99cd8a18ed09277b74a0da8d993a7b3da35e98827fe176d684fbad56dae5,b8320cb9e04a482ea154eafdbe9a927430c42a7336611578355b03fcf6c64059,DS_Styled_Gen5_8,DS_Styled_Gen5_8
PURE_PALETTE_RECOLOR,DS_CUSTOM_LIBRARY/packs/DS_Styled_Gen5_8/FRONT_SHINY/DHELMISE.png,DS_CUSTOM_LIBRARY/packs/DS_Styled_Gen5_8/FRONT_NORMAL/DHELMISE.png,8b4f6542f883147894598f2d7ff456a435e0eac8233f62036d7e1bb9965120c1,39b1cd1c5f6a03ce6fb18d69743c1800bfdb55741aef4635f4406b9dfdcf0b0c,5fdae37161bf24d0445937afb3c7e6f849fbcd3a967406c819d17ff617f1581a,DS_Styled_Gen5_8,DS_Styled_Gen5_8
PURE_PALETTE_RECOLOR,DS_CUSTOM_LIBRARY/packs/DS_Styled_Gen5_8/FRONT_NORMAL/DIANCIE.png,DS_CUSTOM_LIBRARY/packs/DS_Styled_Gen5_8/FRONT_SHINY/DIANCIE.png,d226a6084b32462cbc343aeb2c701c275629f1f7bf6a2a1c4ac0cb526299f5f5,afe002385c5d9874aeb618f4c99e9ae25ca7c88b9f65a111e94cee3381869898,a8cf6d6c3c2dcf8f4cf542df3381755b95522c23ab7b03d24b84a6e11898ca8c,DS_Styled_Gen5_8,DS_Styled_Gen5_8
PURE_PALETTE_RECOLOR,DS_CUSTOM_LIBRARY/packs/DS_Styled_Gen5_8/FRONT_NORMAL/PIKACHU_5.png,DS_CUSTOM_LIBRARY/packs/DS_Styled_Gen5_8/FRONT_SHINY/PIKACHU_5.png,472fcb84640ae5ad379c3d59528684c7807b6bb7853772c8351f194e7aba350a,c05ba5dce5224ef99b256a7bd7517317652b05c10db23d51b5f6e74d009d66be,19357431bf04af8c817a0b2db31a3b2dd92b7e694e6aa15c67503d61da1ffed9,DS_Styled_Gen5_8,DS_Styled_Gen5_8
PURE_PALETTE_RECOLOR,DS_CUSTOM_LIBRARY/packs/DS_Styled_Gen5_8/FRONT_SHINY/ORICORIO_1.png,DS_CUSTOM_LIBRARY/packs/DS_Styled_Gen5_8/FRONT_NORMAL/ORICORIO_1.png,a66bdc80e2952e3d270d2d3db1ec95dee17d7710b4edb91a5d0ecff5b53bb76f,e5e25e7db2fcb4f6decad0f22166db63202eca741bb003bcd629d2482d429c45,9ab986e72dd5a0654e936a9456923c5fe2541bc66a214e77d024eb52e9235bb4,DS_Styled_Gen5_8,DS_Styled_Gen5_8
PURE_PALETTE_RECOLOR,DS_CUSTOM_LIBRARY/packs/DS_Styled_Gen5_8/FRONT_NORMAL/FALINKS.png,DS_CUSTOM_LIBRARY/packs/DS_Styled_Gen5_8/FRONT_SHINY/FALINKS.png,dc45df99d5c82ff3c4a8270d996d5339d278cdd5208a5b7bb4238642efb76b01,5df82a9a21ad2e5269d8649304cfb51dabf7d16d99e8beb941d35feb4bc0f448,ad06b0e112a30dfe11b5e98c2f84d2ca1f058c35cc3dd7e092548d411cc7b84f,DS_Styled_Gen5_8,DS_Styled_Gen5_8
PURE_PALETTE_RECOLOR,DS_CUSTOM_LIBRARY/packs/DS_Styled_Gen5_8/FRONT_SHINY/CHARIZARD_2.png,DS_CUSTOM_LIBRARY/packs/DS_Styled_Gen5_8/FRONT_NORMAL/CHARIZARD_2.png,23d9ff23447c10fdc88a0a50aa80cb870c4b5aff4b9def97da3acd27c5d66f8f,8fc28cb606492fdd52cd1b20173bb1a84f2ee40fba44db997122687e9f70de1a,abf32c42c5404380e9f0949ae8243bcce3d8eb065308e5e07a5b61c78fdbae40,DS_Styled_Gen5_8,DS_Styled_Gen5_8
PURE_PALETTE_RECOLOR,DS_CUSTOM_LIBRARY/packs/DS_Styled_Gen5_8/FRONT_NORMAL/NICKIT.png,DS_CUSTOM_LIBRARY/packs/DS_Styled_Gen5_8/FRONT_SHINY/NICKIT.png,52dbffa6637c9eaa63015abc00ce00e11822b9c471df4e3d4b7d0d63e21b54e2,15f8991b3794ccef27b9db80d992e9afa45b3cf2711e39bcc0101f0ae786ba8a,ec3b43a1586650c80aeb198ea5c48ac10afa0552f0b57d074a38f4bcfbd07860,DS_Styled_Gen5_8,DS_Styled_Gen5_8
PURE_PALETTE_RECOLOR,DS_CUSTOM_LIBRARY/packs/DS_Styled_Gen5_8/FRONT_SHINY/BEWEAR.png,DS_CUSTOM_LIBRARY/packs/DS_Styled_Gen5_8/FRONT_NORMAL/BEWEAR.png,c1bfc51f6d9cf40558bcb99410dacb4de9eb718eada24837c0dcc5ed8a07c4da,9e3e2b82a8dd0e724004d603300f6a1aacf027f7420fa2af4298dda3a368c3c6,71bcd7e16c03468fe16d77a075bb3e81c721f276c681921f5f7c036223dfe25d,DS_Styled_Gen5_8,DS_Styled_Gen5_8
PURE_PALETTE_RECOLOR,DS_CUSTOM_LIBRARY/packs/DS_Styled_Gen5_8/FRONT_NORMAL/GARDEVOIR_1.png,DS_CUSTOM_LIBRARY/packs/DS_Styled_Gen5_8/FRONT_SHINY/GARDEVOIR_1.png,92350b9aeaa9001139b8b5f6349b3fac17fcb720aad092d8b871db88e9fe4319,3e8b020f763b8643c3dc2aff9ed1182343b1a1f43aa3a62ab4548353e239625d,192854d79812babcc2f058a285fec2b1a0a7cba658ebb2e7c644a7cbc2387b44,DS_Styled_Gen5_8,DS_Styled_Gen5_8
PURE_PALETTE_RECOLOR,DS_CUSTOM_LIBRARY/packs/DS_Styled_Gen5_8/FRONT_NORMAL/PASSIMIAN.png,DS_CUSTOM_LIBRARY/packs/DS_Styled_Gen5_8/FRONT_SHINY/PASSIMIAN.png,4719efbbbd7a5d9aa11e4549c69c17f9f8922cd59a700f192b82d373c917d015,53e257207ec141cbb836e6b3030533b90e1d131486933155d2ab23a45cc5c5e2,f7beb2170c015e9107288f56da72c08ebea451dd75315ddc41793207c2299d49,DS_Styled_Gen5_8,DS_Styled_Gen5_8
PURE_PALETTE_RECOLOR,DS_CUSTOM_LIBRARY/packs/DS_Styled_Gen5_8/FRONT_NORMAL/MEOWTH_gmax.png,DS_CUSTOM_LIBRARY/packs/DS_Styled_Gen5_8/FRONT_SHINY/MEOWTH_gmax.png,11fa94782a7ae209d2702817cac4f82c152ee96db87cdb264ac5da7e254370cc,6fe1d78e709b2fe8654e5f744ce7d256d001186d4d3654094c4b855d1559b759,ea3ec93f9f1d00bf97b3cd7fd184242b48d014b6b751bf7ff4d795dc6aa07af1,DS_Styled_Gen5_8,DS_Styled_Gen5_8
PURE_PALETTE_RECOLOR,DS_CUSTOM_LIBRARY/packs/DS_Styled_Gen5_8/FRONT_NORMAL/MORGREM.png,DS_CUSTOM_LIBRARY/packs/DS_Styled_Gen5_8/FRONT_SHINY/MORGREM.png,7870930c56978d7473dffb120885457ab6b605de124e114b493032c8e630088a,1963ac6148b2bb82c3a229cd55d3b2cba1ccdd1fd159a3ba6d066f562cb12f95,7f03e5125e53cfcc5930b05d8ac534456132423f37a8562fa7bf883e645b3b20,DS_Styled_Gen5_8,DS_Styled_Gen5_8
PURE_PALETTE_RECOLOR,DS_CUSTOM_LIBRARY/packs/DS_Styled_Gen5_8/FRONT_SHINY/ETERNATUS.png,DS_CUSTOM_LIBRARY/packs/DS_Styled_Gen5_8/FRONT_NORMAL/ETERNATUS.png,3a70f8f31ac86c2c6efd601978ba3310cddd909f791d7b7abcc095f433abb56d,61970578054a48446f66f3896ce72e23e3123cd324726a71b4ffd855bbebc581,2c0e3debe8dce0a8f3a312d589acae8ac69dd4871dbcf7bd499989adac2dc7c1,DS_Styled_Gen5_8,DS_Styled_Gen5_8
PURE_PALETTE_RECOLOR,DS_CUSTOM_LIBRARY/packs/DS_Styled_Gen5_8/FRONT_NORMAL/MELMETAL.png,DS_CUSTOM_LIBRARY/packs/DS_Styled_Gen5_8/FRONT_SHINY/MELMETAL.png,52358ea038d23b3d173be269b3fbd36b980552c1fc4d32bc0c55a89f3d7f0bc9,a8926f2de2ef6a1204a3593d407a330b7f5b633641a3ad108c5d6a5e6696d208,d2033d52e5e4e9b98c6877b97b4c8ae9016187d4e5a92fa867e411bd6b5629ff,DS_Styled_Gen5_8,DS_Styled_Gen5_8
PURE_PALETTE_RECOLOR,DS_CUSTOM_LIBRARY/packs/DS_Styled_Gen5_8/FRONT_SHINY/MUDBRAY.png,DS_CUSTOM_LIBRARY/packs/DS_Styled_Gen5_8/FRONT_NORMAL/MUDBRAY.png,7eb6d40bf1286b18ccbf17c744b34050eb77503cf3f7a770b009d09d5686e70f,72a38c799272333581bd6c159e2289f3ab5152b0f90032bb040fcf6b8bdd4675,e52defedfe99be3c643b0c3aeb17ec5443363deefd98c490f5b355f8b92292ce,DS_Styled_Gen5_8,DS_Styled_Gen5_8
PURE_PALETTE_RECOLOR,DS_CUSTOM_LIBRARY/packs/DS_Styled_Gen5_8/FRONT_NORMAL/INDEEDEE.png,DS_CUSTOM_LIBRARY/packs/DS_Styled_Gen5_8/FRONT_SHINY/INDEEDEE.png,2b301c5b777e3fbb7f5bf424f0d769b31a0e3408e099a2bf6e26951f60c758f3,5e0f4a81acc7496597ad5fcdffcd090b98dbe10705a72a3547850b932330d65e,b4309907101829029cf38d5e981b6c72e4fe3f483bc6ee0c8d9b1abe570ddb81,DS_Styled_Gen5_8,DS_Styled_Gen5_8
PURE_PALETTE_RECOLOR,DS_CUSTOM_LIBRARY/packs/DS_Styled_Gen5_8/FRONT_SHINY/GOLISOPOD.png,DS_CUSTOM_LIBRARY/packs/DS_Styled_Gen5_8/FRONT_NORMAL/GOLISOPOD.png,90e094a798dbca59becee1e5caec682fdd07be1540a1e574f4e4bc43bc3562ea,846ac615f0f7cfad3eb690566c6884722df93a1407978cc095262ea77141a37e,3a17242de85932f01813c9a891b33442da278c8bef6d0fc29fec2f30a836bf6f,DS_Styled_Gen5_8,DS_Styled_Gen5_8
PURE_PALETTE_RECOLOR,DS_CUSTOM_LIBRARY/packs/DS_Styled_Gen5_8/FRONT_NORMAL/JANGMOO.png,DS_CUSTOM_LIBRARY/packs/DS_Styled_Gen5_8/FRONT_SHINY/JANGMOO.png,302655e52f0b0721c4a456d327fe54d802cb140f39d78b80d18f8bf6ade00eda,c3db236d031d386fa84250bdf09be9ece62f03d4239ab6bdbb9385bab3378707,a0d96956d21996dc3efa34a3394a449e8556ce821c20389427ff1503ff162741,DS_Styled_Gen5_8,DS_Styled_Gen5_8
PURE_PALETTE_RECOLOR,DS_CUSTOM_LIBRARY/packs/DS_Styled_Gen5_8/FRONT_NORMAL/SOLGALEO.png,DS_CUSTOM_LIBRARY/packs/DS_Styled_Gen5_8/FRONT_SHINY/SOLGALEO.png,263cd7b266cbce69a2c6a9ef158b5d830fcbdbd5d707edf085fb835195a7d910,6de59e18aaefa3b1c62bb0ad482f8de5f04610dec8f1ea2617ae5fd4ead46fa0,ed6a1ec3ad691956307efde26b820431732f945587f30147725189c372d9c0f5,DS_Styled_Gen5_8,DS_Styled_Gen5_8
PURE_PALETTE_RECOLOR,DS_CUSTOM_LIBRARY/packs/DS_Styled_Gen5_8/FRONT_SHINY/LOPUNNY_1.png,DS_CUSTOM_LIBRARY/packs/DS_Styled_Gen5_8/FRONT_NORMAL/LOPUNNY_1.png,f043324f09d210d58e2b2d380fa8658bcb0bc468f0bc5ffb6c7e44e8e6b8cdb6,e6425b029febcc8afbb56f284c16a579359972c013f696c1e7c23320a6cb6b9d,e614181fdb741058e2263facf5731f79f47a724ce00109ef3ff8505cd426f63d,DS_Styled_Gen5_8,DS_Styled_Gen5_8
PURE_PALETTE_RECOLOR,DS_CUSTOM_LIBRARY/packs/DS_Styled_Gen5_8/FRONT_NORMAL/LUNALA.png,DS_CUSTOM_LIBRARY/packs/DS_Styled_Gen5_8/FRONT_SHINY/LUNALA.png,715311c928b0cabb0bf703ff71da855af61012e49cdf113c4a8fb8d1f844910c,a47e516db1446aaf90b4a6f5b886dd0bbf6e7b131dcb3efa4cf23d660d26274f,e2bd6ea2a4fa4f9b1c8f9475e282d6256270a90ea2b809cef5fde179b06ee3ef,DS_Styled_Gen5_8,DS_Styled_Gen5_8
PURE_PALETTE_RECOLOR,DS_CUSTOM_LIBRARY/packs/DS_Styled_Gen5_8/FRONT_NORMAL/SILVALLY.png,DS_CUSTOM_LIBRARY/packs/DS_Styled_Gen5_8/FRONT_SHINY/SILVALLY.png,e13817fa089513d4132b3d99b8e880f1a4c8ed992a0b2e9fee364fdf21cbf2db,033227eeaddf08d8c6657ccd63e383a318c0469cb723be8c637934c78ccab738,1756220a5b1d9bafc72a6e983c37980bd2c4b3a47e198799c9a483455e8f0997,DS_Styled_Gen5_8,DS_Styled_Gen5_8
PURE_PALETTE_RECOLOR,DS_CUSTOM_LIBRARY/packs/DS_Styled_Gen5_8/FRONT_SHINY/SALANDIT.png,DS_CUSTOM_LIBRARY/packs/DS_Styled_Gen5_8/FRONT_NORMAL/SALANDIT.png,544c51b9493257af4e54833f89bfbf70b9382b97f43888abc8a74c2600f7f585,1a1807c0da010d48dbc79183c8b90132a2b51bed2623bd05d14c8d828cb26042,d838bacc94e07a1ba04e2ececaa1622df79474ae1397f51c988aef015114ba1a,DS_Styled_Gen5_8,DS_Styled_Gen5_8
PURE_PALETTE_RECOLOR,DS_CUSTOM_LIBRARY/packs/DS_Styled_Gen5_8/FRONT_SHINY/PIKACHU_13.png,DS_CUSTOM_LIBRARY/packs/DS_Styled_Gen5_8/FRONT_NORMAL/PIKACHU_13.png,1fd3a359eda7c0c824cc6d9e561b0471d9d9b2f068289474c352f3749b08f7d3,4883242ed076f33bd42af35470dc5427951a86db16d49a4732d77205fff959e7,aa0b98bb410779aa13a816fa4748e73d1a3dae3f37e7225b2b4ac7d39d56bdc8,DS_Styled_Gen5_8,DS_Styled_Gen5_8
PURE_PALETTE_RECOLOR,DS_CUSTOM_LIBRARY/packs/DS_Styled_Gen5_8/FRONT_NORMAL/COSMOEM.png,DS_CUSTOM_LIBRARY/packs/DS_Styled_Gen5_8/FRONT_SHINY/COSMOEM.png,e12d8d5f9568fcbb0bcce859c43d548e00a8897ca626eba7a23691b6ccca2fbc,656a9f2f3edd0956877e0ee73051dcfff577ecb9d81ad698d3b8177996e9ed90,2126c9762d6ac703e2de449d94ea8d6761251964f486ec2d2007e78a07f20f2c,DS_Styled_Gen5_8,DS_Styled_Gen5_8
PURE_PALETTE_RECOLOR,DS_CUSTOM_LIBRARY/packs/DS_Styled_Gen5_8/FRONT_SHINY/PIKACHU_8.png,DS_CUSTOM_LIBRARY/packs/DS_Styled_Gen5_8/FRONT_NORMAL/PIKACHU_8.png,f5ec8f9f0696fc9d4efc0df7d03de7346b799b472b5548576b9b21931c9964c4,c292b0981f6a1a7abe9a76e4d3b9cbe4c0f81d465f3f1cf9ce245d554dedd8bb,f9e2847aacf5714c470d681751598c22c05073e48e8f723929942a82bdc21b6b,DS_Styled_Gen5_8,DS_Styled_Gen5_8
PURE_PALETTE_RECOLOR,DS_CUSTOM_LIBRARY/packs/DS_Styled_Gen5_8/FRONT_SHINY/RAYQUAZA_1.png,DS_CUSTOM_LIBRARY/packs/DS_Styled_Gen5_8/FRONT_NORMAL/RAYQUAZA_1.png,5cb50128c6d80887111e492e73685469f9a44bee325da0810d49aad0e969f753,c88ba1f486f0894b2bf74c8dc9948b32388dbde31b28a050164b181bead41558,ea3401df61f098f77b4e61784617509a4b08e6143f807aa6d5176cd3623ee480,DS_Styled_Gen5_8,DS_Styled_Gen5_8
PURE_PALETTE_RECOLOR,DS_CUSTOM_LIBRARY/packs/DS_Styled_Gen5_8/FRONT_NORMAL/RUNERIGUS.png,DS_CUSTOM_LIBRARY/packs/DS_Styled_Gen5_8/FRONT_SHINY/RUNERIGUS.png,4028953c0b8a7b7de253ca7b688c02d199719f0fb7c920532b1cf5b201b96770,a2258a97498fcde4b208e6899abd28bf3752de55a307e2c1ea07c1faaa85f0ca,4c2b17083a9c0305a1ec23322bfed6ade77570c0843afb3dace22aa743d37daf,DS_Styled_Gen5_8,DS_Styled_Gen5_8
PURE_PALETTE_RECOLOR,DS_CUSTOM_LIBRARY/packs/DS_Styled_Gen5_8/FRONT_NORMAL/CLAWITZER.png,DS_CUSTOM_LIBRARY/packs/DS_Styled_Gen5_8/FRONT_SHINY/CLAWITZER.png,48481438db547706c7a596cf596724299b126e94518ada1a5317113637eb5afa,c48e4f95eba2d4ed657ec1220010450a34d9c6bf078a1f7edfaec2fc1af25bfc,8ef4f3502d01555febaa2c5f9cd944b03455c6ce31f6d96d4cf040c24e64f24f,DS_Styled_Gen5_8,DS_Styled_Gen5_8
PURE_PALETTE_RECOLOR,DS_CUSTOM_LIBRARY/packs/DS_Styled_Gen5_8/FRONT_SHINY/DREEPY.png,DS_CUSTOM_LIBRARY/packs/DS_Styled_Gen5_8/FRONT_NORMAL/DREEPY.png,f7da5f9bf7e0ed5b6e9b24e9e32325027c991753485b56b2b27552156345f6f5,0b45a20c303107b78e4807f3c605b550473743456983d01e8adc7875e6ef032b,40e0e04f80f38f2109e0559b2003cfecc5addb79587957ceaea53d5bc2b60298,DS_Styled_Gen5_8,DS_Styled_Gen5_8
PURE_PALETTE_RECOLOR,DS_CUSTOM_LIBRARY/packs/DS_Styled_Gen5_8/FRONT_SHINY/BLASTOISE_1.png,DS_CUSTOM_LIBRARY/packs/DS_Styled_Gen5_8/FRONT_NORMAL/BLASTOISE_1.png,d4c82e8fa783bc7b902ce5077864fa3787aa79900bab573f6acb4ef863ded646,799a6efb0f504c9411ea30ef52c36f5d1dedcb877af3e2562967896295ce39e5,c3c6f9f2c21b9acdba7a8f8c49852c5046bf1746206980fd8202c2a67dfb259b,DS_Styled_Gen5_8,DS_Styled_Gen5_8
PURE_PALETTE_RECOLOR,DS_CUSTOM_LIBRARY/packs/DS_Styled_Gen5_8/FRONT_NORMAL/SCIZOR_1.png,DS_CUSTOM_LIBRARY/packs/DS_Styled_Gen5_8/FRONT_SHINY/SCIZOR_1.png,139d28f45d74978c6f194b7cad67e47962a14c87666418428fa846a707d83590,ad9b164b528bb1b7c2fe5fa68420624e8bfcecf9fefd51942ce87434b3ca45fc,9f24174f93bdecbdebff1e61a422d43b0a094d95bfe2465a80c1a04a32e89cc4,DS_Styled_Gen5_8,DS_Styled_Gen5_8
PURE_PALETTE_RECOLOR,DS_CUSTOM_LIBRARY/packs/DS_Styled_Gen5_8/FRONT_SHINY/VIVILLON_4.png,DS_CUSTOM_LIBRARY/packs/DS_Styled_Gen5_8/FRONT_NORMAL/VIVILLON_4.png,b041e2b14170dcca144e1159f7947f213f447f5e461d121be7b6998102c104fa,ab5ae8e67f147263cc23aae47c78bbf59c09ee05a472bc317c971d56b29e1b33,7f505a5e43ff6cd738b5a682512597e3faebb8bba72f8bbb30d0fa9ce361d80f,DS_Styled_Gen5_8,DS_Styled_Gen5_8
PURE_PALETTE_RECOLOR,DS_CUSTOM_LIBRARY/packs/DS_Styled_Gen5_8/FRONT_SHINY/QUILLADIN.png,DS_CUSTOM_LIBRARY/packs/DS_Styled_Gen5_8/FRONT_NORMAL/QUILLADIN.png,2e945a51e9519b343b5fb5fb01afd469d5da567de3c2c64415dd595bab3d3c28,710f3013536f39418ea6c1d24d50ded60de75539f881cf97d306f3b532a66560,599e6c149734f78d79f650e03baae3426e0e5e99fedc3cb4b81bb653ba057b86,DS_Styled_Gen5_8,DS_Styled_Gen5_8
PURE_PALETTE_RECOLOR,DS_CUSTOM_LIBRARY/packs/DS_Styled_Gen5_8/FRONT_SHINY/FROGADIER.png,DS_CUSTOM_LIBRARY/packs/DS_Styled_Gen5_8/FRONT_NORMAL/FROGADIER.png,a7a34501709c50d526cace947f3febb4ec7e9eb4553899fbfdcdda4ee300190b,c46fda8e7f20a940c067851d76063b500680895f7c865a19cb85faba20431a30,38a64ca4eae0b79b12e86f68e0f2ed9fe50985ddf7583af04cb2ffa99df326f5,DS_Styled_Gen5_8,DS_Styled_Gen5_8
PURE_PALETTE_RECOLOR,DS_CUSTOM_LIBRARY/packs/DS_Styled_Gen5_8/FRONT_SHINY/SILICOBRA.png,DS_CUSTOM_LIBRARY/packs/DS_Styled_Gen5_8/FRONT_NORMAL/SILICOBRA.png,2b7fb091faa8f5314ae59019eb89f3f2bcbfa1280aac91430e559c0337c6cc78,685abbfe7f7dd95c14079c7039bd0fde76eb4e1de91286a2486055df2ef6f9af,2a2d2447e1ff96dfda74941ead866d3b84e5633f6b469db8063525d90e81bcf1,DS_Styled_Gen5_8,DS_Styled_Gen5_8
PURE_PALETTE_RECOLOR,DS_CUSTOM_LIBRARY/packs/DS_Styled_Gen5_8/FRONT_NORMAL/TOXEL.png,DS_CUSTOM_LIBRARY/packs/DS_Styled_Gen5_8/FRONT_SHINY/TOXEL.png,0e61a817b81d03df129e2589c2b7db65d523cbbf532e01d186741e129da72f3a,6f1ddaa130381be93d2b9c3d123467a47bdfb52d5a9d965a29a86cde3a6ac41e,ab71b3871fc96df7928c44b33d85ff3501dccacdf8f8f64ed8bff58b1cde54ca,DS_Styled_Gen5_8,DS_Styled_Gen5_8
PURE_PALETTE_RECOLOR,DS_CUSTOM_LIBRARY/packs/DS_Styled_Gen5_8/FRONT_NORMAL/LUCARIO_1.png,DS_CUSTOM_LIBRARY/packs/DS_Styled_Gen5_8/FRONT_SHINY/LUCARIO_1.png,c695da0afaec7e45c0d3e327f45b18f1fad4430aab0fa54834b007a9f2bb6d69,732baff19160a7f4a5c1b1c6225f6e4ace4f509cad3c2476e013bd82cf50b81e,da16f47e6e479d607a2a2812eb46ee82939876fa8598c65b37b330a3b57a3472,DS_Styled_Gen5_8,DS_Styled_Gen5_8
PURE_PALETTE_RECOLOR,DS_CUSTOM_LIBRARY/packs/DS_Styled_Gen5_8/FRONT_SHINY/CORVIKNIGHT_gmax.png,DS_CUSTOM_LIBRARY/packs/DS_Styled_Gen5_8/FRONT_NORMAL/CORVIKNIGHT_gmax.png,6b2ea426fbbf985a21e2aecfdea35ad55eb6eef0c07693fa22b9692a95907d3a,50f6bde679c414677593b800d57f920d8cc79c2d27b22cafd35ebd98672ce0dc,46e6413a3021e10c919ee0afc7b6306e7e9cbb8b175215bb1a21017f779346d2,DS_Styled_Gen5_8,DS_Styled_Gen5_8
PURE_PALETTE_RECOLOR,DS_CUSTOM_LIBRARY/packs/DS_Styled_Gen5_8/FRONT_SHINY/VENUSAUR_1.png,DS_CUSTOM_LIBRARY/packs/DS_Styled_Gen5_8/FRONT_NORMAL/VENUSAUR_1.png,35b5d4daaefe0203804aae1006c8ea6555916216995a22e8601bfdcedc10d956,24f042d8677d80cb98b4f088adc1c01a072b6b971ebfb20425e7ab155eced28f,5e9dac48e7fa50813121748e30ec85cb97156d6a212213f710ce7ec97df3682c,DS_Styled_Gen5_8,DS_Styled_Gen5_8
PURE_PALETTE_RECOLOR,DS_CUSTOM_LIBRARY/packs/DS_Styled_Gen5_8/FRONT_SHINY/RIBOMBEE.png,DS_CUSTOM_LIBRARY/packs/DS_Styled_Gen5_8/FRONT_NORMAL/RIBOMBEE.png,7805200ce7883472b4fed7e0865bf4f7637d8cd49fc230e19aa47f2e7eca7870,f42952bbcf46d61700b13de78b6c89975184730a32124a95643ec78e2ffafc9c,3d9e9b66441d66ab10afe011b09f4c0d2553f867b46fd3e2799efb7622f1639d,DS_Styled_Gen5_8,DS_Styled_Gen5_8
PURE_PALETTE_RECOLOR,DS_CUSTOM_LIBRARY/packs/DS_Styled_Gen5_8/FRONT_SHINY/STUNFISK_1.png,DS_CUSTOM_LIBRARY/packs/DS_Styled_Gen5_8/FRONT_NORMAL/STUNFISK_1.png,3d1f4fe2a323dc4d277cde60bf5797556d7d6b1271824b2061f6e7030d44a467,ad8b2062991f4936e37bda43013b9f6a8f488954f8eca9eab70dcc803016effc,fc3d53cf1fc7bbad6a84d7b2363c75dd58189a886a5e6f8a7397a019dff6db19,DS_Styled_Gen5_8,DS_Styled_Gen5_8
PURE_PALETTE_RECOLOR,DS_CUSTOM_LIBRARY/packs/DS_Styled_Gen5_8/FRONT_SHINY/SCORBUNNY.png,DS_CUSTOM_LIBRARY/packs/DS_Styled_Gen5_8/FRONT_NORMAL/SCORBUNNY.png,e74d1564f4c820595b183cf46d3f0985a844e8d1b6f2f27d1182c5e2b10f98c3,76d6dbcc6980d864ce03616eb0213260daa002b325ee4b2025bcd182a4be6713,155a34f7a8ed3a22c2c1fce605d23604b2eaaa1bc9c7ec4bb0fc3a51d93e4c02,DS_Styled_Gen5_8,DS_Styled_Gen5_8
PURE_PALETTE_RECOLOR,DS_CUSTOM_LIBRARY/packs/DS_Styled_Gen5_8/FRONT_SHINY/SLURPUFF.png,DS_CUSTOM_LIBRARY/packs/DS_Styled_Gen5_8/FRONT_NORMAL/SLURPUFF.png,10366d27239d73ece6ce805786f122a9d66d4b52bbd0468fdb948e5072e2be4f,d77b9d300421998377dc9158c51e6367d28e05c4a41472cdcba4bec3bfab9cb1,440dca77a1bf12905389bfc55832aa0a2354dfbb4aad752fd79b0fd60158c38f,DS_Styled_Gen5_8,DS_Styled_Gen5_8
PURE_PALETTE_RECOLOR,DS_CUSTOM_LIBRARY/packs/DS_Styled_Gen5_8/FRONT_NORMAL/YAMASK_1.png,DS_CUSTOM_LIBRARY/packs/DS_Styled_Gen5_8/FRONT_SHINY/YAMASK_1.png,9bfd1d84b61eac0f04cacca7bf20803a39e62fb6e0a544d51426e7b73968f7e6,2e9985165d8ad56c032dfb3426b29de16ea8eaaa3b97e74508e9e011dda34808,cf59a3ffd3b207c4118abf031332e39603d6c8b190f70db531fb044611647752,DS_Styled_Gen5_8,DS_Styled_Gen5_8
PURE_PALETTE_RECOLOR,DS_CUSTOM_LIBRARY/packs/DS_Styled_Gen5_8/FRONT_NORMAL/STEELIX_1.png,DS_CUSTOM_LIBRARY/packs/DS_Styled_Gen5_8/FRONT_SHINY/STEELIX_1.png,1e8b4ac320e3883abb0bf7464a0237e6d711e3e526ea1888bf2c07f964653ce2,7732f0cafc12ea941192eea903cdbac96663ac4564405954dc4a833c656e67dc,da417bd12847748ce0b0963dcbc6fdb27e7e31806e15d4fdf39874168d0dc50f,DS_Styled_Gen5_8,DS_Styled_Gen5_8
PURE_PALETTE_RECOLOR,DS_CUSTOM_LIBRARY/packs/DS_Styled_Gen5_8/FRONT_NORMAL/ZYGARDE.png,DS_CUSTOM_LIBRARY/packs/DS_Styled_Gen5_8/FRONT_SHINY/ZYGARDE.png,6c6aec5bde49897e95ea539c5813d8363626d84869a0c067d6beb8461fa8b860,4899dd5cd16f54f6477a30724e9eeec58801f2601a4e18cb72785b32dec56325,ab35e1f873dacd519d956155dbb2440b57385092615324eea4b236a456fa2cbc,DS_Styled_Gen5_8,DS_Styled_Gen5_8
PURE_PALETTE_RECOLOR,DS_CUSTOM_LIBRARY/packs/DS_Styled_Gen5_8/FRONT_SHINY/SLOWPOKE_1.png,DS_CUSTOM_LIBRARY/packs/DS_Styled_Gen5_8/FRONT_NORMAL/SLOWPOKE_1.png,70e797d6fa36734e6c3f4c74b6cd0177015dc5c22e4fa6674cec7e1851aa8375,cc5e01af8f1e0725ceac7da11c7e94b0285e63cdcb36e31f423f1d30f6514405,c5b7182e99a73638b4cf662816d01f0aec59e76bd90875404aee733e9a767a94,DS_Styled_Gen5_8,DS_Styled_Gen5_8
PURE_PALETTE_RECOLOR,DS_CUSTOM_LIBRARY/packs/DS_Styled_Gen5_8/FRONT_SHINY/MELTAN.png,DS_CUSTOM_LIBRARY/packs/DS_Styled_Gen5_8/FRONT_NORMAL/MELTAN.png,58a51b656ad13042cb4d2162f2e541828c6967efb65651da2a4913f0f31e5b59,e348a3a82ac56af7b26a71e82240632a600d767c442bcb04c2f5104299cc54a4,eeae75ba817d31ba5f5643a7e1ca4718de0c0ea58e094e1f8a2908b58a7912c9,DS_Styled_Gen5_8,DS_Styled_Gen5_8
PURE_PALETTE_RECOLOR,DS_CUSTOM_LIBRARY/packs/DS_Styled_Gen5_8/FRONT_NORMAL/SNOM.png,DS_CUSTOM_LIBRARY/packs/DS_Styled_Gen5_8/FRONT_SHINY/SNOM.png,bdf8637e57855a2720f97dc5b55d0861cba860f2809c48a7d2e0e2e84803d31a,240c62d554c9ec4659112e05a02247d73d07f52798692d9d09e67d2639520744,5c4985b450006fd0bc7e7d28419dd118929228f00a24fcc4bdf2117db080f270,DS_Styled_Gen5_8,DS_Styled_Gen5_8
PURE_PALETTE_RECOLOR,DS_CUSTOM_LIBRARY/packs/DS_Styled_Gen5_8/FRONT_NORMAL/TOXTRICITY_1.png,DS_CUSTOM_LIBRARY/packs/DS_Styled_Gen5_8/FRONT_SHINY/TOXTRICITY_1.png,dee824e3ae4bd5da38f8120378e9c53a951b4c9697bf00ec09844d5708b0da86,b0e19f1e18463a1ae2d60038ae8a0c0d25dfef2f05212debe152d7b786779e4d,6be7a7c94a9e988fc7cadda7ec1307a28b4b8713ef35e60084d473efbbde71d2,DS_Styled_Gen5_8,DS_Styled_Gen5_8
PURE_PALETTE_RECOLOR,DS_CUSTOM_LIBRARY/packs/DS_Styled_Gen5_8/FRONT_NORMAL/SANDACONDA.png,DS_CUSTOM_LIBRARY/packs/DS_Styled_Gen5_8/FRONT_SHINY/SANDACONDA.png,b5bfc958ddeb0491b0b45496eca5bd0338ef5b5e0a5724b761539399953f7547,7a94c04260b852102598f167d58ae9f280cdaff8a4f5d702ef79cf2d9ec8d6d3,de671948f6f698bc50aaf0938c0f9ff66f06f65fdc7fbd21babc6100edfc49a6,DS_Styled_Gen5_8,DS_Styled_Gen5_8
PURE_PALETTE_RECOLOR,DS_CUSTOM_LIBRARY/packs/DS_Styled_Gen5_8/FRONT_SHINY/ZIGZAGOON_1.png,DS_CUSTOM_LIBRARY/packs/DS_Styled_Gen5_8/FRONT_NORMAL/ZIGZAGOON_1.png,f8da753cc6e485a033b08654b5a02a8ffe0774204f47b21095f39c8931296f03,2e4a254fc21db05ebc87183f425709bacb1823bff71ed763f026ffdb10e8db3c,8a3bbafed4d3be709daaf261d12083b38c2bcb81949883d63936f8155d9e0bd6,DS_Styled_Gen5_8,DS_Styled_Gen5_8
PURE_PALETTE_RECOLOR,DS_CUSTOM_LIBRARY/packs/DS_Styled_Gen5_8/FRONT_SHINY/AVALUGG.png,DS_CUSTOM_LIBRARY/packs/DS_Styled_Gen5_8/FRONT_NORMAL/AVALUGG.png,011e9c4a9b27643ba40fcfaf5026323fe5485ef7c69440eece94787a7bcc2bb7,a127eedfe1f754c943fa9705336bbfe422b1ce12938ceb84ffe3e03d44f6b086,d7e264e0bcc7323cc36cd168c86f6dcfc51e8bbe82ca7d674e9a0ae8483f92ca,DS_Styled_Gen5_8,DS_Styled_Gen5_8
PURE_PALETTE_RECOLOR,DS_CUSTOM_LIBRARY/packs/DS_Styled_Gen5_8/FRONT_NORMAL/BERGMITE.png,DS_CUSTOM_LIBRARY/packs/DS_Styled_Gen5_8/FRONT_SHINY/BERGMITE.png,16226f1efdc2e90af5f39299375b2d8dce00b484d16889858df094adb889e70e,164c6ea15d540aaabe033b95abd8d6b51e1f61c7dad52a27e3424feb249fc11d,124657a5836faf0d0278bfba3de657cb294c5a5916533234481d72aa4f195186,DS_Styled_Gen5_8,DS_Styled_Gen5_8
PURE_PALETTE_RECOLOR,DS_CUSTOM_LIBRARY/packs/DS_Styled_Gen5_8/FRONT_NORMAL/CENTISKORCH.png,DS_CUSTOM_LIBRARY/packs/DS_Styled_Gen5_8/FRONT_SHINY/CENTISKORCH.png,0ebe2bc475d873d158ba1ce1c8b0d4b0c70fad0ba2f7f669012080df478c1f53,aafe933fd64097f9bb6d7c11518c5f44f061d9984a43f3e65b6652abf2d1c00d,6f91a793fbc01b5ab7993dd6b72b329e6e6136d4e9988bc746b72cd851bcef4f,DS_Styled_Gen5_8,DS_Styled_Gen5_8
PURE_PALETTE_RECOLOR,DS_CUSTOM_LIBRARY/packs/DS_Styled_Gen5_8/FRONT_NORMAL/TRUMBEAK.png,DS_CUSTOM_LIBRARY/packs/DS_Styled_Gen5_8/FRONT_SHINY/TRUMBEAK.png,fb3a4740c753af119c618a91f88e941d4b8abe2529a578071cd30f4a68e49c57,ce6341578c569ac240f09b9262f9e24d827b835b95464cf8dc8460ad2190e2d4,8160f530a5df2d94773fe8adb9581d89947eabb5b7dc0e814dcd416d45e194a2,DS_Styled_Gen5_8,DS_Styled_Gen5_8
PURE_PALETTE_RECOLOR,DS_CUSTOM_LIBRARY/packs/DS_Styled_Gen5_8/FRONT_NORMAL/VIVILLON_16.png,DS_CUSTOM_LIBRARY/packs/DS_Styled_Gen5_8/FRONT_SHINY/VIVILLON_16.png,9d6423cfddbd2de6d4aeaf9b466961fcfb677b817c98c0e744c0c724d7dd1fb7,deea098787e1ff1f75aa60d4da2434f577682df1b2f4f5da2a56819f5f4774c9,b812da78d1df596fabd3dbef69cce71eda5304d5ae1fd7e37adf64e89b4e6173,DS_Styled_Gen5_8,DS_Styled_Gen5_8
PURE_PALETTE_RECOLOR,DS_CUSTOM_LIBRARY/packs/DS_Styled_Gen5_8/FRONT_SHINY/OBSTAGOON.png,DS_CUSTOM_LIBRARY/packs/DS_Styled_Gen5_8/FRONT_NORMAL/OBSTAGOON.png,671c32dff6f0456c800ded10805baa8b1a4113da34cd3e0217371d90b4dd4773,21d9cfb79255ab4ceff0b45efa2e7148a20badd1869281eb5f09f2a9a0d48960,27f830284bfb211a9ca1e95f00297d14976b14eaa339dd0dd74db874d9bdc932,DS_Styled_Gen5_8,DS_Styled_Gen5_8
PURE_PALETTE_RECOLOR,DS_CUSTOM_LIBRARY/packs/DS_Styled_Gen5_8/FRONT_SHINY/DURALUDON.png,DS_CUSTOM_LIBRARY/packs/DS_Styled_Gen5_8/FRONT_NORMAL/DURALUDON.png,cee2742bb8efc88a100b38c0b6a53b267ed3fcce5cdb198ca49163cbbc775e9b,dc2e248e93c49e64ccc6c80bf63a6eaea6ddccc6d914348843aaafad02be3ced,fdfc8aa00c6aface41cbb92c8b5ffc26b9b6dd8fdbc240e50b3278f243c0cc14,DS_Styled_Gen5_8,DS_Styled_Gen5_8
PURE_PALETTE_RECOLOR,DS_CUSTOM_LIBRARY/packs/DS_Styled_Gen5_8/FRONT_SHINY/MEOWTH_2.png,DS_CUSTOM_LIBRARY/packs/DS_Styled_Gen5_8/FRONT_NORMAL/MEOWTH_2.png,d22f0561a0fbf3b989a928136f3cc7dddb627457928303cec8df0682a0376da1,e9fbc60cb89ebd245fdb4b0e6a620f2cfe5cf5660c890d80a4d0137729755ee7,c824cba7f08f834e23536c7fe817b632586c27a3d9243fde445a39c6549c2412,DS_Styled_Gen5_8,DS_Styled_Gen5_8
PURE_PALETTE_RECOLOR,DS_CUSTOM_LIBRARY/packs/DS_Styled_Gen5_8/FRONT_SHINY/PIKACHU_11.png,DS_CUSTOM_LIBRARY/packs/DS_Styled_Gen5_8/FRONT_NORMAL/PIKACHU_11.png,e0a062b70e4a6a0f99133ecd67b966a458861a3b000ebe53cba233762889fa77,0401f0805dd329a3cf1f3124eb6748d41896861da908b0ff4acfd93b0d650597,ed3c79ce6391eb46390ddd6ec56d21864f352a29276ab2025f972d0e61734e7f,DS_Styled_Gen5_8,DS_Styled_Gen5_8
PURE_PALETTE_RECOLOR,DS_CUSTOM_LIBRARY/packs/DS_Styled_Gen5_8/FRONT_SHINY/MEOWSTIC.png,DS_CUSTOM_LIBRARY/packs/DS_Styled_Gen5_8/FRONT_NORMAL/MEOWSTIC.png,3acc680f6f86400a768bc0b967e2b0d940b2cb00ca78bad4eeb98d87bec32eec,3ce30486c9cd543cc94f01b1f63db77686550dc13cb4e6e34e897406ab75e5b7,5c56402a609d11c66965cd64aa2d714806bdb835525d3390dc4f6b382009322d,DS_Styled_Gen5_8,DS_Styled_Gen5_8
PURE_PALETTE_RECOLOR,DS_CUSTOM_LIBRARY/packs/DS_Styled_Gen5_8/FRONT_SHINY/VIVILLON_14.png,DS_CUSTOM_LIBRARY/packs/DS_Styled_Gen5_8/FRONT_NORMAL/VIVILLON_14.png,1329353b895b905395343fb28fcdf4675d288903d0b9da4f62e874cb174ebbc1,2c1718365d32e31b7b1fd33118deb9277d0a86b327f3b0ccaf8eebe9d6aad2fa,6f8816b5230a721251a67dee867fa11a7d294d3d31481e3d496a45f7a1c5ab4f,DS_Styled_Gen5_8,DS_Styled_Gen5_8
PURE_PALETTE_RECOLOR,DS_CUSTOM_LIBRARY/packs/DS_Styled_Gen5_8/FRONT_SHINY/VIVILLON_5.png,DS_CUSTOM_LIBRARY/packs/DS_Styled_Gen5_8/FRONT_NORMAL/VIVILLON_5.png,89faf7a39d291f686248a11b8c1fea5405896cbedde25294fc56c08978537bc5,d2c85958bf482f622115a925f6bce25abf922fe37a6acdc6e8befe11c12aabdd,339c1bbe6755c378c3f157ee9096029a8262b5f3ad20c413d449428809322423,DS_Styled_Gen5_8,DS_Styled_Gen5_8
PURE_PALETTE_RECOLOR,DS_CUSTOM_LIBRARY/packs/DS_Styled_Gen5_8/FRONT_NORMAL/BLAZIKEN_1.png,DS_CUSTOM_LIBRARY/packs/DS_Styled_Gen5_8/FRONT_SHINY/BLAZIKEN_1.png,6ba154f9435137d4d978ea1263afda0f390f4cb861d2be2a1b441980f0ac8cce,eeed25a0dad741edb1c1fc5fd021ba53c4290e1a9464331fe7644063c5724da4,78a1856fb0f052ff91292f61bc7b55f6091cfe526b940134d555e1d8b7a39324,DS_Styled_Gen5_8,DS_Styled_Gen5_8
PURE_PALETTE_RECOLOR,DS_CUSTOM_LIBRARY/packs/DS_Styled_Gen5_8/FRONT_NORMAL/LYCANROC_2.png,DS_CUSTOM_LIBRARY/packs/DS_Styled_Gen5_8/FRONT_SHINY/LYCANROC_2.png,a42b1b5871e3a630057fd7ca217c8fd62f8eadd842d2eb7001a74f219821a056,e9beb2ff1ffcd6fc2e5002add20ad70002462fcc39ff0a7760c3187a4cb56fb6,5646cfe97ce7b0987d6af113b8f56aecb3327ba95777048c3e3fbff4ba3fa845,DS_Styled_Gen5_8,DS_Styled_Gen5_8
PURE_PALETTE_RECOLOR,DS_CUSTOM_LIBRARY/packs/DS_Styled_Gen5_8/FRONT_NORMAL/POLTEAGEIST.png,DS_CUSTOM_LIBRARY/packs/DS_Styled_Gen5_8/FRONT_SHINY/POLTEAGEIST.png,7ae330335a3695ae9b260c6a8e1b80ebc34d3f7e270f30e202f8e837198a5a37,b56dd1f81f8c4c5d5a9f9b1f5c729f42b78de0a0cdb14f41a218af9cfe5222df,ff5c5ed27b87ce22ca3d5b1a102c5888567ceea601091c01d3005912fa73bee4,DS_Styled_Gen5_8,DS_Styled_Gen5_8
PURE_PALETTE_RECOLOR,DS_CUSTOM_LIBRARY/packs/DS_Styled_Gen5_8/FRONT_SHINY/SKWOVET.png,DS_CUSTOM_LIBRARY/packs/DS_Styled_Gen5_8/FRONT_NORMAL/SKWOVET.png,c57c4d845e5837b5ea8df8aecb5d0931bbc3f3883fe09b518f468f505e96b511,2e324c41f004ea62ca0b6e1bf92808595aa67b1b3e4c8e7f4d4685d9e73511cc,7fc4e239b83832d4b6842894cdf273f92b7f57667193e99b28e909a925ec99a5,DS_Styled_Gen5_8,DS_Styled_Gen5_8
PURE_PALETTE_RECOLOR,DS_CUSTOM_LIBRARY/packs/DS_Styled_Gen5_8/FRONT_SHINY/CORSOLA_1.png,DS_CUSTOM_LIBRARY/packs/DS_Styled_Gen5_8/FRONT_NORMAL/CORSOLA_1.png,6d05467e2434306e7a6425ce799b7f2ff28092c1b5ed168a2eee31bc927bf6ae,8c1a693e8b23b9db916520edc388645545d85251366e24da6e5e108a2614faea,932eaa59336d242a8046b708d8a959880f9cd934a1e82d7f99131fb2b5a9fb17,DS_Styled_Gen5_8,DS_Styled_Gen5_8
PURE_PALETTE_RECOLOR,DS_CUSTOM_LIBRARY/packs/DS_Styled_Gen5_8/FRONT_NORMAL/KARTANA.png,DS_CUSTOM_LIBRARY/packs/DS_Styled_Gen5_8/FRONT_SHINY/KARTANA.png,5a31c6a3206c7bd179e93504b4f56d07b65bf8d9c7045a7736c687a119a34de0,e447c8b6fe899da2d6542d4048b4a747e961a5d27460507094fd0251fd3d993d,7658231aa561821439c2d3045423e975886bf810a8c27db3de8ccdc0aaffd5ca,DS_Styled_Gen5_8,DS_Styled_Gen5_8
PURE_PALETTE_RECOLOR,DS_CUSTOM_LIBRARY/packs/DS_Styled_Gen5_8/FRONT_SHINY/VIKAVOLT.png,DS_CUSTOM_LIBRARY/packs/DS_Styled_Gen5_8/FRONT_NORMAL/VIKAVOLT.png,de459f69be2953ac8c8f7d27bc5c4597cf31128f04c78b5fe211af099dba25da,36ec9dc39730477170116225993cc46e0992ae605a63fee517e53e119abdb508,76ca52457e05ab08901e12edbb45244262362b168a364cd3b26291cfd68df64a,DS_Styled_Gen5_8,DS_Styled_Gen5_8
PURE_PALETTE_RECOLOR,DS_CUSTOM_LIBRARY/packs/DS_Styled_Gen5_8/FRONT_SHINY/GREEDENT.png,DS_CUSTOM_LIBRARY/packs/DS_Styled_Gen5_8/FRONT_NORMAL/GREEDENT.png,80a57a34213f581867e00a8a02ca1a063931c7830af23aef7fe246f0147bfac8,761cdb69bf1d4d3eccc0ea90239d80bf005bc2a2cd82e5c4655c573b149e9dfa,65168ded69791acc2020d7ce485d0db254478b0973ef9e63547e068d84722274,DS_Styled_Gen5_8,DS_Styled_Gen5_8
PURE_PALETTE_RECOLOR,DS_CUSTOM_LIBRARY/packs/DS_Styled_Gen5_8/FRONT_NORMAL/DIGLETT_1.png,DS_CUSTOM_LIBRARY/packs/DS_Styled_Gen5_8/FRONT_SHINY/DIGLETT_1.png,d81f4f07a8ca52dcc6b7ffb69ef654d0dc997e14dbfeb26463d138acffaf69e1,1f5f4080ea3382469858363236c54a51a6573a16d29caced5c9c1a9e4156c7a7,db613897a1ca5c3ff8dea43e82bd5d17ab95afce9b523528083a7162e1f99f08,DS_Styled_Gen5_8,DS_Styled_Gen5_8
PURE_PALETTE_RECOLOR,DS_CUSTOM_LIBRARY/packs/DS_Styled_Gen5_8/FRONT_NORMAL/APPLETUN.png,DS_CUSTOM_LIBRARY/packs/DS_Styled_Gen5_8/FRONT_SHINY/APPLETUN.png,d4df1e007ffe34375a372a47854b30b6ec8f7664ceb6dca51dc1e61374623517,64701e3c68a82a03e78f584b823a4c4f5ddb9a5a010013770ded7574f1db1cbd,74e1f1c1704da8e47eb583430a4eddd8449d8e27ac8adf24510d20e5df043aa4,DS_Styled_Gen5_8,DS_Styled_Gen5_8
PURE_PALETTE_RECOLOR,DS_CUSTOM_LIBRARY/packs/DS_Styled_Gen5_8/FRONT_SHINY/VENUSAUR_female_gmax.png,DS_CUSTOM_LIBRARY/packs/DS_Styled_Gen5_8/FRONT_NORMAL/VENUSAUR_female_gmax.png,1dc5fcb943536a6899f4096eb69a24b11860cc626c08b7063ec0b351395fd9fc,4c682780c6bdad5dd2f5b9445b336277f149869665db9c6323d5c6e72f3ffcbc,995e8f595534617cc56dddc62cfe496da8a35103ee18af8f1f49af5ced016917,DS_Styled_Gen5_8,DS_Styled_Gen5_8
PURE_PALETTE_RECOLOR,DS_CUSTOM_LIBRARY/packs/DS_Styled_Gen5_8/FRONT_SHINY/ROCKRUFF.png,DS_CUSTOM_LIBRARY/packs/DS_Styled_Gen5_8/FRONT_NORMAL/ROCKRUFF.png,99de1cd01771c073338cd612d6dfbea91cd25873783f445ff860f88353994c35,3f7a052347d8186818513b40424bd023f4257bbbc7b1f5a4c59e0c75860f5233,4913ebb70adcf94670f4da537f6a159b559017e1fb034dd0e44a5292d8b6dba7,DS_Styled_Gen5_8,DS_Styled_Gen5_8
PURE_PALETTE_RECOLOR,DS_CUSTOM_LIBRARY/packs/DS_Styled_Gen5_8/FRONT_SHINY/COPPERAJAH_gmax.png,DS_CUSTOM_LIBRARY/packs/DS_Styled_Gen5_8/FRONT_NORMAL/COPPERAJAH_gmax.png,d8c5ffa5a43666143494186aff2f56246db5d9e384f00bf06e2beb2fa6856980,e7c2be4d44a69772539b2aca30868e5a31953bd2c3ea2a1197310a74ca9ee7a4,8de361b17e61cecb7fbd7dc3cc52ce59b5929bf81560e33acc4724ce928e19ee,DS_Styled_Gen5_8,DS_Styled_Gen5_8
PURE_PALETTE_RECOLOR,DS_CUSTOM_LIBRARY/packs/DS_Styled_Gen5_8/FRONT_SHINY/CAMERUPT_1.png,DS_CUSTOM_LIBRARY/packs/DS_Styled_Gen5_8/FRONT_NORMAL/CAMERUPT_1.png,8b949c7a8ea08c9511e16b7a09fb2c5e9a9093ef6f41eb548e86581ab5f5c7c8,bf1ac61592d36e4bcedeb9e2799a4b1f9256b7ac9091ba0c6959531eeba2cad4,1d0cc112c08c51fbf4834f43231538dac40a8ccd4a7dfe71cb3f567f122fc55c,DS_Styled_Gen5_8,DS_Styled_Gen5_8
PURE_PALETTE_RECOLOR,DS_CUSTOM_LIBRARY/packs/DS_Styled_Gen5_8/FRONT_NORMAL/ORICORIO.png,DS_CUSTOM_LIBRARY/packs/DS_Styled_Gen5_8/FRONT_SHINY/ORICORIO.png,3880dca357680885c8e39dae365f36336ed81e91165ee9c081a17c2739cfd0d7,1e8dff056103b3abe8bfd814bd43a360ba7b4a3893dcebf39587a17deb6b1a5c,3276a25e901c516a11220645566ec56311045e07e4595af541524c19e8b00ed4,DS_Styled_Gen5_8,DS_Styled_Gen5_8
PURE_PALETTE_RECOLOR,DS_CUSTOM_LIBRARY/packs/DS_Styled_Gen5_8/FRONT_NORMAL/URSHIFU.png,DS_CUSTOM_LIBRARY/packs/DS_Styled_Gen5_8/FRONT_SHINY/URSHIFU.png,93e1b3f45721db57e24a5808b58764701debe142191dca7e93fdedcb094e26d1,a73fbbe9ef5fd07880ee3aa159af361d63557d19575a069911aa5a4cb8fb0f7e,55665adff7f3c7ac0c8c8c47091aaf20da7d60b5836a868cc5aa5322f5bb5478,DS_Styled_Gen5_8,DS_Styled_Gen5_8
PURE_PALETTE_RECOLOR,DS_CUSTOM_LIBRARY/packs/DS_Styled_Gen5_8/FRONT_SHINY/PRIMARINA.png,DS_CUSTOM_LIBRARY/packs/DS_Styled_Gen5_8/FRONT_NORMAL/PRIMARINA.png,3415a8b0e99c54e824cdf8aae1523cab5d1c526fbf4faa8284d7701dd531e7f1,934fb8373902dd13e45bde21da05633c1ff8938fc7a0b671c182ae7fccd965ec,a8f23c06db86e1fc1b9a5197dd7c3ec9bb15e57ed3ef24f61bcfbf5f3370e35d,DS_Styled_Gen5_8,DS_Styled_Gen5_8
PURE_PALETTE_RECOLOR,DS_CUSTOM_LIBRARY/packs/DS_Styled_Gen5_8/FRONT_SHINY/CRABRAWLER.png,DS_CUSTOM_LIBRARY/packs/DS_Styled_Gen5_8/FRONT_NORMAL/CRABRAWLER.png,c7baf35d34cb745b83f0e98e0612113a832d4f25031385f3a55532b451b11b36,8ece145aa3376dd5bc763e238a279bb278eb2033039dd06d514720621ed1d24a,be318fdd87dd783d8ef55832afb1b1bb4ae51da002787ff06be112ef6bc783d6,DS_Styled_Gen5_8,DS_Styled_Gen5_8
PURE_PALETTE_RECOLOR,DS_CUSTOM_LIBRARY/packs/DS_Styled_Gen5_8/FRONT_NORMAL/CLOBBOPUS.png,DS_CUSTOM_LIBRARY/packs/DS_Styled_Gen5_8/FRONT_SHINY/CLOBBOPUS.png,cc0b9fa36d98718725c5a58aefc5df9c97c555326e3f9209cd723c409c124809,d138e94e746b165da482193937eda9a530112179e0e2c6cec9374cb948cb53c4,f891226c13520ae8d2013cabd41558b814a2d23e01546442387a5670610fcaef,DS_Styled_Gen5_8,DS_Styled_Gen5_8
PURE_PALETTE_RECOLOR,DS_CUSTOM_LIBRARY/packs/DS_Styled_Gen5_8/FRONT_NORMAL/HAKAMOO.png,DS_CUSTOM_LIBRARY/packs/DS_Styled_Gen5_8/FRONT_SHINY/HAKAMOO.png,15de24af7ffd8bfed5253b4a30e3acda2b21f021165f7bf1f759c71ff16d13da,5cc06cfbd9e6e9c1132ff77964d5b36ff90c371afd79753a7dd409ee32c3a35f,7d590fddf89c7142a0d6f2e5951b2c52eafaad2a99ee8106b9347ce73d622263,DS_Styled_Gen5_8,DS_Styled_Gen5_8
PURE_PALETTE_RECOLOR,DS_CUSTOM_LIBRARY/packs/DS_Styled_Gen5_8/FRONT_NORMAL/PERSIAN_1.png,DS_CUSTOM_LIBRARY/packs/DS_Styled_Gen5_8/FRONT_SHINY/PERSIAN_1.png,336baf9b900fcb37ec6ea81ff7ee65c542a068aaf7bde4b13b42c617db0e6b7d,dbc0a3c19821400f670cc5b2e6319591b6baf5c346f6b0a649d761b77ce82ed8,d26c5f585e254697e6c3db2fcccc652bc392487df73a83ac2594a53c496f12e7,DS_Styled_Gen5_8,DS_Styled_Gen5_8
PURE_PALETTE_RECOLOR,DS_CUSTOM_LIBRARY/packs/DS_Styled_Gen5_8/FRONT_NORMAL/CHARIZARD_1.png,DS_CUSTOM_LIBRARY/packs/DS_Styled_Gen5_8/FRONT_SHINY/CHARIZARD_1.png,62289f6626c82214085e29c5a9903ed544daef89128a1ff40570998a7e81e455,bf9530007896c6bf8503dfcc76c91b60705f92d62d90c924017277dde9a608b8,2d7c0116a7d503331ee2c5b7553c304876755f6d66e97ec2ffdccaf6f0baa1c0,DS_Styled_Gen5_8,DS_Styled_Gen5_8
PURE_PALETTE_RECOLOR,DS_CUSTOM_LIBRARY/packs/DS_Styled_Gen5_8/FRONT_SHINY/MAROWAK_1.png,DS_CUSTOM_LIBRARY/packs/DS_Styled_Gen5_8/FRONT_NORMAL/MAROWAK_1.png,b472ccc36110d9f1d3e3313258aaedb033a142cffa9f0ed5cc6eb0df5b3b666d,b6b9bd4e350704b7c112b56f965c24a763159f1bee408292045c1c1dbb9035d2,a6091092ef4b2386416a1a5eddec81ef6d9259bccc9c354d2e2aea7b829b61c0,DS_Styled_Gen5_8,DS_Styled_Gen5_8
PURE_PALETTE_RECOLOR,DS_CUSTOM_LIBRARY/packs/DS_Styled_Gen5_8/FRONT_NORMAL/PIKACHU_4.png,DS_CUSTOM_LIBRARY/packs/DS_Styled_Gen5_8/FRONT_SHINY/PIKACHU_4.png,17af9434fd35d95a15215f971afc01538ec77a0ea5a87f230e28ef8c3a233b2b,1fb3c52e6d9b05278305172534f102e2eda2ea0b7092440f6b7e7e48074f8684,9579c8a75bbfd598e6cd2b4fe415d0f45f318878477067adb6fb9e796740bb07,DS_Styled_Gen5_8,DS_Styled_Gen5_8
PURE_PALETTE_RECOLOR,DS_CUSTOM_LIBRARY/packs/DS_Styled_Gen5_8/FRONT_NORMAL/VIVILLON_9.png,DS_CUSTOM_LIBRARY/packs/DS_Styled_Gen5_8/FRONT_SHINY/VIVILLON_9.png,96f370d61e21cc69fd315185f18c16d68dc1eaa34166096bb84eb465398e0964,4596a141e2b601ee4c5f13c103627953269dce2fcab74fc70001b2c41d7ddc5a,8dd76527f1e5703b648e2628a58af102ca8e929e62300b88bdaf52f12d238257,DS_Styled_Gen5_8,DS_Styled_Gen5_8
PURE_PALETTE_RECOLOR,DS_CUSTOM_LIBRARY/packs/DS_Styled_Gen5_8/FRONT_SHINY/NINETALES_1.png,DS_CUSTOM_LIBRARY/packs/DS_Styled_Gen5_8/FRONT_NORMAL/NINETALES_1.png,32e6badb27c1b2ef67bd9d0f5bc11195f40fcfab656c3582f4a48161e1f63192,ddbc7f0dc22c53100e459995b53aeed0228948c938f2f319fd5ebce411b03ab0,059098c53d72ad352a4aeb21a97438374150d985d0bd1b418b17179049bfc16f,DS_Styled_Gen5_8,DS_Styled_Gen5_8
PURE_PALETTE_RECOLOR,DS_CUSTOM_LIBRARY/packs/DS_Styled_Gen5_8/FRONT_NORMAL/VIVILLON_17.png,DS_CUSTOM_LIBRARY/packs/DS_Styled_Gen5_8/FRONT_SHINY/VIVILLON_17.png,d3358c6bfaec1560893f3cb819f47359c951bf23e8cb8faa50b2cb57154ae59e,76b3c631c661a4e7e72027aa90cc285fd90a261ba1ea1f9edfb0a310a59da4cb,4987291aea413a34e98a5449d81ff1e35f8ee492eccf96b7fdea488dac2d7e50,DS_Styled_Gen5_8,DS_Styled_Gen5_8
PURE_PALETTE_RECOLOR,DS_CUSTOM_LIBRARY/packs/DS_Styled_Gen5_8/FRONT_NORMAL/SHARPEDO_1.png,DS_CUSTOM_LIBRARY/packs/DS_Styled_Gen5_8/FRONT_SHINY/SHARPEDO_1.png,ef7b968b92901e6e99e6a26789eca3dcdf0b513c15b4f33827765f36981cb469,cdd6aed601737c89ff7a64ed1b80ef4b0ce2ab39fce1f352006b7dea087f539f,adc11ad9a54dc4f2e7b5ffd2062f1e0faaf9a2d4bf6f0b4e71b6207004f5788e,DS_Styled_Gen5_8,DS_Styled_Gen5_8
PURE_PALETTE_RECOLOR,DS_CUSTOM_LIBRARY/packs/DS_Styled_Gen5_8/FRONT_NORMAL/TOGEDEMARU.png,DS_CUSTOM_LIBRARY/packs/DS_Styled_Gen5_8/FRONT_SHINY/TOGEDEMARU.png,cfb1b0e20b9ae0071946ad9e9f12048c355d5ae8f8104bd507f386561bbe8e83,f12b57a9e186cd46be0ec297b94168b2b4875507ed43f1c9fa2daa39316310c5,71d1811498fb64cc1daf4f881d76e505b412d27873c197cc7b9c0488cf2af4e9,DS_Styled_Gen5_8,DS_Styled_Gen5_8
PURE_PALETTE_RECOLOR,DS_CUSTOM_LIBRARY/packs/DS_Styled_Gen5_8/FRONT_SHINY/RAICHU_1.png,DS_CUSTOM_LIBRARY/packs/DS_Styled_Gen5_8/FRONT_NORMAL/RAICHU_1.png,73a7e018d45ce9b63253e1932b69de39a4e67e18f147c06d3b574c4368159e52,95520d566371a3bd662806809ddfce0047afe3b7d26ac9fb145b276c66fc2cd0,c6e20e0cc20f483d84ee1a967711e60de3c096a8b06fe51393fe7fd71a31f6ce,DS_Styled_Gen5_8,DS_Styled_Gen5_8
PURE_PALETTE_RECOLOR,DS_CUSTOM_LIBRARY/packs/DS_Styled_Gen5_8/FRONT_SHINY/FLAPPLE.png,DS_CUSTOM_LIBRARY/packs/DS_Styled_Gen5_8/FRONT_NORMAL/FLAPPLE.png,35b9519e0fb744c860fb9ed5b8beb5018f0b0601988b598286b0c0bb2b2bdbe6,6233e9139320ef50d1ce6471a748165c137c29869b4d493028e5b239a418b02a,9900c2e914cb965c77c7c46cc5e4159b6343d45f46e4dd0ca1bbd5a6d198aa79,DS_Styled_Gen5_8,DS_Styled_Gen5_8
PURE_PALETTE_RECOLOR,DS_CUSTOM_LIBRARY/packs/DS_Styled_Gen5_8/FRONT_NORMAL/SALAZZLE.png,DS_CUSTOM_LIBRARY/packs/DS_Styled_Gen5_8/FRONT_SHINY/SALAZZLE.png,019cba27494a7ab60f680502a94036a5ab1e60348129ef22449aa834b8d46412,f0acae8bf738cd07d1011e2af3d45db3b8c0b9778f07a0c22851347cb112e492,fd43096758be890eadc2e9fde0db18f3bfc4fca3c7e8fd5d002fe002a2101a0a,DS_Styled_Gen5_8,DS_Styled_Gen5_8
PURE_PALETTE_RECOLOR,DS_CUSTOM_LIBRARY/packs/DS_Styled_Gen5_8/FRONT_NORMAL/MORELULL.png,DS_CUSTOM_LIBRARY/packs/DS_Styled_Gen5_8/FRONT_SHINY/MORELULL.png,f55328c5a097d0e4eb23a32523e34299a6d7a71e39fb077b76f0857807922ecd,11c3a468884bdcf5b22a107cba2824377c65f009edb94c3b4b3f15f02355f10d,13be82c00b58d690ee576206a5ebf882133c634afac66f5bf8ee35d280bbb932,DS_Styled_Gen5_8,DS_Styled_Gen5_8
PURE_PALETTE_RECOLOR,DS_CUSTOM_LIBRARY/packs/DS_Styled_Gen5_8/FRONT_SHINY/TAPUKOKO.png,DS_CUSTOM_LIBRARY/packs/DS_Styled_Gen5_8/FRONT_NORMAL/TAPUKOKO.png,b501e3207579f98dcd88a181df29252b7b25b622cd524758c50434024b8db836,fdf7d480c5ba44728a7dc1d5f68db0de342421fb2eb9a5b17cd5b5261a58f96f,19d9909cf13a639b11b5fc28365e4706343d3c70ea55dd03cebfbdf663e044d7,DS_Styled_Gen5_8,DS_Styled_Gen5_8
PURE_PALETTE_RECOLOR,DS_CUSTOM_LIBRARY/packs/DS_Styled_Gen5_8/FRONT_SHINY/URSHIFU_gmax.png,DS_CUSTOM_LIBRARY/packs/DS_Styled_Gen5_8/FRONT_NORMAL/URSHIFU_gmax.png,ab1b818667a8f2328628a40ff8e8fa8e358e98f23cd2d7e3bfc4e89a78ecab67,fac83c3172c3288f671c8b16da2ff136b602d3b96034e58922b6aeef79b0247a,2ba6cc395ff9b2132606955c8859fd2069a1b1b136f56f9ab15a9f2e7f80bb97,DS_Styled_Gen5_8,DS_Styled_Gen5_8
PURE_PALETTE_RECOLOR,DS_CUSTOM_LIBRARY/packs/DS_Styled_Gen5_8/FRONT_SHINY/BRIONNE.png,DS_CUSTOM_LIBRARY/packs/DS_Styled_Gen5_8/FRONT_NORMAL/BRIONNE.png,1b84f049a382f0fef7867026a1389603122e262bf431fd0832bf749977c5d834,2f44b54ad342baec59a5ce93175e5e186def036836afa7305e0b075e98716e0d,aaceecce6ed9a26a119d2e490ec6b486fe0b614c857853bc706b668706457a5c,DS_Styled_Gen5_8,DS_Styled_Gen5_8
PURE_PALETTE_RECOLOR,DS_CUSTOM_LIBRARY/packs/DS_Styled_Gen5_8/FRONT_SHINY/VIVILLON_11.png,DS_CUSTOM_LIBRARY/packs/DS_Styled_Gen5_8/FRONT_NORMAL/VIVILLON_11.png,c9ff41b1234c03b344b4f4f67ebc245f4d4393dae9bdfc9652c46aeb6865c355,90345df376d17aff0eec03c1ea8f5b21cf567b00f233701c7b1b5ddce7f6c1ba,a9cb8bb6a472ee370c3b752081b272049b359f04d72f75f5e7ea6c1800078a7d,DS_Styled_Gen5_8,DS_Styled_Gen5_8
PURE_PALETTE_RECOLOR,DS_CUSTOM_LIBRARY/packs/DS_Styled_Gen5_8/FRONT_SHINY/SYLVEON.png,DS_CUSTOM_LIBRARY/packs/DS_Styled_Gen5_8/FRONT_NORMAL/SYLVEON.png,fecd954e280a9bf94543adfba888557736d47cb8bf94d6d9a390747fc2db978f,8d70a79030a74100a646bc94f2b656b14d261a5d11ba1bd7b628c7a6784e42fc,ee059eaa996c4939030cd488fca1530aa651dcde520473da52b7e6c89e5369e1,DS_Styled_Gen5_8,DS_Styled_Gen5_8
PURE_PALETTE_RECOLOR,DS_CUSTOM_LIBRARY/packs/DS_Styled_Gen5_8/FRONT_SHINY/CHARIZARD_gmax.png,DS_CUSTOM_LIBRARY/packs/DS_Styled_Gen5_8/FRONT_NORMAL/CHARIZARD_gmax.png,ea252a0e2b375475d9c523a5ab54267b80abafb75656bd79c5f0b44af6a183b8,159bb04a5d536a834647cd26f393c21b15ca8c52233268c713df8cc33a236483,2b85c8493a0128db9d79f4285f1e99188344985b9676d2f1ece0ec3371fea15e,DS_Styled_Gen5_8,DS_Styled_Gen5_8
PURE_PALETTE_RECOLOR,DS_CUSTOM_LIBRARY/packs/DS_Styled_Gen5_8/FRONT_SHINY/MALAMAR.png,DS_CUSTOM_LIBRARY/packs/DS_Styled_Gen5_8/FRONT_NORMAL/MALAMAR.png,4224e3daeef871372f5c337482c10c78a1471b7d554604e8c27ad485c909d7ed,351852b0aa497e735be0f1cb23d3616e770d7512222a707a6d567fea768a1d50,d8f1124bfcf36e3261813dfc1c92b7d1a8b0f91ae7f603c32422e9c4f2391592,DS_Styled_Gen5_8,DS_Styled_Gen5_8
PURE_PALETTE_RECOLOR,DS_CUSTOM_LIBRARY/packs/DS_Styled_Gen5_8/FRONT_NORMAL/ZACIAN_1.png,DS_CUSTOM_LIBRARY/packs/DS_Styled_Gen5_8/FRONT_SHINY/ZACIAN_1.png,bd4fdb70370799ca64cce18e73179f3fc4ece77e3b37532329da2dd0f55a24ec,a1ef93c4a2ce0bf8d5ee7df3f8cffca7c7e8407b1e608312519e43c84b663302,52149a0841009756eb2d0a7ea9cd8b052466318e04ac56fa6f34b28e3e9411e0,DS_Styled_Gen5_8,DS_Styled_Gen5_8
PURE_PALETTE_RECOLOR,DS_CUSTOM_LIBRARY/packs/DS_Styled_Gen5_8/FRONT_SHINY/ALCREMIE_gmax.png,DS_CUSTOM_LIBRARY/packs/DS_Styled_Gen5_8/FRONT_NORMAL/ALCREMIE_gmax.png,c3fefb85d8e84966b26e4ef233cbb18cff74db9d68a69183dd409876930896fa,6cc7726b791460e661468102f6f2c4cbdd11882736f3ec2149295ffcce5ab7fb,e5290d0e9218f313e48bb2d08312aec9a0648aa54e410851ff65a9c9e9081dc5,DS_Styled_Gen5_8,DS_Styled_Gen5_8
PURE_PALETTE_RECOLOR,DS_CUSTOM_LIBRARY/packs/DS_Styled_Gen5_8/FRONT_NORMAL/AROMATISSE.png,DS_CUSTOM_LIBRARY/packs/DS_Styled_Gen5_8/FRONT_SHINY/AROMATISSE.png,7247429938c07638079ca985d01e14f1711e729cac51a491a20d0c3e63eb1185,c2a67eba6df56ed1092797f6eb3f3e6046e900812a9bba2651d87000514c4891,efad29f1745da7cae774cf5a105172556686bf590a7d9d10724eae8e9c0859fb,DS_Styled_Gen5_8,DS_Styled_Gen5_8
PURE_PALETTE_RECOLOR,DS_CUSTOM_LIBRARY/packs/DS_Styled_Gen5_8/FRONT_NORMAL/PINSIR_1.png,DS_CUSTOM_LIBRARY/packs/DS_Styled_Gen5_8/FRONT_SHINY/PINSIR_1.png,34ec27402a9d3a4784a81ac32c068f430f16ab9f87af9d0a97d2d5e6cf97456e,2bcec050d441ced672b449220fddf23e2937714767a23018f6ff46f4a5a22ca5,1db606c5d23e345b11787822155fb12b0cd38492f1e05c8c7dc408386d5d218c,DS_Styled_Gen5_8,DS_Styled_Gen5_8
PURE_PALETTE_RECOLOR,DS_CUSTOM_LIBRARY/packs/DS_Styled_Gen5_8/FRONT_NORMAL/ELDEGOSS.png,DS_CUSTOM_LIBRARY/packs/DS_Styled_Gen5_8/FRONT_SHINY/ELDEGOSS.png,c4a9e7cca64484b3c99b1851553105bc6426fd20f1bc0b5fffd5bccfeef700c8,b3acf660d465f82b54c0ff563896af2cccb8303e4b5b23ad0ae6848898e850db,7fb65b2ff5374903a4d2e3b5d2892dea54581c7a7f4726ba79639d18e35edfdc,DS_Styled_Gen5_8,DS_Styled_Gen5_8
PURE_PALETTE_RECOLOR,DS_CUSTOM_LIBRARY/packs/DS_Styled_Gen5_8/FRONT_SHINY/TAPULELE.png,DS_CUSTOM_LIBRARY/packs/DS_Styled_Gen5_8/FRONT_NORMAL/TAPULELE.png,80141154094a83480cdcfef93c657042156b75950bddc2b2044f30a9a25f1388,89cd9f76cdb3663f2fd0c4b03f3ce39a8885ec2a661aa9104305030809c1ec92,75039877f310966be5d56f79a82f2764b72fd7c002a5ffe7711508836631b333,DS_Styled_Gen5_8,DS_Styled_Gen5_8
PURE_PALETTE_RECOLOR,DS_CUSTOM_LIBRARY/packs/DS_Styled_Gen5_8/FRONT_SHINY/FOMANTIS.png,DS_CUSTOM_LIBRARY/packs/DS_Styled_Gen5_8/FRONT_NORMAL/FOMANTIS.png,f617677b10761c1a547e9020b51372374653a2c4b0a8d53819f7e3096e29e899,1e71922180fb93f2a3d8d948489dce2c861042e8654a21d74e8f72e1575f43a3,0229102a58183723554924b22aebfcf4fdac97d3554342686a7cf5cf1bfa3e9d,DS_Styled_Gen5_8,DS_Styled_Gen5_8
PURE_PALETTE_RECOLOR,DS_CUSTOM_LIBRARY/packs/DS_Styled_Gen5_8/FRONT_NORMAL/LITLEO.png,DS_CUSTOM_LIBRARY/packs/DS_Styled_Gen5_8/FRONT_SHINY/LITLEO.png,a0c1da24e3a93644e6be822b6eaf3165610aa94f938b245552852cb73069cf93,bd931375c1a45f0233aade60ed29b68c66b9c45f1c4639017a998d673b2abdb9,eb1fc366b7f0fe2c326b23b254a81b9dd61ebd0ebd30d584415df41b4a2b5d37,DS_Styled_Gen5_8,DS_Styled_Gen5_8
PURE_PALETTE_RECOLOR,DS_CUSTOM_LIBRARY/packs/DS_Styled_Gen5_8/FRONT_SHINY/GOOMY.png,DS_CUSTOM_LIBRARY/packs/DS_Styled_Gen5_8/FRONT_NORMAL/GOOMY.png,58e539b0e9f592f5724820672fd97b28cc518e37f279c40f11854bd0d80d11e8,7c32915b63edf381ec840cf9cfa6c067baa65cc021d37bab25b81eb2009fdb47,124a85ea3861019169fed774351d5e080358dc349df6a576e2634d9b21359323,DS_Styled_Gen5_8,DS_Styled_Gen5_8
PURE_PALETTE_RECOLOR,DS_CUSTOM_LIBRARY/packs/DS_Styled_Gen5_8/FRONT_SHINY/ABOMASNOW_1.png,DS_CUSTOM_LIBRARY/packs/DS_Styled_Gen5_8/FRONT_NORMAL/ABOMASNOW_1.png,333c36ff16fc70a1af4e9e114c923ec39b2c46b60e4ca6ff063cb906c07cd850,f6f6e4432568e16c6112dc3aa7a1f55f544cbafbc31f89f37f179e159a7442d2,b6e60a837782fb217dbacd649a6d044d94f491b134f11f84138120f0d6c7a5fe,DS_Styled_Gen5_8,DS_Styled_Gen5_8
PURE_PALETTE_RECOLOR,DS_CUSTOM_LIBRARY/packs/DS_Styled_Gen5_8/FRONT_SHINY/SANDYGAST.png,DS_CUSTOM_LIBRARY/packs/DS_Styled_Gen5_8/FRONT_NORMAL/SANDYGAST.png,1728768182634365a5dba6d5c7282ddebebd1da729d01f71e077d13475d0255a,a4db18f42a6b53c3c9fdf24af70aa02f90842728344ad919f76b6328ed82dcc3,24332cc32a0d92c8fce558917f9425b775b828011d0008f5bfe5909b8bd65e59,DS_Styled_Gen5_8,DS_Styled_Gen5_8
PURE_PALETTE_RECOLOR,DS_CUSTOM_LIBRARY/packs/DS_Styled_Gen5_8/FRONT_NORMAL/ORICORIO_3.png,DS_CUSTOM_LIBRARY/packs/DS_Styled_Gen5_8/FRONT_SHINY/ORICORIO_3.png,332660b3d71ad7552dcead37b9f5b8311d844ea911d05d4cbd9d7efd5932dd95,4087be642dea91c02fb949c407ada3c1b197f080196416a31519e1c931ffc11e,86edf54cc522ae46ab4ddad92f7fd609d13d377a598d82b9d691b7f7b1ba1bda,DS_Styled_Gen5_8,DS_Styled_Gen5_8
PURE_PALETTE_RECOLOR,DS_CUSTOM_LIBRARY/packs/DS_Styled_Gen5_8/FRONT_NORMAL/DREDNAW.png,DS_CUSTOM_LIBRARY/packs/DS_Styled_Gen5_8/FRONT_SHINY/DREDNAW.png,fb1d38128103fb6a75a693a903041a400336a4d470d4b73d540e7978fd5f4603,d1c108685e468518e072a460ca8178b02e24900419653a18fb7c33b7013e9e29,891e542009ecdd8fbb5954998620bb77d1be6c89ea3e4f724f9018772229538a,DS_Styled_Gen5_8,DS_Styled_Gen5_8
PURE_PALETTE_RECOLOR,DS_CUSTOM_LIBRARY/packs/DS_Styled_Gen5_8/FRONT_SHINY/TREVENANT.png,DS_CUSTOM_LIBRARY/packs/DS_Styled_Gen5_8/FRONT_NORMAL/TREVENANT.png,08c9ec0a8bfca43de0624f36be4155db853204c233aa346e013a8ce473ca0755,8173d71a980b98b3c7da22e61527eadc5d1bf85ec864fd9da6daf31df1169970,965c3d14f9c6461d37970ff51136b3cc6f61f3ee65158b35ee937ede4ae9d417,DS_Styled_Gen5_8,DS_Styled_Gen5_8
PURE_PALETTE_RECOLOR,DS_CUSTOM_LIBRARY/packs/DS_Styled_Gen5_8/FRONT_NORMAL/FLETCHINDER.png,DS_CUSTOM_LIBRARY/packs/DS_Styled_Gen5_8/FRONT_SHINY/FLETCHINDER.png,43ea2ac3ec4066d94a0692f260db6acba6584dc9e24dbef895c1cb8031cd14c8,277a8ec84ba2637e126a4e085546007a25ff6813bcbf64c721bdcc6826eeda4b,c7a7f9e74f181c2ee24b80f1e6168fc70e82222f7c4146b8dbdcb6dd2cd2c0d9,DS_Styled_Gen5_8,DS_Styled_Gen5_8
PURE_PALETTE_RECOLOR,DS_CUSTOM_LIBRARY/packs/DS_Styled_Gen5_8/FRONT_SHINY/CUTIEFLY.png,DS_CUSTOM_LIBRARY/packs/DS_Styled_Gen5_8/FRONT_NORMAL/CUTIEFLY.png,23846fff718bea101d0301756ef036d546ff143442baa917871302a10434b216,d46e0a44a262bdf5ac5f887468cb42192c6e536a43edb030d40b0cdf60b5e86f,b77ad43de7ae4747fd09277b941a5fd28fda91274a26e49786be09d30ea9e65a,DS_Styled_Gen5_8,DS_Styled_Gen5_8
PURE_PALETTE_RECOLOR,DS_CUSTOM_LIBRARY/packs/DS_Styled_Gen5_8/FRONT_SHINY/PALOSSAND.png,DS_CUSTOM_LIBRARY/packs/DS_Styled_Gen5_8/FRONT_NORMAL/PALOSSAND.png,79ec7a66c6180ca2ebd6b3094bf82bb4df426ec9e1f01f2446f3883216306d31,e100fd2e66591ce9452810122f7ed47e70e429c7d97e639e2ffc330a360c37f4,c098d2264c651e5e408a410fd0272f955fc113788497dbb5c0f9d1331aae36e5,DS_Styled_Gen5_8,DS_Styled_Gen5_8
PURE_PALETTE_RECOLOR,DS_CUSTOM_LIBRARY/packs/DS_Styled_Gen5_8/FRONT_NORMAL/AEGISLASH.png,DS_CUSTOM_LIBRARY/packs/DS_Styled_Gen5_8/FRONT_SHINY/AEGISLASH_1.png,7182eec3b1ee4e914be9ba08c1c59582b1e67131d4ae20b79219320d73528dcc,8fac802ec4a2176232d29341cea448d25a6a00b1633232767ca1fc83587cfe56,064ed0a85c7502b10698b3f6b290b2875774e791c1354df8cd1794ac94658ac9,DS_Styled_Gen5_8,DS_Styled_Gen5_8
PURE_PALETTE_RECOLOR,DS_CUSTOM_LIBRARY/packs/DS_Styled_Gen5_8/FRONT_SHINY/POPPLIO.png,DS_CUSTOM_LIBRARY/packs/DS_Styled_Gen5_8/FRONT_NORMAL/POPPLIO.png,9663b8bbe180d150efa3284e11f05669626615813bcb9591fc26d3ed6c6050fa,4e4c4ff490d6dbb19b7158ce25e23570b6ea7b5fb62bacc3522cb62cde981085,edbedc93cf56bc54e33267242abf276e7d6821d78f6c75168dfe87b4b57c375e,DS_Styled_Gen5_8,DS_Styled_Gen5_8
PURE_PALETTE_RECOLOR,DS_CUSTOM_LIBRARY/packs/DS_Styled_Gen5_8/FRONT_SHINY/EISCUE.png,DS_CUSTOM_LIBRARY/packs/DS_Styled_Gen5_8/FRONT_NORMAL/EISCUE.png,8b608744a05b1335bc756aa808f337abd64ef506d337b0cc9511ff9003262f31,0f925de6729d985b15650604db5b859564c4be592a8047002e74943c44c80a2e,c183a59010d3b4239eb97e83666880f3566a61c331cc3e6601a6610525e3e7bc,DS_Styled_Gen5_8,DS_Styled_Gen5_8
PURE_PALETTE_RECOLOR,DS_CUSTOM_LIBRARY/packs/DS_Styled_Gen5_8/FRONT_SHINY/AUDINO_1.png,DS_CUSTOM_LIBRARY/packs/DS_Styled_Gen5_8/FRONT_NORMAL/AUDINO_1.png,285b9e6017e3e0575d09de314033d2aeb54ea135a858f1792ba85cb1d082f894,4a1f130c59ca0723d30b9690b981bf7a39024afc86125c961aa19c4104ed3af5,9410807f68094aa25ef0145649a3e3487414440eb1205ce34cedb2e83802d75b,DS_Styled_Gen5_8,DS_Styled_Gen5_8
PURE_PALETTE_RECOLOR,DS_CUSTOM_LIBRARY/packs/DS_Styled_Gen5_8/FRONT_NORMAL/VIVILLON_6.png,DS_CUSTOM_LIBRARY/packs/DS_Styled_Gen5_8/FRONT_SHINY/VIVILLON_6.png,cda4a2ded2200d9b231c1ff1ba65d1443f3713fab496339b834bb753f58df6e4,88667dada867e870de82b665b8401a842c46787e535802d868f097c3cb5cd8bc,8c91fb23aaaff448dcacdfcfb8dd3161e68449f723d3329553c27c73ffd34432,DS_Styled_Gen5_8,DS_Styled_Gen5_8
PURE_PALETTE_RECOLOR,DS_CUSTOM_LIBRARY/packs/DS_Styled_Gen5_8/FRONT_SHINY/ALTARIA_1.png,DS_CUSTOM_LIBRARY/packs/DS_Styled_Gen5_8/FRONT_NORMAL/ALTARIA_1.png,19d00d7d35dc2c60055fa99b3747907bbad3e6d4c1f66b7612ad85c7411e47b1,bc39c919267070417792f171a38fea9d647e4f5d4a498abeb449872bb11e19e5,23dadb07ce27c32e8e1b8facca9986d191ea184b166291b4dc57bcd077f14737,DS_Styled_Gen5_8,DS_Styled_Gen5_8
PURE_PALETTE_RECOLOR,DS_CUSTOM_LIBRARY/packs/DS_Styled_Gen5_8/FRONT_SHINY/AERODACTYL_1.png,DS_CUSTOM_LIBRARY/packs/DS_Styled_Gen5_8/FRONT_NORMAL/AERODACTYL_1.png,24b5af07eb1209e98b18713f196dd978e444ae7f965199d04c17dbc9b8caf468,2a35a6ed0294b34515e93630decec51eee2a2817762acd1646e34920860b8fb6,54fc72f6ce4168193ca39a2e1d6863570148ec5a1eab1ba329fba83915f30d76,DS_Styled_Gen5_8,DS_Styled_Gen5_8
PURE_PALETTE_RECOLOR,DS_CUSTOM_LIBRARY/packs/DS_Styled_Gen5_8/FRONT_SHINY/RABOOT.png,DS_CUSTOM_LIBRARY/packs/DS_Styled_Gen5_8/FRONT_NORMAL/RABOOT.png,9b08f7100e06c62e1feb4a7f8bdc2483e29705c39d4e78e91080e98060f2a340,71b6e37a32e56ee8ca931c02eb4e1be88a8434ba5e0cdcd3d4712b55d397b050,017724ac4b3cde054dc57a8092dcbdccc36691f5e9adf17c94ad2859f9df1e6e,DS_Styled_Gen5_8,DS_Styled_Gen5_8
PURE_PALETTE_RECOLOR,DS_CUSTOM_LIBRARY/packs/DS_Styled_Gen5_8/FRONT_SHINY/TYRANITAR_1.png,DS_CUSTOM_LIBRARY/packs/DS_Styled_Gen5_8/FRONT_NORMAL/TYRANITAR_1.png,ce7b97605eb2837f9248ead7da7e6c16037b1429a0d1fbfd15a58b4f13434762,dc5b969679342b4fa8fe8d5f15050dbfe8af1d1a9d04e567fff963bc1dcdb15a,39fac618a9fb365f8ac66aeaee9759c1aad10ea1e825a5015018e5f7fdeaf951,DS_Styled_Gen5_8,DS_Styled_Gen5_8
PURE_PALETTE_RECOLOR,DS_CUSTOM_LIBRARY/packs/DS_Styled_Gen5_8/FRONT_NORMAL/MEOWTH_1.png,DS_CUSTOM_LIBRARY/packs/DS_Styled_Gen5_8/FRONT_SHINY/MEOWTH_1.png,fe0289e6d24fa59a23920a508bcc1c0dfd6414ce2fd86c1afca29085ab99fad3,5ac753f35bced0f5e907a9bff6d58e7a2adaeeb6fa66b78b9d6547336ba499c3,2c5139893145f66689c5869308e72fd0fb47e6a68dc76bd78cd4ac378868dbf4,DS_Styled_Gen5_8,DS_Styled_Gen5_8
PURE_PALETTE_RECOLOR,DS_CUSTOM_LIBRARY/packs/DS_Styled_Gen5_8/FRONT_SHINY/ABSOL_1.png,DS_CUSTOM_LIBRARY/packs/DS_Styled_Gen5_8/FRONT_NORMAL/ABSOL_1.png,62d7c094bb96570305b42d530aeae8d19c3719312542ad002de5c131ef118d66,a8f930917b03c280b12ea00d519754eafa7dd4f18ffac3189ba389b71d3d464a,043c8355e23195d64addf61762bd547e47bf346539f22e9ad8c9538f787bd5a5,DS_Styled_Gen5_8,DS_Styled_Gen5_8
PURE_PALETTE_RECOLOR,DS_CUSTOM_LIBRARY/packs/DS_Styled_Gen5_8/FRONT_SHINY/COPPERAJAH.png,DS_CUSTOM_LIBRARY/packs/DS_Styled_Gen5_8/FRONT_NORMAL/COPPERAJAH.png,e1463b5c6ff45db6d4788ba34e4133bb41b769092a56ba4cf01bd26d4b187252,2f9d0c20c5561f0ea9f3e85b67e21756becd3451ac29299674b03bfea865891f,a91bcefe7bdddb2e1cdbbe59756cfa6cdaa7d3885cbed603213facacb6522433,DS_Styled_Gen5_8,DS_Styled_Gen5_8
PURE_PALETTE_RECOLOR,DS_CUSTOM_LIBRARY/packs/DS_Styled_Gen5_8/FRONT_NORMAL/PYROAR_female.png,DS_CUSTOM_LIBRARY/packs/DS_Styled_Gen5_8/FRONT_SHINY/PYROAR_female.png,18e322805dfdb6baa69e9d0440bad3d1eb7bedb49eb597267724bdb09f968559,1369998e0f82723970cbde3ac3417ae5319da0e20438d188fe833e862726cda4,7e25b1a0f6e7c57d35f3b9d306948477e5e3043bae610b26c3da5320f57a8fe5,DS_Styled_Gen5_8,DS_Styled_Gen5_8
PURE_PALETTE_RECOLOR,DS_CUSTOM_LIBRARY/packs/DS_Styled_Gen5_8/FRONT_SHINY/EISCUE_1.png,DS_CUSTOM_LIBRARY/packs/DS_Styled_Gen5_8/FRONT_NORMAL/EISCUE_1.png,880e8a20e4f1c62c97b88e637f12af4456128a077bda4178f40bb26d5be0eba1,1d53100adf32439ddba683cf7c4c4b54a0a93f013c85081f18f92094fd7fb180,01fd525529f57497e870f964790cf6e44645b933c027e61bf802fc9c72ef7981,DS_Styled_Gen5_8,DS_Styled_Gen5_8
PURE_PALETTE_RECOLOR,DS_CUSTOM_LIBRARY/packs/DS_Styled_Gen5_8/FRONT_SHINY/ZARUDE_1.png,DS_CUSTOM_LIBRARY/packs/DS_Styled_Gen5_8/FRONT_NORMAL/ZARUDE_1.png,8b8c5b6a7b697a55390fb5bb54d16b2802d62e3e4d5675449699b53e3773311d,ebab91007af03dc3cbc88f08d3c79b595919bcabcf695650217061d7e44cee78,c65250b99e600cdb4aa8c4ad974e96287152bf335b77050fd8092b3a7c7514df,DS_Styled_Gen5_8,DS_Styled_Gen5_8
PURE_PALETTE_RECOLOR,DS_CUSTOM_LIBRARY/packs/DS_Styled_Gen5_8/FRONT_SHINY/DRACOZOLT.png,DS_CUSTOM_LIBRARY/packs/DS_Styled_Gen5_8/FRONT_NORMAL/DRACOZOLT.png,663d4d4c7a7119146c31159e47979f69d3f79d5533dfd930c1cb819e548f9f88,e05adfeb4c84611da578a4503e60a89cb9e55e11e9df86b14fc1f693ce1b2ae9,a96c95dde485d4cfb292ef619a2054cce0d0309b9cc6472378618fbdf7a17417,DS_Styled_Gen5_8,DS_Styled_Gen5_8
PURE_PALETTE_RECOLOR,DS_CUSTOM_LIBRARY/packs/DS_Styled_Gen5_8/FRONT_NORMAL/MANECTRIC_1.png,DS_CUSTOM_LIBRARY/packs/DS_Styled_Gen5_8/FRONT_SHINY/MANECTRIC_1.png,89bbda3ed987ee4b5748453a43bfb6b7f629e9478ea912f6cbda9cc9526f4192,0493116b303175db05ac6f9777f0ca234d433ad035f76da0fd3fe44e284b6a6c,7ac497468ab6e0ff2aec97174633c032e0b3a0e35f3b9f93aa0646f1e58ccea7,DS_Styled_Gen5_8,DS_Styled_Gen5_8
PURE_PALETTE_RECOLOR,DS_CUSTOM_LIBRARY/packs/DS_Styled_Gen5_8/FRONT_NORMAL/SOLGALEO_1.png,DS_CUSTOM_LIBRARY/packs/DS_Styled_Gen5_8/FRONT_SHINY/SOLGALEO_1.png,87a0280281bc6450acff9a37cf3007594dfad22b504134bd9418dcf4d280cbe4,4d2d9ade974ea2f40e25447842d8ce2ae646186930948cd0f3721e017a446fa2,28754697953a3cb2882ed71894cf2bafbe92f5267e07f0fa2cfbe137a9f5d5ee,DS_Styled_Gen5_8,DS_Styled_Gen5_8
PURE_PALETTE_RECOLOR,DS_CUSTOM_LIBRARY/packs/DS_Styled_Gen5_8/FRONT_NORMAL/PIKACHU_female_gmax.png,DS_CUSTOM_LIBRARY/packs/DS_Styled_Gen5_8/FRONT_SHINY/PIKACHU_female_gmax.png,e1d47274cc480829a37425e61b60691317f2cb094d23e61519f21f68d50cb0ea,a99d473c9d289bce39fbcb0a5877c2e464a56bccf92b8294e49b2da15f10ca47,3956a16e557210a2e8eb756bb80be7f55adba9748540a4a0e2a9bd9a766f76cf,DS_Styled_Gen5_8,DS_Styled_Gen5_8
PURE_PALETTE_RECOLOR,DS_CUSTOM_LIBRARY/packs/DS_Styled_Gen5_8/FRONT_SHINY/ZARUDE.png,DS_CUSTOM_LIBRARY/packs/DS_Styled_Gen5_8/FRONT_NORMAL/ZARUDE.png,126faa5abb8891dfb422e9050afe516e5c857842e0830e1e284b95217b994959,5ccfe5defd9b1c33db939fa1ca178195709eb7baa70474fc104a898989f1a7b5,6db3eeb8a2103241f324ce01c8b9a10672752ea54a7c692148d3f4d35c773eba,DS_Styled_Gen5_8,DS_Styled_Gen5_8
PURE_PALETTE_RECOLOR,DS_CUSTOM_LIBRARY/packs/DS_Styled_Gen5_8/FRONT_SHINY/CHEWTLE.png,DS_CUSTOM_LIBRARY/packs/DS_Styled_Gen5_8/FRONT_NORMAL/CHEWTLE.png,0a99119f62d1b25b59f9f08645b1918e7547924b436c3008177c5f31a1856f27,92b77627d47e43aca1a36fe903fab222da54d1b6e83102fcd0246d6a8ad27a8e,16feff9f31c35c634d1b04459109499d7e6b4bdbb8ce632dbe60511bb44b30b9,DS_Styled_Gen5_8,DS_Styled_Gen5_8
PURE_PALETTE_RECOLOR,DS_CUSTOM_LIBRARY/packs/DS_Styled_Gen5_8/FRONT_NORMAL/CRAMORANT.png,DS_CUSTOM_LIBRARY/packs/DS_Styled_Gen5_8/FRONT_SHINY/CRAMORANT.png,854dae587844629b021fe674519a367c55f4d32a9cd66bc8b04a56073c296e4d,04126e95db1e639590c50cf2899064fbd94ed607d71c05c781984bb45877c0c9,7b31dc8bc0057291a09e25e9a6234264d0d8d0797f667c1c071328d93c5cccd4,DS_Styled_Gen5_8,DS_Styled_Gen5_8
PURE_PALETTE_RECOLOR,DS_CUSTOM_LIBRARY/packs/DS_Styled_Gen5_8/FRONT_SHINY/DARTRIX.png,DS_CUSTOM_LIBRARY/packs/DS_Styled_Gen5_8/FRONT_NORMAL/DARTRIX.png,d40724177066c5a7f55b0d6411bf7492fce1eb73d5723c5639c8f367eaf38d7e,aa3ffd7e1d194f38e9c12c01236bfc0243a851a2105481a64e579066d27b093b,b605140b5df42281fcfcf6489a082933af4efa03c98319e7a8f819fa6ad4f1f6,DS_Styled_Gen5_8,DS_Styled_Gen5_8
PURE_PALETTE_RECOLOR,DS_CUSTOM_LIBRARY/packs/DS_Styled_Gen5_8/FRONT_NORMAL/WEEZING_1.png,DS_CUSTOM_LIBRARY/packs/DS_Styled_Gen5_8/FRONT_SHINY/WEEZING_1.png,ecbfdd2dcd5e0c8fdd6839f4e918fd373164186a6427642152e211328013dcd3,52d41d182e42d058f873f5e4b817ac376d21b114e6b8cfd7c4c8af72adb29fd0,fd72d9feba4729c2ef7bc255e76022dfcb0dfe5948c3cf98ed586b51671e0c05,DS_Styled_Gen5_8,DS_Styled_Gen5_8
PURE_PALETTE_RECOLOR,DS_CUSTOM_LIBRARY/packs/DS_Styled_Gen5_8/FRONT_NORMAL/TOUCANNON.png,DS_CUSTOM_LIBRARY/packs/DS_Styled_Gen5_8/FRONT_SHINY/TOUCANNON.png,7f46417475b06d4802fb047f91da99aeafa7e3ee8176c94b61416e32f36f2372,9472c4584f9b2e90908a12b75ea88bdd1fe90e6a8623aa27cfb4f01ec863d15a,f62cd29cfc8a6bc379047756959462656de16a7c06ea9babf5095a2333c9253b,DS_Styled_Gen5_8,DS_Styled_Gen5_8
PURE_PALETTE_RECOLOR,DS_CUSTOM_LIBRARY/packs/DS_Styled_Gen5_8/FRONT_NORMAL/SKIDDO.png,DS_CUSTOM_LIBRARY/packs/DS_Styled_Gen5_8/FRONT_SHINY/SKIDDO.png,d9f879f3eb96f2333315a8d49fe883e031f08b6732d1a253e95cffd919764db6,070c02079a9127110126b80a8655ddbd9a86bfa3549ba1a6791b4265acad1322,71eef61902f56bac1b4433798540f1f3176c72930b2b267fbbd14f6a872837d4,DS_Styled_Gen5_8,DS_Styled_Gen5_8
PURE_PALETTE_RECOLOR,DS_CUSTOM_LIBRARY/packs/DS_Styled_Gen5_8/FRONT_SHINY/GENGAR_1.png,DS_CUSTOM_LIBRARY/packs/DS_Styled_Gen5_8/FRONT_NORMAL/GENGAR_1.png,b7ddfddfb2dae37695a1658efb9bee28894394844a4b56880caead39aa58119e,2080e8a8be8a607d3a99c6da53828d6789cc191baee37b102dc90f422edcf0ab,1b5930726fb8e39aa9d8267ea9e90498204e8953dc262d1491bdfe92a4bd5f26,DS_Styled_Gen5_8,DS_Styled_Gen5_8
PURE_PALETTE_RECOLOR,DS_CUSTOM_LIBRARY/packs/DS_Styled_Gen5_8/FRONT_SHINY/MUK_1.png,DS_CUSTOM_LIBRARY/packs/DS_Styled_Gen5_8/FRONT_NORMAL/MUK_1.png,fdc960b4be0291afa1bae8f8917a1d2258a2dcaf5be6c1feed55388886136445,9f81058b1ecc0fece1ac53f4bd428eefb82bd5f4186fbf148acfa73c455a8de6,001e92df3805b6c79c67432b5198c6a8583475899decba8bec34086bc0d15420,DS_Styled_Gen5_8,DS_Styled_Gen5_8
PURE_PALETTE_RECOLOR,DS_CUSTOM_LIBRARY/packs/DS_Styled_Gen5_8/FRONT_SHINY/POIPOLE.png,DS_CUSTOM_LIBRARY/packs/DS_Styled_Gen5_8/FRONT_NORMAL/POIPOLE.png,3015af17bd17f7b4b93a478706f7ce51e74b05074054f47a45adfd32f7316d65,c09d99d060a996e26f8caae793e2322d1987e016a033d339319125316a210603,47ff9574ea61fbb045e30a059016dc25bc20a3378ba08fe7781539342644a2ef,DS_Styled_Gen5_8,DS_Styled_Gen5_8
PURE_PALETTE_RECOLOR,DS_CUSTOM_LIBRARY/packs/DS_Styled_Gen5_8/FRONT_NORMAL/HOOPA.png,DS_CUSTOM_LIBRARY/packs/DS_Styled_Gen5_8/FRONT_SHINY/HOOPA.png,869427164450b40122d6ae1e775f8ec77faae3873e10c04020512282c3569c4e,628c9c0a75f291adc51bba10def19f537b4828ce40087612c94d119f633bfa89,4c26a7238666dfa21f9674ef1a3439a6f547b39f68454dfd9fb26c7c2f4551b5,DS_Styled_Gen5_8,DS_Styled_Gen5_8
PURE_PALETTE_RECOLOR,DS_CUSTOM_LIBRARY/packs/DS_Styled_Gen5_8/FRONT_SHINY/MEOWSTIC_1.png,DS_CUSTOM_LIBRARY/packs/DS_Styled_Gen5_8/FRONT_NORMAL/MEOWSTIC_1.png,166625e55abc24eb4a30d02cb891c0b1c94ad3bf40933a490637facc8ff7995a,834bf74692aa6bd9453b876b2c26a5e026a998a53ec103648b91bfdb76963203,982c215b8431c6347a4fbec9b8f0415847588c0263d85e5fc72b6e6a051c2333,DS_Styled_Gen5_8,DS_Styled_Gen5_8
PURE_PALETTE_RECOLOR,DS_CUSTOM_LIBRARY/packs/DS_Styled_Gen5_8/FRONT_NORMAL/COMFEY.png,DS_CUSTOM_LIBRARY/packs/DS_Styled_Gen5_8/FRONT_SHINY/COMFEY.png,c23dac8134cfb87ff78dde8c5f819f3ceac4dd4765c0875820febf8fd9186a1a,2fe971de45fb78f1bd0405ee1834471fde203c3f66fc8bec8e2ce536f9f0d236,b4a2624163b5b5740502d9a217ee0435e124d26293424595d32e91f918fe8c20,DS_Styled_Gen5_8,DS_Styled_Gen5_8
PURE_PALETTE_RECOLOR,DS_CUSTOM_LIBRARY/packs/DS_Styled_Gen5_8/FRONT_NORMAL/NECROZMA_1.png,DS_CUSTOM_LIBRARY/packs/DS_Styled_Gen5_8/FRONT_SHINY/NECROZMA_1.png,39bab5d3fe79e7a267e2a52eb6cc81d2d2589d952139cc1d9c3c0b919e7cb658,e3981411b83328e994e3ebedbd5724cc1491ca515b0f3ca65a752b9d70490365,5a18433031b20113f806d9fdd0a15cf0b23918702b34e1e58772ad43aee8c5c3,DS_Styled_Gen5_8,DS_Styled_Gen5_8
PURE_PALETTE_RECOLOR,DS_CUSTOM_LIBRARY/packs/DS_Styled_Gen5_8/FRONT_SHINY/BARBARACLE.png,DS_CUSTOM_LIBRARY/packs/DS_Styled_Gen5_8/FRONT_NORMAL/BARBARACLE.png,3c0899f874098eac64913388e392b485e0a5cd74773a1a16fcfa5df5f74aa37e,5796794e66d5837815d7ade504c8f759f90da3171e6db98941813ec927174c36,b1ffc1e96d88d73246bf58f7f81905b095dc458312652d2a03c53612da044c82,DS_Styled_Gen5_8,DS_Styled_Gen5_8
PURE_PALETTE_RECOLOR,DS_CUSTOM_LIBRARY/packs/DS_Styled_Gen5_8/FRONT_NORMAL/ZACIAN_2.png,DS_CUSTOM_LIBRARY/packs/DS_Styled_Gen5_8/FRONT_SHINY/ZACIAN_2.png,cb82103ab7cf856b47f62022dd4f1011d1a5fa8d415a3a77b3fbcbd854c61d9a,6b48f70ad949438a64ff3118fde5dccb9d5094cd952ff7f893e98b65241d1780,d27cf5a969dca1a79b7415208552c664637a9892567673e2df2fd88f1bd96c5a,DS_Styled_Gen5_8,DS_Styled_Gen5_8
PURE_PALETTE_RECOLOR,DS_CUSTOM_LIBRARY/packs/DS_Styled_Gen5_8/FRONT_NORMAL/YAMPER.png,DS_CUSTOM_LIBRARY/packs/DS_Styled_Gen5_8/FRONT_SHINY/YAMPER.png,37b6612eb877b93648971e2430f6a116b5d5e7b02a785adac19738b68bd8c481,6fd884bab776c9d78328a32fe3926ccbd6c608d280f73d689e6c0fdef88f1dd7,43fe16d1d87ed6ad8769884316efc790c850d9049b609883076117a0aee3c344,DS_Styled_Gen5_8,DS_Styled_Gen5_8
PURE_PALETTE_RECOLOR,DS_CUSTOM_LIBRARY/packs/DS_Styled_Gen5_8/FRONT_NORMAL/LUNALA_1.png,DS_CUSTOM_LIBRARY/packs/DS_Styled_Gen5_8/FRONT_SHINY/LUNALA_1.png,cf55dfaffe8358e59bdcd44c5ad88b2a0d595b516ba76df46586e2fad397fcc8,c49335b9b7ad1ab9453767154b77d5c67140f08805f3c72b34a3ac7477000a83,ade4bd0dd0b1364fb143f7d1de614bc362b22936af5e046b3c4dfa417d69a6cf,DS_Styled_Gen5_8,DS_Styled_Gen5_8
PURE_PALETTE_RECOLOR,DS_CUSTOM_LIBRARY/packs/DS_Styled_Gen5_8/BACK GEN 8 SHINY/ALCREMIE.png,DS_CUSTOM_LIBRARY/packs/DS_Styled_Gen5_8/BACK GEN 8 NORMAL/ALCREMIE.png,149fe7a4aa1d81657d8ad869641203368a9b51663a12ff2e526520afb74119bc,d31d19bb59d82052b95b76a7bfec6cbe55bb1142023b63eaa8801c1ed8fce30f,fafae77652083325fabe6796b18978063b419a1fe477e0fa58820409f487e38d,DS_Styled_Gen5_8,DS_Styled_Gen5_8
PURE_PALETTE_RECOLOR,DS_CUSTOM_LIBRARY/packs/DS_Styled_Gen5_8/BACK GEN 8 SHINY/DUBWOOL.png,DS_CUSTOM_LIBRARY/packs/DS_Styled_Gen5_8/BACK GEN 8 NORMAL/DUBWOOL.png,838c1f69a04df6a292b7ac8ba3d86bf64b3cfd3effd2c7b1ec07536ce1261dd9,b294516f24d5546831f473a91ce696c901f7c5ac91cafce9464a3390645a97ca,049fb460e6ccf13aaa9817bb6c0ee23bd90e7b4e694f1238e263e9f980b6e8af,DS_Styled_Gen5_8,DS_Styled_Gen5_8
PURE_PALETTE_RECOLOR,DS_CUSTOM_LIBRARY/packs/DS_Styled_Gen5_8/BACK GEN 8 SHINY/CRAMORANT_1.png,DS_CUSTOM_LIBRARY/packs/DS_Styled_Gen5_8/BACK GEN 8 NORMAL/CRAMORANT_1.png,f204f05557575a3309e0c9c0297901da50b4097dbc2e84d81058af85f3e2698a,1a02d657de9811d30118b1c556260a955e480bdb305a543b8c288435ba6232e8,ed939750c75ae9f587f0b8fc6d4a7a0000c26f3d31e3eb39c241fc31641995be,DS_Styled_Gen5_8,DS_Styled_Gen5_8
PURE_PALETTE_RECOLOR,DS_CUSTOM_LIBRARY/packs/DS_Styled_Gen5_8/BACK GEN 8 SHINY/KINGLER_gmax.png,DS_CUSTOM_LIBRARY/packs/DS_Styled_Gen5_8/BACK GEN 8 NORMAL/KINGLER_gmax.png,eaf137c5dc6d144562dec23f8f54333e67ce6a8dcbc147da95ccd0c27e6e3761,f8bcdd30db249d4654528bf06bde36da50aa8fce007a750bc99235d9c74511e6,5701b81ab83979073a1dc03298f1e16e12629e82078e3f77c41364ec9a72877c,DS_Styled_Gen5_8,DS_Styled_Gen5_8
PURE_PALETTE_RECOLOR,DS_CUSTOM_LIBRARY/packs/DS_Styled_Gen5_8/BACK GEN 8 SHINY/BOLTUND.png,DS_CUSTOM_LIBRARY/packs/DS_Styled_Gen5_8/BACK GEN 8 NORMAL/BOLTUND.png,fd100653c5326686565e3cbd57119bc776c542dd84f629e26c0fb15747b0082d,7f3c69c091c86b3c4e0a8d7693f78a83860faa6fb457f3a841903e2f7208a415,821c47950a63c64a1819ac14436ed355183597eb59239d263fa7a7dc3b129d57,DS_Styled_Gen5_8,DS_Styled_Gen5_8
PURE_PALETTE_RECOLOR,DS_CUSTOM_LIBRARY/packs/DS_Styled_Gen5_8/BACK GEN 8 SHINY/APPLIN.png,DS_CUSTOM_LIBRARY/packs/DS_Styled_Gen5_8/BACK GEN 8 NORMAL/APPLIN.png,56665dc5dfba31850e065629b3120ff612262431c9362dd0ef98ae26df1f5564,335eca165faa76c27af454c849f85dab09363046349e0cda3e26eb36af821a27,db9f8db6d4dbc7b7fb458e27012fed41f272100ed48544cccbc39cb1d98efe4e,DS_Styled_Gen5_8,DS_Styled_Gen5_8
PURE_PALETTE_RECOLOR,DS_CUSTOM_LIBRARY/packs/DS_Styled_Gen5_8/BACK GEN 8 SHINY/SNORLAX_gmax.png,DS_CUSTOM_LIBRARY/packs/DS_Styled_Gen5_8/BACK GEN 8 NORMAL/SNORLAX_gmax.png,fd8a03f43bcd9e21472ddbba81fb65b3b6cd33ecc59cda0faaad2d493925aaea,7bf6ed9c053be5253527e5cda6382c72c3f1ad48b3c6ae3a79228001325b0a6c,f38c3246761974e7ed82e7a9253d1004d8d7e684c77f917232afbad40f4040c5,DS_Styled_Gen5_8,DS_Styled_Gen5_8
PURE_PALETTE_RECOLOR,DS_CUSTOM_LIBRARY/packs/DS_Styled_Gen5_8/BACK GEN 8 NORMAL/COALOSSAL.png,DS_CUSTOM_LIBRARY/packs/DS_Styled_Gen5_8/BACK GEN 8 SHINY/COALOSSAL.png,a1db92bfabd8ef77f3e60a409049d5d1473172de5c86f2999363538c87e75218,9a47627afc83435b102eb564f46d5ce0e7b8dfb037ec9b90b8112dd6be9f1bd9,7b49c1c89ead2411022fb0afa716686b7e5dedb41bc90324a3ef9545eb17ba33,DS_Styled_Gen5_8,DS_Styled_Gen5_8
PURE_PALETTE_RECOLOR,DS_CUSTOM_LIBRARY/packs/DS_Styled_Gen5_8/BACK GEN 8 SHINY/ORBEETLE.png,DS_CUSTOM_LIBRARY/packs/DS_Styled_Gen5_8/BACK GEN 8 NORMAL/ORBEETLE.png,c3ea445e59c123264e8991675e4b214eed87d7c54a9a337f165adc2271c2a1eb,196c1e536f9a35f7b685d97cd41c6dbf048f04c0569aca7df578d3a7e6317dbf,8c26788448c570b2f5b708786999829eb76f16dc7ef29edf0ce7c576d9dd5c81,DS_Styled_Gen5_8,DS_Styled_Gen5_8
PURE_PALETTE_RECOLOR,DS_CUSTOM_LIBRARY/packs/DS_Styled_Gen5_8/BACK GEN 8 SHINY/SLOWKING_1.png,DS_CUSTOM_LIBRARY/packs/DS_Styled_Gen5_8/BACK GEN 8 NORMAL/SLOWKING_1.png,e713d7792a3d8a33df5004dee8e8501ba1a4f7058b54d6b7f9a31f831a5e423f,3acd612d862f3f6b9847d0f5526960a384114d7a0bcb62005fa0acc6d25928ad,95123291574cfd6820c0179f8ef01b78c884392deb2592ead4f3d45f3dbbbe2e,DS_Styled_Gen5_8,DS_Styled_Gen5_8
PURE_PALETTE_RECOLOR,DS_CUSTOM_LIBRARY/packs/DS_Styled_Gen5_8/BACK GEN 8 SHINY/MORPEKO.png,DS_CUSTOM_LIBRARY/packs/DS_Styled_Gen5_8/BACK GEN 8 NORMAL/MORPEKO.png,2df2d59f0432d618b3822affff8eb6d6d0d2bfce503df202d247a604e234dd9c,b725865a3f9c4dc3e760ab0a39309063deac895386b5cba5de61e121318318a4,c5dc2f44d38c6c7602669e6f6b9d0af1e12b2a83e093f680996797deccbd33f6,DS_Styled_Gen5_8,DS_Styled_Gen5_8
PURE_PALETTE_RECOLOR,DS_CUSTOM_LIBRARY/packs/DS_Styled_Gen5_8/BACK GEN 8 SHINY/DOTTLER.png,DS_CUSTOM_LIBRARY/packs/DS_Styled_Gen5_8/BACK GEN 8 NORMAL/DOTTLER.png,f279188f5a2933ee578cbe46318a1fad381a5f7843f45b5fb535f7cb5b27f0b5,5f41212a08fa22eb7660398c7b60426dc1504906852c41482ff94d05ca786340,45b9bea56b1c85e814af0990e27a7a74c77afec991a48611e06a2d401eec7407,DS_Styled_Gen5_8,DS_Styled_Gen5_8
PURE_PALETTE_RECOLOR,DS_CUSTOM_LIBRARY/packs/DS_Styled_Gen5_8/BACK GEN 8 NORMAL/DRIZZILE.png,DS_CUSTOM_LIBRARY/packs/DS_Styled_Gen5_8/BACK GEN 8 SHINY/DRIZZILE.png,e1c17555170fb9b3980a2bc9b49cd7e00a33902abe48d1986fe0bd76627e381f,591e3ddfac0a1351cf6178aa1c9ae3823ef29e5fcaa001dde8ba3dee9e488790,3c0d0dc98a7045930913b5b229358d1f5d7c935d7f8394148eb2eee9f2f88dea,DS_Styled_Gen5_8,DS_Styled_Gen5_8
PURE_PALETTE_RECOLOR,DS_CUSTOM_LIBRARY/packs/DS_Styled_Gen5_8/BACK GEN 8 SHINY/CARKOL.png,DS_CUSTOM_LIBRARY/packs/DS_Styled_Gen5_8/BACK GEN 8 NORMAL/CARKOL.png,d8519fb1010aa9dc1cdbecd3d7fa04db0c745a67187f0b6fbd17c3d6f827a178,537d7b3e7df2a83509e1b2a03b3a9632ed5efbd3a51ecad2c448193bfa0f6fcb,dc33b64d28c71bb06af95625cd2ec5b974e622149263142fd68156c3fda69d65,DS_Styled_Gen5_8,DS_Styled_Gen5_8
PURE_PALETTE_RECOLOR,DS_CUSTOM_LIBRARY/packs/DS_Styled_Gen5_8/BACK GEN 8 SHINY/GOSSIFLEUR.png,DS_CUSTOM_LIBRARY/packs/DS_Styled_Gen5_8/BACK GEN 8 NORMAL/GOSSIFLEUR.png,455e3bce8bedab1600c329fa23ff030f3733f0e514154f372860dffed5aee933,91c5f4127501b05c2649e63e3bb935f2554422e458cd44d4812a0803cfd0a68e,a462f66042e455225b7aa6277ddc28201edab0e46e06152cf74d54f2b96ab456,DS_Styled_Gen5_8,DS_Styled_Gen5_8
PURE_PALETTE_RECOLOR,DS_CUSTOM_LIBRARY/packs/DS_Styled_Gen5_8/BACK GEN 8 NORMAL/FLAPPLE_gmax.png,DS_CUSTOM_LIBRARY/packs/DS_Styled_Gen5_8/BACK GEN 8 NORMAL/APPLETUN_gmax.png,7731f3bc4e07ce8b122844a37d980d032ff6426fb305c1974a95f87d59fe58f4,e33779f1a903711ac44a5533e41b9b59c327160b312af4820885aabe7f9d6055,070b1251710bc75a9188893883386e8498522000e0561c50f676cc5795d6aaee,DS_Styled_Gen5_8,DS_Styled_Gen5_8
PURE_PALETTE_RECOLOR,DS_CUSTOM_LIBRARY/packs/DS_Styled_Gen5_8/BACK GEN 8 NORMAL/BLIPBUG.png,DS_CUSTOM_LIBRARY/packs/DS_Styled_Gen5_8/BACK GEN 8 SHINY/BLIPBUG.png,35ac59fef6b23f9b896033466e4c71ddf4ffa99a7e66e44f02e9e1faeb865889,e22216520c051010977be40605fb5425323982973ae152a25de7a79e25699ccb,2441984c8e792b833d4c80a796cd80b8f6611056634b3f307a58cb1d38c1a15c,DS_Styled_Gen5_8,DS_Styled_Gen5_8
PURE_PALETTE_RECOLOR,DS_CUSTOM_LIBRARY/packs/DS_Styled_Gen5_8/BACK GEN 8 NORMAL/WOOLOO.png,DS_CUSTOM_LIBRARY/packs/DS_Styled_Gen5_8/BACK GEN 8 SHINY/WOOLOO.png,91a79eaf03c393ce46b59e291ae13b6ddbfa09be201bfba9de263081f7994fcd,dba99911ae399ea96e8d66ed8374b89c7e905198f23397d5b6ebd50df799782e,2d3b8cc0fc10c1b4c1f1b221d5fd67eac1a59031d2cd18374a4038a008b201b4,DS_Styled_Gen5_8,DS_Styled_Gen5_8
PURE_PALETTE_RECOLOR,DS_CUSTOM_LIBRARY/packs/DS_Styled_Gen5_8/BACK GEN 8 NORMAL/ROLYCOLY.png,DS_CUSTOM_LIBRARY/packs/DS_Styled_Gen5_8/BACK GEN 8 SHINY/ROLYCOLY.png,b792e78e5fd0fb577f8fc9a9a577532f5d8c29247ec87442217cc20f6cec79b2,18faf70a4b5946d6c393c92858b128efa0f07d1770e550b7adde1424a4762d55,0b54056af5a3e02eed6b191ee77ca3963c05c68a1c9a0ed98ba624a60ec196e3,DS_Styled_Gen5_8,DS_Styled_Gen5_8
PURE_PALETTE_RECOLOR,DS_CUSTOM_LIBRARY/packs/DS_Styled_Gen5_8/BACK GEN 8 SHINY/NICKIT.png,DS_CUSTOM_LIBRARY/packs/DS_Styled_Gen5_8/BACK GEN 8 NORMAL/NICKIT.png,791ebd269919fa493de7b00821627e87950cb2b081447dec44e0cb1e8ce78530,a7567d893037e5481aa46dd2f8b068ac7ca2bc884876a510cc6d58c9275318aa,f81275a5dc2d582ecab147419a11239662f5bb551dc65ea791635abccb002587,DS_Styled_Gen5_8,DS_Styled_Gen5_8
PURE_PALETTE_RECOLOR,DS_CUSTOM_LIBRARY/packs/DS_Styled_Gen5_8/BACK GEN 8 SHINY/EEVEE_gmax.png,DS_CUSTOM_LIBRARY/packs/DS_Styled_Gen5_8/BACK GEN 8 NORMAL/EEVEE_gmax.png,a1e244c2dc38de364cbb4a3a69b02e46b186269c7ab90dc90f535829da4066fa,c9627be19bd905458a9e188efa39fb1d7a671d4d84eb649150d9d2b091486e1a,d01baa231c0d910e9d4f2c0cb34a629a054c9ee8d9ee9aa84c15ce84b750880a,DS_Styled_Gen5_8,DS_Styled_Gen5_8
PURE_PALETTE_RECOLOR,DS_CUSTOM_LIBRARY/packs/DS_Styled_Gen5_8/BACK GEN 8 SHINY/SILICOBRA.png,DS_CUSTOM_LIBRARY/packs/DS_Styled_Gen5_8/BACK GEN 8 NORMAL/SILICOBRA.png,9c536bf6d67bfeceb1babf0c0efb65bda00a29782d0336a980a77c4dd3690461,190f3f61b6829ff9365950cacff0154e13df13133bc10a31f3bb8b461cc5a680,82dca220a1eb3d5e8b38ed758daebdceb9c744aa16374474dc48f8bcd611e748,DS_Styled_Gen5_8,DS_Styled_Gen5_8
PURE_PALETTE_RECOLOR,DS_CUSTOM_LIBRARY/packs/DS_Styled_Gen5_8/BACK GEN 8 SHINY/SANDACONDA.png,DS_CUSTOM_LIBRARY/packs/DS_Styled_Gen5_8/BACK GEN 8 NORMAL/SANDACONDA.png,9303975c4d704562a4347cb68dfdba249c0286e780afe24aa6c67d6df615e49e,af8a363e08ac346ded8e258fa99bf40d6d15a9b74d82fa76a04d94f24c2a3857,35751fb59f3a82c7b0fa1169e6d8bc2062df2b2bd3b8132d0f3a45c4fd12c841,DS_Styled_Gen5_8,DS_Styled_Gen5_8
PURE_PALETTE_RECOLOR,DS_CUSTOM_LIBRARY/packs/DS_Styled_Gen5_8/BACK GEN 8 NORMAL/SKWOVET.png,DS_CUSTOM_LIBRARY/packs/DS_Styled_Gen5_8/BACK GEN 8 SHINY/SKWOVET.png,1d2b5ee9842b25d01f08611cfa8afe6fdffffccb71cceceff39b0099c9d64482,6a1e7cca94d9ab5700dc12b1e2308d00d7515c5d188809628cf90f171c03ad15,e8f6b1502dbf9116e7b369ee4c9a064d0d5ba8771ad5de49393c1233c9436ba6,DS_Styled_Gen5_8,DS_Styled_Gen5_8
PURE_PALETTE_RECOLOR,DS_CUSTOM_LIBRARY/packs/DS_Styled_Gen5_8/BACK GEN 8 NORMAL/APPLETUN.png,DS_CUSTOM_LIBRARY/packs/DS_Styled_Gen5_8/BACK GEN 8 SHINY/APPLETUN.png,da7d9f54a67b0392282a19ae7bde1bfb8ad1a9bcdc9105cb177e02a37bec5fa9,1c4208bb115dfd0f72a1cbeba74d2313009715638fb9e58fd5c80bad9a550bbd,85bb9b7eb0a67e50cca4a0be04ad56a207b2ee503295c9be3b5610bde97b437a,DS_Styled_Gen5_8,DS_Styled_Gen5_8
PURE_PALETTE_RECOLOR,DS_CUSTOM_LIBRARY/packs/DS_Styled_Gen5_8/BACK GEN 8 SHINY/COPPERAJAH_gmax.png,DS_CUSTOM_LIBRARY/packs/DS_Styled_Gen5_8/BACK GEN 8 NORMAL/COPPERAJAH_gmax.png,cffcf53fc9d2e7515bb2ed982296eafcbfec064ea8ae16db1337f9466e3eb71d,715cd319c7d9ecc0ea632090ce42a895fc0a7ebd0dc6544a1d265c78b1de8422,95521cb32cbfe0c9a64b12291fa5edd70f8b6f30da035b705d6e990eb7afd757,DS_Styled_Gen5_8,DS_Styled_Gen5_8
PURE_PALETTE_RECOLOR,DS_CUSTOM_LIBRARY/packs/DS_Styled_Gen5_8/BACK GEN 8 SHINY/FLAPPLE.png,DS_CUSTOM_LIBRARY/packs/DS_Styled_Gen5_8/BACK GEN 8 NORMAL/FLAPPLE.png,7a7813ed885b8c4bf50faeed57d873531946632466557a05d7e20825aff4910c,5a7fc95842c992f8636a7e4d0bbafa01344b35468b30c272dc592dd73e10e0f1,4c2e4e6a9b0d78ad048ddc2ed05e9ab4d9b10e440f44188b208b7c350e93e56f,DS_Styled_Gen5_8,DS_Styled_Gen5_8
PURE_PALETTE_RECOLOR,DS_CUSTOM_LIBRARY/packs/DS_Styled_Gen5_8/BACK GEN 8 SHINY/ELDEGOSS.png,DS_CUSTOM_LIBRARY/packs/DS_Styled_Gen5_8/BACK GEN 8 NORMAL/ELDEGOSS.png,c044561fa8323c7cea225b5aa6d4a15e48df14dcd450c5091ce33efa677561b0,77b494601fdc04103311e91af9bf57d84a40296fe464380c3c713d03a5156f0e,cd22dd4c684c727ddc91feecb9a432aca0c58d6dcd6986967bfd0d54c15d8807,DS_Styled_Gen5_8,DS_Styled_Gen5_8
PURE_PALETTE_RECOLOR,DS_CUSTOM_LIBRARY/packs/DS_Styled_Gen5_8/BACK GEN 8 SHINY/DREDNAW.png,DS_CUSTOM_LIBRARY/packs/DS_Styled_Gen5_8/BACK GEN 8 NORMAL/DREDNAW.png,09f2619d2e1de8b784e49c8d8352238dc447989df4efcf03ac76e2c830f07c65,dca60f6ba2f4ec96714fe312513c7996427c48761251d2ba62af89463f558711,dbc210624b98f8b7376cab3f79112760e307c0814f9de623a2d7947f419aca74,DS_Styled_Gen5_8,DS_Styled_Gen5_8
PURE_PALETTE_RECOLOR,DS_CUSTOM_LIBRARY/packs/DS_Styled_Gen5_8/BACK GEN 8 SHINY/CHEWTLE.png,DS_CUSTOM_LIBRARY/packs/DS_Styled_Gen5_8/BACK GEN 8 NORMAL/CHEWTLE.png,81785c64ba6f9ddd32292db55337bb7fcfd821dd44dae419659e1380f9ee779b,2ec68cc0e0468847862ff4db2087239e7239a4c0f1bee0c57088b2aae5add399,13427acb25f7252fb5e4cb3706c5dc6c5708f84809e943524a12c72e3b139c63,DS_Styled_Gen5_8,DS_Styled_Gen5_8
PURE_PALETTE_RECOLOR,DS_CUSTOM_LIBRARY/packs/DS_Styled_Gen5_8/BACK GEN 8 SHINY/CRAMORANT.png,DS_CUSTOM_LIBRARY/packs/DS_Styled_Gen5_8/BACK GEN 8 NORMAL/CRAMORANT.png,f9990fdde2e034ab915d0c925d3435715af24f330b44b4e2e3f0a858031624c3,768d0b991f7363cb46e73f78b921b1a24c013704579496dd7af54891b68b73f8,e2276cf757293ec0ae35e49f9cf6d731fffb7707f5f1f613befe8b7ba0c7bb63,DS_Styled_Gen5_8,DS_Styled_Gen5_8
PURE_PALETTE_RECOLOR,DS_CUSTOM_LIBRARY/packs/DS_Styled_Gen5_8/BACK GEN 8 NORMAL/YAMPER.png,DS_CUSTOM_LIBRARY/packs/DS_Styled_Gen5_8/BACK GEN 8 SHINY/YAMPER.png,250f46f519908b1b83fec848366576f9de5a7a867c2fd4d36af323140a64bcde,c48c9672a8976fa237b19ab2b0389235fbce897a556ff361b56b7ecac3216ec1,0e34c7706198b9f165de3492d151a7f2f49902c5873bb9fff8bea4c43b63140e,DS_Styled_Gen5_8,DS_Styled_Gen5_8
PURE_PALETTE_RECOLOR,DS_CUSTOM_LIBRARY/packs/DS_Styled_Gen5_8/BACK GEN 5 NORMAL/SCRAGGY.png,DS_CUSTOM_LIBRARY/packs/DS_Styled_Gen5_8/BACK GEN 5 SHINY/SCRAGGY.png,d3355ac61a54e6e5b773d903ce561f8dc6662038e627e2b372d2e3854943b4be,e5004eab4f9590c6956d4b656f820ba8657cbe55e6c8d1011baa2a34b0788e30,cec70a09c570db2d808323c311d143fb89bfb40d9d4dc10f1ccc225bc81cf62a,DS_Styled_Gen5_8,DS_Styled_Gen5_8
PURE_PALETTE_RECOLOR,DS_CUSTOM_LIBRARY/packs/DS_Styled_Gen5_8/BACK GEN 5 NORMAL/ZEBSTRIKA.png,DS_CUSTOM_LIBRARY/packs/DS_Styled_Gen5_8/BACK GEN 5 SHINY/ZEBSTRIKA.png,f46490eb507652903d11f65d77e93d69787527b6138742145c0a3f18405ffffc,7f8c9aa755dd25ebceaece24405eb5a219a1a5bb105702749c88af3682b88f76,3ce968577724b7363ed1d1d38d884ca11e32104baca9e9d0d5a1f8b78c42ca99,DS_Styled_Gen5_8,DS_Styled_Gen5_8
PURE_PALETTE_RECOLOR,DS_CUSTOM_LIBRARY/packs/DS_Styled_Gen5_8/BACK GEN 5 SHINY/PAWNIARD.png,DS_CUSTOM_LIBRARY/packs/DS_Styled_Gen5_8/BACK GEN 5 NORMAL/PAWNIARD.png,a7e3980ab45d2256e3cb8af40e738816bff7759c8711456c093f719186c09301,5b2cda2f1d5c1e4052d5b781f1006a16e6cf0ac61fa89d3a2d2c449c25dd57b5,011ee2cfda1878c8b0debbb78cdfe6bf0e2b84c92fec81b06af1aebb4bf8b124,DS_Styled_Gen5_8,DS_Styled_Gen5_8
PURE_PALETTE_RECOLOR,DS_CUSTOM_LIBRARY/packs/DS_Styled_Gen5_8/BACK GEN 5 NORMAL/MIENSHAO.png,DS_CUSTOM_LIBRARY/packs/DS_Styled_Gen5_8/BACK GEN 5 SHINY/MIENSHAO.png,4a244e14d06dbc1fb2f35c3667bd9836762d220d600a521bd02451f278622ec7,24460970ee53fea6b67fe94f100765ef85d5252685e3fcd23e6d5b1685752347,6b4c75fa91272b4a6ae49c593154fd3ee75df12c7f0c6e968eb891b56fdeffc5,DS_Styled_Gen5_8,DS_Styled_Gen5_8
PURE_PALETTE_RECOLOR,DS_CUSTOM_LIBRARY/packs/DS_Styled_Gen5_8/BACK GEN 5 NORMAL/OSHAWOTT.png,DS_CUSTOM_LIBRARY/packs/DS_Styled_Gen5_8/BACK GEN 5 SHINY/OSHAWOTT.png,d704d2a924d04b147022c2e0bd2520b6c3d249bcac68f430ce03764aca593780,b4ded67c7da5e7b557c2bfc92b83fab348271c726fb9299f68fa11f59b8ea804,625cfe3a69819fefca875fb46a64f27a9960a7793bbeab0e184fa5107fa2881c,DS_Styled_Gen5_8,DS_Styled_Gen5_8
PURE_PALETTE_RECOLOR,DS_CUSTOM_LIBRARY/packs/DS_Styled_Gen5_8/BACK GEN 5 SHINY/DEWOTT.png,DS_CUSTOM_LIBRARY/packs/DS_Styled_Gen5_8/BACK GEN 5 NORMAL/DEWOTT.png,bedcf22c9560ad4755fa6f5aba1a374915e797966d2f1b9abe427ac3f2eace5b,c63cd979f7ecbe09de7f923e3297dda61cb2a469de32824c57bfb6aa1d810b62,8c2b633989a73f8f5318e1c27d15dc4b8d0a4584e409f9d7698d1abbd4f0cd81,DS_Styled_Gen5_8,DS_Styled_Gen5_8
PURE_PALETTE_RECOLOR,DS_CUSTOM_LIBRARY/packs/DS_Styled_Gen5_8/BACK GEN 5 NORMAL/SCOLIPEDE.png,DS_CUSTOM_LIBRARY/packs/DS_Styled_Gen5_8/BACK GEN 5 SHINY/SCOLIPEDE.png,ed4526ba40063f3146c5fed7a070acd5150fe5eecf7dd2c60c752b25f55f4d20,7b4916f78913725a889dd1be993cab38451a21dd2a974d791ce29f8ab2ac884e,0be15b8352fd6fc36663b38030fd0263a2443e38b0e50dc4dce4fe4843fe4d6a,DS_Styled_Gen5_8,DS_Styled_Gen5_8
PURE_PALETTE_RECOLOR,DS_CUSTOM_LIBRARY/packs/DS_Styled_Gen5_8/BACK GEN 5 SHINY/TYMPOLE.png,DS_CUSTOM_LIBRARY/packs/DS_Styled_Gen5_8/BACK GEN 5 NORMAL/TYMPOLE.png,b160b70b7ca2e71d1e4459452c6c539fa27db1b57e86f57903c26d51efa15a05,829f4323445374074d60501d3a7383186d944313fd130804d705f502db8fb5fa,222e60d5b56648fb2054660f0872ae45035f956fc42b7f9f039f827acf2163d2,DS_Styled_Gen5_8,DS_Styled_Gen5_8
PURE_PALETTE_RECOLOR,DS_CUSTOM_LIBRARY/packs/DS_Styled_Gen5_8/BACK GEN 5 SHINY/KYUREM.png,DS_CUSTOM_LIBRARY/packs/DS_Styled_Gen5_8/BACK GEN 5 NORMAL/KYUREM.png,e031f1b4eac3a5db701f7ce0c97d8147a018b505f5f89ad8d736a85740e4c784,5c750955258b9b9eabd57d04c37dce32148f5e433a3f886a08057b6348de7800,ba3dbdcd4c2f588c9556e647e8286643dc5ecc2f320329a03f744bb6991294b5,DS_Styled_Gen5_8,DS_Styled_Gen5_8
PURE_PALETTE_RECOLOR,DS_CUSTOM_LIBRARY/packs/DS_Styled_Gen5_8/BACK GEN 5 SHINY/MIENFOO.png,DS_CUSTOM_LIBRARY/packs/DS_Styled_Gen5_8/BACK GEN 5 NORMAL/MIENFOO.png,81d0bb96769f209c90580c689d2de127b2068c0a36eee3f4abe013e6e9bcf0af,1100b65d3a46a53d5191ad00aa78ce7b4441c154df855378552cbc8bf8af0a4f,8d99207804eebb25bc7e3cc62cf29fbc7b942df5995432218b87c11551033176,DS_Styled_Gen5_8,DS_Styled_Gen5_8
PURE_PALETTE_RECOLOR,DS_CUSTOM_LIBRARY/packs/DS_Styled_Gen5_8/BACK GEN 5 SHINY/FRILLISH_female.png,DS_CUSTOM_LIBRARY/packs/DS_Styled_Gen5_8/BACK GEN 5 NORMAL/FRILLISH_female.png,b12de073e92178a39494ef22f9374fe83d2028690eaf4f735b8c22f01c87aed7,3dc71bf81de798600d2e7e687cbdbf5595a66ba4a2ed9f83be8acb46b6d0f618,4fb83612d11da7a59d9c3cbf74fbec5283b917cfa3787fa94c8851848abdbb56,DS_Styled_Gen5_8,DS_Styled_Gen5_8
PURE_PALETTE_RECOLOR,DS_CUSTOM_LIBRARY/packs/DS_Styled_Gen5_8/BACK GEN 5 SHINY/BLITZLE.png,DS_CUSTOM_LIBRARY/packs/DS_Styled_Gen5_8/BACK GEN 5 NORMAL/BLITZLE.png,f4ff8f8c357711134982a6f22c1abc087d36311562bbd5c44f9f19e988045d87,194a815dc5f035d2316acc10d833482b3e5fd1f52941ed6cb9aa39377c299df2,16e96b8d9e3c70223ca635f875429d0b3d9ccc0afaf1848285b1e4693ab2d01c,DS_Styled_Gen5_8,DS_Styled_Gen5_8
PURE_PALETTE_RECOLOR,DS_CUSTOM_LIBRARY/packs/DS_Styled_Gen5_8/BACK GEN 5 NORMAL/TIMBURR.png,DS_CUSTOM_LIBRARY/packs/DS_Styled_Gen5_8/BACK GEN 5 SHINY/TIMBURR.png,490f2cb46f597f9f45882a81e596487f116f2b8bf847ddfba7400e78e460bedf,f9fefcdbeec235d56fd4c2123fd6bfde356aa3db7fb870e63809be16dfc21e15,3ab6054dd7b9e9c7ad6e1ed93216ecd1db961dea8603cd9282b74c60d5cf16ed,DS_Styled_Gen5_8,DS_Styled_Gen5_8
PURE_PALETTE_RECOLOR,DS_CUSTOM_LIBRARY/packs/DS_Styled_Gen5_8/BACK GEN 5 SHINY/GENESECT_2.png,DS_CUSTOM_LIBRARY/packs/DS_Styled_Gen5_8/BACK GEN 5 NORMAL/GENESECT_2.png,7f6c8f64474c9f05abf1d084e6ec94fd5268fa44a3c7e86c4d14ec2fe51f8138,306e74fa20f8f77ab0c24e56de5392553e5ace4d3d9fd5006e2a9a1b4a70a0ac,bd949b56beb281adb7648bbf594aee9ae1dd9b1196bb38a6020042f3094384e6,DS_Styled_Gen5_8,DS_Styled_Gen5_8
PURE_PALETTE_RECOLOR,DS_CUSTOM_LIBRARY/packs/DS_Styled_Gen5_8/BACK GEN 5 SHINY/GENESECT.png,DS_CUSTOM_LIBRARY/packs/DS_Styled_Gen5_8/BACK GEN 5 NORMAL/GENESECT_2.png,7f6c8f64474c9f05abf1d084e6ec94fd5268fa44a3c7e86c4d14ec2fe51f8138,9d1ff8a38502b0ea9fd1b3369866b92acd8d0d1f29c49ce41452c07ccd76dc27,bd949b56beb281adb7648bbf594aee9ae1dd9b1196bb38a6020042f3094384e6,DS_Styled_Gen5_8,DS_Styled_Gen5_8
PURE_PALETTE_RECOLOR,DS_CUSTOM_LIBRARY/packs/DS_Styled_Gen5_8/BACK GEN 5 SHINY/GENESECT_1.png,DS_CUSTOM_LIBRARY/packs/DS_Styled_Gen5_8/BACK GEN 5 NORMAL/GENESECT_2.png,7f6c8f64474c9f05abf1d084e6ec94fd5268fa44a3c7e86c4d14ec2fe51f8138,1723e5e398e4519e5349a87706a444c7ec225f38d6fd025786638b426d7d8ad5,bd949b56beb281adb7648bbf594aee9ae1dd9b1196bb38a6020042f3094384e6,DS_Styled_Gen5_8,DS_Styled_Gen5_8
PURE_PALETTE_RECOLOR,DS_CUSTOM_LIBRARY/packs/DS_Styled_Gen5_8/BACK GEN 5 SHINY/GENESECT_4.png,DS_CUSTOM_LIBRARY/packs/DS_Styled_Gen5_8/BACK GEN 5 NORMAL/GENESECT_2.png,7f6c8f64474c9f05abf1d084e6ec94fd5268fa44a3c7e86c4d14ec2fe51f8138,a8ef36617772f8553ea4055616c73faab9c9badc29b2127696bf0446bc592800,bd949b56beb281adb7648bbf594aee9ae1dd9b1196bb38a6020042f3094384e6,DS_Styled_Gen5_8,DS_Styled_Gen5_8
PURE_PALETTE_RECOLOR,DS_CUSTOM_LIBRARY/packs/DS_Styled_Gen5_8/BACK GEN 5 NORMAL/GENESECT.png,DS_CUSTOM_LIBRARY/packs/DS_Styled_Gen5_8/BACK GEN 5 NORMAL/GENESECT_2.png,7f6c8f64474c9f05abf1d084e6ec94fd5268fa44a3c7e86c4d14ec2fe51f8138,0b89ea9b3236b4d76c48a6fbb04e3db81cd424c73721c557414cbed59762c2a1,bd949b56beb281adb7648bbf594aee9ae1dd9b1196bb38a6020042f3094384e6,DS_Styled_Gen5_8,DS_Styled_Gen5_8
PURE_PALETTE_RECOLOR,DS_CUSTOM_LIBRARY/packs/DS_Styled_Gen5_8/BACK GEN 5 NORMAL/GENESECT_1.png,DS_CUSTOM_LIBRARY/packs/DS_Styled_Gen5_8/BACK GEN 5 NORMAL/GENESECT_2.png,7f6c8f64474c9f05abf1d084e6ec94fd5268fa44a3c7e86c4d14ec2fe51f8138,2afb831a6281b976f4dd3beb83d4dc7ce175adb6552610dcd7468274e7463854,bd949b56beb281adb7648bbf594aee9ae1dd9b1196bb38a6020042f3094384e6,DS_Styled_Gen5_8,DS_Styled_Gen5_8
PURE_PALETTE_RECOLOR,DS_CUSTOM_LIBRARY/packs/DS_Styled_Gen5_8/BACK GEN 5 NORMAL/GENESECT_4.png,DS_CUSTOM_LIBRARY/packs/DS_Styled_Gen5_8/BACK GEN 5 NORMAL/GENESECT_2.png,7f6c8f64474c9f05abf1d084e6ec94fd5268fa44a3c7e86c4d14ec2fe51f8138,499a3f9bea580e31ecde796e1295c239a4983ea6634f240668e3b731cb07c14f,bd949b56beb281adb7648bbf594aee9ae1dd9b1196bb38a6020042f3094384e6,DS_Styled_Gen5_8,DS_Styled_Gen5_8
PURE_PALETTE_RECOLOR,DS_CUSTOM_LIBRARY/packs/DS_Styled_Gen5_8/BACK GEN 5 SHINY/BISHARP.png,DS_CUSTOM_LIBRARY/packs/DS_Styled_Gen5_8/BACK GEN 5 NORMAL/BISHARP.png,89b5c4a77338fba8119e40d7ee82bf7bd8fa41bcc7e7f4db6c89638aff59a0d4,a7291b7120f2f8c3db4fa902168b99b1a8ad06bbc6d74a2ea25b26dd6443c1ef,dd040eb01c7900e4cc1639c7c9f2c8ba8a35301247b2d9f6e22086ab0308b07f,DS_Styled_Gen5_8,DS_Styled_Gen5_8
PURE_PALETTE_RECOLOR,DS_CUSTOM_LIBRARY/packs/DS_Styled_Gen5_8/BACK GEN 5 SHINY/LITWICK.png,DS_CUSTOM_LIBRARY/packs/DS_Styled_Gen5_8/BACK GEN 5 NORMAL/LITWICK.png,c54b8e5b6256fa5486d548ea3bbdae909739a49fc96524e9ccee1c7552cb24a1,66f61712be668fd09201138b3ff74c16cb1105c51f58a5fbadaaf5aff0cb732a,6e087854e536edd9694185b944e3714103fc259376826dac7cc0a0c48911d50b,DS_Styled_Gen5_8,DS_Styled_Gen5_8
PURE_PALETTE_RECOLOR,DS_CUSTOM_LIBRARY/packs/DS_Styled_Gen5_8/BACK GEN 5 NORMAL/TEPIG.png,DS_CUSTOM_LIBRARY/packs/DS_Styled_Gen5_8/BACK GEN 5 SHINY/TEPIG.png,9483304fb7032596fd37929c07d61678731548d3cb6613ef785ea3f7a5dd49d1,d014fed44e7d21b59088917fc7b0a5c3e97cf7a3ce0cb5e080170639fd2d2371,33fbe86d6d17158321e2154859d8d1e7a25100df4477e3b065b1206b8f346531,DS_Styled_Gen5_8,DS_Styled_Gen5_8
PURE_PALETTE_RECOLOR,DS_CUSTOM_LIBRARY/packs/DS_Styled_Gen5_8/BACK GEN 5 NORMAL/GOTHITELLE.png,DS_CUSTOM_LIBRARY/packs/DS_Styled_Gen5_8/BACK GEN 5 SHINY/GOTHITELLE.png,0b4bab80de611dab235d005195e20435050fa361910f3e740ef24654b357b846,b476cf15b4a48b3a864ce9873b7ad91d0e8bacdc57367a94d1d34efec4c20773,b77a6c931749c7ba77a275ace38548b595476378e6208ce07263c406322c33fe,DS_Styled_Gen5_8,DS_Styled_Gen5_8
PURE_PALETTE_RECOLOR,DS_CUSTOM_LIBRARY/packs/DS_Styled_Gen5_8/BACK GEN 5 NORMAL/LARVESTA.png,DS_CUSTOM_LIBRARY/packs/DS_Styled_Gen5_8/BACK GEN 5 SHINY/LARVESTA.png,448b0a73e0b994c88b2c324451aaf1c61bd94124ef17bf499a4357801b85c52c,4aeed303d8821867550278abb79348e6af219fa220c351f14def6cbe336fe974,f39a864f096f0bd93e92f460979ec7319fe1261195b72bec9582a58db9cb025d,DS_Styled_Gen5_8,DS_Styled_Gen5_8
PURE_PALETTE_RECOLOR,DS_CUSTOM_LIBRARY/packs/DS_Styled_Gen5_8/BACK GEN 5 SHINY/ZWEILOUS.png,DS_CUSTOM_LIBRARY/packs/DS_Styled_Gen5_8/BACK GEN 5 NORMAL/ZWEILOUS.png,138bb1008f79fd0467571e68372aa76e24eb23d629ea82ce410850bef0e808c7,b8d29203ec07df9d46b1862500c42be14835c756329059d31c1e5c8ce29ba03e,ebca3a18a48cdd1a8c5fa79c258222ca49d253bf1dd5a9465f7bffe35a12e7a3,DS_Styled_Gen5_8,DS_Styled_Gen5_8
PURE_PALETTE_RECOLOR,DS_CUSTOM_LIBRARY/packs/DS_Styled_Gen5_8/BACK GEN 5 NORMAL/WATCHOG.png,DS_CUSTOM_LIBRARY/packs/DS_Styled_Gen5_8/BACK GEN 5 SHINY/WATCHOG.png,a294e915ed5b45929b2e287882475443acd8c7867d945c3f12c7605f18e59d20,1e2ad3091c4589b5a3bfdf7bb69f3477af5ab7ab2d6edb4c05de20d6c34201b4,c966d1001a229897d2a6ef67148f109d1949271b4ea387e539c77b83af7a56f1,DS_Styled_Gen5_8,DS_Styled_Gen5_8
PURE_PALETTE_RECOLOR,DS_CUSTOM_LIBRARY/packs/DS_Styled_Gen5_8/BACK GEN 5 SHINY/DRILBUR.png,DS_CUSTOM_LIBRARY/packs/DS_Styled_Gen5_8/BACK GEN 5 NORMAL/DRILBUR.png,b0a7d7a74a11085548c364a129cd5a8909fa0a703bcab3a6de65ddb1eb6fa99b,1b21b2cdd5d804103b171be01c3ce285c82c5f0dc5cc847441dc341f5ff4c37d,97361d7278b854ca51ec948041ef1efe20cd5e3f4e11b405d40341c15d7879f7,DS_Styled_Gen5_8,DS_Styled_Gen5_8
PURE_PALETTE_RECOLOR,DS_CUSTOM_LIBRARY/packs/DS_Styled_Gen5_8/BACK GEN 5 SHINY/VANILLUXE.png,DS_CUSTOM_LIBRARY/packs/DS_Styled_Gen5_8/BACK GEN 5 NORMAL/VANILLUXE.png,0f93c1a3efa85a366a04db1fb886902eee575c362ec7d7dc38589e0b8cb0ea51,5f0a90e76afab6809bccfb9660b156f738e4fd02588d544b2c21e43b1cfa6246,81ae712a8a2d29e7a0c4163b2926d29c9d0aa9f99a1e750de154351ec531eada,DS_Styled_Gen5_8,DS_Styled_Gen5_8
PURE_PALETTE_RECOLOR,DS_CUSTOM_LIBRARY/packs/DS_Styled_Gen5_8/BACK GEN 5 NORMAL/BASCULIN_1.png,DS_CUSTOM_LIBRARY/packs/DS_Styled_Gen5_8/BACK GEN 5 SHINY/BASCULIN_1.png,58e9433e0b05313c9252ff1f6f3d6e8f2cd8064597814de75b91a83caadbdcbf,6ef872d5408e7d08c1c763bec36696760b2661ffeac14798e317b1f6a2b8e05e,5fae64e637084da1f73c6e2dbdb423e05abb00b368f45219385fbfce1e6e79bc,DS_Styled_Gen5_8,DS_Styled_Gen5_8
PURE_PALETTE_RECOLOR,DS_CUSTOM_LIBRARY/packs/DS_Styled_Gen5_8/BACK GEN 5 NORMAL/REUNICLUS.png,DS_CUSTOM_LIBRARY/packs/DS_Styled_Gen5_8/BACK GEN 5 SHINY/REUNICLUS.png,948ca1924f561fcd2cd9c892949930968b471cdf66a6986142f79c1f3930a06f,de5777db0533a4808e105ec781998d303bb86129e24d362f2204d2a4023e4b3e,68b48ab2b0a9cf7bf378a73806ada9aa9ab17db821d1ccc82dbf60415b884a3e,DS_Styled_Gen5_8,DS_Styled_Gen5_8
PURE_PALETTE_RECOLOR,DS_CUSTOM_LIBRARY/packs/DS_Styled_Gen5_8/BACK GEN 5 NORMAL/PETILIL.png,DS_CUSTOM_LIBRARY/packs/DS_Styled_Gen5_8/BACK GEN 5 SHINY/PETILIL.png,165daa81665bd431724f0c98c4a53d79b304b8a38f84ca1a2c83a4c17c62122a,114a31f20c0f7843165cdd68e7639f1476142cc04944c969c848ff7cb1ffd73f,384af13574f0bdd5f6ece905d810835cdf406d1ea30815a15e47b87c4d379779,DS_Styled_Gen5_8,DS_Styled_Gen5_8
PURE_PALETTE_RECOLOR,DS_CUSTOM_LIBRARY/packs/DS_Styled_Gen5_8/BACK GEN 5 NORMAL/TORNADUS.png,DS_CUSTOM_LIBRARY/packs/DS_Styled_Gen5_8/BACK GEN 5 SHINY/TORNADUS.png,3956bb44dff486faa539b0ad6f7a210d4b3e573f7a3e2315b38265bed666fc77,d2cffd500afe025795fc4b1a6b565da0be7922b5e41b581d8a5c8fff01ba2e54,2a7e006f3576dff872c34f691fb9dcd4b5c89b2f4844b91d6d60ae51d45be445,DS_Styled_Gen5_8,DS_Styled_Gen5_8
PURE_PALETTE_RECOLOR,DS_CUSTOM_LIBRARY/packs/DS_Styled_Gen5_8/BACK GEN 5 SHINY/KYUREM_2.png,DS_CUSTOM_LIBRARY/packs/DS_Styled_Gen5_8/BACK GEN 5 NORMAL/KYUREM_2.png,91fd310694aa88d1050ebdadb65ca9dd9a55a4696d745e17ebad00e48ef7be47,11bfd068fb0683632fa0aec53f86aefa8c57402ef5db07590bf90d130a1ebf06,6a12e0a94e5f447c53e85eadf827894e3411037aab98534cc68b9f61bd6018ee,DS_Styled_Gen5_8,DS_Styled_Gen5_8
PURE_PALETTE_RECOLOR,DS_CUSTOM_LIBRARY/packs/DS_Styled_Gen5_8/BACK GEN 5 NORMAL/HYDREIGON.png,DS_CUSTOM_LIBRARY/packs/DS_Styled_Gen5_8/BACK GEN 5 SHINY/HYDREIGON.png,9a21c6b1100dea48ad45102a9074b075298688a4932cf15a98cd060582d7c6b0,f0b66666beb26a81208521d72c4f578c43f053cda137989a4c17ea21d6902cae,9b5d0a73e9b61ac63856d32cc9d9ea1818b5d5df202656c9bbdb189598dad7af,DS_Styled_Gen5_8,DS_Styled_Gen5_8
PURE_PALETTE_RECOLOR,DS_CUSTOM_LIBRARY/packs/DS_Styled_Gen5_8/BACK GEN 5 NORMAL/VIRIZION.png,DS_CUSTOM_LIBRARY/packs/DS_Styled_Gen5_8/BACK GEN 5 SHINY/VIRIZION.png,2f65fee83012588d993c83ae7cbd53bc74efd17c8be5f8f2caf87cfc30324d89,67922cd0dff5ae873f4d2e3f383936e163589b076f8819483a7ed6e17b7fe423,62cde6580e3d504e5726bb4b292680e78d6f718316c39c499b4b9ad89c621516,DS_Styled_Gen5_8,DS_Styled_Gen5_8
PURE_PALETTE_RECOLOR,DS_CUSTOM_LIBRARY/packs/DS_Styled_Gen5_8/BACK GEN 5 NORMAL/SIMISAGE.png,DS_CUSTOM_LIBRARY/packs/DS_Styled_Gen5_8/BACK GEN 5 SHINY/SIMISAGE.png,1cf72a59f8dad2368e31f3f96505bdece853058b089d30ef5e6ce2bc8d251186,99a1c5eb4ad0c508bd7e97affaac8ff75e9f06cfba653ac5f6947ae0de28104e,e68a361bd4b6a5cf4260ca9c69c1d1d71fadf04909700b148b530bfdc2a69110,DS_Styled_Gen5_8,DS_Styled_Gen5_8
PURE_PALETTE_RECOLOR,DS_CUSTOM_LIBRARY/packs/DS_Styled_Gen5_8/BACK GEN 5 NORMAL/TRUBBISH.png,DS_CUSTOM_LIBRARY/packs/DS_Styled_Gen5_8/BACK GEN 5 SHINY/TRUBBISH.png,6d7b31e6bde311cccb7b548fe6efaab9458cf68d82227fe5201d0cf63aa519f6,d0dbe60e390ed4bd52053917d13b5592fca573ae88a41d4810d39d23344bc4c1,91d67f59aebebc95ea948a2e9d08e4d77ed354f01d5111fa50a2f279e8943d37,DS_Styled_Gen5_8,DS_Styled_Gen5_8
PURE_PALETTE_RECOLOR,DS_CUSTOM_LIBRARY/packs/DS_Styled_Gen5_8/BACK GEN 5 NORMAL/AXEW.png,DS_CUSTOM_LIBRARY/packs/DS_Styled_Gen5_8/BACK GEN 5 SHINY/AXEW.png,6acefc2f5a93cec6092e8efb5444cabca9de9c4f08b488055ba16a9b3b362338,d45957687f9dd27b42c9d2976d14ada825f5852478e6e2cf6a16b9c5692f9bdb,10070643fcfb03733cd9f67b193ba3e38571c0d2fa25c4cd4a2fe4b0607dd175,DS_Styled_Gen5_8,DS_Styled_Gen5_8
PURE_PALETTE_RECOLOR,DS_CUSTOM_LIBRARY/packs/DS_Styled_Gen5_8/BACK GEN 5 NORMAL/FERROSEED.png,DS_CUSTOM_LIBRARY/packs/DS_Styled_Gen5_8/BACK GEN 5 SHINY/FERROSEED.png,12c12fa33a2a24aa7b8c315f0e874b36ec37481f4fcfd865b4d349581f424c7f,d3ea2c4dae2943097700fa68ea182294db33d3c94687c318988f86d35ee3f931,e7bf331490fa513a69bc93ef26c1561bc81d213e646fc502cc1107d0012865fc,DS_Styled_Gen5_8,DS_Styled_Gen5_8
PURE_PALETTE_RECOLOR,DS_CUSTOM_LIBRARY/packs/DS_Styled_Gen5_8/BACK GEN 5 SHINY/SIMISEAR.png,DS_CUSTOM_LIBRARY/packs/DS_Styled_Gen5_8/BACK GEN 5 NORMAL/SIMISEAR.png,5432f5cc5554cd8ada935fde7d65ca83345c24367222ed10e719e02d063ac17f,071e6d31c32b7e3ffa6ed4719ac1a7ce3758800dfe8c36a40b7afbea0492a238,8f2b35f04322facd83be988935bbe04fcfd61cffda0cc37bb78d6a67d201ea3d,DS_Styled_Gen5_8,DS_Styled_Gen5_8
PURE_PALETTE_RECOLOR,DS_CUSTOM_LIBRARY/packs/DS_Styled_Gen5_8/BACK GEN 5 NORMAL/DARMANITAN_1.png,DS_CUSTOM_LIBRARY/packs/DS_Styled_Gen5_8/BACK GEN 5 SHINY/DARMANITAN_1.png,07c8e7b51d4b3096c00212dd22a03ec0440c90c3b291cb7462ce62e96240c979,f64085c1c6d6ab8ef884be9b70763a14ba3f4fef21c5cd89bca6a5a7b60bf3cb,ae5db320b7bb5cc692f2f2f86a54fc3d98ef1a6514f73873270d3739cdfd1d9d,DS_Styled_Gen5_8,DS_Styled_Gen5_8
PURE_PALETTE_RECOLOR,DS_CUSTOM_LIBRARY/packs/DS_Styled_Gen5_8/BACK GEN 5 SHINY/KROKOROK.png,DS_CUSTOM_LIBRARY/packs/DS_Styled_Gen5_8/BACK GEN 5 NORMAL/KROKOROK.png,c6b6e80d72055c5187c2e1048d8a215cfc2712c86e3c17ab51c2f8d70b1252e8,37555fecd6b6f6bfebe12812fe641a28a1f0032191db8bd2d94dc020dafc0f29,a220e24f91f89eb80f838c21430707645c5fa35fb35131cdc095dab990955741,DS_Styled_Gen5_8,DS_Styled_Gen5_8
PURE_PALETTE_RECOLOR,DS_CUSTOM_LIBRARY/packs/DS_Styled_Gen5_8/BACK GEN 5 SHINY/SWADLOON.png,DS_CUSTOM_LIBRARY/packs/DS_Styled_Gen5_8/BACK GEN 5 NORMAL/SWADLOON.png,a06ae823aed0a727078c879fa58dec828002deea5926c3f24ff5deca87dd3c2d,ee9cd14874ce79b7c9ea2b33ada3c2d5751d90f83c0bb03f240e85698f5c5c6e,4c65d83fd664fdfad2f490973e21b197f2f397240f15c7ac00df0a78a9d8fcc0,DS_Styled_Gen5_8,DS_Styled_Gen5_8
PURE_PALETTE_RECOLOR,DS_CUSTOM_LIBRARY/packs/DS_Styled_Gen5_8/BACK GEN 5 SHINY/BASCULIN.png,DS_CUSTOM_LIBRARY/packs/DS_Styled_Gen5_8/BACK GEN 5 NORMAL/BASCULIN.png,c779df7b49408d69763e780c53b171ce7bec93a4c6a7420de03bd05eadd26bf2,89dc4ae7141a2cf353f49c380643ca354f58735216f1784d120f1c5a1dd87628,c542da9e67f4f6bb743d6047caa2ec5d0e4bdec1c493206a0ece5bded24b7b89,DS_Styled_Gen5_8,DS_Styled_Gen5_8
PURE_PALETTE_RECOLOR,DS_CUSTOM_LIBRARY/packs/DS_Styled_Gen5_8/BACK GEN 5 NORMAL/COTTONEE.png,DS_CUSTOM_LIBRARY/packs/DS_Styled_Gen5_8/BACK GEN 5 SHINY/COTTONEE.png,14ddc2f355280da78b137ee5f999c209cdcf605af9a32ab0d86dad90e4139a59,cb039e1d992057b776eb2576a3b8a4fa95cf399680859e4e6e8850e386c9d4b1,3db3f024d013446841ecdb239c8ccd2a7121cc26489b3e8955a6db057767b6d8,DS_Styled_Gen5_8,DS_Styled_Gen5_8
PURE_PALETTE_RECOLOR,DS_CUSTOM_LIBRARY/packs/DS_Styled_Gen5_8/BACK GEN 5 SHINY/FOONGUS.png,DS_CUSTOM_LIBRARY/packs/DS_Styled_Gen5_8/BACK GEN 5 NORMAL/FOONGUS.png,521e7922cb7cb270e31228bb6af888e3d0e9764be54303fca3fc4dfabc13650e,01612fc36ab21136ce55d103cb41567e5e8a5257c5327bacd91c32a46b564a1f,1c3a7e58f30c955ba2c5b4263f51ff4c64344654f84bbf9d3fa0dd3497a1c77f,DS_Styled_Gen5_8,DS_Styled_Gen5_8
PURE_PALETTE_RECOLOR,DS_CUSTOM_LIBRARY/packs/DS_Styled_Gen5_8/BACK GEN 5 NORMAL/JELLICENT_female.png,DS_CUSTOM_LIBRARY/packs/DS_Styled_Gen5_8/BACK GEN 5 SHINY/JELLICENT_female.png,a0dec9b7151cb55182bc2c0f2c7ee776231003399619a524ca9501d395f16617,fdb904b8afcb34ec01e98864e6144724b8f9014ba2d4aab7c05c7c73b3a91dac,2a2442cd2dba5150a73792b14454624192cfb4d8a58d3fd7c41e7c5b415c395b,DS_Styled_Gen5_8,DS_Styled_Gen5_8
PURE_PALETTE_RECOLOR,DS_CUSTOM_LIBRARY/packs/DS_Styled_Gen5_8/BACK GEN 5 SHINY/DUOSION.png,DS_CUSTOM_LIBRARY/packs/DS_Styled_Gen5_8/BACK GEN 5 NORMAL/DUOSION.png,1eaea20e470a201eb9adce15cdc77297a0dd59785a7a162f9d72dd9a11800cce,c5047f59f6010ba5e95e15cef0d2d7ad2894a161ce89e245cdc0c4f4d0db1c96,2afa2520ab5790d94eb6987289074c1062703846c1d1b16cd1ddd86f03615364,DS_Styled_Gen5_8,DS_Styled_Gen5_8
PURE_PALETTE_RECOLOR,DS_CUSTOM_LIBRARY/packs/DS_Styled_Gen5_8/BACK GEN 5 SHINY/LANDORUS.png,DS_CUSTOM_LIBRARY/packs/DS_Styled_Gen5_8/BACK GEN 5 NORMAL/LANDORUS.png,f612370c25f255f1e18e7bbbf1fd4caa13fa12dd1aa9c29ff4bcb37cc7c4ddc6,768fdc1a139dc540c5be277d214c2ad48e230c59519425a5c209b3abfc83fb84,dfe440c7be8113dc0d11199787ad55b3d063efdb0d0a9b1334a9f69fcb3597d4,DS_Styled_Gen5_8,DS_Styled_Gen5_8
PURE_PALETTE_RECOLOR,DS_CUSTOM_LIBRARY/packs/DS_Styled_Gen5_8/BACK GEN 5 SHINY/KLINK.png,DS_CUSTOM_LIBRARY/packs/DS_Styled_Gen5_8/BACK GEN 5 NORMAL/KLINK.png,eeb031c6f125121a7b5549dbaa88e23062037e097b44dbbb438b6edc25f59b0e,4f206947ecdd63e78259a4ec3b45aa78c722d3c47e8fddc8e3c7d5b4868f52d6,5dcd87fb7a6bde54c0d20f9b015c7eca72106fefabf79a4f3dfa3798c17c0bc7,DS_Styled_Gen5_8,DS_Styled_Gen5_8
PURE_PALETTE_RECOLOR,DS_CUSTOM_LIBRARY/packs/DS_Styled_Gen5_8/BACK GEN 5 NORMAL/THUNDURUS.png,DS_CUSTOM_LIBRARY/packs/DS_Styled_Gen5_8/BACK GEN 5 SHINY/THUNDURUS.png,d055ab70e4fe870ae3f7abef7275c9b90fe149f870ac04a990de5581e73f5fcd,a5b16431ad3521989229afcb622e39f52443327a91280f152fa03866f47af430,0d7dac3c04752230abbbaff390d67348377189c86183227e85df815d09be35ce,DS_Styled_Gen5_8,DS_Styled_Gen5_8
PURE_PALETTE_RECOLOR,DS_CUSTOM_LIBRARY/packs/DS_Styled_Gen5_8/BACK GEN 5 SHINY/GENESECT_3.png,DS_CUSTOM_LIBRARY/packs/DS_Styled_Gen5_8/BACK GEN 5 NORMAL/GENESECT_3.png,4b0082597cc6872d6dbd904454e6c048c792e7e02ff76642c348d398c92d8c92,74a190f229a83300f9aa1133e99d7f91800c3babf17aefc13d08633223ee27e7,9247678278a961c9b2dfd8a66b50fd2c7a26dffacf0712d750c639e9ca140bd6,DS_Styled_Gen5_8,DS_Styled_Gen5_8
PURE_PALETTE_RECOLOR,DS_CUSTOM_LIBRARY/packs/DS_Styled_Gen5_8/BACK GEN 5 NORMAL/VANILLITE.png,DS_CUSTOM_LIBRARY/packs/DS_Styled_Gen5_8/BACK GEN 5 SHINY/VANILLITE.png,56901e365f848d1fa662fd72bed5fb894793120b504acab399ec6fcea3dc1f4e,bedc65b36b0d9e3ff623863adef91413bd01bd07fcc131c2309d543bff0d50a6,3b38ee61576f02d2c732dd1c7cfcf2f912bcf083dce15728179ff3e12196d86a,DS_Styled_Gen5_8,DS_Styled_Gen5_8
PURE_PALETTE_RECOLOR,DS_CUSTOM_LIBRARY/packs/DS_Styled_Gen5_8/BACK GEN 5 SHINY/ELGYEM.png,DS_CUSTOM_LIBRARY/packs/DS_Styled_Gen5_8/BACK GEN 5 NORMAL/ELGYEM.png,0ee5f112cbb2c6c68aec79575de7e4c1645867e1a939e40319f011e64c702ba6,5a9b104946cfcbf3058fd54a0add23d9abe8bb9bde405c5e2130adf995797742,51ad0ae42ca5740a9e3331efc8458e874ec61fd14eafd147480c0a88697cc7e7,DS_Styled_Gen5_8,DS_Styled_Gen5_8
PURE_PALETTE_RECOLOR,DS_CUSTOM_LIBRARY/packs/DS_Styled_Gen5_8/BACK GEN 5 NORMAL/BEARTIC.png,DS_CUSTOM_LIBRARY/packs/DS_Styled_Gen5_8/BACK GEN 5 SHINY/BEARTIC.png,8b6f4677cc23f1d187204f4ca0d967f7219c6405e4edf5dd2eddd9e7084cb31e,2447b13c394a1072fec975d1f3d875f03f0ba711d390fc7ab672eb39ad0bce5a,8164f2d43771870f67b928a6d127795c96b8e02995e4ac93282dd66e91f22e2c,DS_Styled_Gen5_8,DS_Styled_Gen5_8
PURE_PALETTE_RECOLOR,DS_CUSTOM_LIBRARY/packs/DS_Styled_Gen5_8/BACK GEN 5 NORMAL/ZEKROM.png,DS_CUSTOM_LIBRARY/packs/DS_Styled_Gen5_8/BACK GEN 5 SHINY/ZEKROM.png,31eedc89b2cd2e75ac82c37f2e560d4f54ee7832cd9fd518050e9b2dae15332b,cb1e50a268a18169246f9f0233b2ced0ddaa7cc413b98c1f430023fe4901b856,02c6f8aff232c3e486f5ebea59a0b8c23b822f9efb5ffeacc911ece93c6d98cf,DS_Styled_Gen5_8,DS_Styled_Gen5_8
PURE_PALETTE_RECOLOR,DS_CUSTOM_LIBRARY/packs/DS_Styled_Gen5_8/BACK GEN 5 SHINY/GOTHITA.png,DS_CUSTOM_LIBRARY/packs/DS_Styled_Gen5_8/BACK GEN 5 NORMAL/GOTHITA.png,f75886b70f70dac4387cdcc36a4df90f86b08abc41ddf0c462a27ffca2b9ff24,2c5a0b7d6800b49d4fe99baed6ea88852a9a53c7abe4afa2374d0fe132ceb501,4f373c49d29d2719dee9363dfc7ba874b06c9cc8ba0d3dd526e4fb79b9f02fb9,DS_Styled_Gen5_8,DS_Styled_Gen5_8
PURE_PALETTE_RECOLOR,DS_CUSTOM_LIBRARY/packs/DS_Styled_Gen5_8/BACK GEN 5 SHINY/ZORUA.png,DS_CUSTOM_LIBRARY/packs/DS_Styled_Gen5_8/BACK GEN 5 NORMAL/ZORUA.png,103a907ae7a4ae32be7106b89a258fcff1b44d34a0080734480195584189696a,2319cc2a94bc0ac3c8cfe19413edd9edfa87d00e90d432614f7bd2b8e34a9ef0,5f3ac6267fc1859ca0559f033a322bf54f87d342903bcd041673730feca05eae,DS_Styled_Gen5_8,DS_Styled_Gen5_8
PURE_PALETTE_RECOLOR,DS_CUSTOM_LIBRARY/packs/DS_Styled_Gen5_8/BACK GEN 5 NORMAL/LILLIPUP.png,DS_CUSTOM_LIBRARY/packs/DS_Styled_Gen5_8/BACK GEN 5 SHINY/LILLIPUP.png,842335d0155c54f967639f7c5db4f4ce2dff598ec3f66c0d33adc2191379f998,0ee3e7b4c12d3c4cc50367ba92c5df9ff6833b8d41c9332622fca06a2e9c829b,74f4f593b3e9c175ba017e7ab22d16e96c475da267040c9a9d9eb8ff56b763b1,DS_Styled_Gen5_8,DS_Styled_Gen5_8
PURE_PALETTE_RECOLOR,DS_CUSTOM_LIBRARY/packs/DS_Styled_Gen5_8/BACK GEN 5 SHINY/DARUMAKA.png,DS_CUSTOM_LIBRARY/packs/DS_Styled_Gen5_8/BACK GEN 5 NORMAL/DARUMAKA.png,33d6cf6379c8aed08efbc2752336612210c40a976cdec23f26db3ed4e90cc358,ac2a09532315d1d3f02a4df031d84c070c9f4fbbab75de0144c55761ecdf55ed,4a60596ecc7e29d689ae9f4448757ccbfd0459900d0f9b1e373df7635750df1a,DS_Styled_Gen5_8,DS_Styled_Gen5_8
PURE_PALETTE_RECOLOR,DS_CUSTOM_LIBRARY/packs/DS_Styled_Gen5_8/BACK GEN 5 SHINY/KELDEO.png,DS_CUSTOM_LIBRARY/packs/DS_Styled_Gen5_8/BACK GEN 5 NORMAL/KELDEO.png,f8d2601d4f4c54ca5cb416896f6f531eaa92565279b2570760bf40c44b4e860f,3a6a2dff0f7053797f4012e080f38c7c07c0d63ee1da0dc32a9cf8a6f4508981,909c19f370c050a7d15fe745f893f2133c5f3274a82ab309c6b724128bd68543,DS_Styled_Gen5_8,DS_Styled_Gen5_8
PURE_PALETTE_RECOLOR,DS_CUSTOM_LIBRARY/packs/DS_Styled_Gen5_8/BACK GEN 5 NORMAL/DURANT.png,DS_CUSTOM_LIBRARY/packs/DS_Styled_Gen5_8/BACK GEN 5 SHINY/DURANT.png,f5b5cc6d20e3600ed5d5ec4aec49e4cdd39f18693159adacd3fc997ef1af4c75,1502542cfdcbd542bafd09670c1971d5405f9c82d8402081930955e9c5ed0652,b8d88dbe545b5fc97819e482d8b7a9df3479c643fa49ca688c990e96a5e5fbc7,DS_Styled_Gen5_8,DS_Styled_Gen5_8
PURE_PALETTE_RECOLOR,DS_CUSTOM_LIBRARY/packs/DS_Styled_Gen5_8/BACK GEN 5 NORMAL/PANPOUR.png,DS_CUSTOM_LIBRARY/packs/DS_Styled_Gen5_8/BACK GEN 5 SHINY/PANPOUR.png,21f11f4bd1f1585ffe6632c2c892fd60b5b92f7811a61076d173fba08ee6ac2a,ab40f82db1db63ad58ea944fbe5fc4d5f461815024edfaf2fb120b91ffe3bdf1,921d5be443f1e83000a881373f4f33dd48acff662f3bd1a1f338fb15f79b4c80,DS_Styled_Gen5_8,DS_Styled_Gen5_8
PURE_PALETTE_RECOLOR,DS_CUSTOM_LIBRARY/packs/DS_Styled_Gen5_8/BACK GEN 5 NORMAL/GARBODOR.png,DS_CUSTOM_LIBRARY/packs/DS_Styled_Gen5_8/BACK GEN 5 SHINY/GARBODOR.png,aaf559cac75f3f5f895f99929a8610a62b86ca0bc7807f9b5d52b30f27bf775f,cd9fb335789069981b3ff7796522525b7571ec612c01a008882dc443499e5e01,9f741045b633de45216e0ac2c6c354d441c8acd1bb98df255969325800884d75,DS_Styled_Gen5_8,DS_Styled_Gen5_8
PURE_PALETTE_RECOLOR,DS_CUSTOM_LIBRARY/packs/DS_Styled_Gen5_8/BACK GEN 5 NORMAL/GALVANTULA.png,DS_CUSTOM_LIBRARY/packs/DS_Styled_Gen5_8/BACK GEN 5 SHINY/GALVANTULA.png,de5ba62a480113ca5b605e56a728bd566e80aa850bcc4d021e451f92b2b9b617,696c2a2d6035ae6c2a50b284df194a949987ea5fad727252a40d49417a42296f,c2ef0f405b929a38f0d639c267e6623d9ea9692f84da5c70afbb784378d55f41,DS_Styled_Gen5_8,DS_Styled_Gen5_8
PURE_PALETTE_RECOLOR,DS_CUSTOM_LIBRARY/packs/DS_Styled_Gen5_8/BACK GEN 5 SHINY/PANSAGE.png,DS_CUSTOM_LIBRARY/packs/DS_Styled_Gen5_8/BACK GEN 5 NORMAL/PANSAGE.png,1fb1adf20c1f43b3d7947bf23dc59c736f8196388a9acf63909d02dcf7b2f486,f7f345ccac286b96af7df49392539815458591810de3d774052af6cad3de273f,a2bcafb60b004d0d3076df1a67a00d0a0158e71ff9e2fe609d20c29e8546e960,DS_Styled_Gen5_8,DS_Styled_Gen5_8
PURE_PALETTE_RECOLOR,DS_CUSTOM_LIBRARY/packs/DS_Styled_Gen5_8/BACK GEN 5 NORMAL/PIDOVE.png,DS_CUSTOM_LIBRARY/packs/DS_Styled_Gen5_8/BACK GEN 5 SHINY/PIDOVE.png,dcdf8b2746e4c2a5e4ec2c5b1c5cf8693a782a124b4db74f398e179111f42c81,c14575a92b5c1b08d9c6c55a58fff8d2071f8156e3ebbc6d3a3a1755fff79116,b8deb5ae66ed84717c888a432a39422a36dfb11887a642e61f859738a683228c,DS_Styled_Gen5_8,DS_Styled_Gen5_8
PURE_PALETTE_RECOLOR,DS_CUSTOM_LIBRARY/packs/DS_Styled_Gen5_8/BACK GEN 5 NORMAL/KELDEO_1.png,DS_CUSTOM_LIBRARY/packs/DS_Styled_Gen5_8/BACK GEN 5 SHINY/KELDEO_1.png,673ecd2d430b70d43c4ebbfdd33435285fe4956154d5660c6817ef57ddbc35b4,00c611224115415cc05a3636becab2d00e755ad2f8ed589ed64d357d067bd239,a8c8e6e673e541b618a68cb0ba6479145b9b724388d210bad3e5d686033f3025,DS_Styled_Gen5_8,DS_Styled_Gen5_8
PURE_PALETTE_RECOLOR,DS_CUSTOM_LIBRARY/packs/DS_Styled_Gen5_8/BACK GEN 5 NORMAL/JELLICENT.png,DS_CUSTOM_LIBRARY/packs/DS_Styled_Gen5_8/BACK GEN 5 SHINY/JELLICENT.png,4393b1221c1ca2a0aa4da218e6bb6ba2c0ad810ce2e7305e6fe96741473e0e55,93d39d9a0d50395c36a7727ff3e5f6e9ab921bbaf6bba3d97129ee6f2295b6b9,62fc470b08c875a400867fe870ec34e628cba70c06c402d3de54e9e704857147,DS_Styled_Gen5_8,DS_Styled_Gen5_8
PURE_PALETTE_RECOLOR,DS_CUSTOM_LIBRARY/packs/DS_Styled_Gen5_8/BACK GEN 5 SHINY/SNIVY.png,DS_CUSTOM_LIBRARY/packs/DS_Styled_Gen5_8/BACK GEN 5 NORMAL/SNIVY.png,5ba27a0c4c48283ec244dffce98e987ffdc8144189608bfcad135afb3f16769e,1d73bd2cd6d48a224d5125e128abd4c7de09c57c530bf8026febc107df8a9fdd,7f0b0cd0ca8f51fd206a6c89ea74b54852610ed78089fccda81f88cf69c52057,DS_Styled_Gen5_8,DS_Styled_Gen5_8
PURE_PALETTE_RECOLOR,DS_CUSTOM_LIBRARY/packs/DS_Styled_Gen5_8/BACK GEN 5 SHINY/MUSHARNA.png,DS_CUSTOM_LIBRARY/packs/DS_Styled_Gen5_8/BACK GEN 5 NORMAL/MUSHARNA.png,6a1f41898f8aee7815582a18d2c896b86e00a9f02cf73fde14af25bd9b272345,b32a33a6c3ecb5b90e11277f13c9ae60150f65860a22bc0312ef4ba523f56fcc,783736946ba169e7ede749991dcdc16cf542aaff6e1e9e336c66d1b3631d0574,DS_Styled_Gen5_8,DS_Styled_Gen5_8
PURE_PALETTE_RECOLOR,DS_CUSTOM_LIBRARY/packs/DS_Styled_Gen5_8/BACK GEN 5 SHINY/MINCCINO.png,DS_CUSTOM_LIBRARY/packs/DS_Styled_Gen5_8/BACK GEN 5 NORMAL/MINCCINO.png,c4c200926d62deec4023782e73d03a41762f88b9336359e0d358bf06097c0bfd,d2007e1632f7be99ea7d81170c0387cbcc557d6718d941f4232061836bcd61a2,1c92a054cffccdee69bbccdb272eaa46c67575bcdb1be5f6f5171fa80acefaba,DS_Styled_Gen5_8,DS_Styled_Gen5_8
PURE_PALETTE_RECOLOR,DS_CUSTOM_LIBRARY/packs/DS_Styled_Gen5_8/BACK GEN 5 NORMAL/LILLIGANT.png,DS_CUSTOM_LIBRARY/packs/DS_Styled_Gen5_8/BACK GEN 5 SHINY/LILLIGANT.png,fc5922932f3e1e06ae96180cc7866672eb916590c030f8bf22507e6cd4454636,395df3b1dc49b6904bd01e8949107455ac91f7a9a12341b0b9e2bbd58dee7be9,fb75eba57c229d6f616b467a3152d75e82ccd07d45527ec6263db972c8848d92,DS_Styled_Gen5_8,DS_Styled_Gen5_8
PURE_PALETTE_RECOLOR,DS_CUSTOM_LIBRARY/packs/DS_Styled_Gen5_8/BACK GEN 5 NORMAL/BOLDORE.png,DS_CUSTOM_LIBRARY/packs/DS_Styled_Gen5_8/BACK GEN 5 SHINY/BOLDORE.png,9c3e5ba0894d32c6cadea6ff95ae5078daaafe05528c38ea6a1d83b5c97e05f7,23db0bc6dea12530cb27cf4ce9e9deccc8d139fb7e0d78323c2f9190faaeee16,349b6453707b011edb239ca5d8ea10dd79a840bae4adf3a3931db09598af9af8,DS_Styled_Gen5_8,DS_Styled_Gen5_8
PURE_PALETTE_RECOLOR,DS_CUSTOM_LIBRARY/packs/DS_Styled_Gen5_8/BACK GEN 5 NORMAL/HERDIER.png,DS_CUSTOM_LIBRARY/packs/DS_Styled_Gen5_8/BACK GEN 5 SHINY/HERDIER.png,e21ccd47c3f6dbcc41d339008008f35d357d5228455d2972682bd265e11eb272,5ab2d426df94be16cc855e0c4fd64a2fe3eff808aa347a8cc175fa91a90ca657,4ab3b99465721337d3919326340ecf752e340e423f86cf078e9ee42db0db1d09,DS_Styled_Gen5_8,DS_Styled_Gen5_8
PURE_PALETTE_RECOLOR,DS_CUSTOM_LIBRARY/packs/DS_Styled_Gen5_8/BACK GEN 5 SHINY/EELEKTROSS.png,DS_CUSTOM_LIBRARY/packs/DS_Styled_Gen5_8/BACK GEN 5 NORMAL/EELEKTROSS.png,b7355a026932d41d0590de138b3742617435e4ce9d000b125cb7a2171c2d8749,d7417e625aa1a67a29e20e52208f28b809d3925bd35f0d204b50e99a21b01fb2,fc45ab003a07c3850474257efd3c9cf89aef7d2b52d210ac1be7564c3fd23041,DS_Styled_Gen5_8,DS_Styled_Gen5_8
PURE_PALETTE_RECOLOR,DS_CUSTOM_LIBRARY/packs/DS_Styled_Gen5_8/BACK GEN 5 NORMAL/FERROTHORN.png,DS_CUSTOM_LIBRARY/packs/DS_Styled_Gen5_8/BACK GEN 5 SHINY/FERROTHORN.png,b700be9d94ff2edc0106ce78621b24ed633ccc6a0d2714041a479e4e4e619ce9,57ee8f25928992fdacf98254e48e1babc1a09b15efdcb7053831d1d4c60ac712,985fbe3411af53b7971c80a150ce18383e246f12fbc51d3cf62dfa3ee0fcf85c,DS_Styled_Gen5_8,DS_Styled_Gen5_8
PURE_PALETTE_RECOLOR,DS_CUSTOM_LIBRARY/packs/DS_Styled_Gen5_8/BACK GEN 5 SHINY/MELOETTA_1.png,DS_CUSTOM_LIBRARY/packs/DS_Styled_Gen5_8/BACK GEN 5 NORMAL/MELOETTA_1.png,6490e9b45ce3c38f2baad258d75be79cd383f331b634ca9ce4c8adf3b216d99d,04da393e8df0f1ce7c994018e18c02b8697d7f29fc5a1dde8d120bc52167238e,7d090a76bac72493f9d027ca31f4f3288b81782994434d15a99a39d2835fe4fc,DS_Styled_Gen5_8,DS_Styled_Gen5_8
PURE_PALETTE_RECOLOR,DS_CUSTOM_LIBRARY/packs/DS_Styled_Gen5_8/BACK GEN 5 NORMAL/ARCHEN.png,DS_CUSTOM_LIBRARY/packs/DS_Styled_Gen5_8/BACK GEN 5 SHINY/ARCHEN.png,d172e44e92150e4eeb8ed7049a9c112a7b07b852d66fcc62ed5fd3fed9270092,12bd8397a3226c39dc08f778e8aefe730f4ed33e1305c41a58b84d43392956ef,5552e5e08455509a5074e9c0e9854d88c6de62e936771c90a5f7dcea66b714cf,DS_Styled_Gen5_8,DS_Styled_Gen5_8
PURE_PALETTE_RECOLOR,DS_CUSTOM_LIBRARY/packs/DS_Styled_Gen5_8/BACK GEN 5 SHINY/MUNNA.png,DS_CUSTOM_LIBRARY/packs/DS_Styled_Gen5_8/BACK GEN 5 NORMAL/MUNNA.png,cc61f5cdf0358e7bf9e7271711ce620d7980be34ccc398c318331d3d181d7f82,85df97af0d5722fdeac47e97dd210f91a82985d2d705bf3df1c47efc9b160c7d,a1e8141c457b7b603a9ff51700baf48f84bc5635b4efda9fd9c07d810d15773b,DS_Styled_Gen5_8,DS_Styled_Gen5_8
PURE_PALETTE_RECOLOR,DS_CUSTOM_LIBRARY/packs/DS_Styled_Gen5_8/BACK GEN 5 NORMAL/UNFEZANT.png,DS_CUSTOM_LIBRARY/packs/DS_Styled_Gen5_8/BACK GEN 5 SHINY/UNFEZANT.png,15701ca9c0be88276d68eb2b7e535d4c0cfa4c5cccb83b84faa9d1ebcc5779ed,f1fedf673b781e4a4c660e1c4c08c21c352919757d93a34cb8a4c21f47040a52,b1335337385587d7819859e3e088c4b1bb6d1905e9eeab8f8afbd1f5d7fb5cd1,DS_Styled_Gen5_8,DS_Styled_Gen5_8
PURE_PALETTE_RECOLOR,DS_CUSTOM_LIBRARY/packs/DS_Styled_Gen5_8/BACK GEN 5 NORMAL/PATRAT.png,DS_CUSTOM_LIBRARY/packs/DS_Styled_Gen5_8/BACK GEN 5 SHINY/PATRAT.png,db5a752f9689a3a152bb8a310eb3247979cab6ac849b88e0d43b828d5882f198,6fba82a8602f70f0c9ebe4ea4c44f303907e2bdfeced7a5d8dad52858c56e498,214e486705e60cd726e7228d518a068af6994300ee468cc7f65232d5b0252074,DS_Styled_Gen5_8,DS_Styled_Gen5_8
PURE_PALETTE_RECOLOR,DS_CUSTOM_LIBRARY/packs/DS_Styled_Gen5_8/BACK GEN 5 SHINY/SANDILE.png,DS_CUSTOM_LIBRARY/packs/DS_Styled_Gen5_8/BACK GEN 5 NORMAL/SANDILE.png,0fe9e7c148c9390219c163802346d7629936c3ddd795c863fe9355dd898cc466,04738d62a3b6f1d70e79b5d1c1e044897d41813fbb9cdfe4c653fc0a03793f2a,454653e4ece2061a9ba89bc759114f453472468b66cec053c68437f2266799e5,DS_Styled_Gen5_8,DS_Styled_Gen5_8
PURE_PALETTE_RECOLOR,DS_CUSTOM_LIBRARY/packs/DS_Styled_Gen5_8/BACK GEN 5 SHINY/CARRACOSTA.png,DS_CUSTOM_LIBRARY/packs/DS_Styled_Gen5_8/BACK GEN 5 NORMAL/CARRACOSTA.png,7792278ba946dff6a68c27b1f8cdd7d68e4efa967e11004612ed8c2165b0940e,4e30587a8023b8847c9ee8522d8bcadbb4a02682777a2a9c142c0f3f7b8efdec,880139a201175a7b02b1d5893ea6e6f8d34457433417323bc4e39f3dd2e5dc19,DS_Styled_Gen5_8,DS_Styled_Gen5_8
PURE_PALETTE_RECOLOR,DS_CUSTOM_LIBRARY/packs/DS_Styled_Gen5_8/BACK GEN 5 SHINY/THROH.png,DS_CUSTOM_LIBRARY/packs/DS_Styled_Gen5_8/BACK GEN 5 NORMAL/THROH.png,4a902c2d582b12b72f7d277e8f566a16841eaa6438946e54ccbdcebd315b36c3,d976d8c4247b1c92e931416a0b0205f449214601b4c9fd7876fa53b722d04bdd,702739d911aa88f50acfd460c03c96298fc73f032b397e0d201e95cb4057f4b0,DS_Styled_Gen5_8,DS_Styled_Gen5_8
PURE_PALETTE_RECOLOR,DS_CUSTOM_LIBRARY/packs/DS_Styled_Gen5_8/BACK GEN 5 SHINY/EXCADRILL.png,DS_CUSTOM_LIBRARY/packs/DS_Styled_Gen5_8/BACK GEN 5 NORMAL/EXCADRILL.png,4ca56a3506276774264ad35ae0c2b06c3b93a2397bd6146aeacbe9554ee68d17,55dbd29a1e1cf046a7fec2b6e7907911c7585234f744c49b0ae01164d7118fbe,85e22e1d098812adc0526b7b1eef34cde969aa4e76ab7823d1fa554717250b7d,DS_Styled_Gen5_8,DS_Styled_Gen5_8
PURE_PALETTE_RECOLOR,DS_CUSTOM_LIBRARY/packs/DS_Styled_Gen5_8/BACK GEN 5 NORMAL/COBALION.png,DS_CUSTOM_LIBRARY/packs/DS_Styled_Gen5_8/BACK GEN 5 SHINY/COBALION.png,8cb98aa0435d61b4ba4992ff474a72320728f3df68f4ee88c392c913dc720f92,e9824b67141358f9c64339f78e0f1825384d8524b862adf7795ab3221f6ee9ac,c7c83e43af02c3e5b7859c0e39ea7c88d490bc0fba53b177bcda3357637644c1,DS_Styled_Gen5_8,DS_Styled_Gen5_8
PURE_PALETTE_RECOLOR,DS_CUSTOM_LIBRARY/packs/DS_Styled_Gen5_8/BACK GEN 5 SHINY/DEERLING_3.png,DS_CUSTOM_LIBRARY/packs/DS_Styled_Gen5_8/BACK GEN 5 NORMAL/DEERLING_1.png,813454d3c3e99ee5c6c6d638d110d6af857a07584b9ec089b2523ae348cc89e1,7728b7850a2a44eb19ab5e947c95de02cfac1751e96a4639996d536d8f891bb8,a9718ad72f1520947463ef844b4fbd29be139134052c12fc843ea408fbd84d15,DS_Styled_Gen5_8,DS_Styled_Gen5_8
PURE_PALETTE_RECOLOR,DS_CUSTOM_LIBRARY/packs/DS_Styled_Gen5_8/BACK GEN 5 SHINY/DEERLING_2.png,DS_CUSTOM_LIBRARY/packs/DS_Styled_Gen5_8/BACK GEN 5 NORMAL/DEERLING_1.png,813454d3c3e99ee5c6c6d638d110d6af857a07584b9ec089b2523ae348cc89e1,95d6e9f59a3da7ff41cf3a9eb28b1f519892f48153a3ff6387a0bdc153775362,a9718ad72f1520947463ef844b4fbd29be139134052c12fc843ea408fbd84d15,DS_Styled_Gen5_8,DS_Styled_Gen5_8
PURE_PALETTE_RECOLOR,DS_CUSTOM_LIBRARY/packs/DS_Styled_Gen5_8/BACK GEN 5 SHINY/DEERLING_1.png,DS_CUSTOM_LIBRARY/packs/DS_Styled_Gen5_8/BACK GEN 5 NORMAL/DEERLING_1.png,813454d3c3e99ee5c6c6d638d110d6af857a07584b9ec089b2523ae348cc89e1,1da9f9b631de3d338523480245a5a7f934318d1eedd1e0a7073e786ffd0205d3,a9718ad72f1520947463ef844b4fbd29be139134052c12fc843ea408fbd84d15,DS_Styled_Gen5_8,DS_Styled_Gen5_8
PURE_PALETTE_RECOLOR,DS_CUSTOM_LIBRARY/packs/DS_Styled_Gen5_8/BACK GEN 5 NORMAL/DEERLING.png,DS_CUSTOM_LIBRARY/packs/DS_Styled_Gen5_8/BACK GEN 5 NORMAL/DEERLING_1.png,813454d3c3e99ee5c6c6d638d110d6af857a07584b9ec089b2523ae348cc89e1,b7b5f1d4cc95366dbe9191e8a518a7a3df61af7d7674ae8e6e9207d38e1fad11,a9718ad72f1520947463ef844b4fbd29be139134052c12fc843ea408fbd84d15,DS_Styled_Gen5_8,DS_Styled_Gen5_8
PURE_PALETTE_RECOLOR,DS_CUSTOM_LIBRARY/packs/DS_Styled_Gen5_8/BACK GEN 5 NORMAL/DEERLING_3.png,DS_CUSTOM_LIBRARY/packs/DS_Styled_Gen5_8/BACK GEN 5 NORMAL/DEERLING_1.png,813454d3c3e99ee5c6c6d638d110d6af857a07584b9ec089b2523ae348cc89e1,58a60c86e2225804f6d1ebb4045f60b03b1dd5dc7158e2067d01f0836f33e527,a9718ad72f1520947463ef844b4fbd29be139134052c12fc843ea408fbd84d15,DS_Styled_Gen5_8,DS_Styled_Gen5_8
PURE_PALETTE_RECOLOR,DS_CUSTOM_LIBRARY/packs/DS_Styled_Gen5_8/BACK GEN 5 NORMAL/DEERLING_2.png,DS_CUSTOM_LIBRARY/packs/DS_Styled_Gen5_8/BACK GEN 5 NORMAL/DEERLING_1.png,813454d3c3e99ee5c6c6d638d110d6af857a07584b9ec089b2523ae348cc89e1,53844c195bc70d94d78b050dfb2a9e68a36dee4cdfa2ccbbd9bc446a4e34ef90,a9718ad72f1520947463ef844b4fbd29be139134052c12fc843ea408fbd84d15,DS_Styled_Gen5_8,DS_Styled_Gen5_8
PURE_PALETTE_RECOLOR,DS_CUSTOM_LIBRARY/packs/DS_Styled_Gen5_8/BACK GEN 5 SHINY/JOLTIK.png,DS_CUSTOM_LIBRARY/packs/DS_Styled_Gen5_8/BACK GEN 5 NORMAL/JOLTIK.png,2bf29f6f4ec03ebe1e5029ca8bcf3377dbad878c08a41f73b00392c1d5a12fc2,a818f829d8ec592cf5ffcb4fffe1151e0070c8fa0e8dddbc612a248737b6c230,4351f14df74e8009f13fdc0acb59d4159113f8746884db972e5e655c4f43cd2a,DS_Styled_Gen5_8,DS_Styled_Gen5_8
PURE_PALETTE_RECOLOR,DS_CUSTOM_LIBRARY/packs/DS_Styled_Gen5_8/BACK GEN 5 SHINY/ROGGENROLA.png,DS_CUSTOM_LIBRARY/packs/DS_Styled_Gen5_8/BACK GEN 5 NORMAL/ROGGENROLA.png,a142365d60bffc55a3fb31a0cb802347ec736f2f26c10e6dc186373193e8e2cc,4c901227fd7a73e13022d43564a280424ad961fb93e996bf021b8d62a4ea1b1f,3d19a259c530f50b00a9bf51b95466b99e819b08b79637782176e821804e406c,DS_Styled_Gen5_8,DS_Styled_Gen5_8
PURE_PALETTE_RECOLOR,DS_CUSTOM_LIBRARY/packs/DS_Styled_Gen5_8/BACK GEN 5 NORMAL/PANSEAR.png,DS_CUSTOM_LIBRARY/packs/DS_Styled_Gen5_8/BACK GEN 5 SHINY/PANSEAR.png,5307fec54ee2df4914bbdb8ae7f6e5f774e3343c59e02b3f39b1c96cb2b391c9,162dd39edf4ec2f092b66a606937d1e5fe739aa9586fa82bc507e5ab8b641492,dd1d38fd3d4e5ec519b3f703f6fa631b439a3ad4fd2163ccd2a7800c950e8a98,DS_Styled_Gen5_8,DS_Styled_Gen5_8
PURE_PALETTE_RECOLOR,DS_CUSTOM_LIBRARY/packs/DS_Styled_Gen5_8/BACK GEN 5 NORMAL/ARCHEOPS.png,DS_CUSTOM_LIBRARY/packs/DS_Styled_Gen5_8/BACK GEN 5 SHINY/ARCHEOPS.png,2261b1130df8279521956e1f440880f6875682453f38cd8aa6fc35a209d8986b,b145e45f008476414de765be4cf898f295fe6dbd3ddaf4434e295a8a50fea4e3,51a16143b63c9e909c3cf0ef5203afb7308329772ac9c472fba8d89201db9e25,DS_Styled_Gen5_8,DS_Styled_Gen5_8
PURE_PALETTE_RECOLOR,DS_CUSTOM_LIBRARY/packs/DS_Styled_Gen5_8/BACK GEN 5 SHINY/AUDINO.png,DS_CUSTOM_LIBRARY/packs/DS_Styled_Gen5_8/BACK GEN 5 NORMAL/AUDINO.png,9d79ac6b6da015a4fd6cce0f6db8d470438105a1f381fe5c96788ebc4da9cb2e,d831a95f3ae3e391b3773a97b8694ee2f2d1933a5ff024f86596c49f7c07ff42,668040620fde223b5df64611ab89ae5b211b5cada8040028bc42581854a231d5,DS_Styled_Gen5_8,DS_Styled_Gen5_8
PURE_PALETTE_RECOLOR,DS_CUSTOM_LIBRARY/packs/DS_Styled_Gen5_8/BACK GEN 5 NORMAL/GOTHORITA.png,DS_CUSTOM_LIBRARY/packs/DS_Styled_Gen5_8/BACK GEN 5 SHINY/GOTHORITA.png,72230f9687b90d03e0be01e744172fb70229efb6e19054bbdb1d9f8bc85891a1,f2d85baaaa4ddecb6778182d62e6e6b40f152b1afa7fbda3a05411709d1814c8,fee38565d07ca5326d9d054d464b07307d8b39eac9dbac88142989e5d2e06f86,DS_Styled_Gen5_8,DS_Styled_Gen5_8
PURE_PALETTE_RECOLOR,DS_CUSTOM_LIBRARY/packs/DS_Styled_Gen5_8/BACK GEN 5 NORMAL/SWOOBAT.png,DS_CUSTOM_LIBRARY/packs/DS_Styled_Gen5_8/BACK GEN 5 SHINY/SWOOBAT.png,198a0907bfa03862f982e8e5da288d85e095319ebbc4bf6cc83eb91530cc0800,e2877e842ed2f43f2f960b6826f3ea1384909041172582519d2a2c7f97d27e79,d63ee0c17213c5dc7c72f38da1471fe327e9bc4fd30a9349bb3fd9553a957876,DS_Styled_Gen5_8,DS_Styled_Gen5_8
PURE_PALETTE_RECOLOR,DS_CUSTOM_LIBRARY/packs/DS_Styled_Gen5_8/BACK GEN 5 SHINY/TORNADUS_1.png,DS_CUSTOM_LIBRARY/packs/DS_Styled_Gen5_8/BACK GEN 5 NORMAL/TORNADUS_1.png,7667d1700d4cfedf42e300b6c8e5c887d2b8144c605261a9ca05bd1023a8dcb2,cbe721eebcb99e016c7365d7a1509a60599952d052672cec245224cb1dbb2264,11edde482af0a6bb759c9a431cf611f2a1c5a38c02387721a42bf07f419a00da,DS_Styled_Gen5_8,DS_Styled_Gen5_8
PURE_PALETTE_RECOLOR,DS_CUSTOM_LIBRARY/packs/DS_Styled_Gen5_8/BACK GEN 5 SHINY/ALOMOMOLA.png,DS_CUSTOM_LIBRARY/packs/DS_Styled_Gen5_8/BACK GEN 5 NORMAL/ALOMOMOLA.png,ebfd11e2a036fc939c1268f3338206794fe54e00825edd16679dbe4c30aa09ac,6177b206daee239664f1e1c58b4b7f3520ca699f05b2ab3f2b7a85787791ba4e,75da866c821c3a36109065c1b50a29d3e27e90b67f4e5f0d72bbad382fd53049,DS_Styled_Gen5_8,DS_Styled_Gen5_8
PURE_PALETTE_RECOLOR,DS_CUSTOM_LIBRARY/packs/DS_Styled_Gen5_8/BACK GEN 5 SHINY/BRAVIARY.png,DS_CUSTOM_LIBRARY/packs/DS_Styled_Gen5_8/BACK GEN 5 NORMAL/BRAVIARY.png,32df78f8724ebf0707d0e8e7e56685a86b3b0bb72a31673ae725521c64a658bc,e4c3123c03b58f5be1846964a9c85f4afdc17c446bbfa111893456a8325fad31,288d6ab4376dcc1eb608d9f940ef1f22b702a3b6d761471f5a0e9b821e92d3af,DS_Styled_Gen5_8,DS_Styled_Gen5_8
PURE_PALETTE_RECOLOR,DS_CUSTOM_LIBRARY/packs/DS_Styled_Gen5_8/BACK GEN 5 NORMAL/SERPERIOR.png,DS_CUSTOM_LIBRARY/packs/DS_Styled_Gen5_8/BACK GEN 5 SHINY/SERPERIOR.png,d370a599b88ce9888ab5eb3dbe3fa6321099b83c19754307c1daf98f5b4e33a7,1cc7a7d99a0832a7beff68ebd3e5384b4ea0cc148ae6b6a11bbcaa11e0017b97,170081ea6a9f0048e5d193235a828df8709e5be5b4571b3c1c63d9cb312a54b6,DS_Styled_Gen5_8,DS_Styled_Gen5_8
PURE_PALETTE_RECOLOR,DS_CUSTOM_LIBRARY/packs/DS_Styled_Gen5_8/BACK GEN 5 SHINY/VANILLISH.png,DS_CUSTOM_LIBRARY/packs/DS_Styled_Gen5_8/BACK GEN 5 NORMAL/VANILLISH.png,46e05817dae4d66e5003ec056b1537b38cf0a801aae0ed9f1722b99069a92471,db06155f74c80ff8cecb10f1a3166201560e4bab40314c316b76c73902af3335,6c80a8e453e63e70bbd9d00ed1e21bac91bb47516b00be76bd6148d1ce7d4940,DS_Styled_Gen5_8,DS_Styled_Gen5_8
PURE_PALETTE_RECOLOR,DS_CUSTOM_LIBRARY/packs/DS_Styled_Gen5_8/BACK GEN 5 NORMAL/VOLCARONA.png,DS_CUSTOM_LIBRARY/packs/DS_Styled_Gen5_8/BACK GEN 5 SHINY/VOLCARONA.png,739fdd6d1878beb44f45a4e16952891fb4cd580f43ff60f34a06323c88ff1e26,fa0622740f5dbbabbe5c465df72c4359150dc5ff959a9974599dd4cda3202839,80fa2b1fb6a8c68ead4b3a9df6019dde53e11bb4fc46b8b850ef3ae94e53f2fb,DS_Styled_Gen5_8,DS_Styled_Gen5_8
PURE_PALETTE_RECOLOR,DS_CUSTOM_LIBRARY/packs/DS_Styled_Gen5_8/BACK GEN 5 NORMAL/CINCCINO.png,DS_CUSTOM_LIBRARY/packs/DS_Styled_Gen5_8/BACK GEN 5 SHINY/CINCCINO.png,9c0659960b121669526618410faaec2c2ff371e0229ea93a69d59418e08b0708,7c0392279113cbd26f90e0f62274113b72d1f41ebddf663a2f8387d2a449760b,75ab9d81fb1c7a10c1d953817fb561a88663b431ec4d8cf20a3de96cf1f60df7,DS_Styled_Gen5_8,DS_Styled_Gen5_8
PURE_PALETTE_RECOLOR,DS_CUSTOM_LIBRARY/packs/DS_Styled_Gen5_8/BACK GEN 5 SHINY/WHIMSICOTT.png,DS_CUSTOM_LIBRARY/packs/DS_Styled_Gen5_8/BACK GEN 5 NORMAL/WHIMSICOTT.png,1d7f8447dc673d74004ad103b6577adf7016ad72c64e04e42beab31eba8d74f4,3fc0e7e4adc8fd63e0c436812e3ff126c0a7d396721d2ede0b1331d943923da2,33d4d395de6bf16a4db7962e4b4090bb0e2d89616f1b982ed1aff9e981baf1f0,DS_Styled_Gen5_8,DS_Styled_Gen5_8
PURE_PALETTE_RECOLOR,DS_CUSTOM_LIBRARY/packs/DS_Styled_Gen5_8/BACK GEN 5 SHINY/PURRLOIN.png,DS_CUSTOM_LIBRARY/packs/DS_Styled_Gen5_8/BACK GEN 5 NORMAL/PURRLOIN.png,f8c967e6fc8ddd19ecbced84422cf7d896c5a6286d4a9bb7e39c815eabbe323b,8885df1810af5a46960ca7400b39f979dd766a491532e424126cbaf7221e18e6,f1285927d898fba8e0f0bf9871188d5cdf92e7035fd7aa016c0a832c2419d70a,DS_Styled_Gen5_8,DS_Styled_Gen5_8
PURE_PALETTE_RECOLOR,DS_CUSTOM_LIBRARY/packs/DS_Styled_Gen5_8/BACK GEN 5 NORMAL/FRILLISH.png,DS_CUSTOM_LIBRARY/packs/DS_Styled_Gen5_8/BACK GEN 5 SHINY/FRILLISH.png,8cb202edc8b51cc55544c7d38bf283f90157b89e03f02eed19d2d9789f507361,808c9deb6932c96ad96c1c31374bcbc00752727c1da37cc1c351f32d27508e14,7c6ea615b0476cc4e955e9ecedfc264c033f352a82e2d7ff3fed3850ff9783cd,DS_Styled_Gen5_8,DS_Styled_Gen5_8
PURE_PALETTE_RECOLOR,DS_CUSTOM_LIBRARY/packs/DS_Styled_Gen5_8/BACK GEN 5 SHINY/SEISMITOAD.png,DS_CUSTOM_LIBRARY/packs/DS_Styled_Gen5_8/BACK GEN 5 NORMAL/SEISMITOAD.png,08861209a73b86b6ba3effc80d4a5083a4ac587205917765145fe2c9e05a1bf6,a51206512e0d3d7e21da9da3f45b7dd16b2c5ff04dc412c868da277fae412e7e,c0aa0ae98a034cb00e01659a86af8711f09aa7e063e51b56b85e1269e84aa119,DS_Styled_Gen5_8,DS_Styled_Gen5_8
PURE_PALETTE_RECOLOR,DS_CUSTOM_LIBRARY/packs/DS_Styled_Gen5_8/BACK GEN 5 SHINY/CHANDELURE.png,DS_CUSTOM_LIBRARY/packs/DS_Styled_Gen5_8/BACK GEN 5 NORMAL/CHANDELURE.png,bc084bf09561fd2501bcbbdec51b5c41b024414017409634beff95b196b9b0c0,47a0eedf370df151eab0309557cd50d81cba374570f5c6df801a5faf9c5a1406,e2b70a459307a9e8fb3415f6cdf3e6276b4f5de8b70c075d88a1dd22068a6601,DS_Styled_Gen5_8,DS_Styled_Gen5_8
PURE_PALETTE_RECOLOR,DS_CUSTOM_LIBRARY/packs/DS_Styled_Gen5_8/BACK GEN 5 NORMAL/SWANNA.png,DS_CUSTOM_LIBRARY/packs/DS_Styled_Gen5_8/BACK GEN 5 SHINY/SWANNA.png,34cd3cd6969213aae7b4189f9a19cf4c2fdd5c838432495fb1526d6a3fda68d3,f6793bf294d65ac571f8fc8c5aaa2b5ab0e118e884fddfadf1855915bf54dae5,81d378a921d24893a9f9f96df1546e42ddff640af42bc19a41940d49d543d6d5,DS_Styled_Gen5_8,DS_Styled_Gen5_8
PURE_PALETTE_RECOLOR,DS_CUSTOM_LIBRARY/packs/DS_Styled_Gen5_8/BACK GEN 5 NORMAL/WOOBAT.png,DS_CUSTOM_LIBRARY/packs/DS_Styled_Gen5_8/BACK GEN 5 SHINY/WOOBAT.png,93b3a4f25cccf11eb9e4a1d07e4ab959947b39e4038a06f2ba605df989a94953,eb00219652a4b4f260d689f56c5c3974acce069302081436ba508aafa7c16ba0,4fccdc2836058aad99de1bcd9cc65acac09660c83259f2d99cdb1c0be9ca7527,DS_Styled_Gen5_8,DS_Styled_Gen5_8
PURE_PALETTE_RECOLOR,DS_CUSTOM_LIBRARY/packs/DS_Styled_Gen5_8/BACK GEN 5 SHINY/DUCKLETT.png,DS_CUSTOM_LIBRARY/packs/DS_Styled_Gen5_8/BACK GEN 5 NORMAL/DUCKLETT.png,26fc2df95916669901c263f8958e248e15225de987f18622337b9c178e8eeb26,97c2cbc68a747129430f3f228122958730596400252f3a9a4cbf15dfd6b6e4a7,44b1b44810d32ce57bef599b9d64f566ba2c8d03bf285a6c3344341803038e31,DS_Styled_Gen5_8,DS_Styled_Gen5_8
PURE_PALETTE_RECOLOR,DS_CUSTOM_LIBRARY/packs/DS_Styled_Gen5_8/BACK GEN 5 SHINY/HAXORUS.png,DS_CUSTOM_LIBRARY/packs/DS_Styled_Gen5_8/BACK GEN 5 NORMAL/HAXORUS.png,56538525d4c90fa427f064da2874feb4770140cb8ecd4812215128ba5763cc17,02133b6ff26a3ee77e440d3309da5d95a14b02afcc25f4343ceda3e50e270e85,b643162a3fbd92bf0d8f61d2aab358f7b266611e27de968f09dcff9ecd9310ae,DS_Styled_Gen5_8,DS_Styled_Gen5_8
PURE_PALETTE_RECOLOR,DS_CUSTOM_LIBRARY/packs/DS_Styled_Gen5_8/BACK GEN 5 SHINY/CONKELDURR.png,DS_CUSTOM_LIBRARY/packs/DS_Styled_Gen5_8/BACK GEN 5 NORMAL/CONKELDURR.png,a5eada102718e52a640ccf939b330b7b35675049fd47a25c95f611864ca12511,9750902fc78c286e6d89b6ccafadb036ba4a51ec9bbd7a55c0d184c95677d6b7,b0aea69e5458eaa4886a0db528c42f67033be85b047626ffe0ba0cf7c058e851,DS_Styled_Gen5_8,DS_Styled_Gen5_8
PURE_PALETTE_RECOLOR,DS_CUSTOM_LIBRARY/packs/DS_Styled_Gen5_8/BACK GEN 5 NORMAL/LAMPENT.png,DS_CUSTOM_LIBRARY/packs/DS_Styled_Gen5_8/BACK GEN 5 SHINY/LAMPENT.png,5202a42542432795557f22be132cd708358430ed98eadbeb5370a55b1047b6f5,24287e41a1ce82e1103e473c1bcf7addea30b2580d7353564b500bafcbb5d8b6,aae6e6f16f8f75cf7466fc8c1352f7d9e58accb6f8e873ea446d55ee4adc7e02,DS_Styled_Gen5_8,DS_Styled_Gen5_8
PURE_PALETTE_RECOLOR,DS_CUSTOM_LIBRARY/packs/DS_Styled_Gen5_8/BACK GEN 5 NORMAL/MANDIBUZZ.png,DS_CUSTOM_LIBRARY/packs/DS_Styled_Gen5_8/BACK GEN 5 SHINY/MANDIBUZZ.png,a9135c4fc3a6c8a48a2d29e54cec2abc532be480c8f10c89798b47c73917ccb6,f336cc9a8d57c6fa0b293efb1ae6766259b7eb4c12216b78ff3e962ffac16416,395d20eee0abdd66df1b166cb3d6af70a6a95f4277ffa7e04a1c1d75e501182a,DS_Styled_Gen5_8,DS_Styled_Gen5_8
PURE_PALETTE_RECOLOR,DS_CUSTOM_LIBRARY/packs/DS_Styled_Gen5_8/BACK GEN 5 NORMAL/TIRTOUGA.png,DS_CUSTOM_LIBRARY/packs/DS_Styled_Gen5_8/BACK GEN 5 SHINY/TIRTOUGA.png,bfeaa99643e0baa35869493e51a33b2292aa611d15c23877e2193ad3ead64e61,e0a6e911e348f657be00ac2f5d2f437fe76d5d043c847e0f29c947913bff5dc7,aca0edf2a83fb2b42d0e2dd4ca7744303bfed1c1d75c4824b4a76464d80a7e8d,DS_Styled_Gen5_8,DS_Styled_Gen5_8
PURE_PALETTE_RECOLOR,DS_CUSTOM_LIBRARY/packs/DS_Styled_Gen5_8/BACK GEN 5 NORMAL/SERVINE.png,DS_CUSTOM_LIBRARY/packs/DS_Styled_Gen5_8/BACK GEN 5 SHINY/SERVINE.png,905457a7003312d8fd76ea39b3a60298ccac9c51415a617f90c4bd2e03210dcc,b59a93de13d9a372c49e7352d8271e65836994ff85f07d2df33d7930bc6ee816,67354e96d12a9824e51296801c7d5e49a8ebe158cd2ebcf7f510a9c97285034d,DS_Styled_Gen5_8,DS_Styled_Gen5_8
PURE_PALETTE_RECOLOR,DS_CUSTOM_LIBRARY/packs/DS_Styled_Gen5_8/BACK GEN 5 NORMAL/KROOKODILE.png,DS_CUSTOM_LIBRARY/packs/DS_Styled_Gen5_8/BACK GEN 5 SHINY/KROOKODILE.png,b608a9a6f0103ace557c27cb7b77fe3548dff72ec29e326fdd47b697ef9649c7,bffeb7967ecee1f7e7e875898b171a9e147aa94d787a3ea880dd5d89ff2d9d92,42ebfac20482643cb1b70826abbcdffe9be85bdd7e0502cee5cf4b51a28d930c,DS_Styled_Gen5_8,DS_Styled_Gen5_8
PURE_PALETTE_RECOLOR,DS_CUSTOM_LIBRARY/packs/DS_Styled_Gen5_8/BACK GEN 5 NORMAL/AMOONGUSS.png,DS_CUSTOM_LIBRARY/packs/DS_Styled_Gen5_8/BACK GEN 5 SHINY/AMOONGUSS.png,cd3a2675514ae23319f86be38d6f3311ffd721006bfad46a0807804827dc0cc5,7bdd640ff00b0b19d3faf1bc4295f2005fc2f327e556092745a99745353f9175,468db6a8a551fc6f26154c5306749e075f2a8de1681e0383d31f65bf2526ac2a,DS_Styled_Gen5_8,DS_Styled_Gen5_8
PURE_PALETTE_RECOLOR,DS_CUSTOM_LIBRARY/packs/DS_Styled_Gen5_8/BACK GEN 5 SHINY/ACCELGOR.png,DS_CUSTOM_LIBRARY/packs/DS_Styled_Gen5_8/BACK GEN 5 NORMAL/ACCELGOR.png,4860aa8ff78efb792003635c2da41b8426423c2a1c1d12a0498c21c6aa2d9dee,40ec038e8a3e3a980bd3f7f97dcbc8b61286213b641f73872f9c91e992433225,ede7c635bb661a3ba3d83177de2f8d0fbc2057638a641769b1d3ad3b227d4492,DS_Styled_Gen5_8,DS_Styled_Gen5_8
PURE_PALETTE_RECOLOR,DS_CUSTOM_LIBRARY/packs/DS_Styled_Gen5_8/BACK GEN 5 SHINY/DARMANITAN.png,DS_CUSTOM_LIBRARY/packs/DS_Styled_Gen5_8/BACK GEN 5 NORMAL/DARMANITAN.png,fbe9a4c3eba773024fd97a9e6a2f05202bf5cb50d6882cdb4b2d53e1c19fa264,fc14bfcaf24a8c5276a030383d26350c2518b5564c87b2b9d03d80f822b0ce06,fbc9c1f2dbd0f0f4709a2605d048c6be4860a7e5b8b73e82482d204baff64fdb,DS_Styled_Gen5_8,DS_Styled_Gen5_8
PURE_PALETTE_RECOLOR,DS_CUSTOM_LIBRARY/packs/DS_Styled_Gen5_8/BACK GEN 5 NORMAL/EMBOAR.png,DS_CUSTOM_LIBRARY/packs/DS_Styled_Gen5_8/BACK GEN 5 SHINY/EMBOAR.png,3b19ecb2b11d7d70055e0fcc1a8108594e1fa91ae4c375e1b220af8bc8f0ddb1,f0df15b314f918b1916c90829b7e91caf215a1b4f36dbafca7053b5ca1bd29a4,8ef2434e51060d10cfb9666661f2114407ba8ab752cfc9ffb72eabd6d339c320,DS_Styled_Gen5_8,DS_Styled_Gen5_8
PURE_PALETTE_RECOLOR,DS_CUSTOM_LIBRARY/packs/DS_Styled_Gen5_8/BACK GEN 5 SHINY/SOLOSIS.png,DS_CUSTOM_LIBRARY/packs/DS_Styled_Gen5_8/BACK GEN 5 NORMAL/SOLOSIS.png,124f255ddd5d94aa7e5233b37c2ae0d4b7696c8105c60df53e23421fdc151e4a,c3b58aafcb78fab02cfa724a87c734244270e1ed6b58ae3475f7fb78d7e0688d,6fbf5449950cea5cad224e6b3a8a816d77e080960cedf52366d2459f283beac3,DS_Styled_Gen5_8,DS_Styled_Gen5_8
PURE_PALETTE_RECOLOR,DS_CUSTOM_LIBRARY/packs/DS_Styled_Gen5_8/BACK GEN 5 SHINY/BOUFFALANT.png,DS_CUSTOM_LIBRARY/packs/DS_Styled_Gen5_8/BACK GEN 5 NORMAL/BOUFFALANT.png,4dcbdaffbd1d82f30c2bd8d3eb499268dbc7fde041ace7200153b44752eadea2,458d869b2d47a51a01a59fc5af50a9655140991c052e26f6371a04e1a91e108d,5635cf66217f719518e8fc2d8b1a4c94bd048cca9c61df058dafa34865162e1d,DS_Styled_Gen5_8,DS_Styled_Gen5_8
PURE_PALETTE_RECOLOR,DS_CUSTOM_LIBRARY/packs/DS_Styled_Gen5_8/BACK GEN 5 SHINY/YAMASK.png,DS_CUSTOM_LIBRARY/packs/DS_Styled_Gen5_8/BACK GEN 5 NORMAL/YAMASK.png,7a219f7e9177211fa5a5cdb1de9d0ade826d7bf48b7523069a71e8e8d20760b5,e57ad49913556f724cd225882c87103ef754a567bfc3b1c84283ebe1e67af358,24e2c680b0c253371ca63aa55cb4e2aad6c4dbc8aca53038a4adfc543cc1ad28,DS_Styled_Gen5_8,DS_Styled_Gen5_8
PURE_PALETTE_RECOLOR,DS_CUSTOM_LIBRARY/packs/DS_Styled_Gen5_8/BACK GEN 5 SHINY/THUNDURUS_1.png,DS_CUSTOM_LIBRARY/packs/DS_Styled_Gen5_8/BACK GEN 5 NORMAL/THUNDURUS_1.png,fd24cb9e3e74226b8333104c4a64252c1f982579454b49f7e8f6218c971edb15,a8bd9c12fa6f7298676ff6b98bd98eef58ae6d6ba8c7aac03ce44cb719b77464,7882cb12628123b683f7ee5b462146f0fefd260c653f796b9228dc7c2cd650e3,DS_Styled_Gen5_8,DS_Styled_Gen5_8
PURE_PALETTE_RECOLOR,DS_CUSTOM_LIBRARY/packs/DS_Styled_Gen5_8/BACK GEN 5 NORMAL/DEINO.png,DS_CUSTOM_LIBRARY/packs/DS_Styled_Gen5_8/BACK GEN 5 SHINY/DEINO.png,ff51566e7657eb6d2c06c15d25c81944d65d394dd109398c9ed8079cc1392218,4350f3b183090c9e2c3509d5a7135558a3527e73a0c3d7726f46a979fc183f38,6d510d9262397cceffa2aa572307f0ba796646845113dfee960dc6f2e7d53654,DS_Styled_Gen5_8,DS_Styled_Gen5_8
PURE_PALETTE_RECOLOR,DS_CUSTOM_LIBRARY/packs/DS_Styled_Gen5_8/BACK GEN 5 SHINY/KARRABLAST.png,DS_CUSTOM_LIBRARY/packs/DS_Styled_Gen5_8/BACK GEN 5 NORMAL/KARRABLAST.png,6546ea96a043325e2fd7fb48371c04cb76803cbaf1db7262567cd653a7d3cf89,f2024b6743167dbb849764dbefad66e6e45ebf680dfae4306b49373a127239c7,f1861e7749a2a8a1f64b869687afad98200b3b9520c09f8458de796cc2e41f23,DS_Styled_Gen5_8,DS_Styled_Gen5_8
PURE_PALETTE_RECOLOR,DS_CUSTOM_LIBRARY/packs/DS_Styled_Gen5_8/BACK GEN 5 SHINY/SEWADDLE.png,DS_CUSTOM_LIBRARY/packs/DS_Styled_Gen5_8/BACK GEN 5 NORMAL/SEWADDLE.png,38a9cf0811f9e96edbd71f6459f0e30be0956098d3e9374c47d0f4f97ae5a133,75bcdfb178f9a9ea8562884635644e59806cc288ada8f59f5e474f40e59fa508,2dacea4bbf0256bb679ea91e8e43323b38556c6f8dea83c15088b2612145c577,DS_Styled_Gen5_8,DS_Styled_Gen5_8
PURE_PALETTE_RECOLOR,DS_CUSTOM_LIBRARY/packs/DS_Styled_Gen5_8/BACK GEN 5 SHINY/DRUDDIGON.png,DS_CUSTOM_LIBRARY/packs/DS_Styled_Gen5_8/BACK GEN 5 NORMAL/DRUDDIGON.png,5198778f340a787b08f4f2e7bb7b6a0cbffced066b3312098e5d021a07b9ce76,2c2afaac081961a5e19c42aac5d14e45b07eb5f40eb1ac1a7a4209691a29df4c,9bc92b6477c5aedc6f0aa5b8c987860cc23ee2da4e44796349c77392c4b4827c,DS_Styled_Gen5_8,DS_Styled_Gen5_8
PURE_PALETTE_RECOLOR,DS_CUSTOM_LIBRARY/packs/DS_Styled_Gen5_8/BACK GEN 5 SHINY/SAMUROTT.png,DS_CUSTOM_LIBRARY/packs/DS_Styled_Gen5_8/BACK GEN 5 NORMAL/SAMUROTT.png,f8c7d221e1a0a8ed2acb17b38805c2aeca7194d16460a8c9d26787aea9ea537d,0f6c91e59a38de9c574cc37c1cc6e041c4b52e04792602eac84c86f51e14e0e0,a564b1c983b3b1472d9fa930de65574e901f472793b6d7783a5beb6d7cb59287,DS_Styled_Gen5_8,DS_Styled_Gen5_8
PURE_PALETTE_RECOLOR,DS_CUSTOM_LIBRARY/packs/DS_Styled_Gen5_8/BACK GEN 5 SHINY/DWEBBLE.png,DS_CUSTOM_LIBRARY/packs/DS_Styled_Gen5_8/BACK GEN 5 NORMAL/DWEBBLE.png,626ff1737949fbfc674bae7f5a3636e2c80fb959e9a8042ceac16c7ef58bc961,2668bd9ab74be2948f6cb2ca2909b0a728768b2b49e855ebeb8607599d5a8d25,8768f65ce271bc100ae3dd579771a28cbd9df299b4c04bb84ce00fada54ef692,DS_Styled_Gen5_8,DS_Styled_Gen5_8
PURE_PALETTE_RECOLOR,DS_CUSTOM_LIBRARY/packs/DS_Styled_Gen5_8/BACK GEN 5 SHINY/SAWK.png,DS_CUSTOM_LIBRARY/packs/DS_Styled_Gen5_8/BACK GEN 5 NORMAL/SAWK.png,e496cfa33224379ce97f156e85e78fbd605e1eabd2994e04ea8e548640778ef0,ede0f82695c68c3a895ceed8c1270af67849f980a7d46f798be42224606c2c3c,e8e69ea79cad531a1f6baf6080e2e764f50e44040d08e492102a4610a87f6f0b,DS_Styled_Gen5_8,DS_Styled_Gen5_8
PURE_PALETTE_RECOLOR,DS_CUSTOM_LIBRARY/packs/DS_Styled_Gen5_8/BACK GEN 5 SHINY/SHELMET.png,DS_CUSTOM_LIBRARY/packs/DS_Styled_Gen5_8/BACK GEN 5 NORMAL/SHELMET.png,a2e2c1ace123d499a40c51ad66417970d8bf1d2b3248aed3d200d858e7848490,b8fe33855392f242d3bb79495f44d883eac42459d01751994c7a587cae4944ca,80d01f0b1adfb4d91c6de5be20a99a8237ce62f7efabdf7b04a2f6ec8cc00c00,DS_Styled_Gen5_8,DS_Styled_Gen5_8
PURE_PALETTE_RECOLOR,DS_CUSTOM_LIBRARY/packs/DS_Styled_Gen5_8/BACK GEN 5 NORMAL/TYNAMO.png,DS_CUSTOM_LIBRARY/packs/DS_Styled_Gen5_8/BACK GEN 5 SHINY/TYNAMO.png,747192ad98b321be98816499f5525cd2bf0ccd2e70571634ee08028dbc0dde09,613eefbb997d99292b1a927abaa153547117da4f3adb81efa0a2c6c64195cb23,0fba56c495a10e3ec32941b6006f2544c161b829d58775e97b71b3ff078d7aac,DS_Styled_Gen5_8,DS_Styled_Gen5_8
PURE_PALETTE_RECOLOR,DS_CUSTOM_LIBRARY/packs/DS_Styled_Gen5_8/BACK GEN 5 SHINY/VULLABY.png,DS_CUSTOM_LIBRARY/packs/DS_Styled_Gen5_8/BACK GEN 5 NORMAL/VULLABY.png,ea2f07029494e53aa1b6c8cb20a2dfe3a517a0fbbf5ef43a67a1026f6f28d878,5ebc7be0e95308c20636be575a5abe5a943056218714eedbf1e3d9dbe66f2215,38d4402dbb0b1e08f4e8c293e9f11281f90196a0fe4a2ab7099a823be62d43a5,DS_Styled_Gen5_8,DS_Styled_Gen5_8
PURE_PALETTE_RECOLOR,DS_CUSTOM_LIBRARY/packs/DS_Styled_Gen5_8/BACK GEN 5 SHINY/SIMIPOUR.png,DS_CUSTOM_LIBRARY/packs/DS_Styled_Gen5_8/BACK GEN 5 NORMAL/SIMIPOUR.png,1c5c9a781b0070f41654f0826a86196b0b0ed641aace01d1a6a21dfde3000922,2f4d9e581aeaf6df5c2dd2aefeacc4cddc712aecae55fcf497c9da5e725309ba,f79ee40023f4643a21ac24158d6f256775d2b1f135887f597ea632f31d5c0745,DS_Styled_Gen5_8,DS_Styled_Gen5_8
PURE_PALETTE_RECOLOR,DS_CUSTOM_LIBRARY/packs/DS_Styled_Gen5_8/BACK GEN 5 SHINY/STOUTLAND.png,DS_CUSTOM_LIBRARY/packs/DS_Styled_Gen5_8/BACK GEN 5 NORMAL/STOUTLAND.png,5163101cefeb990dddad86b8f815b4a929ecd1b74c99665810d31daa4a247223,ed0c1e706adbe3e1b65f8f01fa9b6b7bf496717ab8e9e7088c589bc1e81ed67e,bfed44c5abc988b8e380296d3fa6ce2e39996bbf7041f7107b0bb20e857df2d7,DS_Styled_Gen5_8,DS_Styled_Gen5_8
PURE_PALETTE_RECOLOR,DS_CUSTOM_LIBRARY/packs/DS_Styled_Gen5_8/BACK GEN 5 SHINY/SCRAFTY.png,DS_CUSTOM_LIBRARY/packs/DS_Styled_Gen5_8/BACK GEN 5 NORMAL/SCRAFTY.png,af591122b58b2d4b4fb973d17d8835e970917be40117481b4948455a913f1c91,a074b6cb65e6b15801179808c4e773f58d771d36e7dc7dc8fb2482ea78401c1c,69e298941ca9428c8d15409e3cf70c738eef92663dde82deaa755974de5ecee5,DS_Styled_Gen5_8,DS_Styled_Gen5_8
PURE_PALETTE_RECOLOR,DS_CUSTOM_LIBRARY/packs/DS_Styled_Gen5_8/BACK GEN 5 NORMAL/ESCAVALIER.png,DS_CUSTOM_LIBRARY/packs/DS_Styled_Gen5_8/BACK GEN 5 SHINY/ESCAVALIER.png,46020ee2bec39edb63604e8c3bb0958402c075623f967275d92edc4f6ec6f5dc,3f793e2e8b6bd3d7723efaeeec907cb1ad025120d4fd84738f3ed6cd5c541768,127ca7701ed5b645a7ddd228bc09db4574da8a8df6ec4d24d39a84ebae3af421,DS_Styled_Gen5_8,DS_Styled_Gen5_8
PURE_PALETTE_RECOLOR,DS_CUSTOM_LIBRARY/packs/DS_Styled_Gen5_8/BACK GEN 5 SHINY/CRUSTLE.png,DS_CUSTOM_LIBRARY/packs/DS_Styled_Gen5_8/BACK GEN 5 NORMAL/CRUSTLE.png,4a4cffb2d75bbe49cf906b9000d4c2e83cc61f5c3077bc8b9b1faab4fc3ac360,15892e3ab82ff7b6b8cb11d8817baec66ea7ba02eaf5727ba393e4066fc1a8a9,9da7a23a5523905c9671186484bef0a106b14e6bbcdcec2c6cc9d11c64b9b0f8,DS_Styled_Gen5_8,DS_Styled_Gen5_8
PURE_PALETTE_RECOLOR,DS_CUSTOM_LIBRARY/packs/DS_Styled_Gen5_8/BACK GEN 5 NORMAL/EELEKTRIK.png,DS_CUSTOM_LIBRARY/packs/DS_Styled_Gen5_8/BACK GEN 5 SHINY/EELEKTRIK.png,d19be357f79e625d65ea8fd8b798b4d80c691ae95a0e8318e8bbb23e14109130,3d6285038b80677ea828ea913b6f3d2b16415904ab042663b3f4f55354ee220f,88050c5e6b8a6b321fea34e0aabe4a73d4fbb700c27b7dff2b71687dad14d1ad,DS_Styled_Gen5_8,DS_Styled_Gen5_8
PURE_PALETTE_RECOLOR,DS_CUSTOM_LIBRARY/packs/DS_Styled_Gen5_8/BACK GEN 5 NORMAL/GURDURR.png,DS_CUSTOM_LIBRARY/packs/DS_Styled_Gen5_8/BACK GEN 5 SHINY/GURDURR.png,23aee3769fa421babe7320be9048a5a0a3e06ea0e1392251a224a20d7fbb45bd,859bc322a7056830c06e87a33b4db1fec18987a6199593468eeeff71bdd6d844,13051f1e413d4f405d96ae037ae685c3745b23bd4a88bef9aaab502d42a0ddb5,DS_Styled_Gen5_8,DS_Styled_Gen5_8
PURE_PALETTE_RECOLOR,DS_CUSTOM_LIBRARY/packs/DS_Styled_Gen5_8/BACK GEN 5 SHINY/LEAVANNY.png,DS_CUSTOM_LIBRARY/packs/DS_Styled_Gen5_8/BACK GEN 5 NORMAL/LEAVANNY.png,475e52389c45a3501b0610a05217909d6513d1f407497b78bd73f11d0b91c24f,ad47ae5d63b0971b1419302de63801217a52b4cbf0ba4142d92207d0c58e746b,a32b4ab5b6ae4c4fe733dd82c395308bbb1589ba5e8ad8b67b6a5457d4439da6,DS_Styled_Gen5_8,DS_Styled_Gen5_8
PURE_PALETTE_RECOLOR,DS_CUSTOM_LIBRARY/packs/DS_Styled_Gen5_8/BACK GEN 5 SHINY/LIEPARD.png,DS_CUSTOM_LIBRARY/packs/DS_Styled_Gen5_8/BACK GEN 5 NORMAL/LIEPARD.png,4e0c8218fc5a2d4e35fe8682278860f14fa3d5717e36d0e8a08df5e0361f8495,c66d6434423ebca53f6bc2b6c7e073f9a72c02e6959155f2783b353465ff6c39,d68e522c29582de0da9616a5d2dca316d64bb40df7819c868266aa065f8266be,DS_Styled_Gen5_8,DS_Styled_Gen5_8
PURE_PALETTE_RECOLOR,DS_CUSTOM_LIBRARY/packs/DS_Styled_Gen5_8/BACK GEN 5 SHINY/RUFFLET.png,DS_CUSTOM_LIBRARY/packs/DS_Styled_Gen5_8/BACK GEN 5 NORMAL/RUFFLET.png,1ff6d042efd83dc6c51fb8ce9f448b8fce3defa027bf36fbf85fd8282ff295cd,893b1fe0a8c44fb25e45dce9cb49ed453c661b5832ce55d98b1a7dd6112b9a71,484d7eb656ae3f2ac8f11f2cbbe7f9968c1f0f88838369f0c115814a0376a2f0,DS_Styled_Gen5_8,DS_Styled_Gen5_8
PURE_PALETTE_RECOLOR,DS_CUSTOM_LIBRARY/packs/DS_Styled_Gen5_8/BACK GEN 5 SHINY/VENIPEDE.png,DS_CUSTOM_LIBRARY/packs/DS_Styled_Gen5_8/BACK GEN 5 NORMAL/VENIPEDE.png,2c474ec7f0055f495695023665da57dfe1823ee2b5965b24f2edefb1f7369c1d,f590fee24e10b2e2e75c1e3b8bb2386113a9a20e9351ffb6745b82d4e1b65a17,068c5e88c91ae5269fe66216aa286915165ac849fab63b9680a39de4fe8f167b,DS_Styled_Gen5_8,DS_Styled_Gen5_8
PURE_PALETTE_RECOLOR,DS_CUSTOM_LIBRARY/packs/DS_Styled_Gen5_8/BACK GEN 7 NORMAL/SILVALLY_1.png,DS_CUSTOM_LIBRARY/packs/DS_Styled_Gen5_8/BACK GEN 7 NORMAL/SILVALLY_3.png,0d8d08ab3bfa96cb433341ef573e27dc51954dafa332a9654d4e7101e01cb7e2,9ec5692d771f0d77b7f7c1a7073c4dad15e73028218e6613056d53005c3d5765,ef961e9ce966e9de28f5f871e1a673c0800cc672a2d87a7681e43f1a05a182ec,DS_Styled_Gen5_8,DS_Styled_Gen5_8
PURE_PALETTE_RECOLOR,DS_CUSTOM_LIBRARY/packs/DS_Styled_Gen5_8/BACK GEN 7 NORMAL/SILVALLY_7.png,DS_CUSTOM_LIBRARY/packs/DS_Styled_Gen5_8/BACK GEN 7 NORMAL/SILVALLY_3.png,0d8d08ab3bfa96cb433341ef573e27dc51954dafa332a9654d4e7101e01cb7e2,7611ea138adf505d5a338ebff37c5950461d3dc2765476838f9933c420dc3ad5,ef961e9ce966e9de28f5f871e1a673c0800cc672a2d87a7681e43f1a05a182ec,DS_Styled_Gen5_8,DS_Styled_Gen5_8
PURE_PALETTE_RECOLOR,DS_CUSTOM_LIBRARY/packs/DS_Styled_Gen5_8/BACK GEN 7 NORMAL/SILVALLY_8.png,DS_CUSTOM_LIBRARY/packs/DS_Styled_Gen5_8/BACK GEN 7 NORMAL/SILVALLY_3.png,0d8d08ab3bfa96cb433341ef573e27dc51954dafa332a9654d4e7101e01cb7e2,aa22178b93b53e8692f1010c8262037c3d8e1afe655fe1585e9fd50186b84b82,ef961e9ce966e9de28f5f871e1a673c0800cc672a2d87a7681e43f1a05a182ec,DS_Styled_Gen5_8,DS_Styled_Gen5_8
PURE_PALETTE_RECOLOR,DS_CUSTOM_LIBRARY/packs/DS_Styled_Gen5_8/BACK GEN 7 NORMAL/SILVALLY_5.png,DS_CUSTOM_LIBRARY/packs/DS_Styled_Gen5_8/BACK GEN 7 NORMAL/SILVALLY_3.png,0d8d08ab3bfa96cb433341ef573e27dc51954dafa332a9654d4e7101e01cb7e2,de549cb7137f7a4af12e4e191197156b926d5f57cd57d244cdcdb74120956474,ef961e9ce966e9de28f5f871e1a673c0800cc672a2d87a7681e43f1a05a182ec,DS_Styled_Gen5_8,DS_Styled_Gen5_8
PURE_PALETTE_RECOLOR,DS_CUSTOM_LIBRARY/packs/DS_Styled_Gen5_8/BACK GEN 7 NORMAL/SILVALLY_11.png,DS_CUSTOM_LIBRARY/packs/DS_Styled_Gen5_8/BACK GEN 7 NORMAL/SILVALLY_3.png,0d8d08ab3bfa96cb433341ef573e27dc51954dafa332a9654d4e7101e01cb7e2,f46cbda3a32d301dcdf5915e9d25236669bd6cb0d29b37d6b16a565ba251aab6,ef961e9ce966e9de28f5f871e1a673c0800cc672a2d87a7681e43f1a05a182ec,DS_Styled_Gen5_8,DS_Styled_Gen5_8
PURE_PALETTE_RECOLOR,DS_CUSTOM_LIBRARY/packs/DS_Styled_Gen5_8/BACK GEN 7 NORMAL/SILVALLY_4.png,DS_CUSTOM_LIBRARY/packs/DS_Styled_Gen5_8/BACK GEN 7 NORMAL/SILVALLY_3.png,0d8d08ab3bfa96cb433341ef573e27dc51954dafa332a9654d4e7101e01cb7e2,a76259878d961d50e11b3398c2323116cb8424fa3f0caa8373dc911cac9b4c03,ef961e9ce966e9de28f5f871e1a673c0800cc672a2d87a7681e43f1a05a182ec,DS_Styled_Gen5_8,DS_Styled_Gen5_8
PURE_PALETTE_RECOLOR,DS_CUSTOM_LIBRARY/packs/DS_Styled_Gen5_8/BACK GEN 7 NORMAL/SILVALLY_16.png,DS_CUSTOM_LIBRARY/packs/DS_Styled_Gen5_8/BACK GEN 7 NORMAL/SILVALLY_3.png,0d8d08ab3bfa96cb433341ef573e27dc51954dafa332a9654d4e7101e01cb7e2,7536437b3bbf5dcf8ce4e3e9b1e712a6891095f7f0d64cafb54e80d8e1f7d1c9,ef961e9ce966e9de28f5f871e1a673c0800cc672a2d87a7681e43f1a05a182ec,DS_Styled_Gen5_8,DS_Styled_Gen5_8
PURE_PALETTE_RECOLOR,DS_CUSTOM_LIBRARY/packs/DS_Styled_Gen5_8/BACK GEN 7 NORMAL/SILVALLY_2.png,DS_CUSTOM_LIBRARY/packs/DS_Styled_Gen5_8/BACK GEN 7 NORMAL/SILVALLY_3.png,0d8d08ab3bfa96cb433341ef573e27dc51954dafa332a9654d4e7101e01cb7e2,e7d064e45e5f7401bd658efe14aeacac2ca4556c5d120becbaec8b442fe05f82,ef961e9ce966e9de28f5f871e1a673c0800cc672a2d87a7681e43f1a05a182ec,DS_Styled_Gen5_8,DS_Styled_Gen5_8
PURE_PALETTE_RECOLOR,DS_CUSTOM_LIBRARY/packs/DS_Styled_Gen5_8/BACK GEN 7 NORMAL/SILVALLY_9.png,DS_CUSTOM_LIBRARY/packs/DS_Styled_Gen5_8/BACK GEN 7 NORMAL/SILVALLY_3.png,0d8d08ab3bfa96cb433341ef573e27dc51954dafa332a9654d4e7101e01cb7e2,6b0bfe81669aa56fd2bde2ad56f63042e836992a97f0d59b7f76ef8710f496c7,ef961e9ce966e9de28f5f871e1a673c0800cc672a2d87a7681e43f1a05a182ec,DS_Styled_Gen5_8,DS_Styled_Gen5_8
PURE_PALETTE_RECOLOR,DS_CUSTOM_LIBRARY/packs/DS_Styled_Gen5_8/BACK GEN 7 NORMAL/SILVALLY.png,DS_CUSTOM_LIBRARY/packs/DS_Styled_Gen5_8/BACK GEN 7 NORMAL/SILVALLY_3.png,0d8d08ab3bfa96cb433341ef573e27dc51954dafa332a9654d4e7101e01cb7e2,22df6a7b549fe3ffb78862e854a0f30f30fbea971fcb3086f10b28bbb50a948b,ef961e9ce966e9de28f5f871e1a673c0800cc672a2d87a7681e43f1a05a182ec,DS_Styled_Gen5_8,DS_Styled_Gen5_8
PURE_PALETTE_RECOLOR,DS_CUSTOM_LIBRARY/packs/DS_Styled_Gen5_8/BACK GEN 7 NORMAL/SILVALLY_13.png,DS_CUSTOM_LIBRARY/packs/DS_Styled_Gen5_8/BACK GEN 7 NORMAL/SILVALLY_3.png,0d8d08ab3bfa96cb433341ef573e27dc51954dafa332a9654d4e7101e01cb7e2,875a262b9dd6b5e4f1b9ec1d93b6603bf395f5a27c48c6fb6c0ae94428f3181a,ef961e9ce966e9de28f5f871e1a673c0800cc672a2d87a7681e43f1a05a182ec,DS_Styled_Gen5_8,DS_Styled_Gen5_8
PURE_PALETTE_RECOLOR,DS_CUSTOM_LIBRARY/packs/DS_Styled_Gen5_8/BACK GEN 7 NORMAL/SILVALLY_12.png,DS_CUSTOM_LIBRARY/packs/DS_Styled_Gen5_8/BACK GEN 7 NORMAL/SILVALLY_3.png,0d8d08ab3bfa96cb433341ef573e27dc51954dafa332a9654d4e7101e01cb7e2,26d9549c82ed807ef8a829d76e2d22eb87826e9b447e194331a87c407a89fdbd,ef961e9ce966e9de28f5f871e1a673c0800cc672a2d87a7681e43f1a05a182ec,DS_Styled_Gen5_8,DS_Styled_Gen5_8
PURE_PALETTE_RECOLOR,DS_CUSTOM_LIBRARY/packs/DS_Styled_Gen5_8/BACK GEN 7 NORMAL/SILVALLY_17.png,DS_CUSTOM_LIBRARY/packs/DS_Styled_Gen5_8/BACK GEN 7 NORMAL/SILVALLY_3.png,0d8d08ab3bfa96cb433341ef573e27dc51954dafa332a9654d4e7101e01cb7e2,a1a15ba8c586e66ad89748857b0cc93f0fd53e97a4319f39039d694133a1f797,ef961e9ce966e9de28f5f871e1a673c0800cc672a2d87a7681e43f1a05a182ec,DS_Styled_Gen5_8,DS_Styled_Gen5_8
PURE_PALETTE_RECOLOR,DS_CUSTOM_LIBRARY/packs/DS_Styled_Gen5_8/BACK GEN 7 NORMAL/SILVALLY_18.png,DS_CUSTOM_LIBRARY/packs/DS_Styled_Gen5_8/BACK GEN 7 NORMAL/SILVALLY_3.png,0d8d08ab3bfa96cb433341ef573e27dc51954dafa332a9654d4e7101e01cb7e2,ef0ff81b60f8c6f9c246bfc89a72a1085630d09f6d235f3b76009c26a133387c,ef961e9ce966e9de28f5f871e1a673c0800cc672a2d87a7681e43f1a05a182ec,DS_Styled_Gen5_8,DS_Styled_Gen5_8
PURE_PALETTE_RECOLOR,DS_CUSTOM_LIBRARY/packs/DS_Styled_Gen5_8/BACK GEN 7 NORMAL/SILVALLY_14.png,DS_CUSTOM_LIBRARY/packs/DS_Styled_Gen5_8/BACK GEN 7 NORMAL/SILVALLY_3.png,0d8d08ab3bfa96cb433341ef573e27dc51954dafa332a9654d4e7101e01cb7e2,9ea4f51cbc9dc701db15b3ffa299c90fb7e0d1a173444fb5e09e49ad697b8acf,ef961e9ce966e9de28f5f871e1a673c0800cc672a2d87a7681e43f1a05a182ec,DS_Styled_Gen5_8,DS_Styled_Gen5_8
PURE_PALETTE_RECOLOR,DS_CUSTOM_LIBRARY/packs/DS_Styled_Gen5_8/BACK GEN 7 NORMAL/SILVALLY_6.png,DS_CUSTOM_LIBRARY/packs/DS_Styled_Gen5_8/BACK GEN 7 NORMAL/SILVALLY_3.png,0d8d08ab3bfa96cb433341ef573e27dc51954dafa332a9654d4e7101e01cb7e2,eac2f51f79399215e2bed63659ead66b655f1cfabe794b5ec2d1d669c381a0a6,ef961e9ce966e9de28f5f871e1a673c0800cc672a2d87a7681e43f1a05a182ec,DS_Styled_Gen5_8,DS_Styled_Gen5_8
PURE_PALETTE_RECOLOR,DS_CUSTOM_LIBRARY/packs/DS_Styled_Gen5_8/BACK GEN 7 NORMAL/SILVALLY_15.png,DS_CUSTOM_LIBRARY/packs/DS_Styled_Gen5_8/BACK GEN 7 NORMAL/SILVALLY_3.png,0d8d08ab3bfa96cb433341ef573e27dc51954dafa332a9654d4e7101e01cb7e2,e561110f409999f00b218cd96771f62e231629f7f7bd6f02bc6fec70f63e8034,ef961e9ce966e9de28f5f871e1a673c0800cc672a2d87a7681e43f1a05a182ec,DS_Styled_Gen5_8,DS_Styled_Gen5_8
PURE_PALETTE_RECOLOR,DS_CUSTOM_LIBRARY/packs/DS_Styled_Gen5_8/BACK GEN 7 NORMAL/SILVALLY_10.png,DS_CUSTOM_LIBRARY/packs/DS_Styled_Gen5_8/BACK GEN 7 NORMAL/SILVALLY_3.png,0d8d08ab3bfa96cb433341ef573e27dc51954dafa332a9654d4e7101e01cb7e2,284564136580df61ffe841c6c2014c7de9a14b969df1f12d04e2d7a0f115c71c,ef961e9ce966e9de28f5f871e1a673c0800cc672a2d87a7681e43f1a05a182ec,DS_Styled_Gen5_8,DS_Styled_Gen5_8
PURE_PALETTE_RECOLOR,DS_CUSTOM_LIBRARY/packs/DS_Styled_Gen5_8/BACK GEN 7 SHINY/SILVALLY_1.png,DS_CUSTOM_LIBRARY/packs/DS_Styled_Gen5_8/BACK GEN 7 NORMAL/SILVALLY_3.png,0d8d08ab3bfa96cb433341ef573e27dc51954dafa332a9654d4e7101e01cb7e2,2de2a84906f54679a94d09708ee770422a9f051a3b88e5503be0c40dd353358c,ef961e9ce966e9de28f5f871e1a673c0800cc672a2d87a7681e43f1a05a182ec,DS_Styled_Gen5_8,DS_Styled_Gen5_8
PURE_PALETTE_RECOLOR,DS_CUSTOM_LIBRARY/packs/DS_Styled_Gen5_8/BACK GEN 7 SHINY/SILVALLY_7.png,DS_CUSTOM_LIBRARY/packs/DS_Styled_Gen5_8/BACK GEN 7 NORMAL/SILVALLY_3.png,0d8d08ab3bfa96cb433341ef573e27dc51954dafa332a9654d4e7101e01cb7e2,e0b80459fabf4f321c1038324b3f1b5f6045fd9a6a5019ff42162ffbed1e95ae,ef961e9ce966e9de28f5f871e1a673c0800cc672a2d87a7681e43f1a05a182ec,DS_Styled_Gen5_8,DS_Styled_Gen5_8
PURE_PALETTE_RECOLOR,DS_CUSTOM_LIBRARY/packs/DS_Styled_Gen5_8/BACK GEN 7 SHINY/SILVALLY_8.png,DS_CUSTOM_LIBRARY/packs/DS_Styled_Gen5_8/BACK GEN 7 NORMAL/SILVALLY_3.png,0d8d08ab3bfa96cb433341ef573e27dc51954dafa332a9654d4e7101e01cb7e2,f1e3ad578fb293d1db9684827311dac22aa31446182a49be9e96a323c00fd51c,ef961e9ce966e9de28f5f871e1a673c0800cc672a2d87a7681e43f1a05a182ec,DS_Styled_Gen5_8,DS_Styled_Gen5_8
PURE_PALETTE_RECOLOR,DS_CUSTOM_LIBRARY/packs/DS_Styled_Gen5_8/BACK GEN 7 SHINY/SILVALLY_5.png,DS_CUSTOM_LIBRARY/packs/DS_Styled_Gen5_8/BACK GEN 7 NORMAL/SILVALLY_3.png,0d8d08ab3bfa96cb433341ef573e27dc51954dafa332a9654d4e7101e01cb7e2,e0498d386b07f4ceab6b946a6aefffb1cd5fc1218c84836e6a3f49bdfd2bc828,ef961e9ce966e9de28f5f871e1a673c0800cc672a2d87a7681e43f1a05a182ec,DS_Styled_Gen5_8,DS_Styled_Gen5_8
PURE_PALETTE_RECOLOR,DS_CUSTOM_LIBRARY/packs/DS_Styled_Gen5_8/BACK GEN 7 SHINY/SILVALLY_11.png,DS_CUSTOM_LIBRARY/packs/DS_Styled_Gen5_8/BACK GEN 7 NORMAL/SILVALLY_3.png,0d8d08ab3bfa96cb433341ef573e27dc51954dafa332a9654d4e7101e01cb7e2,b59e1d44200701711dcb79503e0d2016d22f7653bf5104eab44a55a3bac57ea1,ef961e9ce966e9de28f5f871e1a673c0800cc672a2d87a7681e43f1a05a182ec,DS_Styled_Gen5_8,DS_Styled_Gen5_8
PURE_PALETTE_RECOLOR,DS_CUSTOM_LIBRARY/packs/DS_Styled_Gen5_8/BACK GEN 7 SHINY/SILVALLY_4.png,DS_CUSTOM_LIBRARY/packs/DS_Styled_Gen5_8/BACK GEN 7 NORMAL/SILVALLY_3.png,0d8d08ab3bfa96cb433341ef573e27dc51954dafa332a9654d4e7101e01cb7e2,66a54ea774e2b56bedec380c42184ef0513129f84b151bcaf8676398455a4e83,ef961e9ce966e9de28f5f871e1a673c0800cc672a2d87a7681e43f1a05a182ec,DS_Styled_Gen5_8,DS_Styled_Gen5_8
PURE_PALETTE_RECOLOR,DS_CUSTOM_LIBRARY/packs/DS_Styled_Gen5_8/BACK GEN 7 SHINY/SILVALLY_3.png,DS_CUSTOM_LIBRARY/packs/DS_Styled_Gen5_8/BACK GEN 7 NORMAL/SILVALLY_3.png,0d8d08ab3bfa96cb433341ef573e27dc51954dafa332a9654d4e7101e01cb7e2,066fa394a564d0af8ff22772ef82618c4c5aed0c2f5ae1e23ab6672903280998,ef961e9ce966e9de28f5f871e1a673c0800cc672a2d87a7681e43f1a05a182ec,DS_Styled_Gen5_8,DS_Styled_Gen5_8
PURE_PALETTE_RECOLOR,DS_CUSTOM_LIBRARY/packs/DS_Styled_Gen5_8/BACK GEN 7 SHINY/SILVALLY_16.png,DS_CUSTOM_LIBRARY/packs/DS_Styled_Gen5_8/BACK GEN 7 NORMAL/SILVALLY_3.png,0d8d08ab3bfa96cb433341ef573e27dc51954dafa332a9654d4e7101e01cb7e2,1586574ec46515a5df0dd45c9200160f8894b6ba510c6f78601ba43d92aba38a,ef961e9ce966e9de28f5f871e1a673c0800cc672a2d87a7681e43f1a05a182ec,DS_Styled_Gen5_8,DS_Styled_Gen5_8
PURE_PALETTE_RECOLOR,DS_CUSTOM_LIBRARY/packs/DS_Styled_Gen5_8/BACK GEN 7 SHINY/SILVALLY_2.png,DS_CUSTOM_LIBRARY/packs/DS_Styled_Gen5_8/BACK GEN 7 NORMAL/SILVALLY_3.png,0d8d08ab3bfa96cb433341ef573e27dc51954dafa332a9654d4e7101e01cb7e2,ad7e3b9ffe07128d92dfa968f3cf7496e3b0093ef76f5e931f7b9198b8cc9bc6,ef961e9ce966e9de28f5f871e1a673c0800cc672a2d87a7681e43f1a05a182ec,DS_Styled_Gen5_8,DS_Styled_Gen5_8
PURE_PALETTE_RECOLOR,DS_CUSTOM_LIBRARY/packs/DS_Styled_Gen5_8/BACK GEN 7 SHINY/SILVALLY_9.png,DS_CUSTOM_LIBRARY/packs/DS_Styled_Gen5_8/BACK GEN 7 NORMAL/SILVALLY_3.png,0d8d08ab3bfa96cb433341ef573e27dc51954dafa332a9654d4e7101e01cb7e2,7542f1219be806bc235d7f620fce4ed0983f302592681acdbad76814980add28,ef961e9ce966e9de28f5f871e1a673c0800cc672a2d87a7681e43f1a05a182ec,DS_Styled_Gen5_8,DS_Styled_Gen5_8
PURE_PALETTE_RECOLOR,DS_CUSTOM_LIBRARY/packs/DS_Styled_Gen5_8/BACK GEN 7 SHINY/SILVALLY.png,DS_CUSTOM_LIBRARY/packs/DS_Styled_Gen5_8/BACK GEN 7 NORMAL/SILVALLY_3.png,0d8d08ab3bfa96cb433341ef573e27dc51954dafa332a9654d4e7101e01cb7e2,32699be2f63306d800b2db85216b5ea3e2810d17b6a865787a7662714bb6302f,ef961e9ce966e9de28f5f871e1a673c0800cc672a2d87a7681e43f1a05a182ec,DS_Styled_Gen5_8,DS_Styled_Gen5_8
PURE_PALETTE_RECOLOR,DS_CUSTOM_LIBRARY/packs/DS_Styled_Gen5_8/BACK GEN 7 SHINY/SILVALLY_13.png,DS_CUSTOM_LIBRARY/packs/DS_Styled_Gen5_8/BACK GEN 7 NORMAL/SILVALLY_3.png,0d8d08ab3bfa96cb433341ef573e27dc51954dafa332a9654d4e7101e01cb7e2,802e2662da6c43fc55a27bff464241bfd91132d9b8b49319a3ccf5b740d72ae0,ef961e9ce966e9de28f5f871e1a673c0800cc672a2d87a7681e43f1a05a182ec,DS_Styled_Gen5_8,DS_Styled_Gen5_8
PURE_PALETTE_RECOLOR,DS_CUSTOM_LIBRARY/packs/DS_Styled_Gen5_8/BACK GEN 7 SHINY/SILVALLY_12.png,DS_CUSTOM_LIBRARY/packs/DS_Styled_Gen5_8/BACK GEN 7 NORMAL/SILVALLY_3.png,0d8d08ab3bfa96cb433341ef573e27dc51954dafa332a9654d4e7101e01cb7e2,6f570119c5b4a9c862be37c520509fb1338c2a608550d1e8373f07185a9e6427,ef961e9ce966e9de28f5f871e1a673c0800cc672a2d87a7681e43f1a05a182ec,DS_Styled_Gen5_8,DS_Styled_Gen5_8
PURE_PALETTE_RECOLOR,DS_CUSTOM_LIBRARY/packs/DS_Styled_Gen5_8/BACK GEN 7 SHINY/SILVALLY_17.png,DS_CUSTOM_LIBRARY/packs/DS_Styled_Gen5_8/BACK GEN 7 NORMAL/SILVALLY_3.png,0d8d08ab3bfa96cb433341ef573e27dc51954dafa332a9654d4e7101e01cb7e2,38713337f69b500376153843381d297540fec8d940e524583ec1ea94cc4c9ec4,ef961e9ce966e9de28f5f871e1a673c0800cc672a2d87a7681e43f1a05a182ec,DS_Styled_Gen5_8,DS_Styled_Gen5_8
PURE_PALETTE_RECOLOR,DS_CUSTOM_LIBRARY/packs/DS_Styled_Gen5_8/BACK GEN 7 SHINY/SILVALLY_18.png,DS_CUSTOM_LIBRARY/packs/DS_Styled_Gen5_8/BACK GEN 7 NORMAL/SILVALLY_3.png,0d8d08ab3bfa96cb433341ef573e27dc51954dafa332a9654d4e7101e01cb7e2,8ad312109d2c5822891c359e34ba5cbd5a8f4fbcdb42332734ce91b6e2a16ab8,ef961e9ce966e9de28f5f871e1a673c0800cc672a2d87a7681e43f1a05a182ec,DS_Styled_Gen5_8,DS_Styled_Gen5_8
PURE_PALETTE_RECOLOR,DS_CUSTOM_LIBRARY/packs/DS_Styled_Gen5_8/BACK GEN 7 SHINY/SILVALLY_14.png,DS_CUSTOM_LIBRARY/packs/DS_Styled_Gen5_8/BACK GEN 7 NORMAL/SILVALLY_3.png,0d8d08ab3bfa96cb433341ef573e27dc51954dafa332a9654d4e7101e01cb7e2,d8c8048aa266ba2595561da74da327023b52771fb10dd3f6f5ac1c0a177cfb07,ef961e9ce966e9de28f5f871e1a673c0800cc672a2d87a7681e43f1a05a182ec,DS_Styled_Gen5_8,DS_Styled_Gen5_8
PURE_PALETTE_RECOLOR,DS_CUSTOM_LIBRARY/packs/DS_Styled_Gen5_8/BACK GEN 7 SHINY/SILVALLY_6.png,DS_CUSTOM_LIBRARY/packs/DS_Styled_Gen5_8/BACK GEN 7 NORMAL/SILVALLY_3.png,0d8d08ab3bfa96cb433341ef573e27dc51954dafa332a9654d4e7101e01cb7e2,863189b31b8fcf632d4ad978985fd15c6a41db8329cd66af179bd83c6d7f4cb3,ef961e9ce966e9de28f5f871e1a673c0800cc672a2d87a7681e43f1a05a182ec,DS_Styled_Gen5_8,DS_Styled_Gen5_8
PURE_PALETTE_RECOLOR,DS_CUSTOM_LIBRARY/packs/DS_Styled_Gen5_8/BACK GEN 7 SHINY/SILVALLY_15.png,DS_CUSTOM_LIBRARY/packs/DS_Styled_Gen5_8/BACK GEN 7 NORMAL/SILVALLY_3.png,0d8d08ab3bfa96cb433341ef573e27dc51954dafa332a9654d4e7101e01cb7e2,431d313018a45a5f42495b6c731d6a3d6c3416898618c2a28d0abd9ac9e49656,ef961e9ce966e9de28f5f871e1a673c0800cc672a2d87a7681e43f1a05a182ec,DS_Styled_Gen5_8,DS_Styled_Gen5_8
PURE_PALETTE_RECOLOR,DS_CUSTOM_LIBRARY/packs/DS_Styled_Gen5_8/BACK GEN 7 SHINY/SILVALLY_10.png,DS_CUSTOM_LIBRARY/packs/DS_Styled_Gen5_8/BACK GEN 7 NORMAL/SILVALLY_3.png,0d8d08ab3bfa96cb433341ef573e27dc51954dafa332a9654d4e7101e01cb7e2,54fa1b4a71e77dee20c2397e59d3665563d4372b080eb3c800e7952328ca58fd,ef961e9ce966e9de28f5f871e1a673c0800cc672a2d87a7681e43f1a05a182ec,DS_Styled_Gen5_8,DS_Styled_Gen5_8
PURE_PALETTE_RECOLOR,DS_CUSTOM_LIBRARY/packs/DS_Styled_Gen5_8/BACK GEN 7 SHINY/MARSHADOW_1.png,DS_CUSTOM_LIBRARY/packs/DS_Styled_Gen5_8/BACK GEN 7 NORMAL/MARSHADOW_1.png,58279f84da4f8739c6c0266dd501f1695429e0d0d754b926c8f61030e0cc6457,93bf3418ec2a269940df4dd64338249b0bb43bc2733bffa01bf08074d9a28c39,32a59dd296306bd4ac5d857de944d0f7a7f895309b326799e8ae8c383cbc64e3,DS_Styled_Gen5_8,DS_Styled_Gen5_8
PURE_PALETTE_RECOLOR,DS_CUSTOM_LIBRARY/packs/DS_Styled_Gen5_8/BACK GEN 7 NORMAL/PIKIPEK.png,DS_CUSTOM_LIBRARY/packs/DS_Styled_Gen5_8/BACK GEN 7 SHINY/PIKIPEK.png,5fe6307728c6d3e7a35c99de4232074bc6b8f023597963beddcfbdc01ebb8635,6cd5651694c9eff587bfc9c38f9e45727248447f70fd97eb06116136d0498ef7,14e6e644804911c994d163f88be2f0a31b08532ace09c1abeceb5b18b38b9a87,DS_Styled_Gen5_8,DS_Styled_Gen5_8
PURE_PALETTE_RECOLOR,DS_CUSTOM_LIBRARY/packs/DS_Styled_Gen5_8/BACK GEN 7 SHINY/ORICORIO_2.png,DS_CUSTOM_LIBRARY/packs/DS_Styled_Gen5_8/BACK GEN 7 NORMAL/ORICORIO_2.png,7dd7a19dce74643180821f54cb895aadddb7c31cfbd804c9854bbd56ba9a862c,2b10c29a526fbef6164a4d7a8e96bbf256724432ec2f9ca81c518e760b80048b,83774f3989cef365a265e1db1eb2a44e73ad07719e86c1b5cef57e869d848c03,DS_Styled_Gen5_8,DS_Styled_Gen5_8
PURE_PALETTE_RECOLOR,DS_CUSTOM_LIBRARY/packs/DS_Styled_Gen5_8/BACK GEN 7 SHINY/VULPIX_1.png,DS_CUSTOM_LIBRARY/packs/DS_Styled_Gen5_8/BACK GEN 7 NORMAL/VULPIX_1.png,f1eeaebdc745d1b28181eae904236d8a3fdabbd863dd8f71f567f13415c3eb54,b62b49c521593fd4174ed95289a35f9ffb18dbf301624d9e568162fa14edd676,cff54ce1232a97b9ede903903667d78ebf4be636b847876ed72593ea2fe154a3,DS_Styled_Gen5_8,DS_Styled_Gen5_8
PURE_PALETTE_RECOLOR,DS_CUSTOM_LIBRARY/packs/DS_Styled_Gen5_8/BACK GEN 7 SHINY/MINIOR.png,DS_CUSTOM_LIBRARY/packs/DS_Styled_Gen5_8/BACK GEN 7 NORMAL/MINIOR.png,ac485f19546c9eb571137ecd6be06ff7ad0e7c61ca691751b311abaed40a5ffa,6785f34a42b84dff9aadfa253d140e45bbbcfd3e9e248e22c9e81af46c15fbfd,3ca59100687011d1db775256958daca5a59041a0eb673bd79291b89e5ec276d5,DS_Styled_Gen5_8,DS_Styled_Gen5_8
PURE_PALETTE_RECOLOR,DS_CUSTOM_LIBRARY/packs/DS_Styled_Gen5_8/BACK GEN 7 SHINY/ORANGURU.png,DS_CUSTOM_LIBRARY/packs/DS_Styled_Gen5_8/BACK GEN 7 NORMAL/ORANGURU.png,627b3e65fdd48426de12ea44a1a676ca99fafbe68a3b56bb733ea53954afc9c6,c26110bb341dbfde0c7c1f8260b7110cdcb2174e45eff76dcc4d6fb8bdc578a6,7f2e2e2d01a6a157cffbdfdbd351aa0405946bf13d255901ae037cc6c445212f,DS_Styled_Gen5_8,DS_Styled_Gen5_8
PURE_PALETTE_RECOLOR,DS_CUSTOM_LIBRARY/packs/DS_Styled_Gen5_8/BACK GEN 7 SHINY/WIMPOD.png,DS_CUSTOM_LIBRARY/packs/DS_Styled_Gen5_8/BACK GEN 7 NORMAL/WIMPOD.png,05fc1fb52964e4b76cb92f0cad84325f3d0a99b1eb421d9985dcf5a6180d9846,cb76e6bb90f1e3ebb4a8fad4016ae5a76d606e0bfc917cea82ea8d8252832a53,2d16bf6e7116aa29cc6a8cdff9b4bfa3f0c9a65b61636988e75e39cd963275ae,DS_Styled_Gen5_8,DS_Styled_Gen5_8
PURE_PALETTE_RECOLOR,DS_CUSTOM_LIBRARY/packs/DS_Styled_Gen5_8/BACK GEN 7 NORMAL/KOMMOO.png,DS_CUSTOM_LIBRARY/packs/DS_Styled_Gen5_8/BACK GEN 7 SHINY/KOMMOO.png,ae1525f83b7bd65266c088409fd58a90b07a1ed0669b659cdeea6f63a7189fd3,493731f2625a3f8d787d3a3e2e7d2ef500c4d3766c2be891eaa48b7874307e7e,7e21cbacda13825f4394c3adbc272d967fe9c214ecad2937a97c886191ec2209,DS_Styled_Gen5_8,DS_Styled_Gen5_8
PURE_PALETTE_RECOLOR,DS_CUSTOM_LIBRARY/packs/DS_Styled_Gen5_8/BACK GEN 7 SHINY/GRIMER_1.png,DS_CUSTOM_LIBRARY/packs/DS_Styled_Gen5_8/BACK GEN 7 NORMAL/GRIMER_1.png,89a7924885de6b5a4e6d55502b4779a1374c9ad21617ed3408239964ec364fec,78a2dacd7e4a9fd2b1d823c6c34bc1fecd4d51d33143298c70fad5eae0d2dbdc,bc5d9c502ab580b8b09e7198f6e3b591cf453bdef0d48df920907c76d4c00449,DS_Styled_Gen5_8,DS_Styled_Gen5_8
PURE_PALETTE_RECOLOR,DS_CUSTOM_LIBRARY/packs/DS_Styled_Gen5_8/BACK GEN 7 SHINY/ZYGARDE_1.png,DS_CUSTOM_LIBRARY/packs/DS_Styled_Gen5_8/BACK GEN 7 NORMAL/ZYGARDE_1.png,faf46f1eb253e870dc209471ad504d80b042535b142e50172d18ee081b109bcc,e014c60d7c2ab5f06a7613c511f6a28a4654e6c0ab2dff4b23f4925b621748d0,67712189c4a21c8a2e2a8ecb05d830cb1717a9fbd1b4829e17969f68efdd2868,DS_Styled_Gen5_8,DS_Styled_Gen5_8
PURE_PALETTE_RECOLOR,DS_CUSTOM_LIBRARY/packs/DS_Styled_Gen5_8/BACK GEN 7 NORMAL/WISHIWASHI.png,DS_CUSTOM_LIBRARY/packs/DS_Styled_Gen5_8/BACK GEN 7 SHINY/WISHIWASHI.png,6b82312736c4f83339df323a8bcdbcae6e9aae67007d0ccc9b86c3e43344f5e1,e95a5b60b17cb89c57d52b9c0c314d5868820a33d50dcaffe5f121b190a78f2c,b6296f29054d1b3bf4310f693a7bad0fc16ef62c072c4395e6b899985643576c,DS_Styled_Gen5_8,DS_Styled_Gen5_8
PURE_PALETTE_RECOLOR,DS_CUSTOM_LIBRARY/packs/DS_Styled_Gen5_8/BACK GEN 7 NORMAL/MUDSDALE.png,DS_CUSTOM_LIBRARY/packs/DS_Styled_Gen5_8/BACK GEN 7 SHINY/MUDSDALE.png,908b9c281485d13623d7cd04abbf08103212a5271868803a9e4874a3a8ac395f,e2dcaa2c0d774f4596cbcec7062a26c00651c94c3cafa7a2f5ee0ef41b7e60bd,273c908bfe67219550868a012e16386052113e28794bf218bf58a96996924540,DS_Styled_Gen5_8,DS_Styled_Gen5_8
PURE_PALETTE_RECOLOR,DS_CUSTOM_LIBRARY/packs/DS_Styled_Gen5_8/BACK GEN 7 SHINY/CELESTEELA.png,DS_CUSTOM_LIBRARY/packs/DS_Styled_Gen5_8/BACK GEN 7 NORMAL/CELESTEELA.png,8f0e4918a17dd27bc5c3d6b325f7acb835501b2a8b97b2c7870d673a837a3d2d,4117ab7d96ca152927fb344534f47bc6d264ce0956af2c8cee4c82524a1357ec,351cc9ba815eb1ce7fcb6bab14947a5f6297a8a1a925326f926fd4a191bc7748,DS_Styled_Gen5_8,DS_Styled_Gen5_8
PURE_PALETTE_RECOLOR,DS_CUSTOM_LIBRARY/packs/DS_Styled_Gen5_8/BACK GEN 7 NORMAL/LURANTIS.png,DS_CUSTOM_LIBRARY/packs/DS_Styled_Gen5_8/BACK GEN 7 SHINY/LURANTIS.png,5767130827857e07a609f563d9a4c20e5551c91eb95a7d9279bf21b471a85543,e0d2a6f3e050e533f2eb1d349a9ded6bc1eeb9b5b559286141af12484cb129bf,ed5ec340507a2a7da274a3f8b1e5f19c13a527bfce04d60c2797f1524f4e80ed,DS_Styled_Gen5_8,DS_Styled_Gen5_8
PURE_PALETTE_RECOLOR,DS_CUSTOM_LIBRARY/packs/DS_Styled_Gen5_8/BACK GEN 7 NORMAL/TORRACAT.png,DS_CUSTOM_LIBRARY/packs/DS_Styled_Gen5_8/BACK GEN 7 SHINY/TORRACAT.png,c496c6545163b59a01f558de70936df2573d68f31f26be8bcbd64bb1912ae897,e4d22228ab0abe7a190811cc97e35524c31e4432bc51a557040c9928d2f8fb50,74e0b11330ca7393eea14f709b836783c27c4c3a6fe9760f84e8ce1a45fdeef7,DS_Styled_Gen5_8,DS_Styled_Gen5_8
PURE_PALETTE_RECOLOR,DS_CUSTOM_LIBRARY/packs/DS_Styled_Gen5_8/BACK GEN 7 SHINY/GUMSHOOS.png,DS_CUSTOM_LIBRARY/packs/DS_Styled_Gen5_8/BACK GEN 7 NORMAL/GUMSHOOS.png,8aeca0e5a2539dc21e93bfe175a3dc9cb1158a052945d4634908107756c315e5,55b300bf2a00e38fcac7cfe561958fb06fc69e15573e681c48feef72941d06cb,2634f312572e040ce340525de452edaa0cfb2d59193e39e49c3fd6cd0c46e55b,DS_Styled_Gen5_8,DS_Styled_Gen5_8
PURE_PALETTE_RECOLOR,DS_CUSTOM_LIBRARY/packs/DS_Styled_Gen5_8/BACK GEN 7 SHINY/MAGEARNA_1.png,DS_CUSTOM_LIBRARY/packs/DS_Styled_Gen5_8/BACK GEN 7 NORMAL/MAGEARNA_1.png,19f984469ee491f80d130816d287c2465c3dc5576f069a57823d871287129334,2819dc460842c357ae9ba4bd56682dc20d44d868d9fa31164971a4bf6c34152b,964437d27f9fc083018030208c0309f995e386c19ebbfa3d64a9608837ccf876,DS_Styled_Gen5_8,DS_Styled_Gen5_8
PURE_PALETTE_RECOLOR,DS_CUSTOM_LIBRARY/packs/DS_Styled_Gen5_8/BACK GEN 7 SHINY/EXEGGUTOR_1.png,DS_CUSTOM_LIBRARY/packs/DS_Styled_Gen5_8/BACK GEN 7 NORMAL/EXEGGUTOR_1.png,f7338d9e3794238f4fab15982aad83399a85163fe2b8fd48dbf52ce70bb7d98b,be9320719d46e06678994f62f0790edcc313ca83f5b100d8142b212396bbaadc,a37281668bccdf8a04ba946eb65b269c57c5308c0d5e57cf2e8da2d5ca75e6e7,DS_Styled_Gen5_8,DS_Styled_Gen5_8
PURE_PALETTE_RECOLOR,DS_CUSTOM_LIBRARY/packs/DS_Styled_Gen5_8/BACK GEN 7 NORMAL/DUGTRIO_1.png,DS_CUSTOM_LIBRARY/packs/DS_Styled_Gen5_8/BACK GEN 7 SHINY/DUGTRIO_1.png,8e21333a11ff19320a40b3d098bd3fbc8bf30c5924782105181ef9d82f073605,d7491cac57371c3bca715b1ea1b784e20eaca80b6b58f050b2ffb93d92897a97,197b3b5433d94906377e52299dfe7e568b09c006ce910bbdb0b4ea18d3887e47,DS_Styled_Gen5_8,DS_Styled_Gen5_8
PURE_PALETTE_RECOLOR,DS_CUSTOM_LIBRARY/packs/DS_Styled_Gen5_8/BACK GEN 7 SHINY/LYCANROC_1.png,DS_CUSTOM_LIBRARY/packs/DS_Styled_Gen5_8/BACK GEN 7 NORMAL/LYCANROC_1.png,fc5cb231cb4c2901b1400b69ac07338ee996f14f9ac5d184a54f05927fe7c3e9,193ae5458181cbad14e760beda94b7df2e520b2afa3c6ed9aee15b12235c1046,07e9a0b46d71c3f30ba70babbc7da42f47e1e7b264cf193574b4a9ddfc527083,DS_Styled_Gen5_8,DS_Styled_Gen5_8
PURE_PALETTE_RECOLOR,DS_CUSTOM_LIBRARY/packs/DS_Styled_Gen5_8/BACK GEN 7 NORMAL/STUFFUL.png,DS_CUSTOM_LIBRARY/packs/DS_Styled_Gen5_8/BACK GEN 7 SHINY/STUFFUL.png,f13bd9de89ec9e0485ac5cc23c1cca14f9d3dff16d84c06b00ce2cbc41166c35,1c37a3a2dfcbefb8b8d90b780b5e05f7078b7972914c6148fbab256902cf99eb,14d3dd11afe77736a622f32a3c4cdcba3ce20f3480e1787ede733b58412cc4fa,DS_Styled_Gen5_8,DS_Styled_Gen5_8
PURE_PALETTE_RECOLOR,DS_CUSTOM_LIBRARY/packs/DS_Styled_Gen5_8/BACK GEN 7 SHINY/SANDSHREW_1.png,DS_CUSTOM_LIBRARY/packs/DS_Styled_Gen5_8/BACK GEN 7 NORMAL/SANDSHREW_1.png,ae88b37aa8a7b059df0dceef6474a6e212cfb49c09e556af97c87da2da321628,1fe003b675344c1e31bb7678db6a0faa72b069b1f0e49a760d5da98c61847aec,3f887a3dad16cb2fc6192d18444dd54c18a64e56f9f99cad368f1d48cccca84c,DS_Styled_Gen5_8,DS_Styled_Gen5_8
PURE_PALETTE_RECOLOR,DS_CUSTOM_LIBRARY/packs/DS_Styled_Gen5_8/BACK GEN 7 SHINY/STEENEE.png,DS_CUSTOM_LIBRARY/packs/DS_Styled_Gen5_8/BACK GEN 7 NORMAL/STEENEE.png,554d50a077bf13bb1eeed504db971c51412329ddf260151a4434aed6ef845e58,affe1d6a74ff7b95dc519b1dce6455504f9552ab6602d938d8aef5f4f8626b4c,0f016005456ede43e952963b2293f97c226c09d21d801e0d25bed63990ac08cb,DS_Styled_Gen5_8,DS_Styled_Gen5_8
PURE_PALETTE_RECOLOR,DS_CUSTOM_LIBRARY/packs/DS_Styled_Gen5_8/BACK GEN 7 NORMAL/SANDSLASH_1.png,DS_CUSTOM_LIBRARY/packs/DS_Styled_Gen5_8/BACK GEN 7 SHINY/SANDSLASH_1.png,9b87c89704cdf7e824af6e716c6cbe4305810ff7e2bc2a6e7f60c265ef1464c4,d0fbbbc6f74b28e256a4fea1e043eac08753634d9380cc21900e35e8e628666c,8c4a9f1a852254321015efb1b7650cfbc89f64a55bbe46d4094b30286de6e3b6,DS_Styled_Gen5_8,DS_Styled_Gen5_8
PURE_PALETTE_RECOLOR,DS_CUSTOM_LIBRARY/packs/DS_Styled_Gen5_8/BACK GEN 7 SHINY/DEWPIDER.png,DS_CUSTOM_LIBRARY/packs/DS_Styled_Gen5_8/BACK GEN 7 NORMAL/DEWPIDER.png,7d2fad7bffee1b765e38135c926d7dafff96e354e15e6c4caa68b89451871d57,2dba94f885ff308f0542535de0818eb43d55dc458ac6f2efd03a40b079854469,f45f1b4c8dbbb1a0250257dcaec574eee42cc5fc71321bd5c14308f43c57d0cf,DS_Styled_Gen5_8,DS_Styled_Gen5_8
PURE_PALETTE_RECOLOR,DS_CUSTOM_LIBRARY/packs/DS_Styled_Gen5_8/BACK GEN 7 NORMAL/CRABOMINABLE.png,DS_CUSTOM_LIBRARY/packs/DS_Styled_Gen5_8/BACK GEN 7 SHINY/CRABOMINABLE.png,c65dfa25677e12133d1449be7b9b52ec858125619016f1db164897318c20decf,6a72bff5d9ae935b05f25179bd940072aebcd2b87adf1993310b7f066b81971c,6bef9b784009d7a5cdbc88a0c7b7b05f76e6e274f6c9fd5aad6eca8f44673187,DS_Styled_Gen5_8,DS_Styled_Gen5_8
PURE_PALETTE_RECOLOR,DS_CUSTOM_LIBRARY/packs/DS_Styled_Gen5_8/BACK GEN 7 NORMAL/GUZZLORD.png,DS_CUSTOM_LIBRARY/packs/DS_Styled_Gen5_8/BACK GEN 7 SHINY/GUZZLORD.png,77693d82ccff656d943e036be17257e980a94708cdd6e39f8d992329e404df84,23979fdf1291632626aa193b72d90774e1b472cecd357f13fd77fd62a6ee715d,ec2d611762b5226dfff7819e5004dbe722ec0efd1e164599f61e5855c11cbd11,DS_Styled_Gen5_8,DS_Styled_Gen5_8
PURE_PALETTE_RECOLOR,DS_CUSTOM_LIBRARY/packs/DS_Styled_Gen5_8/BACK GEN 7 NORMAL/NECROZMA_2.png,DS_CUSTOM_LIBRARY/packs/DS_Styled_Gen5_8/BACK GEN 7 SHINY/NECROZMA_2.png,33a7998e98de647a9b96febd905845c7581eb5019b3cd9794816da3ff08fbb42,6d93200bc0942eb706cb72547f813b28867b63cdce5fc6ec5af74b766fc10f98,4c8131ce25093d5843034d7a872de68e05b7e2a1acfae742cbcd5121fc55b229,DS_Styled_Gen5_8,DS_Styled_Gen5_8
PURE_PALETTE_RECOLOR,DS_CUSTOM_LIBRARY/packs/DS_Styled_Gen5_8/BACK GEN 7 NORMAL/LITTEN.png,DS_CUSTOM_LIBRARY/packs/DS_Styled_Gen5_8/BACK GEN 7 SHINY/LITTEN.png,a3d83622bbb1d6ebfc81e607666fa705e33e828ac009c2a00d60a799d0302e3f,7650e85ac7e8343619d362e05e572173ee9ce9a3171f953453aabf0dd6a4eb68,87896752ad297cda54c4e05cb43d59510d226970e124370a18ae19d077c2f4c4,DS_Styled_Gen5_8,DS_Styled_Gen5_8
PURE_PALETTE_RECOLOR,DS_CUSTOM_LIBRARY/packs/DS_Styled_Gen5_8/BACK GEN 7 SHINY/ROWLET.png,DS_CUSTOM_LIBRARY/packs/DS_Styled_Gen5_8/BACK GEN 7 NORMAL/ROWLET.png,37d35f295587f6f81199fefc1786d86dd54a4aa04245dfdb7ad398cca21458fb,c144e7c04194fce6cce5d6be513d01c5f755fa6c4b31b69b9811454ddc1c5b27,821a9ceea94e6b12d32fd0d702bae62287c083026b017cd185287f698e516d1f,DS_Styled_Gen5_8,DS_Styled_Gen5_8
PURE_PALETTE_RECOLOR,DS_CUSTOM_LIBRARY/packs/DS_Styled_Gen5_8/BACK GEN 7 SHINY/DECIDUEYE.png,DS_CUSTOM_LIBRARY/packs/DS_Styled_Gen5_8/BACK GEN 7 NORMAL/DECIDUEYE.png,6a9b12eaccfcad2ee08782cb3778749cfe06a08ee9726608e546efbe606604f9,55535e104ecca2212ddc840fb4d0b6d023c4b25b9c475aca57c88b0e3f5eae45,f34493e24d9d615839d1f858ff768e319fcda5c4e20a758c21a0950ab14012b2,DS_Styled_Gen5_8,DS_Styled_Gen5_8
PURE_PALETTE_RECOLOR,DS_CUSTOM_LIBRARY/packs/DS_Styled_Gen5_8/BACK GEN 7 NORMAL/ARAQUANID.png,DS_CUSTOM_LIBRARY/packs/DS_Styled_Gen5_8/BACK GEN 7 SHINY/ARAQUANID.png,ced9aee952baf67b4cd60f109035dc61a463c0781fee38c40b5bea1605a066cb,341ef808cc06af7785168d5388188ae9244ee3fd17d5e402600f254f7bd35263,1a2e97361df17c10e370f2613be00981f002a53748b64e0eb39b8c604fd71097,DS_Styled_Gen5_8,DS_Styled_Gen5_8
PURE_PALETTE_RECOLOR,DS_CUSTOM_LIBRARY/packs/DS_Styled_Gen5_8/BACK GEN 7 SHINY/STAKATAKA.png,DS_CUSTOM_LIBRARY/packs/DS_Styled_Gen5_8/BACK GEN 7 NORMAL/STAKATAKA.png,c0734a08d0e2f282b9cfc02280b4c2f4d4c64b878e662a95ac95f4e79e0daec2,cd2c319415e2dda1ed2b38d79aaa850b4018d6f7b99e71e2e744e2f99c29ef3b,1d53735cfe12f649a6dc4dd48e3388daaf85ce71c721403d2e53e7dc50eaad19,DS_Styled_Gen5_8,DS_Styled_Gen5_8
PURE_PALETTE_RECOLOR,DS_CUSTOM_LIBRARY/packs/DS_Styled_Gen5_8/BACK GEN 7 NORMAL/NECROZMA.png,DS_CUSTOM_LIBRARY/packs/DS_Styled_Gen5_8/BACK GEN 7 SHINY/NECROZMA.png,42cb37533ba7a5f7e15c0be1a37dbaef5f4b0377a7114e64fcf6d4150ddbb16f,0f5f0d078abcd92b974f80d4ea2bb69208ba5d2771d03842f9e9faafb36a73e6,a8a53fe4f0e660ed17e7b2756366fd897fe6c414924b5b29ce274de15c70a630,DS_Styled_Gen5_8,DS_Styled_Gen5_8
PURE_PALETTE_RECOLOR,DS_CUSTOM_LIBRARY/packs/DS_Styled_Gen5_8/BACK GEN 7 SHINY/GRUBBIN.png,DS_CUSTOM_LIBRARY/packs/DS_Styled_Gen5_8/BACK GEN 7 NORMAL/GRUBBIN.png,ad90b03e759f78a14058c2251da739b0098360f2172f707fcef66ddc83849858,72e9b13d338500c4c9ec991faa3534ab993c8c3b547d99ec57935587363ad878,f99d0c6131d872661403f1541d273023e9ef56c9dd2040ebb165bebf75aeb0a9,DS_Styled_Gen5_8,DS_Styled_Gen5_8
PURE_PALETTE_RECOLOR,DS_CUSTOM_LIBRARY/packs/DS_Styled_Gen5_8/BACK GEN 7 SHINY/TAPUBULU.png,DS_CUSTOM_LIBRARY/packs/DS_Styled_Gen5_8/BACK GEN 7 NORMAL/TAPUBULU.png,c8faee6cd6eae03efefd4beb471283a91a033d2b543fa00e2ddb86728943484b,3609f6dc67723adc74b023242105f0a942faa0d7c1a6c143ffaba671b81ad222,e9550b2db90ec4c7caae40975df504bc41674f88429f2887f47a915c7a705a98,DS_Styled_Gen5_8,DS_Styled_Gen5_8
PURE_PALETTE_RECOLOR,DS_CUSTOM_LIBRARY/packs/DS_Styled_Gen5_8/BACK GEN 7 NORMAL/TURTONATOR.png,DS_CUSTOM_LIBRARY/packs/DS_Styled_Gen5_8/BACK GEN 7 SHINY/TURTONATOR.png,f53e8666520e2d699e7d36ea3a4304a8f2b653bf23c148460825992bab7463cc,f66c52aa1f9ec59082722856bf80ad951bee6c97ea984de0d051ce9e0111fa5b,f8dd39cb54fa6c4c74c1bccd05aa545eee4a2a1fedea9edddbec26c87fcaf029,DS_Styled_Gen5_8,DS_Styled_Gen5_8
PURE_PALETTE_RECOLOR,DS_CUSTOM_LIBRARY/packs/DS_Styled_Gen5_8/BACK GEN 7 NORMAL/MINIOR_9.png,DS_CUSTOM_LIBRARY/packs/DS_Styled_Gen5_8/BACK GEN 7 NORMAL/MINIOR_7.png,9567594a073c4f0ac626645f73963c7a8c9acbe822c4fe9fbcea8c6a351c8150,c472528a577ba5f2d81abc73cab12cab96ab7a6faebe16fb49fe2e03ade50f34,e7920e71cdaaa0998bb60c5db018ec346838b005ea319af1ec84eb85cfe222dc,DS_Styled_Gen5_8,DS_Styled_Gen5_8
PURE_PALETTE_RECOLOR,DS_CUSTOM_LIBRARY/packs/DS_Styled_Gen5_8/BACK GEN 7 NORMAL/MINIOR_12.png,DS_CUSTOM_LIBRARY/packs/DS_Styled_Gen5_8/BACK GEN 7 NORMAL/MINIOR_7.png,9567594a073c4f0ac626645f73963c7a8c9acbe822c4fe9fbcea8c6a351c8150,094f5be065ac6139147a2c620b3f2aaa5fdee0b92f97219ad0d91d880978ad6c,e7920e71cdaaa0998bb60c5db018ec346838b005ea319af1ec84eb85cfe222dc,DS_Styled_Gen5_8,DS_Styled_Gen5_8
PURE_PALETTE_RECOLOR,DS_CUSTOM_LIBRARY/packs/DS_Styled_Gen5_8/BACK GEN 7 NORMAL/MINIOR_8.png,DS_CUSTOM_LIBRARY/packs/DS_Styled_Gen5_8/BACK GEN 7 NORMAL/MINIOR_7.png,9567594a073c4f0ac626645f73963c7a8c9acbe822c4fe9fbcea8c6a351c8150,685102887aa9495c1730b6fff96507aaf204535f33157e1ed0dbfd52acdd1cd9,e7920e71cdaaa0998bb60c5db018ec346838b005ea319af1ec84eb85cfe222dc,DS_Styled_Gen5_8,DS_Styled_Gen5_8
PURE_PALETTE_RECOLOR,DS_CUSTOM_LIBRARY/packs/DS_Styled_Gen5_8/BACK GEN 7 NORMAL/MINIOR_11.png,DS_CUSTOM_LIBRARY/packs/DS_Styled_Gen5_8/BACK GEN 7 NORMAL/MINIOR_7.png,9567594a073c4f0ac626645f73963c7a8c9acbe822c4fe9fbcea8c6a351c8150,8abf09e0f3b38200f85343d0851c8e3da83b5300bce00aa898df1cfc9eb40bd2,e7920e71cdaaa0998bb60c5db018ec346838b005ea319af1ec84eb85cfe222dc,DS_Styled_Gen5_8,DS_Styled_Gen5_8
PURE_PALETTE_RECOLOR,DS_CUSTOM_LIBRARY/packs/DS_Styled_Gen5_8/BACK GEN 7 NORMAL/MINIOR_13.png,DS_CUSTOM_LIBRARY/packs/DS_Styled_Gen5_8/BACK GEN 7 NORMAL/MINIOR_7.png,9567594a073c4f0ac626645f73963c7a8c9acbe822c4fe9fbcea8c6a351c8150,fcff6e1d23b888e0022b1b1cd69d281c8a582d8e437de4f8291b5bce6e576eb1,e7920e71cdaaa0998bb60c5db018ec346838b005ea319af1ec84eb85cfe222dc,DS_Styled_Gen5_8,DS_Styled_Gen5_8
PURE_PALETTE_RECOLOR,DS_CUSTOM_LIBRARY/packs/DS_Styled_Gen5_8/BACK GEN 7 NORMAL/MINIOR_10.png,DS_CUSTOM_LIBRARY/packs/DS_Styled_Gen5_8/BACK GEN 7 NORMAL/MINIOR_7.png,9567594a073c4f0ac626645f73963c7a8c9acbe822c4fe9fbcea8c6a351c8150,0e739125e62d92a412f1b0c993964a3e15f470c4949b7e9f51b46df160655ef2,e7920e71cdaaa0998bb60c5db018ec346838b005ea319af1ec84eb85cfe222dc,DS_Styled_Gen5_8,DS_Styled_Gen5_8
PURE_PALETTE_RECOLOR,DS_CUSTOM_LIBRARY/packs/DS_Styled_Gen5_8/BACK GEN 7 SHINY/MINIOR_9.png,DS_CUSTOM_LIBRARY/packs/DS_Styled_Gen5_8/BACK GEN 7 NORMAL/MINIOR_7.png,9567594a073c4f0ac626645f73963c7a8c9acbe822c4fe9fbcea8c6a351c8150,fc907b2e3118e255691627e1be7c8a8049b0bc95ca22ff992e1c67b13f53b3ba,e7920e71cdaaa0998bb60c5db018ec346838b005ea319af1ec84eb85cfe222dc,DS_Styled_Gen5_8,DS_Styled_Gen5_8
PURE_PALETTE_RECOLOR,DS_CUSTOM_LIBRARY/packs/DS_Styled_Gen5_8/BACK GEN 7 SHINY/MINIOR_12.png,DS_CUSTOM_LIBRARY/packs/DS_Styled_Gen5_8/BACK GEN 7 NORMAL/MINIOR_7.png,9567594a073c4f0ac626645f73963c7a8c9acbe822c4fe9fbcea8c6a351c8150,96329600ba180914cf66e05ad764f1f28320c47f15d5ae013bbdfafd5d74b458,e7920e71cdaaa0998bb60c5db018ec346838b005ea319af1ec84eb85cfe222dc,DS_Styled_Gen5_8,DS_Styled_Gen5_8
PURE_PALETTE_RECOLOR,DS_CUSTOM_LIBRARY/packs/DS_Styled_Gen5_8/BACK GEN 7 SHINY/MINIOR_8.png,DS_CUSTOM_LIBRARY/packs/DS_Styled_Gen5_8/BACK GEN 7 NORMAL/MINIOR_7.png,9567594a073c4f0ac626645f73963c7a8c9acbe822c4fe9fbcea8c6a351c8150,e2b7a41200d3d6e2bb11c690b8e8245b5d8d6c7da9faaf229ff06c978fa967be,e7920e71cdaaa0998bb60c5db018ec346838b005ea319af1ec84eb85cfe222dc,DS_Styled_Gen5_8,DS_Styled_Gen5_8
PURE_PALETTE_RECOLOR,DS_CUSTOM_LIBRARY/packs/DS_Styled_Gen5_8/BACK GEN 7 SHINY/MINIOR_11.png,DS_CUSTOM_LIBRARY/packs/DS_Styled_Gen5_8/BACK GEN 7 NORMAL/MINIOR_7.png,9567594a073c4f0ac626645f73963c7a8c9acbe822c4fe9fbcea8c6a351c8150,a40dc711369afd6307002f7a81ff01730e9b0314fc3ba353447ce955549e5b8f,e7920e71cdaaa0998bb60c5db018ec346838b005ea319af1ec84eb85cfe222dc,DS_Styled_Gen5_8,DS_Styled_Gen5_8
PURE_PALETTE_RECOLOR,DS_CUSTOM_LIBRARY/packs/DS_Styled_Gen5_8/BACK GEN 7 SHINY/MINIOR_7.png,DS_CUSTOM_LIBRARY/packs/DS_Styled_Gen5_8/BACK GEN 7 NORMAL/MINIOR_7.png,9567594a073c4f0ac626645f73963c7a8c9acbe822c4fe9fbcea8c6a351c8150,009c4bb030b7a716b036510eb020e47b7e4b92925ce1cd3e51560c6e96eb1b14,e7920e71cdaaa0998bb60c5db018ec346838b005ea319af1ec84eb85cfe222dc,DS_Styled_Gen5_8,DS_Styled_Gen5_8
PURE_PALETTE_RECOLOR,DS_CUSTOM_LIBRARY/packs/DS_Styled_Gen5_8/BACK GEN 7 SHINY/MINIOR_13.png,DS_CUSTOM_LIBRARY/packs/DS_Styled_Gen5_8/BACK GEN 7 NORMAL/MINIOR_7.png,9567594a073c4f0ac626645f73963c7a8c9acbe822c4fe9fbcea8c6a351c8150,fe6a75f39185909d701c52382a81ba47c58f9532787261f4f4c55fcd365fd454,e7920e71cdaaa0998bb60c5db018ec346838b005ea319af1ec84eb85cfe222dc,DS_Styled_Gen5_8,DS_Styled_Gen5_8
PURE_PALETTE_RECOLOR,DS_CUSTOM_LIBRARY/packs/DS_Styled_Gen5_8/BACK GEN 7 SHINY/MINIOR_10.png,DS_CUSTOM_LIBRARY/packs/DS_Styled_Gen5_8/BACK GEN 7 NORMAL/MINIOR_7.png,9567594a073c4f0ac626645f73963c7a8c9acbe822c4fe9fbcea8c6a351c8150,d4f0d3391da38c4d9902ceaed9e78a546d6a76aa7731795d5158204c2cd13ed7,e7920e71cdaaa0998bb60c5db018ec346838b005ea319af1ec84eb85cfe222dc,DS_Styled_Gen5_8,DS_Styled_Gen5_8
PURE_PALETTE_RECOLOR,DS_CUSTOM_LIBRARY/packs/DS_Styled_Gen5_8/BACK GEN 7 SHINY/PHEROMOSA.png,DS_CUSTOM_LIBRARY/packs/DS_Styled_Gen5_8/BACK GEN 7 NORMAL/PHEROMOSA.png,ca22dd2a9f1d262beb62be8a114942405247b457ed2ad442b6e2241608bfb325,5dcd0e4e32bc969b3fcd4a718caf3bfaf731228608519e1e5b769b4bb4a8421a,c0a367804462adab41c0f321cf13f8edde9f65f96eba83c7b36a08d7bcf38aef,DS_Styled_Gen5_8,DS_Styled_Gen5_8
PURE_PALETTE_RECOLOR,DS_CUSTOM_LIBRARY/packs/DS_Styled_Gen5_8/BACK GEN 7 SHINY/LYCANROC.png,DS_CUSTOM_LIBRARY/packs/DS_Styled_Gen5_8/BACK GEN 7 NORMAL/LYCANROC.png,66f4b1623d9004dedee856daa1ee1668a23c8f30f316eeef25121e35d91d3a60,80f2840883b8401a50f3d0989b90ef8222775825dd0022eab37ebee7df32a329,41ef7087a2889a81c396a52311fdcdc78ea736fcffd3edb45af24a324bb5ee54,DS_Styled_Gen5_8,DS_Styled_Gen5_8
PURE_PALETTE_RECOLOR,DS_CUSTOM_LIBRARY/packs/DS_Styled_Gen5_8/BACK GEN 7 SHINY/BOUNSWEET.png,DS_CUSTOM_LIBRARY/packs/DS_Styled_Gen5_8/BACK GEN 7 NORMAL/BOUNSWEET.png,fdbf47f85626ec2e5979cdacba0110968a6bfdd06067dad64c5926f4a9fbbc18,e97d195860bd199f5e1fe7778c6ef97e9dcdd1e3cc889e58184abf6c07fe20f3,47e00e019b4ef15a81f511ae6debfb89c45c5652bce156070d580ba10e117931,DS_Styled_Gen5_8,DS_Styled_Gen5_8
PURE_PALETTE_RECOLOR,DS_CUSTOM_LIBRARY/packs/DS_Styled_Gen5_8/BACK GEN 7 SHINY/MAGEARNA.png,DS_CUSTOM_LIBRARY/packs/DS_Styled_Gen5_8/BACK GEN 7 NORMAL/MAGEARNA.png,7da3f8bedbd1fb360d102fb174aa3917b74e836c3df37843d2e47e32cdd1df10,bc8278a5349f499adb1e0b2045ecefecb02f5576bf58cf463e8b88850b6a7a5a,0e23a84cd4c380a2f2a4d6cf74107e544a6c7e5d55b5fd6c2e8ea322206fdcb6,DS_Styled_Gen5_8,DS_Styled_Gen5_8
PURE_PALETTE_RECOLOR,DS_CUSTOM_LIBRARY/packs/DS_Styled_Gen5_8/BACK GEN 7 SHINY/COSMOG.png,DS_CUSTOM_LIBRARY/packs/DS_Styled_Gen5_8/BACK GEN 7 NORMAL/COSMOG.png,554350cb4c7e8d12353477c9589589b88ed810dcb4855382fa6bb2584963ee57,230a393527747c3e894730cc4175681fed9df0c8758992e02ba847b7cc0517ac,8a72c924e42f8aff75ad94c82c337146238067b2f465dae15363b3427caa97d8,DS_Styled_Gen5_8,DS_Styled_Gen5_8
PURE_PALETTE_RECOLOR,DS_CUSTOM_LIBRARY/packs/DS_Styled_Gen5_8/BACK GEN 7 SHINY/BLACEPHALON.png,DS_CUSTOM_LIBRARY/packs/DS_Styled_Gen5_8/BACK GEN 7 NORMAL/BLACEPHALON.png,0f948fc81d166049543e2830121dfb73b36a2c9fa1c9e96cdfce8a13a5daa73c,f0b0294d13da19a87ed8c7ab6f7de203f2498f7473923520a0f486800b7a5dc4,f283820b52625f943e3c8f3894dd0ae2b157424e14905964b2d628ebfa7164ed,DS_Styled_Gen5_8,DS_Styled_Gen5_8
PURE_PALETTE_RECOLOR,DS_CUSTOM_LIBRARY/packs/DS_Styled_Gen5_8/BACK GEN 7 NORMAL/TSAREENA.png,DS_CUSTOM_LIBRARY/packs/DS_Styled_Gen5_8/BACK GEN 7 SHINY/TSAREENA.png,29aeca326f1d1b55d5e20b14642f9c763fba8ea256f9fd7136e8ce7981459206,16a4d3e1386b0c055a199286b709ffdd761b73b1dd8d55c5b7c9ba03123fa0a2,96a8a923a392f5ed914166b8a5deac8b2ed98c726cb4a7f91d17a4af017a66c1,DS_Styled_Gen5_8,DS_Styled_Gen5_8
PURE_PALETTE_RECOLOR,DS_CUSTOM_LIBRARY/packs/DS_Styled_Gen5_8/BACK GEN 7 NORMAL/CHARJABUG.png,DS_CUSTOM_LIBRARY/packs/DS_Styled_Gen5_8/BACK GEN 7 SHINY/CHARJABUG.png,4ed5bcdd86ee03e7fc6f515cd4b240a6a134fd3c4149ad4f3269fa85cac9d4ad,d6919b865338b04556f2344487f64ab925a9c4780ecda92e5139d102f5d0f46a,eea5c67118d8757ac483cdfc96cb9a5ce4ef754ffb5d640eba45708acf6040cb,DS_Styled_Gen5_8,DS_Styled_Gen5_8
PURE_PALETTE_RECOLOR,DS_CUSTOM_LIBRARY/packs/DS_Styled_Gen5_8/BACK GEN 7 NORMAL/DRAMPA.png,DS_CUSTOM_LIBRARY/packs/DS_Styled_Gen5_8/BACK GEN 7 SHINY/DRAMPA.png,eebacd63118f6006eb7b9dc9a8ea75f2dcd9256df5f95b31ba99c33b56e53376,69d3f456208f6a8b61a502416c200ba6715e3f9e593a80b8a790f5d87a9d4914,be0b5fdb12f1af7d232f0d1fca73893166ff915d7c0be8c0f22a1c1297b45fcf,DS_Styled_Gen5_8,DS_Styled_Gen5_8
PURE_PALETTE_RECOLOR,DS_CUSTOM_LIBRARY/packs/DS_Styled_Gen5_8/BACK GEN 7 NORMAL/MIMIKYU_1.png,DS_CUSTOM_LIBRARY/packs/DS_Styled_Gen5_8/BACK GEN 7 SHINY/MIMIKYU_1.png,fdda8b85f576be394d8a205b62070ece33d84c8fa663f5cd4cb85a9685893f53,7e4a22ebb1cb531aad5acb311e59e6356880566f440af7e81ae5877e0e379091,520b36049f25cdb78104206a30b3c00673f5d8702b33e2e8def3d5084c4c67ad,DS_Styled_Gen5_8,DS_Styled_Gen5_8
PURE_PALETTE_RECOLOR,DS_CUSTOM_LIBRARY/packs/DS_Styled_Gen5_8/BACK GEN 7 NORMAL/RATTATA_1.png,DS_CUSTOM_LIBRARY/packs/DS_Styled_Gen5_8/BACK GEN 7 SHINY/RATTATA_1.png,e268b11c6040e70cf3ff46cb7ed4a0adfa0d496fb79974192f30ca6b7aca0928,34a67f4edca013b7e0160b457c109bf488b365f2b4f46f14ac2baeb1daa3a215,6e60772baf655419c215712a1dcf1ed301dd794bb08d142b19695e72ca552bfb,DS_Styled_Gen5_8,DS_Styled_Gen5_8
PURE_PALETTE_RECOLOR,DS_CUSTOM_LIBRARY/packs/DS_Styled_Gen5_8/BACK GEN 7 NORMAL/XURKITREE.png,DS_CUSTOM_LIBRARY/packs/DS_Styled_Gen5_8/BACK GEN 7 SHINY/XURKITREE.png,0ebcff40e9e0b326212a440fa126f9b9758bbf322ae3d2a2713d7c69fed96014,12d68445a5f67ad2ac1ebf8ee7c545fab39c6943947c877dd7b3205ddd70bf65,465615205f48fac14ba0a68cb1dc47706d99cd71e85f26d0eac6667e2fb00e74,DS_Styled_Gen5_8,DS_Styled_Gen5_8
PURE_PALETTE_RECOLOR,DS_CUSTOM_LIBRARY/packs/DS_Styled_Gen5_8/BACK GEN 7 NORMAL/NAGANADEL.png,DS_CUSTOM_LIBRARY/packs/DS_Styled_Gen5_8/BACK GEN 7 SHINY/NAGANADEL.png,5bbe0fc616302988175a43805d668eacd1ed7f2424a7aafe8dc2349e0eaca847,755d7c46b2dbb53c54e696aade7a1724ad294f6d0d4b2304b53fbe083e10a78a,b7a20ed233be84aa404f0841ff6ab7b5db20ba3e14443a811ff8e2c47dfa1fdd,DS_Styled_Gen5_8,DS_Styled_Gen5_8
PURE_PALETTE_RECOLOR,DS_CUSTOM_LIBRARY/packs/DS_Styled_Gen5_8/BACK GEN 7 NORMAL/MARSHADOW.png,DS_CUSTOM_LIBRARY/packs/DS_Styled_Gen5_8/BACK GEN 7 SHINY/MARSHADOW.png,1c3d09a39e52493559a1bc9467da145043bbca4d4376b57159d167be8d5fb773,ca8717f1932aaea8e04ec449074a3d5e450d8ecbc56f128bae5588a494d02227,14f164c687744d0afa7cf05021c0b7b348294b504948da78d3fa720213459346,DS_Styled_Gen5_8,DS_Styled_Gen5_8
PURE_PALETTE_RECOLOR,DS_CUSTOM_LIBRARY/packs/DS_Styled_Gen5_8/BACK GEN 7 NORMAL/RATICATE_1.png,DS_CUSTOM_LIBRARY/packs/DS_Styled_Gen5_8/BACK GEN 7 SHINY/RATICATE_1.png,932f4eead66e85cb2587b7ac5be7051f3b2d71aeb56c2023e59c30b083abe5a4,eb5198c8480a2d8b0019a6c17663d5572311fb8d95d563ba61d9bba42a4ac686,55a51a9ea36b43276b5548b9a7141c68fbe36cc6337f7568cb35734e539a282e,DS_Styled_Gen5_8,DS_Styled_Gen5_8
PURE_PALETTE_RECOLOR,DS_CUSTOM_LIBRARY/packs/DS_Styled_Gen5_8/BACK GEN 7 NORMAL/GRAVELER_1.png,DS_CUSTOM_LIBRARY/packs/DS_Styled_Gen5_8/BACK GEN 7 SHINY/GRAVELER_1.png,9120d64a6b802bd2329b66999bcd3e288e730d50a69443bfccdc90f68efdec34,c797768b2a8c96dd27dd7a28a631ce2972d2acb1bfa0780301088f37f0ca917d,062c4ddfbb72e2026a7f16be16d1495c0dd08554cf78d3ce1041f0bb1f211ec8,DS_Styled_Gen5_8,DS_Styled_Gen5_8
PURE_PALETTE_RECOLOR,DS_CUSTOM_LIBRARY/packs/DS_Styled_Gen5_8/BACK GEN 7 NORMAL/TYPENULL.png,DS_CUSTOM_LIBRARY/packs/DS_Styled_Gen5_8/BACK GEN 7 SHINY/TYPENULL.png,16f265db490a73d3b83b5370103c78cf6d8b4f53e6cc90822be4174fe8b0dcea,2c67d3ebddff34f674e1718f99c82cf3350f6ef28eefe769add92805db87c103,db57004c9d9caa834b5c5f74096315fd7753db06a318d1686d020f224a19736d,DS_Styled_Gen5_8,DS_Styled_Gen5_8
PURE_PALETTE_RECOLOR,DS_CUSTOM_LIBRARY/packs/DS_Styled_Gen5_8/BACK GEN 7 SHINY/ZYGARDE_2.png,DS_CUSTOM_LIBRARY/packs/DS_Styled_Gen5_8/BACK GEN 7 NORMAL/ZYGARDE_2.png,43f781452d1ecdb871128d83497b507b04799bfc4241c2af2fee9c770887a236,da6664996b8dd3d7c842267a9718375e073490a6cd9d9a5e51641635ef181fae,78097a062534910f5c1e3722869eed56dfb69a2e9fab721d8ff216a8b8905ff9,DS_Styled_Gen5_8,DS_Styled_Gen5_8
PURE_PALETTE_RECOLOR,DS_CUSTOM_LIBRARY/packs/DS_Styled_Gen5_8/BACK GEN 7 NORMAL/BRUXISH.png,DS_CUSTOM_LIBRARY/packs/DS_Styled_Gen5_8/BACK GEN 7 SHINY/BRUXISH.png,8be58de4143a7276dd8dc29f376711ae87664ff0568168bcc5de29804e2ec0c6,1aa348e75e5051eed42774e162e25e44f349e13eb8dc89e9dc870a1ee417759b,2ab6de3a892da7c2b3152cf9e65d9f4171fb9327629a2d47b881eaad529234f0,DS_Styled_Gen5_8,DS_Styled_Gen5_8
PURE_PALETTE_RECOLOR,DS_CUSTOM_LIBRARY/packs/DS_Styled_Gen5_8/BACK GEN 7 NORMAL/KOMALA.png,DS_CUSTOM_LIBRARY/packs/DS_Styled_Gen5_8/BACK GEN 7 SHINY/KOMALA.png,a1a08c6e267a1cd683eb70897e3511194813fa605fc449d529988189dce8c90d,29b4f4689eaf1c3712f513b4e2d208ebdd1b3de6147805a6a1da0ee186f0be67,e9d1e8fd2c67d1d9db02d84a81a6e80ba9fbc7b9bb9e8ccbab7a8fe68d1db3b6,DS_Styled_Gen5_8,DS_Styled_Gen5_8
PURE_PALETTE_RECOLOR,DS_CUSTOM_LIBRARY/packs/DS_Styled_Gen5_8/BACK GEN 7 NORMAL/PYUKUMUKU.png,DS_CUSTOM_LIBRARY/packs/DS_Styled_Gen5_8/BACK GEN 7 SHINY/PYUKUMUKU.png,bf561be97b76aa273e12aec9335d18775998678d6363f3812bc79399d0067b82,56d4114e13464e73cc7767658de51d1e1eab77276df89c37614e8f65e3d90d84,86150a75f4b870f0bff91cc34001ed2f355d5671e34312a95a7f65b577e368f4,DS_Styled_Gen5_8,DS_Styled_Gen5_8
PURE_PALETTE_RECOLOR,DS_CUSTOM_LIBRARY/packs/DS_Styled_Gen5_8/BACK GEN 7 NORMAL/NIHILEGO.png,DS_CUSTOM_LIBRARY/packs/DS_Styled_Gen5_8/BACK GEN 7 SHINY/NIHILEGO.png,1f12f9aebc05b0eab8eb315f0193900ad6cad453d18a2b426ec0bc9c3b8cd974,f5df57406e7bc0a428e442e173b49c22c06f79e52cd444d1f71343e3d1c1ab04,092b41bad77497df5a54d66d1fff64928fc46e4b455bb7febd591154947a57ff,DS_Styled_Gen5_8,DS_Styled_Gen5_8
PURE_PALETTE_RECOLOR,DS_CUSTOM_LIBRARY/packs/DS_Styled_Gen5_8/BACK GEN 7 SHINY/NECROZMA_3.png,DS_CUSTOM_LIBRARY/packs/DS_Styled_Gen5_8/BACK GEN 7 NORMAL/NECROZMA_3.png,1393eb8833c340b8ce1cc48f5af5a03f67dc5afbfbd48e10d37ef1b521d73ef3,ef07f486a9004b3c40631acbc65a702a52133909cdf222dce936147ce3c19a93,633f3fa6908f38afb8d24e7cb7aba23fd1dec4a3e1968402d2a3aa6d5ae14cbc,DS_Styled_Gen5_8,DS_Styled_Gen5_8
PURE_PALETTE_RECOLOR,DS_CUSTOM_LIBRARY/packs/DS_Styled_Gen5_8/BACK GEN 7 SHINY/TAPUFINI.png,DS_CUSTOM_LIBRARY/packs/DS_Styled_Gen5_8/BACK GEN 7 NORMAL/TAPUFINI.png,49002f0a4b3daa00acca4082a05e74f2ce314a78b414da192d1a43a0e6c3db03,f926a528af3108830d0a60742f245857f68ffe4776eb0825834edd950c4212f1,cd7208b1377b6fb91f7ab0fafa0b7ebc708476c351a3478b2d44f3520a467104,DS_Styled_Gen5_8,DS_Styled_Gen5_8
PURE_PALETTE_RECOLOR,DS_CUSTOM_LIBRARY/packs/DS_Styled_Gen5_8/BACK GEN 7 SHINY/ZERAORA.png,DS_CUSTOM_LIBRARY/packs/DS_Styled_Gen5_8/BACK GEN 7 NORMAL/ZERAORA.png,201fd048549b38c1566465b08189154bca69b2597d703852846c511e1fc3c6b1,f398afa78633477a013f88bfe52aa67ea2c74d7896ba32e8afebfc163ffa4d3d,1cf630f2317cb3568fd13180d893d9ea03397e4a482a54ee34789fe0ebd1927c,DS_Styled_Gen5_8,DS_Styled_Gen5_8
PURE_PALETTE_RECOLOR,DS_CUSTOM_LIBRARY/packs/DS_Styled_Gen5_8/BACK GEN 7 NORMAL/INCINEROAR.png,DS_CUSTOM_LIBRARY/packs/DS_Styled_Gen5_8/BACK GEN 7 SHINY/INCINEROAR.png,508e2160a6dce82f9257c88daa75076a8ee78e63455ecf3d3216b8540e1c5fe4,cf34e3f15a45dc9b0503c81bae52af6b1791281bfb74813456fac24bc91aa301,ab5101354ab72611290fc402b5075256933ce0878a275baceef6cacdbda6253f,DS_Styled_Gen5_8,DS_Styled_Gen5_8
PURE_PALETTE_RECOLOR,DS_CUSTOM_LIBRARY/packs/DS_Styled_Gen5_8/BACK GEN 7 NORMAL/SHIINOTIC.png,DS_CUSTOM_LIBRARY/packs/DS_Styled_Gen5_8/BACK GEN 7 SHINY/SHIINOTIC.png,ae1809f8bcdccb9e176c3bfc3f3f025354f6f453f947b70afb7ed76ad2dde1c7,ba5562999ebe9b69fb73851e79f0c15183cd9f3e8d66ab4005bf1569b91da976,97912d6d7fb253d8592c63d8a931cda741487b012228ee8e85573326ccbdc7be,DS_Styled_Gen5_8,DS_Styled_Gen5_8
PURE_PALETTE_RECOLOR,DS_CUSTOM_LIBRARY/packs/DS_Styled_Gen5_8/BACK GEN 7 SHINY/ORICORIO_1.png,DS_CUSTOM_LIBRARY/packs/DS_Styled_Gen5_8/BACK GEN 7 NORMAL/ORICORIO_1.png,2478a9e7830bb181e9c388ea55b9f2f726fc41ae59256ddd059f166fd0ef3fd8,8058bd3489f3ddfe8c781be889b62a5d752f8d97e21dce3cae63a1d670e3b87f,30d54f16cf1010a00df4c46bc42d3a105469765da2db0f5da62184d4d8bebd19,DS_Styled_Gen5_8,DS_Styled_Gen5_8
PURE_PALETTE_RECOLOR,DS_CUSTOM_LIBRARY/packs/DS_Styled_Gen5_8/BACK GEN 7 NORMAL/BEWEAR.png,DS_CUSTOM_LIBRARY/packs/DS_Styled_Gen5_8/BACK GEN 7 SHINY/BEWEAR.png,c64d50411ea7f49e5b79de61a867dc620f551148fe87578e496f3b2db3973894,cc3246397f8b43b81868448c5fda1e7593b1c1127f0c0fdbcc9fbcc1d4374548,9c0bfd80636f79c6d29a635d9e256cbf93b58c596e75a2862f84d60ad9644c8d,DS_Styled_Gen5_8,DS_Styled_Gen5_8
PURE_PALETTE_RECOLOR,DS_CUSTOM_LIBRARY/packs/DS_Styled_Gen5_8/BACK GEN 7 NORMAL/PASSIMIAN.png,DS_CUSTOM_LIBRARY/packs/DS_Styled_Gen5_8/BACK GEN 7 SHINY/PASSIMIAN.png,2b790b2609585a8990889f9428124f1350c4fd956b647d2580419bf0c8ce2088,aafff9395a0f49fd1397b8d4bc199a75be811d45511c0a94ab778785507bd68e,7f20dd952e703972a10e8d7852bc999ce159f259db41980e15a2091d0c2095ee,DS_Styled_Gen5_8,DS_Styled_Gen5_8
PURE_PALETTE_RECOLOR,DS_CUSTOM_LIBRARY/packs/DS_Styled_Gen5_8/BACK GEN 7 SHINY/WISHIWASHI_1.png,DS_CUSTOM_LIBRARY/packs/DS_Styled_Gen5_8/BACK GEN 7 NORMAL/WISHIWASHI_1.png,b3b8c52b049f5d39c47cc7bb6dffdf4a9d0f588bf3e75498d56d0be76b96fe75,02ffd481f8918ff6c920824c1dc2748c9d7971a805e5f8a081a0b1bd0a060db2,c349d58728b05cff3d0e7826806694861977776b2aee8a56e33c43db835934d3,DS_Styled_Gen5_8,DS_Styled_Gen5_8
PURE_PALETTE_RECOLOR,DS_CUSTOM_LIBRARY/packs/DS_Styled_Gen5_8/BACK GEN 7 SHINY/MELMETAL.png,DS_CUSTOM_LIBRARY/packs/DS_Styled_Gen5_8/BACK GEN 7 NORMAL/MELMETAL.png,cf0d9c234f079156781f7f7bdf5326d91f9f7e45cdcbe56ac86a2a06f7eda2bc,e3e9aabc45472ce691ad1eadca399ec5e9481e57401f1eb131b4de2191874b9e,4051a30a8f5c4531491a6e8d5d464d478098120ee628899517c86aa887ac82bf,DS_Styled_Gen5_8,DS_Styled_Gen5_8
PURE_PALETTE_RECOLOR,DS_CUSTOM_LIBRARY/packs/DS_Styled_Gen5_8/BACK GEN 7 NORMAL/MUDBRAY.png,DS_CUSTOM_LIBRARY/packs/DS_Styled_Gen5_8/BACK GEN 7 SHINY/MUDBRAY.png,a1655f8d82df6e089e2495e992a43d007e51053e97a05cba00e4948bbba6a4bd,c1077b4bea17841241fd7ea121375b336a91099b02b98a6e95b521123d39b165,353f3f0d051776196188a40baf86ebdef567f9cf2753a38ec4f8e7d278faee69,DS_Styled_Gen5_8,DS_Styled_Gen5_8
PURE_PALETTE_RECOLOR,DS_CUSTOM_LIBRARY/packs/DS_Styled_Gen5_8/BACK GEN 7 SHINY/GOLISOPOD.png,DS_CUSTOM_LIBRARY/packs/DS_Styled_Gen5_8/BACK GEN 7 NORMAL/GOLISOPOD.png,d1ad581a801398e89051b5f89baeb21e8fc31b9c8087510d670494eb11491221,b4a0f7077f3f1cbc9c48baa189d670959616a1c97bed7d36e53eb538f733c485,c4dbe377736a7f4b4e73578211e16b328c90098a86087ab09910612997b78819,DS_Styled_Gen5_8,DS_Styled_Gen5_8
PURE_PALETTE_RECOLOR,DS_CUSTOM_LIBRARY/packs/DS_Styled_Gen5_8/BACK GEN 7 NORMAL/JANGMOO.png,DS_CUSTOM_LIBRARY/packs/DS_Styled_Gen5_8/BACK GEN 7 SHINY/JANGMOO.png,706af6a8a5f3a86323af8a6c97930204fd2c9483e99c849ae134efe20dd4b440,57501967f8e0725bf041d598d02ff7d7c8d544120a2541e348a01d79e77a2bfa,b7099ab2b32f61abe2aa3eb94c3cf87aee9e1589461b55a00833e670901c775e,DS_Styled_Gen5_8,DS_Styled_Gen5_8
PURE_PALETTE_RECOLOR,DS_CUSTOM_LIBRARY/packs/DS_Styled_Gen5_8/BACK GEN 7 NORMAL/SOLGALEO.png,DS_CUSTOM_LIBRARY/packs/DS_Styled_Gen5_8/BACK GEN 7 SHINY/SOLGALEO.png,e34e0d2ad85989fb44163fb7acf98546a8920b1b41b87a50a7e435c4fbae0b81,7126d8d86fb35fe65c3505ef61e53797586389328a8cea250456443c8b0338ff,24a16ff05f52cc2e4c27b10f3037e71b8c96d2714a0bced44fac99cfa5646feb,DS_Styled_Gen5_8,DS_Styled_Gen5_8
PURE_PALETTE_RECOLOR,DS_CUSTOM_LIBRARY/packs/DS_Styled_Gen5_8/BACK GEN 7 SHINY/LUNALA.png,DS_CUSTOM_LIBRARY/packs/DS_Styled_Gen5_8/BACK GEN 7 NORMAL/LUNALA.png,aab1ea1f1af5267aa9c9326a833c807e885262204a0af92a33694873f73341e7,10904b3379295be9a31419b54c50e26501405dbc90b6c5b99c0504cfa77d9ee0,3f4f78c91912f6a476af7409bf6a02d478c18351298b2b868d8c8ffa375bc54c,DS_Styled_Gen5_8,DS_Styled_Gen5_8
PURE_PALETTE_RECOLOR,DS_CUSTOM_LIBRARY/packs/DS_Styled_Gen5_8/BACK GEN 7 NORMAL/SALANDIT.png,DS_CUSTOM_LIBRARY/packs/DS_Styled_Gen5_8/BACK GEN 7 SHINY/SALANDIT.png,b78821f38304c1e4eefe104da9bfefbf9d8ab61416f92226958848ffae0bd40c,f6ab1ad0d94533e1b31c04ecc56bf73620d82c7cc2e1a2cbfee7d3d9b908e484,93057aad1386a7f1d79fb33e09f902d0def1cdcfb129d211a392021c81b9ee4a,DS_Styled_Gen5_8,DS_Styled_Gen5_8
PURE_PALETTE_RECOLOR,DS_CUSTOM_LIBRARY/packs/DS_Styled_Gen5_8/BACK GEN 7 SHINY/COSMOEM.png,DS_CUSTOM_LIBRARY/packs/DS_Styled_Gen5_8/BACK GEN 7 NORMAL/COSMOEM.png,ac825a9722b8ec7a1b2ba0d98113a755a30d7aae3bdf77c1b6afbafeb91ade00,2e2d710d2676d3f328e0c94ae588ecead64e900c3daea18d2aacebadbfb0855c,3da514f15557ff90ef875af44f34827770eb48500ada99bd01b387fbcdb7e14b,DS_Styled_Gen5_8,DS_Styled_Gen5_8
PURE_PALETTE_RECOLOR,DS_CUSTOM_LIBRARY/packs/DS_Styled_Gen5_8/BACK GEN 7 SHINY/GRENINJA_1.png,DS_CUSTOM_LIBRARY/packs/DS_Styled_Gen5_8/BACK GEN 7 NORMAL/GRENINJA_1.png,2598e6ce8003c1ac8abe16e80a9327f05b10751f33ef3ba3dc269c473c2227b8,82062fab9ae78e21b1be8195ed61f9c60f40d4ba5c813eb1b1013fd2300901f2,702d71c9a16df405616d5af42c65c128be98499b00bdd44de4ffa89e713cf7b4,DS_Styled_Gen5_8,DS_Styled_Gen5_8
PURE_PALETTE_RECOLOR,DS_CUSTOM_LIBRARY/packs/DS_Styled_Gen5_8/BACK GEN 7 NORMAL/RIBOMBEE.png,DS_CUSTOM_LIBRARY/packs/DS_Styled_Gen5_8/BACK GEN 7 SHINY/RIBOMBEE.png,161df5083a319b16b0b64ae81e3ba4dd9379a0d9f237a1abe730c47d8988613e,b67b19817293e6b32717f708a813f760150f639583d4533ab314dd89ae7a5a10,e6239185127148e4053ed7063df28dea6f8c942799ff293caf0258368eaa4e6a,DS_Styled_Gen5_8,DS_Styled_Gen5_8
PURE_PALETTE_RECOLOR,DS_CUSTOM_LIBRARY/packs/DS_Styled_Gen5_8/BACK GEN 7 SHINY/MELTAN.png,DS_CUSTOM_LIBRARY/packs/DS_Styled_Gen5_8/BACK GEN 7 NORMAL/MELTAN.png,ff6cb07b47a310dca72f9346bf1ba2840c8a3f40fbd278da40cd6410791a65d0,72aa1f5e43b00659f02dbc5042f46c859e5a976d25c8dbed4ed8c34b53ae30fd,20a5bef1bb7832d323112c0f3480a3612958e02b597379dea6ec7fe0b9122cfe,DS_Styled_Gen5_8,DS_Styled_Gen5_8
PURE_PALETTE_RECOLOR,DS_CUSTOM_LIBRARY/packs/DS_Styled_Gen5_8/BACK GEN 7 NORMAL/TRUMBEAK.png,DS_CUSTOM_LIBRARY/packs/DS_Styled_Gen5_8/BACK GEN 7 SHINY/TRUMBEAK.png,2e8e26ed32288a35cf8916cc83a05a806d5a64793d0cf31db40330044e4b9282,3c44ca64e79435acc8538b6a53f14368e0e276e8f7aa18e500cfd1ca0669bc63,0738c0379aead9467d312cae80170d0011b484326e421db330701cd9735a9736,DS_Styled_Gen5_8,DS_Styled_Gen5_8
PURE_PALETTE_RECOLOR,DS_CUSTOM_LIBRARY/packs/DS_Styled_Gen5_8/BACK GEN 7 SHINY/LYCANROC_2.png,DS_CUSTOM_LIBRARY/packs/DS_Styled_Gen5_8/BACK GEN 7 NORMAL/LYCANROC_2.png,c27175fe3be703586ebe865883736fec6008c7714d03c217a0b323ca1287f6ba,d436ec893515c515ff40074e8db04eb101756ea3fb3344c27311272562134eea,aa463f85ca3aa34c15eb4b42237ef587eae1f13785e3dda706cae9dc78bdb67b,DS_Styled_Gen5_8,DS_Styled_Gen5_8
PURE_PALETTE_RECOLOR,DS_CUSTOM_LIBRARY/packs/DS_Styled_Gen5_8/BACK GEN 7 NORMAL/VIKAVOLT.png,DS_CUSTOM_LIBRARY/packs/DS_Styled_Gen5_8/BACK GEN 7 SHINY/VIKAVOLT.png,7e8c4d1398626fc422740443d0ae5d9628f17948d19d8c4cd48ea402c3768665,60e4447f64e463917a8d8326a30a87f178caab895339334faf28cb049782c1a4,dedef7bc6b6b251dee69150b7c1b06b7eabe5de727f49c0badaf7c94b2fa68d5,DS_Styled_Gen5_8,DS_Styled_Gen5_8
PURE_PALETTE_RECOLOR,DS_CUSTOM_LIBRARY/packs/DS_Styled_Gen5_8/BACK GEN 7 SHINY/DIGLETT_1.png,DS_CUSTOM_LIBRARY/packs/DS_Styled_Gen5_8/BACK GEN 7 NORMAL/DIGLETT_1.png,25c00b604f74d2c63369d73ef4e38af15569ed6d31038c8e3b093823f4adf61e,4f58e064017ae6512adda4f084fd1018eed9c3ce9e27aaf945302ac74d195536,5e66e4f20f1070309c9666f8c962e5d762b53e56d2d3a8d1e13a06fd3a6bd922,DS_Styled_Gen5_8,DS_Styled_Gen5_8
PURE_PALETTE_RECOLOR,DS_CUSTOM_LIBRARY/packs/DS_Styled_Gen5_8/BACK GEN 7 NORMAL/ROCKRUFF.png,DS_CUSTOM_LIBRARY/packs/DS_Styled_Gen5_8/BACK GEN 7 SHINY/ROCKRUFF.png,e6c66d8eb72e194cda13de63b52043f32890ceb793d0bbb91e5fc99f8f2da502,6c4353fc47c8016a74766755315e92a386b4530f1230dd75f10d746b49ad2133,3f62c286e433c937dab627e696db867ced367dc3b26132f77fb7b1b43b529001,DS_Styled_Gen5_8,DS_Styled_Gen5_8
PURE_PALETTE_RECOLOR,DS_CUSTOM_LIBRARY/packs/DS_Styled_Gen5_8/BACK GEN 7 NORMAL/GOLEM_1.png,DS_CUSTOM_LIBRARY/packs/DS_Styled_Gen5_8/BACK GEN 7 SHINY/GOLEM_1.png,f12d2ad82410844ffc550af5d8154e4bfa6ffdca988f9864a384e4ff299920da,653052f2eca95d3eff92b093e912d3ed0af794c5c9dd62891ecb5d660818c385,e1e0f5e3fedbf6d85756875243d19cd92061dcb67b2211406cbb3113f6e368b5,DS_Styled_Gen5_8,DS_Styled_Gen5_8
PURE_PALETTE_RECOLOR,DS_CUSTOM_LIBRARY/packs/DS_Styled_Gen5_8/BACK GEN 7 SHINY/ORICORIO.png,DS_CUSTOM_LIBRARY/packs/DS_Styled_Gen5_8/BACK GEN 7 NORMAL/ORICORIO.png,3dc898440437d6f38ad0ee2867d2b46ecf44cfbad1cdf15df37193d716f7b488,989d7f170481ba734a99ce2ea4fd9299055af2084d031c1c2983a5972af0a4ad,2eeed28e75e0f22da6d3c3057c25c32d082cf5f68b59d864f787e0ed7e7bd705,DS_Styled_Gen5_8,DS_Styled_Gen5_8
PURE_PALETTE_RECOLOR,DS_CUSTOM_LIBRARY/packs/DS_Styled_Gen5_8/BACK GEN 7 SHINY/TOXAPEX.png,DS_CUSTOM_LIBRARY/packs/DS_Styled_Gen5_8/BACK GEN 7 NORMAL/TOXAPEX.png,eec28e303b18856fec8b4f7d1398a209644c8112174e261a638c6017ec8e8759,7be2b016e291e5a1431c68cfe847a60ec8f50d7d0015db0c3fc59db147a8669a,b818dca817dd53867170d0089a6a451f463ba5e5a77438e6fc618a62b2a5fc76,DS_Styled_Gen5_8,DS_Styled_Gen5_8
PURE_PALETTE_RECOLOR,DS_CUSTOM_LIBRARY/packs/DS_Styled_Gen5_8/BACK GEN 7 NORMAL/PRIMARINA.png,DS_CUSTOM_LIBRARY/packs/DS_Styled_Gen5_8/BACK GEN 7 SHINY/PRIMARINA.png,77b37e1d32d4ad4abb4f99cd273c0618853dff792ca650a81a6b37a6446c3ddb,ea3c0aa6a29977960992debe3d8151597c79db66c2f8f07c0d29ccc6a65b1ad8,e8baf83582b10f3dd35a4c045ee48c0cc4312eb2713b5459d33e21e7e9061e6e,DS_Styled_Gen5_8,DS_Styled_Gen5_8
PURE_PALETTE_RECOLOR,DS_CUSTOM_LIBRARY/packs/DS_Styled_Gen5_8/BACK GEN 7 NORMAL/CRABRAWLER.png,DS_CUSTOM_LIBRARY/packs/DS_Styled_Gen5_8/BACK GEN 7 SHINY/CRABRAWLER.png,299bbb3f35ddfc5403e4e67b9fabcf8e70b2e3375f8528802321ad05412380dd,7e9ff86ae6a898756c0f2fa973b133c0bd214862236bf307082ab14ca3bce0b8,e4b8627a96e58518082f55cff93f2457904bbfa80f16c184dca783c0c7874e09,DS_Styled_Gen5_8,DS_Styled_Gen5_8
PURE_PALETTE_RECOLOR,DS_CUSTOM_LIBRARY/packs/DS_Styled_Gen5_8/BACK GEN 7 NORMAL/HAKAMOO.png,DS_CUSTOM_LIBRARY/packs/DS_Styled_Gen5_8/BACK GEN 7 SHINY/HAKAMOO.png,932988f8f243bdb721171927a57a1d66be4baa46a2c1438ad2d8c8835495d620,034263c98341a6ff22376bd70ba5d310f28bf306a098f273f30064a7b59ba0e4,f99e4c51856a4b9ae400d32e53a53f364c18438160a3a3bd7b5986bcd541ca97,DS_Styled_Gen5_8,DS_Styled_Gen5_8
PURE_PALETTE_RECOLOR,DS_CUSTOM_LIBRARY/packs/DS_Styled_Gen5_8/BACK GEN 7 NORMAL/PERSIAN_1.png,DS_CUSTOM_LIBRARY/packs/DS_Styled_Gen5_8/BACK GEN 7 SHINY/PERSIAN_1.png,1a1fd94cf102fb330898f2f5769c60a0af751beb40e8f58daa94c9c2cb779d4d,b02343d6e49b685d3d8e1c519f7584cdf1344c61e975f239795aeb62b6c1de00,d2cfcf2a3792768073b91df83db2a0091403b2474287713baee8dd25e8d59d37,DS_Styled_Gen5_8,DS_Styled_Gen5_8
PURE_PALETTE_RECOLOR,DS_CUSTOM_LIBRARY/packs/DS_Styled_Gen5_8/BACK GEN 7 NORMAL/MAROWAK_1.png,DS_CUSTOM_LIBRARY/packs/DS_Styled_Gen5_8/BACK GEN 7 SHINY/MAROWAK_1.png,c4a1db5e3bc748c334cda1d19d88e883e165358386f513f27fd85022c417a993,3d78d0c34cc9470b48b935613e5737c822763ec2448df0c408a6c0b45d3ea705,c6efa960f382b3f78c923af0466f541ca42f550d0459ad760c0776a5d929e5ab,DS_Styled_Gen5_8,DS_Styled_Gen5_8
PURE_PALETTE_RECOLOR,DS_CUSTOM_LIBRARY/packs/DS_Styled_Gen5_8/BACK GEN 7 NORMAL/NINETALES_1.png,DS_CUSTOM_LIBRARY/packs/DS_Styled_Gen5_8/BACK GEN 7 SHINY/NINETALES_1.png,97098bf98f715b0f8c7983882c00c08cbad4a0568bf53ad6ca6aec4dffcf3172,65a4f86f092bae8f7c8a5547524a88db4499f9da3ef2b8e8361e09e35efa3a91,c8c378177b3a273bc3f6528d9ca6ac364268569546e8f95a3b0d8b3a480a7681,DS_Styled_Gen5_8,DS_Styled_Gen5_8
PURE_PALETTE_RECOLOR,DS_CUSTOM_LIBRARY/packs/DS_Styled_Gen5_8/BACK GEN 7 SHINY/TOGEDEMARU.png,DS_CUSTOM_LIBRARY/packs/DS_Styled_Gen5_8/BACK GEN 7 NORMAL/TOGEDEMARU.png,12fdb5d9e57a78b22b8af1d2afff9959e158fb2351fe7372cc358c5495dd2a4c,85314f1b96aa33c20101ef20b4e621526e1c170ee66c39dde184be5bd776707a,9fe1e7976db34c12f3092c64495cd9200866286a03bc0419613a8483ba8de038,DS_Styled_Gen5_8,DS_Styled_Gen5_8
PURE_PALETTE_RECOLOR,DS_CUSTOM_LIBRARY/packs/DS_Styled_Gen5_8/BACK GEN 7 SHINY/RAICHU_1.png,DS_CUSTOM_LIBRARY/packs/DS_Styled_Gen5_8/BACK GEN 7 NORMAL/RAICHU_1.png,5c16d1fd39a1999d9c130843515d26a52e314a3de7bb429446d46d05534dc602,adbce8df586d2bab089b945a07e02d81705d5b6be0783ce708033466661a7bfa,3b25dbc774c07c68bffadd0cb7dde182d2e23fadf8227eefe7546680d403ca66,DS_Styled_Gen5_8,DS_Styled_Gen5_8
PURE_PALETTE_RECOLOR,DS_CUSTOM_LIBRARY/packs/DS_Styled_Gen5_8/BACK GEN 7 NORMAL/SALAZZLE.png,DS_CUSTOM_LIBRARY/packs/DS_Styled_Gen5_8/BACK GEN 7 SHINY/SALAZZLE.png,ae0a6c04da3e000a8ba18d4432d7d4af7e15ebc44069cba2f003f6f6dd5b4cd1,2cda517ab8be3257dad8e425c2cb079155b0aa1eb70c6f7f923cacb80efb9f48,a04f7500a5e4c1f23f080e0bc80f2041f4b5cd54a9b3445b3c763acd40c76ce7,DS_Styled_Gen5_8,DS_Styled_Gen5_8
PURE_PALETTE_RECOLOR,DS_CUSTOM_LIBRARY/packs/DS_Styled_Gen5_8/BACK GEN 7 SHINY/MORELULL.png,DS_CUSTOM_LIBRARY/packs/DS_Styled_Gen5_8/BACK GEN 7 NORMAL/MORELULL.png,a8b5b8229afa1c9ce5b5b1402984e692196e29a9e958b23d256eb66a92cbf945,701141bb72f7a80958e376fe8bda80a685c2ef0efc321fece292fc94d0c8394c,3b4ce5133de0d1e92a66a9cff6ebbf61b3515fc033db1ecf82824f6906082118,DS_Styled_Gen5_8,DS_Styled_Gen5_8
PURE_PALETTE_RECOLOR,DS_CUSTOM_LIBRARY/packs/DS_Styled_Gen5_8/BACK GEN 7 SHINY/TAPUKOKO.png,DS_CUSTOM_LIBRARY/packs/DS_Styled_Gen5_8/BACK GEN 7 NORMAL/TAPUKOKO.png,bfa5afa6e84ad66ece8064071d4c965f4eb0b75889aceb677966bd711b4a847c,215f6d6a01894d1f09f0e97290c7ca6a304fab639a173fc7e64597ef011726d2,1e7c1cde4dc42de20be1b710498bf5cc346f05af5c385b06395c1006f73dd9b8,DS_Styled_Gen5_8,DS_Styled_Gen5_8
PURE_PALETTE_RECOLOR,DS_CUSTOM_LIBRARY/packs/DS_Styled_Gen5_8/BACK GEN 7 NORMAL/BRIONNE.png,DS_CUSTOM_LIBRARY/packs/DS_Styled_Gen5_8/BACK GEN 7 SHINY/BRIONNE.png,81f245cd56a69f55e11307017e8ab6fdb84d48e97afab0ec971d6d4839547627,42c79b2c1776bdd660e9106e7bb905e2fa86f49991b61bdb95aab539a28fd05d,3c86bf410739686e13660e8de3a97cbbf11c150398363fea691d4f539262491f,DS_Styled_Gen5_8,DS_Styled_Gen5_8
PURE_PALETTE_RECOLOR,DS_CUSTOM_LIBRARY/packs/DS_Styled_Gen5_8/BACK GEN 7 NORMAL/YUNGOOS.png,DS_CUSTOM_LIBRARY/packs/DS_Styled_Gen5_8/BACK GEN 7 SHINY/YUNGOOS.png,0b3f819f53c5af9274edb51510c42f3579733b59475f671dcc28346ce86b9928,6e5941c1d668ff504d0e9edf35993ecb615ce694258b0807078aaf2678af09dc,52017c08a35051677f64bdae0c7991a47d44791cb190fbdb4e906b96adb5af8b,DS_Styled_Gen5_8,DS_Styled_Gen5_8
PURE_PALETTE_RECOLOR,DS_CUSTOM_LIBRARY/packs/DS_Styled_Gen5_8/BACK GEN 7 SHINY/TAPULELE.png,DS_CUSTOM_LIBRARY/packs/DS_Styled_Gen5_8/BACK GEN 7 NORMAL/TAPULELE.png,b635a5d3704550f14b6029bbc500447bd816ad0ab5f4f8cbde76300cd52d2ad9,8e61f61a8d6152f519e0237872fb586ee8fc170087ee01a374e75f568d4dc248,c3b31196cf274cd15deee61e79981391a2afe9b2d15cf225f76d58e923d5cd12,DS_Styled_Gen5_8,DS_Styled_Gen5_8
PURE_PALETTE_RECOLOR,DS_CUSTOM_LIBRARY/packs/DS_Styled_Gen5_8/BACK GEN 7 SHINY/FOMANTIS.png,DS_CUSTOM_LIBRARY/packs/DS_Styled_Gen5_8/BACK GEN 7 NORMAL/FOMANTIS.png,10b75255cb7edab34e0940421d43a799ecf73bb94311f29e4691769d40dd9d0f,4f6203ad1badaccd166391326939c6aa1bf42ae896c482aedc6b9b24a19ac1f3,fe5d452f9a4d423692231745648fdb7eb3259ca0aa48615be869480b368bb8d0,DS_Styled_Gen5_8,DS_Styled_Gen5_8
PURE_PALETTE_RECOLOR,DS_CUSTOM_LIBRARY/packs/DS_Styled_Gen5_8/BACK GEN 7 SHINY/SANDYGAST.png,DS_CUSTOM_LIBRARY/packs/DS_Styled_Gen5_8/BACK GEN 7 NORMAL/SANDYGAST.png,d7794e991be62747b047ce70e4e857b69091365e14ec123188a48205bf204247,bc4edc2452b95002b3f230f4737422f8e5da6f55fec882a7aa7af6028b67ff26,3fd4554cb46b594b336c4f5a3b26ec1ff3e7e9e6c8f46b0c91fecdbb90e82e0e,DS_Styled_Gen5_8,DS_Styled_Gen5_8
PURE_PALETTE_RECOLOR,DS_CUSTOM_LIBRARY/packs/DS_Styled_Gen5_8/BACK GEN 7 NORMAL/ORICORIO_3.png,DS_CUSTOM_LIBRARY/packs/DS_Styled_Gen5_8/BACK GEN 7 SHINY/ORICORIO_3.png,206fd66a3719cdc1fc35c0ca2d3320de9bd4f3979db7fed546689fc2dc9c921a,577fd3443c7b629cb1b7de6940952b929cfeff4e54c8089cdbd90693246a7786,4bf334de167b5417667004d6d6de613e3a205f1c11dcd1973e2ee5d2c8671415,DS_Styled_Gen5_8,DS_Styled_Gen5_8
PURE_PALETTE_RECOLOR,DS_CUSTOM_LIBRARY/packs/DS_Styled_Gen5_8/BACK GEN 7 SHINY/CUTIEFLY.png,DS_CUSTOM_LIBRARY/packs/DS_Styled_Gen5_8/BACK GEN 7 NORMAL/CUTIEFLY.png,d4c6e13958a96459fc83626a0449a602fca1d0cf56e8d31356aa83bc808c5076,d85609c0c299338a12dddfaf6fe0db56efa8ed86de22a91606ff050167076a92,e81670f53b2fea4be44369a4e00297bd00e231fd2b9633458ae6cdc1a7ae3799,DS_Styled_Gen5_8,DS_Styled_Gen5_8
PURE_PALETTE_RECOLOR,DS_CUSTOM_LIBRARY/packs/DS_Styled_Gen5_8/BACK GEN 7 SHINY/PALOSSAND.png,DS_CUSTOM_LIBRARY/packs/DS_Styled_Gen5_8/BACK GEN 7 NORMAL/PALOSSAND.png,a79957dd81eea40add270fa8b67b6f856f8bfbf759a843ae8cfd8a41c60a3d30,8f293d1cc584a5f5b4f48415dc761c6faac2857319c4a958a669227d2462483f,960bf8c425b752388dd35ee81058a27d50293b00c07cc648e844c3e387c1f920,DS_Styled_Gen5_8,DS_Styled_Gen5_8
PURE_PALETTE_RECOLOR,DS_CUSTOM_LIBRARY/packs/DS_Styled_Gen5_8/BACK GEN 7 NORMAL/MIMIKYU.png,DS_CUSTOM_LIBRARY/packs/DS_Styled_Gen5_8/BACK GEN 7 SHINY/MIMIKYU.png,4ac96bff71eabac9d7f9e4c0fcbe128cbddf3c96594b0c2b3dddd3c820c9e05c,42f84c7db13debb2996e95fc53715e9e6ca6461c7088c274eca126e663eee900,4d76b7226b5d958f2512236e71f0182764c3746231d75785369e9965f0d877f7,DS_Styled_Gen5_8,DS_Styled_Gen5_8
PURE_PALETTE_RECOLOR,DS_CUSTOM_LIBRARY/packs/DS_Styled_Gen5_8/BACK GEN 7 SHINY/MEOWTH_1.png,DS_CUSTOM_LIBRARY/packs/DS_Styled_Gen5_8/BACK GEN 7 NORMAL/MEOWTH_1.png,f5a0ae0e4bcf13323d6f71812443a5c80f001c027d2b1a9f25de5c318aa31f12,a98ffd6aab3ef4e4f355ee3f434bef457cf709064486f354087e5b70a66c0098,6f4f50fca7e6fd649bffaa1b91f0b2f80fe871db16967c3c4d157cf750aad981,DS_Styled_Gen5_8,DS_Styled_Gen5_8
PURE_PALETTE_RECOLOR,DS_CUSTOM_LIBRARY/packs/DS_Styled_Gen5_8/BACK GEN 7 SHINY/SOLGALEO_1.png,DS_CUSTOM_LIBRARY/packs/DS_Styled_Gen5_8/BACK GEN 7 NORMAL/SOLGALEO_1.png,df5e4e0f673d013ced065fcaa31772eacbe8292c11c59bb242704d92ce54ce2b,64b4f843d10abe8884b931c92014a797ab14797ec699e3a260cab9ced7e3807f,218fc248c0f0dc4795f5ebc881238c465c8c88120738f4f5d88b88bf59a34559,DS_Styled_Gen5_8,DS_Styled_Gen5_8
PURE_PALETTE_RECOLOR,DS_CUSTOM_LIBRARY/packs/DS_Styled_Gen5_8/BACK GEN 7 NORMAL/DARTRIX.png,DS_CUSTOM_LIBRARY/packs/DS_Styled_Gen5_8/BACK GEN 7 SHINY/DARTRIX.png,39fe9598a3f68faa1b72c12410635441deb357d2d2255ad126b00fb42ad2d859,997847ab416b197c94264c8050d9aff38b5b4a4a35e562ce7368cec6227e3252,26aaf7098f5ddffb1c3762865b77d95b37c6e44f4a93ba10a264141e38a9f011,DS_Styled_Gen5_8,DS_Styled_Gen5_8
PURE_PALETTE_RECOLOR,DS_CUSTOM_LIBRARY/packs/DS_Styled_Gen5_8/BACK GEN 7 SHINY/TOUCANNON.png,DS_CUSTOM_LIBRARY/packs/DS_Styled_Gen5_8/BACK GEN 7 NORMAL/TOUCANNON.png,1fb3376eb90df77f0e8ca9939947fb365bda6db448742238df11966942505066,63c61376717a994f6918aa39e9ee86fe4880321aa53781ddba640561f2d06537,9fb9ce9d17ae562238936ac770196da66a2d81dbcae9432dbe21e5171284cb39,DS_Styled_Gen5_8,DS_Styled_Gen5_8
PURE_PALETTE_RECOLOR,DS_CUSTOM_LIBRARY/packs/DS_Styled_Gen5_8/BACK GEN 7 SHINY/MUK_1.png,DS_CUSTOM_LIBRARY/packs/DS_Styled_Gen5_8/BACK GEN 7 NORMAL/MUK_1.png,52b03b03f218c1faf84b1c5716ebf7b698ea83ddf1f8b0316e1efc7fc2facab2,4be6d48fc705e77a8ac284c5976ea068de9b281de4f6731e7f12ae8cb4156f9a,ee90894b38b17286e0864b5138935dfeef1648a05523b8372477301cc0c1b4ea,DS_Styled_Gen5_8,DS_Styled_Gen5_8
PURE_PALETTE_RECOLOR,DS_CUSTOM_LIBRARY/packs/DS_Styled_Gen5_8/BACK GEN 7 SHINY/POIPOLE.png,DS_CUSTOM_LIBRARY/packs/DS_Styled_Gen5_8/BACK GEN 7 NORMAL/POIPOLE.png,7e81f8d11dbdc057bd5c21f23e5e37782522df96858926d63fe8c8d786d1b0af,7660e415c3ac2e7d5a281f0bd1dc995f922d53f36160038b22fd380dc483461c,24ef772e22a467d3cee93e1182f25b6ebe7784383a32db0a9ce65a789746b164,DS_Styled_Gen5_8,DS_Styled_Gen5_8
PURE_PALETTE_RECOLOR,DS_CUSTOM_LIBRARY/packs/DS_Styled_Gen5_8/BACK GEN 7 NORMAL/COMFEY.png,DS_CUSTOM_LIBRARY/packs/DS_Styled_Gen5_8/BACK GEN 7 SHINY/COMFEY.png,edd6c5c7ce20d268941fa8a016e22ec3663338f2d1a2ac8c02613235318fb239,3dd88550485effbefd652b1455d3d31f20d2ce0e3dcede52b97a71ca55f4fe76,65366bc1d1b804c9357450ebf960e02dcec524ec788f7bd7d179f5282a6ec47d,DS_Styled_Gen5_8,DS_Styled_Gen5_8
PURE_PALETTE_RECOLOR,DS_CUSTOM_LIBRARY/packs/DS_Styled_Gen5_8/BACK GEN 7 SHINY/NECROZMA_1.png,DS_CUSTOM_LIBRARY/packs/DS_Styled_Gen5_8/BACK GEN 7 NORMAL/NECROZMA_1.png,2d7361e667debaafcacea86157d2fb720c82cdb6e9b949205de6984ff4a900cb,b65ac18630678462c13c04d31c4c9c6f1a03cb5b5b3e2a7c265277af1fbde013,47773337e82d956b82ee774d3c5887f9775034ac3c5face5e1b891b9a6d2f06f,DS_Styled_Gen5_8,DS_Styled_Gen5_8
PURE_PALETTE_RECOLOR,DS_CUSTOM_LIBRARY/packs/DS_Styled_Gen5_8/BACK GEN 8 SHINY/FLAPPLE_gmax.png,DS_CUSTOM_LIBRARY/packs/DS_Styled_Gen5_8/BACK GEN 8 SHINY/APPLETUN_gmax.png,eedcffa6c49fb9d4e5f7df6d54a6c3cc8c175bcef5a25aa62db080fe371c5439,aa0ba942c211dabecc388be7ffbccd3aefdcd2d8d85ca52053a7b17428b7e1aa,47411a3b751ec1aa967f69f3a1b0f477894d0b1cb16d44ca692e4daaac347642,DS_Styled_Gen5_8,DS_Styled_Gen5_8
PURE_PALETTE_RECOLOR,DS_CUSTOM_LIBRARY/packs/HG_Engine_DS_Sprites/cinderace/icon.png,DS_CUSTOM_LIBRARY/packs/DrPrettyman_DS_64x64/sprites-raw/IconSpritesResource/cinderace.png,59ba96e6e17fe3e8114cd6fa0fa5141cab20ce05ac71e844d6eafb19c4fa858e,7e68c214d825fc5696645e8f225ea1c236946faf32f3774487f5bbc0b0326aa9,2ed38a30c07f70a4bcd969e1a74b6930996254ae05f99cf46d2eaa0cd06a73b8,HG_Engine_DS_Sprites,DrPrettyman_DS_64x64
PURE_PALETTE_RECOLOR,DS_CUSTOM_LIBRARY/packs/HG_Engine_DS_Sprites/mega_sableye/icon.png,DS_CUSTOM_LIBRARY/packs/DrPrettyman_DS_64x64/sprites-raw/IconSpritesResource/sableye-mega.png,e4851d1f95f4dd42b946fa192f7b2f4edb74d3d1304ca35a44b7c2763b871f9d,35a0d43be3102dbe45c22cc260ba4381dac8e64d71c3171c587a163de426f308,1540f7d4434184ac500b9c17d891abee38a6d1e08a9580b1c5f0290c8d2cef67,HG_Engine_DS_Sprites,DrPrettyman_DS_64x64
PURE_PALETTE_RECOLOR,DS_CUSTOM_LIBRARY/packs/HG_Engine_DS_Sprites/incineroar/icon.png,DS_CUSTOM_LIBRARY/packs/DrPrettyman_DS_64x64/sprites-raw/IconSpritesResource/incineroar.png,486b463252224fdfe26ff089a26c3276b1adf0eb8fe83fe6cbd8b17fe89e15c9,d9ecf8e298a4333607fe2d1066a4424618f1199cf3d9f125894223e59b15118f,fa403ab21a30f6f682a0ab2546ad9f956e106bb30df6dfc43c9e312bf65208b8,HG_Engine_DS_Sprites,DrPrettyman_DS_64x64
PURE_PALETTE_RECOLOR,DS_CUSTOM_LIBRARY/packs/HG_Engine_DS_Sprites/vivillon_sandstorm/icon.png,DS_CUSTOM_LIBRARY/packs/DrPrettyman_DS_64x64/sprites-raw/IconSpritesResource/vivillon-sandstorm.png,0a1c06558c58c7a48dbf5b1a4ace175777717f09c4dcf6207d1991f1a1749cc5,d8afbc01a78ebc63eda2d4c2ba814868d6dbc9238486c742fda7c0b05ef64c73,5a2bddc7f1c618de682e5615c89733f249e4e7042a492288010489b581bb3b38,HG_Engine_DS_Sprites,DrPrettyman_DS_64x64
PURE_PALETTE_RECOLOR,DS_CUSTOM_LIBRARY/packs/HG_Engine_DS_Sprites/xurkitree/icon.png,DS_CUSTOM_LIBRARY/packs/DrPrettyman_DS_64x64/sprites-raw/IconSpritesResource/xurkitree.png,c661a040d25948ff53673a785ba6b5357dc3bb6759bb9e3a6f662559bb2b0d89,62bd7efaeb901dcfb8c6a3ada95ec9150e2290f19dfa6fe4e3e7360e5bd8f530,7677fa8d93685389c3fbb6d86fe3bc36533fef9dc4ee1ecf0bc2dbe432a13207,HG_Engine_DS_Sprites,DrPrettyman_DS_64x64
PURE_PALETTE_RECOLOR,DS_CUSTOM_LIBRARY/packs/HG_Engine_DS_Sprites/meowstic/icon.png,DS_CUSTOM_LIBRARY/packs/DrPrettyman_DS_64x64/sprites-raw/IconSpritesResource/meowstic-male.png,8dffde86e82ed55815cbebfe86621379852c62e7ff73846a7aadaeeec48fb811,5ebac8818103efcebcb944fe4f51ebf2d2204050b4cb74294702c544bf1ffbf9,051fe2dcfbbf4888c488ad35be43eaf8d2d225aca3f01b7332baa6c04188c0df,HG_Engine_DS_Sprites,DrPrettyman_DS_64x64
PURE_PALETTE_RECOLOR,DS_CUSTOM_LIBRARY/packs/HG_Engine_DS_Sprites/mimikyu_busted/icon.png,DS_CUSTOM_LIBRARY/packs/DrPrettyman_DS_64x64/sprites-raw/IconSpritesResource/mimikyu-busted.png,c7e0af801bf64fb7d2879e45426767097d9349d1b5dedc7a19bb54a05b2c9b4b,510ca45c359bf20bd0c6315a139e83001f7c79934728c69f97aeeed2282ca2fc,1659eea7c0eb9efdc9ac28e3771206f06bfde12025daabfd94d5e6a793c8cf77,HG_Engine_DS_Sprites,DrPrettyman_DS_64x64
PURE_PALETTE_RECOLOR,DS_CUSTOM_LIBRARY/packs/HG_Engine_DS_Sprites/scatterbug/icon.png,DS_CUSTOM_LIBRARY/packs/DrPrettyman_DS_64x64/sprites-raw/IconSpritesResource/scatterbug-archipelago.png,3c61d9c2c0c070a38abc26f51ae79dc9b721c4196c4b2b179380d47bf53aa3cb,bf4694942f163bd76bc44698f2047ed5930d8d0fde2441a7028643c3b9dfc405,db8672da8bd8b447ac1ab7c4a3ba2175336a48d324f4597cab3a677013e10594,HG_Engine_DS_Sprites,DrPrettyman_DS_64x64
PURE_PALETTE_RECOLOR,DS_CUSTOM_LIBRARY/packs/HG_Engine_DS_Sprites/spewpa/icon.png,DS_CUSTOM_LIBRARY/packs/DrPrettyman_DS_64x64/sprites-raw/IconSpritesResource/spewpa-archipelago.png,10cbc0b943e7b4879e6be7b855c07263cd6379e8b9079b7794a36eb1e84679ac,3536ba467989813da5ff4326df953a5c4ee076b66cd61b98b233ac7ef7e295dc,8e7f90eb02c8474099864bdbd08a6221af989186c753defca0dbc40842b70cfe,HG_Engine_DS_Sprites,DrPrettyman_DS_64x64
PURE_PALETTE_RECOLOR,DS_CUSTOM_LIBRARY/packs/HG_Engine_DS_Sprites/coalossal/icon.png,DS_CUSTOM_LIBRARY/packs/DrPrettyman_DS_64x64/sprites-raw/IconSpritesResource/coalossal.png,3f2cfa065bc474f9fbe3e3e283785ebcc52dc087b3a9676df430f11724227a04,afad0b8f6f6eab66c4b2d87d50fe72e3d94373f6d57a2e8c715c04bd9f7be282,00c7fefeba9bc0bb86ada42015650f4ce0d62a41e5eef785a6c7e7a0a5b672eb,HG_Engine_DS_Sprites,DrPrettyman_DS_64x64
PURE_PALETTE_RECOLOR,DS_CUSTOM_LIBRARY/packs/HG_Engine_DS_Sprites/cursola/icon.png,DS_CUSTOM_LIBRARY/packs/DrPrettyman_DS_64x64/sprites-raw/IconSpritesResource/cursola.png,58fad58070fd3a853fc3178f889fc8c0485cae45d952ee29fe27229091aff1c6,f5e0e6bf37871aa261fd748f4a6a25df2e6e62bb4b2258c7a7ea26fbb0f5050f,786fadd54481815d1bda5a3e73dd91dbdc6df2d46b8e552f4f8f0542e4d9f115,HG_Engine_DS_Sprites,DrPrettyman_DS_64x64
PURE_PALETTE_RECOLOR,DS_CUSTOM_LIBRARY/packs/HG_Engine_DS_Sprites/mega_camerupt/icon.png,DS_CUSTOM_LIBRARY/packs/DrPrettyman_DS_64x64/sprites-raw/IconSpritesResource/camerupt-mega.png,b75a654ade51aa97673a23feb32317466bed21c28ff56824aa3f021df1c457bc,f109e62c8809bf5bd1794b0425be9deebee44184e0700c3e07f2bca63169cce2,63276db90345c40ac44688d438e260aafc9aad2d4a5a74249ddf8dde2af754ec,HG_Engine_DS_Sprites,DrPrettyman_DS_64x64
PURE_PALETTE_RECOLOR,DS_CUSTOM_LIBRARY/packs/HG_Engine_DS_Sprites/mega_starmie/icon.png,DS_CUSTOM_LIBRARY/packs/DrPrettyman_DS_64x64/sprites-raw/IconSpritesResource/starmie-mega.png,1c61afe4ea3e745eaa73cf9992d584c6048c83c0fe0f43540fec9e7f9c832012,bb915c88e0f092b9a9809bbbadbb63248c234c82c1e07596c7d0fbb744ecd5ec,18ba4ec4582afcac24e441f9bb9a82e6f593372ad8b87021eb136a93a0b82558,HG_Engine_DS_Sprites,DrPrettyman_DS_64x64
PURE_PALETTE_RECOLOR,DS_CUSTOM_LIBRARY/packs/HG_Engine_DS_Sprites/carkol/icon.png,DS_CUSTOM_LIBRARY/packs/DrPrettyman_DS_64x64/sprites-raw/IconSpritesResource/carkol.png,b34f4813af4078cc2569b927a95a29aac69cf3e8f3ad3d272c9e0cd3542202ef,c0ea47d411fd292603aad8a2096dbb52ca091bcd7d87caaf75e66b62799fe577,e1c12e5453e75cbadbb3fe1e87b8f0bb3b317184fabd08bb1cf22c293589129f,HG_Engine_DS_Sprites,DrPrettyman_DS_64x64
PURE_PALETTE_RECOLOR,DS_CUSTOM_LIBRARY/packs/HG_Engine_DS_Sprites/yungoos/icon.png,DS_CUSTOM_LIBRARY/packs/DrPrettyman_DS_64x64/sprites-raw/IconSpritesResource/yungoos.png,49518c098271f898b3a01a0c4dd53adbad72822912a746fe863e250df8b9467b,dbc6a8bf61080d50b0d06b1be1f080fae936d2146c0b4298814d77fb19b427a9,cdae5495917252eda9f3ff74959eecf121405214ce7fd5e9b807df2d8fbb420b,HG_Engine_DS_Sprites,DrPrettyman_DS_64x64
PURE_PALETTE_RECOLOR,DS_CUSTOM_LIBRARY/packs/HG_Engine_DS_Sprites/unown_z/icon.png,DS_CUSTOM_LIBRARY/packs/DrPrettyman_DS_64x64/sprites-raw/IconSpritesResource/unown-z.png,bc2982e8f3701686c461f9a45ed8b59dd71440009aa2db3155cb71977aad12b8,696567ada3f7893f2a857f78c270498c0770637c54dfc894b47cab91b3071b04,f7d189bfa3da9f770d999c9230c4d5bcfd071c2be637db6eb687d6356144759d,HG_Engine_DS_Sprites,DrPrettyman_DS_64x64
PURE_PALETTE_RECOLOR,DS_CUSTOM_LIBRARY/packs/HG_Engine_DS_Sprites/silicobra/icon.png,DS_CUSTOM_LIBRARY/packs/DrPrettyman_DS_64x64/sprites-raw/IconSpritesResource/silicobra.png,01e276e5eb6e210098664a5b664c7c962e4b936826c10813161cb8e549f33b88,475ee3a186d686c04e8ce753a662dbabbdc07e7e97b80ddc88a6a3d80bc3abd7,14567e77b188d091876527603b9404cc4fbc688e75e50936120a35756a43b572,HG_Engine_DS_Sprites,DrPrettyman_DS_64x64
PURE_PALETTE_RECOLOR,DS_CUSTOM_LIBRARY/packs/HG_Engine_DS_Sprites/indeedee_female/icon.png,DS_CUSTOM_LIBRARY/packs/DrPrettyman_DS_64x64/sprites-raw/IconSpritesResource/indeedee-female.png,3dc8b35440310661da6ee7dd4fe636f7ec409079f66cee874ac00fa98539ecab,dc24229c09a7a47f853415ea3d4f2e5c5bc020207dcbcda1a09c24df353df972,80feb6a5ac669d504a6d0bb9db4ac830fb3859a1b9e22cb7ad021b6730a14c6e,HG_Engine_DS_Sprites,DrPrettyman_DS_64x64
PURE_PALETTE_RECOLOR,DS_CUSTOM_LIBRARY/packs/HG_Engine_DS_Sprites/grimer_alolan/icon.png,DS_CUSTOM_LIBRARY/packs/DrPrettyman_DS_64x64/sprites-raw/IconSpritesResource/grimer-alola.png,b113c75f8973217afbf2dd25ff23d843b8ae73b547a3ad755706a95eb472ebc6,31ee7f85ad2658f0717fee2ba2b5b3553554bd83376f5d0606067c280fc97644,997582c0abcd82173ec02f2a7eba411abde658b67d28cc125260f5e182107bdc,HG_Engine_DS_Sprites,DrPrettyman_DS_64x64
PURE_PALETTE_RECOLOR,DS_CUSTOM_LIBRARY/packs/HG_Engine_DS_Sprites/vivillon_polar/icon.png,DS_CUSTOM_LIBRARY/packs/DrPrettyman_DS_64x64/sprites-raw/IconSpritesResource/vivillon-polar.png,c63f78754000fd09717c47bb31c0b06c9da2768eeb2add40c1c5d76ca2fcd5b8,85fdea132ac547b6ef7e617cdc6af2362d0b07ca0b01c8b8a464b3a7ae60324a,a822e257808c077c8d5e878b6ebef01d3cd633c74ea08dc82a6e16a38e4d0261,HG_Engine_DS_Sprites,DrPrettyman_DS_64x64
PURE_PALETTE_RECOLOR,DS_CUSTOM_LIBRARY/packs/HG_Engine_DS_Sprites/comfey/icon.png,DS_CUSTOM_LIBRARY/packs/DrPrettyman_DS_64x64/sprites-raw/IconSpritesResource/comfey.png,6a0bd21ddda1f2dfdde9831af723ce22b847f3205b8b22acd5832ffdc1720eb9,38e5ae8efdfcff96200eb8a5e009f8ebbed4dbc5bd782d7a7a81d58444465d60,58c36e91a14ee367a424bdd9a5fb4d3c69c6a017d93385e4ff69d3a191ded2a0,HG_Engine_DS_Sprites,DrPrettyman_DS_64x64
PURE_PALETTE_RECOLOR,DS_CUSTOM_LIBRARY/packs/HG_Engine_DS_Sprites/unown_p/icon.png,DS_CUSTOM_LIBRARY/packs/DrPrettyman_DS_64x64/sprites-raw/IconSpritesResource/unown-p.png,7a71d0ca7509fe21696c042d1bbef25329ec904894cb3bb0a254516d5c1684b7,a2c70ee50ce06e688982f7d6630fb7b9b41fcb158d8c8637c23d03b4643a9a2a,8a27b5cd0f9044048d47c6b7c436ee8b67bbcf386c9c765158b0b0c1229599f5,HG_Engine_DS_Sprites,DrPrettyman_DS_64x64
PURE_PALETTE_RECOLOR,DS_CUSTOM_LIBRARY/packs/HG_Engine_DS_Sprites/rapidash_galarian/icon.png,DS_CUSTOM_LIBRARY/packs/DrPrettyman_DS_64x64/sprites-raw/IconSpritesResource/rapidash-galar.png,f55565effbf06ef8364704078ec6b16347a1979604a33a78d77a10ff6c792036,972adf519852a39f89db79b8ab7fb31e73b44092c928a311b67c33323ecd8784,2fac224d11ea7ce6f6c4d082e99a148625b687e0ebd3f362f7ecd045a3949540,HG_Engine_DS_Sprites,DrPrettyman_DS_64x64
PURE_PALETTE_RECOLOR,DS_CUSTOM_LIBRARY/packs/HG_Engine_DS_Sprites/eldegoss/icon.png,DS_CUSTOM_LIBRARY/packs/DrPrettyman_DS_64x64/sprites-raw/IconSpritesResource/eldegoss.png,872fd3f96843e9df6ebc7f4c6843a4653558e2ed87842d6939c059826ae0ea85,8688907622dea258505cec47f1889b517815a532e664f9ac7b2c22050235e6d2,5e5645c251ad3b71b8c25ab485eaab2d72e0f1c03e8db23baa4985d713286dee,HG_Engine_DS_Sprites,DrPrettyman_DS_64x64
PURE_PALETTE_RECOLOR,DS_CUSTOM_LIBRARY/packs/HG_Engine_DS_Sprites/deoxys_defense/icon.png,DS_CUSTOM_LIBRARY/packs/DrPrettyman_DS_64x64/sprites-raw/IconSpritesResource/deoxys-defense.png,573823f1402a7eedc75451af1c95476c5aead7c6c29286c1b8374b6c32df124d,4db39b85683252f10e9afd8cdf46a19f6142e1e11950d1ca60723357dc9fdc5c,613b285978f9522bbaf0100674b7cf1aeb012020e5d74ff920839533fc2ddb39,HG_Engine_DS_Sprites,DrPrettyman_DS_64x64
PURE_PALETTE_RECOLOR,DS_CUSTOM_LIBRARY/packs/HG_Engine_DS_Sprites/mega_darkrai/icon.png,DS_CUSTOM_LIBRARY/packs/DrPrettyman_DS_64x64/sprites-raw/IconSpritesResource/darkrai-mega.png,48bbff1acedb735adcfe460adb3da122a822118d966bf50a48bf8c2e2159543c,773df6bad7ceca02de4fa5bd70c1dc7ecc398b493b942d7dc2d13d23635408ca,dcd4d6149495b5d965d4feff6d04397e71c860a74dd26c16ddba6ae1d7551430,HG_Engine_DS_Sprites,DrPrettyman_DS_64x64
PURE_PALETTE_RECOLOR,DS_CUSTOM_LIBRARY/packs/HG_Engine_DS_Sprites/vivillon_tundra/icon.png,DS_CUSTOM_LIBRARY/packs/DrPrettyman_DS_64x64/sprites-raw/IconSpritesResource/vivillon-tundra.png,5a5bdcc222390de034dabd6950779b9ba1195dcc2dc06e031f9ba94797ab775a,a83d29c866f1b52530c128943c93df37152b1c3907bb5644c670dc9bdbbf7ea1,1ddec53f5329a174ab0f9867b8bf5054b9a46fd04cf0d867803c49a237cfe45a,HG_Engine_DS_Sprites,DrPrettyman_DS_64x64
PURE_PALETTE_RECOLOR,DS_CUSTOM_LIBRARY/packs/HG_Engine_DS_Sprites/mega_skarmory/icon.png,DS_CUSTOM_LIBRARY/packs/DrPrettyman_DS_64x64/sprites-raw/IconSpritesResource/skarmory-mega.png,ebad6afc53f7c7d9e3b13fca323b7bbc832c454ca6e8d0a10b479d666374db6c,d6cf9a7ca8817e10de6c181a83e38dc289ac2186c6e7d8229eb7ee24e73ec333,cd6f4096a44bdeaa29e7e3d5e6a1ab1ce0e84696d10abfbad94b7412cad8e67b,HG_Engine_DS_Sprites,DrPrettyman_DS_64x64
PURE_PALETTE_RECOLOR,DS_CUSTOM_LIBRARY/packs/HG_Engine_DS_Sprites/farfetchd_galarian/icon.png,DS_CUSTOM_LIBRARY/packs/DrPrettyman_DS_64x64/sprites-raw/IconSpritesResource/farfetchd-galar.png,3aa31a2847fe6c3cb4448c74e064e19fb359bd85a0486e0dd3421a020b3e62f5,e15846808845cfa8d9b6efec4ab0599b075d0905004355b49c8aeb1ea2373f5c,8c9d570977de7a9347e465b8a00539f29afe08240cc78782cb3da6aa43bf92d7,HG_Engine_DS_Sprites,DrPrettyman_DS_64x64
PURE_PALETTE_RECOLOR,DS_CUSTOM_LIBRARY/packs/HG_Engine_DS_Sprites/minior_core_yellow/icon.png,DS_CUSTOM_LIBRARY/packs/DrPrettyman_DS_64x64/sprites-raw/IconSpritesResource/minior-blue.png,0cae1c80364061333da95da48c0bef5ae6887a62b0943296141d1c42ed01106c,f0e52145dac64f4795f503e4215741ef642fa9477ff9e18b1d12ace1a05b13f6,110631808ef1f9289aa11c59e3ac477ecf6e1c04caaa8dd4e245b562af3f634b,HG_Engine_DS_Sprites,DrPrettyman_DS_64x64
PURE_PALETTE_RECOLOR,DS_CUSTOM_LIBRARY/packs/HG_Engine_DS_Sprites/minior_core_violet/icon.png,DS_CUSTOM_LIBRARY/packs/DrPrettyman_DS_64x64/sprites-raw/IconSpritesResource/minior-blue.png,0cae1c80364061333da95da48c0bef5ae6887a62b0943296141d1c42ed01106c,9ea38a92b2507344f91d96a150f91df8f9f4d598a3c02516326bb1ec00d1114a,110631808ef1f9289aa11c59e3ac477ecf6e1c04caaa8dd4e245b562af3f634b,HG_Engine_DS_Sprites,DrPrettyman_DS_64x64
PURE_PALETTE_RECOLOR,DS_CUSTOM_LIBRARY/packs/HG_Engine_DS_Sprites/minior_core_green/icon.png,DS_CUSTOM_LIBRARY/packs/DrPrettyman_DS_64x64/sprites-raw/IconSpritesResource/minior-blue.png,0cae1c80364061333da95da48c0bef5ae6887a62b0943296141d1c42ed01106c,c3a7a44a3711c7fef774cb2b253399e27dfbd07ff10a15751df4b48638bdb59b,110631808ef1f9289aa11c59e3ac477ecf6e1c04caaa8dd4e245b562af3f634b,HG_Engine_DS_Sprites,DrPrettyman_DS_64x64
PURE_PALETTE_RECOLOR,DS_CUSTOM_LIBRARY/packs/HG_Engine_DS_Sprites/minior_core_indigo/icon.png,DS_CUSTOM_LIBRARY/packs/DrPrettyman_DS_64x64/sprites-raw/IconSpritesResource/minior-blue.png,0cae1c80364061333da95da48c0bef5ae6887a62b0943296141d1c42ed01106c,cfaec12fd889a6abf1495c51ee9e9fe5e434427e24abe81cbb7ceb3d0c965495,110631808ef1f9289aa11c59e3ac477ecf6e1c04caaa8dd4e245b562af3f634b,HG_Engine_DS_Sprites,DrPrettyman_DS_64x64
PURE_PALETTE_RECOLOR,DS_CUSTOM_LIBRARY/packs/HG_Engine_DS_Sprites/minior_core_red/icon.png,DS_CUSTOM_LIBRARY/packs/DrPrettyman_DS_64x64/sprites-raw/IconSpritesResource/minior-blue.png,0cae1c80364061333da95da48c0bef5ae6887a62b0943296141d1c42ed01106c,cbdc9271c3915f1dbb55242f7f3281ab27f38b2ebcf914358de4c2144be05db6,110631808ef1f9289aa11c59e3ac477ecf6e1c04caaa8dd4e245b562af3f634b,HG_Engine_DS_Sprites,DrPrettyman_DS_64x64
PURE_PALETTE_RECOLOR,DS_CUSTOM_LIBRARY/packs/HG_Engine_DS_Sprites/minior_core_blue/icon.png,DS_CUSTOM_LIBRARY/packs/DrPrettyman_DS_64x64/sprites-raw/IconSpritesResource/minior-blue.png,0cae1c80364061333da95da48c0bef5ae6887a62b0943296141d1c42ed01106c,0c85c38f2ee25198c1ff5f789ae2ad15695077fa5cc25df694f102fc36d5d1e6,110631808ef1f9289aa11c59e3ac477ecf6e1c04caaa8dd4e245b562af3f634b,HG_Engine_DS_Sprites,DrPrettyman_DS_64x64
PURE_PALETTE_RECOLOR,DS_CUSTOM_LIBRARY/packs/HG_Engine_DS_Sprites/minior_core_orange/icon.png,DS_CUSTOM_LIBRARY/packs/DrPrettyman_DS_64x64/sprites-raw/IconSpritesResource/minior-blue.png,0cae1c80364061333da95da48c0bef5ae6887a62b0943296141d1c42ed01106c,5c73c1653924d152171c12e31a84fe2c2de2a3a7abab5c8ca3e80757f1cf910f,110631808ef1f9289aa11c59e3ac477ecf6e1c04caaa8dd4e245b562af3f634b,HG_Engine_DS_Sprites,DrPrettyman_DS_64x64
PURE_PALETTE_RECOLOR,DS_CUSTOM_LIBRARY/packs/HG_Engine_DS_Sprites/zamazenta/icon.png,DS_CUSTOM_LIBRARY/packs/DrPrettyman_DS_64x64/sprites-raw/IconSpritesResource/zamazenta.png,b0c7e896e20cea0974eeeb7afed1449d739b842e7a2673635684f1c7fa4a503a,b380cd4e0edda0cbb965039be68db2dbe0c3f757808892768aeaf58e79f3c00c,f7ae3c7e9455d771315f43d5bbdfa9ba54575bc3bd3f33ca2236dc695f94935e,HG_Engine_DS_Sprites,DrPrettyman_DS_64x64
PURE_PALETTE_RECOLOR,DS_CUSTOM_LIBRARY/packs/HG_Engine_DS_Sprites/mega_zygarde/icon.png,DS_CUSTOM_LIBRARY/packs/DrPrettyman_DS_64x64/sprites-raw/IconSpritesResource/zygarde-mega.png,d459484c0fdb09677fc01b8d673b99e63e0efdbbf90303aa6d5a2301bd179810,00a17b47d2e741272682a007be9837204e12222dbb744aca4bc9cbfb737a4806,ada628ea04c8ce9e176ce651131cec38e319d7c04643f183076ea44f76c4ceb0,HG_Engine_DS_Sprites,DrPrettyman_DS_64x64
PURE_PALETTE_RECOLOR,DS_CUSTOM_LIBRARY/packs/HG_Engine_DS_Sprites/silvally/icon.png,DS_CUSTOM_LIBRARY/packs/DrPrettyman_DS_64x64/sprites-raw/IconSpritesResource/silvally-bug.png,83fa956066ec7f03e0efc1c20540faab5471e53b883a502eab854ba8de39e9d3,e5c11191f795353bd56fb3fdbe586c5a79dc4635e91f6b55a5b5aad05e4d41d1,895110b899fa5c38d44bf7afc7812c165dcef7b20f7ef7fd4c52735c5bb9dfdf,HG_Engine_DS_Sprites,DrPrettyman_DS_64x64
PURE_PALETTE_RECOLOR,DS_CUSTOM_LIBRARY/packs/HG_Engine_DS_Sprites/sandslash_alolan/icon.png,DS_CUSTOM_LIBRARY/packs/DrPrettyman_DS_64x64/sprites-raw/IconSpritesResource/sandslash-alola.png,957828eed5e4e02a2aec954993e87d32d99997b799dc1090b0a998bd3534b06c,2991c7066982d79ac08668b8947cefa44f33801ce62d02b6f692d3d09159832f,2e3388db855e18002b11c4419565b73d7b0dbbefdded608bfca605be41a5e8a3,HG_Engine_DS_Sprites,DrPrettyman_DS_64x64
PURE_PALETTE_RECOLOR,DS_CUSTOM_LIBRARY/packs/HG_Engine_DS_Sprites/toucannon/icon.png,DS_CUSTOM_LIBRARY/packs/DrPrettyman_DS_64x64/sprites-raw/IconSpritesResource/toucannon.png,521c63926c4c9d479df3830f3a04bdf50921a5988f528fff8930805540ced568,d37f5f5484b90360d90d5ced982d8ee0edef7cd851a839845ab6d3d4cabb3f36,c0d92d91cf999d87b52f7201cca021988488ab5df51101f42afa0cac8aae61a7,HG_Engine_DS_Sprites,DrPrettyman_DS_64x64
PURE_PALETTE_RECOLOR,DS_CUSTOM_LIBRARY/packs/HG_Engine_DS_Sprites/mega_ampharos/icon.png,DS_CUSTOM_LIBRARY/packs/DrPrettyman_DS_64x64/sprites-raw/IconSpritesResource/ampharos-mega.png,4f000483726984078752fedf9e4332687de3c1a1b50e4ac62fc1e5030a47636d,e7dde215e6e40b8e81e5a723a0d4fa4a2489ffe540d85c0b44a75e55f919c8b9,c2465ff9e8118b66e2a3d94e903790e3181cd5aa00850ba25b8e1707d860c4e7,HG_Engine_DS_Sprites,DrPrettyman_DS_64x64
PURE_PALETTE_RECOLOR,DS_CUSTOM_LIBRARY/packs/HG_Engine_DS_Sprites/mega_dragalge/icon.png,DS_CUSTOM_LIBRARY/packs/DrPrettyman_DS_64x64/sprites-raw/IconSpritesResource/dragalge-mega.png,c6a5523859897bc54d502c234f0e50facd0237edab1d19a5a6fe6f94f9bf166d,5def5bc39ed868033545f9ce386bffdd8c97ce93e398c82dc94c3e07f4c93909,e997050d719d35e8424dcf132b038e98fe44ee9de9dc94d4a7d09faf6b829098,HG_Engine_DS_Sprites,DrPrettyman_DS_64x64
PURE_PALETTE_RECOLOR,DS_CUSTOM_LIBRARY/packs/HG_Engine_DS_Sprites/tatsugiri/icon.png,DS_CUSTOM_LIBRARY/packs/DrPrettyman_DS_64x64/sprites-raw/IconSpritesResource/tatsugiri-curly.png,b4a0f85efc86cef06b4372e7e16306eac89ab611e81e009b3aa261be2307e190,cccdc4f1b2ca52a698fdab6be0d1048f740a0907322398f51f2a8536d5c7689c,0e8dd528b563b631d373433fa471e4233cf08a9151d254afbdb09798444a175b,HG_Engine_DS_Sprites,DrPrettyman_DS_64x64
PURE_PALETTE_RECOLOR,DS_CUSTOM_LIBRARY/packs/HG_Engine_DS_Sprites/unown_r/icon.png,DS_CUSTOM_LIBRARY/packs/DrPrettyman_DS_64x64/sprites-raw/IconSpritesResource/unown-r.png,41ed4fceae28d9f8c6fe59e73372e2bd2a376725fae5e6bea3632adc506af8fe,a381786ed495eab94ea548ee3d0a5d32bf58de27e546fbbbe47a96387e26ef11,080754b59519c083c772011e7ac912c1a2bf2d8e707d49d0bbb740bc6fd83acb,HG_Engine_DS_Sprites,DrPrettyman_DS_64x64
PURE_PALETTE_RECOLOR,DS_CUSTOM_LIBRARY/packs/HG_Engine_DS_Sprites/aegislash_blade/icon.png,DS_CUSTOM_LIBRARY/packs/DrPrettyman_DS_64x64/sprites-raw/IconSpritesResource/aegislash-blade.png,47e3c015913c3e500227391b6e1b99d21a8735c74b5bd33e747b79a1bc93f27a,eec72489f352f73c426a430248c307fcf8fc27a28159f1cb5e5b4dfbb4e130b3,d06a4a26321cd2d5994e13e836d36d319d4d4f4df9fbb8fdf953d6a65388e88b,HG_Engine_DS_Sprites,DrPrettyman_DS_64x64
PURE_PALETTE_RECOLOR,DS_CUSTOM_LIBRARY/packs/HG_Engine_DS_Sprites/mega_alakazam/icon.png,DS_CUSTOM_LIBRARY/packs/DrPrettyman_DS_64x64/sprites-raw/IconSpritesResource/alakazam-mega.png,cd117f813a34614d4c5e6b17043b2f8850df0f47ec1bc772be1eea2babb6322c,303b89124f5837882dbf7b18e38dd93d32cf57e38a39bc8a1bdbfecd99d02135,be50b882b4422c082fd4f658cfcde23ffb3527411994d639b0bbbbe21be37a1c,HG_Engine_DS_Sprites,DrPrettyman_DS_64x64
PURE_PALETTE_RECOLOR,DS_CUSTOM_LIBRARY/packs/HG_Engine_DS_Sprites/stufful/icon.png,DS_CUSTOM_LIBRARY/packs/DrPrettyman_DS_64x64/sprites-raw/IconSpritesResource/stufful.png,c3ccec4288680cb6abea3a90821b87358b7f1bf9327aeed4fb9b1349a3847393,51a30e49f4f0669dbf9b3afac7824051294aeae0c8c8639b423747528c11e42a,ff2b1e67c5b6831c354214b50326ec6b766e01d2c9f9d1352b21cbba2b86af86,HG_Engine_DS_Sprites,DrPrettyman_DS_64x64
PURE_PALETTE_RECOLOR,DS_CUSTOM_LIBRARY/packs/HG_Engine_DS_Sprites/corviknight/icon.png,DS_CUSTOM_LIBRARY/packs/DrPrettyman_DS_64x64/sprites-raw/IconSpritesResource/corviknight.png,4be8448a71ff6a26469e831d70ff17929741639bceaa3048f4a59a449a6ce3a4,e876fd174b8ad78e1f558327c11e1a93b45acfb98dfb40c636cdc9751f4c4e47,470a66813abd5837a08a52ce2b8625b24a104f0a99edf97aec451beafeece065,HG_Engine_DS_Sprites,DrPrettyman_DS_64x64
PURE_PALETTE_RECOLOR,DS_CUSTOM_LIBRARY/packs/HG_Engine_DS_Sprites/mega_gallade/icon.png,DS_CUSTOM_LIBRARY/packs/DrPrettyman_DS_64x64/sprites-raw/IconSpritesResource/gallade-mega.png,01ce68293f25e03c1be0da6c2656f6d803c584b3d9a6fc0492e4b6d22fd1587a,8aed56862ba4187cb4e8afa76695f34c247b3f916cb0be17b07fe1f72e5548d6,c971500649a18018d7d95cd77f7db2d78ac946559aa207ff2b36d3634d7389f9,HG_Engine_DS_Sprites,DrPrettyman_DS_64x64
PURE_PALETTE_RECOLOR,DS_CUSTOM_LIBRARY/packs/HG_Engine_DS_Sprites/marowak_alolan/icon.png,DS_CUSTOM_LIBRARY/packs/DrPrettyman_DS_64x64/sprites-raw/IconSpritesResource/marowak-alola.png,d2495f5dd638ae519dcb2b92ebe7aa5657632aaf5fac8f353194d61549cd8e8e,2afeec4ac1d5ca37cc4e45a50b7beb098149eb82b05f0f7ec09c635c263a548d,76cef651cde24f082773256d598dddc5dd11cc7a16c5a8b4697b7ab70b8f9f00,HG_Engine_DS_Sprites,DrPrettyman_DS_64x64
PURE_PALETTE_RECOLOR,DS_CUSTOM_LIBRARY/packs/HG_Engine_DS_Sprites/tsareena/icon.png,DS_CUSTOM_LIBRARY/packs/DrPrettyman_DS_64x64/sprites-raw/IconSpritesResource/tsareena.png,a7e5bb5336b9252d5cebe8d86814521f6fc0c45fccfe4ed83beb3eda87e65e0e,abef8185b24f8efef2fa10bf582769afccf006170a222c02a27e458375b1b655,d9575e3507d36955876440b395e46ce809add09ad478678e714e1c037ebf303d,HG_Engine_DS_Sprites,DrPrettyman_DS_64x64
PURE_PALETTE_RECOLOR,DS_CUSTOM_LIBRARY/packs/HG_Engine_DS_Sprites/zamazenta_crowned/icon.png,DS_CUSTOM_LIBRARY/packs/DrPrettyman_DS_64x64/sprites-raw/IconSpritesResource/zamazenta-crowned.png,548dd42697cc6a258cb776383f1ef745d334e9795ef658ca11a1dbd52551069a,23421b68780d647f82e0e747c14e0f90f0abb80f82a32a654a8a1e7d43f68a1f,b6b91007a50a7325dd2ca76b2d763e9afbb8bc54b3f9e5ce681379c7a86c3493,HG_Engine_DS_Sprites,DrPrettyman_DS_64x64
PURE_PALETTE_RECOLOR,DS_CUSTOM_LIBRARY/packs/HG_Engine_DS_Sprites/pikachu_kalos_cap/icon.png,DS_CUSTOM_LIBRARY/packs/DrPrettyman_DS_64x64/sprites-raw/IconSpritesResource/pikachu-kalos-cap.png,9fc950ddc9710caa031ea2afee2785476ec378c532cfeafda3e2077b3b239e67,e50aa106409a36952c54d38617730238c015bc7ec05e9a7f9d51a527f8136c57,8d610ed0492a4a82217d526b40dfe43b9cb960192e77e3084fa45ac0ef7487bb,HG_Engine_DS_Sprites,DrPrettyman_DS_64x64
PURE_PALETTE_RECOLOR,DS_CUSTOM_LIBRARY/packs/HG_Engine_DS_Sprites/lycanroc_dusk/icon.png,DS_CUSTOM_LIBRARY/packs/DrPrettyman_DS_64x64/sprites-raw/IconSpritesResource/lycanroc-dusk.png,e78b97297522a506f26c16e1466c617e8771e71953a598888af8408f4d5e064e,07a2fce3268d9737316cf9b043c65d2b5de87a5e92ae3b2ca3b89cb2131f4a18,7ae398cec0e221f80cd37d6a69815a8694829725b2dfb0e27aa7966c216a46b6,HG_Engine_DS_Sprites,DrPrettyman_DS_64x64
PURE_PALETTE_RECOLOR,DS_CUSTOM_LIBRARY/packs/HG_Engine_DS_Sprites/grookey/icon.png,DS_CUSTOM_LIBRARY/packs/DrPrettyman_DS_64x64/sprites-raw/IconSpritesResource/grookey.png,86c6fc780377ddc5ed65f6e0aa3d1927e0765dfae4503c30a2a1f161acbe96d0,0cf74c3285bab5521b673af1f79ac26cd860aa2ed4edfbd52dad17f52d7d0eef,7b344a05433fab6d26b9bee6fc3774a5d5948a29b3acf8b9f2b26bb394d0f020,HG_Engine_DS_Sprites,DrPrettyman_DS_64x64
PURE_PALETTE_RECOLOR,DS_CUSTOM_LIBRARY/packs/HG_Engine_DS_Sprites/eternatus/icon.png,DS_CUSTOM_LIBRARY/packs/DrPrettyman_DS_64x64/sprites-raw/IconSpritesResource/eternatus.png,edfb54c7539d0a8c8690aa6209e3f761d4dc613ae24a177cea79931baeb3645e,e48a61e04c4c5f697c205d9293f362b3cd920c41e33997e7303a3e8540f0f6b7,d60d006ff17fde05abe8a35c05a13161111011fb438508f21145ba9a2fa9178e,HG_Engine_DS_Sprites,DrPrettyman_DS_64x64
PURE_PALETTE_RECOLOR,DS_CUSTOM_LIBRARY/packs/HG_Engine_DS_Sprites/xerneas/icon.png,DS_CUSTOM_LIBRARY/packs/DrPrettyman_DS_64x64/sprites-raw/IconSpritesResource/xerneas-neutral.png,315d7caa1073457b28bf5c1ec4671fcdd9f1e6e62b8958bd33ddfaaa6d7f8a30,8914f57a74ed517c062665c8c47761f1398d9984d2e10e3140e08a05e5b2c008,94b9994afeb19d623dba5a0299e2ac5767ae31ae93c6192c8be43f158ee8f8b2,HG_Engine_DS_Sprites,DrPrettyman_DS_64x64
PURE_PALETTE_RECOLOR,DS_CUSTOM_LIBRARY/packs/HG_Engine_DS_Sprites/unown_g/icon.png,DS_CUSTOM_LIBRARY/packs/DrPrettyman_DS_64x64/sprites-raw/IconSpritesResource/unown-g.png,0733c3ff42554f1a570c48915462d0c0a839cfc845263d6c151348978714a0e0,e648328e44b8b7b5dded3af18fac1487af6a18269dd8061f30317fbe1a9701c5,d70813a1c183d7e9bf19d9ac4fd281e8aeef7271899a9f60298790e036dfc029,HG_Engine_DS_Sprites,DrPrettyman_DS_64x64
PURE_PALETTE_RECOLOR,DS_CUSTOM_LIBRARY/packs/HG_Engine_DS_Sprites/rattata_alolan/icon.png,DS_CUSTOM_LIBRARY/packs/DrPrettyman_DS_64x64/sprites-raw/IconSpritesResource/rattata-alola.png,96de9e90516a9714ac4f133297e191d2be04b5d468123e6f11e08fa18f2db6f8,5fddfc6f402d1c25f06a2a987e1e8bf4deabfad121bc0fa39ca9a396924819af,dac2c8a0c0a529d18a0375b1b5ef09fedb81992172242bdeb201dbf5efcf4104,HG_Engine_DS_Sprites,DrPrettyman_DS_64x64
PURE_PALETTE_RECOLOR,DS_CUSTOM_LIBRARY/packs/HG_Engine_DS_Sprites/morpeko_hangry/icon.png,DS_CUSTOM_LIBRARY/packs/DrPrettyman_DS_64x64/sprites-raw/IconSpritesResource/morpeko-hangry.png,b21237d788981d49154c1383b5b3fc697847e35d78136a4fb400807a478ac358,25e450056d79e1a204127f819c5948b6e55f577786b29656f847870e4dd67dab,a6a97c4379c8b38698c878237ba248d8e53eef27535e7af9ac1cbda7e11ec3f0,HG_Engine_DS_Sprites,DrPrettyman_DS_64x64
PURE_PALETTE_RECOLOR,DS_CUSTOM_LIBRARY/packs/HG_Engine_DS_Sprites/mega_delphox/icon.png,DS_CUSTOM_LIBRARY/packs/DrPrettyman_DS_64x64/sprites-raw/IconSpritesResource/delphox-mega.png,bd25842cd7fc6e67d3258182c6be5ad400efaba2326db9ba0d21777858720d84,85edbd349ff17f7500f9e83030233781ed367dbcceafe9695c3b01072733e93a,346b53fb480a8a8814c9f9fe58132f6dfa279a227ad7058846434398659fb15b,HG_Engine_DS_Sprites,DrPrettyman_DS_64x64
PURE_PALETTE_RECOLOR,DS_CUSTOM_LIBRARY/packs/HG_Engine_DS_Sprites/unown_q/icon.png,DS_CUSTOM_LIBRARY/packs/DrPrettyman_DS_64x64/sprites-raw/IconSpritesResource/unown-q.png,fe9179ba66c44a6b912b094584a20a8839acb4cb40cfeedfdd034446b98576af,22239086698c39afce44e45e0db7e1962378b44dfccfe143c2a621a9b7a8e963,8aca688b7f11eff5436b8c7e25096b9884ecfad2f988a0e11f9e81e8da033986,HG_Engine_DS_Sprites,DrPrettyman_DS_64x64
PURE_PALETTE_RECOLOR,DS_CUSTOM_LIBRARY/packs/HG_Engine_DS_Sprites/salandit/icon.png,DS_CUSTOM_LIBRARY/packs/DrPrettyman_DS_64x64/sprites-raw/IconSpritesResource/salandit.png,abb918a312fad8be5dae2679fb49a7c44b01e265473d80934a1bdd4a2fe72658,ac7f07c30f4cb4bdc9f4e4dab994bc9bd673a706b9fbf5dc71eb3f096287ec54,217d1d9ad65ac090ca8ceae48aa12167a1ef208de3809d58ddf273a5f6f6dd36,HG_Engine_DS_Sprites,DrPrettyman_DS_64x64
PURE_PALETTE_RECOLOR,DS_CUSTOM_LIBRARY/packs/HG_Engine_DS_Sprites/greninja_ash/icon.png,DS_CUSTOM_LIBRARY/packs/DrPrettyman_DS_64x64/sprites-raw/IconSpritesResource/greninja-ash.png,a63a6a78aa19bd66fbed1c3d56cd3ee28359ebf6cdcc1164225790941c023178,ac7940861ce365a31079160a34a9d86732b1caa9c720dd42cc4b87c8a073b3d6,27c7b523f9667032e3217a12de59e090ad7157b4a87479088f31890d8536decb,HG_Engine_DS_Sprites,DrPrettyman_DS_64x64
PURE_PALETTE_RECOLOR,DS_CUSTOM_LIBRARY/packs/HG_Engine_DS_Sprites/mega_glimmora/icon.png,DS_CUSTOM_LIBRARY/packs/DrPrettyman_DS_64x64/sprites-raw/IconSpritesResource/glimmora-mega.png,9b2ff9a08f07f1adf9a69b62835065dccf3387ba65e9a1e001f7c1a2c9e7a602,5690dcee2a9f72d270b66917475e31c2a0d420748fa743805b56da8d55f6df1d,0e3ae453ad5ae61e835c74038958f2036568af4f2183a8e4eeddedac0fac9519,HG_Engine_DS_Sprites,DrPrettyman_DS_64x64
PURE_PALETTE_RECOLOR,DS_CUSTOM_LIBRARY/packs/HG_Engine_DS_Sprites/blipbug/icon.png,DS_CUSTOM_LIBRARY/packs/DrPrettyman_DS_64x64/sprites-raw/IconSpritesResource/blipbug.png,c587a9861a6876436bfe9a5bfaf7ff948027456e315f83d9d40250eba3424ccb,b8660f3488394ef40b6159908fd8a1cc3f76370187dfa20dc009ad9545148945,eb546c2a4b5c64db6288a0a0c2796930bb3f48917a8a97e3ebfaa4f2096b01c3,HG_Engine_DS_Sprites,DrPrettyman_DS_64x64
PURE_PALETTE_RECOLOR,DS_CUSTOM_LIBRARY/packs/HG_Engine_DS_Sprites/marshadow/icon.png,DS_CUSTOM_LIBRARY/packs/DrPrettyman_DS_64x64/sprites-raw/IconSpritesResource/marshadow.png,3ef1d1e54469a6d1666efd68d1eb5d3214a7be27fb09cc292e1926bc4dbb1923,6e43bebbd5f4ebd9ead1ab504e004ca49458a2efad169566f54f51880710bb38,490c4a3361568f06137de90662d9ae13e3be793f3ca424e0399ab5a7aa943e06,HG_Engine_DS_Sprites,DrPrettyman_DS_64x64
PURE_PALETTE_RECOLOR,DS_CUSTOM_LIBRARY/packs/HG_Engine_DS_Sprites/lycanroc/icon.png,DS_CUSTOM_LIBRARY/packs/DrPrettyman_DS_64x64/sprites-raw/IconSpritesResource/lycanroc-midday.png,3b42c04adbd0843cb8670f52e759ef71c962065e6f9066f2b4f979c8a1f9a886,1d81aef9110f77725126c8e964208d09c87748e6d82c88f0c883510bd604598d,caa5f3def122e05bf92e73cd54c69bf4350133fce0f6114c50bcb48470cd4e3e,HG_Engine_DS_Sprites,DrPrettyman_DS_64x64
PURE_PALETTE_RECOLOR,DS_CUSTOM_LIBRARY/packs/HG_Engine_DS_Sprites/rolycoly/icon.png,DS_CUSTOM_LIBRARY/packs/DrPrettyman_DS_64x64/sprites-raw/IconSpritesResource/rolycoly.png,d5176af9fab0730086f17bbbe89677a0a227f9518a6d52dcf84db5ec6c2412d8,c6d1ebe5ea17ff478f7632fbfb733ceeb595de11562c7188b6a1b2c1b25aee1e,95a3191316228dcd26aeccc4bec4f2bcfbd8f0fca6e898de2ca9cfa99355d8e9,HG_Engine_DS_Sprites,DrPrettyman_DS_64x64
PURE_PALETTE_RECOLOR,DS_CUSTOM_LIBRARY/packs/HG_Engine_DS_Sprites/mega_steelix/icon.png,DS_CUSTOM_LIBRARY/packs/DrPrettyman_DS_64x64/sprites-raw/IconSpritesResource/steelix-mega.png,61d588c70cb9f77502460612711d41f4982ee66923e708ab097db8b9f26a85e8,fdd5345a5dd22e3d5b61c543dc1599031c8b646dffe0f9669fd1fe8af3e72da6,8869bc3057fda72f7782027e27be28da8687a3f1388b60b56d697b22ffc85756,HG_Engine_DS_Sprites,DrPrettyman_DS_64x64
PURE_PALETTE_RECOLOR,DS_CUSTOM_LIBRARY/packs/HG_Engine_DS_Sprites/unown_t/icon.png,DS_CUSTOM_LIBRARY/packs/DrPrettyman_DS_64x64/sprites-raw/IconSpritesResource/unown-t.png,05a4de52aa5a334319df169128cccea19210dcef361a9731a77f429195ed09d6,acc63f637b0be199204503f606b6aec2b343fa55825947a7bce24161d0ef066e,b9e296f6026815a7bc0237540366e9dbedcdf9ce70078f7594ccb403a9d4cc1c,HG_Engine_DS_Sprites,DrPrettyman_DS_64x64
PURE_PALETTE_RECOLOR,DS_CUSTOM_LIBRARY/packs/HG_Engine_DS_Sprites/pumpkaboo_large/icon.png,DS_CUSTOM_LIBRARY/packs/DrPrettyman_DS_64x64/sprites-raw/IconSpritesResource/pumpkaboo-average.png,2d394bb5886e6fa7c1ab0e851140bb306bab28f8ad5d39acac1f4d9ef7bc47ae,8715d42c5dd8bb7dd4da9b8c5ede54af061a048c71ed81a0b4b95d3abfc610ab,d2bbd7c177cfddaaebd0f5870a95ea4a3f105d3d8681a8925bb5c2dfb3984505,HG_Engine_DS_Sprites,DrPrettyman_DS_64x64
PURE_PALETTE_RECOLOR,DS_CUSTOM_LIBRARY/packs/HG_Engine_DS_Sprites/pumpkaboo/icon.png,DS_CUSTOM_LIBRARY/packs/DrPrettyman_DS_64x64/sprites-raw/IconSpritesResource/pumpkaboo-average.png,2d394bb5886e6fa7c1ab0e851140bb306bab28f8ad5d39acac1f4d9ef7bc47ae,c53ecae719dc9e26dcca7cfef2ebbda924946eaf4b3bedabe2ff528b50166212,d2bbd7c177cfddaaebd0f5870a95ea4a3f105d3d8681a8925bb5c2dfb3984505,HG_Engine_DS_Sprites,DrPrettyman_DS_64x64
PURE_PALETTE_RECOLOR,DS_CUSTOM_LIBRARY/packs/HG_Engine_DS_Sprites/raboot/icon.png,DS_CUSTOM_LIBRARY/packs/DrPrettyman_DS_64x64/sprites-raw/IconSpritesResource/raboot.png,5ed40c022b51503a6ad9806f5b3c2a53d2438211f7989df5b0c5c5212d52bf27,1ed5b9bd348ce4836a72f6fc9efccd7bf270ca0d3334eb882def0368465b0c1d,5fb6d1f2346ab0eab66b13b75fc8ea134b7822a30a51bc638609b655dd6721cc,HG_Engine_DS_Sprites,DrPrettyman_DS_64x64
PURE_PALETTE_RECOLOR,DS_CUSTOM_LIBRARY/packs/HG_Engine_DS_Sprites/furfrou_diamond/icon.png,DS_CUSTOM_LIBRARY/packs/DrPrettyman_DS_64x64/sprites-raw/IconSpritesResource/furfrou-diamond.png,b07b447e95fd598e88d9d50bc221a8e79878c23f8b098e334e17d099c7f2514e,89161a4b19b0adb606c9011cb4638d542722005b1a6285412542ea4228f7948a,bff82853d2800e4a836e67d26f347106dc6d95f3994eb190065fd883376ae92e,HG_Engine_DS_Sprites,DrPrettyman_DS_64x64
PURE_PALETTE_RECOLOR,DS_CUSTOM_LIBRARY/packs/HG_Engine_DS_Sprites/cosmog/icon.png,DS_CUSTOM_LIBRARY/packs/DrPrettyman_DS_64x64/sprites-raw/IconSpritesResource/cosmog.png,790fc1e3400e512ed7d0ac95b1677560f82d033f0c14020c49b0179a6f14de29,4ed9725249cd57cddd68be220793a7e0c859b570439eeac30ce1ab20ad14d4a1,a45ab464da48ed362c4c32073eea87cf3ea67d52036344045f7e75b744989a0c,HG_Engine_DS_Sprites,DrPrettyman_DS_64x64
PURE_PALETTE_RECOLOR,DS_CUSTOM_LIBRARY/packs/HG_Engine_DS_Sprites/diglett_alolan/icon.png,DS_CUSTOM_LIBRARY/packs/DrPrettyman_DS_64x64/sprites-raw/IconSpritesResource/diglett-alola.png,9748a35cee9e80da53d1524d1fbbef52ecdabc4eafbf4e99680e314edd7b48b0,5de8c15fa35f4ba231edc960c0316e194fd6b1de4ceab7d47f6b45be6cb42fe4,46dd4e548bb28d225095c71ed80d29b91ef25f1e5b5c2cb6a55cb2dc65ce27d7,HG_Engine_DS_Sprites,DrPrettyman_DS_64x64
PURE_PALETTE_RECOLOR,DS_CUSTOM_LIBRARY/packs/HG_Engine_DS_Sprites/mega_tyranitar/icon.png,DS_CUSTOM_LIBRARY/packs/DrPrettyman_DS_64x64/sprites-raw/IconSpritesResource/tyranitar-mega.png,6cde98a68d0066f0a78c5434d1074b976108e911730b70567d27698c21971cc3,1b97eac424671c989ded1b5021f06dbe0961242a6cdf47aa683bc664fd6ca8d9,c6ec4c5d75f371ae403d84c59ec5a45c727bcf8fc74c5a84eebe1f62f9cb8aae,HG_Engine_DS_Sprites,DrPrettyman_DS_64x64
PURE_PALETTE_RECOLOR,DS_CUSTOM_LIBRARY/packs/HG_Engine_DS_Sprites/wishiwashi_school/icon.png,DS_CUSTOM_LIBRARY/packs/DrPrettyman_DS_64x64/sprites-raw/IconSpritesResource/wishiwashi-school.png,8a05e9ffe1a44d433f57330eeb1906edf9216a6bd1a8c66509f176d194472420,fc9c757eff1b073667ecef534dedb06daa61b930c0ebbf9ba1b120ec0ae4c4b4,ca103712416e243f263803ebc2c23750a2aa650357747cd40a468a8d3dc37380,HG_Engine_DS_Sprites,DrPrettyman_DS_64x64
PURE_PALETTE_RECOLOR,DS_CUSTOM_LIBRARY/packs/HG_Engine_DS_Sprites/boltund/icon.png,DS_CUSTOM_LIBRARY/packs/DrPrettyman_DS_64x64/sprites-raw/IconSpritesResource/boltund.png,8ca9700c12afafb614b3a0033049bdfa3dfa4d78dd8e139e05ffd26a7be0da0e,dc85f6db675e304b0de830861efe6c0820248fa4e995791688f79c061040e1f0,2afd1fe506426ee681321ba87e87c5c5fc00119552446aa855de7f819aa97485,HG_Engine_DS_Sprites,DrPrettyman_DS_64x64
PURE_PALETTE_RECOLOR,DS_CUSTOM_LIBRARY/packs/HG_Engine_DS_Sprites/pyukumuku/icon.png,DS_CUSTOM_LIBRARY/packs/DrPrettyman_DS_64x64/sprites-raw/IconSpritesResource/pyukumuku.png,cf59c1573438c06cf95f020f981659d1b7c55f35bd7cfe481ff75232c1780b8f,eccf0611e00ab70131a061678ab117703d53052ba974eb761c666feca7f394dc,bcf88265f748f45874192a8c61af20dce22d3fc6591d22c0ea006fce9f8875e8,HG_Engine_DS_Sprites,DrPrettyman_DS_64x64
PURE_PALETTE_RECOLOR,DS_CUSTOM_LIBRARY/packs/HG_Engine_DS_Sprites/mega_salamence/icon.png,DS_CUSTOM_LIBRARY/packs/DrPrettyman_DS_64x64/sprites-raw/IconSpritesResource/salamence-mega.png,df6cb5340631ab92b71b543be8def38b609262635733fbd19187d137c59f2f67,966a3ad619d1edb0ddeaaf4d81711fd2c910f33bceeb1220a27389937ac51b7c,078d834910bbb64f236d1e3d7a0a8814cb03a78f16a03288ff54af2cf7689db2,HG_Engine_DS_Sprites,DrPrettyman_DS_64x64
PURE_PALETTE_RECOLOR,DS_CUSTOM_LIBRARY/packs/HG_Engine_DS_Sprites/blacephalon/icon.png,DS_CUSTOM_LIBRARY/packs/DrPrettyman_DS_64x64/sprites-raw/IconSpritesResource/blacephalon.png,f87fd34dc0cd75661786dad12292e060f981a1eb31a206725cea3a25f100476c,30bf3147185dedd55b69b91aec0b6cc86556fa333adaf4cc9ec8e7d73ef846e8,de9c07017bbcbcb2c3718bb71c5cd7e4d7537d74514b30e9f629423237083b30,HG_Engine_DS_Sprites,DrPrettyman_DS_64x64
PURE_PALETTE_RECOLOR,DS_CUSTOM_LIBRARY/packs/HG_Engine_DS_Sprites/mega_abomasnow/icon.png,DS_CUSTOM_LIBRARY/packs/DrPrettyman_DS_64x64/sprites-raw/IconSpritesResource/abomasnow-mega.png,5800a310c20b391c4b2f7777acfd8d97e0c52edbfb55d7d110a713515ce7845f,b36c84acd8804bbbfa02e988d960c9cd427b8efb6ead0b77f9ab7180e2c4dea3,c5696e17bcefcde761044277dec43655aca3b7a45ed0fac0f78101063667bf6c,HG_Engine_DS_Sprites,DrPrettyman_DS_64x64
PURE_PALETTE_RECOLOR,DS_CUSTOM_LIBRARY/packs/HG_Engine_DS_Sprites/toxtricity_low_key/icon.png,DS_CUSTOM_LIBRARY/packs/DrPrettyman_DS_64x64/sprites-raw/IconSpritesResource/toxtricity-low-key.png,aaf0dad5781d11145ac61afdd64d033e031e9e79767c66c9e45ffdd4902671cf,47bdeaf465b53a31944a6ebd4a93a2ae2d115da80a70b5b10ddf20802f34574f,8cbbaa7e1f0159e22956facfff835c0dfb629c7e7a463079b0575405df8b1f03,HG_Engine_DS_Sprites,DrPrettyman_DS_64x64
PURE_PALETTE_RECOLOR,DS_CUSTOM_LIBRARY/packs/HG_Engine_DS_Sprites/komala/icon.png,DS_CUSTOM_LIBRARY/packs/DrPrettyman_DS_64x64/sprites-raw/IconSpritesResource/komala.png,979c7c74833cab3891eb071bef5adef5b6ab44d40e3dd406e535eb4307bec181,e09ecddfa0e1ad698f33fb5e9dd3d94a48c49d8e3e558ed1839d21cdef653786,3b583d0670500182a23ca06d617592f334b03633ddc72d53f49b05eb4d91b2fe,HG_Engine_DS_Sprites,DrPrettyman_DS_64x64
PURE_PALETTE_RECOLOR,DS_CUSTOM_LIBRARY/packs/HG_Engine_DS_Sprites/pikachu_unova_cap/icon.png,DS_CUSTOM_LIBRARY/packs/DrPrettyman_DS_64x64/sprites-raw/IconSpritesResource/pikachu-unova-cap.png,17a550dee68aa25ab0fc22fe747636aecc225a040d0042668265ce47d3381ff4,a13e4d99deb74eb49b498a4cdd5ba311316ce7800ac4a017850a4540c0decde1,2996169479d89781a321227c434359739a71a83c98156bfa712dfad7abc33e7a,HG_Engine_DS_Sprites,DrPrettyman_DS_64x64
PURE_PALETTE_RECOLOR,DS_CUSTOM_LIBRARY/packs/HG_Engine_DS_Sprites/chewtle/icon.png,DS_CUSTOM_LIBRARY/packs/DrPrettyman_DS_64x64/sprites-raw/IconSpritesResource/chewtle.png,4d681270e7af7b72a4b9b4abd199d1ce81d549096a9f6cbbc1d1fe09272bcd83,295632fc95ebd587f232a9cce5cad79f7eb601aa284b89ff30d364bf26add198,083db56b3688be824d26308e3f046317b5e5b6564d7404b2490f3272655fa5a2,HG_Engine_DS_Sprites,DrPrettyman_DS_64x64
PURE_PALETTE_RECOLOR,DS_CUSTOM_LIBRARY/packs/HG_Engine_DS_Sprites/centiskorch/icon.png,DS_CUSTOM_LIBRARY/packs/DrPrettyman_DS_64x64/sprites-raw/IconSpritesResource/centiskorch.png,193ad0fe342dd63fd8f28206fd344d123fa625d0296fcf97f1d208a804019166,dd7b84dcc2e28bf585b3e709416c150993d97a06d24bebdcc6e6c3775feed5df,2a7fc0f5dd9280c389f505e1bff0d068b024a0150d250faa4faae19457c83409,HG_Engine_DS_Sprites,DrPrettyman_DS_64x64
PURE_PALETTE_RECOLOR,DS_CUSTOM_LIBRARY/packs/HG_Engine_DS_Sprites/unown_h/icon.png,DS_CUSTOM_LIBRARY/packs/DrPrettyman_DS_64x64/sprites-raw/IconSpritesResource/unown-h.png,ad439dcfc69f84418081f59cf121b2a8b364c45f894017c42c0335f94e5d1802,d93fac60d608ef49a7dbfd59247d62b20e9cbcdfd36dc8a44fb96349aeb83e12,0acc5561ea28be7ebb0193c9b6012f49b350e97186bb47989a44ee6b403e17a2,HG_Engine_DS_Sprites,DrPrettyman_DS_64x64
PURE_PALETTE_RECOLOR,DS_CUSTOM_LIBRARY/packs/HG_Engine_DS_Sprites/mega_manectric/icon.png,DS_CUSTOM_LIBRARY/packs/DrPrettyman_DS_64x64/sprites-raw/IconSpritesResource/manectric-mega.png,42c8f6bc3c66b287a9ce4e91a03daf09f7b7fc9d23516c2afd6b3aef383db139,7ef2bfb16e498dfa331d08bfd0045f6ffc9ae51524f6c0c722bdd2fa0dec5e77,1a2cac94f2f69411707deeb14d38a64ae5b59ba27055eb5d6a8dc73575f85933,HG_Engine_DS_Sprites,DrPrettyman_DS_64x64
PURE_PALETTE_RECOLOR,DS_CUSTOM_LIBRARY/packs/HG_Engine_DS_Sprites/poipole/icon.png,DS_CUSTOM_LIBRARY/packs/DrPrettyman_DS_64x64/sprites-raw/IconSpritesResource/poipole.png,ca6c90364e52389bdfe9e0f6a02d83a4ecfea65ba8cc0d19a18e5dce946c8312,729e3742d0f14e5e80e4ff2258a37d21ed3fec422e1d12e28cd4dab7f8754cbf,2f37f01a95d575c3df5301d2a6c8f54d003f0e19f982fa1ede87884f9df8baad,HG_Engine_DS_Sprites,DrPrettyman_DS_64x64
PURE_PALETTE_RECOLOR,DS_CUSTOM_LIBRARY/packs/HG_Engine_DS_Sprites/snom/icon.png,DS_CUSTOM_LIBRARY/packs/DrPrettyman_DS_64x64/sprites-raw/IconSpritesResource/snom.png,8b3ee7ed1b0a4a1c2c32ace9ac5e5a1bcb424b666edf46a258d86053b3cf849f,077fc4a36e3d82111156fa900355f045cbc6b8263dd32fce56a40d69aefc8d15,f2ee2b699f7333d03eb8382257fa4058a1667d1b3457f0f90217b022bdaaba59,HG_Engine_DS_Sprites,DrPrettyman_DS_64x64
PURE_PALETTE_RECOLOR,DS_CUSTOM_LIBRARY/packs/HG_Engine_DS_Sprites/mega_banette/icon.png,DS_CUSTOM_LIBRARY/packs/DrPrettyman_DS_64x64/sprites-raw/IconSpritesResource/banette-mega.png,48451a9933812e9020e2f92defbb2d497f6944afc8508116be99f774b9d98184,ab58bdc7fa2d26c3216ec3df8d70aa149bd69c56e5fb637ce25e874986591c6f,8fa231fcfc94ba10a1b18f5bfddb27d19ab34f5c4632f01d6fe0aaf0bcc60cd2,HG_Engine_DS_Sprites,DrPrettyman_DS_64x64
PURE_PALETTE_RECOLOR,DS_CUSTOM_LIBRARY/packs/HG_Engine_DS_Sprites/mega_froslass/icon.png,DS_CUSTOM_LIBRARY/packs/DrPrettyman_DS_64x64/sprites-raw/IconSpritesResource/froslass-mega.png,1d96aed9d6911a142e7175ae9da3752ec87e57d14c3362e45882932adc2276ac,7af5207774dc3a840c91ed6bbe0daf86b9b6fa4dba8fb91e621b82a2c898b85b,c5ebd1ef6e7494c04ecdf5ae6be73d140f804cf7cef7cb31d3ad1e998e3c9391,HG_Engine_DS_Sprites,DrPrettyman_DS_64x64
PURE_PALETTE_RECOLOR,DS_CUSTOM_LIBRARY/packs/HG_Engine_DS_Sprites/sizzlipede/icon.png,DS_CUSTOM_LIBRARY/packs/DrPrettyman_DS_64x64/sprites-raw/IconSpritesResource/sizzlipede.png,6c38ad24860df13b6e315ea9fc5a663ce796c4ff68fb63f4af10e7fffb70b598,f8eed43cc9d8124a49d52a437f0360ac45f0dfb1794da5ce783a9b7aee612281,9266905d6fd6542176e14d6b7672d868f7e74b252995952c8d5a8b9b914c2424,HG_Engine_DS_Sprites,DrPrettyman_DS_64x64
PURE_PALETTE_RECOLOR,DS_CUSTOM_LIBRARY/packs/HG_Engine_DS_Sprites/steenee/icon.png,DS_CUSTOM_LIBRARY/packs/DrPrettyman_DS_64x64/sprites-raw/IconSpritesResource/steenee.png,ce5dae01f5b16f61b55a3e43e7475965f0de739d46b10090355b95570f086ea7,ed40c18971adcce1e469cdd3e0521460eb7c844de29b588f54f55a26a68a50fa,da4d8ca5bbe8c7f7c4872f533e0417672e8afbdcef0b9b4fe8cbfed0087cadf4,HG_Engine_DS_Sprites,DrPrettyman_DS_64x64
PURE_PALETTE_RECOLOR,DS_CUSTOM_LIBRARY/packs/HG_Engine_DS_Sprites/vivillon_modern/icon.png,DS_CUSTOM_LIBRARY/packs/DrPrettyman_DS_64x64/sprites-raw/IconSpritesResource/vivillon-modern.png,710c5c15dcbdcc777eb031ace0a6ecfb06b393e358a289e2f8286902e6fc2097,113041b14283bc4bb6f33f51f9ce45ceffceaededbe4effe114a494182dbec70,70596117bf1596f9b8f0efeeb6c91a4bfafa815134551997a531989921874bdc,HG_Engine_DS_Sprites,DrPrettyman_DS_64x64
PURE_PALETTE_RECOLOR,DS_CUSTOM_LIBRARY/packs/HG_Engine_DS_Sprites/decidueye/icon.png,DS_CUSTOM_LIBRARY/packs/DrPrettyman_DS_64x64/sprites-raw/IconSpritesResource/decidueye.png,a69f8801efa4f43965557b2c5a205f80356318162326e0b6194ef012eea6cec2,8d1a45da22e5d449b093ede560b56d621999fdb812493d4b0c70e78853074a02,d2ca7ff422e321c78776f954356dbd928cbc92cdb5600533bf35ce561d507b6e,HG_Engine_DS_Sprites,DrPrettyman_DS_64x64
PURE_PALETTE_RECOLOR,DS_CUSTOM_LIBRARY/packs/HG_Engine_DS_Sprites/oricorio_pom_pom/icon.png,DS_CUSTOM_LIBRARY/packs/DrPrettyman_DS_64x64/sprites-raw/IconSpritesResource/oricorio-pom-pom.png,93c32bcf8df04f7a4675c1c56fca044ae8d5ea85d111043b1a6db1271f677cf4,0398003c4e71e59cfbd21ca682e2ea4a476069cfd1ccf8d996faa978e33acf0b,50b054a2e94fcad996ddd5d2784368ccfe8b3d2dd7914a7a8c932aa1dafdbf3d,HG_Engine_DS_Sprites,DrPrettyman_DS_64x64
PURE_PALETTE_RECOLOR,DS_CUSTOM_LIBRARY/packs/HG_Engine_DS_Sprites/vivillon_marine/icon.png,DS_CUSTOM_LIBRARY/packs/DrPrettyman_DS_64x64/sprites-raw/IconSpritesResource/vivillon-marine.png,317a50579a7cd529e623450812de6fc38f023916509b2ac18ecd125db9eb40bc,1b9bb1ef1621cffc5103806dff42a924ebff63be60a8b86811593f4860610fae,045702b32a6b58119732b5c9b8927ecf1f456d5a14418e9d4904345e8bd6a5f9,HG_Engine_DS_Sprites,DrPrettyman_DS_64x64
PURE_PALETTE_RECOLOR,DS_CUSTOM_LIBRARY/packs/HG_Engine_DS_Sprites/bewear/icon.png,DS_CUSTOM_LIBRARY/packs/DrPrettyman_DS_64x64/sprites-raw/IconSpritesResource/bewear.png,30f5b6db35963113da286f9c9d5c176c0aef8047318a3686d6fb55b1c7b47bb8,06e42e0290862bde733e92d90e50ed74f7a53e8da9e600f5161739a16cde67ea,43d79d7ea57d57c3e636cf4982799b99445f9cf0be64c19f81dc1ee89d5eec41,HG_Engine_DS_Sprites,DrPrettyman_DS_64x64
PURE_PALETTE_RECOLOR,DS_CUSTOM_LIBRARY/packs/HG_Engine_DS_Sprites/gumshoos/icon.png,DS_CUSTOM_LIBRARY/packs/DrPrettyman_DS_64x64/sprites-raw/IconSpritesResource/gumshoos.png,b4f671ff52a30bd90a9dede044935fa05efb1fe6cd521acc4794d01ff7915d31,61b82b1a7865e890f9e01c212c5205a210770a5b3f873b8466275236f669acab,44c081dea5ec5a2e57cfb9e610ebf08ff52e1ce7e52d90c7f533a469bde6fa17,HG_Engine_DS_Sprites,DrPrettyman_DS_64x64
PURE_PALETTE_RECOLOR,DS_CUSTOM_LIBRARY/packs/HG_Engine_DS_Sprites/morelull/icon.png,DS_CUSTOM_LIBRARY/packs/DrPrettyman_DS_64x64/sprites-raw/IconSpritesResource/morelull.png,e8e62d4bb6e7f29248c53e4efbfa895f26bc7610c10f45af25d9233b1590c256,951f99cc847f973df06fc9586a076704bc8b3a6fb3695b39a0ee5a45768ced60,1141dd369fe4a1cf825f00d840a79e0906d34f66fe8a6282427951bfd19f87e7,HG_Engine_DS_Sprites,DrPrettyman_DS_64x64
PURE_PALETTE_RECOLOR,DS_CUSTOM_LIBRARY/packs/HG_Engine_DS_Sprites/scorbunny/icon.png,DS_CUSTOM_LIBRARY/packs/DrPrettyman_DS_64x64/sprites-raw/IconSpritesResource/scorbunny.png,42f679b2c2d07520226fbb5aeab9df20897a108d5e463727a1ca9d8f73c06e3c,4705b826742a94d552f037e7a30ead04c11ec5ae12ca7c1e2930dfc0e7cecd77,0d1596145d883a6b67e4bd00505eb4beb531601039256c553ca3ab8f172b1951,HG_Engine_DS_Sprites,DrPrettyman_DS_64x64
PURE_PALETTE_RECOLOR,DS_CUSTOM_LIBRARY/packs/HG_Engine_DS_Sprites/impidimp/icon.png,DS_CUSTOM_LIBRARY/packs/DrPrettyman_DS_64x64/sprites-raw/IconSpritesResource/impidimp.png,ec1c64049515b37987b5ee55ea8631c82abe2eba183f42e2258868a300a06480,df098a31ce02ad8796c55f57368f27e614b521f58278ec2c5a877adb9d944ba4,d5e84776c3736f0c08af17ea39f257b8c31f246f45c5bb075c85b1e94b816c77,HG_Engine_DS_Sprites,DrPrettyman_DS_64x64
PURE_PALETTE_RECOLOR,DS_CUSTOM_LIBRARY/packs/HG_Engine_DS_Sprites/ponyta_galarian/icon.png,DS_CUSTOM_LIBRARY/packs/DrPrettyman_DS_64x64/sprites-raw/IconSpritesResource/ponyta-galar.png,e8cc962eff091fc313cb78d37c5ddbd608f45529f4d36fcb02aa110dc9469150,a606648856952be30b4e6d62336c93e3a51bf2cfa33a26c82952dab205e419c4,06ce79b511000f4397cb2ee4b68fd9d4d5092dc2deff809029a43b64b93ff6b1,HG_Engine_DS_Sprites,DrPrettyman_DS_64x64
PURE_PALETTE_RECOLOR,DS_CUSTOM_LIBRARY/packs/HG_Engine_DS_Sprites/mr_mime_galarian/icon.png,DS_CUSTOM_LIBRARY/packs/DrPrettyman_DS_64x64/sprites-raw/IconSpritesResource/mr-mime-galar.png,70b48aa953782b4aa3a4266e54c9145d6260489601918f9fa61193630c833759,2ac2a74756455be9247abd3c959bbd05ee9f0966cb2650b084044cceeb479717,4647d0592f1e39f885ff6fa9a391fcdcfdbefb167f28123b192423284fe6f8d6,HG_Engine_DS_Sprites,DrPrettyman_DS_64x64
PURE_PALETTE_RECOLOR,DS_CUSTOM_LIBRARY/packs/HG_Engine_DS_Sprites/vivillon_poke_ball/icon.png,DS_CUSTOM_LIBRARY/packs/DrPrettyman_DS_64x64/sprites-raw/IconSpritesResource/vivillon-poke-ball.png,309134d6be2fa0ccb478b202309af77167f9e85d5bf56cfb8a9558a83ef5ab21,4d6ab5629ea9f8b122b113aabdad3eb1249a3667049294ab3621947c8c3469fc,d330c5671922dcdc394bd9b707d78a04bd1ea88c01015ef1b92929d242b64f45,HG_Engine_DS_Sprites,DrPrettyman_DS_64x64
PURE_PALETTE_RECOLOR,DS_CUSTOM_LIBRARY/packs/HG_Engine_DS_Sprites/cramorant/icon.png,DS_CUSTOM_LIBRARY/packs/DrPrettyman_DS_64x64/sprites-raw/IconSpritesResource/cramorant.png,e43369c5650a15272f4da369ea3c8071d665a3900208234f3ab0884ab1e2d67a,e393f3dc1384e140cb778a751d4e0cd256679706cddaf4e38b2eb8784517f2bf,5fdf4faaae63b42a173590d19f14bf24a0f56127cf6c401d13ea8fe8f29985ce,HG_Engine_DS_Sprites,DrPrettyman_DS_64x64
PURE_PALETTE_RECOLOR,DS_CUSTOM_LIBRARY/packs/HG_Engine_DS_Sprites/hattrem/icon.png,DS_CUSTOM_LIBRARY/packs/DrPrettyman_DS_64x64/sprites-raw/IconSpritesResource/hattrem.png,bdab1194444e5a5e4e202bb4fdf67a3ed785e5739c126d98d571038263887965,062d2d8fb7775ff4d6eb7136beff659e63dfed4e698b88086acf1f20d87c7c0e,e436b3135eab8085edf2d52148f443999929e46eb278c0ffdf705abdc869b32f,HG_Engine_DS_Sprites,DrPrettyman_DS_64x64
PURE_PALETTE_RECOLOR,DS_CUSTOM_LIBRARY/packs/HG_Engine_DS_Sprites/indeedee/icon.png,DS_CUSTOM_LIBRARY/packs/DrPrettyman_DS_64x64/sprites-raw/IconSpritesResource/indeedee-male.png,8376c47090f70c144c7601f72c9d362b7c13739a6d179f130021e35f4291ea1a,52dfa8a6c168a1f6a7c8df5136d39a6f8152228994d9a53da3ddcb12033ec287,7902290f774abe0857991b3522700d091494bce8d71a1ebfb227f8721134266d,HG_Engine_DS_Sprites,DrPrettyman_DS_64x64
PURE_PALETTE_RECOLOR,DS_CUSTOM_LIBRARY/packs/HG_Engine_DS_Sprites/vivillon_garden/icon.png,DS_CUSTOM_LIBRARY/packs/DrPrettyman_DS_64x64/sprites-raw/IconSpritesResource/vivillon-garden.png,c31645d241d4c583ed52ba0873551570341519506f54dac578f582b5b86c1c0e,b074acdbf5c3c218a10b50fd24c618af09e08b27443352deb7432e5ba39d4e5d,1a49f566730a38f7ee0c083a1cf6729206ced552bbe5e94f1c2304d1e1844e5e,HG_Engine_DS_Sprites,DrPrettyman_DS_64x64
PURE_PALETTE_RECOLOR,DS_CUSTOM_LIBRARY/packs/HG_Engine_DS_Sprites/dubwool/icon.png,DS_CUSTOM_LIBRARY/packs/DrPrettyman_DS_64x64/sprites-raw/IconSpritesResource/dubwool.png,8b13c6c57261deb45ba5e59220d0041fdbd22eb662d8218eb46fba53c4077192,503eed0c80521dd14a806450984a76a74df35715cab41ca3792267d18133ce1d,65ab64bfedadfe57cc6c54801baa565c22a79476ca8c8e59a973a1d5f0765a8d,HG_Engine_DS_Sprites,DrPrettyman_DS_64x64
PURE_PALETTE_RECOLOR,DS_CUSTOM_LIBRARY/packs/HG_Engine_DS_Sprites/raticate_alolan/icon.png,DS_CUSTOM_LIBRARY/packs/DrPrettyman_DS_64x64/sprites-raw/IconSpritesResource/raticate-alola.png,2718635499b1f68c927556b78c542320329939a1c9f009fdcf53e1383aad0438,d728d1186897d6f6ce2379e77492001a97ee37927808714b43fd07560de9fa21,c33ac0ba08d532dd3bea4d6435406fe26614a3d49cdb2b6129205ac41b5bfcdf,HG_Engine_DS_Sprites,DrPrettyman_DS_64x64
PURE_PALETTE_RECOLOR,DS_CUSTOM_LIBRARY/packs/HG_Engine_DS_Sprites/meowth_alolan/icon.png,DS_CUSTOM_LIBRARY/packs/DrPrettyman_DS_64x64/sprites-raw/IconSpritesResource/meowth-alola.png,88458211f1ac96d8daaecb9a05af185a0e88db096007026587dcab43458e6539,480ab6b9fceceff7a7d6d3eadef7a1d2cbc2826ea16c5264b44fd65728a60b8b,a475208feb2957b13e42e108634208b651600dc2161bdbc6e49606b2a665231e,HG_Engine_DS_Sprites,DrPrettyman_DS_64x64
PURE_PALETTE_RECOLOR,DS_CUSTOM_LIBRARY/packs/HG_Engine_DS_Sprites/inteleon/icon.png,DS_CUSTOM_LIBRARY/packs/DrPrettyman_DS_64x64/sprites-raw/IconSpritesResource/inteleon.png,c59164b9dbc0de8f68c247efdcd55dcc5508b524ca68bddb6cabc976080182ab,1f0eb03c0e6c575ee41b784550d0047f710d7f52dd6ca77a6e68d6381160915e,f3536ca82db4ba3b6aa9a9869f183ace3137b20c581ac972d07115ff24d50670,HG_Engine_DS_Sprites,DrPrettyman_DS_64x64
PURE_PALETTE_RECOLOR,DS_CUSTOM_LIBRARY/packs/HG_Engine_DS_Sprites/tyrantrum/icon.png,DS_CUSTOM_LIBRARY/packs/DrPrettyman_DS_64x64/sprites-raw/IconSpritesResource/tyrantrum.png,531faf33f945f36e77a9f391515d67b0d1600cfa4870585afa4e33c59459501d,abe4256e9d02eca6661436c3ec85778d9824bd19b9b0f17731d0b16d6f1e582d,42e0e6dfd9267ed2b95e4026f802e07a4edc9acecd145991caae60cd39b8e977,HG_Engine_DS_Sprites,DrPrettyman_DS_64x64
PURE_PALETTE_RECOLOR,DS_CUSTOM_LIBRARY/packs/HG_Engine_DS_Sprites/vivillon_jungle/icon.png,DS_CUSTOM_LIBRARY/packs/DrPrettyman_DS_64x64/sprites-raw/IconSpritesResource/vivillon-jungle.png,bc7b47248d1b96d1921938181cee72a571f19ac9973f1c216d708c64d76d0971,7a88c98101d0f5ae678ef4299fc45435cc9acee2a6dce63834c33740587a72b3,8b23fcfb5fb77fbb8b18f99d6b408c438dfd4fcb261fa0222aae9cb558d5c8b0,HG_Engine_DS_Sprites,DrPrettyman_DS_64x64
PURE_PALETTE_RECOLOR,DS_CUSTOM_LIBRARY/packs/HG_Engine_DS_Sprites/mega_victreebel/icon.png,DS_CUSTOM_LIBRARY/packs/DrPrettyman_DS_64x64/sprites-raw/IconSpritesResource/victreebel-mega.png,b0bdf46731b2c6581668670738db93cabda10b32ef6b9fe5839b501f5c77f21e,68690b236eda7e1dff18c986487f93a7fce938512dbafcf87cc69ec61974c924,80268b3bc643db15846fbde28bdfa603f4ecea6f63e3734de176518489252759,HG_Engine_DS_Sprites,DrPrettyman_DS_64x64
PURE_PALETTE_RECOLOR,DS_CUSTOM_LIBRARY/packs/HG_Engine_DS_Sprites/meltan/icon.png,DS_CUSTOM_LIBRARY/packs/DrPrettyman_DS_64x64/sprites-raw/IconSpritesResource/meltan.png,b8a5cf62702171615f42e82bd7bb70ff7243f9ffe88eb3d2d5145a560472889c,9ac8c3576bb3fe0e6c6cd40957f9f439f77be3f786dbd631e4955f2a7a0cc625,ae80821046b116abe2804e6c37fd5cb8c3c9ab40a9a3c236f2d8d72a2c416e8c,HG_Engine_DS_Sprites,DrPrettyman_DS_64x64
PURE_PALETTE_RECOLOR,DS_CUSTOM_LIBRARY/packs/HG_Engine_DS_Sprites/sobble/icon.png,DS_CUSTOM_LIBRARY/packs/DrPrettyman_DS_64x64/sprites-raw/IconSpritesResource/sobble.png,a8026ca89c092218dbcffaf70e5fa404e548c1a761b7f6cae6507123f3a9d0a5,9389cd9ab793fa06cdeafdcd0bbc60f7a437e3bc097fdd376bb70cb8887ecf14,5a8bad417abcf35e95d5591e96aa67c2f3f6ed65aa595e15bca6acc52404703d,HG_Engine_DS_Sprites,DrPrettyman_DS_64x64
PURE_PALETTE_RECOLOR,DS_CUSTOM_LIBRARY/packs/HG_Engine_DS_Sprites/lunala/icon.png,DS_CUSTOM_LIBRARY/packs/DrPrettyman_DS_64x64/sprites-raw/IconSpritesResource/lunala.png,bebafa7a4014f349dbdfd6eac2089e3b8aeda3d1218c8b6ef631faa95e962dcc,c517b2152240dfa580db1c369e9e9068887c46d1984edc871ff91f899bf7006c,cfb660818090ec8935322e8cbd35309437474a8840048739e2cd10f3751c850e,HG_Engine_DS_Sprites,DrPrettyman_DS_64x64
PURE_PALETTE_RECOLOR,DS_CUSTOM_LIBRARY/packs/HG_Engine_DS_Sprites/toxtricity/icon.png,DS_CUSTOM_LIBRARY/packs/DrPrettyman_DS_64x64/sprites-raw/IconSpritesResource/toxtricity-amped.png,74f95c7e0cbe017fbd42fc7798e09c31daacfd168cf777cf8cd44d6c0db846e1,352c303027df9c6b7f2f0dad3bfd6f0e37102ef574f882973ead9bba6fbe59ee,bde2b18d07e3f3a1f12d57068060f4878003f32a10e6ddead0de785fd04782a4,HG_Engine_DS_Sprites,DrPrettyman_DS_64x64
PURE_PALETTE_RECOLOR,DS_CUSTOM_LIBRARY/packs/HG_Engine_DS_Sprites/dhelmise/icon.png,DS_CUSTOM_LIBRARY/packs/DrPrettyman_DS_64x64/sprites-raw/IconSpritesResource/dhelmise.png,065d3e7c929f06a3e1fdb25444c5ba8f2fde014425064ddf3b25b9ab71af1cdf,94fdb1c286b6ac737ed7242b8829cfb8ae9a7c9434ac4af0c1cf1e6c85fc153b,213dc7fa63619dca5592e00ad0b7488c936676ea61cd4034f41fcee7cf742096,HG_Engine_DS_Sprites,DrPrettyman_DS_64x64
PURE_PALETTE_RECOLOR,DS_CUSTOM_LIBRARY/packs/HG_Engine_DS_Sprites/unown_u/icon.png,DS_CUSTOM_LIBRARY/packs/DrPrettyman_DS_64x64/sprites-raw/IconSpritesResource/unown-u.png,c947ec5960cf4d6f309276affd60d4af399002f4fdb4a3db66c3a47aa2a38421,86cf4636f47ce13fa9f03e04c5568ec3b9f2ff9024da96c2c77ee897d60c876d,198a9d1f3324df7359f62915b65793c9df9015712165fe05104aa00ff073b526,HG_Engine_DS_Sprites,DrPrettyman_DS_64x64
PURE_PALETTE_RECOLOR,DS_CUSTOM_LIBRARY/packs/HG_Engine_DS_Sprites/vivillon_fancy/icon.png,DS_CUSTOM_LIBRARY/packs/DrPrettyman_DS_64x64/sprites-raw/IconSpritesResource/vivillon-fancy.png,404182f2b666e9578e571ba06caed6c4950d082225eb5f8be99810b2414a9427,e2ce10f3ff80d710a3da2144826062ec4eb94994be9208fc4335d9f2bcb17aeb,846c91fa180028d501a449285e039210aeb1e25d4068241ea4a263d374307779,HG_Engine_DS_Sprites,DrPrettyman_DS_64x64
PURE_PALETTE_RECOLOR,DS_CUSTOM_LIBRARY/packs/HG_Engine_DS_Sprites/unown_k/icon.png,DS_CUSTOM_LIBRARY/packs/DrPrettyman_DS_64x64/sprites-raw/IconSpritesResource/unown-k.png,7b52442c65a5230535c58808a9eee6198dbe477b811d87e55e2027bdbcac3575,0aa553397f86b412493e92cd2f89a9f381a68fe3ddf5fa188d624602c6c7fbc7,f3760e61c7a6ae9be52e9292299d56dc5e3eb3d096be71cd0854a7a77264bc83,HG_Engine_DS_Sprites,DrPrettyman_DS_64x64
PURE_PALETTE_RECOLOR,DS_CUSTOM_LIBRARY/packs/HG_Engine_DS_Sprites/graveler_alolan/icon.png,DS_CUSTOM_LIBRARY/packs/DrPrettyman_DS_64x64/sprites-raw/IconSpritesResource/graveler-alola.png,ac6d3c9425948827fdd7e8a4ea14a59c65a92046962e4e3b694ebfbe30c5b057,03096df0f88a6feb60d9146ce3504f49af8caf3afcfd09fb7a88fb9f6e12a666,a911601aac4c0bb2f2c7bca55bd5f1cfda8de2a8e23d1164a36faf0eb33f9f27,HG_Engine_DS_Sprites,DrPrettyman_DS_64x64
PURE_PALETTE_RECOLOR,DS_CUSTOM_LIBRARY/packs/HG_Engine_DS_Sprites/grapploct/icon.png,DS_CUSTOM_LIBRARY/packs/DrPrettyman_DS_64x64/sprites-raw/IconSpritesResource/grapploct.png,22db7c1d09822c0c82fd5af168a03ba7ac8821feb08aa0fae8acab1684538487,d1fd07b8584277422df5219528b50261777d1691cc9094d83d432ca3faf8bf81,dcba3c9a97ad46c073351b399bc6c5a1e935e0b42e0185cd53897e2ef0cbabf9,HG_Engine_DS_Sprites,DrPrettyman_DS_64x64
PURE_PALETTE_RECOLOR,DS_CUSTOM_LIBRARY/packs/HG_Engine_DS_Sprites/unown_n/icon.png,DS_CUSTOM_LIBRARY/packs/DrPrettyman_DS_64x64/sprites-raw/IconSpritesResource/unown-n.png,5885f166580eb5f59db08d77a7715e90788a6460060e31ef9447ea112fe29ccc,c626613cee09073b189e61faae1e4025eb577bca7db1ee7ee1571fe3edebafed,306e2a81bf67b7e62e2d9f6e8c61ec5745e2606a142ef66963f41d578921179a,HG_Engine_DS_Sprites,DrPrettyman_DS_64x64
PURE_PALETTE_RECOLOR,DS_CUSTOM_LIBRARY/packs/HG_Engine_DS_Sprites/mega_greninja/icon.png,DS_CUSTOM_LIBRARY/packs/DrPrettyman_DS_64x64/sprites-raw/IconSpritesResource/greninja-mega.png,76c0bdb87039d0ee4e8ca8fa49a139593bd702495e9bc15b766aca15cf74675d,7f680c6d08b4dcb66ca2468a6432021f4aab926320dc2050f2612db7c81a6405,64624eee4e93d26f0395cd0ef6fc7ea10ea714fbaeb507dc5f0a1cbc33443bf5,HG_Engine_DS_Sprites,DrPrettyman_DS_64x64
PURE_PALETTE_RECOLOR,DS_CUSTOM_LIBRARY/packs/HG_Engine_DS_Sprites/unown_f/icon.png,DS_CUSTOM_LIBRARY/packs/DrPrettyman_DS_64x64/sprites-raw/IconSpritesResource/unown-f.png,57f7679c1939698b70dc773602d3b51e28803e0892cb8f83a34b510a4cd8f030,588c65ce2bbe08f85b2250163bbfa667cec0eba955fb5bc691b231615e59b16a,708d6cbd77d4ac6d78b59fabc67fdc01425c23eb4ad5515977802a529dc35173,HG_Engine_DS_Sprites,DrPrettyman_DS_64x64
PURE_PALETTE_RECOLOR,DS_CUSTOM_LIBRARY/packs/HG_Engine_DS_Sprites/mimikyu/icon.png,DS_CUSTOM_LIBRARY/packs/DrPrettyman_DS_64x64/sprites-raw/IconSpritesResource/mimikyu-disguised.png,d7060d3a18015c60393f9c536d3b697e9c7060a6b0a50a388bdf3e4df18af0df,c09b8646ecd6da1ba061fa9670b6ce590f47268eb0ab88d1f73a3d626f36e911,1d2b01ee6352dc1b28cbd96f0ab84582cb5bd6c783a7939235fcd4a9d1f59183,HG_Engine_DS_Sprites,DrPrettyman_DS_64x64
PURE_PALETTE_RECOLOR,DS_CUSTOM_LIBRARY/packs/HG_Engine_DS_Sprites/vivillon_river/icon.png,DS_CUSTOM_LIBRARY/packs/DrPrettyman_DS_64x64/sprites-raw/IconSpritesResource/vivillon-river.png,1fe7906276300ad451650d15ac723a188c0863e0f7f762e06670ad1a4bccab49,24dca473b362d7297db28b079231f0775b89fc25727777fc996438266ff6ef1d,7ce0bcc73c3bb3fdb2e7c87124239c8da644dd4fffd4e24830c6d33672aa0914,HG_Engine_DS_Sprites,DrPrettyman_DS_64x64
PURE_PALETTE_RECOLOR,DS_CUSTOM_LIBRARY/packs/HG_Engine_DS_Sprites/unown_l/icon.png,DS_CUSTOM_LIBRARY/packs/DrPrettyman_DS_64x64/sprites-raw/IconSpritesResource/unown-l.png,413935783ce00ef79d2aeae7063766902638f25a44b000a2c0965f175e7c70fa,8894f34d5b46eac733cae9391d4f3ceecf16b3c4ee7d309dbf343d957e597db8,e06b52d7173243490d1ba337226e2d56d6b3b3d1bc7937f155060f7598f7fa26,HG_Engine_DS_Sprites,DrPrettyman_DS_64x64
PURE_PALETTE_RECOLOR,DS_CUSTOM_LIBRARY/packs/HG_Engine_DS_Sprites/vivillon_meadow/icon.png,DS_CUSTOM_LIBRARY/packs/DrPrettyman_DS_64x64/sprites-raw/IconSpritesResource/vivillon-meadow.png,093ef291c2ff579d2efebf6a1c575f9e2bdf0cc360c40b77a1288ce418269e39,8aeb50a47d41426e54b7df527357dfc935253fdf0ae079550ec87e831d99979f,40ab413eba2a370ba454612caf738116c036d338d910b651d5fee5fe512a110d,HG_Engine_DS_Sprites,DrPrettyman_DS_64x64
PURE_PALETTE_RECOLOR,DS_CUSTOM_LIBRARY/packs/HG_Engine_DS_Sprites/mr_rime/icon.png,DS_CUSTOM_LIBRARY/packs/DrPrettyman_DS_64x64/sprites-raw/IconSpritesResource/mr-rime.png,1bd43bc4b6fdd70493f1fa8f067abda8b8c4d0d6ba14040e249478ae95dcd5de,a69b354afc181ed6fc303fdf2408b4e1737217074dc259f1d75556b38441c577,06ea5bbf2ff41931f135f92ed1edb76daf9fee38307feed69e662016ccb6e38d,HG_Engine_DS_Sprites,DrPrettyman_DS_64x64
PURE_PALETTE_RECOLOR,DS_CUSTOM_LIBRARY/packs/HG_Engine_DS_Sprites/milcery/icon.png,DS_CUSTOM_LIBRARY/packs/DrPrettyman_DS_64x64/sprites-raw/IconSpritesResource/milcery.png,0bbd104cdf381d43b563faf51943c711f4428227605af72096997e87c0c24a7b,b6de29ef3ca4331f36f054912cdd3dff84fd7117def95f4e6b0c711fecfdd9ea,2c1af6a67b5f73b205294985a0ff24fb0d9d6fcb806b0ff7d965151eba5cb6e5,HG_Engine_DS_Sprites,DrPrettyman_DS_64x64
PURE_PALETTE_RECOLOR,DS_CUSTOM_LIBRARY/packs/HG_Engine_DS_Sprites/furfrou_pharaoh/icon.png,DS_CUSTOM_LIBRARY/packs/DrPrettyman_DS_64x64/sprites-raw/IconSpritesResource/furfrou-pharaoh.png,0473407bcb2ea0177ca1e611c065dd3412d5c1a02bd4e4d9c88a23ba76434269,8f85ce70600d3efec2a9986929fbe461bfc97312f976607a8d56e3229f4d346b,c13dc6ed77a7c22c5b6914e080df0da802b0d0b658cee8ba5646fc5e46858740,HG_Engine_DS_Sprites,DrPrettyman_DS_64x64
PURE_PALETTE_RECOLOR,DS_CUSTOM_LIBRARY/packs/HG_Engine_DS_Sprites/unown_s/icon.png,DS_CUSTOM_LIBRARY/packs/DrPrettyman_DS_64x64/sprites-raw/IconSpritesResource/unown-s.png,4d24ef5f08db032f847f1f29a1e2e92d0a5639c2b53f1854a7c2e30fe2c62a0d,2cdcc2df1009597304377cd5bba055e1aa56de3e4a91ee6e10ee7f65d0ad5381,c8066a62f70590e9715c518eef05288720ecfd044f4bc70955006c932eb668ab,HG_Engine_DS_Sprites,DrPrettyman_DS_64x64
PURE_PALETTE_RECOLOR,DS_CUSTOM_LIBRARY/packs/HG_Engine_DS_Sprites/unown_v/icon.png,DS_CUSTOM_LIBRARY/packs/DrPrettyman_DS_64x64/sprites-raw/IconSpritesResource/unown-v.png,b1750cce899d47e9bb6d54834d0c98eb32cff5098eac0f84f58c691896c9893c,6b160f0101feb1565ecef3f46e2b0b5c5c3589dc199ac6928d0dd21310dec21b,de757aaf4c110ca1d5b6b0a9b4c3c4ad7d5f83fedc80aeb89dc8775a01d1b41c,HG_Engine_DS_Sprites,DrPrettyman_DS_64x64
PURE_PALETTE_RECOLOR,DS_CUSTOM_LIBRARY/packs/HG_Engine_DS_Sprites/morpeko/icon.png,DS_CUSTOM_LIBRARY/packs/DrPrettyman_DS_64x64/sprites-raw/IconSpritesResource/morpeko-full-belly.png,8bc7850430d8989c65c20b6d2cc91459a847d804f2b008e7eddbca0364090755,0624eaf327bcda3902076217794d3a001b348ed3e56835bbbc5cb3a9e1dc71e2,8da3f9ad05530ea4a6590e8f8918c3d1fd245e0f84ab914229f0ea5afcb36927,HG_Engine_DS_Sprites,DrPrettyman_DS_64x64
PURE_PALETTE_RECOLOR,DS_CUSTOM_LIBRARY/packs/HG_Engine_DS_Sprites/furfrou_star/icon.png,DS_CUSTOM_LIBRARY/packs/DrPrettyman_DS_64x64/sprites-raw/IconSpritesResource/furfrou-star.png,87b84f866794a28498112fbc278bde31d7d064844f115694f746c3b69040b5f8,26e4f99d0086824c639eb93943ef7de3586c93bc9060e0df4ac3190bc1c85009,cb4af9dab8f0f07249f947a03f5c92f292d556675c9c02cf6c6e2b1527ad088f,HG_Engine_DS_Sprites,DrPrettyman_DS_64x64
PURE_PALETTE_RECOLOR,DS_CUSTOM_LIBRARY/packs/HG_Engine_DS_Sprites/obstagoon/icon.png,DS_CUSTOM_LIBRARY/packs/DrPrettyman_DS_64x64/sprites-raw/IconSpritesResource/obstagoon.png,251ba90d45af9a90105042d7c1a3d9615c365e1c4edc0fe0759a1c076d48181e,d33049b5fa6d18734bd581f0bbe888f28b7702538c8d87d2400063eb0c593702,ce63509c9ef6a03c3344e70b14c2f8bd05369563bc699b4a75a938759bae6fb4,HG_Engine_DS_Sprites,DrPrettyman_DS_64x64
PURE_PALETTE_RECOLOR,DS_CUSTOM_LIBRARY/packs/HG_Engine_DS_Sprites/dewpider/icon.png,DS_CUSTOM_LIBRARY/packs/DrPrettyman_DS_64x64/sprites-raw/IconSpritesResource/dewpider.png,c36319b076ddafc142490693dd9e05985ca620f67e96654ccd94984d5e639065,6e45b4dae0f2dbf7a871e62cbc737ff3467188062bed4990d91d1e84d7a7af81,e9943090d2edd1529b16e3a6795a18bad1c3f1a8a91b950df34693848abec73e,HG_Engine_DS_Sprites,DrPrettyman_DS_64x64
PURE_PALETTE_RECOLOR,DS_CUSTOM_LIBRARY/packs/HG_Engine_DS_Sprites/mega_heatran/icon.png,DS_CUSTOM_LIBRARY/packs/DrPrettyman_DS_64x64/sprites-raw/IconSpritesResource/heatran-mega.png,81a1fa947cb3462842cccaaaaa93def1385164683f3f8ec6fe344c82887ca049,0ad4e1c8981f6cdd4babce2bf13c4352db809b42655f000eea2fc9590031e6b5,112fa6b8dc5372d54fc602cc756eeab5edbcbc0a63b24303d029e78c6b4b74e2,HG_Engine_DS_Sprites,DrPrettyman_DS_64x64
PURE_PALETTE_RECOLOR,DS_CUSTOM_LIBRARY/packs/HG_Engine_DS_Sprites/mega_gengar/icon.png,DS_CUSTOM_LIBRARY/packs/DrPrettyman_DS_64x64/sprites-raw/IconSpritesResource/gengar-mega.png,0aab3c766f146576d43661e7d4253bbafdca3f4b1bd407c49709b7da81b351f2,5390cf87533e5088b4ac4960bf19df4ae86f4642278a3663de83eabfac03363b,445ea94e900987c7041b93fcde286de1242ce8572247da05765315c6be42e297,HG_Engine_DS_Sprites,DrPrettyman_DS_64x64
PURE_PALETTE_RECOLOR,DS_CUSTOM_LIBRARY/packs/HG_Engine_DS_Sprites/mega_swampert/icon.png,DS_CUSTOM_LIBRARY/packs/DrPrettyman_DS_64x64/sprites-raw/IconSpritesResource/swampert-mega.png,933b36675cbe4cc42d3035906380393c2f8d7c82e9b9c222dc967319225a0045,863ef8119484dc4f6c45af3515170385fd9d9bd619241d914684fb814a423f5c,9c548ab03c9ae3a570388347429a6b0b1e48dd26f23593684f74d94dbe9c8d9a,HG_Engine_DS_Sprites,DrPrettyman_DS_64x64
PURE_PALETTE_RECOLOR,DS_CUSTOM_LIBRARY/packs/HG_Engine_DS_Sprites/diancie/icon.png,DS_CUSTOM_LIBRARY/packs/DrPrettyman_DS_64x64/sprites-raw/IconSpritesResource/diancie.png,aaf91a832c88c46f49b062b3642eba8069ee4be786c2f9334769d6710c884c89,ff0a3f504e5bbe0d7341a01ef8a0e6479d322117bd175d9ef86a6be0d5914f31,6449e78af1fe7c8c8ad57773156dc6a6221c1d7ce9ff33d69659150b1550f174,HG_Engine_DS_Sprites,DrPrettyman_DS_64x64
PURE_PALETTE_RECOLOR,DS_CUSTOM_LIBRARY/packs/HG_Engine_DS_Sprites/frosmoth/icon.png,DS_CUSTOM_LIBRARY/packs/DrPrettyman_DS_64x64/sprites-raw/IconSpritesResource/frosmoth.png,0e7d3b30528ffe9a8b6c730d2288f1bbaa0cff447d2529198b67c759578e758a,4404ea10184629e3b70b0d66c56d655c1c825905cc7abb9cb2ddce547c5fedef,27fa51834dbef6aa3811dd86933483716271c02be3a60a72d21a38cff1b8afd3,HG_Engine_DS_Sprites,DrPrettyman_DS_64x64
PURE_PALETTE_RECOLOR,DS_CUSTOM_LIBRARY/packs/HG_Engine_DS_Sprites/mega_malamar/icon.png,DS_CUSTOM_LIBRARY/packs/DrPrettyman_DS_64x64/sprites-raw/IconSpritesResource/malamar-mega.png,8d6ca29bef0735f88c52d69748e50f89eb3d3b6e65245230331757f55825f4fd,856c9548024344af611c334354a308b369b0d2f5255f05a1ac4ca6861980c6fb,5f67c3b22b183c129014c631561d2daa13ed0c105cbf1bc6cb8399ff729e9221,HG_Engine_DS_Sprites,DrPrettyman_DS_64x64
PURE_PALETTE_RECOLOR,DS_CUSTOM_LIBRARY/packs/HG_Engine_DS_Sprites/unown_d/icon.png,DS_CUSTOM_LIBRARY/packs/DrPrettyman_DS_64x64/sprites-raw/IconSpritesResource/unown-d.png,cd5d1266800953be4070484d079526d4c027b6ca4a5ae05d2be820555f8e0f3e,069fa591b9d3de40c55a9b807e354c8ac93c477358f004be85a073a6d8b8b791,e6b35bc4ebb55aabba8d635caa01ebbd312c7d69ed6a134e7cf122a1a56beb46,HG_Engine_DS_Sprites,DrPrettyman_DS_64x64
PURE_PALETTE_RECOLOR,DS_CUSTOM_LIBRARY/packs/HG_Engine_DS_Sprites/muk_alolan/icon.png,DS_CUSTOM_LIBRARY/packs/DrPrettyman_DS_64x64/sprites-raw/IconSpritesResource/muk-alola.png,48274d4a6e6d8fcd4881845d88b8aca6f38f664c84915f2d53123287a0fe0802,073c12a914a6b640afd250e73572498302982955d758e84b8a370a8b7b53377e,628e71e894f6c018d50dc8581aa6fc99efdedc9da8bbf26543a0609dee1748ee,HG_Engine_DS_Sprites,DrPrettyman_DS_64x64
PURE_PALETTE_RECOLOR,DS_CUSTOM_LIBRARY/packs/HG_Engine_DS_Sprites/noivern/icon.png,DS_CUSTOM_LIBRARY/packs/DrPrettyman_DS_64x64/sprites-raw/IconSpritesResource/noivern.png,2abf64acdd07d928dcec9b06e54330e3025828ecf9721e1901f44a6f569818fc,127674bc4c499abf87a765a86a1024da5df4fd97aa640ed934a6f0b32d26981d,ca99f73f589e351b0f5bed6aec5ccd9b31a5e166e8a716252ceb813bfa3736be,HG_Engine_DS_Sprites,DrPrettyman_DS_64x64
PURE_PALETTE_RECOLOR,DS_CUSTOM_LIBRARY/packs/HG_Engine_DS_Sprites/palossand/icon.png,DS_CUSTOM_LIBRARY/packs/DrPrettyman_DS_64x64/sprites-raw/IconSpritesResource/palossand.png,f629ffa7640424a88275a14860b1c563eb76daaa9534bebc6828869ecabd3148,249e2a6d106cc49b394b5ad8a39fa1a5510344af12ce85ce442c0f3cfafea2f7,6d95f4d46829c3959f5009c5588c7572361013456dd70167a0b09b7b0081fdea,HG_Engine_DS_Sprites,DrPrettyman_DS_64x64
PURE_PALETTE_RECOLOR,DS_CUSTOM_LIBRARY/packs/HG_Engine_DS_Sprites/jangmo_o/icon.png,DS_CUSTOM_LIBRARY/packs/DrPrettyman_DS_64x64/sprites-raw/IconSpritesResource/jangmo-o.png,ee39b4db4ab6102db9adbc2e71bebb96a156a310e27b8238a25220a015a9fa4f,6be5a9d541abbde080b55a4622cb5bb4dcd88998d8fd759d8cf09001296cc420,05fc0685148450f92a7b433958865757786335156befcb278aca772616362097,HG_Engine_DS_Sprites,DrPrettyman_DS_64x64
PURE_PALETTE_RECOLOR,DS_CUSTOM_LIBRARY/packs/HG_Engine_DS_Sprites/meowth_galarian/icon.png,DS_CUSTOM_LIBRARY/packs/DrPrettyman_DS_64x64/sprites-raw/IconSpritesResource/meowth-galar.png,53d4e9f41b0e5d8b8105aeefac247dacfbd7412d41a1c9989d9eb2a986e58cef,bda39e64503cb70930d6c7cf4d17d98550e48c559203b7a68846f2e0bd4dd3dc,1de1b9d212141a7f93b89eacb55bfbcbcec0bc7656d5eafc2a4edc5fdc461555,HG_Engine_DS_Sprites,DrPrettyman_DS_64x64
PURE_PALETTE_RECOLOR,DS_CUSTOM_LIBRARY/packs/HG_Engine_DS_Sprites/ribombee/icon.png,DS_CUSTOM_LIBRARY/packs/DrPrettyman_DS_64x64/sprites-raw/IconSpritesResource/ribombee.png,e10b1fe06910c0d465b699f782ec90465786bbecba5bae2495fce420b3021cf8,4a0328d8bb97ba78512ec6a5e3af27f566eac66a9832dfb7a3766129bc3143c8,e73e96e994404a32ef59ec2fa6442652764a6e04855218bc04b50e731e460de2,HG_Engine_DS_Sprites,DrPrettyman_DS_64x64
PURE_PALETTE_RECOLOR,DS_CUSTOM_LIBRARY/packs/HG_Engine_DS_Sprites/pikachu_cosplay/icon.png,DS_CUSTOM_LIBRARY/packs/DrPrettyman_DS_64x64/sprites-raw/IconSpritesResource/pikachu-cosplay.png,feccffc9beb6a3d177cf8bb46a86bec5f5d067ad409cad7e853e40b9b284a2f6,085481576ef401ed23f84ac43783ef61a75114e3e26954c1e2554b4a987123e9,31880763b8c0441ccc2af3a71c7e88aa4ae5d7c53f18e8fbbc6ec47949ca0752,HG_Engine_DS_Sprites,DrPrettyman_DS_64x64
PURE_PALETTE_RECOLOR,DS_CUSTOM_LIBRARY/packs/HG_Engine_DS_Sprites/furfrou_heart/icon.png,DS_CUSTOM_LIBRARY/packs/DrPrettyman_DS_64x64/sprites-raw/IconSpritesResource/furfrou-heart.png,8e63749f348d6505666fee199b45378c800bcb5bedda24938dd601301a97566d,292d0dd6e3e0c0b80ebf58f9a69a749c43f8def98c10797878907f763cc07d6a,67f58629d64c4afe1eadb9e1c24d5e55731fd18ba835c36d1461c654d6fda3e7,HG_Engine_DS_Sprites,DrPrettyman_DS_64x64
PURE_PALETTE_RECOLOR,DS_CUSTOM_LIBRARY/packs/HG_Engine_DS_Sprites/mega_emboar/icon.png,DS_CUSTOM_LIBRARY/packs/DrPrettyman_DS_64x64/sprites-raw/IconSpritesResource/emboar-mega.png,ad0844f12ba8aa5fcb3e821a05cc0247beeaee1266d10b3a111ca3fd280f7461,7b5b95ce3a44a3d9235ef31b75d02b904c6358368362ebe3fd80962fa7a64210,77d48ece73d102386d7c38e5bf446c43e67e6afd60eefaab53e1d4f3c35718c2,HG_Engine_DS_Sprites,DrPrettyman_DS_64x64
PURE_PALETTE_RECOLOR,DS_CUSTOM_LIBRARY/packs/HG_Engine_DS_Sprites/pikachu_pop_star/icon.png,DS_CUSTOM_LIBRARY/packs/DrPrettyman_DS_64x64/sprites-raw/IconSpritesResource/pikachu-pop-star.png,f3b2b0756748057156b32ab35ac1a584ebd8ba7bda9e6ddcd414c6a3aa9f609c,7279a7aed1b5cb3e55d22fe66f8ea2654b6b86be0a2f3762a791a79e763ad8dd,e6e4370c530f5ad62d8a4cad31fb1606276e42cafff35ac04977a1dc8d96d835,HG_Engine_DS_Sprites,DrPrettyman_DS_64x64
PURE_PALETTE_RECOLOR,DS_CUSTOM_LIBRARY/packs/HG_Engine_DS_Sprites/applin/icon.png,DS_CUSTOM_LIBRARY/packs/DrPrettyman_DS_64x64/sprites-raw/IconSpritesResource/applin.png,c48d0499e203edc271d1d52b6ab5daa1a88c89d94889edbf01832b767f27bfca,968ffd79be92ca8b67622743f4037aa2df5fb4f275b685f936f5f8d403a98ea3,f128257cafefb648e3b09f16b58ccc55ad835bad9d84f608318be2236ba566b1,HG_Engine_DS_Sprites,DrPrettyman_DS_64x64
PURE_PALETTE_RECOLOR,DS_CUSTOM_LIBRARY/packs/HG_Engine_DS_Sprites/passimian/icon.png,DS_CUSTOM_LIBRARY/packs/DrPrettyman_DS_64x64/sprites-raw/IconSpritesResource/passimian.png,acae78896b54ee83745a902786e0e21d3425e062400aadc6d307b221d9e4cb78,fb40f71913c828d8e96a0ec1f78a4dad4a664a5c4de94622a67485c2032a7028,6171c21b281fa25252e119f657508c274da8d390882397fd68cc61be706e0a85,HG_Engine_DS_Sprites,DrPrettyman_DS_64x64
PURE_PALETTE_RECOLOR,DS_CUSTOM_LIBRARY/packs/HG_Engine_DS_Sprites/mega_feraligatr/icon.png,DS_CUSTOM_LIBRARY/packs/DrPrettyman_DS_64x64/sprites-raw/IconSpritesResource/feraligatr-mega.png,bd9079c83efcf17cbff98afd599041d3925a934017f96ab6c81866f290a8f53b,636ca0c9d0dd6df2b01d6f4021d3c0028444042c9d4af0cc3fd2db677ed5d817,c07fb0d813f2f3f5b374d487e59abc2ecc30da441304f7121b7b530517ed69f4,HG_Engine_DS_Sprites,DrPrettyman_DS_64x64
PURE_PALETTE_RECOLOR,DS_CUSTOM_LIBRARY/packs/HG_Engine_DS_Sprites/mega_aerodactyl/icon.png,DS_CUSTOM_LIBRARY/packs/DrPrettyman_DS_64x64/sprites-raw/IconSpritesResource/aerodactyl-mega.png,c3c0d3cd0997485eb91d89da0077a022da37a95d2e8ce1c2fb520f65b25fb3c4,c92a3a1148e1852fc7fe1c1152ce51c0a88641062a8ac89cb95a0ce95a4b2e61,78db37a66f5ead92f7e032e747feab0a9aa1f39b6a7db0c6646c0c4a199e3bae,HG_Engine_DS_Sprites,DrPrettyman_DS_64x64
PURE_PALETTE_RECOLOR,DS_CUSTOM_LIBRARY/packs/HG_Engine_DS_Sprites/unown_i/icon.png,DS_CUSTOM_LIBRARY/packs/DrPrettyman_DS_64x64/sprites-raw/IconSpritesResource/unown-i.png,15d956ca4a7db9f63452cbe74f75df30b77948f5eef03479fbe91164f0ac450c,a52cc18f9ed1353d3e054eb49dab90707f2e00595095f7da7d63bf9cdaac5dd5,04c18522793693cac084e3529ac80ed7c3cb8ac4a01e5fb3f6bdceee7e09e0cf,HG_Engine_DS_Sprites,DrPrettyman_DS_64x64
PURE_PALETTE_RECOLOR,DS_CUSTOM_LIBRARY/packs/HG_Engine_DS_Sprites/appletun/icon.png,DS_CUSTOM_LIBRARY/packs/DrPrettyman_DS_64x64/sprites-raw/IconSpritesResource/appletun.png,b090ec22e02358125fe389c9c77de4ae2c5f7b73c5f40db36c50bc3ecadb2cc0,6ce5c22aa6b925ae96d7ffdfc9412cf9b0378d1fdaa0ffb693187db048620c68,c1e130047f8d88c96b4c48b0d78e32e701f72c7e9e5eaa428e6817bc5e8be11d,HG_Engine_DS_Sprites,DrPrettyman_DS_64x64
PURE_PALETTE_RECOLOR,DS_CUSTOM_LIBRARY/packs/HG_Engine_DS_Sprites/cutiefly/icon.png,DS_CUSTOM_LIBRARY/packs/DrPrettyman_DS_64x64/sprites-raw/IconSpritesResource/cutiefly.png,895d7b80dd07df3cb7f6c17dd6de863d324af960f515a7c11694a90955fcfc93,bf8c7d1cbfbdc828c80a74123a4841e489e66797667ea89de4224c2f7698963e,122cbbc4994a163680cdc9cccb618b6e7257dd7335582f7076885b33a7d18495,HG_Engine_DS_Sprites,DrPrettyman_DS_64x64
PURE_PALETTE_RECOLOR,DS_CUSTOM_LIBRARY/packs/HG_Engine_DS_Sprites/cosmoem/icon.png,DS_CUSTOM_LIBRARY/packs/DrPrettyman_DS_64x64/sprites-raw/IconSpritesResource/cosmoem.png,50218f2ac0b11b6a12318a3e380a376af360976b50e17f7124aac7478e62faee,23a0bd5e9ea5bcc309af340f2d0979229bf3412b7ebdf28c0ea94f79935dc438,2ef5b36a2c346f08949051c599d23bee3b1ff648a6630516afce7b8cb42925e9,HG_Engine_DS_Sprites,DrPrettyman_DS_64x64
PURE_PALETTE_RECOLOR,DS_CUSTOM_LIBRARY/packs/HG_Engine_DS_Sprites/vulpix_alolan/icon.png,DS_CUSTOM_LIBRARY/packs/DrPrettyman_DS_64x64/sprites-raw/IconSpritesResource/vulpix-alola.png,182d7f880eea7c61d368684d2e400d2cff450ca9f7e0d77459bb112564f97ecf,4002dcb021e50742e55b34abe94f5ed2e6ad31d3b4cc223038aa1c2421bb56d4,1dc8c6afbd09f9586ea8b95e4160689203fb6679169e5e7aff6935dee9600279,HG_Engine_DS_Sprites,DrPrettyman_DS_64x64
PURE_PALETTE_RECOLOR,DS_CUSTOM_LIBRARY/packs/HG_Engine_DS_Sprites/unown_j/icon.png,DS_CUSTOM_LIBRARY/packs/DrPrettyman_DS_64x64/sprites-raw/IconSpritesResource/unown-j.png,568585999121fb1c643492b0160bfcb08c9f7910f844d5065eb83a892450ca4e,5613eb3db82e9f63e5c1f5ae69bc0e4ca79005a2138201d7144472f8837f024a,0b1443da0667b528f5204f7a27d705147cc234c2ad34fce48ff06a76114d3a82,HG_Engine_DS_Sprites,DrPrettyman_DS_64x64
PURE_PALETTE_RECOLOR,DS_CUSTOM_LIBRARY/packs/HG_Engine_DS_Sprites/barbaracle/icon.png,DS_CUSTOM_LIBRARY/packs/DrPrettyman_DS_64x64/sprites-raw/IconSpritesResource/barbaracle.png,4a91bbdd9def652d96530f7d8aced210ace59cec4c8be9a7679f1b0fd6c0d341,3cba5def0c65b48affc9073b0da44e0cfa2e65ea6f3213b6896e32ef5be51240,0c7b75c83003564f479b4030a3c3d68f1acff48761be4f767d96c31864bc97d3,HG_Engine_DS_Sprites,DrPrettyman_DS_64x64
PURE_PALETTE_RECOLOR,DS_CUSTOM_LIBRARY/packs/HG_Engine_DS_Sprites/falinks/icon.png,DS_CUSTOM_LIBRARY/packs/DrPrettyman_DS_64x64/sprites-raw/IconSpritesResource/falinks.png,7a4087a83bf8d098177a0094b4dd38ca077df28e38d85457c2839112bb48e180,2d8115e6453cd8cbf7b1ad2f1a0061867edfd8c743d145ca7981d32b0eb6e334,a395825cf04c071bd7a956ebf118de86da38f49e50e6791a08d1044243ecbe97,HG_Engine_DS_Sprites,DrPrettyman_DS_64x64
PURE_PALETTE_RECOLOR,DS_CUSTOM_LIBRARY/packs/HG_Engine_DS_Sprites/pikachu_sinnoh_cap/icon.png,DS_CUSTOM_LIBRARY/packs/DrPrettyman_DS_64x64/sprites-raw/IconSpritesResource/pikachu-hoenn-cap.png,cedb3889255691083b50f3134b333096034449675b31a344b8c9103434aeb731,7074a05bf187c2a426657740fc20eae95a1d4395adce272d949652258e82a179,ff7b0805d6db5857e04808e395182750059d601bf68422ce3babdc762f1a0477,HG_Engine_DS_Sprites,DrPrettyman_DS_64x64
PURE_PALETTE_RECOLOR,DS_CUSTOM_LIBRARY/packs/HG_Engine_DS_Sprites/pikachu_hoenn_cap/icon.png,DS_CUSTOM_LIBRARY/packs/DrPrettyman_DS_64x64/sprites-raw/IconSpritesResource/pikachu-hoenn-cap.png,cedb3889255691083b50f3134b333096034449675b31a344b8c9103434aeb731,579f9ada5c130a5ef658088073b3792e97385be89c8e44f9dac9c3aedd75e68b,ff7b0805d6db5857e04808e395182750059d601bf68422ce3babdc762f1a0477,HG_Engine_DS_Sprites,DrPrettyman_DS_64x64
PURE_PALETTE_RECOLOR,DS_CUSTOM_LIBRARY/packs/HG_Engine_DS_Sprites/wooloo/icon.png,DS_CUSTOM_LIBRARY/packs/DrPrettyman_DS_64x64/sprites-raw/IconSpritesResource/wooloo.png,0ea3933ee491f6cde192bd66d607c711da4fd0e5d813c013ade09684b434b0c7,dbfd4da8c6e86bf89713004e851f9ee756d784b6be18e888fb95d24444a76ebc,ddacf3885bc6c8c17722e3e17a30c763cb41ebeffe713858ed89b4533577790b,HG_Engine_DS_Sprites,DrPrettyman_DS_64x64
PURE_PALETTE_RECOLOR,DS_CUSTOM_LIBRARY/packs/HG_Engine_DS_Sprites/zygarde_10/icon.png,DS_CUSTOM_LIBRARY/packs/DrPrettyman_DS_64x64/sprites-raw/IconSpritesResource/zygarde-10-power-construct.png,a21e9b230df04d2b5be2023fa999a670c212fbffbe1e3e1c938e3189c19cede8,d1a614d84b6a2a256870c80122cc13a70257c1e07d705c7b4705e2b8d69b9ca3,e2aaa98e7b796130095203674a039941ebe115a92818c3c619ba835814dce7d4,HG_Engine_DS_Sprites,DrPrettyman_DS_64x64
PURE_PALETTE_RECOLOR,DS_CUSTOM_LIBRARY/packs/HG_Engine_DS_Sprites/naganadel/icon.png,DS_CUSTOM_LIBRARY/packs/DrPrettyman_DS_64x64/sprites-raw/IconSpritesResource/naganadel.png,78c163ba466a17bbf3585e253d2b50853b1ee3a8d6da278246e6796362535d0d,7ac13154e1187ecbd3043098d8c29216edc0c4d167e63e156d4080afb874507b,f2285be1342098ec2b044c3f76e31f5d4c08c97f97eebcf670a238a99dd80c5f,HG_Engine_DS_Sprites,DrPrettyman_DS_64x64
PURE_PALETTE_RECOLOR,DS_CUSTOM_LIBRARY/packs/HG_Engine_DS_Sprites/unown_w/icon.png,DS_CUSTOM_LIBRARY/packs/DrPrettyman_DS_64x64/sprites-raw/IconSpritesResource/unown-w.png,bfae769098b6d2ee2a990e27a89e14640de00cd6ca0bd2e67f01c1bc88b5a82b,fef37f5877d816bbcb1a31a5b6fdf5ee6497aa9ed569a08c1333251581b6b487,c3a2ff664b369a4e6d6bdafc8296f1f831752dad3e8bf621b8119a9a0b5914d8,HG_Engine_DS_Sprites,DrPrettyman_DS_64x64
PURE_PALETTE_RECOLOR,DS_CUSTOM_LIBRARY/packs/HG_Engine_DS_Sprites/mega_lopunny/icon.png,DS_CUSTOM_LIBRARY/packs/DrPrettyman_DS_64x64/sprites-raw/IconSpritesResource/lopunny-mega.png,014b5cd61788cde06edacc9ad90f27dca72f5d2e23797b4fa6f82021cf6e6b5c,d4bc3aa30a82149b6be407da58549046c732a34303952ec9c9fa01d910a990a8,55858afa699382460d5530f56994464d6bc01925b78fa1c8733fb951cf1bd8ec,HG_Engine_DS_Sprites,DrPrettyman_DS_64x64
PURE_PALETTE_RECOLOR,DS_CUSTOM_LIBRARY/packs/HG_Engine_DS_Sprites/sinistea_antique/icon.png,DS_CUSTOM_LIBRARY/packs/DrPrettyman_DS_64x64/sprites-raw/IconSpritesResource/sinistea-antique.png,c892b825525c66a68059f4a66b9a3cc3595b07fb635de47a0dc055bd5e9f85a8,71aa5ca745c5c33b82c24a8ff0e1d19676acd6aae836ffbd8006c5306e3d1d80,219faad1e5a842bd80d9534bfa031c6b295db6a006cfb8951f3292eacbf8dc01,HG_Engine_DS_Sprites,DrPrettyman_DS_64x64
PURE_PALETTE_RECOLOR,DS_CUSTOM_LIBRARY/packs/HG_Engine_DS_Sprites/sinistea/icon.png,DS_CUSTOM_LIBRARY/packs/DrPrettyman_DS_64x64/sprites-raw/IconSpritesResource/sinistea-antique.png,c892b825525c66a68059f4a66b9a3cc3595b07fb635de47a0dc055bd5e9f85a8,7511e3ad84c86ec070670d01144b187e10d189a8594e561875338c7a968c3922,219faad1e5a842bd80d9534bfa031c6b295db6a006cfb8951f3292eacbf8dc01,HG_Engine_DS_Sprites,DrPrettyman_DS_64x64
PURE_PALETTE_RECOLOR,DS_CUSTOM_LIBRARY/packs/HG_Engine_DS_Sprites/darumaka_galarian/icon.png,DS_CUSTOM_LIBRARY/packs/DrPrettyman_DS_64x64/sprites-raw/IconSpritesResource/darumaka-galar.png,0d2f1e80ac701078f5802bb4b87dedfe3fdea281468a635a4a2d5e198e700107,1f98cb4fb640ea9e806271095186000724cf56dfba591e41b6a2d68c654de924,7760c8d0d92c3e6b74120cd8573aebf77e10c7b615b46b43cc621c96d6c93e29,HG_Engine_DS_Sprites,DrPrettyman_DS_64x64
PURE_PALETTE_RECOLOR,DS_CUSTOM_LIBRARY/packs/HG_Engine_DS_Sprites/rowlet/icon.png,DS_CUSTOM_LIBRARY/packs/DrPrettyman_DS_64x64/sprites-raw/IconSpritesResource/rowlet.png,bf197ef24f67ecc3ae1406f4bf56e4da6f71ca134e70fafe7d2a8f2e492c4023,89169a464dbc7aea67d24953933ed2aeb3c168e095efb41f057800239390ee9b,e2c75a1f2a7229e8e4936e025550442e6023df192f460eb04eba8cc5e46e3cf9,HG_Engine_DS_Sprites,DrPrettyman_DS_64x64
PURE_PALETTE_RECOLOR,DS_CUSTOM_LIBRARY/packs/HG_Engine_DS_Sprites/mega_blaziken/icon.png,DS_CUSTOM_LIBRARY/packs/DrPrettyman_DS_64x64/sprites-raw/IconSpritesResource/blaziken-mega.png,233bfce5db8a6055a18510d654463586a6943fa8e18b75a9b64c6a16a4bee477,d88fa9adf42d63ba11ba74f2bef990decd2ab1c82ffe5fd7b1c25b3b74e80d75,ae4a37387431dbef2346a98271bcd0e49f5eb7c9fc979193a8bf7abd55a7baeb,HG_Engine_DS_Sprites,DrPrettyman_DS_64x64
PURE_PALETTE_RECOLOR,DS_CUSTOM_LIBRARY/packs/HG_Engine_DS_Sprites/unown_m/icon.png,DS_CUSTOM_LIBRARY/packs/DrPrettyman_DS_64x64/sprites-raw/IconSpritesResource/unown-m.png,12bfeb28bca8aa3b7109aa85ebd2553de025fbe08d24c13259cfca9258c8eb91,f0c7d2bb5ca59710a49c925ebd2f0e7bdeedbe56f0530296a14b1d0dba447025,d019c6494d396c3cae7659813e7d6813d49e4938d842374c41569a53f611c474,HG_Engine_DS_Sprites,DrPrettyman_DS_64x64
PURE_PALETTE_RECOLOR,DS_CUSTOM_LIBRARY/packs/HG_Engine_DS_Sprites/fomantis/icon.png,DS_CUSTOM_LIBRARY/packs/DrPrettyman_DS_64x64/sprites-raw/IconSpritesResource/fomantis.png,5a0911a6e6a307ebf7df6b2992fb72f3f1946e52129769e776a341ff9adf0adc,d7c7f0583505b25678ec7f445bc595b874d4be9c941bb7c6888fce9d2fba4b2b,a981cecd4743a548470668514c228a563f73b5b32d80cc1d96b521ab7933fe13,HG_Engine_DS_Sprites,DrPrettyman_DS_64x64
PURE_PALETTE_RECOLOR,DS_CUSTOM_LIBRARY/packs/HG_Engine_DS_Sprites/mega_floette/icon.png,DS_CUSTOM_LIBRARY/packs/DrPrettyman_DS_64x64/sprites-raw/IconSpritesResource/floette-mega.png,ed62ae688e64fc900abc82e5a3ffc21d16da20eec9d22a49060c41afcccb5c0d,7db023b8ee30780525627c0ab7d5f1d1d2674f4d4d08f8863c04128bc51a5cc1,24808d7e87210c3778c40bc901dee6aacfc69d98f003d7ef84c188e807b50fc7,HG_Engine_DS_Sprites,DrPrettyman_DS_64x64
PURE_PALETTE_RECOLOR,DS_CUSTOM_LIBRARY/packs/HG_Engine_DS_Sprites/mega_scolipede/icon.png,DS_CUSTOM_LIBRARY/packs/DrPrettyman_DS_64x64/sprites-raw/IconSpritesResource/scolipede-mega.png,f28aec71499644b914085412c08cb505fa8be55b49611cd8e218d6df4e8f5db9,20f7dd4472a28203ade07caeaca79f2af6c2e57be3c4e1eab3a04b39330e9c2c,b96bdd9b2344f5f7b88e1090266e4f8a72c1ea4896016ee9f4428916b43aeecf,HG_Engine_DS_Sprites,DrPrettyman_DS_64x64
PURE_PALETTE_RECOLOR,DS_CUSTOM_LIBRARY/packs/HG_Engine_DS_Sprites/gossifleur/icon.png,DS_CUSTOM_LIBRARY/packs/DrPrettyman_DS_64x64/sprites-raw/IconSpritesResource/gossifleur.png,dfd4625a98e29d5a062ea469a8df4c72c1dec62c151b63a391fa580c401be7c0,75df26d3e10057d07710fc5edac0d19cafd9594a7bfc7e149d56f43c6b614d2c,b10483b08598c71c4cf8cdfb461d9b54a702f03a192d6fba4cd979e379289cca,HG_Engine_DS_Sprites,DrPrettyman_DS_64x64
PURE_PALETTE_RECOLOR,DS_CUSTOM_LIBRARY/packs/HG_Engine_DS_Sprites/crabominable/icon.png,DS_CUSTOM_LIBRARY/packs/DrPrettyman_DS_64x64/sprites-raw/IconSpritesResource/crabominable.png,c5bc263d606b7a31bdf246fc8f015adc90c95ed91863e7e671daebcd31b87c2b,bb3061261e400c3a2558c347e6430e416a5e8800b8e342c54a65622c362915db,605c2dd45d0c7f214744ac11813e5286d61371a79cc24fa4619dc1910e732f01,HG_Engine_DS_Sprites,DrPrettyman_DS_64x64
PURE_PALETTE_RECOLOR,DS_CUSTOM_LIBRARY/packs/HG_Engine_DS_Sprites/persian_alolan/icon.png,DS_CUSTOM_LIBRARY/packs/DrPrettyman_DS_64x64/sprites-raw/IconSpritesResource/persian-alola.png,cd2c2c4b16572fdea6041257a543fbebf12c6a38edaa70e7a95b96d7d5e09fa9,61b74c0d964d4c53cc23f1dee9d51d4825aa214f82c97533877f6eaf43e7c687,c07f392369c2b432ffe8d1ef49be0e25abef27684d7744fd844b11823ef367a9,HG_Engine_DS_Sprites,DrPrettyman_DS_64x64
PURE_PALETTE_RECOLOR,DS_CUSTOM_LIBRARY/packs/HG_Engine_DS_Sprites/geodude_alolan/icon.png,DS_CUSTOM_LIBRARY/packs/DrPrettyman_DS_64x64/sprites-raw/IconSpritesResource/geodude-alola.png,9e19db116527bae08a7f991ee1d5b7315599fff53908332a4f88e5100be2eb93,b7c1f46b1e06eee55284ff1c2e953e2e05f371f32f8902df87da647ff52edffe,465843a77adccc9cc6b34ed8fcd9a72fd33327731d10eed849f703d4cbf3fe8b,HG_Engine_DS_Sprites,DrPrettyman_DS_64x64
PURE_PALETTE_RECOLOR,DS_CUSTOM_LIBRARY/packs/HG_Engine_DS_Sprites/vivillon_sun/icon.png,DS_CUSTOM_LIBRARY/packs/DrPrettyman_DS_64x64/sprites-raw/IconSpritesResource/vivillon-sun.png,4c4cde2cd0c2c9557a21fa7acfd9bc26adcfc120d5f3f654b43b32d1085823a5,5c4d7d6fb4fba1e87a9ad8ace91b8dfa5bf79732b67d6d284de407d52e0ba21c,549d4297d2fe5bb5d49b4021fa8e8d4fdddddd13615e9e3cbf66a8b1a61dbaf7,HG_Engine_DS_Sprites,DrPrettyman_DS_64x64
PURE_PALETTE_RECOLOR,DS_CUSTOM_LIBRARY/packs/HG_Engine_DS_Sprites/wimpod/icon.png,DS_CUSTOM_LIBRARY/packs/DrPrettyman_DS_64x64/sprites-raw/IconSpritesResource/wimpod.png,2e368ddd3cfd4502bb1d0a5c2eeae104f10ceb0388eb4769f769e0df61656419,04dbd310914c87f0adf523cd201ef76c01e09113405b020477a0f412290f1db1,9c18994b37c3cabadd2a96f69de692559fcd2d0cadc8e4db198c01e70f58976b,HG_Engine_DS_Sprites,DrPrettyman_DS_64x64
PURE_PALETTE_RECOLOR,DS_CUSTOM_LIBRARY/packs/HG_Engine_DS_Sprites/exeggutor_alolan/icon.png,DS_CUSTOM_LIBRARY/packs/DrPrettyman_DS_64x64/sprites-raw/IconSpritesResource/exeggutor-alola.png,c1811b889632d5c48ea9cf723b8d409d2aa39309000b1361283c3ff2ac4dc120,74913cc93f8baa59f3725a3475049f1a2b25d6b54b1344849fb9d7963b086443,a514ca4d49033775aff0efbdf0c09541e9ca08bd74147ce4e167d05f999e5f09,HG_Engine_DS_Sprites,DrPrettyman_DS_64x64
PURE_PALETTE_RECOLOR,DS_CUSTOM_LIBRARY/packs/HG_Engine_DS_Sprites/unown_c/icon.png,DS_CUSTOM_LIBRARY/packs/DrPrettyman_DS_64x64/sprites-raw/IconSpritesResource/unown-c.png,ff05d9bfd27ab6a3ef5b990c4f7eb0148d6957bc6b53881bbb4e795211f7c001,1bed106f397d7970892628d36ec449c7efe26f1308b80755daa181a2a0b403f4,ca1844de936d9a20785af8e88b923db710ec4ad40323528332b433f17d837c7a,HG_Engine_DS_Sprites,DrPrettyman_DS_64x64
PURE_PALETTE_RECOLOR,DS_CUSTOM_LIBRARY/packs/HG_Engine_DS_Sprites/golisopod/icon.png,DS_CUSTOM_LIBRARY/packs/DrPrettyman_DS_64x64/sprites-raw/IconSpritesResource/golisopod.png,f32085de067b61884d0c72e2b5a31305714baf4e9bd94d532daa81d174cf8e63,20d26c61b02a61fd316af422c281cc941c348548e5f330755c65861270a655f3,20d97b6aa2b09561f873f20ca4f946c9297f6c3d9cbca94f9653dc2f0e210756,HG_Engine_DS_Sprites,DrPrettyman_DS_64x64
PURE_PALETTE_RECOLOR,DS_CUSTOM_LIBRARY/packs/HG_Engine_DS_Sprites/brionne/icon.png,DS_CUSTOM_LIBRARY/packs/DrPrettyman_DS_64x64/sprites-raw/IconSpritesResource/brionne.png,bdbe1cf62634265b96814776081b7b1fac9ca13e93a6da681405affd3ea9d990,b019ce8ba6047baea72e3c3ef2b019ddc5be0837750f75b7cd47f2b438f65340,d2457ce95ea6ef998ca6e79a883adac1bab144c21c2d0a1e5fa5341af2cc88f7,HG_Engine_DS_Sprites,DrPrettyman_DS_64x64
PURE_PALETTE_RECOLOR,DS_CUSTOM_LIBRARY/packs/HG_Engine_DS_Sprites/unown_x/icon.png,DS_CUSTOM_LIBRARY/packs/DrPrettyman_DS_64x64/sprites-raw/IconSpritesResource/unown-x.png,f1daa404cb8ec8fe4bbfe0c75c7fadff380ade10a3a8ae165ab67c96d1dc033d,fd75fa2bbcdedc91a4a2a6a4878fcd1d9b9f756a77a3bbdd21866a233bcbc276,945cc507fdd9fc92055b9fe922ccb2c5b6d4e9b071ff2bd894ac8b3b9dc93ca1,HG_Engine_DS_Sprites,DrPrettyman_DS_64x64
PURE_PALETTE_RECOLOR,DS_CUSTOM_LIBRARY/packs/HG_Engine_DS_Sprites/vivillon_elegant/icon.png,DS_CUSTOM_LIBRARY/packs/DrPrettyman_DS_64x64/sprites-raw/IconSpritesResource/vivillon-elegant.png,2d951c88091bcd65aa50dd758c2b50df780a69560d1b91089e098b3f075ce3bd,cfeac34ace2c14315552467ce0e6bac3e302e07bf2d1268f0da854b392207003,e5d238d6a38c48991e551b6adbde55e193a70e31b3cff0912226fbdbc82cc927,HG_Engine_DS_Sprites,DrPrettyman_DS_64x64
PURE_PALETTE_RECOLOR,DS_CUSTOM_LIBRARY/packs/HG_Engine_DS_Sprites/unown_o/icon.png,DS_CUSTOM_LIBRARY/packs/DrPrettyman_DS_64x64/sprites-raw/IconSpritesResource/unown-o.png,7938b6b9628be343c3416f33c4540274b3b71f1f933f147787e024802f6a868d,19ceb2561f027f2808e6977839c98156fa1fede8f07156cfe2367c5ded401a44,f66db55c53ea107aa32ad7b19daf62d215be8189b47734b28ed5ac9a8b463f53,HG_Engine_DS_Sprites,DrPrettyman_DS_64x64
PURE_PALETTE_RECOLOR,DS_CUSTOM_LIBRARY/packs/HG_Engine_DS_Sprites/mega_charizard_x/icon.png,DS_CUSTOM_LIBRARY/packs/DrPrettyman_DS_64x64/sprites-raw/IconSpritesResource/charizard-mega-x.png,b742f6a2ae30920e67d05f9feac0809790237336a57cdc18ccecbb68b79c0100,bac754f59d6ed56831552019c548505b5029be3f21df392d3e4f07867d74a06b,79a08b6e6f065b75d6bca811405be90ff5aaceab95acc32d6e701de6ff35b783,HG_Engine_DS_Sprites,DrPrettyman_DS_64x64
PURE_PALETTE_RECOLOR,DS_CUSTOM_LIBRARY/packs/HG_Engine_DS_Sprites/pikachu_partner_cap/icon.png,DS_CUSTOM_LIBRARY/packs/DrPrettyman_DS_64x64/sprites-raw/IconSpritesResource/pikachu-partner-cap.png,35744e1d33eec1e2b831c21275b1313923b538155c4196194f282d0df646737e,0b2f84483afc09fb614d37d2c2f08aa69886ef2ec531b2e2272d1a6a5c9f529e,17f5acd44d869165b9cfead8d9e084d7ee228dcf05ffb101910d30f3fbadd458,HG_Engine_DS_Sprites,DrPrettyman_DS_64x64
PURE_PALETTE_RECOLOR,DS_CUSTOM_LIBRARY/packs/HG_Engine_DS_Sprites/unown_exclamation/icon.png,DS_CUSTOM_LIBRARY/packs/DrPrettyman_DS_64x64/sprites-raw/IconSpritesResource/unown-exclamation.png,7b75ca10cee9e705f256cd44c4093c235666871d27ffcce0ab63b39fb573106e,8e0803695d8e5d87addf00146ff0479459f6c1d7d03cbe9961f8e0b451a18691,29f0a7ed39a1e6c59fa78c55ee8392fd7ae84f85f7e7c5ea1d180d02c5bb4072,HG_Engine_DS_Sprites,DrPrettyman_DS_64x64
PURE_PALETTE_RECOLOR,DS_CUSTOM_LIBRARY/packs/HG_Engine_DS_Sprites/yamask_galarian/icon.png,DS_CUSTOM_LIBRARY/packs/DrPrettyman_DS_64x64/sprites-raw/IconSpritesResource/yamask-galar.png,4ae6d5150ad9229914bde0b96782b4d2f99a6830b75235943c298056fdbeb422,90a2f977940bbeeda7930c5168cc08b9a34dcbf845b54b76016910b0649a059b,8bd02604fd32b553e6b6b5172ea1051edee53b23ef002d8eac5167a67c1d7fab,HG_Engine_DS_Sprites,DrPrettyman_DS_64x64
PURE_PALETTE_RECOLOR,DS_CUSTOM_LIBRARY/packs/HG_Engine_DS_Sprites/unown_e/icon.png,DS_CUSTOM_LIBRARY/packs/DrPrettyman_DS_64x64/sprites-raw/IconSpritesResource/unown-e.png,97b83e3a7bb22b750ade595273e951b084f933c909b0067d81a634aa835518ad,0eb8a5f12a1907f378e40d1e050251b8caf5380471c27a5ccba2ca17e27acd95,e36d223cb19dd0ffef176f3a2e9d96006fe7cbac1119d7d95edb41228251efee,HG_Engine_DS_Sprites,DrPrettyman_DS_64x64
PURE_PALETTE_RECOLOR,DS_CUSTOM_LIBRARY/packs/HG_Engine_DS_Sprites/drizzile/icon.png,DS_CUSTOM_LIBRARY/packs/DrPrettyman_DS_64x64/sprites-raw/IconSpritesResource/drizzile.png,554ead15cb9ff85dedc46a4c282696d05e9f8b368ba39f9af846d7e032f93e37,a8537173bcb3a950bd31d128f2e6bf28f9cc0c7f004ebd58eef01b543c8424b8,7ed3ca1ec408d21b20909886a6cfd4acadea324f7528c41f2688d9ffac44b493,HG_Engine_DS_Sprites,DrPrettyman_DS_64x64
PURE_PALETTE_RECOLOR,DS_CUSTOM_LIBRARY/packs/HG_Engine_DS_Sprites/thievul/icon.png,DS_CUSTOM_LIBRARY/packs/DrPrettyman_DS_64x64/sprites-raw/IconSpritesResource/thievul.png,f31f16c8d3a45955e47376a1d273bc55451fa7b1b066958bd6cee9ec6b4eb26e,ab28e747b04d82ff0f9556886744f75b97abe1c47acfac450e6f505e465ef738,c05de63eb73cf4eaf2f918fe6fe8c30c01d4b0ca678d60080bfb26fdc4867be6,HG_Engine_DS_Sprites,DrPrettyman_DS_64x64
PURE_PALETTE_RECOLOR,DS_CUSTOM_LIBRARY/packs/HG_Engine_DS_Sprites/rockruff/icon.png,DS_CUSTOM_LIBRARY/packs/DrPrettyman_DS_64x64/sprites-raw/IconSpritesResource/rockruff-own-tempo.png,683693ebd04097311d7106ee8a9e98581965ba751588a2e560922005fd441b4b,2aa15faa26d0d579faede0aae986a6af0a6bfe755144b2a873c559fd326969aa,8cfc9f17f1b528ab099390c47995af7588e6b26c1bde6901641d6d33c64d6f57,HG_Engine_DS_Sprites,DrPrettyman_DS_64x64
PURE_PALETTE_RECOLOR,DS_CUSTOM_LIBRARY/packs/HG_Engine_DS_Sprites/mudsdale/icon.png,DS_CUSTOM_LIBRARY/packs/DrPrettyman_DS_64x64/sprites-raw/IconSpritesResource/mudsdale.png,bdaa972693dab9816feddb350f17485fd765b7fa1dc6e290b0d51c771daacd8e,0eaf5c598f94a687cfb99c85fa8d9bf3c20a956355be25caee9e9b2d67a2cfe4,620651510b9bfe30204ee191b9bdd54336acbccf9d557d09a5db6591a66e15d7,HG_Engine_DS_Sprites,DrPrettyman_DS_64x64
PURE_PALETTE_RECOLOR,DS_CUSTOM_LIBRARY/packs/HG_Engine_DS_Sprites/kartana/icon.png,DS_CUSTOM_LIBRARY/packs/DrPrettyman_DS_64x64/sprites-raw/IconSpritesResource/kartana.png,55d35b12d37b44dcef234cbfea024fddf994a5c8ae4e22a4e559ada1b2f6bc7b,1ee1c3753ee4a4721944d5d8a5f2a0535d027e49d0b9de3faec282805b33aa1a,4c1642f2c790d757e826b687c689657794abefdc549c6b4a72be61510c5a0b0b,HG_Engine_DS_Sprites,DrPrettyman_DS_64x64
PURE_PALETTE_RECOLOR,DS_CUSTOM_LIBRARY/packs/HG_Engine_DS_Sprites/mega_zeraora/icon.png,DS_CUSTOM_LIBRARY/packs/DrPrettyman_DS_64x64/sprites-raw/IconSpritesResource/zeraora-mega.png,176723edc14bd97c0404cba74ae5e65fd060444120b10273a8813f5027590528,685b8fd38f6478f411118f209cf1568c5b0dfb1c1cb4d40f901db5a51cb97cd1,52d4fc6484ffca3e5c6746358fe9489bd0a6932429bc39ec975a23a26cfabec4,HG_Engine_DS_Sprites,DrPrettyman_DS_64x64
PURE_PALETTE_RECOLOR,DS_CUSTOM_LIBRARY/packs/HG_Engine_DS_Sprites/nickit/icon.png,DS_CUSTOM_LIBRARY/packs/DrPrettyman_DS_64x64/sprites-raw/IconSpritesResource/nickit.png,cc6695661e695aa6f5a4f92a09dd4a31e1bd392168e6a707e3ad4632a131efa8,34cec30c964cd8dbf850e55c55c4797a9da6764622f462fecc44a845d4d2efed,4867272a2984133d91119fc3a81b21d050951789586e148775c03b00ca046053,HG_Engine_DS_Sprites,DrPrettyman_DS_64x64
PURE_PALETTE_RECOLOR,DS_CUSTOM_LIBRARY/packs/HG_Engine_DS_Sprites/mareanie/icon.png,DS_CUSTOM_LIBRARY/packs/DrPrettyman_DS_64x64/sprites-raw/IconSpritesResource/mareanie.png,6068df696b9f643213616be5dbf93754c8c49067aa03491e1871fc3e4fcfae86,d9ecd3618eca573a051dc13ab43aa1763fcf4b1b1543555fe6b2d5be08691f8a,9c279d77fcee7a1163345f206ac96f9ee57d87018a71ebdb6369b09f81b0ad03,HG_Engine_DS_Sprites,DrPrettyman_DS_64x64
PURE_PALETTE_RECOLOR,DS_CUSTOM_LIBRARY/packs/HG_Engine_DS_Sprites/araquanid/icon.png,DS_CUSTOM_LIBRARY/packs/DrPrettyman_DS_64x64/sprites-raw/IconSpritesResource/araquanid.png,c48f41e45114a5861ff281b80b730c2bb3389057bcc6d51cf399f6afea392929,d847b036da63e776c5516b51409ce868f055454becd798beb141070ad5669dbe,ef72288513086130a56cbfa1a316dba05bd9031b68206eb3e84569a195415e97,HG_Engine_DS_Sprites,DrPrettyman_DS_64x64
PURE_PALETTE_RECOLOR,DS_CUSTOM_LIBRARY/packs/HG_Engine_DS_Sprites/zygarde_10_complete/icon.png,DS_CUSTOM_LIBRARY/packs/DrPrettyman_DS_64x64/sprites-raw/IconSpritesResource/zygarde-complete.png,681f316c244ceabc7073e8a04c337fbfb58a0b13d7a7f7bf4ebae6e1cdf993c8,830eb75df51dc185f719084eb593d834eb9847598899c15412ad347387b5ba12,8c934ab639c5cb83958df932291160f69e5c8758515fee3b8e818237897ff918,HG_Engine_DS_Sprites,DrPrettyman_DS_64x64
PURE_PALETTE_RECOLOR,DS_CUSTOM_LIBRARY/packs/HG_Engine_DS_Sprites/vivillon_continental/icon.png,DS_CUSTOM_LIBRARY/packs/DrPrettyman_DS_64x64/sprites-raw/IconSpritesResource/vivillon-continental.png,9072d2b8d7ff5dfcf7d48ac4dba236eef3bda048c86b338be13c1028b0c4c02f,babd5b79fc8909c52338bdbe27eef6808d0da99576f4970867ea885fe6146b8b,a455862c37e708184f8ff9e0266b3fc2f3ec08ba3cf97dc70770501e2e0d0ff3,HG_Engine_DS_Sprites,DrPrettyman_DS_64x64
PURE_PALETTE_RECOLOR,DS_CUSTOM_LIBRARY/packs/HG_Engine_DS_Sprites/raichu_alolan/icon.png,DS_CUSTOM_LIBRARY/packs/DrPrettyman_DS_64x64/sprites-raw/IconSpritesResource/raichu-alola.png,4bd2f843b8782f52828c860d98f5b3e62fbf5029f6d709f1f384575b04236f82,9ecb6efd886b9645c9420f028f82e541c5d05833ea0bf513ec224451f8676f5e,4b1ff2be949318c0be32792c8c8b1ff3a43f7d3339db54a46a9486e5703a48f8,HG_Engine_DS_Sprites,DrPrettyman_DS_64x64
PURE_PALETTE_RECOLOR,DS_CUSTOM_LIBRARY/packs/HG_Engine_DS_Sprites/vivillon_ocean/icon.png,DS_CUSTOM_LIBRARY/packs/DrPrettyman_DS_64x64/sprites-raw/IconSpritesResource/vivillon-ocean.png,69f517d446ba21981066f77f242544e9c379c703e9e69e2742cf50a57a2bc85f,cd0b4a58dc3f7ab00b1e39e1722e18ff925e5605d055cd15ea0294420e64a29a,0ae96e5a88a3a832d56e510fce58b168713a3f917db9ac2670e1d9e5f26e0f92,HG_Engine_DS_Sprites,DrPrettyman_DS_64x64
PURE_PALETTE_RECOLOR,DS_CUSTOM_LIBRARY/packs/HG_Engine_DS_Sprites/thwackey/icon.png,DS_CUSTOM_LIBRARY/packs/DrPrettyman_DS_64x64/sprites-raw/IconSpritesResource/thwackey.png,d05bddc5eb1daa84cbbbbe834d2e96729755f7a1a931bb2d18b942c12f947c9f,fc23410b15bc5f6e83b1ccf729847c63eae49e6bf85d5975b28a9fb3c8be1f6f,ba9cbb7fc18916879e5cc3cca905dbbb0a1fa67e77e58e91f796bd3f97fdfa19,HG_Engine_DS_Sprites,DrPrettyman_DS_64x64
PURE_PALETTE_RECOLOR,DS_CUSTOM_LIBRARY/packs/HG_Engine_DS_Sprites/sandygast/icon.png,DS_CUSTOM_LIBRARY/packs/DrPrettyman_DS_64x64/sprites-raw/IconSpritesResource/sandygast.png,b4e4093dd479e98b22b89e26cc62fe31cf9d14faea4c23970b68f96dd4ecdffa,76363797e408da5ae798a3177a778153c390027eba4bbaa5065a2cb9a4ceeb4f,4c1abd4b67ba0858a5a52706ea7d40c25f80803884efe2022c0b284771374160,HG_Engine_DS_Sprites,DrPrettyman_DS_64x64
PURE_PALETTE_RECOLOR,DS_CUSTOM_LIBRARY/packs/HG_Engine_DS_Sprites/hatterene/icon.png,DS_CUSTOM_LIBRARY/packs/DrPrettyman_DS_64x64/sprites-raw/IconSpritesResource/hatterene.png,63b4f208cf3e6925dbeb5112b91f69b3863e7cf1eaa19d42777b074c24522fa2,219ea88f26ad10aff0cd593bdb3a76eb07d793ca417672970f9a158e7e163d0f,7535ee33f9854232aa96be5dfdf9ad6053871d2c2d86d042a5909da98f6dca2e,HG_Engine_DS_Sprites,DrPrettyman_DS_64x64
PURE_PALETTE_RECOLOR,DS_CUSTOM_LIBRARY/packs/HG_Engine_DS_Sprites/stunfisk_galarian/icon.png,DS_CUSTOM_LIBRARY/packs/DrPrettyman_DS_64x64/sprites-raw/IconSpritesResource/stunfisk-galar.png,0533234b605b31393eab031ebb94003d3e33b6cea0069a8164acea68f7c46290,65e5c3a74d9898eb13c1a93b361230e328836ca1330bb2812ebd7b3945cf2ff2,51b68e3b22154d69bd0881f8c716a2fa95baa11980181c698ccec8894394cce5,HG_Engine_DS_Sprites,DrPrettyman_DS_64x64
PURE_PALETTE_RECOLOR,DS_CUSTOM_LIBRARY/packs/HG_Engine_DS_Sprites/mega_gardevoir/icon.png,DS_CUSTOM_LIBRARY/packs/DrPrettyman_DS_64x64/sprites-raw/IconSpritesResource/gardevoir-mega.png,a71e4bb5c7120e619935ac521c9f37243faffbe76fdd837b0ee830f3e869a06f,d6544b2fcd7aed8e9c146226198771b26a38676f952e0bb0cbaac4e6e226847f,8f03c1dece913ee760a62e7debad3198992368567855909a7976fde068d5db3f,HG_Engine_DS_Sprites,DrPrettyman_DS_64x64
PURE_PALETTE_RECOLOR,DS_CUSTOM_LIBRARY/packs/HG_Engine_DS_Sprites/furfrou_kabuki/icon.png,DS_CUSTOM_LIBRARY/packs/DrPrettyman_DS_64x64/sprites-raw/IconSpritesResource/furfrou-kabuki.png,da88831961cb9a8638ef2abd989bdafd847b3f77446ff0fc49b7d4a32b437eb7,3604e61707771f9751324a942579f0d91e3fae85752524a47de92bdda5655ffe,c88313ffff718d8d742c12c6448ac0f7b9506846afaa335fedffac27884865e0,HG_Engine_DS_Sprites,DrPrettyman_DS_64x64
PURE_PALETTE_RECOLOR,DS_CUSTOM_LIBRARY/packs/HGSS_Project_Unique_Clumsycat_HG_Hack/kleavor/icon.png,DS_CUSTOM_LIBRARY/packs/DrPrettyman_DS_64x64/sprites-raw/IconSpritesResource/kleavor.png,d52b87e77a74134a44e7e0054fe4d052395798052db439c211d827814181d850,780b3a72171a6d8d5e31e8421ff03c8c40071f1c1f0e7c96fd3653afbd900840,0d7648e3a26ff5eaa2b372e8a6aefc92e6f0bd39253c1def76d41d7f81088443,HGSS_Project_Unique_Clumsycat_HG_Hack,DrPrettyman_DS_64x64
PURE_PALETTE_RECOLOR,DS_CUSTOM_LIBRARY/packs/HG_Engine_DS_Sprites/kleavor/icon.png,DS_CUSTOM_LIBRARY/packs/DrPrettyman_DS_64x64/sprites-raw/IconSpritesResource/kleavor.png,d52b87e77a74134a44e7e0054fe4d052395798052db439c211d827814181d850,f9dffb22f5cf44741f22dac6cc834939b15ff53f55f8f6b8d2fd1f8da0846ca8,0d7648e3a26ff5eaa2b372e8a6aefc92e6f0bd39253c1def76d41d7f81088443,HG_Engine_DS_Sprites,DrPrettyman_DS_64x64
PURE_PALETTE_RECOLOR,DS_CUSTOM_LIBRARY/packs/HG_Engine_DS_Sprites/unown_y/icon.png,DS_CUSTOM_LIBRARY/packs/DrPrettyman_DS_64x64/sprites-raw/IconSpritesResource/unown-y.png,e3cd542e528201900b9e45e590d02d30a812858f4b437b2e94f2872a2a1c4d03,f53768ee7b4943627e3b6e33d3779a93d139d16b95e3267471739d30f04f32dd,fea7c15b7be9c1fabef56c338f63d66491e5f0ff67ffc641ff106b9d739b6915,HG_Engine_DS_Sprites,DrPrettyman_DS_64x64
PURE_PALETTE_RECOLOR,DS_CUSTOM_LIBRARY/packs/HG_Engine_DS_Sprites/toxapex/icon.png,DS_CUSTOM_LIBRARY/packs/DrPrettyman_DS_64x64/sprites-raw/IconSpritesResource/toxapex.png,3c960973ed27c340158a5d452211664c59df0cf06acf6bf1cec37480ae87b10a,2de29bb14de20507e23619369842ae7ff5d30d9cc253ed8b764318e87069738b,73d2f0520c0bf72883cb6601cf3454bb4148557120d7a859b788312af6061ae8,HG_Engine_DS_Sprites,DrPrettyman_DS_64x64
PURE_PALETTE_RECOLOR,DS_CUSTOM_LIBRARY/packs/HG_Engine_DS_Sprites/type_null/icon.png,DS_CUSTOM_LIBRARY/packs/DrPrettyman_DS_64x64/sprites-raw/IconSpritesResource/type-null.png,51af605ee70495909d3ff3d43294dfac6d2587455a340d22a5d1cada24955ce2,1cef8614bc86e5fab76a14e051b9fcdfbb0eaf8609a1e3b1fbe23fdd30529112,f6928664526c5d828a86b36deea8dd848fda488e9e874b08bc0a76a5587f2844,HG_Engine_DS_Sprites,DrPrettyman_DS_64x64
PURE_PALETTE_RECOLOR,DS_CUSTOM_LIBRARY/packs/HG_Engine_DS_Sprites/mega_falinks/icon.png,DS_CUSTOM_LIBRARY/packs/DrPrettyman_DS_64x64/sprites-raw/IconSpritesResource/falinks-mega.png,ccfe8f53c176f111fbc6c7fd0d6ab8a92a64abce5c835037dac3dcc8b4745332,f5dd58745566a158ca9fb30c054942b396773af80cd345c4fbd27295128c577b,b766f5cdefabdf42e3c15986fa11cefb11dcde08e1ac918f0d9f288f6fd7788c,HG_Engine_DS_Sprites,DrPrettyman_DS_64x64
PURE_PALETTE_RECOLOR,DS_CUSTOM_LIBRARY/packs/HG_Engine_DS_Sprites/mega_mewtwo_x/icon.png,DS_CUSTOM_LIBRARY/packs/DrPrettyman_DS_64x64/sprites-raw/IconSpritesResource/mewtwo-mega-x.png,5edf9cc467494e69da448abb388637d8488f627b3d5d00fb16a2115e676a27d0,b1f046cbaf7570b571aae272c82a3720aeec41e62252a6bea8cfa2b20713f3e1,d9bc93b3ca469a29ceb5d68054a23d6684554550fd3eddcd70956a5fdb4a2682,HG_Engine_DS_Sprites,DrPrettyman_DS_64x64
PURE_PALETTE_RECOLOR,DS_CUSTOM_LIBRARY/packs/HG_Engine_DS_Sprites/tapu_lele/icon.png,DS_CUSTOM_LIBRARY/packs/DrPrettyman_DS_64x64/sprites-raw/IconSpritesResource/tapu-lele.png,199385316438d79f1ebe9569c35dce7df5a60ebcf68f573934f13467af09e28e,062452e99a5f1ee28c4489ceaeadfc723d9102768c70021e52d84711da41ce44,35ab1453eae19ce64bec832e415ad9b3106c25ec768add10d6e18d82d767d25a,HG_Engine_DS_Sprites,DrPrettyman_DS_64x64
PURE_PALETTE_RECOLOR,DS_CUSTOM_LIBRARY/packs/HG_Engine_DS_Sprites/dottler/icon.png,DS_CUSTOM_LIBRARY/packs/DrPrettyman_DS_64x64/sprites-raw/IconSpritesResource/dottler.png,3b60047bbd2216365b7b35712993169ab7c57af058801af32d901db3a850370c,789d5da2cf901ebd5a48bf9796ea34a4aa89691834346c8982e8c287d49ccbf6,9df6aec562ca22e241d4c13902c24eb136a27cf961277e32ae62341811da4cba,HG_Engine_DS_Sprites,DrPrettyman_DS_64x64
PURE_PALETTE_RECOLOR,DS_CUSTOM_LIBRARY/packs/HG_Engine_DS_Sprites/sprigatito/icon.png,DS_CUSTOM_LIBRARY/packs/DrPrettyman_DS_64x64/sprites-raw/IconSpritesResource/sprigatito.png,10daf15b1eb9cf6e0d2a0cbd6d2bb14e996616a94e8d3cf2c1235740657c4928,86b4115286995749603d0a6edfeb26f83b9f7ff343796f8af425863ba3bfcd5d,e2464e14754bf724a6f0983c8447bc05a209b0f636ddf63a6209ac315fbf00c2,HG_Engine_DS_Sprites,DrPrettyman_DS_64x64
PURE_PALETTE_RECOLOR,DS_CUSTOM_LIBRARY/packs/HG_Engine_DS_Sprites/pikachu_alola_cap/icon.png,DS_CUSTOM_LIBRARY/packs/DrPrettyman_DS_64x64/sprites-raw/IconSpritesResource/pikachu-alola-cap.png,f59877cc106ed7bccb12b5eb51f4660ce0ce5e3db4b6f0e77087f974fc528811,adf63d9ed0a65843cbc05ea9b38d30822ff7ded06739ab10d8e450c1f4e5871f,26588c848518572c7065745a2c9d787951deeb8a278add672beca9260eff4c5c,HG_Engine_DS_Sprites,DrPrettyman_DS_64x64
PURE_PALETTE_RECOLOR,DS_CUSTOM_LIBRARY/packs/HG_Engine_DS_Sprites/oranguru/icon.png,DS_CUSTOM_LIBRARY/packs/DrPrettyman_DS_64x64/sprites-raw/IconSpritesResource/oranguru.png,f8de69d2ca833cf5e65002c2780fae657e35c7d607087ae65b91559aca7dfc6d,ef8cdb753bfb2c46a108021710e3d79717253b7a71196197abba1afe0ac09e09,2c70d7e104148fb6eebda593fb5684339c02722531a65d1d6293800406b8f7eb,HG_Engine_DS_Sprites,DrPrettyman_DS_64x64
PURE_PALETTE_RECOLOR,DS_CUSTOM_LIBRARY/packs/HG_Engine_DS_Sprites/mega_meowstic/icon.png,DS_CUSTOM_LIBRARY/packs/DrPrettyman_DS_64x64/sprites-raw/IconSpritesResource/meowstic-mega.png,6680268d95a5646a79827b5362687b4bd28f7ddf709491550d1e14ea862125fc,e618df3ad480b934f6ed094ebf8a5c6ad4c50a6c804fb3381f52153b5f3ba983,a3a6353261a5c680ae8b8e32738c8855d7b9973b4cd475dec8d9a22d48dc09e9,HG_Engine_DS_Sprites,DrPrettyman_DS_64x64
PURE_PALETTE_RECOLOR,DS_CUSTOM_LIBRARY/packs/HG_Engine_DS_Sprites/darmanitan_galarian/icon.png,DS_CUSTOM_LIBRARY/packs/DrPrettyman_DS_64x64/sprites-raw/IconSpritesResource/darmanitan-galar-standard.png,6450e198b503c160072882e5318b7730435edec633765a5e47ada663a83a2133,6c82082bd4649829d08c519f00c782a824b6d61ec0d79883041f92d3467a92c3,dae0583541fa59df4c6b2e8818f9462815d3230024c696194b7a7dc98e4de175,HG_Engine_DS_Sprites,DrPrettyman_DS_64x64
PURE_PALETTE_RECOLOR,DS_CUSTOM_LIBRARY/packs/HG_Engine_DS_Sprites/cramorant_gorging/icon.png,DS_CUSTOM_LIBRARY/packs/DrPrettyman_DS_64x64/sprites-raw/IconSpritesResource/cramorant-gulping.png,c5a6be59c66a8d94e916a97944959611140463a670328af9b88b78e6748688b1,65ac36ebb16fa102eb8dfda2b0e314eac5fbbe393f62250d1954ca663f5d716f,cdee8973d618fadd4d1c74e507b96b8c048d313e99fed9bb5565d6f921a48574,HG_Engine_DS_Sprites,DrPrettyman_DS_64x64
PURE_PALETTE_RECOLOR,DS_CUSTOM_LIBRARY/packs/HG_Engine_DS_Sprites/perrserker/icon.png,DS_CUSTOM_LIBRARY/packs/DrPrettyman_DS_64x64/sprites-raw/IconSpritesResource/perrserker.png,205ca88cc49d3d7b05db4d07b56a785f340a0e20620480794fad4360a5cbea5b,599a34e7297096ee001bbd0713318a07a6912c5d28daf51817482edece32932a,e41c9928a7a998043e51dba62c063defc71af980bed24f7897c79d7d73219afe,HG_Engine_DS_Sprites,DrPrettyman_DS_64x64
PURE_PALETTE_RECOLOR,DS_CUSTOM_LIBRARY/packs/HG_Engine_DS_Sprites/dreepy/icon.png,DS_CUSTOM_LIBRARY/packs/DrPrettyman_DS_64x64/sprites-raw/IconSpritesResource/dreepy.png,40f7ada0bd8a3cc9d5c79464a898d64e9585c838f5a2ad373c1d9a43d2215e48,445b1c48e12fc73884b9419f35d3e072e965886ed5afb6b3c80c11703f1e3258,4d97284333bcaa3099d926ebe851da66c8a79810857d033d0f8c1c80e44285e5,HG_Engine_DS_Sprites,DrPrettyman_DS_64x64
PURE_PALETTE_RECOLOR,DS_CUSTOM_LIBRARY/packs/HG_Engine_DS_Sprites/crabrawler/icon.png,DS_CUSTOM_LIBRARY/packs/DrPrettyman_DS_64x64/sprites-raw/IconSpritesResource/crabrawler.png,4f54390a6191670094658dcf1651177a0396a7a6c00b49ce2ae0f3c9a1916f45,37bc83d8f7850a2a87dab2229cdadcf2616e04c7f069a5503b8613fbfd74f43b,1a09fc5de6a1ed1df450f0b679519bc2576ae2fe0418fca70f844c8f6e4219b7,HG_Engine_DS_Sprites,DrPrettyman_DS_64x64
PURE_PALETTE_RECOLOR,DS_CUSTOM_LIBRARY/packs/HG_Engine_DS_Sprites/duraludon/icon.png,DS_CUSTOM_LIBRARY/packs/DrPrettyman_DS_64x64/sprites-raw/IconSpritesResource/duraludon.png,f9632b205d68556464df31bbcae63db6741ee0915f11b2dde7fc3a8402e602bb,f38f19802a30ab4e835f8d19f95cfe3559c8c9f28873c6a50c786b2351f8758e,9e5cf7fa35ef49d353fb2db65b46f8f4cb05cd0dcf33d480a51420bac5171ce4,HG_Engine_DS_Sprites,DrPrettyman_DS_64x64
PURE_PALETTE_RECOLOR,DS_CUSTOM_LIBRARY/packs/HG_Engine_DS_Sprites/sirfetchd/icon.png,DS_CUSTOM_LIBRARY/packs/DrPrettyman_DS_64x64/sprites-raw/IconSpritesResource/sirfetchd.png,e856ddbedd81847cd57a3c1d5e2d7244df3ff6a4401ea1dca68cc29c326fb9d5,a1616db12eb4455d9557d6609dcb30a7eeb0e5b3ffb3218173dd598c839cd183,a343f16dd454f0c14e05378e65688b3206f27f34c4bc01dc7bc171bccef37264,HG_Engine_DS_Sprites,DrPrettyman_DS_64x64
PURE_PALETTE_RECOLOR,DS_CUSTOM_LIBRARY/packs/HG_Engine_DS_Sprites/corvisquire/icon.png,DS_CUSTOM_LIBRARY/packs/DrPrettyman_DS_64x64/sprites-raw/IconSpritesResource/corvisquire.png,8fdb75a1b23a8baaf64df6d3d04ea82a31b4446e72a58adefc6fed3c73b0ecb8,e384ec1691bc45c9e7f37480854d2b9568314508b14cd2d9f051620635c2cde5,7280730236e807e59fe0486a3ed4cf4476c2faa15b2bf7fe490b6c3daaaffae9,HG_Engine_DS_Sprites,DrPrettyman_DS_64x64
PURE_PALETTE_RECOLOR,DS_CUSTOM_LIBRARY/packs/HG_Engine_DS_Sprites/rillaboom/icon.png,DS_CUSTOM_LIBRARY/packs/DrPrettyman_DS_64x64/sprites-raw/IconSpritesResource/rillaboom.png,4ada66af325ae5f9b3f1ef207a52ea2e858921e69b51d122ec80417f720aeef2,00e733ccf71421cf086e0215371ad10285bafc6af4bebacebca17c9dfe3baf46,316ae86bdbec180f473b004b448528a601dc254f73b7e2fbb71839b3b54c6bbb,HG_Engine_DS_Sprites,DrPrettyman_DS_64x64
PURE_PALETTE_RECOLOR,DS_CUSTOM_LIBRARY/packs/HG_Engine_DS_Sprites/hatenna/icon.png,DS_CUSTOM_LIBRARY/packs/DrPrettyman_DS_64x64/sprites-raw/IconSpritesResource/hatenna.png,585a28bf2d90c9a4922a6955592409f794aa6ec9dc29e983ef38165178ab88ca,7cb8b2dad4d06065fe077df740b5a9e2526bd6aec3e5c9329284f478887e78aa,561ea8d5abcffedb54519f674e207b712522271eead8da31fb305156b08f0928,HG_Engine_DS_Sprites,DrPrettyman_DS_64x64
PURE_PALETTE_RECOLOR,DS_CUSTOM_LIBRARY/packs/HG_Engine_DS_Sprites/charjabug/icon.png,DS_CUSTOM_LIBRARY/packs/DrPrettyman_DS_64x64/sprites-raw/IconSpritesResource/charjabug.png,8f20303cfa75cdadcf7295507c5a52de861c9c3ce7df68a01670a2020e917131,3ae15e27f2c03fc67de640add73c8628a72979995f27b3cfb550dc7963098563,519983dd9f3a6ff3e917295c5e6c6d6068f484b99d3afd3bb516885dd66e5682,HG_Engine_DS_Sprites,DrPrettyman_DS_64x64
PURE_PALETTE_RECOLOR,DS_CUSTOM_LIBRARY/packs/HG_Engine_DS_Sprites/eiscue/icon.png,DS_CUSTOM_LIBRARY/packs/DrPrettyman_DS_64x64/sprites-raw/IconSpritesResource/eiscue-ice.png,fa4a9fa2abb51e650d990770be4a320c7361831c28944d5539d058c6a0309f5a,19c7f81a6786344ae4a0cb3b3b4f4313b0d2075d346345360f14b90ae62444e2,7060526fbc8e09e88894db2f14f1810d42c6ce17aae36d4b43f51d5f23924bf6,HG_Engine_DS_Sprites,DrPrettyman_DS_64x64
PURE_PALETTE_RECOLOR,DS_CUSTOM_LIBRARY/packs/HG_Engine_DS_Sprites/trumbeak/icon.png,DS_CUSTOM_LIBRARY/packs/DrPrettyman_DS_64x64/sprites-raw/IconSpritesResource/trumbeak.png,9324af6526a3b14b8d7d1c34915f15dca2a10bc70572822d0ee10304fe4f110c,13a8f35eb8b18f00c8ba67e2a7c4972d2124596ad4d671b7d03fa881b64c9851,c0e58425ebecd157353604338aea71579e20abbeb75753f34f0e6d2e5aacddd8,HG_Engine_DS_Sprites,DrPrettyman_DS_64x64
PURE_PALETTE_RECOLOR,DS_CUSTOM_LIBRARY/packs/HG_Engine_DS_Sprites/copperajah/icon.png,DS_CUSTOM_LIBRARY/packs/DrPrettyman_DS_64x64/sprites-raw/IconSpritesResource/copperajah.png,2b2f7a5d4e936b15baffc57f33c18d8d60a2c4bcdae83992ca45240d8315b381,9eb5c5470567d4bce0b26e18908dd24cd77dda246c5f8b2c65695555e0b1b887,cc251242cdddfc7cab29ca7550df6a5ad7cd371deb0d756fde69b560840e73b0,HG_Engine_DS_Sprites,DrPrettyman_DS_64x64
PURE_PALETTE_RECOLOR,DS_CUSTOM_LIBRARY/packs/HG_Engine_DS_Sprites/mega_raichu_x/icon.png,DS_CUSTOM_LIBRARY/packs/DrPrettyman_DS_64x64/sprites-raw/IconSpritesResource/raichu-mega-y.png,92948b0f0fdfe6ba99cc95b7be2af8d1278f5e29b8a0045b62249c600f87c9b5,4fc1f6b3d8383b2e6c41bb68a74c272ec63c9428786d2cf75acaad31122e3bac,f016693534a24d6276eb1ec5fe6c08b037709bfa26600f36d334d2969e5a385a,HG_Engine_DS_Sprites,DrPrettyman_DS_64x64
PURE_PALETTE_RECOLOR,DS_CUSTOM_LIBRARY/packs/HG_Engine_DS_Sprites/gigantamax_inteleon/icon.png,DS_CUSTOM_LIBRARY/packs/DrPrettyman_DS_64x64/sprites-raw/IconSpritesResource/inteleon-gmax.png,fd51dd446b4a684a62d65bf59684661e6abedcf598ce874ca4e10cde3b7fcd1e,a4149d2616b508a7385af70a504507f366697450544f854ea710f17dff9fdca9,1dd1f2bb7dea54a24c9008d00d535b49547ac1d70cd2e8527c2860690551bfb1,HG_Engine_DS_Sprites,DrPrettyman_DS_64x64
PURE_PALETTE_RECOLOR,DS_CUSTOM_LIBRARY/packs/HG_Engine_DS_Sprites/unown_b/icon.png,DS_CUSTOM_LIBRARY/packs/DrPrettyman_DS_64x64/sprites-raw/IconSpritesResource/unown-b.png,adbd6f0a8315e11dc8782cbbe015ffcadb95b0e3c4d554cc6c629b6d9991fad5,5d5ef3dc2068134460aab1d4760ac362bf4ae1c36a9f665d19f53692870c21c1,773310e39e6d8392fa34194d61634290c04c8cb7deb8276a045efbb2b09f3e8d,HG_Engine_DS_Sprites,DrPrettyman_DS_64x64
PURE_PALETTE_RECOLOR,DS_CUSTOM_LIBRARY/packs/HG_Engine_DS_Sprites/unown_question/icon.png,DS_CUSTOM_LIBRARY/packs/DrPrettyman_DS_64x64/sprites-raw/IconSpritesResource/unown-question.png,0f80ad184d60c671367875b6b18bd82bc247faaeef726d107a94d2504d2450fd,776dde51c4e848973ce8816b4b82990100baf7dab3e242bfc1bc0cae8023d43c,1f65cda5a3ff80b0d37a073ea9f405f8d723d56b2dc8acf94f64ff26587540d4,HG_Engine_DS_Sprites,DrPrettyman_DS_64x64
PURE_PALETTE_RECOLOR,DS_CUSTOM_LIBRARY/packs/HG_Engine_DS_Sprites/pikachu_original_cap/icon.png,DS_CUSTOM_LIBRARY/packs/DrPrettyman_DS_64x64/sprites-raw/IconSpritesResource/pikachu-original-cap.png,bf5e96de5c5cf493b8451994c8e93d033679420151a009d809dbec8b501f0566,509e625fd419ff26b39d9dfe1be97c1d1a702f92286097de8013d907d33d75a2,5b9319cadbd90023266df2504f09322b3b30935de571057fc630a3ea86741b81,HG_Engine_DS_Sprites,DrPrettyman_DS_64x64
PURE_PALETTE_RECOLOR,DS_CUSTOM_LIBRARY/packs/HG_Engine_DS_Sprites/dugtrio_alolan/icon.png,DS_CUSTOM_LIBRARY/packs/DrPrettyman_DS_64x64/sprites-raw/IconSpritesResource/dugtrio-alola.png,9be1e7bc83ad3da9fd46b8fe697898d0536481d789d663648198e93429b270a2,730c0871384d5c66da0c20a1312beadd4949ccbf9a287b0a4bea083c158e9fed,7f566dae47684871157a52f1a840e935cb552ae70754065f8e6ea5112ce08c35,HG_Engine_DS_Sprites,DrPrettyman_DS_64x64
PURE_PALETTE_RECOLOR,DS_CUSTOM_LIBRARY/packs/HG_Engine_DS_Sprites/cramorant_gulping/icon.png,DS_CUSTOM_LIBRARY/packs/DrPrettyman_DS_64x64/sprites-raw/IconSpritesResource/cramorant-gorging.png,9bb25ddc54407105a363932c1bbfa0cd319e9564e65108cca8179b11110c78c9,f7eb80c7c3584a731413c83ce986079c0a9236e326698ab7687d55a77f849809,7b4e47b3a3b7e5627e591f9b7ddd87b1b7b4df1bc53fe549f6b18d7f2711bd70,HG_Engine_DS_Sprites,DrPrettyman_DS_64x64
PURE_PALETTE_RECOLOR,DS_CUSTOM_LIBRARY/packs/HG_Engine_DS_Sprites/mega_mewtwo_y/icon.png,DS_CUSTOM_LIBRARY/packs/DrPrettyman_DS_64x64/sprites-raw/IconSpritesResource/mewtwo-mega-y.png,eff9f4289ac3cbf20ea5e686577f109e3a822e96b20afebc997ea8250eef06cb,22402831290cf0ccc18cd92c52a5902e22d3344b419f737a303fcd6d73bdf5d2,884b97db3737174381bf5f518bef63283d805627502e1fe7b69ef9f0504b0f24,HG_Engine_DS_Sprites,DrPrettyman_DS_64x64
PURE_PALETTE_RECOLOR,DS_CUSTOM_LIBRARY/packs/HG_Engine_DS_Sprites/litten/icon.png,DS_CUSTOM_LIBRARY/packs/DrPrettyman_DS_64x64/sprites-raw/IconSpritesResource/litten.png,a0faf8cb2dbf0ef1a05fbda7526583272d3f9c1a363f7e23e981c98a7b29f221,def387a8d47d01a4511285572b91f7ac90c6cff7b253069f035e708650496a56,9d417267b2921acea60c9d8679e9b8c043b6061c282a084100fe6b9224dc2d11,HG_Engine_DS_Sprites,DrPrettyman_DS_64x64
PURE_PALETTE_RECOLOR,DS_CUSTOM_LIBRARY/packs/HG_Engine_DS_Sprites/vivillon_monsoon/icon.png,DS_CUSTOM_LIBRARY/packs/DrPrettyman_DS_64x64/sprites-raw/IconSpritesResource/vivillon-monsoon.png,62b1092572194ce84e98196878e0b496d55305ede91ad82043317aa5bd5b7418,201b05c9e556de0a8e303d653a2180c113bd72119023b15f7234b9d09f4ca9a2,42cfca9406f5b5dbe0e619c411e3f6752deaabf786bb9708aa6c0473777dfa90,HG_Engine_DS_Sprites,DrPrettyman_DS_64x64
PURE_PALETTE_RECOLOR,DS_CUSTOM_LIBRARY/packs/HG_Engine_DS_Sprites/weezing_galarian/icon.png,DS_CUSTOM_LIBRARY/packs/DrPrettyman_DS_64x64/sprites-raw/IconSpritesResource/weezing-galar.png,20530acfc60eef6a8b2038a29dcafcded037610c165ad89c7a2ecae58bd078f9,1d3e7215ed99a14953bf57ce94606038e9ebb8045e1ae6126b2e8196819f46ca,6ba4f341ee90b2ec2b7c7bac9b7c45ea070593039f286c144868eb774930d021,HG_Engine_DS_Sprites,DrPrettyman_DS_64x64
PURE_PALETTE_RECOLOR,DS_CUSTOM_LIBRARY/packs/HG_Engine_DS_Sprites/celesteela/icon.png,DS_CUSTOM_LIBRARY/packs/DrPrettyman_DS_64x64/sprites-raw/IconSpritesResource/celesteela.png,598329546a7943708d8538e6b67bc8930f60f310e147139e49c9656317409731,7212531edad63d0df4a8685d058d7d83c1e551c5a49aa68eed1de228268eb2a0,b623f263fcc155524ea0217feed8ab42c45c338daa4acd1304bae92ec53810c9,HG_Engine_DS_Sprites,DrPrettyman_DS_64x64
PURE_PALETTE_RECOLOR,DS_CUSTOM_LIBRARY/packs/HG_Engine_DS_Sprites/furfrou_debutante/icon.png,DS_CUSTOM_LIBRARY/packs/DrPrettyman_DS_64x64/sprites-raw/IconSpritesResource/furfrou-debutante.png,9727a1e76deb7efdc9d987ff3b36cf2c73b712687f394cbef0149c3e8d3ae568,58a5bc2d3ea0b74c6e33561bbc7a31ff6b663d6ae6cdfc15670fa2cddd9879a9,d22eed60aeb5599820c1f4ffb88fead281bc9931e3d50ace8029c26fa1bf7ca6,HG_Engine_DS_Sprites,DrPrettyman_DS_64x64
PURE_PALETTE_RECOLOR,DS_CUSTOM_LIBRARY/packs/HG_Engine_DS_Sprites/mega_lucario_z/icon.png,DS_CUSTOM_LIBRARY/packs/DrPrettyman_DS_64x64/sprites-raw/IconSpritesResource/lucario-mega-z.png,5ea9dd720d445d32aee444237ed90426c8c49f9b72e4947df2becba81d59b2d5,e9e9ad5c29c031445f005bbc44a94275b55859fbf9da74c5f81451e65598952d,b36159921af11456c52c1beead57f4efc08e3b98512f0d4564b4d977a785d98c,HG_Engine_DS_Sprites,DrPrettyman_DS_64x64
PURE_PALETTE_RECOLOR,DS_CUSTOM_LIBRARY/packs/HG_Engine_DS_Sprites/rookidee/icon.png,DS_CUSTOM_LIBRARY/packs/DrPrettyman_DS_64x64/sprites-raw/IconSpritesResource/rookidee.png,12428bfb698bea0658990f430342f9578938ae227cea4c3f75f65ab7e9c2cefb,cb7938a076d94f26dc4f92b14ad89ff06cad214fbb2f76425018a210d0d72208,7f55aff5dab4872831f9d25e14768dda08ac845666678aaf1529d6a093f3237f,HG_Engine_DS_Sprites,DrPrettyman_DS_64x64
PURE_PALETTE_RECOLOR,DS_CUSTOM_LIBRARY/packs/HG_Engine_DS_Sprites/heliolisk/icon.png,DS_CUSTOM_LIBRARY/packs/DrPrettyman_DS_64x64/sprites-raw/IconSpritesResource/heliolisk.png,bacc105796eb1356ee1e2bb89a87b7584dcef39095f17d9b73c5245d274552d0,b9dc2c0c1966cce94ba7ec855da4a36f1401c59f2adf0d8b8c1b6593123af764,23a69c189abc71f93a99a42a9bc5a1bcaf3779ecaea84f73648719b5f8920125,HG_Engine_DS_Sprites,DrPrettyman_DS_64x64
PURE_PALETTE_RECOLOR,DS_CUSTOM_LIBRARY/packs/HG_Engine_DS_Sprites/honedge/icon.png,DS_CUSTOM_LIBRARY/packs/DrPrettyman_DS_64x64/sprites-raw/IconSpritesResource/honedge.png,a813681bc25198e259fbcb2ad32b860c5b3bf1fba26aef0625a37d9d26ba8922,08d489cb8c3c1aca6fe9cdba1d450d08cb00822992c4b6186422e7b8527c9319,3c3a20a40dba632bb8b45902522ef869fbca22ac06ad0cf113a64f6a8df658bb,HG_Engine_DS_Sprites,DrPrettyman_DS_64x64
PURE_PALETTE_RECOLOR,DS_CUSTOM_LIBRARY/packs/HG_Engine_DS_Sprites/tapu_koko/icon.png,DS_CUSTOM_LIBRARY/packs/DrPrettyman_DS_64x64/sprites-raw/IconSpritesResource/tapu-koko.png,b88f465dff931d2124f34bfd8c8486ca28f4079a0c361ceb957ae14ce28dc631,846a2ed9dde035ff29dd3b478ffc2d45abc4f36a0bef058fcfba6d2e9447d416,c63841e76f49cb66da5e220de73d64b3df1a3bc3e89dcdc14a03193424d8bbcd,HG_Engine_DS_Sprites,DrPrettyman_DS_64x64
PURE_PALETTE_RECOLOR,DS_CUSTOM_LIBRARY/packs/HG_Engine_DS_Sprites/popplio/icon.png,DS_CUSTOM_LIBRARY/packs/DrPrettyman_DS_64x64/sprites-raw/IconSpritesResource/popplio.png,19baf2cdb531d3618edbf67ac8b15e0f15b108d5a87bc59e7193e04bc29760d8,c334c90139351eb069e2a5615b6c263207e0f3256b37802080e99098369212a8,5f2c620068d27c6b838bf826efa43e6b6d73a3f914b5ce2cb0161c6035fd6b5a,HG_Engine_DS_Sprites,DrPrettyman_DS_64x64
PURE_PALETTE_RECOLOR,DS_CUSTOM_LIBRARY/packs/HG_Engine_DS_Sprites/vivillon_savanna/icon.png,DS_CUSTOM_LIBRARY/packs/DrPrettyman_DS_64x64/sprites-raw/IconSpritesResource/vivillon-savanna.png,35e75b4cae96d73607cccb03f9b1909f2dc48f6e831ebe05564c3e23c19ce3c5,2e941fdd8f7ec3df9657314d56bec07da234d6c78e5b817b978e8b43c44bd051,87db9a1153c666364649b79f5b30df2e6a5779361f97929d2727ac882e7e6f56,HG_Engine_DS_Sprites,DrPrettyman_DS_64x64
PURE_PALETTE_RECOLOR,DS_CUSTOM_LIBRARY/packs/HG_Engine_DS_Sprites/lurantis/icon.png,DS_CUSTOM_LIBRARY/packs/DrPrettyman_DS_64x64/sprites-raw/IconSpritesResource/lurantis.png,73c5b1b72f0cb5d30c4eae26e189e50352fa85442db8d2b85bd44e4413e3bf83,02fcf5c3637343b0cbd0b490c2209b2ee107c2c79064d818a7cfc5172ee936fa,951c9f2ca99a5a8a719793a6d99a50f278206e26e988f1ce90ca61599efc0649,HG_Engine_DS_Sprites,DrPrettyman_DS_64x64
PURE_PALETTE_RECOLOR,DS_CUSTOM_LIBRARY/packs/HG_Engine_DS_Sprites/clobbopus/icon.png,DS_CUSTOM_LIBRARY/packs/DrPrettyman_DS_64x64/sprites-raw/IconSpritesResource/clobbopus.png,3f088c56e993cb52d1927499d74292b7918e1b1cf1baad9389dd800c6cdfda01,6f00dada68d86d86b06893f402da9079d1717e1a42d2def377866230ed85c503,0d59391514d16b07a4688c4c478e5ee35732705d7ad76dcc9b64c1b727da9bd8,HG_Engine_DS_Sprites,DrPrettyman_DS_64x64
PURE_PALETTE_RECOLOR,DS_CUSTOM_LIBRARY/packs/HG_Engine_DS_Sprites/cufant/icon.png,DS_CUSTOM_LIBRARY/packs/DrPrettyman_DS_64x64/sprites-raw/IconSpritesResource/cufant.png,c364806c26a48da6aa863876c62ee7779d9bfab8dc9a6f14befcee1a75aed60d,51e1ac11bc4c53194c54ea13919b0c934a5f58bd9ec7c9712e48fd6d95169d23,d9a4ec6294be0270bebbc03a95a146924bc66f0be2389b4e17a85983c007454c,HG_Engine_DS_Sprites,DrPrettyman_DS_64x64
PURE_PALETTE_RECOLOR,DS_CUSTOM_LIBRARY/packs/HG_Engine_DS_Sprites/floette_eternal_flower/icon.png,DS_CUSTOM_LIBRARY/packs/DrPrettyman_DS_64x64/sprites-raw/IconSpritesResource/floette-eternal.png,52161763021496b78c5c444d3ad94387eafdb41341188a2340bf78533f390c06,9ef2aa63dd5bb53c585b9ef537f11f32b47ac8bcb82f019282ccd07c280f8967,565e1876b678d484640bf5c9ba5f31fdf8d77f88c3954ca313cc1e9ccd90d851,HG_Engine_DS_Sprites,DrPrettyman_DS_64x64
PURE_PALETTE_RECOLOR,DS_CUSTOM_LIBRARY/packs/HG_Engine_DS_Sprites/mega_golisopod/icon.png,DS_CUSTOM_LIBRARY/packs/DrPrettyman_DS_64x64/sprites-raw/IconSpritesResource/golisopod-mega.png,e03ee928bd4eaeee0cc56220cb72748bdb2ef9d174918ef62818caad8d45a00c,d7ff98896a9ee2773adf2d46601bcf57cc0f1562eec0929baba9ace940e27182,2c2e6c45e292d5c3b6237661e3c95612d5d4c4132d2a89af75b685f923a96021,HG_Engine_DS_Sprites,DrPrettyman_DS_64x64
PURE_PALETTE_RECOLOR,DS_CUSTOM_LIBRARY/packs/HG_Engine_DS_Sprites/pyroar/icon.png,DS_CUSTOM_LIBRARY/packs/DrPrettyman_DS_64x64/sprites-raw/IconSpritesResource/pyroar-male.png,29528cfa75ac12afcbe88945fd20490e47563f16b50e85b755319933744e7cf7,af3764b84bd5f0fb4cc94a373f328ef4223c5cd756dc7f7264a10abb53aff742,a08f0c59eceeb5472bc872cd472ffa91abf8a018849907a86357cb3fa3375166,HG_Engine_DS_Sprites,DrPrettyman_DS_64x64
PURE_PALETTE_RECOLOR,DS_CUSTOM_LIBRARY/packs/HG_Engine_DS_Sprites/mega_absol/icon.png,DS_CUSTOM_LIBRARY/packs/DrPrettyman_DS_64x64/sprites-raw/IconSpritesResource/absol-mega.png,a7d4ced69fad4e7fed6757f8d4186a5d8fba10110eda174019498a61e5a97054,b6f5292d2c49e67ff443b284aacb45e6f5a9f8d26fc600c5ff9fa837dabea9a9,aaba7abf9e796f9e9e52ffea3a5c92913d32804d7d841215968bcaa8da190b87,HG_Engine_DS_Sprites,DrPrettyman_DS_64x64
PURE_PALETTE_RECOLOR,DS_CUSTOM_LIBRARY/packs/HG_Engine_DS_Sprites/salazzle/icon.png,DS_CUSTOM_LIBRARY/packs/DrPrettyman_DS_64x64/sprites-raw/IconSpritesResource/salazzle.png,367dc1c9a5245f6a8fbbeaa521c05aaaf36bad4d2467e514fd66eb7a05410b3e,7446307e8721fef544429a8465246a45fb5d7d21cbb9c47d0b0c1db8c26ba0aa,156a9761110a90b198107e6718b50b405a238842415e2061adca646eb420f865,HG_Engine_DS_Sprites,DrPrettyman_DS_64x64
PURE_PALETTE_RECOLOR,DS_CUSTOM_LIBRARY/packs/HG_Engine_DS_Sprites/furfrou_la_reine/icon.png,DS_CUSTOM_LIBRARY/packs/DrPrettyman_DS_64x64/sprites-raw/IconSpritesResource/furfrou-la-reine.png,043eb5ba6174acadde924e98ff376f96dd505bc991f39251cd22a601beae1601,f075c708b5d4a99aa90aec9e0b1a41adf95f3d25151b4a6869d62d0bf40aceab,652701cf607c6c4a26cb6cf96d36a31077aa59057b13995cc11a37da264ed30e,HG_Engine_DS_Sprites,DrPrettyman_DS_64x64
PURE_PALETTE_RECOLOR,DS_CUSTOM_LIBRARY/packs/HG_Engine_DS_Sprites/aegislash/icon.png,DS_CUSTOM_LIBRARY/packs/DrPrettyman_DS_64x64/sprites-raw/IconSpritesResource/aegislash-shield.png,508ea4ace626fff29b7822177b98183d9cb97372539a40d6083a403887abf643,5968ad976fd924aa37e5735e5fa0fad739d672efe1410dffff047ac29bff8f1f,bfa285c45fc34603df0bb0dc4ad7c48778d9f39874f44e2dcee6ddb195bd4d96,HG_Engine_DS_Sprites,DrPrettyman_DS_64x64
PURE_PALETTE_RECOLOR,DS_CUSTOM_LIBRARY/packs/HG_Engine_DS_Sprites/mega_excadrill/icon.png,DS_CUSTOM_LIBRARY/packs/DrPrettyman_DS_64x64/sprites-raw/IconSpritesResource/excadrill-mega.png,ad1cb3f828c2066f1e62afe3f7d6e2acdcd684bb3995c8baadc6e90820105d5c,8cfb1df8436785167f9fd49a3e1b3384fba4a174dae4c8aad2c06bfdb27f304a,420dd5a91bfa09f280ce4a13d2c43eedb3ac69c5c112e1f16d46dac1e165cbb1,HG_Engine_DS_Sprites,DrPrettyman_DS_64x64
PURE_PALETTE_RECOLOR,DS_CUSTOM_LIBRARY/packs/HG_Engine_DS_Sprites/linoone_galarian/icon.png,DS_CUSTOM_LIBRARY/packs/DrPrettyman_DS_64x64/sprites-raw/IconSpritesResource/linoone-galar.png,f22123bc17782d62495be45c9bf45c3560eb75e04914d2305ca0172a83455d7d,c397c8bb3be729dc7ebff99c6952895813f6f94043758091c0a458d72864d51a,096bc28b5de5b23223eae96b929fab2452cd00a05e7da23743eca7ddc4678e85,HG_Engine_DS_Sprites,DrPrettyman_DS_64x64
PURE_PALETTE_RECOLOR,DS_CUSTOM_LIBRARY/packs/HG_Engine_DS_Sprites/articuno_galarian/icon.png,DS_CUSTOM_LIBRARY/packs/DrPrettyman_DS_64x64/sprites-raw/IconSpritesResource/articuno-galar.png,ec4edef3f4b65554e084aeb8232dda212e59b4875ef07858c0a02f4b804df3b8,0dd4d389f9f01ac4bb0cafc2a924a6ee61f6d3028a5412361611a6a468b44579,27d235bfb11c857c1f72ef8127d7e1bc47ed247c0b2371714d73a88520ac37e9,HG_Engine_DS_Sprites,DrPrettyman_DS_64x64
PURE_PALETTE_RECOLOR,DS_CUSTOM_LIBRARY/packs/HG_Engine_DS_Sprites/mega_drampa/icon.png,DS_CUSTOM_LIBRARY/packs/DrPrettyman_DS_64x64/sprites-raw/IconSpritesResource/drampa-mega.png,545fb8e1a06109506f40517dae81719aace310b2fb6f5706763b7dc6fcc0ae93,1b1c46572417d68c899aff3f8313c42392dd0d2c5eadad7c15a01c6e4451a0ae,b0dcf839cc063a182abab66c9deff48ca65064775e834b7a9746f7b19e2607de,HG_Engine_DS_Sprites,DrPrettyman_DS_64x64
PURE_PALETTE_RECOLOR,DS_CUSTOM_LIBRARY/packs/HG_Engine_DS_Sprites/oricorio_sensu/icon.png,DS_CUSTOM_LIBRARY/packs/DrPrettyman_DS_64x64/sprites-raw/IconSpritesResource/oricorio-sensu.png,afaab16baefb3216dd037c44e83aa7417c1d0d96ec2565e41114c2a78c115c57,b7393d04dbfd7952737f496af2c24c5e3473f1344fda8e669406232a0c804842,956e23a6206ab70487cd78522bcf5b02586b8a6585ea0e24cfab0d69add37d20,HG_Engine_DS_Sprites,DrPrettyman_DS_64x64
PURE_PALETTE_RECOLOR,DS_CUSTOM_LIBRARY/packs/HG_Engine_DS_Sprites/mega_garchomp_z/icon.png,DS_CUSTOM_LIBRARY/packs/DrPrettyman_DS_64x64/sprites-raw/IconSpritesResource/garchomp-mega-z.png,be61fe89c8067e5e922e9da18604f89a4420241a7e21c2e76cb39d6d2d65cee5,c2794b1857dbabcaa26ee5da561742414e39053478ba5b14b79a446b527191be,eb1936c92e9c238426463b7f64232c1cad2a9d559f9adcdcc3179aa48ad08dc0,HG_Engine_DS_Sprites,DrPrettyman_DS_64x64
PURE_PALETTE_RECOLOR,DS_CUSTOM_LIBRARY/packs/HG_Engine_DS_Sprites/bounsweet/icon.png,DS_CUSTOM_LIBRARY/packs/DrPrettyman_DS_64x64/sprites-raw/IconSpritesResource/bounsweet.png,f592cd6436589f527c248e2a810ced8f4befb70c2795393fc7ff456c32fd2b08,b101a8dbd863d9673e4eabf3c8210e0ba47743aa9724a97e18989f063071ff27,fab947d87dc2946b62b05f36c00aa1dabf0a76ae996e2f1b5f797a93597057d0,HG_Engine_DS_Sprites,DrPrettyman_DS_64x64
PURE_PALETTE_RECOLOR,DS_CUSTOM_LIBRARY/packs/HG_Engine_DS_Sprites/gigantamax_cinderace/icon.png,DS_CUSTOM_LIBRARY/packs/DrPrettyman_DS_64x64/sprites-raw/IconSpritesResource/cinderace-gmax.png,095891fd6c5df9abef61d23d73c8bfe8ea1b7775a7dda6eb7dbf056359c925f9,2c6154c98a8414e9011c96899abdaab87a29667eeae62db1355b85cb8cdb369c,d7bbdd4a85896c41c0dbefbae673b7c63aa84b2ba81331b4bbeda82de379a498,HG_Engine_DS_Sprites,DrPrettyman_DS_64x64
PURE_PALETTE_RECOLOR,DS_CUSTOM_LIBRARY/packs/HG_Engine_DS_Sprites/deoxys_attack/icon.png,DS_CUSTOM_LIBRARY/packs/DrPrettyman_DS_64x64/sprites-raw/IconSpritesResource/deoxys-attack.png,33ce8e1b5e9d89f2e0f04dff5a725849fc6488c6ddca1ced1516aacfc93513ce,aaeadcb148d94ff5e38cf501cb10dd54d31d0b0a6210539697027704a0307df4,80ae2154acd796306b0eefd81f2e04fe48b64297cf5e83a6a06ccc0ac8892982,HG_Engine_DS_Sprites,DrPrettyman_DS_64x64
PURE_PALETTE_RECOLOR,DS_CUSTOM_LIBRARY/packs/HGSS_Project_Unique_Futura_Engine/torchic/female/front.png,DS_CUSTOM_LIBRARY/packs/HG_Engine_DS_Sprites/torchic/female/front.png,3a77fcd073edab6cc07d7f77961787b1e47b10583bcd4756e4f29c5ee52db721,e5259cbb97c7d82c76667e52671e098a1ea8b7c145790c5bc510d1876c374e61,c5f34558d0cb067775a24f178449fbcb9de49177431deaed83f7523bc4c6b634,HGSS_Project_Unique_Futura_Engine,HG_Engine_DS_Sprites
PURE_PALETTE_RECOLOR,DS_CUSTOM_LIBRARY/packs/HGSS_Project_Unique_Futura_Engine/torchic/female/back.png,DS_CUSTOM_LIBRARY/packs/HG_Engine_DS_Sprites/torchic/female/back.png,dcd8723c62ba9d2020c2aaea7bad3ea666e9f076e330dc2c32cdc6349f1a092b,630c49c9afeab4039c426681923fb096f74f240ec7db16e39b75033a41aea416,377f240ff34d7a685c6787979f1d6b40710e91725bd9f36936bb124d6f4b76c3,HGSS_Project_Unique_Futura_Engine,HG_Engine_DS_Sprites
PURE_PALETTE_RECOLOR,DS_CUSTOM_LIBRARY/packs/HGSS_Project_Unique_Futura_Engine/greninja/female/back.png,DS_CUSTOM_LIBRARY/packs/HG_Engine_DS_Sprites/greninja/female/back.png,bd3817ee5c93c5273445574cb25826ff127d2343447690f61f38ee6f8eb72330,c2f5a226274e0c0554f3652e3cfe2185d5b435c97d306caf848902699e2c6ad8,6240b73e78a4042d911c29e4d1c3075db09decb99702b3ea92ad8397b1282c0a,HGSS_Project_Unique_Futura_Engine,HG_Engine_DS_Sprites
PURE_PALETTE_RECOLOR,DS_CUSTOM_LIBRARY/packs/HGSS_Project_Unique_Futura_Engine/frogadier/female/back.png,DS_CUSTOM_LIBRARY/packs/HG_Engine_DS_Sprites/frogadier/female/back.png,8e5afc9a9bf8ad000636f62582091826952c007e344e69366933f2fed4e9a365,896e98f388121aa393445ac62a00a2970028234a7b2fc39cfc5645942b276355,c6cc95aa7c7bc217b69450fe66429ad028abb81b9d9e36049dbd21879130aee9,HGSS_Project_Unique_Futura_Engine,HG_Engine_DS_Sprites
PURE_PALETTE_RECOLOR,DS_CUSTOM_LIBRARY/packs/HGSS_Project_Unique_Futura_Engine/grotle/female/back.png,DS_CUSTOM_LIBRARY/packs/HG_Engine_DS_Sprites/grotle/female/back.png,27d2c9d5f11c98f5bf25b5c81a228ab2dd97f0b16afe919b7f7488d8a61529b7,0f7f421cbe109a9e41785b242ef43e3020e1976968301d3f38f5a99e5b6f7945,a20bd8a15d51be4226311ac1ce18fc6a70d7ee441b8ee0b5a0f2c74b1a88ba6f,HGSS_Project_Unique_Futura_Engine,HG_Engine_DS_Sprites
PURE_PALETTE_RECOLOR,DS_CUSTOM_LIBRARY/packs/HGSS_Project_Unique_Futura_Engine/turtwig/female/front.png,DS_CUSTOM_LIBRARY/packs/HG_Engine_DS_Sprites/turtwig/female/front.png,4e10106ed7bc73812358defd4531e93ca7d6afacbace5c7ee5ca4c122b162021,e332bd357e695b282d280a08b30d79754050f209cf1cc809b7bd7a5d73c9ba0f,e30d2590337927ea27805a5a55e79bcc4ac8ada6c9f73b3904dd8ddf0e021d28,HGSS_Project_Unique_Futura_Engine,HG_Engine_DS_Sprites
PURE_PALETTE_RECOLOR,DS_CUSTOM_LIBRARY/packs/HGSS_Project_Unique_Futura_Engine/turtwig/female/back.png,DS_CUSTOM_LIBRARY/packs/HG_Engine_DS_Sprites/turtwig/female/back.png,a7e8e1a8ffb038f53aebf2f3c4bd3733bf7eec4169d1cfeb3f338b6588411c91,c694955bd383fe95976b0d825a33dc703e39c912ee0e00c4ad3314bc6b43870a,dd6bd6f187de5b28e89d7328e56de2e8169d25715c237011af879755049ee4ca,HGSS_Project_Unique_Futura_Engine,HG_Engine_DS_Sprites
PURE_PALETTE_RECOLOR,DS_CUSTOM_LIBRARY/packs/HGSS_Project_Unique_Clumsycat_HG_Hack/gholdengo/male/back.png,DS_CUSTOM_LIBRARY/packs/HG_Engine_DS_Sprites/gholdengo/male/back.png,deb23dd2aa3b45a445f25811b564d78069d3d91b3a616f8a2320c06ac65a3de0,38522b4e3b7952b9367dc384b742a7e424b26db5c8bcacda9955cb918d50cc09,7c973d9854303548c145bdb86d8ddf66ccae2f09afefbe1cd966af9e99186b86,HGSS_Project_Unique_Clumsycat_HG_Hack,HG_Engine_DS_Sprites
PURE_PALETTE_RECOLOR,DS_CUSTOM_LIBRARY/packs/HGSS_Project_Unique_Clumsycat_HG_Hack/audino/female/back.png,DS_CUSTOM_LIBRARY/packs/HG_Engine_DS_Sprites/audino/female/back.png,7dae87c64ff416d3533c02b17ea8abd483ad5f138bb61471e556709c80182680,9101be9bf9bc411c4988d887faf4ea71f3d356ccf46e126b79983c6bb57ae5d2,16230a9f4dd6ff5db81366560e5dd7ac9f207fb07ce241908dd82bf3bcfa283c,HGSS_Project_Unique_Clumsycat_HG_Hack,HG_Engine_DS_Sprites
PURE_PALETTE_RECOLOR,DS_CUSTOM_LIBRARY/packs/Earthretha/Earthretha Fakemon Pack/Graphics/Pokemon/Back/PANGSHI (Betamon).png,DS_CUSTOM_LIBRARY/packs/Earthretha/Earthretha Fakemon Pack/Graphics/Pokemon/Back shiny/PANGSHI (Betamon).png,20803d769e64a5c882d06121606d7aea597e1b3b95b821eaae43efa9ce68898b,e1563ae9dc809a2987f46d85cddaff9942af42713f32e76b6afed3f21f312879,2d38309b1906659f81bed7cbe22958f0dbad5d3bd92ab74273693a141e5f013a,Earthretha,Earthretha
PURE_PALETTE_RECOLOR,DS_CUSTOM_LIBRARY/packs/Earthretha/Earthretha Fakemon Pack/Graphics/Pokemon/Back shiny/BELSTATUE_2 (Moon Shard).png,DS_CUSTOM_LIBRARY/packs/Earthretha/Earthretha Fakemon Pack/Graphics/Pokemon/Back shiny/BELSTATUE_1 (Sun Shard).png,216d15a7c02480e372c745b6b1617208d26f6f0ba81812823b9703c0d7c501ec,a9ea28e9528ea8699ab846282fa76ca416bdfe9261070886baed803a34fab624,a80881a37a3f410edafb9d74544799121d556b09b224cf4249eb80b7c07f4229,Earthretha,Earthretha
PURE_PALETTE_RECOLOR,DS_CUSTOM_LIBRARY/packs/Earthretha/Earthretha Fakemon Pack/Graphics/Pokemon/Back/BELSTATUE_2 (Moon Shard).png,DS_CUSTOM_LIBRARY/packs/Earthretha/Earthretha Fakemon Pack/Graphics/Pokemon/Back shiny/BELSTATUE_1 (Sun Shard).png,216d15a7c02480e372c745b6b1617208d26f6f0ba81812823b9703c0d7c501ec,f0352f77050f3e6c6d33f4b0eeebdfff5c33cc6ca5518afd935bd050d470b002,a80881a37a3f410edafb9d74544799121d556b09b224cf4249eb80b7c07f4229,Earthretha,Earthretha
PURE_PALETTE_RECOLOR,DS_CUSTOM_LIBRARY/packs/Earthretha/Earthretha Fakemon Pack/Graphics/Pokemon/Back/BELSTATUE_1 (Sun Shard).png,DS_CUSTOM_LIBRARY/packs/Earthretha/Earthretha Fakemon Pack/Graphics/Pokemon/Back shiny/BELSTATUE_1 (Sun Shard).png,216d15a7c02480e372c745b6b1617208d26f6f0ba81812823b9703c0d7c501ec,318b40b397439543dbcb98a7652fea34919606ae49e36970a8ffdf03cd8260af,a80881a37a3f410edafb9d74544799121d556b09b224cf4249eb80b7c07f4229,Earthretha,Earthretha
PURE_PALETTE_RECOLOR,DS_CUSTOM_LIBRARY/packs/Earthretha/Earthretha Fakemon Pack/Graphics/Pokemon/Back/BELSTATUE.png,DS_CUSTOM_LIBRARY/packs/Earthretha/Earthretha Fakemon Pack/Graphics/Pokemon/Back shiny/BELLSTATUE.png,f6ffb1f0e5949c1221f10b05e21b5f292a5ca003936645025ca7079dc97b6562,350b27b07153927586f93365e7570cd5f1008edc2fd7a63e850514b6bbc624bd,1ef5db0f05a2f2cffb80f4dbc89c4421703e2e29d9bd47ee40c58fa1dc1281d6,Earthretha,Earthretha
PURE_PALETTE_RECOLOR,DS_CUSTOM_LIBRARY/packs/Earthretha/Earthretha Fakemon Pack/Graphics/Pokemon/Back shiny/UMAMOTH.png,DS_CUSTOM_LIBRARY/packs/Earthretha/Earthretha Fakemon Pack/Graphics/Pokemon/Back/UMAMOTH.png,1ec560c8d21f6fad408ef514af2fc4d8b9d2d31e5e9f5d20430ba4dc23329112,881cb09ddde65124f4ccf4ebec79049e860824662811a1c0520917f148aef7df,1bb5055090f97735bef0d0ea39356becfda04646547e62b8a49ce0150ad7494c,Earthretha,Earthretha
PURE_PALETTE_RECOLOR,DS_CUSTOM_LIBRARY/packs/Earthretha/Earthretha Fakemon Pack/Graphics/Pokemon/Back shiny/UNNAMED (Betamon).png,DS_CUSTOM_LIBRARY/packs/Earthretha/Earthretha Fakemon Pack/Graphics/Pokemon/Back/UNNAMED (Betamon).png,8162813ad1a4fa0baaa82726b6191039eb540d0b5be3b975050eb1096369be1a,2aa3bd7e0bcba5b146edf37bc76a8e8c8791111c2f03968b95d9a11f10404332,a55e4aa12bf4d99858d4022801ee2ab859f977e0f069d502a7db65a34092741c,Earthretha,Earthretha
PURE_PALETTE_RECOLOR,DS_CUSTOM_LIBRARY/packs/Earthretha/Earthretha Fakemon Pack/Graphics/Pokemon/Back/MUSEON.png,DS_CUSTOM_LIBRARY/packs/Earthretha/Earthretha Fakemon Pack/Graphics/Pokemon/Back shiny/MUSEON.png,4df477e7f30c053e19399becad68e2bb2b7d6a3484d1448431e08ca43ee392f6,7bb8c25f69eaa5a5b972e15e932bbb6af0ce93a60bfcc467e0ea9d5368b75184,2563f1c4f7fc17583f011dd953621029d1181c40869e36cfec84dd7045f849d5,Earthretha,Earthretha
PURE_PALETTE_RECOLOR,DS_CUSTOM_LIBRARY/packs/Earthretha/Earthretha Fakemon Pack/Graphics/Pokemon/Back/ANIMON (Betamon).png,DS_CUSTOM_LIBRARY/packs/Earthretha/Earthretha Fakemon Pack/Graphics/Pokemon/Back shiny/ANIMON (Betamon).png,bd67a3d416f34b765fdf398ac41ce4c3381743b219d188674a5b7bbcc9de5cc3,721b1d412b3a310e19fc9d385d702d0ec29ac33e61be8460c7cd5448bebf8cc9,74feb6a42704d1e367ffc95efb47d7d232e3eebcb77838e6813045fbb3f3b93a,Earthretha,Earthretha
PURE_PALETTE_RECOLOR,DS_CUSTOM_LIBRARY/packs/Earthretha/Earthretha Fakemon Pack/Graphics/Pokemon/Back/ODDISH_1.png,DS_CUSTOM_LIBRARY/packs/Earthretha/Earthretha Fakemon Pack/Graphics/Pokemon/Back shiny/ODDISH_1.png,83d9d17948cfdfaca4adbec7acc3abbbdf60a9cd8f6f2189e6eb1ff46cba81f8,365a41900f235b5da8c104afcb220672997613dc5e9e39511a842df8111bba5f,0a2e7bd72fb0c12ef2cb2c02fe2423c9d9d1f82036f80e8462fec1a0c27b0a8f,Earthretha,Earthretha
PURE_PALETTE_RECOLOR,DS_CUSTOM_LIBRARY/packs/Earthretha/Earthretha Fakemon Pack/Graphics/Pokemon/Back shiny/VENONAT_1.png,DS_CUSTOM_LIBRARY/packs/Earthretha/Earthretha Fakemon Pack/Graphics/Pokemon/Back/VENONAT_1.png,0888d228ca658774788e8fb1e3d4eb69e1ff9e68c9c5e43e589d918a290b42b8,33adf9bef525ca867d69e827276d885a18cf17cc4b756e4bc9b05ba4997e0cae,aea32655318e85affaa9687f02585b349cd7d0d4dc8b037b6d5625c6c6bc980b,Earthretha,Earthretha
PURE_PALETTE_RECOLOR,DS_CUSTOM_LIBRARY/packs/Earthretha/Earthretha Fakemon Pack/Graphics/Pokemon/Back shiny/VILEPLUME_1.png,DS_CUSTOM_LIBRARY/packs/Earthretha/Earthretha Fakemon Pack/Graphics/Pokemon/Back/VILEPLUME_1.png,30e197de78db91188b5af74bdb6b1efd5d43a84dff5469a668cd514e230da995,6e578de072009312673bf066c520325885171e165c4f50524d48dff0a2a03fbd,6bddedc6fe50b9ec05e919944bc6d8f851415ab6419d30662a2249fbcefe91b2,Earthretha,Earthretha
PURE_PALETTE_RECOLOR,DS_CUSTOM_LIBRARY/packs/Earthretha/Earthretha Fakemon Pack/Graphics/Pokemon/Back/GLOOM_1.png,DS_CUSTOM_LIBRARY/packs/Earthretha/Earthretha Fakemon Pack/Graphics/Pokemon/Back shiny/GLOOM_1.png,8f72cfd0b62b80990841872db25f687b876faa7df9365298378d49ac1cf03d10,455288c2e03bbcde3f68486fb69c6d500ec20f93902f989d9f4039d4da13010e,750b94e1900335aa70cc6e3473f96c27ea2338c7b695d76cfe3154dabe2226a0,Earthretha,Earthretha
PURE_PALETTE_RECOLOR,DS_CUSTOM_LIBRARY/packs/Earthretha/Earthretha Fakemon Pack/Graphics/Pokemon/Front shiny/BUNNINJA.png,DS_CUSTOM_LIBRARY/packs/Earthretha/Earthretha Fakemon Pack/Graphics/Pokemon/Front/BUNNINJA.png,bccfac24004b54c1b41ff5c7907c6b36c8b23438c34a2ec1071f6686f2372fad,e77b902ee09a2d208df8dd908d8e76884ee3f828b09aa4af2f581235b075be3e,e7a7d950b286c3566c9dc349f5ecd38cde2567f53d4c6b62ebe60ee9bf33c374,Earthretha,Earthretha
PURE_PALETTE_RECOLOR,DS_CUSTOM_LIBRARY/packs/Earthretha/Earthretha Fakemon Pack/Graphics/Pokemon/Front shiny/PANGSHI (Betamon).png,DS_CUSTOM_LIBRARY/packs/Earthretha/Earthretha Fakemon Pack/Graphics/Pokemon/Front/PANGSHI (Betamon).png,fdd195382139f981d5351491ceeaf9393925ef0c519bdd74e063ca661b73f9cf,b08b50fe16ece8851f95dfd7c9b28bd444a26700f697cca2f6196237dc344789,d474209eadb84d93f1664d09523369c2de21bb8edd82011f47de44b617dda85a,Earthretha,Earthretha
PURE_PALETTE_RECOLOR,DS_CUSTOM_LIBRARY/packs/Earthretha/Earthretha Fakemon Pack/Graphics/Pokemon/Front/BELSTATUE_2 (Moon Shard).png,DS_CUSTOM_LIBRARY/packs/Earthretha/Earthretha Fakemon Pack/Graphics/Pokemon/Front shiny/BELSTATUE_2 (Moon Shard).png,ca0fced633b1897831a83aa95ab76cc7a83c86e0328afcd0af7a30f79fd915fe,fe56ae7d818a10477068d598272734db43f3f0b4c4a6bfb7b6538d8250f79b6d,5e2b48a8ef621051c1e8cba6b7d8c8405a5e101f0aac55f34005cf0fd986eb43,Earthretha,Earthretha
PURE_PALETTE_RECOLOR,DS_CUSTOM_LIBRARY/packs/Earthretha/Earthretha Fakemon Pack/Graphics/Pokemon/Front shiny/UMAMOTH.png,DS_CUSTOM_LIBRARY/packs/Earthretha/Earthretha Fakemon Pack/Graphics/Pokemon/Front/UMAMOTH.png,bb757d61a9ce085e9e7e3cf80a9bcdd5bb9515904268b83e830b222ec13517df,c9830c426ad9458be2e66fc08e8bc05e9ebd56ec2f7f866a6c231bc63703de44,c850652c13830e83bf994bfbb10a2abfaf3346ba4af05a67b3e328e48d2933a2,Earthretha,Earthretha
PURE_PALETTE_RECOLOR,DS_CUSTOM_LIBRARY/packs/Earthretha/Earthretha Fakemon Pack/Graphics/Pokemon/Front/UNNAMED (Betamon).png,DS_CUSTOM_LIBRARY/packs/Earthretha/Earthretha Fakemon Pack/Graphics/Pokemon/Front shiny/UNNAMED (Betamon).png,6bb9e97c385712d59968d7a87811b09cce5205feddd2f269a46e2b917f5f0774,989469f33af09def5e324d7feac8fd6fdabee440c338c1425d5a41f6fe52e3ba,d6e23e48718d9fa302769023e3b775d698b328de01754485b6212ac5e98cf35f,Earthretha,Earthretha
PURE_PALETTE_RECOLOR,DS_CUSTOM_LIBRARY/packs/Earthretha/Earthretha Fakemon Pack/Graphics/Pokemon/Front shiny/TWINS (Betamon).png,DS_CUSTOM_LIBRARY/packs/Earthretha/Earthretha Fakemon Pack/Graphics/Pokemon/Front/TWINS (Betamon).png,e06e4423540d1cbffa46298db15c00b76fa5f4bc07a0518f3beecf77fd95661c,955e1517cef2a9e9d93afa0fc13514acabf39fda433879cb6cb158614e3bbc14,3b8a19bdf582516ef0fda5494bf88c30f303f67da8d43d0511dfe623861d3a94,Earthretha,Earthretha
PURE_PALETTE_RECOLOR,DS_CUSTOM_LIBRARY/packs/Earthretha/Earthretha Fakemon Pack/Graphics/Pokemon/Front shiny/MUSEON.png,DS_CUSTOM_LIBRARY/packs/Earthretha/Earthretha Fakemon Pack/Graphics/Pokemon/Front/MUSEON.png,ac23f3f951d005813a3e837e2b6e9c5ad034f02df16359cf0fc792eb8a8afb66,9062cd37024c55cf8a7672f612c280c0f0698f3a0ec3c3488959dc34aa54ba2c,8e9bda4beb876cefbf7f6dae2e4aeb6cafb08dbd660cb91590c9f073223ac34a,Earthretha,Earthretha
PURE_PALETTE_RECOLOR,DS_CUSTOM_LIBRARY/packs/Earthretha/Earthretha Fakemon Pack/Graphics/Pokemon/Front shiny/INCINEROAR_1.png,DS_CUSTOM_LIBRARY/packs/Earthretha/Earthretha Fakemon Pack/Graphics/Pokemon/Front/INCINEROAR_1.png,75ea80820e146b36de0e49212c985791663bdb2713ec0e62cec46e0d0640372f,e467aa193739a001c1fdd66e480cfba62a9c99b912fa7dfb02d42b271ea229a1,931a36cd4e9028519092655c1df65671b2f6d65dee04578c54cce2dd9104db2e,Earthretha,Earthretha
PURE_PALETTE_RECOLOR,DS_CUSTOM_LIBRARY/packs/Earthretha/Earthretha Fakemon Pack/Graphics/Pokemon/Front/ODDISH_1.png,DS_CUSTOM_LIBRARY/packs/Earthretha/Earthretha Fakemon Pack/Graphics/Pokemon/Front shiny/ODDISH_1.png,aa3da984453857b606accf95df820e98c6dc8f7830d62e64d0575327a9824abe,ad4e67b0fc9bc70a155f8d466a6d2055dbff64176bce3d464557d52657c83a56,f20e6c9d3daebe588a041f5806802a61989cfb4034224a26545d1fa9e6e489ce,Earthretha,Earthretha
PURE_PALETTE_RECOLOR,DS_CUSTOM_LIBRARY/packs/Earthretha/Earthretha Fakemon Pack/Graphics/Pokemon/Front/VENONAT_1.png,DS_CUSTOM_LIBRARY/packs/Earthretha/Earthretha Fakemon Pack/Graphics/Pokemon/Front shiny/VENONAT_1.png,3c9e8d78b6b4794ceb89b584956123001424a0123ab7d7edf1af31a540edf269,f52f82a741916261e53d2c65e56176fe7c98682a59b83208d15c69aaa5556a21,a4d14aaa103e6064aaa88a6513db458f331c83e4899be26567aa9e4989084458,Earthretha,Earthretha
PURE_PALETTE_RECOLOR,DS_CUSTOM_LIBRARY/packs/Earthretha/Earthretha Fakemon Pack/Graphics/Pokemon/Front/BELSTATUE.png,DS_CUSTOM_LIBRARY/packs/Earthretha/Earthretha Fakemon Pack/Graphics/Pokemon/Front shiny/BELSTATUE.png,b9bb2aea3cbd300e42f74bd0171398d084d8d9da365d0c6247b912f4d49fe71f,ca1722a5ebe88de529ea852b7d694a335ea48b7da17b6785f7e77742b58628e3,883ef7cc552e0a687932a1f063cdd2f9d6d2b7560b252d76239c9ef5a6c194a9,Earthretha,Earthretha
PURE_PALETTE_RECOLOR,DS_CUSTOM_LIBRARY/packs/Earthretha/Earthretha Fakemon Pack/Graphics/Pokemon/Front/BELSTATUE_1 (Sun Shard).png,DS_CUSTOM_LIBRARY/packs/Earthretha/Earthretha Fakemon Pack/Graphics/Pokemon/Front shiny/BELSTATUE_1 (Sun Shard).png,5728aff6b96316c7e3d06c4ab1dc7c61306d21ed4a00d39388919d13b4df2fdc,86bbdebb671fa4ec90a861e86537a597d869601962f0aea13ccc88deb06ad471,3d7fa637e4026528915cab9e5db07bad3afdf6b7fc742461a9c26f9e516c07fd,Earthretha,Earthretha
PURE_PALETTE_RECOLOR,DS_CUSTOM_LIBRARY/packs/Earthretha/Earthretha Fakemon Pack/Graphics/Pokemon/Front/VILEPLUME_1.png,DS_CUSTOM_LIBRARY/packs/Earthretha/Earthretha Fakemon Pack/Graphics/Pokemon/Front shiny/VILEPLUME_1.png,a6f7997213d136c868c63b56a8730ba3bf2cde545156eecabe4906c382b7f168,48776434754272fdbec5c771658517d87783fd7ee1e2a454babc02ef2b200845,16b376a6ae5784ceec15d52ff1d5621bdacb08b8490f079593dc0ebc33aaa527,Earthretha,Earthretha
PURE_PALETTE_RECOLOR,DS_CUSTOM_LIBRARY/packs/Earthretha/Earthretha Fakemon Pack/Graphics/Pokemon/Front shiny/GLOOM_1.png,DS_CUSTOM_LIBRARY/packs/Earthretha/Earthretha Fakemon Pack/Graphics/Pokemon/Front/GLOOM_1.png,1c28427621e387dec957b88b12d22f384ac763ada5b6ecac92845fa3157cb9c3,e0144f17e8c5c6a985089bff58fcab43bebf5aad3c0097d346d2708357084ceb,2ab73cafdbfaf1780e04a00f3dd9206855e5f9489c689df21b206eff2fa13189,Earthretha,Earthretha
PURE_PALETTE_RECOLOR,DS_CUSTOM_LIBRARY/packs/Earthretha/Earthretha Fakemon Pack/Graphics/Pokemon/Icons/BELSTATUE_2 (Moon Shard).png,DS_CUSTOM_LIBRARY/packs/Earthretha/Earthretha Fakemon Pack/Graphics/Pokemon/Icons/BELSTATUE_1 (Sun Shard).png,e98b6cf70cbef2142864a56e7a89449cd94bc03d14495e2fc4d1cfcd91ab132a,4da62ff7d36ad251c90ce3013fceb63f1071769b705ef7b626e58eb9fc6aff68,f2f0ceec6b90cdad7ed93397dc10660fcc2bdf0ff17979fcc59d4fedbef36989,Earthretha,Earthretha
PURE_PALETTE_RECOLOR,DS_CUSTOM_LIBRARY/packs/Earthretha/Earthretha Fakemon Pack/Graphics/Characters/Followers/ODDISH_1.png,DS_CUSTOM_LIBRARY/packs/Earthretha/Earthretha Fakemon Pack/Graphics/Characters/Followers shiny/043s_1.png,c4664ff7a53a5544bc598d56c7acb5de77f423473935641e6315ab3fd96c8e12,836b2af233fc09523ad48dc3ca894da119b340b49554e7aebedadf4f9e127421,a3b389cfdaa40da5931f48525ccbd9e7cbeebe2ccc32d8a423384b07be4124d1,Earthretha,Earthretha
PURE_PALETTE_RECOLOR,DS_CUSTOM_LIBRARY/packs/Earthretha/Earthretha Fakemon Pack/Graphics/Characters/Followers shiny/048s_1.png,DS_CUSTOM_LIBRARY/packs/Earthretha/Earthretha Fakemon Pack/Graphics/Characters/Followers/VENONAT_1.png,3b18cd1e64287aae7069f2419db97a204fad81a393e7acf3f43945d70cd7c0d3,1ff6e9f7139cd9ca5ca73799b9d7d26c28c6fbcfb3c07a34728f28f2ac83f091,2edb3427d060a5b3ecb73bb9805137ef377cd3684da5aeee872f6e56c81f0933,Earthretha,Earthretha
PURE_PALETTE_RECOLOR,DS_CUSTOM_LIBRARY/packs/Earthretha/Earthretha Fakemon Pack/Graphics/Characters/Followers shiny/816s.png,DS_CUSTOM_LIBRARY/packs/Earthretha/Earthretha Fakemon Pack/Graphics/Characters/Followers/BELSTATUE.png,1f6e2de49ac24f845dc802596fd73d761cc8cf0f4703336a55a46f2521dea2e3,a4f486cd33d2f7c437bf3745aaa251a58a5fa4fbf01632208dd00bb662bc73a6,f86648b33aa3272ac6dcd36850958c9e401ad6e0f80dafbbd0858d72be09c230,Earthretha,Earthretha
PURE_PALETTE_RECOLOR,DS_CUSTOM_LIBRARY/packs/HGSS_Project_Unique_Hallowed_Gold/victini/male/front.png,DS_CUSTOM_LIBRARY/packs/HG_Engine_DS_Sprites/victini/male/front.png,e4c4af8a6763b96f851c5b07f8fee88e57464e347da03679d73ba84c8a033e73,7846c093719aa34116454e45ac25e0235a908aef0b45bc7b239e87a7dfc9b784,74cd558a5b565ce75805479e5302faf8d3d8842e29054cdadd9b42d40249b598,HGSS_Project_Unique_Hallowed_Gold,HG_Engine_DS_Sprites
PURE_PALETTE_RECOLOR,DS_CUSTOM_LIBRARY/packs/Fakemon_Festival_Full/Fakemon Festival Pack/BiggusWeeabus/Mega Noctowl.png,DS_CUSTOM_LIBRARY/packs/Fakemon_Festival_Full/Fakemon Festival Pack/BiggusWeeabus/Mega NoctowlS.png,2a98966fefa3ce8b5f974717d61090927dbdd28d52e85a70d4f7e79a3a314940,de01ebcae7d6d4c0d23829d7300e472d428ccf48b3ec6bfd8c6c75464280f02b,bc662fc828f0d50c318b4be247e2a29ffb75e8b979454ab6941b1d3b22001d20,Fakemon_Festival_Full,Fakemon_Festival_Full
PURE_PALETTE_RECOLOR,DS_CUSTOM_LIBRARY/packs/Fakemon_Festival_Full/Fakemon Festival Pack/BiggusWeeabus/Rotom-Data.png,DS_CUSTOM_LIBRARY/packs/Fakemon_Festival_Full/Fakemon Festival Pack/BiggusWeeabus/Rotom-DataS.png,709fa27d4e9ab9d0db56c24a22d3332f013011e20018a60cea7019d60d43f333,2829468f8dbe31a67a92663497b506dff3d782b76ce311a3739753e5a2fde7f3,b5289413d04dd14f46e084fdc2ea25112f405557602420efe2458e498cce26a6,Fakemon_Festival_Full,Fakemon_Festival_Full
PURE_PALETTE_RECOLOR,DS_CUSTOM_LIBRARY/packs/Fakemon_Festival_Full/Fakemon Festival Pack/BiggusWeeabus/Aromatisse RedesignS.png,DS_CUSTOM_LIBRARY/packs/Fakemon_Festival_Full/Fakemon Festival Pack/BiggusWeeabus/Aromatisse Redesign.png,3df06584759f27241e95317bcacc3c266f2954ee6aa77b0f612c32270248a738,285ea020d707b1f7ad9c5359376b51a109952789d497b07967a57a4685a4550e,45ca006e11300f76b88a81fdd62e94c5214defd057346ba62c878a5f17813f79,Fakemon_Festival_Full,Fakemon_Festival_Full
PURE_PALETTE_RECOLOR,DS_CUSTOM_LIBRARY/packs/Fakemon_Festival_Full/Fakemon Festival Pack/Odisea/Doechi.png,DS_CUSTOM_LIBRARY/packs/Fakemon_Festival_Full/Fakemon Festival Pack/Odisea/DoechiS.png,f34b138754b8a358f8c1484f08d0710877db20548e505b5641ff13310643b209,40ff9a9f0f153b7eb822772f4f545e3c89ac098c953239b0d66fb62288819370,ae4138520e82b5ee169497cab48bdf33502fb0818efbf7dfacb74c4cd088df65,Fakemon_Festival_Full,Fakemon_Festival_Full
PURE_PALETTE_RECOLOR,DS_CUSTOM_LIBRARY/packs/Fakemon_Festival_Full/Fakemon Festival Pack/PrincessPhoenix/Pokemon/Face Icons/Baoby.png,DS_CUSTOM_LIBRARY/packs/Fakemon_Festival_Full/Fakemon Festival Pack/PrincessPhoenix/Pokemon/Face Icons/BaobyS.png,0c5e39a3504c359e09cf0315e8389189758f752952c546dddb25cd8499d66482,aef94ddac34dda32a99393440a6f20a08793909f2f45567a2dc53b22efaf53ca,be8808fade71e5e9a7fe9e23b26abf99596c33bccbcbb6cdde2299a08bbb1e59,Fakemon_Festival_Full,Fakemon_Festival_Full
PURE_PALETTE_RECOLOR,DS_CUSTOM_LIBRARY/packs/Fakemon_Festival_Full/Fakemon Festival Pack/PrincessPhoenix/Pokemon/Face Icons/Hissiorite.png,DS_CUSTOM_LIBRARY/packs/Fakemon_Festival_Full/Fakemon Festival Pack/PrincessPhoenix/Pokemon/Face Icons/HissioriteS.png,fce0546662745ca32788dfc828f829b707f0177c767eeb62e4b84c81131751e0,928c16b9f47728ff605b4b8c0c038e6ebce119b792abb22468b3632a67ce5afc,eaed0e467a6cacbe2f138e607f453977e11d7e9afc428f0e10ced2775112ffbf,Fakemon_Festival_Full,Fakemon_Festival_Full
PURE_PALETTE_RECOLOR,DS_CUSTOM_LIBRARY/packs/Fakemon_Festival_Full/Fakemon Festival Pack/PrincessPhoenix/Pokemon/Face Icons/Cobarett.png,DS_CUSTOM_LIBRARY/packs/Fakemon_Festival_Full/Fakemon Festival Pack/PrincessPhoenix/Pokemon/Face Icons/CobarettS.png,b2dd1705178eebb436f5440fcf287efb08700746cbd560670021e72e6ba5ef37,874b579b489ba401494e79dc39fa661bd76ce733167856bde32048042b3d4183,24d5df2af0659532af9eb7c1d6276556941eccfe1bae5420b1d51634dbd587c4,Fakemon_Festival_Full,Fakemon_Festival_Full
PURE_PALETTE_RECOLOR,DS_CUSTOM_LIBRARY/packs/Fakemon_Festival_Full/Fakemon Festival Pack/PrincessPhoenix/Pokemon/Face Icons/BaobaraffeS.png,DS_CUSTOM_LIBRARY/packs/Fakemon_Festival_Full/Fakemon Festival Pack/PrincessPhoenix/Pokemon/Face Icons/Baobaraffe.png,5c16cb2cdea704ce4da554f7132cc7a8e4365bbd723d421294e67fea1923f8bd,2c002be392615448b4da6905c97a3d1aeb47a0475d1beec83becba4fc88a1a93,a9e06136727b09cd5ea4298b63008d45f1f9f6f1eba8eb73611bad773bdf0bee,Fakemon_Festival_Full,Fakemon_Festival_Full
PURE_PALETTE_RECOLOR,DS_CUSTOM_LIBRARY/packs/Fakemon_Festival_Full/Fakemon Festival Pack/PrincessPhoenix/Pokemon/Face Icons/PythonovaS.png,DS_CUSTOM_LIBRARY/packs/Fakemon_Festival_Full/Fakemon Festival Pack/PrincessPhoenix/Pokemon/Face Icons/Pythonova.png,c32eb8bfe1efbe4358599a095358977fd141452d594431be1ce729a67592f2bc,33580ee2771966adb25366a080c44a7ee4b8647917a7060d6951c5c030e47401,310331a82a0308ee1ec954811fb725f890d3e3f9a7a3950c2f4671a1e13fcefc,Fakemon_Festival_Full,Fakemon_Festival_Full
PURE_PALETTE_RECOLOR,DS_CUSTOM_LIBRARY/packs/Fakemon_Festival_Full/Fakemon Festival Pack/PrincessPhoenix/Pokemon/Icons/TsushimiS.png,DS_CUSTOM_LIBRARY/packs/Fakemon_Festival_Full/Fakemon Festival Pack/PrincessPhoenix/Pokemon/Icons/Tsushimi.png,bc6442ceb46634b90a06ddbb4c235c0fb692a787392d7c8560069006b2a57326,687e7bf21c333618398b61ba06dd562ae3243d214610505940ffb03368d52725,e60db8fd73d5a98acdd0155a5134901bac74c873c42c8fac88ecb2c0ff107225,Fakemon_Festival_Full,Fakemon_Festival_Full
PURE_PALETTE_RECOLOR,DS_CUSTOM_LIBRARY/packs/Fakemon_Festival_Full/Fakemon Festival Pack/PrincessPhoenix/Pokemon/Icons/Nuenflu.png,DS_CUSTOM_LIBRARY/packs/Fakemon_Festival_Full/Fakemon Festival Pack/PrincessPhoenix/Pokemon/Icons/NuenfluS.png,77afe32d0b2d4ad8597db12ee372292182717d76dea07e400998b4dbd4446710,420fde2f4f51af0cf3d4b2478bb25be8c40484cdc98da716b2ad685ef6e5b14d,12b2634402d4163cf4d5ca17cca3cd02df9a846229f3613181e2474e60bf5b60,Fakemon_Festival_Full,Fakemon_Festival_Full
PURE_PALETTE_RECOLOR,DS_CUSTOM_LIBRARY/packs/Fakemon_Festival_Full/Fakemon Festival Pack/PrincessPhoenix/Pokemon/Icons/BaobyS.png,DS_CUSTOM_LIBRARY/packs/Fakemon_Festival_Full/Fakemon Festival Pack/PrincessPhoenix/Pokemon/Icons/Baoby.png,d6aa7fe9f9bbd4db08fb967187814505afad02bfe568b4d93ba853c515d28ba3,e7fb04bf3b69431d3f0129d05961b4c1c8d57fef92f599ddfe6e33a7dc346d46,78466ea868e73efe01ff5debaa78039285f0bc593c306588f2b461c0e9e87130,Fakemon_Festival_Full,Fakemon_Festival_Full
PURE_PALETTE_RECOLOR,DS_CUSTOM_LIBRARY/packs/Fakemon_Festival_Full/Fakemon Festival Pack/PrincessPhoenix/Pokemon/Icons/Hissiorite.png,DS_CUSTOM_LIBRARY/packs/Fakemon_Festival_Full/Fakemon Festival Pack/PrincessPhoenix/Pokemon/Icons/HissioriteS.png,ef7b78f0fdded59c1f5cf5c3bac536c6f330bfadb2ca21d638ed99a665c35116,63de5feec048521d8e7d7f7f65d18ba058e784c56ea0af6a7d2418830a25ac7b,71d58a5955718be3012abe8cf4b1b453cef459a2f7f5cb517a5bf46bd773adb1,Fakemon_Festival_Full,Fakemon_Festival_Full
PURE_PALETTE_RECOLOR,DS_CUSTOM_LIBRARY/packs/Fakemon_Festival_Full/Fakemon Festival Pack/PrincessPhoenix/Pokemon/Icons/Merlicun.png,DS_CUSTOM_LIBRARY/packs/Fakemon_Festival_Full/Fakemon Festival Pack/PrincessPhoenix/Pokemon/Icons/MerlicunS.png,eb5ddd001a0007fa39eb6455b65fa7001bcc0c7ea364567482ae30e880fe1727,16bfca366c92c1e7221a946152cd50e3da98a0fdda967bc8f2ab3d51fb545308,bb64372225e73a0695792a316f55baef251cb821aaba73fd276064b23add8d92,Fakemon_Festival_Full,Fakemon_Festival_Full
PURE_PALETTE_RECOLOR,DS_CUSTOM_LIBRARY/packs/Fakemon_Festival_Full/Fakemon Festival Pack/PrincessPhoenix/Pokemon/Icons/AnuS.png,DS_CUSTOM_LIBRARY/packs/Fakemon_Festival_Full/Fakemon Festival Pack/PrincessPhoenix/Pokemon/Icons/Anu.png,91d7a0a1d2ff7bbfaef9da9fa4b796b1b9f5bc3762e8420014cd156f0d614d4e,6784f3fcf1893f1a373487906838945fd5d79cd04507bb5022e0b15413c66638,1d0d143f1fed91bff53237fae997cd33a16cc2c15c3984e122500fb21740f6fc,Fakemon_Festival_Full,Fakemon_Festival_Full
PURE_PALETTE_RECOLOR,DS_CUSTOM_LIBRARY/packs/Fakemon_Festival_Full/Fakemon Festival Pack/PrincessPhoenix/Pokemon/Icons/DrashimiS.png,DS_CUSTOM_LIBRARY/packs/Fakemon_Festival_Full/Fakemon Festival Pack/PrincessPhoenix/Pokemon/Icons/Drashimi.png,0a3153902af51fc83c396076c6ff4246f0ef87d6f787697777134a24ec4140b2,164c3879fff7bdb3802c6937dd12757f6155bb826f58b386052c08a0e139201f,292cdbacda7a2b46faf47ff9f31dae92b2140584f207a104d52a58d07b81c257,Fakemon_Festival_Full,Fakemon_Festival_Full
PURE_PALETTE_RECOLOR,DS_CUSTOM_LIBRARY/packs/Fakemon_Festival_Full/Fakemon Festival Pack/PrincessPhoenix/Pokemon/Icons/BaobaraffeS.png,DS_CUSTOM_LIBRARY/packs/Fakemon_Festival_Full/Fakemon Festival Pack/PrincessPhoenix/Pokemon/Icons/Baobaraffe.png,0ac98920ca99edd5fe6acb50056ce03c616935ece0169227a420de67bb0a8e71,358678d5ce572c76b63ee58930678f3703d72cf17cb6ed3dbeed25a47c81b9b7,589c15ead92e55046aac98f5721b12f22685c9ca9b6c1b4f0961dbc14f37d13c,Fakemon_Festival_Full,Fakemon_Festival_Full
PURE_PALETTE_RECOLOR,DS_CUSTOM_LIBRARY/packs/Fakemon_Festival_Full/Fakemon Festival Pack/PrincessPhoenix/Pokemon/Battlers/Gen 4-5 Frontsprites/Baoby.png,DS_CUSTOM_LIBRARY/packs/Fakemon_Festival_Full/Fakemon Festival Pack/PrincessPhoenix/Pokemon/Battlers/Gen 4-5 Frontsprites/BaobyS.png,efb013fde74e3aa6efb4e903a0f2cb5c4c94701cb0c4b86e55f66a8c013c2bfd,53b46651d23331a545bce98966130b73bf63527f3aed69d6d66486267613d130,e1dd62ed038339bee4120e6eb2d2155a8f41fd1b023d57675337a28e7d55b407,Fakemon_Festival_Full,Fakemon_Festival_Full
PURE_PALETTE_RECOLOR,DS_CUSTOM_LIBRARY/packs/Fakemon_Festival_Full/Fakemon Festival Pack/PrincessPhoenix/Pokemon/Battlers/Gen 4-5 Frontsprites/FiromenisFS.png,DS_CUSTOM_LIBRARY/packs/Fakemon_Festival_Full/Fakemon Festival Pack/PrincessPhoenix/Pokemon/Battlers/Gen 4-5 Frontsprites/FiromenisF.png,5f9fd6b87b0751a3cf54beafb936be9a1f9201bdde95330c8206570e0e0af59b,07236cef759252f1217a357a5cde91434c90316d6d8901bbfa17106c23b94eb4,65299fe8cc6f9319c98d341ed8c500cb953408463f3e12ed700913de3638b483,Fakemon_Festival_Full,Fakemon_Festival_Full
PURE_PALETTE_RECOLOR,DS_CUSTOM_LIBRARY/packs/Fakemon_Festival_Full/Fakemon Festival Pack/PrincessPhoenix/Pokemon/Battlers/Gen 4-5 Frontsprites/NuenfluF.png,DS_CUSTOM_LIBRARY/packs/Fakemon_Festival_Full/Fakemon Festival Pack/PrincessPhoenix/Pokemon/Battlers/Gen 4-5 Frontsprites/NuenfluFS.png,c53ed446695447c5156a24d61009c8a1d5785661fb525b611f1ced169680f773,274363538b02a64ee0d161eea54030a6fabc8049cff3cd48bb748db227f06bca,e501da12c5f625d68ef617bca470abbbc4207533d0aa0db83488755e6cbcff25,Fakemon_Festival_Full,Fakemon_Festival_Full
PURE_PALETTE_RECOLOR,DS_CUSTOM_LIBRARY/packs/Fakemon_Festival_Full/Fakemon Festival Pack/PrincessPhoenix/Pokemon/Battlers/Gen 4-5 Frontsprites/Hissiorite.png,DS_CUSTOM_LIBRARY/packs/Fakemon_Festival_Full/Fakemon Festival Pack/PrincessPhoenix/Pokemon/Battlers/Gen 4-5 Frontsprites/HissioriteS.png,4c89c27889f7fd44776ab87dd535ba8b1ca172de86a1f6e3c6fb16666c1dc9c1,06b70db6c79da4d75fad280410113d1d27eb7182a6cfad4900afbe7bd64b7a36,879de01118cc69fa89ee3042f754150b7201675da7bc643d16918d5565a369e1,Fakemon_Festival_Full,Fakemon_Festival_Full
PURE_PALETTE_RECOLOR,DS_CUSTOM_LIBRARY/packs/Fakemon_Festival_Full/Fakemon Festival Pack/PrincessPhoenix/Pokemon/Battlers/Gen 4-5 Frontsprites/DrashimiF.png,DS_CUSTOM_LIBRARY/packs/Fakemon_Festival_Full/Fakemon Festival Pack/PrincessPhoenix/Pokemon/Battlers/Gen 4-5 Frontsprites/DrashimiFS.png,a17da06485707f9989c63ea72904c549ed068e37c7e7d63302c2fb59b1322b41,3f607ea8d9f2c47a41994c488e7a5c1a9661b8b0a345ffcb389041a29f2a5476,28246b89e122319d576481cd1f5eb6f4c53bda3ffc65f9655a183df40900decd,Fakemon_Festival_Full,Fakemon_Festival_Full
PURE_PALETTE_RECOLOR,DS_CUSTOM_LIBRARY/packs/Fakemon_Festival_Full/Fakemon Festival Pack/PrincessPhoenix/Pokemon/Battlers/Gen 4-5 Frontsprites/AnuF.png,DS_CUSTOM_LIBRARY/packs/Fakemon_Festival_Full/Fakemon Festival Pack/PrincessPhoenix/Pokemon/Battlers/Gen 4-5 Frontsprites/AnuFS.png,fd3a05d9dedb4e38d26b93f8474b6059d3af194afb67b70622b66cd619e3c758,3b247424a216b63a767fd523142d9b857feb8cb27f8530d6c8fc62f3294b3a3f,0daa70b26602fde344f91c90cee9f08423a98818e1d2556f34b3483e65944a5a,Fakemon_Festival_Full,Fakemon_Festival_Full
PURE_PALETTE_RECOLOR,DS_CUSTOM_LIBRARY/packs/Fakemon_Festival_Full/Fakemon Festival Pack/PrincessPhoenix/Pokemon/Battlers/Gen 4-5 Frontsprites/MerlicunFS.png,DS_CUSTOM_LIBRARY/packs/Fakemon_Festival_Full/Fakemon Festival Pack/PrincessPhoenix/Pokemon/Battlers/Gen 4-5 Frontsprites/MerlicunF.png,9e4f5293e250333b7eb4c78fcec26ba1c47f0d8f24b0230622ceedda2add9438,808a57c2c3b3b389a115cfc80bb1d8671875ac5ae9f61d55cad65bcf976b5ea1,849a131b64b8d5818555193a48a92eb89adfeef08425300685a1bbe8ab6f230a,Fakemon_Festival_Full,Fakemon_Festival_Full
PURE_PALETTE_RECOLOR,DS_CUSTOM_LIBRARY/packs/Fakemon_Festival_Full/Fakemon Festival Pack/PrincessPhoenix/Pokemon/Battlers/Gen 4-5 Frontsprites/TsushimiFS.png,DS_CUSTOM_LIBRARY/packs/Fakemon_Festival_Full/Fakemon Festival Pack/PrincessPhoenix/Pokemon/Battlers/Gen 4-5 Frontsprites/TsushimiF.png,b8eaf3dd8bd6315a9fce57b15b2c863c0c49638bcdf9c3dc77761b64de4cb04a,773d5d18e168271cf08602b413fb59c268e7ffced347503c7bd1687f5c6f2fe1,7df203c97db72069683e8155c406362bb613281cff62ad4544cb2eb838d43ed6,Fakemon_Festival_Full,Fakemon_Festival_Full
PURE_PALETTE_RECOLOR,DS_CUSTOM_LIBRARY/packs/Fakemon_Festival_Full/Fakemon Festival Pack/PrincessPhoenix/Pokemon/Battlers/Gen 4-5 Frontsprites/BaobaraffeS.png,DS_CUSTOM_LIBRARY/packs/Fakemon_Festival_Full/Fakemon Festival Pack/PrincessPhoenix/Pokemon/Battlers/Gen 4-5 Frontsprites/Baobaraffe.png,f756c00f0c145de57abae0e239df4a0e96c90672cfafc9f5c14830c27f9b0ea5,61e20971e65a24b7289953ee708f9b3a4bedcce9a60e92815739e1bfaa7b3e70,31a7ff61f3f5b8b22b631c8f0625d4f3f4a416f03873b728c5d1bbdaa405654b,Fakemon_Festival_Full,Fakemon_Festival_Full
PURE_PALETTE_RECOLOR,DS_CUSTOM_LIBRARY/packs/Fakemon_Festival_Full/Fakemon Festival Pack/PrincessPhoenix/Pokemon/Battlers/Gen 3 Frontsprites/Baoby3S.png,DS_CUSTOM_LIBRARY/packs/Fakemon_Festival_Full/Fakemon Festival Pack/PrincessPhoenix/Pokemon/Battlers/Gen 3 Frontsprites/Baoby3.png,a95cbdd6f06a8392e063d5c4ac0fa68f880420e1a53f437260ceafc901ec927f,4a627bc7a650cec42f51bd41ea2bba9717d6fec9d83bb096918c87a0979603e5,3754113d17f3ad0fc1376beb7ab852712f41e68a2ed9da9c928dd5774d92083e,Fakemon_Festival_Full,Fakemon_Festival_Full
PURE_PALETTE_RECOLOR,DS_CUSTOM_LIBRARY/packs/Fakemon_Festival_Full/Fakemon Festival Pack/PrincessPhoenix/Pokemon/Battlers/Gen 3 Frontsprites/Cobarett.png,DS_CUSTOM_LIBRARY/packs/Fakemon_Festival_Full/Fakemon Festival Pack/PrincessPhoenix/Pokemon/Battlers/Gen 3 Frontsprites/CobarettS.png,50e8252692bc285baa1f66003d03010d0c2a800fdc9781709a267eac774d0342,62157f4947160a78ce90375436d7bca77344ea6e77db0102c069a4b6fb3b0e1f,a5a2558ba7ad934452e729faf51281ae4dc8facf88ad2985f9b0712b76c844fa,Fakemon_Festival_Full,Fakemon_Festival_Full
PURE_PALETTE_RECOLOR,DS_CUSTOM_LIBRARY/packs/Fakemon_Festival_Full/Fakemon Festival Pack/PrincessPhoenix/Pokemon/Battlers/Gen 3 Frontsprites/Baobaraffe3S.png,DS_CUSTOM_LIBRARY/packs/Fakemon_Festival_Full/Fakemon Festival Pack/PrincessPhoenix/Pokemon/Battlers/Gen 3 Frontsprites/Baobaraffe3.png,3fbe33a9ec286f12792e315f2ff41d0180ad6a839d4a43d4eeb44b33600ff1cc,7ba2de734406e1af98e53245df9cd36594433f0179e268fdb65ffd10ff87877c,036bd037df795bf2504c56c4e82d70209ba11d70c5e813b181e95c44786bf29b,Fakemon_Festival_Full,Fakemon_Festival_Full
PURE_PALETTE_RECOLOR,DS_CUSTOM_LIBRARY/packs/Fakemon_Festival_Full/Fakemon Festival Pack/PrincessPhoenix/Pokemon/Battlers/Gen 5 Backsprites/HissioriteB5.png,DS_CUSTOM_LIBRARY/packs/Fakemon_Festival_Full/Fakemon Festival Pack/PrincessPhoenix/Pokemon/Battlers/Gen 5 Backsprites/HissioriteB5S.png,6bdbd13f75d2f3bbca62eccdeb088d720564bada0c7e9839b5c4e6333098128e,1cca900c4a6f453ac9f2674d155a1649f4dff8c814db1bdbc695b00a28706e55,6a840b40c46a1fb9540f416207ac7951b1e0b6cc2c26cb5ac683bf1285339c15,Fakemon_Festival_Full,Fakemon_Festival_Full
PURE_PALETTE_RECOLOR,DS_CUSTOM_LIBRARY/packs/Fakemon_Festival_Full/Fakemon Festival Pack/PrincessPhoenix/Pokemon/Battlers/Gen 5 Backsprites/AnuB5.png,DS_CUSTOM_LIBRARY/packs/Fakemon_Festival_Full/Fakemon Festival Pack/PrincessPhoenix/Pokemon/Battlers/Gen 5 Backsprites/AnuB5S.png,9c4db9d799f6c68774e27c54948665266fa604ab7695e32a41dd0cba8e186823,d235b2ad8208c2f4ccced9c67dd5b27a2c6b5204572a12f787b2ab503a3e0bc4,c6cf7f28e05b4566ae83dd7f73d7c2b2812cdad24f569941c19d9ecb157695b3,Fakemon_Festival_Full,Fakemon_Festival_Full
PURE_PALETTE_RECOLOR,DS_CUSTOM_LIBRARY/packs/Fakemon_Festival_Full/Fakemon Festival Pack/PrincessPhoenix/Pokemon/Battlers/Gen 5 Backsprites/TsushimiB5.png,DS_CUSTOM_LIBRARY/packs/Fakemon_Festival_Full/Fakemon Festival Pack/PrincessPhoenix/Pokemon/Battlers/Gen 5 Backsprites/TsushimiB5S.png,47526c8a62a1ff9516057bd6df54a60c86cc0b0b881f98e977dd9b9536427362,7ba5a20f8ea846ca0212e59803cac7e9151014805091022c2e24959c3b0bc76a,28b0557ceee321fe440cd7ee40355e22c0e06e8918b358369950e55f05afb2cb,Fakemon_Festival_Full,Fakemon_Festival_Full
PURE_PALETTE_RECOLOR,DS_CUSTOM_LIBRARY/packs/Fakemon_Festival_Full/Fakemon Festival Pack/PrincessPhoenix/Pokemon/Battlers/Gen 5 Backsprites/BaobaraffeB5S.png,DS_CUSTOM_LIBRARY/packs/Fakemon_Festival_Full/Fakemon Festival Pack/PrincessPhoenix/Pokemon/Battlers/Gen 5 Backsprites/BaobaraffeB5.png,0b01abc0d314be93eb0c9eb4f8a1299cbaff9537caa88e9284ecb6098bd14540,0cbcdc31ef22da4ca451a90269a479f415e0fc17abcc5a92ddc924e43790e885,bb7a1fc1b389aceaaeef585ca2fe477cced6eaded889ea9b7a9f34f826531544,Fakemon_Festival_Full,Fakemon_Festival_Full
PURE_PALETTE_RECOLOR,DS_CUSTOM_LIBRARY/packs/Fakemon_Festival_Full/Fakemon Festival Pack/PrincessPhoenix/Pokemon/Battlers/Gen 5 Backsprites/CobarettB5S.png,DS_CUSTOM_LIBRARY/packs/Fakemon_Festival_Full/Fakemon Festival Pack/PrincessPhoenix/Pokemon/Battlers/Gen 5 Backsprites/CobarettB5.png,71953aacf77a2747fce905e068f88ea76eb12109a4c079d3fec430c2d5e89f70,9af76f39945695b88c61557e0b07ebdb993053d6179cd061cd03c8e307cf69e1,1a9da31d098c92a58242ead253d01e1f7ba6a9693fac21e941ede83866d098cf,Fakemon_Festival_Full,Fakemon_Festival_Full
PURE_PALETTE_RECOLOR,DS_CUSTOM_LIBRARY/packs/Fakemon_Festival_Full/Fakemon Festival Pack/PrincessPhoenix/Pokemon/Battlers/Gen 5 Backsprites/NuenfluB5.png,DS_CUSTOM_LIBRARY/packs/Fakemon_Festival_Full/Fakemon Festival Pack/PrincessPhoenix/Pokemon/Battlers/Gen 5 Backsprites/NuenfluB5S.png,9a1f2dfb7593bf922c5a2c4d3f4caa1159e374373fae8095a4c55018187d16e2,52db93f059c5e21230c0e5387bfe21fb8467d5ee9674f5d35f1b63d6285dc8c5,4c0fcef9aece5b08ad9e553f5726aad5ea0bd4ffe432bbb550ef8f2ce869bb61,Fakemon_Festival_Full,Fakemon_Festival_Full
PURE_PALETTE_RECOLOR,DS_CUSTOM_LIBRARY/packs/Fakemon_Festival_Full/Fakemon Festival Pack/PrincessPhoenix/Pokemon/Battlers/Gen 5 Backsprites/BaobyB5.png,DS_CUSTOM_LIBRARY/packs/Fakemon_Festival_Full/Fakemon Festival Pack/PrincessPhoenix/Pokemon/Battlers/Gen 5 Backsprites/BaobyB5S.png,addd39827eda4103eae94aaa13998b801e9f00044b6922787750dcdf5d151b95,0407361b78bb676413777e7f00845833cbe134bf36aff4bb0731913a2a6b4183,ec870c6441da5b40128bc103ab5506c8c18d47e543474e847395b112fef1f136,Fakemon_Festival_Full,Fakemon_Festival_Full
PURE_PALETTE_RECOLOR,DS_CUSTOM_LIBRARY/packs/Fakemon_Festival_Full/Fakemon Festival Pack/PrincessPhoenix/Pokemon/Battlers/Gen 4 Backsprites/HissioriteB4.png,DS_CUSTOM_LIBRARY/packs/Fakemon_Festival_Full/Fakemon Festival Pack/PrincessPhoenix/Pokemon/Battlers/Gen 4 Backsprites/HissioriteB4S.png,c58be9242a7b5f8d89f4a509bcb730c2437fa4fbee9c9716e4d97bc0c6788499,76ecb4446c8ca57a7139902db7fce9db0f5671d47f4276c4f62f8dcd1685b85c,169e22e0aef581fc5231d63c184f7be7981651d9cd25c096e79fc1c5f846cc78,Fakemon_Festival_Full,Fakemon_Festival_Full
PURE_PALETTE_RECOLOR,DS_CUSTOM_LIBRARY/packs/Fakemon_Festival_Full/Fakemon Festival Pack/PrincessPhoenix/Pokemon/Battlers/Gen 4 Backsprites/FiromenisB4.png,DS_CUSTOM_LIBRARY/packs/Fakemon_Festival_Full/Fakemon Festival Pack/PrincessPhoenix/Pokemon/Battlers/Gen 4 Backsprites/FiromenisB4S.png,20ec6d464a32c3a1f4d77b1df01ce56fc60bbe37e2f849045877086087e358ce,f36ac54bb143b62538e38ec38740cc2cd92bf59e0cd31be0ef19726179a4750f,d64bc3355342c86058430c05a4709baafbf1eaa1d2312645fbf0e8b54423c3cf,Fakemon_Festival_Full,Fakemon_Festival_Full
PURE_PALETTE_RECOLOR,DS_CUSTOM_LIBRARY/packs/Fakemon_Festival_Full/Fakemon Festival Pack/PrincessPhoenix/Pokemon/Battlers/Gen 4 Backsprites/BaobyB4.png,DS_CUSTOM_LIBRARY/packs/Fakemon_Festival_Full/Fakemon Festival Pack/PrincessPhoenix/Pokemon/Battlers/Gen 4 Backsprites/BaobyB4S.png,3d93ca644a235b3ed6bca732c6d0cc90929c6b8890115bfae02f20df961244b3,c9aee00d6224f22cfa5ca7844e4ade8a66fb5330ff5e64dbd85b9f5aa5650900,944fd30a9baadb14db3f1bc2299b88200f6e02455ec995210cf1d0b4f787bb41,Fakemon_Festival_Full,Fakemon_Festival_Full
PURE_PALETTE_RECOLOR,DS_CUSTOM_LIBRARY/packs/Fakemon_Festival_Full/Fakemon Festival Pack/PrincessPhoenix/Pokemon/Battlers/Gen 4 Backsprites/NuenfluB4.png,DS_CUSTOM_LIBRARY/packs/Fakemon_Festival_Full/Fakemon Festival Pack/PrincessPhoenix/Pokemon/Battlers/Gen 4 Backsprites/NuenfluB4S.png,c0aa336ac0d9b4b76b802e68292cad77493541d2ab3cf484cde751de4be4e02e,7ae4542104e36783962a59a10bb7248025c3c52e6fc1e1e69addeb3e2ae7a9bb,ce9207a0d40746d3e4197bff3116642c25d1e47849e74d3157690922d1f9206c,Fakemon_Festival_Full,Fakemon_Festival_Full
PURE_PALETTE_RECOLOR,DS_CUSTOM_LIBRARY/packs/Fakemon_Festival_Full/Fakemon Festival Pack/PrincessPhoenix/Pokemon/Battlers/Gen 4 Backsprites/BaobaraffeB4S.png,DS_CUSTOM_LIBRARY/packs/Fakemon_Festival_Full/Fakemon Festival Pack/PrincessPhoenix/Pokemon/Battlers/Gen 4 Backsprites/BaobaraffeB4.png,091b0d2f5f9e9b5ce767e4c5c40f070e357db931b697e6d1798b01030e7f581f,b4b98626996fb423f0cb2d850dd6ec816c8bfca434c816ff2d512cd15f94b388,e28ed97b60d64e5595b3c6c2b55c5f6c52c618b7366507233aff9bb498fc9658,Fakemon_Festival_Full,Fakemon_Festival_Full
PURE_PALETTE_RECOLOR,DS_CUSTOM_LIBRARY/packs/Fakemon_Festival_Full/Fakemon Festival Pack/PrincessPhoenix/Pokemon/Battlers/Gen 4 Backsprites/AnuB4.png,DS_CUSTOM_LIBRARY/packs/Fakemon_Festival_Full/Fakemon Festival Pack/PrincessPhoenix/Pokemon/Battlers/Gen 4 Backsprites/AnuB4S.png,0d58dc014d15cd8f2fa75768cbbe43281a5a44f25dae1ac54b7aae30665c62fb,572f11de2a37f3c6489be43c2f0c89865a410a45d8fe3e5ea49fd5291d9fddf4,c2b03b3bb6bc282dcf691c7ccb7aca6c0788850595dc8ddecbe5805d7788342b,Fakemon_Festival_Full,Fakemon_Festival_Full
PURE_PALETTE_RECOLOR,DS_CUSTOM_LIBRARY/packs/Fakemon_Festival_Full/Fakemon Festival Pack/PrincessPhoenix/Pokemon/Battlers/Gen 4 Backsprites/DrashimiB4.png,DS_CUSTOM_LIBRARY/packs/Fakemon_Festival_Full/Fakemon Festival Pack/PrincessPhoenix/Pokemon/Battlers/Gen 4 Backsprites/DrashimiB4S.png,fe6420d6760b442055c4f44dc73115c0ca7d2eac8a09c3b313703c726c631a66,3ba58bc57dc32d579844f36b30f6649251d6305dc6b340ff23bdd6fa3dccc0fe,c5ce98a25f179b0b59fb5477413276595b6742b5e604a6bb35ff3454698861c5,Fakemon_Festival_Full,Fakemon_Festival_Full
PURE_PALETTE_RECOLOR,DS_CUSTOM_LIBRARY/packs/Fakemon_Festival_Full/Fakemon Festival Pack/PrincessPhoenix/Pokemon/Battlers/Gen 4 Backsprites/TsushimiB4.png,DS_CUSTOM_LIBRARY/packs/Fakemon_Festival_Full/Fakemon Festival Pack/PrincessPhoenix/Pokemon/Battlers/Gen 4 Backsprites/TsushimiB4S.png,38829965ab12da194afe66585769bccb53585d2ed5b49baccc50b0d85feb67e9,22310f629058cc624ea097ce89dba53742b80426331f982ffaec67371fbfad78,2804f27b0813ba1f686226d28d8a24217135387145dd3a738f143fa1b607018b,Fakemon_Festival_Full,Fakemon_Festival_Full
PURE_PALETTE_RECOLOR,DS_CUSTOM_LIBRARY/packs/Fakemon_Festival_Full/Fakemon Festival Pack/PrincessPhoenix/Pokemon/Battlers/Gen 3 Backsprites/Backsprites Half/BaobyB3.png,DS_CUSTOM_LIBRARY/packs/Fakemon_Festival_Full/Fakemon Festival Pack/PrincessPhoenix/Pokemon/Battlers/Gen 3 Backsprites/Backsprites Half/BaobyB3S.png,860e3ff480421cbb84db938750fa872cd2fb9c9744814cbcdb61f1c82f51e1c3,56234cee20da73fd5600069ff634b9a23840b475536d6e4c84a01faad1663572,e5ca5fdd5e6d2991157b2809cfa3e0a6e1eac9b00bdcb5071e6c88222be740bf,Fakemon_Festival_Full,Fakemon_Festival_Full
PURE_PALETTE_RECOLOR,DS_CUSTOM_LIBRARY/packs/Fakemon_Festival_Full/Fakemon Festival Pack/PrincessPhoenix/Pokemon/Battlers/Gen 3 Backsprites/Backsprites Half/CobarettB3.png,DS_CUSTOM_LIBRARY/packs/Fakemon_Festival_Full/Fakemon Festival Pack/PrincessPhoenix/Pokemon/Battlers/Gen 3 Backsprites/Backsprites Half/CobarettB3S.png,39417423be0c8cffe62e8bd85dc8186f6702aeca3306635564bb669b41bb4559,2d9e1d5f25fec48c7cd621f98ece8423163e77f388f151f80fd76509ab1a1448,c8f981eb5fe594ec330ec6f71c0066ecc12f2af226f742945611e9e9b3337790,Fakemon_Festival_Full,Fakemon_Festival_Full
PURE_PALETTE_RECOLOR,DS_CUSTOM_LIBRARY/packs/Fakemon_Festival_Full/Fakemon Festival Pack/PrincessPhoenix/Pokemon/Battlers/Gen 3 Backsprites/Backsprites Half/BaobaraffeB3.png,DS_CUSTOM_LIBRARY/packs/Fakemon_Festival_Full/Fakemon Festival Pack/PrincessPhoenix/Pokemon/Battlers/Gen 3 Backsprites/Backsprites Half/BaobaraffeB3S.png,933f83030016d2f9e8814169250c8e7812c94b8c81f59f1138f0c672dd822123,a6f1c62feaefdca11b4f54a958dd434de96a11cf95ce3acd5172b98caa26cef4,a8a416640faff9861cdaae5ac820a454a4c883a6d645aaf714db224e7cb7186c,Fakemon_Festival_Full,Fakemon_Festival_Full
PURE_PALETTE_RECOLOR,DS_CUSTOM_LIBRARY/packs/Fakemon_Festival_Full/Fakemon Festival Pack/PrincessPhoenix/Pokemon/Battlers/Gen 3 Backsprites/Backsprites Half/HissioriteB3.png,DS_CUSTOM_LIBRARY/packs/Fakemon_Festival_Full/Fakemon Festival Pack/PrincessPhoenix/Pokemon/Battlers/Gen 3 Backsprites/Backsprites Half/HissioriteB3S.png,369e89f5cebcb24f264d182282a40e3076858c23cad4f3b69dcb765700d8c30e,a1007d696a10b0671f4450c8bf11a2a8a08a578ab34afd3c2d74f955aecaf4f4,f0ef230c3946bae8f61ca38904c8519d8ea8737a669279778e95d177d8213fad,Fakemon_Festival_Full,Fakemon_Festival_Full
PURE_PALETTE_RECOLOR,DS_CUSTOM_LIBRARY/packs/Fakemon_Festival_Full/Fakemon Festival Pack/PrincessPhoenix/Pokemon/Battlers/Gen 3 Backsprites/Backsprites Full/BaobyB3S.png,DS_CUSTOM_LIBRARY/packs/Fakemon_Festival_Full/Fakemon Festival Pack/PrincessPhoenix/Pokemon/Battlers/Gen 3 Backsprites/Backsprites Full/BaobyB3.png,1e8fcf25dd08334332ad108d5c6a337af6271996158a1a1b7cecb78a8eebf4e9,33da9fab4d682c6483b28d71ce12011fadea3dc8493e83fae11ab5929f37109d,efbc0124e0ac597c34059e1c76cbcfc6904d329ab419af7be82813d5348e81ae,Fakemon_Festival_Full,Fakemon_Festival_Full
PURE_PALETTE_RECOLOR,DS_CUSTOM_LIBRARY/packs/Fakemon_Festival_Full/Fakemon Festival Pack/PrincessPhoenix/Pokemon/Battlers/Gen 3 Backsprites/Backsprites Full/CobarettB3.png,DS_CUSTOM_LIBRARY/packs/Fakemon_Festival_Full/Fakemon Festival Pack/PrincessPhoenix/Pokemon/Battlers/Gen 3 Backsprites/Backsprites Full/CobarettB3S.png,0652a5dbf78fee3632cc86cf1de1b78df360bebc6a8b8d88579249b0e6bf0d39,fa39a3d54ec20ba8f6d33f0dfe8185eb5be4cf3fd88fa02483a0b97284510687,550e2a94ca79d9b8349d57cede6e76155b28594c54325152ebdadc54366479ef,Fakemon_Festival_Full,Fakemon_Festival_Full
PURE_PALETTE_RECOLOR,DS_CUSTOM_LIBRARY/packs/Fakemon_Festival_Full/Fakemon Festival Pack/PrincessPhoenix/Pokemon/Battlers/Gen 3 Backsprites/Backsprites Full/HissioriteB3.png,DS_CUSTOM_LIBRARY/packs/Fakemon_Festival_Full/Fakemon Festival Pack/PrincessPhoenix/Pokemon/Battlers/Gen 3 Backsprites/Backsprites Full/HissioriteB3S.png,d6f3ac11c8ba59019843f031d7c3b372fc43ba7ba9054a664e59f926eaf7d10e,2df25fb5a215a896b1198831d1660f903c0c43d5172dcb3321f9817dd26868f5,691d82eb6e4bc31ff0297a2c09b3f09a1fef55d5394bb94eb8f42b66fc83fc46,Fakemon_Festival_Full,Fakemon_Festival_Full
PURE_PALETTE_RECOLOR,DS_CUSTOM_LIBRARY/packs/Fakemon_Festival_Full/Fakemon Festival Pack/Misc/Fronts/SableyeS.png,DS_CUSTOM_LIBRARY/packs/Fakemon_Festival_Full/Fakemon Festival Pack/Misc/Fronts/Sableye.png,5aa310f8b138eee3dbbe050802df5b043ef4ad5a54435e54a57b08b69896992f,b582bda5bc39b6931205d67c1214bef5e2c469c4de8d4df78ac093e481baf45e,9dd5fd00bd9e3e9510a0e50a4daa8c08a9febc4084bba25c0938a8f03a89ae5c,Fakemon_Festival_Full,Fakemon_Festival_Full
PURE_PALETTE_RECOLOR,DS_CUSTOM_LIBRARY/packs/Fakemon_Festival_Full/Fakemon Festival Pack/Misc/Fronts/KangaSF.png,DS_CUSTOM_LIBRARY/packs/Fakemon_Festival_Full/Fakemon Festival Pack/Misc/Fronts/KangaF.png,38f84ec83d386427954f72fcc9774d9140258687d5e323628c64527a613ed8fb,e8043e0d0fae1e35ca64395528f50eb4746df71fb80eea646be84165415504c1,6f53eee168c1afffeab7cd4a189b4e90c4f5300ffb2d028cad4e94657fbcb5d8,Fakemon_Festival_Full,Fakemon_Festival_Full
PURE_PALETTE_RECOLOR,DS_CUSTOM_LIBRARY/packs/Fakemon_Festival_Full/Fakemon Festival Pack/Misc/Fronts/MawileS.png,DS_CUSTOM_LIBRARY/packs/Fakemon_Festival_Full/Fakemon Festival Pack/Misc/Fronts/Mawile.png,d647398027535dece997b43c0638a7deff41baa3156c1377a797a955b504e072,9b90057f431463ce77585e7607fba8626720bc5ef437ebc2a79e9aa4f0c902c6,de84d8c2c55a93c8f727ec33db1f2d7d8cf40b06d794e38b518f68bc1d91cba1,Fakemon_Festival_Full,Fakemon_Festival_Full
PURE_PALETTE_RECOLOR,DS_CUSTOM_LIBRARY/packs/Fakemon_Festival_Full/Fakemon Festival Pack/Misc/Backs/SableyeSB.png,DS_CUSTOM_LIBRARY/packs/Fakemon_Festival_Full/Fakemon Festival Pack/Misc/Backs/SableyeB.png,f5a8a44d678225bec412c780e57e6afdea3e4b3327a61b175ba62a86197604c5,5984e676633837e0175f84ea15828de3a8c6ea2b54494ec1288a6ba93c205df6,fdb38192c6aaf1d22606e2b094eb5e2c86f70f719258f6a6a10bb404f1222901,Fakemon_Festival_Full,Fakemon_Festival_Full
PURE_PALETTE_RECOLOR,DS_CUSTOM_LIBRARY/packs/Fakemon_Festival_Full/Fakemon Festival Pack/Misc/Backs/KangaSB.png,DS_CUSTOM_LIBRARY/packs/Fakemon_Festival_Full/Fakemon Festival Pack/Misc/Backs/KangaB.png,ca058eeffe896ae790d33bf6754250c1604597c1fa665aa253b0af031828ddca,88f7b03e81cec82c3df80e056559d9dd9d5e9f0b83261c1a06572a9099d7f9b0,0967e7eda30981b75d1ecbe6de2c82357f1073d26f6db93924e177b86645652c,Fakemon_Festival_Full,Fakemon_Festival_Full
PURE_PALETTE_RECOLOR,DS_CUSTOM_LIBRARY/packs/Fakemon_Festival_Full/Fakemon Festival Pack/Misc/Backs/MawileSB.png,DS_CUSTOM_LIBRARY/packs/Fakemon_Festival_Full/Fakemon Festival Pack/Misc/Backs/MawileB.png,6762ad1a66f3d976461778b4ad83bbc03c4d5a3fdca822dae489e7af06ed2f09,56794e9dffba9f4818a274834c8982a603814b5379d5aab46f947f61f3c9fdc4,8eb57f93533513a7fa8b70b53b048ea908ccd9275e56c4ce9ea8059b002d432d,Fakemon_Festival_Full,Fakemon_Festival_Full
PURE_PALETTE_RECOLOR,DS_CUSTOM_LIBRARY/packs/Fakemon_Festival_Full/Fakemon Festival Pack/Misc/Backs/479sb_6.png,DS_CUSTOM_LIBRARY/packs/Fakemon_Festival_Full/Fakemon Festival Pack/Misc/Backs/479b_6.png,cf881e34206b9824b9cf5bb43938010eb5152186f57a48cc3410288dc1c28248,e0a38ee701195a9e2b75e65d44a6c70f10cb39eb6975c6dcd082aceeb6a26cd0,7b1f88af5c480c11e12faa6ccb480305698a10be693e7a0dc1ec52e33a28d3d7,Fakemon_Festival_Full,Fakemon_Festival_Full
PURE_PALETTE_RECOLOR,DS_CUSTOM_LIBRARY/packs/Fakemon_Festival_Full/Fakemon Festival Pack/Misc/Icons/MawileSIcon.png,DS_CUSTOM_LIBRARY/packs/Fakemon_Festival_Full/Fakemon Festival Pack/Misc/Icons/MawileIcon.png,a5b25ba3a7deb0ffcce1d11b82935e3cbb7eeb8b98a56d20ff9ea3ef9cd62211,4015cbae4536aba9360da9c330f06823cd505c274dd1cd36f9ed5b1732ad3ebb,6210219b17e5083128cff1fb3240176997ed1201c306d4a1420b4a0c20355aa9,Fakemon_Festival_Full,Fakemon_Festival_Full
PURE_PALETTE_RECOLOR,DS_CUSTOM_LIBRARY/packs/Fakemon_Festival_Full/Fakemon Festival Pack/Misc/Icons/SableyeSIcon.png,DS_CUSTOM_LIBRARY/packs/Fakemon_Festival_Full/Fakemon Festival Pack/Misc/Icons/SableyeIcon.png,510a8dce9bc912758ca7840213719df2b14a4eb1396d0e536f26d15547c62845,0dbe88cbe07dfc2440fe5e846a36e43871981e07cbb5f7fe5c6faa9975ebde79,4feaf4ba1f23b418d348d2b6800788fe4498534c68fecbf06efb3c6aca2986c7,Fakemon_Festival_Full,Fakemon_Festival_Full
PURE_PALETTE_RECOLOR,DS_CUSTOM_LIBRARY/packs/Fakemon_Festival_Full/Fakemon Festival Pack/Lumio/Pokemon/Back/SPINARAK_1.png,DS_CUSTOM_LIBRARY/packs/Fakemon_Festival_Full/Fakemon Festival Pack/Lumio/Pokemon/Back shiny/SPINARAK_1.png,49e7f27f4958d5b88f4d99da34e5b5a77aa68edff78dc5134e50c55e85b06ab7,8879bf0093e32644083ebddc6529213f169096c2e357974c505beba3cf2fa88c,6d7b5b0b724e279dea3b6c59a5b9726494d52b29ed7b7d868e4905387e62c524,Fakemon_Festival_Full,Fakemon_Festival_Full
PURE_PALETTE_RECOLOR,DS_CUSTOM_LIBRARY/packs/Fakemon_Festival_Full/Fakemon Festival Pack/Lumio/Pokemon/Back/NOCTOWL_1.png,DS_CUSTOM_LIBRARY/packs/Fakemon_Festival_Full/Fakemon Festival Pack/Lumio/Pokemon/Back shiny/NOCTOWL_1.png,348c372c9387e3c06ca89935a48cdfc0cb56365a23eaa186d449ec9e98dc81f8,49ca60688e080088f3e8ce0d15b4e7ad41b52b425b27f5367f27921c7a855a95,94f9d5a22cd9c9dcf52482666663fcc6593d03942050429660ed5668607c443d,Fakemon_Festival_Full,Fakemon_Festival_Full
PURE_PALETTE_RECOLOR,DS_CUSTOM_LIBRARY/packs/Fakemon_Festival_Full/Fakemon Festival Pack/Lumio/Pokemon/Back/HOOTHOOT_1.png,DS_CUSTOM_LIBRARY/packs/Fakemon_Festival_Full/Fakemon Festival Pack/Lumio/Pokemon/Back shiny/HOOTHOOT_1.png,682ee25ee6a81cad7255cba837e3ada495cf18d5a30dd684c0fafe5f9a160b2a,5522b070bbcb79e2ddf32adc29b209b5e9d68e0ce3b2d57840252e328e4afebf,82c407cd3afb0965e686e4ffca7a9cf2213d9dc4abfb107dab08590928797791,Fakemon_Festival_Full,Fakemon_Festival_Full
PURE_PALETTE_RECOLOR,DS_CUSTOM_LIBRARY/packs/Fakemon_Festival_Full/Fakemon Festival Pack/Lumio/Pokemon/Front shiny/SPINARAK_1.png,DS_CUSTOM_LIBRARY/packs/Fakemon_Festival_Full/Fakemon Festival Pack/Lumio/Pokemon/Front/SPINARAK_1.png,d9f9617a90e23bdc3c686b0e5dd01e6332e16d921cf61c363d510e2281ebe721,b9efc4f6ce6f311d8e92b2ea6bf2d7279d7b5377b1b49e1b1e2e899b85d75a1d,1da6a22fb22de91751a8360120225bcfb75fc92636a3724f8392a8e6d09a0a76,Fakemon_Festival_Full,Fakemon_Festival_Full
PURE_PALETTE_RECOLOR,DS_CUSTOM_LIBRARY/packs/Fakemon_Festival_Full/Fakemon Festival Pack/Lumio/Pokemon/Front/NOCTOWL_1.png,DS_CUSTOM_LIBRARY/packs/Fakemon_Festival_Full/Fakemon Festival Pack/Lumio/Pokemon/Front shiny/NOCTOWL_1.png,65eb07c2b968e70f22c91313b1d1c38fc2566aa2217f917bd5e1d83aea2ae380,6f44f1801a52b97c4b45fb01775e93d838ea86751b86329774f6827320967408,97c8e0852154829e477774ce4e24dcfa927b24541c4eab2f593606e146a726d5,Fakemon_Festival_Full,Fakemon_Festival_Full
PURE_PALETTE_RECOLOR,DS_CUSTOM_LIBRARY/packs/Fakemon_Festival_Full/Fakemon Festival Pack/Lumio/Pokemon/Front/HOOTHOOT_1.png,DS_CUSTOM_LIBRARY/packs/Fakemon_Festival_Full/Fakemon Festival Pack/Lumio/Pokemon/Front shiny/HOOTHOOT_1.png,b71ee8e313bdca87a377aa0b84bd03ba9a40d104959a215cff5f0debf6804268,6ef198ce25c2306b454875f176b0c9db9050cbde3fbb1e1e545294b2a081e859,7d2e9d213aaeac7de221cc6956b4121f05684ce000652171412acb66de7826d3,Fakemon_Festival_Full,Fakemon_Festival_Full
PURE_PALETTE_RECOLOR,DS_CUSTOM_LIBRARY/packs/Fakemon_Festival_Full/Fakemon Festival Pack/Lumio/Characters/Followers shiny/SPINARAK_1.png,DS_CUSTOM_LIBRARY/packs/Fakemon_Festival_Full/Fakemon Festival Pack/Lumio/Characters/Followers/SPINARAK_1.png,622ad1e3d89692247cc082df76933adda7be095e70189146e0a5a76d5734160a,1988b0b7f2c23c761ace5c37608a764a289279cf5df8fe897ae34da98fa2b2cb,559112141a4261a0d2dc2460b018bcbe5239a2e91ec121a4a07c06e7fce1bd2b,Fakemon_Festival_Full,Fakemon_Festival_Full
PURE_PALETTE_RECOLOR,DS_CUSTOM_LIBRARY/packs/Fakemon_Festival_Full/Fakemon Festival Pack/Lumio/Characters/Followers/NOCTOWL_1.png,DS_CUSTOM_LIBRARY/packs/Fakemon_Festival_Full/Fakemon Festival Pack/Lumio/Characters/Followers shiny/NOCTOWL_1.png,882ed35bf006fa2be55564a934e88582b128f9d4681202f49df95773014e102d,00e5fd7543bc242f900d9353482568fadd03710670732318c41c02d75bb32e04,332eaa89a794e750ee9b472ff71c40525befd97f876bb480ecbd4177fcf9a4e2,Fakemon_Festival_Full,Fakemon_Festival_Full
PURE_PALETTE_RECOLOR,DS_CUSTOM_LIBRARY/packs/Fakemon_Festival_Full/Fakemon Festival Pack/Lumio/Characters/Followers/HOOTHOOT_1.png,DS_CUSTOM_LIBRARY/packs/Fakemon_Festival_Full/Fakemon Festival Pack/Lumio/Characters/Followers shiny/HOOTHOOT_1.png,9ea5a7614fddd8c5500af702eb126a4b4255aa757f6d3a2e1f9f4fcd3d991496,7bfd30b102f3ff6d670203bd57e25d7d0f04129a46a643927ba4e24f5ca6974e,d33db0c8759e33bc89d7cfb1777ef05554f8d2aa72375c7b0020a0d7c82bbe53,Fakemon_Festival_Full,Fakemon_Festival_Full
PURE_PALETTE_RECOLOR,DS_CUSTOM_LIBRARY/packs/Fakemon_Festival_Full/Fakemon Festival Pack/Atsui/Pokemon/Front/Rotom_7S.png,DS_CUSTOM_LIBRARY/packs/Fakemon_Festival_Full/Fakemon Festival Pack/Atsui/Pokemon/Front/ROTOM_7.png,47b6a3f5b92a1e35715a97b7d691d236489c5c1d0974aedb6085883dfbacd4ac,6805a7aa49ec0210a111713315ec8a12319e712e37ad3064a87e3ee5ba4a3fa0,d406b654b3ef2b318b7a01ace2c25973a0a5e08f930d944760faa85d4c80b0b5,Fakemon_Festival_Full,Fakemon_Festival_Full
PURE_PALETTE_RECOLOR,DS_CUSTOM_LIBRARY/packs/Fakemon_Festival_Full/Fakemon Festival Pack/Magiscarf/Battlers Normal/Front/Nymfushia.png,DS_CUSTOM_LIBRARY/packs/Fakemon_Festival_Full/Fakemon Festival Pack/Magiscarf/Battlers Shiny Alternate/Front/Nymfushia.png,4b11acd3c03226cdba3a28477de25fdd03ae1a4d75d200cc9f3b91715ce61482,65b0df0caea37854e7cde9eb915dddcf435a6601618a648fd0985d0825a48c42,f010006de3a47cc50f4d4ceeb82a3711a2119da90e9827f2054a9d8fd0359b1a,Fakemon_Festival_Full,Fakemon_Festival_Full
PURE_PALETTE_RECOLOR,DS_CUSTOM_LIBRARY/packs/Fakemon_Festival_Full/Fakemon Festival Pack/Magiscarf/Battlers Shiny/Front/Nymfushia.png,DS_CUSTOM_LIBRARY/packs/Fakemon_Festival_Full/Fakemon Festival Pack/Magiscarf/Battlers Shiny Alternate/Front/Nymfushia.png,4b11acd3c03226cdba3a28477de25fdd03ae1a4d75d200cc9f3b91715ce61482,e02c8b0783d6f479e7a83487f96e1a0a93adeca528ee3cb1198333abf37d7875,f010006de3a47cc50f4d4ceeb82a3711a2119da90e9827f2054a9d8fd0359b1a,Fakemon_Festival_Full,Fakemon_Festival_Full
PURE_PALETTE_RECOLOR,DS_CUSTOM_LIBRARY/packs/Fakemon_Festival_Full/Fakemon Festival Pack/Magiscarf/Battlers Shiny Alternate/Front/Tindursa.png,DS_CUSTOM_LIBRARY/packs/Fakemon_Festival_Full/Fakemon Festival Pack/Magiscarf/Battlers Normal/Front/Tindursa.png,bcfa0d338db5924a810029099c20f32b202c7493048db4f2a1f91738697cd02d,7d231a19d84fffcd80a04945ec2fe3c694479441e99fe8894278eeea633580f1,64df6f45fbe968d797c4ac15f22b49dcf2dad899f547169a6b6ea1645d554ee6,Fakemon_Festival_Full,Fakemon_Festival_Full
PURE_PALETTE_RECOLOR,DS_CUSTOM_LIBRARY/packs/Fakemon_Festival_Full/Fakemon Festival Pack/Magiscarf/Battlers Shiny/Front/Tindursa.png,DS_CUSTOM_LIBRARY/packs/Fakemon_Festival_Full/Fakemon Festival Pack/Magiscarf/Battlers Normal/Front/Tindursa.png,bcfa0d338db5924a810029099c20f32b202c7493048db4f2a1f91738697cd02d,318a127773e4030a40da7971def408e733e1a2afa65b5f34c5ef2421318c3ebd,64df6f45fbe968d797c4ac15f22b49dcf2dad899f547169a6b6ea1645d554ee6,Fakemon_Festival_Full,Fakemon_Festival_Full
PURE_PALETTE_RECOLOR,DS_CUSTOM_LIBRARY/packs/Fakemon_Festival_Full/Fakemon Festival Pack/Magiscarf/Battlers Normal/Front/Tuffettry.png,DS_CUSTOM_LIBRARY/packs/Fakemon_Festival_Full/Fakemon Festival Pack/Magiscarf/Battlers Shiny Alternate/Front/Tuffettry.png,afcc3f6499440f01959cb3bab60602f5ce74226648289a69294ea3f7cf4f2b76,6fb45e8d149cbf579c4e19828e165c8ba37e3dfc62a33613846982911e918c12,16bc568b71172c085e01ebcf7ca5a036a3c0b8fcaa3bdf92fc759a3299243807,Fakemon_Festival_Full,Fakemon_Festival_Full
PURE_PALETTE_RECOLOR,DS_CUSTOM_LIBRARY/packs/Fakemon_Festival_Full/Fakemon Festival Pack/Magiscarf/Battlers Shiny/Front/Tuffettry.png,DS_CUSTOM_LIBRARY/packs/Fakemon_Festival_Full/Fakemon Festival Pack/Magiscarf/Battlers Shiny Alternate/Front/Tuffettry.png,afcc3f6499440f01959cb3bab60602f5ce74226648289a69294ea3f7cf4f2b76,c20f4caa571585b590d6a54cf71134d6dc33858e33d60c2eb6259f4b2410a9c4,16bc568b71172c085e01ebcf7ca5a036a3c0b8fcaa3bdf92fc759a3299243807,Fakemon_Festival_Full,Fakemon_Festival_Full
PURE_PALETTE_RECOLOR,DS_CUSTOM_LIBRARY/packs/Fakemon_Festival_Full/Fakemon Festival Pack/Magiscarf/Battlers Shiny/Front/Avipex.png,DS_CUSTOM_LIBRARY/packs/Fakemon_Festival_Full/Fakemon Festival Pack/Magiscarf/Battlers Normal/Front/Avipex.png,d6173aba50761f4580e5a1c0b002d85e4cc2b1ccd3d72dea5492d490fca1c267,8fb97375ad711f47e22c4296d2d5a5d36e096b53fefcd3f380489a08499c950c,3a38dcc0b246852ffe53a5a917b2985472668a3e47dab7939690d7266cc50a28,Fakemon_Festival_Full,Fakemon_Festival_Full
PURE_PALETTE_RECOLOR,DS_CUSTOM_LIBRARY/packs/Fakemon_Festival_Full/Fakemon Festival Pack/Magiscarf/Battlers Normal/Front/Plushion.png,DS_CUSTOM_LIBRARY/packs/Fakemon_Festival_Full/Fakemon Festival Pack/Magiscarf/Battlers Shiny Alternate/Front/Plushion.png,338c19daaba2aefa0814fcf700bee38ff7e9eca31378495139551ec35acafac2,8a4c68a9449ab18c0df950d7ed4558efbd03fb4e92f6c621aeac73d5f14c94b6,494974afd39e36fad36d59ec267575b25f248a4b6eff8318f3123268a926d0e0,Fakemon_Festival_Full,Fakemon_Festival_Full
PURE_PALETTE_RECOLOR,DS_CUSTOM_LIBRARY/packs/Fakemon_Festival_Full/Fakemon Festival Pack/Magiscarf/Battlers Shiny/Front/Plushion.png,DS_CUSTOM_LIBRARY/packs/Fakemon_Festival_Full/Fakemon Festival Pack/Magiscarf/Battlers Shiny Alternate/Front/Plushion.png,338c19daaba2aefa0814fcf700bee38ff7e9eca31378495139551ec35acafac2,0ebe5b968eacb3ad1d3744804376837f37885bb522926755ca4c12071a984015,494974afd39e36fad36d59ec267575b25f248a4b6eff8318f3123268a926d0e0,Fakemon_Festival_Full,Fakemon_Festival_Full
PURE_PALETTE_RECOLOR,DS_CUSTOM_LIBRARY/packs/Fakemon_Festival_Full/Fakemon Festival Pack/Magiscarf/Battlers Normal/Front/Dampurr.png,DS_CUSTOM_LIBRARY/packs/Fakemon_Festival_Full/Fakemon Festival Pack/Magiscarf/Battlers Shiny Alternate/Front/Dampurr.png,8f0f15fc94c800d6667ab463fa01b0149fd20efd37cc3808eeb20215b389d464,aaa04a39ecf37196c9adc27cd4303de2680299146dab7d205ebd311d28231dcb,f28df4526da29339a728c8de6d9295623d4bc49b5d8a0e8dad305ecd22ca072d,Fakemon_Festival_Full,Fakemon_Festival_Full
PURE_PALETTE_RECOLOR,DS_CUSTOM_LIBRARY/packs/Fakemon_Festival_Full/Fakemon Festival Pack/Magiscarf/Battlers Shiny/Front/Dampurr.png,DS_CUSTOM_LIBRARY/packs/Fakemon_Festival_Full/Fakemon Festival Pack/Magiscarf/Battlers Shiny Alternate/Front/Dampurr.png,8f0f15fc94c800d6667ab463fa01b0149fd20efd37cc3808eeb20215b389d464,b155bcd1bdb6b5ad6e3f0aeba9cc008832f95630b01ecd64d0c1962ba029151d,f28df4526da29339a728c8de6d9295623d4bc49b5d8a0e8dad305ecd22ca072d,Fakemon_Festival_Full,Fakemon_Festival_Full
PURE_PALETTE_RECOLOR,DS_CUSTOM_LIBRARY/packs/Fakemon_Festival_Full/Fakemon Festival Pack/Magiscarf/Battlers Normal/Front/Umbreeze.png,DS_CUSTOM_LIBRARY/packs/Fakemon_Festival_Full/Fakemon Festival Pack/Magiscarf/Battlers Shiny/Front/Umbreeze.png,54c246670fbae38da9892b1dcb7c7bd5fd1b744667c4a94091701e0d03a9e48b,2e98e803097629fd828add11d5b06b4fb947b28c2896eb24fa7ec52717c4d7e6,bbbbf653c54dbf21f1d228c9730432b5ad1acde8b978956f6742f2419fd9e6a9,Fakemon_Festival_Full,Fakemon_Festival_Full
PURE_PALETTE_RECOLOR,DS_CUSTOM_LIBRARY/packs/Fakemon_Festival_Full/Fakemon Festival Pack/Magiscarf/Battlers Shiny Alternate/Front/Umbreeze.png,DS_CUSTOM_LIBRARY/packs/Fakemon_Festival_Full/Fakemon Festival Pack/Magiscarf/Battlers Shiny/Front/Umbreeze.png,54c246670fbae38da9892b1dcb7c7bd5fd1b744667c4a94091701e0d03a9e48b,73e2797aa3c42bc5460eebdb4657b8d8700a967ffeaa297faf3e8a5d86429de6,bbbbf653c54dbf21f1d228c9730432b5ad1acde8b978956f6742f2419fd9e6a9,Fakemon_Festival_Full,Fakemon_Festival_Full
PURE_PALETTE_RECOLOR,DS_CUSTOM_LIBRARY/packs/Fakemon_Festival_Full/Fakemon Festival Pack/Magiscarf/Battlers Normal/Front/Dripwirt.png,DS_CUSTOM_LIBRARY/packs/Fakemon_Festival_Full/Fakemon Festival Pack/Magiscarf/Battlers Shiny Alternate/Front/Dripwirt.png,d78a662d4daad7368fb5eba3f2e4786b2f0ec9120b9eaf427af4941baad6be29,32715f59efc3f7ba3cc3abfe730ef81b106f88e4c0460538d815cab0e6982cc8,ad948ef526394df87151a1aa31852db498d7f7e5752758460bb15d1af2fcc2c7,Fakemon_Festival_Full,Fakemon_Festival_Full
PURE_PALETTE_RECOLOR,DS_CUSTOM_LIBRARY/packs/Fakemon_Festival_Full/Fakemon Festival Pack/Magiscarf/Battlers Shiny Alternate/Front/Negagen.png,DS_CUSTOM_LIBRARY/packs/Fakemon_Festival_Full/Fakemon Festival Pack/Magiscarf/Battlers Normal/Front/Negagen.png,de44241244891e1b031fef7fd2e28fa54fb9da245533ab6a4dc624168b17c49b,0cbf1d6b1f7a238fc7c7b38f9920ec53c437a5d166667004b71eaffe372d26e6,ac5ca97dfc67149ab487aa41880f9b9db0838fcb6a11bb021321d959314765d5,Fakemon_Festival_Full,Fakemon_Festival_Full
PURE_PALETTE_RECOLOR,DS_CUSTOM_LIBRARY/packs/Fakemon_Festival_Full/Fakemon Festival Pack/Magiscarf/Battlers Shiny/Front/Negagen.png,DS_CUSTOM_LIBRARY/packs/Fakemon_Festival_Full/Fakemon Festival Pack/Magiscarf/Battlers Normal/Front/Negagen.png,de44241244891e1b031fef7fd2e28fa54fb9da245533ab6a4dc624168b17c49b,4dedd75afac3c3a279000e69516299a85350aedb9f24f90e62fb30f2475ad1c5,ac5ca97dfc67149ab487aa41880f9b9db0838fcb6a11bb021321d959314765d5,Fakemon_Festival_Full,Fakemon_Festival_Full
PURE_PALETTE_RECOLOR,DS_CUSTOM_LIBRARY/packs/Fakemon_Festival_Full/Fakemon Festival Pack/Magiscarf/Battlers Normal/Front/Saurky.png,DS_CUSTOM_LIBRARY/packs/Fakemon_Festival_Full/Fakemon Festival Pack/Magiscarf/Battlers Shiny/Front/Saurky.png,b983ba3ecb78ff72434f6ce9a37aae269378e61e632ae4887514a42f95a6422f,b6731df0a5ec024375b862e1494f07b8e186406fa1ab2758383f27595ec2d151,dc22054e12159670f68dc0412da26cc9d27ef122a8c04fe968eeff2dfa02af3a,Fakemon_Festival_Full,Fakemon_Festival_Full
PURE_PALETTE_RECOLOR,DS_CUSTOM_LIBRARY/packs/Fakemon_Festival_Full/Fakemon Festival Pack/Magiscarf/Battlers Shiny Alternate/Front/Sligment.png,DS_CUSTOM_LIBRARY/packs/Fakemon_Festival_Full/Fakemon Festival Pack/Magiscarf/Battlers Normal/Front/Sligment.png,0e27556d0266f135801998b27c61cfb5510aea2943d276c559074a52c0063dd9,e7c2369801d95c359a02d5bbd7fdf4cd45ea14a26046b6fa9826d57fdc96e38d,c1837b6a13567e748b401605609545b779de22a1305f679e93b5ee7eb35f06a1,Fakemon_Festival_Full,Fakemon_Festival_Full
PURE_PALETTE_RECOLOR,DS_CUSTOM_LIBRARY/packs/Fakemon_Festival_Full/Fakemon Festival Pack/Magiscarf/Battlers Shiny/Front/Sligment.png,DS_CUSTOM_LIBRARY/packs/Fakemon_Festival_Full/Fakemon Festival Pack/Magiscarf/Battlers Normal/Front/Sligment.png,0e27556d0266f135801998b27c61cfb5510aea2943d276c559074a52c0063dd9,8ff3c3837d11ff8b5339e799d807aa413dd9be5940a2ced156d4d25874ccea28,c1837b6a13567e748b401605609545b779de22a1305f679e93b5ee7eb35f06a1,Fakemon_Festival_Full,Fakemon_Festival_Full
PURE_PALETTE_RECOLOR,DS_CUSTOM_LIBRARY/packs/Fakemon_Festival_Full/Fakemon Festival Pack/Magiscarf/Battlers Shiny Alternate/Front/Gelescent.png,DS_CUSTOM_LIBRARY/packs/Fakemon_Festival_Full/Fakemon Festival Pack/Magiscarf/Battlers Normal/Front/Gelescent.png,8953de041b16adf73b62d3bd42c8d7164e1c773b41aca6beb01fbf6362a6b2fc,4bb0be193e1cfbffb19b43b56ebdac9b6f5788e4ef871c76be633ac5709d11a3,ec5a7fb88bc71ff7c9648bb187c45bc396653446f63afac71e08cc76d56a7d59,Fakemon_Festival_Full,Fakemon_Festival_Full
PURE_PALETTE_RECOLOR,DS_CUSTOM_LIBRARY/packs/Fakemon_Festival_Full/Fakemon Festival Pack/Magiscarf/Battlers Shiny/Front/Gelescent.png,DS_CUSTOM_LIBRARY/packs/Fakemon_Festival_Full/Fakemon Festival Pack/Magiscarf/Battlers Normal/Front/Gelescent.png,8953de041b16adf73b62d3bd42c8d7164e1c773b41aca6beb01fbf6362a6b2fc,eac43f6939f71c3f43e289386844933ca9eb9b174022e4b196e818375a9a445e,ec5a7fb88bc71ff7c9648bb187c45bc396653446f63afac71e08cc76d56a7d59,Fakemon_Festival_Full,Fakemon_Festival_Full
PURE_PALETTE_RECOLOR,DS_CUSTOM_LIBRARY/packs/Fakemon_Festival_Full/Fakemon Festival Pack/Magiscarf/Battlers Normal/Front/Silennium.png,DS_CUSTOM_LIBRARY/packs/Fakemon_Festival_Full/Fakemon Festival Pack/Magiscarf/Battlers Shiny Alternate/Front/Silennium.png,4eb105146bc137fd0ff3c96753409a2630f33f94b177ffa90a17534ef7c169fb,7fea98010e6bc2248586216f28b535f1a6556a07a4e97f2e5418c1555efb027b,968c13a39638692a529f96c89530b5d00b94791ef63aa08d89201a8da633ba85,Fakemon_Festival_Full,Fakemon_Festival_Full
PURE_PALETTE_RECOLOR,DS_CUSTOM_LIBRARY/packs/Fakemon_Festival_Full/Fakemon Festival Pack/Magiscarf/Battlers Shiny/Front/Silennium.png,DS_CUSTOM_LIBRARY/packs/Fakemon_Festival_Full/Fakemon Festival Pack/Magiscarf/Battlers Shiny Alternate/Front/Silennium.png,4eb105146bc137fd0ff3c96753409a2630f33f94b177ffa90a17534ef7c169fb,06a3991267762d39138d9c970260d34659b24391043e3aca2393b0e1ccd76b74,968c13a39638692a529f96c89530b5d00b94791ef63aa08d89201a8da633ba85,Fakemon_Festival_Full,Fakemon_Festival_Full
PURE_PALETTE_RECOLOR,DS_CUSTOM_LIBRARY/packs/Fakemon_Festival_Full/Fakemon Festival Pack/Magiscarf/Battlers Normal/Front/Lollybog.png,DS_CUSTOM_LIBRARY/packs/Fakemon_Festival_Full/Fakemon Festival Pack/Magiscarf/Battlers Shiny/Front/Lollybog.png,3c96d8cb29a99e081bc9c4f2eff6423ab39a17d4a213a1e5f56f5fb6cec4edad,b1cc7d998a0d680f8722260303cbec78a9cc41a79cff31d16ac09cbff722d738,b49ae01b2bdd16fe995af0ad1461cc21525ebc8dfbe6cd7fa1cd3f4b8cfb49df,Fakemon_Festival_Full,Fakemon_Festival_Full
PURE_PALETTE_RECOLOR,DS_CUSTOM_LIBRARY/packs/Fakemon_Festival_Full/Fakemon Festival Pack/Magiscarf/Battlers Shiny Alternate/Front/Lollybog.png,DS_CUSTOM_LIBRARY/packs/Fakemon_Festival_Full/Fakemon Festival Pack/Magiscarf/Battlers Shiny/Front/Lollybog.png,3c96d8cb29a99e081bc9c4f2eff6423ab39a17d4a213a1e5f56f5fb6cec4edad,fd6162a70294bda8b92cb46d232127b0b5281a4693ad70feb6f48c724902f7f9,b49ae01b2bdd16fe995af0ad1461cc21525ebc8dfbe6cd7fa1cd3f4b8cfb49df,Fakemon_Festival_Full,Fakemon_Festival_Full
PURE_PALETTE_RECOLOR,DS_CUSTOM_LIBRARY/packs/Fakemon_Festival_Full/Fakemon Festival Pack/Magiscarf/Battlers Normal/Front/Hoolihog.png,DS_CUSTOM_LIBRARY/packs/Fakemon_Festival_Full/Fakemon Festival Pack/Magiscarf/Battlers Shiny/Front/Hoolihog.png,1e9f27498b4779e4e4cf0ca6c2c1012c44249dfa31603cef5f3d3a289b9c3db6,5f6c6ffd7abfcc5c846e49ef4e4e35621ffd0c8da24a5e55a35832f2b6d5e0b2,6570e6322da4abd5d09600c18ae8286e1591df7de386aa7e0d7f1a9a337ccf79,Fakemon_Festival_Full,Fakemon_Festival_Full
PURE_PALETTE_RECOLOR,DS_CUSTOM_LIBRARY/packs/Fakemon_Festival_Full/Fakemon Festival Pack/Magiscarf/Battlers Shiny Alternate/Front/Hoolihog.png,DS_CUSTOM_LIBRARY/packs/Fakemon_Festival_Full/Fakemon Festival Pack/Magiscarf/Battlers Shiny/Front/Hoolihog.png,1e9f27498b4779e4e4cf0ca6c2c1012c44249dfa31603cef5f3d3a289b9c3db6,d0ec1f5aa0a2caa8525a2339f2c8aa74fcc24610e83494b341060a0522fc52b3,6570e6322da4abd5d09600c18ae8286e1591df7de386aa7e0d7f1a9a337ccf79,Fakemon_Festival_Full,Fakemon_Festival_Full
PURE_PALETTE_RECOLOR,DS_CUSTOM_LIBRARY/packs/Fakemon_Festival_Full/Fakemon Festival Pack/Magiscarf/Battlers Shiny Alternate/Front/Bonfur.png,DS_CUSTOM_LIBRARY/packs/Fakemon_Festival_Full/Fakemon Festival Pack/Magiscarf/Battlers Normal/Front/Bonfur.png,babfa656d34a5e952e246129da5f7d3127c67d3a13d764dd6525e62f7549822a,7d10ab2b3e09b9c66044a88b0fac7128a3460a24714eab01cdd384c66f2422af,593accfc909ca8790d0505b333915505327f804b64ebd956716631b3e1350b2a,Fakemon_Festival_Full,Fakemon_Festival_Full
PURE_PALETTE_RECOLOR,DS_CUSTOM_LIBRARY/packs/Fakemon_Festival_Full/Fakemon Festival Pack/Magiscarf/Battlers Shiny/Front/Bonfur.png,DS_CUSTOM_LIBRARY/packs/Fakemon_Festival_Full/Fakemon Festival Pack/Magiscarf/Battlers Normal/Front/Bonfur.png,babfa656d34a5e952e246129da5f7d3127c67d3a13d764dd6525e62f7549822a,c3024a101d08170253ebf386246f60053c8a0a0b6ca08ef6cf2325504bd5fcf7,593accfc909ca8790d0505b333915505327f804b64ebd956716631b3e1350b2a,Fakemon_Festival_Full,Fakemon_Festival_Full
PURE_PALETTE_RECOLOR,DS_CUSTOM_LIBRARY/packs/Fakemon_Festival_Full/Fakemon Festival Pack/Magiscarf/Battlers Shiny Alternate/Front/Kankersaur.png,DS_CUSTOM_LIBRARY/packs/Fakemon_Festival_Full/Fakemon Festival Pack/Magiscarf/Battlers Normal/Front/Kankersaur.png,739080c01802e4580392543312b91b1f87e4f21464e0137174431e51951a73de,1c3a5f15c34576ba059e893f990faf46b605004799b309749198b8651ca2a5f6,3c1fadc56cf04c9f089144f9cc2391c96bcd06709d21a158b4be16c16ca53c12,Fakemon_Festival_Full,Fakemon_Festival_Full
PURE_PALETTE_RECOLOR,DS_CUSTOM_LIBRARY/packs/Fakemon_Festival_Full/Fakemon Festival Pack/Magiscarf/Battlers Shiny/Front/Kankersaur.png,DS_CUSTOM_LIBRARY/packs/Fakemon_Festival_Full/Fakemon Festival Pack/Magiscarf/Battlers Normal/Front/Kankersaur.png,739080c01802e4580392543312b91b1f87e4f21464e0137174431e51951a73de,339ffb38d6d42626ccf3726460693d49c19941bef4e4cd6e3ab0b45ca6d123b5,3c1fadc56cf04c9f089144f9cc2391c96bcd06709d21a158b4be16c16ca53c12,Fakemon_Festival_Full,Fakemon_Festival_Full
PURE_PALETTE_RECOLOR,DS_CUSTOM_LIBRARY/packs/Fakemon_Festival_Full/Fakemon Festival Pack/Magiscarf/Battlers Normal/Front/Forbiddron.png,DS_CUSTOM_LIBRARY/packs/Fakemon_Festival_Full/Fakemon Festival Pack/Magiscarf/Battlers Shiny/Front/Forbiddron.png,e2d8e564fce38a178d2308c3c028506a2192479084602ac8882985df75771237,4a40a06064cc58257f3e9e9f19c1042658db3193c9194b84bcbf9ca31029c98c,f980b604b4cc21633c7fa98e4a29baefed976753181bb39eb1ff16857ab178b8,Fakemon_Festival_Full,Fakemon_Festival_Full
PURE_PALETTE_RECOLOR,DS_CUSTOM_LIBRARY/packs/Fakemon_Festival_Full/Fakemon Festival Pack/Magiscarf/Battlers Shiny Alternate/Front/Forbiddron.png,DS_CUSTOM_LIBRARY/packs/Fakemon_Festival_Full/Fakemon Festival Pack/Magiscarf/Battlers Shiny/Front/Forbiddron.png,e2d8e564fce38a178d2308c3c028506a2192479084602ac8882985df75771237,34abc904b57d0b812fbe52532d78c9d510f0b81e50e8c610473b6b52d4599bfd,f980b604b4cc21633c7fa98e4a29baefed976753181bb39eb1ff16857ab178b8,Fakemon_Festival_Full,Fakemon_Festival_Full
PURE_PALETTE_RECOLOR,DS_CUSTOM_LIBRARY/packs/Fakemon_Festival_Full/Fakemon Festival Pack/Magiscarf/Battlers Normal/Front/Impurp.png,DS_CUSTOM_LIBRARY/packs/Fakemon_Festival_Full/Fakemon Festival Pack/Magiscarf/Battlers Shiny Alternate/Front/Impurp.png,9b7fa21a1c74d5fb247e8a53d78bc2349ee1577fd211c3893c1d07c2fc9d2dc1,f4ecf6967a55860aa04a844562a4e8859a44d94a9ed1a2e09b0ba924a6030927,89570c3a88d0d9e366b72278514b46fbc1c3b9242e72cc8d1c0bab4493cf168b,Fakemon_Festival_Full,Fakemon_Festival_Full
PURE_PALETTE_RECOLOR,DS_CUSTOM_LIBRARY/packs/Fakemon_Festival_Full/Fakemon Festival Pack/Magiscarf/Battlers Shiny/Front/Impurp.png,DS_CUSTOM_LIBRARY/packs/Fakemon_Festival_Full/Fakemon Festival Pack/Magiscarf/Battlers Shiny Alternate/Front/Impurp.png,9b7fa21a1c74d5fb247e8a53d78bc2349ee1577fd211c3893c1d07c2fc9d2dc1,e4765405d73f15d8516f92b4bca03158c7116dbb718398852b81d4a628355a1d,89570c3a88d0d9e366b72278514b46fbc1c3b9242e72cc8d1c0bab4493cf168b,Fakemon_Festival_Full,Fakemon_Festival_Full
PURE_PALETTE_RECOLOR,DS_CUSTOM_LIBRARY/packs/Fakemon_Festival_Full/Fakemon Festival Pack/Magiscarf/Battlers Normal/Front/Rainther.png,DS_CUSTOM_LIBRARY/packs/Fakemon_Festival_Full/Fakemon Festival Pack/Magiscarf/Battlers Shiny Alternate/Front/Rainther.png,9bd1392ed4216f97385675a1e0200beb046ff0bde9f9d5dd58f7d122050a6eae,f89335ae9f32c824e235e61675439bb3472941e9413df5413c7b6025e8623a99,44ddbe45260e6ecda18fa04c1a4170253b45cf3205ddb4634af3307a8f9e1bfa,Fakemon_Festival_Full,Fakemon_Festival_Full
PURE_PALETTE_RECOLOR,DS_CUSTOM_LIBRARY/packs/Fakemon_Festival_Full/Fakemon Festival Pack/Magiscarf/Battlers Shiny/Front/Rainther.png,DS_CUSTOM_LIBRARY/packs/Fakemon_Festival_Full/Fakemon Festival Pack/Magiscarf/Battlers Shiny Alternate/Front/Rainther.png,9bd1392ed4216f97385675a1e0200beb046ff0bde9f9d5dd58f7d122050a6eae,952506586d8d54d7dc6e03602de76db36ae48609781c6684f132188620260256,44ddbe45260e6ecda18fa04c1a4170253b45cf3205ddb4634af3307a8f9e1bfa,Fakemon_Festival_Full,Fakemon_Festival_Full
PURE_PALETTE_RECOLOR,DS_CUSTOM_LIBRARY/packs/Fakemon_Festival_Full/Fakemon Festival Pack/Magiscarf/Battlers Shiny Alternate/Front/Rocotton.png,DS_CUSTOM_LIBRARY/packs/Fakemon_Festival_Full/Fakemon Festival Pack/Magiscarf/Battlers Normal/Front/Rocotton.png,d2817f45cce2b0f59fed55d196c0d7cb695b5484bbc5515ba45e5cf7849aea2a,6271a1c7cde91d954bf53a602d186016ed3bc3f6f0c08361ba57176c4742d25b,e91b91926334433bf0b85e88f9869d4bdacd0ca7a364478c91f1ada715aa0bee,Fakemon_Festival_Full,Fakemon_Festival_Full
PURE_PALETTE_RECOLOR,DS_CUSTOM_LIBRARY/packs/Fakemon_Festival_Full/Fakemon Festival Pack/Magiscarf/Battlers Shiny/Front/Rocotton.png,DS_CUSTOM_LIBRARY/packs/Fakemon_Festival_Full/Fakemon Festival Pack/Magiscarf/Battlers Normal/Front/Rocotton.png,d2817f45cce2b0f59fed55d196c0d7cb695b5484bbc5515ba45e5cf7849aea2a,7c243f29413f393680e51cdc629c932f4e2ac70782fa292a8149ea28f420a5b1,e91b91926334433bf0b85e88f9869d4bdacd0ca7a364478c91f1ada715aa0bee,Fakemon_Festival_Full,Fakemon_Festival_Full
PURE_PALETTE_RECOLOR,DS_CUSTOM_LIBRARY/packs/Fakemon_Festival_Full/Fakemon Festival Pack/Magiscarf/Battlers Shiny Alternate/Front/Kankryst.png,DS_CUSTOM_LIBRARY/packs/Fakemon_Festival_Full/Fakemon Festival Pack/Magiscarf/Battlers Normal/Front/Kankryst.png,372c4017c1b16e9e8ad25143212a48c726b9a464c6a99cbb38a4eb25045affe7,cc702d9fda67f7ece28c5bc25de2d8861e4a6ae6bf62d312f00c989fb1b29fa4,8cc5dbfafce0101aa7fb8af9f841c1e6d32c73a3dab743a53036f2580b89be2f,Fakemon_Festival_Full,Fakemon_Festival_Full
PURE_PALETTE_RECOLOR,DS_CUSTOM_LIBRARY/packs/Fakemon_Festival_Full/Fakemon Festival Pack/Magiscarf/Battlers Shiny/Front/Kankryst.png,DS_CUSTOM_LIBRARY/packs/Fakemon_Festival_Full/Fakemon Festival Pack/Magiscarf/Battlers Normal/Front/Kankryst.png,372c4017c1b16e9e8ad25143212a48c726b9a464c6a99cbb38a4eb25045affe7,1730253c2b8e80b90d717a6ad954a4ba74699b834e1fc26678f2aa62ae116d64,8cc5dbfafce0101aa7fb8af9f841c1e6d32c73a3dab743a53036f2580b89be2f,Fakemon_Festival_Full,Fakemon_Festival_Full
PURE_PALETTE_RECOLOR,DS_CUSTOM_LIBRARY/packs/Fakemon_Festival_Full/Fakemon Festival Pack/Magiscarf/Battlers Normal/Front/Dynabit.png,DS_CUSTOM_LIBRARY/packs/Fakemon_Festival_Full/Fakemon Festival Pack/Magiscarf/Battlers Shiny Alternate/Front/Dynabit.png,21b6eb76c830678e41248c727e2dc6525ff6830ca549142b19f1e7ef012439c8,849f807b3fb458a0bf7ac58013ecafe95ced3b3829a32ec9f71d955948598584,ea95a46d530163e81a9407da825f7628c2063f33e96bcd282e2f87355b783b29,Fakemon_Festival_Full,Fakemon_Festival_Full
PURE_PALETTE_RECOLOR,DS_CUSTOM_LIBRARY/packs/Fakemon_Festival_Full/Fakemon Festival Pack/Magiscarf/Battlers Normal/Front/Droopig.png,DS_CUSTOM_LIBRARY/packs/Fakemon_Festival_Full/Fakemon Festival Pack/Magiscarf/Battlers Shiny/Front/Droopig.png,eb7800cc3026f4ab4065283d74157af3105d3c7525370fd8aa46114698d84caa,5bd10b06a1e3eb613a55c49ee64e0850955a0ad4ab10b8d0005ee74235d8dca5,c997b3c33ed24346b203828dcc848dbde52829f75ea1487ba8bbf2878a37759c,Fakemon_Festival_Full,Fakemon_Festival_Full
PURE_PALETTE_RECOLOR,DS_CUSTOM_LIBRARY/packs/Fakemon_Festival_Full/Fakemon Festival Pack/Magiscarf/Battlers Shiny Alternate/Front/Droopig.png,DS_CUSTOM_LIBRARY/packs/Fakemon_Festival_Full/Fakemon Festival Pack/Magiscarf/Battlers Shiny/Front/Droopig.png,eb7800cc3026f4ab4065283d74157af3105d3c7525370fd8aa46114698d84caa,19b72d4021da1c436c3aeae65d4c2232239208310cf73957b9836f8551e5f9e0,c997b3c33ed24346b203828dcc848dbde52829f75ea1487ba8bbf2878a37759c,Fakemon_Festival_Full,Fakemon_Festival_Full
PURE_PALETTE_RECOLOR,DS_CUSTOM_LIBRARY/packs/Fakemon_Festival_Full/Fakemon Festival Pack/Magiscarf/Battlers Shiny Alternate/Front/Kankwart.png,DS_CUSTOM_LIBRARY/packs/Fakemon_Festival_Full/Fakemon Festival Pack/Magiscarf/Battlers Normal/Front/Kankwart.png,2cd4d130ba7f905f6ef7fd473e53caea44c86d7cacc7a818409daee25770066f,5f9dea9e32f165cd8d75fd07241b8f36daabb9b1c382b767afb1a4db9f80cbfe,b844aae22a95892f64cf9531a9ec2369837aec4a4c97a33220e13f4473ac859f,Fakemon_Festival_Full,Fakemon_Festival_Full
PURE_PALETTE_RECOLOR,DS_CUSTOM_LIBRARY/packs/Fakemon_Festival_Full/Fakemon Festival Pack/Magiscarf/Battlers Shiny/Front/Kankwart.png,DS_CUSTOM_LIBRARY/packs/Fakemon_Festival_Full/Fakemon Festival Pack/Magiscarf/Battlers Normal/Front/Kankwart.png,2cd4d130ba7f905f6ef7fd473e53caea44c86d7cacc7a818409daee25770066f,efdcda7904b1f6c2904ad23371652c19280d47afcbf169dab0c21839e29c45f5,b844aae22a95892f64cf9531a9ec2369837aec4a4c97a33220e13f4473ac859f,Fakemon_Festival_Full,Fakemon_Festival_Full
PURE_PALETTE_RECOLOR,DS_CUSTOM_LIBRARY/packs/Fakemon_Festival_Full/Fakemon Festival Pack/Magiscarf/Battlers Shiny Alternate/Front/Pompet.png,DS_CUSTOM_LIBRARY/packs/Fakemon_Festival_Full/Fakemon Festival Pack/Magiscarf/Battlers Normal/Front/Pompet.png,b0ab9f7e05c9460d7e07acfbd6c2a979512a09b144f4cac65aec65fb7a8fe0d3,b897687def96eda65f3d520d39c93f8e2a5e25671df9facc173bd6a495716a4c,f6be0fbc31239177d24a3e7932bb3a8ccfa9f14ca25ca337c74bdc43b0e2385b,Fakemon_Festival_Full,Fakemon_Festival_Full
PURE_PALETTE_RECOLOR,DS_CUSTOM_LIBRARY/packs/Fakemon_Festival_Full/Fakemon Festival Pack/Magiscarf/Battlers Shiny/Front/Pompet.png,DS_CUSTOM_LIBRARY/packs/Fakemon_Festival_Full/Fakemon Festival Pack/Magiscarf/Battlers Normal/Front/Pompet.png,b0ab9f7e05c9460d7e07acfbd6c2a979512a09b144f4cac65aec65fb7a8fe0d3,4a10ed66895f4f3072cc451318ef8bfd203391f9400ffa43104326a69606b234,f6be0fbc31239177d24a3e7932bb3a8ccfa9f14ca25ca337c74bdc43b0e2385b,Fakemon_Festival_Full,Fakemon_Festival_Full
PURE_PALETTE_RECOLOR,DS_CUSTOM_LIBRARY/packs/Fakemon_Festival_Full/Fakemon Festival Pack/Magiscarf/Battlers Normal/Front/Botanine.png,DS_CUSTOM_LIBRARY/packs/Fakemon_Festival_Full/Fakemon Festival Pack/Magiscarf/Battlers Shiny Alternate/Front/Botanine.png,171567e2235316df02db6459f51c5b58baf931d0b43fd981bcfbae1712e990bd,1e3d3595114a4e632904880828c56b55357ae85859f0a2af8d9e77a69c5fa659,71699d47bcf14d47bdb0d973622d6f9f61442642b9a3765588107ac9ae54b01d,Fakemon_Festival_Full,Fakemon_Festival_Full
PURE_PALETTE_RECOLOR,DS_CUSTOM_LIBRARY/packs/Fakemon_Festival_Full/Fakemon Festival Pack/Magiscarf/Battlers Shiny/Front/Botanine.png,DS_CUSTOM_LIBRARY/packs/Fakemon_Festival_Full/Fakemon Festival Pack/Magiscarf/Battlers Shiny Alternate/Front/Botanine.png,171567e2235316df02db6459f51c5b58baf931d0b43fd981bcfbae1712e990bd,8fb51beec94c5d65469996a63f841ff40f678f727c80089f56c171c019c5cda3,71699d47bcf14d47bdb0d973622d6f9f61442642b9a3765588107ac9ae54b01d,Fakemon_Festival_Full,Fakemon_Festival_Full
PURE_PALETTE_RECOLOR,DS_CUSTOM_LIBRARY/packs/Fakemon_Festival_Full/Fakemon Festival Pack/Magiscarf/Battlers Shiny Alternate/Front/Skelleks.png,DS_CUSTOM_LIBRARY/packs/Fakemon_Festival_Full/Fakemon Festival Pack/Magiscarf/Battlers Normal/Front/Skelleks.png,8fb265d7817f8563d43e5a9d589164c993d5704192cfc3a443df062730f41901,6f5d0efef6ab7ebcbd85e03a378b33bba9fe91d1142509bab92b22df243163b1,62d948589756ef10c7ba06ab2c0c11cfe6558a5dc09c42e27b566ab27e8e7e55,Fakemon_Festival_Full,Fakemon_Festival_Full
PURE_PALETTE_RECOLOR,DS_CUSTOM_LIBRARY/packs/Fakemon_Festival_Full/Fakemon Festival Pack/Magiscarf/Battlers Shiny/Front/Skelleks.png,DS_CUSTOM_LIBRARY/packs/Fakemon_Festival_Full/Fakemon Festival Pack/Magiscarf/Battlers Normal/Front/Skelleks.png,8fb265d7817f8563d43e5a9d589164c993d5704192cfc3a443df062730f41901,50f32610e399083f4b8ce9dd952fa45196b723656b4de4821ef79e5d52639eab,62d948589756ef10c7ba06ab2c0c11cfe6558a5dc09c42e27b566ab27e8e7e55,Fakemon_Festival_Full,Fakemon_Festival_Full
PURE_PALETTE_RECOLOR,DS_CUSTOM_LIBRARY/packs/Fakemon_Festival_Full/Fakemon Festival Pack/Magiscarf/Battlers Shiny Alternate/Front/Mivota.png,DS_CUSTOM_LIBRARY/packs/Fakemon_Festival_Full/Fakemon Festival Pack/Magiscarf/Battlers Normal/Front/Mivota.png,c778b556225bd5cc380a89076d071aab7b7d2835270cdcf1dbc502332598d7d9,f2881480d4a9145a61adc47f3fb5a78cecb0e2724663123c724bcd16a5a8e66a,8ea3eb3c7d62b8b6e3ef6d7507179ce4065bf494b50dece6433bb48c70f29c28,Fakemon_Festival_Full,Fakemon_Festival_Full
PURE_PALETTE_RECOLOR,DS_CUSTOM_LIBRARY/packs/Fakemon_Festival_Full/Fakemon Festival Pack/Magiscarf/Battlers Shiny/Front/Mivota.png,DS_CUSTOM_LIBRARY/packs/Fakemon_Festival_Full/Fakemon Festival Pack/Magiscarf/Battlers Normal/Front/Mivota.png,c778b556225bd5cc380a89076d071aab7b7d2835270cdcf1dbc502332598d7d9,ea7763b84a0789451489ffeddfbfe717dbfaab5142b543fa62218669c8cac449,8ea3eb3c7d62b8b6e3ef6d7507179ce4065bf494b50dece6433bb48c70f29c28,Fakemon_Festival_Full,Fakemon_Festival_Full
PURE_PALETTE_RECOLOR,DS_CUSTOM_LIBRARY/packs/Fakemon_Festival_Full/Fakemon Festival Pack/Magiscarf/Battlers Normal/Front/Brewtrid.png,DS_CUSTOM_LIBRARY/packs/Fakemon_Festival_Full/Fakemon Festival Pack/Magiscarf/Battlers Shiny/Front/Brewtrid.png,a1ecf9a73eefc7a49865f2c3da8815eb4a6610ebb48be7e5ba04abdd8d7ff208,3c4972cd8222d5375298ecd057e9ddc83c56b6965b810032590d6d0c1720e0e7,65f9f65d967155c7ae0b39113e31bea2fb75ceb9e00c4af7d9c0e32a5a835eb5,Fakemon_Festival_Full,Fakemon_Festival_Full
PURE_PALETTE_RECOLOR,DS_CUSTOM_LIBRARY/packs/Fakemon_Festival_Full/Fakemon Festival Pack/Magiscarf/Battlers Shiny Alternate/Front/Brewtrid.png,DS_CUSTOM_LIBRARY/packs/Fakemon_Festival_Full/Fakemon Festival Pack/Magiscarf/Battlers Shiny/Front/Brewtrid.png,a1ecf9a73eefc7a49865f2c3da8815eb4a6610ebb48be7e5ba04abdd8d7ff208,ca7e3ef30b7f864aa3c790b5e865ef658c8c9069c218001ffecc75afdf5ec080,65f9f65d967155c7ae0b39113e31bea2fb75ceb9e00c4af7d9c0e32a5a835eb5,Fakemon_Festival_Full,Fakemon_Festival_Full
PURE_PALETTE_RECOLOR,DS_CUSTOM_LIBRARY/packs/Fakemon_Festival_Full/Fakemon Festival Pack/Magiscarf/Battlers Shiny Alternate/Front/Sizzly.png,DS_CUSTOM_LIBRARY/packs/Fakemon_Festival_Full/Fakemon Festival Pack/Magiscarf/Battlers Normal/Front/Sizzly.png,734ae15a066ec0e1d1148af0f5c4a7f61d82f9e2dcb19f3d8a074c48f7063360,4154ec5fad99d783d25104d068acd731f0c6429b45d6f0044d604c3369850232,77c952d1a28d847517990ed4fb947e94f1da50322c628d47a2d827b1ae8c749c,Fakemon_Festival_Full,Fakemon_Festival_Full
PURE_PALETTE_RECOLOR,DS_CUSTOM_LIBRARY/packs/Fakemon_Festival_Full/Fakemon Festival Pack/Magiscarf/Battlers Shiny/Front/Sizzly.png,DS_CUSTOM_LIBRARY/packs/Fakemon_Festival_Full/Fakemon Festival Pack/Magiscarf/Battlers Normal/Front/Sizzly.png,734ae15a066ec0e1d1148af0f5c4a7f61d82f9e2dcb19f3d8a074c48f7063360,611e17ff90f812ae610bef65260a42941c193e6a1e3b2818bb8ae7ed91a7a7e3,77c952d1a28d847517990ed4fb947e94f1da50322c628d47a2d827b1ae8c749c,Fakemon_Festival_Full,Fakemon_Festival_Full
PURE_PALETTE_RECOLOR,DS_CUSTOM_LIBRARY/packs/Fakemon_Festival_Full/Fakemon Festival Pack/Magiscarf/Battlers Shiny Alternate/Front/Pomprim.png,DS_CUSTOM_LIBRARY/packs/Fakemon_Festival_Full/Fakemon Festival Pack/Magiscarf/Battlers Normal/Front/Pomprim.png,46974276b93242b46b30edcf1221219bfbd6ac2dc57c03d2cc9d659618097bbe,a39aae210193139188e0c26e669639fc62753aac925614dad3047bd481cd24e2,ae0778e0d018e5876be7161fd2e21e6470ecd7f6feaa0576dd169f1880b8cafb,Fakemon_Festival_Full,Fakemon_Festival_Full
PURE_PALETTE_RECOLOR,DS_CUSTOM_LIBRARY/packs/Fakemon_Festival_Full/Fakemon Festival Pack/Magiscarf/Battlers Shiny/Front/Pomprim.png,DS_CUSTOM_LIBRARY/packs/Fakemon_Festival_Full/Fakemon Festival Pack/Magiscarf/Battlers Normal/Front/Pomprim.png,46974276b93242b46b30edcf1221219bfbd6ac2dc57c03d2cc9d659618097bbe,5d2b0c024b4e1394ae60852264bf68d2485751d244463ac143ca221c05ecb88b,ae0778e0d018e5876be7161fd2e21e6470ecd7f6feaa0576dd169f1880b8cafb,Fakemon_Festival_Full,Fakemon_Festival_Full
PURE_PALETTE_RECOLOR,DS_CUSTOM_LIBRARY/packs/Fakemon_Festival_Full/Fakemon Festival Pack/Magiscarf/Battlers Shiny Alternate/Front/Howliage.png,DS_CUSTOM_LIBRARY/packs/Fakemon_Festival_Full/Fakemon Festival Pack/Magiscarf/Battlers Normal/Front/Howliage.png,2615136cf0d07c461b3841be047a18a5cd4d0cce108f21196c03074957ad3ed5,dd6a14310999575941067f1a59cbbf4c166145e9205ecc222e9f794191f8eb78,f88e004aef6edb7578c2c67c189cc261025f748c90badc992e9964e1376f0234,Fakemon_Festival_Full,Fakemon_Festival_Full
PURE_PALETTE_RECOLOR,DS_CUSTOM_LIBRARY/packs/Fakemon_Festival_Full/Fakemon Festival Pack/Magiscarf/Battlers Shiny/Front/Howliage.png,DS_CUSTOM_LIBRARY/packs/Fakemon_Festival_Full/Fakemon Festival Pack/Magiscarf/Battlers Normal/Front/Howliage.png,2615136cf0d07c461b3841be047a18a5cd4d0cce108f21196c03074957ad3ed5,7a7c73174d80757f2e09298ff1c53a4be5fb677fe9abfd32e534727fd0428630,f88e004aef6edb7578c2c67c189cc261025f748c90badc992e9964e1376f0234,Fakemon_Festival_Full,Fakemon_Festival_Full
PURE_PALETTE_RECOLOR,DS_CUSTOM_LIBRARY/packs/Fakemon_Festival_Full/Fakemon Festival Pack/Magiscarf/Battlers Normal/Front/Delugar.png,DS_CUSTOM_LIBRARY/packs/Fakemon_Festival_Full/Fakemon Festival Pack/Magiscarf/Battlers Shiny Alternate/Front/Delugar.png,004727b09b1d228344137f4ae89df8a3daf6865e71ed3a0a3f7fd94c9ebee877,ccb14ca4950327ee488942596fe529643b144926ea90f35fcf7ac5ad633333a2,fa9a470abb4bc621c14b60e9b93d0e180c957a4307a5a7b9a6a425ee4261bde8,Fakemon_Festival_Full,Fakemon_Festival_Full
PURE_PALETTE_RECOLOR,DS_CUSTOM_LIBRARY/packs/Fakemon_Festival_Full/Fakemon Festival Pack/Magiscarf/Battlers Shiny/Front/Delugar.png,DS_CUSTOM_LIBRARY/packs/Fakemon_Festival_Full/Fakemon Festival Pack/Magiscarf/Battlers Shiny Alternate/Front/Delugar.png,004727b09b1d228344137f4ae89df8a3daf6865e71ed3a0a3f7fd94c9ebee877,69647b5b88d0dae1e854a68df24373f19765009e0b8655773713d48984672cd4,fa9a470abb4bc621c14b60e9b93d0e180c957a4307a5a7b9a6a425ee4261bde8,Fakemon_Festival_Full,Fakemon_Festival_Full
PURE_PALETTE_RECOLOR,DS_CUSTOM_LIBRARY/packs/Fakemon_Festival_Full/Fakemon Festival Pack/Magiscarf/Battlers Normal/Front/Crestaka.png,DS_CUSTOM_LIBRARY/packs/Fakemon_Festival_Full/Fakemon Festival Pack/Magiscarf/Battlers Shiny/Front/Crestaka.png,307698c96482619916c286035a4447093f87f7f07c6c441ff860a00583ee79f9,98fa99a46715f9171e4d436c14e6e467df13fe2a9a4629df8b8ead2857d23707,2e2b926d85d9fea507c0409c92c31fc27474e54d69c3b10fe70066ac31171a1a,Fakemon_Festival_Full,Fakemon_Festival_Full
PURE_PALETTE_RECOLOR,DS_CUSTOM_LIBRARY/packs/Fakemon_Festival_Full/Fakemon Festival Pack/Magiscarf/Battlers Shiny Alternate/Front/Viscolor.png,DS_CUSTOM_LIBRARY/packs/Fakemon_Festival_Full/Fakemon Festival Pack/Magiscarf/Battlers Normal/Front/Viscolor.png,9da3cdc6dca306bd5471f18463fb85e7fab5437a3c67f1dc1d29d208e93924f3,9c92ed902315ec2aaadbfa09fc754d0d32879e649089c5260664a69f663ca1d6,b18c7f9f64bd4f318633f75e7c2348879a55e81a7817d628ca10baff26531853,Fakemon_Festival_Full,Fakemon_Festival_Full
PURE_PALETTE_RECOLOR,DS_CUSTOM_LIBRARY/packs/Fakemon_Festival_Full/Fakemon Festival Pack/Magiscarf/Battlers Shiny/Front/Viscolor.png,DS_CUSTOM_LIBRARY/packs/Fakemon_Festival_Full/Fakemon Festival Pack/Magiscarf/Battlers Normal/Front/Viscolor.png,9da3cdc6dca306bd5471f18463fb85e7fab5437a3c67f1dc1d29d208e93924f3,eb7ca926837bad0606eef8a64db8dcdf897ac5cd4082b27a7123864bc9096cc0,b18c7f9f64bd4f318633f75e7c2348879a55e81a7817d628ca10baff26531853,Fakemon_Festival_Full,Fakemon_Festival_Full
PURE_PALETTE_RECOLOR,DS_CUSTOM_LIBRARY/packs/Fakemon_Festival_Full/Fakemon Festival Pack/Magiscarf/Battlers Shiny Alternate/Back/Smoald.png,DS_CUSTOM_LIBRARY/packs/Fakemon_Festival_Full/Fakemon Festival Pack/Magiscarf/Battlers Normal/Back/Smoald.png,e29efba731a7c5657235c7c92d8b8f7d12b1afc81d1da6ff5d30e4b708c824ce,20131ab0afed4e7d67110b67ae7759a0346acb195022d4f75dadb1546d1947bc,92f349bf70f05aa9d8d19790745b272632e5ac99dd6ab3c1828ad3ccce448c04,Fakemon_Festival_Full,Fakemon_Festival_Full
PURE_PALETTE_RECOLOR,DS_CUSTOM_LIBRARY/packs/Fakemon_Festival_Full/Fakemon Festival Pack/Magiscarf/Battlers Shiny/Back/Smoald.png,DS_CUSTOM_LIBRARY/packs/Fakemon_Festival_Full/Fakemon Festival Pack/Magiscarf/Battlers Normal/Back/Smoald.png,e29efba731a7c5657235c7c92d8b8f7d12b1afc81d1da6ff5d30e4b708c824ce,48742618c8a8158bde1109e0b97bb7590426792ab1c577af584b4b8a4e3ca85b,92f349bf70f05aa9d8d19790745b272632e5ac99dd6ab3c1828ad3ccce448c04,Fakemon_Festival_Full,Fakemon_Festival_Full
PURE_PALETTE_RECOLOR,DS_CUSTOM_LIBRARY/packs/Fakemon_Festival_Full/Fakemon Festival Pack/Magiscarf/Battlers Normal/Back/Nymfushia.png,DS_CUSTOM_LIBRARY/packs/Fakemon_Festival_Full/Fakemon Festival Pack/Magiscarf/Battlers Shiny Alternate/Back/Nymfushia.png,9182472c70ae47ecf840d9a9688db6ea63ebc6ff80197ed0d0a3a8c5a017d7dc,da5c74ce3525324b8fad996e101538845c9dddfe8095f4186e2e5a1add94ba34,22cf50d8890393c3fd53730c5ec80c3a89efb5ba918730d84163e95331b68bb6,Fakemon_Festival_Full,Fakemon_Festival_Full
PURE_PALETTE_RECOLOR,DS_CUSTOM_LIBRARY/packs/Fakemon_Festival_Full/Fakemon Festival Pack/Magiscarf/Battlers Shiny/Back/Nymfushia.png,DS_CUSTOM_LIBRARY/packs/Fakemon_Festival_Full/Fakemon Festival Pack/Magiscarf/Battlers Shiny Alternate/Back/Nymfushia.png,9182472c70ae47ecf840d9a9688db6ea63ebc6ff80197ed0d0a3a8c5a017d7dc,a665113ad293097c7d7766d9641946e4aba779b73c9894ec407962b7e8505296,22cf50d8890393c3fd53730c5ec80c3a89efb5ba918730d84163e95331b68bb6,Fakemon_Festival_Full,Fakemon_Festival_Full
PURE_PALETTE_RECOLOR,DS_CUSTOM_LIBRARY/packs/Fakemon_Festival_Full/Fakemon Festival Pack/Magiscarf/Battlers Shiny Alternate/Back/Tindursa.png,DS_CUSTOM_LIBRARY/packs/Fakemon_Festival_Full/Fakemon Festival Pack/Magiscarf/Battlers Normal/Back/Tindursa.png,407b70d8275bc79ce4231c1c6b97d71e626e46b8fea8b1b92d9174ed521e8584,1776954afa1b0bbfe163e3a25424e8d1dd6f863ed3b7ffeade8b4857abe79db1,80065261bbd5f48f2c9c2d1b9ff5b4360f27c7cce86ee74077fc1448bba81269,Fakemon_Festival_Full,Fakemon_Festival_Full
PURE_PALETTE_RECOLOR,DS_CUSTOM_LIBRARY/packs/Fakemon_Festival_Full/Fakemon Festival Pack/Magiscarf/Battlers Shiny/Back/Tindursa.png,DS_CUSTOM_LIBRARY/packs/Fakemon_Festival_Full/Fakemon Festival Pack/Magiscarf/Battlers Normal/Back/Tindursa.png,407b70d8275bc79ce4231c1c6b97d71e626e46b8fea8b1b92d9174ed521e8584,7e10f23838eb64dee7087c6d47446dec82b80a214f0c8b65c731faef9f3254ff,80065261bbd5f48f2c9c2d1b9ff5b4360f27c7cce86ee74077fc1448bba81269,Fakemon_Festival_Full,Fakemon_Festival_Full
PURE_PALETTE_RECOLOR,DS_CUSTOM_LIBRARY/packs/Fakemon_Festival_Full/Fakemon Festival Pack/Magiscarf/Battlers Normal/Back/Tuffettry.png,DS_CUSTOM_LIBRARY/packs/Fakemon_Festival_Full/Fakemon Festival Pack/Magiscarf/Battlers Shiny Alternate/Back/Tuffettry.png,46e3b484f21ea053711332a1b6368ddbd637dfe0f1ef0c3383aaf054ebfc67af,341d645b719c46485de234f67eb3c4ed8cd754ed8d8214394f6cd8bdfde0da5a,113475263764f57339a5a09d641ae21eeda5063574c53ae5334a47bedd1dab6a,Fakemon_Festival_Full,Fakemon_Festival_Full
PURE_PALETTE_RECOLOR,DS_CUSTOM_LIBRARY/packs/Fakemon_Festival_Full/Fakemon Festival Pack/Magiscarf/Battlers Shiny/Back/Tuffettry.png,DS_CUSTOM_LIBRARY/packs/Fakemon_Festival_Full/Fakemon Festival Pack/Magiscarf/Battlers Shiny Alternate/Back/Tuffettry.png,46e3b484f21ea053711332a1b6368ddbd637dfe0f1ef0c3383aaf054ebfc67af,fe6b012c10029efa6151a0ed32552b1cc7106ea51254a44bbab0269e7df4c1fe,113475263764f57339a5a09d641ae21eeda5063574c53ae5334a47bedd1dab6a,Fakemon_Festival_Full,Fakemon_Festival_Full
PURE_PALETTE_RECOLOR,DS_CUSTOM_LIBRARY/packs/Fakemon_Festival_Full/Fakemon Festival Pack/Magiscarf/Battlers Shiny Alternate/Back/Plushion.png,DS_CUSTOM_LIBRARY/packs/Fakemon_Festival_Full/Fakemon Festival Pack/Magiscarf/Battlers Normal/Back/Plushion.png,a0c762224ecae050e708098522eaecf520ee513597369beb05a807d64f2fce62,d61f71c2feb3b7b09c77d23695a04cc711e93c0033397c0c3cbe3ed12d7d19cf,6318bc4d3c2a8d8332ccb3fe3fa90638bd64f812480c28143e2a7bb6c80b2418,Fakemon_Festival_Full,Fakemon_Festival_Full
PURE_PALETTE_RECOLOR,DS_CUSTOM_LIBRARY/packs/Fakemon_Festival_Full/Fakemon Festival Pack/Magiscarf/Battlers Shiny/Back/Plushion.png,DS_CUSTOM_LIBRARY/packs/Fakemon_Festival_Full/Fakemon Festival Pack/Magiscarf/Battlers Normal/Back/Plushion.png,a0c762224ecae050e708098522eaecf520ee513597369beb05a807d64f2fce62,6ca65803529fe3ff5dfd6b9e45bdfea1fd4a205bf963a9d2153048049f538bb7,6318bc4d3c2a8d8332ccb3fe3fa90638bd64f812480c28143e2a7bb6c80b2418,Fakemon_Festival_Full,Fakemon_Festival_Full
PURE_PALETTE_RECOLOR,DS_CUSTOM_LIBRARY/packs/Fakemon_Festival_Full/Fakemon Festival Pack/Magiscarf/Battlers Normal/Back/Dampurr.png,DS_CUSTOM_LIBRARY/packs/Fakemon_Festival_Full/Fakemon Festival Pack/Magiscarf/Battlers Shiny Alternate/Back/Dampurr.png,3a154f07e674d0a99d022e8dc44e0f3989a8024edd8c6390f51834b15c654e62,5a8bb16ac051572dbfe4e2cc8f3ba3bef2a6949c8be188ca689c24418197eeac,ace3e1ac92fae9c2a3e2d5b701e47755b89bd1f4a166ddb21bc4b910f35d8a8b,Fakemon_Festival_Full,Fakemon_Festival_Full
PURE_PALETTE_RECOLOR,DS_CUSTOM_LIBRARY/packs/Fakemon_Festival_Full/Fakemon Festival Pack/Magiscarf/Battlers Shiny/Back/Dampurr.png,DS_CUSTOM_LIBRARY/packs/Fakemon_Festival_Full/Fakemon Festival Pack/Magiscarf/Battlers Shiny Alternate/Back/Dampurr.png,3a154f07e674d0a99d022e8dc44e0f3989a8024edd8c6390f51834b15c654e62,965ae62711e9a71edfca5bad3049b6cbe056b7e7bcab439a4325f827fe6d5081,ace3e1ac92fae9c2a3e2d5b701e47755b89bd1f4a166ddb21bc4b910f35d8a8b,Fakemon_Festival_Full,Fakemon_Festival_Full
PURE_PALETTE_RECOLOR,DS_CUSTOM_LIBRARY/packs/Fakemon_Festival_Full/Fakemon Festival Pack/Magiscarf/Battlers Normal/Back/Umbreeze.png,DS_CUSTOM_LIBRARY/packs/Fakemon_Festival_Full/Fakemon Festival Pack/Magiscarf/Battlers Shiny Alternate/Back/Umbreeze.png,d6ccd50bf8b2dbfbcb4a76a34a558b7fb145126c92515fc141584a64c295106a,7aec3b6236a694deb2d2493b35b0059582b84f441f23c5c221bad9f321c6658c,699babd66ef1ce25237f348191047f4d8f1123bfd7636f244b05e45186a3e53a,Fakemon_Festival_Full,Fakemon_Festival_Full
PURE_PALETTE_RECOLOR,DS_CUSTOM_LIBRARY/packs/Fakemon_Festival_Full/Fakemon Festival Pack/Magiscarf/Battlers Shiny/Back/Umbreeze.png,DS_CUSTOM_LIBRARY/packs/Fakemon_Festival_Full/Fakemon Festival Pack/Magiscarf/Battlers Shiny Alternate/Back/Umbreeze.png,d6ccd50bf8b2dbfbcb4a76a34a558b7fb145126c92515fc141584a64c295106a,8ef82dd4a9e845525361c40626a69a4bea80f44999cf64275dcfc2d79ae685af,699babd66ef1ce25237f348191047f4d8f1123bfd7636f244b05e45186a3e53a,Fakemon_Festival_Full,Fakemon_Festival_Full
PURE_PALETTE_RECOLOR,DS_CUSTOM_LIBRARY/packs/Fakemon_Festival_Full/Fakemon Festival Pack/Magiscarf/Battlers Normal/Back/Dripwirt.png,DS_CUSTOM_LIBRARY/packs/Fakemon_Festival_Full/Fakemon Festival Pack/Magiscarf/Battlers Shiny Alternate/Back/Dripwirt.png,4a51d04f6a6ce7731e17201c2022fce16d6aa43ba580359f33c0b05202b17007,ea8e399adc7811d7b0264ae13b9370f8f7ccc1b3a9375d662fbb102c5114d98c,1eed690b72e8a3f3dece91d82865e5a1546b46541ebf4a1f5cad5d950adaf421,Fakemon_Festival_Full,Fakemon_Festival_Full
PURE_PALETTE_RECOLOR,DS_CUSTOM_LIBRARY/packs/Fakemon_Festival_Full/Fakemon Festival Pack/Magiscarf/Battlers Shiny Alternate/Back/Bombustoad.png,DS_CUSTOM_LIBRARY/packs/Fakemon_Festival_Full/Fakemon Festival Pack/Magiscarf/Battlers Normal/Back/Bombustoad.png,65237c185fde2711a73da09dce80955ed9b7cc1fffc8be19a242d57be3eaf6ce,b4155df62009b7e1cb908b7a44f500cbe06ffc023cfa3ffa10b87e9725436899,fe695aeb40e8d0a68f9d608c19e3cd5342239936215053eb65429a50b0018aea,Fakemon_Festival_Full,Fakemon_Festival_Full
PURE_PALETTE_RECOLOR,DS_CUSTOM_LIBRARY/packs/Fakemon_Festival_Full/Fakemon Festival Pack/Magiscarf/Battlers Shiny/Back/Bombustoad.png,DS_CUSTOM_LIBRARY/packs/Fakemon_Festival_Full/Fakemon Festival Pack/Magiscarf/Battlers Normal/Back/Bombustoad.png,65237c185fde2711a73da09dce80955ed9b7cc1fffc8be19a242d57be3eaf6ce,b886a29dce9443fc9d47d5f27177d85f1abe8fe67e742d8f9b7578806eb69c5d,fe695aeb40e8d0a68f9d608c19e3cd5342239936215053eb65429a50b0018aea,Fakemon_Festival_Full,Fakemon_Festival_Full
PURE_PALETTE_RECOLOR,DS_CUSTOM_LIBRARY/packs/Fakemon_Festival_Full/Fakemon Festival Pack/Magiscarf/Battlers Shiny Alternate/Back/Negagen.png,DS_CUSTOM_LIBRARY/packs/Fakemon_Festival_Full/Fakemon Festival Pack/Magiscarf/Battlers Normal/Back/Negagen.png,bb76cbd20b345df431e47dc00bda04a3fbd65a67b5795362be3ea3cf99a5adad,733823deea5b28a77ce821c1765fb48cffd1efa168b66a00a3bdd484031c208b,e542899b579c03d24039097713bfe656c326dbeae8e9ad6e326f24dea349465c,Fakemon_Festival_Full,Fakemon_Festival_Full
PURE_PALETTE_RECOLOR,DS_CUSTOM_LIBRARY/packs/Fakemon_Festival_Full/Fakemon Festival Pack/Magiscarf/Battlers Shiny/Back/Negagen.png,DS_CUSTOM_LIBRARY/packs/Fakemon_Festival_Full/Fakemon Festival Pack/Magiscarf/Battlers Normal/Back/Negagen.png,bb76cbd20b345df431e47dc00bda04a3fbd65a67b5795362be3ea3cf99a5adad,c66199d8daa8ef11da1603a2dcc65158cc35fe19ac00e75bd0f7c25201c725be,e542899b579c03d24039097713bfe656c326dbeae8e9ad6e326f24dea349465c,Fakemon_Festival_Full,Fakemon_Festival_Full
PURE_PALETTE_RECOLOR,DS_CUSTOM_LIBRARY/packs/Fakemon_Festival_Full/Fakemon Festival Pack/Magiscarf/Battlers Shiny Alternate/Back/Sligment.png,DS_CUSTOM_LIBRARY/packs/Fakemon_Festival_Full/Fakemon Festival Pack/Magiscarf/Battlers Normal/Back/Sligment.png,f3f3525ccd5c1d418d4814a5f9041b6763e3ee35bc3153539360b4ef64272f58,1092dd3961b3fbcd4b95536e62f5505ba18de9ca1298fa667d738900f1b78fdf,bbbbb33a157f77a23c5411f08116a3412d182478a23c3536076ece04370cf1f9,Fakemon_Festival_Full,Fakemon_Festival_Full
PURE_PALETTE_RECOLOR,DS_CUSTOM_LIBRARY/packs/Fakemon_Festival_Full/Fakemon Festival Pack/Magiscarf/Battlers Shiny/Back/Sligment.png,DS_CUSTOM_LIBRARY/packs/Fakemon_Festival_Full/Fakemon Festival Pack/Magiscarf/Battlers Normal/Back/Sligment.png,f3f3525ccd5c1d418d4814a5f9041b6763e3ee35bc3153539360b4ef64272f58,04f8be6fd3333c3de9c17f13d225c34b4c278458c916fd3f968442ca2fd1526d,bbbbb33a157f77a23c5411f08116a3412d182478a23c3536076ece04370cf1f9,Fakemon_Festival_Full,Fakemon_Festival_Full
PURE_PALETTE_RECOLOR,DS_CUSTOM_LIBRARY/packs/Fakemon_Festival_Full/Fakemon Festival Pack/Magiscarf/Battlers Normal/Back/Gelescent.png,DS_CUSTOM_LIBRARY/packs/Fakemon_Festival_Full/Fakemon Festival Pack/Magiscarf/Battlers Shiny Alternate/Back/Gelescent.png,ac2e7fd57ae6a534009e75e882cf9f28301a4a8bc772a3e31cbb9b9cc7ed238c,b317d7f33a0655fbc2141b80b039bae392402d6b7c50122d40f0a3931b1e5ddb,9c699f2a72f704fad41ee487d2079357ea174a9c12a03c80f2f7ddae9ea3f1cb,Fakemon_Festival_Full,Fakemon_Festival_Full
PURE_PALETTE_RECOLOR,DS_CUSTOM_LIBRARY/packs/Fakemon_Festival_Full/Fakemon Festival Pack/Magiscarf/Battlers Shiny/Back/Gelescent.png,DS_CUSTOM_LIBRARY/packs/Fakemon_Festival_Full/Fakemon Festival Pack/Magiscarf/Battlers Shiny Alternate/Back/Gelescent.png,ac2e7fd57ae6a534009e75e882cf9f28301a4a8bc772a3e31cbb9b9cc7ed238c,9c53d8ccdf8e1ca55945740200e87aedeba158b8a30cdf1f07dafe0a39f01597,9c699f2a72f704fad41ee487d2079357ea174a9c12a03c80f2f7ddae9ea3f1cb,Fakemon_Festival_Full,Fakemon_Festival_Full
PURE_PALETTE_RECOLOR,DS_CUSTOM_LIBRARY/packs/Fakemon_Festival_Full/Fakemon Festival Pack/Magiscarf/Battlers Normal/Back/Timberry.png,DS_CUSTOM_LIBRARY/packs/Fakemon_Festival_Full/Fakemon Festival Pack/Magiscarf/Battlers Shiny/Back/Timberry.png,84ccc305c7ba4a41e7d0a3d0d261d10a3d19b6514de60d00af8eac693364d39b,aea54dab8f80fafe1f05a0aa73ae6001eace92d414fdbdff2a62945676d61ee7,2a908fcc27a0650dfbd42da94ce73bbbc5696a4d3621414dd17b6d24ee6e17b1,Fakemon_Festival_Full,Fakemon_Festival_Full
PURE_PALETTE_RECOLOR,DS_CUSTOM_LIBRARY/packs/Fakemon_Festival_Full/Fakemon Festival Pack/Magiscarf/Battlers Shiny Alternate/Back/Timberry.png,DS_CUSTOM_LIBRARY/packs/Fakemon_Festival_Full/Fakemon Festival Pack/Magiscarf/Battlers Shiny/Back/Timberry.png,84ccc305c7ba4a41e7d0a3d0d261d10a3d19b6514de60d00af8eac693364d39b,0353578e466da9c2d5915abc2f98ff40496298b130487ee06017fe0d233260f4,2a908fcc27a0650dfbd42da94ce73bbbc5696a4d3621414dd17b6d24ee6e17b1,Fakemon_Festival_Full,Fakemon_Festival_Full
PURE_PALETTE_RECOLOR,DS_CUSTOM_LIBRARY/packs/Fakemon_Festival_Full/Fakemon Festival Pack/Magiscarf/Battlers Normal/Back/Silennium.png,DS_CUSTOM_LIBRARY/packs/Fakemon_Festival_Full/Fakemon Festival Pack/Magiscarf/Battlers Shiny Alternate/Back/Silennium.png,d2bc5bb6d54ec31dec8cb3161e98f434015dfb75f541e23b8e4eb7e573451d22,c6a3073bb3052b91575f26c01a2084f8cc3a7f7f4a8d54dadea1c250278fbfdb,5bb1dde2bfd715ebf9af9fe375888b05dcbf23e49de94a2da31d178e24556039,Fakemon_Festival_Full,Fakemon_Festival_Full
PURE_PALETTE_RECOLOR,DS_CUSTOM_LIBRARY/packs/Fakemon_Festival_Full/Fakemon Festival Pack/Magiscarf/Battlers Shiny/Back/Silennium.png,DS_CUSTOM_LIBRARY/packs/Fakemon_Festival_Full/Fakemon Festival Pack/Magiscarf/Battlers Shiny Alternate/Back/Silennium.png,d2bc5bb6d54ec31dec8cb3161e98f434015dfb75f541e23b8e4eb7e573451d22,fe67a281acc23ec2be264a4ce4f133fe9c3bcd5adf4dabc4db9829e812a5726a,5bb1dde2bfd715ebf9af9fe375888b05dcbf23e49de94a2da31d178e24556039,Fakemon_Festival_Full,Fakemon_Festival_Full
PURE_PALETTE_RECOLOR,DS_CUSTOM_LIBRARY/packs/Fakemon_Festival_Full/Fakemon Festival Pack/Magiscarf/Battlers Shiny Alternate/Back/Pourka.png,DS_CUSTOM_LIBRARY/packs/Fakemon_Festival_Full/Fakemon Festival Pack/Magiscarf/Battlers Normal/Back/Pourka.png,5a0f9bc4f1ef7f725b2a7a634da3cc9fed58560ac8b18b75525db560fb7d82a8,19e9cc09bd86fd9d24a2d7bf587d8d414001e3d291ff26f904fc2c29f43cefd0,147e625ef965441c70004a372551555cd4b81335a4da9dd9cb4138b4bfc2f802,Fakemon_Festival_Full,Fakemon_Festival_Full
PURE_PALETTE_RECOLOR,DS_CUSTOM_LIBRARY/packs/Fakemon_Festival_Full/Fakemon Festival Pack/Magiscarf/Battlers Normal/Back/Lollybog.png,DS_CUSTOM_LIBRARY/packs/Fakemon_Festival_Full/Fakemon Festival Pack/Magiscarf/Battlers Shiny/Back/Lollybog.png,af76996323616b253a2a9ca7cc8aacee429a148c0b2aaa67996d95de744c4401,a34f743609f5fecfddcd0f7b8d65d0b71b434b29e6f48edc9c924f25d07a0be7,31776f1fde869fc58183f21e93d6269945eba9b2a55a1d2231c981c5ddc909c6,Fakemon_Festival_Full,Fakemon_Festival_Full
PURE_PALETTE_RECOLOR,DS_CUSTOM_LIBRARY/packs/Fakemon_Festival_Full/Fakemon Festival Pack/Magiscarf/Battlers Shiny Alternate/Back/Lollybog.png,DS_CUSTOM_LIBRARY/packs/Fakemon_Festival_Full/Fakemon Festival Pack/Magiscarf/Battlers Shiny/Back/Lollybog.png,af76996323616b253a2a9ca7cc8aacee429a148c0b2aaa67996d95de744c4401,425aa5e8644705d97b914d071ad603d6c6087671600a785a45b5ab995c07c85c,31776f1fde869fc58183f21e93d6269945eba9b2a55a1d2231c981c5ddc909c6,Fakemon_Festival_Full,Fakemon_Festival_Full
PURE_PALETTE_RECOLOR,DS_CUSTOM_LIBRARY/packs/Fakemon_Festival_Full/Fakemon Festival Pack/Magiscarf/Battlers Normal/Back/Hoolihog.png,DS_CUSTOM_LIBRARY/packs/Fakemon_Festival_Full/Fakemon Festival Pack/Magiscarf/Battlers Shiny/Back/Hoolihog.png,53c4172e941eb1f3212916086eedbf7c8948bb56cb267d42298ea2a2ca1de48e,95e7c2125e83bc73e51c39264577fc04e9931357ecf0c24d3b549c78026d005a,0fad68c9958154b92a8a4b8ee8adee5dfaa38216196301e2268d37c519f93910,Fakemon_Festival_Full,Fakemon_Festival_Full
PURE_PALETTE_RECOLOR,DS_CUSTOM_LIBRARY/packs/Fakemon_Festival_Full/Fakemon Festival Pack/Magiscarf/Battlers Shiny Alternate/Back/Hoolihog.png,DS_CUSTOM_LIBRARY/packs/Fakemon_Festival_Full/Fakemon Festival Pack/Magiscarf/Battlers Shiny/Back/Hoolihog.png,53c4172e941eb1f3212916086eedbf7c8948bb56cb267d42298ea2a2ca1de48e,b2808dbf21417fb61ea2fdce99a5272ee507404bf23e3a54b1482d2482ecd6ad,0fad68c9958154b92a8a4b8ee8adee5dfaa38216196301e2268d37c519f93910,Fakemon_Festival_Full,Fakemon_Festival_Full
PURE_PALETTE_RECOLOR,DS_CUSTOM_LIBRARY/packs/Fakemon_Festival_Full/Fakemon Festival Pack/Magiscarf/Battlers Shiny Alternate/Back/Bonfur.png,DS_CUSTOM_LIBRARY/packs/Fakemon_Festival_Full/Fakemon Festival Pack/Magiscarf/Battlers Normal/Back/Bonfur.png,8c09a5380578d7a2c5a4324d87eadb16b4b4e773ca22dc5055be08c6294fc7b4,8f9d3a4d876745b674acf90dc1c9a3af04c3bb6168484c2a593e8b11e390070f,f4ffe6c77581282e066bafa91639b88c743c76ee146be0f40f07aa21df87f9f0,Fakemon_Festival_Full,Fakemon_Festival_Full
PURE_PALETTE_RECOLOR,DS_CUSTOM_LIBRARY/packs/Fakemon_Festival_Full/Fakemon Festival Pack/Magiscarf/Battlers Shiny/Back/Bonfur.png,DS_CUSTOM_LIBRARY/packs/Fakemon_Festival_Full/Fakemon Festival Pack/Magiscarf/Battlers Normal/Back/Bonfur.png,8c09a5380578d7a2c5a4324d87eadb16b4b4e773ca22dc5055be08c6294fc7b4,b652bcd9ed1a69287c0f37de66965621d98dd9440dd2cfc08c562c0e0f7cd1fc,f4ffe6c77581282e066bafa91639b88c743c76ee146be0f40f07aa21df87f9f0,Fakemon_Festival_Full,Fakemon_Festival_Full
PURE_PALETTE_RECOLOR,DS_CUSTOM_LIBRARY/packs/Fakemon_Festival_Full/Fakemon Festival Pack/Magiscarf/Battlers Normal/Back/Kankersaur.png,DS_CUSTOM_LIBRARY/packs/Fakemon_Festival_Full/Fakemon Festival Pack/Magiscarf/Battlers Shiny/Back/Kankersaur.png,9a92577f001cc2e9d409b4a9648a68a77df00f539c201a81b3afc7de0caec6d8,93efee901601e8277b000f1fdb07e930cb8b68649c87213033072ccfc02877a5,c2c78c587899c393e290ddd30e3596675189bcfd99855129226889476616486a,Fakemon_Festival_Full,Fakemon_Festival_Full
PURE_PALETTE_RECOLOR,DS_CUSTOM_LIBRARY/packs/Fakemon_Festival_Full/Fakemon Festival Pack/Magiscarf/Battlers Shiny Alternate/Back/Kankersaur.png,DS_CUSTOM_LIBRARY/packs/Fakemon_Festival_Full/Fakemon Festival Pack/Magiscarf/Battlers Shiny/Back/Kankersaur.png,9a92577f001cc2e9d409b4a9648a68a77df00f539c201a81b3afc7de0caec6d8,8a2ac89922dded3754fea376290cfe33b935387c332be1e481c5d57419d953cc,c2c78c587899c393e290ddd30e3596675189bcfd99855129226889476616486a,Fakemon_Festival_Full,Fakemon_Festival_Full
PURE_PALETTE_RECOLOR,DS_CUSTOM_LIBRARY/packs/Fakemon_Festival_Full/Fakemon Festival Pack/Magiscarf/Battlers Normal/Back/Forbiddron.png,DS_CUSTOM_LIBRARY/packs/Fakemon_Festival_Full/Fakemon Festival Pack/Magiscarf/Battlers Shiny/Back/Forbiddron.png,864f5233a56731f3eb7d37c5d74485399b672c4ef321d1e8752f667c22058316,b341cadd6d8c37db98d77ba8647cbf2579cee93f8b6782752a5d83dbc6ef27a3,299787266e0b8c7f46a9cd8d42ec347cca392b8c9a402ddf98442e107e96fb64,Fakemon_Festival_Full,Fakemon_Festival_Full
PURE_PALETTE_RECOLOR,DS_CUSTOM_LIBRARY/packs/Fakemon_Festival_Full/Fakemon Festival Pack/Magiscarf/Battlers Shiny Alternate/Back/Forbiddron.png,DS_CUSTOM_LIBRARY/packs/Fakemon_Festival_Full/Fakemon Festival Pack/Magiscarf/Battlers Shiny/Back/Forbiddron.png,864f5233a56731f3eb7d37c5d74485399b672c4ef321d1e8752f667c22058316,c3ed7f60cba01cd17e7830054d24d441ec1e67300c39a7924c08ddf1ada25719,299787266e0b8c7f46a9cd8d42ec347cca392b8c9a402ddf98442e107e96fb64,Fakemon_Festival_Full,Fakemon_Festival_Full
PURE_PALETTE_RECOLOR,DS_CUSTOM_LIBRARY/packs/Fakemon_Festival_Full/Fakemon Festival Pack/Magiscarf/Battlers Normal/Back/Impurp.png,DS_CUSTOM_LIBRARY/packs/Fakemon_Festival_Full/Fakemon Festival Pack/Magiscarf/Battlers Shiny Alternate/Back/Impurp.png,387fb3a972d2e9c66f1d3d5a69b988d2106c0a4fb2a5e971070185e9e21469bb,52186365f6bd202398266012abefbfc89b049d2fbe470ba55d49e63164653fa3,905f9959cdc8e2e2e0b2bf5fa69cb219adaad1c6204f0541ae56143addaf432b,Fakemon_Festival_Full,Fakemon_Festival_Full
PURE_PALETTE_RECOLOR,DS_CUSTOM_LIBRARY/packs/Fakemon_Festival_Full/Fakemon Festival Pack/Magiscarf/Battlers Shiny/Back/Impurp.png,DS_CUSTOM_LIBRARY/packs/Fakemon_Festival_Full/Fakemon Festival Pack/Magiscarf/Battlers Shiny Alternate/Back/Impurp.png,387fb3a972d2e9c66f1d3d5a69b988d2106c0a4fb2a5e971070185e9e21469bb,1bb5833e9389485074768e701af34ff30641e544869497e2e1ad86acba49ba65,905f9959cdc8e2e2e0b2bf5fa69cb219adaad1c6204f0541ae56143addaf432b,Fakemon_Festival_Full,Fakemon_Festival_Full
PURE_PALETTE_RECOLOR,DS_CUSTOM_LIBRARY/packs/Fakemon_Festival_Full/Fakemon Festival Pack/Magiscarf/Battlers Normal/Back/Rainther.png,DS_CUSTOM_LIBRARY/packs/Fakemon_Festival_Full/Fakemon Festival Pack/Magiscarf/Battlers Shiny Alternate/Back/Rainther.png,311ce2074c440812a9752b5bdd7f5371e62401c7c09456741a0fcb8170d25e89,7ffd9f27faa74f6f097d81ded45fb7c632003b859bb54aea3ff5cf97c01550c7,f5b7080151d73aeabcbd536c95c3e219c659e1aa01915ab1780a82db1041af19,Fakemon_Festival_Full,Fakemon_Festival_Full
PURE_PALETTE_RECOLOR,DS_CUSTOM_LIBRARY/packs/Fakemon_Festival_Full/Fakemon Festival Pack/Magiscarf/Battlers Shiny/Back/Rainther.png,DS_CUSTOM_LIBRARY/packs/Fakemon_Festival_Full/Fakemon Festival Pack/Magiscarf/Battlers Shiny Alternate/Back/Rainther.png,311ce2074c440812a9752b5bdd7f5371e62401c7c09456741a0fcb8170d25e89,6df93189d6b11c5c662cdeb2a18120eb470ca59de3d5dfe09781ea6765f62afb,f5b7080151d73aeabcbd536c95c3e219c659e1aa01915ab1780a82db1041af19,Fakemon_Festival_Full,Fakemon_Festival_Full
PURE_PALETTE_RECOLOR,DS_CUSTOM_LIBRARY/packs/Fakemon_Festival_Full/Fakemon Festival Pack/Magiscarf/Battlers Shiny Alternate/Back/Rocotton.png,DS_CUSTOM_LIBRARY/packs/Fakemon_Festival_Full/Fakemon Festival Pack/Magiscarf/Battlers Normal/Back/Rocotton.png,1d8dd4b49a2c71881b2554bff30dde96c6ba5e9a163d3f36a3a4317a712d1f97,0dda236e465bbb88f5cfba0a85e64f91db2ea35ec39b183d5108bb41dc6ff2cc,e0a896c5af087f4fd34942e63dcf53997600c6cb9a90e24c4ee7a9aeb27cbcc8,Fakemon_Festival_Full,Fakemon_Festival_Full
PURE_PALETTE_RECOLOR,DS_CUSTOM_LIBRARY/packs/Fakemon_Festival_Full/Fakemon Festival Pack/Magiscarf/Battlers Shiny/Back/Rocotton.png,DS_CUSTOM_LIBRARY/packs/Fakemon_Festival_Full/Fakemon Festival Pack/Magiscarf/Battlers Normal/Back/Rocotton.png,1d8dd4b49a2c71881b2554bff30dde96c6ba5e9a163d3f36a3a4317a712d1f97,1309ea72fbc107ea2ce2428d5679735c7cb02ed9c95a4768900f473f2df54c54,e0a896c5af087f4fd34942e63dcf53997600c6cb9a90e24c4ee7a9aeb27cbcc8,Fakemon_Festival_Full,Fakemon_Festival_Full
PURE_PALETTE_RECOLOR,DS_CUSTOM_LIBRARY/packs/Fakemon_Festival_Full/Fakemon Festival Pack/Magiscarf/Battlers Shiny Alternate/Back/Kankryst.png,DS_CUSTOM_LIBRARY/packs/Fakemon_Festival_Full/Fakemon Festival Pack/Magiscarf/Battlers Normal/Back/Kankryst.png,3e04bae5008395025a405d0763a47f8275c9120a026879d09a9beb054ed399f6,4509805efe2673bb6d9a0a40ff78e200a8408647614d572a8f48337cf3b57368,88c7e26221968cd99ad462bf1341e049b32ef128b0ef0be9131bb010257b198c,Fakemon_Festival_Full,Fakemon_Festival_Full
PURE_PALETTE_RECOLOR,DS_CUSTOM_LIBRARY/packs/Fakemon_Festival_Full/Fakemon Festival Pack/Magiscarf/Battlers Shiny/Back/Kankryst.png,DS_CUSTOM_LIBRARY/packs/Fakemon_Festival_Full/Fakemon Festival Pack/Magiscarf/Battlers Normal/Back/Kankryst.png,3e04bae5008395025a405d0763a47f8275c9120a026879d09a9beb054ed399f6,3793657b6d2c9bac46a6d0700f51dc55349c8cd7999d745c876fbb6e28bf98a3,88c7e26221968cd99ad462bf1341e049b32ef128b0ef0be9131bb010257b198c,Fakemon_Festival_Full,Fakemon_Festival_Full
PURE_PALETTE_RECOLOR,DS_CUSTOM_LIBRARY/packs/Fakemon_Festival_Full/Fakemon Festival Pack/Magiscarf/Battlers Normal/Back/Dynabit.png,DS_CUSTOM_LIBRARY/packs/Fakemon_Festival_Full/Fakemon Festival Pack/Magiscarf/Battlers Shiny/Back/Dynabit.png,111717fb7626062badf5a9485a27abecf455c247c0b0021cbe8bfc654edebab6,7f67ee42f5db109a29c5ef4e33849aa7a9583d7c2d0fb60df9df95695bf9b0e1,0e47a8f0402b2244f42063fa8ae4c9ec431bebbbf01df438916dce098ad3d2b1,Fakemon_Festival_Full,Fakemon_Festival_Full
PURE_PALETTE_RECOLOR,DS_CUSTOM_LIBRARY/packs/Fakemon_Festival_Full/Fakemon Festival Pack/Magiscarf/Battlers Shiny Alternate/Back/Dynabit.png,DS_CUSTOM_LIBRARY/packs/Fakemon_Festival_Full/Fakemon Festival Pack/Magiscarf/Battlers Shiny/Back/Dynabit.png,111717fb7626062badf5a9485a27abecf455c247c0b0021cbe8bfc654edebab6,e320c163d2b9759a24b11bc7ec0091363d241ee9f046388aa75f6dd528cab886,0e47a8f0402b2244f42063fa8ae4c9ec431bebbbf01df438916dce098ad3d2b1,Fakemon_Festival_Full,Fakemon_Festival_Full
PURE_PALETTE_RECOLOR,DS_CUSTOM_LIBRARY/packs/Fakemon_Festival_Full/Fakemon Festival Pack/Magiscarf/Battlers Normal/Back/Droopig.png,DS_CUSTOM_LIBRARY/packs/Fakemon_Festival_Full/Fakemon Festival Pack/Magiscarf/Battlers Shiny/Back/Droopig.png,b0b96943986a3f797d35a9447752f6cedfcbf119e73915faa6506ca31aca9745,324ce2392242fbcfa8f04640cd3be8fd84172045236c70254c7a5aa2d59b0eb3,2c8982e823c2a112bb14a754732ff8f147b597806f82abc2af63f8f3ed9f9000,Fakemon_Festival_Full,Fakemon_Festival_Full
PURE_PALETTE_RECOLOR,DS_CUSTOM_LIBRARY/packs/Fakemon_Festival_Full/Fakemon Festival Pack/Magiscarf/Battlers Shiny Alternate/Back/Droopig.png,DS_CUSTOM_LIBRARY/packs/Fakemon_Festival_Full/Fakemon Festival Pack/Magiscarf/Battlers Shiny/Back/Droopig.png,b0b96943986a3f797d35a9447752f6cedfcbf119e73915faa6506ca31aca9745,67069426f4ef7d4e635c41c22accd5254644a0bb3c82ba40c2ed0d344e22eaab,2c8982e823c2a112bb14a754732ff8f147b597806f82abc2af63f8f3ed9f9000,Fakemon_Festival_Full,Fakemon_Festival_Full
PURE_PALETTE_RECOLOR,DS_CUSTOM_LIBRARY/packs/Fakemon_Festival_Full/Fakemon Festival Pack/Magiscarf/Battlers Shiny Alternate/Back/Kankwart.png,DS_CUSTOM_LIBRARY/packs/Fakemon_Festival_Full/Fakemon Festival Pack/Magiscarf/Battlers Normal/Back/Kankwart.png,88c56e4019fd96144037a8376776b76b02cade9c8b15b34e6677ddffddcda1fb,cc77991b3c9bf5c732eb230a55a0a72be4da947c2a7bcd504109c072f73bbd93,d70de7167d9f5866027a00e9346d1886261a7932853a00465a69b228db210a9c,Fakemon_Festival_Full,Fakemon_Festival_Full
PURE_PALETTE_RECOLOR,DS_CUSTOM_LIBRARY/packs/Fakemon_Festival_Full/Fakemon Festival Pack/Magiscarf/Battlers Shiny/Back/Kankwart.png,DS_CUSTOM_LIBRARY/packs/Fakemon_Festival_Full/Fakemon Festival Pack/Magiscarf/Battlers Normal/Back/Kankwart.png,88c56e4019fd96144037a8376776b76b02cade9c8b15b34e6677ddffddcda1fb,dc75c57d61eed2a7221f56f35b576fbadd289ad62f0e791420ba0183a2c34b72,d70de7167d9f5866027a00e9346d1886261a7932853a00465a69b228db210a9c,Fakemon_Festival_Full,Fakemon_Festival_Full
PURE_PALETTE_RECOLOR,DS_CUSTOM_LIBRARY/packs/Fakemon_Festival_Full/Fakemon Festival Pack/Magiscarf/Battlers Shiny Alternate/Back/Pompet.png,DS_CUSTOM_LIBRARY/packs/Fakemon_Festival_Full/Fakemon Festival Pack/Magiscarf/Battlers Normal/Back/Pompet.png,4486e889cf69f82abd6a9c09762b3e6499c999561e3d66d122ae27f9b5796140,9eeae8edd2dff896adde2e51ab9f3bde6dc17f63dce70a64b427e0b103d1f8a7,9a59ae7df10851b4574f03d7e37e8cd761dc39e559165256697b755103d7c783,Fakemon_Festival_Full,Fakemon_Festival_Full
PURE_PALETTE_RECOLOR,DS_CUSTOM_LIBRARY/packs/Fakemon_Festival_Full/Fakemon Festival Pack/Magiscarf/Battlers Shiny/Back/Pompet.png,DS_CUSTOM_LIBRARY/packs/Fakemon_Festival_Full/Fakemon Festival Pack/Magiscarf/Battlers Normal/Back/Pompet.png,4486e889cf69f82abd6a9c09762b3e6499c999561e3d66d122ae27f9b5796140,e65162992160ca445c73d8b17ecb95778a28b62d3dbd0b1ee01b641f8478f3fe,9a59ae7df10851b4574f03d7e37e8cd761dc39e559165256697b755103d7c783,Fakemon_Festival_Full,Fakemon_Festival_Full
PURE_PALETTE_RECOLOR,DS_CUSTOM_LIBRARY/packs/Fakemon_Festival_Full/Fakemon Festival Pack/Magiscarf/Battlers Normal/Back/Botanine.png,DS_CUSTOM_LIBRARY/packs/Fakemon_Festival_Full/Fakemon Festival Pack/Magiscarf/Battlers Shiny Alternate/Back/Botanine.png,37909882ef7a34a42fdab7afd5bb994829d7cf6b8c1e7903c138f480be1cdd8a,8478878e11d264fceddb9d7035fe997f118d12e78398c9259785b80d19cbf24d,8cbda6d1c06c4b1aca1db50704e46e279ccb6fb329d6f3fe6c8bd679d7d8fdcf,Fakemon_Festival_Full,Fakemon_Festival_Full
PURE_PALETTE_RECOLOR,DS_CUSTOM_LIBRARY/packs/Fakemon_Festival_Full/Fakemon Festival Pack/Magiscarf/Battlers Shiny/Back/Botanine.png,DS_CUSTOM_LIBRARY/packs/Fakemon_Festival_Full/Fakemon Festival Pack/Magiscarf/Battlers Shiny Alternate/Back/Botanine.png,37909882ef7a34a42fdab7afd5bb994829d7cf6b8c1e7903c138f480be1cdd8a,c6df10e25095230f0e8c81347d142497c53c68cec193f7b3b09ecd44f83bde6d,8cbda6d1c06c4b1aca1db50704e46e279ccb6fb329d6f3fe6c8bd679d7d8fdcf,Fakemon_Festival_Full,Fakemon_Festival_Full
PURE_PALETTE_RECOLOR,DS_CUSTOM_LIBRARY/packs/Fakemon_Festival_Full/Fakemon Festival Pack/Magiscarf/Battlers Shiny Alternate/Back/Skelleks.png,DS_CUSTOM_LIBRARY/packs/Fakemon_Festival_Full/Fakemon Festival Pack/Magiscarf/Battlers Normal/Back/Skelleks.png,3acc6366bdf3487b673f10f438b5ba05bc4ebea8c5f42ffb5a38bb8f8ce16673,cbad6cf68412abff29e307d62320827ee34aa48e61b4874be11b7964d618a818,611b9d629703a39aca78497939a77798261957b2651f0e9171d813919d494d94,Fakemon_Festival_Full,Fakemon_Festival_Full
PURE_PALETTE_RECOLOR,DS_CUSTOM_LIBRARY/packs/Fakemon_Festival_Full/Fakemon Festival Pack/Magiscarf/Battlers Shiny/Back/Skelleks.png,DS_CUSTOM_LIBRARY/packs/Fakemon_Festival_Full/Fakemon Festival Pack/Magiscarf/Battlers Normal/Back/Skelleks.png,3acc6366bdf3487b673f10f438b5ba05bc4ebea8c5f42ffb5a38bb8f8ce16673,9e3dda93ffafe15e9f74af166de2b392738c0d26959d8999d06a962795947ea4,611b9d629703a39aca78497939a77798261957b2651f0e9171d813919d494d94,Fakemon_Festival_Full,Fakemon_Festival_Full
PURE_PALETTE_RECOLOR,DS_CUSTOM_LIBRARY/packs/Fakemon_Festival_Full/Fakemon Festival Pack/Magiscarf/Battlers Shiny Alternate/Back/Mivota.png,DS_CUSTOM_LIBRARY/packs/Fakemon_Festival_Full/Fakemon Festival Pack/Magiscarf/Battlers Normal/Back/Mivota.png,75a9668b5c634cd3dfd87757a47a096dee6c2e0ee4dcc3ffc938a24c502771fc,183690df68cab7d91ee638ade61bec280d0f777cbb78e0d6ab5250a6aa4aeaad,7dbc5e1dde461bdc5b760ccaffb1a4114b50f017ea85c9b926a3785e4d392938,Fakemon_Festival_Full,Fakemon_Festival_Full
PURE_PALETTE_RECOLOR,DS_CUSTOM_LIBRARY/packs/Fakemon_Festival_Full/Fakemon Festival Pack/Magiscarf/Battlers Shiny/Back/Mivota.png,DS_CUSTOM_LIBRARY/packs/Fakemon_Festival_Full/Fakemon Festival Pack/Magiscarf/Battlers Normal/Back/Mivota.png,75a9668b5c634cd3dfd87757a47a096dee6c2e0ee4dcc3ffc938a24c502771fc,d3c36a15e5771767192e5b94760a0ab249965da830266bcba7ada1851822f62d,7dbc5e1dde461bdc5b760ccaffb1a4114b50f017ea85c9b926a3785e4d392938,Fakemon_Festival_Full,Fakemon_Festival_Full
PURE_PALETTE_RECOLOR,DS_CUSTOM_LIBRARY/packs/Fakemon_Festival_Full/Fakemon Festival Pack/Magiscarf/Battlers Normal/Back/Brewtrid.png,DS_CUSTOM_LIBRARY/packs/Fakemon_Festival_Full/Fakemon Festival Pack/Magiscarf/Battlers Shiny/Back/Brewtrid.png,c19503a5e68e295f7979e3e3d938c1fd46cc6ead937e53b9311af123dcee3621,4bd240a20e59b04f316f544b23f6ad04226d4ecce4dfad4387603e0e41e9fd6a,d229c6f8f3bf5de8a793e3bdd4104aabea9d8ff4b8677272f683cbe496c1b6f6,Fakemon_Festival_Full,Fakemon_Festival_Full
PURE_PALETTE_RECOLOR,DS_CUSTOM_LIBRARY/packs/Fakemon_Festival_Full/Fakemon Festival Pack/Magiscarf/Battlers Shiny Alternate/Back/Brewtrid.png,DS_CUSTOM_LIBRARY/packs/Fakemon_Festival_Full/Fakemon Festival Pack/Magiscarf/Battlers Shiny/Back/Brewtrid.png,c19503a5e68e295f7979e3e3d938c1fd46cc6ead937e53b9311af123dcee3621,aabb0e599e4bf0b970f885b84dce0808befb0efc52ae6327b4e204577a3d2dd9,d229c6f8f3bf5de8a793e3bdd4104aabea9d8ff4b8677272f683cbe496c1b6f6,Fakemon_Festival_Full,Fakemon_Festival_Full
PURE_PALETTE_RECOLOR,DS_CUSTOM_LIBRARY/packs/Fakemon_Festival_Full/Fakemon Festival Pack/Magiscarf/Battlers Shiny Alternate/Back/Sizzly.png,DS_CUSTOM_LIBRARY/packs/Fakemon_Festival_Full/Fakemon Festival Pack/Magiscarf/Battlers Normal/Back/Sizzly.png,80d1be0d45526e4463d3aabb46a6b755bd6d527cf72e1c2baec47001430449fa,fee6c1b481409fbb3c364bc9b0cd09989f46d410a4b2de3037e261c93f0c78dd,6bd77c851203cc2b5ad946f32f6dc3f05a6ab197f4ced45c68e91d7c41f9c388,Fakemon_Festival_Full,Fakemon_Festival_Full
PURE_PALETTE_RECOLOR,DS_CUSTOM_LIBRARY/packs/Fakemon_Festival_Full/Fakemon Festival Pack/Magiscarf/Battlers Shiny/Back/Sizzly.png,DS_CUSTOM_LIBRARY/packs/Fakemon_Festival_Full/Fakemon Festival Pack/Magiscarf/Battlers Normal/Back/Sizzly.png,80d1be0d45526e4463d3aabb46a6b755bd6d527cf72e1c2baec47001430449fa,855c2e0eff4536e4634fb2a9637d685285227e5eb51c47efa7b84b93d259a5d1,6bd77c851203cc2b5ad946f32f6dc3f05a6ab197f4ced45c68e91d7c41f9c388,Fakemon_Festival_Full,Fakemon_Festival_Full
PURE_PALETTE_RECOLOR,DS_CUSTOM_LIBRARY/packs/Fakemon_Festival_Full/Fakemon Festival Pack/Magiscarf/Battlers Shiny Alternate/Back/Pomprim.png,DS_CUSTOM_LIBRARY/packs/Fakemon_Festival_Full/Fakemon Festival Pack/Magiscarf/Battlers Normal/Back/Pomprim.png,fa2efae6e9b54d7f3ba245b180598e4e79911271a52fed17fe3d5ac9cfacff97,22cfc8cdc3032ba458d3b9ee421c992fd49d6de90255a9e6391d17c96ec73e67,879b4b7ed3bb0e9f26b9d6f507d87fc634249d8e886a99427cd3aa0a96fbadbf,Fakemon_Festival_Full,Fakemon_Festival_Full
PURE_PALETTE_RECOLOR,DS_CUSTOM_LIBRARY/packs/Fakemon_Festival_Full/Fakemon Festival Pack/Magiscarf/Battlers Shiny/Back/Pomprim.png,DS_CUSTOM_LIBRARY/packs/Fakemon_Festival_Full/Fakemon Festival Pack/Magiscarf/Battlers Normal/Back/Pomprim.png,fa2efae6e9b54d7f3ba245b180598e4e79911271a52fed17fe3d5ac9cfacff97,03dfdd836d4799e15d279c9b92146f3c75c70bddf543eb82ba3abb5c33d4a748,879b4b7ed3bb0e9f26b9d6f507d87fc634249d8e886a99427cd3aa0a96fbadbf,Fakemon_Festival_Full,Fakemon_Festival_Full
PURE_PALETTE_RECOLOR,DS_CUSTOM_LIBRARY/packs/Fakemon_Festival_Full/Fakemon Festival Pack/Magiscarf/Battlers Shiny Alternate/Back/Howliage.png,DS_CUSTOM_LIBRARY/packs/Fakemon_Festival_Full/Fakemon Festival Pack/Magiscarf/Battlers Normal/Back/Howliage.png,9fbfd5514b69638470177c7c985d47e29fd48092d249574f8047ae2667c74230,df6058e8aa9ba66b19f160132927f576e744b84405fa2aae8652e43b3a56fa79,a15606f89ac1c2642dcf349b6fe9a5882794b66aa5fb0448b2ca8e9204fbe663,Fakemon_Festival_Full,Fakemon_Festival_Full
PURE_PALETTE_RECOLOR,DS_CUSTOM_LIBRARY/packs/Fakemon_Festival_Full/Fakemon Festival Pack/Magiscarf/Battlers Shiny/Back/Howliage.png,DS_CUSTOM_LIBRARY/packs/Fakemon_Festival_Full/Fakemon Festival Pack/Magiscarf/Battlers Normal/Back/Howliage.png,9fbfd5514b69638470177c7c985d47e29fd48092d249574f8047ae2667c74230,ccbf0fbe3e368fbd473b07ce8ed5748c14d13501acd6ead13a18c448bd68ac19,a15606f89ac1c2642dcf349b6fe9a5882794b66aa5fb0448b2ca8e9204fbe663,Fakemon_Festival_Full,Fakemon_Festival_Full
PURE_PALETTE_RECOLOR,DS_CUSTOM_LIBRARY/packs/Fakemon_Festival_Full/Fakemon Festival Pack/Magiscarf/Battlers Normal/Back/Delugar.png,DS_CUSTOM_LIBRARY/packs/Fakemon_Festival_Full/Fakemon Festival Pack/Magiscarf/Battlers Shiny Alternate/Back/Delugar.png,7f39bf0f3544c558891dc655885d56bc486c5c8dc1fbd936493b85e3404d10bc,63e7b008436925aa849cf5c4b9b09c72c6ae411508cbb4c639d2142d0284738d,31d66c6f9ad3e75468a46c01656ad2d199d290183fe51d8d1f91e800aa9f24b0,Fakemon_Festival_Full,Fakemon_Festival_Full
PURE_PALETTE_RECOLOR,DS_CUSTOM_LIBRARY/packs/Fakemon_Festival_Full/Fakemon Festival Pack/Magiscarf/Battlers Shiny/Back/Delugar.png,DS_CUSTOM_LIBRARY/packs/Fakemon_Festival_Full/Fakemon Festival Pack/Magiscarf/Battlers Shiny Alternate/Back/Delugar.png,7f39bf0f3544c558891dc655885d56bc486c5c8dc1fbd936493b85e3404d10bc,15f874aa87153e0a92f05e8246aefb05e94bf55bf362fc2f57190386092311df,31d66c6f9ad3e75468a46c01656ad2d199d290183fe51d8d1f91e800aa9f24b0,Fakemon_Festival_Full,Fakemon_Festival_Full
PURE_PALETTE_RECOLOR,DS_CUSTOM_LIBRARY/packs/Fakemon_Festival_Full/Fakemon Festival Pack/Magiscarf/Battlers Shiny Alternate/Back/Viscolor.png,DS_CUSTOM_LIBRARY/packs/Fakemon_Festival_Full/Fakemon Festival Pack/Magiscarf/Battlers Normal/Back/Viscolor.png,d59fc8a0b737de8dbd1d3454f2edb8c0efeba6883e2c6167d34eb400a1183ca1,9c907e8d9121a935953bf766f081f1f1c24b324a5bf12bcfdf2551a9c2833937,6c9524e1faa29ef1cfcdbbf1961aba8d2687ef0de7c84ac470cfc2574364eee2,Fakemon_Festival_Full,Fakemon_Festival_Full
PURE_PALETTE_RECOLOR,DS_CUSTOM_LIBRARY/packs/Fakemon_Festival_Full/Fakemon Festival Pack/Magiscarf/Battlers Shiny/Back/Viscolor.png,DS_CUSTOM_LIBRARY/packs/Fakemon_Festival_Full/Fakemon Festival Pack/Magiscarf/Battlers Normal/Back/Viscolor.png,d59fc8a0b737de8dbd1d3454f2edb8c0efeba6883e2c6167d34eb400a1183ca1,1693799c37aba8472f605c9451cc8d4a7b5d4efdb7d9950698720f070864c4a2,6c9524e1faa29ef1cfcdbbf1961aba8d2687ef0de7c84ac470cfc2574364eee2,Fakemon_Festival_Full,Fakemon_Festival_Full
PURE_PALETTE_RECOLOR,DS_CUSTOM_LIBRARY/packs/Fakemon_Festival_Full/Fakemon Festival Pack/Magiscarf/Battlers Shiny Alternate/Front/Timberry.png,DS_CUSTOM_LIBRARY/packs/Fakemon_Festival_Full/Fakemon Festival Pack/Magiscarf/Battlers Shiny/Front/Timberry.png,e8ba75862580191f4319c7ca56c94e95a401b79d68ba860695cd7c1b094e4205,32fc93b28c6019cc7d84bc576df50ef110dc2edec95f29e9572b153c31d14a04,7ad8cd9ea63f585254f5ed9b9b5c082a47a8c71efca86267ce193902395addb1,Fakemon_Festival_Full,Fakemon_Festival_Full
PURE_PALETTE_RECOLOR,DS_CUSTOM_LIBRARY/packs/Fakemon_Festival_Full/Fakemon Festival Pack/PansyGum/Battlers/(dunsparce) DunymphB.png,DS_CUSTOM_LIBRARY/packs/Fakemon_Festival_Full/Fakemon Festival Pack/PansyGum/Battlers/(dunsparce) DunymphSB.png,1312ae4049c9e9badd40d1f7b744bb309607192ac0d381453a70b7846785fde2,1cc1a6957d2bc9f2733d3f18cd1c6eb60752bba36fbd74afc75d19e8c8760783,6cfa3929c7d3b15fd261f4dc4c90b01ca73f5a117d0663c961e3063c503e1d38,Fakemon_Festival_Full,Fakemon_Festival_Full
PURE_PALETTE_RECOLOR,DS_CUSTOM_LIBRARY/packs/Fakemon_Festival_Full/Fakemon Festival Pack/PansyGum/Battlers/(dunsparce) Dunymph.png,DS_CUSTOM_LIBRARY/packs/Fakemon_Festival_Full/Fakemon Festival Pack/PansyGum/Battlers/(dunsparce) DunymphS.png,8298f64784db5eaa4e9f5c8d7836236779ada103ebdae233e164d29f5d2995da,a0a47154aeb7454d1c9c6d2699052030c8b257e662368ca12651869dbbe1081b,80d2408dac7ff1a86c7f92b4b9b3f61e7968b851cfffdebb131b57352bb23755,Fakemon_Festival_Full,Fakemon_Festival_Full
PURE_PALETTE_RECOLOR,DS_CUSTOM_LIBRARY/packs/Fakemon_Festival_Full/Fakemon Festival Pack/PansyGum/Battlers/(betamon) WarwolfSB.png,DS_CUSTOM_LIBRARY/packs/Fakemon_Festival_Full/Fakemon Festival Pack/PansyGum/Battlers/(betamon) WarwolfB.png,83fd6ffdc223f4c6f9c1ae54ee787fe12a0da3d81fd29fa317433dc78c480187,a30187c0072f984fa2295e3a1f2f4c44e6608e3eae27609625a126c43ceb1f40,2f2118b593de57007816806d31d03aa86af52893e291364240bc01c819273a44,Fakemon_Festival_Full,Fakemon_Festival_Full
PURE_PALETTE_RECOLOR,DS_CUSTOM_LIBRARY/packs/Fakemon_Festival_Full/Fakemon Festival Pack/PansyGum/Battlers/(corsola) SolacorB.png,DS_CUSTOM_LIBRARY/packs/Fakemon_Festival_Full/Fakemon Festival Pack/PansyGum/Battlers/(corsola) SolacorSB.png,fc1f36e26fce5f19183dd4bf01d061a1c8d2ac79f5ed0005ed397f0630d7c6bf,da002b5128076e39b5246a0cb8f1f71b456b17f7a557dd65642072d95032908e,b8c210d69e1dea42bb9edb69f3581338feac5c7c28d34fe8185dd6912439b783,Fakemon_Festival_Full,Fakemon_Festival_Full
PURE_PALETTE_RECOLOR,DS_CUSTOM_LIBRARY/packs/Fakemon_Festival_Full/Fakemon Festival Pack/PansyGum/Battlers/(corsola) AmacoralaB.png,DS_CUSTOM_LIBRARY/packs/Fakemon_Festival_Full/Fakemon Festival Pack/PansyGum/Battlers/(corsola) AmacoralaSB.png,45d3c81b153680c4d8382582fbbe81f7fcd52b0e3b26120fe9ecdbbb1e1a35c2,45bbee12c9d12a917e9158574ff8580145fed285000a63c410fdc52f4e69c667,9e19a12ea43d89483bd36ae7e87fd0ed24924c105157070348e5ca340fea6f37,Fakemon_Festival_Full,Fakemon_Festival_Full
PURE_PALETTE_RECOLOR,DS_CUSTOM_LIBRARY/packs/Mikitari/Fakemon Pack/Back/BASSTILE.png,DS_CUSTOM_LIBRARY/packs/Mikitari/Fakemon Pack/Back shiny/BASSTILE.png,5b5e4c5997537625e6066b8e39506e34d89d4ec9b6067ce44833181a78a8d319,9bd9cc9a7477360e2ae17484a3cf6ea06e2e7372cac9cd765541e388a0d3c375,6391bd994ad22b6ebbd50ef2e415954d47b97cfb0902fe13755674bee7a8ba8e,Mikitari,Mikitari
PURE_PALETTE_RECOLOR,DS_CUSTOM_LIBRARY/packs/Mikitari/Fakemon Pack/Back shiny/GERMEIT.png,DS_CUSTOM_LIBRARY/packs/Mikitari/Fakemon Pack/Back/GERMEIT.png,166daf26d84811e818cdb9c1f548120b5453ce63899a6d6eee757b6791bc81d7,26bebd17b35ffc13e9693f874ad9fb7cf5ca5496903b856a059149df5fba95c0,9bc505b8220eec95c71179940e7f1d1a71a247f5418b0a0b2ec7eb5cdbfbea9d,Mikitari,Mikitari
PURE_PALETTE_RECOLOR,DS_CUSTOM_LIBRARY/packs/Mikitari/Fakemon Pack/Back/HOPIDEY.png,DS_CUSTOM_LIBRARY/packs/Mikitari/Fakemon Pack/Back shiny/HOPIDEY.png,712044196ad493097a259c2108b93d02bf011eab87dcff66a993d1a1a172e5e9,210a8c854d96aebbbba82827a4b1d8c0fd51e1de6a2d42dff15d9401f375d783,a741c57a6ce6beb2f73d146b1a5b31f607b8f2a5b81fcae480fe156c358ee6e2,Mikitari,Mikitari
PURE_PALETTE_RECOLOR,DS_CUSTOM_LIBRARY/packs/Mikitari/Fakemon Pack/Back shiny/MUCHOG.png,DS_CUSTOM_LIBRARY/packs/Mikitari/Fakemon Pack/Back/MUCHOG.png,b84994aaffc346d10c886139149a843c4289835297577547840c6876df9c3307,eac0a0a110fac31cc3c1ce35dac8d0e31eb3c889288b6068d767d7b73bd46773,83beec72f5fde5a6b93f38f95f0e36347e0e5d815796c22758bae647940b272d,Mikitari,Mikitari
PURE_PALETTE_RECOLOR,DS_CUSTOM_LIBRARY/packs/Mikitari/Fakemon Pack/Back shiny/SLIDUNE_1.png,DS_CUSTOM_LIBRARY/packs/Mikitari/Fakemon Pack/Back/SLIDUNE_1.png,67779adee1c17dfce4e86663cf5d6524a6196328677360e183d0e1b6951a8df5,7c3e1cbc9053fbf05710b27f3261fb5f1cc56e82fa0d0cfb358e6184373a98ee,697f7797d81eee35322934c6a64492d060ff71efc8f7686f7c5e2750973d67ec,Mikitari,Mikitari
PURE_PALETTE_RECOLOR,DS_CUSTOM_LIBRARY/packs/Mikitari/Fakemon Pack/Back/GLANCHOG.png,DS_CUSTOM_LIBRARY/packs/Mikitari/Fakemon Pack/Back shiny/GLANCHOG.png,3fb539e2786740cf7a02c1c17a0a830d01621643a2b715318d691a5a0679cd23,7f6a326b9025308ebad6362cd5520399791998e085db24297c7cc50fa0260952,05b7f40fc159ed157732a6c39172a6bf682e16529ba758b444d2dcb31a39e635,Mikitari,Mikitari
PURE_PALETTE_RECOLOR,DS_CUSTOM_LIBRARY/packs/Mikitari/Fakemon Pack/Back/ORICORIO_4.png,DS_CUSTOM_LIBRARY/packs/Mikitari/Fakemon Pack/Back shiny/ORICORIO_4.png,7fd8e8be565cf8cc5bc925bd81113e18a20ab8fe9dbf3d3e6bc1de3a768e688a,fc95eba8f0ccedaeac0d18e43fc24d92abe758e2e93f4abd468ea0a085c00aaf,d88f5bca4fcb9181bc88459125c4fd59df31ddcf73b441b0234de2f08980d130,Mikitari,Mikitari
PURE_PALETTE_RECOLOR,DS_CUSTOM_LIBRARY/packs/Mikitari/Fakemon Pack/Back/PHANTABYS.png,DS_CUSTOM_LIBRARY/packs/Mikitari/Fakemon Pack/Back shiny/PHANTABYS.png,7b49c4df59a62fb489c29e4f028e327668951e90c28d812c0f31017aced5c536,cdba542560b567bf6fa80848407d0abcb0ace74300042274c27dfc7762288cbe,185338e7ee879e9c974d006861beac551f96e2b5ec278e7a4da6e0e40a75942f,Mikitari,Mikitari
PURE_PALETTE_RECOLOR,DS_CUSTOM_LIBRARY/packs/Mikitari/Fakemon Pack/Back/GREXCLUB.png,DS_CUSTOM_LIBRARY/packs/Mikitari/Fakemon Pack/Back shiny/GREXCLUB.png,06bedc077893f1fa6edc0ee8153d1c5579fccac37bb2535fb50bc15e72f7c67a,2ddfb051971726c2edef06fe0dddf64ae143771f756824aaecb06a1cb435bb86,08a620377d96472c390729169e920c874fe418119c629a07b60a80885b9e1690,Mikitari,Mikitari
PURE_PALETTE_RECOLOR,DS_CUSTOM_LIBRARY/packs/Mikitari/Fakemon Pack/Back shiny/GLOVET.png,DS_CUSTOM_LIBRARY/packs/Mikitari/Fakemon Pack/Back/GLOVET.png,bedecc7bd6d4d2c562a193050331a68c453ba031df345a2c0bf12ec870b1e237,ee0a03b233d685209a48c51b75fc68f0a249bf9cab3567b4ba7b3cb56fc3e273,c1e3a50b19b19f36c4cf779c64f55f20646f1ffa8be6b4acc1f1b039364ae83f,Mikitari,Mikitari
PURE_PALETTE_RECOLOR,DS_CUSTOM_LIBRARY/packs/Mikitari/Fakemon Pack/Back/CABATfE.png,DS_CUSTOM_LIBRARY/packs/Mikitari/Fakemon Pack/Back shiny/CABATfE.png,613f84a04220b7772e895f42f853beea5882b151cd155faa517760bded45c564,103794fd6b18c98ed632f3f8731e14bda6a6326fc4b4015c4acd3b384471e53f,f72f9004f0f4a17b13233731c74684ee217621f3dca9e0737d31fc3a14781635,Mikitari,Mikitari
PURE_PALETTE_RECOLOR,DS_CUSTOM_LIBRARY/packs/Mikitari/Fakemon Pack/Back shiny/GOOBOLT.png,DS_CUSTOM_LIBRARY/packs/Mikitari/Fakemon Pack/Back/GOOBOLT.png,19e9dd17da9dacee64ab74e0ee2659daea28894c2a8ad254c57e5a84923dabb2,1f984cc3a3c1045294c3b5cc3a1dc3a26bd941869c64ade518caf9a105d78cf8,cfff3cf9c70da8adad35f6576ebb9cca6b3bc715299a5412e52e50b383219884,Mikitari,Mikitari
PURE_PALETTE_RECOLOR,DS_CUSTOM_LIBRARY/packs/Mikitari/Fakemon Pack/Back/SUFFERUB.png,DS_CUSTOM_LIBRARY/packs/Mikitari/Fakemon Pack/Back shiny/SUFFERUB.png,64de7f781886dba9665f552ea8e24e63b74b1f15c0ac774703b00497e53fb2e3,d4a4e6a83f573110bb1ad5389d0d2fd5a60cfe8db7446b54a330500948a0fa97,ae7102ca758da9e3a2e7abd79d54371b2c492da41f293bd85c1472287552ec34,Mikitari,Mikitari
PURE_PALETTE_RECOLOR,DS_CUSTOM_LIBRARY/packs/Mikitari/Fakemon Pack/Back/GEOCKO.png,DS_CUSTOM_LIBRARY/packs/Mikitari/Fakemon Pack/Back shiny/GEOCKO.png,4d00122b54f0962d7fee0e7c2bc160917a38cb893a6f9bf26c355f9157a2c9dc,c7809fc6589d0326f1c9fce23191baa49b0cb21eea1c07a9f846d9df229b3bd2,a9950ec87b4ec851b45bf641f7408cab633edec5e2295c1a330007b470b09b36,Mikitari,Mikitari
PURE_PALETTE_RECOLOR,DS_CUSTOM_LIBRARY/packs/Mikitari/Fakemon Pack/Back shiny/PETALNIA.png,DS_CUSTOM_LIBRARY/packs/Mikitari/Fakemon Pack/Back/PETALNIA_2.png,2f15693c295501dcc6069f92a1c373aa28a674aebe1cad3b1e68527fa336ac82,19d521d771c19766ef462f6fb2c57f2f89501b41cec71fac43157c56489c0683,f4536a6d1c3101284ab0427f21da96916317d58f21fbc065f87cfa78bf1917b2,Mikitari,Mikitari
PURE_PALETTE_RECOLOR,DS_CUSTOM_LIBRARY/packs/Mikitari/Fakemon Pack/Back/PETALNIA_6.png,DS_CUSTOM_LIBRARY/packs/Mikitari/Fakemon Pack/Back/PETALNIA_2.png,2f15693c295501dcc6069f92a1c373aa28a674aebe1cad3b1e68527fa336ac82,a1bd7ab3736fa80a81f395f4ce11ab76c5e955c9acf102a09d7d2fb63aacae51,f4536a6d1c3101284ab0427f21da96916317d58f21fbc065f87cfa78bf1917b2,Mikitari,Mikitari
PURE_PALETTE_RECOLOR,DS_CUSTOM_LIBRARY/packs/Mikitari/Fakemon Pack/Back/PETALNIA_5.png,DS_CUSTOM_LIBRARY/packs/Mikitari/Fakemon Pack/Back/PETALNIA_2.png,2f15693c295501dcc6069f92a1c373aa28a674aebe1cad3b1e68527fa336ac82,61deb0dc64626597b0cdfbb74ad641a1e2c315ef6215c10927d6ccce58f27879,f4536a6d1c3101284ab0427f21da96916317d58f21fbc065f87cfa78bf1917b2,Mikitari,Mikitari
PURE_PALETTE_RECOLOR,DS_CUSTOM_LIBRARY/packs/Mikitari/Fakemon Pack/Back/PETALNIA.png,DS_CUSTOM_LIBRARY/packs/Mikitari/Fakemon Pack/Back/PETALNIA_2.png,2f15693c295501dcc6069f92a1c373aa28a674aebe1cad3b1e68527fa336ac82,e79247690998df7b12784a68af9b362cf5a8ff4b0be5ac703a76cbec2755ea90,f4536a6d1c3101284ab0427f21da96916317d58f21fbc065f87cfa78bf1917b2,Mikitari,Mikitari
PURE_PALETTE_RECOLOR,DS_CUSTOM_LIBRARY/packs/Mikitari/Fakemon Pack/Back/PETALNIA_3.png,DS_CUSTOM_LIBRARY/packs/Mikitari/Fakemon Pack/Back/PETALNIA_2.png,2f15693c295501dcc6069f92a1c373aa28a674aebe1cad3b1e68527fa336ac82,cc5f1b155f80fd616ded5a1633ecf369de18019a314de11e2166c0d526f77187,f4536a6d1c3101284ab0427f21da96916317d58f21fbc065f87cfa78bf1917b2,Mikitari,Mikitari
PURE_PALETTE_RECOLOR,DS_CUSTOM_LIBRARY/packs/Mikitari/Fakemon Pack/Back/PETALNIA_4.png,DS_CUSTOM_LIBRARY/packs/Mikitari/Fakemon Pack/Back/PETALNIA_2.png,2f15693c295501dcc6069f92a1c373aa28a674aebe1cad3b1e68527fa336ac82,f1c6a4f6fa35e13ac98ef16cb4e8b3975259f79af997cb1a665dddccce8a6dc5,f4536a6d1c3101284ab0427f21da96916317d58f21fbc065f87cfa78bf1917b2,Mikitari,Mikitari
PURE_PALETTE_RECOLOR,DS_CUSTOM_LIBRARY/packs/Mikitari/Fakemon Pack/Back/PETALNIA_1.png,DS_CUSTOM_LIBRARY/packs/Mikitari/Fakemon Pack/Back/PETALNIA_2.png,2f15693c295501dcc6069f92a1c373aa28a674aebe1cad3b1e68527fa336ac82,a1c313d5f39ece3759c2f5fc2c2fa931b9fe297b3cad3711484f2f70f6251e7d,f4536a6d1c3101284ab0427f21da96916317d58f21fbc065f87cfa78bf1917b2,Mikitari,Mikitari
PURE_PALETTE_RECOLOR,DS_CUSTOM_LIBRARY/packs/Mikitari/Fakemon Pack/Back/GASARNET.png,DS_CUSTOM_LIBRARY/packs/Mikitari/Fakemon Pack/Back shiny/GASARNET.png,c26a331b3f9b0c8fcf0edc3a44e51d1bd4effba4dc8076b6aa32456efb338dac,101a53bd945b69a76ceb121f8ecc69baa2ccef37ce7b95cf0043a207c919194b,03ad2b09761061792b5aa2fcd700ac2a5b656ebfb4930e55a20c37a5ced030e8,Mikitari,Mikitari
PURE_PALETTE_RECOLOR,DS_CUSTOM_LIBRARY/packs/Mikitari/Fakemon Pack/Back/PLATERIGUS.png,DS_CUSTOM_LIBRARY/packs/Mikitari/Fakemon Pack/Back shiny/PLATERIGUS.png,d72933ef3ac37c83ac2744f6e453d104c359ade9f2d6bce3111842c48bd593f0,b292ed9235f8a5d3ee12c63e66762f8c3d971436fea1107ed7845645c01e1b0a,df06cba6002f16ddfa67d9c190531d05601471f4878f5255fbc12fd61263917a,Mikitari,Mikitari
PURE_PALETTE_RECOLOR,DS_CUSTOM_LIBRARY/packs/Mikitari/Fakemon Pack/Back/INHALIS.png,DS_CUSTOM_LIBRARY/packs/Mikitari/Fakemon Pack/Back shiny/INHALIS.png,4bf242a3c1186cc8784e4ed3bc3e41e44ef50a196053c96d7d18718458d6e0d4,cfe6f720a256b5e7d351bfaa87804ddfe0392a2770a00a9a45d3d1cd1910c714,93b7dcc350db534f3f608539dca32cd8bdc8c2a28c85cb5df5d960956d52e6c5,Mikitari,Mikitari
PURE_PALETTE_RECOLOR,DS_CUSTOM_LIBRARY/packs/Mikitari/Fakemon Pack/Back/MANTOON.png,DS_CUSTOM_LIBRARY/packs/Mikitari/Fakemon Pack/Back shiny/MANTOON.png,0b2af27150edb1d371ea1247c2af20c7043c4b25fe80d1f20ab1726e9caacd7a,af387102a6373dd5a615199b463b3fab11371d673604495f6ead9ee43c0a5387,2bcc7ee58b101a61d3f52f7dffd04831e8ed38e4164a8bf9efe4c96132bfd344,Mikitari,Mikitari
PURE_PALETTE_RECOLOR,DS_CUSTOM_LIBRARY/packs/Mikitari/Fakemon Pack/Back/DOREWEE.png,DS_CUSTOM_LIBRARY/packs/Mikitari/Fakemon Pack/Back shiny/DOREWEE.png,56345f7e27fd9174976d8e86cc5b818adda27adee62cbf090f665d4566c6629e,133cc5364b5bb0091e15a78f48316626b50b99e31e01ebabf4d1e2ce42f0b611,438312ed00cb8008c2e7d5c244c73ef3849173d99783c6fc9bac632d529f43b5,Mikitari,Mikitari
PURE_PALETTE_RECOLOR,DS_CUSTOM_LIBRARY/packs/Mikitari/Fakemon Pack/Back/FALINKS_1.png,DS_CUSTOM_LIBRARY/packs/Mikitari/Fakemon Pack/Back shiny/FALINKS_1.png,558aa15a50e3c0e9cd4762e210083c4a044ed81ee8f461a4001eebfa82b1d31d,f3d303e74399f9c3279e839b691eb1a20f43d4919333a99a57ce9dad7471ca1c,6d68ac39f84a32d890a12bb3635c871b13077c96d85ea0e152385ce5df30fcea,Mikitari,Mikitari
PURE_PALETTE_RECOLOR,DS_CUSTOM_LIBRARY/packs/Mikitari/Fakemon Pack/Back/YAMASK_2.png,DS_CUSTOM_LIBRARY/packs/Mikitari/Fakemon Pack/Back shiny/YAMASK_2.png,64ee12c890bc47ad1aaac56dda00f8473206430da60854be2e3ca113094788fe,22621f2023cf742b73caf87ce8a9e85bc3949bcbb7beb8524b311c826f600be0,5bd83ed1ac739c2411f91d0cb5890e08f1992b953262b49718ad30da66e400b1,Mikitari,Mikitari
PURE_PALETTE_RECOLOR,DS_CUSTOM_LIBRARY/packs/Mikitari/Fakemon Pack/Back/DUNTESERT_1.png,DS_CUSTOM_LIBRARY/packs/Mikitari/Fakemon Pack/Back shiny/DUNTESERT_1.png,f9876de4847667650b1b6e4b8c4f8c5420eee015fbdf6123c0da0506a8b239aa,dec865e644223331ac6f929bf21383cb0f85b9380a3b5dae00302223d5410641,7427528a3ec8b4e80b1436ac65611ea99518f2f3ebac21a84974904c34d0acec,Mikitari,Mikitari
PURE_PALETTE_RECOLOR,DS_CUSTOM_LIBRARY/packs/Mikitari/Fakemon Pack/Back/FLAMBAFEE.png,DS_CUSTOM_LIBRARY/packs/Mikitari/Fakemon Pack/Back shiny/FLAMBAFEE.png,a44b95f136dcc759fecb0d5a00e1ac1186bca24269e102847e8f79874876daf8,7a39fcdf5ed851a42cc98277324e1c9bb780d618a17de25eefd4681cb87cc786,825b94036020cb6487afb48e3b798030d89948259ae9cb12d10b33508f72f5d3,Mikitari,Mikitari
PURE_PALETTE_RECOLOR,DS_CUSTOM_LIBRARY/packs/Mikitari/Fakemon Pack/Back/STORMANTA.png,DS_CUSTOM_LIBRARY/packs/Mikitari/Fakemon Pack/Back shiny/STORMANTA.png,38e4e11952f8f9aad16d6a4e93aba63030a9370e7687c99b25e19b614591adbe,dd24fc062e207a5a9068c9c4eb2e16a3110ee445b012abeac7b581fc3074ef20,af665d29ed07384d62422159e5ec0bc340a0b95e5da6d82f79373cad06b65fc5,Mikitari,Mikitari
PURE_PALETTE_RECOLOR,DS_CUSTOM_LIBRARY/packs/Mikitari/Fakemon Pack/Back/KEERIN.png,DS_CUSTOM_LIBRARY/packs/Mikitari/Fakemon Pack/Back shiny/KEERIN.png,95c5bd172ddd95b26279c7239b3f44662aee7085c6c8eb6096ab13661de42768,d3fcabd21b1fd40574bad24eb473b392b3b9453a814a64c7063e5240953a480a,37df1d0713f09d88edf4e64433b76f905846c135914f7b140c70e13d42e1ae1d,Mikitari,Mikitari
PURE_PALETTE_RECOLOR,DS_CUSTOM_LIBRARY/packs/Mikitari/Fakemon Pack/Back/CHARGOO.png,DS_CUSTOM_LIBRARY/packs/Mikitari/Fakemon Pack/Back shiny/CHARGOO.png,dc7300583985243c366cdc7f33c4c7ccc3c69478a84533e27b03476f698dab5d,dbef8f4a7365a8b8d1dc8593099ca319259a77ebfb4a0fd4598fba9b0750c6bf,7a937ac8560df0db0b44e0ad9aa4be91cddf98d4517b185170e3b063b7628a45,Mikitari,Mikitari
PURE_PALETTE_RECOLOR,DS_CUSTOM_LIBRARY/packs/Mikitari/Fakemon Pack/Back shiny/FURNADON_1.png,DS_CUSTOM_LIBRARY/packs/Mikitari/Fakemon Pack/Back/FURNADON_1.png,52ef570cc087fb9e765333f01d38b8f96a388c93eb8108e0f1ab36e95de97315,b015889dfc064f1ca33355c695a672ef5b196f2eaa5b9e8828e4e9493f8ba328,364f22d2685cf76e3e6dc83444a0f56c047d72a3592de83dc55bb79dce9c1153,Mikitari,Mikitari
PURE_PALETTE_RECOLOR,DS_CUSTOM_LIBRARY/packs/Mikitari/Fakemon Pack/Back/BASSTILE_2.png,DS_CUSTOM_LIBRARY/packs/Mikitari/Fakemon Pack/Back shiny/BASSTILE_2.png,92f6571e25775a5e7a37fee04e85881fb11dfd9f1631285b081e160769c0462e,685f649b70ba032d2048cccee911d97498d3823416733992925627d5eb7f9d4f,a932c125ee431be507a19110c79c9aff17a11e08e19e6edc6c164eabbb9ab890,Mikitari,Mikitari
PURE_PALETTE_RECOLOR,DS_CUSTOM_LIBRARY/packs/Mikitari/Fakemon Pack/Back/OCTOLECT.png,DS_CUSTOM_LIBRARY/packs/Mikitari/Fakemon Pack/Back shiny/OCTOLECT.png,e531bec6fca79f1e0b7f93ff495e0960d621f5dc3d0aa184ebea01745cd01d60,40f47363e4b3729682d4e8a3dc940498863fdeb31c7b45de19e9f5b70702d02b,49c0650b7028fc7b2301172f4389d831e1629b839f1c0c5eca22ac6605c6b8cb,Mikitari,Mikitari
PURE_PALETTE_RECOLOR,DS_CUSTOM_LIBRARY/packs/Mikitari/Fakemon Pack/Back/PORYGONA.png,DS_CUSTOM_LIBRARY/packs/Mikitari/Fakemon Pack/Back shiny/PORYGONA.png,89a6a42d8c256eac18875e70f8c68ef798b49714e9ae84ba6b36fc0ca8ad544f,6549c5bd16932de5cd6b2935fc7eb98027efdcef2fdab4e638b86fc8c6a0e0a3,588c286beca10939e227f95de720874fa01b3f3682ad0d2fa6c7d0d367863c3a,Mikitari,Mikitari
PURE_PALETTE_RECOLOR,DS_CUSTOM_LIBRARY/packs/Mikitari/Fakemon Pack/Back/CASTFORM_5.png,DS_CUSTOM_LIBRARY/packs/Mikitari/Fakemon Pack/Back shiny/CASTFORM_5.png,8f3dfe6655fba324aaaedd47b9cfa5ce12c90784c95d7a064e0907a0e8cb2f4e,51908e2b385bedbe3b534353511aac4c9c590b8a9504014530ebb657f4065f0d,91784b4f83aa405669e1c8bec4ee10926645e9460b13a2b1136781492c2adf86,Mikitari,Mikitari
PURE_PALETTE_RECOLOR,DS_CUSTOM_LIBRARY/packs/Mikitari/Fakemon Pack/Back shiny/DOPERAMI.png,DS_CUSTOM_LIBRARY/packs/Mikitari/Fakemon Pack/Back/DOPERAMI.png,85b239a58daec268502463ce3173d07943a1b562bca164bc3102ab4340efa9d7,b30caade579ecdca7f2aa4b1078a5928c70f8d1e0a8aa07e6a1778b03976cbc0,c418d01df104786010f2d9b1e5e37a7db1b1d6be1a9408b0d0087e2160fe724e,Mikitari,Mikitari
PURE_PALETTE_RECOLOR,DS_CUSTOM_LIBRARY/packs/Mikitari/Fakemon Pack/Back shiny/MUNCHILL.png,DS_CUSTOM_LIBRARY/packs/Mikitari/Fakemon Pack/Back/MUNCHILL.png,2a13f2671e8b0f97910cf5995925a8607d369149daa9c8fd0b6b25622641fc9d,81ece99ec71b048a5abee5c47bfe1634a7d6980fc231bea973936df7863ec55a,1bd23fa01cb1f509c629de8cb710e81494130bd9c78e3b8f23cf8f31b06e1784,Mikitari,Mikitari
PURE_PALETTE_RECOLOR,DS_CUSTOM_LIBRARY/packs/Mikitari/Fakemon Pack/Back/ERUPTILE.png,DS_CUSTOM_LIBRARY/packs/Mikitari/Fakemon Pack/Back shiny/ERUPTILE.png,aa5e7ddd9664f3384c9fdbcf0216c4926ddc297b632ea1918d96bdf8b4391969,d715fb3e5c08a11df5fdfbc0d06764234f8581e7a4653bce80130b0868d32ad9,9563ddb24054333678b8592aa6b5670a831e0931265d77f59e5952cb384f25c3,Mikitari,Mikitari
PURE_PALETTE_RECOLOR,DS_CUSTOM_LIBRARY/packs/Mikitari/Fakemon Pack/Back/ORICORIO_5.png,DS_CUSTOM_LIBRARY/packs/Mikitari/Fakemon Pack/Back shiny/ORICORIO_5.png,8e8a570e44817b6b9930e643dd3d23cb5e6c12b4e69ffaa70d27b08b36e1d558,71025c647adf352d95b04309fcff34bf84d21a60ef694c0d755178e7bb589009,e1858f9a666ccf4f96e9b711ff34c17d56110b3e801ef164a831bf0e6461847f,Mikitari,Mikitari
PURE_PALETTE_RECOLOR,DS_CUSTOM_LIBRARY/packs/Mikitari/Fakemon Pack/Back/CROOBER.png,DS_CUSTOM_LIBRARY/packs/Mikitari/Fakemon Pack/Back shiny/CROOBER.png,912c2419402beab6224600bfcacad7e41048042fb68260337d58237a6c300495,e40dbd1f49fc4b2262baff725361eb48daab4097affc5b50beb1a7fdcf3a6362,bec27bdcf9bc5e9cf5fd3dab0ca242a451265b6119f898fc117dd33ce448de92,Mikitari,Mikitari
PURE_PALETTE_RECOLOR,DS_CUSTOM_LIBRARY/packs/Mikitari/Fakemon Pack/Back/BASCULIN_2.png,DS_CUSTOM_LIBRARY/packs/Mikitari/Fakemon Pack/Back shiny/BASCULIN_2.png,871fa4227cf2ca7bac6398250355279fcb5c3060187857706d2816d1342950d2,d12ada04d3c15b51412a04f8fc6ef4946b890f3f7b4583c37576032c7a214930,892fa9ca9f593ecd0cefa8766ffcd63e9da3de1de798c35e725fea739175fe89,Mikitari,Mikitari
PURE_PALETTE_RECOLOR,DS_CUSTOM_LIBRARY/packs/Mikitari/Fakemon Pack/Back/KOCOMB_1.png,DS_CUSTOM_LIBRARY/packs/Mikitari/Fakemon Pack/Back shiny/KOCOMB_1.png,19881227d53609561f97dfe79f89abf42053840e4933e301b08aede06784cf23,fc181ff59cefdb7bf9d1f6dfb646857f624bb1305e3d271ba60ed8614a1dfffe,2a4478ed3a2570365a45f70d08896fc63cfb508e46ab42b376950b7b0bab9dfa,Mikitari,Mikitari
PURE_PALETTE_RECOLOR,DS_CUSTOM_LIBRARY/packs/Mikitari/Fakemon Pack/Back shiny/CRUNCHILL.png,DS_CUSTOM_LIBRARY/packs/Mikitari/Fakemon Pack/Back/CRUNCHILL.png,a999fbc3a1cd2936a1e90c78a93bcddb5f75979e34cd1806e10220da6b9b9e8f,0a10050a4265ad2bc56943ab2348f434ecb25f6b36ec3eed0ec951880043d91b,3be4908ed0911befc527255ef349dc745de6c897561a5bb81fccf49be438ec29,Mikitari,Mikitari
PURE_PALETTE_RECOLOR,DS_CUSTOM_LIBRARY/packs/Mikitari/Fakemon Pack/Back/ORICORIO_7.png,DS_CUSTOM_LIBRARY/packs/Mikitari/Fakemon Pack/Back shiny/ORICORIO_7.png,25ef9c03dc4116eb30e3c84b27995f5d731f4b76023f137ea568dca01f0c35b2,2ec347bcc124f5a698c12bd357811d504bb9e0d566d8e90f6e0c4ca61515002e,7f177d03b2e96af5dde1d356f2f7d836c9f4c4964fd79b524db345c1df8adae4,Mikitari,Mikitari
PURE_PALETTE_RECOLOR,DS_CUSTOM_LIBRARY/packs/Mikitari/Fakemon Pack/Back shiny/GLYPTOBLOCK_1.png,DS_CUSTOM_LIBRARY/packs/Mikitari/Fakemon Pack/Back/GLYPTOBLOCK_1.png,4c881019ddd54bc5811c0d01f47954b9f0400bc6ee8806a14a6db5cfdac96f14,ecde2a9e988af6db6ce5749839e14b86b3beae9b09f61868fe9b0f54c1e3ec08,2ec14a33864cea70f1b0368ef0d35c9c50272c281a7fda122bab048fbf5dc9c2,Mikitari,Mikitari
PURE_PALETTE_RECOLOR,DS_CUSTOM_LIBRARY/packs/Mikitari/Fakemon Pack/Back/FLORAMONA_1.png,DS_CUSTOM_LIBRARY/packs/Mikitari/Fakemon Pack/Back shiny/FLORAMONA.png,2cc99dce763d7c79be334bb82cb9c98396a41de7ca8c5bf4a19ed7bc2e286a7a,2276a70e4daa5992b2c4c85518f683594ff4384c0c342c95643b155bf615e9e6,94457208bb5d237bfd0de75f0ae909d12affb2e32bf9d1e27ea14423a9f96d70,Mikitari,Mikitari
PURE_PALETTE_RECOLOR,DS_CUSTOM_LIBRARY/packs/Mikitari/Fakemon Pack/Back/FLORAMONA_6.png,DS_CUSTOM_LIBRARY/packs/Mikitari/Fakemon Pack/Back shiny/FLORAMONA.png,2cc99dce763d7c79be334bb82cb9c98396a41de7ca8c5bf4a19ed7bc2e286a7a,2bdee8c78cce690385bd256ec2d011ccda4817c549850f2022d5759de80e9ec2,94457208bb5d237bfd0de75f0ae909d12affb2e32bf9d1e27ea14423a9f96d70,Mikitari,Mikitari
PURE_PALETTE_RECOLOR,DS_CUSTOM_LIBRARY/packs/Mikitari/Fakemon Pack/Back/FLORAMONA_5.png,DS_CUSTOM_LIBRARY/packs/Mikitari/Fakemon Pack/Back shiny/FLORAMONA.png,2cc99dce763d7c79be334bb82cb9c98396a41de7ca8c5bf4a19ed7bc2e286a7a,c9b8f738e122ab83a60f55ba8031cccc65b409299d4669f835dcb57b43686e49,94457208bb5d237bfd0de75f0ae909d12affb2e32bf9d1e27ea14423a9f96d70,Mikitari,Mikitari
PURE_PALETTE_RECOLOR,DS_CUSTOM_LIBRARY/packs/Mikitari/Fakemon Pack/Back/FLORAMONA_3.png,DS_CUSTOM_LIBRARY/packs/Mikitari/Fakemon Pack/Back shiny/FLORAMONA.png,2cc99dce763d7c79be334bb82cb9c98396a41de7ca8c5bf4a19ed7bc2e286a7a,cc6bca96a96f732fec533f7c9886f69a5f8c4c39dfff85f03ec7ceeacc2e9cc0,94457208bb5d237bfd0de75f0ae909d12affb2e32bf9d1e27ea14423a9f96d70,Mikitari,Mikitari
PURE_PALETTE_RECOLOR,DS_CUSTOM_LIBRARY/packs/Mikitari/Fakemon Pack/Back/FLORAMONA.png,DS_CUSTOM_LIBRARY/packs/Mikitari/Fakemon Pack/Back shiny/FLORAMONA.png,2cc99dce763d7c79be334bb82cb9c98396a41de7ca8c5bf4a19ed7bc2e286a7a,73e2dff5ef0ee4db348ba786189f788e980a65398d20047794c2e58673670e77,94457208bb5d237bfd0de75f0ae909d12affb2e32bf9d1e27ea14423a9f96d70,Mikitari,Mikitari
PURE_PALETTE_RECOLOR,DS_CUSTOM_LIBRARY/packs/Mikitari/Fakemon Pack/Back/FLORAMONA_2.png,DS_CUSTOM_LIBRARY/packs/Mikitari/Fakemon Pack/Back shiny/FLORAMONA.png,2cc99dce763d7c79be334bb82cb9c98396a41de7ca8c5bf4a19ed7bc2e286a7a,81fa6734ab6f52ed460e6861aa56de0f2a48098309ddf41ebccb5cfe50d16d40,94457208bb5d237bfd0de75f0ae909d12affb2e32bf9d1e27ea14423a9f96d70,Mikitari,Mikitari
PURE_PALETTE_RECOLOR,DS_CUSTOM_LIBRARY/packs/Mikitari/Fakemon Pack/Back/FLORAMONA_4.png,DS_CUSTOM_LIBRARY/packs/Mikitari/Fakemon Pack/Back shiny/FLORAMONA.png,2cc99dce763d7c79be334bb82cb9c98396a41de7ca8c5bf4a19ed7bc2e286a7a,58dd6e275547c1befcc00d57167779b2924b27c331da0fd629216c9e950fed4d,94457208bb5d237bfd0de75f0ae909d12affb2e32bf9d1e27ea14423a9f96d70,Mikitari,Mikitari
PURE_PALETTE_RECOLOR,DS_CUSTOM_LIBRARY/packs/Mikitari/Fakemon Pack/Back shiny/FLAMPY.png,DS_CUSTOM_LIBRARY/packs/Mikitari/Fakemon Pack/Back/FLAMPY.png,d8f24da53cd0090625e0d73603c433abd159c39844f38242fabef1c02a987c61,7f150596cd6dfa6e508c10732ab4d97dd307324835cc54be5efe4e3349cfdbc2,c2534bb2d57a9c321990b927f2b78168a4d6a6b4111407bf4a7f9b07f221ed1b,Mikitari,Mikitari
PURE_PALETTE_RECOLOR,DS_CUSTOM_LIBRARY/packs/Mikitari/Fakemon Pack/Back/TRAUMATISSE.png,DS_CUSTOM_LIBRARY/packs/Mikitari/Fakemon Pack/Back shiny/TRAUMATISSE.png,5d50ddb091b909e652b79c56133b1f0f98e2f9d9c2d67917122ca7ed3c8b812b,535bf4443febf23fde67c494d5410fda0499510ec2084e32929c1a6bd2e23371,87a25025a50cf7b5d5a956d01d7bf9bc22593dab1eccf6edbd30edaf5101e00c,Mikitari,Mikitari
PURE_PALETTE_RECOLOR,DS_CUSTOM_LIBRARY/packs/Mikitari/Fakemon Pack/Back/WROOMTOISE.png,DS_CUSTOM_LIBRARY/packs/Mikitari/Fakemon Pack/Back shiny/WROOMTOISE.png,bae2201ec1667ea4773502a173ff9c64ec715810efe7bb34d60dfa6e61cb6907,9574233a698d7e003f9d5f1fc6c90eb56ca7f01cbbc014481a3902f1bddca749,0f6a414b078fd2c1e38ad243a8d1fccbc98644a79cd8c5d9a87da357c7ca8a24,Mikitari,Mikitari
PURE_PALETTE_RECOLOR,DS_CUSTOM_LIBRARY/packs/Mikitari/Fakemon Pack/Back/NOCTOWL_100.png,DS_CUSTOM_LIBRARY/packs/Mikitari/Fakemon Pack/Back shiny/NOCTOWL_100.png,6a0d848141888f504aee567708d09668f9bc834eadc949d73c62aef33f8687a0,0aff0858568fef6ea8365f3ff8c16f3651565c13ca4cb8588e745e7002fa3615,9c9ab275244be85dc7aaea2456cf13090359f9ab557e381b667d7e135500fffe,Mikitari,Mikitari
PURE_PALETTE_RECOLOR,DS_CUSTOM_LIBRARY/packs/Mikitari/Fakemon Pack/Back/CROOBER_female.png,DS_CUSTOM_LIBRARY/packs/Mikitari/Fakemon Pack/Back shiny/CROOBER_female.png,03626a303dacd263401cbf66a2403aff06adca780bdc07998af99a6403405f27,a1d5a298a2067f0f5a03c7cc97453fbfdf4dfba635c9d5dad6f4d022a0e3d679,3aa9e406236707387816168eaf85654f16f01a85141311936ae85ae8801f6ce4,Mikitari,Mikitari
PURE_PALETTE_RECOLOR,DS_CUSTOM_LIBRARY/packs/Mikitari/Fakemon Pack/Back/BEELITANT.png,DS_CUSTOM_LIBRARY/packs/Mikitari/Fakemon Pack/Back shiny/BEELITANT.png,80182d54d9974d31393acf1092a8878de3178a8ce4478f62bc9dbfd447eddb96,4accd812669199ea84ee1c257f79597274903e4b65025881cc8efda525052adb,c71340617f1f9aea7b94d7543c26adc82142a65be2df865e2a9e3c46d8a771f1,Mikitari,Mikitari
PURE_PALETTE_RECOLOR,DS_CUSTOM_LIBRARY/packs/Mikitari/Fakemon Pack/Back/COMMANT.png,DS_CUSTOM_LIBRARY/packs/Mikitari/Fakemon Pack/Back shiny/COMMANT.png,57a41e03a585b17c9cd46ba6c9657c0d57e024332c2ac3a7a6aa1e3c6d2bbc74,1deba0eab28cda05dedab18acd331697e93f0c3af5cd5a38f6c87ca5de41a1b1,11ca703089ce9293f54de3dafce9c3bd3ef0cf4b1c5ee996c2e0b184feb621f6,Mikitari,Mikitari
PURE_PALETTE_RECOLOR,DS_CUSTOM_LIBRARY/packs/Mikitari/Fakemon Pack/Back shiny/PRANKMARE.png,DS_CUSTOM_LIBRARY/packs/Mikitari/Fakemon Pack/Back/PRANKMARE.png,32b4ddb78d0699b4c803a98f75a8864c35ab76fe004cee68d6e568a31bff5ad7,76df51b63c4dad75d53d43b4da42ac47443b304040cd767928433aeea64d178d,9587c9ad1ad4755407237caa15ec3af7660f5c274e5fa552ea1b756a30f5711a,Mikitari,Mikitari
PURE_PALETTE_RECOLOR,DS_CUSTOM_LIBRARY/packs/Mikitari/Fakemon Pack/Back/KOCOMB.png,DS_CUSTOM_LIBRARY/packs/Mikitari/Fakemon Pack/Back shiny/KOCOMB.png,a5211e2e85be16a022e8f451134065daed434e73089f45e6bd25540bc26915dc,07dcd0123ce660a98f62dd1ee9f0caa33190434a97112450371773849414fea9,3b401bdc671b11ae2b2537db3676ad7dd99dbfaf04aeaa4a99d36899c09521c5,Mikitari,Mikitari
PURE_PALETTE_RECOLOR,DS_CUSTOM_LIBRARY/packs/Mikitari/Fakemon Pack/Back/SPHERTLE.png,DS_CUSTOM_LIBRARY/packs/Mikitari/Fakemon Pack/Back shiny/SPHERTLE.png,7995eec0f391d0b580a8d0ddafb1c56a2bc7ba70768808aeb0b001085da6d0b5,99741b6e66e24b3bc82d4c83c2c6e7271737776ed37f3af5262e75d6491cc257,90ce234787df037a82f2049203249796cfec5a41ed29486e46cb363b3c4194c2,Mikitari,Mikitari
PURE_PALETTE_RECOLOR,DS_CUSTOM_LIBRARY/packs/Mikitari/Fakemon Pack/Back shiny/SKINGNITE.png,DS_CUSTOM_LIBRARY/packs/Mikitari/Fakemon Pack/Back/SKINGNITE.png,8d137b54ef9cb3b4d71e61e8757e9a7e2abced729757b4f2a727fd084e770c87,24c81f7dd217a0bdfb8f8d08876a45f16b70817b2de45883a175fa859cd5fb6d,3356fe9db7c0dc35b3a99cd97eaa9c9d80e89127e6e3346d99d8d88ec0a48abd,Mikitari,Mikitari
PURE_PALETTE_RECOLOR,DS_CUSTOM_LIBRARY/packs/Mikitari/Fakemon Pack/Back/ORICORIO_6.png,DS_CUSTOM_LIBRARY/packs/Mikitari/Fakemon Pack/Back shiny/ORICORIO_6.png,81fdc714288b8ee2f343ad49ee6151f6834be6ab65ac05cbfc9322ede44a6875,2119660b38122ce88da007d81165b1f67ab441e932317d1890da2ff0fa1666bb,29ea78bcf9afd727164bca569531af37f548d3470abf519c50f872bec0d79482,Mikitari,Mikitari
PURE_PALETTE_RECOLOR,DS_CUSTOM_LIBRARY/packs/Mikitari/Fakemon Pack/Back/SHAGGOT.png,DS_CUSTOM_LIBRARY/packs/Mikitari/Fakemon Pack/Back shiny/SHAGGOT.png,11393551aa154b67cc3c814e679ca5ecd05f3ff707b8d3e01a10c2d35509cb8a,692c9241f0019418770f9aa5511135ce127ae1a84509040d784cd92dfedc6bc6,663e72d335238f8f6b5213cd5c4b10796c8db57b063b0d258183b383fea45d4d,Mikitari,Mikitari
PURE_PALETTE_RECOLOR,DS_CUSTOM_LIBRARY/packs/Mikitari/Fakemon Pack/Front shiny/BASSTILE.png,DS_CUSTOM_LIBRARY/packs/Mikitari/Fakemon Pack/Front/BASSTILE.png,b9f5105aa1e40b21ed1bdd561a0ae8dfc09923406c3c32c168339e4d5f6f3554,58d83f6c31ca2de75164ba4cd7c648a451839d478539a8c31e2cbb9de75f85f5,fd070e1037481358f44d592d0aadddbb861d4eaafba677dc0ae9f3c807c29923,Mikitari,Mikitari
PURE_PALETTE_RECOLOR,DS_CUSTOM_LIBRARY/packs/Mikitari/Fakemon Pack/Front/PETALNIA_6.png,DS_CUSTOM_LIBRARY/packs/Mikitari/Fakemon Pack/Front shiny/PETALNIA.png,741e1053e95dfa8fb65946248440358da8c4e149656111b19c74e90955bf566f,69fee778a323c6e0a35f5d2e72ec275374d3d61442a889d9e56a43cc9281c8eb,3429976ab9599ee3d5f904ac23656ef2c05576c2cad0d7037bea0ebacc46b5b8,Mikitari,Mikitari
PURE_PALETTE_RECOLOR,DS_CUSTOM_LIBRARY/packs/Mikitari/Fakemon Pack/Front/PETALNIA_5.png,DS_CUSTOM_LIBRARY/packs/Mikitari/Fakemon Pack/Front shiny/PETALNIA.png,741e1053e95dfa8fb65946248440358da8c4e149656111b19c74e90955bf566f,fab75d47e51779530955dadcc7eed5f6053753653d9e71d52e00f3219ee492c3,3429976ab9599ee3d5f904ac23656ef2c05576c2cad0d7037bea0ebacc46b5b8,Mikitari,Mikitari
PURE_PALETTE_RECOLOR,DS_CUSTOM_LIBRARY/packs/Mikitari/Fakemon Pack/Front/PETALNIA.png,DS_CUSTOM_LIBRARY/packs/Mikitari/Fakemon Pack/Front shiny/PETALNIA.png,741e1053e95dfa8fb65946248440358da8c4e149656111b19c74e90955bf566f,35793b870d3630423d5025cec24ffb0bde3da9a95555a1511502a6cad769aa6c,3429976ab9599ee3d5f904ac23656ef2c05576c2cad0d7037bea0ebacc46b5b8,Mikitari,Mikitari
PURE_PALETTE_RECOLOR,DS_CUSTOM_LIBRARY/packs/Mikitari/Fakemon Pack/Front/PETALNIA_3.png,DS_CUSTOM_LIBRARY/packs/Mikitari/Fakemon Pack/Front shiny/PETALNIA.png,741e1053e95dfa8fb65946248440358da8c4e149656111b19c74e90955bf566f,b35a14d1344fe1821154243148f297195d44969039a08ca137d0f2d17bb738a3,3429976ab9599ee3d5f904ac23656ef2c05576c2cad0d7037bea0ebacc46b5b8,Mikitari,Mikitari
PURE_PALETTE_RECOLOR,DS_CUSTOM_LIBRARY/packs/Mikitari/Fakemon Pack/Front/PETALNIA_4.png,DS_CUSTOM_LIBRARY/packs/Mikitari/Fakemon Pack/Front shiny/PETALNIA.png,741e1053e95dfa8fb65946248440358da8c4e149656111b19c74e90955bf566f,8d8894cb8174533feb5a0020af8c35dabe2104a595c8a909420fd3be7577bb16,3429976ab9599ee3d5f904ac23656ef2c05576c2cad0d7037bea0ebacc46b5b8,Mikitari,Mikitari
PURE_PALETTE_RECOLOR,DS_CUSTOM_LIBRARY/packs/Mikitari/Fakemon Pack/Front/PETALNIA_2.png,DS_CUSTOM_LIBRARY/packs/Mikitari/Fakemon Pack/Front shiny/PETALNIA.png,741e1053e95dfa8fb65946248440358da8c4e149656111b19c74e90955bf566f,ecad0d2bdcaffd992e2b5be32fd2eaaeb22d976dabd82fa84b8836cfd4c4e133,3429976ab9599ee3d5f904ac23656ef2c05576c2cad0d7037bea0ebacc46b5b8,Mikitari,Mikitari
PURE_PALETTE_RECOLOR,DS_CUSTOM_LIBRARY/packs/Mikitari/Fakemon Pack/Front/BASSTILE_1.png,DS_CUSTOM_LIBRARY/packs/Mikitari/Fakemon Pack/Front shiny/BASSTILE_1.png,42c3f86927c1c1c67f8f11c7132cfc2d1492260b722364abf5b7ee5608b4fd3a,edc692147228f04223566f34b442bd21abd1e3f638b327b989141a22e8582e1b,6217d501028033b7c8bc886cb30bb123c174c43553d750e73cc25646d804a219,Mikitari,Mikitari
PURE_PALETTE_RECOLOR,DS_CUSTOM_LIBRARY/packs/Mikitari/Fakemon Pack/Front/HOPIDEY.png,DS_CUSTOM_LIBRARY/packs/Mikitari/Fakemon Pack/Front shiny/HOPIDEY.png,02fdb2d53e02e43034c81042357fddc9521ae5265bfab8acba5880a511eae5d3,20f43e3d6e1451096bbc2ad6eb45b29decb8c55d9e556600c9abea180167c8e9,ce7155cbda870a3ca5a93957df131315bdcce1f3fff460f74e0878f7bb440f05,Mikitari,Mikitari
PURE_PALETTE_RECOLOR,DS_CUSTOM_LIBRARY/packs/Mikitari/Fakemon Pack/Front/SLIDUNE_1.png,DS_CUSTOM_LIBRARY/packs/Mikitari/Fakemon Pack/Front shiny/SLIDUNE_1.png,ae8c06d4fc397b9e85616ad6b14cd2a25b0c4da2892e565b7543a657ed164009,ce3f63fe085de2f12cf6c504c5c685dddf9dd987fc8420f0ff1d45184965ea70,56d0c0f34b040d6441c5c93195ec7fab3e55c83f3e519b84ac725dd92bfb3db2,Mikitari,Mikitari
PURE_PALETTE_RECOLOR,DS_CUSTOM_LIBRARY/packs/Mikitari/Fakemon Pack/Front/GLANCHOG.png,DS_CUSTOM_LIBRARY/packs/Mikitari/Fakemon Pack/Front shiny/GLANCHOG.png,b9cd1d7e4aa948337a2c21a0a3b394ccf780530699f42ae4d2ba1d20f7cff6ce,666fb951929c5afdaee8089fc21464e248ec32593406817c0521a811ddf512da,8d629d4cd6be007094759d421dbdfa5c759ef66ca555a64541d425484aa68be2,Mikitari,Mikitari
PURE_PALETTE_RECOLOR,DS_CUSTOM_LIBRARY/packs/Mikitari/Fakemon Pack/Front shiny/DOPERAMI_female.png,DS_CUSTOM_LIBRARY/packs/Mikitari/Fakemon Pack/Front/DOPERAMI_female.png,8e034e45c891abbd73fb83c87a19bde46eed35cfbdcee47f17c50732c21b5bec,fc7dbeb8b98e4070ae3b2bab0592c9346343c33025badab6e37fff938dbca0c5,8b4d0474194a939ce2c428a2cfff33648b2da9fc518ce5f053690628f6f09321,Mikitari,Mikitari
PURE_PALETTE_RECOLOR,DS_CUSTOM_LIBRARY/packs/Mikitari/Fakemon Pack/Front/SPROUTSY.png,DS_CUSTOM_LIBRARY/packs/Mikitari/Fakemon Pack/Front shiny/SPROUTSY.png,e4f905be03cca55e984d7d8943708de16bd38b703347c6ea522a6093fb049f08,dbcba9ac8b82faa8a41f51aadfb159710c9f55ea33b1e23001d08afa4b05e44d,8b3d77394b890dd2361b747e7fbbac84d0ec59be528ea81d3a441a585b5cece7,Mikitari,Mikitari
PURE_PALETTE_RECOLOR,DS_CUSTOM_LIBRARY/packs/Mikitari/Fakemon Pack/Front/ORICORIO_4.png,DS_CUSTOM_LIBRARY/packs/Mikitari/Fakemon Pack/Front shiny/ORICORIO_4.png,e20d8ff8bf862ba0f179d76ac44053bd0b5f09f1688e16b1663d72c7c719a643,e4877458b8dc2134c1e2fae7aaf9a39ede5eca2af8fafea383a26083f931783f,d3daed63a727998483c10d9baee058c33e5bb1d8b690a8f874a4ec34dd048d23,Mikitari,Mikitari
PURE_PALETTE_RECOLOR,DS_CUSTOM_LIBRARY/packs/Mikitari/Fakemon Pack/Front/GREXCLUB.png,DS_CUSTOM_LIBRARY/packs/Mikitari/Fakemon Pack/Front shiny/GREXCLUB.png,64b963b830685fbd54a6cefcfa4f5226a5f28100372361d663799abc9a680efb,184af56727fc6b5b4c78709a55d6bf38bcb6c93cb047edeb03c1c985aba58b1b,ef1719ee0716f96924e4a66d36ab4710e8fadba0d441ae5bec4546a1e8d49e89,Mikitari,Mikitari
PURE_PALETTE_RECOLOR,DS_CUSTOM_LIBRARY/packs/Mikitari/Fakemon Pack/Front shiny/GOOBOLT.png,DS_CUSTOM_LIBRARY/packs/Mikitari/Fakemon Pack/Front/GOOBOLT.png,21ba232a2ab4cd1b2f9e660c8ece8c595122afa3fef97737ea102335734d7770,c22e55ef6474c0cc15622c22a8ad603b876dc7989cd244fbdcec0d4836f646c9,76e8305057b3395ea3c1bc1bd9c85331a28e6d553ba194324c13cb823a55e643,Mikitari,Mikitari
PURE_PALETTE_RECOLOR,DS_CUSTOM_LIBRARY/packs/Mikitari/Fakemon Pack/Front/TIMPOT.png,DS_CUSTOM_LIBRARY/packs/Mikitari/Fakemon Pack/Front shiny/TIMPOT.png,a498e0e7b64a55e4929df0e08989db294525924cf57f4124d0e8f503e83075bc,14a31626c3976afadf0267e1e8a0f91c8e43987f0f9d126220d098a5f4677a48,043090279992f32baf5da3c4ee1c36080aaab07f3c7b8646440ee8230090481f,Mikitari,Mikitari
PURE_PALETTE_RECOLOR,DS_CUSTOM_LIBRARY/packs/Mikitari/Fakemon Pack/Front shiny/CONFLEVOUR.png,DS_CUSTOM_LIBRARY/packs/Mikitari/Fakemon Pack/Front/CONFLEVOUR.png,f6f62c907c06a9d00ab53744e7663b5724fe19eb05bc9c24742609ef639f170c,a378beff13f8832a720b0e283a8e5f3b25db3e0a73cc45cfa60aab2f577afdb3,5a91604ca781284ea009cb225da8978efaeca1edc9ff99f84c783b8b82db2c90,Mikitari,Mikitari
PURE_PALETTE_RECOLOR,DS_CUSTOM_LIBRARY/packs/Mikitari/Fakemon Pack/Front shiny/SUFFERUB.png,DS_CUSTOM_LIBRARY/packs/Mikitari/Fakemon Pack/Front/SUFFERUB.png,ecfb8bab5f98cfa0afadc17fa535ce104b692799b5daac77c5029025fea6e8b5,6fdb3e47a8463048e77de638751ce5c2f2fa6de4f0ff49d4ce73dad1acdb3724,03da7d0532d60b488c5f8fba4655683294af8bb7356a7f838155551a2b6cbc1d,Mikitari,Mikitari
PURE_PALETTE_RECOLOR,DS_CUSTOM_LIBRARY/packs/Mikitari/Fakemon Pack/Front shiny/FLAMBAFEE_female.png,DS_CUSTOM_LIBRARY/packs/Mikitari/Fakemon Pack/Front/FLAMBAFEE_female.png,8ca9160cf40c70ec610abc703bf3e9b99e130cba0fe63c09d86c112bcaf5e3f0,7a54f58732343ebb00b888e8574d06e46cdc21e6756aea9b0bf43b287fa65636,12063cd26958a273527b2fa249d56101ad074f4e24190337fabd457f9882d41e,Mikitari,Mikitari
PURE_PALETTE_RECOLOR,DS_CUSTOM_LIBRARY/packs/Mikitari/Fakemon Pack/Front/GEOCKO.png,DS_CUSTOM_LIBRARY/packs/Mikitari/Fakemon Pack/Front shiny/GEOCKO.png,8e6331f867e2b600275876a6da4e412eac358073106727cb482952eb38d5b967,63e0b0cbb51db986d23e836df242105d2fd9f457278a16386f55496e60246df1,440ef31fadbbbfaa5a1a6b70dc7ef74f2e6801f48464d3d861cca492fc974d32,Mikitari,Mikitari
PURE_PALETTE_RECOLOR,DS_CUSTOM_LIBRARY/packs/Mikitari/Fakemon Pack/Front/RHINPLINK.png,DS_CUSTOM_LIBRARY/packs/Mikitari/Fakemon Pack/Front shiny/RHINPLINK.png,d44e960196c9e8e51bbd4eaa0e765389534bd4e14b722a08bacc7eaa6e713378,fcf2cf8cec329a345a334c939e062d865253c7cbc008d54b19163b4c140cffc1,9888b0fcdbf92170bdd24fd02b4cb66465f7d31b487f5fcb77a4e45c7428cd73,Mikitari,Mikitari
PURE_PALETTE_RECOLOR,DS_CUSTOM_LIBRARY/packs/Mikitari/Fakemon Pack/Front/OCTOKINEPUS.png,DS_CUSTOM_LIBRARY/packs/Mikitari/Fakemon Pack/Front shiny/OCTOKINEPUS.png,f3567a2489f220640f69f8f25f7df02bebb07a14df324afce988c578c31c0d61,80a1d242059932f6628e8024a49fd65b14ee69fdd6588dd7634e0cd3d5b92800,40a4b570e4627ad5d64a6f611cece8b6e6a4c60a950d153d700c63fcf906fd11,Mikitari,Mikitari
PURE_PALETTE_RECOLOR,DS_CUSTOM_LIBRARY/packs/Mikitari/Fakemon Pack/Front/INHALIS.png,DS_CUSTOM_LIBRARY/packs/Mikitari/Fakemon Pack/Front shiny/INHALIS.png,e5cbf5de8511da819f92dca27e4a3b29e6a95dab074bbad36117796a439b40a3,7bcdf9979571c0fa54ebbe744623fdc1bd63012be945594c6b7fea2986130333,51efe2a838c901f46de17af27df49bd141b8fb41958b7ae1470382354b5eddd0,Mikitari,Mikitari
PURE_PALETTE_RECOLOR,DS_CUSTOM_LIBRARY/packs/Mikitari/Fakemon Pack/Front/MANTOON.png,DS_CUSTOM_LIBRARY/packs/Mikitari/Fakemon Pack/Front shiny/MANTOON.png,a22b10f0a26a3975dca5b89bd51f73b167cfc2def711a0b377e2f2e9739037b3,9e427c352ff219693243bbf7eae7230466d2f2a02da7126699649b65429071c2,d12db3ecdc3fd2a0bd011658b01c0367046f0f7141195f9a1266eaa624c09263,Mikitari,Mikitari
PURE_PALETTE_RECOLOR,DS_CUSTOM_LIBRARY/packs/Mikitari/Fakemon Pack/Front shiny/DOREWEE.png,DS_CUSTOM_LIBRARY/packs/Mikitari/Fakemon Pack/Front/DOREWEE.png,38024997a200c3d73d1089694cc145c98d02f5819c78b0171b35870e69cc8db9,2318faf6a2c4fde35ea6985aa875bf88b25b753f2764f475da4e31d633739b9a,9e33282ed289fafb3536ad091608dd461bf5e2e9983241bf5caeb564f4fc6198,Mikitari,Mikitari
PURE_PALETTE_RECOLOR,DS_CUSTOM_LIBRARY/packs/Mikitari/Fakemon Pack/Front/FALINKS_1.png,DS_CUSTOM_LIBRARY/packs/Mikitari/Fakemon Pack/Front shiny/FALINKS_1.png,0c48c12e936ea707d87d55816f36c35b81fda778fbe0578673f705797a0c3cba,f02732fc569069db30f976426085474d40e25543f412945dd64e96b7f32b2740,3a04892e32cdc5ca6f1640b6b2e4a60844420854e3b65e3300e37cdcff0753ae,Mikitari,Mikitari
PURE_PALETTE_RECOLOR,DS_CUSTOM_LIBRARY/packs/Mikitari/Fakemon Pack/Front/YAMASK_2.png,DS_CUSTOM_LIBRARY/packs/Mikitari/Fakemon Pack/Front shiny/YAMASK_2.png,9ae97cd58dea46c14b3cfcad180525056af49b644dc57d16471b41bf12022504,fadd329e7c43daa4c9aae8940c3a8e6acc46e439af47c521327576fa51cd803a,64afb4207ee4d40df8daecc1be4d614fe57f3fc0879ad7aa39dede6b11c802c2,Mikitari,Mikitari
PURE_PALETTE_RECOLOR,DS_CUSTOM_LIBRARY/packs/Mikitari/Fakemon Pack/Front/FLAREPENT.png,DS_CUSTOM_LIBRARY/packs/Mikitari/Fakemon Pack/Front shiny/FLAREPENT.png,99b6d0d1e5e213473a92dac2d34c3d2d805318e8d4ea46c95dbb1184e44b369b,b134fc7f8c91b3320c328fd8a0b9a8fe6dd104f0fa356eaeb7688458db73e3a6,cddfe7cbd247c32561774953f51a566dbe42e3aa114308f256ad92e2853b6d57,Mikitari,Mikitari
PURE_PALETTE_RECOLOR,DS_CUSTOM_LIBRARY/packs/Mikitari/Fakemon Pack/Front shiny/FLAMBAFEE.png,DS_CUSTOM_LIBRARY/packs/Mikitari/Fakemon Pack/Front/FLAMBAFEE.png,3766fc431b37825111fe313ba91ab893ea4be13e6737a5723680801c0831652e,530e1ec422db309571977e7260dc99260382bd7d2814e818b1bea7c755661792,949bea23e4600b3037e242201b8f78f8741fece2d248bcbed5d5682828aa781c,Mikitari,Mikitari
PURE_PALETTE_RECOLOR,DS_CUSTOM_LIBRARY/packs/Mikitari/Fakemon Pack/Front/MOURIN.png,DS_CUSTOM_LIBRARY/packs/Mikitari/Fakemon Pack/Front shiny/MOURIN.png,ddafbe9e88dfd07f13634985df38924fc115c69e71ef6ab3147a49e5382fba16,b05efd74d4c794d21a44505cf1b89571fada8515f022775e7cde667c58488ee5,d4086040f8a8091900a706bc8d075ad6914899cef358028cc87fdcfeb683f068,Mikitari,Mikitari
PURE_PALETTE_RECOLOR,DS_CUSTOM_LIBRARY/packs/Mikitari/Fakemon Pack/Front shiny/BASSTILE_2.png,DS_CUSTOM_LIBRARY/packs/Mikitari/Fakemon Pack/Front/BASSTILE_2.png,9b5f568609a30645828bc0747708e74d4e7ac4c695e41402566319b8d1e778e3,763968e85a21a8d394d00dc012cf4117ff18eaf7edfc34e746540111019feab6,5bb04c77cb22f28d6b1403d80662572b8adefe33f9379de584e85c6feb8f85ce,Mikitari,Mikitari
PURE_PALETTE_RECOLOR,DS_CUSTOM_LIBRARY/packs/Mikitari/Fakemon Pack/Front/RAVENDLER_female.png,DS_CUSTOM_LIBRARY/packs/Mikitari/Fakemon Pack/Front shiny/RAVENDLER_female.png,c3ed6a33126b449d576ea39f1c7a587cbf223a83cf4a530df9b499e47d434061,1dfbe3886eb69f90b4392f7bd19067606477b9b33334ef9fdfc54665c5929285,834e2918dce58db78f05277953c18cf4b5ff88db5ea34f1121ff9cbc2012d3b9,Mikitari,Mikitari
PURE_PALETTE_RECOLOR,DS_CUSTOM_LIBRARY/packs/Mikitari/Fakemon Pack/Front/OCTOLECT.png,DS_CUSTOM_LIBRARY/packs/Mikitari/Fakemon Pack/Front shiny/OCTOLECT.png,6c44640f25f9272cdf4832299bf25a48e07eddf6fd02106f45e6340b978276a0,6671399fd5642b296e39410b2003ecbc73a4463e9c286d9e58861d6593ad0155,3b95a696c4619cdbd55db17a773132298add55213a8f5e06e9e7f4e64177cdcf,Mikitari,Mikitari
PURE_PALETTE_RECOLOR,DS_CUSTOM_LIBRARY/packs/Mikitari/Fakemon Pack/Front/PORYGONA.png,DS_CUSTOM_LIBRARY/packs/Mikitari/Fakemon Pack/Front shiny/PORYGONA.png,07d1c3f28d41b8aa12160823d272a91763b8dfeed4126aa0ab39add8172691bc,c633572cd5bd95521bfe3e25ec18f710836aa11127911e0090a0ce040bf4dba7,29dc7e3f8de796d09556c03c2d041e8a5cc2ef8fb452497a088cf7e4b32594ff,Mikitari,Mikitari
PURE_PALETTE_RECOLOR,DS_CUSTOM_LIBRARY/packs/Mikitari/Fakemon Pack/Front shiny/DOPERAMI.png,DS_CUSTOM_LIBRARY/packs/Mikitari/Fakemon Pack/Front/DOPERAMI.png,88542955f95992d052bf5bb4a0ac66b667e871618f6405ab5dd7ea3a5549cfc6,0daac54c7ffc52e80f429b73782d29871c4f73ebda155118a71daff4ca8362f3,11f6f1fc3df1ca2ccf9350b7a69813951b29ceea04840acac82e5bbdb887c55f,Mikitari,Mikitari
PURE_PALETTE_RECOLOR,DS_CUSTOM_LIBRARY/packs/Mikitari/Fakemon Pack/Front shiny/MUNCHILL.png,DS_CUSTOM_LIBRARY/packs/Mikitari/Fakemon Pack/Front/MUNCHILL.png,1b640ef359e345ca10dd2221657782ac338719eca9ef8cbd0dd21461d97d197b,8ed444506fd96fa096d449e4419d29e1b80bd945ab6a0d27a4d1dce12a063a70,f88977d18778f358857a6102f5aee0cbeef681121dafaf749e7b07f65568a03c,Mikitari,Mikitari
PURE_PALETTE_RECOLOR,DS_CUSTOM_LIBRARY/packs/Mikitari/Fakemon Pack/Front/ERUPTILE.png,DS_CUSTOM_LIBRARY/packs/Mikitari/Fakemon Pack/Front shiny/ERUPTILE.png,f7dd5e359b3c3348cc1e688f14a46594f5ba6486e1045e66506466d1626f0506,4bc8ee567d3cb392a8cbf0bf481e54d84f7c1ccb75b37ce8007843db83a9eea6,079ae670a1d15d2e4db71a50ee2dd60cc46375feb16c2b2588281d8e75a43870,Mikitari,Mikitari
PURE_PALETTE_RECOLOR,DS_CUSTOM_LIBRARY/packs/Mikitari/Fakemon Pack/Front/PETIDAW.png,DS_CUSTOM_LIBRARY/packs/Mikitari/Fakemon Pack/Front shiny/PETIDAW.png,b6ad684c91cc86eb39fb4382b42a4d2e8a779f0c0197b10f67f66243e03ae304,23bf63fe142da329b2455721c02f391dd56f287bd32e3af27ecd4f30cc4134ca,57298364e2be7de9ee937a2832d7027b53063e06adeb259731e4254815b02c63,Mikitari,Mikitari
PURE_PALETTE_RECOLOR,DS_CUSTOM_LIBRARY/packs/Mikitari/Fakemon Pack/Front/ORICORIO_5.png,DS_CUSTOM_LIBRARY/packs/Mikitari/Fakemon Pack/Front shiny/ORICORIO_5.png,ec049b19fa877c55098dca1855ea1c0dd7973a9a2564c532bf123a6fa9fee003,bdc45b58348287afe009792543324f30eecb466682cb50b882bc5c06aea9dfcc,45b7cd7f805f0b0e7a600def1e6e1dc6dc2c4d46367a7f6f02127e628211218e,Mikitari,Mikitari
PURE_PALETTE_RECOLOR,DS_CUSTOM_LIBRARY/packs/Mikitari/Fakemon Pack/Front/SEARPENT.png,DS_CUSTOM_LIBRARY/packs/Mikitari/Fakemon Pack/Front shiny/SEARPENT.png,6f7d456842a1605a676ba85f5dd44d561190b7cd9b64b98db2c757e4ee01b116,87743f1a151be464e016d1dd73786b6c0a7e4e308fc09fec427fe3837aa25e78,c157f42802a43f213a4cd38c3f07520c4269ddd4399892c5280f9ed09946eb29,Mikitari,Mikitari
PURE_PALETTE_RECOLOR,DS_CUSTOM_LIBRARY/packs/Mikitari/Fakemon Pack/Front shiny/SPRITZEE_1.png,DS_CUSTOM_LIBRARY/packs/Mikitari/Fakemon Pack/Front/SPRITZEE_1.png,f9749b90bdb04d9a3d1d546eb2f023c18f91a28049397d152bb867ee4b12b9b1,a954f964dc020468aff11b5a36b65f88e1dece368dd77429907b9d575e1caf36,964eda85a740fb18963fa4f83c8737af6804b6f82b01b3b6b8716c8ecda0d6af,Mikitari,Mikitari
PURE_PALETTE_RECOLOR,DS_CUSTOM_LIBRARY/packs/Mikitari/Fakemon Pack/Front/FLORAMONA_5.png,DS_CUSTOM_LIBRARY/packs/Mikitari/Fakemon Pack/Front/FLORAMONA_3.png,3295c0630e41a303f7c5a93a91f451fb169674d4c4db7d9bd59ddb26886d0a05,5945c76ddde3ffc035da06f0233bf7631e6739c54b546916ef8f8545b88b52eb,43b060c5a957b4904bfcccdc4b2966937a32976c91f9875a61eb221cb8afda2d,Mikitari,Mikitari
PURE_PALETTE_RECOLOR,DS_CUSTOM_LIBRARY/packs/Mikitari/Fakemon Pack/Front/FLORAMONA.png,DS_CUSTOM_LIBRARY/packs/Mikitari/Fakemon Pack/Front/FLORAMONA_3.png,3295c0630e41a303f7c5a93a91f451fb169674d4c4db7d9bd59ddb26886d0a05,2e17bf69a53fb8647ccc7579069477e345124e16c8bca95e461804a5fa462ca2,43b060c5a957b4904bfcccdc4b2966937a32976c91f9875a61eb221cb8afda2d,Mikitari,Mikitari
PURE_PALETTE_RECOLOR,DS_CUSTOM_LIBRARY/packs/Mikitari/Fakemon Pack/Front/FLORAMONA_2.png,DS_CUSTOM_LIBRARY/packs/Mikitari/Fakemon Pack/Front/FLORAMONA_3.png,3295c0630e41a303f7c5a93a91f451fb169674d4c4db7d9bd59ddb26886d0a05,94a33e3f6e0049673e6839c86848425ad073729b63f3da805ae3e1b0f9fa7ae7,43b060c5a957b4904bfcccdc4b2966937a32976c91f9875a61eb221cb8afda2d,Mikitari,Mikitari
PURE_PALETTE_RECOLOR,DS_CUSTOM_LIBRARY/packs/Mikitari/Fakemon Pack/Front/FLORAMONA_4.png,DS_CUSTOM_LIBRARY/packs/Mikitari/Fakemon Pack/Front/FLORAMONA_3.png,3295c0630e41a303f7c5a93a91f451fb169674d4c4db7d9bd59ddb26886d0a05,4ea2341d4c70da6abc8814cc73231345fbb182ef8c656c555af003625322f80a,43b060c5a957b4904bfcccdc4b2966937a32976c91f9875a61eb221cb8afda2d,Mikitari,Mikitari
PURE_PALETTE_RECOLOR,DS_CUSTOM_LIBRARY/packs/Mikitari/Fakemon Pack/Front shiny/FLORAMONA.png,DS_CUSTOM_LIBRARY/packs/Mikitari/Fakemon Pack/Front/FLORAMONA_3.png,3295c0630e41a303f7c5a93a91f451fb169674d4c4db7d9bd59ddb26886d0a05,e3f57e0d3f613ce712e4cefcc4ad4a1c9c4373591b5b1703a49d58ac5889ef50,43b060c5a957b4904bfcccdc4b2966937a32976c91f9875a61eb221cb8afda2d,Mikitari,Mikitari
PURE_PALETTE_RECOLOR,DS_CUSTOM_LIBRARY/packs/Mikitari/Fakemon Pack/Front/BASCULIN_2.png,DS_CUSTOM_LIBRARY/packs/Mikitari/Fakemon Pack/Front shiny/BASCULIN_2.png,1384cfe24e544ed040d6388adb7e071ef321cf2d98fd8490edb0bda3a2987c23,fb5116cb7a6c4eedbf5b1d17e8648ebf95b46cfbcb36831b80c59434467e11d4,adb37ab7a9a123876447827b50e8d30b86d4544ae90bbdb53d9b33b5a5f0ee6a,Mikitari,Mikitari
PURE_PALETTE_RECOLOR,DS_CUSTOM_LIBRARY/packs/Mikitari/Fakemon Pack/Front shiny/KOCOMB_1.png,DS_CUSTOM_LIBRARY/packs/Mikitari/Fakemon Pack/Front/KOCOMB_1.png,9e0c820d55c7111eba5ddb108ff97edaed6957403e3f3cc41a633a7a3836d94f,e69b3687269dde0aca8a18732b6d50ba94cb1c54a7e6f86d8f8c847a7d907cd4,7806ff008c76c78e22055eef3a3535d9b9032f313071f03922e74e0b9f2ef1ff,Mikitari,Mikitari
PURE_PALETTE_RECOLOR,DS_CUSTOM_LIBRARY/packs/Mikitari/Fakemon Pack/Front shiny/CRUNCHILL.png,DS_CUSTOM_LIBRARY/packs/Mikitari/Fakemon Pack/Front/CRUNCHILL.png,e5fb20e303fb24f95ebde004f9d35201d91b29fd27acce75fa1cf341f74778e2,80f982da56b791a853cc0ca943f1b27108bcaac22164fc2a91307bfa095be97a,985811af6b5b351335163509bdefab0e9aa8849504d0c1d9f065db40bccc9276,Mikitari,Mikitari
PURE_PALETTE_RECOLOR,DS_CUSTOM_LIBRARY/packs/Mikitari/Fakemon Pack/Front/ORICORIO_7.png,DS_CUSTOM_LIBRARY/packs/Mikitari/Fakemon Pack/Front shiny/ORICORIO_7.png,b6529739d869c6d3d24e26693750cf190d49276a6b98bd8874f3d5629ea2c11f,880a094882d25dcdb0b761162eeaafb979d0a5d913dc5711cc4b0f37ba7f0ef1,739178229ff9978d0ff7942f8f449b517147c1e35c8daaa445493118c2bdd221,Mikitari,Mikitari
PURE_PALETTE_RECOLOR,DS_CUSTOM_LIBRARY/packs/Mikitari/Fakemon Pack/Front/RAVENDLER.png,DS_CUSTOM_LIBRARY/packs/Mikitari/Fakemon Pack/Front shiny/RAVENDLER.png,6787c6756a78cf6fa1c53a1e911ac33fa8f9a06347424dceaa9397c7695c9e24,729b77789c51050e2b764593b01b241fa26852c8fbfbc294d0a7c74b9832185f,7901595310760ca09ac1431384abf55b2d9ce3b73b24c17184dddd9deec0b50b,Mikitari,Mikitari
PURE_PALETTE_RECOLOR,DS_CUSTOM_LIBRARY/packs/Mikitari/Fakemon Pack/Front/SKINDLING.png,DS_CUSTOM_LIBRARY/packs/Mikitari/Fakemon Pack/Front shiny/SKINDLING.png,2083b6e89eea757530b20982524e40dadd41e5e14b2a80b025bcce7316dcdd0c,4d27e35f5d456e3491112477f935b08c555755096da9d04e3ed7aa82e402a9b4,eb85b3aebc1a92731d715b00aa2df5e979bce2debf1d81423b0f24ef24f124fa,Mikitari,Mikitari
PURE_PALETTE_RECOLOR,DS_CUSTOM_LIBRARY/packs/Mikitari/Fakemon Pack/Front shiny/CABATmA.png,DS_CUSTOM_LIBRARY/packs/Mikitari/Fakemon Pack/Front/CABATmA.png,c66870632bd1dfbbf272644070bc5df845a8cd2546597324cc67a5df8ef1ead1,c93b5dc5ecfe03c6b5ffd808eb1146b71a39c45dd87f6d5f9b80482935e1c8bb,0bbdac6e25591f308d99d3444984414cd12782d2e8a2da9c803af79fa7c89486,Mikitari,Mikitari
PURE_PALETTE_RECOLOR,DS_CUSTOM_LIBRARY/packs/Mikitari/Fakemon Pack/Front shiny/LEDIASTRA.png,DS_CUSTOM_LIBRARY/packs/Mikitari/Fakemon Pack/Front/LEDIASTRA.png,5ac38222b3b589da9d77b86438bd1f9b64e5a9bbd7ae89cc42f05354bb2c44be,5fae0cfbde0456c518ac2897d9490094f9f6fc64f9fcaa8c0844f08e547cad4c,65bcd98f642472dc9f23f6d836aa81d26153c2599c9fdb30a9b059144777cbb3,Mikitari,Mikitari
PURE_PALETTE_RECOLOR,DS_CUSTOM_LIBRARY/packs/Mikitari/Fakemon Pack/Front/TRAUMATISSE.png,DS_CUSTOM_LIBRARY/packs/Mikitari/Fakemon Pack/Front shiny/TRAUMATISSE.png,c91020460452dc778616be9586543b616d025eab7e08b1b920556d5c2038b537,a6ec582224787c91b8449bb2491b04954e90ce07d9f2ac8bbf38d133aa44b7b1,f7392075ea7d77159f392479caad7ce8e3edc2562f9b4cdebe980976ff1a3967,Mikitari,Mikitari
PURE_PALETTE_RECOLOR,DS_CUSTOM_LIBRARY/packs/Mikitari/Fakemon Pack/Front/NOCTOWL_100.png,DS_CUSTOM_LIBRARY/packs/Mikitari/Fakemon Pack/Front shiny/NOCTOWL_100.png,b8f1fba66fc05f5bbc203a89658815df45b54fa95a58173b87963cc75f439f08,8c10034838406dfc155d8c3b243f35f00a646a6cd56b3747e01aae20e6026f83,cdec5d9651f885098de72000b7bdcb346c598c4a3c7b5ae3b7bd9e77603da3b3,Mikitari,Mikitari
PURE_PALETTE_RECOLOR,DS_CUSTOM_LIBRARY/packs/Mikitari/Fakemon Pack/Front/PRANKMARE.png,DS_CUSTOM_LIBRARY/packs/Mikitari/Fakemon Pack/Front shiny/PRANKMARE.png,79f0048a5f20be412258999a46ae959443c9db0b76d224c0fea9598698501ae2,b736b76aff828badf7b26acc26c35cb1b59da43276253752e923c94c0fad750c,e8ff4f11be77a9b5f41edc1a4ff2d853ccbd0a61e914aa2ce443a9cc08c15ecb,Mikitari,Mikitari
PURE_PALETTE_RECOLOR,DS_CUSTOM_LIBRARY/packs/Mikitari/Fakemon Pack/Front shiny/KOCOMB.png,DS_CUSTOM_LIBRARY/packs/Mikitari/Fakemon Pack/Front/KOCOMB.png,5f5be9a1eeebb4c5177bb6d17c09c8995d28f30702b5f5320628f28bf4171615,3ea5896e27ac71a82ba095134773f53d67ad75ea435b8a0c1d268427ad0b9b4c,38cba4a625aa82c803603f39d1fd08fdb1db344bf9950d8b1066320ac4caeafc,Mikitari,Mikitari
PURE_PALETTE_RECOLOR,DS_CUSTOM_LIBRARY/packs/Mikitari/Fakemon Pack/Front/TRUNKORN.png,DS_CUSTOM_LIBRARY/packs/Mikitari/Fakemon Pack/Front shiny/TRUNKORN.png,fe4adae9de025abbac4d046896e1dfd8bbfd12258795e677229f7fd5887071fb,a5f7fab39d416b301a436861cec84ac3656614583b62caf1738c2908694e6ae4,0428071093e5cc80c4b2ee158245bb59c2a5f6f5af1f2c09ca7b01ef6c7d6d42,Mikitari,Mikitari
PURE_PALETTE_RECOLOR,DS_CUSTOM_LIBRARY/packs/Mikitari/Fakemon Pack/Front/SPHERTLE.png,DS_CUSTOM_LIBRARY/packs/Mikitari/Fakemon Pack/Front shiny/SPHERTLE.png,e2e9e3cecc8fccbba1e6e6e7fb65559aae28a9d2abc06d4c10507f442f1b81ae,1ca5a6e418885bfc047ad1b23e91e342da129cd3e45b383c91344572277536a4,1460af44cba4658b0538e030a108a6f665b587a39732d4efaaae6ad7778db0ec,Mikitari,Mikitari
PURE_PALETTE_RECOLOR,DS_CUSTOM_LIBRARY/packs/Mikitari/Fakemon Pack/Front shiny/GEOLIDON.png,DS_CUSTOM_LIBRARY/packs/Mikitari/Fakemon Pack/Front/GEOLIDON.png,94a24f7d0db2ee51290bc6a44247b69edc4c66a757d648afe594c1ac5a917202,27e15e61d701e9590de436ff99417b4c1b379a9e8a9da0489021a9727a6825b1,337b8af17881f9437673c5f770e49834f3b918681b6164ec11753853bb6d862d,Mikitari,Mikitari
PURE_PALETTE_RECOLOR,DS_CUSTOM_LIBRARY/packs/Mikitari/Fakemon Pack/Front/ORICORIO_6.png,DS_CUSTOM_LIBRARY/packs/Mikitari/Fakemon Pack/Front shiny/ORICORIO_6.png,4ac96c7af1c51e408ebb19fd1f7ab6224f5c947d848ffe34ca3c136b242ead95,d96619ddf9e77ef9cc5ccd5c5ec7d272a8c9f875358885d0ef0225bffe504c73,097779405d043e2a00b87649eff6dda18bfb86f5f80c82c5890a5f7afa57501b,Mikitari,Mikitari
PURE_PALETTE_RECOLOR,DS_CUSTOM_LIBRARY/packs/Mikitari/Fakemon Pack/Front/SHAGGOT.png,DS_CUSTOM_LIBRARY/packs/Mikitari/Fakemon Pack/Front shiny/SHAGGOT.png,a7ae684ee490f4a1d952936d37fda11a3a58b4fcb73722674059d3916e537d23,e059d8a7e1ec0cd5752934dcab057b38c3343f94327e21b094923680623b8bac,3b224e9669ab5db51f397e8f0d7a229719fec295adf45128182f829c674585de,Mikitari,Mikitari
PURE_PALETTE_RECOLOR,DS_CUSTOM_LIBRARY/packs/Mikitari/Fakemon Pack/Icons/BASSTILE.png,DS_CUSTOM_LIBRARY/packs/Mikitari/Fakemon Pack/Icons shiny/BASSTILE.png,fa396fa4e1c07338592505e3ae2b3ca956125c57c57840563a59a2ec0759761c,33a549c352139ec628432eaa07a4caf4b200306670e99587032c6de18712fe6c,b29f6e6908d89992b2f54b3478d4512c51c275d5fc5980f752c79389bde18da0,Mikitari,Mikitari
PURE_PALETTE_RECOLOR,DS_CUSTOM_LIBRARY/packs/Mikitari/Fakemon Pack/Icons/BASSTILE_1.png,DS_CUSTOM_LIBRARY/packs/Mikitari/Fakemon Pack/Icons shiny/BASSTILE_1.png,b59c61360bb9ffbf4108347fd95c10addab144bf0cd3059588dcfd1bb8f375be,d5b4f42632100a2b374336694e06bc13a855ad7d175a05515d88d5d22f943371,9bd4b72b27d7b65ed439597eb75493f6a69c2796c8ba06058388c62c10f31340,Mikitari,Mikitari
PURE_PALETTE_RECOLOR,DS_CUSTOM_LIBRARY/packs/Mikitari/Fakemon Pack/Icons/HOPIDEY.png,DS_CUSTOM_LIBRARY/packs/Mikitari/Fakemon Pack/Icons shiny/HOPIDEY.png,f17f6291bbbd17afb019439aae99cd9f101178975be36cdffd59670c121a2e85,2393a6d78ac6fe28ba88ee93a614bc0a4a44874424af0458035bb58fcd45ab96,6856156e2d44368d98437b19faaef0edd6e0195f6717d5731896643b1238fb74,Mikitari,Mikitari
PURE_PALETTE_RECOLOR,DS_CUSTOM_LIBRARY/packs/Mikitari/Fakemon Pack/Icons shiny/DAMPYBARA.png,DS_CUSTOM_LIBRARY/packs/Mikitari/Fakemon Pack/Icons/DAMPYBARA.png,98c477ba209fc6c2f9a1e19dc61d35c09f18cfce7453538c0c4b389013fa82eb,9f2ffc300a83e7eadfdf9dab4fc3f1ec57d1e756b96fbded9236f445fc50e000,3bbce71be372858398853fe7c37b608a1b35b4fa2e62dd88c7a73ca5d3cbe19a,Mikitari,Mikitari
PURE_PALETTE_RECOLOR,DS_CUSTOM_LIBRARY/packs/Mikitari/Fakemon Pack/Icons/DOPERAMI_female.png,DS_CUSTOM_LIBRARY/packs/Mikitari/Fakemon Pack/Icons shiny/DOPERAMI_female.png,2845525f8d810e90a0e1af518f1bec5007ffab87263f738f4f0b19639ba71f7b,df8c9150b1e82650176d9697ea6087ea8d714f450c740ab1d8a8f1ba93801e3e,5316d1acf1c48d293518359bb81dca033bc7c7a3064dc3dbd84f7ca941056d88,Mikitari,Mikitari
PURE_PALETTE_RECOLOR,DS_CUSTOM_LIBRARY/packs/Mikitari/Fakemon Pack/Icons/SPROUTSY.png,DS_CUSTOM_LIBRARY/packs/Mikitari/Fakemon Pack/Icons shiny/SPROUTSY.png,676f3af20f9b07176cc3aa07b8bb996c5c311a26ebd50cbe4cdb433eaeabc890,5c3c00c212291360c6f53ecf99379803bdca5f2f769edbf995c770556947f351,19c71e1472dc1c9bb7f2e52295beae27efa0e8676efb976ddec5f475c702268f,Mikitari,Mikitari
PURE_PALETTE_RECOLOR,DS_CUSTOM_LIBRARY/packs/Mikitari/Fakemon Pack/Icons/GREXCLUB.png,DS_CUSTOM_LIBRARY/packs/Mikitari/Fakemon Pack/Icons shiny/GREXCLUB.png,2b00475d97948f9d53defd37e3178b305bb6b7dd6084c5c2ab1ee58dd79807a6,feaa656a135cf40ec62a4801c94d2c9066a957bcc03e63e43c902e8fd6396a92,4ed8b97b7757640627ce6f1ff54911ce38cd83b89062120e1921c90dc8d10edf,Mikitari,Mikitari
PURE_PALETTE_RECOLOR,DS_CUSTOM_LIBRARY/packs/Mikitari/Fakemon Pack/Icons/GLOVET.png,DS_CUSTOM_LIBRARY/packs/Mikitari/Fakemon Pack/Icons shiny/GLOVET.png,70ddf1392d4843e493e7c070f5e9fea8163c2b6417446796f6684b51c898576f,9a03ff2999e2e9d9e4e112074c16b36ee496fad76552204a8e746501bae01551,a8567ef9467596c8a86aa296bbd1d30b76056081de5d0b2491a708e3b7258fa8,Mikitari,Mikitari
PURE_PALETTE_RECOLOR,DS_CUSTOM_LIBRARY/packs/Mikitari/Fakemon Pack/Icons shiny/HOMURANT.png,DS_CUSTOM_LIBRARY/packs/Mikitari/Fakemon Pack/Icons/HOMURANT.png,238975dcd190d084c23d9efeedf21713ea927a4f0bfa3bb6af7f66d9ff134ac7,e43c8d0c4820aede25c011a28e59ee243606c35667ff2477ad9e086540e4523d,10a56f64b800f7740638cdb9bbdf37f7bc03ca585b5408d29d0c1c1164360c61,Mikitari,Mikitari
PURE_PALETTE_RECOLOR,DS_CUSTOM_LIBRARY/packs/Mikitari/Fakemon Pack/Icons shiny/CONFLEVOUR.png,DS_CUSTOM_LIBRARY/packs/Mikitari/Fakemon Pack/Icons/CONFLEVOUR.png,0ea258fa6b77a5024133ce896a678eafb3512b027b051daf3d83208b30d91197,2c137c127caf5976523f5e7c8deffd325b633663fe5972ac29c12764cfbca02d,acfec418dcd4282fc5a2cd4f01b855583c57f65641935c35abab58d08ab7e25f,Mikitari,Mikitari
PURE_PALETTE_RECOLOR,DS_CUSTOM_LIBRARY/packs/Mikitari/Fakemon Pack/Icons/FLAMBAFEE_female.png,DS_CUSTOM_LIBRARY/packs/Mikitari/Fakemon Pack/Icons shiny/FLAMBAFEE_female.png,9525d56dfa049aa9086b4d229618b8f8bed7061d59d894b7abcad75882b00237,967758e492c630c6d013afa4b1094f83d25c592e1136ca8a9199652994f79b09,728149b34dbcd9e2f043ce5dcf5b76f1ecc2497c7dd3208620a68e606070d6af,Mikitari,Mikitari
PURE_PALETTE_RECOLOR,DS_CUSTOM_LIBRARY/packs/Mikitari/Fakemon Pack/Icons/CONTAMULLET.png,DS_CUSTOM_LIBRARY/packs/Mikitari/Fakemon Pack/Icons shiny/CONTAMULLET.png,db846bb5b54a4a0f05b6c3af4d5dcc93a0b6e490aca9b569c812435088b8a881,7460dec2dd2d1189dc9ab397c2973463ce4217c82a43a073b62a568197cfb098,8238bd346761a348261ec42c43b18a0d318f80f078b3a9bfb8b733e9f6e27d6b,Mikitari,Mikitari
PURE_PALETTE_RECOLOR,DS_CUSTOM_LIBRARY/packs/Mikitari/Fakemon Pack/Icons shiny/PETALNIA.png,DS_CUSTOM_LIBRARY/packs/Mikitari/Fakemon Pack/Icons/PETALNIA_2.png,fd4dd4e75a48b97d99e4fb6d29ac773ed1567c14dce6cfa9e5631279b9b989d1,34123560ad49f8d901c5f08057b74748f489b12d4ab59dd132bf453925ba9fd1,b4a1a36aacffa20433256d715c897b6e30d1d550989b42eb96a3ac68ed4d2087,Mikitari,Mikitari
PURE_PALETTE_RECOLOR,DS_CUSTOM_LIBRARY/packs/Mikitari/Fakemon Pack/Icons/PETALNIA_6.png,DS_CUSTOM_LIBRARY/packs/Mikitari/Fakemon Pack/Icons/PETALNIA_2.png,fd4dd4e75a48b97d99e4fb6d29ac773ed1567c14dce6cfa9e5631279b9b989d1,aa117f79f48890a16e51e93fb949eb5ca95f1fd38ad2ea5350f39f585544c2b3,b4a1a36aacffa20433256d715c897b6e30d1d550989b42eb96a3ac68ed4d2087,Mikitari,Mikitari
PURE_PALETTE_RECOLOR,DS_CUSTOM_LIBRARY/packs/Mikitari/Fakemon Pack/Icons/PETALNIA_5.png,DS_CUSTOM_LIBRARY/packs/Mikitari/Fakemon Pack/Icons/PETALNIA_2.png,fd4dd4e75a48b97d99e4fb6d29ac773ed1567c14dce6cfa9e5631279b9b989d1,694f4e43b51c456e29fb559be8044196a207045a9df1664f93be3c67627b7153,b4a1a36aacffa20433256d715c897b6e30d1d550989b42eb96a3ac68ed4d2087,Mikitari,Mikitari
PURE_PALETTE_RECOLOR,DS_CUSTOM_LIBRARY/packs/Mikitari/Fakemon Pack/Icons/PETALNIA.png,DS_CUSTOM_LIBRARY/packs/Mikitari/Fakemon Pack/Icons/PETALNIA_2.png,fd4dd4e75a48b97d99e4fb6d29ac773ed1567c14dce6cfa9e5631279b9b989d1,e58dd72c55bcd31c081646d6c71efe9194408c883db4e8d2455af93e0207e76a,b4a1a36aacffa20433256d715c897b6e30d1d550989b42eb96a3ac68ed4d2087,Mikitari,Mikitari
PURE_PALETTE_RECOLOR,DS_CUSTOM_LIBRARY/packs/Mikitari/Fakemon Pack/Icons/PETALNIA_3.png,DS_CUSTOM_LIBRARY/packs/Mikitari/Fakemon Pack/Icons/PETALNIA_2.png,fd4dd4e75a48b97d99e4fb6d29ac773ed1567c14dce6cfa9e5631279b9b989d1,a5374b32c6fbda3108cc939827f9d08df3ab409d61c077459e71d66b11763635,b4a1a36aacffa20433256d715c897b6e30d1d550989b42eb96a3ac68ed4d2087,Mikitari,Mikitari
PURE_PALETTE_RECOLOR,DS_CUSTOM_LIBRARY/packs/Mikitari/Fakemon Pack/Icons/PETALNIA_4.png,DS_CUSTOM_LIBRARY/packs/Mikitari/Fakemon Pack/Icons/PETALNIA_2.png,fd4dd4e75a48b97d99e4fb6d29ac773ed1567c14dce6cfa9e5631279b9b989d1,cc521192d101ed0b0cf3a15c3598eae81d35638daa5b42289466c7beacded277,b4a1a36aacffa20433256d715c897b6e30d1d550989b42eb96a3ac68ed4d2087,Mikitari,Mikitari
PURE_PALETTE_RECOLOR,DS_CUSTOM_LIBRARY/packs/Mikitari/Fakemon Pack/Icons/PETALNIA_1.png,DS_CUSTOM_LIBRARY/packs/Mikitari/Fakemon Pack/Icons/PETALNIA_2.png,fd4dd4e75a48b97d99e4fb6d29ac773ed1567c14dce6cfa9e5631279b9b989d1,075344c1752a9917ebb54291cc20fd38b3c8e71f391d253bd217694a642b254a,b4a1a36aacffa20433256d715c897b6e30d1d550989b42eb96a3ac68ed4d2087,Mikitari,Mikitari
PURE_PALETTE_RECOLOR,DS_CUSTOM_LIBRARY/packs/Mikitari/Fakemon Pack/Icons/RAKNALEAP.png,DS_CUSTOM_LIBRARY/packs/Mikitari/Fakemon Pack/Icons shiny/RAKNALEAP.png,5ea78b3ef4949311324a620a68c76b370848a476bdf12dbe35db1bb976cd6352,54da2df1744694dace38c52a3194b1c5136a565274e44867d2cc2bb586c445d4,8daa9eee0711a2cf16327e697f2a4cd85f934bf6efbc7cee7e859e2266ae2e30,Mikitari,Mikitari
PURE_PALETTE_RECOLOR,DS_CUSTOM_LIBRARY/packs/Mikitari/Fakemon Pack/Icons/INHALIS.png,DS_CUSTOM_LIBRARY/packs/Mikitari/Fakemon Pack/Icons shiny/INHALIS.png,0463747164f3c2a2ce1d8223163fb1118d69177307758cff989d95edbfb8128f,180fea36f3b85046ae2fe792d4c0c85606da2158110d225a1d17432c439406d2,9ef31342c862ac314e2042082cfbd9f927c20e8a022d244cf7acf1cde9433c9a,Mikitari,Mikitari
PURE_PALETTE_RECOLOR,DS_CUSTOM_LIBRARY/packs/Mikitari/Fakemon Pack/Icons shiny/DOREWEE.png,DS_CUSTOM_LIBRARY/packs/Mikitari/Fakemon Pack/Icons/DOREWEE.png,60187703e18cb39fb395d896074835c049a0b4ffee73e802e2a66d663ab57620,6072964922e5a8d397eb8a574be7aa01cb109db5460f87fb376a5b8551c6622d,e74ebbe89fa99521e5ea9c1beb377a715d1644c2797f158751fb27367454fb24,Mikitari,Mikitari
PURE_PALETTE_RECOLOR,DS_CUSTOM_LIBRARY/packs/Mikitari/Fakemon Pack/Icons/FLAREPENT.png,DS_CUSTOM_LIBRARY/packs/Mikitari/Fakemon Pack/Icons shiny/FLAREPENT.png,e636dc052ee7538ddd4cf51d2636a3fe3ede41c1a116f781649fd1fdf70b7438,00b2f9db0b33aaabc9ad77cdc88452c7233d7af539fe8fc79c1ac002e61abb4d,816690f31c442606a87f4a2929de60c41cb82acbbcba4a52d7571cabbdc92bea,Mikitari,Mikitari
PURE_PALETTE_RECOLOR,DS_CUSTOM_LIBRARY/packs/Mikitari/Fakemon Pack/Icons/CRISHY.png,DS_CUSTOM_LIBRARY/packs/Mikitari/Fakemon Pack/Icons shiny/CRUSHY.png,09b74a5cb4579960c4fd3c41bf31b0650b8894c0e764f07c5ca1ea570a7a6ea1,c6e65a40d66b9c1d795e632a6c46c9ac3939a75499ba9276aa5d31984dde6a6b,9a5fb51e388d6be506b71cb9438cc92c0bf541d379b4e6c38b4d77ded05e396e,Mikitari,Mikitari
PURE_PALETTE_RECOLOR,DS_CUSTOM_LIBRARY/packs/Mikitari/Fakemon Pack/Icons/FLAMBAFEE.png,DS_CUSTOM_LIBRARY/packs/Mikitari/Fakemon Pack/Icons shiny/FLAMBAFEE.png,58ccdd51acaafc9aa5a1f41f5a4ac492d56752c0f49050dae21fc7add7a8b268,6d4885dc13ad824d6b840e03bf6d6e5281055d6fbb153dfc55527ca605d7988c,4d60719c5c05f7fb9e9939e61d61396cb26e5c947807fbfaaad5d8a659e71442,Mikitari,Mikitari
PURE_PALETTE_RECOLOR,DS_CUSTOM_LIBRARY/packs/Mikitari/Fakemon Pack/Icons shiny/CHARGOO.png,DS_CUSTOM_LIBRARY/packs/Mikitari/Fakemon Pack/Icons/CHARGOO.png,88baed730b38953620c96d1639fd52d111da18fd630a6da9e63ebea89695c561,f9f4cacb7460275512671a978c8bf804e069d4fc641f08adc0d0b5d51fb07efe,e537ff9a1fcd0f98b16b07df3924d5d43d1a5a06b284be2663b6d3ad3bbc8ec9,Mikitari,Mikitari
PURE_PALETTE_RECOLOR,DS_CUSTOM_LIBRARY/packs/Mikitari/Fakemon Pack/Icons/BASSTILE_2.png,DS_CUSTOM_LIBRARY/packs/Mikitari/Fakemon Pack/Icons shiny/BASSTILE_2.png,a06cc31498220049498437386ff9d2e4e08a6c851e7133c0b17e265301334a52,e6e1f656654d25450ecd39ef800aad9a541a1d692f381a5f12d26771a5303604,a853b2c5a08b6b0493b45042516c7facb5712dd8b9b20715da3bef8176009e48,Mikitari,Mikitari
PURE_PALETTE_RECOLOR,DS_CUSTOM_LIBRARY/packs/Mikitari/Fakemon Pack/Icons shiny/OCTOLECT.png,DS_CUSTOM_LIBRARY/packs/Mikitari/Fakemon Pack/Icons/OCTOLECT.png,d3cf749bb799cef53b820cb8919d654ee47ca74e4d8561dc6ed109f7c89bdd2b,b0a9aa859fbcf9734bfd2e5bad2ebd171d44862db92c083fa9d6d482bba10dd3,5aa812e79db93353e686d0fccccbf791d2c2365d1c44c025858992e434268039,Mikitari,Mikitari
PURE_PALETTE_RECOLOR,DS_CUSTOM_LIBRARY/packs/Mikitari/Fakemon Pack/Icons/PORYGONA.png,DS_CUSTOM_LIBRARY/packs/Mikitari/Fakemon Pack/Icons shiny/PORYGONA.png,95e93e989deb942c202a43d1fad2c0e6aa6eb9149f0fd0ffaa1a11d6d0ff8d10,6f16d9952901aa7f928a3682369c1112beaf4da20cc80372ffbd8bd102490ef0,8672869cb3e39b57d99ccbca09f7515aea96ef2502d2fe76da6afd7e6a4bff1e,Mikitari,Mikitari
PURE_PALETTE_RECOLOR,DS_CUSTOM_LIBRARY/packs/Mikitari/Fakemon Pack/Icons/DOPERAMI.png,DS_CUSTOM_LIBRARY/packs/Mikitari/Fakemon Pack/Icons shiny/DOPERAMI.png,bd960555a89f7bace26349ed5890662829de0d954f8c9e6b2d8ce490c37e026c,91244383e28dd318aaf2c388eae2df7c3678caea8a12235833146af0f980d3e0,6010779b11484c94c96f7e6a5faf35db879908da68316cb5dff25c063ff6dd52,Mikitari,Mikitari
PURE_PALETTE_RECOLOR,DS_CUSTOM_LIBRARY/packs/Mikitari/Fakemon Pack/Icons shiny/MUNCHILL.png,DS_CUSTOM_LIBRARY/packs/Mikitari/Fakemon Pack/Icons/MUNCHILL.png,002673a2b9d1fabf315994ec688a7e4b7a4126be9f9c5f3ba8ad661469658444,92467f1eace4f01272791eee02435459f9a09d999f9ee29a2c7647c14ef968d3,b7cf2941384ff1803b3168ada7e08357754650c8a012f4bb701840ea50f84fe1,Mikitari,Mikitari
PURE_PALETTE_RECOLOR,DS_CUSTOM_LIBRARY/packs/Mikitari/Fakemon Pack/Icons/CASTFORM_6.png,DS_CUSTOM_LIBRARY/packs/Mikitari/Fakemon Pack/Icons shiny/CASTFORM_6.png,232b1499dc730206353c04a412a991691f4169d59f0956f18481a8c7c6bcbeb7,67aed75219e99f57fe34ea59a40b57a28d6f89af246cf9c11e79e9cdddd1508a,6d62a3ac85f70c3ab2927f8f32e81839742e380badbd3ccc06838eecf3bcfffe,Mikitari,Mikitari
PURE_PALETTE_RECOLOR,DS_CUSTOM_LIBRARY/packs/Mikitari/Fakemon Pack/Icons/CROOBER.png,DS_CUSTOM_LIBRARY/packs/Mikitari/Fakemon Pack/Icons shiny/CROOBER.png,c0ca6cb9f465412e04b322f62354222b8333be763e4386e54add361fb9dd7420,bfa70f24b747c62c802c15e56604dc16f5bf097bfdb4aac04e20ee4d550945bf,94c681ef62b74ff22f5d9718315ac790f03f7f67bc5247dfbbda88d1bcfefa2f,Mikitari,Mikitari
PURE_PALETTE_RECOLOR,DS_CUSTOM_LIBRARY/packs/Mikitari/Fakemon Pack/Icons shiny/SEARPENT.png,DS_CUSTOM_LIBRARY/packs/Mikitari/Fakemon Pack/Icons/SEARPENT.png,c6eb0772bbfcdb91912017d682afee43374e89b5587ed7ef605f2e671a5f3087,b78ac1d01ef6e1a18a2f172951a4cc9f81277348a3e48b47b3230e3d7bd5e594,515f70ce11340f3fbd503f6985143c99fe5c4fb32155eeeba42c07cc372ef19b,Mikitari,Mikitari
PURE_PALETTE_RECOLOR,DS_CUSTOM_LIBRARY/packs/Mikitari/Fakemon Pack/Icons/SPRITZEE.png,DS_CUSTOM_LIBRARY/packs/Mikitari/Fakemon Pack/Icons shiny/SPRITZEE_1.png,a3c219b36d5e2c3ee49f342feb5fd1b4026d1f96a212a3e4363190248c5ec45d,1511575c4cf48d5caa10ce74b19a58ebe890d03a76a9224e896a59a57765f35f,0f931a86bf8d9baa0a12f499b2d6c162808f7154daba31791f67d8fbfa22c70e,Mikitari,Mikitari
PURE_PALETTE_RECOLOR,DS_CUSTOM_LIBRARY/packs/Mikitari/Fakemon Pack/Icons shiny/SKINDLING.png,DS_CUSTOM_LIBRARY/packs/Mikitari/Fakemon Pack/Icons/SKINDLING.png,352aee9b1901a18c2c95817b7a230c6db6255ad71e3620b79bfe3b2860874fee,19209ab749da2b7efc7b8676560f2734420618ded9b0efce6e1f70df1c29aa78,5d0553d5f270c501ced39028db45dc5def2d7ca765756424d7278a918df2555d,Mikitari,Mikitari
PURE_PALETTE_RECOLOR,DS_CUSTOM_LIBRARY/packs/Mikitari/Fakemon Pack/Icons shiny/FLORAMONA.png,DS_CUSTOM_LIBRARY/packs/Mikitari/Fakemon Pack/Icons/FLORAMONA.png,f62264da10bd132671dc40bf582bef71c49f5e5a97330ba9811adcccef27bca5,c50c814ae283f3c40fda44358b2571c8503aa926d35f2d37819f09cc34125e40,4cda2bd25f8b6c8591d0aee48ec834f4e6352723946eec4c23d2299f18c3f520,Mikitari,Mikitari
PURE_PALETTE_RECOLOR,DS_CUSTOM_LIBRARY/packs/Mikitari/Fakemon Pack/Icons/FLORAMONA_1.png,DS_CUSTOM_LIBRARY/packs/Mikitari/Fakemon Pack/Icons/FLORAMONA.png,f62264da10bd132671dc40bf582bef71c49f5e5a97330ba9811adcccef27bca5,1c9ede5313996f793e5acd30373d302e0df1318f7b84961c6b0dc8c113e85da7,4cda2bd25f8b6c8591d0aee48ec834f4e6352723946eec4c23d2299f18c3f520,Mikitari,Mikitari
PURE_PALETTE_RECOLOR,DS_CUSTOM_LIBRARY/packs/Mikitari/Fakemon Pack/Icons/FLORAMONA_6.png,DS_CUSTOM_LIBRARY/packs/Mikitari/Fakemon Pack/Icons/FLORAMONA.png,f62264da10bd132671dc40bf582bef71c49f5e5a97330ba9811adcccef27bca5,0b0a2168d9130449d48817cd2c02b6906d71be7c54bdfc3d77eb2fb62c17c925,4cda2bd25f8b6c8591d0aee48ec834f4e6352723946eec4c23d2299f18c3f520,Mikitari,Mikitari
PURE_PALETTE_RECOLOR,DS_CUSTOM_LIBRARY/packs/Mikitari/Fakemon Pack/Icons/FLORAMONA_5.png,DS_CUSTOM_LIBRARY/packs/Mikitari/Fakemon Pack/Icons/FLORAMONA.png,f62264da10bd132671dc40bf582bef71c49f5e5a97330ba9811adcccef27bca5,f98130d271e400e8cee64f95192dac02d9930ec72afd355b775012a87ec951ce,4cda2bd25f8b6c8591d0aee48ec834f4e6352723946eec4c23d2299f18c3f520,Mikitari,Mikitari
PURE_PALETTE_RECOLOR,DS_CUSTOM_LIBRARY/packs/Mikitari/Fakemon Pack/Icons/FLORAMONA_3.png,DS_CUSTOM_LIBRARY/packs/Mikitari/Fakemon Pack/Icons/FLORAMONA.png,f62264da10bd132671dc40bf582bef71c49f5e5a97330ba9811adcccef27bca5,9b26e53e83d51f90117e71b22dfb663bc0fb075a14aa88f6f902b85efb359e91,4cda2bd25f8b6c8591d0aee48ec834f4e6352723946eec4c23d2299f18c3f520,Mikitari,Mikitari
PURE_PALETTE_RECOLOR,DS_CUSTOM_LIBRARY/packs/Mikitari/Fakemon Pack/Icons/FLORAMONA_2.png,DS_CUSTOM_LIBRARY/packs/Mikitari/Fakemon Pack/Icons/FLORAMONA.png,f62264da10bd132671dc40bf582bef71c49f5e5a97330ba9811adcccef27bca5,ce2d226e111977895f2a174bbba59b921a32f310263b619f57946c6cfe812ad0,4cda2bd25f8b6c8591d0aee48ec834f4e6352723946eec4c23d2299f18c3f520,Mikitari,Mikitari
PURE_PALETTE_RECOLOR,DS_CUSTOM_LIBRARY/packs/Mikitari/Fakemon Pack/Icons/FLORAMONA_4.png,DS_CUSTOM_LIBRARY/packs/Mikitari/Fakemon Pack/Icons/FLORAMONA.png,f62264da10bd132671dc40bf582bef71c49f5e5a97330ba9811adcccef27bca5,b79231a4b755913a4212b6e34b3c2d4cdc3347eb265eb2f06b5548724e432796,4cda2bd25f8b6c8591d0aee48ec834f4e6352723946eec4c23d2299f18c3f520,Mikitari,Mikitari
PURE_PALETTE_RECOLOR,DS_CUSTOM_LIBRARY/packs/Mikitari/Fakemon Pack/Icons/RHINTAIN.png,DS_CUSTOM_LIBRARY/packs/Mikitari/Fakemon Pack/Icons shiny/RHINTAIN.png,995bc0db65ef6948a77964be52e601011731f66d5f6bbb1c6c18b5d5ab3c81f8,4d1eb34930a2cc537ca4d54d72beeafacbe9cf818e2c69cddf893539f05f4a72,54681cec86da0a9d635524eeacb7dd91c1879ac764312cc846cbd41ed775f08d,Mikitari,Mikitari
PURE_PALETTE_RECOLOR,DS_CUSTOM_LIBRARY/packs/Mikitari/Fakemon Pack/Icons/GEOLIDON.png,DS_CUSTOM_LIBRARY/packs/Mikitari/Fakemon Pack/Icons shiny/GEOLIDON.png,0fb001edef9982a00c1d8c3814d387b24fecaae85c55de6ecdc0c851346101f5,39970d29ba19e627c52c6377d24f5152734896bdde90703a1efe8879c2bd97ea,cf93d76490f29ca90cf4610cd4a4596f334ee7ea861dce4314e34566b02a40d0,Mikitari,Mikitari
PURE_PALETTE_RECOLOR,DS_CUSTOM_LIBRARY/packs/Mikitari/Fakemon Pack/Icons shiny/ORICORIO_6.png,DS_CUSTOM_LIBRARY/packs/Mikitari/Fakemon Pack/Icons/ORICORIO_6.png,57e6c6a41a2b6f52a2656fd5898846bf330e3ec42c5d670efae8fa79cde566f2,4275478d155eed05e3116f5dc097874ffd8bb29e76c62a69a06d49a0841410c9,6519d97a69ee099f5dad3c6d5d0270847068c7928d4aa80df720bc955878e83f,Mikitari,Mikitari
PURE_PALETTE_RECOLOR,DS_CUSTOM_LIBRARY/packs/Mikitari/Fakemon Pack/Icons shiny/SHAGGOT.png,DS_CUSTOM_LIBRARY/packs/Mikitari/Fakemon Pack/Icons/SHAGGOT.png,0607c3ca7d569f6739d1219721b0e780559c22a0a784509d1a60e757c09bc815,82af5ee43821fd845c4a2c2c9f59cb559c6c21d7c042e596c2bff26c8ce99cf1,02d27d0061324e979dda113a9c5e081d12ce9ec4016e0ba4dc5a9ce3b38809bd,Mikitari,Mikitari
PURE_PALETTE_RECOLOR,DS_CUSTOM_LIBRARY/packs/Mega_Flygon/mega flygon/Graphics/Pokemon/Back/FLYGON_1.png,DS_CUSTOM_LIBRARY/packs/Mega_Flygon/mega flygon/Graphics/Pokemon/Back shiny/FLYGON_1.png,00f25a8b4564a57f9ccbb3d1a88f1311b9a47180ee0b29408d726e2ac59e998d,b3b23e6de521b96ece7172cc882569c408ce40219f92867a14603896abd698da,13d102abbc57d5ec98ad4cdde7d384f22800251133269864314e39b43077201b,Mega_Flygon,Mega_Flygon
PURE_PALETTE_RECOLOR,DS_CUSTOM_LIBRARY/packs/HG_Engine_DS_Sprites/540/icon.png,DS_CUSTOM_LIBRARY/packs/HG_Engine_DS_Sprites/castform_sunny/icon.png,e453aa4cafde966b71cec26353c5a70145ccbc7df2049abe48712cb80adff6ca,d2695cbbf2181cc56690709622bafb6b54fcb6387447793b910e784d25f395de,57e0e05120df0394cd64c87394064ce543b979b87016cf4ab7ad9410493c66fb,HG_Engine_DS_Sprites,HG_Engine_DS_Sprites
PURE_PALETTE_RECOLOR,DS_CUSTOM_LIBRARY/packs/HG_Engine_DS_Sprites/gourgeist/icon.png,DS_CUSTOM_LIBRARY/packs/HG_Engine_DS_Sprites/gourgeist_large/icon.png,60b34fd10032b9d8f13913f2070d6ce993a42c92c486d2ade371f00f212de3ec,553125ba1be86677b88d1b5b1524023d961a0938e6e05b651477d311b7b22f97,b420f02146cdc826174abff2f5aef87191d3128f3006029fe1d910e0586f1388,HG_Engine_DS_Sprites,HG_Engine_DS_Sprites
PURE_PALETTE_RECOLOR,DS_CUSTOM_LIBRARY/packs/HG_Engine_DS_Sprites/deerling_winter/overworld.png,DS_CUSTOM_LIBRARY/packs/HG_Engine_DS_Sprites/deerling/overworld.png,fd088ca051db143fac7ec11c4c886ffd90fe37530ad5f80c8e653a45c9d9e562,3664e839c02a1afff0a4c327f5fce577e062d3e6abab7ead13789ef6cfa19d84,a1dc795285fab35f7cac5efdc2a1808ad0acec4c2b42bad42f8bd76b2f1efc08,HG_Engine_DS_Sprites,HG_Engine_DS_Sprites
PURE_PALETTE_RECOLOR,DS_CUSTOM_LIBRARY/packs/HG_Engine_DS_Sprites/deerling_summer/overworld.png,DS_CUSTOM_LIBRARY/packs/HG_Engine_DS_Sprites/deerling/overworld.png,fd088ca051db143fac7ec11c4c886ffd90fe37530ad5f80c8e653a45c9d9e562,26e8e74fae9a396003169834a2411e1b599a34c3e37329e14df81b21f71d75ce,a1dc795285fab35f7cac5efdc2a1808ad0acec4c2b42bad42f8bd76b2f1efc08,HG_Engine_DS_Sprites,HG_Engine_DS_Sprites
PURE_PALETTE_RECOLOR,DS_CUSTOM_LIBRARY/packs/HG_Engine_DS_Sprites/deerling_autumn/overworld.png,DS_CUSTOM_LIBRARY/packs/HG_Engine_DS_Sprites/deerling/overworld.png,fd088ca051db143fac7ec11c4c886ffd90fe37530ad5f80c8e653a45c9d9e562,0a6c839ca3fd7767df863beefec674026654ec1d5bb7f9c35ac41b20e1145938,a1dc795285fab35f7cac5efdc2a1808ad0acec4c2b42bad42f8bd76b2f1efc08,HG_Engine_DS_Sprites,HG_Engine_DS_Sprites
PURE_PALETTE_RECOLOR,DS_CUSTOM_LIBRARY/packs/HG_Engine_DS_Sprites/flabebe/icon.png,DS_CUSTOM_LIBRARY/packs/HG_Engine_DS_Sprites/flabebe_yellow_flower/icon.png,8e601eda03b3e6d7ec44246d84b1c10e6fff8c818a492b7f0ab764b7dbe2990c,fe5cbb514a18047950cc091b0d8a686e155c06c42b82431e789ba175c96cc89b,34a010b57ba5f2b379f8dfa756e0ec97f59466e78e2587d6bf1eb772d67cad68,HG_Engine_DS_Sprites,HG_Engine_DS_Sprites
PURE_PALETTE_RECOLOR,DS_CUSTOM_LIBRARY/packs/HG_Engine_DS_Sprites/arceus_dragon/overworld.png,DS_CUSTOM_LIBRARY/packs/HG_Engine_DS_Sprites/arceus/overworld.png,144d504a28145125b59e4377ee3bab72a7ff844a03c9647b6d118c0a1748db1f,156b40a0c64e14ea851ce3e083d7a1d2d32233b108b2c07afc0f0950a45f75a0,02ab1b62ef62435b40031a19cfad47fcca14767e62f8a76702ee46665dcaf9b3,HG_Engine_DS_Sprites,HG_Engine_DS_Sprites
PURE_PALETTE_RECOLOR,DS_CUSTOM_LIBRARY/packs/HG_Engine_DS_Sprites/arceus_ghost/overworld.png,DS_CUSTOM_LIBRARY/packs/HG_Engine_DS_Sprites/arceus/overworld.png,144d504a28145125b59e4377ee3bab72a7ff844a03c9647b6d118c0a1748db1f,a34d77e593f0fac8875d5f87db3b08c53fcd07f57880c60d32e376f4bbbe8961,02ab1b62ef62435b40031a19cfad47fcca14767e62f8a76702ee46665dcaf9b3,HG_Engine_DS_Sprites,HG_Engine_DS_Sprites
PURE_PALETTE_RECOLOR,DS_CUSTOM_LIBRARY/packs/HG_Engine_DS_Sprites/arceus_fighting/overworld.png,DS_CUSTOM_LIBRARY/packs/HG_Engine_DS_Sprites/arceus/overworld.png,144d504a28145125b59e4377ee3bab72a7ff844a03c9647b6d118c0a1748db1f,c04e0c7be78af4b1b488331e9135d5d7eb6075b446894ac47d0b032d26f067af,02ab1b62ef62435b40031a19cfad47fcca14767e62f8a76702ee46665dcaf9b3,HG_Engine_DS_Sprites,HG_Engine_DS_Sprites
PURE_PALETTE_RECOLOR,DS_CUSTOM_LIBRARY/packs/HG_Engine_DS_Sprites/arceus_steel/overworld.png,DS_CUSTOM_LIBRARY/packs/HG_Engine_DS_Sprites/arceus/overworld.png,144d504a28145125b59e4377ee3bab72a7ff844a03c9647b6d118c0a1748db1f,de605c856b0972e584cf764ea7f314566bd6046fe484aef7126c7d918fd58d57,02ab1b62ef62435b40031a19cfad47fcca14767e62f8a76702ee46665dcaf9b3,HG_Engine_DS_Sprites,HG_Engine_DS_Sprites
PURE_PALETTE_RECOLOR,DS_CUSTOM_LIBRARY/packs/HG_Engine_DS_Sprites/arceus_ground/overworld.png,DS_CUSTOM_LIBRARY/packs/HG_Engine_DS_Sprites/arceus/overworld.png,144d504a28145125b59e4377ee3bab72a7ff844a03c9647b6d118c0a1748db1f,2e1b79a9adec8d90bb967443dc85d5811b99ec1e1dbcf5c0c70fd6cead8d3581,02ab1b62ef62435b40031a19cfad47fcca14767e62f8a76702ee46665dcaf9b3,HG_Engine_DS_Sprites,HG_Engine_DS_Sprites
PURE_PALETTE_RECOLOR,DS_CUSTOM_LIBRARY/packs/HG_Engine_DS_Sprites/arceus_dark/overworld.png,DS_CUSTOM_LIBRARY/packs/HG_Engine_DS_Sprites/arceus/overworld.png,144d504a28145125b59e4377ee3bab72a7ff844a03c9647b6d118c0a1748db1f,f847d8aaf9dcd9a81f4ab3887634c6dadd2c446f740bcf9c55663056a1c507b5,02ab1b62ef62435b40031a19cfad47fcca14767e62f8a76702ee46665dcaf9b3,HG_Engine_DS_Sprites,HG_Engine_DS_Sprites
PURE_PALETTE_RECOLOR,DS_CUSTOM_LIBRARY/packs/HG_Engine_DS_Sprites/arceus_flying/overworld.png,DS_CUSTOM_LIBRARY/packs/HG_Engine_DS_Sprites/arceus/overworld.png,144d504a28145125b59e4377ee3bab72a7ff844a03c9647b6d118c0a1748db1f,a8d48f32a6bd70f38f64184cd8a2ac7b7e8c477ad3bc9f15cc272469509b76dc,02ab1b62ef62435b40031a19cfad47fcca14767e62f8a76702ee46665dcaf9b3,HG_Engine_DS_Sprites,HG_Engine_DS_Sprites
PURE_PALETTE_RECOLOR,DS_CUSTOM_LIBRARY/packs/HG_Engine_DS_Sprites/arceus_bug/overworld.png,DS_CUSTOM_LIBRARY/packs/HG_Engine_DS_Sprites/arceus/overworld.png,144d504a28145125b59e4377ee3bab72a7ff844a03c9647b6d118c0a1748db1f,8dd751aabba1731d5a24998403073b7fda3da9b06d7a0b1d0eb5e9ec261ed8d9,02ab1b62ef62435b40031a19cfad47fcca14767e62f8a76702ee46665dcaf9b3,HG_Engine_DS_Sprites,HG_Engine_DS_Sprites
PURE_PALETTE_RECOLOR,DS_CUSTOM_LIBRARY/packs/HG_Engine_DS_Sprites/arceus_fairy/overworld.png,DS_CUSTOM_LIBRARY/packs/HG_Engine_DS_Sprites/arceus/overworld.png,144d504a28145125b59e4377ee3bab72a7ff844a03c9647b6d118c0a1748db1f,a5d8251f93fc45505e6646b7fb20f50d74e882fe13f69f35c8c5d1a0b34dcc1d,02ab1b62ef62435b40031a19cfad47fcca14767e62f8a76702ee46665dcaf9b3,HG_Engine_DS_Sprites,HG_Engine_DS_Sprites
PURE_PALETTE_RECOLOR,DS_CUSTOM_LIBRARY/packs/HG_Engine_DS_Sprites/arceus_electric/overworld.png,DS_CUSTOM_LIBRARY/packs/HG_Engine_DS_Sprites/arceus/overworld.png,144d504a28145125b59e4377ee3bab72a7ff844a03c9647b6d118c0a1748db1f,18dab19b0c1756baf04761f494049e113bd5b348d4711675d7e4247c20a66a66,02ab1b62ef62435b40031a19cfad47fcca14767e62f8a76702ee46665dcaf9b3,HG_Engine_DS_Sprites,HG_Engine_DS_Sprites
PURE_PALETTE_RECOLOR,DS_CUSTOM_LIBRARY/packs/HG_Engine_DS_Sprites/arceus_water/overworld.png,DS_CUSTOM_LIBRARY/packs/HG_Engine_DS_Sprites/arceus/overworld.png,144d504a28145125b59e4377ee3bab72a7ff844a03c9647b6d118c0a1748db1f,c764573f93bc5a774c6d47601eded313902ab56b2c6e828c57cb44c9c03d6a7f,02ab1b62ef62435b40031a19cfad47fcca14767e62f8a76702ee46665dcaf9b3,HG_Engine_DS_Sprites,HG_Engine_DS_Sprites
PURE_PALETTE_RECOLOR,DS_CUSTOM_LIBRARY/packs/HG_Engine_DS_Sprites/arceus_fire/overworld.png,DS_CUSTOM_LIBRARY/packs/HG_Engine_DS_Sprites/arceus/overworld.png,144d504a28145125b59e4377ee3bab72a7ff844a03c9647b6d118c0a1748db1f,d9b2fed60259ab3ed84cc4c58d22aadf7de1e1414265a338a52f3c05a5e494fe,02ab1b62ef62435b40031a19cfad47fcca14767e62f8a76702ee46665dcaf9b3,HG_Engine_DS_Sprites,HG_Engine_DS_Sprites
PURE_PALETTE_RECOLOR,DS_CUSTOM_LIBRARY/packs/HG_Engine_DS_Sprites/arceus_rock/overworld.png,DS_CUSTOM_LIBRARY/packs/HG_Engine_DS_Sprites/arceus/overworld.png,144d504a28145125b59e4377ee3bab72a7ff844a03c9647b6d118c0a1748db1f,f9c96b7887839147cdf71232cc0c8cf7e93d97ffe7fa9afae73a194204c1eb40,02ab1b62ef62435b40031a19cfad47fcca14767e62f8a76702ee46665dcaf9b3,HG_Engine_DS_Sprites,HG_Engine_DS_Sprites
PURE_PALETTE_RECOLOR,DS_CUSTOM_LIBRARY/packs/HG_Engine_DS_Sprites/arceus_grass/overworld.png,DS_CUSTOM_LIBRARY/packs/HG_Engine_DS_Sprites/arceus/overworld.png,144d504a28145125b59e4377ee3bab72a7ff844a03c9647b6d118c0a1748db1f,bfae6011670e95cabfbaab4c01332725628fc2a51fbb5b24d71cf4d52eb26183,02ab1b62ef62435b40031a19cfad47fcca14767e62f8a76702ee46665dcaf9b3,HG_Engine_DS_Sprites,HG_Engine_DS_Sprites
PURE_PALETTE_RECOLOR,DS_CUSTOM_LIBRARY/packs/HG_Engine_DS_Sprites/arceus_psychic/overworld.png,DS_CUSTOM_LIBRARY/packs/HG_Engine_DS_Sprites/arceus/overworld.png,144d504a28145125b59e4377ee3bab72a7ff844a03c9647b6d118c0a1748db1f,918743798c0633fa742656c1fc30e14bf2fda50e8391f68156be446873b462a4,02ab1b62ef62435b40031a19cfad47fcca14767e62f8a76702ee46665dcaf9b3,HG_Engine_DS_Sprites,HG_Engine_DS_Sprites
PURE_PALETTE_RECOLOR,DS_CUSTOM_LIBRARY/packs/HG_Engine_DS_Sprites/arceus_poison/overworld.png,DS_CUSTOM_LIBRARY/packs/HG_Engine_DS_Sprites/arceus/overworld.png,144d504a28145125b59e4377ee3bab72a7ff844a03c9647b6d118c0a1748db1f,f116e6f1ce61aa360eaed01e73a823367c74169c2cddf0db51aeada66eb7fa97,02ab1b62ef62435b40031a19cfad47fcca14767e62f8a76702ee46665dcaf9b3,HG_Engine_DS_Sprites,HG_Engine_DS_Sprites
PURE_PALETTE_RECOLOR,DS_CUSTOM_LIBRARY/packs/HG_Engine_DS_Sprites/flabebe_orange_flower/overworld.png,DS_CUSTOM_LIBRARY/packs/HG_Engine_DS_Sprites/flabebe_blue_flower/overworld.png,7e853c0a21b7e7f074e6b3a16761b13c2a957aa5fc7214b0f77dd00201d1638a,d81d9856d6372007e287d7a93a0d06868ae2e49ce297e91125e3310319237f3f,76a548f41d485dc616d009a6071538b9e0b6d77faf7e696b992318dd52633d8a,HG_Engine_DS_Sprites,HG_Engine_DS_Sprites
PURE_PALETTE_RECOLOR,DS_CUSTOM_LIBRARY/packs/HG_Engine_DS_Sprites/flabebe_orange_flower/icon.png,DS_CUSTOM_LIBRARY/packs/HG_Engine_DS_Sprites/flabebe_blue_flower/icon.png,a41d4ff692c414f4be40fbe0696b95a71b04d18729ca2245cf9e4a783fbd6d30,3043a05c010703bae1cb693d09215cbb917bbb0ebe35b0cfaf59f5748cca4317,8e6869157da03ad605100a02616562243972365cc2ba844eceaf07271af9a991,HG_Engine_DS_Sprites,HG_Engine_DS_Sprites
PURE_PALETTE_RECOLOR,DS_CUSTOM_LIBRARY/packs/HG_Engine_DS_Sprites/mega_latios/icon.png,DS_CUSTOM_LIBRARY/packs/HG_Engine_DS_Sprites/mega_latias/icon.png,7d205e29906470d163627dfe1ce20fc01ac9a5d04b11ede017ad04e373e75d0d,008820e2ee09e5870ec1f7b94e11cb3e6114db76245a6000743810ae0285f640,190b41db7fff0c18db1af23fa9270fcd2380cbfa5e98e5d7461cf0a2ed233247,HG_Engine_DS_Sprites,HG_Engine_DS_Sprites
PURE_PALETTE_RECOLOR,DS_CUSTOM_LIBRARY/packs/HG_Engine_DS_Sprites/florges_yellow_flower/icon.png,DS_CUSTOM_LIBRARY/packs/HG_Engine_DS_Sprites/florges_blue_flower/icon.png,5c192097d5cf41be376793df2adcc411e44a757652b8b7645923d7585102455b,56caca9eb80c10702e4642197918b91035b92036c836be34cc9eb4c67dff9fc7,cc0cd358c0225ad6eae8367d5d0e9210327e44bae304e1c8592648a966cf76ff,HG_Engine_DS_Sprites,HG_Engine_DS_Sprites
PURE_PALETTE_RECOLOR,DS_CUSTOM_LIBRARY/packs/HG_Engine_DS_Sprites/florges_orange_flower/overworld.png,DS_CUSTOM_LIBRARY/packs/HG_Engine_DS_Sprites/florges_blue_flower/overworld.png,54e6e4300b6ee62563f0034c65e67546a50e00146fb1c9b531c4127e05a9910b,349299834eec5a88dcce86755e29c6916b90002672d84c4d981bbeb60cd6779d,662c17cd60273443acac817ea4e43126439abf4fc4094b20d54df920a1c5174f,HG_Engine_DS_Sprites,HG_Engine_DS_Sprites
PURE_PALETTE_RECOLOR,DS_CUSTOM_LIBRARY/packs/HG_Engine_DS_Sprites/541/icon.png,DS_CUSTOM_LIBRARY/packs/HG_Engine_DS_Sprites/castform_rainy/icon.png,9e22737c654413ee92cfc3d19c1781611e2ff3b2fefd7f403a3a20316bcc2141,19788101b1dc0b32ec56d771279769dd207c873ea530ec1a30bafb24c4f40431,b01bc4ce761af612f39a7e2ad86a5c13f51448323819d7bc1a5b2c95f83139d0,HG_Engine_DS_Sprites,HG_Engine_DS_Sprites
PURE_PALETTE_RECOLOR,DS_CUSTOM_LIBRARY/packs/HG_Engine_DS_Sprites/floette_orange_flower/overworld.png,DS_CUSTOM_LIBRARY/packs/HG_Engine_DS_Sprites/floette_blue_flower/overworld.png,a1b5360f83745b9b5c782e3b8cb23d49828314a80f2746497739eb5e8d1bfe8b,d0225f0f0002314f64c8a0b7b80e91f853912f4907df36c7dca3754bcef909bc,fd32545da6fb3dab06c2750850ff915c15a460f4246564e22a966475f3e3034c,HG_Engine_DS_Sprites,HG_Engine_DS_Sprites
PURE_PALETTE_RECOLOR,DS_CUSTOM_LIBRARY/packs/HG_Engine_DS_Sprites/floette_yellow_flower/overworld.png,DS_CUSTOM_LIBRARY/packs/HG_Engine_DS_Sprites/floette_blue_flower/overworld.png,a1b5360f83745b9b5c782e3b8cb23d49828314a80f2746497739eb5e8d1bfe8b,fb25a17257965f9b5b3938a3fbb88c7a66b36d3e85f116fde2f1c0e6da4b4b36,fd32545da6fb3dab06c2750850ff915c15a460f4246564e22a966475f3e3034c,HG_Engine_DS_Sprites,HG_Engine_DS_Sprites
PURE_PALETTE_RECOLOR,DS_CUSTOM_LIBRARY/packs/HG_Engine_DS_Sprites/floette_orange_flower/icon.png,DS_CUSTOM_LIBRARY/packs/HG_Engine_DS_Sprites/floette_blue_flower/icon.png,92db4b4931870f7b567f3828ca7db6d57593a8fa6289505493401a213c69aade,4a07fba878dd5671edbac881694aa4e7e58385afe35d896ba1e97eb501bccfa5,f1ef85cc489ba90cd275916a5f027d788b453f38c9caad54273c7614073e9542,HG_Engine_DS_Sprites,HG_Engine_DS_Sprites
PURE_PALETTE_RECOLOR,DS_CUSTOM_LIBRARY/packs/HG_Engine_DS_Sprites/542/icon.png,DS_CUSTOM_LIBRARY/packs/HG_Engine_DS_Sprites/castform_snowy/icon.png,29bb4583b2bfe349aff6279715060f371f3f83c1a2f6a20870650462d86d5887,e91f3d57701396c961f81571155f789f2c21b05fe6243106fb6617b182e04b3a,230c4977f9b7da610567d7abb6ba80954c578ef9c7faf07def883ba9488848b5,HG_Engine_DS_Sprites,HG_Engine_DS_Sprites
PURE_PALETTE_RECOLOR,DS_CUSTOM_LIBRARY/packs/HG_Engine_DS_Sprites/floette_yellow_flower/icon.png,DS_CUSTOM_LIBRARY/packs/HG_Engine_DS_Sprites/floette/icon.png,a1bded542f193d211a6f7b825a648fc3bfd01d98af8ffe0b790198e74727fbd1,643a3f10b54d131e971634f53ed7ad54d1cfef1df03432e1fd0515f8c05400db,f69207179529179c4d8243c32102241f794e2ab788130ac068487a30c12cda98,HG_Engine_DS_Sprites,HG_Engine_DS_Sprites
PURE_PALETTE_RECOLOR,DS_CUSTOM_LIBRARY/packs/HG_Engine_DS_Sprites/hippowdon/overworld_female.png,DS_CUSTOM_LIBRARY/packs/HG_Engine_DS_Sprites/hippowdon/overworld.png,c686a91f92201f976b1ffad1cfaf9b53b5bf4a9885244dc7b05af7362d44b3c7,19d2c1288f09abbc5940db570359c0ca80e68285072260091ba4a45a47bc33ea,e0aed0c523e8e25b102b7b2bf677ccedef12f01b2d612a16337d26b3152c6b4c,HG_Engine_DS_Sprites,HG_Engine_DS_Sprites
PURE_PALETTE_RECOLOR,DS_CUSTOM_LIBRARY/packs/HG_Engine_DS_Sprites/alcremie_star_sweet/overworld.png,DS_CUSTOM_LIBRARY/packs/HG_Engine_DS_Sprites/alcremie_clover_sweet/overworld.png,c4f004e0556459d0213b98b19541799e644ed0ba96a1eaa9c504d1877578ac5f,f1acd38c1187a5c18f8c0273d1371e0aef3dc64e8e91c09a9d6fc30f7e742cf6,b7ff208f48370c7edac36f82fa45dab9077f4b122f3f06a558bfbc9e49f774b9,HG_Engine_DS_Sprites,HG_Engine_DS_Sprites
PURE_PALETTE_RECOLOR,DS_CUSTOM_LIBRARY/packs/HG_Engine_DS_Sprites/alcremie_filler_1/overworld.png,DS_CUSTOM_LIBRARY/packs/HG_Engine_DS_Sprites/alcremie_clover_sweet/overworld.png,c4f004e0556459d0213b98b19541799e644ed0ba96a1eaa9c504d1877578ac5f,8b642897f8caac7d807f011994be272ba5f64f1fd057d1b8d6207211ed371720,b7ff208f48370c7edac36f82fa45dab9077f4b122f3f06a558bfbc9e49f774b9,HG_Engine_DS_Sprites,HG_Engine_DS_Sprites
PURE_PALETTE_RECOLOR,DS_CUSTOM_LIBRARY/packs/HG_Engine_DS_Sprites/alcremie_flower_sweet/overworld.png,DS_CUSTOM_LIBRARY/packs/HG_Engine_DS_Sprites/alcremie_clover_sweet/overworld.png,c4f004e0556459d0213b98b19541799e644ed0ba96a1eaa9c504d1877578ac5f,885bef4438038ffdd750a3ee678ccd7fb9725364c06a7a86d9538a5cac244f3a,b7ff208f48370c7edac36f82fa45dab9077f4b122f3f06a558bfbc9e49f774b9,HG_Engine_DS_Sprites,HG_Engine_DS_Sprites
PURE_PALETTE_RECOLOR,DS_CUSTOM_LIBRARY/packs/HG_Engine_DS_Sprites/polteageist_antique/icon.png,DS_CUSTOM_LIBRARY/packs/HG_Engine_DS_Sprites/polteageist/icon.png,bff47d6772b483b2224871d91f9e1edca669f4b229e8a49db8df4d9d2f67fd5c,37dd821cf5b2a6bdcf8a5324e93b533650a3e9589ed3eef62f245af017761f67,2cb4e0543b5e374b4b4280f2f7990c613d8626607d331d92f14b00fa03e3018c,HG_Engine_DS_Sprites,HG_Engine_DS_Sprites
PURE_PALETTE_RECOLOR,DS_CUSTOM_LIBRARY/packs/HG_Engine_DS_Sprites/squawkabilly_blue_plumage/overworld.png,DS_CUSTOM_LIBRARY/packs/HG_Engine_DS_Sprites/squawkabilly/overworld.png,cbc76df5284a5bf382cd9bc3753a62f1c48858bb6d2559460d857b147d3f9fb7,800be3b5b2e6c65aadefb4d78f9df0a879f77f3308f10806008942cd40e10b73,cb037c3798a6561c091f47a80fe2e1fec0d8d48a8120e54473c57633c701bbee,HG_Engine_DS_Sprites,HG_Engine_DS_Sprites
PURE_PALETTE_RECOLOR,DS_CUSTOM_LIBRARY/packs/HG_Engine_DS_Sprites/squawkabilly_yellow_plumage/overworld.png,DS_CUSTOM_LIBRARY/packs/HG_Engine_DS_Sprites/squawkabilly/overworld.png,cbc76df5284a5bf382cd9bc3753a62f1c48858bb6d2559460d857b147d3f9fb7,f0bb3648c16e98989440f2ed774ea6caf6086bd29bce5f7f0363e65dd84766a3,cb037c3798a6561c091f47a80fe2e1fec0d8d48a8120e54473c57633c701bbee,HG_Engine_DS_Sprites,HG_Engine_DS_Sprites
PURE_PALETTE_RECOLOR,DS_CUSTOM_LIBRARY/packs/HG_Engine_DS_Sprites/squawkabilly_white_plumage/overworld.png,DS_CUSTOM_LIBRARY/packs/HG_Engine_DS_Sprites/squawkabilly/overworld.png,cbc76df5284a5bf382cd9bc3753a62f1c48858bb6d2559460d857b147d3f9fb7,0fee422a32abb4fe58d908ac6de12a0c8620e8fef7b3ccde799e0d3eec698cb0,cb037c3798a6561c091f47a80fe2e1fec0d8d48a8120e54473c57633c701bbee,HG_Engine_DS_Sprites,HG_Engine_DS_Sprites
PURE_PALETTE_RECOLOR,DS_CUSTOM_LIBRARY/packs/HG_Engine_DS_Sprites/silvally/overworld_ghost.png,DS_CUSTOM_LIBRARY/packs/HG_Engine_DS_Sprites/silvally/overworld_bug.png,3285f9447342980ae33aaef728517dee9e755b0d8d38bff7ff025b12a09ece8f,c84c5069c95df97e49c10aba6ee1aa9beb142dc72f2730f1cfa17c119f3eb218,4a0f67c1ac2702b27f1db9817860fa206308ff0249658c707d99c0ae49ce084c,HG_Engine_DS_Sprites,HG_Engine_DS_Sprites
PURE_PALETTE_RECOLOR,DS_CUSTOM_LIBRARY/packs/HG_Engine_DS_Sprites/silvally/overworld_electric.png,DS_CUSTOM_LIBRARY/packs/HG_Engine_DS_Sprites/silvally/overworld_bug.png,3285f9447342980ae33aaef728517dee9e755b0d8d38bff7ff025b12a09ece8f,9453b63987d5184c97cce927626ded22132bcf4115f9eaa01000a836725dc2fa,4a0f67c1ac2702b27f1db9817860fa206308ff0249658c707d99c0ae49ce084c,HG_Engine_DS_Sprites,HG_Engine_DS_Sprites
PURE_PALETTE_RECOLOR,DS_CUSTOM_LIBRARY/packs/HG_Engine_DS_Sprites/silvally/overworld_poison.png,DS_CUSTOM_LIBRARY/packs/HG_Engine_DS_Sprites/silvally/overworld_bug.png,3285f9447342980ae33aaef728517dee9e755b0d8d38bff7ff025b12a09ece8f,589c2188cfb18df8853e8c75d86546385ae682c08f9337b58c095482dfab7228,4a0f67c1ac2702b27f1db9817860fa206308ff0249658c707d99c0ae49ce084c,HG_Engine_DS_Sprites,HG_Engine_DS_Sprites
PURE_PALETTE_RECOLOR,DS_CUSTOM_LIBRARY/packs/HG_Engine_DS_Sprites/silvally/overworld_dragon.png,DS_CUSTOM_LIBRARY/packs/HG_Engine_DS_Sprites/silvally/overworld_bug.png,3285f9447342980ae33aaef728517dee9e755b0d8d38bff7ff025b12a09ece8f,33263e5bf3d26bd24e1da2887338b0af0b2f3f05c7837b72679be25599210692,4a0f67c1ac2702b27f1db9817860fa206308ff0249658c707d99c0ae49ce084c,HG_Engine_DS_Sprites,HG_Engine_DS_Sprites
PURE_PALETTE_RECOLOR,DS_CUSTOM_LIBRARY/packs/HG_Engine_DS_Sprites/silvally/overworld_grass.png,DS_CUSTOM_LIBRARY/packs/HG_Engine_DS_Sprites/silvally/overworld_bug.png,3285f9447342980ae33aaef728517dee9e755b0d8d38bff7ff025b12a09ece8f,c9261022b29020fae5a8b405249f189d9b890b36df7e8686d0b21600669a5ea8,4a0f67c1ac2702b27f1db9817860fa206308ff0249658c707d99c0ae49ce084c,HG_Engine_DS_Sprites,HG_Engine_DS_Sprites
PURE_PALETTE_RECOLOR,DS_CUSTOM_LIBRARY/packs/HG_Engine_DS_Sprites/silvally/overworld_steel.png,DS_CUSTOM_LIBRARY/packs/HG_Engine_DS_Sprites/silvally/overworld_bug.png,3285f9447342980ae33aaef728517dee9e755b0d8d38bff7ff025b12a09ece8f,dae719615f49e181bc9218f6c386c7f74c56ae8cdaa387f8cddadb91c92edf12,4a0f67c1ac2702b27f1db9817860fa206308ff0249658c707d99c0ae49ce084c,HG_Engine_DS_Sprites,HG_Engine_DS_Sprites
PURE_PALETTE_RECOLOR,DS_CUSTOM_LIBRARY/packs/HG_Engine_DS_Sprites/silvally/overworld_dark.png,DS_CUSTOM_LIBRARY/packs/HG_Engine_DS_Sprites/silvally/overworld_bug.png,3285f9447342980ae33aaef728517dee9e755b0d8d38bff7ff025b12a09ece8f,a77cb1b74d4b2bbaab5b6e9e2df0f7af0364558b6b582e1247f1f8abd1a37dd7,4a0f67c1ac2702b27f1db9817860fa206308ff0249658c707d99c0ae49ce084c,HG_Engine_DS_Sprites,HG_Engine_DS_Sprites
PURE_PALETTE_RECOLOR,DS_CUSTOM_LIBRARY/packs/HG_Engine_DS_Sprites/silvally/overworld_fire.png,DS_CUSTOM_LIBRARY/packs/HG_Engine_DS_Sprites/silvally/overworld_bug.png,3285f9447342980ae33aaef728517dee9e755b0d8d38bff7ff025b12a09ece8f,aa3f70cd1cbd9b209b2803270ca7dd5685ce8467eed77047437c9a6f8034c6f0,4a0f67c1ac2702b27f1db9817860fa206308ff0249658c707d99c0ae49ce084c,HG_Engine_DS_Sprites,HG_Engine_DS_Sprites
PURE_PALETTE_RECOLOR,DS_CUSTOM_LIBRARY/packs/HG_Engine_DS_Sprites/silvally/overworld_water.png,DS_CUSTOM_LIBRARY/packs/HG_Engine_DS_Sprites/silvally/overworld_bug.png,3285f9447342980ae33aaef728517dee9e755b0d8d38bff7ff025b12a09ece8f,91a2f15746c2fbc41d18375e428edf0328862844f65534d83c458bbd9eb924be,4a0f67c1ac2702b27f1db9817860fa206308ff0249658c707d99c0ae49ce084c,HG_Engine_DS_Sprites,HG_Engine_DS_Sprites
PURE_PALETTE_RECOLOR,DS_CUSTOM_LIBRARY/packs/HG_Engine_DS_Sprites/silvally/overworld_rock.png,DS_CUSTOM_LIBRARY/packs/HG_Engine_DS_Sprites/silvally/overworld_bug.png,3285f9447342980ae33aaef728517dee9e755b0d8d38bff7ff025b12a09ece8f,4eedb4570a3301b8eecd4c0ebb2664155ca75c6ab09971539c82a821a67adccb,4a0f67c1ac2702b27f1db9817860fa206308ff0249658c707d99c0ae49ce084c,HG_Engine_DS_Sprites,HG_Engine_DS_Sprites
PURE_PALETTE_RECOLOR,DS_CUSTOM_LIBRARY/packs/HG_Engine_DS_Sprites/silvally/overworld_fairy.png,DS_CUSTOM_LIBRARY/packs/HG_Engine_DS_Sprites/silvally/overworld_bug.png,3285f9447342980ae33aaef728517dee9e755b0d8d38bff7ff025b12a09ece8f,815dc4a79e26f0d51c1d71593129d61b5359d333b7a536db172bd23e6387b50f,4a0f67c1ac2702b27f1db9817860fa206308ff0249658c707d99c0ae49ce084c,HG_Engine_DS_Sprites,HG_Engine_DS_Sprites
PURE_PALETTE_RECOLOR,DS_CUSTOM_LIBRARY/packs/HG_Engine_DS_Sprites/silvally/overworld_ice.png,DS_CUSTOM_LIBRARY/packs/HG_Engine_DS_Sprites/silvally/overworld_bug.png,3285f9447342980ae33aaef728517dee9e755b0d8d38bff7ff025b12a09ece8f,a8831de5dc47396de00c1d5779bfe811f5072a83821498bdc514ce289dc73b3d,4a0f67c1ac2702b27f1db9817860fa206308ff0249658c707d99c0ae49ce084c,HG_Engine_DS_Sprites,HG_Engine_DS_Sprites
PURE_PALETTE_RECOLOR,DS_CUSTOM_LIBRARY/packs/HG_Engine_DS_Sprites/silvally/overworld_fly.png,DS_CUSTOM_LIBRARY/packs/HG_Engine_DS_Sprites/silvally/overworld_bug.png,3285f9447342980ae33aaef728517dee9e755b0d8d38bff7ff025b12a09ece8f,0b18e17d265e801d476d491e706ae46677fb8172fb637673d5bd4d464ab927a2,4a0f67c1ac2702b27f1db9817860fa206308ff0249658c707d99c0ae49ce084c,HG_Engine_DS_Sprites,HG_Engine_DS_Sprites
PURE_PALETTE_RECOLOR,DS_CUSTOM_LIBRARY/packs/HG_Engine_DS_Sprites/silvally/overworld_ground.png,DS_CUSTOM_LIBRARY/packs/HG_Engine_DS_Sprites/silvally/overworld_bug.png,3285f9447342980ae33aaef728517dee9e755b0d8d38bff7ff025b12a09ece8f,d4c3d2577e9c59634953f9d49898f99ded9f75763b7a0acd45ef42946bc48472,4a0f67c1ac2702b27f1db9817860fa206308ff0249658c707d99c0ae49ce084c,HG_Engine_DS_Sprites,HG_Engine_DS_Sprites
PURE_PALETTE_RECOLOR,DS_CUSTOM_LIBRARY/packs/HG_Engine_DS_Sprites/silvally/overworld_psychic.png,DS_CUSTOM_LIBRARY/packs/HG_Engine_DS_Sprites/silvally/overworld_bug.png,3285f9447342980ae33aaef728517dee9e755b0d8d38bff7ff025b12a09ece8f,a30cac70245136cf46f1bbb8a50ff4a45b937f3cc63b8b2bcad3ff1152ea770f,4a0f67c1ac2702b27f1db9817860fa206308ff0249658c707d99c0ae49ce084c,HG_Engine_DS_Sprites,HG_Engine_DS_Sprites
PURE_PALETTE_RECOLOR,DS_CUSTOM_LIBRARY/packs/HG_Engine_DS_Sprites/silvally/overworld_fight.png,DS_CUSTOM_LIBRARY/packs/HG_Engine_DS_Sprites/silvally/overworld_bug.png,3285f9447342980ae33aaef728517dee9e755b0d8d38bff7ff025b12a09ece8f,fc1a2c45bd1d72bc9ff78325b2cbef93b772cd8a43277b5524bedb648c984339,4a0f67c1ac2702b27f1db9817860fa206308ff0249658c707d99c0ae49ce084c,HG_Engine_DS_Sprites,HG_Engine_DS_Sprites
PURE_PALETTE_RECOLOR,DS_CUSTOM_LIBRARY/packs/HG_Engine_DS_Sprites/sinistea_antique/female/front.png,DS_CUSTOM_LIBRARY/packs/HG_Engine_DS_Sprites/sinistea/male/front.png,acd312cba4e53f7fb3bdc2fd6b729dbf133c679349ac411e292e5b3bde5deeef,e7e04ae5ae6faf2e074a132addb04b51d2bd1ad6a4244a75203152e6ed5ebb03,a76326507b35bf851afb509d13239e73f2dc8205220015727564418936bbc65a,HG_Engine_DS_Sprites,HG_Engine_DS_Sprites
PURE_PALETTE_RECOLOR,DS_CUSTOM_LIBRARY/packs/HG_Engine_DS_Sprites/deerling_winter/female/front.png,DS_CUSTOM_LIBRARY/packs/HG_Engine_DS_Sprites/deerling_autumn/female/front.png,032d579a2ce6c74d42f31ab3d2a6cdf7557ac6757cac68c2349752b185ec2905,c4863c091810a25bd94fd5ac5362e8156bc70e17040184a8ae7241c59ed828b3,74fd2b075ded656028c9fe9f5d67795e1b7a56c6de52e26e5700f38cfe964904,HG_Engine_DS_Sprites,HG_Engine_DS_Sprites
PURE_PALETTE_RECOLOR,DS_CUSTOM_LIBRARY/packs/HG_Engine_DS_Sprites/deerling_summer/female/front.png,DS_CUSTOM_LIBRARY/packs/HG_Engine_DS_Sprites/deerling_autumn/female/front.png,032d579a2ce6c74d42f31ab3d2a6cdf7557ac6757cac68c2349752b185ec2905,077869a3d9aa43357c3a5ad6d70988447b3fe37b70e4e48a47d77396fa048ade,74fd2b075ded656028c9fe9f5d67795e1b7a56c6de52e26e5700f38cfe964904,HG_Engine_DS_Sprites,HG_Engine_DS_Sprites
PURE_PALETTE_RECOLOR,DS_CUSTOM_LIBRARY/packs/HG_Engine_DS_Sprites/deerling_winter/female/back.png,DS_CUSTOM_LIBRARY/packs/HG_Engine_DS_Sprites/deerling_autumn/female/back.png,26a257aef2c14a8e401849dbc17339e7ea0c0562062d3bea116289c236dc29b9,f54533349148f4b85e953417712bb035600ed5bbdf34a857c96a9f4eeefae577,e811e9fcb7371fa3d3bb912347cafa06b53e396f911caddf938e151e2b88c8a6,HG_Engine_DS_Sprites,HG_Engine_DS_Sprites
PURE_PALETTE_RECOLOR,DS_CUSTOM_LIBRARY/packs/HG_Engine_DS_Sprites/deerling_summer/female/back.png,DS_CUSTOM_LIBRARY/packs/HG_Engine_DS_Sprites/deerling_autumn/female/back.png,26a257aef2c14a8e401849dbc17339e7ea0c0562062d3bea116289c236dc29b9,34139b1d089259d87ef7c5522f50af318eb6d26af5491c53c62e8063c62ceace,e811e9fcb7371fa3d3bb912347cafa06b53e396f911caddf938e151e2b88c8a6,HG_Engine_DS_Sprites,HG_Engine_DS_Sprites
PURE_PALETTE_RECOLOR,DS_CUSTOM_LIBRARY/packs/HG_Engine_DS_Sprites/arceus_dragon/male/front.png,DS_CUSTOM_LIBRARY/packs/HG_Engine_DS_Sprites/arceus_bug/male/front.png,3162ec934dd8e101f0069d1801c7d5c02d3d9c9e607c8cc646d70a67f46cfc48,dad77ba136a6c77dae9310555f706e5d6b174109d12a879137bf7499b7f6c178,d8f63c711580d4cb9114cf3c03dd2df431a6510148ccc2f0b348f2268f3a6058,HG_Engine_DS_Sprites,HG_Engine_DS_Sprites
PURE_PALETTE_RECOLOR,DS_CUSTOM_LIBRARY/packs/HG_Engine_DS_Sprites/arceus_ghost/male/front.png,DS_CUSTOM_LIBRARY/packs/HG_Engine_DS_Sprites/arceus_bug/male/front.png,3162ec934dd8e101f0069d1801c7d5c02d3d9c9e607c8cc646d70a67f46cfc48,7af72fc243232305fdd645972b0a29ee63a6759235eb93be36a9893602a6e499,d8f63c711580d4cb9114cf3c03dd2df431a6510148ccc2f0b348f2268f3a6058,HG_Engine_DS_Sprites,HG_Engine_DS_Sprites
PURE_PALETTE_RECOLOR,DS_CUSTOM_LIBRARY/packs/HG_Engine_DS_Sprites/arceus_fighting/male/front.png,DS_CUSTOM_LIBRARY/packs/HG_Engine_DS_Sprites/arceus_bug/male/front.png,3162ec934dd8e101f0069d1801c7d5c02d3d9c9e607c8cc646d70a67f46cfc48,6e0ffd3c5f632e2ac0a190a330ba1d6937288d3a838445715d9907f8742423b1,d8f63c711580d4cb9114cf3c03dd2df431a6510148ccc2f0b348f2268f3a6058,HG_Engine_DS_Sprites,HG_Engine_DS_Sprites
PURE_PALETTE_RECOLOR,DS_CUSTOM_LIBRARY/packs/HG_Engine_DS_Sprites/arceus_ground/male/front.png,DS_CUSTOM_LIBRARY/packs/HG_Engine_DS_Sprites/arceus_bug/male/front.png,3162ec934dd8e101f0069d1801c7d5c02d3d9c9e607c8cc646d70a67f46cfc48,24bcfb65698be17095e5e5ca9ba708f3d3718d6a3b81f6035564d14303dd99c8,d8f63c711580d4cb9114cf3c03dd2df431a6510148ccc2f0b348f2268f3a6058,HG_Engine_DS_Sprites,HG_Engine_DS_Sprites
PURE_PALETTE_RECOLOR,DS_CUSTOM_LIBRARY/packs/HG_Engine_DS_Sprites/arceus_dark/male/front.png,DS_CUSTOM_LIBRARY/packs/HG_Engine_DS_Sprites/arceus_bug/male/front.png,3162ec934dd8e101f0069d1801c7d5c02d3d9c9e607c8cc646d70a67f46cfc48,af9e922b92061234cf34d99a74938fb2ba28a71a5bbe027c8e77eadd7ba77f9c,d8f63c711580d4cb9114cf3c03dd2df431a6510148ccc2f0b348f2268f3a6058,HG_Engine_DS_Sprites,HG_Engine_DS_Sprites
PURE_PALETTE_RECOLOR,DS_CUSTOM_LIBRARY/packs/HG_Engine_DS_Sprites/arceus_flying/male/front.png,DS_CUSTOM_LIBRARY/packs/HG_Engine_DS_Sprites/arceus_bug/male/front.png,3162ec934dd8e101f0069d1801c7d5c02d3d9c9e607c8cc646d70a67f46cfc48,be2b3c76cc71c157bf17e65348a5fc4b8d6afa2fd9731f56d31cd1db3e305683,d8f63c711580d4cb9114cf3c03dd2df431a6510148ccc2f0b348f2268f3a6058,HG_Engine_DS_Sprites,HG_Engine_DS_Sprites
PURE_PALETTE_RECOLOR,DS_CUSTOM_LIBRARY/packs/HG_Engine_DS_Sprites/arceus_electric/male/front.png,DS_CUSTOM_LIBRARY/packs/HG_Engine_DS_Sprites/arceus_bug/male/front.png,3162ec934dd8e101f0069d1801c7d5c02d3d9c9e607c8cc646d70a67f46cfc48,b808feb8285085bc62789e7ab932dcf32e7ca0416bb04c9d8c9680a2b627669e,d8f63c711580d4cb9114cf3c03dd2df431a6510148ccc2f0b348f2268f3a6058,HG_Engine_DS_Sprites,HG_Engine_DS_Sprites
PURE_PALETTE_RECOLOR,DS_CUSTOM_LIBRARY/packs/HG_Engine_DS_Sprites/arceus_fire/male/front.png,DS_CUSTOM_LIBRARY/packs/HG_Engine_DS_Sprites/arceus_bug/male/front.png,3162ec934dd8e101f0069d1801c7d5c02d3d9c9e607c8cc646d70a67f46cfc48,48c347c02bc060cdc66ddfcf33cb7b310fcb00d31485d8dd4031fee13bf91d8a,d8f63c711580d4cb9114cf3c03dd2df431a6510148ccc2f0b348f2268f3a6058,HG_Engine_DS_Sprites,HG_Engine_DS_Sprites
PURE_PALETTE_RECOLOR,DS_CUSTOM_LIBRARY/packs/HG_Engine_DS_Sprites/arceus_rock/male/front.png,DS_CUSTOM_LIBRARY/packs/HG_Engine_DS_Sprites/arceus_bug/male/front.png,3162ec934dd8e101f0069d1801c7d5c02d3d9c9e607c8cc646d70a67f46cfc48,f450d5241b9c5226e060cc6b8177b860f6038d0c408a9c95e17b5ce3d5316ff1,d8f63c711580d4cb9114cf3c03dd2df431a6510148ccc2f0b348f2268f3a6058,HG_Engine_DS_Sprites,HG_Engine_DS_Sprites
PURE_PALETTE_RECOLOR,DS_CUSTOM_LIBRARY/packs/HG_Engine_DS_Sprites/arceus_grass/male/front.png,DS_CUSTOM_LIBRARY/packs/HG_Engine_DS_Sprites/arceus_bug/male/front.png,3162ec934dd8e101f0069d1801c7d5c02d3d9c9e607c8cc646d70a67f46cfc48,979d10c7f4a8b2ece1ed34ad47b8669fabb5a28261b3685b010cabd417bb5c1e,d8f63c711580d4cb9114cf3c03dd2df431a6510148ccc2f0b348f2268f3a6058,HG_Engine_DS_Sprites,HG_Engine_DS_Sprites
PURE_PALETTE_RECOLOR,DS_CUSTOM_LIBRARY/packs/HG_Engine_DS_Sprites/arceus_psychic/male/front.png,DS_CUSTOM_LIBRARY/packs/HG_Engine_DS_Sprites/arceus_bug/male/front.png,3162ec934dd8e101f0069d1801c7d5c02d3d9c9e607c8cc646d70a67f46cfc48,725f39bd1827dd58e9e79511f1cb7beb5d3d1d5bf751ef4ab8e6b9de0a2c9020,d8f63c711580d4cb9114cf3c03dd2df431a6510148ccc2f0b348f2268f3a6058,HG_Engine_DS_Sprites,HG_Engine_DS_Sprites
PURE_PALETTE_RECOLOR,DS_CUSTOM_LIBRARY/packs/HG_Engine_DS_Sprites/arceus_poison/male/front.png,DS_CUSTOM_LIBRARY/packs/HG_Engine_DS_Sprites/arceus_bug/male/front.png,3162ec934dd8e101f0069d1801c7d5c02d3d9c9e607c8cc646d70a67f46cfc48,cbee855e0ab048ad29142dfabacc15b3d0ec53a00efd24c8ea93d6761b77ff76,d8f63c711580d4cb9114cf3c03dd2df431a6510148ccc2f0b348f2268f3a6058,HG_Engine_DS_Sprites,HG_Engine_DS_Sprites
PURE_PALETTE_RECOLOR,DS_CUSTOM_LIBRARY/packs/HG_Engine_DS_Sprites/arceus_dragon/male/back.png,DS_CUSTOM_LIBRARY/packs/HG_Engine_DS_Sprites/arceus_bug/male/back.png,be51c9377cf772761cef69e2a566f95bf69efd667f640c1aca25008a938eaf51,129221870a2565c49d4f268a2ea1d7ff90eff58c3017cfb72c62f8f135cff2a5,ec5a27045b59758a6d56c55313ec40c9424b98f1ccd34be194be219e4c4c740d,HG_Engine_DS_Sprites,HG_Engine_DS_Sprites
PURE_PALETTE_RECOLOR,DS_CUSTOM_LIBRARY/packs/HG_Engine_DS_Sprites/arceus_ghost/male/back.png,DS_CUSTOM_LIBRARY/packs/HG_Engine_DS_Sprites/arceus_bug/male/back.png,be51c9377cf772761cef69e2a566f95bf69efd667f640c1aca25008a938eaf51,a21847ae3752fd4fa4639966e949095fb692c7df773ac832900d5f9092d3e20f,ec5a27045b59758a6d56c55313ec40c9424b98f1ccd34be194be219e4c4c740d,HG_Engine_DS_Sprites,HG_Engine_DS_Sprites
PURE_PALETTE_RECOLOR,DS_CUSTOM_LIBRARY/packs/HG_Engine_DS_Sprites/arceus_fighting/male/back.png,DS_CUSTOM_LIBRARY/packs/HG_Engine_DS_Sprites/arceus_bug/male/back.png,be51c9377cf772761cef69e2a566f95bf69efd667f640c1aca25008a938eaf51,addc1ecae0c8b78949260d4522fcca0911c590b8c66cde471a576edec0c4b345,ec5a27045b59758a6d56c55313ec40c9424b98f1ccd34be194be219e4c4c740d,HG_Engine_DS_Sprites,HG_Engine_DS_Sprites
PURE_PALETTE_RECOLOR,DS_CUSTOM_LIBRARY/packs/HG_Engine_DS_Sprites/arceus_ice/male/back.png,DS_CUSTOM_LIBRARY/packs/HG_Engine_DS_Sprites/arceus_bug/male/back.png,be51c9377cf772761cef69e2a566f95bf69efd667f640c1aca25008a938eaf51,8facf14e244a6547e5df92ddf61f4724698d6f3c47f10e7b2163f86898bbd0b2,ec5a27045b59758a6d56c55313ec40c9424b98f1ccd34be194be219e4c4c740d,HG_Engine_DS_Sprites,HG_Engine_DS_Sprites
PURE_PALETTE_RECOLOR,DS_CUSTOM_LIBRARY/packs/HG_Engine_DS_Sprites/arceus_steel/male/back.png,DS_CUSTOM_LIBRARY/packs/HG_Engine_DS_Sprites/arceus_bug/male/back.png,be51c9377cf772761cef69e2a566f95bf69efd667f640c1aca25008a938eaf51,5b8a8abc11d2dbc1f3e426b4bb547d786ecd25dc820a2124c383f7dbedfc667a,ec5a27045b59758a6d56c55313ec40c9424b98f1ccd34be194be219e4c4c740d,HG_Engine_DS_Sprites,HG_Engine_DS_Sprites
PURE_PALETTE_RECOLOR,DS_CUSTOM_LIBRARY/packs/HG_Engine_DS_Sprites/arceus_ground/male/back.png,DS_CUSTOM_LIBRARY/packs/HG_Engine_DS_Sprites/arceus_bug/male/back.png,be51c9377cf772761cef69e2a566f95bf69efd667f640c1aca25008a938eaf51,7cd759cb67cf2bb8a94e634a5d897521043641ea1005fbbb98da8b03a494fc0b,ec5a27045b59758a6d56c55313ec40c9424b98f1ccd34be194be219e4c4c740d,HG_Engine_DS_Sprites,HG_Engine_DS_Sprites
PURE_PALETTE_RECOLOR,DS_CUSTOM_LIBRARY/packs/HG_Engine_DS_Sprites/arceus_dark/male/back.png,DS_CUSTOM_LIBRARY/packs/HG_Engine_DS_Sprites/arceus_bug/male/back.png,be51c9377cf772761cef69e2a566f95bf69efd667f640c1aca25008a938eaf51,e457629102942f11466246476dac5017984bb1eb19d3f3637ab83bfbaf97d4e2,ec5a27045b59758a6d56c55313ec40c9424b98f1ccd34be194be219e4c4c740d,HG_Engine_DS_Sprites,HG_Engine_DS_Sprites
PURE_PALETTE_RECOLOR,DS_CUSTOM_LIBRARY/packs/HG_Engine_DS_Sprites/arceus_flying/male/back.png,DS_CUSTOM_LIBRARY/packs/HG_Engine_DS_Sprites/arceus_bug/male/back.png,be51c9377cf772761cef69e2a566f95bf69efd667f640c1aca25008a938eaf51,30a87765fcfbd97747c0f974393d8e95ac3d13aef494e9f0a34880a319c0a778,ec5a27045b59758a6d56c55313ec40c9424b98f1ccd34be194be219e4c4c740d,HG_Engine_DS_Sprites,HG_Engine_DS_Sprites
PURE_PALETTE_RECOLOR,DS_CUSTOM_LIBRARY/packs/HG_Engine_DS_Sprites/arceus_water/male/back.png,DS_CUSTOM_LIBRARY/packs/HG_Engine_DS_Sprites/arceus_bug/male/back.png,be51c9377cf772761cef69e2a566f95bf69efd667f640c1aca25008a938eaf51,c899a27221dc6c71bca463e090fde63224f15e382b5abe5c38ae0af8f0091638,ec5a27045b59758a6d56c55313ec40c9424b98f1ccd34be194be219e4c4c740d,HG_Engine_DS_Sprites,HG_Engine_DS_Sprites
PURE_PALETTE_RECOLOR,DS_CUSTOM_LIBRARY/packs/HG_Engine_DS_Sprites/arceus_fire/male/back.png,DS_CUSTOM_LIBRARY/packs/HG_Engine_DS_Sprites/arceus_bug/male/back.png,be51c9377cf772761cef69e2a566f95bf69efd667f640c1aca25008a938eaf51,4d50bfd9ae1714ff4c22367b63d2826a978ee746b68886ff3a057e35b57f08e0,ec5a27045b59758a6d56c55313ec40c9424b98f1ccd34be194be219e4c4c740d,HG_Engine_DS_Sprites,HG_Engine_DS_Sprites
PURE_PALETTE_RECOLOR,DS_CUSTOM_LIBRARY/packs/HG_Engine_DS_Sprites/arceus_rock/male/back.png,DS_CUSTOM_LIBRARY/packs/HG_Engine_DS_Sprites/arceus_bug/male/back.png,be51c9377cf772761cef69e2a566f95bf69efd667f640c1aca25008a938eaf51,fe5328b304dee328d1d30c56093edcc1eb86b6ee61faa6ffc7eb38cae74f7a3c,ec5a27045b59758a6d56c55313ec40c9424b98f1ccd34be194be219e4c4c740d,HG_Engine_DS_Sprites,HG_Engine_DS_Sprites
PURE_PALETTE_RECOLOR,DS_CUSTOM_LIBRARY/packs/HG_Engine_DS_Sprites/arceus_grass/male/back.png,DS_CUSTOM_LIBRARY/packs/HG_Engine_DS_Sprites/arceus_bug/male/back.png,be51c9377cf772761cef69e2a566f95bf69efd667f640c1aca25008a938eaf51,8fbbd56b9a8c95c6069aed201fe07dd77c55254e7b5f1a4d28f4bec05363cc44,ec5a27045b59758a6d56c55313ec40c9424b98f1ccd34be194be219e4c4c740d,HG_Engine_DS_Sprites,HG_Engine_DS_Sprites
PURE_PALETTE_RECOLOR,DS_CUSTOM_LIBRARY/packs/HG_Engine_DS_Sprites/arceus_psychic/male/back.png,DS_CUSTOM_LIBRARY/packs/HG_Engine_DS_Sprites/arceus_bug/male/back.png,be51c9377cf772761cef69e2a566f95bf69efd667f640c1aca25008a938eaf51,b0957f935a4b21693891fd12c637bbed8272c0fe9437ca0d48efd128d2d974aa,ec5a27045b59758a6d56c55313ec40c9424b98f1ccd34be194be219e4c4c740d,HG_Engine_DS_Sprites,HG_Engine_DS_Sprites
PURE_PALETTE_RECOLOR,DS_CUSTOM_LIBRARY/packs/HG_Engine_DS_Sprites/arceus_poison/male/back.png,DS_CUSTOM_LIBRARY/packs/HG_Engine_DS_Sprites/arceus_bug/male/back.png,be51c9377cf772761cef69e2a566f95bf69efd667f640c1aca25008a938eaf51,32b1e25df94336660ac6761547d6fd3dddb8061935bfb3a8229bc890e7900658,ec5a27045b59758a6d56c55313ec40c9424b98f1ccd34be194be219e4c4c740d,HG_Engine_DS_Sprites,HG_Engine_DS_Sprites
PURE_PALETTE_RECOLOR,DS_CUSTOM_LIBRARY/packs/HG_Engine_DS_Sprites/flabebe_blue_flower/female/back.png,DS_CUSTOM_LIBRARY/packs/HG_Engine_DS_Sprites/flabebe_yellow_flower/female/back.png,9952a5e5af00f6c800308250e125502608d98ea2d8180e943e9a3a2b74b3fd11,372cb4a386056dec1f185d61757d739c28602437d8da057a34d3e156d4892ee3,0ffcc5b36673bdb799c9343fe932b1856432ed3cfd1daa0c11d58456d04cd544,HG_Engine_DS_Sprites,HG_Engine_DS_Sprites
PURE_PALETTE_RECOLOR,DS_CUSTOM_LIBRARY/packs/HG_Engine_DS_Sprites/flabebe_orange_flower/female/back.png,DS_CUSTOM_LIBRARY/packs/HG_Engine_DS_Sprites/flabebe_yellow_flower/female/back.png,9952a5e5af00f6c800308250e125502608d98ea2d8180e943e9a3a2b74b3fd11,321af8bc5cfc996b7ad88aeb5f2d74d94e6cfe3b53b19449eaed5018c6a51ed3,0ffcc5b36673bdb799c9343fe932b1856432ed3cfd1daa0c11d58456d04cd544,HG_Engine_DS_Sprites,HG_Engine_DS_Sprites
PURE_PALETTE_RECOLOR,DS_CUSTOM_LIBRARY/packs/HG_Engine_DS_Sprites/genesect_burn_drive/female/front.png,DS_CUSTOM_LIBRARY/packs/HG_Engine_DS_Sprites/genesect/male/front.png,62e021a7ba3939720756bc930f156e18937f9dc3154d217a4e0ea9ba8f112cc4,eccacb118a2ee9b5b73ef55cdd312eec9bf5f18bef0884f8aeb40abbb7165df8,907f5f83f0d17ab23cfc6592bf5cbe4a60596c464a3da48e0d32ff29e69ec416,HG_Engine_DS_Sprites,HG_Engine_DS_Sprites
PURE_PALETTE_RECOLOR,DS_CUSTOM_LIBRARY/packs/HG_Engine_DS_Sprites/genesect_douse_drive/female/front.png,DS_CUSTOM_LIBRARY/packs/HG_Engine_DS_Sprites/genesect/male/front.png,62e021a7ba3939720756bc930f156e18937f9dc3154d217a4e0ea9ba8f112cc4,b646abd0bd9cd86004d20b7fa94428e24619ba3c64771b2edb6f5a3fd3e89a46,907f5f83f0d17ab23cfc6592bf5cbe4a60596c464a3da48e0d32ff29e69ec416,HG_Engine_DS_Sprites,HG_Engine_DS_Sprites
PURE_PALETTE_RECOLOR,DS_CUSTOM_LIBRARY/packs/HG_Engine_DS_Sprites/genesect_chill_drive/female/front.png,DS_CUSTOM_LIBRARY/packs/HG_Engine_DS_Sprites/genesect/male/front.png,62e021a7ba3939720756bc930f156e18937f9dc3154d217a4e0ea9ba8f112cc4,99752a2724e7ac37c2a7f74234290fbe14392699ff233f51d393bb2af4b32cda,907f5f83f0d17ab23cfc6592bf5cbe4a60596c464a3da48e0d32ff29e69ec416,HG_Engine_DS_Sprites,HG_Engine_DS_Sprites
PURE_PALETTE_RECOLOR,DS_CUSTOM_LIBRARY/packs/HG_Engine_DS_Sprites/genesect_shock_drive/female/front.png,DS_CUSTOM_LIBRARY/packs/HG_Engine_DS_Sprites/genesect/male/front.png,62e021a7ba3939720756bc930f156e18937f9dc3154d217a4e0ea9ba8f112cc4,e3fad7bcaad80adfbccb7eb5d97b89895492e04a846dc61d5ca6c0c7380d909c,907f5f83f0d17ab23cfc6592bf5cbe4a60596c464a3da48e0d32ff29e69ec416,HG_Engine_DS_Sprites,HG_Engine_DS_Sprites
PURE_PALETTE_RECOLOR,DS_CUSTOM_LIBRARY/packs/HG_Engine_DS_Sprites/genesect_burn_drive/female/back.png,DS_CUSTOM_LIBRARY/packs/HG_Engine_DS_Sprites/genesect/male/back.png,a37a85f3ab3eed723be6cefd9ac0861cec7c99238303c45c9220189d70f142f7,7a921c2613bf3575cce7ee0a79a4adc899e3ca527ff206363d2f716e5c040f78,e0aa2f4bdf7846dee72d9e7ed6f91535d668bf40a301a43ac963017bb6be6f9d,HG_Engine_DS_Sprites,HG_Engine_DS_Sprites
PURE_PALETTE_RECOLOR,DS_CUSTOM_LIBRARY/packs/HG_Engine_DS_Sprites/genesect_douse_drive/female/back.png,DS_CUSTOM_LIBRARY/packs/HG_Engine_DS_Sprites/genesect/male/back.png,a37a85f3ab3eed723be6cefd9ac0861cec7c99238303c45c9220189d70f142f7,fc7b9cec0f6240ef57ed7ee4ba556924851f29f481ae3dbb1fb09c24a8c5984a,e0aa2f4bdf7846dee72d9e7ed6f91535d668bf40a301a43ac963017bb6be6f9d,HG_Engine_DS_Sprites,HG_Engine_DS_Sprites
PURE_PALETTE_RECOLOR,DS_CUSTOM_LIBRARY/packs/HG_Engine_DS_Sprites/genesect_chill_drive/female/back.png,DS_CUSTOM_LIBRARY/packs/HG_Engine_DS_Sprites/genesect/male/back.png,a37a85f3ab3eed723be6cefd9ac0861cec7c99238303c45c9220189d70f142f7,86a1dac8bec4ae4c95d41472314d5b7df684b04e7ccab57b6d9644b042b7ddff,e0aa2f4bdf7846dee72d9e7ed6f91535d668bf40a301a43ac963017bb6be6f9d,HG_Engine_DS_Sprites,HG_Engine_DS_Sprites
PURE_PALETTE_RECOLOR,DS_CUSTOM_LIBRARY/packs/HG_Engine_DS_Sprites/genesect_shock_drive/female/back.png,DS_CUSTOM_LIBRARY/packs/HG_Engine_DS_Sprites/genesect/male/back.png,a37a85f3ab3eed723be6cefd9ac0861cec7c99238303c45c9220189d70f142f7,4ba518bad51a864c3af8184ed1a9a74446e2245e6a49ebbefac0f693cba14ed8,e0aa2f4bdf7846dee72d9e7ed6f91535d668bf40a301a43ac963017bb6be6f9d,HG_Engine_DS_Sprites,HG_Engine_DS_Sprites
PURE_PALETTE_RECOLOR,DS_CUSTOM_LIBRARY/packs/HG_Engine_DS_Sprites/floette_orange_flower/female/front.png,DS_CUSTOM_LIBRARY/packs/HG_Engine_DS_Sprites/floette/female/front.png,53a6497d03a8c3e365105e00cc7aa59e468a7584e9f8e1c7f75506c26cd4d9fa,e4cb4f90339c9594c529818bbcc920db667bedd6357841c8f49a77b9367a4806,548d01a27b2fdd6ae3e3ae1fdc7c372d0a1008a9114a3310ea586049bce26b94,HG_Engine_DS_Sprites,HG_Engine_DS_Sprites
PURE_PALETTE_RECOLOR,DS_CUSTOM_LIBRARY/packs/HG_Engine_DS_Sprites/floette_blue_flower/female/front.png,DS_CUSTOM_LIBRARY/packs/HG_Engine_DS_Sprites/floette/female/front.png,53a6497d03a8c3e365105e00cc7aa59e468a7584e9f8e1c7f75506c26cd4d9fa,b9cd503f34473db389b76faf7fe1c89be1af8a3ad0a828ba66051ae384137f7e,548d01a27b2fdd6ae3e3ae1fdc7c372d0a1008a9114a3310ea586049bce26b94,HG_Engine_DS_Sprites,HG_Engine_DS_Sprites
PURE_PALETTE_RECOLOR,DS_CUSTOM_LIBRARY/packs/HG_Engine_DS_Sprites/floette_yellow_flower/female/front.png,DS_CUSTOM_LIBRARY/packs/HG_Engine_DS_Sprites/floette/female/front.png,53a6497d03a8c3e365105e00cc7aa59e468a7584e9f8e1c7f75506c26cd4d9fa,632175321759937623dc7532508c2f65dce3eebdfca0050b3ef48acf5609da41,548d01a27b2fdd6ae3e3ae1fdc7c372d0a1008a9114a3310ea586049bce26b94,HG_Engine_DS_Sprites,HG_Engine_DS_Sprites
PURE_PALETTE_RECOLOR,DS_CUSTOM_LIBRARY/packs/HG_Engine_DS_Sprites/floette_orange_flower/female/back.png,DS_CUSTOM_LIBRARY/packs/HG_Engine_DS_Sprites/floette/female/back.png,78b6f8654dea7b2712c09597493dd10c0bd602d71ddeffa93552fc0c9cd2d84c,96f7463e6b0a7fe2bf7466eedace8c70834ab78ff6ace1b3b4abe9c62eb8175e,ef957b87606b525b3f64f8abf3bcbc7bffb88c6ddeb5406ae9474a4f7ee93ead,HG_Engine_DS_Sprites,HG_Engine_DS_Sprites
PURE_PALETTE_RECOLOR,DS_CUSTOM_LIBRARY/packs/HG_Engine_DS_Sprites/floette_blue_flower/female/back.png,DS_CUSTOM_LIBRARY/packs/HG_Engine_DS_Sprites/floette/female/back.png,78b6f8654dea7b2712c09597493dd10c0bd602d71ddeffa93552fc0c9cd2d84c,49fca7e16af493a4637b191469602a3d2718b0da5f60fe381cc2bd12bfd38001,ef957b87606b525b3f64f8abf3bcbc7bffb88c6ddeb5406ae9474a4f7ee93ead,HG_Engine_DS_Sprites,HG_Engine_DS_Sprites
PURE_PALETTE_RECOLOR,DS_CUSTOM_LIBRARY/packs/HG_Engine_DS_Sprites/floette_yellow_flower/female/back.png,DS_CUSTOM_LIBRARY/packs/HG_Engine_DS_Sprites/floette/female/back.png,78b6f8654dea7b2712c09597493dd10c0bd602d71ddeffa93552fc0c9cd2d84c,21ca9704632128fbf03e1860787372c069d067d636fba359bada8448339ffb04,ef957b87606b525b3f64f8abf3bcbc7bffb88c6ddeb5406ae9474a4f7ee93ead,HG_Engine_DS_Sprites,HG_Engine_DS_Sprites
PURE_PALETTE_RECOLOR,DS_CUSTOM_LIBRARY/packs/HG_Engine_DS_Sprites/brambleghast/female/front.png,DS_CUSTOM_LIBRARY/packs/HG_Engine_DS_Sprites/496/male/front.png,3e0ee8ad6d5bb9964960eef8add9670b51e8d72c22dcd1f14bed66b5c8e4be51,bb1966d420c7877f7b86fe517cd80534382cbafcf9bf196802fc35ceb1ae556c,5ab9a8aff838584b41b147766d64b93dbbf8f329fa0bdfb7e6c61b6a02b8bdb4,HG_Engine_DS_Sprites,HG_Engine_DS_Sprites
PURE_PALETTE_RECOLOR,DS_CUSTOM_LIBRARY/packs/HG_Engine_DS_Sprites/brambleghast/female/back.png,DS_CUSTOM_LIBRARY/packs/HG_Engine_DS_Sprites/496/male/back.png,ae1f638323216ed57ff2b15ef15a491e4dfcad2bc8e00bd931b3afd50f2b8c6c,5659175711a3ddf714596647c10538ad002ed6fcd953ab4ed81ed898d8f8db92,0631baf3f71ac8d8a09e19064cde2451fd44d5a61ebf1a26af701f688f298bf9,HG_Engine_DS_Sprites,HG_Engine_DS_Sprites
PURE_PALETTE_RECOLOR,DS_CUSTOM_LIBRARY/packs/HG_Engine_DS_Sprites/squawkabilly_blue_plumage/female/front.png,DS_CUSTOM_LIBRARY/packs/HG_Engine_DS_Sprites/squawkabilly/female/front.png,83053a483345a3f02dd6d6ef30d4b8f7851a6f7c960f51ec5beb0f5689b3463e,a9ea0736b25405eb656d0d2b739e57d65d2dd7d529dc5f45bd979c98cdd7ab1e,818c8e878f85522af88791a325e6be2e5909bb1e98fee2fc4521da69f8b871b5,HG_Engine_DS_Sprites,HG_Engine_DS_Sprites
PURE_PALETTE_RECOLOR,DS_CUSTOM_LIBRARY/packs/HG_Engine_DS_Sprites/squawkabilly_yellow_plumage/female/front.png,DS_CUSTOM_LIBRARY/packs/HG_Engine_DS_Sprites/squawkabilly/female/front.png,83053a483345a3f02dd6d6ef30d4b8f7851a6f7c960f51ec5beb0f5689b3463e,d4e184eb264ca73ff2916bc03cbd6de0d6cb9c21b49aed99c28e959a4db5bd22,818c8e878f85522af88791a325e6be2e5909bb1e98fee2fc4521da69f8b871b5,HG_Engine_DS_Sprites,HG_Engine_DS_Sprites
PURE_PALETTE_RECOLOR,DS_CUSTOM_LIBRARY/packs/HG_Engine_DS_Sprites/squawkabilly_white_plumage/female/front.png,DS_CUSTOM_LIBRARY/packs/HG_Engine_DS_Sprites/squawkabilly/female/front.png,83053a483345a3f02dd6d6ef30d4b8f7851a6f7c960f51ec5beb0f5689b3463e,12a011a53ab5e01549081ec7c605c0cca771f978f46bcca3078d32d236c8e009,818c8e878f85522af88791a325e6be2e5909bb1e98fee2fc4521da69f8b871b5,HG_Engine_DS_Sprites,HG_Engine_DS_Sprites
PURE_PALETTE_RECOLOR,DS_CUSTOM_LIBRARY/packs/HG_Engine_DS_Sprites/squawkabilly_blue_plumage/female/back.png,DS_CUSTOM_LIBRARY/packs/HG_Engine_DS_Sprites/squawkabilly/female/back.png,0119c91791244dc4a0fb2fffe1de15b351cd1310c8f46443761e14d2fec43f44,277eb50ba21e33337266ea03e5d55a70ed61514a57e38accf840e314d145126e,903474224832388d85dcc0f97656cf9f49b6e70ec680d74131e150e7e6c79dd1,HG_Engine_DS_Sprites,HG_Engine_DS_Sprites
PURE_PALETTE_RECOLOR,DS_CUSTOM_LIBRARY/packs/HG_Engine_DS_Sprites/squawkabilly_yellow_plumage/female/back.png,DS_CUSTOM_LIBRARY/packs/HG_Engine_DS_Sprites/squawkabilly/female/back.png,0119c91791244dc4a0fb2fffe1de15b351cd1310c8f46443761e14d2fec43f44,b85d363eedd92984bc021cda0e95e0900cf6abfb5e4f673f8832c8f77eedc722,903474224832388d85dcc0f97656cf9f49b6e70ec680d74131e150e7e6c79dd1,HG_Engine_DS_Sprites,HG_Engine_DS_Sprites
PURE_PALETTE_RECOLOR,DS_CUSTOM_LIBRARY/packs/HG_Engine_DS_Sprites/squawkabilly_white_plumage/female/back.png,DS_CUSTOM_LIBRARY/packs/HG_Engine_DS_Sprites/squawkabilly/female/back.png,0119c91791244dc4a0fb2fffe1de15b351cd1310c8f46443761e14d2fec43f44,d382b64ba48ef6f6d07eb32a56ee8922a2f2f6b76519a0ccb70b563e94038a73,903474224832388d85dcc0f97656cf9f49b6e70ec680d74131e150e7e6c79dd1,HG_Engine_DS_Sprites,HG_Engine_DS_Sprites
PURE_PALETTE_RECOLOR,DS_CUSTOM_LIBRARY/packs/Shiny_Icons_Gen1_9/Icons shiny/ARCEUS_12.png,DS_CUSTOM_LIBRARY/packs/Shiny_Icons_Gen1_9/Icons shiny/ARCEUS_18.png,73e8868b8f1b0f64c05e09fa41744751cc7072b08138c0ef9921313961d44c08,800744b8cfc39d9f9039bab9409e2e31831de4e6501f5898b1ed62a55c8f8ff7,522fc077fc634a9f44ac55734c1b279fdc513952d80e4029c952cfdab738348a,Shiny_Icons_Gen1_9,Shiny_Icons_Gen1_9
PURE_PALETTE_RECOLOR,DS_CUSTOM_LIBRARY/packs/Shiny_Icons_Gen1_9/Icons shiny/ARCEUS_11.png,DS_CUSTOM_LIBRARY/packs/Shiny_Icons_Gen1_9/Icons shiny/ARCEUS_18.png,73e8868b8f1b0f64c05e09fa41744751cc7072b08138c0ef9921313961d44c08,e923faa320ef71f263b5a2d8eae429302ea5cbdf30cf1c75a07be8ea20035d26,522fc077fc634a9f44ac55734c1b279fdc513952d80e4029c952cfdab738348a,Shiny_Icons_Gen1_9,Shiny_Icons_Gen1_9
PURE_PALETTE_RECOLOR,DS_CUSTOM_LIBRARY/packs/Shiny_Icons_Gen1_9/Icons shiny/ARCEUS_9.png,DS_CUSTOM_LIBRARY/packs/Shiny_Icons_Gen1_9/Icons shiny/ARCEUS_18.png,73e8868b8f1b0f64c05e09fa41744751cc7072b08138c0ef9921313961d44c08,769b5ce88a5e1008bb2d369b899f15410abaedb40d0f5523714bc78826a33962,522fc077fc634a9f44ac55734c1b279fdc513952d80e4029c952cfdab738348a,Shiny_Icons_Gen1_9,Shiny_Icons_Gen1_9
PURE_PALETTE_RECOLOR,DS_CUSTOM_LIBRARY/packs/Shiny_Icons_Gen1_9/Icons shiny/ARCEUS_10.png,DS_CUSTOM_LIBRARY/packs/Shiny_Icons_Gen1_9/Icons shiny/ARCEUS_18.png,73e8868b8f1b0f64c05e09fa41744751cc7072b08138c0ef9921313961d44c08,5df647c3b974562b529464c16d55395da3e0561d495fa7635b52f3cd6549027b,522fc077fc634a9f44ac55734c1b279fdc513952d80e4029c952cfdab738348a,Shiny_Icons_Gen1_9,Shiny_Icons_Gen1_9
PURE_PALETTE_RECOLOR,DS_CUSTOM_LIBRARY/packs/Shiny_Icons_Gen1_9/Icons shiny/ARCEUS_17.png,DS_CUSTOM_LIBRARY/packs/Shiny_Icons_Gen1_9/Icons shiny/ARCEUS_18.png,73e8868b8f1b0f64c05e09fa41744751cc7072b08138c0ef9921313961d44c08,43c7aff172fa87d6957b652739db6e28fa9eeae39f165eb65e3a6ee1fed2f7e5,522fc077fc634a9f44ac55734c1b279fdc513952d80e4029c952cfdab738348a,Shiny_Icons_Gen1_9,Shiny_Icons_Gen1_9
PURE_PALETTE_RECOLOR,DS_CUSTOM_LIBRARY/packs/Shiny_Icons_Gen1_9/Icons shiny/ARCEUS_13.png,DS_CUSTOM_LIBRARY/packs/Shiny_Icons_Gen1_9/Icons shiny/ARCEUS_18.png,73e8868b8f1b0f64c05e09fa41744751cc7072b08138c0ef9921313961d44c08,55a67cc18e215a0d81cb7ed0ffe16d0265f1160161ca93358cf1492bc9cc5bb7,522fc077fc634a9f44ac55734c1b279fdc513952d80e4029c952cfdab738348a,Shiny_Icons_Gen1_9,Shiny_Icons_Gen1_9
PURE_PALETTE_RECOLOR,DS_CUSTOM_LIBRARY/packs/Shiny_Icons_Gen1_9/Icons shiny/ARCEUS_16.png,DS_CUSTOM_LIBRARY/packs/Shiny_Icons_Gen1_9/Icons shiny/ARCEUS_18.png,73e8868b8f1b0f64c05e09fa41744751cc7072b08138c0ef9921313961d44c08,d2a2a20d6b33a7e63503c66744cbb438ffd7ad8de7de519f43336f601628ec37,522fc077fc634a9f44ac55734c1b279fdc513952d80e4029c952cfdab738348a,Shiny_Icons_Gen1_9,Shiny_Icons_Gen1_9
PURE_PALETTE_RECOLOR,DS_CUSTOM_LIBRARY/packs/Shiny_Icons_Gen1_9/Icons shiny/ARCEUS_5.png,DS_CUSTOM_LIBRARY/packs/Shiny_Icons_Gen1_9/Icons shiny/ARCEUS_18.png,73e8868b8f1b0f64c05e09fa41744751cc7072b08138c0ef9921313961d44c08,5741677dca200d20eabcad565874df82b58d6bbebad38c346112d914a1c794ea,522fc077fc634a9f44ac55734c1b279fdc513952d80e4029c952cfdab738348a,Shiny_Icons_Gen1_9,Shiny_Icons_Gen1_9
PURE_PALETTE_RECOLOR,DS_CUSTOM_LIBRARY/packs/Shiny_Icons_Gen1_9/Icons shiny/ARCEUS_8.png,DS_CUSTOM_LIBRARY/packs/Shiny_Icons_Gen1_9/Icons shiny/ARCEUS_18.png,73e8868b8f1b0f64c05e09fa41744751cc7072b08138c0ef9921313961d44c08,a8fc71048969c4c1ca3e473fb34345c935e4ff058ac2e89283a3fa4adb2b484d,522fc077fc634a9f44ac55734c1b279fdc513952d80e4029c952cfdab738348a,Shiny_Icons_Gen1_9,Shiny_Icons_Gen1_9
PURE_PALETTE_RECOLOR,DS_CUSTOM_LIBRARY/packs/Shiny_Icons_Gen1_9/Icons shiny/ARCEUS_4.png,DS_CUSTOM_LIBRARY/packs/Shiny_Icons_Gen1_9/Icons shiny/ARCEUS_18.png,73e8868b8f1b0f64c05e09fa41744751cc7072b08138c0ef9921313961d44c08,fa6ce257de3a600e1cdc240f9af907dd29e6dd2bbd9c634cc9f928510d3ce73c,522fc077fc634a9f44ac55734c1b279fdc513952d80e4029c952cfdab738348a,Shiny_Icons_Gen1_9,Shiny_Icons_Gen1_9
PURE_PALETTE_RECOLOR,DS_CUSTOM_LIBRARY/packs/Shiny_Icons_Gen1_9/Icons shiny/ARCEUS_15.png,DS_CUSTOM_LIBRARY/packs/Shiny_Icons_Gen1_9/Icons shiny/ARCEUS_18.png,73e8868b8f1b0f64c05e09fa41744751cc7072b08138c0ef9921313961d44c08,6a64a3b1d553d02e3f532069ab2818d52bc397e9dcc62adceae3a091d27448c4,522fc077fc634a9f44ac55734c1b279fdc513952d80e4029c952cfdab738348a,Shiny_Icons_Gen1_9,Shiny_Icons_Gen1_9
PURE_PALETTE_RECOLOR,DS_CUSTOM_LIBRARY/packs/Shiny_Icons_Gen1_9/Icons shiny/ARCEUS_7.png,DS_CUSTOM_LIBRARY/packs/Shiny_Icons_Gen1_9/Icons shiny/ARCEUS_18.png,73e8868b8f1b0f64c05e09fa41744751cc7072b08138c0ef9921313961d44c08,5c70fef77b628a475f478612daf533de1739bad4fa06814edbccff48b6c4eb12,522fc077fc634a9f44ac55734c1b279fdc513952d80e4029c952cfdab738348a,Shiny_Icons_Gen1_9,Shiny_Icons_Gen1_9
PURE_PALETTE_RECOLOR,DS_CUSTOM_LIBRARY/packs/Shiny_Icons_Gen1_9/Icons shiny/ARCEUS_14.png,DS_CUSTOM_LIBRARY/packs/Shiny_Icons_Gen1_9/Icons shiny/ARCEUS_18.png,73e8868b8f1b0f64c05e09fa41744751cc7072b08138c0ef9921313961d44c08,2f8831c4fb48612543d9a8c5b4be810e00c3d0f700900c6bc6b8c6c031478588,522fc077fc634a9f44ac55734c1b279fdc513952d80e4029c952cfdab738348a,Shiny_Icons_Gen1_9,Shiny_Icons_Gen1_9
PURE_PALETTE_RECOLOR,DS_CUSTOM_LIBRARY/packs/Shiny_Icons_Gen1_9/Icons shiny/ARCEUS_6.png,DS_CUSTOM_LIBRARY/packs/Shiny_Icons_Gen1_9/Icons shiny/ARCEUS_18.png,73e8868b8f1b0f64c05e09fa41744751cc7072b08138c0ef9921313961d44c08,d948cf233e73796fea55d56e01fb92e5e6ee42386792d25387321fbbdb96b60b,522fc077fc634a9f44ac55734c1b279fdc513952d80e4029c952cfdab738348a,Shiny_Icons_Gen1_9,Shiny_Icons_Gen1_9
PURE_PALETTE_RECOLOR,DS_CUSTOM_LIBRARY/packs/Shiny_Icons_Gen1_9/Icons shiny/SILVALLY_1.png,DS_CUSTOM_LIBRARY/packs/Shiny_Icons_Gen1_9/Icons shiny/SILVALLY_16.png,558338e4c6ed1f635027d0535fb4d6360d11f0cc389983d76fe6a126954f506a,1eca034c35928e81e2babdad9c39bbcc19499cb7ad15e3e72b6b2709fb723bcb,e8a54b78ae90419f099dbfdfdfac13b7dca135893106835184b77b0c21dad20b,Shiny_Icons_Gen1_9,Shiny_Icons_Gen1_9
PURE_PALETTE_RECOLOR,DS_CUSTOM_LIBRARY/packs/Shiny_Icons_Gen1_9/Icons shiny/SILVALLY_8.png,DS_CUSTOM_LIBRARY/packs/Shiny_Icons_Gen1_9/Icons shiny/SILVALLY_16.png,558338e4c6ed1f635027d0535fb4d6360d11f0cc389983d76fe6a126954f506a,517fb5d75c4d7e2d66bef737efbc4ec1d4b097bc32b394a6ecda5cd5e275d508,e8a54b78ae90419f099dbfdfdfac13b7dca135893106835184b77b0c21dad20b,Shiny_Icons_Gen1_9,Shiny_Icons_Gen1_9
PURE_PALETTE_RECOLOR,DS_CUSTOM_LIBRARY/packs/Shiny_Icons_Gen1_9/Icons shiny/SILVALLY_5.png,DS_CUSTOM_LIBRARY/packs/Shiny_Icons_Gen1_9/Icons shiny/SILVALLY_16.png,558338e4c6ed1f635027d0535fb4d6360d11f0cc389983d76fe6a126954f506a,f8c85b91337e7d65efabc8fe92575425bf3231b442c4aeb309595d1daa60eb75,e8a54b78ae90419f099dbfdfdfac13b7dca135893106835184b77b0c21dad20b,Shiny_Icons_Gen1_9,Shiny_Icons_Gen1_9
PURE_PALETTE_RECOLOR,DS_CUSTOM_LIBRARY/packs/Shiny_Icons_Gen1_9/Icons shiny/SILVALLY_11.png,DS_CUSTOM_LIBRARY/packs/Shiny_Icons_Gen1_9/Icons shiny/SILVALLY_16.png,558338e4c6ed1f635027d0535fb4d6360d11f0cc389983d76fe6a126954f506a,6722b419a6c0f3f44b11b1e50231963f4b41f2320bda8430825a19e52c99a4b1,e8a54b78ae90419f099dbfdfdfac13b7dca135893106835184b77b0c21dad20b,Shiny_Icons_Gen1_9,Shiny_Icons_Gen1_9
PURE_PALETTE_RECOLOR,DS_CUSTOM_LIBRARY/packs/Shiny_Icons_Gen1_9/Icons shiny/SILVALLY_4.png,DS_CUSTOM_LIBRARY/packs/Shiny_Icons_Gen1_9/Icons shiny/SILVALLY_16.png,558338e4c6ed1f635027d0535fb4d6360d11f0cc389983d76fe6a126954f506a,edac21d0e196640de97a54253f61ecf5ce154826ae585d36c572a701ec36c917,e8a54b78ae90419f099dbfdfdfac13b7dca135893106835184b77b0c21dad20b,Shiny_Icons_Gen1_9,Shiny_Icons_Gen1_9
PURE_PALETTE_RECOLOR,DS_CUSTOM_LIBRARY/packs/Shiny_Icons_Gen1_9/Icons shiny/SILVALLY_3.png,DS_CUSTOM_LIBRARY/packs/Shiny_Icons_Gen1_9/Icons shiny/SILVALLY_16.png,558338e4c6ed1f635027d0535fb4d6360d11f0cc389983d76fe6a126954f506a,8df13a5890770207db426824b1ec5abdc8d9a78255e642cf5e35d1f93d80554b,e8a54b78ae90419f099dbfdfdfac13b7dca135893106835184b77b0c21dad20b,Shiny_Icons_Gen1_9,Shiny_Icons_Gen1_9
PURE_PALETTE_RECOLOR,DS_CUSTOM_LIBRARY/packs/Shiny_Icons_Gen1_9/Icons shiny/SILVALLY_2.png,DS_CUSTOM_LIBRARY/packs/Shiny_Icons_Gen1_9/Icons shiny/SILVALLY_16.png,558338e4c6ed1f635027d0535fb4d6360d11f0cc389983d76fe6a126954f506a,d5840aabef9cedf6e2f4aea9fcbf1f5b1901f1da9e0ccc8e16372df061c9be58,e8a54b78ae90419f099dbfdfdfac13b7dca135893106835184b77b0c21dad20b,Shiny_Icons_Gen1_9,Shiny_Icons_Gen1_9
PURE_PALETTE_RECOLOR,DS_CUSTOM_LIBRARY/packs/Shiny_Icons_Gen1_9/Icons shiny/SILVALLY_9.png,DS_CUSTOM_LIBRARY/packs/Shiny_Icons_Gen1_9/Icons shiny/SILVALLY_16.png,558338e4c6ed1f635027d0535fb4d6360d11f0cc389983d76fe6a126954f506a,8212c185e85437fe66cd3297f9dc290abdba80eded65f0b00820799e34168d76,e8a54b78ae90419f099dbfdfdfac13b7dca135893106835184b77b0c21dad20b,Shiny_Icons_Gen1_9,Shiny_Icons_Gen1_9
PURE_PALETTE_RECOLOR,DS_CUSTOM_LIBRARY/packs/Shiny_Icons_Gen1_9/Icons shiny/SILVALLY_13.png,DS_CUSTOM_LIBRARY/packs/Shiny_Icons_Gen1_9/Icons shiny/SILVALLY_16.png,558338e4c6ed1f635027d0535fb4d6360d11f0cc389983d76fe6a126954f506a,6aefc7f9aef49bf4cb2f38c9e97c2ae44ba5eb98a8f4dbc2d0234e9934b6765f,e8a54b78ae90419f099dbfdfdfac13b7dca135893106835184b77b0c21dad20b,Shiny_Icons_Gen1_9,Shiny_Icons_Gen1_9
PURE_PALETTE_RECOLOR,DS_CUSTOM_LIBRARY/packs/Shiny_Icons_Gen1_9/Icons shiny/SILVALLY_12.png,DS_CUSTOM_LIBRARY/packs/Shiny_Icons_Gen1_9/Icons shiny/SILVALLY_16.png,558338e4c6ed1f635027d0535fb4d6360d11f0cc389983d76fe6a126954f506a,9dbec52066d8ca2e05c6399fbc28506c590db1f9a088563dbb7922b26618bf93,e8a54b78ae90419f099dbfdfdfac13b7dca135893106835184b77b0c21dad20b,Shiny_Icons_Gen1_9,Shiny_Icons_Gen1_9
PURE_PALETTE_RECOLOR,DS_CUSTOM_LIBRARY/packs/Shiny_Icons_Gen1_9/Icons shiny/SILVALLY_17.png,DS_CUSTOM_LIBRARY/packs/Shiny_Icons_Gen1_9/Icons shiny/SILVALLY_16.png,558338e4c6ed1f635027d0535fb4d6360d11f0cc389983d76fe6a126954f506a,fc9d1248bb933f147949909e1ada60e12b39be6ba413e9941f58a371eafc3822,e8a54b78ae90419f099dbfdfdfac13b7dca135893106835184b77b0c21dad20b,Shiny_Icons_Gen1_9,Shiny_Icons_Gen1_9
PURE_PALETTE_RECOLOR,DS_CUSTOM_LIBRARY/packs/Shiny_Icons_Gen1_9/Icons shiny/SILVALLY_18.png,DS_CUSTOM_LIBRARY/packs/Shiny_Icons_Gen1_9/Icons shiny/SILVALLY_16.png,558338e4c6ed1f635027d0535fb4d6360d11f0cc389983d76fe6a126954f506a,526be61bc4a4d9369d57ca2656688dbefaf2f6968afbd7be01aedf97967cd76d,e8a54b78ae90419f099dbfdfdfac13b7dca135893106835184b77b0c21dad20b,Shiny_Icons_Gen1_9,Shiny_Icons_Gen1_9
PURE_PALETTE_RECOLOR,DS_CUSTOM_LIBRARY/packs/Shiny_Icons_Gen1_9/Icons shiny/SILVALLY_14.png,DS_CUSTOM_LIBRARY/packs/Shiny_Icons_Gen1_9/Icons shiny/SILVALLY_16.png,558338e4c6ed1f635027d0535fb4d6360d11f0cc389983d76fe6a126954f506a,b12f7ca8d58ed810ee76ca8fc7ca23d182c4cd3063f09c6560df69c881fec724,e8a54b78ae90419f099dbfdfdfac13b7dca135893106835184b77b0c21dad20b,Shiny_Icons_Gen1_9,Shiny_Icons_Gen1_9
PURE_PALETTE_RECOLOR,DS_CUSTOM_LIBRARY/packs/Shiny_Icons_Gen1_9/Icons shiny/SILVALLY_6.png,DS_CUSTOM_LIBRARY/packs/Shiny_Icons_Gen1_9/Icons shiny/SILVALLY_16.png,558338e4c6ed1f635027d0535fb4d6360d11f0cc389983d76fe6a126954f506a,d22e33f15da4dd33068c2f7ca3924db0f1a8d779a2576c17341b35fdd38bb986,e8a54b78ae90419f099dbfdfdfac13b7dca135893106835184b77b0c21dad20b,Shiny_Icons_Gen1_9,Shiny_Icons_Gen1_9
PURE_PALETTE_RECOLOR,DS_CUSTOM_LIBRARY/packs/Shiny_Icons_Gen1_9/Icons shiny/SILVALLY_15.png,DS_CUSTOM_LIBRARY/packs/Shiny_Icons_Gen1_9/Icons shiny/SILVALLY_16.png,558338e4c6ed1f635027d0535fb4d6360d11f0cc389983d76fe6a126954f506a,18676a7c5a7a540f57deeba1c51147455959d7dc46baa17f4dcee7d0d7e8532e,e8a54b78ae90419f099dbfdfdfac13b7dca135893106835184b77b0c21dad20b,Shiny_Icons_Gen1_9,Shiny_Icons_Gen1_9
PURE_PALETTE_RECOLOR,DS_CUSTOM_LIBRARY/packs/Shiny_Icons_Gen1_9/Icons shiny/SILVALLY_10.png,DS_CUSTOM_LIBRARY/packs/Shiny_Icons_Gen1_9/Icons shiny/SILVALLY_16.png,558338e4c6ed1f635027d0535fb4d6360d11f0cc389983d76fe6a126954f506a,4bcd633f6a4157364bb9190e6dc0b939dc53266e3c8b18f53632591a6104e3ba,e8a54b78ae90419f099dbfdfdfac13b7dca135893106835184b77b0c21dad20b,Shiny_Icons_Gen1_9,Shiny_Icons_Gen1_9
PURE_PALETTE_RECOLOR,DS_CUSTOM_LIBRARY/packs/Shiny_Icons_Gen1_9/Icons shiny/ALCREMIE.png,DS_CUSTOM_LIBRARY/packs/Shiny_Icons_Gen1_9/Icons shiny/ALCREMIE_13.png,fbbf6a827ff75ba2c4b54b0d92b04a0aec7bfbfdee4274c6329a66f6ba640812,08e98874efe6b66a31c2353301af592810f5c9b271244814addeb27db0150bfe,80a9f4849e86b9eef261e08c76304c1e871ce1ecb7a445b1b4f373291ce49bf9,Shiny_Icons_Gen1_9,Shiny_Icons_Gen1_9
PURE_PALETTE_RECOLOR,DS_CUSTOM_LIBRARY/packs/Shiny_Icons_Gen1_9/Icons shiny/ALCREMIE_10.png,DS_CUSTOM_LIBRARY/packs/Shiny_Icons_Gen1_9/Icons shiny/ALCREMIE_13.png,fbbf6a827ff75ba2c4b54b0d92b04a0aec7bfbfdee4274c6329a66f6ba640812,420d3406288ef0d9b5f29a60fc0df43b8e43c331fb42d8f417fb95faac6be15e,80a9f4849e86b9eef261e08c76304c1e871ce1ecb7a445b1b4f373291ce49bf9,Shiny_Icons_Gen1_9,Shiny_Icons_Gen1_9
PURE_PALETTE_RECOLOR,DS_CUSTOM_LIBRARY/packs/Shiny_Icons_Gen1_9/Icons shiny/ALCREMIE_16.png,DS_CUSTOM_LIBRARY/packs/Shiny_Icons_Gen1_9/Icons shiny/ALCREMIE_13.png,fbbf6a827ff75ba2c4b54b0d92b04a0aec7bfbfdee4274c6329a66f6ba640812,92de732b30e0610d8f4eb8ec997c2a428f4f4e31ed4dbb0e438e7da4bc205ca5,80a9f4849e86b9eef261e08c76304c1e871ce1ecb7a445b1b4f373291ce49bf9,Shiny_Icons_Gen1_9,Shiny_Icons_Gen1_9
PURE_PALETTE_RECOLOR,DS_CUSTOM_LIBRARY/packs/Shiny_Icons_Gen1_9/Icons shiny/ALCREMIE_12.png,DS_CUSTOM_LIBRARY/packs/Shiny_Icons_Gen1_9/Icons shiny/ALCREMIE_13.png,fbbf6a827ff75ba2c4b54b0d92b04a0aec7bfbfdee4274c6329a66f6ba640812,22edc1b482591be8e021d82bd47ad7c38cd883c4b2a4882d1524190c7611d694,80a9f4849e86b9eef261e08c76304c1e871ce1ecb7a445b1b4f373291ce49bf9,Shiny_Icons_Gen1_9,Shiny_Icons_Gen1_9
PURE_PALETTE_RECOLOR,DS_CUSTOM_LIBRARY/packs/Shiny_Icons_Gen1_9/Icons shiny/ALCREMIE_1.png,DS_CUSTOM_LIBRARY/packs/Shiny_Icons_Gen1_9/Icons shiny/ALCREMIE_13.png,fbbf6a827ff75ba2c4b54b0d92b04a0aec7bfbfdee4274c6329a66f6ba640812,6f870deb98a4d31582fb67460ec889cef9c1d1f50f85e17b7b53951c1df83fae,80a9f4849e86b9eef261e08c76304c1e871ce1ecb7a445b1b4f373291ce49bf9,Shiny_Icons_Gen1_9,Shiny_Icons_Gen1_9
PURE_PALETTE_RECOLOR,DS_CUSTOM_LIBRARY/packs/Shiny_Icons_Gen1_9/Icons shiny/ZYGARDE_2.png,DS_CUSTOM_LIBRARY/packs/Shiny_Icons_Gen1_9/Icons shiny/ZYGARDE_3.png,5213ea12061fff7fc24587be5a4d156f10b19d4b50d263b5bd8939084116d333,b81686ed5ee66525d0d2f2c0b1abcd9e71180736d251d111a8608f4ea13a0d21,05de949fbf3cdcfd768ab76a9ae10785c6e32fcf82defb5cafecd0f1b621717a,Shiny_Icons_Gen1_9,Shiny_Icons_Gen1_9
PURE_PALETTE_RECOLOR,DS_CUSTOM_LIBRARY/packs/Shiny_Icons_Gen1_9/Icons shiny/SQUAWKABILLY_2.png,DS_CUSTOM_LIBRARY/packs/Shiny_Icons_Gen1_9/Icons shiny/SQUAWKABILLY.png,efd7be1412187d67e036ca376d5217f5b3d1bdfbd3694bda2da19f79bfc77ded,a2268cdfb99effc432d0964e82d8fac696719d27e15b878f8938ff1f067e9138,9ac3778955e76e0db48d34e548ca14c3cea2d45dc78d8451112a3994ee16deee,Shiny_Icons_Gen1_9,Shiny_Icons_Gen1_9
PURE_PALETTE_RECOLOR,DS_CUSTOM_LIBRARY/packs/Shiny_Icons_Gen1_9/Icons shiny/SQUAWKABILLY_1.png,DS_CUSTOM_LIBRARY/packs/Shiny_Icons_Gen1_9/Icons shiny/SQUAWKABILLY.png,efd7be1412187d67e036ca376d5217f5b3d1bdfbd3694bda2da19f79bfc77ded,d8ec0f20d3d63cfce39326cdf2183592160057653e72baf174aa426d30cff0f4,9ac3778955e76e0db48d34e548ca14c3cea2d45dc78d8451112a3994ee16deee,Shiny_Icons_Gen1_9,Shiny_Icons_Gen1_9
PURE_PALETTE_RECOLOR,DS_CUSTOM_LIBRARY/packs/Shiny_Icons_Gen1_9/Icons shiny/ARCEUS_1.png,DS_CUSTOM_LIBRARY/packs/Shiny_Icons_Gen1_9/Icons shiny/ARCEUS_3.png,887fa32552289bfbb5350e9357eaf2a833bc034202f240e63832ccac8e53ea6e,3887b4f503a436fc57c034347995f6ebd21f54885b57a052dabbdb8898d32f68,9b30abbfb688cbfc72e948d7a78cc7e7774aa7054f16822e4567db6c9b150596,Shiny_Icons_Gen1_9,Shiny_Icons_Gen1_9
PURE_PALETTE_RECOLOR,DS_CUSTOM_LIBRARY/packs/Shiny_Icons_Gen1_9/Icons shiny/LATIAS_1.png,DS_CUSTOM_LIBRARY/packs/Shiny_Icons_Gen1_9/Icons shiny/LATIOS_1.png,a18fff90d7da2212e616946666e6b75a460a0bb91b41ca97af2640c683a53c5f,6dfa6e02f9db299af0f4a9a232164a5f9f98a18a5d3d623f532e9070d143af61,c608f2bbfa9f51d98c95d90f4ff62c2cd7b64260dabbb055fd7a144c542750f5,Shiny_Icons_Gen1_9,Shiny_Icons_Gen1_9
PURE_PALETTE_RECOLOR,DS_CUSTOM_LIBRARY/packs/Shiny_Icons_Gen1_9/Icons shiny/KYUREM_3.png,DS_CUSTOM_LIBRARY/packs/Shiny_Icons_Gen1_9/Icons shiny/KYUREM_1.png,7cea5c332549b20ba68b2c63aa1a1b1f534b97f895997d4a7231f18221562251,f9108cdae2b29154f98d84b2b2e58aa5793587ed0d083c94f33bd2e8e2c21def,04f17494d9a3d8f7c3aa2847a0779dcd8f726994cb088b955df0aa9d9839797a,Shiny_Icons_Gen1_9,Shiny_Icons_Gen1_9
PURE_PALETTE_RECOLOR,DS_CUSTOM_LIBRARY/packs/Shiny_Icons_Gen1_9/Icons shiny/DEERLING_3.png,DS_CUSTOM_LIBRARY/packs/Shiny_Icons_Gen1_9/Icons shiny/DEERLING_2.png,9d10183b73c065cb47403d335e49b88837f5a8af2c861b8a97cbe3c12b13bca6,20ee22a9c2ea7fd72f3f1f79bc8f2cf3736ca7009411b5fae6540a6a857d154a,6df3ac23e8aeeb09326714bb26129284af0e126b9532f2e1b026d815509c76cd,Shiny_Icons_Gen1_9,Shiny_Icons_Gen1_9
PURE_PALETTE_RECOLOR,DS_CUSTOM_LIBRARY/packs/Shiny_Icons_Gen1_9/Icons shiny/DEERLING_1.png,DS_CUSTOM_LIBRARY/packs/Shiny_Icons_Gen1_9/Icons shiny/DEERLING_2.png,9d10183b73c065cb47403d335e49b88837f5a8af2c861b8a97cbe3c12b13bca6,816c7d66b2cd48705da33a83dc7b78e5600e9ad0f56f139058bcb87447fc0f31,6df3ac23e8aeeb09326714bb26129284af0e126b9532f2e1b026d815509c76cd,Shiny_Icons_Gen1_9,Shiny_Icons_Gen1_9
PURE_PALETTE_RECOLOR,DS_CUSTOM_LIBRARY/packs/Shiny_Icons_Gen1_9/Icons shiny/NECROZMA_3.png,DS_CUSTOM_LIBRARY/packs/Shiny_Icons_Gen1_9/Icons shiny/NECROZMA_4.png,802c60600a609e50a878b4aa63d92732a1222b357eac0f3aac92a2069a40e938,370740a19d252968b4962ac6bce604198b682045d859c93462721f130783a17a,ea6b55294e8e2f3dc33caa8b43f1a4d4118ef3c0ad984791c9bdd90dc0c18db0,Shiny_Icons_Gen1_9,Shiny_Icons_Gen1_9
PURE_PALETTE_RECOLOR,DS_CUSTOM_LIBRARY/packs/Shiny_Icons_Gen1_9/Icons shiny/HIPPOWDON.png,DS_CUSTOM_LIBRARY/packs/Shiny_Icons_Gen1_9/Icons shiny/HIPPOWDON_female.png,e2e690a895c6a8555114ebb2665aff62024c9c91dcccb14483ac7949286139f2,51c6f4a2fe8e337ec7c6333c00ab653443446b25b493ca548dfbc5757569dbc6,f90feefb555483db52a7d22a041edd1d323e6763860d41771bf6e6f63c6dad49,Shiny_Icons_Gen1_9,Shiny_Icons_Gen1_9
PURE_PALETTE_RECOLOR,DS_CUSTOM_LIBRARY/hack-packs/Infinite_Black_2_Unique_Assets/IconSprites/Minior (7).png,DS_CUSTOM_LIBRARY/hack-packs/Infinite_Black_2_Unique_Assets/IconSprites/Minior (11).png,b587dff7a25214019a7add07c9b8eedefc175c8bd2581b26b9255a58e9b67fae,640de20de8b3b71bed072c8c217da9119652b63559ba15078a65e531c072980e,00c1a509a48a1432b113973aad538d6d2d4836dad22c6ac4263f222d73196b81,Infinite_Black_2_Unique_Assets,Infinite_Black_2_Unique_Assets
PURE_PALETTE_RECOLOR,DS_CUSTOM_LIBRARY/hack-packs/Infinite_Black_2_Unique_Assets/IconSprites/Minior (3).png,DS_CUSTOM_LIBRARY/hack-packs/Infinite_Black_2_Unique_Assets/IconSprites/Minior (11).png,b587dff7a25214019a7add07c9b8eedefc175c8bd2581b26b9255a58e9b67fae,e0e2bed9a56e25d29e99427bee3b648d1623b9f4e73c3524a3e2c9c42e2e2550,00c1a509a48a1432b113973aad538d6d2d4836dad22c6ac4263f222d73196b81,Infinite_Black_2_Unique_Assets,Infinite_Black_2_Unique_Assets
PURE_PALETTE_RECOLOR,DS_CUSTOM_LIBRARY/hack-packs/Infinite_Black_2_Unique_Assets/IconSprites/Minior (5).png,DS_CUSTOM_LIBRARY/hack-packs/Infinite_Black_2_Unique_Assets/IconSprites/Minior (11).png,b587dff7a25214019a7add07c9b8eedefc175c8bd2581b26b9255a58e9b67fae,74e489e0095ea82b2cc2508567f843aab3d5251e0cf986445f8aab17f1e3096a,00c1a509a48a1432b113973aad538d6d2d4836dad22c6ac4263f222d73196b81,Infinite_Black_2_Unique_Assets,Infinite_Black_2_Unique_Assets
PURE_PALETTE_RECOLOR,DS_CUSTOM_LIBRARY/hack-packs/Infinite_Black_2_Unique_Assets/IconSprites/Minior (1).png,DS_CUSTOM_LIBRARY/hack-packs/Infinite_Black_2_Unique_Assets/IconSprites/Minior (11).png,b587dff7a25214019a7add07c9b8eedefc175c8bd2581b26b9255a58e9b67fae,fc9a912e8629e524d0aa87c455bf73371f08b37b999d70b080ee7adf311a1ca7,00c1a509a48a1432b113973aad538d6d2d4836dad22c6ac4263f222d73196b81,Infinite_Black_2_Unique_Assets,Infinite_Black_2_Unique_Assets
PURE_PALETTE_RECOLOR,DS_CUSTOM_LIBRARY/hack-packs/Infinite_Black_2_Unique_Assets/IconSprites/Minior (9).png,DS_CUSTOM_LIBRARY/hack-packs/Infinite_Black_2_Unique_Assets/IconSprites/Minior (11).png,b587dff7a25214019a7add07c9b8eedefc175c8bd2581b26b9255a58e9b67fae,f9a0f219cc8c2be54ab538e4b788554a894a22000c7996311d0063a9606cc972,00c1a509a48a1432b113973aad538d6d2d4836dad22c6ac4263f222d73196b81,Infinite_Black_2_Unique_Assets,Infinite_Black_2_Unique_Assets
PURE_PALETTE_RECOLOR,DS_CUSTOM_LIBRARY/hack-packs/Infinite_Black_2_Unique_Assets/IconSprites/Deerling.png,DS_CUSTOM_LIBRARY/hack-packs/Infinite_Black_2_Unique_Assets/IconSprites/Deerling (2).png,dcd629d37aa835a7a158d5b2e5112c0c79872b8c6c64a40390199f185b17909a,a5ae7012fc665a60cb504cffc8a10b7d9e24a62ed4167a6224e9c3112cbf7c82,e07d55ac9eb0012438314523e59715ec5ebdb39628b831b553217ffae40a9fe6,Infinite_Black_2_Unique_Assets,Infinite_Black_2_Unique_Assets
PURE_PALETTE_RECOLOR,DS_CUSTOM_LIBRARY/hack-packs/Infinite_Black_2_Unique_Assets/IconSprites/Deerling (3).png,DS_CUSTOM_LIBRARY/hack-packs/Infinite_Black_2_Unique_Assets/IconSprites/Deerling (2).png,dcd629d37aa835a7a158d5b2e5112c0c79872b8c6c64a40390199f185b17909a,6cf839b1c61e2681ebea0ea6d9a4042ac2faff981eeb52837d0b504d697cd04e,e07d55ac9eb0012438314523e59715ec5ebdb39628b831b553217ffae40a9fe6,Infinite_Black_2_Unique_Assets,Infinite_Black_2_Unique_Assets
PURE_PALETTE_RECOLOR,DS_CUSTOM_LIBRARY/hack-packs/Infinite_Black_2_Unique_Assets/DexSprites/Deerling (1).png,DS_CUSTOM_LIBRARY/hack-packs/Infinite_Black_2_Unique_Assets/DexSprites/Deerling.png,5d12eb528f565df9924966b2cad87fde16f943174efa2ce88b9b518203028c6f,ddcd03423b88f33363b0bdb35a0caf3badb624a5af03542e3fb6c60b83d3fcea,2d36ab34ebb1d0ee0adb870205d7272fd613063907a0c05f1626dc802ddd3bfe,Infinite_Black_2_Unique_Assets,Infinite_Black_2_Unique_Assets
PURE_PALETTE_RECOLOR,DS_CUSTOM_LIBRARY/hack-packs/Infinite_Black_2_Unique_Assets/DexSprites/Deerling (2).png,DS_CUSTOM_LIBRARY/hack-packs/Infinite_Black_2_Unique_Assets/DexSprites/Deerling.png,5d12eb528f565df9924966b2cad87fde16f943174efa2ce88b9b518203028c6f,999ab2202fabf11ac63a6097badecaf4d899abccdb0eff9e2c98f879fe1711a1,2d36ab34ebb1d0ee0adb870205d7272fd613063907a0c05f1626dc802ddd3bfe,Infinite_Black_2_Unique_Assets,Infinite_Black_2_Unique_Assets
PURE_PALETTE_RECOLOR,DS_CUSTOM_LIBRARY/hack-packs/Infinite_Black_2_Unique_Assets/DexSprites/Deerling (3).png,DS_CUSTOM_LIBRARY/hack-packs/Infinite_Black_2_Unique_Assets/DexSprites/Deerling.png,5d12eb528f565df9924966b2cad87fde16f943174efa2ce88b9b518203028c6f,03f546cf6b70b36007da6e70aaa316f1198f406bf484791f3c13f1484587079e,2d36ab34ebb1d0ee0adb870205d7272fd613063907a0c05f1626dc802ddd3bfe,Infinite_Black_2_Unique_Assets,Infinite_Black_2_Unique_Assets
PURE_PALETTE_RECOLOR,DS_CUSTOM_LIBRARY/hack-packs/Platinum_Redux_Embedded_Sprites/all-embedded/0233_image253.png,DS_CUSTOM_LIBRARY/hack-packs/Platinum_Redux_Embedded_Sprites/all-embedded/0045_image257.png,7159a0277144ff34d88e64079e420e1368649cfcde71b1d12c102f355d748cb4,80128254da40d17d88277ca46deee1a0ad0e0cd4aaf651750b6e5f39fd43256f,5aa5827c325a9447f4a7df5be00c5724a0c5269c677acd3aa06b63c60be44b7d,Platinum_Redux_Embedded_Sprites,Platinum_Redux_Embedded_Sprites
PURE_PALETTE_RECOLOR,DS_CUSTOM_LIBRARY/hack-packs/Platinum_Redux_Embedded_Sprites/all-embedded/0406_image175.png,DS_CUSTOM_LIBRARY/hack-packs/Platinum_Redux_Embedded_Sprites/all-embedded/0178_image186.png,d6d481311ffe23a7191168e74f3a092fccfdfb6707116fe47340a064948a5595,887bd02f38d449a7083809b551a5b6236ae7341c6b22b20c6ed8564d79e06af5,6853da58ba4e45c545fbfde8ee0ddb09c6a48be6015395cbd0976babb1b6e719,Platinum_Redux_Embedded_Sprites,Platinum_Redux_Embedded_Sprites
PURE_PALETTE_RECOLOR,DS_CUSTOM_LIBRARY/hack-packs/Platinum_Redux_Embedded_Sprites/all-embedded/0332_image375.png,DS_CUSTOM_LIBRARY/hack-packs/Platinum_Redux_Embedded_Sprites/all-embedded/0273_image374.png,91a49b1e1a68d34f59badacda3e6455ccb74a80181e8fc5e242b1adb62cb6ca0,a9fe174f79352855f1771c002a394dd16465897a773feaf94fb7817774a3ddb9,64cc497414ff730851935a3731b5237c5c929ce35274f1b7f0a22793f1955130,Platinum_Redux_Embedded_Sprites,Platinum_Redux_Embedded_Sprites
PURE_PALETTE_RECOLOR,DS_CUSTOM_LIBRARY/hack-packs/Platinum_Redux_Embedded_Sprites/all-embedded/0350_image203.png,DS_CUSTOM_LIBRARY/hack-packs/Platinum_Redux_Embedded_Sprites/all-embedded/0207_image215.png,ea0ebab804a05909bf2c2aaaaabd7a8454c41136f3fa99c6d92a2ef393440e0d,8926af57b6439b8e3173f86dd19fc14e0717b72f913655fd4c4e7fc9d8444f4e,8ea45575791fdc2418deab04afea8cf43a7669eb25626149ff9579f5ad74bb7a,Platinum_Redux_Embedded_Sprites,Platinum_Redux_Embedded_Sprites
PURE_PALETTE_RECOLOR,DS_CUSTOM_LIBRARY/hack-packs/Platinum_Redux_Embedded_Sprites/all-embedded/0413_image360.png,DS_CUSTOM_LIBRARY/hack-packs/Platinum_Redux_Embedded_Sprites/all-embedded/0288_image351.png,aa02656c879e8fa9c385bb0ba9c47999567cc83b7ddfc1cbe3f1ae1fd41cd239,20a6d5b9d127c9994aeb70a19e25ca1639a0eb1d79897ed7165b35a67aea15c4,e7e0e4aefa67d0310dc9f2db406a8ece1c49a8ba105f4e9a7b2219c887dfc7e4,Platinum_Redux_Embedded_Sprites,Platinum_Redux_Embedded_Sprites
PURE_PALETTE_RECOLOR,DS_CUSTOM_LIBRARY/hack-packs/Platinum_Redux_Embedded_Sprites/all-embedded/0084_image329.png,DS_CUSTOM_LIBRARY/hack-packs/Platinum_Redux_Embedded_Sprites/all-embedded/0044_image338.png,65c34d59bcb0f2dedebbede3ab7859173a08ec02e8e3bad524d036180c69a217,c80adace91bfee117d3c6dcb8b4791f1f337d88c08cd8ba4eb21672383511100,ab2645dcb3bd24439f820fae6525b19a2d6b0ea2d29e0f304bfa3bb22635be48,Platinum_Redux_Embedded_Sprites,Platinum_Redux_Embedded_Sprites
PURE_PALETTE_RECOLOR,DS_CUSTOM_LIBRARY/hack-packs/Platinum_Redux_Embedded_Sprites/all-embedded/0132_image190.png,DS_CUSTOM_LIBRARY/hack-packs/Platinum_Redux_Embedded_Sprites/all-embedded/0431_image181.png,4da32450cf69fec46813cf068b7c0348d2b51d36625ef17cd08ab9c39aad4903,99918051f8fa5d29d3e5285edd8bff987c1e749853cde126265b24163892ad1f,1d107f513fbab5e3d4328f68517c6125909fdfc74e2b195b4c4cacd00a2acce7,Platinum_Redux_Embedded_Sprites,Platinum_Redux_Embedded_Sprites
PURE_PALETTE_RECOLOR,DS_CUSTOM_LIBRARY/hack-packs/Platinum_Redux_Embedded_Sprites/all-embedded/0274_image188.png,DS_CUSTOM_LIBRARY/hack-packs/Platinum_Redux_Embedded_Sprites/all-embedded/0033_image184.png,0748aeb938cfe8f83bfcba7506fecc43dd3c2e8a9f8eb1d55091282e8ee5929f,7544d30dcc85c24533436a4bcb948a936c4036f9841693ce5501e9f488209e81,496d48fb8bb1b2850bf9c5ff839dcdd3cf44512a35a18b67a87a5c461c54e9c6,Platinum_Redux_Embedded_Sprites,Platinum_Redux_Embedded_Sprites
PURE_PALETTE_RECOLOR,DS_CUSTOM_LIBRARY/hack-packs/Platinum_Redux_Embedded_Sprites/all-embedded/0283_image317.png,DS_CUSTOM_LIBRARY/hack-packs/Platinum_Redux_Embedded_Sprites/all-embedded/0004_image314.png,fc0dba39aa98d924be5ea0529520eef341a58cff3e6df764e24813886dca1a5e,87388d376f7df8f136b9f72f29066fb161e7b1f272f2322a39fd5f61fa24b315,bd1a7118f914cdc440a6d121fb2d7e07fc09d305a9cd8c39f43eb65d3c8746a3,Platinum_Redux_Embedded_Sprites,Platinum_Redux_Embedded_Sprites
PURE_PALETTE_RECOLOR,DS_CUSTOM_LIBRARY/hack-packs/Platinum_Redux_Embedded_Sprites/all-embedded/0348_image327.png,DS_CUSTOM_LIBRARY/hack-packs/Platinum_Redux_Embedded_Sprites/all-embedded/0078_image328.png,08a21861ff2f07c1cdc52256ba5fe1560e4639e4458434f763cadc54579652f5,a52b899457b41ba7bdfa096addb0edca826c8c8cdfa9ad5e1ca174d98d999582,cfc8132599bed1e74d270732f273082f707a7290b5f32e5e211003b60e12d801,Platinum_Redux_Embedded_Sprites,Platinum_Redux_Embedded_Sprites
PURE_PALETTE_RECOLOR,DS_CUSTOM_LIBRARY/hack-packs/Platinum_Redux_Embedded_Sprites/all-embedded/0372_image231.png,DS_CUSTOM_LIBRARY/hack-packs/Platinum_Redux_Embedded_Sprites/all-embedded/0069_image249.png,3934d03eb39962895257f4714b4f49fed8897b3b6291031e3437dd17e6f1f2b1,c0d0d7f16ce0385f6dd49afc97c3cd28cdcfc82bbf16e9d88d0b9ef45e7746c5,ad686151c72c190be2f3c19b4e6120fb16322a578139bf4ec64427e5a8cd612a,Platinum_Redux_Embedded_Sprites,Platinum_Redux_Embedded_Sprites
PURE_PALETTE_RECOLOR,DS_CUSTOM_LIBRARY/hack-packs/Platinum_Redux_Embedded_Sprites/all-embedded/0104_image76.png,DS_CUSTOM_LIBRARY/hack-packs/Platinum_Redux_Embedded_Sprites/all-embedded/0028_image71.png,e0c4fa8f7cb90b74e4f6405e93fa6a9ef2810561e47f28e0803053dfa69f9c56,854c0e042fe0a57618d738b4946ae5cc81af84864fd5b78c6f5c03ea39561099,a3799972556639d1542bde530cd3088ff800fcd24c2373d5f56d5e1584972ba1,Platinum_Redux_Embedded_Sprites,Platinum_Redux_Embedded_Sprites
PURE_PALETTE_RECOLOR,DS_CUSTOM_LIBRARY/hack-packs/Platinum_Redux_Embedded_Sprites/all-embedded/0391_image196.png,DS_CUSTOM_LIBRARY/hack-packs/Platinum_Redux_Embedded_Sprites/all-embedded/0220_image276.png,3525fc8eee642de2d05c94fa3d1adc3e40f0fb8dace1c5376ab090bebfa5cb45,e116b2f209ce0f5a9edb53ed16bb0aace76894daf934b2a7852e8cf9a953c677,5fded461b5228b8b3cbe7bf8bcc72f64aba3acaae84f2ba540fd6499fae2e94e,Platinum_Redux_Embedded_Sprites,Platinum_Redux_Embedded_Sprites
PURE_PALETTE_RECOLOR,DS_CUSTOM_LIBRARY/hack-packs/Platinum_Redux_Embedded_Sprites/all-embedded/0388_image50.png,DS_CUSTOM_LIBRARY/hack-packs/Platinum_Redux_Embedded_Sprites/all-embedded/0430_image17.png,38d9fd6c591882b8e747a3c1882678b66d67407353fb1f661b76b781bf1cdc3b,c881441f21aca3c6505fae5f7782c07af48bdddc0df2b0c1ebf10546d0b3a54a,a99b055ad2676b3b71e89039170f958ea789f6f5f7e8a024e9041d6dfeb57ea5,Platinum_Redux_Embedded_Sprites,Platinum_Redux_Embedded_Sprites
PURE_PALETTE_RECOLOR,DS_CUSTOM_LIBRARY/hack-packs/Platinum_Redux_Embedded_Sprites/all-embedded/0396_image73.png,DS_CUSTOM_LIBRARY/hack-packs/Platinum_Redux_Embedded_Sprites/all-embedded/0087_image64.png,a93cf05e1fbd6df839628cf5a315f8eaa9891e233343c01aededf932982a0222,56aca428d9c91e9ec933029b6c5d2943f2175137517e11fa9be3cb4051146917,2384d1a48abcbc964f86466c33715b16cf7c3a8acb6a99cdd5d9f26b00f6c7ae,Platinum_Redux_Embedded_Sprites,Platinum_Redux_Embedded_Sprites
PURE_PALETTE_RECOLOR,DS_CUSTOM_LIBRARY/hack-packs/Platinum_Redux_Embedded_Sprites/all-embedded/0092_image183.png,DS_CUSTOM_LIBRARY/hack-packs/Platinum_Redux_Embedded_Sprites/all-embedded/0241_image172.png,bd79630b0cd5155c529a13772a79980fa7d4c0e2ea5517d34a444e756fa23fb3,6171170649112b69fd3eb3c6377a0bc3c6e242611c8c3583b54acf9dff0a099d,2ce9370ccae3c6540305f931c6b6321ffc99894772dd578023ff76d65dcbf353,Platinum_Redux_Embedded_Sprites,Platinum_Redux_Embedded_Sprites
PURE_PALETTE_RECOLOR,DS_CUSTOM_LIBRARY/hack-packs/Platinum_Redux_Embedded_Sprites/all-embedded/0410_image247.png,DS_CUSTOM_LIBRARY/hack-packs/Platinum_Redux_Embedded_Sprites/all-embedded/0039_image272.png,d3224b31d3cd2522025c54b75f20a1c7b8208705c4e37f62745c34c86fa99ac6,4cab661a9a4ad0bafcd4a590a59651d82c942a006448a3d7185a0190a8c45aed,82be386ad2f3a1411cdcf8d6616d02c06f60969ebd6629e768ddef9e2d791d76,Platinum_Redux_Embedded_Sprites,Platinum_Redux_Embedded_Sprites
PURE_PALETTE_RECOLOR,DS_CUSTOM_LIBRARY/hack-packs/Platinum_Redux_Embedded_Sprites/all-embedded/0373_image404.png,DS_CUSTOM_LIBRARY/hack-packs/Platinum_Redux_Embedded_Sprites/all-embedded/0058_image402.png,d745bd6be3a2008946d095d0a5faa9424489c47c55999e41a3dd41a296367e0e,9d271c3ccc3002914b6aa511e17f847e530d14e71401cb183c1e13371b8a095c,abe81cf918650138766db4df0fdd8c60db770548bbd7751b9426e429aec264a5,Platinum_Redux_Embedded_Sprites,Platinum_Redux_Embedded_Sprites
PURE_PALETTE_RECOLOR,DS_CUSTOM_LIBRARY/hack-packs/Platinum_Redux_Embedded_Sprites/all-embedded/0349_image131.png,DS_CUSTOM_LIBRARY/hack-packs/Platinum_Redux_Embedded_Sprites/all-embedded/0154_image135.png,a63193618dbb02f635f3c43785969c7ea2ebc0aa54de74ffd1756f6d18598f12,8903a92e18721b4b2e423491b02b94d36eaed269eb04f56e29f6878c2c7e1424,5d682e38b9d6c504016929309d092dc0884b214f84e20cfc9e1ec82558967b1b,Platinum_Redux_Embedded_Sprites,Platinum_Redux_Embedded_Sprites
PURE_PALETTE_RECOLOR,DS_CUSTOM_LIBRARY/hack-packs/Platinum_Redux_Embedded_Sprites/all-embedded/0381_image260.png,DS_CUSTOM_LIBRARY/hack-packs/Platinum_Redux_Embedded_Sprites/all-embedded/0376_image269.png,9815ad4dd14f78f8a68dddd40ac47ec0c2d2e362e52dfd2e1390dcb405c9bf05,98b66038ea50238c6e734d499c9fdadc09ed5c355d4337bd92840eff5a93e3b6,5b2ed2b97c7c88b477111c1b238cf82c7f11606f58c92efc9f6f232d53ec6900,Platinum_Redux_Embedded_Sprites,Platinum_Redux_Embedded_Sprites
PURE_PALETTE_RECOLOR,DS_CUSTOM_LIBRARY/hack-packs/Platinum_Redux_Embedded_Sprites/all-embedded/0188_image315.png,DS_CUSTOM_LIBRARY/hack-packs/Platinum_Redux_Embedded_Sprites/all-embedded/0105_image294.png,68ce8788853b7675bcf5d4ad856bf89729c13c76cbfeac185a22b3cb6250d999,43e495f40a6e8260b4d9740c4830387a2cbaf5d3a69030d225c3600e56b4fd6a,20baaa6dfaea02d6e99f053ecaa5eb894057a4ae914f10e803a6590acf72e2a5,Platinum_Redux_Embedded_Sprites,Platinum_Redux_Embedded_Sprites
PURE_PALETTE_RECOLOR,DS_CUSTOM_LIBRARY/hack-packs/Platinum_Redux_Embedded_Sprites/all-embedded/0267_image18.png,DS_CUSTOM_LIBRARY/hack-packs/Platinum_Redux_Embedded_Sprites/all-embedded/0131_image13.png,fb7ca157b1e59aaa38e29517446cf54cc1b45424ea9c8cedff077ab4f412b2e9,9b9d70b591fd723a83a5fc403267643e192028780ce9e31872384b425476c67f,cf24f1395fc3890318b97e3ef096e6c67a0924ebe2c63258b798f324ee443851,Platinum_Redux_Embedded_Sprites,Platinum_Redux_Embedded_Sprites
PURE_PALETTE_RECOLOR,DS_CUSTOM_LIBRARY/hack-packs/Platinum_Redux_Embedded_Sprites/all-embedded/0162_image421.png,DS_CUSTOM_LIBRARY/hack-packs/Platinum_Redux_Embedded_Sprites/all-embedded/0252_image415.png,a768082bad59b7cf29c84dd0b6aad3fd012dd40cc695f9ef5b15010f009dd590,79c9acefd23fb518b9e1bba87435f6167ed715b064d8e8e5ccbf1a5d86fe2aa0,4d35e140fd3e9884ae7b66b3fba9012ce3487252a77ca2136fd7411383e2d152,Platinum_Redux_Embedded_Sprites,Platinum_Redux_Embedded_Sprites
PURE_PALETTE_RECOLOR,DS_CUSTOM_LIBRARY/hack-packs/Platinum_Redux_Embedded_Sprites/all-embedded/0352_image174.png,DS_CUSTOM_LIBRARY/hack-packs/Platinum_Redux_Embedded_Sprites/all-embedded/0201_image109.png,a6e5ea9eb87493f1f4d1469f6c422d52e24e2a55d0f364b12cb256a1d3423d27,bf6fe7d73d5e8b3c0abfbc529a861fdba427cb1f6f8e7beae0410d4f182b8b5b,5521f242eb92d16353ac1ae7b422d95b23a562153a08177763d7fe8c1c4e74ec,Platinum_Redux_Embedded_Sprites,Platinum_Redux_Embedded_Sprites
PURE_PALETTE_RECOLOR,DS_CUSTOM_LIBRARY/hack-packs/Platinum_Redux_Embedded_Sprites/all-embedded/0378_image93.png,DS_CUSTOM_LIBRARY/hack-packs/Platinum_Redux_Embedded_Sprites/all-embedded/0249_image97.png,98e201fa7f59a1cb15661553aabf69d559d9612e1a3fb6eec23dc9b4df77c26c,27e5e8048a654b6734f1cfbfedce5ca77a6629603dbe26997790e1580a62f625,ed148839f2f1b6d1b0cef49f8119e016a09757d5cb56bc8d0ec238b73e894e4e,Platinum_Redux_Embedded_Sprites,Platinum_Redux_Embedded_Sprites
PURE_PALETTE_RECOLOR,DS_CUSTOM_LIBRARY/hack-packs/Platinum_Redux_Embedded_Sprites/all-embedded/0347_image212.png,DS_CUSTOM_LIBRARY/hack-packs/Platinum_Redux_Embedded_Sprites/all-embedded/0242_image205.png,3ed29b1b8885475d2bd71f0fe4b55944e2d1e8134899e3d4aaa7d1afdade402f,ed21bef12b04f633cd6e467bedb7c532281231d904266093359cad0520908854,26023af006d52418015ecf9006849f5c526038a6e6fc2daf4d7d3d4b10cede96,Platinum_Redux_Embedded_Sprites,Platinum_Redux_Embedded_Sprites
PURE_PALETTE_RECOLOR,DS_CUSTOM_LIBRARY/hack-packs/Platinum_Redux_Embedded_Sprites/all-embedded/0369_image146.png,DS_CUSTOM_LIBRARY/hack-packs/Platinum_Redux_Embedded_Sprites/all-embedded/0129_image138.png,e1020bab399edd106d98206e40fe03d12bae36cbc4f0513f2c0f9ff493381d2e,2c6bff326ccdc3dc759802c7737a6cf24e300608321abf8eeabf228998021f65,6407b558e000909233bd634c3b1b5bbfc7fd5268d473d6d1e2bb67087c9a7cf9,Platinum_Redux_Embedded_Sprites,Platinum_Redux_Embedded_Sprites
PURE_PALETTE_RECOLOR,DS_CUSTOM_LIBRARY/hack-packs/Platinum_Redux_Embedded_Sprites/all-embedded/0370_image319.png,DS_CUSTOM_LIBRARY/hack-packs/Platinum_Redux_Embedded_Sprites/all-embedded/0365_image312.png,e27972a8e9ab6d1fcbbca6b452b07a959160afd5ffee41293729d962cd082c58,7ed7a8b29ce4d5e350fca8f89f55c6ff5c1c510f633c94c5662d39f233bb4116,1046536e0d4c3c743a2cbfef777ddc3c83b3ac08371dc434bab2384945943e46,Platinum_Redux_Embedded_Sprites,Platinum_Redux_Embedded_Sprites
PURE_PALETTE_RECOLOR,DS_CUSTOM_LIBRARY/hack-packs/Platinum_Redux_Embedded_Sprites/all-embedded/0384_image348.png,DS_CUSTOM_LIBRARY/hack-packs/Platinum_Redux_Embedded_Sprites/all-embedded/0339_image347.png,997c7937cd293baf77f4aa1219959b557c65e665ac51c2a88b5b7134fe1ee779,2172ff5027e17ace50ec63fb0693a63903e99ca4171287f38be3921a8ff90275,3aa352e790ced16d6175c32b27de1c0de578fac02b99dbeaf9d32a7fcab907ab,Platinum_Redux_Embedded_Sprites,Platinum_Redux_Embedded_Sprites
PURE_PALETTE_RECOLOR,DS_CUSTOM_LIBRARY/hack-packs/Platinum_Redux_Embedded_Sprites/all-embedded/0270_image116.png,DS_CUSTOM_LIBRARY/hack-packs/Platinum_Redux_Embedded_Sprites/all-embedded/0060_image127.png,e8010cc38a7f41ca3d5d9e759a3109e57567f8e3581846a3274ec049c3340253,14bfedf0db4e09f0667dc7e80f09627f81cb999552a4a2daa46cd3f7523a531a,4cf85ced8a2a144d49e267dc1f95ee001eaccef713ae92db6afdad35d008c859,Platinum_Redux_Embedded_Sprites,Platinum_Redux_Embedded_Sprites
PURE_PALETTE_RECOLOR,DS_CUSTOM_LIBRARY/hack-packs/Platinum_Redux_Embedded_Sprites/all-embedded/0191_image192.png,DS_CUSTOM_LIBRARY/hack-packs/Platinum_Redux_Embedded_Sprites/all-embedded/0262_image180.png,69201ba8d5485bb8c6b079a8c004ec3a6b3d6ab71d25676a9b1b0d8a86e93904,0e3c2b7800921c1a079530be2151b6e76d6c275dd64e9b8409e9a81b0fd8c69f,c4d23ec18f72fff4f8352ef5421095420b446fa6af8a5412ed55dfea48687941,Platinum_Redux_Embedded_Sprites,Platinum_Redux_Embedded_Sprites
PURE_PALETTE_RECOLOR,DS_CUSTOM_LIBRARY/hack-packs/Platinum_Redux_Embedded_Sprites/all-embedded/0036_image280.png,DS_CUSTOM_LIBRARY/hack-packs/Platinum_Redux_Embedded_Sprites/all-embedded/0086_image273.png,dabd9245806b87c03b85849926c6ba84f4c8d3c2acf3a9b785bbb3fc0b542279,71269fb8ed36475c2c9e54f0121624df1340837d871c02abfdd5d59878fe8b9d,97ad35badf7cfdf0defac5d91f352715d61a6d290df40106390a1fd35727b89e,Platinum_Redux_Embedded_Sprites,Platinum_Redux_Embedded_Sprites
PURE_PALETTE_RECOLOR,DS_CUSTOM_LIBRARY/hack-packs/Platinum_Redux_Embedded_Sprites/all-embedded/0130_image320.png,DS_CUSTOM_LIBRARY/hack-packs/Platinum_Redux_Embedded_Sprites/all-embedded/0073_image295.png,31e4b5699c3f5b25f5ed6fb1ec054f45963c0e18aa06a5b041ee47ace0609c9c,909f87b49ea290cf7c6fe72061e7e47e04bd23ae648844dcf27801ec2d5f96bc,a9a8fbbe1e0c01ae8c1a157ee235dcd26ffc4d965d128be6358e1b31261c9627,Platinum_Redux_Embedded_Sprites,Platinum_Redux_Embedded_Sprites
PURE_PALETTE_RECOLOR,DS_CUSTOM_LIBRARY/hack-packs/Platinum_Redux_Embedded_Sprites/all-embedded/0264_image163.png,DS_CUSTOM_LIBRARY/hack-packs/Platinum_Redux_Embedded_Sprites/all-embedded/0094_image166.png,cef4248ea5f8eccccea3a58462b5accdbaf1998a03f6e9bbd03de531af2eefc6,3db6c5ea7f8954f38644895bfde727a2063aff5e0a721440af23f18705228494,24faa3a0e2efe6239b956620fb2a78d79385bbdc679b09efcae39bc32091d407,Platinum_Redux_Embedded_Sprites,Platinum_Redux_Embedded_Sprites
PURE_PALETTE_RECOLOR,DS_CUSTOM_LIBRARY/hack-packs/Platinum_Redux_Embedded_Sprites/all-embedded/0280_image42.png,DS_CUSTOM_LIBRARY/hack-packs/Platinum_Redux_Embedded_Sprites/all-embedded/0100_image53.png,617fed1cd6e9e6c11081718e2a837b0adc3f1213507ef2c49045894583aa8177,8c1e987235d5e34683f2e6a181df3ab989575299c3b2bd2426c2c298cbdef2c8,7637dfd5eff608dc93e61d49ed62868ec322ca8b209da1a2c5aceef6b2a7de76,Platinum_Redux_Embedded_Sprites,Platinum_Redux_Embedded_Sprites
PURE_PALETTE_RECOLOR,DS_CUSTOM_LIBRARY/hack-packs/Platinum_Redux_Embedded_Sprites/all-embedded/0319_image21.png,DS_CUSTOM_LIBRARY/hack-packs/Platinum_Redux_Embedded_Sprites/all-embedded/0250_image141.png,09b06186e12fc07156663bc0ec2a22edea8dc462275defa82de4a10c999e518f,96458cc4be2b7a950cfcedcb0facc16e8acdd450c2aeb61e9c1d7acd097e8912,df0db5154b854445e7f2002ab28223f85564111f4fc2c746d598897d52debfe0,Platinum_Redux_Embedded_Sprites,Platinum_Redux_Embedded_Sprites
PURE_PALETTE_RECOLOR,DS_CUSTOM_LIBRARY/hack-packs/Platinum_Redux_Embedded_Sprites/all-embedded/0053_image307.png,DS_CUSTOM_LIBRARY/hack-packs/Platinum_Redux_Embedded_Sprites/all-embedded/0000_image306.png,0de0d1e2b89aa8bef19f9bdc1193ad7bf06a740e66e801a5586e7872946f09ba,ff8710b33bfa6ace5f8dff0cc2065e6b11fd3377bd60e7984f21d6b208209c51,6b5f87c14e23022f9056ab3bf83e92b9efe224faeadd2f03298755d08a21b927,Platinum_Redux_Embedded_Sprites,Platinum_Redux_Embedded_Sprites
PURE_PALETTE_RECOLOR,DS_CUSTOM_LIBRARY/hack-packs/Platinum_Redux_Embedded_Sprites/all-embedded/0312_image245.png,DS_CUSTOM_LIBRARY/hack-packs/Platinum_Redux_Embedded_Sprites/all-embedded/0015_image113.png,e14c04882441a15733283f6cd6baddb0f5cb4481794bc5b1298e300dd03b5bd0,98b6ef1eee0d72f1ef7ca42cb7b5279c5df47298fa0c0f80ed0db7f294f78bf1,6cf3d726d009a1d115592f0023fa6ba8ec5fe7a1c3132ffa71b0f9931ced3900,Platinum_Redux_Embedded_Sprites,Platinum_Redux_Embedded_Sprites
PURE_PALETTE_RECOLOR,DS_CUSTOM_LIBRARY/hack-packs/Platinum_Redux_Embedded_Sprites/all-embedded/0387_image67.png,DS_CUSTOM_LIBRARY/hack-packs/Platinum_Redux_Embedded_Sprites/all-embedded/0019_image160.png,a96c9fe4c3d7b776c817784b5e052877bec746b82d37544ff85b3c40db3fd462,12f48cc6c952981dd545cd1e8c05cd3614b14183981f2bea55ce3573db687333,acb57c17b11e7469ffdadb7f6de7e4b36105449786ec72c09d1853f40831689f,Platinum_Redux_Embedded_Sprites,Platinum_Redux_Embedded_Sprites
PURE_PALETTE_RECOLOR,DS_CUSTOM_LIBRARY/hack-packs/Platinum_Redux_Embedded_Sprites/all-embedded/0425_image232.png,DS_CUSTOM_LIBRARY/hack-packs/Platinum_Redux_Embedded_Sprites/all-embedded/0314_image228.png,b9d05ce01327146ad3671cdd5d4165dc5d9cc724a514d64e529692113a975526,b3e9cd0c7655bec449f72dfef9a153b7317f070c0f12f5d789a2acabbe6d4b85,6b412fa878b9cbf065a8d74d5dccab927718636127c34cd0670f5032d6dcff76,Platinum_Redux_Embedded_Sprites,Platinum_Redux_Embedded_Sprites
PURE_PALETTE_RECOLOR,DS_CUSTOM_LIBRARY/hack-packs/Platinum_Redux_Embedded_Sprites/all-embedded/0318_image117.png,DS_CUSTOM_LIBRARY/hack-packs/Platinum_Redux_Embedded_Sprites/all-embedded/0071_image112.png,b080f9f1604146cdc0573481dbb413472fa25dfb54a68d9a8f76317e6d913ab4,eb6f46dfab7fe91cc9aa153e3aaeb5819085affaa5c4aebed9494631d0440fcb,b92fec75beeb929bae9fcffa961ebcf1423a43f1727ad891e7a46c666d6560c6,Platinum_Redux_Embedded_Sprites,Platinum_Redux_Embedded_Sprites
PURE_PALETTE_RECOLOR,DS_CUSTOM_LIBRARY/hack-packs/Platinum_Redux_Embedded_Sprites/all-embedded/0210_image422.png,DS_CUSTOM_LIBRARY/hack-packs/Platinum_Redux_Embedded_Sprites/all-embedded/0070_image394.png,6c75dae7f18f87a9273ca4f3c2516d8843a273d9db28fbe0cc42c1aeb80903b7,9a3d8644ab3380a9b17d07a8f5fc206838b9601349f75afcd7dec89ce6c157b4,482d2bcfdbe4ca0166b9b16cee1ea0f69b2e72d6bd87a2adc32d988bdfcf5afa,Platinum_Redux_Embedded_Sprites,Platinum_Redux_Embedded_Sprites
PURE_PALETTE_RECOLOR,DS_CUSTOM_LIBRARY/hack-packs/Platinum_Redux_Embedded_Sprites/all-embedded/0405_image132.png,DS_CUSTOM_LIBRARY/hack-packs/Platinum_Redux_Embedded_Sprites/all-embedded/0340_image126.png,eeb004f5606575a2c7ab397679efb1e8bc7731ff8a6892b3a2cced76edab2a5a,078e001aa179c2ea5464eaea3f2b4b6383facec9b946dc4a265f0ff90a5b40a0,94229fa8e447ef0025a897a20aecfd89173577396c024635ceb592f7a1a6ea19,Platinum_Redux_Embedded_Sprites,Platinum_Redux_Embedded_Sprites
PURE_PALETTE_RECOLOR,DS_CUSTOM_LIBRARY/hack-packs/Platinum_Redux_Embedded_Sprites/all-embedded/0285_image414.png,DS_CUSTOM_LIBRARY/hack-packs/Platinum_Redux_Embedded_Sprites/all-embedded/0062_image410.png,94111b915be6edf577d767475b8b727edd7fcb539c244c9d836dd767ce31dfc5,6fc897710d259aa15a5710e9c6041e8d97ab6429b3244fb7384674121441719b,d5ca6990d129708294772d77cea356cb620501cbafbbd74da7d899fb8a274763,Platinum_Redux_Embedded_Sprites,Platinum_Redux_Embedded_Sprites
PURE_PALETTE_RECOLOR,DS_CUSTOM_LIBRARY/hack-packs/Platinum_Redux_Embedded_Sprites/all-embedded/0065_image313.png,DS_CUSTOM_LIBRARY/hack-packs/Platinum_Redux_Embedded_Sprites/all-embedded/0023_image296.png,1604c128e53592a2518837c68d1dd78d4e880b6158fe02d4a134253bea356373,f47ad291aca546897d6449860fd4c082bc9f1bb6a030c72fa2b0df850ccbc7fc,e9bcd44251f8ef58c0f6af10d3c0b6238480538df4743bce41e5919fc9a718ef,Platinum_Redux_Embedded_Sprites,Platinum_Redux_Embedded_Sprites
PURE_PALETTE_RECOLOR,DS_CUSTOM_LIBRARY/hack-packs/Platinum_Redux_Embedded_Sprites/all-embedded/0290_image139.png,DS_CUSTOM_LIBRARY/hack-packs/Platinum_Redux_Embedded_Sprites/all-embedded/0047_image120.png,687e3c7346c8a52eaaf5c8183810843b6a6e72979fdffa19677863bc49f99922,d2be9411db7b7768acdc8eabcddaba4cafe84da317c0cef46ccab7a059174b72,a9cf233e4e3f7a35ed7b08065ea64ad788d29c649956c2a4537285a9d5333128,Platinum_Redux_Embedded_Sprites,Platinum_Redux_Embedded_Sprites
PURE_PALETTE_RECOLOR,DS_CUSTOM_LIBRARY/hack-packs/Platinum_Redux_Embedded_Sprites/all-embedded/0417_image211.png,DS_CUSTOM_LIBRARY/hack-packs/Platinum_Redux_Embedded_Sprites/all-embedded/0146_image193.png,e80967ce21504f2be27a2c1da57546f0395e770b9b102c9df0be39f8b724a98a,c8caa0cd804112be4af5bdb62d37c421fc1ce734bf4d69224198b70e0f771118,39f7ed088cde7bec619611112fcfc6e3f48d5f64a90b0d3b888457ee18eb7629,Platinum_Redux_Embedded_Sprites,Platinum_Redux_Embedded_Sprites
PURE_PALETTE_RECOLOR,DS_CUSTOM_LIBRARY/hack-packs/Platinum_Redux_Embedded_Sprites/all-embedded/0428_image397.png,DS_CUSTOM_LIBRARY/hack-packs/Platinum_Redux_Embedded_Sprites/all-embedded/0118_image391.png,52f18926aff586318c809af42ae9b84c12f6864374b1ddc28811ddaaa5456cf0,1db97cc03e94004c77ebe2aeee11066e797bfbbd7f6fdbcfcccbcd99dbcc0eeb,4dd377dc1f4fa936d24181d4c0fbc58e94ecfece00f04cdbf5cd732aba4258f6,Platinum_Redux_Embedded_Sprites,Platinum_Redux_Embedded_Sprites
PURE_PALETTE_RECOLOR,DS_CUSTOM_LIBRARY/hack-packs/Platinum_Redux_Embedded_Sprites/all-embedded/0156_image122.png,DS_CUSTOM_LIBRARY/hack-packs/Platinum_Redux_Embedded_Sprites/all-embedded/0003_image128.png,2dcd8f8f65ca423d74e0aa0ea5a1ae6c49924aecdd707e287bbb3479b9a1e5bf,774a0c903ef1d746a9c98cd4dc181dec25e404b67a5e23af76436655eab8565b,d0017d9ed60da5ce7078e6f3c1c87c358b34d86278883f0fc9178c300412f998,Platinum_Redux_Embedded_Sprites,Platinum_Redux_Embedded_Sprites
PURE_PALETTE_RECOLOR,DS_CUSTOM_LIBRARY/hack-packs/Platinum_Redux_Embedded_Sprites/all-embedded/0398_image297.png,DS_CUSTOM_LIBRARY/hack-packs/Platinum_Redux_Embedded_Sprites/all-embedded/0113_image286.png,5b2ac1a9da81e126085b1488ec179af3ada735221206d60baac909d6fe716996,b4aae5344664f2b0589418caeb1bdaeb4d1f503d0462cecdf37fc47af3df6937,ed5f2602a4843f22d68cf7348bde5f657593c5350dfdcf4740e75ae4c73f5c88,Platinum_Redux_Embedded_Sprites,Platinum_Redux_Embedded_Sprites
PURE_PALETTE_RECOLOR,DS_CUSTOM_LIBRARY/hack-packs/Platinum_Redux_Embedded_Sprites/all-embedded/0394_image44.png,DS_CUSTOM_LIBRARY/hack-packs/Platinum_Redux_Embedded_Sprites/all-embedded/0380_image16.png,681cf92a4f83281692bde2212c7a06e345c2f57c562b791ce94df2f54b9de78c,42807606c791bdeaa995a927dadd2a2fd0feb7e75c09b4adfcaa346de9abbab4,bf5df45c6176515dc9e2dbab0458f36feb643a4dd2f51d8af11486bf411e936f,Platinum_Redux_Embedded_Sprites,Platinum_Redux_Embedded_Sprites
PURE_PALETTE_RECOLOR,DS_CUSTOM_LIBRARY/hack-packs/Platinum_Redux_Embedded_Sprites/all-embedded/0217_image209.png,DS_CUSTOM_LIBRARY/hack-packs/Platinum_Redux_Embedded_Sprites/all-embedded/0095_image202.png,6bcf89548d57ddce843ae25c387bc8157d1d6e1336a809162e028ae0f7cb474a,6fc445c63b83541821c2e0c5379776dd7eb18932494b392b6f31f62ad375456a,0ce36c044443982dce335c5c3215fc2abe70cf7eebf563637303b3c402609389,Platinum_Redux_Embedded_Sprites,Platinum_Redux_Embedded_Sprites
PURE_PALETTE_RECOLOR,DS_CUSTOM_LIBRARY/hack-packs/Platinum_Redux_Embedded_Sprites/all-embedded/0030_image370.png,DS_CUSTOM_LIBRARY/hack-packs/Platinum_Redux_Embedded_Sprites/all-embedded/0029_image361.png,c6841126c9e3a67baa24f7a30639318cb91d17becbf7796cbff0c071e44465fa,0e1d87fab1c67c5dadd6b8479752fafae35ababfb4526ad67bd2d5c29389ea68,9243d6ce6b1ea19e12afe2982b12b522967cf7fa123b459eeae51ec905802716,Platinum_Redux_Embedded_Sprites,Platinum_Redux_Embedded_Sprites
PURE_PALETTE_RECOLOR,DS_CUSTOM_LIBRARY/hack-packs/Platinum_Redux_Embedded_Sprites/all-embedded/0402_image333.png,DS_CUSTOM_LIBRARY/hack-packs/Platinum_Redux_Embedded_Sprites/all-embedded/0338_image304.png,8d3131211987cbf2063a81ab409dc9db1b514133bdaadb8aac82271e8bdfa353,416a25d678b2dc2eb4b499c31b3ff7d6d94d4644269454cd94756222e9c218f6,c40b726af1fbe28bf173e0a8621353cc4d749d9b0f4c0c685e6a8528cc54bbae,Platinum_Redux_Embedded_Sprites,Platinum_Redux_Embedded_Sprites
PURE_PALETTE_RECOLOR,DS_CUSTOM_LIBRARY/hack-packs/Platinum_Redux_Embedded_Sprites/all-embedded/0424_image23.png,DS_CUSTOM_LIBRARY/hack-packs/Platinum_Redux_Embedded_Sprites/all-embedded/0168_image34.png,ff587a108e1052d134214ce3a2eeee94345bf93477a98da7e003de547749e40a,c70a8635ff11f0baa3d564f79b930b80571f1039773ab139f057a9e8947e5441,7a2ad3b869b1802387c2c599ac3c40f0e5f720cc9317ee555376ceae3504f325,Platinum_Redux_Embedded_Sprites,Platinum_Redux_Embedded_Sprites
PURE_PALETTE_RECOLOR,DS_CUSTOM_LIBRARY/hack-packs/Platinum_Redux_Embedded_Sprites/all-embedded/0418_image72.png,DS_CUSTOM_LIBRARY/hack-packs/Platinum_Redux_Embedded_Sprites/all-embedded/0109_image84.png,2932c68d528a2909a1710ae3cf07f763ec6d723801592829f69e8aeda5d3aa78,d7820080f527de85f6612d7970f582f989af4de72cb340b350c57969d818ae4d,aefe0f1e51bd7718478d887b8283d63d6edf3d4a807dbf1f0e9e340dfdfaedc2,Platinum_Redux_Embedded_Sprites,Platinum_Redux_Embedded_Sprites
PURE_PALETTE_RECOLOR,DS_CUSTOM_LIBRARY/hack-packs/Platinum_Redux_Embedded_Sprites/all-embedded/0401_image376.png,DS_CUSTOM_LIBRARY/hack-packs/Platinum_Redux_Embedded_Sprites/all-embedded/0235_image381.png,a872df989695fda3332e3c3cb7e0375c9b41195d66b01f9afb8b38b8face12d9,47ccb8b0238262b926ad7a0a95a0557323f68f25c4eeee43cfee4bc85d70d278,db81c37060a98e93e4d7c77b4a437fe51cc7658587b14907675dbb16e577f8c4,Platinum_Redux_Embedded_Sprites,Platinum_Redux_Embedded_Sprites
PURE_PALETTE_RECOLOR,DS_CUSTOM_LIBRARY/hack-packs/Platinum_Redux_Embedded_Sprites/all-embedded/0239_image407.png,DS_CUSTOM_LIBRARY/hack-packs/Platinum_Redux_Embedded_Sprites/all-embedded/0138_image417.png,daae42b1c20bb16fb59d390a7cd0b336fb54a0d32adfa86e72eb76e451a32ebe,f2a4bd470a97f90dd5d3daa9591e6073d24fc4611db62393fb2f2e0d752a1437,ccd466f51d8815e907f83bf51bce749d2302bc3cd8303a926b9f997bc79f5c56,Platinum_Redux_Embedded_Sprites,Platinum_Redux_Embedded_Sprites
PURE_PALETTE_RECOLOR,DS_CUSTOM_LIBRARY/hack-packs/Platinum_Redux_Embedded_Sprites/all-embedded/0257_image342.png,DS_CUSTOM_LIBRARY/hack-packs/Platinum_Redux_Embedded_Sprites/all-embedded/0142_image344.png,713c8f8de2296f4476b48244610aa3e77b1d5a79c35b31887463fa8164547f6b,61904ecf93140b3a9df936a47a36b62594499ecbd4ac2d269739862445e31cf6,f4394d01a13fed0cef4870058e6b87742917f478a2b896c9e84ece9b3f046c81,Platinum_Redux_Embedded_Sprites,Platinum_Redux_Embedded_Sprites
PURE_PALETTE_RECOLOR,DS_CUSTOM_LIBRARY/hack-packs/Platinum_Redux_Embedded_Sprites/all-embedded/0243_image350.png,DS_CUSTOM_LIBRARY/hack-packs/Platinum_Redux_Embedded_Sprites/all-embedded/0002_image403.png,2ae466205554005ef6bb5725a42bb364edac734cc4e687d0c12f9e8b7dc3932a,3374a6eee96b216fc6792d5c3a70ccc96788f8398882259acaba9395ae1a0f53,67485643cfed39543f068667ad6d9f4d96bd8849ec5a4b19aefdea63bc75c150,Platinum_Redux_Embedded_Sprites,Platinum_Redux_Embedded_Sprites
PURE_PALETTE_RECOLOR,DS_CUSTOM_LIBRARY/hack-packs/Platinum_Redux_Embedded_Sprites/all-embedded/0194_image12.png,DS_CUSTOM_LIBRARY/hack-packs/Platinum_Redux_Embedded_Sprites/all-embedded/0253_image11.png,0c040b8e569f8111f123e4aeb6fc5cf0ee07a749dbed7f7a75ef5bf5440dfceb,9c451b34f8023107d0c793e4293e431a6081f8943ae55770ec96b28d5b02d569,f98a7a8211d980428099768c9f52e9f692ea47599065a858ab4df0adc4faf0b2,Platinum_Redux_Embedded_Sprites,Platinum_Redux_Embedded_Sprites
PURE_PALETTE_RECOLOR,DS_CUSTOM_LIBRARY/hack-packs/Platinum_Redux_Embedded_Sprites/all-embedded/0344_image332.png,DS_CUSTOM_LIBRARY/hack-packs/Platinum_Redux_Embedded_Sprites/all-embedded/0052_image331.png,bf0d5957ae1c2f14cf32b41ac002c5700feecf97b5ef86d6ab6f9151944e4359,51e21f70f107a6231056cede9354c249fa75bd37b127614a369b484620619fae,df72aeeececa6d6303e391ea661e099999ef529af95d2386e8a2f5e6d4a95dda,Platinum_Redux_Embedded_Sprites,Platinum_Redux_Embedded_Sprites
PURE_PALETTE_RECOLOR,DS_CUSTOM_LIBRARY/hack-packs/Platinum_Redux_Embedded_Sprites/all-embedded/0041_image385.png,DS_CUSTOM_LIBRARY/hack-packs/Platinum_Redux_Embedded_Sprites/all-embedded/0017_image377.png,0131ed98aa6d327b8f1db98ec3db2a10b48d2865ba1d8c8198f7708129111a26,ce423a05229302a796f6c21bc458b79c66d077a772358b63439bea8ee7262242,3841d3ba8b92888f379a13e9e385d916d797bc1f7fe77b00f17ee9d448a92917,Platinum_Redux_Embedded_Sprites,Platinum_Redux_Embedded_Sprites
PURE_PALETTE_RECOLOR,DS_CUSTOM_LIBRARY/hack-packs/Platinum_Redux_Embedded_Sprites/all-embedded/0395_image427.png,DS_CUSTOM_LIBRARY/hack-packs/Platinum_Redux_Embedded_Sprites/all-embedded/0379_image412.png,75f58abe391a9b6eff4a84620828f9dc068e27c464d0d6968d929198046989f1,ca52833cd5e3ee7106f0fbc4d222133a0b991370cbceb4f8c52451ba740b32b1,a8c737df8f395dbfc5598cfc6d7fe43da6c64143ded20b092be5ce273fcb0aa3,Platinum_Redux_Embedded_Sprites,Platinum_Redux_Embedded_Sprites
PURE_PALETTE_RECOLOR,DS_CUSTOM_LIBRARY/hack-packs/Platinum_Redux_Embedded_Sprites/all-embedded/0322_image10.png,DS_CUSTOM_LIBRARY/hack-packs/Platinum_Redux_Embedded_Sprites/all-embedded/0272_image9.png,634ad363036e997a9946d15c85828b792fcf9fa9a240acdb8854e35606c1b6f6,9cdaf976933a1d9391e689a9dee0be4b559360078e80b023666966730c5b605a,771327a6c00aa79164b755bdd5a7c6e2a2a2f5578af0a06a6f2224755b5aabfb,Platinum_Redux_Embedded_Sprites,Platinum_Redux_Embedded_Sprites
PURE_PALETTE_RECOLOR,DS_CUSTOM_LIBRARY/hack-packs/Platinum_Redux_Embedded_Sprites/all-embedded/0148_image263.png,DS_CUSTOM_LIBRARY/hack-packs/Platinum_Redux_Embedded_Sprites/all-embedded/0108_image251.png,a4015f44e574415e275eebdb7d0ce9f55cea46610326e1275eac0fd9b4a5b585,596141bd564f2053006fe0e99ddd59013ede64c28dbfeb1b46b689dcaae2cc6a,30e151eff0ca380f3999a07a35af7ddae24e35ecb3283c5fcc6f583158345d18,Platinum_Redux_Embedded_Sprites,Platinum_Redux_Embedded_Sprites
PURE_PALETTE_RECOLOR,DS_CUSTOM_LIBRARY/hack-packs/Platinum_Redux_Embedded_Sprites/all-embedded/0289_image206.png,DS_CUSTOM_LIBRARY/hack-packs/Platinum_Redux_Embedded_Sprites/all-embedded/0034_image191.png,7e191a810d4cb9443156836322c369330937c1b61a32f25ff7f6c9085286b9ff,4b8afbe1de7ec85b645bc184442fbecf1d6bf9fb232d483f5184a52656f3aa7b,909045e954959415fc61b113a6b2ad830f62af3a3915c0b52602c54b2a0971a7,Platinum_Redux_Embedded_Sprites,Platinum_Redux_Embedded_Sprites
PURE_PALETTE_RECOLOR,DS_CUSTOM_LIBRARY/hack-packs/Platinum_Redux_Embedded_Sprites/all-embedded/0222_image58.png,DS_CUSTOM_LIBRARY/hack-packs/Platinum_Redux_Embedded_Sprites/all-embedded/0137_image61.png,52d5fda5c29fa21da2ad503add8ca301fff2fc66069c3a5973b983f40b76c1a8,d125361b8da9fd8efa854370fe13f94a6144d58678d9276e60b3c36ef566a561,981ac0abf9c681bb5d8d69080709f9d5f4c253b5631f76c53bc7b246a9b2e2b0,Platinum_Redux_Embedded_Sprites,Platinum_Redux_Embedded_Sprites
PURE_PALETTE_RECOLOR,DS_CUSTOM_LIBRARY/hack-packs/Platinum_Redux_Embedded_Sprites/all-embedded/0407_image281.png,DS_CUSTOM_LIBRARY/hack-packs/Platinum_Redux_Embedded_Sprites/all-embedded/0091_image290.png,d33c3e825a15f9eedddb5ac1b613a8e26a9c32aebf26e2c1d61de58e269a4d86,9cec82a4fb201077598af8c12b02a080900fe37a9db173b5802d3a265a03b4a6,8bae6a69a2641fda45fd3ea5e73661f985542000b73dcc4113f676962a6e1fff,Platinum_Redux_Embedded_Sprites,Platinum_Redux_Embedded_Sprites
PURE_PALETTE_RECOLOR,DS_CUSTOM_LIBRARY/hack-packs/Platinum_Redux_Embedded_Sprites/all-embedded/0271_image35.png,DS_CUSTOM_LIBRARY/hack-packs/Platinum_Redux_Embedded_Sprites/all-embedded/0212_image40.png,2f433dc2ea83ba394a3c371651a2d02b3d32159984746f92fce5a05814a1cde2,c6f6f81f8fefdddd20ea2f1a99a93b5ac9eaf8c131ed331752b432ce3e192699,453b114d1e0670214d29e564fd8bc6b798ce14e3f41a4e4b68e67107ead3a54e,Platinum_Redux_Embedded_Sprites,Platinum_Redux_Embedded_Sprites
PURE_PALETTE_RECOLOR,DS_CUSTOM_LIBRARY/hack-packs/Platinum_Redux_Embedded_Sprites/all-embedded/0281_image356.png,DS_CUSTOM_LIBRARY/hack-packs/Platinum_Redux_Embedded_Sprites/all-embedded/0042_image368.png,e8cc7146d652080457afd7df6bae3c514944d142822941d6d868b9ccc8173e3d,2ab2668977bd9860267199fcf90524a46a0790b37f30da73d53089d8f1754cf8,fcf441afc04dc6a443b07d7baa90cc9bb17ce035dfdf8a74e7be7bb90ed40f38,Platinum_Redux_Embedded_Sprites,Platinum_Redux_Embedded_Sprites
PURE_PALETTE_RECOLOR,DS_CUSTOM_LIBRARY/hack-packs/Platinum_Redux_Embedded_Sprites/all-embedded/0276_image277.png,DS_CUSTOM_LIBRARY/hack-packs/Platinum_Redux_Embedded_Sprites/all-embedded/0161_image291.png,972481f3198ac1f8df48f5f24bdf9541d48efc6d1681623ab3df1724fee7df3b,75061f9855ef64e4114d4e356943b241c516ca16b411b3ac956f28d67d223ee9,3e75f8fe3b66f4a52b9e1f1437d6a99fb5bd43f14cf77a7f3f5227fc12d7f40c,Platinum_Redux_Embedded_Sprites,Platinum_Redux_Embedded_Sprites
PURE_PALETTE_RECOLOR,DS_CUSTOM_LIBRARY/hack-packs/Platinum_Redux_Embedded_Sprites/all-embedded/0199_image28.png,DS_CUSTOM_LIBRARY/hack-packs/Platinum_Redux_Embedded_Sprites/all-embedded/0179_image7.png,59d94b115da9bcbbca67584361ec15478c8e7ec47d22ddb981da01055b2ca9c6,e7c8de875ac16a2255ee1784f73d167a68f0c2957050e3aa642bc823d7831158,0ce1650ffad16f7f41ff510f924070e468ff89ddd5ef0d4cfdf74163db1b61c1,Platinum_Redux_Embedded_Sprites,Platinum_Redux_Embedded_Sprites
PURE_PALETTE_RECOLOR,DS_CUSTOM_LIBRARY/hack-packs/Platinum_Redux_Embedded_Sprites/all-embedded/0323_image96.png,DS_CUSTOM_LIBRARY/hack-packs/Platinum_Redux_Embedded_Sprites/all-embedded/0213_image83.png,4758d8f202082c1493891bd134b98d70422836a7eb42b922fd3e18eab9d73a29,ea5f0e10eb6031d3a8af58d5ecbd7277d2cbd757f55fb6de364cf39d7212faf2,569e27e5f67f64ba2e1dac9f25f523296d067d855436f841ad35ab1e0f0147c9,Platinum_Redux_Embedded_Sprites,Platinum_Redux_Embedded_Sprites
PURE_PALETTE_RECOLOR,DS_CUSTOM_LIBRARY/hack-packs/Platinum_Redux_Embedded_Sprites/all-embedded/0404_image168.png,DS_CUSTOM_LIBRARY/hack-packs/Platinum_Redux_Embedded_Sprites/all-embedded/0166_image171.png,41bdfb16837513bec4a7281dd8b11a924c9a68ae2b706b88ddbb6c408d29a11e,c94d6036254ece0b69f75d5df1610ff7fb5857f8207d1610b09b5e8ad8abf9e3,ad04a4b66ec45c2390229d0fffb2826d832b5949d8c3f7c9790c284f03e6f044,Platinum_Redux_Embedded_Sprites,Platinum_Redux_Embedded_Sprites
PURE_PALETTE_RECOLOR,DS_CUSTOM_LIBRARY/hack-packs/Platinum_Redux_Embedded_Sprites/all-embedded/0259_image148.png,DS_CUSTOM_LIBRARY/hack-packs/Platinum_Redux_Embedded_Sprites/all-embedded/0265_image133.png,3a9fce130df6106c44d4217f9b4ca5192d7cd1050107a8216884e389df2dfd2d,f64883a2315f1d98802f8186a37ba4a87d499712afcad99655912e76988d4075,14879d612286665db680374c8fa7417c77da5625c8688084cc17d668dfc58baf,Platinum_Redux_Embedded_Sprites,Platinum_Redux_Embedded_Sprites
PURE_PALETTE_RECOLOR,DS_CUSTOM_LIBRARY/hack-packs/Platinum_Redux_Embedded_Sprites/all-embedded/0329_image68.png,DS_CUSTOM_LIBRARY/hack-packs/Platinum_Redux_Embedded_Sprites/all-embedded/0128_image56.png,4f89ecf6b3efcb1f3a6f235dd9dd7b58391082524dfcd0b253e089857dbb7e6d,128ece7db402544b419e733bf76007dc7c7dc55f36ecff28338c590c7fcdf277,66647ceff03136a043a3e3b74c028320bb9120facf73c27556571652800a312b,Platinum_Redux_Embedded_Sprites,Platinum_Redux_Embedded_Sprites
PURE_PALETTE_RECOLOR,DS_CUSTOM_LIBRARY/hack-packs/Platinum_Redux_Embedded_Sprites/all-embedded/0093_image352.png,DS_CUSTOM_LIBRARY/hack-packs/Platinum_Redux_Embedded_Sprites/all-embedded/0035_image353.png,ca3fdc235951d8ab6d501c1123a0d2948c814aa9a1b097643fe63b99494f391c,466c48b1b7272acca94c9dab58aadfcb40ebc9131ae9a88ccf0e4b654d12b004,28f67034b2cfe1f00b959ba9314fe3c082939a76f09b5fbb256fd1844a5a3bd9,Platinum_Redux_Embedded_Sprites,Platinum_Redux_Embedded_Sprites
PURE_PALETTE_RECOLOR,DS_CUSTOM_LIBRARY/hack-packs/Platinum_Redux_Embedded_Sprites/all-embedded/0256_image82.png,DS_CUSTOM_LIBRARY/hack-packs/Platinum_Redux_Embedded_Sprites/all-embedded/0014_image94.png,33052e37358623373aba7687f55f49a16065732ab591e5442199f1e65d83251f,d725e67af63d90a465a0446aac53412c1be2c130a8036e710b5c5633c9dafe7a,942f933d6652037fc8a78b675a07b66706361fc22b521acc0f047422275be6d6,Platinum_Redux_Embedded_Sprites,Platinum_Redux_Embedded_Sprites
PURE_PALETTE_RECOLOR,DS_CUSTOM_LIBRARY/hack-packs/Platinum_Redux_Embedded_Sprites/all-embedded/0122_image6.png,DS_CUSTOM_LIBRARY/hack-packs/Platinum_Redux_Embedded_Sprites/all-embedded/0160_image48.png,e36cfc3e7797441be64095c3bad940a629be48617ce8ca8274fd2cdadeb1074f,21ad68870700123430f9cd794af3b6d9ea6e7deff2206b1ac340d2f4decdcd2f,a8fa1cd521b34f0ba85f3af50dbcb40ed66b9804d083e5656dc237ed49444795,Platinum_Redux_Embedded_Sprites,Platinum_Redux_Embedded_Sprites
PURE_PALETTE_RECOLOR,DS_CUSTOM_LIBRARY/hack-packs/Platinum_Redux_Embedded_Sprites/all-embedded/0228_image268.png,DS_CUSTOM_LIBRARY/hack-packs/Platinum_Redux_Embedded_Sprites/all-embedded/0192_image264.png,654d7a70549daeece5c4549010a8c2a2a9ec1935da3751a3697dd2e9d9ff180c,c992f5ef7082f963263e935af9d3f918f936566b334368113a4908afd7956c12,08bbcfdbfe661c3a85de32501dd57c1e2ace5938854bd930c81f5bcaaea95376,Platinum_Redux_Embedded_Sprites,Platinum_Redux_Embedded_Sprites
PURE_PALETTE_RECOLOR,DS_CUSTOM_LIBRARY/hack-packs/Platinum_Redux_Embedded_Sprites/all-embedded/0400_image125.png,DS_CUSTOM_LIBRARY/hack-packs/Platinum_Redux_Embedded_Sprites/all-embedded/0101_image177.png,ae76bdf345c9d989685bf79543e357a7e6d5c11e45a2f9537c6c4ef6071c0341,95a870cd79052e912184e35a376dcac3e6b3f9a1b4e19cba746c56f00965c4d6,f7e508a32b9d227e9f9c1a83bb075690c377663d1eadd643de3b25a587efd9f5,Platinum_Redux_Embedded_Sprites,Platinum_Redux_Embedded_Sprites
PURE_PALETTE_RECOLOR,DS_CUSTOM_LIBRARY/hack-packs/Platinum_Redux_Embedded_Sprites/all-embedded/0121_image223.png,DS_CUSTOM_LIBRARY/hack-packs/Platinum_Redux_Embedded_Sprites/all-embedded/0077_image218.png,73a0eaaf763c2936cc8e5e1104196fa048e2210aab11e08ce4bd7c08d9747753,46547c2bd745c5584051dc3e5433468b3b7ec603a80c15d02e0629cf6de4fc06,f709c98b022fa5c59e21578e1a06f884074ad8e28d189a745990fd64346c90aa,Platinum_Redux_Embedded_Sprites,Platinum_Redux_Embedded_Sprites
PURE_PALETTE_RECOLOR,DS_CUSTOM_LIBRARY/hack-packs/Platinum_Redux_Embedded_Sprites/all-embedded/0167_image77.png,DS_CUSTOM_LIBRARY/hack-packs/Platinum_Redux_Embedded_Sprites/all-embedded/0135_image142.png,ecbc99551058dc5b32ae93e7bfa8c8bacea340185c9c7cdcf19e8e8f769d6842,6b78bcbf2787f77f8f074c95e300ae891d90ae7a6b00f15dae67282527b5d803,97c9ec84146ed5411401432ec268ea1b21094b84c4e647939343178f1e612797,Platinum_Redux_Embedded_Sprites,Platinum_Redux_Embedded_Sprites
PURE_PALETTE_RECOLOR,DS_CUSTOM_LIBRARY/hack-packs/Platinum_Redux_Embedded_Sprites/all-embedded/0403_image87.png,DS_CUSTOM_LIBRARY/hack-packs/Platinum_Redux_Embedded_Sprites/all-embedded/0185_image100.png,83bdbefa451c05fc0017a7922dc8b4bf8097b27611b37bfdfaff8965916db3e6,80787840c42f7448df9c1b932f49f9f292e7b0db94b35217b594465156e26e08,c10fa8d3f8353d195f3bef4608706b4505b10a28d3b8ba2c96a0c34e170dcd53,Platinum_Redux_Embedded_Sprites,Platinum_Redux_Embedded_Sprites
PURE_PALETTE_RECOLOR,DS_CUSTOM_LIBRARY/hack-packs/Platinum_Redux_Embedded_Sprites/all-embedded/0366_image182.png,DS_CUSTOM_LIBRARY/hack-packs/Platinum_Redux_Embedded_Sprites/all-embedded/0226_image187.png,f39e167f14b7d97cf1af6088ded58de745b079ea475a283b0371767ca5153613,d1e48a4469fcf927d74fc32a8e1108592dd0bde631dd04ace3e2353f1869f819,5c3658a67b0e3f7471e9021f43bfd17341362a04393cff1db10e46fb2dcf8c72,Platinum_Redux_Embedded_Sprites,Platinum_Redux_Embedded_Sprites
PURE_PALETTE_RECOLOR,DS_CUSTOM_LIBRARY/hack-packs/Platinum_Redux_Embedded_Sprites/all-embedded/0297_image91.png,DS_CUSTOM_LIBRARY/hack-packs/Platinum_Redux_Embedded_Sprites/all-embedded/0075_image69.png,f183edbc7a71fc380ef613b70bfd355db3343280287c1068daef480f71b08678,49cbcbaa0dfe6cd627179f7606c59e6c8215be6a15ccd216b157636b31ad583d,13609d6d959f31a9f7ba28c0c6c7041c89eb6be9a09379aa73d6d2717c66714a,Platinum_Redux_Embedded_Sprites,Platinum_Redux_Embedded_Sprites
PURE_PALETTE_RECOLOR,DS_CUSTOM_LIBRARY/hack-packs/Platinum_Redux_Embedded_Sprites/all-embedded/0284_image283.png,DS_CUSTOM_LIBRARY/hack-packs/Platinum_Redux_Embedded_Sprites/all-embedded/0050_image287.png,a0aff5d52527f46b4817198ca6912a943058ed8feb99321348416da9181407f7,9e4ba9df45e18945b8dd05074f10454b2614e2827c4a4f7d6e267ea398d549f6,4518a51eea3bcd35c8d87848afbe9db8877dfbc2cb0bacaff4a42e1ece854af1,Platinum_Redux_Embedded_Sprites,Platinum_Redux_Embedded_Sprites
PURE_PALETTE_RECOLOR,DS_CUSTOM_LIBRARY/hack-packs/Platinum_Redux_Embedded_Sprites/all-embedded/0112_image243.png,DS_CUSTOM_LIBRARY/hack-packs/Platinum_Redux_Embedded_Sprites/all-embedded/0080_image256.png,48372651572d3fd7151b52e1a7752b89691c57b9e6a64e1a22ec6beb2660dfe7,08b07b6f429b7aca475ea0295b2c27994d313a80f8987a0a0518935294d41803,f011a160631faa88f534302952d5cc95adafa3a93f99312c1f3123785202f416,Platinum_Redux_Embedded_Sprites,Platinum_Redux_Embedded_Sprites
PURE_PALETTE_RECOLOR,DS_CUSTOM_LIBRARY/hack-packs/Platinum_Redux_Embedded_Sprites/all-embedded/0183_image279.png,DS_CUSTOM_LIBRARY/hack-packs/Platinum_Redux_Embedded_Sprites/all-embedded/0133_image278.png,a3d0cfb70d52ecf0e4c389b7b77b5676ef4a590d4e8caf30c4fc79c580e38644,156caa66f4571a444c3bfb776726c0452f945f418fd4d0b33f23de8b88014a7b,6a3216e31b2a7d71523e522264bb9a242ecca4633c63503da913cb6571cdf78a,Platinum_Redux_Embedded_Sprites,Platinum_Redux_Embedded_Sprites
PURE_PALETTE_RECOLOR,DS_CUSTOM_LIBRARY/hack-packs/Platinum_Redux_Embedded_Sprites/all-embedded/0227_image373.png,DS_CUSTOM_LIBRARY/hack-packs/Platinum_Redux_Embedded_Sprites/all-embedded/0155_image372.png,bbb9dbecfe88bde048c95f8bcbc7a19b7edf69c4a301fb4c4e2563469195d999,612593868f51e180daa9af7e683216ad4f9bc02dafa6ab4447c539df6f2c5a83,d838016a417c5ac9f3454301ff8dc30eab971cd235088e53de8e540a173f9d4a,Platinum_Redux_Embedded_Sprites,Platinum_Redux_Embedded_Sprites
PURE_PALETTE_RECOLOR,DS_CUSTOM_LIBRARY/hack-packs/Platinum_Redux_Embedded_Sprites/all-embedded/0197_image62.png,DS_CUSTOM_LIBRARY/hack-packs/Platinum_Redux_Embedded_Sprites/all-embedded/0037_image63.png,c45507c3523e9161f39c56bab716b3e524830ec3896ea4b6abc006175f0e4ff0,bfe1629e2202c3cca4434cee964e12e81d897756e9e7b0781288a7aefb97ae4f,04f1bd06b252c8a9904a108f2b83234421623267721c4c47690d2508e97573a5,Platinum_Redux_Embedded_Sprites,Platinum_Redux_Embedded_Sprites
PURE_PALETTE_RECOLOR,DS_CUSTOM_LIBRARY/hack-packs/Platinum_Redux_Embedded_Sprites/all-embedded/0423_image104.png,DS_CUSTOM_LIBRARY/hack-packs/Platinum_Redux_Embedded_Sprites/all-embedded/0363_image95.png,35434bb0ad08c99764b71884680cf74a5390010016c1cd2edd2c4c2b6e7be640,891953797b5a712b8d1888a4f73dace7070aacf23afa7117cee1c8bc9b4337ac,5d70e66d28cdac6f7eaca68dce1c46c40584bc3a15d2ea6c48101bb936d543f9,Platinum_Redux_Embedded_Sprites,Platinum_Redux_Embedded_Sprites
PURE_PALETTE_RECOLOR,DS_CUSTOM_LIBRARY/hack-packs/Platinum_Redux_Embedded_Sprites/all-embedded/0300_image408.png,DS_CUSTOM_LIBRARY/hack-packs/Platinum_Redux_Embedded_Sprites/all-embedded/0119_image401.png,e71617d645aef41c7db600a647c8cc561bf8941c4dbabc3b363d7cb177990ed9,86e54657723177c533c4c3323f07395e5a72cc2a9543f43d123f95fe852c713c,f13ad6a61c1589bf2184b447f6a6391f9f1093271043ccfe1eaab451e35612f4,Platinum_Redux_Embedded_Sprites,Platinum_Redux_Embedded_Sprites
PURE_PALETTE_RECOLOR,DS_CUSTOM_LIBRARY/hack-packs/Platinum_Redux_Embedded_Sprites/all-embedded/0320_image36.png,DS_CUSTOM_LIBRARY/hack-packs/Platinum_Redux_Embedded_Sprites/all-embedded/0357_image37.png,7bea9b9435485f7f7d3a3720dba4e0e0bcc5867266646fd6923ca14cb26da4ca,d86d340be03f830a02cc3de04eab7bb2f2ae8ee0a8e12b60b9182515b46f6fb2,6835a11e562e70206e8df4b365e0f365bdf21144359c390a8aba9da3a7aaeb54,Platinum_Redux_Embedded_Sprites,Platinum_Redux_Embedded_Sprites
PURE_PALETTE_RECOLOR,DS_CUSTOM_LIBRARY/hack-packs/Platinum_Redux_Embedded_Sprites/all-embedded/0419_image369.png,DS_CUSTOM_LIBRARY/hack-packs/Platinum_Redux_Embedded_Sprites/all-embedded/0214_image371.png,839e1622bc2171328f7564c5c50bccbc96c049199d40bb540dce948ca11b6992,b7f7bf662dac9d898d1a81b4216b597a673268b388982cf27e67c11e37b94fe2,71facd0d18aa32ecc31fa0dcc51491d61097cfb0b3e1f91f4568b6295bfa2f4d,Platinum_Redux_Embedded_Sprites,Platinum_Redux_Embedded_Sprites
PURE_PALETTE_RECOLOR,DS_CUSTOM_LIBRARY/hack-packs/Platinum_Redux_Embedded_Sprites/all-embedded/0056_image420.png,DS_CUSTOM_LIBRARY/hack-packs/Platinum_Redux_Embedded_Sprites/all-embedded/0089_image418.png,24e9e4fad9637eec73b026b0bfe30afaa73e3ac00d49049fe28294040498fa61,f4f9bf9264dbb8c9d1b2a412d94ba06e9c4b5924efe26bcda710f48eda61a0ae,c4a0a5f18e6ebe04a2ef8c1e5bbb02f36dd21e1d6321928d56336e64ccde10ab,Platinum_Redux_Embedded_Sprites,Platinum_Redux_Embedded_Sprites
PURE_PALETTE_RECOLOR,DS_CUSTOM_LIBRARY/hack-packs/Platinum_Redux_Embedded_Sprites/all-embedded/0295_image26.png,DS_CUSTOM_LIBRARY/hack-packs/Platinum_Redux_Embedded_Sprites/all-embedded/0031_image54.png,3dcbea0d22b9a1632f4e8a15b46affb964020dadcdc95ba82843dcad5e0b622d,eb5c1cbc750e8639be61e63d00622164a906f13c13b738f9b393715b54cedeec,2dda02b54572a077f174b2afc6f9b52354830e6f0731eaa9eca50cd1e41725fb,Platinum_Redux_Embedded_Sprites,Platinum_Redux_Embedded_Sprites
PURE_PALETTE_RECOLOR,DS_CUSTOM_LIBRARY/hack-packs/Platinum_Redux_Embedded_Sprites/all-embedded/0190_image221.png,DS_CUSTOM_LIBRARY/hack-packs/Platinum_Redux_Embedded_Sprites/all-embedded/0157_image165.png,fc735f8c1f346e4ff46ac060d55b856e019f101986b53b6de0f4f62dab88e916,1d872126e7de70188eb065c183d713cdce274bcad63cc2539d859f5a21224b2f,f38ddea022437758198ea73bf9aee8b98b3e31482b6f0c6ab74938cfa80dbd4e,Platinum_Redux_Embedded_Sprites,Platinum_Redux_Embedded_Sprites
PURE_PALETTE_RECOLOR,DS_CUSTOM_LIBRARY/hack-packs/Platinum_Redux_Embedded_Sprites/all-embedded/0088_image106.png,DS_CUSTOM_LIBRARY/hack-packs/Platinum_Redux_Embedded_Sprites/all-embedded/0063_image85.png,ad6e50994bd988115de920800a1941157f0281760fe26c0378ede64455b58e1c,ea733f70b6c70f02d0b99aa88be5fd8e2dee13597fa835be27c352af62ecedd1,c2bb4d8503818cc53bdd7c7bb8c48690a102cc119e48f63a713245f86588ba23,Platinum_Redux_Embedded_Sprites,Platinum_Redux_Embedded_Sprites
PURE_PALETTE_RECOLOR,DS_CUSTOM_LIBRARY/hack-packs/Platinum_Redux_Embedded_Sprites/all-embedded/0304_image230.png,DS_CUSTOM_LIBRARY/hack-packs/Platinum_Redux_Embedded_Sprites/all-embedded/0006_image233.png,84cc6f716780b627185257512120c07ca4d92977a1e17af52399d17516c582fb,cd8e703626b24a257ec7d12e4c8a9e9f6163897ec4c196ab3b34d621c5d245fd,a3cccb1bae9dd1691df6679b8a691712744f9cbc0093312dcf8682763b85ab7f,Platinum_Redux_Embedded_Sprites,Platinum_Redux_Embedded_Sprites
PURE_PALETTE_RECOLOR,DS_CUSTOM_LIBRARY/hack-packs/Platinum_Redux_Embedded_Sprites/all-embedded/0368_image227.png,DS_CUSTOM_LIBRARY/hack-packs/Platinum_Redux_Embedded_Sprites/all-embedded/0114_image308.png,c783de81baef7a7f06d453f8ce42354b9d6a554ed866785501e3ccddcf941c62,7df651b3d0125d013e873377f2dba795146370ddf430992b42bb800dabedec3b,0bcc1b753fcbf9bca5259525f172adc623f2f2a8b625ff3a43dfb7d632155c78,Platinum_Redux_Embedded_Sprites,Platinum_Redux_Embedded_Sprites
PURE_PALETTE_RECOLOR,DS_CUSTOM_LIBRARY/hack-packs/Platinum_Redux_Embedded_Sprites/all-embedded/0397_image30.png,DS_CUSTOM_LIBRARY/hack-packs/Platinum_Redux_Embedded_Sprites/all-embedded/0106_image33.png,2e9ab4974e03148bcfb754004725332442b5fc8bd21b7f0e806f45d3a85c3cb3,1086c45f92b423d74c8c15cc1e300f28820edd4c2f9c21b2018d0cb8cd77bfa2,61dd711ff6b4d1f41d0835c3abcbcbcbca20a2ab916d79a108ee7666bf81c13d,Platinum_Redux_Embedded_Sprites,Platinum_Redux_Embedded_Sprites
PURE_PALETTE_RECOLOR,DS_CUSTOM_LIBRARY/hack-packs/Platinum_Redux_Embedded_Sprites/all-embedded/0316_image318.png,DS_CUSTOM_LIBRARY/hack-packs/Platinum_Redux_Embedded_Sprites/all-embedded/0145_image379.png,fc73a1363fca9ce7ce8aa07b54109c7fb80f79a20580094ae936971509e0beeb,fc17163758e2384ef771a35f3251dc0092e5bb8a31c499838c9867e45a550a3b,57fa0682a8c51c3d43e0bc802e6e1ca94ade32b323ba0cda3538e73edc9729f1,Platinum_Redux_Embedded_Sprites,Platinum_Redux_Embedded_Sprites
PURE_PALETTE_RECOLOR,DS_CUSTOM_LIBRARY/hack-packs/Platinum_Redux_Embedded_Sprites/all-embedded/0248_image396.png,DS_CUSTOM_LIBRARY/hack-packs/Platinum_Redux_Embedded_Sprites/all-embedded/0098_image384.png,99f2978f66edae2d8b177cbfa7ba4867f709e6d956b96ea64797a25f068c2dd4,e0ea2ae5d8c0f80a023bea5232b4b4af61a976048d4302e3aea1142db0218aa0,93463176b9ad7b5df7d6b89418dd1841c3cbe12ed531f64b5cd3952df2caf49c,Platinum_Redux_Embedded_Sprites,Platinum_Redux_Embedded_Sprites
PURE_PALETTE_RECOLOR,DS_CUSTOM_LIBRARY/hack-packs/Platinum_Redux_Embedded_Sprites/all-embedded/0286_image173.png,DS_CUSTOM_LIBRARY/hack-packs/Platinum_Redux_Embedded_Sprites/all-embedded/0215_image164.png,de7f1e39b8c3dc45c1bb159f24ed7110f716e7d0d7a6e2ae220bd3a94f45fd49,dcc71fe13fb0dd5650f4004a00599c2040986ee48641cb7e88cb992b3daf713d,c9cca1b2075e2fe504f4fa4044aeab6602d96f6d61ff5909eb8f1f7d9a8e5079,Platinum_Redux_Embedded_Sprites,Platinum_Redux_Embedded_Sprites
PURE_PALETTE_RECOLOR,DS_CUSTOM_LIBRARY/hack-packs/Platinum_Redux_Embedded_Sprites/all-embedded/0412_image88.png,DS_CUSTOM_LIBRARY/hack-packs/Platinum_Redux_Embedded_Sprites/all-embedded/0127_image99.png,7403f70e7f516f810470997602fdeedeb9f65f0299c62774a76222e4d39d930b,c41e724fafd3d69c78363ad2e3b95d90f29d81f40b96d1b9dcee263385436a83,0346d84a4d9d94d169a6e014d2642eac5e336c0fba3c627bad86a865adb2977b,Platinum_Redux_Embedded_Sprites,Platinum_Redux_Embedded_Sprites
PURE_PALETTE_RECOLOR,DS_CUSTOM_LIBRARY/hack-packs/Platinum_Redux_Embedded_Sprites/all-embedded/0306_image424.png,DS_CUSTOM_LIBRARY/hack-packs/Platinum_Redux_Embedded_Sprites/all-embedded/0303_image388.png,5408efea1bef17fde2e93341c9284a9589d379b0fac14b2ae9eb6b2f9f7e44ad,151d3d0fccc1e2804b45c2b5c8d6735f9f091a71560c7517a550695f7bed18c2,21dd1a2b17817c5634cf562f5c248a8909b960061121cce03e24366d8f347d6f,Platinum_Redux_Embedded_Sprites,Platinum_Redux_Embedded_Sprites
PURE_PALETTE_RECOLOR,DS_CUSTOM_LIBRARY/hack-packs/Platinum_Redux_Embedded_Sprites/all-embedded/0330_image189.png,DS_CUSTOM_LIBRARY/hack-packs/Platinum_Redux_Embedded_Sprites/all-embedded/0026_image167.png,736d83be4b3220a7fbfbaa91d344efd0d1c92f39ae131c58bc3533cddd68907f,72d119f1e0af68d0a8f3d146ca5cc1dc8ebc08c3c457b241b9e860038d418f5c,ae9364cd9c66b49e404f79e5d416052ab84364c55f46818ffbd7a3e012cc8a39,Platinum_Redux_Embedded_Sprites,Platinum_Redux_Embedded_Sprites
PURE_PALETTE_RECOLOR,DS_CUSTOM_LIBRARY/hack-packs/Platinum_Redux_Embedded_Sprites/all-embedded/0171_image216.png,DS_CUSTOM_LIBRARY/hack-packs/Platinum_Redux_Embedded_Sprites/all-embedded/0136_image235.png,dc4763aafb63812ef003f5393433cc09cdcf2adc5f23a83761b264a06bedcb53,2317fb38208db5c3223193d9638609295be1de28773fec1551d7d01b6865a4ed,c0d55e0a3b30cbe9c25ccec9ca4dd1f751622cac0b4e912dd1c12297cf92b09f,Platinum_Redux_Embedded_Sprites,Platinum_Redux_Embedded_Sprites
PURE_PALETTE_RECOLOR,DS_CUSTOM_LIBRARY/hack-packs/Platinum_Redux_Embedded_Sprites/all-embedded/0351_image255.png,DS_CUSTOM_LIBRARY/hack-packs/Platinum_Redux_Embedded_Sprites/all-embedded/0296_image252.png,d1ce9d63f6189cd7a5be8a2a07309214161291b64893050306c5d683696210ec,57222b8ab909860af1475547babe526a71b7339c630cccf83078814d2cdbb4d9,44ca93a9a740872d42c6fa344574d7f5044f7568f137a7c17053e6a47bb2304e,Platinum_Redux_Embedded_Sprites,Platinum_Redux_Embedded_Sprites
PURE_PALETTE_RECOLOR,DS_CUSTOM_LIBRARY/hack-packs/Platinum_Redux_Embedded_Sprites/all-embedded/0269_image1.png,DS_CUSTOM_LIBRARY/hack-packs/Platinum_Redux_Embedded_Sprites/all-embedded/0230_image27.png,1f706b5ad713cf400ead456e2d6b70465b753305a8a6c38a8091a51c224222d1,fd5b7303a55cf38b0d77042bd22001d5aec3d6b0379a7152b4ae5af74ee365f3,57443c8901dc461fd3518a9c8a30ac1ee351a69d680370fcc86aad8360a1ba1b,Platinum_Redux_Embedded_Sprites,Platinum_Redux_Embedded_Sprites
PURE_PALETTE_RECOLOR,DS_CUSTOM_LIBRARY/hack-packs/Platinum_Unlocked_New_Shinies/new shinys/Alternative pal/257.png,DS_CUSTOM_LIBRARY/hack-packs/Platinum_Unlocked_New_Shinies/new shinys/257.bmp,7b1220db9f5d0df5c2f4b657406e0ee36a17b17d682b325e0aa9b837093c92c2,8340cdef3969bdad81ca86c73ca6cf4578cac9b5362733657e068698851ce9a3,8374a2305e777ee9b20325212cda5761198b2e172002828a25cf41551c7d1509,Platinum_Unlocked_New_Shinies,Platinum_Unlocked_New_Shinies
PURE_PALETTE_RECOLOR,DS_CUSTOM_LIBRARY/hack-packs/Platinum_Unlocked_New_Shinies/new shinys/350.bmp,DS_CUSTOM_LIBRARY/hack-packs/Platinum_Unlocked_New_Shinies/new shinys/350-2.bmp,ea547da3b9f61c25a25656c8f0dfdfc30db01d5094265039d4552b6b1cb47688,a011a6292836320a205f88caefe64fbaeb8ed11b35c7be261ad9b0f65914e988,94c0996d6f38e67c54d2f5812fb338dde04036ef98d5140e4d8095c40f4690a3,Platinum_Unlocked_New_Shinies,Platinum_Unlocked_New_Shinies
PURE_PALETTE_RECOLOR,DS_CUSTOM_LIBRARY/hack-packs/Platinum_Unlocked_New_Shinies/new shinys/Alternative pal/160-2.png,DS_CUSTOM_LIBRARY/hack-packs/Platinum_Unlocked_New_Shinies/new shinys/160.bmp,c5bb301dc8a415e3e9ac6d7829dbbf55dd48f842335b7788b4d60cd67ce5cc1a,06f72696da355db087634d5ccf39dbc9967b35aa78248117fb68ec54c59aaa72,f6d7d40958e60475b6deb767ff7dadedac884df65aa08cb917bc1fdf45b0834d,Platinum_Unlocked_New_Shinies,Platinum_Unlocked_New_Shinies
PURE_PALETTE_RECOLOR,DS_CUSTOM_LIBRARY/hack-packs/Platinum_Unlocked_New_Shinies/new shinys/Alternative pal/460-1.bmp,DS_CUSTOM_LIBRARY/hack-packs/Platinum_Unlocked_New_Shinies/new shinys/460.bmp,4ccbdec9d359c33e50f2232703c534281a91c4e019a6cf31c309cfa81b0524f9,0229242ee9b41689e7759c24bfc5c94cc4a7923879cd53821be80c93e6767c8e,abb3827d2e1a0fb82d62e373ffa37c4e80d39394ae440639de362dc723fbcb7d,Platinum_Unlocked_New_Shinies,Platinum_Unlocked_New_Shinies
PURE_PALETTE_RECOLOR,DS_CUSTOM_LIBRARY/hack-packs/Platinum_Unlocked_New_Shinies/new shinys/Alternative pal/059.bmp,DS_CUSTOM_LIBRARY/hack-packs/Platinum_Unlocked_New_Shinies/new shinys/059.bmp,59ce185c1f91f9d3481ca1a14b2b9ef155754bb37717468d0becfd2a3eba4812,98ef1b9c48368cb9122635dcbb4afd2f2459fc0f9b349ca93c1302505667fa19,bffa24774e0a6b7abfc503c2ea3376c3317f666722f4462aa1bede4260166296,Platinum_Unlocked_New_Shinies,Platinum_Unlocked_New_Shinies
PURE_PALETTE_RECOLOR,DS_CUSTOM_LIBRARY/hack-packs/Platinum_Unlocked_New_Shinies/new shinys/Alternative pal/103-2.png,DS_CUSTOM_LIBRARY/hack-packs/Platinum_Unlocked_New_Shinies/new shinys/103.bmp,75486001c32e38f605dc148a42cb12659281312d28374767e62a1898110df6d6,2f0c6bcd65e5ea22407d06d1772af30c4cd466c4799095005d91ea284afc687e,7e58e58b1d863fa18471872ab83bda4829db03ba192d862d2f03d1aa9439e2a3,Platinum_Unlocked_New_Shinies,Platinum_Unlocked_New_Shinies
PURE_PALETTE_RECOLOR,DS_CUSTOM_LIBRARY/hack-packs/Platinum_Unlocked_New_Shinies/new shinys/Alternative pal/259.bmp,DS_CUSTOM_LIBRARY/hack-packs/Platinum_Unlocked_New_Shinies/new shinys/259.bmp,3a0e43b9f749147165eab21b65dd1903609a278fae31823d51d27ef79c992929,c2b22ffb0180447f6ead668823c176482027bc632b3c4188017375b5764259fb,ab7c65319eba6d3be46ee7d4d42ba3996ffcbeaa33e07120cfe2f759b5e939a6,Platinum_Unlocked_New_Shinies,Platinum_Unlocked_New_Shinies
PURE_PALETTE_RECOLOR,DS_CUSTOM_LIBRARY/hack-packs/Platinum_Unlocked_New_Shinies/new shinys/Alternative pal/038.bmp,DS_CUSTOM_LIBRARY/hack-packs/Platinum_Unlocked_New_Shinies/new shinys/038.bmp,e5dc56c6ac01f5f89c2f9d0b7fbaba51c5dffa5ae3a70b0bfa73bf609c8156a2,74668a978685af2ac48bfde83ea14a2c34070942300d168e74363e7158c83fc5,84b4fcaf5a8807e459100f483e961fda6ead5a80ea6b728f7c8b9f7d3e0d0be4,Platinum_Unlocked_New_Shinies,Platinum_Unlocked_New_Shinies
PURE_PALETTE_RECOLOR,DS_CUSTOM_LIBRARY/hack-packs/Platinum_Unlocked_New_Shinies/new shinys/Alternative pal/258.bmp,DS_CUSTOM_LIBRARY/hack-packs/Platinum_Unlocked_New_Shinies/new shinys/258.bmp,3a9bc492cd86369b4d55877d9f7c559aa637c33ca77b8f169bdd590d61486308,6735065c1908ed5a0a88438b65593cfc37a3ed16c4accdb6b93f89008332e277,45479ee09cd249ee0f266fdc39e10991cd1003d3b0b06b1b3721dd80829798bb,Platinum_Unlocked_New_Shinies,Platinum_Unlocked_New_Shinies
PURE_PALETTE_RECOLOR,DS_CUSTOM_LIBRARY/hack-packs/Platinum_Unlocked_New_Shinies/new shinys/Alternative pal/107-2.bmp,DS_CUSTOM_LIBRARY/hack-packs/Platinum_Unlocked_New_Shinies/new shinys/107.bmp,257fcdcc16c36cc92c14f842f99ce82db4f1c7c0d09124b8707d528609564719,33a9fc9b49fa269b1046125510170fb0d353b77d16160b826e5c2107e566dbb3,1c49d5b5d83b64ae2fafe480a1a0f32f1a27ea34cebb58cd3ec0517b8c53f863,Platinum_Unlocked_New_Shinies,Platinum_Unlocked_New_Shinies
PURE_PALETTE_RECOLOR,DS_CUSTOM_LIBRARY/hack-packs/Platinum_Unlocked_New_Shinies/new shinys/Alternative pal/260.png,DS_CUSTOM_LIBRARY/hack-packs/Platinum_Unlocked_New_Shinies/new shinys/260.bmp,9e5462bb3d2a4b5b3d59f21450f26fe88fa3f15bcd2cc609f1e853eb991e1e4b,378db0c4478182b628310c612ad4e30d6552be14cf7d96fcb053b9784fa65a1d,0486679894c2fa4491dacc5831c746f4f7a4ddee6aedfbfcaf1b829fba888a95,Platinum_Unlocked_New_Shinies,Platinum_Unlocked_New_Shinies
PURE_PALETTE_RECOLOR,DS_CUSTOM_LIBRARY/hack-packs/Platinum_Unlocked_New_Shinies/new shinys/473.png,DS_CUSTOM_LIBRARY/hack-packs/Platinum_Unlocked_New_Shinies/new shinys/473.bmp,9f33bb8c5d0a5a348a55bd107d9e8b68a435dbb716be0f8d2730d6b1e26f1b0e,f75d5e8d6574b22392b754fa7148258abdaa5616339bd84fe96c674ee63cbe1a,4b201de2fdbb4a5e9eb6d5dd27b66a0dd65f91ef41cea06b44ffb79dfffe74da,Platinum_Unlocked_New_Shinies,Platinum_Unlocked_New_Shinies
PURE_PALETTE_RECOLOR,DS_CUSTOM_LIBRARY/hack-packs/Platinum_Unlocked_New_Shinies/new shinys/Alternative pal/405-2.bmp,DS_CUSTOM_LIBRARY/hack-packs/Platinum_Unlocked_New_Shinies/new shinys/405.bmp,75e3258dbe56c975c4a6c5803b4a158c4a0a8c51a1d5d7ecd9187e0d0f6d897f,fcaca15de160e2c74f429ed03f93397eb1aed0f102090d91bbca2ee81939f74b,3ce724311fc4b13ef74990db9685633768f32968e68260116ab3ed67e4a0bcb8,Platinum_Unlocked_New_Shinies,Platinum_Unlocked_New_Shinies
PURE_PALETTE_RECOLOR,DS_CUSTOM_LIBRARY/hack-packs/Platinum_Unlocked_New_Shinies/new shinys/Alternative pal/006-2.png,DS_CUSTOM_LIBRARY/hack-packs/Platinum_Unlocked_New_Shinies/new shinys/006.bmp,250d52f392f54f054b52151df0ad88e411130d9d623c9b7a3be86280711e2e62,956d4f22d04b9761a54cc2b55b0924abf583e92e0ff845934c858d226d21cb5f,921a93e42ddfc3a477878544e25bbbfc3cb83eb06c9611f9b5100471099be109,Platinum_Unlocked_New_Shinies,Platinum_Unlocked_New_Shinies
PURE_PALETTE_RECOLOR,DS_CUSTOM_LIBRARY/hack-packs/Platinum_Unlocked_New_Shinies/new shinys/Alternative pal/154-2.bmp,DS_CUSTOM_LIBRARY/hack-packs/Platinum_Unlocked_New_Shinies/new shinys/154.bmp,bca03a7d7510bcf951886f9a10db77ef1516005c843c1f846fe900f22f15d852,daac5b0b4eef3064ad1f0a0c6d48c67f8debb4d0a06e78b8aea080faebb5e0b0,6390ada61a7f6c272fb205ce8e8c34e44bae7af0a46e7c36888042f87376d231,Platinum_Unlocked_New_Shinies,Platinum_Unlocked_New_Shinies
PURE_PALETTE_RECOLOR,DS_CUSTOM_LIBRARY/hack-packs/Platinum_Unlocked_New_Shinies/new shinys/Alternative pal/162-2.bmp,DS_CUSTOM_LIBRARY/hack-packs/Platinum_Unlocked_New_Shinies/new shinys/162.bmp,c0946924f68ee0f663b04b0089df1f661985df3f5e9de08e380fa734ef7580ad,5876323de0b2e53d5fa6dedd5672baf4b6558cf1dbc1cc7a8d3ade9101bd7dc3,9a60ff3d38915887a203738dd4944d84ae5afb68de1f7242396dcdd127ad0d6c,Platinum_Unlocked_New_Shinies,Platinum_Unlocked_New_Shinies
PURE_PALETTE_RECOLOR,DS_CUSTOM_LIBRARY/hack-packs/Platinum_Unlocked_New_Shinies/new shinys/Alternative pal/445-3.png,DS_CUSTOM_LIBRARY/hack-packs/Platinum_Unlocked_New_Shinies/new shinys/445.png,f56144a3c2b251bf4ac6e4327264e05032f7e2620b69619e5881312f3ea1c4ca,fda9e521c93f60cb5e869c567129bf7ec37b942b041d20f1b67d7e70a0da4511,8f48829663a06c22433dedcf52c80005c05f23d8a7d28d610061557b2779da72,Platinum_Unlocked_New_Shinies,Platinum_Unlocked_New_Shinies
PURE_PALETTE_RECOLOR,DS_CUSTOM_LIBRARY/hack-packs/Platinum_Unlocked_New_Shinies/new shinys/Alternative pal/248-1.png,DS_CUSTOM_LIBRARY/hack-packs/Platinum_Unlocked_New_Shinies/new shinys/248.bmp,aed5636ae70af6f2bfe028d919caaa2ca51b613a81a235b40b8767d69b3be2a3,74308e50e13327317b475bfd1b76311e1ad4d5fc0091c111713d1894d919b677,51fb3727a3b73696743664339f3c9a4553ae4da167717e63913dfe5eaa5d7002,Platinum_Unlocked_New_Shinies,Platinum_Unlocked_New_Shinies
PURE_PALETTE_RECOLOR,DS_CUSTOM_LIBRARY/hack-packs/Platinum_Unlocked_New_Shinies/new shinys/Alternative pal/106-2.bmp,DS_CUSTOM_LIBRARY/hack-packs/Platinum_Unlocked_New_Shinies/new shinys/106.bmp,7df0f7a97c6598b3e176e1b22373c68cb04d73280dec62e66cf79b81f70568c8,4241222ae83f8234ff87ead1f2a70367f7b89df8c60e5fd91129d86b7677adb0,1b8b4f755b0bd319af9d1f566ec67b30d50498f5b2a1939c5b9f25dacacbc6a7,Platinum_Unlocked_New_Shinies,Platinum_Unlocked_New_Shinies
PURE_PALETTE_RECOLOR,DS_CUSTOM_LIBRARY/hack-packs/Platinum_Unlocked_New_Shinies/new shinys/Alternative pal/479-mow.bmp,DS_CUSTOM_LIBRARY/hack-packs/Platinum_Unlocked_New_Shinies/new shinys/479.bmp,3b5ebf1787b97cbef0df7bfc18899e99559ce8d3c234df39bff0c0b8eef80fec,1253513eed9595f3ae47b794083107331863037e439a054451fb3ba9b07417d3,f9905f33de14c1904eb6fd1bdbe6c33178767a460db4f6df632cd8b73203e4fd,Platinum_Unlocked_New_Shinies,Platinum_Unlocked_New_Shinies
PURE_PALETTE_RECOLOR,DS_CUSTOM_LIBRARY/hack-packs/Platinum_Unlocked_New_Shinies/new shinys/Alternative pal/479-heat.bmp,DS_CUSTOM_LIBRARY/hack-packs/Platinum_Unlocked_New_Shinies/new shinys/479.bmp,3b5ebf1787b97cbef0df7bfc18899e99559ce8d3c234df39bff0c0b8eef80fec,4666c86450984081df68cc509a6ef57b3d42d6dd08f7b5b9e9dede02028c7a2d,f9905f33de14c1904eb6fd1bdbe6c33178767a460db4f6df632cd8b73203e4fd,Platinum_Unlocked_New_Shinies,Platinum_Unlocked_New_Shinies
PURE_PALETTE_RECOLOR,DS_CUSTOM_LIBRARY/hack-packs/Platinum_Unlocked_New_Shinies/new shinys/Alternative pal/479-fan.bmp,DS_CUSTOM_LIBRARY/hack-packs/Platinum_Unlocked_New_Shinies/new shinys/479.bmp,3b5ebf1787b97cbef0df7bfc18899e99559ce8d3c234df39bff0c0b8eef80fec,ac940a34493c638e0f2bc77a27764839c28c5e80818db2238539e01c1e7335d7,f9905f33de14c1904eb6fd1bdbe6c33178767a460db4f6df632cd8b73203e4fd,Platinum_Unlocked_New_Shinies,Platinum_Unlocked_New_Shinies
PURE_PALETTE_RECOLOR,DS_CUSTOM_LIBRARY/hack-packs/Platinum_Unlocked_New_Shinies/new shinys/Alternative pal/479-frost.bmp,DS_CUSTOM_LIBRARY/hack-packs/Platinum_Unlocked_New_Shinies/new shinys/479.bmp,3b5ebf1787b97cbef0df7bfc18899e99559ce8d3c234df39bff0c0b8eef80fec,3a972ecf24e45cd24c04c152c242e48819dcd93eae7ec0ea1d428bc2c0b03172,f9905f33de14c1904eb6fd1bdbe6c33178767a460db4f6df632cd8b73203e4fd,Platinum_Unlocked_New_Shinies,Platinum_Unlocked_New_Shinies
PURE_PALETTE_RECOLOR,DS_CUSTOM_LIBRARY/hack-packs/Platinum_Unlocked_New_Shinies/new shinys/Alternative pal/479-wash.bmp,DS_CUSTOM_LIBRARY/hack-packs/Platinum_Unlocked_New_Shinies/new shinys/479.bmp,3b5ebf1787b97cbef0df7bfc18899e99559ce8d3c234df39bff0c0b8eef80fec,7b6708579bfcdc7c2d3b4532c7debe4bc402769484b0d90667ae036dcdc91235,f9905f33de14c1904eb6fd1bdbe6c33178767a460db4f6df632cd8b73203e4fd,Platinum_Unlocked_New_Shinies,Platinum_Unlocked_New_Shinies
PURE_PALETTE_RECOLOR,DS_CUSTOM_LIBRARY/hack-packs/Platinum_Unlocked_New_Shinies/new shinys/Alternative pal/171-3.bmp,DS_CUSTOM_LIBRARY/hack-packs/Platinum_Unlocked_New_Shinies/new shinys/171.bmp,94db92bc8374fed3165c6c32b2a57312bd99650b5b979b89a7c49e608b85a7ca,d4bec7ceff19b608374bbe59181cb640a8c0acea9b116e5ad575122755bd114f,1411b239e12aaa37c058b4317e0b79a293df31bfd591638b02f97f2c43a96857,Platinum_Unlocked_New_Shinies,Platinum_Unlocked_New_Shinies
PURE_PALETTE_RECOLOR,DS_CUSTOM_LIBRARY/hack-packs/Platinum_Unlocked_New_Shinies/new shinys/Alternative pal/171-2.bmp,DS_CUSTOM_LIBRARY/hack-packs/Platinum_Unlocked_New_Shinies/new shinys/171.bmp,94db92bc8374fed3165c6c32b2a57312bd99650b5b979b89a7c49e608b85a7ca,aa1075866ecabf08293072874562b8c6aa5d64d807d9f243275c9f97ef3a10f0,1411b239e12aaa37c058b4317e0b79a293df31bfd591638b02f97f2c43a96857,Platinum_Unlocked_New_Shinies,Platinum_Unlocked_New_Shinies
PURE_PALETTE_RECOLOR,DS_CUSTOM_LIBRARY/hack-packs/Platinum_Unlocked_New_Shinies/new shinys/Alternative pal/166.bmp,DS_CUSTOM_LIBRARY/hack-packs/Platinum_Unlocked_New_Shinies/new shinys/166.bmp,5475d904c94283d2fce533ba3a22304413b659a5d93ce18ea869c305bd21ac65,06e518b39f3f4ad62f5bef8f0acd6ad6689b33897040c6e1ba5327ac968eeddc,e00d58a369abf6e3d976a0dc2159fdc77495d97c8a3e4b7aa990483c338e5c8f,Platinum_Unlocked_New_Shinies,Platinum_Unlocked_New_Shinies
PURE_PALETTE_RECOLOR,DS_CUSTOM_LIBRARY/hack-packs/Platinum_Unlocked_New_Shinies/new shinys/Alternative pal/205-2.bmp,DS_CUSTOM_LIBRARY/hack-packs/Platinum_Unlocked_New_Shinies/new shinys/205.bmp,bfb653b504a040244d1ecf31a3986ba981b0e3102fe195d2a49f65440c7df43d,1bce3d5653fa800719f1c42aac7a3232d76fbeed14ffa432de34a2e12f80981c,21da8db001a1ec629d429c8eac32008ef40e1dea1c3056c4ac9f828ca6a9169b,Platinum_Unlocked_New_Shinies,Platinum_Unlocked_New_Shinies
PURE_PALETTE_RECOLOR,DS_CUSTOM_LIBRARY/hack-packs/Platinum_Unlocked_New_Shinies/new shinys/Alternative pal/445-4.png,DS_CUSTOM_LIBRARY/hack-packs/Platinum_Unlocked_New_Shinies/new shinys/Alternative pal/445-2.png,3192bf9fa5c4a2eabfadb464474b54fb52c5ef36c7cbf9a126e136c14115eb60,c90e2e1294abb4c4a097aca3c70aaeb5688b9e57ee7d4fa6c462844b1078cc54,3e4335b12aac850eac74cc1b8a0faf9546a798250ab95f0f94e1fb6431e4d677,Platinum_Unlocked_New_Shinies,Platinum_Unlocked_New_Shinies
