bbox_h,bbox_w,binary_alpha,fits_64,key,output_path,palette_reduced,slot,source_colors,source_error,source_height,source_path,source_sha256,source_width,staged_colors
104,108,True,False,ABRA_ALTERNATE_FORM_1,,False,front,12,,160,/tmp/reborn-plates-flat/ABRA_ALTERNATE_FORM_1.png,38f1a8e68909044f6761acc6128dcba85621db13860309b5fdc4a6eb8e9ac7c0,160,
86,114,True,False,ABRA_ALTERNATE_FORM_1,,False,back,14,,192,/tmp/reborn-plates-flat/ABRA_ALTERNATE_FORM_1_BACK.png,6d7ccba267b87d976e50ccd6b3bce65982dd0cc944ecf6a8bbf2968dd4d23650,192,
88,110,True,False,ABRA_ALTERNATE_FORM_2,,False,front,17,,160,/tmp/reborn-plates-flat/ABRA_ALTERNATE_FORM_2.png,4549c2222e93626f6aeb41f869a8fa369b2dab39490e558bfaf7bb2a2b7d8285,160,
86,114,True,False,ABRA_ALTERNATE_FORM_2,,False,back,11,,192,/tmp/reborn-plates-flat/ABRA_ALTERNATE_FORM_2_BACK.png,ef3c5fd6413c1d63669e3a4d7e2b1c470f995caee54c172b8b6adc82ba4b6741,192,
88,110,True,False,ABRA_ALTERNATE_FORM_2,,False,front_shiny,20,,160,/tmp/reborn-plates-flat/ABRA_ALTERNATE_FORM_2_SHINY.png,b537d642e0b320cdd7912e74cd842a384ef2035aedd667bec80f47744a3a0d46,160,
86,114,True,False,ABRA_ALTERNATE_FORM_2,,False,back_shiny,12,,192,/tmp/reborn-plates-flat/ABRA_ALTERNATE_FORM_2_BACK_SHINY.png,a57c4f9ea945ea87d78ee4909b83c4fce76e412224923cc294af97d24e81d00f,192,
116,106,True,False,ABSOL_ALTERNATE_FORM_2,,False,front,13,,160,/tmp/reborn-plates-flat/ABSOL_ALTERNATE_FORM_2.png,f3d541ea71a6723c339b9d85bb637e0d8c15746fbae131a43203a8f562f43309,160,
112,110,True,False,ABSOL_ALTERNATE_FORM_2,,False,back,10,,192,/tmp/reborn-plates-flat/ABSOL_ALTERNATE_FORM_2_BACK.png,d206c3a36b75011fcd32bbaecef5b41dc53462d8de5938874e23c2e84eee2a17,192,
116,106,True,False,ABSOL_ALTERNATE_FORM_2,,False,front_shiny,56,,160,/tmp/reborn-plates-flat/ABSOL_ALTERNATE_FORM_2_SHINY.png,6196f5a261c44bc89b03218dd0579d858f3ae360408066baab3774615b6bfe94,160,
112,110,True,False,ABSOL_ALTERNATE_FORM_2,,False,back_shiny,44,,192,/tmp/reborn-plates-flat/ABSOL_ALTERNATE_FORM_2_BACK_SHINY.png,de2e58fe15be4e22036700ed7489e502e540e3387c036e3fbb90b59565151359,192,
148,122,True,False,ABSOL_ALTERNATE_MEGA_FORM_3,,False,front,13,,192,/tmp/reborn-plates-flat/ABSOL_ALTERNATE_MEGA_FORM_3.png,0d690f339f771d2bb42ac4979239713616aa28ab2cac258a087dc4814fa22081,192,
120,144,True,False,ABSOL_ALTERNATE_MEGA_FORM_3,,False,back,11,,192,/tmp/reborn-plates-flat/ABSOL_ALTERNATE_MEGA_FORM_3_BACK.png,094d498892a83a46aa390dc452949c5f726ef8d629b0a1ef4147d990a08dac20,192,
148,122,True,False,ABSOL_ALTERNATE_MEGA_FORM_3,,False,front_shiny,55,,192,/tmp/reborn-plates-flat/ABSOL_ALTERNATE_MEGA_FORM_3_SHINY.png,ee87c911f077b6e1034ad68f9f5697855327a4bba018dae6aa85b8810840327a,192,
120,144,True,False,ABSOL_ALTERNATE_MEGA_FORM_3,,False,back_shiny,49,,192,/tmp/reborn-plates-flat/ABSOL_ALTERNATE_MEGA_FORM_3_BACK_SHINY.png,86cb30341bb7a49965f0e2bd7116bb86f24d72a8dd5f4a6d68e83754f9d84534,192,
124,138,True,False,ACCELGOR_ALTERNATE_FORM_1,,False,front,15,,192,/tmp/reborn-plates-flat/ACCELGOR_ALTERNATE_FORM_1.png,4cd87503d73976829806b6c4e4645efa85c6e525cf1552fc3500ec6240785b55,192,
130,134,True,False,ACCELGOR_ALTERNATE_FORM_1,,False,back,16,,192,/tmp/reborn-plates-flat/ACCELGOR_ALTERNATE_FORM_1_BACK.png,5c09e87e6140c9140689e872cc309549074122dcc6053b69f9854a550cf39d6d,192,
124,138,True,False,ACCELGOR_ALTERNATE_FORM_1,,False,front_shiny,15,,192,/tmp/reborn-plates-flat/ACCELGOR_ALTERNATE_FORM_1_SHINY.png,29de1eb16100d907ecba42564191776f97488c8f71764fdddad100ad919984d7,192,
130,134,True,False,ACCELGOR_ALTERNATE_FORM_1,,False,back_shiny,16,,192,/tmp/reborn-plates-flat/ACCELGOR_ALTERNATE_FORM_1_BACK_SHINY.png,56d87ced6fa672cacea9110f84d01d8ebf0897384560b9e6a3b9d4d32f2d75d6,192,
130,138,True,False,AERODACTYL_ALTERNATE_FORM_2,,False,front,16,,160,/tmp/reborn-plates-flat/AERODACTYL_ALTERNATE_FORM_2.png,faedbcb69df2cecbff51797210023b3b90dbbe10f98e6d7e565a0ab2e1a62cbc,160,
134,158,True,False,AERODACTYL_ALTERNATE_FORM_2,,False,back,14,,192,/tmp/reborn-plates-flat/AERODACTYL_ALTERNATE_FORM_2_BACK.png,62fd592cfc06373798b3a56ad839bb662fad2a516336675fda6b3f09e0f6523e,192,
130,138,True,False,AERODACTYL_ALTERNATE_FORM_2,,False,front_shiny,54,,160,/tmp/reborn-plates-flat/AERODACTYL_ALTERNATE_FORM_2_SHINY.png,69ab74ae5539f0038a244f7c325e39eb514b1bb91f774c6a8560077f3b30f76b,160,
134,158,True,False,AERODACTYL_ALTERNATE_FORM_2,,False,back_shiny,55,,192,/tmp/reborn-plates-flat/AERODACTYL_ALTERNATE_FORM_2_BACK_SHINY.png,99ec00a67a34e74321aaf7f3aee89e482e23eae84d9bd3c4ab4ff951dd1fa68a,192,
156,192,True,False,AERODACTYL_ALTERNATE_MEGA_FORM_3,,False,front,21,,192,/tmp/reborn-plates-flat/AERODACTYL_ALTERNATE_MEGA_FORM_3.png,6d295b6a80d8e873f6ec38362eb1f6b30b1541529e77c31e4e9aca0892872a6a,192,
136,156,True,False,AERODACTYL_ALTERNATE_MEGA_FORM_3,,False,back,16,,192,/tmp/reborn-plates-flat/AERODACTYL_ALTERNATE_MEGA_FORM_3_BACK.png,0c2cd3489ee39811f63cb01cce8778231d8b41ee92dd540ec15eafc72d6a2c86,192,
156,192,True,False,AERODACTYL_ALTERNATE_MEGA_FORM_3,,False,front_shiny,57,,192,/tmp/reborn-plates-flat/AERODACTYL_ALTERNATE_MEGA_FORM_3_SHINY.png,e7a6faa826d926d83cdb8fda863018d81501d7321366d3b404a04ba05c30dec1,192,
136,156,True,False,AERODACTYL_ALTERNATE_MEGA_FORM_3,,False,back_shiny,51,,192,/tmp/reborn-plates-flat/AERODACTYL_ALTERNATE_MEGA_FORM_3_BACK_SHINY.png,eba0adffae575364ea4b5b82edd00aa5e36b42238b44fa1cc570f78c43a06fa4,192,
130,134,True,False,ALAKAZAM_ALTERNATE_FORM_2,,False,front,15,,160,/tmp/reborn-plates-flat/ALAKAZAM_ALTERNATE_FORM_2.png,5f094251a6b03050cbf1eedd38d51248af867cbd6a96937237eaf427b420f94e,160,
134,154,True,False,ALAKAZAM_ALTERNATE_FORM_2,,False,back,15,,192,/tmp/reborn-plates-flat/ALAKAZAM_ALTERNATE_FORM_2_BACK.png,6189c98799bc9db415d52e82a45a8585bda54cf1b9bded624181625c50be4179,192,
130,134,True,False,ALAKAZAM_ALTERNATE_FORM_2,,False,front_shiny,17,,160,/tmp/reborn-plates-flat/ALAKAZAM_ALTERNATE_FORM_2_SHINY.png,fb9953b8969623e77e89d872b9b460fbd2f9765ff29bc4a63ba27b3cae3b2fc8,160,
134,154,True,False,ALAKAZAM_ALTERNATE_FORM_2,,False,back_shiny,17,,192,/tmp/reborn-plates-flat/ALAKAZAM_ALTERNATE_FORM_2_BACK_SHINY.png,1d432396fbaf4ba1aba6bf92ade08170250dc5ef653a30e7d9386f0e6582ae89,192,
182,184,True,False,ALAKAZAM_MEGA_ALTERNATE_FORM_3,,False,front,26,,192,/tmp/reborn-plates-flat/ALAKAZAM_MEGA_ALTERNATE_FORM_3.png,d33cffe372f670df1097878f2eed72b715e3a57c24f82fc39edcf19a67da6cbc,192,
184,162,True,False,ALAKAZAM_MEGA_ALTERNATE_FORM_3,,False,back,19,,192,/tmp/reborn-plates-flat/ALAKAZAM_MEGA_ALTERNATE_FORM_3_BACK.png,151316a79ff2c7055880c85994ed518bf976b9e60b35f59d1794a33ee1ccbc38,192,
182,184,True,False,ALAKAZAM_MEGA_ALTERNATE_FORM_3,,False,front_shiny,26,,192,/tmp/reborn-plates-flat/ALAKAZAM_MEGA_ALTERNATE_FORM_3_SHINY.png,8c0852e3d026c4d4723b205ae17778b14735edf03c6f5dd71e3f46588c50ccbc,192,
184,162,True,False,ALAKAZAM_MEGA_ALTERNATE_FORM_3,,False,back_shiny,19,,192,/tmp/reborn-plates-flat/ALAKAZAM_MEGA_ALTERNATE_FORM_3_BACK_SHINY.png,e0833cf9baa99f18df6d5e5181a38baaf4c41cc0bb2b679a795eba55dc4e850d,192,
122,160,True,False,ALTARIA_ALTERNATE_FORM_2,,False,front,18,,160,/tmp/reborn-plates-flat/ALTARIA_ALTERNATE_FORM_2.png,5348feb3aefb33907727596f9b75ff5ef8220ad70f660daaa6a9b3a04b65139d,160,
136,120,True,False,ALTARIA_ALTERNATE_FORM_2,,False,back,16,,192,/tmp/reborn-plates-flat/ALTARIA_ALTERNATE_FORM_2_BACK.png,0994fea34f2a9dd7c9d919e3fdf11564478f421bdb6735fdb49530c3b58ba2ba,192,
122,160,True,False,ALTARIA_ALTERNATE_FORM_2,,False,front_shiny,18,,160,/tmp/reborn-plates-flat/ALTARIA_ALTERNATE_FORM_2_SHINY.png,2bb1c99d2f27cd927b6bf8ec20fe502072bfc1942d2c143a4b5575f75e969b2b,160,
136,120,True,False,ALTARIA_ALTERNATE_FORM_2,,False,back_shiny,16,,192,/tmp/reborn-plates-flat/ALTARIA_ALTERNATE_FORM_2_BACK_SHINY.png,0b9a093003f54bd39d69195359411ac9b5700ca6f2dcd1516e85f8b257f7c9d3,192,
190,172,True,False,ALTARIA_ALTERNATE_MEGA_FORM_3,,False,front,31,,192,/tmp/reborn-plates-flat/ALTARIA_ALTERNATE_MEGA_FORM_3.png,ee2354ee0cf7f7bbebd8d6757059526f3391c647cc98c952219e780de7049519,192,
182,190,True,False,ALTARIA_ALTERNATE_MEGA_FORM_3,,False,back,19,,192,/tmp/reborn-plates-flat/ALTARIA_ALTERNATE_MEGA_FORM_3_BACK.png,84b5baef312e54ee48c5a223e1c0cf48c992790ab14d97702c8a308fb1b9040c,192,
190,172,True,False,ALTARIA_ALTERNATE_MEGA_FORM_3,,False,front_shiny,29,,192,/tmp/reborn-plates-flat/ALTARIA_ALTERNATE_MEGA_FORM_3_SHINY.png,ab3952f82d8524ea7ba58b107383e8a86a885811d75ccd74e989ca2ad0a26612,192,
182,190,True,False,ALTARIA_ALTERNATE_MEGA_FORM_3,,False,back_shiny,21,,192,/tmp/reborn-plates-flat/ALTARIA_ALTERNATE_MEGA_FORM_3_BACK_SHINY.png,b32ebdc2554ee521be2d4cc215b6f09377320dee873d8daf44877870e6a800f5,192,
132,76,True,False,AMAURA_ALTERNATE_FORM_1,,False,front,30,,192,/tmp/reborn-plates-flat/AMAURA_ALTERNATE_FORM_1.png,f74842e82425e8e1cf272a4b27fbc5fadc193f2c8b78722a8acc68ee9d8d64e9,192,
126,66,True,False,AMAURA_ALTERNATE_FORM_1,,False,back,15,,192,/tmp/reborn-plates-flat/AMAURA_ALTERNATE_FORM_1_BACK.png,808133023cc91d6a05091e93cbe3080de562ea7d4981043a6e6ff3d6af5accd7,192,
132,76,True,False,AMAURA_ALTERNATE_FORM_1,,False,front_shiny,28,,192,/tmp/reborn-plates-flat/AMAURA_ALTERNATE_FORM_1_SHINY.png,1b3083a07091e399d89156bc2a2480689e390dbea2977377e08986f755fcada5,192,
126,66,True,False,AMAURA_ALTERNATE_FORM_1,,False,back_shiny,16,,192,/tmp/reborn-plates-flat/AMAURA_ALTERNATE_FORM_1_BACK_SHINY.png,0ce7a1f157362cfc704dc429ef27e7b616131b47da1d623dd593576529db6a6a,192,
130,110,True,False,AMPHAROS_ALTERNATE_FORM_2,,False,front,12,,160,/tmp/reborn-plates-flat/AMPHAROS_ALTERNATE_FORM_2.png,e10838d87404d331af4b71ddc66f720035fc30b3d877b9d19a5ddd1381d0df04,160,
128,108,True,False,AMPHAROS_ALTERNATE_FORM_2,,False,back,12,,192,/tmp/reborn-plates-flat/AMPHAROS_ALTERNATE_FORM_2_BACK.png,ca33d3abc3dff5974c653a33b83f5b84aae82ba2e4aa8b0ee66ac02161e6d082,192,
130,110,True,False,AMPHAROS_ALTERNATE_FORM_2,,False,front_shiny,12,,160,/tmp/reborn-plates-flat/AMPHAROS_ALTERNATE_FORM_2_SHINY.png,b79b32fe9f6f8c02ddee3632f1a38b0c8a7fd0aba075fc93ece34e101cf2349e,160,
128,108,True,False,AMPHAROS_ALTERNATE_FORM_2,,False,back_shiny,12,,192,/tmp/reborn-plates-flat/AMPHAROS_ALTERNATE_FORM_2_BACK_SHINY.png,f83c80e6d21dfc855438d5a8a85ae55cca930a1bcf5a1a1c1fd17e07af501510,192,
146,140,True,False,AMPHAROS_ALTERNATE_MEGA_FORM_3,,False,front,13,,192,/tmp/reborn-plates-flat/AMPHAROS_ALTERNATE_MEGA_FORM_3.png,421b8e106a89cce4e860db82818e66d337bfc590df803b233d689e5ab48d8f2d,192,
154,114,True,False,AMPHAROS_ALTERNATE_MEGA_FORM_3,,False,back,14,,192,/tmp/reborn-plates-flat/AMPHAROS_ALTERNATE_MEGA_FORM_3_BACK.png,88a1904af130246cf17c77084af7d07a85f6c9258d83dc93c445d9c1adfeebc0,192,
146,140,True,False,AMPHAROS_ALTERNATE_MEGA_FORM_3,,False,front_shiny,24,,192,/tmp/reborn-plates-flat/AMPHAROS_ALTERNATE_MEGA_FORM_3_SHINY.png,3a27906cfd6faa34119900b928900ecd67ca5bd7183f14163b3099ca5fd86ae4,192,
154,114,True,False,AMPHAROS_ALTERNATE_MEGA_FORM_3,,False,back_shiny,24,,192,/tmp/reborn-plates-flat/AMPHAROS_ALTERNATE_MEGA_FORM_3_BACK_SHINY.png,6c6a91ceb076443b09b3dd2491237929411d1fc13466ee361c632b5d66a1bbad,192,
96,90,True,False,ANORITH_ALTERNATE_FORM_1,,False,front,15,,160,/tmp/reborn-plates-flat/ANORITH_ALTERNATE_FORM_1.png,965b107802661ab02b6a6e51e5a9bb750bcebb6edaf62f6c7b8867730791a045,160,
72,92,True,False,ANORITH_ALTERNATE_FORM_1,,False,back,15,,192,/tmp/reborn-plates-flat/ANORITH_ALTERNATE_FORM_1_BACK.png,4e211f5e6550f65afe384d018a3013e9df5056835e2334f4422d3d9342284dc2,192,
96,90,True,False,ANORITH_ALTERNATE_FORM_1,,False,front_shiny,15,,160,/tmp/reborn-plates-flat/ANORITH_ALTERNATE_FORM_1_SHINY.png,9d736cfc659fb8d7a74e7c7cce3e1988c23ce19793feceb3f2ea457d7e6bb6a5,160,
72,92,True,False,ANORITH_ALTERNATE_FORM_1,,False,back_shiny,15,,192,/tmp/reborn-plates-flat/ANORITH_ALTERNATE_FORM_1_BACK_SHINY.png,b531939250538f9448f9ad643ab2239ea78b30840de42425dc04a07062f01506,192,
118,178,True,False,ARAQUANID_ALTERNATE_FORM_1,,False,front,25,,192,/tmp/reborn-plates-flat/ARAQUANID_ALTERNATE_FORM_1.png,d690d3669157f6cde61a667417409e0ced5bf6612854f417231d98abf0fea948,192,
118,172,True,False,ARAQUANID_ALTERNATE_FORM_1,,False,back,19,,192,/tmp/reborn-plates-flat/ARAQUANID_ALTERNATE_FORM_1_BACK.png,0d17e05720aa1aa016a7360abc03299bade0109eedbc485d962c2049595769f0,192,
118,178,True,False,ARAQUANID_ALTERNATE_FORM_1,,False,front_shiny,24,,192,/tmp/reborn-plates-flat/ARAQUANID_ALTERNATE_FORM_1_SHINY.png,ad1fc9e66b7bf9feaa7b9b4263eb58587648f7ab96bac546116b851101ee2a21,192,
118,172,True,False,ARAQUANID_ALTERNATE_FORM_1,,False,back_shiny,19,,192,/tmp/reborn-plates-flat/ARAQUANID_ALTERNATE_FORM_1_BACK_SHINY.png,885bff17816b6abe5fc5b6c343f2aaa2854a9c066dc39b02f89b1dfdb149e399,192,
78,116,True,False,ARCHEN_ALTERNATE_FORM_1,,False,front,18,,192,/tmp/reborn-plates-flat/ARCHEN_ALTERNATE_FORM_1.png,7365e6c01639e6d975026b09c958760070674702f4904eabd8f65fbd1fc5d692,192,
74,122,True,False,ARCHEN_ALTERNATE_FORM_1,,False,back,19,,192,/tmp/reborn-plates-flat/ARCHEN_ALTERNATE_FORM_1_BACK.png,1cd8507daa24006c9754c113329ca021d3b3f6199e2039cfdf88d4a2026057d6,192,
78,116,True,False,ARCHEN_ALTERNATE_FORM_1,,False,front_shiny,18,,192,/tmp/reborn-plates-flat/ARCHEN_ALTERNATE_FORM_1_SHINY.png,f7a1c038df31915b5c12643eadcaa20d2ab3b5cd0d1b6f218090de1b70007941,192,
74,122,True,False,ARCHEN_ALTERNATE_FORM_1,,False,back_shiny,19,,192,/tmp/reborn-plates-flat/ARCHEN_ALTERNATE_FORM_1_BACK_SHINY.png,fc4c96a69a84be0b4e2b763e7fe04caef451d3def780d480d8e6701f040357dd,192,
168,140,True,False,ARCHEOPS_ALTERNATE_FORM_1,,False,front,23,,192,/tmp/reborn-plates-flat/ARCHEOPS_ALTERNATE_FORM_1.png,ced20b29cb13450f089433deb4183af4ed81411f599e468ac042365fcafae6cf,192,
182,148,True,False,ARCHEOPS_ALTERNATE_FORM_1,,False,back,21,,192,/tmp/reborn-plates-flat/ARCHEOPS_ALTERNATE_FORM_1_BACK.png,726ded32cdea6cfd5971a6dd17a5550ef8a3b346f076c377e9cf01a5e9138898,192,
168,140,True,False,ARCHEOPS_ALTERNATE_FORM_1,,False,front_shiny,23,,192,/tmp/reborn-plates-flat/ARCHEOPS_ALTERNATE_FORM_1_SHINY.png,8a05eea5b1f029153748e4b56859605b7b1d92a4061b2b75d77b90460f86400a,192,
182,148,True,False,ARCHEOPS_ALTERNATE_FORM_1,,False,back_shiny,21,,192,/tmp/reborn-plates-flat/ARCHEOPS_ALTERNATE_FORM_1_BACK_SHINY.png,dc1246b78bd8fbea6f66163aff698010969b2b18130cd21e88fb8208b80bc5d9,192,
126,136,True,False,ARMALDO_ALTERNATE_FORM_1,,False,front,16,,160,/tmp/reborn-plates-flat/ARMALDO_ALTERNATE_FORM_1.png,83534405ff7ccbae9620ed9545d6437108ea3ffc540cc5de623ef9f9607f2e91,160,
132,134,True,False,ARMALDO_ALTERNATE_FORM_1,,False,back,14,,192,/tmp/reborn-plates-flat/ARMALDO_ALTERNATE_FORM_1_BACK.png,624993a0190b4c898f4992b527cb84411d2ad5401f26d9c0a22ed1e438f4a266,192,
126,136,True,False,ARMALDO_ALTERNATE_FORM_1,,False,front_shiny,16,,160,/tmp/reborn-plates-flat/ARMALDO_ALTERNATE_FORM_1_SHINY.png,3957cf546bbcc6606e4d381792c68f123beced22d90aeed9822b38a8c64678c3,160,
132,134,True,False,ARMALDO_ALTERNATE_FORM_1,,False,back_shiny,14,,192,/tmp/reborn-plates-flat/ARMALDO_ALTERNATE_FORM_1_BACK_SHINY.png,a5444500eb5b646afa3c1d28ca46d0334855011be4e7bbfcbcc1030a3d3a7c56,192,
116,92,True,False,AROMATISSE_ALTERNATE_FORM_1,,False,front,18,,192,/tmp/reborn-plates-flat/AROMATISSE_ALTERNATE_FORM_1.png,305189b638417edfc37a8ba54a0f32b0d1fcf1ac63f3cac4c70c05234683af5b,192,
156,108,True,False,AROMATISSE_ALTERNATE_FORM_1,,False,back,9,,192,/tmp/reborn-plates-flat/AROMATISSE_ALTERNATE_FORM_1_BACK.png,b555a36ba954d00769f65346ce289dd5caf5b809bd7402abb48995ef34f793a6,192,
116,92,True,False,AROMATISSE_ALTERNATE_FORM_1,,False,front_shiny,19,,192,/tmp/reborn-plates-flat/AROMATISSE_ALTERNATE_FORM_1_SHINY.png,18ec26c8dd75ec77e2fca8519bd69613a2d1bffc58ff4379185b36ef27caf9cf,192,
156,108,True,False,AROMATISSE_ALTERNATE_FORM_1,,False,back_shiny,9,,192,/tmp/reborn-plates-flat/AROMATISSE_ALTERNATE_FORM_1_BACK_SHINY.png,2bac9ef5cf4296df8ceae211ce8715281fba001dcf40dfe0d0503f4b34ee2631,192,
116,94,True,False,AROMATISSE_ALTERNATE_FORM_2,,False,front,23,,192,/tmp/reborn-plates-flat/AROMATISSE_ALTERNATE_FORM_2.png,589cd92cced3b53d24715ab8eba9709f747b953b997d22589fb4872c1818587b,192,
158,116,True,False,AROMATISSE_ALTERNATE_FORM_2,,False,back,16,,192,/tmp/reborn-plates-flat/AROMATISSE_ALTERNATE_FORM_2_BACK.png,69f021afef4a6d1f1dedbc38608ca6d3ffade1ae9870006a0293f02d08509c49,192,
116,94,True,False,AROMATISSE_ALTERNATE_FORM_2,,False,front_shiny,26,,192,/tmp/reborn-plates-flat/AROMATISSE_ALTERNATE_FORM_2_SHINY.png,bd334b0cbf6605e16c46a37501712b43c816b348ff2ebbd56c2c1a98d356418d,192,
158,116,True,False,AROMATISSE_ALTERNATE_FORM_2,,False,back_shiny,16,,192,/tmp/reborn-plates-flat/AROMATISSE_ALTERNATE_FORM_2_BACK_SHINY.png,43d23346e476fe77f46d92cf6a30de3b302a584e686498ebd1777b1fafa71d45,192,
70,126,True,False,ARROKUDA_ALTERNATE_FORM_1,,False,front,12,,192,/tmp/reborn-plates-flat/ARROKUDA_ALTERNATE_FORM_1.png,51b0e393e5deac3d12f92db79e2241a3b356f342a1b0eb317dc5a62e33e0a9e9,192,
54,110,True,False,ARROKUDA_ALTERNATE_FORM_1,,False,back,12,,192,/tmp/reborn-plates-flat/ARROKUDA_ALTERNATE_FORM_1_BACK.png,c421d5dea50eb42063d35aa74d837178127cd211e950957c076bcd03d48d35d3,192,
70,126,True,False,ARROKUDA_ALTERNATE_FORM_1,,False,front_shiny,11,,192,/tmp/reborn-plates-flat/ARROKUDA_ALTERNATE_FORM_1_SHINY.png,58cb6d124ac450574a4e4d20044f23821704af013e01468bcc054a7eb5138d99,192,
54,110,True,False,ARROKUDA_ALTERNATE_FORM_1,,False,back_shiny,11,,192,/tmp/reborn-plates-flat/ARROKUDA_ALTERNATE_FORM_1_BACK_SHINY.png,4553cac6b53f2c10208b366ed37c46632d7b8602bca5d48796675995c544a481,192,
182,190,False,False,AURORUS_ALTERNATE_FORM_1,,False,front,34,,192,/tmp/reborn-plates-flat/AURORUS_ALTERNATE_FORM_1.png,3a5d164eee8fd449c95401d4450af6e8121d997dfddfff9f489a355be53ba16d,192,
182,160,False,False,AURORUS_ALTERNATE_FORM_1,,False,back,24,,192,/tmp/reborn-plates-flat/AURORUS_ALTERNATE_FORM_1_BACK.png,649954a4ccabbeddf33cb9ae0f2ff40a01c369477fbd6fa493b66de2544ba85f,192,
182,190,True,False,AURORUS_ALTERNATE_FORM_1,,False,front_shiny,29,,192,/tmp/reborn-plates-flat/AURORUS_ALTERNATE_FORM_1_SHINY.png,b5b6e7a6b9b6b48635ffaa52cb7a346fa682c223fb9f093abdcb27ea37cd6282,192,
182,160,True,False,AURORUS_ALTERNATE_FORM_1,,False,back_shiny,20,,192,/tmp/reborn-plates-flat/AURORUS_ALTERNATE_FORM_1_BACK_SHINY.png,a69eb38244a65dd239ee7fc8e04c3dc7e1ceb218f4593037265b14e9aa4c14c1,192,
90,68,True,False,BAGON_ALTERNATE_FORM_2,,False,front,21,,160,/tmp/reborn-plates-flat/BAGON_ALTERNATE_FORM_2.png,7638fdd17fce5f761acb43520ed0d82208b5900a910f90c04fc60f1f8c641706,160,
98,68,True,False,BAGON_ALTERNATE_FORM_2,,False,back,17,,192,/tmp/reborn-plates-flat/BAGON_ALTERNATE_FORM_2_BACK.png,0f32879a02d7c3d3129e6f0700f064989c71b81137f10fdbc41f1566b7ea7a75,192,
90,68,True,False,BAGON_ALTERNATE_FORM_2,,False,front_shiny,21,,160,/tmp/reborn-plates-flat/BAGON_ALTERNATE_FORM_2_SHINY.png,7071d2d004938c3b43750b58821549af8c9e995286a4885ee76bf21dcf99c55d,160,
98,68,True,False,BAGON_ALTERNATE_FORM_2,,False,back_shiny,17,,192,/tmp/reborn-plates-flat/BAGON_ALTERNATE_FORM_2_BACK_SHINY.png,9a68018714967e76e731667a68a0d6cac09d15a15dd92499d6ab0f240981a879,192,
70,72,True,False,BALTOY_ALTERNATE_FORM_1,,False,front,13,,160,/tmp/reborn-plates-flat/BALTOY_ALTERNATE_FORM_1.png,9af21c0d5520600f6ec8a10e934da539d1bb5fc46ce6254ef83b1400cc3a21e7,160,
74,74,True,False,BALTOY_ALTERNATE_FORM_1,,False,back,7,,192,/tmp/reborn-plates-flat/BALTOY_ALTERNATE_FORM_1_BACK.png,de13605418400d0efbb0ce65bc4bdc039a231ef36a7f7ea1c572460c3968f6d1,192,
70,72,True,False,BALTOY_ALTERNATE_FORM_1,,False,front_shiny,13,,160,/tmp/reborn-plates-flat/BALTOY_ALTERNATE_FORM_1_SHINY.png,81919b19aaf5f355385b9d37dbb7e0703a02b2662c2a71a01abe9b3313983e92,160,
74,74,True,False,BALTOY_ALTERNATE_FORM_1,,False,back_shiny,7,,192,/tmp/reborn-plates-flat/BALTOY_ALTERNATE_FORM_1_BACK_SHINY.png,a1e13c1c190c0432d521191df1120eb82a911d2f9b86f5a26a126ea48bf850c9,192,
160,160,True,False,BARBARACLE_ALTERNATE_FORM_1,,False,front,15,,192,/tmp/reborn-plates-flat/BARBARACLE_ALTERNATE_FORM_1.png,ad5feb0f9df76c675bb4b26b584025f0444621ef2022d46760fc55019f06957b,192,
158,160,True,False,BARBARACLE_ALTERNATE_FORM_1,,False,back,10,,192,/tmp/reborn-plates-flat/BARBARACLE_ALTERNATE_FORM_1_BACK.png,bfc2c5c9dfe53096f63320aedd68ee6ccf119cf3eada110d150d21c847e832f2,192,
160,160,True,False,BARBARACLE_ALTERNATE_FORM_1,,False,front_shiny,12,,192,/tmp/reborn-plates-flat/BARBARACLE_ALTERNATE_FORM_1_SHINY.png,fb29f2333440594e3fa4cc97ba819841479f679a85926f386afc8ff7ff713dc8,192,
158,160,True,False,BARBARACLE_ALTERNATE_FORM_1,,False,back_shiny,7,,192,/tmp/reborn-plates-flat/BARBARACLE_ALTERNATE_FORM_1_BACK_SHINY.png,d263ccc4dd4c0893ecca13fe8274e24c8be62c791bde899e47789a1fc14d735a,192,
74,168,True,False,BARRASKEWDA_ALTERNATE_FORM_1,,False,front,12,,192,/tmp/reborn-plates-flat/BARRASKEWDA_ALTERNATE_FORM_1.png,aaf49551e421f8f49ac54a15266012b87fe15e8d54ccb6a6f30f845a85b20af5,192,
82,140,True,False,BARRASKEWDA_ALTERNATE_FORM_1,,False,back,13,,192,/tmp/reborn-plates-flat/BARRASKEWDA_ALTERNATE_FORM_1_BACK.png,380c5d62328ba3a1a1969cd12cbbb1106b0a21e2a256a39cfd9f9adaf48e8b08,192,
74,168,True,False,BARRASKEWDA_ALTERNATE_FORM_1,,False,front_shiny,12,,192,/tmp/reborn-plates-flat/BARRASKEWDA_ALTERNATE_FORM_1_SHINY.png,7c40590d4b3f4451ccea0b701ba94d8893b9a0291ab1c9d560e3f3b8a106b199,192,
82,140,True,False,BARRASKEWDA_ALTERNATE_FORM_1,,False,back_shiny,13,,192,/tmp/reborn-plates-flat/BARRASKEWDA_ALTERNATE_FORM_1_BACK_SHINY.png,3dbca455806558a9c38f053ab50f893f1cd90babae1e423a5ff03ff0e8b7f70f,192,
118,146,True,False,BASTIODON_ALTERNATE_FORM_1,,False,front,18,,160,/tmp/reborn-plates-flat/BASTIODON_ALTERNATE_FORM_1.png,4b354173f201e4b85bd8a0501e90d42dd58caaf159e89d48120f4f52a670e9ee,160,
122,136,True,False,BASTIODON_ALTERNATE_FORM_1,,False,back,11,,192,/tmp/reborn-plates-flat/BASTIODON_ALTERNATE_FORM_1_BACK.png,11ebce74b7438430293b43f3c40890732a77783fbf14473b47fd5686d0dda771,192,
118,146,True,False,BASTIODON_ALTERNATE_FORM_1,,False,front_shiny,18,,160,/tmp/reborn-plates-flat/BASTIODON_ALTERNATE_FORM_1_SHINY.png,a6c10681e7965b32bb87fc2a1010b028be2f28524b17e21179f8e01bff79a3ab,160,
122,136,True,False,BASTIODON_ALTERNATE_FORM_1,,False,back_shiny,11,,192,/tmp/reborn-plates-flat/BASTIODON_ALTERNATE_FORM_1_BACK_SHINY.png,8c663f103c672e6dc162ca4ca94fae62216dc7ef3303a082d5ebe9a38868d0a0,192,
122,92,True,False,BAYLEEF_BLUETOWEL_ALTERNATE_FORM_FORM_1,,False,front,18,,160,/tmp/reborn-plates-flat/BAYLEEF_BLUETOWEL_ALTERNATE_FORM_FORM_1.png,ba072506459044d7582033158800bd1464fd8c96b7d756da76e0e9c69b7b9c48,160,
120,88,True,False,BAYLEEF_BLUETOWEL_ALTERNATE_FORM_FORM_1,,False,back,15,,192,/tmp/reborn-plates-flat/BAYLEEF_BLUETOWEL_ALTERNATE_FORM_FORM_1_BACK.png,86f5d90bffbd518d854878df58d24a0514e559c6bd167c96b93594bcc70f9b3d,192,
122,92,True,False,BAYLEEF_BLUETOWEL_ALTERNATE_FORM_FORM_1,,False,front_shiny,15,,160,/tmp/reborn-plates-flat/BAYLEEF_BLUETOWEL_ALTERNATE_FORM_FORM_1_SHINY.png,f7f564513d7312033bcb8d9bc32586fbfaa5a44b07b79f59f9928dffbbde53ed,160,
120,88,True,False,BAYLEEF_BLUETOWEL_ALTERNATE_FORM_FORM_1,,False,back_shiny,14,,192,/tmp/reborn-plates-flat/BAYLEEF_BLUETOWEL_ALTERNATE_FORM_FORM_1_BACK_SHINY.png,9fa74cd81b31eb6711b452c567d6f4b7133a974b88084318885c88e83ef82bfd,192,
112,124,True,False,BEEDRILL_ALTERNATE_FORM_2,,False,front,15,,160,/tmp/reborn-plates-flat/BEEDRILL_ALTERNATE_FORM_2.png,ae8b5fa042f59a506fc965356c0f0b55f28cec931784acac24ba0d0b325c3b4a,160,
118,120,True,False,BEEDRILL_ALTERNATE_FORM_2,,False,back,11,,192,/tmp/reborn-plates-flat/BEEDRILL_ALTERNATE_FORM_2_BACK.png,6c4ebfe1e3fa0a504f604618a003756397f999bdbc775faf30cf41777d2a4967,192,
112,124,True,False,BEEDRILL_ALTERNATE_FORM_2,,False,front_shiny,16,,160,/tmp/reborn-plates-flat/BEEDRILL_ALTERNATE_FORM_2_SHINY.png,b5dd42349b172532e898541c82bcea8cf25b2398990f71ac8ce8750c7c454362,160,
118,120,True,False,BEEDRILL_ALTERNATE_FORM_2,,False,back_shiny,10,,192,/tmp/reborn-plates-flat/BEEDRILL_ALTERNATE_FORM_2_BACK_SHINY.png,a618317c297431ded4dc2a64d5f5881fb16de6846a0cb6e329dc0233520a6013,192,
132,126,True,False,BEEDRILL_ALTERNATE_MEGA_FORM_3,,False,front,18,,192,/tmp/reborn-plates-flat/BEEDRILL_ALTERNATE_MEGA_FORM_3.png,f0e4bfb3222b8ee4c214078f435560e4a05a2c9383ca98ed84b0c288527e9bc3,192,
132,126,True,False,BEEDRILL_ALTERNATE_MEGA_FORM_3,,False,back,13,,192,/tmp/reborn-plates-flat/BEEDRILL_ALTERNATE_MEGA_FORM_3_BACK.png,24b713a0f3657dd76141d0b462e253ec698cc6547f456307896b4c055bcc41a4,192,
132,126,True,False,BEEDRILL_ALTERNATE_MEGA_FORM_3,,False,front_shiny,16,,192,/tmp/reborn-plates-flat/BEEDRILL_ALTERNATE_MEGA_FORM_3_SHINY.png,d53d717ab6908d00816fd93ec7d160f36a67e82f887c82e558d534bfd146bf22,192,
132,126,True,False,BEEDRILL_ALTERNATE_MEGA_FORM_3,,False,back_shiny,12,,192,/tmp/reborn-plates-flat/BEEDRILL_ALTERNATE_MEGA_FORM_3_BACK_SHINY.png,980835c6bb003c5142e1386a5a08afb30ab0906000069e9c8887552cfea15fc9,192,
44,46,True,True,BELDUM_ALTERNATE_FORM_2,/tmp/reborn-converted/beldum_alternate_form_2/front.png,False,front,12,,160,/tmp/reborn-plates-flat/BELDUM_ALTERNATE_FORM_2.png,a0f3669f0ce0801a17770317396c02a67e29dd88cc2605c09e7a753dcd051d4c,160,12
44,44,True,True,BELDUM_ALTERNATE_FORM_2,/tmp/reborn-converted/beldum_alternate_form_2/back.png,False,back,7,,192,/tmp/reborn-plates-flat/BELDUM_ALTERNATE_FORM_2_BACK.png,99efa4045e94c1b0a228008f2be1829a58b17de17d0ced32f9d9bbcae0ce2914,192,7
44,46,True,True,BELDUM_ALTERNATE_FORM_2,/tmp/reborn-converted/beldum_alternate_form_2/front-shiny.png,False,front_shiny,12,,160,/tmp/reborn-plates-flat/BELDUM_ALTERNATE_FORM_2_SHINY.png,4a1658033ddba14f09f288fb6a6137c510f3619d1d2131982abaa43612b042b8,160,12
44,44,True,True,BELDUM_ALTERNATE_FORM_2,/tmp/reborn-converted/beldum_alternate_form_2/back-shiny.png,False,back_shiny,7,,192,/tmp/reborn-plates-flat/BELDUM_ALTERNATE_FORM_2_BACK_SHINY.png,d3d93aeb81e8f6bb35e2aeb17a0d4f2d3ce24935a2c5eed27c20a5398c826a39,192,7
142,94,True,False,BISHARP_ALTERNATE_FORM_1,,False,front,15,,192,/tmp/reborn-plates-flat/BISHARP_ALTERNATE_FORM_1.png,a9ec015d17b3c890aa8976e916da23ef2fd9ba7b03a7b6bd3969b931f0151797,192,
144,86,True,False,BISHARP_ALTERNATE_FORM_1,,False,back,14,,192,/tmp/reborn-plates-flat/BISHARP_ALTERNATE_FORM_1_BACK.png,dd6bf24ad2e89cb14822e308beb2ff7f6dbd36888b3fe5536a531ed7efcd82fe,192,
142,94,True,False,BISHARP_ALTERNATE_FORM_1,,False,front_shiny,15,,192,/tmp/reborn-plates-flat/BISHARP_ALTERNATE_FORM_1_SHINY.png,a8a4380d2b6ced8c44df8e04964aa1c037f5ac35804bdc858370f4c99e6cf6be,192,
144,86,True,False,BISHARP_ALTERNATE_FORM_1,,False,back_shiny,18,,192,/tmp/reborn-plates-flat/BISHARP_ALTERNATE_FORM_1_BACK_SHINY.png,d6535a1a9cf2bcbb5f03398cebd7753724ed93c77a29dc7a7f02bab542b07155,192,
142,130,True,False,BLAZIKEN_ALTERNATE_MEGA_FORM_2,,False,front,19,,160,/tmp/reborn-plates-flat/BLAZIKEN_ALTERNATE_MEGA_FORM_2.png,f832093fb0786c34a753c4390ca642f5bb7d74b63c361a95ed44d13d17cd4618,160,
144,134,True,False,BLAZIKEN_ALTERNATE_MEGA_FORM_2,,False,back,18,,192,/tmp/reborn-plates-flat/BLAZIKEN_ALTERNATE_MEGA_FORM_2_BACK.png,cd8e6add5e8b2edaf3ecddd89321beaeb10fa1797721c01df8b996a76e05a135,192,
142,130,True,False,BLAZIKEN_ALTERNATE_MEGA_FORM_2,,False,front_shiny,16,,160,/tmp/reborn-plates-flat/BLAZIKEN_ALTERNATE_MEGA_FORM_2_SHINY.png,4928724c0a9aa4a30cd22e71c98f3f1d11b45c300de228d34a4424df166f905a,160,
144,134,True,False,BLAZIKEN_ALTERNATE_MEGA_FORM_2,,False,back_shiny,14,,192,/tmp/reborn-plates-flat/BLAZIKEN_ALTERNATE_MEGA_FORM_2_BACK_SHINY.png,32938920ffc110c09936345ee9c46507a88525c9055c3a29407cbcc09ba9ff6a,192,
186,180,True,False,BLAZIKEN_ALTERNATE_MEGA_FORM_3,,False,front,21,,192,/tmp/reborn-plates-flat/BLAZIKEN_ALTERNATE_MEGA_FORM_3.png,13c3d3934b8ce70f7a87bf4ff184867dfe9f4d3f0ac6a0ac0998a229af6f3672,192,
180,146,True,False,BLAZIKEN_ALTERNATE_MEGA_FORM_3,,False,back,22,,192,/tmp/reborn-plates-flat/BLAZIKEN_ALTERNATE_MEGA_FORM_3_BACK.png,8df276172b7340338a55cfd84b29b3e078d961d194362e64b9f1fec1f06d7fcc,192,
186,180,True,False,BLAZIKEN_ALTERNATE_MEGA_FORM_3,,False,front_shiny,20,,192,/tmp/reborn-plates-flat/BLAZIKEN_ALTERNATE_MEGA_FORM_3_SHINY.png,23bf035e4f4286f500916643322ea2755f6155478bda7cb34f1fa1ac91b89467,192,
180,146,True,False,BLAZIKEN_ALTERNATE_MEGA_FORM_3,,False,back_shiny,21,,192,/tmp/reborn-plates-flat/BLAZIKEN_ALTERNATE_MEGA_FORM_3_BACK_SHINY.png,29ec9d5147250c3f476069022324a1c058b885d68e4e8217f97399927971a076,192,
112,106,True,False,BLISSEY_ALTERNATE_FORM_1,,False,front,19,,160,/tmp/reborn-plates-flat/BLISSEY_ALTERNATE_FORM_1.png,16014fdc0c74e42a497fb73e7d4bdf18f7ca86592810615a7b0aebcf69953a03,160,
100,104,True,False,BLISSEY_ALTERNATE_FORM_1,,False,back,16,,192,/tmp/reborn-plates-flat/BLISSEY_ALTERNATE_FORM_1_BACK.png,25a40eac0985d958a0931d3aea50dd2e634d7e286ae81fd3c341188c39f3ec41,192,
112,106,True,False,BLISSEY_ALTERNATE_FORM_1,,False,front_shiny,19,,160,/tmp/reborn-plates-flat/BLISSEY_ALTERNATE_FORM_1_SHINY.png,ffeb7da0d97e7bd945768b30d7fbc77079e1a9e96a975d1204d2f26cf41da5da,160,
100,104,True,False,BLISSEY_ALTERNATE_FORM_1,,False,back_shiny,16,,192,/tmp/reborn-plates-flat/BLISSEY_ALTERNATE_FORM_1_BACK_SHINY.png,1e6202e17d68355c59d60abd80731e776593734174c449092a811e76a2304526,192,
100,116,True,False,BOLDORE_ALTERNATE_FORM_1,,False,front,12,,192,/tmp/reborn-plates-flat/BOLDORE_ALTERNATE_FORM_1.png,a32b73f757ab5cefbaa4bf4b857915ba38dcd0b846b81ba47777030441dfec36,192,
100,108,True,False,BOLDORE_ALTERNATE_FORM_1,,False,back,8,,192,/tmp/reborn-plates-flat/BOLDORE_ALTERNATE_FORM_1_BACK.png,9d6a5aab0b915bf91a65bcc3c2d0887b14ccb8360117a26bc8bcca376f1e3f1e,192,
100,116,True,False,BOLDORE_ALTERNATE_FORM_1,,False,front_shiny,11,,192,/tmp/reborn-plates-flat/BOLDORE_ALTERNATE_FORM_1_SHINY.png,1f1f440632efadb5b9b8af037a770cd7d6e43cbdbe7d54af27e488d9d0b76bd5,192,
100,108,True,False,BOLDORE_ALTERNATE_FORM_1,,False,back_shiny,8,,192,/tmp/reborn-plates-flat/BOLDORE_ALTERNATE_FORM_1_BACK_SHINY.png,920c1bb823234da2f3f1d13af189b1c4c81210cb560a761a675fd6d9d99a3282,192,
118,90,True,False,BRELOOM_ALTERNATE_FORM_2,,False,front,20,,160,/tmp/reborn-plates-flat/BRELOOM_ALTERNATE_FORM_2.png,6a037d09351ad41ea8364668fd66da4ae06f597e063279501a21e96db6b4f0c6,160,
122,94,True,False,BRELOOM_ALTERNATE_FORM_2,,False,back,15,,192,/tmp/reborn-plates-flat/BRELOOM_ALTERNATE_FORM_2_BACK.png,9f39a7b69ae7fd412f376da52c748c3da8059b3a2a5534d260ad79b3b571bf73,192,
118,90,False,False,BRELOOM_ALTERNATE_FORM_3,,False,front,19,,160,/tmp/reborn-plates-flat/BRELOOM_ALTERNATE_FORM_3.png,1d0772be7dfdaf01690168b87da118654c2853d79659f2476f56947971bc2291,160,
122,94,False,False,BRELOOM_ALTERNATE_FORM_3,,False,back,19,,192,/tmp/reborn-plates-flat/BRELOOM_ALTERNATE_FORM_3_BACK.png,c58c9cbf0a475eb524691c6fe12dc796952e218ee5feacbe61370668a5b0b886,192,
114,64,True,False,BUNEARY_ALTERNATE_FORM_2,,False,front,12,,160,/tmp/reborn-plates-flat/BUNEARY_ALTERNATE_FORM_2.png,ae32712d89e9a3157fdaf333bf7977d35500c396eff631a3e0426a14bdde99d4,160,
114,68,True,False,BUNEARY_ALTERNATE_FORM_2,,False,back,8,,192,/tmp/reborn-plates-flat/BUNEARY_ALTERNATE_FORM_2_BACK.png,005f4b81c831e4cb22e045baafa492097961c3a8187229ffa17c0f82b5bc56c1,192,
114,64,True,False,BUNEARY_ALTERNATE_FORM_2,,False,front_shiny,12,,160,/tmp/reborn-plates-flat/BUNEARY_ALTERNATE_FORM_2_SHINY.png,e4a46e698fadbd83b26fbd064aadc79133107699f5b5819d86e48cd16843c5ad,160,
114,68,True,False,BUNEARY_ALTERNATE_FORM_2,,False,back_shiny,8,,192,/tmp/reborn-plates-flat/BUNEARY_ALTERNATE_FORM_2_BACK_SHINY.png,6746ef88456b53fd543392c0c88f1c7f9cd99946b5fc21697dbcfe11937f3a54,192,
116,74,True,False,BUNNELBY_ALTERNATE_FORM_1,,False,front,25,,192,/tmp/reborn-plates-flat/BUNNELBY_ALTERNATE_FORM_1.png,537856ffacd3e0ac05fff895dc77ee50a31e3b0fafdc7f9a21c62074e7a66f9c,192,
120,84,True,False,BUNNELBY_ALTERNATE_FORM_1,,False,back,31,,192,/tmp/reborn-plates-flat/BUNNELBY_ALTERNATE_FORM_1_BACK.png,40db9e1365722a4850b792f9de427d923c1705bf0dd9bdefccda95f031bc50b1,192,
116,74,True,False,BUNNELBY_ALTERNATE_FORM_1,,False,front_shiny,30,,192,/tmp/reborn-plates-flat/BUNNELBY_ALTERNATE_FORM_1_SHINY.png,7ca6d0fce0d901645f5173ef99560fbc4245affb719a5292f0c9e0b247ca4084,192,
120,84,True,False,BUNNELBY_ALTERNATE_FORM_1,,False,back_shiny,29,,192,/tmp/reborn-plates-flat/BUNNELBY_ALTERNATE_FORM_1_BACK_SHINY.png,2ddac0c2fc912b0d8f854cbf1ad636042678048db9139443c7c290de6e352f5c,192,
104,118,True,False,BUTTERFREE_ALTERNATE_FORM_1,,False,front,19,,160,/tmp/reborn-plates-flat/BUTTERFREE_ALTERNATE_FORM_1.png,ce5b8feaab1298f1130e3fc7574516ce1ccb8ac719e4d65535ac6e00a4dda628,160,
102,116,True,False,BUTTERFREE_ALTERNATE_FORM_1,,False,back,15,,192,/tmp/reborn-plates-flat/BUTTERFREE_ALTERNATE_FORM_1_BACK.png,02c27878ddb5fe33110a5e1be166880718ab1fdec96ba2ba7074710c917f1b2f,192,
104,118,True,False,BUTTERFREE_ALTERNATE_FORM_1,,False,front_shiny,25,,160,/tmp/reborn-plates-flat/BUTTERFREE_ALTERNATE_FORM_1_SHINY.png,f2f55cd8d76c2c984639575121debe4d959d33fa1b87b33b486bc770d9609509,160,
102,116,True,False,BUTTERFREE_ALTERNATE_FORM_1,,False,back_shiny,19,,192,/tmp/reborn-plates-flat/BUTTERFREE_ALTERNATE_FORM_1_BACK_SHINY.png,dc16137994a08a76d078285900ab9cd2c46adc975c8a1df07b24c5f9b78c8d2e,192,
114,138,True,False,CAMERUPT_ALTERNATE_FORM_3,,False,front,14,,160,/tmp/reborn-plates-flat/CAMERUPT_ALTERNATE_FORM_3.png,217fb2807b4ebb6e312d2c6feba9a6836bd6cea951642e31d713c6b7a6729377,160,
120,154,True,False,CAMERUPT_ALTERNATE_FORM_3,,False,back,13,,192,/tmp/reborn-plates-flat/CAMERUPT_ALTERNATE_FORM_3_BACK.png,9d0cf22ce28db7442ef0421094e0e6efe74bd7cc2e3f91567d6b09e8a950107e,192,
114,138,True,False,CAMERUPT_ALTERNATE_FORM_3,,False,front_shiny,14,,160,/tmp/reborn-plates-flat/CAMERUPT_ALTERNATE_FORM_3_SHINY.png,25b41c5c5d769ac4cb2d525eab92c201c331e6d9aaf827aafb0c9a4539bd849b,160,
120,154,True,False,CAMERUPT_ALTERNATE_FORM_3,,False,back_shiny,13,,192,/tmp/reborn-plates-flat/CAMERUPT_ALTERNATE_FORM_3_BACK_SHINY.png,e2dbbacd79d874894ec7833d6dfc577f8e9c2ce825cacbb71096947c9bc78af2,192,
144,160,True,False,CAMERUPT_MEGA_ALTERNATE_FORM_4,,False,front,21,,192,/tmp/reborn-plates-flat/CAMERUPT_MEGA_ALTERNATE_FORM_4.png,6243b9856e2a6bbd9aa41815981dd4f70b1b1df2f433e76e93acd8b64bb36555,192,
146,160,True,False,CAMERUPT_MEGA_ALTERNATE_FORM_4,,False,back,18,,192,/tmp/reborn-plates-flat/CAMERUPT_MEGA_ALTERNATE_FORM_4_BACK.png,f5cb3dd00a98e4fa6fbe32605643fea2bd0f9d5aa8fce067a46d5fd3993ee7de,192,
144,160,True,False,CAMERUPT_MEGA_ALTERNATE_FORM_4,,False,front_shiny,22,,192,/tmp/reborn-plates-flat/CAMERUPT_MEGA_ALTERNATE_FORM_4_SHINY.png,a4a173c71e02a86c7938fc2ec4711b8a8686c5aff73ff88be1d14ab33a17c229,192,
122,130,True,False,CARNIVINE_ALTERNATE_FORM_2,,False,front,20,,160,/tmp/reborn-plates-flat/CARNIVINE_ALTERNATE_FORM_2.png,8e386a73e8f4851314bb8b45559ad4d4cf2126cda2a96cea8a2e0a8590de5cbf,160,
124,128,True,False,CARNIVINE_ALTERNATE_FORM_2,,False,back,20,,192,/tmp/reborn-plates-flat/CARNIVINE_ALTERNATE_FORM_2_BACK.png,f198dc1c07575c5d4e1928bd5214b19533acc3823bc3148d28d1021e9fe54292,192,
122,130,True,False,CARNIVINE_ALTERNATE_FORM_2,,False,front_shiny,22,,160,/tmp/reborn-plates-flat/CARNIVINE_ALTERNATE_FORM_2_SHINY.png,a66fdddf6721c95617f0b37fbabeb9babc331c945167115105406affe151dcb4,160,
124,128,True,False,CARNIVINE_ALTERNATE_FORM_2,,False,back_shiny,23,,192,/tmp/reborn-plates-flat/CARNIVINE_ALTERNATE_FORM_2_BACK_SHINY.png,c244c12a59b7e4199b26c989695b341d243281182e776b22c9d702fa5a934b76,192,
118,156,True,False,CARNIVINE_BLUETOWEL_ALTERNATE_FORM_FORM_1,,False,front,17,,160,/tmp/reborn-plates-flat/CARNIVINE_BLUETOWEL_ALTERNATE_FORM_FORM_1.png,e1f936738b17bbe9dca7866940edece91f722d8884e7b7cca4485ddf2f991643,160,
116,158,True,False,CARNIVINE_BLUETOWEL_ALTERNATE_FORM_FORM_1,,False,back,19,,192,/tmp/reborn-plates-flat/CARNIVINE_BLUETOWEL_ALTERNATE_FORM_FORM_1_BACK.png,cc2e2627796fdc1068e46e82f35359ad2fc5c2abb093c2d8f00238bd207b277d,192,
118,156,True,False,CARNIVINE_BLUETOWEL_ALTERNATE_FORM_FORM_1,,False,front_shiny,14,,160,/tmp/reborn-plates-flat/CARNIVINE_BLUETOWEL_ALTERNATE_FORM_FORM_1_SHINY.png,12d340594bfea090fff2116e397eb7c4dc3cffee25bb8cf8dee4f325dd01843d,160,
116,158,True,False,CARNIVINE_BLUETOWEL_ALTERNATE_FORM_FORM_1,,False,back_shiny,15,,192,/tmp/reborn-plates-flat/CARNIVINE_BLUETOWEL_ALTERNATE_FORM_FORM_1_BACK_SHINY.png,76443179937ca196ff50d1d6434279f8a701eaec5b673a0994e54ab015b61f7d,192,
118,132,True,False,CARRACOSTA_ALTERNATE_FORM_1,,False,front,11,,192,/tmp/reborn-plates-flat/CARRACOSTA_ALTERNATE_FORM_1.png,29598e4390611bf6a51eccedf9181d8ba627fcb9ce734217c22e00499fc87d48,192,
122,134,True,False,CARRACOSTA_ALTERNATE_FORM_1,,False,back,12,,192,/tmp/reborn-plates-flat/CARRACOSTA_ALTERNATE_FORM_1_BACK.png,f1f40317cd928d6791efe9a664b151824e518a870baba31ffb7f6c34b0321404,192,
118,132,True,False,CARRACOSTA_ALTERNATE_FORM_1,,False,front_shiny,12,,192,/tmp/reborn-plates-flat/CARRACOSTA_ALTERNATE_FORM_1_SHINY.png,d6ad546e3a41be383800ff5b23d9dd358be2b752c97f6197d5b781e5bdb458ff,192,
122,134,True,False,CARRACOSTA_ALTERNATE_FORM_1,,False,back_shiny,12,,192,/tmp/reborn-plates-flat/CARRACOSTA_ALTERNATE_FORM_1_BACK_SHINY.png,dc5551a9e9c3d078ea15e4ecff5c1d8125ce7e232259cc5c20687ff716e8c034,192,
66,66,True,False,CATERPIE_ALTERNATE_FORM_1,,False,front,14,,160,/tmp/reborn-plates-flat/CATERPIE_ALTERNATE_FORM_1.png,3a2895c9c3fb038b2390ee98d954ed0a5cdccc89ccf8b24dd9ccf79c51ced2ef,160,
68,66,True,False,CATERPIE_ALTERNATE_FORM_1,,False,back,13,,192,/tmp/reborn-plates-flat/CATERPIE_ALTERNATE_FORM_1_BACK.png,bb67a4f2b68bf7e5fdf0c7d5f2440c18aa2f9858827acda03c0db9c0f9aeeb88,192,
66,66,True,False,CATERPIE_ALTERNATE_FORM_1,,False,front_shiny,13,,160,/tmp/reborn-plates-flat/CATERPIE_ALTERNATE_FORM_1_SHINY.png,32ed343ec9cffe7c4bceac7fa2ed247042500957ef9124506aae4be60a39c113,160,
68,66,True,False,CATERPIE_ALTERNATE_FORM_1,,False,back_shiny,14,,192,/tmp/reborn-plates-flat/CATERPIE_ALTERNATE_FORM_1_BACK_SHINY.png,17c8e229f231ad6e90a517b3471381dee5430ab5c7c2151e62fe02e3c8232936,192,
82,142,True,False,CHANDELURE_ALTERNATE_FORM_1,,False,front,9,,192,/tmp/reborn-plates-flat/CHANDELURE_ALTERNATE_FORM_1.png,0526230663ebf25858c58f63cc8966f9c9ba2c83462be13cf57e3075e11d4640,192,
80,142,True,False,CHANDELURE_ALTERNATE_FORM_1,,False,back,9,,192,/tmp/reborn-plates-flat/CHANDELURE_ALTERNATE_FORM_1_BACK.png,88d979c57f8d29d38f870a29ca940f85a0365c31e6cc4bb51f5a1670352b3d7c,192,
82,142,True,False,CHANDELURE_ALTERNATE_FORM_1,,False,front_shiny,9,,192,/tmp/reborn-plates-flat/CHANDELURE_ALTERNATE_FORM_1_SHINY.png,696cc7f2b121d2e0f943f9c8a2adb481e6ef9464d1c9f4d8a3916fa5f44e5c78,192,
80,142,True,False,CHANDELURE_ALTERNATE_FORM_1,,False,back_shiny,9,,192,/tmp/reborn-plates-flat/CHANDELURE_ALTERNATE_FORM_1_BACK_SHINY.png,dfa9b57419f0d801fdaca39e7899b8136d72e85f58d6429ec356c39e72a00444,192,
86,104,True,False,CHANSEY_ALTERNATE_FORM_1,,False,front,14,,160,/tmp/reborn-plates-flat/CHANSEY_ALTERNATE_FORM_1.png,8617c482458c33e40c5b6ac540e794aa295c03f9d4b76fbdd2877485e8162c4b,160,
88,102,True,False,CHANSEY_ALTERNATE_FORM_1,,False,back,9,,192,/tmp/reborn-plates-flat/CHANSEY_ALTERNATE_FORM_1_BACK.png,529644990857f42ae3bd38e8917c243574a91670f0d3dc2c34ea6152fd273f2e,192,
86,104,True,False,CHANSEY_ALTERNATE_FORM_1,,False,front_shiny,14,,160,/tmp/reborn-plates-flat/CHANSEY_ALTERNATE_FORM_1_SHINY.png,c67f95207557d73e6c0d1ab6cf1db51fda04905f6137f3837277792a6d88cc38,160,
88,102,True,False,CHANSEY_ALTERNATE_FORM_1,,False,back_shiny,9,,192,/tmp/reborn-plates-flat/CHANSEY_ALTERNATE_FORM_1_BACK_SHINY.png,8075c50e66a2f87e4f4f5ea5650058ee902f2c7d81647b769351182085462555,192,
162,168,True,False,CHESNAUGHT_ALTERNATE_FORM_1,,False,front,22,,192,/tmp/reborn-plates-flat/CHESNAUGHT_ALTERNATE_FORM_1.png,b98d63a29499129215b1194b644c172dbfd26870ff60ed8ab268a64865e4d5d3,192,
172,156,True,False,CHESNAUGHT_ALTERNATE_FORM_1,,False,back,19,,192,/tmp/reborn-plates-flat/CHESNAUGHT_ALTERNATE_FORM_1_BACK.png,536c79c72ef163c24d4dde3cdb494b56fe35894e92c65f61df2db2af1d361c0c,192,
162,168,True,False,CHESNAUGHT_ALTERNATE_FORM_1,,False,front_shiny,19,,192,/tmp/reborn-plates-flat/CHESNAUGHT_ALTERNATE_FORM_1_SHINY.png,ebb5cca037d4ddb248374491486452c96995cf51a733f0291a5da3ee88cc46de,192,
172,156,True,False,CHESNAUGHT_ALTERNATE_FORM_1,,False,back_shiny,16,,192,/tmp/reborn-plates-flat/CHESNAUGHT_ALTERNATE_FORM_1_BACK_SHINY.png,dc137595fbbe1f2c38affd6fa57bdded1956ccc0d3d03acdcf7aeae5771d49b2,192,
108,78,True,False,CHIMECHO_ALTERNATE_FORM_1,,False,front,15,,160,/tmp/reborn-plates-flat/CHIMECHO_ALTERNATE_FORM_1.png,c57835644310a0734be1c3679c96db3b0728ddf01c8c07a82b7d026a361db6d3,160,
116,40,True,False,CHIMECHO_ALTERNATE_FORM_1,,False,back,11,,192,/tmp/reborn-plates-flat/CHIMECHO_ALTERNATE_FORM_1_BACK.png,c5ccfca04f6d4e40ec40db85a9f7b9c40e0f22152d09c2deee02a7071c000fd6,192,
108,78,True,False,CHIMECHO_ALTERNATE_FORM_1,,False,front_shiny,15,,160,/tmp/reborn-plates-flat/CHIMECHO_ALTERNATE_FORM_1_SHINY.png,61b39180d3264eb119ff51f13ff720ff4be37c3eb3baa38762ff9cc92cfc927a,160,
116,40,True,False,CHIMECHO_ALTERNATE_FORM_1,,False,back_shiny,11,,192,/tmp/reborn-plates-flat/CHIMECHO_ALTERNATE_FORM_1_BACK_SHINY.png,dd44282eccdba0a8ac82ec31e6c2f93d4e21d18c8785770d4a7c7788cd07bc1d,192,
74,64,True,False,CHINGLING_ALTERNATE_FORM_1,,False,front,13,,160,/tmp/reborn-plates-flat/CHINGLING_ALTERNATE_FORM_1.png,ef405d8a574f4c84396ed096e46f5c0fe139b661f1b309cfe7478fd0de7a85b3,160,
72,64,True,False,CHINGLING_ALTERNATE_FORM_1,,False,back,11,,192,/tmp/reborn-plates-flat/CHINGLING_ALTERNATE_FORM_1_BACK.png,5da12746a68ca1d82eb498209f308e88f522c5ec690430452a0500c948807e88,192,
74,64,True,False,CHINGLING_ALTERNATE_FORM_1,,False,front_shiny,13,,160,/tmp/reborn-plates-flat/CHINGLING_ALTERNATE_FORM_1_SHINY.png,d7c840a4043593a9d34899a5894a380854a1df9da4a9a460d359f439eb3ffca7,160,
72,64,True,False,CHINGLING_ALTERNATE_FORM_1,,False,back_shiny,11,,192,/tmp/reborn-plates-flat/CHINGLING_ALTERNATE_FORM_1_BACK_SHINY.png,95d618b9c7fc6b51968a716e02d7e2758751b6cf864d92b074b2542fa12ae36d,192,
192,90,True,False,CINDERACE_ALTERNATE_FORM_2,,False,front,25,,192,/tmp/reborn-plates-flat/CINDERACE_ALTERNATE_FORM_2.png,747ec5de05796e68a93e47a5371d8058fb326a39e61b8c2f920744ceeee52ce3,192,
192,90,True,False,CINDERACE_ALTERNATE_FORM_2,,False,back,14,,192,/tmp/reborn-plates-flat/CINDERACE_ALTERNATE_FORM_2_BACK.png,a2e4c4e8fc0db126ba11cd73c32268d0fea17d36135252cca26883e2cf5cc383,192,
192,90,True,False,CINDERACE_ALTERNATE_FORM_2,,False,front_shiny,47,,192,/tmp/reborn-plates-flat/CINDERACE_ALTERNATE_FORM_2_SHINY.png,9da0c99397ab417bf536f94a60776e1a2fa9ab18d24424a39a1d895cec844650,192,
192,90,True,False,CINDERACE_ALTERNATE_FORM_2,,False,back_shiny,34,,192,/tmp/reborn-plates-flat/CINDERACE_ALTERNATE_FORM_2_BACK_SHINY.png,707312b6341320ba26009de15b2498a61eac846f63671c85b9255acf0d5777b0,192,
78,126,True,False,CLAUNCHER_ALTERNATE_FORM_1,,False,front,24,,192,/tmp/reborn-plates-flat/CLAUNCHER_ALTERNATE_FORM_1.png,2287e4e95e43103c0461e36f3e40a2d39de037b369922d8e6bdb0a8a6b37bcd8,192,
76,102,True,False,CLAUNCHER_ALTERNATE_FORM_1,,False,back,18,,192,/tmp/reborn-plates-flat/CLAUNCHER_ALTERNATE_FORM_1_BACK.png,6665591ab08e95a28f276a9389e3dd3a688c7999338a2a6b80aa3efeb4867991,192,
104,126,True,False,CLAUNCHER_ALTERNATE_FORM_1,,False,front_shiny,33,,192,/tmp/reborn-plates-flat/CLAUNCHER_ALTERNATE_FORM_1_SHINY.png,619a8230045c9bedaf373a78d9664c17d5736651f81cb4c7fc5261482099dab3,192,
100,102,True,False,CLAUNCHER_ALTERNATE_FORM_1,,False,back_shiny,28,,192,/tmp/reborn-plates-flat/CLAUNCHER_ALTERNATE_FORM_1_BACK_SHINY.png,4f35ca42a90462b3dc8c4f7e2a77f0d572e217bd631ab1638f0ec6ce9d2e089b,192,
154,156,True,False,CLAWITZER_ALTERNATE_FORM_1,,False,front,26,,192,/tmp/reborn-plates-flat/CLAWITZER_ALTERNATE_FORM_1.png,df0b794a8df2b3af9d6a720ddadb51f3040da0d90df474f22b50f9bb593267ff,192,
166,178,True,False,CLAWITZER_ALTERNATE_FORM_1,,False,back,23,,192,/tmp/reborn-plates-flat/CLAWITZER_ALTERNATE_FORM_1_BACK.png,76979dc8722dfe66e34f839097a197266cbf26d397c49af1e983c0036bbf45d9,192,
168,164,True,False,CLAWITZER_ALTERNATE_FORM_1,,False,front_shiny,34,,192,/tmp/reborn-plates-flat/CLAWITZER_ALTERNATE_FORM_1_SHINY.png,e680699bbec58d35d734c8117bad9d819354a3fd361b39e23a326d1a24e88f32,192,
176,182,True,False,CLAWITZER_ALTERNATE_FORM_1,,False,back_shiny,29,,192,/tmp/reborn-plates-flat/CLAWITZER_ALTERNATE_FORM_1_BACK_SHINY.png,11fa659141e0a85db694d0b33c9a7aac663490ff6c16cd68f2be2651a3774cca,200,
122,120,True,False,CLAYDOL_ALTERNATE_FORM_1,,False,front,22,,160,/tmp/reborn-plates-flat/CLAYDOL_ALTERNATE_FORM_1.png,0e28aea428b35132d7094a88e902d9b7472e585e16d447dca881fdbf437e0e56,160,
128,114,True,False,CLAYDOL_ALTERNATE_FORM_1,,False,back,21,,192,/tmp/reborn-plates-flat/CLAYDOL_ALTERNATE_FORM_1_BACK.png,5db62d593f3d865ec23eb86fe45e2defd5ffdab748f665577200e1041bfb30a4,192,
122,120,True,False,CLAYDOL_ALTERNATE_FORM_1,,False,front_shiny,22,,160,/tmp/reborn-plates-flat/CLAYDOL_ALTERNATE_FORM_1_SHINY.png,a5ede0240cb6b180b121289f82634bf78646af41629a008c756910e3ceb6911b,160,
128,114,True,False,CLAYDOL_ALTERNATE_FORM_1,,False,back_shiny,21,,192,/tmp/reborn-plates-flat/CLAYDOL_ALTERNATE_FORM_1_BACK_SHINY.png,cf7fffccacf4b0b81602cf517855846a1ac8fdf5e61cb113d142a6b25e63b57b,192,
102,98,True,False,CLEFABLE_ALTERNATE_FORM_1,,False,front,8,,160,/tmp/reborn-plates-flat/CLEFABLE_ALTERNATE_FORM_1.png,ff34a16a2e5754bdd033472d11294703d84273fbb73cf6ae0b413cfe8c1fa378,160,
102,106,True,False,CLEFABLE_ALTERNATE_FORM_1,,False,back,10,,192,/tmp/reborn-plates-flat/CLEFABLE_ALTERNATE_FORM_1_BACK.png,398b859c166c9880fcab5ad507bee735bb39d10f8880403098849bf7314c04ac,192,
102,98,True,False,CLEFABLE_ALTERNATE_FORM_1,,False,front_shiny,11,,160,/tmp/reborn-plates-flat/CLEFABLE_ALTERNATE_FORM_1_SHINY.png,06bf0ad000601279177145a7d452c3e9fc1cbb0c17d7ea8062321480a27bd885,160,
102,106,True,False,CLEFABLE_ALTERNATE_FORM_1,,False,back_shiny,10,,192,/tmp/reborn-plates-flat/CLEFABLE_ALTERNATE_FORM_1_BACK_SHINY.png,903828dd8ed485810c6046e9e355738b7b2ceaeb3ab3ae585fd161d1cb53b737,192,
72,94,True,False,CLEFAIRY_ALTERNATE_FORM_1,,False,front,16,,160,/tmp/reborn-plates-flat/CLEFAIRY_ALTERNATE_FORM_1.png,4c8a9d3a75f48d24584f926c20f8e301de8e549e69169aab0cd6e8f8649e2020,160,
80,96,True,False,CLEFAIRY_ALTERNATE_FORM_1,,False,back,13,,192,/tmp/reborn-plates-flat/CLEFAIRY_ALTERNATE_FORM_1_BACK.png,5edb5b591da986c78b81fffccb71027f21d4c6744391d4aba21d55dfed42d214,192,
72,94,True,False,CLEFAIRY_ALTERNATE_FORM_1,,False,front_shiny,17,,160,/tmp/reborn-plates-flat/CLEFAIRY_ALTERNATE_FORM_1_SHINY.png,c12f34ae8de343b463b0a9d9569c563f7ef37125db753add16b185d149f19502,160,
80,96,True,False,CLEFAIRY_ALTERNATE_FORM_1,,False,back_shiny,14,,192,/tmp/reborn-plates-flat/CLEFAIRY_ALTERNATE_FORM_1_BACK_SHINY.png,7df78033d97e0fcc24e8ad048ca3caf9be164f08c4bfdb95fff25529f793d0b3,192,
158,182,True,False,COFAGRIGUS_ALTERNATE_FORM_1,,False,front,19,,192,/tmp/reborn-plates-flat/COFAGRIGUS_ALTERNATE_FORM_1.png,5b28a2ee0db3e515150a6799af96f850a0843524e8c07801df97f9fddd63efe1,192,
158,182,True,False,COFAGRIGUS_ALTERNATE_FORM_1,,False,back,9,,192,/tmp/reborn-plates-flat/COFAGRIGUS_ALTERNATE_FORM_1_BACK.png,e28849f1bcd087a400bdc7997b610b142039e01e0cd9b69e14f319419aa6b4a0,192,
158,182,True,False,COFAGRIGUS_ALTERNATE_FORM_1,,False,front_shiny,20,,192,/tmp/reborn-plates-flat/COFAGRIGUS_ALTERNATE_FORM_1_SHINY.png,887077678d43d34f048f052601fd199a71e79bda1d59960c26d98b309129415d,192,
158,182,True,False,COFAGRIGUS_ALTERNATE_FORM_1,,False,back_shiny,9,,192,/tmp/reborn-plates-flat/COFAGRIGUS_ALTERNATE_FORM_1_BACK_SHINY.png,bd9fd84e475d375b9e4dc9eab0f0ff8544e6c1155389566cd73700848caae662,192,
72,120,True,False,COMBEE_ALTERNATE_FORM_1,,False,front,12,,160,/tmp/reborn-plates-flat/COMBEE_ALTERNATE_FORM_1.png,f8d6227560a77be10991f5947e4ab4ade28362148f1b3ea911cb7ea0bed05139,160,
72,120,True,False,COMBEE_ALTERNATE_FORM_1,,False,back,9,,192,/tmp/reborn-plates-flat/COMBEE_ALTERNATE_FORM_1_BACK.png,45234a17cfe971d67e28adb4481428cd311c347d7838b2c00c639f92f7016b45,192,
122,142,True,False,COMBUSKEN_ALTERNATE_FORM_2,,False,front,18,,160,/tmp/reborn-plates-flat/COMBUSKEN_ALTERNATE_FORM_2.png,7694002ba60954e810f05f88ef3e18622c4a2a9358d0c9bbdb432090e9c9b6c8,160,
130,100,True,False,COMBUSKEN_ALTERNATE_FORM_2,,False,back,15,,192,/tmp/reborn-plates-flat/COMBUSKEN_ALTERNATE_FORM_2_BACK.png,bb4d26f55cfcd68068cc0915e4124d8f147d97ae56976d95e71fdc14e87c0445,192,
122,142,True,False,COMBUSKEN_ALTERNATE_FORM_2,,False,front_shiny,16,,160,/tmp/reborn-plates-flat/COMBUSKEN_ALTERNATE_FORM_2_SHINY.png,f56fb605bf2b0be68625746e54a0b717982aa9e3d041477f107411ad28b9c7a9,160,
130,100,True,False,COMBUSKEN_ALTERNATE_FORM_2,,False,back_shiny,15,,192,/tmp/reborn-plates-flat/COMBUSKEN_ALTERNATE_FORM_2_BACK_SHINY.png,0d9c6015a4c7b1e78f2c45d379108264e7532a65c41ca7c98dc11873e63619ac,192,
132,162,True,False,CONKELDURR_ALTERNATE_FORM_1,,False,front,35,,192,/tmp/reborn-plates-flat/CONKELDURR_ALTERNATE_FORM_1.png,a711b0811086ea65c1d1f17ebf286a1f8152f333bd1e86188e81114eb20b0498,192,
122,140,True,False,CONKELDURR_ALTERNATE_FORM_1,,False,back,37,,192,/tmp/reborn-plates-flat/CONKELDURR_ALTERNATE_FORM_1_BACK.png,9f5da26984cb83af7a89b1450206dabb648e1bec13e9ba061b462a8ccab962d8,192,
132,162,True,False,CONKELDURR_ALTERNATE_FORM_1,,False,front_shiny,36,,192,/tmp/reborn-plates-flat/CONKELDURR_ALTERNATE_FORM_1_SHINY.png,ad9a58738108f02a0390a42f87e364407e32251cb7221379510037591792513c,192,
122,140,True,False,CONKELDURR_ALTERNATE_FORM_1,,False,back_shiny,39,,192,/tmp/reborn-plates-flat/CONKELDURR_ALTERNATE_FORM_1_BACK_SHINY.png,49048db10eb9c2fa64fc7145ee6ec99f04c53c82206427408f4e04280df33591,192,
90,84,True,False,CORSOLA_ALTERNATE_FORM_1,,False,front,15,,192,/tmp/reborn-plates-flat/CORSOLA_ALTERNATE_FORM_1.png,ca09d1ec044734fd7572e08917b0546fa8956bbb267f2499f7b0e18a5280daaf,192,
90,86,True,False,CORSOLA_ALTERNATE_FORM_1,,False,back,11,,192,/tmp/reborn-plates-flat/CORSOLA_ALTERNATE_FORM_1_BACK.png,8520f06ace0472080728a4425136db70d6e6355f35b250ca75228da2010d7fd2,192,
90,84,True,False,CORSOLA_ALTERNATE_FORM_1,,False,front_shiny,17,,192,/tmp/reborn-plates-flat/CORSOLA_ALTERNATE_FORM_1_SHINY.png,3afa6ea351ca7e622897c98bae67aa0cbcf3882b38d9db11b10586557859b56d,192,
90,86,True,False,CORSOLA_ALTERNATE_FORM_1,,False,back_shiny,12,,192,/tmp/reborn-plates-flat/CORSOLA_ALTERNATE_FORM_1_BACK_SHINY.png,29755b35665e3259097253bab64762d3d475dcc4b97c9e82007bffb1142f6e44,192,
156,106,True,False,CRADILY_ALTERNATE_FORM_1,,False,front,14,,160,/tmp/reborn-plates-flat/CRADILY_ALTERNATE_FORM_1.png,ea1b10f03ebe4cf547a764727566091c0add3fae0df4361b5fddded4f4665d09,160,
156,110,True,False,CRADILY_ALTERNATE_FORM_1,,False,back,13,,192,/tmp/reborn-plates-flat/CRADILY_ALTERNATE_FORM_1_BACK.png,4c2812506bc6efb7e11b8de4bc82df861a788bdddf2427c077c61c7dfe0bc2ec,192,
100,92,True,False,CRANIDOS_ALTERNATE_FORM_1,,False,front,18,,160,/tmp/reborn-plates-flat/CRANIDOS_ALTERNATE_FORM_1.png,cd0d4ad133ba99ddc77fbf5b26f08ce7eff3e7d3b354ce9008df7daa1d177cc1,160,
116,72,True,False,CRANIDOS_ALTERNATE_FORM_1,,False,back,18,,192,/tmp/reborn-plates-flat/CRANIDOS_ALTERNATE_FORM_1_BACK.png,cea35e5d2b1e4e4db16b70a8a79ec8eb8d81818d81404d8ca396e91e89e223d9,192,
100,92,True,False,CRANIDOS_ALTERNATE_FORM_1,,False,front_shiny,18,,160,/tmp/reborn-plates-flat/CRANIDOS_ALTERNATE_FORM_1_SHINY.png,3c3ce56df41ebda6c3e2265ad6800f5946d41f5c903769e0441139de67b5b825,160,
116,72,True,False,CRANIDOS_ALTERNATE_FORM_1,,False,back_shiny,18,,192,/tmp/reborn-plates-flat/CRANIDOS_ALTERNATE_FORM_1_BACK_SHINY.png,e5a7ea9bd0feeed0d79a5838d713bec291241e02926a55753a3bbbeba40be855,192,
114,96,True,False,CROCONAW_ALTERNATE_FORM_1,,False,front,17,,160,/tmp/reborn-plates-flat/CROCONAW_ALTERNATE_FORM_1.png,269e3ab3812258986cbd31e57313ecb6118e337e2fb9e295f9fede206bb23ef4,160,
116,108,True,False,CROCONAW_ALTERNATE_FORM_1,,False,back,12,,192,/tmp/reborn-plates-flat/CROCONAW_ALTERNATE_FORM_1_BACK.png,4d43f0b5e2e7f8c3e6a70dfc3fa365d364303856756710bb264b40a074a12fc4,192,
114,96,True,False,CROCONAW_ALTERNATE_FORM_1,,False,front_shiny,23,,160,/tmp/reborn-plates-flat/CROCONAW_ALTERNATE_FORM_1_SHINY.png,bef028a4ca69c8ab3f31c65923b89c4c22dbbebc98495ce4fbb5047b8b22a6aa,160,
116,108,True,False,CROCONAW_ALTERNATE_FORM_1,,False,back_shiny,15,,192,/tmp/reborn-plates-flat/CROCONAW_ALTERNATE_FORM_1_BACK_SHINY.png,29d7668865e3463cfba7c4ebf8e81a868020ee2c6fc1e00a57f0e323f02ccc2b,192,
126,142,True,False,CRUSTLE_ALTERNATE_FORM_1,,False,front,16,,192,/tmp/reborn-plates-flat/CRUSTLE_ALTERNATE_FORM_1.png,0855388998e5261b684d0fe1ed5bf57478ff9274ec8113923e513278b6976a21,192,
120,154,True,False,CRUSTLE_ALTERNATE_FORM_1,,False,back,10,,192,/tmp/reborn-plates-flat/CRUSTLE_ALTERNATE_FORM_1_BACK.png,8ddeae04a84f8f7c5a166073a565a74278ff8ae92b64c5e22a50f5119718292c,192,
140,124,True,False,CRYOGONAL_ALTERNATE_FORM_1,,False,front,17,,192,/tmp/reborn-plates-flat/CRYOGONAL_ALTERNATE_FORM_1.png,f2ba9787be70b1f39489b84968205ca880060bf7c550a374d8ed81cb29ddae1d,192,
138,124,True,False,CRYOGONAL_ALTERNATE_FORM_1,,False,back,12,,192,/tmp/reborn-plates-flat/CRYOGONAL_ALTERNATE_FORM_1_BACK.png,d7c36bad2ccd4c5c720b88676212c0f32334cf918ea0efeb7b7c28556b3ba1cc,192,
140,124,True,False,CRYOGONAL_ALTERNATE_FORM_1,,False,front_shiny,18,,192,/tmp/reborn-plates-flat/CRYOGONAL_ALTERNATE_FORM_1_SHINY.png,99afe2c03b813b5abda1ebeca4ad59217cdb741a836f4921a937bb5736ad8f14,192,
138,124,True,False,CRYOGONAL_ALTERNATE_FORM_1,,False,back_shiny,13,,192,/tmp/reborn-plates-flat/CRYOGONAL_ALTERNATE_FORM_1_BACK_SHINY.png,90164adf9cb950178e9a7dd76dac1069a8f275ae9eddbed0865f4c6f98162474,192,
100,70,True,False,DARTRIX_ALTERNATE_FORM_1,,False,front,17,,192,/tmp/reborn-plates-flat/DARTRIX_ALTERNATE_FORM_1.png,d759fc5aed939f946fa3aab25303ce86d6e224d83876753383c5a936223c47a1,192,
100,72,True,False,DARTRIX_ALTERNATE_FORM_1,,False,back,13,,192,/tmp/reborn-plates-flat/DARTRIX_ALTERNATE_FORM_1_BACK.png,037a4e4f753de6bd4caa5cfefba798e1ff4df3ac0cdffb123f084ac00b7fd15f,192,
100,70,True,False,DARTRIX_ALTERNATE_FORM_1,,False,front_shiny,19,,192,/tmp/reborn-plates-flat/DARTRIX_ALTERNATE_FORM_1_SHINY.png,82adcd81ae062c7617e7a6b0bc1b87c64a05935ac5037594393ebf2c99412d3a,192,
100,72,True,False,DARTRIX_ALTERNATE_FORM_1,,False,back_shiny,14,,192,/tmp/reborn-plates-flat/DARTRIX_ALTERNATE_FORM_1_BACK_SHINY.png,6b1f459845301d6ce1ecc46aa455c36194f542c9d69b7a98411137ecffb1b968,192,
100,70,True,False,DARTRIX_ALTERNATE_FORM_2,,False,front,13,,192,/tmp/reborn-plates-flat/DARTRIX_ALTERNATE_FORM_2.png,8c0cb5bcfde8af5e07c71077620b628ca33821c65117ebf6aeb887b85c231e84,192,
100,72,True,False,DARTRIX_ALTERNATE_FORM_2,,False,back,13,,192,/tmp/reborn-plates-flat/DARTRIX_ALTERNATE_FORM_2_BACK.png,ecb25479021f7cb858f672bef1109149f12e6f3ed7182727ad584cc25426e8da,192,
100,70,True,False,DARTRIX_ALTERNATE_FORM_2,,False,front_shiny,13,,192,/tmp/reborn-plates-flat/DARTRIX_ALTERNATE_FORM_2_SHINY.png,4cf5c99d0aaa541d8d2c97c51201bb92c42f7d9df05efaaabaa23b00c7c45135,192,
100,72,True,False,DARTRIX_ALTERNATE_FORM_2,,False,back_shiny,13,,192,/tmp/reborn-plates-flat/DARTRIX_ALTERNATE_FORM_2_BACK_SHINY.png,8f91dfa0c782d6684d1c3e131ac8f5076a805cae6f4f07353a557e956bd416e4,192,
158,118,True,False,DECIDUEYE_ALTERNATE_FORM_1,,False,front,15,,192,/tmp/reborn-plates-flat/DECIDUEYE_ALTERNATE_FORM_1.png,47efaef894c22e548b02a539703e3f62d062f442c644ad445e0f6a9433079da9,192,
152,76,True,False,DECIDUEYE_ALTERNATE_FORM_1,,False,back,13,,192,/tmp/reborn-plates-flat/DECIDUEYE_ALTERNATE_FORM_1_BACK.png,068216cb3cc8cdf547e894cb088dc1e1347ff19912c3d7348410633aa8d50f0d,192,
158,118,True,False,DECIDUEYE_ALTERNATE_FORM_1,,False,front_shiny,18,,192,/tmp/reborn-plates-flat/DECIDUEYE_ALTERNATE_FORM_1_SHINY.png,5c7b4107149bb39d29e4d1562dad3008ad8c9a508090651d20135632815a7f70,192,
152,76,True,False,DECIDUEYE_ALTERNATE_FORM_1,,False,back_shiny,12,,192,/tmp/reborn-plates-flat/DECIDUEYE_ALTERNATE_FORM_1_BACK_SHINY.png,e96a1518a6deb3e670eacc1180d918698c12007734ca59d14ca48e1859f8e3cb,192,
164,98,True,False,DECIDUEYE_ALTERNATE_FORM_2,,False,front,14,,192,/tmp/reborn-plates-flat/DECIDUEYE_ALTERNATE_FORM_2.png,a020d180ba072f899587d231eafe946fe142ae84a7d1f74296e017dde61c8307,192,
150,84,True,False,DECIDUEYE_ALTERNATE_FORM_2,,False,back,13,,192,/tmp/reborn-plates-flat/DECIDUEYE_ALTERNATE_FORM_2_BACK.png,53a3fce7b12a2bc3abdb0da536fc597c104b08d2e86c81bc5f375105ce61b6d4,192,
164,98,True,False,DECIDUEYE_ALTERNATE_FORM_2,,False,front_shiny,13,,192,/tmp/reborn-plates-flat/DECIDUEYE_ALTERNATE_FORM_2_SHINY.png,c2087ed7fb2fa2e1082062e9312d1758f97cad36bd1b1286c17f14dd8ff70a34,192,
150,84,True,False,DECIDUEYE_ALTERNATE_FORM_2,,False,back_shiny,13,,192,/tmp/reborn-plates-flat/DECIDUEYE_ALTERNATE_FORM_2_BACK_SHINY.png,91b7b0a110d0498cf224528fb9132fd813aeb5f3e14a48a58116f644e031743f,192,
74,104,True,False,DEDENNE_ALTERNATE_FORM_1,,False,front,21,,192,/tmp/reborn-plates-flat/DEDENNE_ALTERNATE_FORM_1.png,025e408b02b0637684f5c3b16003df95c98dbf3921dde75aa00514fb2da3f857,192,
74,130,True,False,DEDENNE_ALTERNATE_FORM_1,,False,back,17,,192,/tmp/reborn-plates-flat/DEDENNE_ALTERNATE_FORM_1_BACK.png,828eacdb3f0c7883b8243975e3ff1405d32355b79c8ed660ed949062245f2914,192,
74,104,True,False,DEDENNE_ALTERNATE_FORM_1,,False,front_shiny,21,,192,/tmp/reborn-plates-flat/DEDENNE_ALTERNATE_FORM_1_SHINY.png,a2fb83320207e20a7e185bc3a14a6d80f05c63c173324c324b9eae52832f7c41,192,
74,130,True,False,DEDENNE_ALTERNATE_FORM_1,,False,back_shiny,17,,192,/tmp/reborn-plates-flat/DEDENNE_ALTERNATE_FORM_1_BACK_SHINY.png,4805044c12b4f9550b6c929ef7dc90cee04dacf5ee9de545d93d477d77bd90dc,192,
100,74,True,False,DEINO_CYBERTANK_FORM_1,,False,front,15,,192,/tmp/reborn-plates-flat/DEINO_CYBERTANK_FORM_1.png,2021396fbb291877e30fc27da92248e2e67cc04acfa7c65e489c41bf2f92f5be,192,
100,80,True,False,DEINO_CYBERTANK_FORM_1,,False,back,14,,192,/tmp/reborn-plates-flat/DEINO_CYBERTANK_FORM_1_BACK.png,99333bac2c41d87393af8be108d416c659d28e0c1e9b9e0b961cbca65120f2c8,192,
100,74,True,False,DEINO_CYBERTANK_FORM_1,,False,front_shiny,15,,192,/tmp/reborn-plates-flat/DEINO_CYBERTANK_FORM_1_SHINY.png,bdc9a587a89af91ddef46b225a59dde46873c7ed70a66abcfa9e47d9022ec143,192,
100,80,True,False,DEINO_CYBERTANK_FORM_1,,False,back_shiny,14,,192,/tmp/reborn-plates-flat/DEINO_CYBERTANK_FORM_1_BACK_SHINY.png,84fd7ec9238832dd349790b9b42c06dcc51e92b2f5ac9e94bc4ca6dec4378598,192,
114,74,True,False,DEINO_TELEPATHIC_FORM_2,,False,front,14,,192,/tmp/reborn-plates-flat/DEINO_TELEPATHIC_FORM_2.png,ac87e995b4c446e7c5003411069deb34812dedc787ba1a0ca9ae369d75d0abd9,192,
114,80,True,False,DEINO_TELEPATHIC_FORM_2,,False,back,13,,192,/tmp/reborn-plates-flat/DEINO_TELEPATHIC_FORM_2_BACK.png,cf7b006cea8967a37dad595cfabc02f0c4afbd3219836f448cce4273cc47caf2,192,
114,74,True,False,DEINO_TELEPATHIC_FORM_2,,False,front_shiny,14,,192,/tmp/reborn-plates-flat/DEINO_TELEPATHIC_FORM_2_SHINY.png,c1cea14d14d109a581175e3a1a3af597e19de046fbd99b4cf56f6a1cdb2ccc3b,192,
114,80,True,False,DEINO_TELEPATHIC_FORM_2,,False,back_shiny,13,,192,/tmp/reborn-plates-flat/DEINO_TELEPATHIC_FORM_2_BACK_SHINY.png,e256d5cae6d708ed65699510d4694da1dcb1c2cac1b1276043995e92c8782240,192,
110,102,True,False,DELCATTY_ALTERNATE_FORM_1,,False,front,13,,160,/tmp/reborn-plates-flat/DELCATTY_ALTERNATE_FORM_1.png,c13bfcff59de466518b1ab2371088f2cf87a28b3768ef5b788b275899bb5e6be,160,
110,112,True,False,DELCATTY_ALTERNATE_FORM_1,,False,back,10,,192,/tmp/reborn-plates-flat/DELCATTY_ALTERNATE_FORM_1_BACK.png,03be05c3e960624e57d33d59615447c0c15f22b4e6a5fc5982563aac4149659a,192,
110,102,True,False,DELCATTY_ALTERNATE_FORM_1,,False,front_shiny,13,,160,/tmp/reborn-plates-flat/DELCATTY_ALTERNATE_FORM_1_SHINY.png,da6b1e16d815a47e2972fad3675d1759a252cce84405f55ab39a79289dfc79a9,160,
110,112,True,False,DELCATTY_ALTERNATE_FORM_1,,False,back_shiny,10,,192,/tmp/reborn-plates-flat/DELCATTY_ALTERNATE_FORM_1_BACK_SHINY.png,e10785c94f2f7028ea05c4a5917aba4451e4dbd9511de1a25f86dcd30f22194e,192,
172,216,True,False,DELPHOX_ALTERNATE_FORM_1,,False,front,26,,192,/tmp/reborn-plates-flat/DELPHOX_ALTERNATE_FORM_1.png,64984fab7ab991e9dae9c9167d7367f2a6a03b5860ed9ef7b0bdf3ea4634d65c,226,
174,158,True,False,DELPHOX_ALTERNATE_FORM_1,,False,back,24,,192,/tmp/reborn-plates-flat/DELPHOX_ALTERNATE_FORM_1_BACK.png,5e2bb06086263c622d738d8145e13265ce60d3219da386b16a35a7c26e6bc021,192,
172,216,True,False,DELPHOX_ALTERNATE_FORM_1,,False,front_shiny,27,,192,/tmp/reborn-plates-flat/DELPHOX_ALTERNATE_FORM_1_SHINY.png,7f007783a896ac16b06725270b2741ef745e68d8f3209543fcb9b4029f1559b3,226,
174,158,True,False,DELPHOX_ALTERNATE_FORM_1,,False,back_shiny,25,,192,/tmp/reborn-plates-flat/DELPHOX_ALTERNATE_FORM_1_BACK_SHINY.png,8f7c724e51fe669cb2d4f306c668a1f172e33c38e4c31e8090759c339ee61728,192,
88,64,True,False,DEWPIDER_ALTERNATE_FORM_1,,False,front,20,,192,/tmp/reborn-plates-flat/DEWPIDER_ALTERNATE_FORM_1.png,9055c1e526eed6c471ecdcb517a7808f5ad5ff535f49b91acfaee0fb433a44cc,192,
88,64,True,False,DEWPIDER_ALTERNATE_FORM_1,,False,back,14,,192,/tmp/reborn-plates-flat/DEWPIDER_ALTERNATE_FORM_1_BACK.png,edae2961c91cfac894c5ec3434a86a64fb5a710ffbf289a217af93015ba84008,192,
88,64,True,False,DEWPIDER_ALTERNATE_FORM_1,,False,front_shiny,20,,192,/tmp/reborn-plates-flat/DEWPIDER_ALTERNATE_FORM_1_SHINY.png,b2ba72cb35abdde9ae64bbf8dd8ba6aa4013509d9ae2a09387b281c9f6a389df,192,
88,64,True,False,DEWPIDER_ALTERNATE_FORM_1,,False,back_shiny,14,,192,/tmp/reborn-plates-flat/DEWPIDER_ALTERNATE_FORM_1_BACK_SHINY.png,b0ff771cda5c64a4135a2f38b2e47b2b8d42a11efe5ef9ac2ae8ecaf2b38263d,192,
140,154,True,False,DIGGERSBY_ALTERNATE_FORM_1,,False,front,37,,192,/tmp/reborn-plates-flat/DIGGERSBY_ALTERNATE_FORM_1.png,06097a8825fca69cde8a5f4801c559eff9524a850c7697d050985f0ffa71d3d3,192,
186,184,True,False,DIGGERSBY_ALTERNATE_FORM_1,,False,back,41,,192,/tmp/reborn-plates-flat/DIGGERSBY_ALTERNATE_FORM_1_BACK.png,8f5ab5c4dff931e676f127ff9e885d3c54a7e52f4a13cbf8bf97550fae77a3fd,192,
140,154,True,False,DIGGERSBY_ALTERNATE_FORM_1,,False,front_shiny,37,,192,/tmp/reborn-plates-flat/DIGGERSBY_ALTERNATE_FORM_1_SHINY.png,f5db35e9c4915574e6ef326cdc4af80c5c995502f5dd1ec6cd2feddb86759f02,192,
186,184,True,False,DIGGERSBY_ALTERNATE_FORM_1,,False,back_shiny,35,,192,/tmp/reborn-plates-flat/DIGGERSBY_ALTERNATE_FORM_1_BACK_SHINY.png,bd047b80e9d90c3e183292171922111f319ebe857433636588a7ff2d2c7943f0,192,
154,142,True,False,DODRIO_ALTERNATE_FORM_1,,False,front,15,,160,/tmp/reborn-plates-flat/DODRIO_ALTERNATE_FORM_1.png,4a2e41e4a736acb59845c6f3e6df81732c5913909954d239e69d14edcb67e3a2,160,
148,130,True,False,DODRIO_ALTERNATE_FORM_1,,False,back,13,,192,/tmp/reborn-plates-flat/DODRIO_ALTERNATE_FORM_1_BACK.png,da7a8025cabb4f169e03d1bb0fd4175b6b69f04a492f0507ab51e03f9f100030,192,
154,142,True,False,DODRIO_ALTERNATE_FORM_1,,False,front_shiny,13,,160,/tmp/reborn-plates-flat/DODRIO_ALTERNATE_FORM_1_SHINY.png,47edf82803376e2cff590337225a4e133b6e28617d94558181c93f5ddcaf7722,160,
148,130,True,False,DODRIO_ALTERNATE_FORM_1,,False,back_shiny,12,,192,/tmp/reborn-plates-flat/DODRIO_ALTERNATE_FORM_1_BACK_SHINY.png,e7473995bcc908ca3359ebbb706cf0e7b36de3e0608b1f932f85410a02ae0f2e,192,
106,108,True,False,DODUO_ALTERNATE_FORM_1,,False,front,12,,160,/tmp/reborn-plates-flat/DODUO_ALTERNATE_FORM_1.png,657d264ddc6ecfc92c6fa42cd0ffda050d2160b322ae7058defb992a8965eeed,160,
108,104,True,False,DODUO_ALTERNATE_FORM_1,,False,back,11,,192,/tmp/reborn-plates-flat/DODUO_ALTERNATE_FORM_1_BACK.png,ca7d0acbb04fca82676d5f4ccbbfa9ffbaf891d28cdc1046e77518b7d51a4a42,192,
106,108,True,False,DODUO_ALTERNATE_FORM_1,,False,front_shiny,10,,160,/tmp/reborn-plates-flat/DODUO_ALTERNATE_FORM_1_SHINY.png,38be161525be1ceceefaf477a6619c952f1c061168d977b12a5fb59d372e3250,160,
108,104,True,False,DODUO_ALTERNATE_FORM_1,,False,back_shiny,11,,192,/tmp/reborn-plates-flat/DODUO_ALTERNATE_FORM_1_BACK_SHINY.png,4d34617ce9eefde362b2e9c2d95aa3a2dde7ffd71eee202a3409fd94ce368512,192,
96,146,True,False,DONPHAN_ALTERNATE_FORM_1,,False,front,16,,160,/tmp/reborn-plates-flat/DONPHAN_ALTERNATE_FORM_1.png,6d8f85e5b45b0d4e801502e18dc4a746be2a03fd8d36a0b4c57b889bb59cc079,160,
96,160,True,False,DONPHAN_ALTERNATE_FORM_1,,False,back,17,,192,/tmp/reborn-plates-flat/DONPHAN_ALTERNATE_FORM_1_BACK.png,df68e01f3a21c2f769b2a82be36f3aacf3e78fb7063d9b5cf37fd1ce29581d35,192,
96,146,True,False,DONPHAN_ALTERNATE_FORM_1,,False,front_shiny,17,,160,/tmp/reborn-plates-flat/DONPHAN_ALTERNATE_FORM_1_SHINY.png,dd626a4521e6a59b78098b4c15b7e2b9ff8dfc7f928ab6f82155c7f6b1131f51,160,
96,160,True,False,DONPHAN_ALTERNATE_FORM_1,,False,back_shiny,18,,192,/tmp/reborn-plates-flat/DONPHAN_ALTERNATE_FORM_1_BACK_SHINY.png,4402dacb5420b7ba1aaf5dfb4e8b38b4a9cd9ff705b511d19733e205c50fd7c9,192,
186,152,True,False,DRAGALGE_ALTERNATE_FORM_1,,False,front,19,,192,/tmp/reborn-plates-flat/DRAGALGE_ALTERNATE_FORM_1.png,a2ecdf1f31ef1bf12b6e5c4d00a6cb446cbf46f584ce45ae22ebdc23d1ee4029,192,
186,140,True,False,DRAGALGE_ALTERNATE_FORM_1,,False,back,17,,192,/tmp/reborn-plates-flat/DRAGALGE_ALTERNATE_FORM_1_BACK.png,d7919b83a2163f67487642cbc9a67c4872aeba0001fd54d80a6d84b59d769c65,192,
186,152,True,False,DRAGALGE_ALTERNATE_FORM_1,,False,front_shiny,19,,192,/tmp/reborn-plates-flat/DRAGALGE_ALTERNATE_FORM_1_SHINY.png,df628f1c721f36c92110faf2e5b896c06c66476041e7ef7e362aaed41d7ba707,192,
186,140,True,False,DRAGALGE_ALTERNATE_FORM_1,,False,back_shiny,17,,192,/tmp/reborn-plates-flat/DRAGALGE_ALTERNATE_FORM_1_BACK_SHINY.png,b395e702e3ef43acbbf48a74f3ccdbd5c583e31776650736f645500255407cfa,192,
156,144,True,False,DRAGONITE_ALTERNATE_FORM_1,,False,front,23,,160,/tmp/reborn-plates-flat/DRAGONITE_ALTERNATE_FORM_1.png,612d049710ce937d9df0b016cee3112bb1e83e1e40db99abf7de6e92023b8b5d,160,
160,152,True,False,DRAGONITE_ALTERNATE_FORM_1,,False,back,20,,192,/tmp/reborn-plates-flat/DRAGONITE_ALTERNATE_FORM_1_BACK.png,fe8192f66c191b8d85eef27077c3073bc41d3f02fcdb83a4110f189dd1decd9a,192,
156,144,True,False,DRAGONITE_ALTERNATE_FORM_1,,False,front_shiny,24,,160,/tmp/reborn-plates-flat/DRAGONITE_ALTERNATE_FORM_1_SHINY.png,472fe636c964fc2d57b6452e9de2a3e091741f7515fa5c8e077b95882ba6e597,160,
160,152,True,False,DRAGONITE_ALTERNATE_FORM_1,,False,back_shiny,23,,192,/tmp/reborn-plates-flat/DRAGONITE_ALTERNATE_FORM_1_BACK_SHINY.png,4fe70b3bd4b99d7dae54563b3abec112739c215686f52d069d85fb72f6aab635,192,
124,160,True,False,DRAPION_ALTERNATE_FORM_1,,False,front,13,,160,/tmp/reborn-plates-flat/DRAPION_ALTERNATE_FORM_1.png,d75ef65e2211b76628612bca43d8140245bf8229c22d50c9e627826251bb70ad,160,
130,180,True,False,DRAPION_ALTERNATE_FORM_1,,False,back,12,,192,/tmp/reborn-plates-flat/DRAPION_ALTERNATE_FORM_1_BACK.png,bbbd74a94da396446be9893524c55b23dc1bdbcff6004d5af016b1631db1bdfa,192,
124,160,True,False,DRAPION_ALTERNATE_FORM_1,,False,front_shiny,13,,160,/tmp/reborn-plates-flat/DRAPION_ALTERNATE_FORM_1_SHINY.png,8bc712f59766f23487bca625c92f4e0f9ff4a785ca3620f69835b41e15799fb7,160,
130,180,True,False,DRAPION_ALTERNATE_FORM_1,,False,back_shiny,13,,192,/tmp/reborn-plates-flat/DRAPION_ALTERNATE_FORM_1_BACK_SHINY.png,63ca64178d7ee874e985654bcb75f95f9f8e3c709f8f3cf2523e3927e6ccfe79,192,
128,124,True,False,DRIZZILE_ALTERNATE_FORM_2,,False,front,17,,192,/tmp/reborn-plates-flat/DRIZZILE_ALTERNATE_FORM_2.png,7cc1b73842759373f495f9bd8c6e8776c75ecc33a54276ce82697ada7789b328,192,
128,124,True,False,DRIZZILE_ALTERNATE_FORM_2,,False,back,12,,192,/tmp/reborn-plates-flat/DRIZZILE_ALTERNATE_FORM_2_BACK.png,24dfa4e744f0daf517340187418df98ade9693a57f082a32b3c3aa9936fe3dec,192,
128,124,True,False,DRIZZILE_ALTERNATE_FORM_2,,False,front_shiny,17,,192,/tmp/reborn-plates-flat/DRIZZILE_ALTERNATE_FORM_2_SHINY.png,0264ca15b5c2f0250177a2f43380d5435e01de5f35b59efbd0ca39e47c7ea449,192,
128,124,True,False,DRIZZILE_ALTERNATE_FORM_2,,False,back_shiny,12,,192,/tmp/reborn-plates-flat/DRIZZILE_ALTERNATE_FORM_2_BACK_SHINY.png,daa4102632673386a06436c4b0694d597c8b9b849181b145630ecf78c9d7a53f,192,
104,102,True,False,DROWZEE_ALTERNATE_FORM_2,,False,front,17,,160,/tmp/reborn-plates-flat/DROWZEE_ALTERNATE_FORM_2.png,5a1ef03d9bb01970dabcbc9afc90197954204d210cfe3ccc3172c40375e2c3b9,160,
104,106,True,False,DROWZEE_ALTERNATE_FORM_2,,False,back,14,,192,/tmp/reborn-plates-flat/DROWZEE_ALTERNATE_FORM_2_BACK.png,f2f1e2216dadc2f100d10b4460f2c382f0a3e3dbf2f7444638ed8c1666d9c1cc,192,
104,102,True,False,DROWZEE_ALTERNATE_FORM_2,,False,front_shiny,15,,160,/tmp/reborn-plates-flat/DROWZEE_ALTERNATE_FORM_2_SHINY.png,36f5d3536f3dd66fc8881e229896baabea03669f23e8cbc924a6a796dc5e173e,160,
104,106,True,False,DROWZEE_ALTERNATE_FORM_2,,False,back_shiny,14,,192,/tmp/reborn-plates-flat/DROWZEE_ALTERNATE_FORM_2_BACK_SHINY.png,3ef1cbed9bac937f3d3d29cc60372060fc28ddb738164230f4d1910a260097f5,192,
142,168,True,False,DRUDDIGON_ALTERNATE_FORM_1,,False,front,16,,192,/tmp/reborn-plates-flat/DRUDDIGON_ALTERNATE_FORM_1.png,5262cbf99a33eb764df67ec2580cc95fb8f455553d6f3878f7ca225093674164,192,
146,174,True,False,DRUDDIGON_ALTERNATE_FORM_1,,False,back,13,,192,/tmp/reborn-plates-flat/DRUDDIGON_ALTERNATE_FORM_1_BACK.png,4847a5329f8a895c5855e55a913f53b6548b883889db48df35aeb5aa9bed84eb,192,
142,168,True,False,DRUDDIGON_ALTERNATE_FORM_1,,False,front_shiny,19,,192,/tmp/reborn-plates-flat/DRUDDIGON_ALTERNATE_FORM_1_SHINY.png,0ec1a1f05847510ad3a6560ea2944ae6737b80d6847b10b38c7a52c4d5903adc,192,
146,174,True,False,DRUDDIGON_ALTERNATE_FORM_1,,False,back_shiny,15,,192,/tmp/reborn-plates-flat/DRUDDIGON_ALTERNATE_FORM_1_BACK_SHINY.png,da508341aa6ffa96d11b1cc6f29a9df99e42006a462270f03f97e8046c2e4dcc,192,
124,118,True,False,DUNSPARCE_BT_ALT_FORMS_DRACO_FORM_6,,False,front,14,,160,/tmp/reborn-plates-flat/DUNSPARCE_BT_ALT_FORMS_DRACO_FORM_6.png,b65eb610259c72e6cf24d33e276907ada15dd41ac7ca1ba18da20c83988d4746,160,
108,140,True,False,DUNSPARCE_BT_ALT_FORMS_DRACO_FORM_6,,False,back,11,,192,/tmp/reborn-plates-flat/DUNSPARCE_BT_ALT_FORMS_DRACO_FORM_6_BACK.png,7df980e7f5f3bdb3d245eddf8ff024d8ae07ba84557a065a5d2aaff3264e4f5a,192,
124,118,True,False,DUNSPARCE_BT_ALT_FORMS_DRACO_FORM_6,,False,front_shiny,17,,160,/tmp/reborn-plates-flat/DUNSPARCE_BT_ALT_FORMS_DRACO_FORM_6_SHINY.png,f4cc8b31fb578d7e0899629e99e65a5ebd7dea41583b8d737ef7bdd966691f45,160,
108,140,True,False,DUNSPARCE_BT_ALT_FORMS_DRACO_FORM_6,,False,back_shiny,13,,192,/tmp/reborn-plates-flat/DUNSPARCE_BT_ALT_FORMS_DRACO_FORM_6_BACK_SHINY.png,9a0db4aaebd098d73f5c6bee4dbdbd4a31b4998450b0a1cf13e95eee97dc61fd,192,
88,92,False,False,DUNSPARCE_BT_ALT_FORMS_EARTH_FORM_2,,False,front,19,,160,/tmp/reborn-plates-flat/DUNSPARCE_BT_ALT_FORMS_EARTH_FORM_2.png,550fb125133fcfa78c91f347ebac3cc09d5bdc05f052df6a1dcac075b19057a7,160,
62,104,True,False,DUNSPARCE_BT_ALT_FORMS_EARTH_FORM_2,,False,back,15,,192,/tmp/reborn-plates-flat/DUNSPARCE_BT_ALT_FORMS_EARTH_FORM_2_BACK.png,71699f0d8027f350b651105ebc6e573911a265a2a585722299dc16e9e046d269,192,
88,92,False,False,DUNSPARCE_BT_ALT_FORMS_EARTH_FORM_2,,False,front_shiny,22,,160,/tmp/reborn-plates-flat/DUNSPARCE_BT_ALT_FORMS_EARTH_FORM_2_SHINY.png,7426de21542de035b2d07065808bd611d19e0801bfefb1e49848360d2035aef2,160,
62,104,True,False,DUNSPARCE_BT_ALT_FORMS_EARTH_FORM_2,,False,back_shiny,15,,192,/tmp/reborn-plates-flat/DUNSPARCE_BT_ALT_FORMS_EARTH_FORM_2_BACK_SHINY.png,adf26d41ba053de395109d03abedb89c637caa9ce9cdc363a05fea5c74010a82,192,
90,92,True,False,DUNSPARCE_BT_ALT_FORMS_INSECT_FORM_4,,False,front,21,,160,/tmp/reborn-plates-flat/DUNSPARCE_BT_ALT_FORMS_INSECT_FORM_4.png,60ec9f9d1905ebb1a17cd028be1b2523816a2df33c205a06dc5e79b296ea4090,160,
86,104,True,False,DUNSPARCE_BT_ALT_FORMS_INSECT_FORM_4,,False,back,19,,192,/tmp/reborn-plates-flat/DUNSPARCE_BT_ALT_FORMS_INSECT_FORM_4_BACK.png,fd227a30df0fb92043b6753364cba55125a621615b80013aca455ea8cc2bf929,192,
90,92,True,False,DUNSPARCE_BT_ALT_FORMS_INSECT_FORM_4,,False,front_shiny,18,,160,/tmp/reborn-plates-flat/DUNSPARCE_BT_ALT_FORMS_INSECT_FORM_4_SHINY.png,d7f17bff2e808cf750fe83f9a6fc05527ca4026d90458d7a6866af32fdf73fd6,160,
86,104,True,False,DUNSPARCE_BT_ALT_FORMS_INSECT_FORM_4,,False,back_shiny,16,,192,/tmp/reborn-plates-flat/DUNSPARCE_BT_ALT_FORMS_INSECT_FORM_4_BACK_SHINY.png,16fbfa587c08447dac04cee76b21ec7b07fd9a3d683f7a8de0d8416ac463ef87,192,
88,104,True,False,DUNSPARCE_BT_ALT_FORMS_SKY_FORM_3,,False,front,23,,160,/tmp/reborn-plates-flat/DUNSPARCE_BT_ALT_FORMS_SKY_FORM_3.png,c17f05c7225c9a57e6188acd138733e7e24395bc4e35e0e90cb6ebf06c647476,160,
78,104,True,False,DUNSPARCE_BT_ALT_FORMS_SKY_FORM_3,,False,back,19,,192,/tmp/reborn-plates-flat/DUNSPARCE_BT_ALT_FORMS_SKY_FORM_3_BACK.png,48a382d2a986bc840b317bd493af0dbdf83443ae363d038a21b5c355ccf6465c,192,
88,104,False,False,DUNSPARCE_BT_ALT_FORMS_SKY_FORM_3,,False,front_shiny,31,,160,/tmp/reborn-plates-flat/DUNSPARCE_BT_ALT_FORMS_SKY_FORM_3_SHINY.png,52a2e322877576915943f98e5849f042cc73dfd292bb9c228ea3e3699ed85744,160,
78,104,False,False,DUNSPARCE_BT_ALT_FORMS_SKY_FORM_3,,False,back_shiny,26,,192,/tmp/reborn-plates-flat/DUNSPARCE_BT_ALT_FORMS_SKY_FORM_3_BACK_SHINY.png,450d3d83d56a04384454780493e3ab17592e58f6d036e928a48a62182ecb8f67,192,
88,92,False,False,DUNSPARCE_BT_ALT_FORMS_SPOOKY_FORM_5,,False,front,26,,160,/tmp/reborn-plates-flat/DUNSPARCE_BT_ALT_FORMS_SPOOKY_FORM_5.png,aafba711d8ce2f6db5984aa5e95e743b275b6780b25df4c0a155c46bcd737f35,160,
58,104,False,False,DUNSPARCE_BT_ALT_FORMS_SPOOKY_FORM_5,,False,back,17,,192,/tmp/reborn-plates-flat/DUNSPARCE_BT_ALT_FORMS_SPOOKY_FORM_5_BACK.png,02f56d3f946008b7761b7c7a587d2da5cdec6ea96c7d4f3b0f721f34e3519d8e,192,
88,92,False,False,DUNSPARCE_BT_ALT_FORMS_SPOOKY_FORM_5,,False,front_shiny,21,,160,/tmp/reborn-plates-flat/DUNSPARCE_BT_ALT_FORMS_SPOOKY_FORM_5_SHINY.png,2644e6b03746e18921ef78085e648df5ad047d2720dfad26d9052257648f05ec,160,
58,104,False,False,DUNSPARCE_BT_ALT_FORMS_SPOOKY_FORM_5,,False,back_shiny,18,,192,/tmp/reborn-plates-flat/DUNSPARCE_BT_ALT_FORMS_SPOOKY_FORM_5_BACK_SHINY.png,7196933766e2d25d79392d0335e753fa20719bd915d6248e54ff6cdb03c3d711,192,
88,92,True,False,DUNSPARCE_BT_ALT_FORMS_TOXIC_FORM_1,,False,front,15,,160,/tmp/reborn-plates-flat/DUNSPARCE_BT_ALT_FORMS_TOXIC_FORM_1.png,9fcb280ec41591fcd2e98e8833855bcd114a879e8cf419f0c9609c815004ff1d,160,
58,104,True,False,DUNSPARCE_BT_ALT_FORMS_TOXIC_FORM_1,,False,back,14,,192,/tmp/reborn-plates-flat/DUNSPARCE_BT_ALT_FORMS_TOXIC_FORM_1_BACK.png,4ec8348d787268c296b340f001e6e1ab9a4d0fd4273ed5d7cd7071407c73b444,192,
88,92,True,False,DUNSPARCE_BT_ALT_FORMS_TOXIC_FORM_1,,False,front_shiny,19,,160,/tmp/reborn-plates-flat/DUNSPARCE_BT_ALT_FORMS_TOXIC_FORM_1_SHINY.png,b85d31b0c1b0df4d190f28668846441899bff6fd443605212e3ee81550fa3750,160,
58,104,True,False,DUNSPARCE_BT_ALT_FORMS_TOXIC_FORM_1,,False,back_shiny,14,,192,/tmp/reborn-plates-flat/DUNSPARCE_BT_ALT_FORMS_TOXIC_FORM_1_BACK_SHINY.png,cd34dae88c8db09116ae110ab4c244ea6db2f74e37013f6d482c684c82e49212,192,
90,82,False,False,DUOSION_ALTERNATE_FORM_1,,False,front,11,,192,/tmp/reborn-plates-flat/DUOSION_ALTERNATE_FORM_1.png,c64f7d85a6d5d6b9229f0b709a4b5e5dfc8f7944b0fbf8861f2147b9f571f391,192,
90,82,False,False,DUOSION_ALTERNATE_FORM_1,,False,back,9,,192,/tmp/reborn-plates-flat/DUOSION_ALTERNATE_FORM_1_BACK.png,6c4813a671ff764c44823b0a5a84b00e514d69f5257000d98b3e3e978b756e65,192,
90,82,False,False,DUOSION_ALTERNATE_FORM_1,,False,front_shiny,11,,192,/tmp/reborn-plates-flat/DUOSION_ALTERNATE_FORM_1_SHINY.png,d96b17a9dac61356363dc2ac03d12cb28053fc82621fc67437e06766cbd495d6,192,
90,82,False,False,DUOSION_ALTERNATE_FORM_1,,False,back_shiny,9,,192,/tmp/reborn-plates-flat/DUOSION_ALTERNATE_FORM_1_BACK_SHINY.png,4f96173e77276c2681d35c410a3dc1fffb2660ab7dc4f92db669c4073ad5a0d2,192,
62,108,True,False,DURANT_BLUETOWEL_ALTERNATE_FORM_FORM_1,,False,front,21,,192,/tmp/reborn-plates-flat/DURANT_BLUETOWEL_ALTERNATE_FORM_FORM_1.png,0cc5bbe1c64af85be7c68a6d9ca72e6b8297fd5125b69507505ac0329934eef7,192,
62,104,True,False,DURANT_BLUETOWEL_ALTERNATE_FORM_FORM_1,,False,back,22,,192,/tmp/reborn-plates-flat/DURANT_BLUETOWEL_ALTERNATE_FORM_FORM_1_BACK.png,f77e3d957bad0bce01f4f1e1b17b5ff5dd5851340fce93cefdf68e0202d3c05c,192,
62,108,True,False,DURANT_BLUETOWEL_ALTERNATE_FORM_FORM_1,,False,front_shiny,22,,192,/tmp/reborn-plates-flat/DURANT_BLUETOWEL_ALTERNATE_FORM_FORM_1_SHINY.png,a396b267ac7d7a73c990c055e8e5ba200f9c9c2d38a205b7e9c9e599f510c2c6,192,
62,104,True,False,DURANT_BLUETOWEL_ALTERNATE_FORM_FORM_1,,False,back_shiny,22,,192,/tmp/reborn-plates-flat/DURANT_BLUETOWEL_ALTERNATE_FORM_FORM_1_BACK_SHINY.png,146360943c3f69bb2d0441fd01df381032f0d8537dd203dee50c33be39936bc5,192,
128,156,True,False,DUSCLOPS_ALTERNATE_FORM_1,,False,front,15,,160,/tmp/reborn-plates-flat/DUSCLOPS_ALTERNATE_FORM_1.png,03399d86ff264dcdbdd35c91bb3fd843e2425d5c4ea4c7287d1787229e13e530,160,
136,134,True,False,DUSCLOPS_ALTERNATE_FORM_1,,False,back,12,,192,/tmp/reborn-plates-flat/DUSCLOPS_ALTERNATE_FORM_1_BACK.png,f8c6a2f21f34c31810a7379bbe8a157b17b80f50b9d56e53ff4ae63c0160a60b,192,
128,156,True,False,DUSCLOPS_ALTERNATE_FORM_1,,False,front_shiny,14,,160,/tmp/reborn-plates-flat/DUSCLOPS_ALTERNATE_FORM_1_SHINY.png,cda872fe4017e42de37bdf92cc20495b42d81f0beb3c42dcbbd769caef3a1493,160,
136,134,True,False,DUSCLOPS_ALTERNATE_FORM_1,,False,back_shiny,12,,192,/tmp/reborn-plates-flat/DUSCLOPS_ALTERNATE_FORM_1_BACK_SHINY.png,33f9853867e0d42a3c66253a4b7857f54ae8b0ac21c0a4ef250e211955d7f54d,192,
160,156,False,False,DUSKNOIR_ALTERNATE_FORM_1,,False,front,92,,160,/tmp/reborn-plates-flat/DUSKNOIR_ALTERNATE_FORM_1.png,5ea5d84face41d5f13c83f83ddcc6eb38c024f76338d75837a7d0089488e4bcb,160,
152,158,False,False,DUSKNOIR_ALTERNATE_FORM_1,,False,back,57,,192,/tmp/reborn-plates-flat/DUSKNOIR_ALTERNATE_FORM_1_BACK.png,885a42029399a014d51c9b0b629c1d32f9ce3e8817442db1c31b83a27c5b34a9,192,
160,156,False,False,DUSKNOIR_ALTERNATE_FORM_1,,False,front_shiny,66,,160,/tmp/reborn-plates-flat/DUSKNOIR_ALTERNATE_FORM_1_SHINY.png,8520d7301ba1a9f8f4823ce49b3d716c66b7c3dcee9ef0c27c152b0dcdcd1ed5,160,
152,158,False,False,DUSKNOIR_ALTERNATE_FORM_1,,False,back_shiny,47,,192,/tmp/reborn-plates-flat/DUSKNOIR_ALTERNATE_FORM_1_BACK_SHINY.png,06e254fc93d0abc5efaa93a390cea1ed0b191e537b624178317e1ae8a824420c,192,
66,76,True,False,DWEBBLE_ALTERNATE_FORM_1,,False,front,12,,192,/tmp/reborn-plates-flat/DWEBBLE_ALTERNATE_FORM_1.png,824011fb5e1119734e09525b2c1bd7041da51a3400098dff6527d6cc45dd4ac2,192,
60,78,True,False,DWEBBLE_ALTERNATE_FORM_1,,False,back,10,,192,/tmp/reborn-plates-flat/DWEBBLE_ALTERNATE_FORM_1_BACK.png,b27b0a2e021c0c24b8d796e12db7d693f78c59ea69690b176d6498ccedcc0537,192,
126,98,True,False,EELEKTRIK_ALTERNATE_FORM_1,,False,front,22,,192,/tmp/reborn-plates-flat/EELEKTRIK_ALTERNATE_FORM_1.png,465512209443b8311019f9f741ebeb68ac99ac834e44c59b49f9e4c607217851,192,
134,100,True,False,EELEKTRIK_ALTERNATE_FORM_1,,False,back,22,,192,/tmp/reborn-plates-flat/EELEKTRIK_ALTERNATE_FORM_1_BACK.png,fee09f5dcdda0d7e224df184b9806006da76cb3a7a3cb63f0878a50b45684e3e,192,
126,98,True,False,EELEKTRIK_ALTERNATE_FORM_1,,False,front_shiny,22,,192,/tmp/reborn-plates-flat/EELEKTRIK_ALTERNATE_FORM_1_SHINY.png,cc704c395e4ed90b5b68a15c3c1586ff0b511a6cba3a90da1ed333d5100dfc1a,192,
134,100,True,False,EELEKTRIK_ALTERNATE_FORM_1,,False,back_shiny,22,,192,/tmp/reborn-plates-flat/EELEKTRIK_ALTERNATE_FORM_1_BACK_SHINY.png,a0987138661b02919651c0a128296aaacfdfecf2c2c2b58392f8b602bbd74f02,192,
118,154,True,False,EELEKTROSS_ALTERNATE_FORM_1,,False,front,28,,192,/tmp/reborn-plates-flat/EELEKTROSS_ALTERNATE_FORM_1.png,f41fc1aaf3d56b0ffd56e952905604693f6ac8959d6fa98724125dca1042146b,192,
124,166,True,False,EELEKTROSS_ALTERNATE_FORM_1,,False,back,25,,192,/tmp/reborn-plates-flat/EELEKTROSS_ALTERNATE_FORM_1_BACK.png,8b65ad83d22cca27da455a0fd86fcc09936ceb9cc0ff79316dea6b407013539e,192,
118,154,True,False,EELEKTROSS_ALTERNATE_FORM_1,,False,front_shiny,28,,192,/tmp/reborn-plates-flat/EELEKTROSS_ALTERNATE_FORM_1_SHINY.png,c9ce80d3ebf4b513cc50b05d1c10fad2e2cdd9d8658c6e1ec5afd4b3e549939e,192,
124,166,True,False,EELEKTROSS_ALTERNATE_FORM_1,,False,back_shiny,25,,192,/tmp/reborn-plates-flat/EELEKTROSS_ALTERNATE_FORM_1_BACK_SHINY.png,5a8f6588229b2400ac9315baeede85d0fd200a17706631d454a23fcc3fa23d87,192,
124,122,True,False,ELECTABUZZ_ALTERNATE_FORM_1,,False,front,12,,160,/tmp/reborn-plates-flat/ELECTABUZZ_ALTERNATE_FORM_1.png,d24cbeb86a358b4344af4d8eecf68103aa87f0a9e7040cd3cd4bccaac0f15592,160,
118,114,True,False,ELECTABUZZ_ALTERNATE_FORM_1,,False,back,10,,192,/tmp/reborn-plates-flat/ELECTABUZZ_ALTERNATE_FORM_1_BACK.png,de47aaae8230c78049787cf12ff822d6c2c8e18d81083d3c36acb455762bfeda,192,
124,122,True,False,ELECTABUZZ_ALTERNATE_FORM_1,,False,front_shiny,12,,160,/tmp/reborn-plates-flat/ELECTABUZZ_ALTERNATE_FORM_1_SHINY.png,23b1b4ca793ddbfd960bc92aa535e9c4d0dcafb3ebd82d3b90e52bfd93e432a4,160,
118,114,True,False,ELECTABUZZ_ALTERNATE_FORM_1,,False,back_shiny,10,,192,/tmp/reborn-plates-flat/ELECTABUZZ_ALTERNATE_FORM_1_BACK_SHINY.png,f938c2c4616fc0d031189a9179d2ebdc171ce44c7a44650ec2be71febbd3b20b,192,
122,156,True,False,ELECTIVIRE_ALTERNATE_FORM_1,,False,front,14,,160,/tmp/reborn-plates-flat/ELECTIVIRE_ALTERNATE_FORM_1.png,3a7aaf834f7d25f02584f7b2e8eeb34983935ec996781c89152de0f9397047a5,192,
116,140,True,False,ELECTIVIRE_ALTERNATE_FORM_1,,False,back,10,,192,/tmp/reborn-plates-flat/ELECTIVIRE_ALTERNATE_FORM_1_BACK.png,79e10cc27a3784ef4894d6ed46ada4fa487db897e5595f3e25381c8e3ca31e16,192,
122,156,True,False,ELECTIVIRE_ALTERNATE_FORM_1,,False,front_shiny,14,,160,/tmp/reborn-plates-flat/ELECTIVIRE_ALTERNATE_FORM_1_SHINY.png,cf9e5e7b7c2ec6b99a52c2fe965fb03ddf90a9fca4201b308f39eec192572df7,192,
116,140,True,False,ELECTIVIRE_ALTERNATE_FORM_1,,False,back_shiny,10,,192,/tmp/reborn-plates-flat/ELECTIVIRE_ALTERNATE_FORM_1_BACK_SHINY.png,280edfa512848ad5febc2749099f6638bd9b6e7231e4346ddbc3f50985132a8d,192,
64,92,True,False,ELECTRIKE_ALTERNATE_FORM_2,,False,front,14,,160,/tmp/reborn-plates-flat/ELECTRIKE_ALTERNATE_FORM_2.png,cfacd51fc4a0d34ffc0f897cbe57e2a4d003db2725c8301ffe8b24794a46ebd4,160,
64,92,True,False,ELECTRIKE_ALTERNATE_FORM_2,,False,back,10,,192,/tmp/reborn-plates-flat/ELECTRIKE_ALTERNATE_FORM_2_BACK.png,bb9f73677e5af456f166c8142e69f69d0784ef7446ee74bb9d8f3524200c6199,192,
64,92,True,False,ELECTRIKE_ALTERNATE_FORM_2,,False,front_shiny,14,,160,/tmp/reborn-plates-flat/ELECTRIKE_ALTERNATE_FORM_2_SHINY.png,05764776e81ebd6d6e6b0103e1d36685ae1f4e8bb2aeedf8692b8251900ecf89,160,
64,92,True,False,ELECTRIKE_ALTERNATE_FORM_2,,False,back_shiny,10,,192,/tmp/reborn-plates-flat/ELECTRIKE_ALTERNATE_FORM_2_BACK_SHINY.png,fa1fa4a102c5de50bb9979c4ce5ab5f47282803b66cd1df332393e7e418569dc,192,
148,162,True,False,EMBOAR_ALTERNATE_FORM_1,,False,front,21,,192,/tmp/reborn-plates-flat/EMBOAR_ALTERNATE_FORM_1.png,3b154475103e9e0a3006b961842353df671e499d1c0d2af66888d00add992a9f,192,
142,162,True,False,EMBOAR_ALTERNATE_FORM_1,,False,back,22,,192,/tmp/reborn-plates-flat/EMBOAR_ALTERNATE_FORM_1_BACK.png,c1fce09d8fd15f27381947c65603bbb6d10e9f3bc656e0c764926cb0b6b67d69,192,
148,162,True,False,EMBOAR_ALTERNATE_FORM_1,,False,front_shiny,21,,192,/tmp/reborn-plates-flat/EMBOAR_ALTERNATE_FORM_1_SHINY.png,de699365f5fb92a771402f24d61c173993ea328b15fabe4975cdc1f37ee8223a,192,
142,162,True,False,EMBOAR_ALTERNATE_FORM_1,,False,back_shiny,19,,192,/tmp/reborn-plates-flat/EMBOAR_ALTERNATE_FORM_1_BACK_SHINY.png,7d70bc45ce365f8739ebb1f960fff2d944ac47f16eefbb4d7d2439126ca7dbe8,192,
152,156,True,False,EMPOLEON_ALTERNATE_FORM_1,,False,front,18,,160,/tmp/reborn-plates-flat/EMPOLEON_ALTERNATE_FORM_1.png,3811e6827fb537a99f568d0a2029d9d1e86071caf719b8de89660eb043578465,160,
152,134,True,False,EMPOLEON_ALTERNATE_FORM_1,,False,back,14,,192,/tmp/reborn-plates-flat/EMPOLEON_ALTERNATE_FORM_1_BACK.png,e60e6ae0b109e1cb7fb7369152627775d0a67d1485aeca7f8dcbf4710e3da823,192,
152,156,True,False,EMPOLEON_ALTERNATE_FORM_1,,False,front_shiny,22,,160,/tmp/reborn-plates-flat/EMPOLEON_ALTERNATE_FORM_1_SHINY.png,1e1a334b3b8d8637dec1c2d7676798fe5ddd8492c4c4f8187ee5d1f1175179f8,160,
152,134,True,False,EMPOLEON_ALTERNATE_FORM_1,,False,back_shiny,16,,192,/tmp/reborn-plates-flat/EMPOLEON_ALTERNATE_FORM_1_BACK_SHINY.png,05fae55f226de943a9503807ff5624363f4cc2c7d4fd511c9e33c4eb649fae6c,192,
164,128,True,False,ESCAVALIER_ALTERNATE_FORM_1,,False,front,19,,192,/tmp/reborn-plates-flat/ESCAVALIER_ALTERNATE_FORM_1.png,563a0c9111d5a9121a7b1da5b80ee541f5c1927fb1ff9565880c44be8d9748c2,192,
174,138,True,False,ESCAVALIER_ALTERNATE_FORM_1,,False,back,12,,192,/tmp/reborn-plates-flat/ESCAVALIER_ALTERNATE_FORM_1_BACK.png,112b11bfd9eff665cc61f686555191fbd9018c2128ad7b7cbb186c1f852cf5cf,192,
164,128,True,False,ESCAVALIER_ALTERNATE_FORM_1,,False,front_shiny,24,,192,/tmp/reborn-plates-flat/ESCAVALIER_ALTERNATE_FORM_1_SHINY.png,30d765301e53e9af6663db996668062ccf9c7420e5fe24a4190ef513e46b1007,192,
174,138,True,False,ESCAVALIER_ALTERNATE_FORM_1,,False,back_shiny,12,,192,/tmp/reborn-plates-flat/ESCAVALIER_ALTERNATE_FORM_1_BACK_SHINY.png,9f3bf5dea2b92f7df5f06f9831d1008c66a56bc2564852b2d87dd467e56dbcea,192,
100,102,True,False,ESPEON_ALTERNATE_FORM_3,,False,front,11,,160,/tmp/reborn-plates-flat/ESPEON_ALTERNATE_FORM_3.png,4c9e5d3b74fcdb44f6b43e99092cf8fdcf71dc414404488dad985ca3ccb3606c,160,
94,84,True,False,ESPEON_ALTERNATE_FORM_3,,False,back,5,,192,/tmp/reborn-plates-flat/ESPEON_ALTERNATE_FORM_3_BACK.png,6be476728e7d126b2866e6aae52957c0bf5188efe82b3eb94cf2a40d8eff2315,192,
100,102,True,False,ESPEON_ALTERNATE_FORM_3,,False,front_shiny,12,,160,/tmp/reborn-plates-flat/ESPEON_ALTERNATE_FORM_3_SHINY.png,42e9caf19c2bf04439048a25d657063a02bdf6b49ba921790e5f4ec749519fd7,160,
94,84,True,False,ESPEON_ALTERNATE_FORM_3,,False,back_shiny,5,,192,/tmp/reborn-plates-flat/ESPEON_ALTERNATE_FORM_3_BACK_SHINY.png,070ee79929be15e9cbac0436bb8bcc39bea95d02e6f3b24d0e3da2487d2f995f,192,
96,158,True,False,FARFETCHD_ALTERNATE_FORM_1,,False,front,15,,160,/tmp/reborn-plates-flat/FARFETCHD_ALTERNATE_FORM_1.png,396eb06326bca6d17b337cc1bb851cb5128f38845b472774a00b56415f012f17,192,
100,154,True,False,FARFETCHD_ALTERNATE_FORM_1,,False,back,13,,192,/tmp/reborn-plates-flat/FARFETCHD_ALTERNATE_FORM_1_BACK.png,02dc70098341289bc041ba32b37771e90c5e1cf461b0110c1891a686e447ab6e,192,
96,158,True,False,FARFETCHD_ALTERNATE_FORM_1,,False,front_shiny,15,,160,/tmp/reborn-plates-flat/FARFETCHD_ALTERNATE_FORM_1_SHINY.png,85b072326821fc36ce93830d8567309f54dac509a6c258eee87792728b569612,192,
100,154,True,False,FARFETCHD_ALTERNATE_FORM_1,,False,back_shiny,13,,192,/tmp/reborn-plates-flat/FARFETCHD_ALTERNATE_FORM_1_BACK_SHINY.png,40c5af538dbbe38525b66d5a185d7cb9a66360f49a3ffcdacfd337044ec30f12,192,
182,154,True,False,FERALIGATR_ALTERNATE_FORM_1,,False,front,23,,192,/tmp/reborn-plates-flat/FERALIGATR_ALTERNATE_FORM_1.png,10ed5ceb9810b3b0bd33cac45882e96138675479361b78ac5f77f4e0b603cfd6,160,
146,174,True,False,FERALIGATR_ALTERNATE_FORM_1,,False,back,23,,192,/tmp/reborn-plates-flat/FERALIGATR_ALTERNATE_FORM_1_BACK.png,e9296f0ade321090af335331c42005a8fb794045ef8133b90a7a702100600bd7,192,
182,154,True,False,FERALIGATR_ALTERNATE_FORM_1,,False,front_shiny,25,,192,/tmp/reborn-plates-flat/FERALIGATR_ALTERNATE_FORM_1_SHINY.png,f2f81b58443163f7006c4fe16986b0eb07ab415b25681f5b26b0f9250e74a16d,160,
146,174,True,False,FERALIGATR_ALTERNATE_FORM_1,,False,back_shiny,25,,192,/tmp/reborn-plates-flat/FERALIGATR_ALTERNATE_FORM_1_BACK_SHINY.png,822da9def592f74ad4c1ec7b8e0fcc9d61d44a70e9e7544d6e28dd22afda52e3,192,
62,86,True,False,FERROSEED_ALTERNATE_FORM_1,,False,front,17,,192,/tmp/reborn-plates-flat/FERROSEED_ALTERNATE_FORM_1.png,0f68e79464e52305356b06f9d27dbe6d505b59b1e95e6b7c13c282fa5ce6c1d1,192,
62,80,True,False,FERROSEED_ALTERNATE_FORM_1,,False,back,12,,192,/tmp/reborn-plates-flat/FERROSEED_ALTERNATE_FORM_1_BACK.png,bbe3b9790e9c7819f1cb76a1b500ca7b7db01633555d529ee5c2263bca0ebd71,192,
68,86,True,False,FERROSEED_ALTERNATE_FORM_1,,False,front_shiny,20,,192,/tmp/reborn-plates-flat/FERROSEED_ALTERNATE_FORM_1_SHINY.png,78a82e7b3f872474001513904589e97085e94ba4bd473cbabe2b42f80fe303a2,192,
62,80,True,False,FERROSEED_ALTERNATE_FORM_1,,False,back_shiny,13,,192,/tmp/reborn-plates-flat/FERROSEED_ALTERNATE_FORM_1_BACK_SHINY.png,0e540ef833694fc2d1f6d2e10f900bc86e7d5b9cb3ec4edbf7b4a7cd8a5146c6,192,
128,130,True,False,FERROTHORN_ALTERNATE_FORM_1,,False,front,16,,192,/tmp/reborn-plates-flat/FERROTHORN_ALTERNATE_FORM_1.png,56998161a1770c124433034ed99d8bfdd235f6f1fcb876a08b11c0f28002cb9e,192,
128,140,True,False,FERROTHORN_ALTERNATE_FORM_1,,False,back,11,,192,/tmp/reborn-plates-flat/FERROTHORN_ALTERNATE_FORM_1_BACK.png,016c8d1f5a722c6b6a32442ffe01671d220f5da4584b27dc8aea7107593f2124,192,
130,130,True,False,FERROTHORN_ALTERNATE_FORM_1,,False,front_shiny,19,,192,/tmp/reborn-plates-flat/FERROTHORN_ALTERNATE_FORM_1_SHINY.png,eb1aaadc3782a669cb24ee9f1739ba1b8b7bcafd99edef1274f5c3c4aa16c31d,192,
138,140,True,False,FERROTHORN_ALTERNATE_FORM_1,,False,back_shiny,14,,192,/tmp/reborn-plates-flat/FERROTHORN_ALTERNATE_FORM_1_BACK_SHINY.png,40c9740b034d6a3636bcf9b4a9723011d32bf863ac1e3c87b48d288755a68632,192,
102,82,True,False,FLAAFFY_ALTERNATE_FORM_2,,False,front,13,,160,/tmp/reborn-plates-flat/FLAAFFY_ALTERNATE_FORM_2.png,db06f14fd8500e6b3950328d9049a05001c771887c2d4291167f642adcc74d4d,160,
102,84,True,False,FLAAFFY_ALTERNATE_FORM_2,,False,back,14,,192,/tmp/reborn-plates-flat/FLAAFFY_ALTERNATE_FORM_2_BACK.png,dadcaf58b203e760332f8cb6c56c110f05b9c4595095f20a8a66f4704e4f6ea8,192,
102,82,True,False,FLAAFFY_ALTERNATE_FORM_2,,False,front_shiny,17,,160,/tmp/reborn-plates-flat/FLAAFFY_ALTERNATE_FORM_2_SHINY.png,59f394ed4b54fd2826cd24df9a935493f1169a8708a9c26a94a60cda6bde3794,160,
102,84,True,False,FLAAFFY_ALTERNATE_FORM_2,,False,back_shiny,17,,192,/tmp/reborn-plates-flat/FLAAFFY_ALTERNATE_FORM_2_BACK_SHINY.png,9b80c288e61bd50f403d1a33d0c211314dafda90e506d768eb393b8aad45eb76,192,
126,102,True,False,FLAREON_ALTERNATE_FORM_3,,False,front,17,,192,/tmp/reborn-plates-flat/FLAREON_ALTERNATE_FORM_3.png,95b0df7c193461f853a2e918c248c738b60dfa5f28612f47814ef44314865b61,192,
118,142,True,False,FLAREON_ALTERNATE_FORM_3,,False,back,13,,192,/tmp/reborn-plates-flat/FLAREON_ALTERNATE_FORM_3_BACK.png,59a4bf1a6a0ce008f29cba9e8f36a530c70620cf63e431e3aea62e91ff7f94bb,192,
126,102,True,False,FLAREON_ALTERNATE_FORM_3,,False,front_shiny,17,,192,/tmp/reborn-plates-flat/FLAREON_ALTERNATE_FORM_3_SHINY.png,a11582eb7e9c19830d57332ba37ab8c511cd01ca7c66207f34be0b887d308325,192,
118,142,True,False,FLAREON_ALTERNATE_FORM_3,,False,back_shiny,13,,192,/tmp/reborn-plates-flat/FLAREON_ALTERNATE_FORM_3_BACK_SHINY.png,d5fdc75dfdbd607010772bc4d117553e69bdc751897176249e04c23cd1952620,192,
132,154,True,False,FLYGON_ALTERNATE_FORM_1,,False,front,20,,160,/tmp/reborn-plates-flat/FLYGON_ALTERNATE_FORM_1.png,c540377cf623ab8be39ff63b93dedd32e5ea9ca75008e808a05e4791725ad93e,160,
134,148,True,False,FLYGON_ALTERNATE_FORM_1,,False,back,17,,192,/tmp/reborn-plates-flat/FLYGON_ALTERNATE_FORM_1_BACK.png,370bf1921c2f0a11453b015b573047a9d0fe34ae78358ac165c85525642ba8b0,192,
132,154,True,False,FLYGON_ALTERNATE_FORM_1,,False,front_shiny,22,,160,/tmp/reborn-plates-flat/FLYGON_ALTERNATE_FORM_1_SHINY.png,26d3eca80bf6e7a38aaaac499d8f3b1c1799a9cb5562727a20ca4f49ce4f0491,160,
134,148,True,False,FLYGON_ALTERNATE_FORM_1,,False,back_shiny,20,,192,/tmp/reborn-plates-flat/FLYGON_ALTERNATE_FORM_1_BACK_SHINY.png,5503163bfaccf8571f46dd167dbaa0e8c1b5b80cf2ff4ac0888a55f055580fa8,192,
94,68,True,False,FOMANTIS_ALTERNATE_FORM_1,,False,front,17,,192,/tmp/reborn-plates-flat/FOMANTIS_ALTERNATE_FORM_1.png,8ed7d49bd7b437088a9a0d5852074ee409a0b6882da1f4144f890daafdb4821c,192,
100,64,True,False,FOMANTIS_ALTERNATE_FORM_1,,False,back,14,,192,/tmp/reborn-plates-flat/FOMANTIS_ALTERNATE_FORM_1_BACK.png,da60e2a15941560a34470dbe1a1d9d7b6c2618e3fca34a0555f6ba6a2f697d73,192,
94,68,True,False,FOMANTIS_ALTERNATE_FORM_1,,False,front_shiny,17,,192,/tmp/reborn-plates-flat/FOMANTIS_ALTERNATE_FORM_1_SHINY.png,408d490f5e93138d1f0dd44ecfee8c4284ca7081865ca55f5e8b71b5c243eef5,192,
100,64,True,False,FOMANTIS_ALTERNATE_FORM_1,,False,back_shiny,14,,192,/tmp/reborn-plates-flat/FOMANTIS_ALTERNATE_FORM_1_BACK_SHINY.png,673d1937d9012c56624694773cce7f022c7676edf00cf028b922314821af14e1,192,
110,78,True,False,GABITE_BLUETOWEL_ALTERNATE_FORMS_FORM_2,,False,front,19,,160,/tmp/reborn-plates-flat/GABITE_BLUETOWEL_ALTERNATE_FORMS_FORM_2.png,916f4794fdd8e5ec7f47db64ee1d3c936aebc8856d7ecb1ff5440302ee83a140,160,
104,88,True,False,GABITE_BLUETOWEL_ALTERNATE_FORMS_FORM_2,,False,back,23,,192,/tmp/reborn-plates-flat/GABITE_BLUETOWEL_ALTERNATE_FORMS_FORM_2_BACK.png,34972d4f82d01aee1a68242276f7a46f8c0d43300232ee51c0ebb0cf01ace40d,192,
110,78,True,False,GABITE_BLUETOWEL_ALTERNATE_FORMS_FORM_2,,False,front_shiny,21,,160,/tmp/reborn-plates-flat/GABITE_BLUETOWEL_ALTERNATE_FORMS_FORM_2_SHINY.png,d7bc25b7882885158fc530f56b28fbab5abb881e5624ccb9e6f7c0e4662c1b2d,160,
104,88,True,False,GABITE_BLUETOWEL_ALTERNATE_FORMS_FORM_2,,False,back_shiny,23,,192,/tmp/reborn-plates-flat/GABITE_BLUETOWEL_ALTERNATE_FORMS_FORM_2_BACK_SHINY.png,5862d0f67ac56f5ef2c3b2d227a3b50d7f2ab68c279a7db0fa4b1e54641b58c5,192,
148,164,True,False,GARBODOR_ALTERNATE_FORM_1,,False,front,144,,192,/tmp/reborn-plates-flat/GARBODOR_ALTERNATE_FORM_1.png,03a0e9ecdaa132c70bda54949de144a81c8a21601cdf7c058295dd81d19bb2d2,192,
146,174,True,False,GARBODOR_ALTERNATE_FORM_1,,False,back,34,,192,/tmp/reborn-plates-flat/GARBODOR_ALTERNATE_FORM_1_BACK.png,bd4cd55845061b107a4953969ad74b4ce94692f16e08ea3a3b902f9a4cdbac30,192,
148,164,True,False,GARBODOR_ALTERNATE_FORM_1,,False,front_shiny,80,,192,/tmp/reborn-plates-flat/GARBODOR_ALTERNATE_FORM_1_SHINY.png,456fa763d2f618c1631c15773bd4b43c328943d641662a8a66102be7ad7d1f85,192,
146,174,True,False,GARBODOR_ALTERNATE_FORM_1,,False,back_shiny,33,,192,/tmp/reborn-plates-flat/GARBODOR_ALTERNATE_FORM_1_BACK_SHINY.png,ebc0b6198dd3d4270346ab85c11c153441d37b03e42e129d56e9baa6766ad97a,192,
152,146,True,False,GARCHOMP_ALTERNATE_FORM_2,,False,front,20,,160,/tmp/reborn-plates-flat/GARCHOMP_ALTERNATE_FORM_2.png,9b9b11221c9ad157b3a64bb30aa93fdf45f2d3ffa7a8bd6f473a6e2e8c252ef7,160,
146,144,True,False,GARCHOMP_ALTERNATE_FORM_2,,False,back,10,,192,/tmp/reborn-plates-flat/GARCHOMP_ALTERNATE_FORM_2_BACK.png,a63b6ca0006ffe0a46a9d690608a87735e86a6b16fad82124fff183d0a558f51,192,
152,145,True,False,GARCHOMP_ALTERNATE_FORM_2,,False,front_shiny,24,,160,/tmp/reborn-plates-flat/GARCHOMP_ALTERNATE_FORM_2_SHINY.png,ab15c28ca9bd5494eac83a20c1640a24d6c87738fb31808571d17a19da2e87d9,160,
146,144,True,False,GARCHOMP_ALTERNATE_FORM_2,,False,back_shiny,23,,192,/tmp/reborn-plates-flat/GARCHOMP_ALTERNATE_FORM_2_BACK_SHINY.png,9033de114e56e8816aa7f5905fffb75914c50320282f80974bb4772eed6c4ce6,192,
154,186,True,False,GARCHOMP_ALTERNATE_MEGA_FORM_3,,False,front,25,,192,/tmp/reborn-plates-flat/GARCHOMP_ALTERNATE_MEGA_FORM_3.png,23ae0d97e516a96bb8b3f39a6547930f84fe4c537c02b7389d6f65777ec875a3,192,
140,140,True,False,GARCHOMP_ALTERNATE_MEGA_FORM_3,,False,back,19,,192,/tmp/reborn-plates-flat/GARCHOMP_ALTERNATE_MEGA_FORM_3_BACK.png,b6edd6fe697f487e69da20eaf9c543f18b2df52c3f2c323e8da8ea1481291273,192,
154,186,True,False,GARCHOMP_ALTERNATE_MEGA_FORM_3,,False,front_shiny,25,,192,/tmp/reborn-plates-flat/GARCHOMP_ALTERNATE_MEGA_FORM_3_SHINY.png,2223256480638002b998816252196cafc57e8b8fdfabbfdc46a92c32b9aa6204,192,
140,140,True,False,GARCHOMP_ALTERNATE_MEGA_FORM_3,,False,back_shiny,19,,192,/tmp/reborn-plates-flat/GARCHOMP_ALTERNATE_MEGA_FORM_3_BACK_SHINY.png,1d80108850b9015843442da5654336cbf11aa7e4440bcae624023fbae590e01e,192,
150,186,True,False,GARCHOMP_BLUETOWEL_ALTERNATE_FORMS_FORM_1,,False,front,17,,192,/tmp/reborn-plates-flat/GARCHOMP_BLUETOWEL_ALTERNATE_FORMS_FORM_1.png,33774ecee522982a950e006a8df92809dee8b83ee77865e9f668495594eff84b,192,
146,146,True,False,GARCHOMP_BLUETOWEL_ALTERNATE_FORMS_FORM_1,,False,back,16,,192,/tmp/reborn-plates-flat/GARCHOMP_BLUETOWEL_ALTERNATE_FORMS_FORM_1_BACK.png,2cc2d023cb1fcc8b4f829379b0e487f40f05ada588c1a22e2cfda678c5198562,192,
150,186,True,False,GARCHOMP_BLUETOWEL_ALTERNATE_FORMS_FORM_1,,False,front_shiny,19,,192,/tmp/reborn-plates-flat/GARCHOMP_BLUETOWEL_ALTERNATE_FORMS_FORM_1_SHINY.png,2aed15c2dceb32bf5d67627a33cb644f8879dff2b38513050f7cea6cfcaa1c55,192,
146,146,True,False,GARCHOMP_BLUETOWEL_ALTERNATE_FORMS_FORM_1,,False,back_shiny,18,,192,/tmp/reborn-plates-flat/GARCHOMP_BLUETOWEL_ALTERNATE_FORMS_FORM_1_BACK_SHINY.png,6c282f6e0b4152373194a25d50133e0715f2679d005c0f4c3c9a31147a13f64e,192,
144,160,True,False,GARDEVOIR_ALTERNATE_FORM_3,,False,front,15,,160,/tmp/reborn-plates-flat/GARDEVOIR_ALTERNATE_FORM_3.png,231a595a1d58f4676075e807b26119f41aeefbde6a8ede7e4f9df38e3a0aac94,160,
170,160,True,False,GARDEVOIR_ALTERNATE_FORM_3,,False,back,13,,192,/tmp/reborn-plates-flat/GARDEVOIR_ALTERNATE_FORM_3_BACK.png,00be780d046020fd65de6ceaf3f08d22a26a5c9d22fd14331996cb7e9e9f192d,192,
144,160,True,False,GARDEVOIR_ALTERNATE_FORM_3,,False,front_shiny,16,,160,/tmp/reborn-plates-flat/GARDEVOIR_ALTERNATE_FORM_3_SHINY.png,819da150c7a46dc51ce35fbf0a032013679339574610bfe2fcd9867bd1ffdf0a,160,
170,160,True,False,GARDEVOIR_ALTERNATE_FORM_3,,False,back_shiny,14,,192,/tmp/reborn-plates-flat/GARDEVOIR_ALTERNATE_FORM_3_BACK_SHINY.png,3a6d529137df8a3d55ab6b62edda9c9bf7021854c8a17b548efa9e0f523ca9e7,192,
192,192,True,False,GARDEVOIR_MEGA_ALTERNATE_FORM_4,,False,front,19,,192,/tmp/reborn-plates-flat/GARDEVOIR_MEGA_ALTERNATE_FORM_4.png,192f29a3c00c3d170e142ca44f375d393d3d9c23d96bb5d54abcc2fa1ed53789,192,
192,192,True,False,GARDEVOIR_MEGA_ALTERNATE_FORM_4,,False,back,22,,192,/tmp/reborn-plates-flat/GARDEVOIR_MEGA_ALTERNATE_FORM_4_BACK.png,b7dacef60bf0bddf3ec8a41968654d30c7c9f337cdf50fa55153818d6b4a5d08,192,
192,192,True,False,GARDEVOIR_MEGA_ALTERNATE_FORM_4,,False,front_shiny,20,,192,/tmp/reborn-plates-flat/GARDEVOIR_MEGA_ALTERNATE_FORM_4_SHINY.png,29f094fbf929f0b0ba090c2221f306603b64b8d982620b68f96d9d1660f1c8be,192,
192,192,True,False,GARDEVOIR_MEGA_ALTERNATE_FORM_4,,False,back_shiny,23,,192,/tmp/reborn-plates-flat/GARDEVOIR_MEGA_ALTERNATE_FORM_4_BACK_SHINY.png,09cf3f3d70e35c2b3bb1719e3a28b0f110adb3c38e78d050c9c58833c5a29943,192,
54,56,True,True,GASTLY_ALTERNATE_FORM_2,/tmp/reborn-converted/gastly_alternate_form_2/front.png,False,front,10,,160,/tmp/reborn-plates-flat/GASTLY_ALTERNATE_FORM_2.png,b710279a529b4f3c33839d5c57f1aa43adfc8033043f950e85b340daf81729b6,160,10
52,52,True,True,GASTLY_ALTERNATE_FORM_2,/tmp/reborn-converted/gastly_alternate_form_2/back.png,False,back,8,,192,/tmp/reborn-plates-flat/GASTLY_ALTERNATE_FORM_2_BACK.png,642be18964c1b9d9920065843142227a053d80311a9805ec73879274703cbe86,192,8
54,56,True,True,GASTLY_ALTERNATE_FORM_2,/tmp/reborn-converted/gastly_alternate_form_2/front-shiny.png,False,front_shiny,13,,160,/tmp/reborn-plates-flat/GASTLY_ALTERNATE_FORM_2_SHINY.png,3a99ba71bb280f3c0be8e410da41dd224c7e26106632562766a7e37a9f4151ce,160,13
52,52,True,True,GASTLY_ALTERNATE_FORM_2,/tmp/reborn-converted/gastly_alternate_form_2/back-shiny.png,False,back_shiny,8,,192,/tmp/reborn-plates-flat/GASTLY_ALTERNATE_FORM_2_BACK_SHINY.png,980705c98f1494b4602220f934af4ea4029b5d54ed1e488ddc848c0e780c695f,192,8
108,112,True,False,GENGAR_ALTERNATE_FORM_2,,False,front,9,,160,/tmp/reborn-plates-flat/GENGAR_ALTERNATE_FORM_2.png,b69bf4a4ca69a885e2ac01ab70fc46a68485d61799ff269b7b68d73066c4aa5b,160,
110,110,True,False,GENGAR_ALTERNATE_FORM_2,,False,back,4,,192,/tmp/reborn-plates-flat/GENGAR_ALTERNATE_FORM_2_BACK.png,79c938ebdcdd7171a410ad5395a804dd4a28d309d9f7a42fd94524eaff443542,192,
104,112,True,False,GENGAR_ALTERNATE_FORM_2,,False,front_shiny,12,,160,/tmp/reborn-plates-flat/GENGAR_ALTERNATE_FORM_2_SHINY.png,8418bcbfcae3c86a2166155feeb9de8c605892078dc626069c8d0976ee3b806d,160,
108,110,True,False,GENGAR_ALTERNATE_FORM_2,,False,back_shiny,6,,192,/tmp/reborn-plates-flat/GENGAR_ALTERNATE_FORM_2_BACK_SHINY.png,87a002cf28b8810e136d42adacbcc7206f479cbbf399fdde208b323f8fccac7b,192,
132,152,True,False,GENGAR_ALTERNATE_FORM_3,,False,front,11,,192,/tmp/reborn-plates-flat/GENGAR_ALTERNATE_FORM_3.png,486df6f7552a7555b8084d9718bc27aae80797147a5893493b007b12a68050ff,192,
134,172,True,False,GENGAR_ALTERNATE_FORM_3,,False,back,4,,192,/tmp/reborn-plates-flat/GENGAR_ALTERNATE_FORM_3_BACK.png,ff590f1d7ac819a40dd1d71e818d2c9063baaea340cdeb696088cad1f668b5fc,192,
132,152,True,False,GENGAR_ALTERNATE_FORM_3,,False,front_shiny,150,,192,/tmp/reborn-plates-flat/GENGAR_ALTERNATE_FORM_3_SHINY.png,827962dff61d8e7dac09c685f9961fcff062d3cc2562cbfcc3b1a25957c0e297,192,
134,172,True,False,GENGAR_ALTERNATE_FORM_3,,False,back_shiny,226,,192,/tmp/reborn-plates-flat/GENGAR_ALTERNATE_FORM_3_BACK_SHINY.png,83f3f3627729766c3f58110e3364b0913624e7684415848c526188574d5418c5,192,
62,120,True,False,GEODUDE_BLUETOWEL_ALTERNATE_FORMS_FORM_2,,False,front,9,,160,/tmp/reborn-plates-flat/GEODUDE_BLUETOWEL_ALTERNATE_FORMS_FORM_2.png,499aac3a57fb93d7e2ce3da4aa4fa9e725a3c5a9c9583bcab831d0d7b3168310,160,
60,114,True,False,GEODUDE_BLUETOWEL_ALTERNATE_FORMS_FORM_2,,False,back,9,,192,/tmp/reborn-plates-flat/GEODUDE_BLUETOWEL_ALTERNATE_FORMS_FORM_2_BACK.png,5e2211bafc02e6e715676cd156379b2b99bbee576a129eac0a4d327cdac2e7d9,192,
62,120,True,False,GEODUDE_BLUETOWEL_ALTERNATE_FORMS_FORM_2,,False,front_shiny,11,,160,/tmp/reborn-plates-flat/GEODUDE_BLUETOWEL_ALTERNATE_FORMS_FORM_2_SHINY.png,b5445dd8b71193440dcf254d441901e3dd33a5effde7f9c5fb40dd41d0ad33c1,160,
60,114,True,False,GEODUDE_BLUETOWEL_ALTERNATE_FORMS_FORM_2,,False,back_shiny,10,,192,/tmp/reborn-plates-flat/GEODUDE_BLUETOWEL_ALTERNATE_FORMS_FORM_2_BACK_SHINY.png,5ce60f26bc68f59c1f3c24551180b530c5040cd1933684dc6fc3710743245dcb,192,
76,70,True,False,GIBLE_BLUETOWEL_ALTERNATE_FORMS_FORM_2,,False,front,18,,160,/tmp/reborn-plates-flat/GIBLE_BLUETOWEL_ALTERNATE_FORMS_FORM_2.png,8f9bc8808da9902ef130881f58921526721c65dcbb2a6910422fdbf2ae677586,160,
76,66,True,False,GIBLE_BLUETOWEL_ALTERNATE_FORMS_FORM_2,,False,back,25,,192,/tmp/reborn-plates-flat/GIBLE_BLUETOWEL_ALTERNATE_FORMS_FORM_2_BACK.png,495d6e99ffda067553e5650685ec085d5d964a19cbe790ed4316435310752f34,192,
76,70,True,False,GIBLE_BLUETOWEL_ALTERNATE_FORMS_FORM_2,,False,front_shiny,19,,160,/tmp/reborn-plates-flat/GIBLE_BLUETOWEL_ALTERNATE_FORMS_FORM_2_SHINY.png,8d34896a10d6fd919e2e4398933142e4d7aa8482eb5591f1d1944303dd84f5cb,160,
76,66,True,False,GIBLE_BLUETOWEL_ALTERNATE_FORMS_FORM_2,,False,back_shiny,24,,192,/tmp/reborn-plates-flat/GIBLE_BLUETOWEL_ALTERNATE_FORMS_FORM_2_BACK_SHINY.png,b2763d9c1cf529b7b5438e67374324c47693635fa852aa4dbb74c306e9838313,192,
138,108,True,False,GIRAFARIG_BLUETOWEL_ALTERNATE_FORM_FORM_1,,False,front,15,,160,/tmp/reborn-plates-flat/GIRAFARIG_BLUETOWEL_ALTERNATE_FORM_FORM_1.png,13001afb9ff78c865a8fbc0fa01e9b2fb98fd71b73bd05f13c9b22748df4087b,160,
134,102,True,False,GIRAFARIG_BLUETOWEL_ALTERNATE_FORM_FORM_1,,False,back,15,,192,/tmp/reborn-plates-flat/GIRAFARIG_BLUETOWEL_ALTERNATE_FORM_FORM_1_BACK.png,e8a836e50122137bbdfc1a617dbea3816d4b87bad08c65f6de189a52cb76f648,192,
138,108,True,False,GIRAFARIG_BLUETOWEL_ALTERNATE_FORM_FORM_1,,False,front_shiny,16,,160,/tmp/reborn-plates-flat/GIRAFARIG_BLUETOWEL_ALTERNATE_FORM_FORM_1_SHINY.png,21e92a548f5e9f98611b8cf22a9be1862182bdac672c06d8f408d81d1c60aecd,160,
134,102,True,False,GIRAFARIG_BLUETOWEL_ALTERNATE_FORM_FORM_1,,False,back_shiny,16,,192,/tmp/reborn-plates-flat/GIRAFARIG_BLUETOWEL_ALTERNATE_FORM_FORM_1_BACK_SHINY.png,74b72185c8ce48590ad605def95ec282adc574796906ac971890fc6a7e8e2f7a,192,
106,114,True,False,GLACEON_ALTERNATE_FORM_3,,False,front,13,,160,/tmp/reborn-plates-flat/GLACEON_ALTERNATE_FORM_3.png,34fbebe5fefd579063dcabc65b9bf6d60b724b956e5fa7cd5b1f24a103bfd3a9,160,
108,104,True,False,GLACEON_ALTERNATE_FORM_3,,False,back,18,,192,/tmp/reborn-plates-flat/GLACEON_ALTERNATE_FORM_3_BACK.png,4d499df2e2fa18e6e8ea5434971dfa9b65c466c895f0c719ba53821529d5861b,192,
106,114,True,False,GLACEON_ALTERNATE_FORM_3,,False,front_shiny,13,,160,/tmp/reborn-plates-flat/GLACEON_ALTERNATE_FORM_3_SHINY.png,4d10028c0be9a6f1ea3824ca927bed3da4f7dd6d2a3d8c6288746510881c2d27,160,
108,104,True,False,GLACEON_ALTERNATE_FORM_3,,False,back_shiny,13,,192,/tmp/reborn-plates-flat/GLACEON_ALTERNATE_FORM_3_BACK_SHINY.png,bdfd921130554caa9cc3dddd4669d196fceab412442b56b77fd4856b856b05c4,192,
116,110,True,False,GLAMEOW_ALTERNATE_FORM_1,,False,front,19,,160,/tmp/reborn-plates-flat/GLAMEOW_ALTERNATE_FORM_1.png,bdcad6056850253e957c9bc9906dfce05548b1111fe2ec51d10daf383689e2ae,160,
106,114,True,False,GLAMEOW_ALTERNATE_FORM_1,,False,back,19,,192,/tmp/reborn-plates-flat/GLAMEOW_ALTERNATE_FORM_1_BACK.png,a2a123664ba4017ac2604e468c266de1b951c661f2839991b003ed345eb5d604,192,
116,110,True,False,GLAMEOW_ALTERNATE_FORM_1,,False,front_shiny,19,,160,/tmp/reborn-plates-flat/GLAMEOW_ALTERNATE_FORM_1_SHINY.png,deae54126f72ecadaa90f1a7430e2110f77a2f26b10d147bda0a6e3e6bb5a020,160,
106,114,True,False,GLAMEOW_ALTERNATE_FORM_1,,False,back_shiny,19,,192,/tmp/reborn-plates-flat/GLAMEOW_ALTERNATE_FORM_1_BACK_SHINY.png,00a99e7b4242cafd5be9b6e437cea9384d98c37d6f1fdd9ccc0e2c6b2112f6e4,192,
102,118,True,False,GLIGAR_ALTERNATE_FORM_1,,False,front,14,,160,/tmp/reborn-plates-flat/GLIGAR_ALTERNATE_FORM_1.png,1811d2e2dc8041ca7cd27dda6c9ab91141996c5e0144216eae9e526f68718e2f,160,
110,114,True,False,GLIGAR_ALTERNATE_FORM_1,,False,back,8,,192,/tmp/reborn-plates-flat/GLIGAR_ALTERNATE_FORM_1_BACK.png,35f753e1d440c890daae81eec2e1d9502ea969a4dc22cbed96eb67a4b9afc33e,192,
102,118,True,False,GLIGAR_ALTERNATE_FORM_1,,False,front_shiny,14,,160,/tmp/reborn-plates-flat/GLIGAR_ALTERNATE_FORM_1_SHINY.png,a90c46dbd7339e9e802aa13ecf7c97de3349def148ddd4b4972a71bdde6a3e15,160,
110,114,True,False,GLIGAR_ALTERNATE_FORM_1,,False,back_shiny,8,,192,/tmp/reborn-plates-flat/GLIGAR_ALTERNATE_FORM_1_BACK_SHINY.png,27218dfa1dd44f525da52dc0b0f53e0aebc262a810dcfd42dcb04685738d20ea,192,
116,142,True,False,GLISCOR_ALTERNATE_FORM_1,,False,front,21,,160,/tmp/reborn-plates-flat/GLISCOR_ALTERNATE_FORM_1.png,9a87a7b8b523e1367f3dddda81688909a74986e0f2015db6abd48beed366629e,160,
118,176,True,False,GLISCOR_ALTERNATE_FORM_1,,False,back,14,,192,/tmp/reborn-plates-flat/GLISCOR_ALTERNATE_FORM_1_BACK.png,e9a962d0917ec969ae625bb1bd6e0c1715040ee654806b5c07a4f45feb76bf2c,192,
116,142,True,False,GLISCOR_ALTERNATE_FORM_1,,False,front_shiny,25,,160,/tmp/reborn-plates-flat/GLISCOR_ALTERNATE_FORM_1_SHINY.png,2dd9e61d50879c204de3372e4fbad614bc9d67838f3b759a139113cb3e3ef924,160,
118,176,True,False,GLISCOR_ALTERNATE_FORM_1,,False,back_shiny,14,,192,/tmp/reborn-plates-flat/GLISCOR_ALTERNATE_FORM_1_BACK_SHINY.png,adcb98f1ced093685507dca9190a3b90a5cec69b92ff017703f91a39505b4d43,192,
112,126,True,False,GOLEM_BLUETOWEL_ALTERNATE_FORMS_FORM_2,,False,front,21,,160,/tmp/reborn-plates-flat/GOLEM_BLUETOWEL_ALTERNATE_FORMS_FORM_2.png,c42486690316ae2dcd4de421892950b22f0bef367bf909454837ef48e9d7c06f,160,
110,132,True,False,GOLEM_BLUETOWEL_ALTERNATE_FORMS_FORM_2,,False,back,18,,192,/tmp/reborn-plates-flat/GOLEM_BLUETOWEL_ALTERNATE_FORMS_FORM_2_BACK.png,643891f5f7ecd8bebbbc735e9006e2d414445b4410dc0e5bd479a7a2266ba287,192,
112,126,True,False,GOLEM_BLUETOWEL_ALTERNATE_FORMS_FORM_2,,False,front_shiny,19,,160,/tmp/reborn-plates-flat/GOLEM_BLUETOWEL_ALTERNATE_FORMS_FORM_2_SHINY.png,3ef7909f7a10d49319894a2ba90b19fbf6575484f41cd0bc8a4a3ff1ebb5dcc5,160,
110,132,True,False,GOLEM_BLUETOWEL_ALTERNATE_FORMS_FORM_2,,False,back_shiny,16,,192,/tmp/reborn-plates-flat/GOLEM_BLUETOWEL_ALTERNATE_FORMS_FORM_2_BACK_SHINY.png,68a352d0214bd3c5056cb0e192f7373aff4f660aec2411e10b6ddf4449a54e7c,192,
112,116,True,False,GOLETT_ALTERNATE_FORM_1,,False,front,13,,192,/tmp/reborn-plates-flat/GOLETT_ALTERNATE_FORM_1.png,5a89a641cb847d12af08220698eb301ce2a77bf5c11d9ef32d5df270c7a11484,192,
118,112,True,False,GOLETT_ALTERNATE_FORM_1,,False,back,13,,192,/tmp/reborn-plates-flat/GOLETT_ALTERNATE_FORM_1_BACK.png,354223925f0f81662af20b34f390781b486d4e2a5d1e7b324afc1eded0335c11,192,
112,116,True,False,GOLETT_ALTERNATE_FORM_1,,False,front_shiny,13,,192,/tmp/reborn-plates-flat/GOLETT_ALTERNATE_FORM_1_SHINY.png,ef2f90ee9b296c34bf63199080ff473f04ee02b99d85aca8eb66eecca5d77ac8,192,
118,112,True,False,GOLETT_ALTERNATE_FORM_1,,False,back_shiny,13,,192,/tmp/reborn-plates-flat/GOLETT_ALTERNATE_FORM_1_BACK_SHINY.png,bba8893f56ed8db907dcbfa7162765cb4db1a0fbd7d5d0052f969d8e632c3c90,192,
158,154,True,False,GOLURK_ALTERNATE_FORM_1,,False,front,18,,192,/tmp/reborn-plates-flat/GOLURK_ALTERNATE_FORM_1.png,8ce1ac0476a233f892b5e886e5429ae25ca11dfe9094da42909062c895790c29,192,
160,142,True,False,GOLURK_ALTERNATE_FORM_1,,False,back,15,,192,/tmp/reborn-plates-flat/GOLURK_ALTERNATE_FORM_1_BACK.png,97e2bc907768af58935949eda443f0eca273e6a589f3d67a2d31678ece227048,192,
158,154,True,False,GOLURK_ALTERNATE_FORM_1,,False,front_shiny,18,,192,/tmp/reborn-plates-flat/GOLURK_ALTERNATE_FORM_1_SHINY.png,de4e5998450f1ba70b38dac3a103c274f8688771f599b7c61d2b33d725c16353,192,
160,142,True,False,GOLURK_ALTERNATE_FORM_1,,False,back_shiny,14,,192,/tmp/reborn-plates-flat/GOLURK_ALTERNATE_FORM_1_BACK_SHINY.png,8b687dba2b5c65b854440d0b571cfb73f51c226ada54b2180680b378336c7737,192,
184,140,True,False,GOODRA_ALTERNATE_FORM_1,,False,front,30,,192,/tmp/reborn-plates-flat/GOODRA_ALTERNATE_FORM_1.png,1e6dd7e24dbead7b1eda2233e0fc652d0fb1d7b4cc73ff9a00b8465fc5fa156c,192,
158,94,True,False,GOODRA_ALTERNATE_FORM_1,,False,back,21,,192,/tmp/reborn-plates-flat/GOODRA_ALTERNATE_FORM_1_BACK.png,79253995cef402c1a6d228b1e57ef494187975234a605323ff77b245a2d9d4f9,192,
184,140,True,False,GOODRA_ALTERNATE_FORM_1,,False,front_shiny,26,,192,/tmp/reborn-plates-flat/GOODRA_ALTERNATE_FORM_1_SHINY.png,794a3e084577aa16ec71b89579ee0607d34693389557bdcd76b732929870a3e1,192,
158,94,True,False,GOODRA_ALTERNATE_FORM_1,,False,back_shiny,15,,192,/tmp/reborn-plates-flat/GOODRA_ALTERNATE_FORM_1_BACK_SHINY.png,f6715828dee214d0f97350ab50533afd243e774ad4481b566ce7ddeda5edbb7c,192,
160,114,True,False,GOODRA_ALTERNATE_FORM_2,,False,front,14,,192,/tmp/reborn-plates-flat/GOODRA_ALTERNATE_FORM_2.png,5485253e63d13adf7741e2c7805d5278e75cbda378c0495058fb5d294bb67ad0,192,
160,114,True,False,GOODRA_ALTERNATE_FORM_2,,False,back,14,,192,/tmp/reborn-plates-flat/GOODRA_ALTERNATE_FORM_2_BACK.png,fcce070e3c27d299db991b31350a024ec6a817ed4570f18458d8dffbcf076b9f,192,
160,114,True,False,GOODRA_ALTERNATE_FORM_2,,False,front_shiny,16,,192,/tmp/reborn-plates-flat/GOODRA_ALTERNATE_FORM_2_SHINY.png,355cd4888bac87f260072393045622272628b4c15e60421aba6cfc5fc0f8bfdf,192,
160,114,True,False,GOODRA_ALTERNATE_FORM_2,,False,back_shiny,16,,192,/tmp/reborn-plates-flat/GOODRA_ALTERNATE_FORM_2_BACK_SHINY.png,6d340f9296542f0b78c9e671b9085c0251229bc6f39831dbc68e4bf7fb7417ac,192,
92,70,True,False,GOOMY_ALTERNATE_FORM_1,,False,front,10,,192,/tmp/reborn-plates-flat/GOOMY_ALTERNATE_FORM_1.png,468676a1ceac2236fa04a1e9f621a56e383f5d7cf33432f09a3e2845e61fe8e1,192,
94,70,True,False,GOOMY_ALTERNATE_FORM_1,,False,back,10,,192,/tmp/reborn-plates-flat/GOOMY_ALTERNATE_FORM_1_BACK.png,d285b3f7367bd3bd4e495f93a178d78c26370076abfaf52745dc57660eb74a15,192,
92,70,True,False,GOOMY_ALTERNATE_FORM_1,,False,front_shiny,10,,192,/tmp/reborn-plates-flat/GOOMY_ALTERNATE_FORM_1_SHINY.png,76c800c24adfaf2f68b7f0282f39e4d21617f925ca18e3ee99f84e25089411cc,192,
94,70,True,False,GOOMY_ALTERNATE_FORM_1,,False,back_shiny,10,,192,/tmp/reborn-plates-flat/GOOMY_ALTERNATE_FORM_1_BACK_SHINY.png,a3122844b02c1d1a98c297c2f03e4e6bee15a344ada52790847ebf5b2cd958b4,192,
116,106,True,False,GRANBULL_ALTERNATE_FORM_1,,False,front,14,,160,/tmp/reborn-plates-flat/GRANBULL_ALTERNATE_FORM_1.png,156f23aef4fbb15378d9a3af8503f39c317778f1087a4f2646a1d0988f8d017e,160,
112,98,True,False,GRANBULL_ALTERNATE_FORM_1,,False,back,7,,192,/tmp/reborn-plates-flat/GRANBULL_ALTERNATE_FORM_1_BACK.png,a95b591169f6d4602ea3bd56b8cff3ca0f964e251a3883f920aad6658052dc7b,192,
116,106,True,False,GRANBULL_ALTERNATE_FORM_1,,False,front_shiny,14,,160,/tmp/reborn-plates-flat/GRANBULL_ALTERNATE_FORM_1_SHINY.png,25c9a33b3a86bb84fd36785ddb4e1acdcf450ea56c47cf17c9e42a61f299e936,160,
112,98,True,False,GRANBULL_ALTERNATE_FORM_1,,False,back_shiny,7,,192,/tmp/reborn-plates-flat/GRANBULL_ALTERNATE_FORM_1_BACK_SHINY.png,8ddc174642b3bd3a956d8cb52c515e202ff59270ceedb68a77709fc0f0599f5a,192,
102,134,True,False,GRAVELER_BLUETOWEL_ALTERNATE_FORMS_FORM_2,,False,front,13,,160,/tmp/reborn-plates-flat/GRAVELER_BLUETOWEL_ALTERNATE_FORMS_FORM_2.png,d7fe7982730f1bffca3c2722aaef8557e70ed4a97c9f5429adc7df8bce04b552,160,
102,130,True,False,GRAVELER_BLUETOWEL_ALTERNATE_FORMS_FORM_2,,False,back,10,,192,/tmp/reborn-plates-flat/GRAVELER_BLUETOWEL_ALTERNATE_FORMS_FORM_2_BACK.png,979e23027d49d85a442e95f5436c0acb090ce4e3fd2a89b51ee37977e02d11ac,192,
102,134,True,False,GRAVELER_BLUETOWEL_ALTERNATE_FORMS_FORM_2,,False,front_shiny,11,,160,/tmp/reborn-plates-flat/GRAVELER_BLUETOWEL_ALTERNATE_FORMS_FORM_2_SHINY.png,9581ee053b706628be5ea4f122e90664211d703a82af72525cf492ca9460b4dd,160,
102,130,True,False,GRAVELER_BLUETOWEL_ALTERNATE_FORMS_FORM_2,,False,back_shiny,11,,192,/tmp/reborn-plates-flat/GRAVELER_BLUETOWEL_ALTERNATE_FORMS_FORM_2_BACK_SHINY.png,42062cdd653cca9b140b68c00636e408c4586fc85c503a44bdabafd3774cf49d,192,
158,152,True,False,GRENINJA_ALTERNATE_FORM_1,,False,front,18,,192,/tmp/reborn-plates-flat/GRENINJA_ALTERNATE_FORM_1.png,6594d30b75c40fe0484046d6c2c993b3c75c4aff3d2636766a71d11df42bcf35,192,
130,146,True,False,GRENINJA_ALTERNATE_FORM_1,,False,back,15,,192,/tmp/reborn-plates-flat/GRENINJA_ALTERNATE_FORM_1_BACK.png,f2806c6dd1ff58babdd0f7d1e6147f3e29aabe1be96a86b84aa1957b17fdde43,192,
158,152,True,False,GRENINJA_ALTERNATE_FORM_1,,False,front_shiny,18,,192,/tmp/reborn-plates-flat/GRENINJA_ALTERNATE_FORM_1_SHINY.png,c1fa4d9fda78e41599b5afa6b0986e4df6a175febd0973c18877adb5f1f70b7d,192,
130,146,True,False,GRENINJA_ALTERNATE_FORM_1,,False,back_shiny,13,,192,/tmp/reborn-plates-flat/GRENINJA_ALTERNATE_FORM_1_BACK_SHINY.png,fbcdeeca68566d24c92524020684187a9ff35373740a8e2db6344f476352518b,192,
116,140,True,False,GROVYLE_ALTERNATE_FORM_2,,False,front,14,,160,/tmp/reborn-plates-flat/GROVYLE_ALTERNATE_FORM_2.png,af0428166f2ddbabf26e086c41ad32b5b9a42683167e64d919a1584473f54d9c,160,
122,124,True,False,GROVYLE_ALTERNATE_FORM_2,,False,back,12,,192,/tmp/reborn-plates-flat/GROVYLE_ALTERNATE_FORM_2_BACK.png,b1b60249dbe88f84910b017f8988e8d351e141af8ce8bb66d2a4fbcbdd789319,192,
116,140,True,False,GROVYLE_ALTERNATE_FORM_2,,False,front_shiny,14,,160,/tmp/reborn-plates-flat/GROVYLE_ALTERNATE_FORM_2_SHINY.png,9b3f3bddb2780679edc0f92048964d0450bb93e9ed87b1781a79ddf2679f80b8,160,
122,124,True,False,GROVYLE_ALTERNATE_FORM_2,,False,back_shiny,12,,192,/tmp/reborn-plates-flat/GROVYLE_ALTERNATE_FORM_2_BACK_SHINY.png,5018968ced0952efef37f5956545ac92b9b21682e16edc67331a8626d1d3a682,192,
114,106,True,False,GRUMPIG_ALTERNATE_FORM_1,,False,front,22,,160,/tmp/reborn-plates-flat/GRUMPIG_ALTERNATE_FORM_1.png,5f20835db966b6ba753b9a146660b5e409f3cd2280d3a3aa1eaf108e4532517a,160,
126,124,True,False,GRUMPIG_ALTERNATE_FORM_1,,False,back,20,,192,/tmp/reborn-plates-flat/GRUMPIG_ALTERNATE_FORM_1_BACK.png,6112f02b908ce8b8988123df66c895e348dd92fe2bad1f5462bc6f238bbdbdda,192,
114,106,True,False,GRUMPIG_ALTERNATE_FORM_1,,False,front_shiny,23,,160,/tmp/reborn-plates-flat/GRUMPIG_ALTERNATE_FORM_1_SHINY.png,c38cc98736253e3a206e6ac37b7d78f83c9b40c9e8030c76eb72aed449c94125,160,
126,124,True,False,GRUMPIG_ALTERNATE_FORM_1,,False,back_shiny,20,,192,/tmp/reborn-plates-flat/GRUMPIG_ALTERNATE_FORM_1_BACK_SHINY.png,e13628d0e8bda9328b7a146cc8339a975c626a35a806fedd40eea9863b7c4fc1,192,
144,120,True,False,GURDURR_ALTERNATE_FORM_1,,False,front,32,,192,/tmp/reborn-plates-flat/GURDURR_ALTERNATE_FORM_1.png,bda1cad3f055d07f8329ec224d475af39c279c299ed0ab0176bddec8e58d911f,192,
144,120,True,False,GURDURR_ALTERNATE_FORM_1,,False,back,31,,192,/tmp/reborn-plates-flat/GURDURR_ALTERNATE_FORM_1_BACK.png,2bcacdb483cf8ea68cc2f08d68a5ffb63cdfd8fd2a532c608a0680fb1f784d8c,192,
144,120,True,False,GURDURR_ALTERNATE_FORM_1,,False,front_shiny,35,,192,/tmp/reborn-plates-flat/GURDURR_ALTERNATE_FORM_1_SHINY.png,2f113eb6270af942b91e08b504c99e7871edb517a3731d59027c7e515d803731,192,
144,120,True,False,GURDURR_ALTERNATE_FORM_1,,False,back_shiny,32,,192,/tmp/reborn-plates-flat/GURDURR_ALTERNATE_FORM_1_BACK_SHINY.png,ffc206d80b3bdc22eb2f65070436d164e823940f648651a1e4afcc5ad9e4fbf4,192,
160,160,True,False,GYARADOS_ALTERNATE_FORM_2,,False,front,26,,160,/tmp/reborn-plates-flat/GYARADOS_ALTERNATE_FORM_2.png,c246219ff75c6de689590be3962deb4186e550d50d954bb52ef65f14c62d2e92,160,
160,186,True,False,GYARADOS_ALTERNATE_FORM_2,,False,back,14,,192,/tmp/reborn-plates-flat/GYARADOS_ALTERNATE_FORM_2_BACK.png,8d9128f9350e4980261b74905980927efc075cb6cad082e0067852f3ce74dbbe,192,
160,160,True,False,GYARADOS_ALTERNATE_FORM_2,,False,front_shiny,24,,160,/tmp/reborn-plates-flat/GYARADOS_ALTERNATE_FORM_2_SHINY.png,e189c2a3f0a144b10e00c530f38af567649773294dc495dba005639507162bd1,160,
160,186,True,False,GYARADOS_ALTERNATE_FORM_2,,False,back_shiny,14,,192,/tmp/reborn-plates-flat/GYARADOS_ALTERNATE_FORM_2_BACK_SHINY.png,6f80e988382f62f93f601b8781c77d15e1bfa0dbe0186b1e782267f8fff1b9bd,192,
160,174,True,False,GYARADOS_MEGA_ALTERNATE_FORM_3,,False,front,27,,192,/tmp/reborn-plates-flat/GYARADOS_MEGA_ALTERNATE_FORM_3.png,e151f3a34e09689c20abe1c3fc4500289c665bd2bb4b846618bc4f4de225b139,192,
180,190,True,False,GYARADOS_MEGA_ALTERNATE_FORM_3,,False,back,16,,192,/tmp/reborn-plates-flat/GYARADOS_MEGA_ALTERNATE_FORM_3_BACK.png,947112d1f7004925e9e3c611310f4ebe54f891c30cdc21ba86e444b4bc78cec7,192,
160,174,True,False,GYARADOS_MEGA_ALTERNATE_FORM_3,,False,front_shiny,27,,192,/tmp/reborn-plates-flat/GYARADOS_MEGA_ALTERNATE_FORM_3_SHINY.png,fbdba80c923004192e8a2f79989081cfbce10237f4e26e7196a42327276af448,192,
180,190,True,False,GYARADOS_MEGA_ALTERNATE_FORM_3,,False,back_shiny,16,,192,/tmp/reborn-plates-flat/GYARADOS_MEGA_ALTERNATE_FORM_3_BACK_SHINY.png,5a52d20147a4f26bd2907bb83257421c44dc6e9e8ca4166abb06844e0e8790ed,192,
142,110,True,False,HAKAMO_O_ALTERNATE_FORM_1,,False,front,23,,192,/tmp/reborn-plates-flat/HAKAMO_O_ALTERNATE_FORM_1.png,881b8f2f6d4bb0a00349bb8f338c17b11ee89e41797a37fa8061ab772d4ca284,192,
140,120,True,False,HAKAMO_O_ALTERNATE_FORM_1,,False,back,16,,192,/tmp/reborn-plates-flat/HAKAMO_O_ALTERNATE_FORM_1_BACK.png,a121be30fdfa44dc5c9072f2d1f6a3b93b922943f2c83068b043b0d6c73b5df5,192,
142,110,True,False,HAKAMO_O_ALTERNATE_FORM_1,,False,front_shiny,18,,192,/tmp/reborn-plates-flat/HAKAMO_O_ALTERNATE_FORM_1_SHINY.png,efb86248889f5ace300cdc52cf1fe727e73ed67fd1cbb5e204bca59c3c6cb361,192,
140,120,True,False,HAKAMO_O_ALTERNATE_FORM_1,,False,back_shiny,14,,192,/tmp/reborn-plates-flat/HAKAMO_O_ALTERNATE_FORM_1_BACK_SHINY.png,9cc6c5e74b95d4a96e721e293f2ee4348315fd6a9f94906b1393892a0f424934,192,
96,122,True,False,HAUNTER_ALTERNATE_FORM_2,,False,front,11,,160,/tmp/reborn-plates-flat/HAUNTER_ALTERNATE_FORM_2.png,fa77dae37812412ddab8d6890602647031014163cae36c689be69e0954016eb1,160,
92,130,True,False,HAUNTER_ALTERNATE_FORM_2,,False,back,9,,192,/tmp/reborn-plates-flat/HAUNTER_ALTERNATE_FORM_2_BACK.png,75e12295d2f8265b3d91cb7701beac2d0ea70f0ca862ba88e1d7c17fc0377b8e,192,
96,122,True,False,HAUNTER_ALTERNATE_FORM_2,,False,front_shiny,14,,160,/tmp/reborn-plates-flat/HAUNTER_ALTERNATE_FORM_2_SHINY.png,a90fcc9d62866afc916331bf92130fc9846376cb83495dbf17d7f52fc19474fe,160,
92,130,True,False,HAUNTER_ALTERNATE_FORM_2,,False,back_shiny,10,,192,/tmp/reborn-plates-flat/HAUNTER_ALTERNATE_FORM_2_BACK_SHINY.png,81f6326765dadf41d1b4ec1cac2909ab5798e0d55142b43b64499d3a22cedd95,192,
116,90,True,False,HITMONCHAN_ALTERNATE_FORM_1,,False,front,9,,160,/tmp/reborn-plates-flat/HITMONCHAN_ALTERNATE_FORM_1.png,da0868278407b0406c4b6f62cee2f802973161d194f6eb24cfe4c7058f5fc48a,160,
110,88,True,False,HITMONCHAN_ALTERNATE_FORM_1,,False,back,8,,192,/tmp/reborn-plates-flat/HITMONCHAN_ALTERNATE_FORM_1_BACK.png,3891eb1db1ab2a9ec0f360aa2b178d940a71300b0cca54e7e3e9b6e851ad11ae,192,
116,90,True,False,HITMONCHAN_ALTERNATE_FORM_1,,False,front_shiny,8,,160,/tmp/reborn-plates-flat/HITMONCHAN_ALTERNATE_FORM_1_SHINY.png,e0312cb1726eb10e47cae9fa104a342735cf4fb383d2c589322a26f7542d2a4e,160,
110,88,True,False,HITMONCHAN_ALTERNATE_FORM_1,,False,back_shiny,7,,192,/tmp/reborn-plates-flat/HITMONCHAN_ALTERNATE_FORM_1_BACK_SHINY.png,861e6a1201463610ce3264d09060d83629a504bec6e0ccd07953629efc8fe686,192,
112,114,True,False,HITMONLEE_ALTERNATE_FORM_1,,False,front,12,,160,/tmp/reborn-plates-flat/HITMONLEE_ALTERNATE_FORM_1.png,aa68060d75761822c17edd82111c36320a989701d359f2d59105e268ee9af8b3,160,
132,108,True,False,HITMONLEE_ALTERNATE_FORM_1,,False,back,14,,192,/tmp/reborn-plates-flat/HITMONLEE_ALTERNATE_FORM_1_BACK.png,3b5d764614a67d57d75e571c990237aa0c2229641de26f77008f7b2dc24a1b7d,192,
112,114,True,False,HITMONLEE_ALTERNATE_FORM_1,,False,front_shiny,12,,160,/tmp/reborn-plates-flat/HITMONLEE_ALTERNATE_FORM_1_SHINY.png,3e7068c54929ac671c734f96cb3c3f79b4c075b2690a1183ea2a1066f00a3222,160,
132,108,True,False,HITMONLEE_ALTERNATE_FORM_1,,False,back_shiny,12,,192,/tmp/reborn-plates-flat/HITMONLEE_ALTERNATE_FORM_1_BACK_SHINY.png,af6877af187390d5651908a2bad71b8b51ae14db4c32e9074b32f137817f4f75,192,
104,110,True,False,HITMONTOP_ALTERNATE_FORM_1,,False,front,17,,160,/tmp/reborn-plates-flat/HITMONTOP_ALTERNATE_FORM_1.png,3837ccb70f1947e225b3d929fb5f2a2897c7be8d10167f148fef4067d7acf407,160,
104,102,True,False,HITMONTOP_ALTERNATE_FORM_1,,False,back,16,,192,/tmp/reborn-plates-flat/HITMONTOP_ALTERNATE_FORM_1_BACK.png,a20701efab2e8d98204c900d7faae25ff21a66c3f62e4858802b1497b83ce12d,192,
104,110,True,False,HITMONTOP_ALTERNATE_FORM_1,,False,front_shiny,17,,160,/tmp/reborn-plates-flat/HITMONTOP_ALTERNATE_FORM_1_SHINY.png,7a581064f6fd3d8f524c23a4e6e6f96d388e21d9912063ef78ff68262b4cbfae,160,
104,102,True,False,HITMONTOP_ALTERNATE_FORM_1,,False,back_shiny,16,,192,/tmp/reborn-plates-flat/HITMONTOP_ALTERNATE_FORM_1_BACK_SHINY.png,20ccd8fae723e9828bca80e17a2ba0da402184eab2691f7d6e90620a55b74e6e,192,
88,76,True,False,HOOTHOOT_ALTERNATE_FORM_1,,False,front,60,,160,/tmp/reborn-plates-flat/HOOTHOOT_ALTERNATE_FORM_1.png,dfa1e5530551c3d93790d02bf8fd39860e0ff14e7546228f33da18acbe057dba,160,
88,86,True,False,HOOTHOOT_ALTERNATE_FORM_1,,False,back,54,,192,/tmp/reborn-plates-flat/HOOTHOOT_ALTERNATE_FORM_1_BACK.png,ea28bc35bedd24320c4ba404686cb7678c39141c2c7fa3c4dd51776f95b1d921,192,
88,76,True,False,HOOTHOOT_ALTERNATE_FORM_1,,False,front_shiny,20,,160,/tmp/reborn-plates-flat/HOOTHOOT_ALTERNATE_FORM_1_SHINY.png,a559332ed4a0dcc8e3f5c4d8507c95434419a8f9e46f2c8b3e46278f738be312,160,
88,86,True,False,HOOTHOOT_ALTERNATE_FORM_1,,False,back_shiny,14,,192,/tmp/reborn-plates-flat/HOOTHOOT_ALTERNATE_FORM_1_BACK_SHINY.png,9915328cd5706c8a6db35725308b4bd3cf0829bf7e1dfabd78602e0618c7ee53,192,
156,160,True,False,HYDREIGON_CYBERTANK_FORM_1,,False,front,19,,192,/tmp/reborn-plates-flat/HYDREIGON_CYBERTANK_FORM_1.png,e53c5d4bacc4a04923ddc810592e602e73f4e35b02f60100b1126c065b1fa3b0,192,
160,150,True,False,HYDREIGON_CYBERTANK_FORM_1,,False,back,19,,192,/tmp/reborn-plates-flat/HYDREIGON_CYBERTANK_FORM_1_BACK.png,e4ce7e4c51f41149bd1b14b414ddf853eaff32bba6e5ad8c44f449f3cdeb1f71,192,
156,160,True,False,HYDREIGON_CYBERTANK_FORM_1,,False,front_shiny,19,,192,/tmp/reborn-plates-flat/HYDREIGON_CYBERTANK_FORM_1_SHINY.png,cc080bf5e4df93e9f7914d19e8c3b5955770456b4329f5654d4e479e5483b829,192,
160,150,True,False,HYDREIGON_CYBERTANK_FORM_1,,False,back_shiny,19,,192,/tmp/reborn-plates-flat/HYDREIGON_CYBERTANK_FORM_1_BACK_SHINY.png,fbf8adaf49529908d1c8f73e77e9628ba9f380c5facaa82ffb6848846bc96131,192,
160,180,False,False,HYDREIGON_TELEPATHIC_FORM_2,,False,front,40,,192,/tmp/reborn-plates-flat/HYDREIGON_TELEPATHIC_FORM_2.png,90e167d16f524c5e5fd3b6ca078dfadaab35876c4db497b1ff7773ff98dfa189,192,
160,166,False,False,HYDREIGON_TELEPATHIC_FORM_2,,False,back,21,,192,/tmp/reborn-plates-flat/HYDREIGON_TELEPATHIC_FORM_2_BACK.png,db362e2ff199be76abd9dbc4bd2f671fba9cc015ce364cdcd7a834448ce7b0b0,192,
160,180,False,False,HYDREIGON_TELEPATHIC_FORM_2,,False,front_shiny,40,,192,/tmp/reborn-plates-flat/HYDREIGON_TELEPATHIC_FORM_2_SHINY.png,28a1e668621b13a9f814fe97a4291e0e20356dbf7e50405ce1f34ffeb28c1547,192,
160,166,False,False,HYDREIGON_TELEPATHIC_FORM_2,,False,back_shiny,21,,192,/tmp/reborn-plates-flat/HYDREIGON_TELEPATHIC_FORM_2_BACK_SHINY.png,dcba33575a7be3fbc824e5535ca8e7420e792f21272f4ebcf7bb62719f554965,192,
124,110,True,False,HYPNO_ALTERNATE_FORM_2,,False,front,30,,160,/tmp/reborn-plates-flat/HYPNO_ALTERNATE_FORM_2.png,3f6fbc1b080ff9d11886eef44dc7a73b71e6a911e579f97b86af18fca054ff08,160,
120,110,True,False,HYPNO_ALTERNATE_FORM_2,,False,back,26,,192,/tmp/reborn-plates-flat/HYPNO_ALTERNATE_FORM_2_BACK.png,45983ced69ce4486828a16ba958eb4c81d93fc66a30f44668d76c96a37bf221b,192,
124,110,True,False,HYPNO_ALTERNATE_FORM_2,,False,front_shiny,30,,160,/tmp/reborn-plates-flat/HYPNO_ALTERNATE_FORM_2_SHINY.png,5b48aeece55ef6a8dc330a9e7b5677318c49de4f716d07ddb214f00a1df3ee9c,160,
120,110,True,False,HYPNO_ALTERNATE_FORM_2,,False,back_shiny,25,,192,/tmp/reborn-plates-flat/HYPNO_ALTERNATE_FORM_2_BACK_SHINY.png,7ddd28f2b31abdf09bb2c078409ed114c08d231886b0da3d95ace7d98e8a4b5f,192,
110,178,True,False,INCINEROAR_ALTERNATE_FORM_1,,False,front,20,,192,/tmp/reborn-plates-flat/INCINEROAR_ALTERNATE_FORM_1.png,718cbc92aa90461067f91baf6c4dbe2d30eefae5ef4ce405dcd410c1aedd72e2,192,
102,180,True,False,INCINEROAR_ALTERNATE_FORM_1,,False,back,18,,192,/tmp/reborn-plates-flat/INCINEROAR_ALTERNATE_FORM_1_BACK.png,fa30f9e324ec94821875c21023b6e2d54ef5a8141810dbd5fe7f898d88f3390f,192,
110,178,True,False,INCINEROAR_ALTERNATE_FORM_1,,False,front_shiny,33,,192,/tmp/reborn-plates-flat/INCINEROAR_ALTERNATE_FORM_1_SHINY.png,36f23015f8c86f4482355d5f1f862a24e1b74156fcaa19ca79d7969215d62ff6,192,
102,180,True,False,INCINEROAR_ALTERNATE_FORM_1,,False,back_shiny,26,,192,/tmp/reborn-plates-flat/INCINEROAR_ALTERNATE_FORM_1_BACK_SHINY.png,12dd56ef93fc147e7906248114e34612936f9c662520fb922f4cef418798b09c,192,
110,148,True,False,INFERNAPE_ALTERNATE_FORM_1,,False,front,12,,160,/tmp/reborn-plates-flat/INFERNAPE_ALTERNATE_FORM_1.png,2cc214d96aadd63f5c758c24415f1a3d6a5f3fb4722a2f1bbba085a2272ccfe0,160,
136,144,True,False,INFERNAPE_ALTERNATE_FORM_1,,False,back,12,,192,/tmp/reborn-plates-flat/INFERNAPE_ALTERNATE_FORM_1_BACK.png,9da182fcfc1ed328ba94d2510908712eaa2eeea8b90b467ac1a1e6a5464932d7,192,
110,148,True,False,INFERNAPE_ALTERNATE_FORM_1,,False,front_shiny,19,,160,/tmp/reborn-plates-flat/INFERNAPE_ALTERNATE_FORM_1_SHINY.png,15561fe1766db7bed2085673dabbfcad27c942ca6d6f5cf225097f2e3f8e3d12,160,
136,144,True,False,INFERNAPE_ALTERNATE_FORM_1,,False,back_shiny,17,,192,/tmp/reborn-plates-flat/INFERNAPE_ALTERNATE_FORM_1_BACK_SHINY.png,6fd12c2617648fb64fb5da0b6c6a463893eede43c8ab4b47d0d5a3cd1733b1f8,192,
192,114,True,False,INTELEON_ALTERNATE_FORM_2,,False,front,17,,192,/tmp/reborn-plates-flat/INTELEON_ALTERNATE_FORM_2.png,3bd36285cf0b388e2b63919c4658adabc69f0161b6bfc2dc9b85e56372963c36,192,
192,114,True,False,INTELEON_ALTERNATE_FORM_2,,False,back,18,,192,/tmp/reborn-plates-flat/INTELEON_ALTERNATE_FORM_2_BACK.png,8e15aaabe7a0df207df5420aed2771c732721397117fa67f7f980f88cb2ea749,192,
192,114,True,False,INTELEON_ALTERNATE_FORM_2,,False,front_shiny,17,,192,/tmp/reborn-plates-flat/INTELEON_ALTERNATE_FORM_2_SHINY.png,27db64e62e4f76c2a5e9dc7499936508bfffc756d9a65076d3a537f7d447d590,192,
192,114,True,False,INTELEON_ALTERNATE_FORM_2,,False,back_shiny,18,,192,/tmp/reborn-plates-flat/INTELEON_ALTERNATE_FORM_2_BACK_SHINY.png,d180daed6cc26a6a50b8cd6718cc0c6c4ef4e46a54160868bd715c637459c0c9,192,
70,68,True,False,JIGGLYPUFF_ALTERNATE_FORM_1,,False,front,12,,160,/tmp/reborn-plates-flat/JIGGLYPUFF_ALTERNATE_FORM_1.png,8f198abe3b44056aeaa7139a50af6d01f730e5ca508cc2b11da5b9551f77a30b,160,
72,70,True,False,JIGGLYPUFF_ALTERNATE_FORM_1,,False,back,5,,192,/tmp/reborn-plates-flat/JIGGLYPUFF_ALTERNATE_FORM_1_BACK.png,48ec5defcfcac506a577d01f60d2e7091259091093c6e2f06abf3b7212a0db5b,192,
70,68,True,False,JIGGLYPUFF_ALTERNATE_FORM_1,,False,front_shiny,12,,160,/tmp/reborn-plates-flat/JIGGLYPUFF_ALTERNATE_FORM_1_SHINY.png,333e20aa78d6c26ab99398a973895553582bd8503c3b60fe7b72202a83d9d205,160,
72,70,True,False,JIGGLYPUFF_ALTERNATE_FORM_1,,False,back_shiny,5,,192,/tmp/reborn-plates-flat/JIGGLYPUFF_ALTERNATE_FORM_1_BACK_SHINY.png,5021e7f30f4fc6832c6813120d7a00768c72f5256df54982304cd474ab9ce52e,192,
98,90,True,False,JOLTEON_ALTERNATE_FORM_3,,False,front,8,,160,/tmp/reborn-plates-flat/JOLTEON_ALTERNATE_FORM_3.png,9102df945395c81040f43b00faa08b0cbdf170a97fd4a74f8fd15e861944af9f,160,
98,94,True,False,JOLTEON_ALTERNATE_FORM_3,,False,back,11,,192,/tmp/reborn-plates-flat/JOLTEON_ALTERNATE_FORM_3_BACK.png,c78e7c2c5a478923cf06b09a6d119922c41196f972ca6b6cb6f94f69db31874f,192,
98,90,True,False,JOLTEON_ALTERNATE_FORM_3,,False,front_shiny,15,,160,/tmp/reborn-plates-flat/JOLTEON_ALTERNATE_FORM_3_SHINY.png,be7b0e4f41880366b4f95e2943568eeaa540673d36c5d096cf7c34a576558451,160,
98,94,True,False,JOLTEON_ALTERNATE_FORM_3,,False,back_shiny,11,,192,/tmp/reborn-plates-flat/JOLTEON_ALTERNATE_FORM_3_BACK_SHINY.png,e440e55375f1a5cb2bf9f86e6662e400f35ba66544f6b3f8c57a10fc61b70908,192,
132,152,True,False,KABUTOPS_ALTERNATE_FORM_1,,False,front,13,,160,/tmp/reborn-plates-flat/KABUTOPS_ALTERNATE_FORM_1.png,6877e790897fe0e92e6dfaca15c4678e53b4c8a453e48ca77373fe55c916f99e,160,
110,132,True,False,KABUTOPS_ALTERNATE_FORM_1,,False,back,10,,192,/tmp/reborn-plates-flat/KABUTOPS_ALTERNATE_FORM_1_BACK.png,f147921894c5a4c599cfc5597106705aee997d1795e1ec3bd4ad9b9929ac8c0f,192,
132,152,True,False,KABUTOPS_ALTERNATE_FORM_1,,False,front_shiny,13,,160,/tmp/reborn-plates-flat/KABUTOPS_ALTERNATE_FORM_1_SHINY.png,e13d076d08dbabda52d63791aaf4ad192c6fc118cb1e96abaca0114a47973323,160,
110,132,True,False,KABUTOPS_ALTERNATE_FORM_1,,False,back_shiny,10,,192,/tmp/reborn-plates-flat/KABUTOPS_ALTERNATE_FORM_1_BACK_SHINY.png,d2e0474aafc3f5f0762b09a390fa9bc4e47edf17e6f1fb1c5e20033a26c450bd,192,
54,68,True,False,KABUTO_ALTERNATE_FORM_1,,False,front,13,,160,/tmp/reborn-plates-flat/KABUTO_ALTERNATE_FORM_1.png,654cca0b2b636a3eaea52509de8e30d5bc6b5eeefb3e56e23a47c5b3209ca1c0,160,
64,66,True,False,KABUTO_ALTERNATE_FORM_1,,False,back,9,,192,/tmp/reborn-plates-flat/KABUTO_ALTERNATE_FORM_1_BACK.png,da9c1a50e50ad72c8087e6f70ca10b3b0bd2fdbd01d54df9f3c5f56f8d17db8b,192,
54,68,True,False,KABUTO_ALTERNATE_FORM_1,,False,front_shiny,13,,160,/tmp/reborn-plates-flat/KABUTO_ALTERNATE_FORM_1_SHINY.png,e3a29fccec3d94c22ece64a844ebf33a560a0f80754e091aa957b3422e8d0c3e,160,
64,66,True,False,KABUTO_ALTERNATE_FORM_1,,False,back_shiny,9,,192,/tmp/reborn-plates-flat/KABUTO_ALTERNATE_FORM_1_BACK_SHINY.png,2b8c7564e4b1111839b7f2f86f7c5408252462f9ea1c43e47ccd18f7dd01a97b,192,
120,146,True,False,KADABRA_ALTERNATE_FORM_2,,False,front,16,,192,/tmp/reborn-plates-flat/KADABRA_ALTERNATE_FORM_2.png,e69d4edc142fd5d18eb6347db2ea4a6cbd7344882f9dfd3909581695672401f8,192,
114,130,True,False,KADABRA_ALTERNATE_FORM_2,,False,back,18,,192,/tmp/reborn-plates-flat/KADABRA_ALTERNATE_FORM_2_BACK.png,f05be829083eb959b039302d55a9ab40ff06781fe62c2e541684e79b6ddb6726,192,
120,146,True,False,KADABRA_ALTERNATE_FORM_2,,False,front_shiny,18,,192,/tmp/reborn-plates-flat/KADABRA_ALTERNATE_FORM_2_SHINY.png,9fc0bbd847270c967b04d6a6ba66e2629aa395d859b4a7ff884e7f740ec74188,192,
114,130,True,False,KADABRA_ALTERNATE_FORM_2,,False,back_shiny,19,,192,/tmp/reborn-plates-flat/KADABRA_ALTERNATE_FORM_2_BACK_SHINY.png,83c5b547d8c16f0d599d721ea181dc21d6204677b5657ba12fd860c8f2cf8c72,192,
84,42,True,False,KAKUNA_ALTERNATE_FORM_2,,False,front,88,,160,/tmp/reborn-plates-flat/KAKUNA_ALTERNATE_FORM_2.png,ee11f31343fa5c876d174c2db97db9a9e02ed2fc7f8eee8ed8586ea30956b86a,160,
82,42,True,False,KAKUNA_ALTERNATE_FORM_2,,False,back,74,,192,/tmp/reborn-plates-flat/KAKUNA_ALTERNATE_FORM_2_BACK.png,35250915b0a771e9f51e6bb25afa9dbba3c50c2d13c42fa019fe99e1f605f0e9,192,
84,42,True,False,KAKUNA_ALTERNATE_FORM_2,,False,front_shiny,65,,192,/tmp/reborn-plates-flat/KAKUNA_ALTERNATE_FORM_2_SHINY.png,df0d233fe3debae82493e424b2456145663555ab864453f4fdc1446d635a9bee,192,
82,42,True,False,KAKUNA_ALTERNATE_FORM_2,,False,back_shiny,60,,192,/tmp/reborn-plates-flat/KAKUNA_ALTERNATE_FORM_2_BACK_SHINY.png,246e4615181e99c4b5baa5bebed88e5fb8d622a8d2e91ee8ca6f6d9f179bd647,192,
106,158,True,False,KINGLER_ALTERNATE_FORM_2,,False,front,17,,160,/tmp/reborn-plates-flat/KINGLER_ALTERNATE_FORM_2.png,8a667ec0e12f7e5e91f8287b2a6a5eaf5119e65cdba96ee4f7ec9a4dddffa937,160,
120,158,True,False,KINGLER_ALTERNATE_FORM_2,,False,back,12,,192,/tmp/reborn-plates-flat/KINGLER_ALTERNATE_FORM_2_BACK.png,e6701c604cb086d312a694c12c0f79ca057f7bac1d74339b03d13674c7164079,192,
106,158,True,False,KINGLER_ALTERNATE_FORM_2,,False,front_shiny,18,,160,/tmp/reborn-plates-flat/KINGLER_ALTERNATE_FORM_2_SHINY.png,c88bafc3df5a82839421940486201b0ad768a9f77b0cc7ab5fa968f880b49e6a,160,
120,158,True,False,KINGLER_ALTERNATE_FORM_2,,False,back_shiny,13,,192,/tmp/reborn-plates-flat/KINGLER_ALTERNATE_FORM_2_BACK_SHINY.png,a5c3b281ea91f6296b8fb09e2eb5809a092ecf48fb7e9bdc7f9822e025a55e54,192,
138,156,True,False,KIRLIA_ALTERNATE_FORM_3,,False,front,18,,160,/tmp/reborn-plates-flat/KIRLIA_ALTERNATE_FORM_3.png,99812a20ecf30ed963f69af92c471705b6aa35e7f9c65ef28b09d0cd517fa80a,160,
112,134,True,False,KIRLIA_ALTERNATE_FORM_3,,False,back,16,,192,/tmp/reborn-plates-flat/KIRLIA_ALTERNATE_FORM_3_BACK.png,38f145d0d81d0e22d94bed7595444d54a0d464eca2dab2cc20e53b09a472c04d,192,
138,156,True,False,KIRLIA_ALTERNATE_FORM_3,,False,front_shiny,19,,160,/tmp/reborn-plates-flat/KIRLIA_ALTERNATE_FORM_3_SHINY.png,7173877251d736408acfe26d0a1f0cacfe1eda028d4dae9661acc61dc486b2f9,160,
112,134,True,False,KIRLIA_ALTERNATE_FORM_3,,False,back_shiny,16,,192,/tmp/reborn-plates-flat/KIRLIA_ALTERNATE_FORM_3_BACK_SHINY.png,a4ec05bcce97f12d4a0d280ea393ee7f9efc4c3f65eac4b63c41528fd4d7e9d9,192,
100,116,True,False,KLANG_ALTERNATE_FORM_1,,False,front,20,,192,/tmp/reborn-plates-flat/KLANG_ALTERNATE_FORM_1.png,b8a1bfe62170b8ae3105a80b0b6697157dcc823fa644e3289c90c915f89d11e3,192,
108,108,True,False,KLANG_ALTERNATE_FORM_1,,False,back,14,,192,/tmp/reborn-plates-flat/KLANG_ALTERNATE_FORM_1_BACK.png,8cb8a60de5d5acb8dfaa2ab923455b7941a87237156c1c9d4eb619ad3de86575,192,
100,116,True,False,KLANG_ALTERNATE_FORM_1,,False,front_shiny,20,,192,/tmp/reborn-plates-flat/KLANG_ALTERNATE_FORM_1_SHINY.png,079da24d2fdec0bb76e01b7053b7d18adb4e03d67a3bdfe82718e8e4fd4c41c9,192,
108,108,True,False,KLANG_ALTERNATE_FORM_1,,False,back_shiny,14,,192,/tmp/reborn-plates-flat/KLANG_ALTERNATE_FORM_1_BACK_SHINY.png,ec45b0e2ea2a8c68a33475483bd8e081e4223697999e0977afd8abe0fa36ddc0,192,
116,124,True,False,KLINKLANG_ALTERNATE_FORM_1,,False,front,29,,192,/tmp/reborn-plates-flat/KLINKLANG_ALTERNATE_FORM_1.png,586b50a6aa7acdc597aee7cab8ae1ebd979642da928f40166eaf58294fb43e53,192,
120,122,True,False,KLINKLANG_ALTERNATE_FORM_1,,False,back,23,,192,/tmp/reborn-plates-flat/KLINKLANG_ALTERNATE_FORM_1_BACK.png,4ef53a67e1c03bc809755a96de3dce78a5d3746375244e0e3c98a0772a969af6,192,
116,124,True,False,KLINKLANG_ALTERNATE_FORM_1,,False,front_shiny,30,,192,/tmp/reborn-plates-flat/KLINKLANG_ALTERNATE_FORM_1_SHINY.png,6f6abdcbd971e9a2b1b827d7ff6a4f02de8eccde33ab0dc57a11ba0fa8790ace,192,
120,122,True,False,KLINKLANG_ALTERNATE_FORM_1,,False,back_shiny,23,,192,/tmp/reborn-plates-flat/KLINKLANG_ALTERNATE_FORM_1_BACK_SHINY.png,749ee4d9a9afd5b883e719d918149d6ea916750a11ab896118c976b78c54b9b6,192,
138,140,True,False,KOFFING_BLUETOWEL_ALTERNATE_FORMS_FORM_2,,False,front,31,,160,/tmp/reborn-plates-flat/KOFFING_BLUETOWEL_ALTERNATE_FORMS_FORM_2.png,fc949329635e3a138d9d0d8a12707bcc8de32462bf64004e0f15e54dccd8b781,160,
140,146,True,False,KOFFING_BLUETOWEL_ALTERNATE_FORMS_FORM_2,,False,back,28,,192,/tmp/reborn-plates-flat/KOFFING_BLUETOWEL_ALTERNATE_FORMS_FORM_2_BACK.png,379085ed5b36b5846a127185d236749614df3889ca539145b0a60e3799dc5866,192,
138,140,True,False,KOFFING_BLUETOWEL_ALTERNATE_FORMS_FORM_2,,False,front_shiny,26,,160,/tmp/reborn-plates-flat/KOFFING_BLUETOWEL_ALTERNATE_FORMS_FORM_2_SHINY.png,f95e189271ffb01352851858cb09e4c47bd133a3794d9e0607fa68f6511393a5,160,
140,146,True,False,KOFFING_BLUETOWEL_ALTERNATE_FORMS_FORM_2,,False,back_shiny,22,,192,/tmp/reborn-plates-flat/KOFFING_BLUETOWEL_ALTERNATE_FORMS_FORM_2_BACK_SHINY.png,319598de695b0dd85d62d583a8274104fac338d6baef7ddea302e113f312e390,192,
154,182,True,False,KOMMO_O_ALTERNATE_FORM_1,,False,front,16,,192,/tmp/reborn-plates-flat/KOMMO_O_ALTERNATE_FORM_1.png,9b96f5d75e489a74733bf94fe75d13be4ddc79a5491f5c5d1fa8dae5c1174aaf,192,
142,184,True,False,KOMMO_O_ALTERNATE_FORM_1,,False,back,18,,192,/tmp/reborn-plates-flat/KOMMO_O_ALTERNATE_FORM_1_BACK.png,9c52b8845fe6caa1f6a4cbfad0a913fc249ad2ec8889d90d09490e09d0aad271,192,
154,182,True,False,KOMMO_O_ALTERNATE_FORM_1,,False,front_shiny,17,,192,/tmp/reborn-plates-flat/KOMMO_O_ALTERNATE_FORM_1_SHINY.png,94f1fbbb89d59350b25653a7e771bed6b3b7ede02dcb96e7cf2728d0900878bf,192,
142,184,True,False,KOMMO_O_ALTERNATE_FORM_1,,False,back_shiny,17,,192,/tmp/reborn-plates-flat/KOMMO_O_ALTERNATE_FORM_1_BACK_SHINY.png,19a699457802ce52a48df7cc8c6ce9120f3c5a3f930c53eb0885509725cd6d14,192,
86,124,True,False,KRABBY_ALTERNATE_FORM_2,,False,front,17,,160,/tmp/reborn-plates-flat/KRABBY_ALTERNATE_FORM_2.png,e1bc3b0177fabe0a21faea490001b7b5fabdf7289c25d8fe42087869d1f34cd0,160,
84,104,True,False,KRABBY_ALTERNATE_FORM_2,,False,back,17,,192,/tmp/reborn-plates-flat/KRABBY_ALTERNATE_FORM_2_BACK.png,e327f04d28116f7bee936d7f0f912fbbe8d8de4a4bde0dd572caa604286bfbbd,192,
86,124,True,False,KRABBY_ALTERNATE_FORM_2,,False,front_shiny,15,,160,/tmp/reborn-plates-flat/KRABBY_ALTERNATE_FORM_2_SHINY.png,3a0c1c7483db07d10df38b7118be3ff3cdd5cc2f37ace798adef07886d7b5688,160,
84,104,True,False,KRABBY_ALTERNATE_FORM_2,,False,back_shiny,15,,192,/tmp/reborn-plates-flat/KRABBY_ALTERNATE_FORM_2_BACK_SHINY.png,b3a462a223077acfa2459fc61a454bdad2836d9006fd81dc36ad52bb2acd1e0c,192,
132,112,True,False,KROKOROK_ALTERNATE_FORM_1,,False,front,18,,192,/tmp/reborn-plates-flat/KROKOROK_ALTERNATE_FORM_1.png,2bc371e52da5483f06a6a7be81bffbc4256782601238b7eed14ecd71079e54f3,192,
132,124,True,False,KROKOROK_ALTERNATE_FORM_1,,False,back,14,,192,/tmp/reborn-plates-flat/KROKOROK_ALTERNATE_FORM_1_BACK.png,b91ef94063cf6640e7ecc7b1aff34cc7238cd709af3b5b4ca31a4b25edbb535d,192,
132,112,True,False,KROKOROK_ALTERNATE_FORM_1,,False,front_shiny,16,,192,/tmp/reborn-plates-flat/KROKOROK_ALTERNATE_FORM_1_SHINY.png,51c42eccd706b07f5fcc5f19d8a38f903f2870988b6cd0fe1e1fb3a7989abc7f,192,
132,124,True,False,KROKOROK_ALTERNATE_FORM_1,,False,back_shiny,14,,192,/tmp/reborn-plates-flat/KROKOROK_ALTERNATE_FORM_1_BACK_SHINY.png,dc0170caa76a1c0e2a34cd6ab7eb2693b89fd92b6a3f754a27e6f905c8495980,192,
158,152,True,False,KROOKODILE_ALTERNATE_FORM_1,,False,front,20,,192,/tmp/reborn-plates-flat/KROOKODILE_ALTERNATE_FORM_1.png,716a01026c3e5f97f630175bfafcc8c9bac606366ab3feb0cf66a9aa53bc401c,192,
158,162,True,False,KROOKODILE_ALTERNATE_FORM_1,,False,back,11,,192,/tmp/reborn-plates-flat/KROOKODILE_ALTERNATE_FORM_1_BACK.png,f76b47fc7251677cf9abce1532172484b8d54513443b2a47101d2ce58668177a,192,
158,152,True,False,KROOKODILE_ALTERNATE_FORM_1,,False,front_shiny,21,,192,/tmp/reborn-plates-flat/KROOKODILE_ALTERNATE_FORM_1_SHINY.png,1e5c81cab5de5b1ee2f57035ad31b512ac88de5bb4d85aee1cca766bde09f6d7,192,
158,162,True,False,KROOKODILE_ALTERNATE_FORM_1,,False,back_shiny,11,,192,/tmp/reborn-plates-flat/KROOKODILE_ALTERNATE_FORM_1_BACK_SHINY.png,b37eff6e260d658f764326e2b65862b594e00e24b0aa485b74531c79906d3650,192,
98,100,True,False,LAMPENT_ALTERNATE_FORM_1,,False,front,9,,192,/tmp/reborn-plates-flat/LAMPENT_ALTERNATE_FORM_1.png,f3196b5f1b8c0d0a3e1d4bcf721992c4469bba6e2ae6591a5209bada10eee0a7,192,
98,100,True,False,LAMPENT_ALTERNATE_FORM_1,,False,back,9,,192,/tmp/reborn-plates-flat/LAMPENT_ALTERNATE_FORM_1_BACK.png,592a4bc5d0dd25fc8cd6642e937df1bd5b00abdfa9930752db7f9d8efde8393b,192,
98,100,True,False,LAMPENT_ALTERNATE_FORM_1,,False,front_shiny,9,,192,/tmp/reborn-plates-flat/LAMPENT_ALTERNATE_FORM_1_SHINY.png,76e342584d5fc842a3ec49b5f1e95d2c9b11d1e671cfa9b10e3f655d512f1733,192,
98,100,True,False,LAMPENT_ALTERNATE_FORM_1,,False,back_shiny,9,,192,/tmp/reborn-plates-flat/LAMPENT_ALTERNATE_FORM_1_BACK_SHINY.png,f1d8df9c1b06ad1eb6ac4d2604e9b894f107bc0b9f6afec1cb6aec201c51ad4f,192,
88,70,True,False,LARVITAR_ICE_FORM_2,,False,front,10,,160,/tmp/reborn-plates-flat/LARVITAR_ICE_FORM_2.png,2288f550452e0467ff50147a40ab973a1c62c85eaed8834449cfb3f32b3aa4ee,160,
94,68,True,False,LARVITAR_ICE_FORM_2,,False,back,8,,192,/tmp/reborn-plates-flat/LARVITAR_ICE_FORM_2_BACK.png,8918a7757d4eb9b670d76defccd7319a4f5bd10afa27bc2eb106b2b2cfddfc2f,192,
88,70,True,False,LARVITAR_ICE_FORM_2,,False,front_shiny,10,,160,/tmp/reborn-plates-flat/LARVITAR_ICE_FORM_2_SHINY.png,b34bbc6b2e5c722c328bc030e0e2773cd613229e138b9bcc2820ad82b2dda07b,160,
94,68,True,False,LARVITAR_ICE_FORM_2,,False,back_shiny,8,,192,/tmp/reborn-plates-flat/LARVITAR_ICE_FORM_2_BACK_SHINY.png,fa89001d5f2cd17e5f3565c0e9ec197d175f39a551fab9bba6062121d9a313eb,192,
90,66,True,False,LARVITAR_SPACE_FORM_4,,False,front,13,,160,/tmp/reborn-plates-flat/LARVITAR_SPACE_FORM_4.png,d14666568ea01b5dd530a9134b66f8b8ee13c80b26f375d7ae31efa7eaec2742,160,
90,62,True,False,LARVITAR_SPACE_FORM_4,,False,back,13,,192,/tmp/reborn-plates-flat/LARVITAR_SPACE_FORM_4_BACK.png,96ce56a45d5fef5b87c4840afdab527c9ad134d4be5fbdbaf84c684196d83c0a,192,
90,66,True,False,LARVITAR_SPACE_FORM_4,,False,front_shiny,12,,160,/tmp/reborn-plates-flat/LARVITAR_SPACE_FORM_4_SHINY.png,4c235adacf8519202e5174526da230f25de08f5a6e6d73ac245a798c2e8718f3,160,
90,62,True,False,LARVITAR_SPACE_FORM_4,,False,back_shiny,12,,192,/tmp/reborn-plates-flat/LARVITAR_SPACE_FORM_4_BACK_SHINY.png,9c13983f0061b12975379ea7613d701df38601befc90bce17c3089ecfd77f14e,192,
100,104,True,False,LEAFEON_ALTERNATE_FORM_3,,False,front,14,,160,/tmp/reborn-plates-flat/LEAFEON_ALTERNATE_FORM_3.png,f396612be2bd834f37c1cbf2c02f10b34a720d6844e0ff25c9bd12be73a04c32,160,
104,108,True,False,LEAFEON_ALTERNATE_FORM_3,,False,back,14,,192,/tmp/reborn-plates-flat/LEAFEON_ALTERNATE_FORM_3_BACK.png,9bdfd09c6cb9d298583f7e0ba9adff5cc6a3da7912099cd9e16fa0872c425349,192,
100,104,True,False,LEAFEON_ALTERNATE_FORM_3,,False,front_shiny,11,,160,/tmp/reborn-plates-flat/LEAFEON_ALTERNATE_FORM_3_SHINY.png,aa523dbbbbe8774a3ac0b4ad5042b4270e4de015961e67bc4ad55524d8463401,160,
104,108,True,False,LEAFEON_ALTERNATE_FORM_3,,False,back_shiny,10,,192,/tmp/reborn-plates-flat/LEAFEON_ALTERNATE_FORM_3_BACK_SHINY.png,31205b07a038642ac9f359e16e3a3a6d5741f618fd0b03a24f3a9469ba75a100,192,
116,78,True,False,LEDIAN_ALTERNATE_FORM_1,,False,front,14,,160,/tmp/reborn-plates-flat/LEDIAN_ALTERNATE_FORM_1.png,c248a652cadb3869a6ab607df35187d770a1a0ab8454d710ed0a75f078bf3751,160,
102,82,True,False,LEDIAN_ALTERNATE_FORM_1,,False,back,14,,192,/tmp/reborn-plates-flat/LEDIAN_ALTERNATE_FORM_1_BACK.png,1380375307a8fc765b4ee4318d2227db08f724a6341d3c3238793fc12e3310ab,192,
116,78,True,False,LEDIAN_ALTERNATE_FORM_1,,False,front_shiny,14,,160,/tmp/reborn-plates-flat/LEDIAN_ALTERNATE_FORM_1_SHINY.png,48587f7c58f999533bd93f2f3a3e34f9c1a8eaeece45bfd68c163f0c12360e09,160,
102,82,True,False,LEDIAN_ALTERNATE_FORM_1,,False,back_shiny,14,,192,/tmp/reborn-plates-flat/LEDIAN_ALTERNATE_FORM_1_BACK_SHINY.png,eb1e12eeb55426598538138b0bf59d30bdf81393dde6b443068f400a51d0992d,192,
96,86,True,False,LEDYBA_ALTERNATE_FORM_1,,False,front,16,,160,/tmp/reborn-plates-flat/LEDYBA_ALTERNATE_FORM_1.png,4fb62722156f5644828726cbc0c40be79dfed21cb8b9b630e58bfd61676cb8fc,160,
92,84,True,False,LEDYBA_ALTERNATE_FORM_1,,False,back,12,,192,/tmp/reborn-plates-flat/LEDYBA_ALTERNATE_FORM_1_BACK.png,6091e5f2343d16c9ae3781a042fa72500fe8a90352b24cc0ae0f01ebdb563f44,192,
96,86,True,False,LEDYBA_ALTERNATE_FORM_1,,False,front_shiny,16,,160,/tmp/reborn-plates-flat/LEDYBA_ALTERNATE_FORM_1_SHINY.png,16ca114c95a7734ab815fbef86ef8b00f2ba20d00afe838f9ccdb9b6bdb305e6,160,
92,84,True,False,LEDYBA_ALTERNATE_FORM_1,,False,back_shiny,12,,192,/tmp/reborn-plates-flat/LEDYBA_ALTERNATE_FORM_1_BACK_SHINY.png,82169c67dfb0b7b823e62ddcacddb2cc7bf87f0052bf7e267cf5c8a6bf4fd105,192,
124,126,False,False,LIEPARD_ALTERNATE_FORM_1,,False,front,26,,192,/tmp/reborn-plates-flat/LIEPARD_ALTERNATE_FORM_1.png,91fc638657a66adf582c1665a410a795fb8d74daf72ebdb299bbd8a01094984b,192,
126,128,True,False,LIEPARD_ALTERNATE_FORM_1,,False,back,26,,192,/tmp/reborn-plates-flat/LIEPARD_ALTERNATE_FORM_1_BACK.png,b00617bb47481a760ca48888056144568e0e23e9d9f9764dac7e855df9e450b6,192,
124,126,False,False,LIEPARD_ALTERNATE_FORM_1,,False,front_shiny,36,,192,/tmp/reborn-plates-flat/LIEPARD_ALTERNATE_FORM_1_SHINY.png,979d7fec357553c5cb849b18957f987af86b6357031bd8e9a4d8d42d8bd3a95c,192,
126,128,True,False,LIEPARD_ALTERNATE_FORM_1,,False,back_shiny,31,,192,/tmp/reborn-plates-flat/LIEPARD_ALTERNATE_FORM_1_BACK_SHINY.png,e34d9284bf97010d25f20253a0db6b758cb6487ddd9b8a520cec6f7989891c68,192,
108,92,True,False,LILEEP_ALTERNATE_FORM_1,,False,front,13,,160,/tmp/reborn-plates-flat/LILEEP_ALTERNATE_FORM_1.png,208616da2856473033e9679fa9d7ae737de325ee9227fd524987369ef6a48613,160,
108,94,True,False,LILEEP_ALTERNATE_FORM_1,,False,back,12,,192,/tmp/reborn-plates-flat/LILEEP_ALTERNATE_FORM_1_BACK.png,8e16b08c925f90531f0cec21f8050028a3c884e9f5b77b0d3340e6d8d33874e9,192,
132,104,True,False,LILLIGANT_ALTERNATE_FORM_1,,False,front,17,,192,/tmp/reborn-plates-flat/LILLIGANT_ALTERNATE_FORM_1.png,62420d879bcf93e598a1ba6f71f055c8c5eb7e998c7ee58f799f7cf1a1b8dfed,192,
134,108,True,False,LILLIGANT_ALTERNATE_FORM_1,,False,back,14,,192,/tmp/reborn-plates-flat/LILLIGANT_ALTERNATE_FORM_1_BACK.png,918a98270d02c79149647f41b1e6b53c148e649d1fb16a37ce8a8c553543471d,192,
132,104,True,False,LILLIGANT_ALTERNATE_FORM_1,,False,front_shiny,17,,192,/tmp/reborn-plates-flat/LILLIGANT_ALTERNATE_FORM_1_SHINY.png,7ee5edd684b6ecb78a9ac224743d79b760789c72fec315a6a792c0e9217528e5,192,
134,108,True,False,LILLIGANT_ALTERNATE_FORM_1,,False,back_shiny,14,,192,/tmp/reborn-plates-flat/LILLIGANT_ALTERNATE_FORM_1_BACK_SHINY.png,2da2b9437ba928789fd4456847c5689105c0ccf57705892c3feff2a481adfb56,192,
146,106,True,False,LILLIGANT_ALTERNATE_FORM_2,,False,front,15,,192,/tmp/reborn-plates-flat/LILLIGANT_ALTERNATE_FORM_2.png,b59a5f1317fac0e5ebcf24c5cc69e15ed553db32acddfb723297707c5a3079f4,192,
146,106,True,False,LILLIGANT_ALTERNATE_FORM_2,,False,back,15,,192,/tmp/reborn-plates-flat/LILLIGANT_ALTERNATE_FORM_2_BACK.png,b0fb163438b0e267fbae089d235bdd3a69bc7735a4799a6d9716ff9b58fb52c9,192,
146,106,True,False,LILLIGANT_ALTERNATE_FORM_2,,False,front_shiny,15,,192,/tmp/reborn-plates-flat/LILLIGANT_ALTERNATE_FORM_2_SHINY.png,8c421d958ee336c594dbe7f248a9f7b37d2c0f5c815062d8112f030b73d7d658,192,
146,106,True,False,LILLIGANT_ALTERNATE_FORM_2,,False,back_shiny,15,,192,/tmp/reborn-plates-flat/LILLIGANT_ALTERNATE_FORM_2_BACK_SHINY.png,6b5e6fc30a4de0341a26a1ab37d7d698c3333f233ab5fd0ef100ed02d927bd04,192,
74,54,True,False,LITWICK_ALTERNATE_FORM_1,,False,front,9,,192,/tmp/reborn-plates-flat/LITWICK_ALTERNATE_FORM_1.png,88f8f7c2bc21c01aad35d67b1ab923f347dc8615a0d7582c80e0e16ef5685269,192,
74,56,True,False,LITWICK_ALTERNATE_FORM_1,,False,back,9,,192,/tmp/reborn-plates-flat/LITWICK_ALTERNATE_FORM_1_BACK.png,ca9efb483268612c4e853f4fce71a1f44ed08d12cf088bfdbd4141987b270c99,192,
74,54,True,False,LITWICK_ALTERNATE_FORM_1,,False,front_shiny,9,,192,/tmp/reborn-plates-flat/LITWICK_ALTERNATE_FORM_1_SHINY.png,017d04b18daa34a61d64342bbefadace2152700071ea49ea1d6bd53906d08cdf,192,
74,56,True,False,LITWICK_ALTERNATE_FORM_1,,False,back_shiny,9,,192,/tmp/reborn-plates-flat/LITWICK_ALTERNATE_FORM_1_BACK_SHINY.png,19367dc1e262061ea18cf4a7baff6a5b4be8aab29f8282bc02b3cde070cc74fa,192,
120,106,True,False,LOPUNNY_ALTERNATE_FORM_2,,False,front,11,,160,/tmp/reborn-plates-flat/LOPUNNY_ALTERNATE_FORM_2.png,790ab0799a3f1c9d47d1040ec04092425352b6bf1698518e0e57666ca8960e78,160,
124,108,True,False,LOPUNNY_ALTERNATE_FORM_2,,False,back,7,,192,/tmp/reborn-plates-flat/LOPUNNY_ALTERNATE_FORM_2_BACK.png,6437736f27ff15da449cf5b1c473a79fc7952c14215b1ca313dcc597c5cb954f,192,
120,106,True,False,LOPUNNY_ALTERNATE_FORM_2,,False,front_shiny,11,,160,/tmp/reborn-plates-flat/LOPUNNY_ALTERNATE_FORM_2_SHINY.png,6c660d14fee249e407be67601cdcdb9966696463694092f5c6abda3654ce41ff,160,
124,108,True,False,LOPUNNY_ALTERNATE_FORM_2,,False,back_shiny,7,,192,/tmp/reborn-plates-flat/LOPUNNY_ALTERNATE_FORM_2_BACK_SHINY.png,ecdf2b5519b4ff159717b4be7d262f0b691704bb270a2c35c05cf8846f0d14e1,192,
126,112,True,False,LOPUNNY_ALTERNATE_MEGA_FORM_3,,False,front,12,,192,/tmp/reborn-plates-flat/LOPUNNY_ALTERNATE_MEGA_FORM_3.png,7770ddf96d5d787b03cc2e93d4d99f6c9438affd96bfd1e297c6eb1d57539900,192,
128,112,True,False,LOPUNNY_ALTERNATE_MEGA_FORM_3,,False,back,8,,192,/tmp/reborn-plates-flat/LOPUNNY_ALTERNATE_MEGA_FORM_3_BACK.png,beacdc7a10bfa93dcf6e282a8fa68289cec6681ddb18a60097183c8d3b581f5b,192,
126,112,True,False,LOPUNNY_ALTERNATE_MEGA_FORM_3,,False,front_shiny,12,,192,/tmp/reborn-plates-flat/LOPUNNY_ALTERNATE_MEGA_FORM_3_SHINY.png,54f238697d16771ffed2f03de999180b782b2bf6d6227a94dc006bbc4c2234f8,192,
128,112,True,False,LOPUNNY_ALTERNATE_MEGA_FORM_3,,False,back_shiny,8,,192,/tmp/reborn-plates-flat/LOPUNNY_ALTERNATE_MEGA_FORM_3_BACK_SHINY.png,8c4e86ce52825b6425ab45de132b2cf3e4ad3de6fc4b1488dc5aa6c053a44ffa,192,
126,112,True,False,LOPUNNY_BLUETOWEL_ALTERNATE_FORMS_FORM_1,,False,front,16,,192,/tmp/reborn-plates-flat/LOPUNNY_BLUETOWEL_ALTERNATE_FORMS_FORM_1.png,a6d4c3c1ae356efbfb847babae723f82fa0abf8b067ec5c4b91f354daf49680c,192,
128,112,True,False,LOPUNNY_BLUETOWEL_ALTERNATE_FORMS_FORM_1,,False,back,12,,192,/tmp/reborn-plates-flat/LOPUNNY_BLUETOWEL_ALTERNATE_FORMS_FORM_1_BACK.png,80df3c14e5b41dc597ac2026ce28dd65a3319795560b26b2600958682e00e4f9,192,
126,112,True,False,LOPUNNY_BLUETOWEL_ALTERNATE_FORMS_FORM_1,,False,front_shiny,16,,192,/tmp/reborn-plates-flat/LOPUNNY_BLUETOWEL_ALTERNATE_FORMS_FORM_1_SHINY.png,bc8ae114f9d1155fba5bf933b679492c8e3be42ddba6af587ddbe0fcf23a10d8,192,
128,112,True,False,LOPUNNY_BLUETOWEL_ALTERNATE_FORMS_FORM_1,,False,back_shiny,12,,192,/tmp/reborn-plates-flat/LOPUNNY_BLUETOWEL_ALTERNATE_FORMS_FORM_1_BACK_SHINY.png,8b42f6d2be2965578a23b7bad229ab9d4005f1ed48e5174e31120d910ab4e284,192,
170,104,True,False,LURANTIS_ALTERNATE_FORM_1,,False,front,34,,192,/tmp/reborn-plates-flat/LURANTIS_ALTERNATE_FORM_1.png,6ab296ad73a6aabb95ca46f8a8f38c50fb2db912c2c0d9ff92a34dd4339429d4,192,
174,136,True,False,LURANTIS_ALTERNATE_FORM_1,,False,back,22,,192,/tmp/reborn-plates-flat/LURANTIS_ALTERNATE_FORM_1_BACK.png,462d3d7132b463503345191072e209907e95d028f0aaa567624f37f0943204db,192,
170,104,True,False,LURANTIS_ALTERNATE_FORM_1,,False,front_shiny,34,,192,/tmp/reborn-plates-flat/LURANTIS_ALTERNATE_FORM_1_SHINY.png,41cc248f3fe708270fe117a5441fca3bd7debc367e96f52534d7614b837b31d2,192,
174,136,True,False,LURANTIS_ALTERNATE_FORM_1,,False,back_shiny,22,,192,/tmp/reborn-plates-flat/LURANTIS_ALTERNATE_FORM_1_BACK_SHINY.png,cce028d450bc57d48e6e7d1d68a3a0b7c6a1544a9b03f65248da79d7cd3ac0f1,192,
132,128,True,False,LUXRAY_ALTERNATE_FORM_1,,False,front,18,,160,/tmp/reborn-plates-flat/LUXRAY_ALTERNATE_FORM_1.png,f4e2b87c0c11780946c371b93f0688ec468f51b4937c4cae3514f0a1401c8187,160,
132,134,True,False,LUXRAY_ALTERNATE_FORM_1,,False,back,14,,192,/tmp/reborn-plates-flat/LUXRAY_ALTERNATE_FORM_1_BACK.png,69edb85d650963de21eba18b6cae6532134bed5e458b6b2ff0e65ad059e1f6b3,192,
132,128,True,False,LUXRAY_ALTERNATE_FORM_1,,False,front_shiny,18,,160,/tmp/reborn-plates-flat/LUXRAY_ALTERNATE_FORM_1_SHINY.png,aacb2a2227a81cfdf869041c5fa358c43e455ee3392720d4c9421f002e685b02,160,
132,134,True,False,LUXRAY_ALTERNATE_FORM_1,,False,back_shiny,14,,192,/tmp/reborn-plates-flat/LUXRAY_ALTERNATE_FORM_1_BACK_SHINY.png,49b21eb9fd606414dad9d8cc143f79b8f298aae2fafb9298aaa373b7c13eac41,192,
118,96,True,False,MAGIKARP_ALTERNATE_FORM_2,,False,front,15,,160,/tmp/reborn-plates-flat/MAGIKARP_ALTERNATE_FORM_2.png,774b4c8b3ad09d338619dce5ccca816fcc0a5bbf02ed2584c90cc89e1fafd468,160,
100,102,True,False,MAGIKARP_ALTERNATE_FORM_2,,False,back,14,,192,/tmp/reborn-plates-flat/MAGIKARP_ALTERNATE_FORM_2_BACK.png,4f49852401628b132a92755a25b69e4886fa7da145a489468cc58e428e720ec6,192,
118,96,True,False,MAGIKARP_ALTERNATE_FORM_2,,False,front_shiny,15,,160,/tmp/reborn-plates-flat/MAGIKARP_ALTERNATE_FORM_2_SHINY.png,f76fef68d40a1aeaaa38817171b0370441a00f87cca2d8c95955cfa4a9282104,160,
100,102,True,False,MAGIKARP_ALTERNATE_FORM_2,,False,back_shiny,14,,192,/tmp/reborn-plates-flat/MAGIKARP_ALTERNATE_FORM_2_BACK_SHINY.png,7a8aa8c20fb0559d376e1b2dbd3f6c6b7198da12fd2c8d9415ef879636fe6124,192,
108,128,True,False,MAGMAR_ALTERNATE_FORM_1,,False,front,27,,160,/tmp/reborn-plates-flat/MAGMAR_ALTERNATE_FORM_1.png,835421ab826b3cd218d8f50a98bfe76a72e621eb890572f75a157fb52390f6d0,160,
118,122,True,False,MAGMAR_ALTERNATE_FORM_1,,False,back,25,,192,/tmp/reborn-plates-flat/MAGMAR_ALTERNATE_FORM_1_BACK.png,fab1c0af0c41d66aba2dd4c42563c0ebb3dc5cf3140ff56f9beec15a928f4c06,192,
108,128,True,False,MAGMAR_ALTERNATE_FORM_1,,False,front_shiny,26,,160,/tmp/reborn-plates-flat/MAGMAR_ALTERNATE_FORM_1_SHINY.png,59ad7c5ff8f620295eb3d7844f350cda72c96db3cc69ac284223c81d12e74d0d,160,
118,122,True,False,MAGMAR_ALTERNATE_FORM_1,,False,back_shiny,26,,192,/tmp/reborn-plates-flat/MAGMAR_ALTERNATE_FORM_1_BACK_SHINY.png,7cae9b2198794e2f2ce68643682b7d574be29e49e48fb97afc49047b4f65166c,192,
144,154,True,False,MAGMORTAR_ALTERNATE_FORM_1,,False,front,23,,160,/tmp/reborn-plates-flat/MAGMORTAR_ALTERNATE_FORM_1.png,30f77187cc4b54bd610e5ece7367cd59d8234b34e5d2a8cbae211a82d78f6a1b,160,
140,136,True,False,MAGMORTAR_ALTERNATE_FORM_1,,False,back,25,,192,/tmp/reborn-plates-flat/MAGMORTAR_ALTERNATE_FORM_1_BACK.png,54547f6a088e584af050ee539d0670d243168d305826e83b7c6b6d3eacf46e86,192,
144,154,True,False,MAGMORTAR_ALTERNATE_FORM_1,,False,front_shiny,23,,160,/tmp/reborn-plates-flat/MAGMORTAR_ALTERNATE_FORM_1_SHINY.png,705e6afb018dd26dce84afb1da7d90d68fdb720a094a60fed3df4d8f08fa8cba,160,
140,136,True,False,MAGMORTAR_ALTERNATE_FORM_1,,False,back_shiny,24,,192,/tmp/reborn-plates-flat/MAGMORTAR_ALTERNATE_FORM_1_BACK_SHINY.png,5c41969de2b9228801e0177079c7d1703a12a46d14294c9bccc52a78a11bb998,192,
126,96,True,False,MANECTRIC_ALTERNATE_FORM_2,,False,front,14,,160,/tmp/reborn-plates-flat/MANECTRIC_ALTERNATE_FORM_2.png,688e11db0f88b5e578bccf52bea1465e9524cfb8eac776ff4ca7290d2ee10ea8,160,
136,110,True,False,MANECTRIC_ALTERNATE_FORM_2,,False,back,11,,192,/tmp/reborn-plates-flat/MANECTRIC_ALTERNATE_FORM_2_BACK.png,402a308a01c759e8f9e00b2a4d9e62030dba4f07dfa54d826f5b90ee661008a8,192,
126,96,True,False,MANECTRIC_ALTERNATE_FORM_2,,False,front_shiny,14,,160,/tmp/reborn-plates-flat/MANECTRIC_ALTERNATE_FORM_2_SHINY.png,14f20cf97e9988052b6a37ad74f6c4f0097a8e4f41545579b32639f44a1a48f5,160,
136,110,True,False,MANECTRIC_ALTERNATE_FORM_2,,False,back_shiny,11,,192,/tmp/reborn-plates-flat/MANECTRIC_ALTERNATE_FORM_2_BACK_SHINY.png,dcca3c31c76878598c86b642e7589d73a23a88680e96a750eae12d08b2213f2a,192,
176,116,True,False,MANECTRIC_MEGA_ALTERNATE_FORM_3,,False,front,12,,192,/tmp/reborn-plates-flat/MANECTRIC_MEGA_ALTERNATE_FORM_3.png,f609ba907f719896952f2e874b5d4e61b9ee1b2f6e451a0efe680fe3f3524e3b,192,
176,158,True,False,MANECTRIC_MEGA_ALTERNATE_FORM_3,,False,back,11,,192,/tmp/reborn-plates-flat/MANECTRIC_MEGA_ALTERNATE_FORM_3_BACK.png,bef5e42742bfced384c1b8d8bbdc3a636f883a6257c93101a682d8f763e01ffd,192,
176,116,True,False,MANECTRIC_MEGA_ALTERNATE_FORM_3,,False,front_shiny,12,,192,/tmp/reborn-plates-flat/MANECTRIC_MEGA_ALTERNATE_FORM_3_SHINY.png,70c23f56deef078b36044da4e351e8159ab5d9ff6ef522ef77c2e58ac7460607,192,
176,158,True,False,MANECTRIC_MEGA_ALTERNATE_FORM_3,,False,back_shiny,11,,192,/tmp/reborn-plates-flat/MANECTRIC_MEGA_ALTERNATE_FORM_3_BACK_SHINY.png,ed23dc0b94a423de3e305a324cb54aabb1e745f866b7edd55da7279bb75f6c7f,192,
152,104,True,False,MEGANIUM_ALTERNATE_FORM_1,,False,front,15,,160,/tmp/reborn-plates-flat/MEGANIUM_ALTERNATE_FORM_1.png,a1831992ecef202b00ee57d92879c4fbc6ce27f75712d2a1ad60b335a0b8caf5,160,
160,104,True,False,MEGANIUM_ALTERNATE_FORM_1,,False,back,14,,192,/tmp/reborn-plates-flat/MEGANIUM_ALTERNATE_FORM_1_BACK.png,44b6e1cf408fdecfcde173d544c5caa77bfb50edc92c7e2d456a2d40988817f1,192,
152,104,True,False,MEGANIUM_ALTERNATE_FORM_1,,False,front_shiny,17,,160,/tmp/reborn-plates-flat/MEGANIUM_ALTERNATE_FORM_1_SHINY.png,cb9061c5374fc453d76c7d0dc51eadbc88c2e311571be06001047e53c211fa46,160,
160,104,True,False,MEGANIUM_ALTERNATE_FORM_1,,False,back_shiny,14,,192,/tmp/reborn-plates-flat/MEGANIUM_ALTERNATE_FORM_1_BACK_SHINY.png,a5ae1272d0e8acac20c3db594ed89cf6f94b7351623a8fdf3725aa15440ba8ae,192,
160,182,True,False,METAGROSS_ALTERNATE_FORM_1,,False,front,15,,192,/tmp/reborn-plates-flat/METAGROSS_ALTERNATE_FORM_1.png,ffbe1dfc920db026d527d485a7e0eb53c42a6cfc71cd278dd435cc51edeab993,192,
160,190,True,False,METAGROSS_ALTERNATE_FORM_1,,False,back,12,,192,/tmp/reborn-plates-flat/METAGROSS_ALTERNATE_FORM_1_BACK.png,ad23a6535ecf9a1e642b86fe21a2ef53e2532439ffe7b55392ecb6ce78e1c6f2,192,
160,182,True,False,METAGROSS_ALTERNATE_FORM_1,,False,front_shiny,32,,192,/tmp/reborn-plates-flat/METAGROSS_ALTERNATE_FORM_1_SHINY.png,238270bd6dbd60c0957481859d59b25c0f85a7a7dbe14fbc89c7a265023ec51a,192,
160,190,True,False,METAGROSS_ALTERNATE_FORM_1,,False,back_shiny,31,,192,/tmp/reborn-plates-flat/METAGROSS_ALTERNATE_FORM_1_BACK_SHINY.png,3521e105a1581276400ab60d74f71b725bf085383f1e4e2e898392002fa397b1,192,
106,150,True,False,METAGROSS_ALTERNATE_FORM_2,,False,front,15,,160,/tmp/reborn-plates-flat/METAGROSS_ALTERNATE_FORM_2.png,a4954a732340214b00c843a8dc9efd53801810addd336e3c1236ecd3d0d6ef18,160,
108,170,True,False,METAGROSS_ALTERNATE_FORM_2,,False,back,10,,192,/tmp/reborn-plates-flat/METAGROSS_ALTERNATE_FORM_2_BACK.png,351eddfa837218b239837306401475715c18e1247184b2cd0268fdcc693eeae6,192,
106,150,True,False,METAGROSS_ALTERNATE_FORM_2,,False,front_shiny,15,,160,/tmp/reborn-plates-flat/METAGROSS_ALTERNATE_FORM_2_SHINY.png,5a10ea4f0d0423c2faea5d113d16303894e8c1c088768dda0505f0a41947a249,160,
108,170,True,False,METAGROSS_ALTERNATE_FORM_2,,False,back_shiny,10,,192,/tmp/reborn-plates-flat/METAGROSS_ALTERNATE_FORM_2_BACK_SHINY.png,3c1a2454ca00386d2b4502356608a5836676efccf34c647f9e6fda82c0d4b6fa,192,
160,186,False,False,METAGROSS_ALTERNATE_MEGA_FORM_3,,False,front,37,,192,/tmp/reborn-plates-flat/METAGROSS_ALTERNATE_MEGA_FORM_3.png,2e73e0555fae6082938de2188de211ee1af48df1ba55e3a7d45c993bfdbbd9b8,192,
162,180,False,False,METAGROSS_ALTERNATE_MEGA_FORM_3,,False,back,21,,192,/tmp/reborn-plates-flat/METAGROSS_ALTERNATE_MEGA_FORM_3_BACK.png,bd536e26ab77e27a1172aaa47402441763016f2bc0669d9d8e92bb92b32a4dce,192,
160,186,False,False,METAGROSS_ALTERNATE_MEGA_FORM_3,,False,front_shiny,33,,192,/tmp/reborn-plates-flat/METAGROSS_ALTERNATE_MEGA_FORM_3_SHINY.png,763db0cae70b43b865f1e5e26b5e2d19b1911bf616e84b5657846ec47a99752a,192,
162,180,False,False,METAGROSS_ALTERNATE_MEGA_FORM_3,,False,back_shiny,22,,192,/tmp/reborn-plates-flat/METAGROSS_ALTERNATE_MEGA_FORM_3_BACK_SHINY.png,6a3b67d62445c0be4be3265e499ca06b164bb613110e5408c68699bb24ebbd62,192,
100,138,True,False,METANG_ALTERNATE_FORM_2,,False,front,12,,160,/tmp/reborn-plates-flat/METANG_ALTERNATE_FORM_2.png,bc80729dde69e422c0a066305846331a927efa0626e583f26a7934dee730a7eb,160,
88,150,True,False,METANG_ALTERNATE_FORM_2,,False,back,9,,192,/tmp/reborn-plates-flat/METANG_ALTERNATE_FORM_2_BACK.png,3a6302d38fbd0d9457361402e404dca2ff343977f428f3db9d207d9e1d2a5190,192,
100,138,True,False,METANG_ALTERNATE_FORM_2,,False,front_shiny,12,,160,/tmp/reborn-plates-flat/METANG_ALTERNATE_FORM_2_SHINY.png,a2d67e67c9e7051250499e9aa8473f57e26dc48d598c38ecd796b71befd2c769,160,
88,150,True,False,METANG_ALTERNATE_FORM_2,,False,back_shiny,9,,192,/tmp/reborn-plates-flat/METANG_ALTERNATE_FORM_2_BACK_SHINY.png,4bed1afdc6f442cfbc9df4570c8b53a0b5dcfc4b0368ce27976b6843214238c1,192,
92,88,True,False,MIENFOO_BLUETOWEL_ALTERNATE_FORM_FORM_1,,False,front,18,,192,/tmp/reborn-plates-flat/MIENFOO_BLUETOWEL_ALTERNATE_FORM_FORM_1.png,a66dba72def6147a72d19e6c5b14aad7abe28e81f3ca05a690f8814d4194106b,192,
86,80,True,False,MIENFOO_BLUETOWEL_ALTERNATE_FORM_FORM_1,,False,back,19,,192,/tmp/reborn-plates-flat/MIENFOO_BLUETOWEL_ALTERNATE_FORM_FORM_1_BACK.png,5049634e4455ca5b62d8421118ecfbb6345545fda38ad1521b709d7c90309a26,192,
92,88,True,False,MIENFOO_BLUETOWEL_ALTERNATE_FORM_FORM_1,,False,front_shiny,17,,192,/tmp/reborn-plates-flat/MIENFOO_BLUETOWEL_ALTERNATE_FORM_FORM_1_SHINY.png,ad9c3c111691531cd00cc7f012f1e6da0b110378f10b7ee1c057605325249df3,192,
86,80,True,False,MIENFOO_BLUETOWEL_ALTERNATE_FORM_FORM_1,,False,back_shiny,19,,192,/tmp/reborn-plates-flat/MIENFOO_BLUETOWEL_ALTERNATE_FORM_FORM_1_BACK_SHINY.png,cfc24897ca0f14caca1b0d32235ab7fe6b0b7eba9e9a0655981e83583a6f33e4,192,
134,172,True,False,MIENSHAO_BLUETOWEL_ALTERNATE_FORM_FORM_1,,False,front,20,,192,/tmp/reborn-plates-flat/MIENSHAO_BLUETOWEL_ALTERNATE_FORM_FORM_1.png,5453ea0cb3f290f953c74d1fd96ebc3a9aac97337de07bbec3c2cb512737d251,192,
150,172,True,False,MIENSHAO_BLUETOWEL_ALTERNATE_FORM_FORM_1,,False,back,19,,192,/tmp/reborn-plates-flat/MIENSHAO_BLUETOWEL_ALTERNATE_FORM_FORM_1_BACK.png,9905f21d54892c5e57f611684dee27b2a8d6ee5efbf4289c58c247f56b8db4e4,192,
134,172,True,False,MIENSHAO_BLUETOWEL_ALTERNATE_FORM_FORM_1,,False,front_shiny,20,,192,/tmp/reborn-plates-flat/MIENSHAO_BLUETOWEL_ALTERNATE_FORM_FORM_1_SHINY.png,999521a2b2707016c33d6b33f13dd5bb585cf63638cfd4b54417868f90ced323,192,
150,172,True,False,MIENSHAO_BLUETOWEL_ALTERNATE_FORM_FORM_1,,False,back_shiny,19,,192,/tmp/reborn-plates-flat/MIENSHAO_BLUETOWEL_ALTERNATE_FORM_FORM_1_BACK_SHINY.png,e92ba0bc4910d1bf34b5c146dcaeb3e244f784da8170c0cf731e779f223a06d4,192,
128,138,False,False,MIGHTYENA_ALTERNATE_FORM_1,,False,front,20,,192,/tmp/reborn-plates-flat/MIGHTYENA_ALTERNATE_FORM_1.png,b140d65a23782d96a49bd569f83a1ae58dd61740b027c5d2a480bbe84f95644b,192,
130,134,True,False,MIGHTYENA_ALTERNATE_FORM_1,,False,back,18,,192,/tmp/reborn-plates-flat/MIGHTYENA_ALTERNATE_FORM_1_BACK.png,84747377b37f84603ec905fdfc730cdc655a5665791ed1b410fd70924044ecfc,192,
128,138,False,False,MIGHTYENA_ALTERNATE_FORM_1,,False,front_shiny,18,,192,/tmp/reborn-plates-flat/MIGHTYENA_ALTERNATE_FORM_1_SHINY.png,354fd290883e8eeb46ac92ec93f438e3ecf35e3e00689e5121129d6481467d19,192,
130,134,True,False,MIGHTYENA_ALTERNATE_FORM_1,,False,back_shiny,19,,192,/tmp/reborn-plates-flat/MIGHTYENA_ALTERNATE_FORM_1_BACK_SHINY.png,201dacc584105b62370dd60887da678a4fd6762e03cb358673747342093c4be5,192,
76,74,True,False,MISDREAVUS_ALTERNATE_FORM_2,,False,front,14,,160,/tmp/reborn-plates-flat/MISDREAVUS_ALTERNATE_FORM_2.png,3f14d51cdff4d62d854c357e2a3b7ee8868c452002e3b7773ceb1c0462e9d050,160,
90,62,True,False,MISDREAVUS_ALTERNATE_FORM_2,,False,back,16,,192,/tmp/reborn-plates-flat/MISDREAVUS_ALTERNATE_FORM_2_BACK.png,9086685e52f04f1762dcf67e8013abababaf90aaf59e36b456df6ede4e6f6429,192,
86,76,True,False,MISDREAVUS_ALTERNATE_FORM_2,,False,front_shiny,12,,160,/tmp/reborn-plates-flat/MISDREAVUS_ALTERNATE_FORM_2_SHINY.png,14727323a7b00ef529c82ec928e1a292a2647750f2372292b7636d7e4b9ee92f,160,
86,82,True,False,MISDREAVUS_ALTERNATE_FORM_2,,False,back_shiny,11,,192,/tmp/reborn-plates-flat/MISDREAVUS_ALTERNATE_FORM_2_BACK_SHINY.png,abbba7488a5b49838ca2bda9a0a89cf136c955d2c7470441bd160a154d4c0e5c,192,
134,98,True,False,MISMAGIUS_ALTERNATE_FORM_2,,False,front,15,,160,/tmp/reborn-plates-flat/MISMAGIUS_ALTERNATE_FORM_2.png,d4a023b68d981ce992043b8ff1fa73aafb83e0cc8acc68534162ec479f5efd8d,160,
136,104,True,False,MISMAGIUS_ALTERNATE_FORM_2,,False,back,13,,192,/tmp/reborn-plates-flat/MISMAGIUS_ALTERNATE_FORM_2_BACK.png,9002b8bc64c95ec5b2fcdd9aef4e51f5acb44ace80e51cb2484b1ada7d81b12a,192,
134,98,True,False,MISMAGIUS_ALTERNATE_FORM_2,,False,front_shiny,18,,160,/tmp/reborn-plates-flat/MISMAGIUS_ALTERNATE_FORM_2_SHINY.png,b22fa7bd51e5eaaaefe5264431ef4834b5e956511e76524fa08f9013b030af4f,160,
136,104,True,False,MISMAGIUS_ALTERNATE_FORM_2,,False,back_shiny,13,,192,/tmp/reborn-plates-flat/MISMAGIUS_ALTERNATE_FORM_2_BACK_SHINY.png,8702b29bfb488cb9cd9e7524e60bf726abb7180466e86b8d3a094adfe7dcc1fe,192,
0,0,False,False,MUNNA_ALTERNATE_FORM_1,,False,front,0,UnidentifiedImageError: cannot identify image file '/tmp/reborn-plates-flat/MUNNA_ALTERNATE_FORM_1.png',0,/tmp/reborn-plates-flat/MUNNA_ALTERNATE_FORM_1.png,c24dbea3b5522c3dea47848f5fdb4a9001ea29572abf1688da2474046252a4b2,0,
0,0,False,False,MUNNA_ALTERNATE_FORM_1,,False,back,0,UnidentifiedImageError: cannot identify image file '/tmp/reborn-plates-flat/MUNNA_ALTERNATE_FORM_1_BACK.png',0,/tmp/reborn-plates-flat/MUNNA_ALTERNATE_FORM_1_BACK.png,592cfcc5bf3f8b462c1d4bdb0b65736ada0c2c8387ec82d30c4fa6a297ddd9d6,0,
62,62,True,True,MUNNA_ALTERNATE_FORM_1,/tmp/reborn-converted/munna_alternate_form_1/front-shiny.png,False,front_shiny,14,,192,/tmp/reborn-plates-flat/MUNNA_ALTERNATE_FORM_1_SHINY.png,7c3ab902966943566143a057f785325f1b8ce8c3cf92027bbba2526aff249919,192,14
62,62,True,True,MUNNA_ALTERNATE_FORM_1,/tmp/reborn-converted/munna_alternate_form_1/back-shiny.png,False,back_shiny,8,,192,/tmp/reborn-plates-flat/MUNNA_ALTERNATE_FORM_1_BACK_SHINY.png,c1cb833b78abaface81d8103989902934e7da956625b6436f16d69dae9e523b0,192,8
0,0,False,False,MUSHARNA_ALTERNATE_FORM_1,,False,front,0,UnidentifiedImageError: cannot identify image file '/tmp/reborn-plates-flat/MUSHARNA_ALTERNATE_FORM_1.png',0,/tmp/reborn-plates-flat/MUSHARNA_ALTERNATE_FORM_1.png,a2d73caca1303738d235d91d7abe505ce0e5890c7b01b657b18afa643526e0b2,0,
0,0,False,False,MUSHARNA_ALTERNATE_FORM_1,,False,back,0,UnidentifiedImageError: cannot identify image file '/tmp/reborn-plates-flat/MUSHARNA_ALTERNATE_FORM_1_BACK.png',0,/tmp/reborn-plates-flat/MUSHARNA_ALTERNATE_FORM_1_BACK.png,65c933cfc7d8452e6be4de0886dc57eef506b4cc1f124189c2afb967492aed07,0,
122,128,True,False,MUSHARNA_ALTERNATE_FORM_1,,False,front_shiny,14,,192,/tmp/reborn-plates-flat/MUSHARNA_ALTERNATE_FORM_1_SHINY.png,946b4f9cb1ad71e929efcb627d35b5647f6240467616f326d51f46780c1f46c6,192,
118,120,True,False,MUSHARNA_ALTERNATE_FORM_1,,False,back_shiny,14,,192,/tmp/reborn-plates-flat/MUSHARNA_ALTERNATE_FORM_1_BACK_SHINY.png,be21b3fa37a0a9e98fc57cfa7b3e5405d9aca424e72ba8a6a41cbf06a37985f7,192,
56,60,True,True,NATU_ALTERNATE_FORM_1,/tmp/reborn-converted/natu_alternate_form_1/front.png,False,front,12,,160,/tmp/reborn-plates-flat/NATU_ALTERNATE_FORM_1.png,9888820a1ae330beda66ce6319e30d15adfe2cbb2787708de76fcce3ad1aa5e8,160,12
64,66,True,False,NATU_ALTERNATE_FORM_1,,False,back,11,,192,/tmp/reborn-plates-flat/NATU_ALTERNATE_FORM_1_BACK.png,888734316c2e01a3c25c88417ac1034cd0723e5c382bfa1b39fdc573443f44ac,192,
56,60,True,True,NATU_ALTERNATE_FORM_1,/tmp/reborn-converted/natu_alternate_form_1/front-shiny.png,False,front_shiny,12,,160,/tmp/reborn-plates-flat/NATU_ALTERNATE_FORM_1_SHINY.png,877eda17ad05bad8207764108b51dc9f269ae39df8c5a1153f227fbb6e6c52c3,160,12
64,66,True,False,NATU_ALTERNATE_FORM_1,,False,back_shiny,11,,192,/tmp/reborn-plates-flat/NATU_ALTERNATE_FORM_1_BACK_SHINY.png,a9f4182c918372618ed3408761f5e18082acbc25f92b1c820d1b9e0e2b5460bc,192,
130,130,True,False,NINETALES_ALTERNATE_FORM_2,,False,front,15,,160,/tmp/reborn-plates-flat/NINETALES_ALTERNATE_FORM_2.png,81226f50e25473740a7ede5081250dffd4974bc5faa2e1602cce89475504afe1,160,
128,150,True,False,NINETALES_ALTERNATE_FORM_2,,False,back,13,,192,/tmp/reborn-plates-flat/NINETALES_ALTERNATE_FORM_2_BACK.png,2436623c213cc8ac21436e8051d00105e11814c665577075528b176dfeee3551,192,
130,130,True,False,NINETALES_ALTERNATE_FORM_2,,False,front_shiny,34,,160,/tmp/reborn-plates-flat/NINETALES_ALTERNATE_FORM_2_SHINY.png,50a11b8432d6935d8d50ac52638bb0787cdbce80e094ab3b5a289628ebde2aa8,160,
128,150,True,False,NINETALES_ALTERNATE_FORM_2,,False,back_shiny,30,,192,/tmp/reborn-plates-flat/NINETALES_ALTERNATE_FORM_2_BACK_SHINY.png,63926cae3eae05fcb365304dbab92f0ebddf61986d211800af98ffdb9f68bb29,192,
138,148,True,False,NINETALES_ALTERNATE_FORM_3,,False,front,17,,160,/tmp/reborn-plates-flat/NINETALES_ALTERNATE_FORM_3.png,9c5c78b48c1a0e25f443efa4533f9a4887caf7b404c2d77db07ff6820c10b093,160,
128,150,True,False,NINETALES_ALTERNATE_FORM_3,,False,back,18,,192,/tmp/reborn-plates-flat/NINETALES_ALTERNATE_FORM_3_BACK.png,01f49655e1c6a488f2c97468ffa44a3f266abcf21b3ada519331563d2e5a1de4,192,
138,148,True,False,NINETALES_ALTERNATE_FORM_3,,False,front_shiny,16,,160,/tmp/reborn-plates-flat/NINETALES_ALTERNATE_FORM_3_SHINY.png,c2b884f3226338e4758dfdcd3b6d01a7b5124d626de8536fc62a66b6b585c312,160,
128,150,True,False,NINETALES_ALTERNATE_FORM_3,,False,back_shiny,18,,192,/tmp/reborn-plates-flat/NINETALES_ALTERNATE_FORM_3_BACK_SHINY.png,25df7536c8e46be7b44ad52a677261f439f0bf59283169c54b6de4a1c80f0f5d,192,
132,84,True,False,NOCTOWL_ALTERNATE_FORM_1,,False,front,23,,160,/tmp/reborn-plates-flat/NOCTOWL_ALTERNATE_FORM_1.png,9550e4e90815900ce89afa0bdaf31ddf17d986e7f2fc7e85321be5871b67bc63,160,
134,72,True,False,NOCTOWL_ALTERNATE_FORM_1,,False,back,13,,192,/tmp/reborn-plates-flat/NOCTOWL_ALTERNATE_FORM_1_BACK.png,11d0f630813856deceb9cecfd25fc33a709ed952d2881fea6edd9d03ea8797b7,192,
132,84,True,False,NOCTOWL_ALTERNATE_FORM_1,,False,front_shiny,19,,160,/tmp/reborn-plates-flat/NOCTOWL_ALTERNATE_FORM_1_SHINY.png,9fe60e753b4aaa75e31df307fd9a387959be32a7a1cf891cfd611de1f3eec22a,160,
134,72,True,False,NOCTOWL_ALTERNATE_FORM_1,,False,back_shiny,13,,192,/tmp/reborn-plates-flat/NOCTOWL_ALTERNATE_FORM_1_BACK_SHINY.png,920a6d32398d540eb47b9e60d7abcb1053502efe01970a82dbb0bdac33595fee,192,
114,128,True,False,NOIBAT_ALTERNATE_FORM_1,,False,front,22,,192,/tmp/reborn-plates-flat/NOIBAT_ALTERNATE_FORM_1.png,813f202e828701f087a9df601f9e5184592ebea15b48b5dfd3e2aa3f499d0c14,192,
114,120,True,False,NOIBAT_ALTERNATE_FORM_1,,False,back,14,,192,/tmp/reborn-plates-flat/NOIBAT_ALTERNATE_FORM_1_BACK.png,daa2c060174b12e8f984d5b423478b19680bd521396b1b34363a951cc28a11f8,192,
114,128,True,False,NOIBAT_ALTERNATE_FORM_1,,False,front_shiny,20,,192,/tmp/reborn-plates-flat/NOIBAT_ALTERNATE_FORM_1_SHINY.png,5544ec7b92862189d542c77dc1149f61480729bf04434282219dc5dc3feffe6c,192,
114,120,True,False,NOIBAT_ALTERNATE_FORM_1,,False,back_shiny,16,,192,/tmp/reborn-plates-flat/NOIBAT_ALTERNATE_FORM_1_BACK_SHINY.png,5a2665ad19dccba420815e53138abb6a2ab7be23a30bf74de33b9c87d18e4538,192,
138,192,True,False,NOIVERN_ALTERNATE_FORM_1,,False,front,22,,192,/tmp/reborn-plates-flat/NOIVERN_ALTERNATE_FORM_1.png,7b54379c4842323eaf042c6760b2f61783615fd35c0d7e60a2b9422f63662a37,192,
166,162,True,False,NOIVERN_ALTERNATE_FORM_1,,False,back,8,,192,/tmp/reborn-plates-flat/NOIVERN_ALTERNATE_FORM_1_BACK.png,21822b3fff069405bc55f179aaaca96c478d271b93e51bc4232bb0606d9dec37,192,
138,192,True,False,NOIVERN_ALTERNATE_FORM_1,,False,front_shiny,20,,192,/tmp/reborn-plates-flat/NOIVERN_ALTERNATE_FORM_1_SHINY.png,d3b1574afb50f4fddcbcc3d839be88716f1fa6d2030f3665d049ec2bbcabc9ac,192,
166,162,True,False,NOIVERN_ALTERNATE_FORM_1,,False,back_shiny,12,,192,/tmp/reborn-plates-flat/NOIVERN_ALTERNATE_FORM_1_BACK_SHINY.png,4dc48cc355b9be829c6cf95ea67d050868097c84ce648fcdb08942026af17dee,192,
92,74,True,False,NOSEPASS_ALTERNATE_FORM_1,,False,front,15,,160,/tmp/reborn-plates-flat/NOSEPASS_ALTERNATE_FORM_1.png,b4692d1b0fc4a5df3cb4d0f4f816154841c2710b17ef42c31439f9c078aa0dd3,160,
94,78,True,False,NOSEPASS_ALTERNATE_FORM_1,,False,back,13,,192,/tmp/reborn-plates-flat/NOSEPASS_ALTERNATE_FORM_1_BACK.png,e539db9cb9403bbb8419c15df2f8c2340602ba1555514f1109e038a53f30ec79,192,
92,74,True,False,NOSEPASS_ALTERNATE_FORM_1,,False,front_shiny,15,,160,/tmp/reborn-plates-flat/NOSEPASS_ALTERNATE_FORM_1_SHINY.png,40c7bec5f5a7618b7614d1faeed10d80bf7f901b24e4b09e900879326065a5f1,160,
94,78,True,False,NOSEPASS_ALTERNATE_FORM_1,,False,back_shiny,13,,160,/tmp/reborn-plates-flat/NOSEPASS_ALTERNATE_FORM_1_BACK_SHINY.png,21b8e12d4b6e4ee2fcb2b70b28d6231e3ee06385017c9bccb4b9d09e82c70f12,160,
84,70,True,False,NUMEL_ALTERNATE_FORM_3,,False,front,16,,160,/tmp/reborn-plates-flat/NUMEL_ALTERNATE_FORM_3.png,4d9ad0105b7b44b707562626e14f7c23b78c8c0307f6751e63b1595623e87d24,160,
104,84,True,False,NUMEL_ALTERNATE_FORM_3,,False,back,15,,192,/tmp/reborn-plates-flat/NUMEL_ALTERNATE_FORM_3_BACK.png,25374f9f5e142905df6b0cfa5e57c04092026eb51ea6f6bac1989f0a089587fc,192,
84,70,True,False,NUMEL_ALTERNATE_FORM_3,,False,front_shiny,16,,160,/tmp/reborn-plates-flat/NUMEL_ALTERNATE_FORM_3_SHINY.png,d8329602f26f78bf872a288fdf91db3970cd3b8389e4900e83c8502dbbe01240,160,
104,84,True,False,NUMEL_ALTERNATE_FORM_3,,False,back_shiny,15,,192,/tmp/reborn-plates-flat/NUMEL_ALTERNATE_FORM_3_BACK_SHINY.png,f1645d54434fe1454c28e85c88aa6b7e71a24a93ec67abf91c7860e8e4033639,192,
90,108,True,False,OCTILLERY_ALTERNATE_FORM_1,,False,front,11,,160,/tmp/reborn-plates-flat/OCTILLERY_ALTERNATE_FORM_1.png,c33828a43c4e82ad6b9b6b2a001e2814a685e9c03da0775f393117d47bc43022,160,
100,120,True,False,OCTILLERY_ALTERNATE_FORM_1,,False,back,10,,192,/tmp/reborn-plates-flat/OCTILLERY_ALTERNATE_FORM_1_BACK.png,b1c978459b60cee90c5291138eb502e351252730a9ec0b9930031968f3e85dbd,192,
90,108,True,False,OCTILLERY_ALTERNATE_FORM_1,,False,front_shiny,11,,160,/tmp/reborn-plates-flat/OCTILLERY_ALTERNATE_FORM_1_SHINY.png,6ae328b43d2ac313a2170030203aacdf2c058ee490bb8341039ec42ea185b46a,160,
100,120,True,False,OCTILLERY_ALTERNATE_FORM_1,,False,back_shiny,10,,192,/tmp/reborn-plates-flat/OCTILLERY_ALTERNATE_FORM_1_BACK_SHINY.png,d5a1711438f56e3d86ce00ae82772b8396b848765c091073ce66e503d7d6a461,192,
68,66,True,False,OMANYTE_ALTERNATE_FORM_1,,False,front,15,,160,/tmp/reborn-plates-flat/OMANYTE_ALTERNATE_FORM_1.png,570ef572ad949340bbbad7433547c9b465c3677490e42b97d5086d73f34aa515,160,
68,76,True,False,OMANYTE_ALTERNATE_FORM_1,,False,back,17,,192,/tmp/reborn-plates-flat/OMANYTE_ALTERNATE_FORM_1_BACK.png,0ae8cbada08c644ed8953158dc3d4bbc75200dfa13005a991a047a9383d37698,192,
68,66,True,False,OMANYTE_ALTERNATE_FORM_1,,False,front_shiny,18,,160,/tmp/reborn-plates-flat/OMANYTE_ALTERNATE_FORM_1_SHINY.png,d164e850cf197ea972e128279f877d8b659ad6a0d5d183e3749d6a9ba266eccc,160,
68,76,True,False,OMANYTE_ALTERNATE_FORM_1,,False,back_shiny,15,,192,/tmp/reborn-plates-flat/OMANYTE_ALTERNATE_FORM_1_BACK_SHINY.png,4d8b4f0e70433c6c208b5cbfcbfa04e7e2b9243466990a108bf7f3cb65945bed,192,
98,126,True,False,OMASTAR_ALTERNATE_FORM_1,,False,front,20,,160,/tmp/reborn-plates-flat/OMASTAR_ALTERNATE_FORM_1.png,4ab432039384ad07dcb70f6ee8bf419a5b8c2eaa72001fa83346dbad09c06995,160,
100,108,True,False,OMASTAR_ALTERNATE_FORM_1,,False,back,16,,192,/tmp/reborn-plates-flat/OMASTAR_ALTERNATE_FORM_1_BACK.png,fbfd53506ec72d5233b281ac7e962f5129cdf9232b606c4617508dfc09de09df,192,
98,126,True,False,OMASTAR_ALTERNATE_FORM_1,,False,front_shiny,22,,160,/tmp/reborn-plates-flat/OMASTAR_ALTERNATE_FORM_1_SHINY.png,77c0e2916ec5c2217093d905158d57e4b76c6a9751746b03a64daad4b09369e8,160,
100,108,True,False,OMASTAR_ALTERNATE_FORM_1,,False,back_shiny,16,,192,/tmp/reborn-plates-flat/OMASTAR_ALTERNATE_FORM_1_BACK_SHINY.png,81be1896c9efdbec71f78d17be0350716236baec431aba6d48899ef1b745ce95,192,
128,160,True,False,ONIX_ALTERNATE_FORM_2,,False,front,14,,160,/tmp/reborn-plates-flat/ONIX_ALTERNATE_FORM_2.png,c4653d8ec16210bfb733a2ddebee4c742f891a80672434f63e215758493fe5a0,160,
140,192,True,False,ONIX_ALTERNATE_FORM_2,,False,back,7,,192,/tmp/reborn-plates-flat/ONIX_ALTERNATE_FORM_2_BACK.png,91c06656430d1153cb362db778c4e2d4979f3139b48b4b6da1db5a31f28a1d2f,192,
128,160,True,False,ONIX_ALTERNATE_FORM_2,,False,front_shiny,14,,160,/tmp/reborn-plates-flat/ONIX_ALTERNATE_FORM_2_SHINY.png,3ec9d990052ee977ce3e274e3f77c104bfe23f05bf7718e2e533494d2be4f479,160,
140,192,True,False,ONIX_ALTERNATE_FORM_2,,False,back_shiny,7,,192,/tmp/reborn-plates-flat/ONIX_ALTERNATE_FORM_2_BACK_SHINY.png,506355ef491199767fe01a62d421ba054b09260d82603113f152db376f27169b,192,
106,88,True,False,PACHIRISU_ALTERNATE_FORM_1,,False,front,14,,160,/tmp/reborn-plates-flat/PACHIRISU_ALTERNATE_FORM_1.png,9f5323d9535aa789d3fd6805dd3e326ef8248efa00fa705f41fa730caf3bc1b2,160,
98,88,True,False,PACHIRISU_ALTERNATE_FORM_1,,False,back,10,,192,/tmp/reborn-plates-flat/PACHIRISU_ALTERNATE_FORM_1_BACK.png,336bcd480458f312b5db89bbe74c76c3d7088ab1ced37e202bee6b5f57bc4399,192,
106,88,True,False,PACHIRISU_ALTERNATE_FORM_1,,False,front_shiny,14,,160,/tmp/reborn-plates-flat/PACHIRISU_ALTERNATE_FORM_1_SHINY.png,f4d93a38ede7ca0c2033a8a28dc6646fda28cc832696430cc540ab17ad2969d6,160,
98,88,True,False,PACHIRISU_ALTERNATE_FORM_1,,False,back_shiny,10,,192,/tmp/reborn-plates-flat/PACHIRISU_ALTERNATE_FORM_1_BACK_SHINY.png,6b80e2abeaef210577900061aea8e405298fade94944b639140bf016d758b760,192,
126,170,True,False,PALOSSAND_ALTERNATE_FORM_1,,False,front,14,,192,/tmp/reborn-plates-flat/PALOSSAND_ALTERNATE_FORM_1.png,61d5de48e3c32aede940db7b7e2d1dca223f18887ba04308250bdcfcd204f38f,192,
126,170,True,False,PALOSSAND_ALTERNATE_FORM_1,,False,back,11,,192,/tmp/reborn-plates-flat/PALOSSAND_ALTERNATE_FORM_1_BACK.png,4f589a4a6dabf9ab290a91d6a998fcd7f70b7304f0ca19f2e0b62b59228cf44b,192,
126,170,True,False,PALOSSAND_ALTERNATE_FORM_1,,False,front_shiny,11,,192,/tmp/reborn-plates-flat/PALOSSAND_ALTERNATE_FORM_1_SHINY.png,b222d42d66502c4f38d80257a5d2911af5f134a5fe34ce964cf727910686401f,192,
126,170,True,False,PALOSSAND_ALTERNATE_FORM_1,,False,back_shiny,10,,192,/tmp/reborn-plates-flat/PALOSSAND_ALTERNATE_FORM_1_BACK_SHINY.png,8437578cf79eef1ca8d2cd213138ea0ebc719632d927df64ec7aea2ea0d6410f,192,
104,116,True,False,PARASECT_ALTERNATE_FORM_1,,False,front,14,,160,/tmp/reborn-plates-flat/PARASECT_ALTERNATE_FORM_1.png,ec8d01bca5ca0fdfec6c7b2832be2c1b0674ab35bf831578916dc74064dc4e7b,160,
104,120,True,False,PARASECT_ALTERNATE_FORM_1,,False,back,12,,192,/tmp/reborn-plates-flat/PARASECT_ALTERNATE_FORM_1_BACK.png,0cbdecebf41edc80625fdc390422963cedd450f584245b698b5f9b453dec8ec0,192,
104,116,True,False,PARASECT_ALTERNATE_FORM_1,,False,front_shiny,14,,160,/tmp/reborn-plates-flat/PARASECT_ALTERNATE_FORM_1_SHINY.png,2b6317c648452165acc3c91f5b9d47b6dd17603ba12babd40b134f27703093db,160,
104,120,True,False,PARASECT_ALTERNATE_FORM_1,,False,back_shiny,12,,192,/tmp/reborn-plates-flat/PARASECT_ALTERNATE_FORM_1_BACK_SHINY.png,c890334e6ce060cc7e6ec67266976c6ca459e9c7cfd40d8227dda79711b24673,192,
70,96,True,False,PARAS_ALTERNATE_FORM_1,,False,front,13,,160,/tmp/reborn-plates-flat/PARAS_ALTERNATE_FORM_1.png,546cf97d367f9e70b456e686765dae64075bfd2b6e1e73405c649bdb4ec78249,160,
64,94,True,False,PARAS_ALTERNATE_FORM_1,,False,back,12,,192,/tmp/reborn-plates-flat/PARAS_ALTERNATE_FORM_1_BACK.png,ffc421cb9c69c1dfd4760c94b7904fb0d70b94e88b3db81059276b784d24e00f,192,
70,96,True,False,PARAS_ALTERNATE_FORM_1,,False,front_shiny,13,,160,/tmp/reborn-plates-flat/PARAS_ALTERNATE_FORM_1_SHINY.png,701c150882de4c48b55c3ce5b5bc6fd091308287a47b0b1c42e2a6c63b57ea46,160,
64,94,True,False,PARAS_ALTERNATE_FORM_1,,False,back_shiny,12,,192,/tmp/reborn-plates-flat/PARAS_ALTERNATE_FORM_1_BACK_SHINY.png,83544956f88da6790aabb65172c69c20cb0b7e02318738a7ff6c60a325f9a5bd,192,
88,100,True,False,PAWNIARD_ALTERNATE_FORM_1,,False,front,13,,192,/tmp/reborn-plates-flat/PAWNIARD_ALTERNATE_FORM_1.png,dcebfb096a90b1f89fb70b7cb320557bc4a00e9b243006b9b0cb9ed724b927cb,192,
86,84,True,False,PAWNIARD_ALTERNATE_FORM_1,,False,back,11,,192,/tmp/reborn-plates-flat/PAWNIARD_ALTERNATE_FORM_1_BACK.png,bb34bfe65bed3820d0d12339074c9d6a701d94c60c9ebbbbec254efaf69db72a,192,
88,100,True,False,PAWNIARD_ALTERNATE_FORM_1,,False,front_shiny,25,,192,/tmp/reborn-plates-flat/PAWNIARD_ALTERNATE_FORM_1_SHINY.png,0f4bf1689c00a02225fbba05baf5baeb9eef0eef7067acd21ba9df83b2fd7700,192,
86,84,True,False,PAWNIARD_ALTERNATE_FORM_1,,False,back_shiny,22,,192,/tmp/reborn-plates-flat/PAWNIARD_ALTERNATE_FORM_1_BACK_SHINY.png,5fffd6acb112c2526fd81761c11aa16fd9b58f0f9ecae40ad85e573e93b4f86a,192,
90,54,True,False,PETILIL_ALTERNATE_FORM_1,,False,front,15,,192,/tmp/reborn-plates-flat/PETILIL_ALTERNATE_FORM_1.png,cc11d10de84ecfa47ca48df54f971bf5fa84280f9cbcd3a721fd285c26f53d58,192,
90,54,True,False,PETILIL_ALTERNATE_FORM_1,,False,back,12,,192,/tmp/reborn-plates-flat/PETILIL_ALTERNATE_FORM_1_BACK.png,21d32ebdc7dc14f5473b7fd8ddb347f9b62a93371d7092d9f69af3284145817a,192,
90,54,True,False,PETILIL_ALTERNATE_FORM_1,,False,front_shiny,15,,192,/tmp/reborn-plates-flat/PETILIL_ALTERNATE_FORM_1_SHINY.png,75c9694b817a1f98c4a8aac6aba36ac9d613d53613b2a08e76c974c649644067,192,
90,54,True,False,PETILIL_ALTERNATE_FORM_1,,False,back_shiny,12,,192,/tmp/reborn-plates-flat/PETILIL_ALTERNATE_FORM_1_BACK_SHINY.png,06fe1cbd6350d75267bb067a13346db752a70904d028a2818a7ca75af9fe6624,192,
90,54,True,False,PETILIL_ALTERNATE_FORM_2,,False,front,11,,192,/tmp/reborn-plates-flat/PETILIL_ALTERNATE_FORM_2.png,66d66c90a49efeb4bbcd155e0a828f1cb53726a47941c2a8cb827724891f5cf4,192,
90,54,True,False,PETILIL_ALTERNATE_FORM_2,,False,back,8,,192,/tmp/reborn-plates-flat/PETILIL_ALTERNATE_FORM_2_BACK.png,f051bbe24bdbd024ebb7bb04966b39e21d08fd3dd913227ea7cf749751faf663,192,
90,54,True,False,PETILIL_ALTERNATE_FORM_2,,False,front_shiny,11,,192,/tmp/reborn-plates-flat/PETILIL_ALTERNATE_FORM_2_SHINY.png,e47fc473cd1b50e8c9cd09e378986269a6af3247b579dd4f7fc1200918c5e3a3,192,
90,54,True,False,PETILIL_ALTERNATE_FORM_2,,False,back_shiny,8,,192,/tmp/reborn-plates-flat/PETILIL_ALTERNATE_FORM_2_BACK_SHINY.png,4aaaa10cb7c3a5393fde12695368f0888dcba4cfdc4773ad2099c408180735bd,192,
68,64,True,False,PHANPY_ALTERNATE_FORM_1,,False,front,17,,160,/tmp/reborn-plates-flat/PHANPY_ALTERNATE_FORM_1.png,55ca7d154b4eff17ee27002eb9c9dd8a422fca3ca67b9a7b142827f0a171539d,160,
64,80,True,False,PHANPY_ALTERNATE_FORM_1,,False,back,14,,192,/tmp/reborn-plates-flat/PHANPY_ALTERNATE_FORM_1_BACK.png,543527bfbe53802e61e34a1a0ce3027745f535249f0063c0ba8d0bc2620bdc5c,192,
68,64,True,False,PHANPY_ALTERNATE_FORM_1,,False,front_shiny,17,,160,/tmp/reborn-plates-flat/PHANPY_ALTERNATE_FORM_1_SHINY.png,789f7c546191dc330e2751b48a3fafd0ce35717213f9086d1b7b7052f00cea1e,160,
64,80,True,False,PHANPY_ALTERNATE_FORM_1,,False,back_shiny,14,,192,/tmp/reborn-plates-flat/PHANPY_ALTERNATE_FORM_1_BACK_SHINY.png,672e0a905f210a1a3ba95c24bcc6fc643f475e4d318556bf118ccf8399e8b4eb,192,
106,98,True,False,PIDGEOTTO_ALTERNATE_FORM_2,,False,front,17,,160,/tmp/reborn-plates-flat/PIDGEOTTO_ALTERNATE_FORM_2.png,c49574771f006e5ec95ac098658d8edb20a43092a0ae78469e820c22028713f6,160,
154,150,True,False,PIDGEOTTO_ALTERNATE_FORM_2,,False,back,20,,192,/tmp/reborn-plates-flat/PIDGEOTTO_ALTERNATE_FORM_2_BACK.png,786ee89998f95f3be107b7192e0b370373f30d095c22d97a9d6986f2999b3589,192,
106,98,True,False,PIDGEOTTO_ALTERNATE_FORM_2,,False,front_shiny,13,,160,/tmp/reborn-plates-flat/PIDGEOTTO_ALTERNATE_FORM_2_SHINY.png,481fd131713f686dcf918a1784a26a7c2559004d5ec64466ed715bc2fa2d59fc,160,
154,150,True,False,PIDGEOTTO_ALTERNATE_FORM_2,,False,back_shiny,14,,192,/tmp/reborn-plates-flat/PIDGEOTTO_ALTERNATE_FORM_2_BACK_SHINY.png,0fd45984839686f88e45f42cb612dd66d21ef8b6f95a6de211dbabfdc1165acc,192,
144,152,True,False,PIDGEOT_ALTERNATE_FORM_2,,False,front,15,,160,/tmp/reborn-plates-flat/PIDGEOT_ALTERNATE_FORM_2.png,a9d05feb62ca70bf26a5ff63ba9107e72afb621a71c72d8d14bd77d787fddecb,160,
132,126,True,False,PIDGEOT_ALTERNATE_FORM_2,,False,back,14,,192,/tmp/reborn-plates-flat/PIDGEOT_ALTERNATE_FORM_2_BACK.png,fea501be98b242d5a2340eca890f500bd8bfe7e947778961cfd4183c73b83c0d,192,
144,152,True,False,PIDGEOT_ALTERNATE_FORM_2,,False,front_shiny,14,,160,/tmp/reborn-plates-flat/PIDGEOT_ALTERNATE_FORM_2_SHINY.png,44cd0d782f3168851351b916c431a6d150fb3ef93fc407c6468909c006beeaea,160,
132,126,True,False,PIDGEOT_ALTERNATE_FORM_2,,False,back_shiny,14,,192,/tmp/reborn-plates-flat/PIDGEOT_ALTERNATE_FORM_2_BACK_SHINY.png,c59073ecbf6bb9eb4b8c8c6f050dacbfe866f34be6dc2905cd8c32b6320663dd,192,
170,184,True,False,PIDGEOT_MEGA_ALTERNATE_FORM_3,,False,front,16,,192,/tmp/reborn-plates-flat/PIDGEOT_MEGA_ALTERNATE_FORM_3.png,d449becae8811e64c7c44768699eb819dc9f80c043f5c76ba0147e7a48e7c2c4,192,
176,182,True,False,PIDGEOT_MEGA_ALTERNATE_FORM_3,,False,back,13,,192,/tmp/reborn-plates-flat/PIDGEOT_MEGA_ALTERNATE_FORM_3_BACK.png,8e55628e1e80a6de938b1adc26e22e3c9d83b47e909695eba647d96e33e22556,192,
170,184,True,False,PIDGEOT_MEGA_ALTERNATE_FORM_3,,False,front_shiny,12,,192,/tmp/reborn-plates-flat/PIDGEOT_MEGA_ALTERNATE_FORM_3_SHINY.png,d9618e38b874439f97ca0e991e29507b8a8b6321ab5d5f424365f01c86ad9d74,192,
176,182,True,False,PIDGEOT_MEGA_ALTERNATE_FORM_3,,False,back_shiny,12,,192,/tmp/reborn-plates-flat/PIDGEOT_MEGA_ALTERNATE_FORM_3_BACK_SHINY.png,a01006d1856b85f2d2868c96555fa033646e0cee267b0a52267710d06c6e12e7,192,
78,64,True,False,PIDGEY_ALTERNATE_FORM_2,,False,front,14,,160,/tmp/reborn-plates-flat/PIDGEY_ALTERNATE_FORM_2.png,9f935c9519ba22ac584fb996304d111bd0879fb1eb234ccf4cbc0b651e19e986,160,
80,80,True,False,PIDGEY_ALTERNATE_FORM_2,,False,back,17,,192,/tmp/reborn-plates-flat/PIDGEY_ALTERNATE_FORM_2_BACK.png,2fc3627a8b4d30c4ecf971c5dd378756316edc265dd4968af5e1fed8e5ef3c5a,192,
78,64,True,False,PIDGEY_ALTERNATE_FORM_2,,False,front_shiny,11,,160,/tmp/reborn-plates-flat/PIDGEY_ALTERNATE_FORM_2_SHINY.png,ebc91253095084bed322d448a3468228a4ac98fb2f676f63f470e0ac87ebfe24,160,
80,80,True,False,PIDGEY_ALTERNATE_FORM_2,,False,back_shiny,14,,192,/tmp/reborn-plates-flat/PIDGEY_ALTERNATE_FORM_2_BACK_SHINY.png,f22bb342a7460c1e7f4e51cf6c7773a0a1de00855bd7eaa8946951c122f9c243,192,
76,64,True,False,PIDOVE_ALTERNATE_FORM_1,,False,front,24,,192,/tmp/reborn-plates-flat/PIDOVE_ALTERNATE_FORM_1.png,a8d07858d31ab70035234cad57b86a0ce85afa574fd91fca31ca69cb5ae4208f,192,
80,64,True,False,PIDOVE_ALTERNATE_FORM_1,,False,back,20,,192,/tmp/reborn-plates-flat/PIDOVE_ALTERNATE_FORM_1_BACK.png,5c1bb56ecde253f96ff8bd3c485f6b505aae8f3c6f1ba0dfe7c5669ac9e956cd,192,
76,64,True,False,PIDOVE_ALTERNATE_FORM_1,,False,front_shiny,24,,192,/tmp/reborn-plates-flat/PIDOVE_ALTERNATE_FORM_1_SHINY.png,25f79b739c656f867046ab6aa6365a4cf2c8d1db8ceb55e5e3345d9ac82f5a40,192,
80,64,True,False,PIDOVE_ALTERNATE_FORM_1,,False,back_shiny,20,,192,/tmp/reborn-plates-flat/PIDOVE_ALTERNATE_FORM_1_BACK_SHINY.png,10627293397865a0286ae6547d37b3197dbb9fd6c7b75fbb350fcbaaef4ac19f,192,
114,112,True,False,PIGNITE_ALTERNATE_FORM_1,,False,front,18,,192,/tmp/reborn-plates-flat/PIGNITE_ALTERNATE_FORM_1.png,2939ec688e26ce668086e77da8078074eeaf74e8844b599aa6ddb35f8a6b2a11,192,
118,120,True,False,PIGNITE_ALTERNATE_FORM_1,,False,back,18,,192,/tmp/reborn-plates-flat/PIGNITE_ALTERNATE_FORM_1_BACK.png,ef3a64fab7a595606b4965ffc8560914c75581bf7d2377a94330c699f56d7581,192,
114,112,True,False,PIGNITE_ALTERNATE_FORM_1,,False,front_shiny,18,,192,/tmp/reborn-plates-flat/PIGNITE_ALTERNATE_FORM_1_SHINY.png,0f1ef14e56ee2b70d4a194011a05ff0e71ffb8fbbc16043fd1d2c21bebf2b0d4,192,
118,120,True,False,PIGNITE_ALTERNATE_FORM_1,,False,back_shiny,16,,192,/tmp/reborn-plates-flat/PIGNITE_ALTERNATE_FORM_1_BACK_SHINY.png,027b5cef6642be2ef600c96d23fe8ead129dda408852f53e504e1a911fb2364b,192,
110,100,True,False,POLITOED_ALTERNATE_FORM_1,,False,front,18,,160,/tmp/reborn-plates-flat/POLITOED_ALTERNATE_FORM_1.png,7ba9db73f7e6cbf87f85cea71e56e897a34c2be3c80231206346a5e4d82043e0,160,
114,78,True,False,POLITOED_ALTERNATE_FORM_1,,False,back,14,,192,/tmp/reborn-plates-flat/POLITOED_ALTERNATE_FORM_1_BACK.png,691ab1028da2d03581553f7df6a3710b060142e02e941c6b2bcc3720711b7a4e,192,
110,100,True,False,POLITOED_ALTERNATE_FORM_1,,False,front_shiny,19,,160,/tmp/reborn-plates-flat/POLITOED_ALTERNATE_FORM_1_SHINY.png,c6b3835285e5c65ff2be49311da8d735372754af5d30e168063ea8eb4e78d122,160,
114,78,True,False,POLITOED_ALTERNATE_FORM_1,,False,back_shiny,15,,192,/tmp/reborn-plates-flat/POLITOED_ALTERNATE_FORM_1_BACK_SHINY.png,e89598b28c9e54274e58ba5559261c3238fc56567a275bf3031f24e30cf491c5,192,
68,92,True,False,POLIWAG_ALTERNATE_FORM_1,,False,front,25,,160,/tmp/reborn-plates-flat/POLIWAG_ALTERNATE_FORM_1.png,3656f31d3417e1ef30dd50bba4fb3a815092f7b9563910168acd3390aa6e25c7,160,
68,100,True,False,POLIWAG_ALTERNATE_FORM_1,,False,back,30,,192,/tmp/reborn-plates-flat/POLIWAG_ALTERNATE_FORM_1_BACK.png,2b0bd8158963dc3087174196112db6d04b6ec964c788d71d1489acb07d95ff2f,192,
68,92,True,False,POLIWAG_ALTERNATE_FORM_1,,False,front_shiny,25,,160,/tmp/reborn-plates-flat/POLIWAG_ALTERNATE_FORM_1_SHINY.png,f75da0c5780cd10a4b4233906efab8a2adeb853c15370a79ca733c84b1667f64,160,
68,100,True,False,POLIWAG_ALTERNATE_FORM_1,,False,back_shiny,24,,192,/tmp/reborn-plates-flat/POLIWAG_ALTERNATE_FORM_1_BACK_SHINY.png,2e9d712565510b001277a956301cb41efc6f75cf13e90dd013abafc82b0cd25e,192,
88,132,True,False,POLIWHIRL_ALTERNATE_FORM_1,,False,front,19,,160,/tmp/reborn-plates-flat/POLIWHIRL_ALTERNATE_FORM_1.png,7dd1aa4400e9e656534f244f3862df11d5436740c683a77fbe1661279bccbcac,160,
94,134,True,False,POLIWHIRL_ALTERNATE_FORM_1,,False,back,13,,192,/tmp/reborn-plates-flat/POLIWHIRL_ALTERNATE_FORM_1_BACK.png,c03cb496a62e5709df10c8898c9655ad680cda332c801dd6b5dcdfc2d63446de,192,
88,132,True,False,POLIWHIRL_ALTERNATE_FORM_1,,False,front_shiny,21,,160,/tmp/reborn-plates-flat/POLIWHIRL_ALTERNATE_FORM_1_SHINY.png,9247a98928f2b2c5c999ee7e498769b3af87f2f5613b95060914aa9884cb9da9,160,
94,134,True,False,POLIWHIRL_ALTERNATE_FORM_1,,False,back_shiny,13,,192,/tmp/reborn-plates-flat/POLIWHIRL_ALTERNATE_FORM_1_BACK_SHINY.png,35a0dcbcbde36c4ce8eee8f0569952c33b3830a5433b3d849fbb04f5eec7eac0,192,
108,154,True,False,POLIWRATH_ALTERNATE_FORM_1,,False,front,19,,160,/tmp/reborn-plates-flat/POLIWRATH_ALTERNATE_FORM_1.png,276cc689d864c2c6221d6ed9efc5fadb8ab534fb5370f5e40f0645fd9024cf74,160,
112,142,True,False,POLIWRATH_ALTERNATE_FORM_1,,False,back,13,,192,/tmp/reborn-plates-flat/POLIWRATH_ALTERNATE_FORM_1_BACK.png,34fc2d4b953b3abf749900e1bb432389ff608f57a1bc4a2346b82b9f08aa5d7e,192,
108,154,True,False,POLIWRATH_ALTERNATE_FORM_1,,False,front_shiny,19,,160,/tmp/reborn-plates-flat/POLIWRATH_ALTERNATE_FORM_1_SHINY.png,76ada968fdd141b5959125f0841da8b1546577f15f8b6d9e6e9913ea200891c8,160,
112,142,True,False,POLIWRATH_ALTERNATE_FORM_1,,False,back_shiny,13,,192,/tmp/reborn-plates-flat/POLIWRATH_ALTERNATE_FORM_1_BACK_SHINY.png,160295bf1bc3b522a3319df011f3fc0c0ed96c440f2d2c38fb93345dda141d1a,192,
100,102,True,False,PONYTA_ALTERNATE_FORM_1,,False,front,11,,192,/tmp/reborn-plates-flat/PONYTA_ALTERNATE_FORM_1.png,825d496ec2968ee99a1fc80359d8de7cdb671de14c80b9773d458b2eeba2adce,192,
118,106,True,False,PONYTA_ALTERNATE_FORM_1,,False,back,14,,192,/tmp/reborn-plates-flat/PONYTA_ALTERNATE_FORM_1_BACK.png,761a00909f0507bd09253c3836b9040b832d1bf652560b136f621920218c5cfb,192,
100,102,True,False,PONYTA_ALTERNATE_FORM_1,,False,front_shiny,11,,192,/tmp/reborn-plates-flat/PONYTA_ALTERNATE_FORM_1_SHINY.png,a98403ae770245cb3b9c1d10ab2401f924745d6aea11d260faab0d5035ff9e7a,192,
118,106,True,False,PONYTA_ALTERNATE_FORM_1,,False,back_shiny,13,,192,/tmp/reborn-plates-flat/PONYTA_ALTERNATE_FORM_1_BACK_SHINY.png,3b09970aae684f1affc6e9c44a0f49f579a6e4b1a57fcf836dc153d3e72c734f,192,
160,144,True,False,PRIMARINA_ALTERNATE_FORM_1,,False,front,35,,192,/tmp/reborn-plates-flat/PRIMARINA_ALTERNATE_FORM_1.png,cef05345e77e6ae48fde067539282bc150bed10d53d3a8c7f2c32f8bb3b094c7,192,
156,142,True,False,PRIMARINA_ALTERNATE_FORM_1,,False,back,27,,192,/tmp/reborn-plates-flat/PRIMARINA_ALTERNATE_FORM_1_BACK.png,e0591fbf17509804a27d5df3f624efbf89795ed5e74c747140bcf6b88db0ee18,192,
160,144,True,False,PRIMARINA_ALTERNATE_FORM_1,,False,front_shiny,34,,192,/tmp/reborn-plates-flat/PRIMARINA_ALTERNATE_FORM_1_SHINY.png,d98a11317bc01c66be37f99b14774dd96c3a987af587c3a7c3f12b7d356b51ca,192,
156,142,True,False,PRIMARINA_ALTERNATE_FORM_1,,False,back_shiny,24,,192,/tmp/reborn-plates-flat/PRIMARINA_ALTERNATE_FORM_1_BACK_SHINY.png,72e06faffb505b2acf6d4d39df03addcdfe76f07ae1f48452e64597cd939f166,192,
124,124,True,False,PROBOPASS_ALTERNATE_FORM_1,,False,front,18,,160,/tmp/reborn-plates-flat/PROBOPASS_ALTERNATE_FORM_1.png,682d70387f572e976a819b11f83c395ff833222e89842983844eb07d0f46ed2b,160,
122,122,True,False,PROBOPASS_ALTERNATE_FORM_1,,False,back,17,,192,/tmp/reborn-plates-flat/PROBOPASS_ALTERNATE_FORM_1_BACK.png,316270ec3b0df95cdba4ba61fce5044343206f7493eaafa609b8e3870587f627,192,
124,124,True,False,PROBOPASS_ALTERNATE_FORM_1,,False,front_shiny,18,,160,/tmp/reborn-plates-flat/PROBOPASS_ALTERNATE_FORM_1_SHINY.png,5d108c380364ea4935b571b960936b300b1ebb0b326049d3157448c6713ecdad,160,
122,122,True,False,PROBOPASS_ALTERNATE_FORM_1,,False,back_shiny,17,,192,/tmp/reborn-plates-flat/PROBOPASS_ALTERNATE_FORM_1_BACK_SHINY.png,569c9617dd5b016990de7b0bab42a4ea1fe8aafeae86d7a9ef9fd3e43bd9b74e,192,
86,72,True,False,PUPITAR_ICE_FORM_2,,False,front,9,,160,/tmp/reborn-plates-flat/PUPITAR_ICE_FORM_2.png,b966520e29fa8868ca846f18db15affdfece2fb694664b916a7f6b1de0113c47,160,
90,68,True,False,PUPITAR_ICE_FORM_2,,False,back,6,,192,/tmp/reborn-plates-flat/PUPITAR_ICE_FORM_2_BACK.png,be33b776bbd6ae2a99fcac81a963f862b9bf49b231b42e3f804c74bbe7c162d6,192,
86,72,True,False,PUPITAR_ICE_FORM_2,,False,front_shiny,9,,160,/tmp/reborn-plates-flat/PUPITAR_ICE_FORM_2_SHINY.png,4770514c28c5b484b6e16c67b90e656f61e0ee240113f9cadb16ab6b2acb2032,160,
90,68,True,False,PUPITAR_ICE_FORM_2,,False,back_shiny,6,,192,/tmp/reborn-plates-flat/PUPITAR_ICE_FORM_2_BACK_SHINY.png,bbe34d94928ceeeb60932bfe0b2f7bf4bc327f7a6621d6f8fc35b4f8743eb56c,192,
86,72,True,False,PUPITAR_SPACE_FORM_4,,False,front,15,,160,/tmp/reborn-plates-flat/PUPITAR_SPACE_FORM_4.png,0ec5941e277be77d9400224fe599e8de7261f60d22fa3977ca14e70deb086e2e,160,
90,68,True,False,PUPITAR_SPACE_FORM_4,,False,back,10,,192,/tmp/reborn-plates-flat/PUPITAR_SPACE_FORM_4_BACK.png,0d1bcd032235286f253962df0a1976a8a7cf1a71d80534e1f404bbe0de83c80f,192,
86,72,True,False,PUPITAR_SPACE_FORM_4,,False,front_shiny,14,,160,/tmp/reborn-plates-flat/PUPITAR_SPACE_FORM_4_SHINY.png,fbe36c9aa3eb955ff57637364e341844b5c2195b729bd32c42f8fd02f882dbf4,160,
90,68,True,False,PUPITAR_SPACE_FORM_4,,False,back_shiny,10,,192,/tmp/reborn-plates-flat/PUPITAR_SPACE_FORM_4_BACK_SHINY.png,f688ac3b481ca067d506824c5ee997296bcc941781884a166da63ab8752d9976,192,
98,96,True,False,PURRLOIN_ALTERNATE_FORM_1,,False,front,14,,192,/tmp/reborn-plates-flat/PURRLOIN_ALTERNATE_FORM_1.png,8a44c8f8219ddfcad0d85af018e5b3fddc239f8e646058c0b8db357cad68dabb,192,
94,88,True,False,PURRLOIN_ALTERNATE_FORM_1,,False,back,8,,192,/tmp/reborn-plates-flat/PURRLOIN_ALTERNATE_FORM_1_BACK.png,92d119e73bf48acea6f1eb2bdbcfad875ed82c26b9cb6969e3f0d00b7d537d1e,192,
98,98,True,False,PURRLOIN_ALTERNATE_FORM_1,,False,front_shiny,13,,192,/tmp/reborn-plates-flat/PURRLOIN_ALTERNATE_FORM_1_SHINY.png,976c0639ba4b139e176204696398659473d6041d23ac5befc26dc84cf387d991,192,
94,88,True,False,PURRLOIN_ALTERNATE_FORM_1,,False,back_shiny,6,,192,/tmp/reborn-plates-flat/PURRLOIN_ALTERNATE_FORM_1_BACK_SHINY.png,0befde33a892fdb547c7ab17878be078e330b0625f84b0db3c989a36a6662ec6,192,
116,118,True,False,PURUGLY_ALTERNATE_FORM_1,,False,front,17,,160,/tmp/reborn-plates-flat/PURUGLY_ALTERNATE_FORM_1.png,fa87ada520404448d1471afc13c7f0f50242cb17177bc01ff6b360e128615749,160,
112,124,True,False,PURUGLY_ALTERNATE_FORM_1,,False,back,11,,192,/tmp/reborn-plates-flat/PURUGLY_ALTERNATE_FORM_1_BACK.png,bb3df9a84e4569d52d24476339b79bd870ba79c63de779d549b8d96b95e9379e,192,
116,118,True,False,PURUGLY_ALTERNATE_FORM_1,,False,front_shiny,17,,160,/tmp/reborn-plates-flat/PURUGLY_ALTERNATE_FORM_1_SHINY.png,d2252df761e9a05f8a8f99f3361ca22fa37e2d11d8fd47b1aec398c9be8d818d,160,
112,124,True,False,PURUGLY_ALTERNATE_FORM_1,,False,back_shiny,11,,192,/tmp/reborn-plates-flat/PURUGLY_ALTERNATE_FORM_1_BACK_SHINY.png,c59a91c56e8aff7cce21175c5b16baf94eb41366b37d72d416ed23da25cf55d2,192,
132,126,True,False,QUAGSIRE_ALTERNATE_FORM_1,,False,front,13,,160,/tmp/reborn-plates-flat/QUAGSIRE_ALTERNATE_FORM_1.png,5e6fa749d31ffa0ed9ffc441725627be05eca1108de198e92ea15a804b45eb94,160,
108,156,True,False,QUAGSIRE_ALTERNATE_FORM_1,,False,back,10,,192,/tmp/reborn-plates-flat/QUAGSIRE_ALTERNATE_FORM_1_BACK.png,ffce5ca32beaeb7546d8f1ae1f269eaf77bf9a0fcecc8ec761608c177aa5cba0,192,
132,126,True,False,QUAGSIRE_ALTERNATE_FORM_1,,False,front_shiny,10,,160,/tmp/reborn-plates-flat/QUAGSIRE_ALTERNATE_FORM_1_SHINY.png,09a9f6e59061549cade698fe54965ae3b6ffb9dbe826c1698ecbbff2aa6a2ab9,160,
108,156,True,False,QUAGSIRE_ALTERNATE_FORM_1,,False,back_shiny,9,,192,/tmp/reborn-plates-flat/QUAGSIRE_ALTERNATE_FORM_1_BACK_SHINY.png,2724cddc11e700a457442757114e6a170ffa7a1c2e79cc968aa0edecac77fcb4,192,
96,122,True,False,QUILAVA_ALTERNATE_FORM_1,,False,front,20,,160,/tmp/reborn-plates-flat/QUILAVA_ALTERNATE_FORM_1.png,9eea72f5aba4e04d06565d7a0fce42e883c72f937528803848bc72fc71d0e1bb,160,
106,118,True,False,QUILAVA_ALTERNATE_FORM_1,,False,back,18,,192,/tmp/reborn-plates-flat/QUILAVA_ALTERNATE_FORM_1_BACK.png,e8bc8727e802fad7bda90f98f1b77260e14d1621ddd78b3b57cd3ec09335b689,192,
96,122,True,False,QUILAVA_ALTERNATE_FORM_1,,False,front_shiny,20,,160,/tmp/reborn-plates-flat/QUILAVA_ALTERNATE_FORM_1_SHINY.png,a1eb612ccbaa9657b2825b468095e25143dee66e11015fa3c7d55397a6b03fa3,160,
106,118,True,False,QUILAVA_ALTERNATE_FORM_1,,False,back_shiny,19,,192,/tmp/reborn-plates-flat/QUILAVA_ALTERNATE_FORM_1_BACK_SHINY.png,c888db11ee69c700241245df15aaa86d335d332acb0f40efb356571f29e401ef,192,
140,82,True,False,RABOOT_ALTERNATE_FORM_2,,False,front,16,,192,/tmp/reborn-plates-flat/RABOOT_ALTERNATE_FORM_2.png,67051e088bee8c6b208d5380b6cc6cd4ced907ba55b604ee1865146b4f31b1e2,192,
140,78,True,False,RABOOT_ALTERNATE_FORM_2,,False,back,14,,192,/tmp/reborn-plates-flat/RABOOT_ALTERNATE_FORM_2_BACK.png,e796983be3aa88b39438ee6ed4256f95916ced2747fa9d2e489fe6627a680bc3,192,
140,82,True,False,RABOOT_ALTERNATE_FORM_2,,False,front_shiny,17,,192,/tmp/reborn-plates-flat/RABOOT_ALTERNATE_FORM_2_SHINY.png,16270c0418eea63eed647e493bfde1a02c53e6790e7763d368f440d25c14780d,192,
140,78,True,False,RABOOT_ALTERNATE_FORM_2,,False,back_shiny,12,,192,/tmp/reborn-plates-flat/RABOOT_ALTERNATE_FORM_2_BACK_SHINY.png,0b9edc401e30170cb46405a26975e08f99b4217573abf0d86f1df9444bb04e52,192,
76,46,True,False,RALTS_ALTERNATE_FORM_3,,False,front,15,,160,/tmp/reborn-plates-flat/RALTS_ALTERNATE_FORM_3.png,c87b6842ce0330e2df63481e6d9cef787b1bc704116a6a73c1345b2bc139b095,160,
80,46,True,False,RALTS_ALTERNATE_FORM_3,,False,back,18,,192,/tmp/reborn-plates-flat/RALTS_ALTERNATE_FORM_3_BACK.png,acd4f6362b96c43e0e3493e456b907b08a39345e9be286993ecff2d73aeab425,192,
76,46,True,False,RALTS_ALTERNATE_FORM_3,,False,front_shiny,12,,160,/tmp/reborn-plates-flat/RALTS_ALTERNATE_FORM_3_SHINY.png,140eaf74f3d7c88f25fa9057d5b56ee6622b7ea5097cd42d614eb15932b2d130,160,
80,46,True,False,RALTS_ALTERNATE_FORM_3,,False,back_shiny,15,,192,/tmp/reborn-plates-flat/RALTS_ALTERNATE_FORM_3_BACK_SHINY.png,41a29ca2ad5df903622a291c6d811ed3e438871c321c1f4441916d4e92cc71e7,192,
156,110,True,False,RAMPARDOS_ALTERNATE_FORM_1,,False,front,19,,160,/tmp/reborn-plates-flat/RAMPARDOS_ALTERNATE_FORM_1.png,0ea4d75691b1f9a53a4945538fbf10568450f0098c59d861d273c2971daed4b9,160,
160,118,True,False,RAMPARDOS_ALTERNATE_FORM_1,,False,back,18,,192,/tmp/reborn-plates-flat/RAMPARDOS_ALTERNATE_FORM_1_BACK.png,8701b54d4f9082d9d6701d865fd488a3bb5e2b31336829dc9e7d03996df63c3f,192,
156,110,True,False,RAMPARDOS_ALTERNATE_FORM_1,,False,front_shiny,19,,160,/tmp/reborn-plates-flat/RAMPARDOS_ALTERNATE_FORM_1_SHINY.png,fd85e5a2f0ea03886b7bd80e4bdb6da4f6c8e7efffe5ae9a53260210f4538a05,160,
160,118,True,False,RAMPARDOS_ALTERNATE_FORM_1,,False,back_shiny,18,,192,/tmp/reborn-plates-flat/RAMPARDOS_ALTERNATE_FORM_1_BACK_SHINY.png,ece8bc1484c0146f832b7f7cc8de058f0e3d2f0c0ca3105e62d4834b3483f6b3,192,
138,138,True,False,RAPIDASH_ALTERNATE_FORM_1,,False,front,54,,160,/tmp/reborn-plates-flat/RAPIDASH_ALTERNATE_FORM_1.png,68c6cfe2e482d05ccb51964246ff7b939e5bc2c4c9a4bac08889228904077e99,160,
146,148,True,False,RAPIDASH_ALTERNATE_FORM_1,,False,back,58,,192,/tmp/reborn-plates-flat/RAPIDASH_ALTERNATE_FORM_1_BACK.png,0f6d87545d764ab911479efc1b62a412d7a3eb730dfc385e9a7fbc6ddcaaee47,192,
138,138,True,False,RAPIDASH_ALTERNATE_FORM_1,,False,front_shiny,52,,160,/tmp/reborn-plates-flat/RAPIDASH_ALTERNATE_FORM_1_SHINY.png,c2029f4dabfc25a8a93bd337f9cf750c9f7c97be801d8997082246f0518adc4c,160,
146,148,True,False,RAPIDASH_ALTERNATE_FORM_1,,False,back_shiny,59,,192,/tmp/reborn-plates-flat/RAPIDASH_ALTERNATE_FORM_1_BACK_SHINY.png,6139f8978d663f8cb7efa50e7a88d9c42f1631b517b695b19aead5bd0fdf8bdf,192,
72,72,True,False,REMORAID_ALTERNATE_FORM_1,,False,front,14,,160,/tmp/reborn-plates-flat/REMORAID_ALTERNATE_FORM_1.png,951a506f22984b938ccc6e6fb69df9a7a803b63a9252ddce4897bd2c20510bf4,160,
94,86,True,False,REMORAID_ALTERNATE_FORM_1,,False,back,11,,192,/tmp/reborn-plates-flat/REMORAID_ALTERNATE_FORM_1_BACK.png,0ef3a3d72852d306ca249a294fbc18b2da06b4002addd5d8d757cab583f740bb,192,
72,72,True,False,REMORAID_ALTERNATE_FORM_1,,False,front_shiny,16,,160,/tmp/reborn-plates-flat/REMORAID_ALTERNATE_FORM_1_SHINY.png,09c003270143421119054fd808144dc3d84c3ae23d433d1c70334b6f2f4f5753,160,
94,86,True,False,REMORAID_ALTERNATE_FORM_1,,False,back_shiny,13,,192,/tmp/reborn-plates-flat/REMORAID_ALTERNATE_FORM_1_BACK_SHINY.png,4173604ffeee64860bf298782de468a1b78eda19ef675b72306835eff2f0eb7c,192,
102,176,False,False,REUNICLUS_ALTERNATE_FORM_1,,False,front,17,,192,/tmp/reborn-plates-flat/REUNICLUS_ALTERNATE_FORM_1.png,acdffb7ec51b8c6485695ff2c450a1cd4766655424e5816f4999e8a967312e1c,192,
108,168,False,False,REUNICLUS_ALTERNATE_FORM_1,,False,back,15,,192,/tmp/reborn-plates-flat/REUNICLUS_ALTERNATE_FORM_1_BACK.png,5086e5c087731a3dc9bb84c7b1e69ae8e3e4ee2c5029c1cf6a177954277d17eb,192,
102,176,False,False,REUNICLUS_ALTERNATE_FORM_1,,False,front_shiny,16,,192,/tmp/reborn-plates-flat/REUNICLUS_ALTERNATE_FORM_1_SHINY.png,470d4e4791b51d292912f92df7f45ad7c19190ce6760218461daa374a8ad390d,192,
108,168,False,False,REUNICLUS_ALTERNATE_FORM_1,,False,back_shiny,14,,192,/tmp/reborn-plates-flat/REUNICLUS_ALTERNATE_FORM_1_BACK_SHINY.png,290dd60e7f892e72727d6a3e1b105319f336acd4c6ba0aa8e9972723f54dde06,192,
148,160,True,False,RHYPERIOR_ALTERNATE_FORM_1,,False,front,18,,160,/tmp/reborn-plates-flat/RHYPERIOR_ALTERNATE_FORM_1.png,ee5e3d4be32826843ea79da88365399038625ecf1749537afd2abad49f7952e1,160,
0,0,False,False,RHYPERIOR_ALTERNATE_FORM_1,,False,back,0,UnidentifiedImageError: cannot identify image file '/tmp/reborn-plates-flat/RHYPERIOR_ALTERNATE_FORM_1_BACK.png',0,/tmp/reborn-plates-flat/RHYPERIOR_ALTERNATE_FORM_1_BACK.png,a9924f9573170116e63e56df7c1a9af3cfc1cf3ae8eb7a078586c12ed67751e9,0,
148,158,True,False,RHYPERIOR_ALTERNATE_FORM_1,,False,front_shiny,16,,160,/tmp/reborn-plates-flat/RHYPERIOR_ALTERNATE_FORM_1_SHINY.png,5e9ec2b9ae0f78a83fffd7cb0dcf03b19712900d9feba0086f379e792b9234c1,160,
158,180,True,False,RHYPERIOR_ALTERNATE_FORM_1,,False,back_shiny,12,,192,/tmp/reborn-plates-flat/RHYPERIOR_ALTERNATE_FORM_1_BACK_SHINY.png,2021c815441cb4d7e0447c5ba912aec144c5e079bfe2046cd61e20abf89951d0,192,
108,122,True,False,RIBOMBEE_BLUETOWEL_ALTERNATE_FORM_FORM_1,,False,front,21,,192,/tmp/reborn-plates-flat/RIBOMBEE_BLUETOWEL_ALTERNATE_FORM_FORM_1.png,8b0501104e47901e3cc7510087b77188534668777b793bca14f22f6606600b3a,192,
94,118,True,False,RIBOMBEE_BLUETOWEL_ALTERNATE_FORM_FORM_1,,False,back,19,,192,/tmp/reborn-plates-flat/RIBOMBEE_BLUETOWEL_ALTERNATE_FORM_FORM_1_BACK.png,18aa242cd3e9811cf0d2005364dbc057dbf3cf158941599034fbca51cdc2d652,192,
108,122,True,False,RIBOMBEE_BLUETOWEL_ALTERNATE_FORM_FORM_1,,False,front_shiny,14,,192,/tmp/reborn-plates-flat/RIBOMBEE_BLUETOWEL_ALTERNATE_FORM_FORM_1_SHINY.png,6aff245834a4a4fad36d66d9e8ec9ec9a00922f42ff6cdba5f2619b56ddfef4d,192,
94,118,True,False,RIBOMBEE_BLUETOWEL_ALTERNATE_FORM_FORM_1,,False,back_shiny,18,,192,/tmp/reborn-plates-flat/RIBOMBEE_BLUETOWEL_ALTERNATE_FORM_FORM_1_BACK_SHINY.png,0aa2024c14507ea4ada27d7ef62189972a3eebb2bbac42f96d08e0b55337a8c9,192,
190,174,True,False,RILLABOOM_ALTERNATE_FORM_2,,False,front,32,,192,/tmp/reborn-plates-flat/RILLABOOM_ALTERNATE_FORM_2.png,e3911b54fbc544ca85c1f6b68b6d84b6b294b29e03510d94d208c21fec348f0f,192,
178,174,True,False,RILLABOOM_ALTERNATE_FORM_2,,False,back,30,,192,/tmp/reborn-plates-flat/RILLABOOM_ALTERNATE_FORM_2_BACK.png,a89530f32e159ae041d489caa7004723e5f6e9a811f5bbfcf31a2c42a303e236,192,
190,174,True,False,RILLABOOM_ALTERNATE_FORM_2,,False,front_shiny,52,,192,/tmp/reborn-plates-flat/RILLABOOM_ALTERNATE_FORM_2_SHINY.png,e22a630dd7f3aedd037161f8c2e1af706eaab5447275f1db10d433f144645014,192,
178,174,True,False,RILLABOOM_ALTERNATE_FORM_2,,False,back_shiny,37,,192,/tmp/reborn-plates-flat/RILLABOOM_ALTERNATE_FORM_2_BACK_SHINY.png,5e916f2da9235f8e51937cf3ad601ecd07c2d7da945f92f034885ef75349db6c,192,
72,40,True,False,ROGGENROLA_ALTERNATE_FORM_1,,False,front,11,,192,/tmp/reborn-plates-flat/ROGGENROLA_ALTERNATE_FORM_1.png,cc7bbd2d6f8752a9d794dc1990f815de7e167936700324e54d509ef24a11a784,192,
70,40,True,False,ROGGENROLA_ALTERNATE_FORM_1,,False,back,7,,192,/tmp/reborn-plates-flat/ROGGENROLA_ALTERNATE_FORM_1_BACK.png,fcec54a3e061dd0fcbb13424c863e68113b91cea770173b22334f0e063d78d3a,192,
72,40,True,False,ROGGENROLA_ALTERNATE_FORM_1,,False,front_shiny,10,,192,/tmp/reborn-plates-flat/ROGGENROLA_ALTERNATE_FORM_1_SHINY.png,16ef5cff3780c4e1df7356afef2c3a83c5eec7df9f9a62434a3e05378c7ad3e7,192,
70,40,True,False,ROGGENROLA_ALTERNATE_FORM_1,,False,back_shiny,7,,192,/tmp/reborn-plates-flat/ROGGENROLA_ALTERNATE_FORM_1_BACK_SHINY.png,408917a987a5fb0b3e056c17833b15a80185ee1ffaf3413319f99763c968099d,192,
98,76,True,False,SABLEYE_ALTERNATE_DARKNESS_FORM_4,,False,front,9,,160,/tmp/reborn-plates-flat/SABLEYE_ALTERNATE_DARKNESS_FORM_4.png,7fd3fc8784fc2cfb41978b4a05aec43e3669358f5bd2b4d807765d8d29fa9fc8,160,
108,52,True,False,SABLEYE_ALTERNATE_DARKNESS_FORM_4,,False,back,6,,192,/tmp/reborn-plates-flat/SABLEYE_ALTERNATE_DARKNESS_FORM_4_BACK.png,d666018ac16e8c6575a8429bce093f03bee84bacadae388fdbebce4db167aefc,192,
98,76,True,False,SABLEYE_ALTERNATE_DARKNESS_FORM_4,,False,front_shiny,9,,160,/tmp/reborn-plates-flat/SABLEYE_ALTERNATE_DARKNESS_FORM_4_SHINY.png,62df720ac2c9e575d568fe14a432fbf61675e0e5ca53b2f22c9652ce9bba9f8d,160,
108,52,True,False,SABLEYE_ALTERNATE_DARKNESS_FORM_4,,False,back_shiny,6,,192,/tmp/reborn-plates-flat/SABLEYE_ALTERNATE_DARKNESS_FORM_4_BACK_SHINY.png,403bf57bf1493eb554b9eac64113ec9c1d0a30746b901d30939a3db037fda7db,192,
120,98,True,False,SABLEYE_ALTERNATE_DARKNESS_MEGA_FORM_5,,False,front,12,,192,/tmp/reborn-plates-flat/SABLEYE_ALTERNATE_DARKNESS_MEGA_FORM_5.png,168d3f41bad2c84e33dac2f085e70e618958ffaf468e83a36ef125a6d94dad44,192,
134,94,True,False,SABLEYE_ALTERNATE_DARKNESS_MEGA_FORM_5,,False,back,13,,192,/tmp/reborn-plates-flat/SABLEYE_ALTERNATE_DARKNESS_MEGA_FORM_5_BACK.png,c0510e4c9f9fce387b6c24b8ea744956ea9fbb56620f1cd68f8771d569bce519,192,
120,98,True,False,SABLEYE_ALTERNATE_DARKNESS_MEGA_FORM_5,,False,front_shiny,12,,192,/tmp/reborn-plates-flat/SABLEYE_ALTERNATE_DARKNESS_MEGA_FORM_5_SHINY.png,5795269221f80e505733733ec09e3399e1c66e65ec0a0967a14e48c07c2414da,192,
134,94,True,False,SABLEYE_ALTERNATE_DARKNESS_MEGA_FORM_5,,False,back_shiny,13,,192,/tmp/reborn-plates-flat/SABLEYE_ALTERNATE_DARKNESS_MEGA_FORM_5_BACK_SHINY.png,93d0f8aac3f79c0b19fe916b087c649603547fd6214caf645190261f9b182f14,192,
88,86,True,False,SABLEYE_ALTERNATE_GEMSTONE_FORM_2,,False,front,16,,160,/tmp/reborn-plates-flat/SABLEYE_ALTERNATE_GEMSTONE_FORM_2.png,24020dfa668841a3b2659d3bb08cb12bcd024710bca52e4da2b21e0bbf1091c5,160,
84,74,True,False,SABLEYE_ALTERNATE_GEMSTONE_FORM_2,,False,back,14,,192,/tmp/reborn-plates-flat/SABLEYE_ALTERNATE_GEMSTONE_FORM_2_BACK.png,d8fdb59bc8293b000f610c006d230472f49c7ad31d5b671d691672cf0cd9a64a,192,
88,86,True,False,SABLEYE_ALTERNATE_GEMSTONE_FORM_2,,False,front_shiny,16,,160,/tmp/reborn-plates-flat/SABLEYE_ALTERNATE_GEMSTONE_FORM_2_SHINY.png,87ea233bd268290aa9598d5170001065d0afc7a849a18844f27af17abc3eef3a,160,
84,74,True,False,SABLEYE_ALTERNATE_GEMSTONE_FORM_2,,False,back_shiny,14,,192,/tmp/reborn-plates-flat/SABLEYE_ALTERNATE_GEMSTONE_FORM_2_BACK_SHINY.png,e36d6c06cac27cca6eb414f44bbbe4de16cdc7410bd234266d015660de5b50cb,192,
122,112,True,False,SABLEYE_ALTERNATE_GEMSTONE_MEGA_FORM_3,,False,front,16,,192,/tmp/reborn-plates-flat/SABLEYE_ALTERNATE_GEMSTONE_MEGA_FORM_3.png,23a4df29b210e879b3317df9f5fce1d385a7f5282237e31de515f659df95c877,192,
130,74,True,False,SABLEYE_ALTERNATE_GEMSTONE_MEGA_FORM_3,,False,back,26,,192,/tmp/reborn-plates-flat/SABLEYE_ALTERNATE_GEMSTONE_MEGA_FORM_3_BACK.png,e17b000e25b03abf9bc246ced6a854aa87526211d194cf04e2bc376c8902c7a9,192,
122,112,True,False,SABLEYE_ALTERNATE_GEMSTONE_MEGA_FORM_3,,False,front_shiny,16,,192,/tmp/reborn-plates-flat/SABLEYE_ALTERNATE_GEMSTONE_MEGA_FORM_3_SHINY.png,c8c8c4a90475a59022c475c75ae558c0ca6d8dfe31e8a79d44a24a48c4b96b24,192,
130,74,True,False,SABLEYE_ALTERNATE_GEMSTONE_MEGA_FORM_3,,False,back_shiny,26,,192,/tmp/reborn-plates-flat/SABLEYE_ALTERNATE_GEMSTONE_MEGA_FORM_3_BACK_SHINY.png,e4d497f7c410e88063d306634c1f14cb8e42c801dee20bdb285b737f2b078c93,192,
146,192,True,False,SALAMENCE_ALTERNATE_FORM_1,,False,front,22,,192,/tmp/reborn-plates-flat/SALAMENCE_ALTERNATE_FORM_1.png,1af267ed3cbfe622736b2c6f0f3a7517124b614a4e5d991e01997297489899a9,192,
164,192,True,False,SALAMENCE_ALTERNATE_FORM_1,,False,back,17,,192,/tmp/reborn-plates-flat/SALAMENCE_ALTERNATE_FORM_1_BACK.png,03c86d943008adf640ad7ef4d074bd556ba264822db20ee40f4c53d741b091f1,192,
146,192,True,False,SALAMENCE_ALTERNATE_FORM_1,,False,front_shiny,19,,192,/tmp/reborn-plates-flat/SALAMENCE_ALTERNATE_FORM_1_SHINY.png,3ced6813784212bea0544aa2c97db28a2dfc10118ec8efa4a92bf30d2e388965,192,
164,192,True,False,SALAMENCE_ALTERNATE_FORM_1,,False,back_shiny,17,,192,/tmp/reborn-plates-flat/SALAMENCE_ALTERNATE_FORM_1_BACK_SHINY.png,844cc6ec63dfdb4cf2f7d188ccae331a0ddb7fd0cccb18d9d4ee5321affa7268,192,
142,156,True,False,SALAMENCE_ALTERNATE_FORM_2,,False,front,25,,160,/tmp/reborn-plates-flat/SALAMENCE_ALTERNATE_FORM_2.png,95da7e356200e2e1aa93ce74ab3c673bc8b4686ae8ce5faa25f578460a752692,160,
152,166,True,False,SALAMENCE_ALTERNATE_FORM_2,,False,back,18,,192,/tmp/reborn-plates-flat/SALAMENCE_ALTERNATE_FORM_2_BACK.png,8556d14a043bfd5b279cb32d92a5c6d824c7fd3b1d8943230c08cd3e64df66da,192,
142,156,True,False,SALAMENCE_ALTERNATE_FORM_2,,False,front_shiny,25,,160,/tmp/reborn-plates-flat/SALAMENCE_ALTERNATE_FORM_2_SHINY.png,f939acaff2fdc2092c67842c1822e1fbb5aa5a6334300337c9d26116dc9bf614,160,
152,166,True,False,SALAMENCE_ALTERNATE_FORM_2,,False,back_shiny,18,,192,/tmp/reborn-plates-flat/SALAMENCE_ALTERNATE_FORM_2_BACK_SHINY.png,6abc2945d98a43a05f961b0c596814b34651920e29a859b3019044e273d6d819,192,
148,192,True,False,SALAMENCE_ALTERNATE_MEGA_FORM_3,,False,front,25,,192,/tmp/reborn-plates-flat/SALAMENCE_ALTERNATE_MEGA_FORM_3.png,cb233600dcb177b1f3eba79b83c03799b3c0520c2841c548e8284ff39d7cbf4c,192,
164,192,True,False,SALAMENCE_ALTERNATE_MEGA_FORM_3,,False,back,21,,192,/tmp/reborn-plates-flat/SALAMENCE_ALTERNATE_MEGA_FORM_3_BACK.png,46ae92d7933b78760be9fc1a48e8003d96041f893bb389202102a58d4cdd6540,192,
148,192,True,False,SALAMENCE_ALTERNATE_MEGA_FORM_3,,False,front_shiny,26,,192,/tmp/reborn-plates-flat/SALAMENCE_ALTERNATE_MEGA_FORM_3_SHINY.png,a0c5aa9b9f019108b5c8b5491d543e211badf0c08f5bdac1ccff82325929d8f0,192,
164,192,True,False,SALAMENCE_ALTERNATE_MEGA_FORM_3,,False,back_shiny,21,,192,/tmp/reborn-plates-flat/SALAMENCE_ALTERNATE_MEGA_FORM_3_BACK_SHINY.png,37c71654085893cdd0a3beefed99ea979cebab56a06c4354bbaefe9ff2bb5cc2,192,
156,154,True,False,SAMUROTT_BLUETOWEL_ALTERNATE_FORM_FORM_1,,False,front,13,,192,/tmp/reborn-plates-flat/SAMUROTT_BLUETOWEL_ALTERNATE_FORM_FORM_1.png,dce933c07824a6cc1e26bb649452bac247f3f0904290f66a5cc3f3a7dcd9ed45,192,
160,154,True,False,SAMUROTT_BLUETOWEL_ALTERNATE_FORM_FORM_1,,False,back,9,,192,/tmp/reborn-plates-flat/SAMUROTT_BLUETOWEL_ALTERNATE_FORM_FORM_1_BACK.png,fc8a3d52780d44ac0a922e746367d811618b947544d13e9cc91b6468af07742e,192,
156,153,True,False,SAMUROTT_BLUETOWEL_ALTERNATE_FORM_FORM_1,,False,front_shiny,15,,192,/tmp/reborn-plates-flat/SAMUROTT_BLUETOWEL_ALTERNATE_FORM_FORM_1_SHINY.png,64ece1f54ee6024e3f8256e53097b78847487667e96b9ad73b8373ecb3dbd38f,192,
160,154,True,False,SAMUROTT_BLUETOWEL_ALTERNATE_FORM_FORM_1,,False,back_shiny,13,,192,/tmp/reborn-plates-flat/SAMUROTT_BLUETOWEL_ALTERNATE_FORM_FORM_1_BACK_SHINY.png,ca54ab38c0b572acd30172d981aea9113b026978660af3b03ff948cdf399b554,192,
148,150,True,False,SAMUROTT_BLUETOWEL_ALTERNATE_FORM_FORM_2,,False,front,14,,192,/tmp/reborn-plates-flat/SAMUROTT_BLUETOWEL_ALTERNATE_FORM_FORM_2.png,429d3326d9623b0605276dad163793dc2bf4dbaacddcf4a18fe4ed78c999fd49,192,
158,154,True,False,SAMUROTT_BLUETOWEL_ALTERNATE_FORM_FORM_2,,False,back,11,,192,/tmp/reborn-plates-flat/SAMUROTT_BLUETOWEL_ALTERNATE_FORM_FORM_2_BACK.png,7ab6a9b291cefba3ef98c08c12ff4d60e6718df8664a33a4ca6eab3304228080,192,
148,150,True,False,SAMUROTT_BLUETOWEL_ALTERNATE_FORM_FORM_2,,False,front_shiny,14,,192,/tmp/reborn-plates-flat/SAMUROTT_BLUETOWEL_ALTERNATE_FORM_FORM_2_SHINY.png,61e5b075f32d40d98ad081e81b754f7a7080511d1be9472792b52dc23bb592e3,192,
157,154,True,False,SAMUROTT_BLUETOWEL_ALTERNATE_FORM_FORM_2,,False,back_shiny,27,,192,/tmp/reborn-plates-flat/SAMUROTT_BLUETOWEL_ALTERNATE_FORM_FORM_2_BACK_SHINY.png,56f1f859db056137b18983cf97ab5f6a5f7c7236ee2e4357963f036b99006185,192,
68,90,True,False,SANDILE_ALTERNATE_FORM_1,,False,front,13,,192,/tmp/reborn-plates-flat/SANDILE_ALTERNATE_FORM_1.png,5a4240465917f90a9bcebd772118895b1a93243841e0d6a2245264315af33d42,192,
70,108,True,False,SANDILE_ALTERNATE_FORM_1,,False,back,12,,192,/tmp/reborn-plates-flat/SANDILE_ALTERNATE_FORM_1_BACK.png,e04a6a7fd073c059de443ab2a0756c34a2116f81d8016cc4ddf5755c1a3690bd,192,
68,90,True,False,SANDILE_ALTERNATE_FORM_1,,False,front_shiny,13,,192,/tmp/reborn-plates-flat/SANDILE_ALTERNATE_FORM_1_SHINY.png,3b2616c1e53ba4dfed4fb7e30ee703b225aca2c855bf51a565cb8e5ea81b54e8,192,
70,108,True,False,SANDILE_ALTERNATE_FORM_1,,False,back_shiny,11,,192,/tmp/reborn-plates-flat/SANDILE_ALTERNATE_FORM_1_BACK_SHINY.png,729686f7d7bcf7422b25fce8e4ce106913b5546e87ac637280a718edfb7d266a,192,
84,86,True,False,SANDYGAST_ALTERNATE_FORM_1,,False,front,10,,192,/tmp/reborn-plates-flat/SANDYGAST_ALTERNATE_FORM_1.png,3f0aba6b0c3d93f9143e892499c2f4633ceef512f6111e89aac74e3e93725ed2,192,
84,86,True,False,SANDYGAST_ALTERNATE_FORM_1,,False,back,9,,192,/tmp/reborn-plates-flat/SANDYGAST_ALTERNATE_FORM_1_BACK.png,d7c087fb916558cfd3036618334a3a75c3750dc4c1dc8945cede6d2e245c70f2,192,
84,86,True,False,SANDYGAST_ALTERNATE_FORM_1,,False,front_shiny,10,,192,/tmp/reborn-plates-flat/SANDYGAST_ALTERNATE_FORM_1_SHINY.png,6885821327c0f2e93b422ea84c13d017873bea40e47f0d228e2d55fc7040d302,192,
84,86,True,False,SANDYGAST_ALTERNATE_FORM_1,,False,back_shiny,9,,192,/tmp/reborn-plates-flat/SANDYGAST_ALTERNATE_FORM_1_BACK_SHINY.png,f5c5a4045e9ee02a948af7031b0842ce69258ede8459474876e038177497eb7d,192,
140,148,True,False,SCEPTILE_ALTERNATE_FORM_2,,False,front,18,,160,/tmp/reborn-plates-flat/SCEPTILE_ALTERNATE_FORM_2.png,2c859fa10dd589ef233f8a1aa879b6f225833f4eb1ac143f4e33ce1ed5f7d22a,160,
156,144,True,False,SCEPTILE_ALTERNATE_FORM_2,,False,back,18,,192,/tmp/reborn-plates-flat/SCEPTILE_ALTERNATE_FORM_2_BACK.png,d79a8aef5e79ca67af03b63a26c7ba95d0a60e8a85c4f545cd7d543793bccc20,192,
140,148,True,False,SCEPTILE_ALTERNATE_FORM_2,,False,front_shiny,21,,160,/tmp/reborn-plates-flat/SCEPTILE_ALTERNATE_FORM_2_SHINY.png,dca81efafd2fe472138ef18ce39be3e245c9fe6a088cc68059914fad3b1973d3,160,
156,144,True,False,SCEPTILE_ALTERNATE_FORM_2,,False,back_shiny,18,,192,/tmp/reborn-plates-flat/SCEPTILE_ALTERNATE_FORM_2_BACK_SHINY.png,a2867126db08d174daff987ed3a81433cb6249d5b88fe0317ca25ee0ff3999dd,192,
170,192,True,False,SCEPTILE_ALTERNATE_MEGA_FORM_3,,False,front,25,,192,/tmp/reborn-plates-flat/SCEPTILE_ALTERNATE_MEGA_FORM_3.png,1772630de2c70ad74a2baed299a52fe1cee67465b3e64876936201e7546d7a44,192,
178,192,True,False,SCEPTILE_ALTERNATE_MEGA_FORM_3,,False,back,15,,192,/tmp/reborn-plates-flat/SCEPTILE_ALTERNATE_MEGA_FORM_3_BACK.png,b43d94f899586f4f6284443f3b567a35179ea47fa3dc1137b74e4a47e0db530f,192,
170,192,False,False,SCEPTILE_ALTERNATE_MEGA_FORM_3,,False,front_shiny,26,,192,/tmp/reborn-plates-flat/SCEPTILE_ALTERNATE_MEGA_FORM_3_SHINY.png,643702fae14a991ec97e7a8929411a53e96ff1ab7c091f675533e6f847707da9,192,
178,192,True,False,SCEPTILE_ALTERNATE_MEGA_FORM_3,,False,back_shiny,15,,192,/tmp/reborn-plates-flat/SCEPTILE_ALTERNATE_MEGA_FORM_3_BACK_SHINY.png,3e228c7fbb3d9d19e5dfadc09dfaf89181962031937d1486e76c782cc69a6660,192,
136,78,True,False,SCORBUNNY_ALTERNATE_FORM_2,,False,front,20,,192,/tmp/reborn-plates-flat/SCORBUNNY_ALTERNATE_FORM_2.png,0f092a1e4cd9442b8bf268d8fcf56593024bfb934486d4dc58440135387bf259,192,
134,78,True,False,SCORBUNNY_ALTERNATE_FORM_2,,False,back,12,,192,/tmp/reborn-plates-flat/SCORBUNNY_ALTERNATE_FORM_2_BACK.png,1ab5a173a7bdab4212bc548399a92293338f0e9e0dbc2744a8014801ecf8adcd,192,
136,78,True,False,SCORBUNNY_ALTERNATE_FORM_2,,False,front_shiny,20,,192,/tmp/reborn-plates-flat/SCORBUNNY_ALTERNATE_FORM_2_SHINY.png,72eb2c0d6bd44440b8b0d48c42cbf9c1b1669e217bd076e20cf1a2204b014925,192,
134,78,True,False,SCORBUNNY_ALTERNATE_FORM_2,,False,back_shiny,12,,192,/tmp/reborn-plates-flat/SCORBUNNY_ALTERNATE_FORM_2_BACK_SHINY.png,1563c9a9fee4ce7973b4be86c9312214b70a5365346ef3e7ed811faeb47c24a8,192,
136,156,True,False,SERPERIOR_ALTERNATE_FORM_1,,False,front,14,,192,/tmp/reborn-plates-flat/SERPERIOR_ALTERNATE_FORM_1.png,75e4666fdb413c317f26d70b722326ebedcd8ddfa3b851b2e75b1593bac6753f,192,
144,152,True,False,SERPERIOR_ALTERNATE_FORM_1,,False,back,14,,192,/tmp/reborn-plates-flat/SERPERIOR_ALTERNATE_FORM_1_BACK.png,9738f0680c8cb1820a5049761a0cbe4344b142521e448fb9312bf288c9c0f42a,192,
136,156,True,False,SERPERIOR_ALTERNATE_FORM_1,,False,front_shiny,16,,192,/tmp/reborn-plates-flat/SERPERIOR_ALTERNATE_FORM_1_SHINY.png,de33b330a71915a4f5245c08873553f8e45c6312beac95e07677782ca1e4f710,192,
144,152,True,False,SERPERIOR_ALTERNATE_FORM_1,,False,back_shiny,16,,192,/tmp/reborn-plates-flat/SERPERIOR_ALTERNATE_FORM_1_BACK_SHINY.png,836ffabf9e7d4591c6383aeac6a1903995acef7e7ec80bad3b102619facc2ed5,192,
86,86,True,False,SHELGON_ALTERNATE_FORM_2,,False,front,17,,160,/tmp/reborn-plates-flat/SHELGON_ALTERNATE_FORM_2.png,0fdfcac1c72bcc4b6040bc02d118aa90243a9d4ae60452be3b1103a5c66ddc62,160,
88,90,True,False,SHELGON_ALTERNATE_FORM_2,,False,back,10,,192,/tmp/reborn-plates-flat/SHELGON_ALTERNATE_FORM_2_BACK.png,df5458d7ad45ca48c9fd2a381aaa80bd5bc94db5a89ae8ab840ceb03f99e9c51,192,
86,86,True,False,SHELGON_ALTERNATE_FORM_2,,False,front_shiny,16,,160,/tmp/reborn-plates-flat/SHELGON_ALTERNATE_FORM_2_SHINY.png,3eb5bef6009a0697f6d3d6af6ca515bcc7f67cd3548ef92d7255b3d8a152ae2f,160,
88,90,True,False,SHELGON_ALTERNATE_FORM_2,,False,back_shiny,10,,192,/tmp/reborn-plates-flat/SHELGON_ALTERNATE_FORM_2_BACK_SHINY.png,eed026dd356c0b9462f49e807204713c668f92f17bb0b0750c15f871d4adc1cd,192,
78,76,True,False,SHIELDON_ALTERNATE_FORM_1,,False,front,17,,160,/tmp/reborn-plates-flat/SHIELDON_ALTERNATE_FORM_1.png,a0fccf1841c74df5aaf47ded750c8a7f31abfa9a06709fd670f46e625a76fed7,160,
78,82,True,False,SHIELDON_ALTERNATE_FORM_1,,False,back,13,,192,/tmp/reborn-plates-flat/SHIELDON_ALTERNATE_FORM_1_BACK.png,cd9dd5d2fcb02b8d40db2862692135c01cb460bc53e19084ed6b516d61f88533,192,
78,76,True,False,SHIELDON_ALTERNATE_FORM_1,,False,front_shiny,17,,160,/tmp/reborn-plates-flat/SHIELDON_ALTERNATE_FORM_1_SHINY.png,08cc366610144a354a74cf7193b9bebef396f3cfdfeaacc8d549207804e366aa,160,
78,82,True,False,SHIELDON_ALTERNATE_FORM_1,,False,back_shiny,13,,192,/tmp/reborn-plates-flat/SHIELDON_ALTERNATE_FORM_1_BACK_SHINY.png,9320a7ee8a2807e4595a5b416a05e45bb8b14a84ff49a0389a54e847ded63bf6,192,
188,152,True,False,SIRFETCHD_ALTERNATE_FORM_1,,False,front,16,,192,/tmp/reborn-plates-flat/SIRFETCHD_ALTERNATE_FORM_1.png,f9b596b85350d7cd0fe2e811980421b664db0e1e44a050689c53a4b92f019ea9,192,
188,152,True,False,SIRFETCHD_ALTERNATE_FORM_1,,False,back,16,,192,/tmp/reborn-plates-flat/SIRFETCHD_ALTERNATE_FORM_1_BACK.png,eddb5704e4928a340c80721a213fe5f89173091b7a06e941a46615d4320e9b67,192,
188,152,True,False,SIRFETCHD_ALTERNATE_FORM_1,,False,front_shiny,15,,192,/tmp/reborn-plates-flat/SIRFETCHD_ALTERNATE_FORM_1_SHINY.png,b56937f41bcb30f6df682737b5a181d5bd1b8337b705c92c1b7cf3f12109ae06,192,
188,152,True,False,SIRFETCHD_ALTERNATE_FORM_1,,False,back_shiny,17,,192,/tmp/reborn-plates-flat/SIRFETCHD_ALTERNATE_FORM_1_BACK_SHINY.png,d8b9c67c200feb717e2eb9d524d92c032abfb17e50dcbf7273d4df8e778c2bdc,192,
78,102,True,False,SKITTY_ALTERNATE_FORM_1,,False,front,15,,160,/tmp/reborn-plates-flat/SKITTY_ALTERNATE_FORM_1.png,17f88a15c2319c26818e812bf0db5c2f63a17e45b7e23c34366910227d2575a6,160,
78,96,True,False,SKITTY_ALTERNATE_FORM_1,,False,back,9,,192,/tmp/reborn-plates-flat/SKITTY_ALTERNATE_FORM_1_BACK.png,f88e850c487a8a365ae1f560d4c1c14d48cd247e127bcd0fa180ad6f819f48c0,192,
78,102,True,False,SKITTY_ALTERNATE_FORM_1,,False,front_shiny,14,,160,/tmp/reborn-plates-flat/SKITTY_ALTERNATE_FORM_1_SHINY.png,2f018cce174d4cb25b746350c336d6c06f5f3be188fe2e93b7be17a42eb721d4,160,
78,96,True,False,SKITTY_ALTERNATE_FORM_1,,False,back_shiny,9,,192,/tmp/reborn-plates-flat/SKITTY_ALTERNATE_FORM_1_BACK_SHINY.png,d7d55c6040ea3ea66c84dfacadd074f2e832167365ad7f1cf77c0257a6358383,192,
92,104,True,False,SKORUPI_ALTERNATE_FORM_1,,False,front,12,,160,/tmp/reborn-plates-flat/SKORUPI_ALTERNATE_FORM_1.png,f70c96257b32eef6c92edfe40b57c298b40ae532d7504063d80475df24fab308,160,
88,106,True,False,SKORUPI_ALTERNATE_FORM_1,,False,back,12,,192,/tmp/reborn-plates-flat/SKORUPI_ALTERNATE_FORM_1_BACK.png,18fc4f1fe2fb8217de5ac0ff980bc9c1e9aedc33d4c1cbcbe4de93e7efaba2eb,192,
92,104,True,False,SKORUPI_ALTERNATE_FORM_1,,False,front_shiny,12,,160,/tmp/reborn-plates-flat/SKORUPI_ALTERNATE_FORM_1_SHINY.png,02b9d156dc7a6ae03cc774f3927368fbff485cef9270177ddf1ee2e301a931c8,160,
88,106,True,False,SKORUPI_ALTERNATE_FORM_1,,False,back_shiny,12,,192,/tmp/reborn-plates-flat/SKORUPI_ALTERNATE_FORM_1_BACK_SHINY.png,e27cc1881dbde5cf52af670be057055ceb3c8943933540c6236d30c45ebd17ae,192,
92,104,True,False,SKORUPI_ALTERNATE_FORM_2,,False,front,14,,160,/tmp/reborn-plates-flat/SKORUPI_ALTERNATE_FORM_2.png,bebddae77019ca582a8847b04cdc8c2da2b7b83dcaebb9d033fae30750890809,160,
88,106,True,False,SKORUPI_ALTERNATE_FORM_2,,False,back,12,,192,/tmp/reborn-plates-flat/SKORUPI_ALTERNATE_FORM_2_BACK.png,02882e13b8d1889de03b0386fd0e6c43885ee8b62392d2d6b7dc26d48a1c7c8b,192,
92,104,True,False,SKORUPI_ALTERNATE_FORM_2,,False,front_shiny,13,,160,/tmp/reborn-plates-flat/SKORUPI_ALTERNATE_FORM_2_SHINY.png,b702ba23afd1f1f0abca7b1efca3168824eb69a5a8a2449919c488d116ea6023,160,
88,106,True,False,SKORUPI_ALTERNATE_FORM_2,,False,back_shiny,12,,192,/tmp/reborn-plates-flat/SKORUPI_ALTERNATE_FORM_2_BACK_SHINY.png,3313ce02841220f189e50aae29b55c1808944d6fa177cb13a164316d2584aeb7,192,
114,84,False,False,SKRELP_ALTERNATE_FORM_1,,False,front,26,,192,/tmp/reborn-plates-flat/SKRELP_ALTERNATE_FORM_1.png,c386b74a41f1d2b7e1c8a7beb8e46248f1c26537cfd8479ce4f66b7e181bab24,192,
108,92,False,False,SKRELP_ALTERNATE_FORM_1,,False,back,21,,192,/tmp/reborn-plates-flat/SKRELP_ALTERNATE_FORM_1_BACK.png,472d9225d31a53a7ec5ce832595b8fa9b7bce74203d6a1fe5fef776428775496,192,
114,84,False,False,SKRELP_ALTERNATE_FORM_1,,False,front_shiny,26,,192,/tmp/reborn-plates-flat/SKRELP_ALTERNATE_FORM_1_SHINY.png,4dc0778a82553e799df21a3fc446c07ef705f39da150641f3744c37a1253d935,192,
108,92,False,False,SKRELP_ALTERNATE_FORM_1,,False,back_shiny,21,,192,/tmp/reborn-plates-flat/SKRELP_ALTERNATE_FORM_1_BACK_SHINY.png,c49c00bf9cb67a2ff923e6b557abb80820e818c822d75a5c5f4341c231f4616a,192,
122,74,True,False,SLIGGOO_ALTERNATE_FORM_1,,False,front,12,,192,/tmp/reborn-plates-flat/SLIGGOO_ALTERNATE_FORM_1.png,bf6e518daf06ea7a31afc6c0b97e78b8ebd3fcba19272b0e0d8ea2b312246d4a,192,
122,76,True,False,SLIGGOO_ALTERNATE_FORM_1,,False,back,10,,192,/tmp/reborn-plates-flat/SLIGGOO_ALTERNATE_FORM_1_BACK.png,7e1175a9ef9826850f6530f7f667bd68f5fdc2a9e752f0483e5861a102c729e7,192,
122,74,True,False,SLIGGOO_ALTERNATE_FORM_1,,False,front_shiny,10,,192,/tmp/reborn-plates-flat/SLIGGOO_ALTERNATE_FORM_1_SHINY.png,e4de74a7e61fb98a383cec0fbcc86e16b3dae6d44b1c3e822433ca64d9786b4e,192,
122,76,True,False,SLIGGOO_ALTERNATE_FORM_1,,False,back_shiny,10,,192,/tmp/reborn-plates-flat/SLIGGOO_ALTERNATE_FORM_1_BACK_SHINY.png,b95dcff4c59d8e76e90ccc486838486f4644e35a91478a15fb1103a3b0661524,192,
110,88,True,False,SLIGGOO_ALTERNATE_FORM_2,,False,front,14,,192,/tmp/reborn-plates-flat/SLIGGOO_ALTERNATE_FORM_2.png,21554c6117c687e6937f16f88e0578016c8dfd787ba3ee72db5f8a46efcdd7e5,192,
110,88,True,False,SLIGGOO_ALTERNATE_FORM_2,,False,back,14,,192,/tmp/reborn-plates-flat/SLIGGOO_ALTERNATE_FORM_2_BACK.png,c879515a9363703e7ecbd4ccfb09ebcdb5ac68fb70eda793456ba50e362fa953,192,
110,88,True,False,SLIGGOO_ALTERNATE_FORM_2,,False,front_shiny,15,,192,/tmp/reborn-plates-flat/SLIGGOO_ALTERNATE_FORM_2_SHINY.png,66708fcc49373d46ed90a0c377cabd5028d957380c7c94b7333b3768612b20d2,192,
110,88,True,False,SLIGGOO_ALTERNATE_FORM_2,,False,back_shiny,15,,192,/tmp/reborn-plates-flat/SLIGGOO_ALTERNATE_FORM_2_BACK_SHINY.png,24226529c1826ca68f4b651fa50dfa10e819de817f21a31067cda3bbb7abcfec,192,
118,114,True,False,SLOWBRO_BLUETOWEL_ALTERNATE_FORMS_FORM_2,,False,front,18,,160,/tmp/reborn-plates-flat/SLOWBRO_BLUETOWEL_ALTERNATE_FORMS_FORM_2.png,4bf6f4bb55c01094d75e0f1843385b709af74a770205fc66eff10ab1dc21c7db,160,
114,138,True,False,SLOWBRO_BLUETOWEL_ALTERNATE_FORMS_FORM_2,,False,back,14,,192,/tmp/reborn-plates-flat/SLOWBRO_BLUETOWEL_ALTERNATE_FORMS_FORM_2_BACK.png,816aae462713c570281e865df685942accfa19aa5549b85b71e4968cbecb2152,192,
118,114,True,False,SLOWBRO_BLUETOWEL_ALTERNATE_FORMS_FORM_2,,False,front_shiny,19,,160,/tmp/reborn-plates-flat/SLOWBRO_BLUETOWEL_ALTERNATE_FORMS_FORM_2_SHINY.png,c01a1c03cbc076d7236adaaef2d3a71e48340d101c157a2aebd605c4ad15ea69,160,
114,138,True,False,SLOWBRO_BLUETOWEL_ALTERNATE_FORMS_FORM_2,,False,back_shiny,14,,192,/tmp/reborn-plates-flat/SLOWBRO_BLUETOWEL_ALTERNATE_FORMS_FORM_2_BACK_SHINY.png,bb92138dc3413ddde38396048a78e2548525cad056a53ff5846fb6d5170068b7,192,
120,142,True,False,SLOWBRO_BLUETOWEL_ALTERNATE_FORMS_FORM_4,,False,front,15,,160,/tmp/reborn-plates-flat/SLOWBRO_BLUETOWEL_ALTERNATE_FORMS_FORM_4.png,3e7e974a2645d53bd72aa24ebb9068b92dba26e066b4b21aea84e1999b09babe,160,
112,130,True,False,SLOWBRO_BLUETOWEL_ALTERNATE_FORMS_FORM_4,,False,back,12,,192,/tmp/reborn-plates-flat/SLOWBRO_BLUETOWEL_ALTERNATE_FORMS_FORM_4_BACK.png,56433f332006f54f078f0a54bda0ff6b6f8ee6bcc677b8214b0be2f82bbdbd18,192,
120,142,True,False,SLOWBRO_BLUETOWEL_ALTERNATE_FORMS_FORM_4,,False,front_shiny,15,,160,/tmp/reborn-plates-flat/SLOWBRO_BLUETOWEL_ALTERNATE_FORMS_FORM_4_SHINY.png,6fac35a1a4bd25f71d452cd5ae7ce7626d6e233206657ed606b9058869df0aee,160,
112,130,True,False,SLOWBRO_BLUETOWEL_ALTERNATE_FORMS_FORM_4,,False,back_shiny,12,,192,/tmp/reborn-plates-flat/SLOWBRO_BLUETOWEL_ALTERNATE_FORMS_FORM_4_BACK_SHINY.png,1013571509424c7166a3fc8b4c3ff4245467406746bf5a7855650e478f93d817,192,
122,112,True,False,SLOWBRO_BLUETOWEL_ALTERNATE_FORMS_FORM_5,,False,front,21,,160,/tmp/reborn-plates-flat/SLOWBRO_BLUETOWEL_ALTERNATE_FORMS_FORM_5.png,a51a5bd912e5c5edc84ad6b513c51d655fb8244ce5bce811c00e28ed8a59595a,160,
118,130,True,False,SLOWBRO_BLUETOWEL_ALTERNATE_FORMS_FORM_5,,False,back,12,,192,/tmp/reborn-plates-flat/SLOWBRO_BLUETOWEL_ALTERNATE_FORMS_FORM_5_BACK.png,1dd32e2caf0c10210ccf14c8c3ddc9d461251ecc47e4b68fa16faca2363bb6fe,192,
122,112,True,False,SLOWBRO_BLUETOWEL_ALTERNATE_FORMS_FORM_5,,False,front_shiny,23,,192,/tmp/reborn-plates-flat/SLOWBRO_BLUETOWEL_ALTERNATE_FORMS_FORM_5_SHINY.png,061f54ffad01115e1fe01374d010a93df6d6564c0b9908f1209ed5f94327f232,192,
118,130,True,False,SLOWBRO_BLUETOWEL_ALTERNATE_FORMS_FORM_5,,False,back_shiny,12,,192,/tmp/reborn-plates-flat/SLOWBRO_BLUETOWEL_ALTERNATE_FORMS_FORM_5_BACK_SHINY.png,b80298dade775d6cc3235dd4932d05ff646ad6cda66c6d193a1219d64014ad15,192,
154,106,True,False,SLOWBRO_MEGA_ALT_FORM_FORM_3,,False,front,34,,192,/tmp/reborn-plates-flat/SLOWBRO_MEGA_ALT_FORM_FORM_3.png,34cb45bee5bda55469469d31490a0972a1a24bdc8dcd63745bdbacd0854481e6,192,
154,98,True,False,SLOWBRO_MEGA_ALT_FORM_FORM_3,,False,back,20,,192,/tmp/reborn-plates-flat/SLOWBRO_MEGA_ALT_FORM_FORM_3_BACK.png,ed2db6f95956c79ddbe2b1a8cba92e0d187bd66f2f420f3f8095ab80b63089e3,192,
154,106,True,False,SLOWBRO_MEGA_ALT_FORM_FORM_3,,False,front_shiny,34,,192,/tmp/reborn-plates-flat/SLOWBRO_MEGA_ALT_FORM_FORM_3_SHINY.png,08091b8e55a6efbee4c795f6a3d13eed8247552c95f908b509b774d8f4dc044f,192,
154,98,True,False,SLOWBRO_MEGA_ALT_FORM_FORM_3,,False,back_shiny,19,,192,/tmp/reborn-plates-flat/SLOWBRO_MEGA_ALT_FORM_FORM_3_BACK_SHINY.png,757e093cf353b3c76e69915fa4c767f9243138d6a3959bc6f0d62adda23fe6e9,192,
136,100,True,False,SLOWKING_BLUETOWEL_ALTERNATE_FORMS_FORM_2,,False,front,27,,160,/tmp/reborn-plates-flat/SLOWKING_BLUETOWEL_ALTERNATE_FORMS_FORM_2.png,e4ca802a1fe1c1100665d14d7cfb620d764bf34f697b165b842ffe299f78627a,160,
136,92,True,False,SLOWKING_BLUETOWEL_ALTERNATE_FORMS_FORM_2,,False,back,17,,192,/tmp/reborn-plates-flat/SLOWKING_BLUETOWEL_ALTERNATE_FORMS_FORM_2_BACK.png,cfcebc7245634f68b0ea468194ac5bbb81f1a368dcb3c2a623b092f0a90b4a3c,192,
136,100,True,False,SLOWKING_BLUETOWEL_ALTERNATE_FORMS_FORM_2,,False,front_shiny,26,,160,/tmp/reborn-plates-flat/SLOWKING_BLUETOWEL_ALTERNATE_FORMS_FORM_2_SHINY.png,c5b11c61cbcfcd205c51a7d62e80e89df64b6dc6f77308f6434f71b3ac5dc85d,160,
136,92,True,False,SLOWKING_BLUETOWEL_ALTERNATE_FORMS_FORM_2,,False,back_shiny,18,,192,/tmp/reborn-plates-flat/SLOWKING_BLUETOWEL_ALTERNATE_FORMS_FORM_2_BACK_SHINY.png,5886eba2100b7155f31d59763c3169ba6bf5238ba66c4766d2588b4fbdaa8a0d,192,
96,106,True,False,SNEASEL_ALTERNATE_FORM_1,,False,front,19,,160,/tmp/reborn-plates-flat/SNEASEL_ALTERNATE_FORM_1.png,3ff3737826d5e80118c82867404af007de9fcf7f68b1c7217fa33359ae1b37be,160,
96,106,True,False,SNEASEL_ALTERNATE_FORM_1,,False,back,13,,192,/tmp/reborn-plates-flat/SNEASEL_ALTERNATE_FORM_1_BACK.png,199f1b1f7826d91cbc09a31db191708430b44906ef8fee2ccb2809f5a06cc3f2,192,
96,106,True,False,SNEASEL_ALTERNATE_FORM_1,,False,front_shiny,19,,160,/tmp/reborn-plates-flat/SNEASEL_ALTERNATE_FORM_1_SHINY.png,a947922f1c0c5ec49aaad5dced4df74a54a973d6df3bd65d6bbfe5d1a66f1b33,160,
96,106,True,False,SNEASEL_ALTERNATE_FORM_1,,False,back_shiny,13,,192,/tmp/reborn-plates-flat/SNEASEL_ALTERNATE_FORM_1_BACK_SHINY.png,cf4c357972194ab0b6c1f6577321c152f768955a2401c5ae7469835df9795aaa,192,
98,96,True,False,SNEASEL_ALTERNATE_FORM_2,,False,front,15,,160,/tmp/reborn-plates-flat/SNEASEL_ALTERNATE_FORM_2.png,a4afab7285d2e7af5a4fa74f7fe3f38861e7c1a1b442984975ae720cb0a70739,160,
98,96,True,False,SNEASEL_ALTERNATE_FORM_2,,False,back,15,,192,/tmp/reborn-plates-flat/SNEASEL_ALTERNATE_FORM_2_BACK.png,57febfc74e3def4161b070e849630a83311efcf2a9666a91956de697273bbd05,192,
98,96,True,False,SNEASEL_ALTERNATE_FORM_2,,False,front_shiny,15,,160,/tmp/reborn-plates-flat/SNEASEL_ALTERNATE_FORM_2_SHINY.png,5ff25f5497a3915ec1d2c413824b127771af7b5572a0a73ab2ffe92ac9e705e1,160,
98,96,True,False,SNEASEL_ALTERNATE_FORM_2,,False,back_shiny,15,,192,/tmp/reborn-plates-flat/SNEASEL_ALTERNATE_FORM_2_BACK_SHINY.png,243dd365e2ca7efd77efd1758bef3b372b30c4631e79a7b8ce7e5fa3eb806ec1,192,
82,88,True,False,SNUBBULL_ALTERNATE_FORM_1,,False,front,14,,160,/tmp/reborn-plates-flat/SNUBBULL_ALTERNATE_FORM_1.png,981ba4fe8f756418cce40ee5bc62c5c88fba6c95bf9a33f8afcaa19e49dc5afc,160,
72,92,True,False,SNUBBULL_ALTERNATE_FORM_1,,False,back,11,,192,/tmp/reborn-plates-flat/SNUBBULL_ALTERNATE_FORM_1_BACK.png,4b4742598b01774aa0272d817c62b9ac4a8fcdfe7198c9d9b107b30a84b108f2,192,
82,88,True,False,SNUBBULL_ALTERNATE_FORM_1,,False,front_shiny,14,,160,/tmp/reborn-plates-flat/SNUBBULL_ALTERNATE_FORM_1_SHINY.png,c866d42de35fec5eeb0d37e33c50e2c18c61cbeac3d460da88ef24047334b766,160,
72,92,True,False,SNUBBULL_ALTERNATE_FORM_1,,False,back_shiny,11,,192,/tmp/reborn-plates-flat/SNUBBULL_ALTERNATE_FORM_1_BACK_SHINY.png,7a225813f64224f1a7047ef13612ee392b9f3e04a89614abbfb9440744f3803e,192,
110,72,True,False,SOBBLE_ALTERNATE_FORM_2,,False,front,17,,192,/tmp/reborn-plates-flat/SOBBLE_ALTERNATE_FORM_2.png,ade5c307b3bfe8bf51f765efcc0cea9dc65de6570d8cb9c5be6fd05c4e78b0f8,192,
106,80,True,False,SOBBLE_ALTERNATE_FORM_2,,False,back,12,,192,/tmp/reborn-plates-flat/SOBBLE_ALTERNATE_FORM_2_BACK.png,53e95a38387b7b08e00b4793d0fa3661032dc76f16e3550eb899755ef700cf7d,192,
110,72,True,False,SOBBLE_ALTERNATE_FORM_2,,False,front_shiny,17,,192,/tmp/reborn-plates-flat/SOBBLE_ALTERNATE_FORM_2_SHINY.png,abf1103192b2e464c425605a6c3628c98eaf11625e1e019ba8fdf4abbe8ff62b,192,
106,80,True,False,SOBBLE_ALTERNATE_FORM_2,,False,back_shiny,11,,192,/tmp/reborn-plates-flat/SOBBLE_ALTERNATE_FORM_2_BACK_SHINY.png,6fea67d630a7ef35673c5cf71de97502af6a601cfb4558a67fd08bb758ceca7d,192,
56,60,False,True,SOLOSIS_ALTERNATE_FORM_1,/tmp/reborn-converted/solosis_alternate_form_1/front.png,True,front,16,,192,/tmp/reborn-plates-flat/SOLOSIS_ALTERNATE_FORM_1.png,9ce41e649759d2728554e6edad21ba14d875335737cfa490d426861262628013,192,14
56,62,False,True,SOLOSIS_ALTERNATE_FORM_1,/tmp/reborn-converted/solosis_alternate_form_1/back.png,True,back,17,,192,/tmp/reborn-plates-flat/SOLOSIS_ALTERNATE_FORM_1_BACK.png,f5d14cae495b0c32788ec756950481af69c485a0f5d3a6e95bf2eed934313e05,192,14
56,60,False,True,SOLOSIS_ALTERNATE_FORM_1,/tmp/reborn-converted/solosis_alternate_form_1/front-shiny.png,True,front_shiny,19,,192,/tmp/reborn-plates-flat/SOLOSIS_ALTERNATE_FORM_1_SHINY.png,de8e43e3ca847400e537faf039c4cb10962e88a8fe58bb6e0d18547745d2e154,192,13
56,62,False,True,SOLOSIS_ALTERNATE_FORM_1,/tmp/reborn-converted/solosis_alternate_form_1/back-shiny.png,False,back_shiny,14,,192,/tmp/reborn-plates-flat/SOLOSIS_ALTERNATE_FORM_1_BACK_SHINY.png,df1db074221d50538e0e09f8f7fe2d55935fb05fbe83a792bd88041483a57c7d,192,14
44,46,True,True,SPIRITOMB_ALTERNATE_FORM_1,/tmp/reborn-converted/spiritomb_alternate_form_1/front.png,False,front,10,,160,/tmp/reborn-plates-flat/SPIRITOMB_ALTERNATE_FORM_1.png,30063936ad8dd0e7a3b16673eeb4f33813164d744f79ac5494481f8d5caa4422,160,10
44,46,True,True,SPIRITOMB_ALTERNATE_FORM_1,/tmp/reborn-converted/spiritomb_alternate_form_1/back.png,False,back,10,,192,/tmp/reborn-plates-flat/SPIRITOMB_ALTERNATE_FORM_1_BACK.png,31be63eefea60fe60d6e9d5f6ea43ff47cd0cfeec0a6a097d746bb53524dbb08,192,10
44,46,True,True,SPIRITOMB_ALTERNATE_FORM_1,/tmp/reborn-converted/spiritomb_alternate_form_1/front-shiny.png,False,front_shiny,9,,160,/tmp/reborn-plates-flat/SPIRITOMB_ALTERNATE_FORM_1_SHINY.png,855753b9c25161045d3528557cf83bb5ffca1a56abbe516998488c6b942f7c9d,160,9
44,46,True,True,SPIRITOMB_ALTERNATE_FORM_1,/tmp/reborn-converted/spiritomb_alternate_form_1/back-shiny.png,False,back_shiny,8,,192,/tmp/reborn-plates-flat/SPIRITOMB_ALTERNATE_FORM_1_BACK_SHINY.png,2afa0892b0b7edc784dd34cb470c3068af907044a407405b5bb546fbd176cb4e,192,8
92,80,True,False,SPRITZEE_ALTERNATE_FORM_1,,False,front,19,,192,/tmp/reborn-plates-flat/SPRITZEE_ALTERNATE_FORM_1.png,4f42430170c97d3e9a0db9e062b59ade2adfaf17396b8aa8e31527fb1885eeab,192,
92,82,True,False,SPRITZEE_ALTERNATE_FORM_1,,False,back,10,,192,/tmp/reborn-plates-flat/SPRITZEE_ALTERNATE_FORM_1_BACK.png,a34f3730a5e63c0611dd87732ade40407f726d77a07939e2267c2587f95ebc4d,192,
92,80,True,False,SPRITZEE_ALTERNATE_FORM_1,,False,front_shiny,21,,192,/tmp/reborn-plates-flat/SPRITZEE_ALTERNATE_FORM_1_SHINY.png,89453ff8072b09accf6f6f991cf5207e3f20193fad925b22620a620ec160f576,192,
92,82,True,False,SPRITZEE_ALTERNATE_FORM_1,,False,back_shiny,11,,192,/tmp/reborn-plates-flat/SPRITZEE_ALTERNATE_FORM_1_BACK_SHINY.png,23ae5ae4b2dc82d494fbd920395b0663d83e94fe48d90c5bd1a9e8fbc6d8592c,192,
92,80,True,False,SPRITZEE_ALTERNATE_FORM_2,,False,front,23,,192,/tmp/reborn-plates-flat/SPRITZEE_ALTERNATE_FORM_2.png,528e35f41a08897d2b3cca8ff055a465feec4df11be24365c5d3317e92a4db99,192,
92,82,True,False,SPRITZEE_ALTERNATE_FORM_2,,False,back,12,,192,/tmp/reborn-plates-flat/SPRITZEE_ALTERNATE_FORM_2_BACK.png,32d1a1bcb6e25ba39a02ea68004a403daed94c4922d85cb2e273789edad9595e,192,
92,80,True,False,SPRITZEE_ALTERNATE_FORM_2,,False,front_shiny,23,,192,/tmp/reborn-plates-flat/SPRITZEE_ALTERNATE_FORM_2_SHINY.png,7b9939b7a30074f01a607f06fc4ff677aeea95d429187a0901a5651fedeae6da,192,
92,82,True,False,SPRITZEE_ALTERNATE_FORM_2,,False,back_shiny,12,,192,/tmp/reborn-plates-flat/SPRITZEE_ALTERNATE_FORM_2_BACK_SHINY.png,b65a4a05ce56008d814a49ff4b2bfd8d0765e3c648e2c85ef1f5fe18d4771c33,192,
102,98,True,False,STARMIE_ALTERNATE_FORM_1,,False,front,17,,160,/tmp/reborn-plates-flat/STARMIE_ALTERNATE_FORM_1.png,ecaae3c41244d029d47f290402990e662d69f28a0e9d19faeb6cf087d6a4db65,160,
108,104,True,False,STARMIE_ALTERNATE_FORM_1,,False,back,8,,192,/tmp/reborn-plates-flat/STARMIE_ALTERNATE_FORM_1_BACK.png,4c44f8d8e4e0c4a9f7dda9599195ce24fff45a156cd2a2caf7fd1b15c62effd7,192,
102,98,True,False,STARMIE_ALTERNATE_FORM_1,,False,front_shiny,22,,160,/tmp/reborn-plates-flat/STARMIE_ALTERNATE_FORM_1_SHINY.png,bb19fa9ea37df879874c4256ac339637c2a4515ed654fa5d7840353a7252fee4,160,
108,104,True,False,STARMIE_ALTERNATE_FORM_1,,False,back_shiny,11,,192,/tmp/reborn-plates-flat/STARMIE_ALTERNATE_FORM_1_BACK_SHINY.png,edcde42880951f6b25c67598805033936cd218e0dfcff269b447e00dc0db841e,192,
88,80,True,False,STARYU_ALTERNATE_FORM_1,,False,front,18,,160,/tmp/reborn-plates-flat/STARYU_ALTERNATE_FORM_1.png,7ad4660bcd0aa443ca385cefc19b0c6a9e5b7ace826bbc6ac0fe48903cce07ac,160,
88,80,True,False,STARYU_ALTERNATE_FORM_1,,False,back,14,,192,/tmp/reborn-plates-flat/STARYU_ALTERNATE_FORM_1_BACK.png,116bba68b71ad9de73eafa0c7941322d0d72c4bd167a351528f75ee4a5d76b92,192,
88,80,True,False,STARYU_ALTERNATE_FORM_1,,False,front_shiny,20,,160,/tmp/reborn-plates-flat/STARYU_ALTERNATE_FORM_1_SHINY.png,71000cb8cb6fc5b8b938198957bbc7530365e0c9281a00eab49c171b50996412,160,
88,80,True,False,STARYU_ALTERNATE_FORM_1,,False,back_shiny,12,,192,/tmp/reborn-plates-flat/STARYU_ALTERNATE_FORM_1_BACK_SHINY.png,41b92a9db094a3261699a171379ea0e7cd55190cd907612aa1be686fbf17dfe7,192,
148,148,True,False,STEELIX_ALTERNATE_FORM_2,,False,front,8,,160,/tmp/reborn-plates-flat/STEELIX_ALTERNATE_FORM_2.png,863cf9cb2ec8d62c5f55a497fa730126092e6242b379e4ec49a90b1ebaffd310,160,
158,160,True,False,STEELIX_ALTERNATE_FORM_2,,False,back,7,,192,/tmp/reborn-plates-flat/STEELIX_ALTERNATE_FORM_2_BACK.png,a0a5e862090ce4a4ec5fa1f65c5d2588bc044cc39667140407ecb42809ee5f5d,192,
148,148,True,False,STEELIX_ALTERNATE_FORM_2,,False,front_shiny,8,,160,/tmp/reborn-plates-flat/STEELIX_ALTERNATE_FORM_2_SHINY.png,c31e5a7fdbb06bec2dfdb054304adce5e722916da030614bcc7cec3ad1cc848d,160,
158,160,True,False,STEELIX_ALTERNATE_FORM_2,,False,back_shiny,7,,192,/tmp/reborn-plates-flat/STEELIX_ALTERNATE_FORM_2_BACK_SHINY.png,0bfb476ad80a321c41b4fa81504720ffec98250873d753912745182d11765e04,192,
184,174,True,False,STEELIX_ALTERNATE_MEGA_FORM_3,,False,front,22,,192,/tmp/reborn-plates-flat/STEELIX_ALTERNATE_MEGA_FORM_3.png,6899107442e66dbdd7b5dc510110184e811c092c3f518303479d9ab34d2fee21,192,
186,182,True,False,STEELIX_ALTERNATE_MEGA_FORM_3,,False,back,22,,192,/tmp/reborn-plates-flat/STEELIX_ALTERNATE_MEGA_FORM_3_BACK.png,c14d44357aac3916896e3f70d0a425fa66c162aa5921c925d1a775fd2bf160b9,192,
184,174,True,False,STEELIX_ALTERNATE_MEGA_FORM_3,,False,front_shiny,22,,192,/tmp/reborn-plates-flat/STEELIX_ALTERNATE_MEGA_FORM_3_SHINY.png,175fcdb5c6f0b85a165d82fdf5e9adfc3a0bc7028b498cc72683479f1d64f3dd,192,
186,182,True,False,STEELIX_ALTERNATE_MEGA_FORM_3,,False,back_shiny,23,,192,/tmp/reborn-plates-flat/STEELIX_ALTERNATE_MEGA_FORM_3_BACK_SHINY.png,191b684332a7e5c9518be550568d788d1f3f61670c3ffb879b4bfe9cb5c32201,192,
96,76,True,False,SUNFLORA_ALTERNATE_FORM_1,,False,front,20,,160,/tmp/reborn-plates-flat/SUNFLORA_ALTERNATE_FORM_1.png,8890de4552366b61860d9bb5c748ffad99b94aaf5f681d7a1f10930f23134b13,160,
110,84,True,False,SUNFLORA_ALTERNATE_FORM_1,,False,back,31,,160,/tmp/reborn-plates-flat/SUNFLORA_ALTERNATE_FORM_1_BACK.png,0a08fc819e14c167fae3c0cfb56eef2a2e3df3835a1782095b731bf7f377373c,160,
96,76,True,False,SUNFLORA_ALTERNATE_FORM_1,,False,front_shiny,18,,160,/tmp/reborn-plates-flat/SUNFLORA_ALTERNATE_FORM_1_SHINY.png,fa26021fee3ea2c5e418923adebd51123da80749828aa7599d4c57f4dc219572,160,
110,84,True,False,SUNFLORA_ALTERNATE_FORM_1,,False,back_shiny,20,,160,/tmp/reborn-plates-flat/SUNFLORA_ALTERNATE_FORM_1_BACK_SHINY.png,177c261da1a5810af88cf1913a1fe222bab38425b8034a89090c13d8340bb0b6,160,
108,80,True,False,SUNFLORA_ALTERNATE_FORM_2,,False,front,28,,160,/tmp/reborn-plates-flat/SUNFLORA_ALTERNATE_FORM_2.png,ab51c5af4ba4a65cb0f1fb06463c1d393ec42955fa7d87b19e97012fa02b050d,160,
120,92,True,False,SUNFLORA_ALTERNATE_FORM_2,,False,back,21,,192,/tmp/reborn-plates-flat/SUNFLORA_ALTERNATE_FORM_2_BACK.png,fa1cd8bc28f06f80a224b6b9fadf364bd09583b193317cf1677e0a88312e865c,192,
108,80,True,False,SUNFLORA_ALTERNATE_FORM_2,,False,front_shiny,30,,160,/tmp/reborn-plates-flat/SUNFLORA_ALTERNATE_FORM_2_SHINY.png,c21fa40209673e18447e8d740642c82bf7a5e4b6a1e323094b760d9a8ed1ec24,160,
120,92,True,False,SUNFLORA_ALTERNATE_FORM_2,,False,back_shiny,22,,192,/tmp/reborn-plates-flat/SUNFLORA_ALTERNATE_FORM_2_BACK_SHINY.png,f88b63aabd48ad4f3f1bb096f4997552ae2f2cb5fb1f04a07695d2ba1cd5ec8a,192,
188,172,True,False,SWALOT_ALTERNATE_FORM_1,,False,front,14,,228,/tmp/reborn-plates-flat/SWALOT_ALTERNATE_FORM_1.png,524ca504b697e87e41807efc895e7419c13cb99208e69c6a9f1d296adcf8972d,192,
110,110,True,False,SWALOT_ALTERNATE_FORM_1,,False,back,12,,192,/tmp/reborn-plates-flat/SWALOT_ALTERNATE_FORM_1_BACK.png,30accd8407cec6de40638a1448e526841eb2569b76e7d19ccae08c109e183812,192,
110,116,True,False,SWALOT_ALTERNATE_FORM_2,,False,front,26,,160,/tmp/reborn-plates-flat/SWALOT_ALTERNATE_FORM_2.png,9464fd0b0a360f06b0301a8b8898252d137c968ee19b85231e4ece2e8f178b50,160,
110,110,True,False,SWALOT_ALTERNATE_FORM_2,,False,back,25,,192,/tmp/reborn-plates-flat/SWALOT_ALTERNATE_FORM_2_BACK.png,9291a5bce015a39c38b81a8faacaff958d5f9f8483c7c731b1ec1e018e821f6f,192,
110,116,True,False,SWALOT_ALTERNATE_FORM_2,,False,front_shiny,25,,160,/tmp/reborn-plates-flat/SWALOT_ALTERNATE_FORM_2_SHINY.png,05535450e0fe2c66478efc33e6c4ccad816c5c8ddb5d34d4981e1fbb16f84144,160,
110,110,True,False,SWALOT_ALTERNATE_FORM_2,,False,back_shiny,25,,192,/tmp/reborn-plates-flat/SWALOT_ALTERNATE_FORM_2_BACK_SHINY.png,6970efe2f3c3a51023a1a46e5f6f776c5d31be69643b1dcc772d68a9dd1b62bd,192,
102,94,True,False,SWAMPERT_ALTERNATE_MEGA_FORM_2,,False,front,13,,160,/tmp/reborn-plates-flat/SWAMPERT_ALTERNATE_MEGA_FORM_2.png,be1d57b7e5eca38c464c92dee14a050753302a9adafcc209a0474d3c939d89c9,160,
110,94,True,False,SWAMPERT_ALTERNATE_MEGA_FORM_2,,False,back,15,,192,/tmp/reborn-plates-flat/SWAMPERT_ALTERNATE_MEGA_FORM_2_BACK.png,5c10a95d07756b666c6f745ae41af190583da6add88251cedb424c3f41460127,192,
102,94,True,False,SWAMPERT_ALTERNATE_MEGA_FORM_2,,False,front_shiny,15,,160,/tmp/reborn-plates-flat/SWAMPERT_ALTERNATE_MEGA_FORM_2_SHINY.png,5a122c96648782ff48625c2c2d7fc9f071c46b31d38cb94b85cb08bccbeb0bdc,160,
110,94,True,False,SWAMPERT_ALTERNATE_MEGA_FORM_2,,False,back_shiny,16,,192,/tmp/reborn-plates-flat/SWAMPERT_ALTERNATE_MEGA_FORM_2_BACK_SHINY.png,e43bb985da685b63c505a3506be959fb3c7f341879c2403ac73ae8b812f3e7a1,192,
126,144,False,False,SWAMPERT_ALTERNATE_MEGA_FORM_3,,False,front,23,,160,/tmp/reborn-plates-flat/SWAMPERT_ALTERNATE_MEGA_FORM_3.png,00d37aebba95f673e1b4abb7a5a2cbc2ba0b1ca62bd3e9ea9ba5a93ea2aa8943,160,
120,148,True,False,SWAMPERT_ALTERNATE_MEGA_FORM_3,,False,back,14,,192,/tmp/reborn-plates-flat/SWAMPERT_ALTERNATE_MEGA_FORM_3_BACK.png,8ca9eddf90ab57d001549dbf976079003d7ec81d74cf1f785be7f339544e8d91,192,
126,144,True,False,SWAMPERT_ALTERNATE_MEGA_FORM_3,,False,front_shiny,19,,160,/tmp/reborn-plates-flat/SWAMPERT_ALTERNATE_MEGA_FORM_3_SHINY.png,af79c428aed0edf6040ae01c13dcb5fa74a614dbb5ee248576d015657c40ac4b,160,
120,148,True,False,SWAMPERT_ALTERNATE_MEGA_FORM_3,,False,back_shiny,11,,192,/tmp/reborn-plates-flat/SWAMPERT_ALTERNATE_MEGA_FORM_3_BACK_SHINY.png,dd1833684581d5fbb3de39f42d0611612f3c891bd9dbee9df115164f0210f823,192,
112,88,True,False,SYLVEON_ALTERNATE_FORM_3,,False,front,20,,160,/tmp/reborn-plates-flat/SYLVEON_ALTERNATE_FORM_3.png,d82e1029aa455f8ba243734a014bd25d9de0db24e0f59e6333ed3960ffe20f12,160,
102,80,True,False,SYLVEON_ALTERNATE_FORM_3,,False,back,17,,192,/tmp/reborn-plates-flat/SYLVEON_ALTERNATE_FORM_3_BACK.png,d3184c39cbdb88afc1fff46c62aee142a9d6119a45f73aa4888e25752f46659b,192,
112,88,True,False,SYLVEON_ALTERNATE_FORM_3,,False,front_shiny,30,,160,/tmp/reborn-plates-flat/SYLVEON_ALTERNATE_FORM_3_SHINY.png,e97e9f5c47715a9118c0460829dfe9657834b9e30011d0acfd133937947690f9,160,
102,80,True,False,SYLVEON_ALTERNATE_FORM_3,,False,back_shiny,17,,192,/tmp/reborn-plates-flat/SYLVEON_ALTERNATE_FORM_3_BACK_SHINY.png,cc4a297ae1caa358321697da720ee30708a9bf2a82d26f9db59fbef21e4e2f33,192,
144,74,True,False,THWACKEY_ALTERNATE_FORM_2,,False,front,33,,192,/tmp/reborn-plates-flat/THWACKEY_ALTERNATE_FORM_2.png,4a46ce43a93d939d389e7d969abb542c541e59a04f535743f3bc38c135eceedf,192,
130,72,True,False,THWACKEY_ALTERNATE_FORM_2,,False,back,27,,192,/tmp/reborn-plates-flat/THWACKEY_ALTERNATE_FORM_2_BACK.png,e67374a4e96744f1ab3ec3bec154dd04f5813045336147f2ec778fb926264d14,192,
144,74,True,False,THWACKEY_ALTERNATE_FORM_2,,False,front_shiny,37,,192,/tmp/reborn-plates-flat/THWACKEY_ALTERNATE_FORM_2_SHINY.png,8ec4adf012611acfc09429fa238dd51247325961cb50a917a1605accbc658ea1,192,
130,72,True,False,THWACKEY_ALTERNATE_FORM_2,,False,back_shiny,23,,192,/tmp/reborn-plates-flat/THWACKEY_ALTERNATE_FORM_2_BACK_SHINY.png,19c0ee5e2abc56c510243fac37b076cb2adf72fdef528d1cc6497c69d44ed9fa,192,
88,90,True,False,TIMBURR_ALTERNATE_FORM_1,,False,front,27,,192,/tmp/reborn-plates-flat/TIMBURR_ALTERNATE_FORM_1.png,d3b906c95a77c19bbbc3b92b412e84086c23fa30ec393102f3ce9e23d9cbf266,192,
84,104,True,False,TIMBURR_ALTERNATE_FORM_1,,False,back,28,,192,/tmp/reborn-plates-flat/TIMBURR_ALTERNATE_FORM_1_BACK.png,78a742a4bf87985e6c83c9df4ae75c485eeee21a2184807a42ff4b29345bef1d,192,
88,90,True,False,TIMBURR_ALTERNATE_FORM_1,,False,front_shiny,27,,192,/tmp/reborn-plates-flat/TIMBURR_ALTERNATE_FORM_1_SHINY.png,3f94979fef25f156ec7c1071484b5018c0a8a8f6bc4f91a5b7dc9501a279151c,192,
84,104,True,False,TIMBURR_ALTERNATE_FORM_1,,False,back_shiny,28,,192,/tmp/reborn-plates-flat/TIMBURR_ALTERNATE_FORM_1_BACK_SHINY.png,76920bb7f12ac059336eacce01874c9d1e6cb1a427fc76d563ac2701c3fb20ea,192,
74,116,True,False,TIRTOUGA_ALTERNATE_FORM_1,,False,front,11,,192,/tmp/reborn-plates-flat/TIRTOUGA_ALTERNATE_FORM_1.png,6fae446cfea0c143eff1c0528344de1539533069337619f64c41b19f90e5b34b,192,
78,110,True,False,TIRTOUGA_ALTERNATE_FORM_1,,False,back,8,,192,/tmp/reborn-plates-flat/TIRTOUGA_ALTERNATE_FORM_1_BACK.png,1467f4a3fdf5b5d1961a2e5f746440209b9b82a472d5139a53cd6ad65a191d26,192,
74,116,True,False,TIRTOUGA_ALTERNATE_FORM_1,,False,front_shiny,11,,192,/tmp/reborn-plates-flat/TIRTOUGA_ALTERNATE_FORM_1_SHINY.png,5207e9c95a60173cac994ac4da3a522790e76867cad9f542307f8197b59ddb53,192,
78,110,True,False,TIRTOUGA_ALTERNATE_FORM_1,,False,back_shiny,8,,192,/tmp/reborn-plates-flat/TIRTOUGA_ALTERNATE_FORM_1_BACK_SHINY.png,e6175dcb172ecaa57d4ca8d7c8a1bd59a0659161a3b87a3e56b7217b0e4d3c25,192,
144,136,False,False,TORTERRA_BLUETOWEL_ALTERNATE_FORM_FORM_1,,False,front,25,,160,/tmp/reborn-plates-flat/TORTERRA_BLUETOWEL_ALTERNATE_FORM_FORM_1.png,f6fbe225ae464bc863e6f63e669b6421be5505fba1be9949e536f842ca6c881f,160,
126,156,True,False,TORTERRA_BLUETOWEL_ALTERNATE_FORM_FORM_1,,False,back,15,,192,/tmp/reborn-plates-flat/TORTERRA_BLUETOWEL_ALTERNATE_FORM_FORM_1_BACK.png,39e021acae0814f46069a86804b860b86b37775566375faf462a2ed9116fb0d3,192,
144,136,True,False,TORTERRA_BLUETOWEL_ALTERNATE_FORM_FORM_1,,False,front_shiny,33,,160,/tmp/reborn-plates-flat/TORTERRA_BLUETOWEL_ALTERNATE_FORM_FORM_1_SHINY.png,5bd57618142d26ced35c5a8fdfe190b4bf1dca1c114a2860d4caa647bf28ead6,160,
126,156,True,False,TORTERRA_BLUETOWEL_ALTERNATE_FORM_FORM_1,,False,back_shiny,23,,192,/tmp/reborn-plates-flat/TORTERRA_BLUETOWEL_ALTERNATE_FORM_FORM_1_BACK_SHINY.png,f970996652227ffec5b4ba7c1b6a01bc8784f28d68d956aa7cadeeca40621aa2,192,
112,86,True,False,TRANQUILL_ALTERNATE_FORM_1,,False,front,26,,192,/tmp/reborn-plates-flat/TRANQUILL_ALTERNATE_FORM_1.png,ca1e4d2f2a2ea55a839c60ff66400ee65d9ff594b652afbd086146092ac104df,192,
112,92,True,False,TRANQUILL_ALTERNATE_FORM_1,,False,back,26,,192,/tmp/reborn-plates-flat/TRANQUILL_ALTERNATE_FORM_1_BACK.png,b23566279988630cf96df738292ea3760919df37db44892c69a0bbe88866493d,192,
112,86,True,False,TRANQUILL_ALTERNATE_FORM_1,,False,front_shiny,26,,192,/tmp/reborn-plates-flat/TRANQUILL_ALTERNATE_FORM_1_SHINY.png,5f61a49d3ed3cb998441d8c3febd1f1e6d679d668551fe99b8d87b8290c7a1a6,192,
112,92,True,False,TRANQUILL_ALTERNATE_FORM_1,,False,back_shiny,26,,192,/tmp/reborn-plates-flat/TRANQUILL_ALTERNATE_FORM_1_BACK_SHINY.png,7bc5941c9e5da610131a428272146cb5be432f6df48b659738af42ac8813182e,192,
68,82,True,False,TRAPINCH_ALTERNATE_FORM_1,,False,front,12,,160,/tmp/reborn-plates-flat/TRAPINCH_ALTERNATE_FORM_1.png,e4f9e7e940a5ee268bdab4a33282a371f683b6bec93f84ad4ae2864f639b8ac1,160,
90,78,True,False,TRAPINCH_ALTERNATE_FORM_1,,False,back,9,,192,/tmp/reborn-plates-flat/TRAPINCH_ALTERNATE_FORM_1_BACK.png,bf7fb7d21ca04739f3a9002f8d9a25a0472ae54b9c5cc008156b4bce85be2efc,192,
68,82,True,False,TRAPINCH_ALTERNATE_FORM_1,,False,front_shiny,12,,160,/tmp/reborn-plates-flat/TRAPINCH_ALTERNATE_FORM_1_SHINY.png,e317056c48497439373d5f3de2dcc5407261a88e8e689617cebec0bbd159c400,160,
90,78,True,False,TRAPINCH_ALTERNATE_FORM_1,,False,back_shiny,9,,192,/tmp/reborn-plates-flat/TRAPINCH_ALTERNATE_FORM_1_BACK_SHINY.png,0748e515331cb3b3db121eaf3031da38e2d736ccc17f26a43fd808e9b899fb6c,192,
156,158,True,False,TROPIUS_ALTERNATE_FORM_1,,False,front,28,,160,/tmp/reborn-plates-flat/TROPIUS_ALTERNATE_FORM_1.png,33104f0b9657fae3d1aadd4d540870c0f547fcf4794e6f39da2c80769c78b8da,160,
166,162,True,False,TROPIUS_ALTERNATE_FORM_1,,False,back,21,,192,/tmp/reborn-plates-flat/TROPIUS_ALTERNATE_FORM_1_BACK.png,615ab009c2ca11bce4d85d231a1be04de9917fa0296cc46d4830650561ea6fce,192,
156,158,True,False,TROPIUS_ALTERNATE_FORM_1,,False,front_shiny,26,,160,/tmp/reborn-plates-flat/TROPIUS_ALTERNATE_FORM_1_SHINY.png,568c297f1589a4f3a151d634be8794309a8e317639ef50e455a3987e03443b44,160,
166,162,True,False,TROPIUS_ALTERNATE_FORM_1,,False,back_shiny,20,,192,/tmp/reborn-plates-flat/TROPIUS_ALTERNATE_FORM_1_BACK_SHINY.png,9d93dd613374aace3dc32052ce0dc3142165d826d328283f03ce29ebaab22577,192,
74,86,True,False,TRUBBISH_ALTERNATE_FORM_1,,False,front,14,,192,/tmp/reborn-plates-flat/TRUBBISH_ALTERNATE_FORM_1.png,b900e1ee6a89518d48a8e2e599dc161277f8d2673f944cf1c3bdef5ec650a589,192,
74,108,True,False,TRUBBISH_ALTERNATE_FORM_1,,False,back,11,,192,/tmp/reborn-plates-flat/TRUBBISH_ALTERNATE_FORM_1_BACK.png,e5f530e8bc8c8c6e395d0e48742faa4d3f81539d1da192d1842f16fc3eca6c6f,192,
74,86,True,False,TRUBBISH_ALTERNATE_FORM_1,,False,front_shiny,12,,192,/tmp/reborn-plates-flat/TRUBBISH_ALTERNATE_FORM_1_SHINY.png,b36f2f8383850ab23843ea51c547686e787ae377e16d88487bb6e6c94b477439,192,
74,108,True,False,TRUBBISH_ALTERNATE_FORM_1,,False,back_shiny,10,,192,/tmp/reborn-plates-flat/TRUBBISH_ALTERNATE_FORM_1_BACK_SHINY.png,1dde429a634fa3eeee2a1076d7ba3eea866ee1688a57e37d7cbdc75c60fd49cb,192,
152,118,True,False,TYPHLOSION_ALTERNATE_FORM_1,,False,front,17,,160,/tmp/reborn-plates-flat/TYPHLOSION_ALTERNATE_FORM_1.png,5ebdcdf215af6d6f72b5911057b802afc72575e712e88ca57242961a8714c403,160,
140,110,True,False,TYPHLOSION_ALTERNATE_FORM_1,,False,back,15,,192,/tmp/reborn-plates-flat/TYPHLOSION_ALTERNATE_FORM_1_BACK.png,ba94c5c6f53324b53e58e32574eafc8145cb8c1ef09fa6426240aa1f136f7fd2,192,
152,118,True,False,TYPHLOSION_ALTERNATE_FORM_1,,False,front_shiny,21,,160,/tmp/reborn-plates-flat/TYPHLOSION_ALTERNATE_FORM_1_SHINY.png,7dd352c72c5a0a10a04b65f9caceac4e3249eb64ec52661d1f2804297594d543,160,
140,110,True,False,TYPHLOSION_ALTERNATE_FORM_1,,False,back_shiny,17,,192,/tmp/reborn-plates-flat/TYPHLOSION_ALTERNATE_FORM_1_BACK_SHINY.png,b70dd0711d9a1e6ae9d92cf202b95021e858e7b320bc564f3266b656361e5430,192,
164,112,True,False,TYPHLOSION_ALTERNATE_FORM_2,,False,front,16,,192,/tmp/reborn-plates-flat/TYPHLOSION_ALTERNATE_FORM_2.png,ef8b6488ac106669fd34e96fb29363d6fd44c90a4eb3cad7ef918fb885b9d565,160,
158,98,True,False,TYPHLOSION_ALTERNATE_FORM_2,,False,back,20,,192,/tmp/reborn-plates-flat/TYPHLOSION_ALTERNATE_FORM_2_BACK.png,efa276a56e2427886087c438282859631edfea8a96b57f0da0c9bf40368b2b48,192,
164,112,True,False,TYPHLOSION_ALTERNATE_FORM_2,,False,front_shiny,17,,192,/tmp/reborn-plates-flat/TYPHLOSION_ALTERNATE_FORM_2_SHINY.png,f382e523881ac699137cb32e5b8fea1d3622bda088c34b35d9dbd61cfe4e8a57,160,
158,98,True,False,TYPHLOSION_ALTERNATE_FORM_2,,False,back_shiny,18,,192,/tmp/reborn-plates-flat/TYPHLOSION_ALTERNATE_FORM_2_BACK_SHINY.png,dc4b4191daa92c886f303d54fe7f1355a9cf9b08bfee5d2d02ba73588b7d04b8,192,
142,136,True,False,TYRANITAR_ICE_FORM_2,,False,front,13,,160,/tmp/reborn-plates-flat/TYRANITAR_ICE_FORM_2.png,7caec401441ea5a23d220b3d72aeced3acdd22355fd65f40a0e4714cd4f28a4f,160,
154,140,True,False,TYRANITAR_ICE_FORM_2,,False,back,10,,192,/tmp/reborn-plates-flat/TYRANITAR_ICE_FORM_2_BACK.png,d5f898e0b0ee6f866e70c375548f589f8f4cf85428cd429d890cd2c4a46584eb,192,
142,136,True,False,TYRANITAR_ICE_FORM_2,,False,front_shiny,13,,160,/tmp/reborn-plates-flat/TYRANITAR_ICE_FORM_2_SHINY.png,6120d3504886595ea3687e95e99d221349e3f41ec06584dd463ad70151ed1068,160,
154,140,True,False,TYRANITAR_ICE_FORM_2,,False,back_shiny,10,,192,/tmp/reborn-plates-flat/TYRANITAR_ICE_FORM_2_BACK_SHINY.png,86613554ef9738f207714cf458add739b54295a93a35459e4a2929a37308f8a3,192,
182,172,True,False,TYRANITAR_MEGA_ICE_FORM_3,,False,front,17,,192,/tmp/reborn-plates-flat/TYRANITAR_MEGA_ICE_FORM_3.png,698b729c48fb7f77d0a442987a22a23b0364aae9da88c5b2f203a1c2bfb06c9b,192,
178,166,True,False,TYRANITAR_MEGA_ICE_FORM_3,,False,back,14,,192,/tmp/reborn-plates-flat/TYRANITAR_MEGA_ICE_FORM_3_BACK.png,deccb93092d9ce5ee126ed2f89c6beb653f89536c1d6872fae4f1ef6a1e0b646,192,
182,172,True,False,TYRANITAR_MEGA_ICE_FORM_3,,False,front_shiny,15,,192,/tmp/reborn-plates-flat/TYRANITAR_MEGA_ICE_FORM_3_SHINY.png,4a18138e2b55f8ae6d3694dcbcbd52aaf24d53af2dae8ff7784bc24a95752276,192,
178,166,True,False,TYRANITAR_MEGA_ICE_FORM_3,,False,back_shiny,12,,192,/tmp/reborn-plates-flat/TYRANITAR_MEGA_ICE_FORM_3_BACK_SHINY.png,b46e7284c99b986aea3261db1a5b5fa956525674e5d52787559150c68b7f3ce3,192,
138,138,False,False,TYRANITAR_SPACE_FORM_4,,False,front,25,,160,/tmp/reborn-plates-flat/TYRANITAR_SPACE_FORM_4.png,0dc7611f1eeafb9daae64713e8c32c6453b55f8806fb1e46bddb7a61cbe387fa,160,
154,156,True,False,TYRANITAR_SPACE_FORM_4,,False,back,20,,192,/tmp/reborn-plates-flat/TYRANITAR_SPACE_FORM_4_BACK.png,c17ca539bdb4b42c1cc4c77932b0197ffcf8f81196e39837864f82095709d591,192,
138,138,True,False,TYRANITAR_SPACE_FORM_4,,False,front_shiny,24,,160,/tmp/reborn-plates-flat/TYRANITAR_SPACE_FORM_4_SHINY.png,78317a680d15c233480de85005745425c20a14ba8678ac9b967af4b77d99a1a0,160,
154,156,True,False,TYRANITAR_SPACE_FORM_4,,False,back_shiny,21,,192,/tmp/reborn-plates-flat/TYRANITAR_SPACE_FORM_4_BACK_SHINY.png,04d9e05abd27718c4e9a6d0b394576430a3815235c2ec0a8b4ea48987245ff32,192,
150,140,True,False,TYRANTRUM_ALTERNATE_FORM_1,,False,front,20,,192,/tmp/reborn-plates-flat/TYRANTRUM_ALTERNATE_FORM_1.png,639cca34e2a6436d8b3e755b5b294391efdc02bca5d49d247e391d43c2db61b6,192,
184,154,True,False,TYRANTRUM_ALTERNATE_FORM_1,,False,back,15,,192,/tmp/reborn-plates-flat/TYRANTRUM_ALTERNATE_FORM_1_BACK.png,78cea69f3d3ffbbcf05e1a6f2890ebcec5a6f84ecf7c3bf9a11fc69712ccf9bd,192,
150,140,True,False,TYRANTRUM_ALTERNATE_FORM_1,,False,front_shiny,21,,192,/tmp/reborn-plates-flat/TYRANTRUM_ALTERNATE_FORM_1_SHINY.png,227ec3f1e1c7312c5880509a25d2ca6167c24581ae9c8a95ce1b3dd87ac74ea7,192,
184,154,True,False,TYRANTRUM_ALTERNATE_FORM_1,,False,back_shiny,17,,192,/tmp/reborn-plates-flat/TYRANTRUM_ALTERNATE_FORM_1_BACK_SHINY.png,af3e726dea26dbbe343e150c9d564d0dfbaa241975e47c951a49df5859d25594,192,
84,110,True,False,TYRUNT_ALTERNATE_FORM_1,,False,front,20,,192,/tmp/reborn-plates-flat/TYRUNT_ALTERNATE_FORM_1.png,b9625e2265242c01ddf09a10b1b80439360f9023ac123b1881fe714a0e566592,192,
84,114,True,False,TYRUNT_ALTERNATE_FORM_1,,False,back,12,,192,/tmp/reborn-plates-flat/TYRUNT_ALTERNATE_FORM_1_BACK.png,3c63c4f7b6b0107054e5410ecbba30b4efc81631e6d687019001885957cb127f,192,
84,110,True,False,TYRUNT_ALTERNATE_FORM_1,,False,front_shiny,16,,192,/tmp/reborn-plates-flat/TYRUNT_ALTERNATE_FORM_1_SHINY.png,ac025bf416162a451bc367f5243269627ad0787ca947ce6c6a8e774fa0d9df58,192,
84,114,True,False,TYRUNT_ALTERNATE_FORM_1,,False,back_shiny,12,,192,/tmp/reborn-plates-flat/TYRUNT_ALTERNATE_FORM_1_BACK_SHINY.png,07af741da9b8712978702659458a19e56880766c92cc7d2a0f91d55133b09fd4,192,
106,84,True,False,UMBREON_ALTERNATE_FORM_3,,False,front,9,,160,/tmp/reborn-plates-flat/UMBREON_ALTERNATE_FORM_3.png,14b26b390c19c458a394b8b98f93a85580a16e941390e939a7487e4161ac30b9,160,
102,88,True,False,UMBREON_ALTERNATE_FORM_3,,False,back,7,,192,/tmp/reborn-plates-flat/UMBREON_ALTERNATE_FORM_3_BACK.png,ed7e2479ebaa6713353fd7bf4420ed6ad840d8e8bf9387592de4f3f888c6a2b6,192,
106,84,True,False,UMBREON_ALTERNATE_FORM_3,,False,front_shiny,9,,160,/tmp/reborn-plates-flat/UMBREON_ALTERNATE_FORM_3_SHINY.png,872f1381ce4d0709cd0f8aa2b5b975ab5868f5fe154cd2aef974c26dd9992194,160,
102,88,True,False,UMBREON_ALTERNATE_FORM_3,,False,back_shiny,7,,192,/tmp/reborn-plates-flat/UMBREON_ALTERNATE_FORM_3_BACK_SHINY.png,e2e0bd7476f5ebbd47a789f043d2b171dd5255a471f0ec833a41daa5f967f7f5,192,
148,104,True,False,UNFEZANT_ALTERNATE_FORM_1,,False,front,24,,192,/tmp/reborn-plates-flat/UNFEZANT_ALTERNATE_FORM_1.png,0ede6ab7b5bd07b146c097d06e876cf91a8823850862a99d54d3b0fc1960b1a3,192,
144,126,True,False,UNFEZANT_ALTERNATE_FORM_1,,False,back,20,,192,/tmp/reborn-plates-flat/UNFEZANT_ALTERNATE_FORM_1_BACK.png,bba0aba7229353ea875c08ffa819504f0e2389b61dd2bcc4c34e20bc8c6a356a,192,
148,104,True,False,UNFEZANT_ALTERNATE_FORM_1,,False,front_shiny,24,,192,/tmp/reborn-plates-flat/UNFEZANT_ALTERNATE_FORM_1_SHINY.png,5058446facea07c1f3a8e18a9144e099de61b649f88b190d715f2475522bfbec,192,
144,126,True,False,UNFEZANT_ALTERNATE_FORM_1,,False,back_shiny,20,,192,/tmp/reborn-plates-flat/UNFEZANT_ALTERNATE_FORM_1_BACK_SHINY.png,e3c26bc5149ca60c05c7957714081976783f4a58a093002efc26442f538c0e70,192,
116,66,True,False,VANILLISH_ALTERNATE_FORM_1,,False,front,16,,192,/tmp/reborn-plates-flat/VANILLISH_ALTERNATE_FORM_1.png,dac093fa97fdef706ec0d752a8691d327f7c126fffff699021c5ee7129aceadc,192,
110,64,True,False,VANILLISH_ALTERNATE_FORM_1,,False,back,14,,192,/tmp/reborn-plates-flat/VANILLISH_ALTERNATE_FORM_1_BACK.png,181a1e95ca4ca78ec6cb002e4b837f122b0fefe6a2dfed8e7a786f654846a97e,192,
116,66,True,False,VANILLISH_ALTERNATE_FORM_1,,False,front_shiny,16,,192,/tmp/reborn-plates-flat/VANILLISH_ALTERNATE_FORM_1_SHINY.png,64882089e98123853845d2116ed322a9c6235140c5770731113f9b9927aa4953,192,
110,64,True,False,VANILLISH_ALTERNATE_FORM_1,,False,back_shiny,14,,192,/tmp/reborn-plates-flat/VANILLISH_ALTERNATE_FORM_1_BACK_SHINY.png,278babbcf61b216d1121c16dc95300e3e05358a49e60bf1959cb3a1f84a95869,192,
72,48,True,False,VANILLITE_ALTERNATE_FORM_1,,False,front,13,,192,/tmp/reborn-plates-flat/VANILLITE_ALTERNATE_FORM_1.png,9381f4b8077994a23c257cfc640fc069db2d7428355e37c3907058f9fa0f1540,192,
74,50,True,False,VANILLITE_ALTERNATE_FORM_1,,False,back,11,,192,/tmp/reborn-plates-flat/VANILLITE_ALTERNATE_FORM_1_BACK.png,96fb993ebd55b0b0016c17d385c999bcd165b37c19255ca56bafe0b8ac25fc4f,192,
72,48,True,False,VANILLITE_ALTERNATE_FORM_1,,False,front_shiny,13,,192,/tmp/reborn-plates-flat/VANILLITE_ALTERNATE_FORM_1_SHINY.png,1a3049e623fece1ceec43c99a69b74dd634091f36ae50aa28ae38dadde8691d6,192,
74,50,True,False,VANILLITE_ALTERNATE_FORM_1,,False,back_shiny,11,,192,/tmp/reborn-plates-flat/VANILLITE_ALTERNATE_FORM_1_BACK_SHINY.png,3b8e15d90411bbdb17cf0e98427919aaae5e9703413226eaf749957278b21b4a,192,
122,118,True,False,VANILLUXE_ALTERNATE_FORM_1,,False,front,31,,192,/tmp/reborn-plates-flat/VANILLUXE_ALTERNATE_FORM_1.png,d811ddd50e3a1692ac9547b1f21e5f479b881205059ad68120d4964a043d9ead,192,
122,110,True,False,VANILLUXE_ALTERNATE_FORM_1,,False,back,23,,192,/tmp/reborn-plates-flat/VANILLUXE_ALTERNATE_FORM_1_BACK.png,c37c49e3d704d8936d0d868f8a29f1f7505ce9ab81809a206c0e93afd769364c,192,
122,118,True,False,VANILLUXE_ALTERNATE_FORM_1,,False,front_shiny,31,,192,/tmp/reborn-plates-flat/VANILLUXE_ALTERNATE_FORM_1_SHINY.png,c9d3f07c9c62e5150f0dbc3afc29ca271f1ba1392d8c3ab01256f7e1542e5213,192,
122,110,True,False,VANILLUXE_ALTERNATE_FORM_1,,False,back_shiny,23,,192,/tmp/reborn-plates-flat/VANILLUXE_ALTERNATE_FORM_1_BACK_SHINY.png,1ad0cf5345fb67ae9bab7dc128e7febbd759983ce750a86a11803f80430e18d6,192,
88,142,True,False,VAPOREON_ALTERNATE_FORM_3,,False,front,15,,160,/tmp/reborn-plates-flat/VAPOREON_ALTERNATE_FORM_3.png,c5ce4b861e2adb8e933c12ba1ef48594a612c9fa176e37dd2a362e28d1a5bd7e,160,
116,90,True,False,VAPOREON_ALTERNATE_FORM_3,,False,back,16,,192,/tmp/reborn-plates-flat/VAPOREON_ALTERNATE_FORM_3_BACK.png,52fa76962cc990e3ded3e9c377a4446c17e02931ff491243471ff1ef0438c2c0,192,
88,142,True,False,VAPOREON_ALTERNATE_FORM_3,,False,front_shiny,16,,160,/tmp/reborn-plates-flat/VAPOREON_ALTERNATE_FORM_3_SHINY.png,50446e52dabf9edc554065ba62891b309e4a214a6837d9ad8849ac651dd6b36f,160,
116,90,True,False,VAPOREON_ALTERNATE_FORM_3,,False,back_shiny,17,,192,/tmp/reborn-plates-flat/VAPOREON_ALTERNATE_FORM_3_BACK_SHINY.png,a0264c676aa5a154fcadf3622867e167fe03bc71af99361b9eba50537780b5ce,192,
104,152,True,False,VENOMOTH_ALTERNATE_FORM_1,,False,front,20,,160,/tmp/reborn-plates-flat/VENOMOTH_ALTERNATE_FORM_1.png,98c1c9a38136d394de51095986211f492f5e8dcd3c645992cfa6f52a80a1fc45,160,
126,134,True,False,VENOMOTH_ALTERNATE_FORM_1,,False,back,17,,192,/tmp/reborn-plates-flat/VENOMOTH_ALTERNATE_FORM_1_BACK.png,b1bb79faaeba86a9effdc4cb879c9bf852066803a9f5234a6e6eff7b0a0618a6,192,
104,152,True,False,VENOMOTH_ALTERNATE_FORM_1,,False,front_shiny,14,,192,/tmp/reborn-plates-flat/VENOMOTH_ALTERNATE_FORM_1_SHINY.png,e06e28211fd4d17dc10b88b2bac91da71a2b0e6df13955c8b9b2ddf90c766811,192,
126,134,True,False,VENOMOTH_ALTERNATE_FORM_1,,False,back_shiny,12,,192,/tmp/reborn-plates-flat/VENOMOTH_ALTERNATE_FORM_1_BACK_SHINY.png,514fcbe0b90d84bc4f142880d4e3b164b2e5e16d56cfed67739d4696ad242462,192,
112,80,True,False,VENONAT_ALTERNATE_FORM_1,,False,front,15,,160,/tmp/reborn-plates-flat/VENONAT_ALTERNATE_FORM_1.png,419011adec83e8dddb17645ccf8567c50cb16c3528684b4295fbfc38ba77b251,160,
104,84,True,False,VENONAT_ALTERNATE_FORM_1,,False,back,14,,192,/tmp/reborn-plates-flat/VENONAT_ALTERNATE_FORM_1_BACK.png,be92f396c74c16dfd15afbdf43155b153695eac9d82a1725a90cfc7d3eeca6fd,192,
112,80,True,False,VENONAT_ALTERNATE_FORM_1,,False,front_shiny,14,,160,/tmp/reborn-plates-flat/VENONAT_ALTERNATE_FORM_1_SHINY.png,378f07595bea55c6e87a359b59b7656bd037dc2c56e7fb9bcd67a6be2c90508a,160,
104,84,True,False,VENONAT_ALTERNATE_FORM_1,,False,back_shiny,14,,192,/tmp/reborn-plates-flat/VENONAT_ALTERNATE_FORM_1_BACK_SHINY.png,f92887001e8138379e51bfa6476adb1e1a7c7aaa5379a85c550d73bbb84e8979,192,
116,110,True,False,VESPIQUEN_ALTERNATE_FORM_1,,False,front,14,,160,/tmp/reborn-plates-flat/VESPIQUEN_ALTERNATE_FORM_1.png,685cb1ba2151d993d1948818fecfe3649d6251ee0306a837819e45bc29ac5e30,160,
118,110,True,False,VESPIQUEN_ALTERNATE_FORM_1,,False,back,15,,192,/tmp/reborn-plates-flat/VESPIQUEN_ALTERNATE_FORM_1_BACK.png,b56900eddb1eee9aa3d2583be7c2129e8abba530372a10da55259a44dd7c5545,192,
94,124,True,False,VIBRAVA_ALTERNATE_FORM_1,,False,front,21,,160,/tmp/reborn-plates-flat/VIBRAVA_ALTERNATE_FORM_1.png,9275e527183545771ed1e2e7dd239324c17a6d64d594af669419ea0993083688,160,
84,120,True,False,VIBRAVA_ALTERNATE_FORM_1,,False,back,13,,192,/tmp/reborn-plates-flat/VIBRAVA_ALTERNATE_FORM_1_BACK.png,b6618ceecf012c648fdb775dd0d3202fc2abfa5c56fdbc7b920a6699b538a9aa,192,
94,124,True,False,VIBRAVA_ALTERNATE_FORM_1,,False,front_shiny,22,,160,/tmp/reborn-plates-flat/VIBRAVA_ALTERNATE_FORM_1_SHINY.png,bc4f5401521961f50ff15197bb8fb422894b0fea1562f4a8348a76f9723ea710,160,
84,120,True,False,VIBRAVA_ALTERNATE_FORM_1,,False,back_shiny,13,,192,/tmp/reborn-plates-flat/VIBRAVA_ALTERNATE_FORM_1_BACK_SHINY.png,0731f3765afba5ac7cacd23bd9a20c6149c769c83e3ff58c17de05300c6b0c7a,192,
86,104,True,False,VULPIX_ALTERNATE_FORM_2,,False,front,18,,160,/tmp/reborn-plates-flat/VULPIX_ALTERNATE_FORM_2.png,b244d351a0ecdd572150364cde5e7e37ddeff81ad876b97d1aace451869f5036,160,
96,114,True,False,VULPIX_ALTERNATE_FORM_2,,False,back,14,,192,/tmp/reborn-plates-flat/VULPIX_ALTERNATE_FORM_2_BACK.png,acdd9d45cf5e035904774b2175c02fd8e4abc24bbc685b92bef503b4f240e5d1,192,
86,104,True,False,VULPIX_ALTERNATE_FORM_2,,False,front_shiny,18,,160,/tmp/reborn-plates-flat/VULPIX_ALTERNATE_FORM_2_SHINY.png,72ae9506a90e4cd991f24654ad585f9e3f3aa9ce88a488a9d41608e7ff09ddbd,160,
96,114,True,False,VULPIX_ALTERNATE_FORM_2,,False,back_shiny,14,,192,/tmp/reborn-plates-flat/VULPIX_ALTERNATE_FORM_2_BACK_SHINY.png,69780cc1d9d8e4a11efed53c9709b8e2e93d4412e994e36d65d96d88d5a66e52,192,
86,104,True,False,VULPIX_ALTERNATE_FORM_3,,False,front,13,,160,/tmp/reborn-plates-flat/VULPIX_ALTERNATE_FORM_3.png,1e6ba161752061ff3e9f97899476da7c630071443fc631c427487fc346db44bc,160,
96,114,True,False,VULPIX_ALTERNATE_FORM_3,,False,back,12,,192,/tmp/reborn-plates-flat/VULPIX_ALTERNATE_FORM_3_BACK.png,f3dde5cca6689ddf528904c449b0ffca4892d87f68ce066cb0a87e5541f081c8,192,
86,104,True,False,VULPIX_ALTERNATE_FORM_3,,False,front_shiny,13,,160,/tmp/reborn-plates-flat/VULPIX_ALTERNATE_FORM_3_SHINY.png,bc3de1bb5a675cdb6fb87a1cd304664c0bd2b47a58bf03c5540c629a41e3fdee,160,
96,114,True,False,VULPIX_ALTERNATE_FORM_3,,False,back_shiny,12,,192,/tmp/reborn-plates-flat/VULPIX_ALTERNATE_FORM_3_BACK_SHINY.png,9eb693526add930e8ec50b302499a5f2fdcae439c437d50749a6fae2e52be5bc,192,
98,128,True,False,WAILMER_ALTERNATE_FORM_1,,False,front,17,,160,/tmp/reborn-plates-flat/WAILMER_ALTERNATE_FORM_1.png,52a5914f691a4124f9d7f30320749a66396155bafa3be0c2c779b41a3edfbe98,160,
94,136,True,False,WAILMER_ALTERNATE_FORM_1,,False,back,14,,192,/tmp/reborn-plates-flat/WAILMER_ALTERNATE_FORM_1_BACK.png,95589122334563c3bc16cdc81fd01ee7548f906a5e4afcada4e28947d1415142,192,
98,128,True,False,WAILMER_ALTERNATE_FORM_1,,False,front_shiny,16,,160,/tmp/reborn-plates-flat/WAILMER_ALTERNATE_FORM_1_SHINY.png,66ef5d4b0bec616239717316178b11b5bf75f573685b74551ed791a45e024ee8,160,
94,136,True,False,WAILMER_ALTERNATE_FORM_1,,False,back_shiny,14,,192,/tmp/reborn-plates-flat/WAILMER_ALTERNATE_FORM_1_BACK_SHINY.png,eb28533eed300a01664c0162939456296206c16eab8f4d1a4280ccdc875e8985,192,
138,160,True,False,WAILORD_ALTERNATE_FORM_1,,False,front,15,,160,/tmp/reborn-plates-flat/WAILORD_ALTERNATE_FORM_1.png,61a2124a8cf4876ed4d84e66a02711c7617fbdf07d049563860441a7f387000a,160,
136,192,True,False,WAILORD_ALTERNATE_FORM_1,,False,back,13,,192,/tmp/reborn-plates-flat/WAILORD_ALTERNATE_FORM_1_BACK.png,2ebff94621e60446c7dbc37dd7e80e6fb2fa0afa6e0246345a7e4b45600f0d5a,192,
138,160,True,False,WAILORD_ALTERNATE_FORM_1,,False,front_shiny,15,,192,/tmp/reborn-plates-flat/WAILORD_ALTERNATE_FORM_1_SHINY.png,424fcb674668501fb5f18c98420f415315d0fac6a7d8f66e6b7164d92bbe9041,192,
136,191,True,False,WAILORD_ALTERNATE_FORM_1,,False,back_shiny,13,,192,/tmp/reborn-plates-flat/WAILORD_ALTERNATE_FORM_1_BACK_SHINY.png,643d8e160df286e17c8c3236a515505f0949f47b9268660ce26096f23706ddd2,192,
120,112,True,False,WEAVILE_ALTERNATE_FORM_1,,False,front,21,,160,/tmp/reborn-plates-flat/WEAVILE_ALTERNATE_FORM_1.png,a050fd20396c7869df0e267da36c5e03885230e9c09fa78fdd0989a4911f5eb7,160,
122,88,True,False,WEAVILE_ALTERNATE_FORM_1,,False,back,16,,192,/tmp/reborn-plates-flat/WEAVILE_ALTERNATE_FORM_1_BACK.png,2bd95e01bde0b3e44437e9d617d87d98b85bc05f7082fcb830667ceff4fb8e39,192,
120,112,True,False,WEAVILE_ALTERNATE_FORM_1,,False,front_shiny,21,,160,/tmp/reborn-plates-flat/WEAVILE_ALTERNATE_FORM_1_SHINY.png,5d41cb35b0c15c68f3413d4c5af2210ca4b1ce75e1fa1fdf2280fdb3f331a965,160,
122,88,True,False,WEAVILE_ALTERNATE_FORM_1,,False,back_shiny,16,,192,/tmp/reborn-plates-flat/WEAVILE_ALTERNATE_FORM_1_BACK_SHINY.png,b1f56e713056a8ec82f2bb61b6c091c3a6a527060aa6d9c8a183288bb693633a,192,
78,56,True,False,WEEDLE_ALTERNATE_FORM_2,,False,front,89,,160,/tmp/reborn-plates-flat/WEEDLE_ALTERNATE_FORM_2.png,8a1da5a90b880007785bfed18b899c2580128732937c5f4c8ca18e7d6d0a9bf5,160,
80,74,True,False,WEEDLE_ALTERNATE_FORM_2,,False,back,74,,192,/tmp/reborn-plates-flat/WEEDLE_ALTERNATE_FORM_2_BACK.png,dce6db8356e86a223347625cb5f35e3b0253631ad5c50c84ab1946b4a27af7c9,192,
78,56,True,False,WEEDLE_ALTERNATE_FORM_2,,False,front_shiny,59,,192,/tmp/reborn-plates-flat/WEEDLE_ALTERNATE_FORM_2_SHINY.png,23ac66cc7388c5fe24448908d253a8d1d476d09795c540d24305bd2d971c2ee2,192,
80,74,True,False,WEEDLE_ALTERNATE_FORM_2,,False,back_shiny,61,,192,/tmp/reborn-plates-flat/WEEDLE_ALTERNATE_FORM_2_BACK_SHINY.png,d8e91802a1d7480fa8f0dce59745df0b9ff46e5adaa202c0d4fe97f0f61c7f10,192,
156,152,True,False,WEEZING_BLUETOWEL_ALTERNATE_FORMS_FORM_2,,False,front,35,,160,/tmp/reborn-plates-flat/WEEZING_BLUETOWEL_ALTERNATE_FORMS_FORM_2.png,05e2f33373dfb58b6913796126089399ad4f1dbd3116a799efe444dc647e6e30,160,
158,176,True,False,WEEZING_BLUETOWEL_ALTERNATE_FORMS_FORM_2,,False,back,35,,192,/tmp/reborn-plates-flat/WEEZING_BLUETOWEL_ALTERNATE_FORMS_FORM_2_BACK.png,0fdf84df049ca9913456bf3c18cceee90bc124b4bbc67b986d8235c644a2b5f9,192,
156,152,True,False,WEEZING_BLUETOWEL_ALTERNATE_FORMS_FORM_2,,False,front_shiny,35,,160,/tmp/reborn-plates-flat/WEEZING_BLUETOWEL_ALTERNATE_FORMS_FORM_2_SHINY.png,57408ab9eadc135470655184ab713026cfbc2659a74711cbde88cbf641457629,160,
158,176,True,False,WEEZING_BLUETOWEL_ALTERNATE_FORMS_FORM_2,,False,back_shiny,35,,192,/tmp/reborn-plates-flat/WEEZING_BLUETOWEL_ALTERNATE_FORMS_FORM_2_BACK_SHINY.png,c1d34654272826615615577592af5490b73b78c43a09e4082feaa04acbe24882,192,
116,86,True,False,WIGGLYTUFF_ALTERNATE_FORM_1,,False,front,17,,160,/tmp/reborn-plates-flat/WIGGLYTUFF_ALTERNATE_FORM_1.png,53154948b0dacf8140e27a6790451e4793707b2cb2335484b3cb1ef0553374d7,160,
114,80,True,False,WIGGLYTUFF_ALTERNATE_FORM_1,,False,back,9,,192,/tmp/reborn-plates-flat/WIGGLYTUFF_ALTERNATE_FORM_1_BACK.png,b2f5f955dbfa8ffbfe4a1d732e1cb00f8fc890af3e4c168eaf7daa3f2f154211,192,
116,86,True,False,WIGGLYTUFF_ALTERNATE_FORM_1,,False,front_shiny,17,,160,/tmp/reborn-plates-flat/WIGGLYTUFF_ALTERNATE_FORM_1_SHINY.png,9596af8fa81297bd9e7999c6f5718b9eee66e47b0fee27ca771793f78d8db7fa,160,
114,80,True,False,WIGGLYTUFF_ALTERNATE_FORM_1,,False,back_shiny,8,,192,/tmp/reborn-plates-flat/WIGGLYTUFF_ALTERNATE_FORM_1_BACK_SHINY.png,48d19de807c7aabc17cc2ce4f7e2a3dbecae8f4fa7680803696bdfbb84207fea,192,
68,84,True,False,WOOPER_ALTERNATE_FORM_1,,False,front,9,,160,/tmp/reborn-plates-flat/WOOPER_ALTERNATE_FORM_1.png,b352cf61d89f42b470afa73befc0489e518d3f1c26e995f370c040fd23f445a2,160,
70,72,True,False,WOOPER_ALTERNATE_FORM_1,,False,back,7,,192,/tmp/reborn-plates-flat/WOOPER_ALTERNATE_FORM_1_BACK.png,9030361391c5b65dcbc72020e206b8506d84a92881f6df2c14aaa3f91c68c6d5,192,
68,84,True,False,WOOPER_ALTERNATE_FORM_1,,False,front_shiny,9,,160,/tmp/reborn-plates-flat/WOOPER_ALTERNATE_FORM_1_SHINY.png,be67007aebaabf34f38212f2da70886e983cfec0a1662965ccbc6a6ff82c522f,160,
70,72,True,False,WOOPER_ALTERNATE_FORM_1,,False,back_shiny,8,,192,/tmp/reborn-plates-flat/WOOPER_ALTERNATE_FORM_1_BACK_SHINY.png,f87f3a1aa7e2ccb58b1f930ad02f191f86a14673fd90efb31746192c074fd6ab,192,
110,104,True,False,XATU_ALTERNATE_FORM_1,,False,front,12,,160,/tmp/reborn-plates-flat/XATU_ALTERNATE_FORM_1.png,c7c28d39f91633d2fb4b347218ce39036a2b29b71b420d0c249f297856923995,160,
102,92,True,False,XATU_ALTERNATE_FORM_1,,False,back,13,,192,/tmp/reborn-plates-flat/XATU_ALTERNATE_FORM_1_BACK.png,d116a71b05c9a7604953446d1c6ca652b2b8f9f6b34e186cfeb2533c008beb97,192,
110,104,True,False,XATU_ALTERNATE_FORM_1,,False,front_shiny,12,,160,/tmp/reborn-plates-flat/XATU_ALTERNATE_FORM_1_SHINY.png,476126b8d681f3445a8280790247117ccb8071cbb32a09541273678087daa80c,160,
102,92,True,False,XATU_ALTERNATE_FORM_1,,False,back_shiny,13,,192,/tmp/reborn-plates-flat/XATU_ALTERNATE_FORM_1_BACK_SHINY.png,b8c642aebfeb1eaf7ae36560a9bcb8bf901feb78538d5daac9608eda16566578,192,
76,106,True,False,YAMASK_ALTERNATE_FORM_1,,False,front,11,,192,/tmp/reborn-plates-flat/YAMASK_ALTERNATE_FORM_1.png,bf606e058aadacdf4a1f572b3f54a6ff1e08afe818f5248519bc04245c662162,192,
76,102,True,False,YAMASK_ALTERNATE_FORM_1,,False,back,10,,192,/tmp/reborn-plates-flat/YAMASK_ALTERNATE_FORM_1_BACK.png,45782e704ed3be208b85fd9615a20c4d07f035046218460b0ed39fb3708b61e9,192,
76,106,True,False,YAMASK_ALTERNATE_FORM_1,,False,front_shiny,12,,192,/tmp/reborn-plates-flat/YAMASK_ALTERNATE_FORM_1_SHINY.png,acc4130004b92248d84ef0a389bc5db4c7f7d792ee1c8c779ce89819bbb4d69c,192,
76,102,True,False,YAMASK_ALTERNATE_FORM_1,,False,back_shiny,10,,192,/tmp/reborn-plates-flat/YAMASK_ALTERNATE_FORM_1_BACK_SHINY.png,59c1542fdf9d8e4a317ee2219a578a670d76a2b0832f17fdf02a4ca89c3fb261,192,
110,116,True,False,YAMASK_ALTERNATE_FORM_2,,False,front,11,,192,/tmp/reborn-plates-flat/YAMASK_ALTERNATE_FORM_2.png,c811c271b12319ca6c9e698268e002af9f398250ac9ec7ae1825f1a337ef317a,192,
110,116,True,False,YAMASK_ALTERNATE_FORM_2,,False,back,10,,192,/tmp/reborn-plates-flat/YAMASK_ALTERNATE_FORM_2_BACK.png,ea74bdbb78f016feeb1c5b3c105fa418b1afe111eff35ed60f794c96f5a33860,192,
110,116,True,False,YAMASK_ALTERNATE_FORM_2,,False,front_shiny,11,,192,/tmp/reborn-plates-flat/YAMASK_ALTERNATE_FORM_2_SHINY.png,06236be1465eb8e6957bc5a4b0f6df413a7cedfb7273bbbd6197741e6fac2a30,192,
110,116,True,False,YAMASK_ALTERNATE_FORM_2,,False,back_shiny,10,,192,/tmp/reborn-plates-flat/YAMASK_ALTERNATE_FORM_2_BACK_SHINY.png,8ce2a30ed864b572a997450b63c31e0c1124fee37eba0c42402b7125717e4544,192,
82,156,True,False,YANMA_ALTERNATE_FORM_1,,False,front,20,,160,/tmp/reborn-plates-flat/YANMA_ALTERNATE_FORM_1.png,3da5e06a9dd7bf3c462fc27489c092cff00e2a038fecce365907ac31836497da,160,
72,156,True,False,YANMA_ALTERNATE_FORM_1,,False,back,16,,192,/tmp/reborn-plates-flat/YANMA_ALTERNATE_FORM_1_BACK.png,a41d91c4f367f44ff4fa3984d523583f33456261ae269112bdc23b75f0b85b78,192,
82,156,True,False,YANMA_ALTERNATE_FORM_1,,False,front_shiny,23,,160,/tmp/reborn-plates-flat/YANMA_ALTERNATE_FORM_1_SHINY.png,4914c31746bf8b54077ed10180807dce4af4f633769365f5bfc53ddecd62653f,160,
72,156,True,False,YANMA_ALTERNATE_FORM_1,,False,back_shiny,19,,192,/tmp/reborn-plates-flat/YANMA_ALTERNATE_FORM_1_BACK_SHINY.png,ac7031e68f88ff09ce88d7e93575acda75c1bf0fd587c75a95fdbe371571faf6,192,
118,152,True,False,YANMEGA_ALTERNATE_FORM_1,,False,front,31,,160,/tmp/reborn-plates-flat/YANMEGA_ALTERNATE_FORM_1.png,15376a6a0ac44958177bafb9ea39a9efee8e4571298496ae950b82450a7b9053,160,
104,168,True,False,YANMEGA_ALTERNATE_FORM_1,,False,back,26,,192,/tmp/reborn-plates-flat/YANMEGA_ALTERNATE_FORM_1_BACK.png,563288e451b79bfb3c685d44f1a82f046fd4ffe69bcd9e38891a99ee4380d0c2,192,
118,152,True,False,YANMEGA_ALTERNATE_FORM_1,,False,front_shiny,33,,160,/tmp/reborn-plates-flat/YANMEGA_ALTERNATE_FORM_1_SHINY.png,c4999e2165ace64ba2f82f7f325adfe68801dc12105418441b9428c502017a5a,160,
104,168,True,False,YANMEGA_ALTERNATE_FORM_1,,False,back_shiny,30,,192,/tmp/reborn-plates-flat/YANMEGA_ALTERNATE_FORM_1_BACK_SHINY.png,3a59cb5834123d15ee140e796d3bdf1a96f7699e8d8d0338995f5d8b6a60406e,192,
120,124,True,False,ZWEILOUS_CYBERTANK_FORM_1,,False,front,17,,192,/tmp/reborn-plates-flat/ZWEILOUS_CYBERTANK_FORM_1.png,ade847274a56850cdc12051ef017c067e8faa3d1716f03c59411014484cfb434,192,
122,122,True,False,ZWEILOUS_CYBERTANK_FORM_1,,False,back,15,,192,/tmp/reborn-plates-flat/ZWEILOUS_CYBERTANK_FORM_1_BACK.png,1a9263d365f5da5e5b2c1e53c0ac2db9e917ea53bb84e77ecd2d4e55e9d7233b,192,
120,124,True,False,ZWEILOUS_CYBERTANK_FORM_1,,False,front_shiny,17,,192,/tmp/reborn-plates-flat/ZWEILOUS_CYBERTANK_FORM_1_SHINY.png,43ff6f948e20975b858d4fa5766416290ce27688cf50e8ff241bcf9d040867eb,192,
122,122,True,False,ZWEILOUS_CYBERTANK_FORM_1,,False,back_shiny,15,,192,/tmp/reborn-plates-flat/ZWEILOUS_CYBERTANK_FORM_1_BACK_SHINY.png,52ceb2ffc0b9c837b7f8ae52bba93f9a6a07976778c0e18cf3d89bca6f3c49ef,192,
124,146,True,False,ZWEILOUS_TELEPATHIC_FORM_2,,False,front,15,,192,/tmp/reborn-plates-flat/ZWEILOUS_TELEPATHIC_FORM_2.png,884b71b7a36c67184e8bb59163f2360f3f69b0739adcc17467027cae88a0c7fa,192,
136,126,True,False,ZWEILOUS_TELEPATHIC_FORM_2,,False,back,14,,192,/tmp/reborn-plates-flat/ZWEILOUS_TELEPATHIC_FORM_2_BACK.png,6236fbbff0070cf7ba57563a7d0b1407cbee345a4817c624c09323e8586ff6d5,192,
124,146,True,False,ZWEILOUS_TELEPATHIC_FORM_2,,False,front_shiny,15,,192,/tmp/reborn-plates-flat/ZWEILOUS_TELEPATHIC_FORM_2_SHINY.png,714128c9ed1d6bab69004be974884f2e032ac7c0799c19cb5710a3df6b66b77a,192,
136,126,True,False,ZWEILOUS_TELEPATHIC_FORM_2,,False,back_shiny,14,,192,/tmp/reborn-plates-flat/ZWEILOUS_TELEPATHIC_FORM_2_BACK_SHINY.png,8e2ad1104bb04e7c697867642490f0e96416c107ea3a8730f0fbfae010be7309,192,
