internal_id,source_name,mercury_story_name,delta_story_form,asset_kind,repo_path,raw_url
SPECIES_ARACHTRES,Arachtres,Arachtres,NO,front,graphics/pokemon/arachtres/front.png,https://raw.githubusercontent.com/Elite-Redux/eliteredux-source/8bf8bf062e40724cc07569d84c67763f20e4d00e/graphics/pokemon/arachtres/front.png
SPECIES_ARACHTRES,Arachtres,Arachtres,NO,back,graphics/pokemon/arachtres/back.png,https://raw.githubusercontent.com/Elite-Redux/eliteredux-source/8bf8bf062e40724cc07569d84c67763f20e4d00e/graphics/pokemon/arachtres/back.png
SPECIES_ARACHTRES,Arachtres,Arachtres,NO,icon,graphics/pokemon/arachtres/icon.png,https://raw.githubusercontent.com/Elite-Redux/eliteredux-source/8bf8bf062e40724cc07569d84c67763f20e4d00e/graphics/pokemon/arachtres/icon.png
SPECIES_ARACHTRES,Arachtres,Arachtres,NO,normal_palette,graphics/pokemon/arachtres/normal.pal,https://raw.githubusercontent.com/Elite-Redux/eliteredux-source/8bf8bf062e40724cc07569d84c67763f20e4d00e/graphics/pokemon/arachtres/normal.pal
SPECIES_ARACHTRES,Arachtres,Arachtres,NO,shiny_palette,graphics/pokemon/arachtres/shiny.pal,https://raw.githubusercontent.com/Elite-Redux/eliteredux-source/8bf8bf062e40724cc07569d84c67763f20e4d00e/graphics/pokemon/arachtres/shiny.pal
SPECIES_ARASHINNE,Arashinne,Arashinne,NO,front,graphics/pokemon/arashinne/front.png,https://raw.githubusercontent.com/Elite-Redux/eliteredux-source/8bf8bf062e40724cc07569d84c67763f20e4d00e/graphics/pokemon/arashinne/front.png
SPECIES_ARASHINNE,Arashinne,Arashinne,NO,back,graphics/pokemon/arashinne/back.png,https://raw.githubusercontent.com/Elite-Redux/eliteredux-source/8bf8bf062e40724cc07569d84c67763f20e4d00e/graphics/pokemon/arashinne/back.png
SPECIES_ARASHINNE,Arashinne,Arashinne,NO,icon,graphics/pokemon/arashinne/icon.png,https://raw.githubusercontent.com/Elite-Redux/eliteredux-source/8bf8bf062e40724cc07569d84c67763f20e4d00e/graphics/pokemon/arashinne/icon.png
SPECIES_ARASHINNE,Arashinne,Arashinne,NO,normal_palette,graphics/pokemon/arashinne/normal.pal,https://raw.githubusercontent.com/Elite-Redux/eliteredux-source/8bf8bf062e40724cc07569d84c67763f20e4d00e/graphics/pokemon/arashinne/normal.pal
SPECIES_ARASHINNE,Arashinne,Arashinne,NO,shiny_palette,graphics/pokemon/arashinne/shiny.pal,https://raw.githubusercontent.com/Elite-Redux/eliteredux-source/8bf8bf062e40724cc07569d84c67763f20e4d00e/graphics/pokemon/arashinne/shiny.pal
SPECIES_AMPHYBUZZ,Amphybuzz,Amphybuzz,NO,front,graphics/pokemon/amphybuzz/front.png,https://raw.githubusercontent.com/Elite-Redux/eliteredux-source/8bf8bf062e40724cc07569d84c67763f20e4d00e/graphics/pokemon/amphybuzz/front.png
SPECIES_AMPHYBUZZ,Amphybuzz,Amphybuzz,NO,back,graphics/pokemon/amphybuzz/back.png,https://raw.githubusercontent.com/Elite-Redux/eliteredux-source/8bf8bf062e40724cc07569d84c67763f20e4d00e/graphics/pokemon/amphybuzz/back.png
SPECIES_AMPHYBUZZ,Amphybuzz,Amphybuzz,NO,icon,graphics/pokemon/amphybuzz/icon.png,https://raw.githubusercontent.com/Elite-Redux/eliteredux-source/8bf8bf062e40724cc07569d84c67763f20e4d00e/graphics/pokemon/amphybuzz/icon.png
SPECIES_AMPHYBUZZ,Amphybuzz,Amphybuzz,NO,normal_palette,graphics/pokemon/amphybuzz/normal.pal,https://raw.githubusercontent.com/Elite-Redux/eliteredux-source/8bf8bf062e40724cc07569d84c67763f20e4d00e/graphics/pokemon/amphybuzz/normal.pal
SPECIES_AMPHYBUZZ,Amphybuzz,Amphybuzz,NO,shiny_palette,graphics/pokemon/amphybuzz/shiny.pal,https://raw.githubusercontent.com/Elite-Redux/eliteredux-source/8bf8bf062e40724cc07569d84c67763f20e4d00e/graphics/pokemon/amphybuzz/shiny.pal
SPECIES_ALAKAZAM_MEGA_REDUX,Alakazam Mega Redux,Mega Delta Alakazam,YES,front,graphics/pokemon/alakazam/redux_mega/front.png,https://raw.githubusercontent.com/Elite-Redux/eliteredux-source/8bf8bf062e40724cc07569d84c67763f20e4d00e/graphics/pokemon/alakazam/redux_mega/front.png
SPECIES_ALAKAZAM_MEGA_REDUX,Alakazam Mega Redux,Mega Delta Alakazam,YES,back,graphics/pokemon/alakazam/redux_mega/back.png,https://raw.githubusercontent.com/Elite-Redux/eliteredux-source/8bf8bf062e40724cc07569d84c67763f20e4d00e/graphics/pokemon/alakazam/redux_mega/back.png
SPECIES_ALAKAZAM_MEGA_REDUX,Alakazam Mega Redux,Mega Delta Alakazam,YES,icon,graphics/pokemon/alakazam/redux_mega/icon.png,https://raw.githubusercontent.com/Elite-Redux/eliteredux-source/8bf8bf062e40724cc07569d84c67763f20e4d00e/graphics/pokemon/alakazam/redux_mega/icon.png
SPECIES_ALAKAZAM_MEGA_REDUX,Alakazam Mega Redux,Mega Delta Alakazam,YES,normal_palette,graphics/pokemon/alakazam/redux_mega/normal.pal,https://raw.githubusercontent.com/Elite-Redux/eliteredux-source/8bf8bf062e40724cc07569d84c67763f20e4d00e/graphics/pokemon/alakazam/redux_mega/normal.pal
SPECIES_ALAKAZAM_MEGA_REDUX,Alakazam Mega Redux,Mega Delta Alakazam,YES,shiny_palette,graphics/pokemon/alakazam/redux_mega/shiny.pal,https://raw.githubusercontent.com/Elite-Redux/eliteredux-source/8bf8bf062e40724cc07569d84c67763f20e4d00e/graphics/pokemon/alakazam/redux_mega/shiny.pal
SPECIES_ARCANINE_MEGA_REDUX,Arcanine Mega Redux,Mega Delta Arcanine,YES,front,graphics/pokemon/arcanine/mega_redux/front.png,https://raw.githubusercontent.com/Elite-Redux/eliteredux-source/8bf8bf062e40724cc07569d84c67763f20e4d00e/graphics/pokemon/arcanine/mega_redux/front.png
SPECIES_ARCANINE_MEGA_REDUX,Arcanine Mega Redux,Mega Delta Arcanine,YES,back,graphics/pokemon/arcanine/mega_redux/back.png,https://raw.githubusercontent.com/Elite-Redux/eliteredux-source/8bf8bf062e40724cc07569d84c67763f20e4d00e/graphics/pokemon/arcanine/mega_redux/back.png
SPECIES_ARCANINE_MEGA_REDUX,Arcanine Mega Redux,Mega Delta Arcanine,YES,icon,graphics/pokemon/arcanine/mega_redux/icon.png,https://raw.githubusercontent.com/Elite-Redux/eliteredux-source/8bf8bf062e40724cc07569d84c67763f20e4d00e/graphics/pokemon/arcanine/mega_redux/icon.png
SPECIES_ARCANINE_MEGA_REDUX,Arcanine Mega Redux,Mega Delta Arcanine,YES,normal_palette,graphics/pokemon/arcanine/mega_redux/normal.pal,https://raw.githubusercontent.com/Elite-Redux/eliteredux-source/8bf8bf062e40724cc07569d84c67763f20e4d00e/graphics/pokemon/arcanine/mega_redux/normal.pal
SPECIES_ARCANINE_MEGA_REDUX,Arcanine Mega Redux,Mega Delta Arcanine,YES,shiny_palette,graphics/pokemon/arcanine/mega_redux/shiny.pal,https://raw.githubusercontent.com/Elite-Redux/eliteredux-source/8bf8bf062e40724cc07569d84c67763f20e4d00e/graphics/pokemon/arcanine/mega_redux/shiny.pal
SPECIES_AEGISLASH_REDUX_MEGA,Aegislash Redux Mega,Mega Delta Aegislash,YES,front,graphics/pokemon/aegislash/redux_mega/front.png,https://raw.githubusercontent.com/Elite-Redux/eliteredux-source/8bf8bf062e40724cc07569d84c67763f20e4d00e/graphics/pokemon/aegislash/redux_mega/front.png
SPECIES_AEGISLASH_REDUX_MEGA,Aegislash Redux Mega,Mega Delta Aegislash,YES,back,graphics/pokemon/aegislash/redux_mega/back.png,https://raw.githubusercontent.com/Elite-Redux/eliteredux-source/8bf8bf062e40724cc07569d84c67763f20e4d00e/graphics/pokemon/aegislash/redux_mega/back.png
SPECIES_AEGISLASH_REDUX_MEGA,Aegislash Redux Mega,Mega Delta Aegislash,YES,icon,graphics/pokemon/aegislash/redux_mega/icon.png,https://raw.githubusercontent.com/Elite-Redux/eliteredux-source/8bf8bf062e40724cc07569d84c67763f20e4d00e/graphics/pokemon/aegislash/redux_mega/icon.png
SPECIES_AEGISLASH_REDUX_MEGA,Aegislash Redux Mega,Mega Delta Aegislash,YES,normal_palette,graphics/pokemon/aegislash/redux_mega/normal.pal,https://raw.githubusercontent.com/Elite-Redux/eliteredux-source/8bf8bf062e40724cc07569d84c67763f20e4d00e/graphics/pokemon/aegislash/redux_mega/normal.pal
SPECIES_AEGISLASH_REDUX_MEGA,Aegislash Redux Mega,Mega Delta Aegislash,YES,shiny_palette,graphics/pokemon/aegislash/redux_mega/shiny.pal,https://raw.githubusercontent.com/Elite-Redux/eliteredux-source/8bf8bf062e40724cc07569d84c67763f20e4d00e/graphics/pokemon/aegislash/redux_mega/shiny.pal
SPECIES_AEGISLASH_BLADE_REDUX_MEGA,Aegislash Blade Redux Mega,Mega Delta Aegislash Blade,YES,front,graphics/pokemon/aegislash/blade_redux_mega/front.png,https://raw.githubusercontent.com/Elite-Redux/eliteredux-source/8bf8bf062e40724cc07569d84c67763f20e4d00e/graphics/pokemon/aegislash/blade_redux_mega/front.png
SPECIES_AEGISLASH_BLADE_REDUX_MEGA,Aegislash Blade Redux Mega,Mega Delta Aegislash Blade,YES,back,graphics/pokemon/aegislash/blade_redux_mega/back.png,https://raw.githubusercontent.com/Elite-Redux/eliteredux-source/8bf8bf062e40724cc07569d84c67763f20e4d00e/graphics/pokemon/aegislash/blade_redux_mega/back.png
SPECIES_AEGISLASH_BLADE_REDUX_MEGA,Aegislash Blade Redux Mega,Mega Delta Aegislash Blade,YES,icon,graphics/pokemon/aegislash/blade_redux_mega/icon.png,https://raw.githubusercontent.com/Elite-Redux/eliteredux-source/8bf8bf062e40724cc07569d84c67763f20e4d00e/graphics/pokemon/aegislash/blade_redux_mega/icon.png
SPECIES_AEGISLASH_BLADE_REDUX_MEGA,Aegislash Blade Redux Mega,Mega Delta Aegislash Blade,YES,normal_palette,graphics/pokemon/aegislash/blade_redux_mega/normal.pal,https://raw.githubusercontent.com/Elite-Redux/eliteredux-source/8bf8bf062e40724cc07569d84c67763f20e4d00e/graphics/pokemon/aegislash/blade_redux_mega/normal.pal
SPECIES_AEGISLASH_BLADE_REDUX_MEGA,Aegislash Blade Redux Mega,Mega Delta Aegislash Blade,YES,shiny_palette,graphics/pokemon/aegislash/blade_redux_mega/shiny.pal,https://raw.githubusercontent.com/Elite-Redux/eliteredux-source/8bf8bf062e40724cc07569d84c67763f20e4d00e/graphics/pokemon/aegislash/blade_redux_mega/shiny.pal
SPECIES_AEGISLASH_REDUX,Aegislash Redux,Delta Aegislash,YES,front,graphics/pokemon/aegislash/redux/front.png,https://raw.githubusercontent.com/Elite-Redux/eliteredux-source/8bf8bf062e40724cc07569d84c67763f20e4d00e/graphics/pokemon/aegislash/redux/front.png
SPECIES_AEGISLASH_REDUX,Aegislash Redux,Delta Aegislash,YES,back,graphics/pokemon/aegislash/redux/back.png,https://raw.githubusercontent.com/Elite-Redux/eliteredux-source/8bf8bf062e40724cc07569d84c67763f20e4d00e/graphics/pokemon/aegislash/redux/back.png
SPECIES_AEGISLASH_REDUX,Aegislash Redux,Delta Aegislash,YES,icon,graphics/pokemon/aegislash/redux/icon.png,https://raw.githubusercontent.com/Elite-Redux/eliteredux-source/8bf8bf062e40724cc07569d84c67763f20e4d00e/graphics/pokemon/aegislash/redux/icon.png
SPECIES_AEGISLASH_REDUX,Aegislash Redux,Delta Aegislash,YES,normal_palette,graphics/pokemon/aegislash/redux/normal.pal,https://raw.githubusercontent.com/Elite-Redux/eliteredux-source/8bf8bf062e40724cc07569d84c67763f20e4d00e/graphics/pokemon/aegislash/redux/normal.pal
SPECIES_AEGISLASH_REDUX,Aegislash Redux,Delta Aegislash,YES,shiny_palette,graphics/pokemon/aegislash/redux/shiny.pal,https://raw.githubusercontent.com/Elite-Redux/eliteredux-source/8bf8bf062e40724cc07569d84c67763f20e4d00e/graphics/pokemon/aegislash/redux/shiny.pal
SPECIES_AEGISLASH_BLADE_REDUX,Aegislash Blade Redux,Delta Aegislash Blade,YES,front,graphics/pokemon/aegislash/blade_redux/front.png,https://raw.githubusercontent.com/Elite-Redux/eliteredux-source/8bf8bf062e40724cc07569d84c67763f20e4d00e/graphics/pokemon/aegislash/blade_redux/front.png
SPECIES_AEGISLASH_BLADE_REDUX,Aegislash Blade Redux,Delta Aegislash Blade,YES,back,graphics/pokemon/aegislash/blade_redux/back.png,https://raw.githubusercontent.com/Elite-Redux/eliteredux-source/8bf8bf062e40724cc07569d84c67763f20e4d00e/graphics/pokemon/aegislash/blade_redux/back.png
SPECIES_AEGISLASH_BLADE_REDUX,Aegislash Blade Redux,Delta Aegislash Blade,YES,icon,graphics/pokemon/aegislash/blade_redux/icon.png,https://raw.githubusercontent.com/Elite-Redux/eliteredux-source/8bf8bf062e40724cc07569d84c67763f20e4d00e/graphics/pokemon/aegislash/blade_redux/icon.png
SPECIES_AEGISLASH_BLADE_REDUX,Aegislash Blade Redux,Delta Aegislash Blade,YES,normal_palette,graphics/pokemon/aegislash/blade_redux/normal.pal,https://raw.githubusercontent.com/Elite-Redux/eliteredux-source/8bf8bf062e40724cc07569d84c67763f20e4d00e/graphics/pokemon/aegislash/blade_redux/normal.pal
SPECIES_AEGISLASH_BLADE_REDUX,Aegislash Blade Redux,Delta Aegislash Blade,YES,shiny_palette,graphics/pokemon/aegislash/blade_redux/shiny.pal,https://raw.githubusercontent.com/Elite-Redux/eliteredux-source/8bf8bf062e40724cc07569d84c67763f20e4d00e/graphics/pokemon/aegislash/blade_redux/shiny.pal
SPECIES_ABRA_REDUX,Abra Redux,Delta Abra,YES,front,graphics/pokemon/abra/redux/front.png,https://raw.githubusercontent.com/Elite-Redux/eliteredux-source/8bf8bf062e40724cc07569d84c67763f20e4d00e/graphics/pokemon/abra/redux/front.png
SPECIES_ABRA_REDUX,Abra Redux,Delta Abra,YES,back,graphics/pokemon/abra/redux/back.png,https://raw.githubusercontent.com/Elite-Redux/eliteredux-source/8bf8bf062e40724cc07569d84c67763f20e4d00e/graphics/pokemon/abra/redux/back.png
SPECIES_ABRA_REDUX,Abra Redux,Delta Abra,YES,icon,graphics/pokemon/abra/redux/icon.png,https://raw.githubusercontent.com/Elite-Redux/eliteredux-source/8bf8bf062e40724cc07569d84c67763f20e4d00e/graphics/pokemon/abra/redux/icon.png
SPECIES_ABRA_REDUX,Abra Redux,Delta Abra,YES,normal_palette,graphics/pokemon/abra/redux/normal.pal,https://raw.githubusercontent.com/Elite-Redux/eliteredux-source/8bf8bf062e40724cc07569d84c67763f20e4d00e/graphics/pokemon/abra/redux/normal.pal
SPECIES_ABRA_REDUX,Abra Redux,Delta Abra,YES,shiny_palette,graphics/pokemon/abra/redux/shiny.pal,https://raw.githubusercontent.com/Elite-Redux/eliteredux-source/8bf8bf062e40724cc07569d84c67763f20e4d00e/graphics/pokemon/abra/redux/shiny.pal
SPECIES_ALAKAZAM_REDUX,Alakazam Redux,Delta Alakazam,YES,front,graphics/pokemon/alakazam/redux/front.png,https://raw.githubusercontent.com/Elite-Redux/eliteredux-source/8bf8bf062e40724cc07569d84c67763f20e4d00e/graphics/pokemon/alakazam/redux/front.png
SPECIES_ALAKAZAM_REDUX,Alakazam Redux,Delta Alakazam,YES,back,graphics/pokemon/alakazam/redux/back.png,https://raw.githubusercontent.com/Elite-Redux/eliteredux-source/8bf8bf062e40724cc07569d84c67763f20e4d00e/graphics/pokemon/alakazam/redux/back.png
SPECIES_ALAKAZAM_REDUX,Alakazam Redux,Delta Alakazam,YES,icon,graphics/pokemon/alakazam/redux/icon.png,https://raw.githubusercontent.com/Elite-Redux/eliteredux-source/8bf8bf062e40724cc07569d84c67763f20e4d00e/graphics/pokemon/alakazam/redux/icon.png
SPECIES_ALAKAZAM_REDUX,Alakazam Redux,Delta Alakazam,YES,normal_palette,graphics/pokemon/alakazam/redux/normal.pal,https://raw.githubusercontent.com/Elite-Redux/eliteredux-source/8bf8bf062e40724cc07569d84c67763f20e4d00e/graphics/pokemon/alakazam/redux/normal.pal
SPECIES_ALAKAZAM_REDUX,Alakazam Redux,Delta Alakazam,YES,shiny_palette,graphics/pokemon/alakazam/redux/shiny.pal,https://raw.githubusercontent.com/Elite-Redux/eliteredux-source/8bf8bf062e40724cc07569d84c67763f20e4d00e/graphics/pokemon/alakazam/redux/shiny.pal
SPECIES_ARCANINE_REDUX,Arcanine Redux,Delta Arcanine,YES,front,graphics/pokemon/arcanine/redux/front.png,https://raw.githubusercontent.com/Elite-Redux/eliteredux-source/8bf8bf062e40724cc07569d84c67763f20e4d00e/graphics/pokemon/arcanine/redux/front.png
SPECIES_ARCANINE_REDUX,Arcanine Redux,Delta Arcanine,YES,back,graphics/pokemon/arcanine/redux/back.png,https://raw.githubusercontent.com/Elite-Redux/eliteredux-source/8bf8bf062e40724cc07569d84c67763f20e4d00e/graphics/pokemon/arcanine/redux/back.png
SPECIES_ARCANINE_REDUX,Arcanine Redux,Delta Arcanine,YES,icon,graphics/pokemon/arcanine/redux/icon.png,https://raw.githubusercontent.com/Elite-Redux/eliteredux-source/8bf8bf062e40724cc07569d84c67763f20e4d00e/graphics/pokemon/arcanine/redux/icon.png
SPECIES_ARCANINE_REDUX,Arcanine Redux,Delta Arcanine,YES,normal_palette,graphics/pokemon/arcanine/redux/normal.pal,https://raw.githubusercontent.com/Elite-Redux/eliteredux-source/8bf8bf062e40724cc07569d84c67763f20e4d00e/graphics/pokemon/arcanine/redux/normal.pal
SPECIES_ARCANINE_REDUX,Arcanine Redux,Delta Arcanine,YES,shiny_palette,graphics/pokemon/arcanine/redux/shiny.pal,https://raw.githubusercontent.com/Elite-Redux/eliteredux-source/8bf8bf062e40724cc07569d84c67763f20e4d00e/graphics/pokemon/arcanine/redux/shiny.pal
SPECIES_BOARLOCK,Boarlock,Boarlock,NO,front,graphics/pokemon/boarlock/front.png,https://raw.githubusercontent.com/Elite-Redux/eliteredux-source/8bf8bf062e40724cc07569d84c67763f20e4d00e/graphics/pokemon/boarlock/front.png
SPECIES_BOARLOCK,Boarlock,Boarlock,NO,back,graphics/pokemon/boarlock/back.png,https://raw.githubusercontent.com/Elite-Redux/eliteredux-source/8bf8bf062e40724cc07569d84c67763f20e4d00e/graphics/pokemon/boarlock/back.png
SPECIES_BOARLOCK,Boarlock,Boarlock,NO,icon,graphics/pokemon/boarlock/icon.png,https://raw.githubusercontent.com/Elite-Redux/eliteredux-source/8bf8bf062e40724cc07569d84c67763f20e4d00e/graphics/pokemon/boarlock/icon.png
SPECIES_BOARLOCK,Boarlock,Boarlock,NO,normal_palette,graphics/pokemon/boarlock/normal.pal,https://raw.githubusercontent.com/Elite-Redux/eliteredux-source/8bf8bf062e40724cc07569d84c67763f20e4d00e/graphics/pokemon/boarlock/normal.pal
SPECIES_BOARLOCK,Boarlock,Boarlock,NO,shiny_palette,graphics/pokemon/boarlock/shiny.pal,https://raw.githubusercontent.com/Elite-Redux/eliteredux-source/8bf8bf062e40724cc07569d84c67763f20e4d00e/graphics/pokemon/boarlock/shiny.pal
SPECIES_BEEFENDER,Beefender,Beefender,NO,front,graphics/pokemon/beefender/front.png,https://raw.githubusercontent.com/Elite-Redux/eliteredux-source/8bf8bf062e40724cc07569d84c67763f20e4d00e/graphics/pokemon/beefender/front.png
SPECIES_BEEFENDER,Beefender,Beefender,NO,back,graphics/pokemon/beefender/back.png,https://raw.githubusercontent.com/Elite-Redux/eliteredux-source/8bf8bf062e40724cc07569d84c67763f20e4d00e/graphics/pokemon/beefender/back.png
SPECIES_BEEFENDER,Beefender,Beefender,NO,icon,graphics/pokemon/beefender/icon.png,https://raw.githubusercontent.com/Elite-Redux/eliteredux-source/8bf8bf062e40724cc07569d84c67763f20e4d00e/graphics/pokemon/beefender/icon.png
SPECIES_BEEFENDER,Beefender,Beefender,NO,normal_palette,graphics/pokemon/beefender/normal.pal,https://raw.githubusercontent.com/Elite-Redux/eliteredux-source/8bf8bf062e40724cc07569d84c67763f20e4d00e/graphics/pokemon/beefender/normal.pal
SPECIES_BEEFENDER,Beefender,Beefender,NO,shiny_palette,graphics/pokemon/beefender/shiny.pal,https://raw.githubusercontent.com/Elite-Redux/eliteredux-source/8bf8bf062e40724cc07569d84c67763f20e4d00e/graphics/pokemon/beefender/shiny.pal
SPECIES_BRONTONANA,Brontonana,Brontonana,NO,front,graphics/pokemon/brontonana/front.png,https://raw.githubusercontent.com/Elite-Redux/eliteredux-source/8bf8bf062e40724cc07569d84c67763f20e4d00e/graphics/pokemon/brontonana/front.png
SPECIES_BRONTONANA,Brontonana,Brontonana,NO,back,graphics/pokemon/brontonana/back.png,https://raw.githubusercontent.com/Elite-Redux/eliteredux-source/8bf8bf062e40724cc07569d84c67763f20e4d00e/graphics/pokemon/brontonana/back.png
SPECIES_BRONTONANA,Brontonana,Brontonana,NO,icon,graphics/pokemon/brontonana/icon.png,https://raw.githubusercontent.com/Elite-Redux/eliteredux-source/8bf8bf062e40724cc07569d84c67763f20e4d00e/graphics/pokemon/brontonana/icon.png
SPECIES_BRONTONANA,Brontonana,Brontonana,NO,normal_palette,graphics/pokemon/brontonana/normal.pal,https://raw.githubusercontent.com/Elite-Redux/eliteredux-source/8bf8bf062e40724cc07569d84c67763f20e4d00e/graphics/pokemon/brontonana/normal.pal
SPECIES_BRONTONANA,Brontonana,Brontonana,NO,shiny_palette,graphics/pokemon/brontonana/shiny.pal,https://raw.githubusercontent.com/Elite-Redux/eliteredux-source/8bf8bf062e40724cc07569d84c67763f20e4d00e/graphics/pokemon/brontonana/shiny.pal
SPECIES_BLIZZARD_MAW,Blizzard Maw,Blizzard Maw,NO,front,graphics/pokemon/blizzard_maw/front.png,https://raw.githubusercontent.com/Elite-Redux/eliteredux-source/8bf8bf062e40724cc07569d84c67763f20e4d00e/graphics/pokemon/blizzard_maw/front.png
SPECIES_BLIZZARD_MAW,Blizzard Maw,Blizzard Maw,NO,back,graphics/pokemon/blizzard_maw/back.png,https://raw.githubusercontent.com/Elite-Redux/eliteredux-source/8bf8bf062e40724cc07569d84c67763f20e4d00e/graphics/pokemon/blizzard_maw/back.png
SPECIES_BLIZZARD_MAW,Blizzard Maw,Blizzard Maw,NO,icon,graphics/pokemon/blizzard_maw/icon.png,https://raw.githubusercontent.com/Elite-Redux/eliteredux-source/8bf8bf062e40724cc07569d84c67763f20e4d00e/graphics/pokemon/blizzard_maw/icon.png
SPECIES_BLIZZARD_MAW,Blizzard Maw,Blizzard Maw,NO,normal_palette,graphics/pokemon/blizzard_maw/normal.pal,https://raw.githubusercontent.com/Elite-Redux/eliteredux-source/8bf8bf062e40724cc07569d84c67763f20e4d00e/graphics/pokemon/blizzard_maw/normal.pal
SPECIES_BLIZZARD_MAW,Blizzard Maw,Blizzard Maw,NO,shiny_palette,graphics/pokemon/blizzard_maw/shiny.pal,https://raw.githubusercontent.com/Elite-Redux/eliteredux-source/8bf8bf062e40724cc07569d84c67763f20e4d00e/graphics/pokemon/blizzard_maw/shiny.pal
SPECIES_BARIONG,Bariong,Bariong,NO,front,graphics/pokemon/bariong/front.png,https://raw.githubusercontent.com/Elite-Redux/eliteredux-source/8bf8bf062e40724cc07569d84c67763f20e4d00e/graphics/pokemon/bariong/front.png
SPECIES_BARIONG,Bariong,Bariong,NO,back,graphics/pokemon/bariong/back.png,https://raw.githubusercontent.com/Elite-Redux/eliteredux-source/8bf8bf062e40724cc07569d84c67763f20e4d00e/graphics/pokemon/bariong/back.png
SPECIES_BARIONG,Bariong,Bariong,NO,icon,graphics/pokemon/bariong/icon.png,https://raw.githubusercontent.com/Elite-Redux/eliteredux-source/8bf8bf062e40724cc07569d84c67763f20e4d00e/graphics/pokemon/bariong/icon.png
SPECIES_BARIONG,Bariong,Bariong,NO,normal_palette,graphics/pokemon/bariong/normal.pal,https://raw.githubusercontent.com/Elite-Redux/eliteredux-source/8bf8bf062e40724cc07569d84c67763f20e4d00e/graphics/pokemon/bariong/normal.pal
SPECIES_BARIONG,Bariong,Bariong,NO,shiny_palette,graphics/pokemon/bariong/shiny.pal,https://raw.githubusercontent.com/Elite-Redux/eliteredux-source/8bf8bf062e40724cc07569d84c67763f20e4d00e/graphics/pokemon/bariong/shiny.pal
SPECIES_BEWARDEN,Bewarden,Bewarden,NO,front,graphics/pokemon/bewarden/front.png,https://raw.githubusercontent.com/Elite-Redux/eliteredux-source/8bf8bf062e40724cc07569d84c67763f20e4d00e/graphics/pokemon/bewarden/front.png
SPECIES_BEWARDEN,Bewarden,Bewarden,NO,back,graphics/pokemon/bewarden/back.png,https://raw.githubusercontent.com/Elite-Redux/eliteredux-source/8bf8bf062e40724cc07569d84c67763f20e4d00e/graphics/pokemon/bewarden/back.png
SPECIES_BEWARDEN,Bewarden,Bewarden,NO,icon,graphics/pokemon/bewarden/icon.png,https://raw.githubusercontent.com/Elite-Redux/eliteredux-source/8bf8bf062e40724cc07569d84c67763f20e4d00e/graphics/pokemon/bewarden/icon.png
SPECIES_BEWARDEN,Bewarden,Bewarden,NO,normal_palette,graphics/pokemon/bewarden/normal.pal,https://raw.githubusercontent.com/Elite-Redux/eliteredux-source/8bf8bf062e40724cc07569d84c67763f20e4d00e/graphics/pokemon/bewarden/normal.pal
SPECIES_BEWARDEN,Bewarden,Bewarden,NO,shiny_palette,graphics/pokemon/bewarden/shiny.pal,https://raw.githubusercontent.com/Elite-Redux/eliteredux-source/8bf8bf062e40724cc07569d84c67763f20e4d00e/graphics/pokemon/bewarden/shiny.pal
SPECIES_BUBBLEO,Bubbleo,Bubbleo,NO,front,graphics/pokemon/bubbleo/front.png,https://raw.githubusercontent.com/Elite-Redux/eliteredux-source/8bf8bf062e40724cc07569d84c67763f20e4d00e/graphics/pokemon/bubbleo/front.png
SPECIES_BUBBLEO,Bubbleo,Bubbleo,NO,back,graphics/pokemon/bubbleo/back.png,https://raw.githubusercontent.com/Elite-Redux/eliteredux-source/8bf8bf062e40724cc07569d84c67763f20e4d00e/graphics/pokemon/bubbleo/back.png
SPECIES_BUBBLEO,Bubbleo,Bubbleo,NO,icon,graphics/pokemon/bubbleo/icon.png,https://raw.githubusercontent.com/Elite-Redux/eliteredux-source/8bf8bf062e40724cc07569d84c67763f20e4d00e/graphics/pokemon/bubbleo/icon.png
SPECIES_BUBBLEO,Bubbleo,Bubbleo,NO,normal_palette,graphics/pokemon/bubbleo/normal.pal,https://raw.githubusercontent.com/Elite-Redux/eliteredux-source/8bf8bf062e40724cc07569d84c67763f20e4d00e/graphics/pokemon/bubbleo/normal.pal
SPECIES_BUBBLEO,Bubbleo,Bubbleo,NO,shiny_palette,graphics/pokemon/bubbleo/shiny.pal,https://raw.githubusercontent.com/Elite-Redux/eliteredux-source/8bf8bf062e40724cc07569d84c67763f20e4d00e/graphics/pokemon/bubbleo/shiny.pal
SPECIES_CASTFORM_SANDY,Castform Sandy,Castform Sandy,NO,front,graphics/pokemon/castform/sandy/front.png,https://raw.githubusercontent.com/Elite-Redux/eliteredux-source/8bf8bf062e40724cc07569d84c67763f20e4d00e/graphics/pokemon/castform/sandy/front.png
SPECIES_CASTFORM_SANDY,Castform Sandy,Castform Sandy,NO,back,graphics/pokemon/castform/sandy/back.png,https://raw.githubusercontent.com/Elite-Redux/eliteredux-source/8bf8bf062e40724cc07569d84c67763f20e4d00e/graphics/pokemon/castform/sandy/back.png
SPECIES_CASTFORM_SANDY,Castform Sandy,Castform Sandy,NO,icon,graphics/pokemon/castform/sandy/icon.png,https://raw.githubusercontent.com/Elite-Redux/eliteredux-source/8bf8bf062e40724cc07569d84c67763f20e4d00e/graphics/pokemon/castform/sandy/icon.png
SPECIES_CASTFORM_SANDY,Castform Sandy,Castform Sandy,NO,normal_palette,graphics/pokemon/castform/sandy/normal.pal,https://raw.githubusercontent.com/Elite-Redux/eliteredux-source/8bf8bf062e40724cc07569d84c67763f20e4d00e/graphics/pokemon/castform/sandy/normal.pal
SPECIES_CASTFORM_SANDY,Castform Sandy,Castform Sandy,NO,shiny_palette,graphics/pokemon/castform/sandy/shiny.pal,https://raw.githubusercontent.com/Elite-Redux/eliteredux-source/8bf8bf062e40724cc07569d84c67763f20e4d00e/graphics/pokemon/castform/sandy/shiny.pal
SPECIES_CASTFORM_FOGGY,Castform Foggy,Castform Foggy,NO,front,graphics/pokemon/castform/foggy/front.png,https://raw.githubusercontent.com/Elite-Redux/eliteredux-source/8bf8bf062e40724cc07569d84c67763f20e4d00e/graphics/pokemon/castform/foggy/front.png
SPECIES_CASTFORM_FOGGY,Castform Foggy,Castform Foggy,NO,back,graphics/pokemon/castform/foggy/back.png,https://raw.githubusercontent.com/Elite-Redux/eliteredux-source/8bf8bf062e40724cc07569d84c67763f20e4d00e/graphics/pokemon/castform/foggy/back.png
SPECIES_CASTFORM_FOGGY,Castform Foggy,Castform Foggy,NO,icon,graphics/pokemon/castform/foggy/icon.png,https://raw.githubusercontent.com/Elite-Redux/eliteredux-source/8bf8bf062e40724cc07569d84c67763f20e4d00e/graphics/pokemon/castform/foggy/icon.png
SPECIES_CASTFORM_FOGGY,Castform Foggy,Castform Foggy,NO,normal_palette,graphics/pokemon/castform/foggy/normal.pal,https://raw.githubusercontent.com/Elite-Redux/eliteredux-source/8bf8bf062e40724cc07569d84c67763f20e4d00e/graphics/pokemon/castform/foggy/normal.pal
SPECIES_CASTFORM_FOGGY,Castform Foggy,Castform Foggy,NO,shiny_palette,graphics/pokemon/castform/foggy/shiny.pal,https://raw.githubusercontent.com/Elite-Redux/eliteredux-source/8bf8bf062e40724cc07569d84c67763f20e4d00e/graphics/pokemon/castform/foggy/shiny.pal
SPECIES_BEEDRILL_MEGA_REDUX,Beedrill Mega Redux,Mega Delta Beedrill,YES,front,graphics/pokemon/beedrill/mega_redux/front.png,https://raw.githubusercontent.com/Elite-Redux/eliteredux-source/8bf8bf062e40724cc07569d84c67763f20e4d00e/graphics/pokemon/beedrill/mega_redux/front.png
SPECIES_BEEDRILL_MEGA_REDUX,Beedrill Mega Redux,Mega Delta Beedrill,YES,back,graphics/pokemon/beedrill/mega_redux/back.png,https://raw.githubusercontent.com/Elite-Redux/eliteredux-source/8bf8bf062e40724cc07569d84c67763f20e4d00e/graphics/pokemon/beedrill/mega_redux/back.png
SPECIES_BEEDRILL_MEGA_REDUX,Beedrill Mega Redux,Mega Delta Beedrill,YES,icon,graphics/pokemon/beedrill/mega_redux/icon.png,https://raw.githubusercontent.com/Elite-Redux/eliteredux-source/8bf8bf062e40724cc07569d84c67763f20e4d00e/graphics/pokemon/beedrill/mega_redux/icon.png
SPECIES_BEEDRILL_MEGA_REDUX,Beedrill Mega Redux,Mega Delta Beedrill,YES,normal_palette,graphics/pokemon/beedrill/mega_redux/normal.pal,https://raw.githubusercontent.com/Elite-Redux/eliteredux-source/8bf8bf062e40724cc07569d84c67763f20e4d00e/graphics/pokemon/beedrill/mega_redux/normal.pal
SPECIES_BEEDRILL_MEGA_REDUX,Beedrill Mega Redux,Mega Delta Beedrill,YES,shiny_palette,graphics/pokemon/beedrill/mega_redux/shiny.pal,https://raw.githubusercontent.com/Elite-Redux/eliteredux-source/8bf8bf062e40724cc07569d84c67763f20e4d00e/graphics/pokemon/beedrill/mega_redux/shiny.pal
SPECIES_CHARIZARD_MEGA_Z,Charizard Mega Z,Charizard Mega Z,NO,front,graphics/pokemon/charizard/mega_z/front.png,https://raw.githubusercontent.com/Elite-Redux/eliteredux-source/8bf8bf062e40724cc07569d84c67763f20e4d00e/graphics/pokemon/charizard/mega_z/front.png
SPECIES_CHARIZARD_MEGA_Z,Charizard Mega Z,Charizard Mega Z,NO,back,graphics/pokemon/charizard/mega_z/back.png,https://raw.githubusercontent.com/Elite-Redux/eliteredux-source/8bf8bf062e40724cc07569d84c67763f20e4d00e/graphics/pokemon/charizard/mega_z/back.png
SPECIES_CHARIZARD_MEGA_Z,Charizard Mega Z,Charizard Mega Z,NO,icon,graphics/pokemon/charizard/mega_z/icon.png,https://raw.githubusercontent.com/Elite-Redux/eliteredux-source/8bf8bf062e40724cc07569d84c67763f20e4d00e/graphics/pokemon/charizard/mega_z/icon.png
SPECIES_CHARIZARD_MEGA_Z,Charizard Mega Z,Charizard Mega Z,NO,normal_palette,graphics/pokemon/charizard/mega_z/normal.pal,https://raw.githubusercontent.com/Elite-Redux/eliteredux-source/8bf8bf062e40724cc07569d84c67763f20e4d00e/graphics/pokemon/charizard/mega_z/normal.pal
SPECIES_CHARIZARD_MEGA_Z,Charizard Mega Z,Charizard Mega Z,NO,shiny_palette,graphics/pokemon/charizard/mega_z/shiny.pal,https://raw.githubusercontent.com/Elite-Redux/eliteredux-source/8bf8bf062e40724cc07569d84c67763f20e4d00e/graphics/pokemon/charizard/mega_z/shiny.pal
SPECIES_CLAWITZER_REDUX,Clawitzer Redux,Delta Clawitzer,YES,front,graphics/pokemon/clawitzer/redux/front.png,https://raw.githubusercontent.com/Elite-Redux/eliteredux-source/8bf8bf062e40724cc07569d84c67763f20e4d00e/graphics/pokemon/clawitzer/redux/front.png
SPECIES_CLAWITZER_REDUX,Clawitzer Redux,Delta Clawitzer,YES,back,graphics/pokemon/clawitzer/redux/back.png,https://raw.githubusercontent.com/Elite-Redux/eliteredux-source/8bf8bf062e40724cc07569d84c67763f20e4d00e/graphics/pokemon/clawitzer/redux/back.png
SPECIES_CLAWITZER_REDUX,Clawitzer Redux,Delta Clawitzer,YES,icon,graphics/pokemon/clawitzer/redux/icon.png,https://raw.githubusercontent.com/Elite-Redux/eliteredux-source/8bf8bf062e40724cc07569d84c67763f20e4d00e/graphics/pokemon/clawitzer/redux/icon.png
SPECIES_CLAWITZER_REDUX,Clawitzer Redux,Delta Clawitzer,YES,normal_palette,graphics/pokemon/clawitzer/redux/normal.pal,https://raw.githubusercontent.com/Elite-Redux/eliteredux-source/8bf8bf062e40724cc07569d84c67763f20e4d00e/graphics/pokemon/clawitzer/redux/normal.pal
SPECIES_CLAWITZER_REDUX,Clawitzer Redux,Delta Clawitzer,YES,shiny_palette,graphics/pokemon/clawitzer/redux/shiny.pal,https://raw.githubusercontent.com/Elite-Redux/eliteredux-source/8bf8bf062e40724cc07569d84c67763f20e4d00e/graphics/pokemon/clawitzer/redux/shiny.pal
SPECIES_BEEDRILL_REDUX,Beedrill Redux,Delta Beedrill,YES,front,graphics/pokemon/beedrill/redux/front.png,https://raw.githubusercontent.com/Elite-Redux/eliteredux-source/8bf8bf062e40724cc07569d84c67763f20e4d00e/graphics/pokemon/beedrill/redux/front.png
SPECIES_BEEDRILL_REDUX,Beedrill Redux,Delta Beedrill,YES,back,graphics/pokemon/beedrill/redux/back.png,https://raw.githubusercontent.com/Elite-Redux/eliteredux-source/8bf8bf062e40724cc07569d84c67763f20e4d00e/graphics/pokemon/beedrill/redux/back.png
SPECIES_BEEDRILL_REDUX,Beedrill Redux,Delta Beedrill,YES,icon,graphics/pokemon/beedrill/redux/icon.png,https://raw.githubusercontent.com/Elite-Redux/eliteredux-source/8bf8bf062e40724cc07569d84c67763f20e4d00e/graphics/pokemon/beedrill/redux/icon.png
SPECIES_BEEDRILL_REDUX,Beedrill Redux,Delta Beedrill,YES,normal_palette,graphics/pokemon/beedrill/redux/normal.pal,https://raw.githubusercontent.com/Elite-Redux/eliteredux-source/8bf8bf062e40724cc07569d84c67763f20e4d00e/graphics/pokemon/beedrill/redux/normal.pal
SPECIES_BEEDRILL_REDUX,Beedrill Redux,Delta Beedrill,YES,shiny_palette,graphics/pokemon/beedrill/redux/shiny.pal,https://raw.githubusercontent.com/Elite-Redux/eliteredux-source/8bf8bf062e40724cc07569d84c67763f20e4d00e/graphics/pokemon/beedrill/redux/shiny.pal
SPECIES_BEWEAR_REDUX,Bewear Redux,Delta Bewear,YES,front,graphics/pokemon/bewear/redux/front.png,https://raw.githubusercontent.com/Elite-Redux/eliteredux-source/8bf8bf062e40724cc07569d84c67763f20e4d00e/graphics/pokemon/bewear/redux/front.png
SPECIES_BEWEAR_REDUX,Bewear Redux,Delta Bewear,YES,back,graphics/pokemon/bewear/redux/back.png,https://raw.githubusercontent.com/Elite-Redux/eliteredux-source/8bf8bf062e40724cc07569d84c67763f20e4d00e/graphics/pokemon/bewear/redux/back.png
SPECIES_BEWEAR_REDUX,Bewear Redux,Delta Bewear,YES,icon,graphics/pokemon/bewear/redux/icon.png,https://raw.githubusercontent.com/Elite-Redux/eliteredux-source/8bf8bf062e40724cc07569d84c67763f20e4d00e/graphics/pokemon/bewear/redux/icon.png
SPECIES_BEWEAR_REDUX,Bewear Redux,Delta Bewear,YES,normal_palette,graphics/pokemon/bewear/redux/normal.pal,https://raw.githubusercontent.com/Elite-Redux/eliteredux-source/8bf8bf062e40724cc07569d84c67763f20e4d00e/graphics/pokemon/bewear/redux/normal.pal
SPECIES_BEWEAR_REDUX,Bewear Redux,Delta Bewear,YES,shiny_palette,graphics/pokemon/bewear/redux/shiny.pal,https://raw.githubusercontent.com/Elite-Redux/eliteredux-source/8bf8bf062e40724cc07569d84c67763f20e4d00e/graphics/pokemon/bewear/redux/shiny.pal
SPECIES_BUIZEL_REDUX,Buizel Redux,Delta Buizel,YES,front,graphics/pokemon/buizel/redux/front.png,https://raw.githubusercontent.com/Elite-Redux/eliteredux-source/8bf8bf062e40724cc07569d84c67763f20e4d00e/graphics/pokemon/buizel/redux/front.png
SPECIES_BUIZEL_REDUX,Buizel Redux,Delta Buizel,YES,back,graphics/pokemon/buizel/redux/back.png,https://raw.githubusercontent.com/Elite-Redux/eliteredux-source/8bf8bf062e40724cc07569d84c67763f20e4d00e/graphics/pokemon/buizel/redux/back.png
SPECIES_BUIZEL_REDUX,Buizel Redux,Delta Buizel,YES,icon,graphics/pokemon/buizel/redux/icon.png,https://raw.githubusercontent.com/Elite-Redux/eliteredux-source/8bf8bf062e40724cc07569d84c67763f20e4d00e/graphics/pokemon/buizel/redux/icon.png
SPECIES_BUIZEL_REDUX,Buizel Redux,Delta Buizel,YES,normal_palette,graphics/pokemon/buizel/redux/normal.pal,https://raw.githubusercontent.com/Elite-Redux/eliteredux-source/8bf8bf062e40724cc07569d84c67763f20e4d00e/graphics/pokemon/buizel/redux/normal.pal
SPECIES_BUIZEL_REDUX,Buizel Redux,Delta Buizel,YES,shiny_palette,graphics/pokemon/buizel/redux/shiny.pal,https://raw.githubusercontent.com/Elite-Redux/eliteredux-source/8bf8bf062e40724cc07569d84c67763f20e4d00e/graphics/pokemon/buizel/redux/shiny.pal
SPECIES_AZELF_REDUX,Azelf Redux,Delta Azelf,YES,front,graphics/pokemon/azelf/redux/front.png,https://raw.githubusercontent.com/Elite-Redux/eliteredux-source/8bf8bf062e40724cc07569d84c67763f20e4d00e/graphics/pokemon/azelf/redux/front.png
SPECIES_AZELF_REDUX,Azelf Redux,Delta Azelf,YES,back,graphics/pokemon/azelf/redux/back.png,https://raw.githubusercontent.com/Elite-Redux/eliteredux-source/8bf8bf062e40724cc07569d84c67763f20e4d00e/graphics/pokemon/azelf/redux/back.png
SPECIES_AZELF_REDUX,Azelf Redux,Delta Azelf,YES,icon,graphics/pokemon/azelf/redux/icon.png,https://raw.githubusercontent.com/Elite-Redux/eliteredux-source/8bf8bf062e40724cc07569d84c67763f20e4d00e/graphics/pokemon/azelf/redux/icon.png
SPECIES_AZELF_REDUX,Azelf Redux,Delta Azelf,YES,normal_palette,graphics/pokemon/azelf/redux/normal.pal,https://raw.githubusercontent.com/Elite-Redux/eliteredux-source/8bf8bf062e40724cc07569d84c67763f20e4d00e/graphics/pokemon/azelf/redux/normal.pal
SPECIES_AZELF_REDUX,Azelf Redux,Delta Azelf,YES,shiny_palette,graphics/pokemon/azelf/redux/shiny.pal,https://raw.githubusercontent.com/Elite-Redux/eliteredux-source/8bf8bf062e40724cc07569d84c67763f20e4d00e/graphics/pokemon/azelf/redux/shiny.pal
SPECIES_BISHARP_REDUX,Bisharp Redux,Delta Bisharp,YES,front,graphics/pokemon/bisharp/redux/front.png,https://raw.githubusercontent.com/Elite-Redux/eliteredux-source/8bf8bf062e40724cc07569d84c67763f20e4d00e/graphics/pokemon/bisharp/redux/front.png
SPECIES_BISHARP_REDUX,Bisharp Redux,Delta Bisharp,YES,back,graphics/pokemon/bisharp/redux/back.png,https://raw.githubusercontent.com/Elite-Redux/eliteredux-source/8bf8bf062e40724cc07569d84c67763f20e4d00e/graphics/pokemon/bisharp/redux/back.png
SPECIES_BISHARP_REDUX,Bisharp Redux,Delta Bisharp,YES,icon,graphics/pokemon/bisharp/redux/icon.png,https://raw.githubusercontent.com/Elite-Redux/eliteredux-source/8bf8bf062e40724cc07569d84c67763f20e4d00e/graphics/pokemon/bisharp/redux/icon.png
SPECIES_BISHARP_REDUX,Bisharp Redux,Delta Bisharp,YES,normal_palette,graphics/pokemon/bisharp/redux/normal.pal,https://raw.githubusercontent.com/Elite-Redux/eliteredux-source/8bf8bf062e40724cc07569d84c67763f20e4d00e/graphics/pokemon/bisharp/redux/normal.pal
SPECIES_BISHARP_REDUX,Bisharp Redux,Delta Bisharp,YES,shiny_palette,graphics/pokemon/bisharp/redux/shiny.pal,https://raw.githubusercontent.com/Elite-Redux/eliteredux-source/8bf8bf062e40724cc07569d84c67763f20e4d00e/graphics/pokemon/bisharp/redux/shiny.pal
SPECIES_BEWEAR_ANGRY,Bewear Angry,Bewear Angry,NO,front,graphics/pokemon/bewear/angry/front.png,https://raw.githubusercontent.com/Elite-Redux/eliteredux-source/8bf8bf062e40724cc07569d84c67763f20e4d00e/graphics/pokemon/bewear/angry/front.png
SPECIES_BEWEAR_ANGRY,Bewear Angry,Bewear Angry,NO,back,graphics/pokemon/bewear/angry/back.png,https://raw.githubusercontent.com/Elite-Redux/eliteredux-source/8bf8bf062e40724cc07569d84c67763f20e4d00e/graphics/pokemon/bewear/angry/back.png
SPECIES_BEWEAR_ANGRY,Bewear Angry,Bewear Angry,NO,icon,graphics/pokemon/bewear/angry/icon.png,https://raw.githubusercontent.com/Elite-Redux/eliteredux-source/8bf8bf062e40724cc07569d84c67763f20e4d00e/graphics/pokemon/bewear/angry/icon.png
SPECIES_BEWEAR_ANGRY,Bewear Angry,Bewear Angry,NO,normal_palette,graphics/pokemon/bewear/angry/normal.pal,https://raw.githubusercontent.com/Elite-Redux/eliteredux-source/8bf8bf062e40724cc07569d84c67763f20e4d00e/graphics/pokemon/bewear/angry/normal.pal
SPECIES_BEWEAR_ANGRY,Bewear Angry,Bewear Angry,NO,shiny_palette,graphics/pokemon/bewear/angry/shiny.pal,https://raw.githubusercontent.com/Elite-Redux/eliteredux-source/8bf8bf062e40724cc07569d84c67763f20e4d00e/graphics/pokemon/bewear/angry/shiny.pal
SPECIES_CHIMCHAR_REDUX,Chimchar Redux,Delta Chimchar,YES,front,graphics/pokemon/chimchar/redux/front.png,https://raw.githubusercontent.com/Elite-Redux/eliteredux-source/8bf8bf062e40724cc07569d84c67763f20e4d00e/graphics/pokemon/chimchar/redux/front.png
SPECIES_CHIMCHAR_REDUX,Chimchar Redux,Delta Chimchar,YES,back,graphics/pokemon/chimchar/redux/back.png,https://raw.githubusercontent.com/Elite-Redux/eliteredux-source/8bf8bf062e40724cc07569d84c67763f20e4d00e/graphics/pokemon/chimchar/redux/back.png
SPECIES_CHIMCHAR_REDUX,Chimchar Redux,Delta Chimchar,YES,icon,graphics/pokemon/chimchar/redux/icon.png,https://raw.githubusercontent.com/Elite-Redux/eliteredux-source/8bf8bf062e40724cc07569d84c67763f20e4d00e/graphics/pokemon/chimchar/redux/icon.png
SPECIES_CHIMCHAR_REDUX,Chimchar Redux,Delta Chimchar,YES,normal_palette,graphics/pokemon/chimchar/redux/normal.pal,https://raw.githubusercontent.com/Elite-Redux/eliteredux-source/8bf8bf062e40724cc07569d84c67763f20e4d00e/graphics/pokemon/chimchar/redux/normal.pal
SPECIES_CHIMCHAR_REDUX,Chimchar Redux,Delta Chimchar,YES,shiny_palette,graphics/pokemon/chimchar/redux/shiny.pal,https://raw.githubusercontent.com/Elite-Redux/eliteredux-source/8bf8bf062e40724cc07569d84c67763f20e4d00e/graphics/pokemon/chimchar/redux/shiny.pal
SPECIES_BOUNSWEET_REDUX,Bounsweet Redux,Delta Bounsweet,YES,front,graphics/pokemon/bounsweet/redux/front.png,https://raw.githubusercontent.com/Elite-Redux/eliteredux-source/8bf8bf062e40724cc07569d84c67763f20e4d00e/graphics/pokemon/bounsweet/redux/front.png
SPECIES_BOUNSWEET_REDUX,Bounsweet Redux,Delta Bounsweet,YES,back,graphics/pokemon/bounsweet/redux/back.png,https://raw.githubusercontent.com/Elite-Redux/eliteredux-source/8bf8bf062e40724cc07569d84c67763f20e4d00e/graphics/pokemon/bounsweet/redux/back.png
SPECIES_BOUNSWEET_REDUX,Bounsweet Redux,Delta Bounsweet,YES,icon,graphics/pokemon/bounsweet/redux/icon.png,https://raw.githubusercontent.com/Elite-Redux/eliteredux-source/8bf8bf062e40724cc07569d84c67763f20e4d00e/graphics/pokemon/bounsweet/redux/icon.png
SPECIES_BOUNSWEET_REDUX,Bounsweet Redux,Delta Bounsweet,YES,normal_palette,graphics/pokemon/bounsweet/redux/normal.pal,https://raw.githubusercontent.com/Elite-Redux/eliteredux-source/8bf8bf062e40724cc07569d84c67763f20e4d00e/graphics/pokemon/bounsweet/redux/normal.pal
SPECIES_BOUNSWEET_REDUX,Bounsweet Redux,Delta Bounsweet,YES,shiny_palette,graphics/pokemon/bounsweet/redux/shiny.pal,https://raw.githubusercontent.com/Elite-Redux/eliteredux-source/8bf8bf062e40724cc07569d84c67763f20e4d00e/graphics/pokemon/bounsweet/redux/shiny.pal
SPECIES_CLEFABLE_REDUX,Clefable Redux,Delta Clefable,YES,front,graphics/pokemon/clefable/redux/front.png,https://raw.githubusercontent.com/Elite-Redux/eliteredux-source/8bf8bf062e40724cc07569d84c67763f20e4d00e/graphics/pokemon/clefable/redux/front.png
SPECIES_CLEFABLE_REDUX,Clefable Redux,Delta Clefable,YES,back,graphics/pokemon/clefable/redux/back.png,https://raw.githubusercontent.com/Elite-Redux/eliteredux-source/8bf8bf062e40724cc07569d84c67763f20e4d00e/graphics/pokemon/clefable/redux/back.png
SPECIES_CLEFABLE_REDUX,Clefable Redux,Delta Clefable,YES,icon,graphics/pokemon/clefable/redux/icon.png,https://raw.githubusercontent.com/Elite-Redux/eliteredux-source/8bf8bf062e40724cc07569d84c67763f20e4d00e/graphics/pokemon/clefable/redux/icon.png
SPECIES_CLEFABLE_REDUX,Clefable Redux,Delta Clefable,YES,normal_palette,graphics/pokemon/clefable/redux/normal.pal,https://raw.githubusercontent.com/Elite-Redux/eliteredux-source/8bf8bf062e40724cc07569d84c67763f20e4d00e/graphics/pokemon/clefable/redux/normal.pal
SPECIES_CLEFABLE_REDUX,Clefable Redux,Delta Clefable,YES,shiny_palette,graphics/pokemon/clefable/redux/shiny.pal,https://raw.githubusercontent.com/Elite-Redux/eliteredux-source/8bf8bf062e40724cc07569d84c67763f20e4d00e/graphics/pokemon/clefable/redux/shiny.pal
SPECIES_CORM,Corm,Corm,NO,front,graphics/pokemon/corm/front.png,https://raw.githubusercontent.com/Elite-Redux/eliteredux-source/8bf8bf062e40724cc07569d84c67763f20e4d00e/graphics/pokemon/corm/front.png
SPECIES_CORM,Corm,Corm,NO,back,graphics/pokemon/corm/back.png,https://raw.githubusercontent.com/Elite-Redux/eliteredux-source/8bf8bf062e40724cc07569d84c67763f20e4d00e/graphics/pokemon/corm/back.png
SPECIES_CORM,Corm,Corm,NO,icon,graphics/pokemon/corm/icon.png,https://raw.githubusercontent.com/Elite-Redux/eliteredux-source/8bf8bf062e40724cc07569d84c67763f20e4d00e/graphics/pokemon/corm/icon.png
SPECIES_CORM,Corm,Corm,NO,normal_palette,graphics/pokemon/corm/normal.pal,https://raw.githubusercontent.com/Elite-Redux/eliteredux-source/8bf8bf062e40724cc07569d84c67763f20e4d00e/graphics/pokemon/corm/normal.pal
SPECIES_CORM,Corm,Corm,NO,shiny_palette,graphics/pokemon/corm/shiny.pal,https://raw.githubusercontent.com/Elite-Redux/eliteredux-source/8bf8bf062e40724cc07569d84c67763f20e4d00e/graphics/pokemon/corm/shiny.pal
SPECIES_CORMOTH,Cormoth,Cormoth,NO,front,graphics/pokemon/cormoth/front.png,https://raw.githubusercontent.com/Elite-Redux/eliteredux-source/8bf8bf062e40724cc07569d84c67763f20e4d00e/graphics/pokemon/cormoth/front.png
SPECIES_CORMOTH,Cormoth,Cormoth,NO,back,graphics/pokemon/cormoth/back.png,https://raw.githubusercontent.com/Elite-Redux/eliteredux-source/8bf8bf062e40724cc07569d84c67763f20e4d00e/graphics/pokemon/cormoth/back.png
SPECIES_CORMOTH,Cormoth,Cormoth,NO,icon,graphics/pokemon/cormoth/icon.png,https://raw.githubusercontent.com/Elite-Redux/eliteredux-source/8bf8bf062e40724cc07569d84c67763f20e4d00e/graphics/pokemon/cormoth/icon.png
SPECIES_CORMOTH,Cormoth,Cormoth,NO,normal_palette,graphics/pokemon/cormoth/normal.pal,https://raw.githubusercontent.com/Elite-Redux/eliteredux-source/8bf8bf062e40724cc07569d84c67763f20e4d00e/graphics/pokemon/cormoth/normal.pal
SPECIES_CORMOTH,Cormoth,Cormoth,NO,shiny_palette,graphics/pokemon/cormoth/shiny.pal,https://raw.githubusercontent.com/Elite-Redux/eliteredux-source/8bf8bf062e40724cc07569d84c67763f20e4d00e/graphics/pokemon/cormoth/shiny.pal
SPECIES_CRAWDAUNTLES,Crawdauntles,Crawdauntles,NO,front,graphics/pokemon/crawdauntles/front.png,https://raw.githubusercontent.com/Elite-Redux/eliteredux-source/8bf8bf062e40724cc07569d84c67763f20e4d00e/graphics/pokemon/crawdauntles/front.png
SPECIES_CRAWDAUNTLES,Crawdauntles,Crawdauntles,NO,back,graphics/pokemon/crawdauntles/back.png,https://raw.githubusercontent.com/Elite-Redux/eliteredux-source/8bf8bf062e40724cc07569d84c67763f20e4d00e/graphics/pokemon/crawdauntles/back.png
SPECIES_CRAWDAUNTLES,Crawdauntles,Crawdauntles,NO,icon,graphics/pokemon/crawdauntles/icon.png,https://raw.githubusercontent.com/Elite-Redux/eliteredux-source/8bf8bf062e40724cc07569d84c67763f20e4d00e/graphics/pokemon/crawdauntles/icon.png
SPECIES_CRAWDAUNTLES,Crawdauntles,Crawdauntles,NO,normal_palette,graphics/pokemon/crawdauntles/normal.pal,https://raw.githubusercontent.com/Elite-Redux/eliteredux-source/8bf8bf062e40724cc07569d84c67763f20e4d00e/graphics/pokemon/crawdauntles/normal.pal
SPECIES_CRAWDAUNTLES,Crawdauntles,Crawdauntles,NO,shiny_palette,graphics/pokemon/crawdauntles/shiny.pal,https://raw.githubusercontent.com/Elite-Redux/eliteredux-source/8bf8bf062e40724cc07569d84c67763f20e4d00e/graphics/pokemon/crawdauntles/shiny.pal
SPECIES_CLEFABLE_REDUX_MEGA,Clefable Redux Mega,Mega Delta Clefable,YES,front,graphics/pokemon/clefable/redux_mega/front.png,https://raw.githubusercontent.com/Elite-Redux/eliteredux-source/8bf8bf062e40724cc07569d84c67763f20e4d00e/graphics/pokemon/clefable/redux_mega/front.png
SPECIES_CLEFABLE_REDUX_MEGA,Clefable Redux Mega,Mega Delta Clefable,YES,back,graphics/pokemon/clefable/redux_mega/back.png,https://raw.githubusercontent.com/Elite-Redux/eliteredux-source/8bf8bf062e40724cc07569d84c67763f20e4d00e/graphics/pokemon/clefable/redux_mega/back.png
SPECIES_CLEFABLE_REDUX_MEGA,Clefable Redux Mega,Mega Delta Clefable,YES,icon,graphics/pokemon/clefable/redux_mega/icon.png,https://raw.githubusercontent.com/Elite-Redux/eliteredux-source/8bf8bf062e40724cc07569d84c67763f20e4d00e/graphics/pokemon/clefable/redux_mega/icon.png
SPECIES_CLEFABLE_REDUX_MEGA,Clefable Redux Mega,Mega Delta Clefable,YES,normal_palette,graphics/pokemon/clefable/redux_mega/normal.pal,https://raw.githubusercontent.com/Elite-Redux/eliteredux-source/8bf8bf062e40724cc07569d84c67763f20e4d00e/graphics/pokemon/clefable/redux_mega/normal.pal
SPECIES_CLEFABLE_REDUX_MEGA,Clefable Redux Mega,Mega Delta Clefable,YES,shiny_palette,graphics/pokemon/clefable/redux_mega/shiny.pal,https://raw.githubusercontent.com/Elite-Redux/eliteredux-source/8bf8bf062e40724cc07569d84c67763f20e4d00e/graphics/pokemon/clefable/redux_mega/shiny.pal
SPECIES_DOUBLADE_REDUX,Doublade Redux,Delta Doublade,YES,front,graphics/pokemon/doublade/redux/front.png,https://raw.githubusercontent.com/Elite-Redux/eliteredux-source/8bf8bf062e40724cc07569d84c67763f20e4d00e/graphics/pokemon/doublade/redux/front.png
SPECIES_DOUBLADE_REDUX,Doublade Redux,Delta Doublade,YES,back,graphics/pokemon/doublade/redux/back.png,https://raw.githubusercontent.com/Elite-Redux/eliteredux-source/8bf8bf062e40724cc07569d84c67763f20e4d00e/graphics/pokemon/doublade/redux/back.png
SPECIES_DOUBLADE_REDUX,Doublade Redux,Delta Doublade,YES,icon,graphics/pokemon/doublade/redux/icon.png,https://raw.githubusercontent.com/Elite-Redux/eliteredux-source/8bf8bf062e40724cc07569d84c67763f20e4d00e/graphics/pokemon/doublade/redux/icon.png
SPECIES_DOUBLADE_REDUX,Doublade Redux,Delta Doublade,YES,normal_palette,graphics/pokemon/doublade/redux/normal.pal,https://raw.githubusercontent.com/Elite-Redux/eliteredux-source/8bf8bf062e40724cc07569d84c67763f20e4d00e/graphics/pokemon/doublade/redux/normal.pal
SPECIES_DOUBLADE_REDUX,Doublade Redux,Delta Doublade,YES,shiny_palette,graphics/pokemon/doublade/redux/shiny.pal,https://raw.githubusercontent.com/Elite-Redux/eliteredux-source/8bf8bf062e40724cc07569d84c67763f20e4d00e/graphics/pokemon/doublade/redux/shiny.pal
SPECIES_DEINO_REDUX,Deino Redux,Delta Deino,YES,front,graphics/pokemon/deino/redux/front.png,https://raw.githubusercontent.com/Elite-Redux/eliteredux-source/8bf8bf062e40724cc07569d84c67763f20e4d00e/graphics/pokemon/deino/redux/front.png
SPECIES_DEINO_REDUX,Deino Redux,Delta Deino,YES,back,graphics/pokemon/deino/redux/back.png,https://raw.githubusercontent.com/Elite-Redux/eliteredux-source/8bf8bf062e40724cc07569d84c67763f20e4d00e/graphics/pokemon/deino/redux/back.png
SPECIES_DEINO_REDUX,Deino Redux,Delta Deino,YES,icon,graphics/pokemon/deino/redux/icon.png,https://raw.githubusercontent.com/Elite-Redux/eliteredux-source/8bf8bf062e40724cc07569d84c67763f20e4d00e/graphics/pokemon/deino/redux/icon.png
SPECIES_DEINO_REDUX,Deino Redux,Delta Deino,YES,normal_palette,graphics/pokemon/deino/redux/normal.pal,https://raw.githubusercontent.com/Elite-Redux/eliteredux-source/8bf8bf062e40724cc07569d84c67763f20e4d00e/graphics/pokemon/deino/redux/normal.pal
SPECIES_DEINO_REDUX,Deino Redux,Delta Deino,YES,shiny_palette,graphics/pokemon/deino/redux/shiny.pal,https://raw.githubusercontent.com/Elite-Redux/eliteredux-source/8bf8bf062e40724cc07569d84c67763f20e4d00e/graphics/pokemon/deino/redux/shiny.pal
SPECIES_DODUO_REDUX,Doduo Redux,Delta Doduo,YES,front,graphics/pokemon/doduo/redux/front.png,https://raw.githubusercontent.com/Elite-Redux/eliteredux-source/8bf8bf062e40724cc07569d84c67763f20e4d00e/graphics/pokemon/doduo/redux/front.png
SPECIES_DODUO_REDUX,Doduo Redux,Delta Doduo,YES,back,graphics/pokemon/doduo/redux/back.png,https://raw.githubusercontent.com/Elite-Redux/eliteredux-source/8bf8bf062e40724cc07569d84c67763f20e4d00e/graphics/pokemon/doduo/redux/back.png
SPECIES_DODUO_REDUX,Doduo Redux,Delta Doduo,YES,icon,graphics/pokemon/doduo/redux/icon.png,https://raw.githubusercontent.com/Elite-Redux/eliteredux-source/8bf8bf062e40724cc07569d84c67763f20e4d00e/graphics/pokemon/doduo/redux/icon.png
SPECIES_DODUO_REDUX,Doduo Redux,Delta Doduo,YES,normal_palette,graphics/pokemon/doduo/redux/normal.pal,https://raw.githubusercontent.com/Elite-Redux/eliteredux-source/8bf8bf062e40724cc07569d84c67763f20e4d00e/graphics/pokemon/doduo/redux/normal.pal
SPECIES_DODUO_REDUX,Doduo Redux,Delta Doduo,YES,shiny_palette,graphics/pokemon/doduo/redux/shiny.pal,https://raw.githubusercontent.com/Elite-Redux/eliteredux-source/8bf8bf062e40724cc07569d84c67763f20e4d00e/graphics/pokemon/doduo/redux/shiny.pal
SPECIES_DODRIO_REDUX,Dodrio Redux,Delta Dodrio,YES,front,graphics/pokemon/dodrio/redux/front.png,https://raw.githubusercontent.com/Elite-Redux/eliteredux-source/8bf8bf062e40724cc07569d84c67763f20e4d00e/graphics/pokemon/dodrio/redux/front.png
SPECIES_DODRIO_REDUX,Dodrio Redux,Delta Dodrio,YES,back,graphics/pokemon/dodrio/redux/back.png,https://raw.githubusercontent.com/Elite-Redux/eliteredux-source/8bf8bf062e40724cc07569d84c67763f20e4d00e/graphics/pokemon/dodrio/redux/back.png
SPECIES_DODRIO_REDUX,Dodrio Redux,Delta Dodrio,YES,icon,graphics/pokemon/dodrio/redux/icon.png,https://raw.githubusercontent.com/Elite-Redux/eliteredux-source/8bf8bf062e40724cc07569d84c67763f20e4d00e/graphics/pokemon/dodrio/redux/icon.png
SPECIES_DODRIO_REDUX,Dodrio Redux,Delta Dodrio,YES,normal_palette,graphics/pokemon/dodrio/redux/normal.pal,https://raw.githubusercontent.com/Elite-Redux/eliteredux-source/8bf8bf062e40724cc07569d84c67763f20e4d00e/graphics/pokemon/dodrio/redux/normal.pal
SPECIES_DODRIO_REDUX,Dodrio Redux,Delta Dodrio,YES,shiny_palette,graphics/pokemon/dodrio/redux/shiny.pal,https://raw.githubusercontent.com/Elite-Redux/eliteredux-source/8bf8bf062e40724cc07569d84c67763f20e4d00e/graphics/pokemon/dodrio/redux/shiny.pal
SPECIES_CRABRAWLER_REDUX,Crabrawler Redux,Delta Crabrawler,YES,front,graphics/pokemon/crabrawler/redux/front.png,https://raw.githubusercontent.com/Elite-Redux/eliteredux-source/8bf8bf062e40724cc07569d84c67763f20e4d00e/graphics/pokemon/crabrawler/redux/front.png
SPECIES_CRABRAWLER_REDUX,Crabrawler Redux,Delta Crabrawler,YES,back,graphics/pokemon/crabrawler/redux/back.png,https://raw.githubusercontent.com/Elite-Redux/eliteredux-source/8bf8bf062e40724cc07569d84c67763f20e4d00e/graphics/pokemon/crabrawler/redux/back.png
SPECIES_CRABRAWLER_REDUX,Crabrawler Redux,Delta Crabrawler,YES,icon,graphics/pokemon/crabrawler/redux/icon.png,https://raw.githubusercontent.com/Elite-Redux/eliteredux-source/8bf8bf062e40724cc07569d84c67763f20e4d00e/graphics/pokemon/crabrawler/redux/icon.png
SPECIES_CRABRAWLER_REDUX,Crabrawler Redux,Delta Crabrawler,YES,normal_palette,graphics/pokemon/crabrawler/redux/normal.pal,https://raw.githubusercontent.com/Elite-Redux/eliteredux-source/8bf8bf062e40724cc07569d84c67763f20e4d00e/graphics/pokemon/crabrawler/redux/normal.pal
SPECIES_CRABRAWLER_REDUX,Crabrawler Redux,Delta Crabrawler,YES,shiny_palette,graphics/pokemon/crabrawler/redux/shiny.pal,https://raw.githubusercontent.com/Elite-Redux/eliteredux-source/8bf8bf062e40724cc07569d84c67763f20e4d00e/graphics/pokemon/crabrawler/redux/shiny.pal
SPECIES_CRABOMINABLE_REDUX,Crabominable Redux,Delta Crabominable,YES,front,graphics/pokemon/crabominable/redux/front.png,https://raw.githubusercontent.com/Elite-Redux/eliteredux-source/8bf8bf062e40724cc07569d84c67763f20e4d00e/graphics/pokemon/crabominable/redux/front.png
SPECIES_CRABOMINABLE_REDUX,Crabominable Redux,Delta Crabominable,YES,back,graphics/pokemon/crabominable/redux/back.png,https://raw.githubusercontent.com/Elite-Redux/eliteredux-source/8bf8bf062e40724cc07569d84c67763f20e4d00e/graphics/pokemon/crabominable/redux/back.png
SPECIES_CRABOMINABLE_REDUX,Crabominable Redux,Delta Crabominable,YES,icon,graphics/pokemon/crabominable/redux/icon.png,https://raw.githubusercontent.com/Elite-Redux/eliteredux-source/8bf8bf062e40724cc07569d84c67763f20e4d00e/graphics/pokemon/crabominable/redux/icon.png
SPECIES_CRABOMINABLE_REDUX,Crabominable Redux,Delta Crabominable,YES,normal_palette,graphics/pokemon/crabominable/redux/normal.pal,https://raw.githubusercontent.com/Elite-Redux/eliteredux-source/8bf8bf062e40724cc07569d84c67763f20e4d00e/graphics/pokemon/crabominable/redux/normal.pal
SPECIES_CRABOMINABLE_REDUX,Crabominable Redux,Delta Crabominable,YES,shiny_palette,graphics/pokemon/crabominable/redux/shiny.pal,https://raw.githubusercontent.com/Elite-Redux/eliteredux-source/8bf8bf062e40724cc07569d84c67763f20e4d00e/graphics/pokemon/crabominable/redux/shiny.pal
SPECIES_CLEFFA_REDUX,Cleffa Redux,Delta Cleffa,YES,front,graphics/pokemon/cleffa/redux/front.png,https://raw.githubusercontent.com/Elite-Redux/eliteredux-source/8bf8bf062e40724cc07569d84c67763f20e4d00e/graphics/pokemon/cleffa/redux/front.png
SPECIES_CLEFFA_REDUX,Cleffa Redux,Delta Cleffa,YES,back,graphics/pokemon/cleffa/redux/back.png,https://raw.githubusercontent.com/Elite-Redux/eliteredux-source/8bf8bf062e40724cc07569d84c67763f20e4d00e/graphics/pokemon/cleffa/redux/back.png
SPECIES_CLEFFA_REDUX,Cleffa Redux,Delta Cleffa,YES,icon,graphics/pokemon/cleffa/redux/icon.png,https://raw.githubusercontent.com/Elite-Redux/eliteredux-source/8bf8bf062e40724cc07569d84c67763f20e4d00e/graphics/pokemon/cleffa/redux/icon.png
SPECIES_CLEFFA_REDUX,Cleffa Redux,Delta Cleffa,YES,normal_palette,graphics/pokemon/cleffa/redux/normal.pal,https://raw.githubusercontent.com/Elite-Redux/eliteredux-source/8bf8bf062e40724cc07569d84c67763f20e4d00e/graphics/pokemon/cleffa/redux/normal.pal
SPECIES_CLEFFA_REDUX,Cleffa Redux,Delta Cleffa,YES,shiny_palette,graphics/pokemon/cleffa/redux/shiny.pal,https://raw.githubusercontent.com/Elite-Redux/eliteredux-source/8bf8bf062e40724cc07569d84c67763f20e4d00e/graphics/pokemon/cleffa/redux/shiny.pal
SPECIES_CLEFAIRY_REDUX,Clefairy Redux,Delta Clefairy,YES,front,graphics/pokemon/clefairy/redux/front.png,https://raw.githubusercontent.com/Elite-Redux/eliteredux-source/8bf8bf062e40724cc07569d84c67763f20e4d00e/graphics/pokemon/clefairy/redux/front.png
SPECIES_CLEFAIRY_REDUX,Clefairy Redux,Delta Clefairy,YES,back,graphics/pokemon/clefairy/redux/back.png,https://raw.githubusercontent.com/Elite-Redux/eliteredux-source/8bf8bf062e40724cc07569d84c67763f20e4d00e/graphics/pokemon/clefairy/redux/back.png
SPECIES_CLEFAIRY_REDUX,Clefairy Redux,Delta Clefairy,YES,icon,graphics/pokemon/clefairy/redux/icon.png,https://raw.githubusercontent.com/Elite-Redux/eliteredux-source/8bf8bf062e40724cc07569d84c67763f20e4d00e/graphics/pokemon/clefairy/redux/icon.png
SPECIES_CLEFAIRY_REDUX,Clefairy Redux,Delta Clefairy,YES,normal_palette,graphics/pokemon/clefairy/redux/normal.pal,https://raw.githubusercontent.com/Elite-Redux/eliteredux-source/8bf8bf062e40724cc07569d84c67763f20e4d00e/graphics/pokemon/clefairy/redux/normal.pal
SPECIES_CLEFAIRY_REDUX,Clefairy Redux,Delta Clefairy,YES,shiny_palette,graphics/pokemon/clefairy/redux/shiny.pal,https://raw.githubusercontent.com/Elite-Redux/eliteredux-source/8bf8bf062e40724cc07569d84c67763f20e4d00e/graphics/pokemon/clefairy/redux/shiny.pal
SPECIES_DEWGONG_REDUX,Dewgong Redux,Delta Dewgong,YES,front,graphics/pokemon/dewgong/redux/front.png,https://raw.githubusercontent.com/Elite-Redux/eliteredux-source/8bf8bf062e40724cc07569d84c67763f20e4d00e/graphics/pokemon/dewgong/redux/front.png
SPECIES_DEWGONG_REDUX,Dewgong Redux,Delta Dewgong,YES,back,graphics/pokemon/dewgong/redux/back.png,https://raw.githubusercontent.com/Elite-Redux/eliteredux-source/8bf8bf062e40724cc07569d84c67763f20e4d00e/graphics/pokemon/dewgong/redux/back.png
SPECIES_DEWGONG_REDUX,Dewgong Redux,Delta Dewgong,YES,icon,graphics/pokemon/dewgong/redux/icon.png,https://raw.githubusercontent.com/Elite-Redux/eliteredux-source/8bf8bf062e40724cc07569d84c67763f20e4d00e/graphics/pokemon/dewgong/redux/icon.png
SPECIES_DEWGONG_REDUX,Dewgong Redux,Delta Dewgong,YES,normal_palette,graphics/pokemon/dewgong/redux/normal.pal,https://raw.githubusercontent.com/Elite-Redux/eliteredux-source/8bf8bf062e40724cc07569d84c67763f20e4d00e/graphics/pokemon/dewgong/redux/normal.pal
SPECIES_DEWGONG_REDUX,Dewgong Redux,Delta Dewgong,YES,shiny_palette,graphics/pokemon/dewgong/redux/shiny.pal,https://raw.githubusercontent.com/Elite-Redux/eliteredux-source/8bf8bf062e40724cc07569d84c67763f20e4d00e/graphics/pokemon/dewgong/redux/shiny.pal
SPECIES_DARUMAKA_REDUX,Darumaka Redux,Delta Darumaka,YES,front,graphics/pokemon/darumaka/redux/front.png,https://raw.githubusercontent.com/Elite-Redux/eliteredux-source/8bf8bf062e40724cc07569d84c67763f20e4d00e/graphics/pokemon/darumaka/redux/front.png
SPECIES_DARUMAKA_REDUX,Darumaka Redux,Delta Darumaka,YES,back,graphics/pokemon/darumaka/redux/back.png,https://raw.githubusercontent.com/Elite-Redux/eliteredux-source/8bf8bf062e40724cc07569d84c67763f20e4d00e/graphics/pokemon/darumaka/redux/back.png
SPECIES_DARUMAKA_REDUX,Darumaka Redux,Delta Darumaka,YES,icon,graphics/pokemon/darumaka/redux/icon.png,https://raw.githubusercontent.com/Elite-Redux/eliteredux-source/8bf8bf062e40724cc07569d84c67763f20e4d00e/graphics/pokemon/darumaka/redux/icon.png
SPECIES_DARUMAKA_REDUX,Darumaka Redux,Delta Darumaka,YES,normal_palette,graphics/pokemon/darumaka/redux/normal.pal,https://raw.githubusercontent.com/Elite-Redux/eliteredux-source/8bf8bf062e40724cc07569d84c67763f20e4d00e/graphics/pokemon/darumaka/redux/normal.pal
SPECIES_DARUMAKA_REDUX,Darumaka Redux,Delta Darumaka,YES,shiny_palette,graphics/pokemon/darumaka/redux/shiny.pal,https://raw.githubusercontent.com/Elite-Redux/eliteredux-source/8bf8bf062e40724cc07569d84c67763f20e4d00e/graphics/pokemon/darumaka/redux/shiny.pal
SPECIES_DARMANITAN_REDUX,Darmanitan Redux,Delta Darmanitan,YES,front,graphics/pokemon/darmanitan/redux/front.png,https://raw.githubusercontent.com/Elite-Redux/eliteredux-source/8bf8bf062e40724cc07569d84c67763f20e4d00e/graphics/pokemon/darmanitan/redux/front.png
SPECIES_DARMANITAN_REDUX,Darmanitan Redux,Delta Darmanitan,YES,back,graphics/pokemon/darmanitan/redux/back.png,https://raw.githubusercontent.com/Elite-Redux/eliteredux-source/8bf8bf062e40724cc07569d84c67763f20e4d00e/graphics/pokemon/darmanitan/redux/back.png
SPECIES_DARMANITAN_REDUX,Darmanitan Redux,Delta Darmanitan,YES,icon,graphics/pokemon/darmanitan/redux/icon.png,https://raw.githubusercontent.com/Elite-Redux/eliteredux-source/8bf8bf062e40724cc07569d84c67763f20e4d00e/graphics/pokemon/darmanitan/redux/icon.png
SPECIES_DARMANITAN_REDUX,Darmanitan Redux,Delta Darmanitan,YES,normal_palette,graphics/pokemon/darmanitan/redux/normal.pal,https://raw.githubusercontent.com/Elite-Redux/eliteredux-source/8bf8bf062e40724cc07569d84c67763f20e4d00e/graphics/pokemon/darmanitan/redux/normal.pal
SPECIES_DARMANITAN_REDUX,Darmanitan Redux,Delta Darmanitan,YES,shiny_palette,graphics/pokemon/darmanitan/redux/shiny.pal,https://raw.githubusercontent.com/Elite-Redux/eliteredux-source/8bf8bf062e40724cc07569d84c67763f20e4d00e/graphics/pokemon/darmanitan/redux/shiny.pal
SPECIES_DUELUMBER,Duelumber,Duelumber,NO,front,graphics/pokemon/duelumber/front.png,https://raw.githubusercontent.com/Elite-Redux/eliteredux-source/8bf8bf062e40724cc07569d84c67763f20e4d00e/graphics/pokemon/duelumber/front.png
SPECIES_DUELUMBER,Duelumber,Duelumber,NO,back,graphics/pokemon/duelumber/back.png,https://raw.githubusercontent.com/Elite-Redux/eliteredux-source/8bf8bf062e40724cc07569d84c67763f20e4d00e/graphics/pokemon/duelumber/back.png
SPECIES_DUELUMBER,Duelumber,Duelumber,NO,icon,graphics/pokemon/duelumber/icon.png,https://raw.githubusercontent.com/Elite-Redux/eliteredux-source/8bf8bf062e40724cc07569d84c67763f20e4d00e/graphics/pokemon/duelumber/icon.png
SPECIES_DUELUMBER,Duelumber,Duelumber,NO,normal_palette,graphics/pokemon/duelumber/normal.pal,https://raw.githubusercontent.com/Elite-Redux/eliteredux-source/8bf8bf062e40724cc07569d84c67763f20e4d00e/graphics/pokemon/duelumber/normal.pal
SPECIES_DUELUMBER,Duelumber,Duelumber,NO,shiny_palette,graphics/pokemon/duelumber/shiny.pal,https://raw.githubusercontent.com/Elite-Redux/eliteredux-source/8bf8bf062e40724cc07569d84c67763f20e4d00e/graphics/pokemon/duelumber/shiny.pal
SPECIES_ESCARGINITE,Escarginite,Escarginite,NO,front,graphics/pokemon/escarginite/front.png,https://raw.githubusercontent.com/Elite-Redux/eliteredux-source/8bf8bf062e40724cc07569d84c67763f20e4d00e/graphics/pokemon/escarginite/front.png
SPECIES_ESCARGINITE,Escarginite,Escarginite,NO,back,graphics/pokemon/escarginite/back.png,https://raw.githubusercontent.com/Elite-Redux/eliteredux-source/8bf8bf062e40724cc07569d84c67763f20e4d00e/graphics/pokemon/escarginite/back.png
SPECIES_ESCARGINITE,Escarginite,Escarginite,NO,icon,graphics/pokemon/escarginite/icon.png,https://raw.githubusercontent.com/Elite-Redux/eliteredux-source/8bf8bf062e40724cc07569d84c67763f20e4d00e/graphics/pokemon/escarginite/icon.png
SPECIES_ESCARGINITE,Escarginite,Escarginite,NO,normal_palette,graphics/pokemon/escarginite/normal.pal,https://raw.githubusercontent.com/Elite-Redux/eliteredux-source/8bf8bf062e40724cc07569d84c67763f20e4d00e/graphics/pokemon/escarginite/normal.pal
SPECIES_ESCARGINITE,Escarginite,Escarginite,NO,shiny_palette,graphics/pokemon/escarginite/shiny.pal,https://raw.githubusercontent.com/Elite-Redux/eliteredux-source/8bf8bf062e40724cc07569d84c67763f20e4d00e/graphics/pokemon/escarginite/shiny.pal
SPECIES_FLAIRGRANCE,Flairgrance,Flairgrance,NO,front,graphics/pokemon/flairgrance/front.png,https://raw.githubusercontent.com/Elite-Redux/eliteredux-source/8bf8bf062e40724cc07569d84c67763f20e4d00e/graphics/pokemon/flairgrance/front.png
SPECIES_FLAIRGRANCE,Flairgrance,Flairgrance,NO,back,graphics/pokemon/flairgrance/back.png,https://raw.githubusercontent.com/Elite-Redux/eliteredux-source/8bf8bf062e40724cc07569d84c67763f20e4d00e/graphics/pokemon/flairgrance/back.png
SPECIES_FLAIRGRANCE,Flairgrance,Flairgrance,NO,icon,graphics/pokemon/flairgrance/icon.png,https://raw.githubusercontent.com/Elite-Redux/eliteredux-source/8bf8bf062e40724cc07569d84c67763f20e4d00e/graphics/pokemon/flairgrance/icon.png
SPECIES_FLAIRGRANCE,Flairgrance,Flairgrance,NO,normal_palette,graphics/pokemon/flairgrance/normal.pal,https://raw.githubusercontent.com/Elite-Redux/eliteredux-source/8bf8bf062e40724cc07569d84c67763f20e4d00e/graphics/pokemon/flairgrance/normal.pal
SPECIES_FLAIRGRANCE,Flairgrance,Flairgrance,NO,shiny_palette,graphics/pokemon/flairgrance/shiny.pal,https://raw.githubusercontent.com/Elite-Redux/eliteredux-source/8bf8bf062e40724cc07569d84c67763f20e4d00e/graphics/pokemon/flairgrance/shiny.pal
SPECIES_DREADNAUT,Dreadnaut,Dreadnaut,NO,front,graphics/pokemon/dreadnaut/front.png,https://raw.githubusercontent.com/Elite-Redux/eliteredux-source/8bf8bf062e40724cc07569d84c67763f20e4d00e/graphics/pokemon/dreadnaut/front.png
SPECIES_DREADNAUT,Dreadnaut,Dreadnaut,NO,back,graphics/pokemon/dreadnaut/back.png,https://raw.githubusercontent.com/Elite-Redux/eliteredux-source/8bf8bf062e40724cc07569d84c67763f20e4d00e/graphics/pokemon/dreadnaut/back.png
SPECIES_DREADNAUT,Dreadnaut,Dreadnaut,NO,icon,graphics/pokemon/dreadnaut/icon.png,https://raw.githubusercontent.com/Elite-Redux/eliteredux-source/8bf8bf062e40724cc07569d84c67763f20e4d00e/graphics/pokemon/dreadnaut/icon.png
SPECIES_DREADNAUT,Dreadnaut,Dreadnaut,NO,normal_palette,graphics/pokemon/dreadnaut/normal.pal,https://raw.githubusercontent.com/Elite-Redux/eliteredux-source/8bf8bf062e40724cc07569d84c67763f20e4d00e/graphics/pokemon/dreadnaut/normal.pal
SPECIES_DREADNAUT,Dreadnaut,Dreadnaut,NO,shiny_palette,graphics/pokemon/dreadnaut/shiny.pal,https://raw.githubusercontent.com/Elite-Redux/eliteredux-source/8bf8bf062e40724cc07569d84c67763f20e4d00e/graphics/pokemon/dreadnaut/shiny.pal
SPECIES_DREDWOOD,Dredwood,Dredwood,NO,front,graphics/pokemon/dredwood/front.png,https://raw.githubusercontent.com/Elite-Redux/eliteredux-source/8bf8bf062e40724cc07569d84c67763f20e4d00e/graphics/pokemon/dredwood/front.png
SPECIES_DREDWOOD,Dredwood,Dredwood,NO,back,graphics/pokemon/dredwood/back.png,https://raw.githubusercontent.com/Elite-Redux/eliteredux-source/8bf8bf062e40724cc07569d84c67763f20e4d00e/graphics/pokemon/dredwood/back.png
SPECIES_DREDWOOD,Dredwood,Dredwood,NO,icon,graphics/pokemon/dredwood/icon.png,https://raw.githubusercontent.com/Elite-Redux/eliteredux-source/8bf8bf062e40724cc07569d84c67763f20e4d00e/graphics/pokemon/dredwood/icon.png
SPECIES_DREDWOOD,Dredwood,Dredwood,NO,normal_palette,graphics/pokemon/dredwood/normal.pal,https://raw.githubusercontent.com/Elite-Redux/eliteredux-source/8bf8bf062e40724cc07569d84c67763f20e4d00e/graphics/pokemon/dredwood/normal.pal
SPECIES_DREDWOOD,Dredwood,Dredwood,NO,shiny_palette,graphics/pokemon/dredwood/shiny.pal,https://raw.githubusercontent.com/Elite-Redux/eliteredux-source/8bf8bf062e40724cc07569d84c67763f20e4d00e/graphics/pokemon/dredwood/shiny.pal
SPECIES_FLUFFBEE,Fluffbee,Fluffbee,NO,front,graphics/pokemon/fluffbee/front.png,https://raw.githubusercontent.com/Elite-Redux/eliteredux-source/8bf8bf062e40724cc07569d84c67763f20e4d00e/graphics/pokemon/fluffbee/front.png
SPECIES_FLUFFBEE,Fluffbee,Fluffbee,NO,back,graphics/pokemon/fluffbee/back.png,https://raw.githubusercontent.com/Elite-Redux/eliteredux-source/8bf8bf062e40724cc07569d84c67763f20e4d00e/graphics/pokemon/fluffbee/back.png
SPECIES_FLUFFBEE,Fluffbee,Fluffbee,NO,icon,graphics/pokemon/fluffbee/icon.png,https://raw.githubusercontent.com/Elite-Redux/eliteredux-source/8bf8bf062e40724cc07569d84c67763f20e4d00e/graphics/pokemon/fluffbee/icon.png
SPECIES_FLUFFBEE,Fluffbee,Fluffbee,NO,normal_palette,graphics/pokemon/fluffbee/normal.pal,https://raw.githubusercontent.com/Elite-Redux/eliteredux-source/8bf8bf062e40724cc07569d84c67763f20e4d00e/graphics/pokemon/fluffbee/normal.pal
SPECIES_FLUFFBEE,Fluffbee,Fluffbee,NO,shiny_palette,graphics/pokemon/fluffbee/shiny.pal,https://raw.githubusercontent.com/Elite-Redux/eliteredux-source/8bf8bf062e40724cc07569d84c67763f20e4d00e/graphics/pokemon/fluffbee/shiny.pal
SPECIES_EMPOLEON_REDUX_MEGA,Empoleon Redux Mega,Mega Delta Empoleon,YES,front,graphics/pokemon/empoleon/redux_mega/front.png,https://raw.githubusercontent.com/Elite-Redux/eliteredux-source/8bf8bf062e40724cc07569d84c67763f20e4d00e/graphics/pokemon/empoleon/redux_mega/front.png
SPECIES_EMPOLEON_REDUX_MEGA,Empoleon Redux Mega,Mega Delta Empoleon,YES,back,graphics/pokemon/empoleon/redux_mega/back.png,https://raw.githubusercontent.com/Elite-Redux/eliteredux-source/8bf8bf062e40724cc07569d84c67763f20e4d00e/graphics/pokemon/empoleon/redux_mega/back.png
SPECIES_EMPOLEON_REDUX_MEGA,Empoleon Redux Mega,Mega Delta Empoleon,YES,icon,graphics/pokemon/empoleon/redux_mega/icon.png,https://raw.githubusercontent.com/Elite-Redux/eliteredux-source/8bf8bf062e40724cc07569d84c67763f20e4d00e/graphics/pokemon/empoleon/redux_mega/icon.png
SPECIES_EMPOLEON_REDUX_MEGA,Empoleon Redux Mega,Mega Delta Empoleon,YES,normal_palette,graphics/pokemon/empoleon/redux_mega/normal.pal,https://raw.githubusercontent.com/Elite-Redux/eliteredux-source/8bf8bf062e40724cc07569d84c67763f20e4d00e/graphics/pokemon/empoleon/redux_mega/normal.pal
SPECIES_EMPOLEON_REDUX_MEGA,Empoleon Redux Mega,Mega Delta Empoleon,YES,shiny_palette,graphics/pokemon/empoleon/redux_mega/shiny.pal,https://raw.githubusercontent.com/Elite-Redux/eliteredux-source/8bf8bf062e40724cc07569d84c67763f20e4d00e/graphics/pokemon/empoleon/redux_mega/shiny.pal
SPECIES_FLYGON_REDUX_MEGA,Flygon Redux Mega,Mega Delta Flygon,YES,front,graphics/pokemon/flygon/redux_mega/front.png,https://raw.githubusercontent.com/Elite-Redux/eliteredux-source/8bf8bf062e40724cc07569d84c67763f20e4d00e/graphics/pokemon/flygon/redux_mega/front.png
SPECIES_FLYGON_REDUX_MEGA,Flygon Redux Mega,Mega Delta Flygon,YES,back,graphics/pokemon/flygon/redux_mega/back.png,https://raw.githubusercontent.com/Elite-Redux/eliteredux-source/8bf8bf062e40724cc07569d84c67763f20e4d00e/graphics/pokemon/flygon/redux_mega/back.png
SPECIES_FLYGON_REDUX_MEGA,Flygon Redux Mega,Mega Delta Flygon,YES,icon,graphics/pokemon/flygon/redux_mega/icon.png,https://raw.githubusercontent.com/Elite-Redux/eliteredux-source/8bf8bf062e40724cc07569d84c67763f20e4d00e/graphics/pokemon/flygon/redux_mega/icon.png
SPECIES_FLYGON_REDUX_MEGA,Flygon Redux Mega,Mega Delta Flygon,YES,normal_palette,graphics/pokemon/flygon/redux_mega/normal.pal,https://raw.githubusercontent.com/Elite-Redux/eliteredux-source/8bf8bf062e40724cc07569d84c67763f20e4d00e/graphics/pokemon/flygon/redux_mega/normal.pal
SPECIES_FLYGON_REDUX_MEGA,Flygon Redux Mega,Mega Delta Flygon,YES,shiny_palette,graphics/pokemon/flygon/redux_mega/shiny.pal,https://raw.githubusercontent.com/Elite-Redux/eliteredux-source/8bf8bf062e40724cc07569d84c67763f20e4d00e/graphics/pokemon/flygon/redux_mega/shiny.pal
SPECIES_FLOATZEL_REDUX,Floatzel Redux,Delta Floatzel,YES,front,graphics/pokemon/floatzel/redux/front.png,https://raw.githubusercontent.com/Elite-Redux/eliteredux-source/8bf8bf062e40724cc07569d84c67763f20e4d00e/graphics/pokemon/floatzel/redux/front.png
SPECIES_FLOATZEL_REDUX,Floatzel Redux,Delta Floatzel,YES,back,graphics/pokemon/floatzel/redux/back.png,https://raw.githubusercontent.com/Elite-Redux/eliteredux-source/8bf8bf062e40724cc07569d84c67763f20e4d00e/graphics/pokemon/floatzel/redux/back.png
SPECIES_FLOATZEL_REDUX,Floatzel Redux,Delta Floatzel,YES,icon,graphics/pokemon/floatzel/redux/icon.png,https://raw.githubusercontent.com/Elite-Redux/eliteredux-source/8bf8bf062e40724cc07569d84c67763f20e4d00e/graphics/pokemon/floatzel/redux/icon.png
SPECIES_FLOATZEL_REDUX,Floatzel Redux,Delta Floatzel,YES,normal_palette,graphics/pokemon/floatzel/redux/normal.pal,https://raw.githubusercontent.com/Elite-Redux/eliteredux-source/8bf8bf062e40724cc07569d84c67763f20e4d00e/graphics/pokemon/floatzel/redux/normal.pal
SPECIES_FLOATZEL_REDUX,Floatzel Redux,Delta Floatzel,YES,shiny_palette,graphics/pokemon/floatzel/redux/shiny.pal,https://raw.githubusercontent.com/Elite-Redux/eliteredux-source/8bf8bf062e40724cc07569d84c67763f20e4d00e/graphics/pokemon/floatzel/redux/shiny.pal
SPECIES_DUOSION_REDUX,Duosion Redux,Delta Duosion,YES,front,graphics/pokemon/duosion/redux/front.png,https://raw.githubusercontent.com/Elite-Redux/eliteredux-source/8bf8bf062e40724cc07569d84c67763f20e4d00e/graphics/pokemon/duosion/redux/front.png
SPECIES_DUOSION_REDUX,Duosion Redux,Delta Duosion,YES,back,graphics/pokemon/duosion/redux/back.png,https://raw.githubusercontent.com/Elite-Redux/eliteredux-source/8bf8bf062e40724cc07569d84c67763f20e4d00e/graphics/pokemon/duosion/redux/back.png
SPECIES_DUOSION_REDUX,Duosion Redux,Delta Duosion,YES,icon,graphics/pokemon/duosion/redux/icon.png,https://raw.githubusercontent.com/Elite-Redux/eliteredux-source/8bf8bf062e40724cc07569d84c67763f20e4d00e/graphics/pokemon/duosion/redux/icon.png
SPECIES_DUOSION_REDUX,Duosion Redux,Delta Duosion,YES,normal_palette,graphics/pokemon/duosion/redux/normal.pal,https://raw.githubusercontent.com/Elite-Redux/eliteredux-source/8bf8bf062e40724cc07569d84c67763f20e4d00e/graphics/pokemon/duosion/redux/normal.pal
SPECIES_DUOSION_REDUX,Duosion Redux,Delta Duosion,YES,shiny_palette,graphics/pokemon/duosion/redux/shiny.pal,https://raw.githubusercontent.com/Elite-Redux/eliteredux-source/8bf8bf062e40724cc07569d84c67763f20e4d00e/graphics/pokemon/duosion/redux/shiny.pal
SPECIES_EXPLOUD_REDUX,Exploud Redux,Delta Exploud,YES,front,graphics/pokemon/exploud/redux/front.png,https://raw.githubusercontent.com/Elite-Redux/eliteredux-source/8bf8bf062e40724cc07569d84c67763f20e4d00e/graphics/pokemon/exploud/redux/front.png
SPECIES_EXPLOUD_REDUX,Exploud Redux,Delta Exploud,YES,back,graphics/pokemon/exploud/redux/back.png,https://raw.githubusercontent.com/Elite-Redux/eliteredux-source/8bf8bf062e40724cc07569d84c67763f20e4d00e/graphics/pokemon/exploud/redux/back.png
SPECIES_EXPLOUD_REDUX,Exploud Redux,Delta Exploud,YES,icon,graphics/pokemon/exploud/redux/icon.png,https://raw.githubusercontent.com/Elite-Redux/eliteredux-source/8bf8bf062e40724cc07569d84c67763f20e4d00e/graphics/pokemon/exploud/redux/icon.png
SPECIES_EXPLOUD_REDUX,Exploud Redux,Delta Exploud,YES,normal_palette,graphics/pokemon/exploud/redux/normal.pal,https://raw.githubusercontent.com/Elite-Redux/eliteredux-source/8bf8bf062e40724cc07569d84c67763f20e4d00e/graphics/pokemon/exploud/redux/normal.pal
SPECIES_EXPLOUD_REDUX,Exploud Redux,Delta Exploud,YES,shiny_palette,graphics/pokemon/exploud/redux/shiny.pal,https://raw.githubusercontent.com/Elite-Redux/eliteredux-source/8bf8bf062e40724cc07569d84c67763f20e4d00e/graphics/pokemon/exploud/redux/shiny.pal
SPECIES_ESCARGINITE_REDUX,Escarginite Redux,Delta Escarginite,YES,front,graphics/pokemon/escarginite/redux/front.png,https://raw.githubusercontent.com/Elite-Redux/eliteredux-source/8bf8bf062e40724cc07569d84c67763f20e4d00e/graphics/pokemon/escarginite/redux/front.png
SPECIES_ESCARGINITE_REDUX,Escarginite Redux,Delta Escarginite,YES,back,graphics/pokemon/escarginite/redux/back.png,https://raw.githubusercontent.com/Elite-Redux/eliteredux-source/8bf8bf062e40724cc07569d84c67763f20e4d00e/graphics/pokemon/escarginite/redux/back.png
SPECIES_ESCARGINITE_REDUX,Escarginite Redux,Delta Escarginite,YES,icon,graphics/pokemon/escarginite/redux/icon.png,https://raw.githubusercontent.com/Elite-Redux/eliteredux-source/8bf8bf062e40724cc07569d84c67763f20e4d00e/graphics/pokemon/escarginite/redux/icon.png
SPECIES_ESCARGINITE_REDUX,Escarginite Redux,Delta Escarginite,YES,normal_palette,graphics/pokemon/escarginite/redux/normal.pal,https://raw.githubusercontent.com/Elite-Redux/eliteredux-source/8bf8bf062e40724cc07569d84c67763f20e4d00e/graphics/pokemon/escarginite/redux/normal.pal
SPECIES_ESCARGINITE_REDUX,Escarginite Redux,Delta Escarginite,YES,shiny_palette,graphics/pokemon/escarginite/redux/shiny.pal,https://raw.githubusercontent.com/Elite-Redux/eliteredux-source/8bf8bf062e40724cc07569d84c67763f20e4d00e/graphics/pokemon/escarginite/redux/shiny.pal
SPECIES_EMPOLEON_REDUX,Empoleon Redux,Delta Empoleon,YES,front,graphics/pokemon/empoleon/redux/front.png,https://raw.githubusercontent.com/Elite-Redux/eliteredux-source/8bf8bf062e40724cc07569d84c67763f20e4d00e/graphics/pokemon/empoleon/redux/front.png
SPECIES_EMPOLEON_REDUX,Empoleon Redux,Delta Empoleon,YES,back,graphics/pokemon/empoleon/redux/back.png,https://raw.githubusercontent.com/Elite-Redux/eliteredux-source/8bf8bf062e40724cc07569d84c67763f20e4d00e/graphics/pokemon/empoleon/redux/back.png
SPECIES_EMPOLEON_REDUX,Empoleon Redux,Delta Empoleon,YES,icon,graphics/pokemon/empoleon/redux/icon.png,https://raw.githubusercontent.com/Elite-Redux/eliteredux-source/8bf8bf062e40724cc07569d84c67763f20e4d00e/graphics/pokemon/empoleon/redux/icon.png
SPECIES_EMPOLEON_REDUX,Empoleon Redux,Delta Empoleon,YES,normal_palette,graphics/pokemon/empoleon/redux/normal.pal,https://raw.githubusercontent.com/Elite-Redux/eliteredux-source/8bf8bf062e40724cc07569d84c67763f20e4d00e/graphics/pokemon/empoleon/redux/normal.pal
SPECIES_EMPOLEON_REDUX,Empoleon Redux,Delta Empoleon,YES,shiny_palette,graphics/pokemon/empoleon/redux/shiny.pal,https://raw.githubusercontent.com/Elite-Redux/eliteredux-source/8bf8bf062e40724cc07569d84c67763f20e4d00e/graphics/pokemon/empoleon/redux/shiny.pal
SPECIES_FLYGON_REDUX,Flygon Redux,Delta Flygon,YES,front,graphics/pokemon/flygon/redux/front.png,https://raw.githubusercontent.com/Elite-Redux/eliteredux-source/8bf8bf062e40724cc07569d84c67763f20e4d00e/graphics/pokemon/flygon/redux/front.png
SPECIES_FLYGON_REDUX,Flygon Redux,Delta Flygon,YES,back,graphics/pokemon/flygon/redux/back.png,https://raw.githubusercontent.com/Elite-Redux/eliteredux-source/8bf8bf062e40724cc07569d84c67763f20e4d00e/graphics/pokemon/flygon/redux/back.png
SPECIES_FLYGON_REDUX,Flygon Redux,Delta Flygon,YES,icon,graphics/pokemon/flygon/redux/icon.png,https://raw.githubusercontent.com/Elite-Redux/eliteredux-source/8bf8bf062e40724cc07569d84c67763f20e4d00e/graphics/pokemon/flygon/redux/icon.png
SPECIES_FLYGON_REDUX,Flygon Redux,Delta Flygon,YES,normal_palette,graphics/pokemon/flygon/redux/normal.pal,https://raw.githubusercontent.com/Elite-Redux/eliteredux-source/8bf8bf062e40724cc07569d84c67763f20e4d00e/graphics/pokemon/flygon/redux/normal.pal
SPECIES_FLYGON_REDUX,Flygon Redux,Delta Flygon,YES,shiny_palette,graphics/pokemon/flygon/redux/shiny.pal,https://raw.githubusercontent.com/Elite-Redux/eliteredux-source/8bf8bf062e40724cc07569d84c67763f20e4d00e/graphics/pokemon/flygon/redux/shiny.pal
SPECIES_FROSLASS_REDUX,Froslass Redux,Delta Froslass,YES,front,graphics/pokemon/froslass/redux/front.png,https://raw.githubusercontent.com/Elite-Redux/eliteredux-source/8bf8bf062e40724cc07569d84c67763f20e4d00e/graphics/pokemon/froslass/redux/front.png
SPECIES_FROSLASS_REDUX,Froslass Redux,Delta Froslass,YES,back,graphics/pokemon/froslass/redux/back.png,https://raw.githubusercontent.com/Elite-Redux/eliteredux-source/8bf8bf062e40724cc07569d84c67763f20e4d00e/graphics/pokemon/froslass/redux/back.png
SPECIES_FROSLASS_REDUX,Froslass Redux,Delta Froslass,YES,icon,graphics/pokemon/froslass/redux/icon.png,https://raw.githubusercontent.com/Elite-Redux/eliteredux-source/8bf8bf062e40724cc07569d84c67763f20e4d00e/graphics/pokemon/froslass/redux/icon.png
SPECIES_FROSLASS_REDUX,Froslass Redux,Delta Froslass,YES,normal_palette,graphics/pokemon/froslass/redux/normal.pal,https://raw.githubusercontent.com/Elite-Redux/eliteredux-source/8bf8bf062e40724cc07569d84c67763f20e4d00e/graphics/pokemon/froslass/redux/normal.pal
SPECIES_FROSLASS_REDUX,Froslass Redux,Delta Froslass,YES,shiny_palette,graphics/pokemon/froslass/redux/shiny.pal,https://raw.githubusercontent.com/Elite-Redux/eliteredux-source/8bf8bf062e40724cc07569d84c67763f20e4d00e/graphics/pokemon/froslass/redux/shiny.pal
SPECIES_HELIOSUNNY,Heliosunny,Heliosunny,NO,front,graphics/pokemon/heliosunny/front.png,https://raw.githubusercontent.com/Elite-Redux/eliteredux-source/8bf8bf062e40724cc07569d84c67763f20e4d00e/graphics/pokemon/heliosunny/front.png
SPECIES_HELIOSUNNY,Heliosunny,Heliosunny,NO,back,graphics/pokemon/heliosunny/back.png,https://raw.githubusercontent.com/Elite-Redux/eliteredux-source/8bf8bf062e40724cc07569d84c67763f20e4d00e/graphics/pokemon/heliosunny/back.png
SPECIES_HELIOSUNNY,Heliosunny,Heliosunny,NO,icon,graphics/pokemon/heliosunny/icon.png,https://raw.githubusercontent.com/Elite-Redux/eliteredux-source/8bf8bf062e40724cc07569d84c67763f20e4d00e/graphics/pokemon/heliosunny/icon.png
SPECIES_HELIOSUNNY,Heliosunny,Heliosunny,NO,normal_palette,graphics/pokemon/heliosunny/normal.pal,https://raw.githubusercontent.com/Elite-Redux/eliteredux-source/8bf8bf062e40724cc07569d84c67763f20e4d00e/graphics/pokemon/heliosunny/normal.pal
SPECIES_HELIOSUNNY,Heliosunny,Heliosunny,NO,shiny_palette,graphics/pokemon/heliosunny/shiny.pal,https://raw.githubusercontent.com/Elite-Redux/eliteredux-source/8bf8bf062e40724cc07569d84c67763f20e4d00e/graphics/pokemon/heliosunny/shiny.pal
SPECIES_GOOSCHASE,Gooschase,Gooschase,NO,front,graphics/pokemon/gooschase/front.png,https://raw.githubusercontent.com/Elite-Redux/eliteredux-source/8bf8bf062e40724cc07569d84c67763f20e4d00e/graphics/pokemon/gooschase/front.png
SPECIES_GOOSCHASE,Gooschase,Gooschase,NO,back,graphics/pokemon/gooschase/back.png,https://raw.githubusercontent.com/Elite-Redux/eliteredux-source/8bf8bf062e40724cc07569d84c67763f20e4d00e/graphics/pokemon/gooschase/back.png
SPECIES_GOOSCHASE,Gooschase,Gooschase,NO,icon,graphics/pokemon/gooschase/icon.png,https://raw.githubusercontent.com/Elite-Redux/eliteredux-source/8bf8bf062e40724cc07569d84c67763f20e4d00e/graphics/pokemon/gooschase/icon.png
SPECIES_GOOSCHASE,Gooschase,Gooschase,NO,normal_palette,graphics/pokemon/gooschase/normal.pal,https://raw.githubusercontent.com/Elite-Redux/eliteredux-source/8bf8bf062e40724cc07569d84c67763f20e4d00e/graphics/pokemon/gooschase/normal.pal
SPECIES_GOOSCHASE,Gooschase,Gooschase,NO,shiny_palette,graphics/pokemon/gooschase/shiny.pal,https://raw.githubusercontent.com/Elite-Redux/eliteredux-source/8bf8bf062e40724cc07569d84c67763f20e4d00e/graphics/pokemon/gooschase/shiny.pal
SPECIES_GYARADEATH,Gyaradeath,Gyaradeath,NO,front,graphics/pokemon/gyaradeath/front.png,https://raw.githubusercontent.com/Elite-Redux/eliteredux-source/8bf8bf062e40724cc07569d84c67763f20e4d00e/graphics/pokemon/gyaradeath/front.png
SPECIES_GYARADEATH,Gyaradeath,Gyaradeath,NO,back,graphics/pokemon/gyaradeath/back.png,https://raw.githubusercontent.com/Elite-Redux/eliteredux-source/8bf8bf062e40724cc07569d84c67763f20e4d00e/graphics/pokemon/gyaradeath/back.png
SPECIES_GYARADEATH,Gyaradeath,Gyaradeath,NO,icon,graphics/pokemon/gyaradeath/icon.png,https://raw.githubusercontent.com/Elite-Redux/eliteredux-source/8bf8bf062e40724cc07569d84c67763f20e4d00e/graphics/pokemon/gyaradeath/icon.png
SPECIES_GYARADEATH,Gyaradeath,Gyaradeath,NO,normal_palette,graphics/pokemon/gyaradeath/normal.pal,https://raw.githubusercontent.com/Elite-Redux/eliteredux-source/8bf8bf062e40724cc07569d84c67763f20e4d00e/graphics/pokemon/gyaradeath/normal.pal
SPECIES_GYARADEATH,Gyaradeath,Gyaradeath,NO,shiny_palette,graphics/pokemon/gyaradeath/shiny.pal,https://raw.githubusercontent.com/Elite-Redux/eliteredux-source/8bf8bf062e40724cc07569d84c67763f20e4d00e/graphics/pokemon/gyaradeath/shiny.pal
SPECIES_GRANITUN,Granitun,Granitun,NO,front,graphics/pokemon/granitun/front.png,https://raw.githubusercontent.com/Elite-Redux/eliteredux-source/8bf8bf062e40724cc07569d84c67763f20e4d00e/graphics/pokemon/granitun/front.png
SPECIES_GRANITUN,Granitun,Granitun,NO,back,graphics/pokemon/granitun/back.png,https://raw.githubusercontent.com/Elite-Redux/eliteredux-source/8bf8bf062e40724cc07569d84c67763f20e4d00e/graphics/pokemon/granitun/back.png
SPECIES_GRANITUN,Granitun,Granitun,NO,icon,graphics/pokemon/granitun/icon.png,https://raw.githubusercontent.com/Elite-Redux/eliteredux-source/8bf8bf062e40724cc07569d84c67763f20e4d00e/graphics/pokemon/granitun/icon.png
SPECIES_GRANITUN,Granitun,Granitun,NO,normal_palette,graphics/pokemon/granitun/normal.pal,https://raw.githubusercontent.com/Elite-Redux/eliteredux-source/8bf8bf062e40724cc07569d84c67763f20e4d00e/graphics/pokemon/granitun/normal.pal
SPECIES_GRANITUN,Granitun,Granitun,NO,shiny_palette,graphics/pokemon/granitun/shiny.pal,https://raw.githubusercontent.com/Elite-Redux/eliteredux-source/8bf8bf062e40724cc07569d84c67763f20e4d00e/graphics/pokemon/granitun/shiny.pal
SPECIES_FUJIFLAP,Fujiflap,Fujiflap,NO,front,graphics/pokemon/fujiflap/front.png,https://raw.githubusercontent.com/Elite-Redux/eliteredux-source/8bf8bf062e40724cc07569d84c67763f20e4d00e/graphics/pokemon/fujiflap/front.png
SPECIES_FUJIFLAP,Fujiflap,Fujiflap,NO,back,graphics/pokemon/fujiflap/back.png,https://raw.githubusercontent.com/Elite-Redux/eliteredux-source/8bf8bf062e40724cc07569d84c67763f20e4d00e/graphics/pokemon/fujiflap/back.png
SPECIES_FUJIFLAP,Fujiflap,Fujiflap,NO,icon,graphics/pokemon/fujiflap/icon.png,https://raw.githubusercontent.com/Elite-Redux/eliteredux-source/8bf8bf062e40724cc07569d84c67763f20e4d00e/graphics/pokemon/fujiflap/icon.png
SPECIES_FUJIFLAP,Fujiflap,Fujiflap,NO,normal_palette,graphics/pokemon/fujiflap/normal.pal,https://raw.githubusercontent.com/Elite-Redux/eliteredux-source/8bf8bf062e40724cc07569d84c67763f20e4d00e/graphics/pokemon/fujiflap/normal.pal
SPECIES_FUJIFLAP,Fujiflap,Fujiflap,NO,shiny_palette,graphics/pokemon/fujiflap/shiny.pal,https://raw.githubusercontent.com/Elite-Redux/eliteredux-source/8bf8bf062e40724cc07569d84c67763f20e4d00e/graphics/pokemon/fujiflap/shiny.pal
SPECIES_GARCHOMP_MEGA_REDUX,Garchomp Mega Redux,Mega Delta Garchomp,YES,front,graphics/pokemon/garchomp/mega_redux/front.png,https://raw.githubusercontent.com/Elite-Redux/eliteredux-source/8bf8bf062e40724cc07569d84c67763f20e4d00e/graphics/pokemon/garchomp/mega_redux/front.png
SPECIES_GARCHOMP_MEGA_REDUX,Garchomp Mega Redux,Mega Delta Garchomp,YES,back,graphics/pokemon/garchomp/mega_redux/back.png,https://raw.githubusercontent.com/Elite-Redux/eliteredux-source/8bf8bf062e40724cc07569d84c67763f20e4d00e/graphics/pokemon/garchomp/mega_redux/back.png
SPECIES_GARCHOMP_MEGA_REDUX,Garchomp Mega Redux,Mega Delta Garchomp,YES,icon,graphics/pokemon/garchomp/mega_redux/icon.png,https://raw.githubusercontent.com/Elite-Redux/eliteredux-source/8bf8bf062e40724cc07569d84c67763f20e4d00e/graphics/pokemon/garchomp/mega_redux/icon.png
SPECIES_GARCHOMP_MEGA_REDUX,Garchomp Mega Redux,Mega Delta Garchomp,YES,normal_palette,graphics/pokemon/garchomp/mega_redux/normal.pal,https://raw.githubusercontent.com/Elite-Redux/eliteredux-source/8bf8bf062e40724cc07569d84c67763f20e4d00e/graphics/pokemon/garchomp/mega_redux/normal.pal
SPECIES_GARCHOMP_MEGA_REDUX,Garchomp Mega Redux,Mega Delta Garchomp,YES,shiny_palette,graphics/pokemon/garchomp/mega_redux/shiny.pal,https://raw.githubusercontent.com/Elite-Redux/eliteredux-source/8bf8bf062e40724cc07569d84c67763f20e4d00e/graphics/pokemon/garchomp/mega_redux/shiny.pal
SPECIES_HOUNDOOM_MEGA_REDUX,Houndoom Mega Redux,Mega Delta Houndoom,YES,front,graphics/pokemon/houndoom/mega_redux/front.png,https://raw.githubusercontent.com/Elite-Redux/eliteredux-source/8bf8bf062e40724cc07569d84c67763f20e4d00e/graphics/pokemon/houndoom/mega_redux/front.png
SPECIES_HOUNDOOM_MEGA_REDUX,Houndoom Mega Redux,Mega Delta Houndoom,YES,back,graphics/pokemon/houndoom/mega_redux/back.png,https://raw.githubusercontent.com/Elite-Redux/eliteredux-source/8bf8bf062e40724cc07569d84c67763f20e4d00e/graphics/pokemon/houndoom/mega_redux/back.png
SPECIES_HOUNDOOM_MEGA_REDUX,Houndoom Mega Redux,Mega Delta Houndoom,YES,icon,graphics/pokemon/houndoom/mega_redux/icon.png,https://raw.githubusercontent.com/Elite-Redux/eliteredux-source/8bf8bf062e40724cc07569d84c67763f20e4d00e/graphics/pokemon/houndoom/mega_redux/icon.png
SPECIES_HOUNDOOM_MEGA_REDUX,Houndoom Mega Redux,Mega Delta Houndoom,YES,normal_palette,graphics/pokemon/houndoom/mega_redux/normal.pal,https://raw.githubusercontent.com/Elite-Redux/eliteredux-source/8bf8bf062e40724cc07569d84c67763f20e4d00e/graphics/pokemon/houndoom/mega_redux/normal.pal
SPECIES_HOUNDOOM_MEGA_REDUX,Houndoom Mega Redux,Mega Delta Houndoom,YES,shiny_palette,graphics/pokemon/houndoom/mega_redux/shiny.pal,https://raw.githubusercontent.com/Elite-Redux/eliteredux-source/8bf8bf062e40724cc07569d84c67763f20e4d00e/graphics/pokemon/houndoom/mega_redux/shiny.pal
SPECIES_GLALIE_REDUX_MEGA,Glalie Redux Mega,Mega Delta Glalie,YES,front,graphics/pokemon/glalie/redux_mega/front.png,https://raw.githubusercontent.com/Elite-Redux/eliteredux-source/8bf8bf062e40724cc07569d84c67763f20e4d00e/graphics/pokemon/glalie/redux_mega/front.png
SPECIES_GLALIE_REDUX_MEGA,Glalie Redux Mega,Mega Delta Glalie,YES,back,graphics/pokemon/glalie/redux_mega/back.png,https://raw.githubusercontent.com/Elite-Redux/eliteredux-source/8bf8bf062e40724cc07569d84c67763f20e4d00e/graphics/pokemon/glalie/redux_mega/back.png
SPECIES_GLALIE_REDUX_MEGA,Glalie Redux Mega,Mega Delta Glalie,YES,icon,graphics/pokemon/glalie/redux_mega/icon.png,https://raw.githubusercontent.com/Elite-Redux/eliteredux-source/8bf8bf062e40724cc07569d84c67763f20e4d00e/graphics/pokemon/glalie/redux_mega/icon.png
SPECIES_GLALIE_REDUX_MEGA,Glalie Redux Mega,Mega Delta Glalie,YES,normal_palette,graphics/pokemon/glalie/redux_mega/normal.pal,https://raw.githubusercontent.com/Elite-Redux/eliteredux-source/8bf8bf062e40724cc07569d84c67763f20e4d00e/graphics/pokemon/glalie/redux_mega/normal.pal
SPECIES_GLALIE_REDUX_MEGA,Glalie Redux Mega,Mega Delta Glalie,YES,shiny_palette,graphics/pokemon/glalie/redux_mega/shiny.pal,https://raw.githubusercontent.com/Elite-Redux/eliteredux-source/8bf8bf062e40724cc07569d84c67763f20e4d00e/graphics/pokemon/glalie/redux_mega/shiny.pal
SPECIES_FROSLASS_REDUX_MEGA,Froslass Redux Mega,Mega Delta Froslass,YES,front,graphics/pokemon/froslass/redux_mega/front.png,https://raw.githubusercontent.com/Elite-Redux/eliteredux-source/8bf8bf062e40724cc07569d84c67763f20e4d00e/graphics/pokemon/froslass/redux_mega/front.png
SPECIES_FROSLASS_REDUX_MEGA,Froslass Redux Mega,Mega Delta Froslass,YES,back,graphics/pokemon/froslass/redux_mega/back.png,https://raw.githubusercontent.com/Elite-Redux/eliteredux-source/8bf8bf062e40724cc07569d84c67763f20e4d00e/graphics/pokemon/froslass/redux_mega/back.png
SPECIES_FROSLASS_REDUX_MEGA,Froslass Redux Mega,Mega Delta Froslass,YES,icon,graphics/pokemon/froslass/redux_mega/icon.png,https://raw.githubusercontent.com/Elite-Redux/eliteredux-source/8bf8bf062e40724cc07569d84c67763f20e4d00e/graphics/pokemon/froslass/redux_mega/icon.png
SPECIES_FROSLASS_REDUX_MEGA,Froslass Redux Mega,Mega Delta Froslass,YES,normal_palette,graphics/pokemon/froslass/redux_mega/normal.pal,https://raw.githubusercontent.com/Elite-Redux/eliteredux-source/8bf8bf062e40724cc07569d84c67763f20e4d00e/graphics/pokemon/froslass/redux_mega/normal.pal
SPECIES_FROSLASS_REDUX_MEGA,Froslass Redux Mega,Mega Delta Froslass,YES,shiny_palette,graphics/pokemon/froslass/redux_mega/shiny.pal,https://raw.githubusercontent.com/Elite-Redux/eliteredux-source/8bf8bf062e40724cc07569d84c67763f20e4d00e/graphics/pokemon/froslass/redux_mega/shiny.pal
SPECIES_HONEDGE_REDUX,Honedge Redux,Delta Honedge,YES,front,graphics/pokemon/honedge/redux/front.png,https://raw.githubusercontent.com/Elite-Redux/eliteredux-source/8bf8bf062e40724cc07569d84c67763f20e4d00e/graphics/pokemon/honedge/redux/front.png
SPECIES_HONEDGE_REDUX,Honedge Redux,Delta Honedge,YES,back,graphics/pokemon/honedge/redux/back.png,https://raw.githubusercontent.com/Elite-Redux/eliteredux-source/8bf8bf062e40724cc07569d84c67763f20e4d00e/graphics/pokemon/honedge/redux/back.png
SPECIES_HONEDGE_REDUX,Honedge Redux,Delta Honedge,YES,icon,graphics/pokemon/honedge/redux/icon.png,https://raw.githubusercontent.com/Elite-Redux/eliteredux-source/8bf8bf062e40724cc07569d84c67763f20e4d00e/graphics/pokemon/honedge/redux/icon.png
SPECIES_HONEDGE_REDUX,Honedge Redux,Delta Honedge,YES,normal_palette,graphics/pokemon/honedge/redux/normal.pal,https://raw.githubusercontent.com/Elite-Redux/eliteredux-source/8bf8bf062e40724cc07569d84c67763f20e4d00e/graphics/pokemon/honedge/redux/normal.pal
SPECIES_HONEDGE_REDUX,Honedge Redux,Delta Honedge,YES,shiny_palette,graphics/pokemon/honedge/redux/shiny.pal,https://raw.githubusercontent.com/Elite-Redux/eliteredux-source/8bf8bf062e40724cc07569d84c67763f20e4d00e/graphics/pokemon/honedge/redux/shiny.pal
SPECIES_GROWLITHE_REDUX,Growlithe Redux,Delta Growlithe,YES,front,graphics/pokemon/growlithe/redux/front.png,https://raw.githubusercontent.com/Elite-Redux/eliteredux-source/8bf8bf062e40724cc07569d84c67763f20e4d00e/graphics/pokemon/growlithe/redux/front.png
SPECIES_GROWLITHE_REDUX,Growlithe Redux,Delta Growlithe,YES,back,graphics/pokemon/growlithe/redux/back.png,https://raw.githubusercontent.com/Elite-Redux/eliteredux-source/8bf8bf062e40724cc07569d84c67763f20e4d00e/graphics/pokemon/growlithe/redux/back.png
SPECIES_GROWLITHE_REDUX,Growlithe Redux,Delta Growlithe,YES,icon,graphics/pokemon/growlithe/redux/icon.png,https://raw.githubusercontent.com/Elite-Redux/eliteredux-source/8bf8bf062e40724cc07569d84c67763f20e4d00e/graphics/pokemon/growlithe/redux/icon.png
SPECIES_GROWLITHE_REDUX,Growlithe Redux,Delta Growlithe,YES,normal_palette,graphics/pokemon/growlithe/redux/normal.pal,https://raw.githubusercontent.com/Elite-Redux/eliteredux-source/8bf8bf062e40724cc07569d84c67763f20e4d00e/graphics/pokemon/growlithe/redux/normal.pal
SPECIES_GROWLITHE_REDUX,Growlithe Redux,Delta Growlithe,YES,shiny_palette,graphics/pokemon/growlithe/redux/shiny.pal,https://raw.githubusercontent.com/Elite-Redux/eliteredux-source/8bf8bf062e40724cc07569d84c67763f20e4d00e/graphics/pokemon/growlithe/redux/shiny.pal
SPECIES_GIBLE_REDUX,Gible Redux,Delta Gible,YES,front,graphics/pokemon/gible/redux/front.png,https://raw.githubusercontent.com/Elite-Redux/eliteredux-source/8bf8bf062e40724cc07569d84c67763f20e4d00e/graphics/pokemon/gible/redux/front.png
SPECIES_GIBLE_REDUX,Gible Redux,Delta Gible,YES,back,graphics/pokemon/gible/redux/back.png,https://raw.githubusercontent.com/Elite-Redux/eliteredux-source/8bf8bf062e40724cc07569d84c67763f20e4d00e/graphics/pokemon/gible/redux/back.png
SPECIES_GIBLE_REDUX,Gible Redux,Delta Gible,YES,icon,graphics/pokemon/gible/redux/icon.png,https://raw.githubusercontent.com/Elite-Redux/eliteredux-source/8bf8bf062e40724cc07569d84c67763f20e4d00e/graphics/pokemon/gible/redux/icon.png
SPECIES_GIBLE_REDUX,Gible Redux,Delta Gible,YES,normal_palette,graphics/pokemon/gible/redux/normal.pal,https://raw.githubusercontent.com/Elite-Redux/eliteredux-source/8bf8bf062e40724cc07569d84c67763f20e4d00e/graphics/pokemon/gible/redux/normal.pal
SPECIES_GIBLE_REDUX,Gible Redux,Delta Gible,YES,shiny_palette,graphics/pokemon/gible/redux/shiny.pal,https://raw.githubusercontent.com/Elite-Redux/eliteredux-source/8bf8bf062e40724cc07569d84c67763f20e4d00e/graphics/pokemon/gible/redux/shiny.pal
SPECIES_GABITE_REDUX,Gabite Redux,Delta Gabite,YES,front,graphics/pokemon/gabite/redux/front.png,https://raw.githubusercontent.com/Elite-Redux/eliteredux-source/8bf8bf062e40724cc07569d84c67763f20e4d00e/graphics/pokemon/gabite/redux/front.png
SPECIES_GABITE_REDUX,Gabite Redux,Delta Gabite,YES,back,graphics/pokemon/gabite/redux/back.png,https://raw.githubusercontent.com/Elite-Redux/eliteredux-source/8bf8bf062e40724cc07569d84c67763f20e4d00e/graphics/pokemon/gabite/redux/back.png
SPECIES_GABITE_REDUX,Gabite Redux,Delta Gabite,YES,icon,graphics/pokemon/gabite/redux/icon.png,https://raw.githubusercontent.com/Elite-Redux/eliteredux-source/8bf8bf062e40724cc07569d84c67763f20e4d00e/graphics/pokemon/gabite/redux/icon.png
SPECIES_GABITE_REDUX,Gabite Redux,Delta Gabite,YES,normal_palette,graphics/pokemon/gabite/redux/normal.pal,https://raw.githubusercontent.com/Elite-Redux/eliteredux-source/8bf8bf062e40724cc07569d84c67763f20e4d00e/graphics/pokemon/gabite/redux/normal.pal
SPECIES_GABITE_REDUX,Gabite Redux,Delta Gabite,YES,shiny_palette,graphics/pokemon/gabite/redux/shiny.pal,https://raw.githubusercontent.com/Elite-Redux/eliteredux-source/8bf8bf062e40724cc07569d84c67763f20e4d00e/graphics/pokemon/gabite/redux/shiny.pal
SPECIES_GARCHOMP_REDUX,Garchomp Redux,Delta Garchomp,YES,front,graphics/pokemon/garchomp/redux/front.png,https://raw.githubusercontent.com/Elite-Redux/eliteredux-source/8bf8bf062e40724cc07569d84c67763f20e4d00e/graphics/pokemon/garchomp/redux/front.png
SPECIES_GARCHOMP_REDUX,Garchomp Redux,Delta Garchomp,YES,back,graphics/pokemon/garchomp/redux/back.png,https://raw.githubusercontent.com/Elite-Redux/eliteredux-source/8bf8bf062e40724cc07569d84c67763f20e4d00e/graphics/pokemon/garchomp/redux/back.png
SPECIES_GARCHOMP_REDUX,Garchomp Redux,Delta Garchomp,YES,icon,graphics/pokemon/garchomp/redux/icon.png,https://raw.githubusercontent.com/Elite-Redux/eliteredux-source/8bf8bf062e40724cc07569d84c67763f20e4d00e/graphics/pokemon/garchomp/redux/icon.png
SPECIES_GARCHOMP_REDUX,Garchomp Redux,Delta Garchomp,YES,normal_palette,graphics/pokemon/garchomp/redux/normal.pal,https://raw.githubusercontent.com/Elite-Redux/eliteredux-source/8bf8bf062e40724cc07569d84c67763f20e4d00e/graphics/pokemon/garchomp/redux/normal.pal
SPECIES_GARCHOMP_REDUX,Garchomp Redux,Delta Garchomp,YES,shiny_palette,graphics/pokemon/garchomp/redux/shiny.pal,https://raw.githubusercontent.com/Elite-Redux/eliteredux-source/8bf8bf062e40724cc07569d84c67763f20e4d00e/graphics/pokemon/garchomp/redux/shiny.pal
SPECIES_HOUNDOOM_REDUX,Houndoom Redux,Delta Houndoom,YES,front,graphics/pokemon/houndoom/redux/front.png,https://raw.githubusercontent.com/Elite-Redux/eliteredux-source/8bf8bf062e40724cc07569d84c67763f20e4d00e/graphics/pokemon/houndoom/redux/front.png
SPECIES_HOUNDOOM_REDUX,Houndoom Redux,Delta Houndoom,YES,back,graphics/pokemon/houndoom/redux/back.png,https://raw.githubusercontent.com/Elite-Redux/eliteredux-source/8bf8bf062e40724cc07569d84c67763f20e4d00e/graphics/pokemon/houndoom/redux/back.png
SPECIES_HOUNDOOM_REDUX,Houndoom Redux,Delta Houndoom,YES,icon,graphics/pokemon/houndoom/redux/icon.png,https://raw.githubusercontent.com/Elite-Redux/eliteredux-source/8bf8bf062e40724cc07569d84c67763f20e4d00e/graphics/pokemon/houndoom/redux/icon.png
SPECIES_HOUNDOOM_REDUX,Houndoom Redux,Delta Houndoom,YES,normal_palette,graphics/pokemon/houndoom/redux/normal.pal,https://raw.githubusercontent.com/Elite-Redux/eliteredux-source/8bf8bf062e40724cc07569d84c67763f20e4d00e/graphics/pokemon/houndoom/redux/normal.pal
SPECIES_HOUNDOOM_REDUX,Houndoom Redux,Delta Houndoom,YES,shiny_palette,graphics/pokemon/houndoom/redux/shiny.pal,https://raw.githubusercontent.com/Elite-Redux/eliteredux-source/8bf8bf062e40724cc07569d84c67763f20e4d00e/graphics/pokemon/houndoom/redux/shiny.pal
SPECIES_GROTLE_REDUX,Grotle Redux,Delta Grotle,YES,front,graphics/pokemon/grotle/redux/front.png,https://raw.githubusercontent.com/Elite-Redux/eliteredux-source/8bf8bf062e40724cc07569d84c67763f20e4d00e/graphics/pokemon/grotle/redux/front.png
SPECIES_GROTLE_REDUX,Grotle Redux,Delta Grotle,YES,back,graphics/pokemon/grotle/redux/back.png,https://raw.githubusercontent.com/Elite-Redux/eliteredux-source/8bf8bf062e40724cc07569d84c67763f20e4d00e/graphics/pokemon/grotle/redux/back.png
SPECIES_GROTLE_REDUX,Grotle Redux,Delta Grotle,YES,icon,graphics/pokemon/grotle/redux/icon.png,https://raw.githubusercontent.com/Elite-Redux/eliteredux-source/8bf8bf062e40724cc07569d84c67763f20e4d00e/graphics/pokemon/grotle/redux/icon.png
SPECIES_GROTLE_REDUX,Grotle Redux,Delta Grotle,YES,normal_palette,graphics/pokemon/grotle/redux/normal.pal,https://raw.githubusercontent.com/Elite-Redux/eliteredux-source/8bf8bf062e40724cc07569d84c67763f20e4d00e/graphics/pokemon/grotle/redux/normal.pal
SPECIES_GROTLE_REDUX,Grotle Redux,Delta Grotle,YES,shiny_palette,graphics/pokemon/grotle/redux/shiny.pal,https://raw.githubusercontent.com/Elite-Redux/eliteredux-source/8bf8bf062e40724cc07569d84c67763f20e4d00e/graphics/pokemon/grotle/redux/shiny.pal
SPECIES_GLIGAR_REDUX,Gligar Redux,Delta Gligar,YES,front,graphics/pokemon/gligar/redux/front.png,https://raw.githubusercontent.com/Elite-Redux/eliteredux-source/8bf8bf062e40724cc07569d84c67763f20e4d00e/graphics/pokemon/gligar/redux/front.png
SPECIES_GLIGAR_REDUX,Gligar Redux,Delta Gligar,YES,back,graphics/pokemon/gligar/redux/back.png,https://raw.githubusercontent.com/Elite-Redux/eliteredux-source/8bf8bf062e40724cc07569d84c67763f20e4d00e/graphics/pokemon/gligar/redux/back.png
SPECIES_GLIGAR_REDUX,Gligar Redux,Delta Gligar,YES,icon,graphics/pokemon/gligar/redux/icon.png,https://raw.githubusercontent.com/Elite-Redux/eliteredux-source/8bf8bf062e40724cc07569d84c67763f20e4d00e/graphics/pokemon/gligar/redux/icon.png
SPECIES_GLIGAR_REDUX,Gligar Redux,Delta Gligar,YES,normal_palette,graphics/pokemon/gligar/redux/normal.pal,https://raw.githubusercontent.com/Elite-Redux/eliteredux-source/8bf8bf062e40724cc07569d84c67763f20e4d00e/graphics/pokemon/gligar/redux/normal.pal
SPECIES_GLIGAR_REDUX,Gligar Redux,Delta Gligar,YES,shiny_palette,graphics/pokemon/gligar/redux/shiny.pal,https://raw.githubusercontent.com/Elite-Redux/eliteredux-source/8bf8bf062e40724cc07569d84c67763f20e4d00e/graphics/pokemon/gligar/redux/shiny.pal
SPECIES_GLISCOR_REDUX,Gliscor Redux,Delta Gliscor,YES,front,graphics/pokemon/gliscor/redux/front.png,https://raw.githubusercontent.com/Elite-Redux/eliteredux-source/8bf8bf062e40724cc07569d84c67763f20e4d00e/graphics/pokemon/gliscor/redux/front.png
SPECIES_GLISCOR_REDUX,Gliscor Redux,Delta Gliscor,YES,back,graphics/pokemon/gliscor/redux/back.png,https://raw.githubusercontent.com/Elite-Redux/eliteredux-source/8bf8bf062e40724cc07569d84c67763f20e4d00e/graphics/pokemon/gliscor/redux/back.png
SPECIES_GLISCOR_REDUX,Gliscor Redux,Delta Gliscor,YES,icon,graphics/pokemon/gliscor/redux/icon.png,https://raw.githubusercontent.com/Elite-Redux/eliteredux-source/8bf8bf062e40724cc07569d84c67763f20e4d00e/graphics/pokemon/gliscor/redux/icon.png
SPECIES_GLISCOR_REDUX,Gliscor Redux,Delta Gliscor,YES,normal_palette,graphics/pokemon/gliscor/redux/normal.pal,https://raw.githubusercontent.com/Elite-Redux/eliteredux-source/8bf8bf062e40724cc07569d84c67763f20e4d00e/graphics/pokemon/gliscor/redux/normal.pal
SPECIES_GLISCOR_REDUX,Gliscor Redux,Delta Gliscor,YES,shiny_palette,graphics/pokemon/gliscor/redux/shiny.pal,https://raw.githubusercontent.com/Elite-Redux/eliteredux-source/8bf8bf062e40724cc07569d84c67763f20e4d00e/graphics/pokemon/gliscor/redux/shiny.pal
SPECIES_GLALIE_REDUX,Glalie Redux,Delta Glalie,YES,front,graphics/pokemon/glalie/redux/front.png,https://raw.githubusercontent.com/Elite-Redux/eliteredux-source/8bf8bf062e40724cc07569d84c67763f20e4d00e/graphics/pokemon/glalie/redux/front.png
SPECIES_GLALIE_REDUX,Glalie Redux,Delta Glalie,YES,back,graphics/pokemon/glalie/redux/back.png,https://raw.githubusercontent.com/Elite-Redux/eliteredux-source/8bf8bf062e40724cc07569d84c67763f20e4d00e/graphics/pokemon/glalie/redux/back.png
SPECIES_GLALIE_REDUX,Glalie Redux,Delta Glalie,YES,icon,graphics/pokemon/glalie/redux/icon.png,https://raw.githubusercontent.com/Elite-Redux/eliteredux-source/8bf8bf062e40724cc07569d84c67763f20e4d00e/graphics/pokemon/glalie/redux/icon.png
SPECIES_GLALIE_REDUX,Glalie Redux,Delta Glalie,YES,normal_palette,graphics/pokemon/glalie/redux/normal.pal,https://raw.githubusercontent.com/Elite-Redux/eliteredux-source/8bf8bf062e40724cc07569d84c67763f20e4d00e/graphics/pokemon/glalie/redux/normal.pal
SPECIES_GLALIE_REDUX,Glalie Redux,Delta Glalie,YES,shiny_palette,graphics/pokemon/glalie/redux/shiny.pal,https://raw.githubusercontent.com/Elite-Redux/eliteredux-source/8bf8bf062e40724cc07569d84c67763f20e4d00e/graphics/pokemon/glalie/redux/shiny.pal
SPECIES_IRON_CARAPACE,Iron Carapace,Iron Carapace,NO,front,graphics/pokemon/iron_carapace/front.png,https://raw.githubusercontent.com/Elite-Redux/eliteredux-source/8bf8bf062e40724cc07569d84c67763f20e4d00e/graphics/pokemon/iron_carapace/front.png
SPECIES_IRON_CARAPACE,Iron Carapace,Iron Carapace,NO,back,graphics/pokemon/iron_carapace/back.png,https://raw.githubusercontent.com/Elite-Redux/eliteredux-source/8bf8bf062e40724cc07569d84c67763f20e4d00e/graphics/pokemon/iron_carapace/back.png
SPECIES_IRON_CARAPACE,Iron Carapace,Iron Carapace,NO,icon,graphics/pokemon/iron_carapace/icon.png,https://raw.githubusercontent.com/Elite-Redux/eliteredux-source/8bf8bf062e40724cc07569d84c67763f20e4d00e/graphics/pokemon/iron_carapace/icon.png
SPECIES_IRON_CARAPACE,Iron Carapace,Iron Carapace,NO,normal_palette,graphics/pokemon/iron_carapace/normal.pal,https://raw.githubusercontent.com/Elite-Redux/eliteredux-source/8bf8bf062e40724cc07569d84c67763f20e4d00e/graphics/pokemon/iron_carapace/normal.pal
SPECIES_IRON_CARAPACE,Iron Carapace,Iron Carapace,NO,shiny_palette,graphics/pokemon/iron_carapace/shiny.pal,https://raw.githubusercontent.com/Elite-Redux/eliteredux-source/8bf8bf062e40724cc07569d84c67763f20e4d00e/graphics/pokemon/iron_carapace/shiny.pal
SPECIES_KAIOSEA,Kaiosea,Kaiosea,NO,front,graphics/pokemon/kaiosea/front.png,https://raw.githubusercontent.com/Elite-Redux/eliteredux-source/8bf8bf062e40724cc07569d84c67763f20e4d00e/graphics/pokemon/kaiosea/front.png
SPECIES_KAIOSEA,Kaiosea,Kaiosea,NO,back,graphics/pokemon/kaiosea/back.png,https://raw.githubusercontent.com/Elite-Redux/eliteredux-source/8bf8bf062e40724cc07569d84c67763f20e4d00e/graphics/pokemon/kaiosea/back.png
SPECIES_KAIOSEA,Kaiosea,Kaiosea,NO,icon,graphics/pokemon/kaiosea/icon.png,https://raw.githubusercontent.com/Elite-Redux/eliteredux-source/8bf8bf062e40724cc07569d84c67763f20e4d00e/graphics/pokemon/kaiosea/icon.png
SPECIES_KAIOSEA,Kaiosea,Kaiosea,NO,normal_palette,graphics/pokemon/kaiosea/normal.pal,https://raw.githubusercontent.com/Elite-Redux/eliteredux-source/8bf8bf062e40724cc07569d84c67763f20e4d00e/graphics/pokemon/kaiosea/normal.pal
SPECIES_KAIOSEA,Kaiosea,Kaiosea,NO,shiny_palette,graphics/pokemon/kaiosea/shiny.pal,https://raw.githubusercontent.com/Elite-Redux/eliteredux-source/8bf8bf062e40724cc07569d84c67763f20e4d00e/graphics/pokemon/kaiosea/shiny.pal
SPECIES_HYDROAR,Hydroar,Hydroar,NO,front,graphics/pokemon/hydroar/front.png,https://raw.githubusercontent.com/Elite-Redux/eliteredux-source/8bf8bf062e40724cc07569d84c67763f20e4d00e/graphics/pokemon/hydroar/front.png
SPECIES_HYDROAR,Hydroar,Hydroar,NO,back,graphics/pokemon/hydroar/back.png,https://raw.githubusercontent.com/Elite-Redux/eliteredux-source/8bf8bf062e40724cc07569d84c67763f20e4d00e/graphics/pokemon/hydroar/back.png
SPECIES_HYDROAR,Hydroar,Hydroar,NO,icon,graphics/pokemon/hydroar/icon.png,https://raw.githubusercontent.com/Elite-Redux/eliteredux-source/8bf8bf062e40724cc07569d84c67763f20e4d00e/graphics/pokemon/hydroar/icon.png
SPECIES_HYDROAR,Hydroar,Hydroar,NO,normal_palette,graphics/pokemon/hydroar/normal.pal,https://raw.githubusercontent.com/Elite-Redux/eliteredux-source/8bf8bf062e40724cc07569d84c67763f20e4d00e/graphics/pokemon/hydroar/normal.pal
SPECIES_HYDROAR,Hydroar,Hydroar,NO,shiny_palette,graphics/pokemon/hydroar/shiny.pal,https://raw.githubusercontent.com/Elite-Redux/eliteredux-source/8bf8bf062e40724cc07569d84c67763f20e4d00e/graphics/pokemon/hydroar/shiny.pal
SPECIES_KINGAMBIT_REDUX_MEGA,Kingambit Redux Mega,Mega Delta Kingambit,YES,front,graphics/pokemon/kingambit/redux_mega/front.png,https://raw.githubusercontent.com/Elite-Redux/eliteredux-source/8bf8bf062e40724cc07569d84c67763f20e4d00e/graphics/pokemon/kingambit/redux_mega/front.png
SPECIES_KINGAMBIT_REDUX_MEGA,Kingambit Redux Mega,Mega Delta Kingambit,YES,back,graphics/pokemon/kingambit/redux_mega/back.png,https://raw.githubusercontent.com/Elite-Redux/eliteredux-source/8bf8bf062e40724cc07569d84c67763f20e4d00e/graphics/pokemon/kingambit/redux_mega/back.png
SPECIES_KINGAMBIT_REDUX_MEGA,Kingambit Redux Mega,Mega Delta Kingambit,YES,icon,graphics/pokemon/kingambit/redux_mega/icon.png,https://raw.githubusercontent.com/Elite-Redux/eliteredux-source/8bf8bf062e40724cc07569d84c67763f20e4d00e/graphics/pokemon/kingambit/redux_mega/icon.png
SPECIES_KINGAMBIT_REDUX_MEGA,Kingambit Redux Mega,Mega Delta Kingambit,YES,normal_palette,graphics/pokemon/kingambit/redux_mega/normal.pal,https://raw.githubusercontent.com/Elite-Redux/eliteredux-source/8bf8bf062e40724cc07569d84c67763f20e4d00e/graphics/pokemon/kingambit/redux_mega/normal.pal
SPECIES_KINGAMBIT_REDUX_MEGA,Kingambit Redux Mega,Mega Delta Kingambit,YES,shiny_palette,graphics/pokemon/kingambit/redux_mega/shiny.pal,https://raw.githubusercontent.com/Elite-Redux/eliteredux-source/8bf8bf062e40724cc07569d84c67763f20e4d00e/graphics/pokemon/kingambit/redux_mega/shiny.pal
SPECIES_HYDREIGON_REDUX_MEGA,Hydreigon Redux Mega,Mega Delta Hydreigon,YES,front,graphics/pokemon/hydreigon/redux_mega/front.png,https://raw.githubusercontent.com/Elite-Redux/eliteredux-source/8bf8bf062e40724cc07569d84c67763f20e4d00e/graphics/pokemon/hydreigon/redux_mega/front.png
SPECIES_HYDREIGON_REDUX_MEGA,Hydreigon Redux Mega,Mega Delta Hydreigon,YES,back,graphics/pokemon/hydreigon/redux_mega/back.png,https://raw.githubusercontent.com/Elite-Redux/eliteredux-source/8bf8bf062e40724cc07569d84c67763f20e4d00e/graphics/pokemon/hydreigon/redux_mega/back.png
SPECIES_HYDREIGON_REDUX_MEGA,Hydreigon Redux Mega,Mega Delta Hydreigon,YES,icon,graphics/pokemon/hydreigon/redux_mega/icon.png,https://raw.githubusercontent.com/Elite-Redux/eliteredux-source/8bf8bf062e40724cc07569d84c67763f20e4d00e/graphics/pokemon/hydreigon/redux_mega/icon.png
SPECIES_HYDREIGON_REDUX_MEGA,Hydreigon Redux Mega,Mega Delta Hydreigon,YES,normal_palette,graphics/pokemon/hydreigon/redux_mega/normal.pal,https://raw.githubusercontent.com/Elite-Redux/eliteredux-source/8bf8bf062e40724cc07569d84c67763f20e4d00e/graphics/pokemon/hydreigon/redux_mega/normal.pal
SPECIES_HYDREIGON_REDUX_MEGA,Hydreigon Redux Mega,Mega Delta Hydreigon,YES,shiny_palette,graphics/pokemon/hydreigon/redux_mega/shiny.pal,https://raw.githubusercontent.com/Elite-Redux/eliteredux-source/8bf8bf062e40724cc07569d84c67763f20e4d00e/graphics/pokemon/hydreigon/redux_mega/shiny.pal
SPECIES_INFERNAPE_REDUX_MEGA,Infernape Redux Mega,Mega Delta Infernape,YES,front,graphics/pokemon/infernape/redux_mega/front.png,https://raw.githubusercontent.com/Elite-Redux/eliteredux-source/8bf8bf062e40724cc07569d84c67763f20e4d00e/graphics/pokemon/infernape/redux_mega/front.png
SPECIES_INFERNAPE_REDUX_MEGA,Infernape Redux Mega,Mega Delta Infernape,YES,back,graphics/pokemon/infernape/redux_mega/back.png,https://raw.githubusercontent.com/Elite-Redux/eliteredux-source/8bf8bf062e40724cc07569d84c67763f20e4d00e/graphics/pokemon/infernape/redux_mega/back.png
SPECIES_INFERNAPE_REDUX_MEGA,Infernape Redux Mega,Mega Delta Infernape,YES,icon,graphics/pokemon/infernape/redux_mega/icon.png,https://raw.githubusercontent.com/Elite-Redux/eliteredux-source/8bf8bf062e40724cc07569d84c67763f20e4d00e/graphics/pokemon/infernape/redux_mega/icon.png
SPECIES_INFERNAPE_REDUX_MEGA,Infernape Redux Mega,Mega Delta Infernape,YES,normal_palette,graphics/pokemon/infernape/redux_mega/normal.pal,https://raw.githubusercontent.com/Elite-Redux/eliteredux-source/8bf8bf062e40724cc07569d84c67763f20e4d00e/graphics/pokemon/infernape/redux_mega/normal.pal
SPECIES_INFERNAPE_REDUX_MEGA,Infernape Redux Mega,Mega Delta Infernape,YES,shiny_palette,graphics/pokemon/infernape/redux_mega/shiny.pal,https://raw.githubusercontent.com/Elite-Redux/eliteredux-source/8bf8bf062e40724cc07569d84c67763f20e4d00e/graphics/pokemon/infernape/redux_mega/shiny.pal
SPECIES_KADABRA_REDUX,Kadabra Redux,Delta Kadabra,YES,front,graphics/pokemon/kadabra/redux/front.png,https://raw.githubusercontent.com/Elite-Redux/eliteredux-source/8bf8bf062e40724cc07569d84c67763f20e4d00e/graphics/pokemon/kadabra/redux/front.png
SPECIES_KADABRA_REDUX,Kadabra Redux,Delta Kadabra,YES,back,graphics/pokemon/kadabra/redux/back.png,https://raw.githubusercontent.com/Elite-Redux/eliteredux-source/8bf8bf062e40724cc07569d84c67763f20e4d00e/graphics/pokemon/kadabra/redux/back.png
SPECIES_KADABRA_REDUX,Kadabra Redux,Delta Kadabra,YES,icon,graphics/pokemon/kadabra/redux/icon.png,https://raw.githubusercontent.com/Elite-Redux/eliteredux-source/8bf8bf062e40724cc07569d84c67763f20e4d00e/graphics/pokemon/kadabra/redux/icon.png
SPECIES_KADABRA_REDUX,Kadabra Redux,Delta Kadabra,YES,normal_palette,graphics/pokemon/kadabra/redux/normal.pal,https://raw.githubusercontent.com/Elite-Redux/eliteredux-source/8bf8bf062e40724cc07569d84c67763f20e4d00e/graphics/pokemon/kadabra/redux/normal.pal
SPECIES_KADABRA_REDUX,Kadabra Redux,Delta Kadabra,YES,shiny_palette,graphics/pokemon/kadabra/redux/shiny.pal,https://raw.githubusercontent.com/Elite-Redux/eliteredux-source/8bf8bf062e40724cc07569d84c67763f20e4d00e/graphics/pokemon/kadabra/redux/shiny.pal
SPECIES_KAKUNA_REDUX,Kakuna Redux,Delta Kakuna,YES,front,graphics/pokemon/kakuna/redux/front.png,https://raw.githubusercontent.com/Elite-Redux/eliteredux-source/8bf8bf062e40724cc07569d84c67763f20e4d00e/graphics/pokemon/kakuna/redux/front.png
SPECIES_KAKUNA_REDUX,Kakuna Redux,Delta Kakuna,YES,back,graphics/pokemon/kakuna/redux/back.png,https://raw.githubusercontent.com/Elite-Redux/eliteredux-source/8bf8bf062e40724cc07569d84c67763f20e4d00e/graphics/pokemon/kakuna/redux/back.png
SPECIES_KAKUNA_REDUX,Kakuna Redux,Delta Kakuna,YES,icon,graphics/pokemon/kakuna/redux/icon.png,https://raw.githubusercontent.com/Elite-Redux/eliteredux-source/8bf8bf062e40724cc07569d84c67763f20e4d00e/graphics/pokemon/kakuna/redux/icon.png
SPECIES_KAKUNA_REDUX,Kakuna Redux,Delta Kakuna,YES,normal_palette,graphics/pokemon/kakuna/redux/normal.pal,https://raw.githubusercontent.com/Elite-Redux/eliteredux-source/8bf8bf062e40724cc07569d84c67763f20e4d00e/graphics/pokemon/kakuna/redux/normal.pal
SPECIES_KAKUNA_REDUX,Kakuna Redux,Delta Kakuna,YES,shiny_palette,graphics/pokemon/kakuna/redux/shiny.pal,https://raw.githubusercontent.com/Elite-Redux/eliteredux-source/8bf8bf062e40724cc07569d84c67763f20e4d00e/graphics/pokemon/kakuna/redux/shiny.pal
SPECIES_HYDREIGON_REDUX,Hydreigon Redux,Delta Hydreigon,YES,front,graphics/pokemon/hydreigon/redux/front.png,https://raw.githubusercontent.com/Elite-Redux/eliteredux-source/8bf8bf062e40724cc07569d84c67763f20e4d00e/graphics/pokemon/hydreigon/redux/front.png
SPECIES_HYDREIGON_REDUX,Hydreigon Redux,Delta Hydreigon,YES,back,graphics/pokemon/hydreigon/redux/back.png,https://raw.githubusercontent.com/Elite-Redux/eliteredux-source/8bf8bf062e40724cc07569d84c67763f20e4d00e/graphics/pokemon/hydreigon/redux/back.png
SPECIES_HYDREIGON_REDUX,Hydreigon Redux,Delta Hydreigon,YES,icon,graphics/pokemon/hydreigon/redux/icon.png,https://raw.githubusercontent.com/Elite-Redux/eliteredux-source/8bf8bf062e40724cc07569d84c67763f20e4d00e/graphics/pokemon/hydreigon/redux/icon.png
SPECIES_HYDREIGON_REDUX,Hydreigon Redux,Delta Hydreigon,YES,normal_palette,graphics/pokemon/hydreigon/redux/normal.pal,https://raw.githubusercontent.com/Elite-Redux/eliteredux-source/8bf8bf062e40724cc07569d84c67763f20e4d00e/graphics/pokemon/hydreigon/redux/normal.pal
SPECIES_HYDREIGON_REDUX,Hydreigon Redux,Delta Hydreigon,YES,shiny_palette,graphics/pokemon/hydreigon/redux/shiny.pal,https://raw.githubusercontent.com/Elite-Redux/eliteredux-source/8bf8bf062e40724cc07569d84c67763f20e4d00e/graphics/pokemon/hydreigon/redux/shiny.pal
SPECIES_HOUNDOUR_REDUX,Houndour Redux,Delta Houndour,YES,front,graphics/pokemon/houndour/redux/front.png,https://raw.githubusercontent.com/Elite-Redux/eliteredux-source/8bf8bf062e40724cc07569d84c67763f20e4d00e/graphics/pokemon/houndour/redux/front.png
SPECIES_HOUNDOUR_REDUX,Houndour Redux,Delta Houndour,YES,back,graphics/pokemon/houndour/redux/back.png,https://raw.githubusercontent.com/Elite-Redux/eliteredux-source/8bf8bf062e40724cc07569d84c67763f20e4d00e/graphics/pokemon/houndour/redux/back.png
SPECIES_HOUNDOUR_REDUX,Houndour Redux,Delta Houndour,YES,icon,graphics/pokemon/houndour/redux/icon.png,https://raw.githubusercontent.com/Elite-Redux/eliteredux-source/8bf8bf062e40724cc07569d84c67763f20e4d00e/graphics/pokemon/houndour/redux/icon.png
SPECIES_HOUNDOUR_REDUX,Houndour Redux,Delta Houndour,YES,normal_palette,graphics/pokemon/houndour/redux/normal.pal,https://raw.githubusercontent.com/Elite-Redux/eliteredux-source/8bf8bf062e40724cc07569d84c67763f20e4d00e/graphics/pokemon/houndour/redux/normal.pal
SPECIES_HOUNDOUR_REDUX,Houndour Redux,Delta Houndour,YES,shiny_palette,graphics/pokemon/houndour/redux/shiny.pal,https://raw.githubusercontent.com/Elite-Redux/eliteredux-source/8bf8bf062e40724cc07569d84c67763f20e4d00e/graphics/pokemon/houndour/redux/shiny.pal
SPECIES_KINGAMBIT_REDUX,Kingambit Redux,Delta Kingambit,YES,front,graphics/pokemon/kingambit/redux/front.png,https://raw.githubusercontent.com/Elite-Redux/eliteredux-source/8bf8bf062e40724cc07569d84c67763f20e4d00e/graphics/pokemon/kingambit/redux/front.png
SPECIES_KINGAMBIT_REDUX,Kingambit Redux,Delta Kingambit,YES,back,graphics/pokemon/kingambit/redux/back.png,https://raw.githubusercontent.com/Elite-Redux/eliteredux-source/8bf8bf062e40724cc07569d84c67763f20e4d00e/graphics/pokemon/kingambit/redux/back.png
SPECIES_KINGAMBIT_REDUX,Kingambit Redux,Delta Kingambit,YES,icon,graphics/pokemon/kingambit/redux/icon.png,https://raw.githubusercontent.com/Elite-Redux/eliteredux-source/8bf8bf062e40724cc07569d84c67763f20e4d00e/graphics/pokemon/kingambit/redux/icon.png
SPECIES_KINGAMBIT_REDUX,Kingambit Redux,Delta Kingambit,YES,normal_palette,graphics/pokemon/kingambit/redux/normal.pal,https://raw.githubusercontent.com/Elite-Redux/eliteredux-source/8bf8bf062e40724cc07569d84c67763f20e4d00e/graphics/pokemon/kingambit/redux/normal.pal
SPECIES_KINGAMBIT_REDUX,Kingambit Redux,Delta Kingambit,YES,shiny_palette,graphics/pokemon/kingambit/redux/shiny.pal,https://raw.githubusercontent.com/Elite-Redux/eliteredux-source/8bf8bf062e40724cc07569d84c67763f20e4d00e/graphics/pokemon/kingambit/redux/shiny.pal
SPECIES_IRON_EXO,Iron Exo,Iron Exo,NO,front,graphics/pokemon/iron_exo/front.png,https://raw.githubusercontent.com/Elite-Redux/eliteredux-source/8bf8bf062e40724cc07569d84c67763f20e4d00e/graphics/pokemon/iron_exo/front.png
SPECIES_IRON_EXO,Iron Exo,Iron Exo,NO,back,graphics/pokemon/iron_exo/back.png,https://raw.githubusercontent.com/Elite-Redux/eliteredux-source/8bf8bf062e40724cc07569d84c67763f20e4d00e/graphics/pokemon/iron_exo/back.png
SPECIES_IRON_EXO,Iron Exo,Iron Exo,NO,icon,graphics/pokemon/iron_exo/icon.png,https://raw.githubusercontent.com/Elite-Redux/eliteredux-source/8bf8bf062e40724cc07569d84c67763f20e4d00e/graphics/pokemon/iron_exo/icon.png
SPECIES_IRON_EXO,Iron Exo,Iron Exo,NO,normal_palette,graphics/pokemon/iron_exo/normal.pal,https://raw.githubusercontent.com/Elite-Redux/eliteredux-source/8bf8bf062e40724cc07569d84c67763f20e4d00e/graphics/pokemon/iron_exo/normal.pal
SPECIES_IRON_EXO,Iron Exo,Iron Exo,NO,shiny_palette,graphics/pokemon/iron_exo/shiny.pal,https://raw.githubusercontent.com/Elite-Redux/eliteredux-source/8bf8bf062e40724cc07569d84c67763f20e4d00e/graphics/pokemon/iron_exo/shiny.pal
SPECIES_INFERNAPE_REDUX,Infernape Redux,Delta Infernape,YES,front,graphics/pokemon/infernape/redux/front.png,https://raw.githubusercontent.com/Elite-Redux/eliteredux-source/8bf8bf062e40724cc07569d84c67763f20e4d00e/graphics/pokemon/infernape/redux/front.png
SPECIES_INFERNAPE_REDUX,Infernape Redux,Delta Infernape,YES,back,graphics/pokemon/infernape/redux/back.png,https://raw.githubusercontent.com/Elite-Redux/eliteredux-source/8bf8bf062e40724cc07569d84c67763f20e4d00e/graphics/pokemon/infernape/redux/back.png
SPECIES_INFERNAPE_REDUX,Infernape Redux,Delta Infernape,YES,icon,graphics/pokemon/infernape/redux/icon.png,https://raw.githubusercontent.com/Elite-Redux/eliteredux-source/8bf8bf062e40724cc07569d84c67763f20e4d00e/graphics/pokemon/infernape/redux/icon.png
SPECIES_INFERNAPE_REDUX,Infernape Redux,Delta Infernape,YES,normal_palette,graphics/pokemon/infernape/redux/normal.pal,https://raw.githubusercontent.com/Elite-Redux/eliteredux-source/8bf8bf062e40724cc07569d84c67763f20e4d00e/graphics/pokemon/infernape/redux/normal.pal
SPECIES_INFERNAPE_REDUX,Infernape Redux,Delta Infernape,YES,shiny_palette,graphics/pokemon/infernape/redux/shiny.pal,https://raw.githubusercontent.com/Elite-Redux/eliteredux-source/8bf8bf062e40724cc07569d84c67763f20e4d00e/graphics/pokemon/infernape/redux/shiny.pal
SPECIES_LEPASTRY,Lepastry,Lepastry,NO,front,graphics/pokemon/lepastry/front.png,https://raw.githubusercontent.com/Elite-Redux/eliteredux-source/8bf8bf062e40724cc07569d84c67763f20e4d00e/graphics/pokemon/lepastry/front.png
SPECIES_LEPASTRY,Lepastry,Lepastry,NO,back,graphics/pokemon/lepastry/back.png,https://raw.githubusercontent.com/Elite-Redux/eliteredux-source/8bf8bf062e40724cc07569d84c67763f20e4d00e/graphics/pokemon/lepastry/back.png
SPECIES_LEPASTRY,Lepastry,Lepastry,NO,icon,graphics/pokemon/lepastry/icon.png,https://raw.githubusercontent.com/Elite-Redux/eliteredux-source/8bf8bf062e40724cc07569d84c67763f20e4d00e/graphics/pokemon/lepastry/icon.png
SPECIES_LEPASTRY,Lepastry,Lepastry,NO,normal_palette,graphics/pokemon/lepastry/normal.pal,https://raw.githubusercontent.com/Elite-Redux/eliteredux-source/8bf8bf062e40724cc07569d84c67763f20e4d00e/graphics/pokemon/lepastry/normal.pal
SPECIES_LEPASTRY,Lepastry,Lepastry,NO,shiny_palette,graphics/pokemon/lepastry/shiny.pal,https://raw.githubusercontent.com/Elite-Redux/eliteredux-source/8bf8bf062e40724cc07569d84c67763f20e4d00e/graphics/pokemon/lepastry/shiny.pal
SPECIES_MAGMENOUS,Magmenous,Magmenous,NO,front,graphics/pokemon/magmenous/front.png,https://raw.githubusercontent.com/Elite-Redux/eliteredux-source/8bf8bf062e40724cc07569d84c67763f20e4d00e/graphics/pokemon/magmenous/front.png
SPECIES_MAGMENOUS,Magmenous,Magmenous,NO,back,graphics/pokemon/magmenous/back.png,https://raw.githubusercontent.com/Elite-Redux/eliteredux-source/8bf8bf062e40724cc07569d84c67763f20e4d00e/graphics/pokemon/magmenous/back.png
SPECIES_MAGMENOUS,Magmenous,Magmenous,NO,icon,graphics/pokemon/magmenous/icon.png,https://raw.githubusercontent.com/Elite-Redux/eliteredux-source/8bf8bf062e40724cc07569d84c67763f20e4d00e/graphics/pokemon/magmenous/icon.png
SPECIES_MAGMENOUS,Magmenous,Magmenous,NO,normal_palette,graphics/pokemon/magmenous/normal.pal,https://raw.githubusercontent.com/Elite-Redux/eliteredux-source/8bf8bf062e40724cc07569d84c67763f20e4d00e/graphics/pokemon/magmenous/normal.pal
SPECIES_MAGMENOUS,Magmenous,Magmenous,NO,shiny_palette,graphics/pokemon/magmenous/shiny.pal,https://raw.githubusercontent.com/Elite-Redux/eliteredux-source/8bf8bf062e40724cc07569d84c67763f20e4d00e/graphics/pokemon/magmenous/shiny.pal
SPECIES_MARBEEP,Marbeep,Marbeep,NO,front,graphics/pokemon/marbeep/front.png,https://raw.githubusercontent.com/Elite-Redux/eliteredux-source/8bf8bf062e40724cc07569d84c67763f20e4d00e/graphics/pokemon/marbeep/front.png
SPECIES_MARBEEP,Marbeep,Marbeep,NO,back,graphics/pokemon/marbeep/back.png,https://raw.githubusercontent.com/Elite-Redux/eliteredux-source/8bf8bf062e40724cc07569d84c67763f20e4d00e/graphics/pokemon/marbeep/back.png
SPECIES_MARBEEP,Marbeep,Marbeep,NO,icon,graphics/pokemon/marbeep/icon.png,https://raw.githubusercontent.com/Elite-Redux/eliteredux-source/8bf8bf062e40724cc07569d84c67763f20e4d00e/graphics/pokemon/marbeep/icon.png
SPECIES_MARBEEP,Marbeep,Marbeep,NO,normal_palette,graphics/pokemon/marbeep/normal.pal,https://raw.githubusercontent.com/Elite-Redux/eliteredux-source/8bf8bf062e40724cc07569d84c67763f20e4d00e/graphics/pokemon/marbeep/normal.pal
SPECIES_MARBEEP,Marbeep,Marbeep,NO,shiny_palette,graphics/pokemon/marbeep/shiny.pal,https://raw.githubusercontent.com/Elite-Redux/eliteredux-source/8bf8bf062e40724cc07569d84c67763f20e4d00e/graphics/pokemon/marbeep/shiny.pal
SPECIES_KNAIVER,Knaiver,Knaiver,NO,front,graphics/pokemon/knaiver/front.png,https://raw.githubusercontent.com/Elite-Redux/eliteredux-source/8bf8bf062e40724cc07569d84c67763f20e4d00e/graphics/pokemon/knaiver/front.png
SPECIES_KNAIVER,Knaiver,Knaiver,NO,back,graphics/pokemon/knaiver/back.png,https://raw.githubusercontent.com/Elite-Redux/eliteredux-source/8bf8bf062e40724cc07569d84c67763f20e4d00e/graphics/pokemon/knaiver/back.png
SPECIES_KNAIVER,Knaiver,Knaiver,NO,icon,graphics/pokemon/knaiver/icon.png,https://raw.githubusercontent.com/Elite-Redux/eliteredux-source/8bf8bf062e40724cc07569d84c67763f20e4d00e/graphics/pokemon/knaiver/icon.png
SPECIES_KNAIVER,Knaiver,Knaiver,NO,normal_palette,graphics/pokemon/knaiver/normal.pal,https://raw.githubusercontent.com/Elite-Redux/eliteredux-source/8bf8bf062e40724cc07569d84c67763f20e4d00e/graphics/pokemon/knaiver/normal.pal
SPECIES_KNAIVER,Knaiver,Knaiver,NO,shiny_palette,graphics/pokemon/knaiver/shiny.pal,https://raw.githubusercontent.com/Elite-Redux/eliteredux-source/8bf8bf062e40724cc07569d84c67763f20e4d00e/graphics/pokemon/knaiver/shiny.pal
SPECIES_LUMINOSITEON,Luminositeon,Luminositeon,NO,front,graphics/pokemon/luminositeon/front.png,https://raw.githubusercontent.com/Elite-Redux/eliteredux-source/8bf8bf062e40724cc07569d84c67763f20e4d00e/graphics/pokemon/luminositeon/front.png
SPECIES_LUMINOSITEON,Luminositeon,Luminositeon,NO,back,graphics/pokemon/luminositeon/back.png,https://raw.githubusercontent.com/Elite-Redux/eliteredux-source/8bf8bf062e40724cc07569d84c67763f20e4d00e/graphics/pokemon/luminositeon/back.png
SPECIES_LUMINOSITEON,Luminositeon,Luminositeon,NO,icon,graphics/pokemon/luminositeon/icon.png,https://raw.githubusercontent.com/Elite-Redux/eliteredux-source/8bf8bf062e40724cc07569d84c67763f20e4d00e/graphics/pokemon/luminositeon/icon.png
SPECIES_LUMINOSITEON,Luminositeon,Luminositeon,NO,normal_palette,graphics/pokemon/luminositeon/normal.pal,https://raw.githubusercontent.com/Elite-Redux/eliteredux-source/8bf8bf062e40724cc07569d84c67763f20e4d00e/graphics/pokemon/luminositeon/normal.pal
SPECIES_LUMINOSITEON,Luminositeon,Luminositeon,NO,shiny_palette,graphics/pokemon/luminositeon/shiny.pal,https://raw.githubusercontent.com/Elite-Redux/eliteredux-source/8bf8bf062e40724cc07569d84c67763f20e4d00e/graphics/pokemon/luminositeon/shiny.pal
SPECIES_MACHAMP_MEGA_REDUX,Machamp Mega Redux,Mega Delta Machamp,YES,front,graphics/pokemon/machamp/mega_redux/front.png,https://raw.githubusercontent.com/Elite-Redux/eliteredux-source/8bf8bf062e40724cc07569d84c67763f20e4d00e/graphics/pokemon/machamp/mega_redux/front.png
SPECIES_MACHAMP_MEGA_REDUX,Machamp Mega Redux,Mega Delta Machamp,YES,back,graphics/pokemon/machamp/mega_redux/back.png,https://raw.githubusercontent.com/Elite-Redux/eliteredux-source/8bf8bf062e40724cc07569d84c67763f20e4d00e/graphics/pokemon/machamp/mega_redux/back.png
SPECIES_MACHAMP_MEGA_REDUX,Machamp Mega Redux,Mega Delta Machamp,YES,icon,graphics/pokemon/machamp/mega_redux/icon.png,https://raw.githubusercontent.com/Elite-Redux/eliteredux-source/8bf8bf062e40724cc07569d84c67763f20e4d00e/graphics/pokemon/machamp/mega_redux/icon.png
SPECIES_MACHAMP_MEGA_REDUX,Machamp Mega Redux,Mega Delta Machamp,YES,normal_palette,graphics/pokemon/machamp/mega_redux/normal.pal,https://raw.githubusercontent.com/Elite-Redux/eliteredux-source/8bf8bf062e40724cc07569d84c67763f20e4d00e/graphics/pokemon/machamp/mega_redux/normal.pal
SPECIES_MACHAMP_MEGA_REDUX,Machamp Mega Redux,Mega Delta Machamp,YES,shiny_palette,graphics/pokemon/machamp/mega_redux/shiny.pal,https://raw.githubusercontent.com/Elite-Redux/eliteredux-source/8bf8bf062e40724cc07569d84c67763f20e4d00e/graphics/pokemon/machamp/mega_redux/shiny.pal
SPECIES_MAWILE_MEGA_REDUX,Mawile Mega Redux,Mega Delta Mawile,YES,front,graphics/pokemon/mawile/mega_redux/front.png,https://raw.githubusercontent.com/Elite-Redux/eliteredux-source/8bf8bf062e40724cc07569d84c67763f20e4d00e/graphics/pokemon/mawile/mega_redux/front.png
SPECIES_MAWILE_MEGA_REDUX,Mawile Mega Redux,Mega Delta Mawile,YES,back,graphics/pokemon/mawile/mega_redux/back.png,https://raw.githubusercontent.com/Elite-Redux/eliteredux-source/8bf8bf062e40724cc07569d84c67763f20e4d00e/graphics/pokemon/mawile/mega_redux/back.png
SPECIES_MAWILE_MEGA_REDUX,Mawile Mega Redux,Mega Delta Mawile,YES,icon,graphics/pokemon/mawile/mega_redux/icon.png,https://raw.githubusercontent.com/Elite-Redux/eliteredux-source/8bf8bf062e40724cc07569d84c67763f20e4d00e/graphics/pokemon/mawile/mega_redux/icon.png
SPECIES_MAWILE_MEGA_REDUX,Mawile Mega Redux,Mega Delta Mawile,YES,normal_palette,graphics/pokemon/mawile/mega_redux/normal.pal,https://raw.githubusercontent.com/Elite-Redux/eliteredux-source/8bf8bf062e40724cc07569d84c67763f20e4d00e/graphics/pokemon/mawile/mega_redux/normal.pal
SPECIES_MAWILE_MEGA_REDUX,Mawile Mega Redux,Mega Delta Mawile,YES,shiny_palette,graphics/pokemon/mawile/mega_redux/shiny.pal,https://raw.githubusercontent.com/Elite-Redux/eliteredux-source/8bf8bf062e40724cc07569d84c67763f20e4d00e/graphics/pokemon/mawile/mega_redux/shiny.pal
SPECIES_ALCREMIE_MEGA,Mega Alcremie,Mega Alcremie,NO,front,graphics/pokemon/alcremie/mega/front.png,https://raw.githubusercontent.com/Elite-Redux/eliteredux-source/8bf8bf062e40724cc07569d84c67763f20e4d00e/graphics/pokemon/alcremie/mega/front.png
SPECIES_ALCREMIE_MEGA,Mega Alcremie,Mega Alcremie,NO,back,graphics/pokemon/alcremie/mega/back.png,https://raw.githubusercontent.com/Elite-Redux/eliteredux-source/8bf8bf062e40724cc07569d84c67763f20e4d00e/graphics/pokemon/alcremie/mega/back.png
SPECIES_ALCREMIE_MEGA,Mega Alcremie,Mega Alcremie,NO,icon,graphics/pokemon/alcremie/mega/icon.png,https://raw.githubusercontent.com/Elite-Redux/eliteredux-source/8bf8bf062e40724cc07569d84c67763f20e4d00e/graphics/pokemon/alcremie/mega/icon.png
SPECIES_ALCREMIE_MEGA,Mega Alcremie,Mega Alcremie,NO,normal_palette,graphics/pokemon/alcremie/mega/normal.pal,https://raw.githubusercontent.com/Elite-Redux/eliteredux-source/8bf8bf062e40724cc07569d84c67763f20e4d00e/graphics/pokemon/alcremie/mega/normal.pal
SPECIES_ALCREMIE_MEGA,Mega Alcremie,Mega Alcremie,NO,shiny_palette,graphics/pokemon/alcremie/mega/shiny.pal,https://raw.githubusercontent.com/Elite-Redux/eliteredux-source/8bf8bf062e40724cc07569d84c67763f20e4d00e/graphics/pokemon/alcremie/mega/shiny.pal
SPECIES_LUXRAY_REDUX,Luxray Redux,Delta Luxray,YES,front,graphics/pokemon/luxray/redux/front.png,https://raw.githubusercontent.com/Elite-Redux/eliteredux-source/8bf8bf062e40724cc07569d84c67763f20e4d00e/graphics/pokemon/luxray/redux/front.png
SPECIES_LUXRAY_REDUX,Luxray Redux,Delta Luxray,YES,back,graphics/pokemon/luxray/redux/back.png,https://raw.githubusercontent.com/Elite-Redux/eliteredux-source/8bf8bf062e40724cc07569d84c67763f20e4d00e/graphics/pokemon/luxray/redux/back.png
SPECIES_LUXRAY_REDUX,Luxray Redux,Delta Luxray,YES,icon,graphics/pokemon/luxray/redux/icon.png,https://raw.githubusercontent.com/Elite-Redux/eliteredux-source/8bf8bf062e40724cc07569d84c67763f20e4d00e/graphics/pokemon/luxray/redux/icon.png
SPECIES_LUXRAY_REDUX,Luxray Redux,Delta Luxray,YES,normal_palette,graphics/pokemon/luxray/redux/normal.pal,https://raw.githubusercontent.com/Elite-Redux/eliteredux-source/8bf8bf062e40724cc07569d84c67763f20e4d00e/graphics/pokemon/luxray/redux/normal.pal
SPECIES_LUXRAY_REDUX,Luxray Redux,Delta Luxray,YES,shiny_palette,graphics/pokemon/luxray/redux/shiny.pal,https://raw.githubusercontent.com/Elite-Redux/eliteredux-source/8bf8bf062e40724cc07569d84c67763f20e4d00e/graphics/pokemon/luxray/redux/shiny.pal
SPECIES_MAGCARGO_REDUX,Magcargo Redux,Delta Magcargo,YES,front,graphics/pokemon/magcargo/redux/front.png,https://raw.githubusercontent.com/Elite-Redux/eliteredux-source/8bf8bf062e40724cc07569d84c67763f20e4d00e/graphics/pokemon/magcargo/redux/front.png
SPECIES_MAGCARGO_REDUX,Magcargo Redux,Delta Magcargo,YES,back,graphics/pokemon/magcargo/redux/back.png,https://raw.githubusercontent.com/Elite-Redux/eliteredux-source/8bf8bf062e40724cc07569d84c67763f20e4d00e/graphics/pokemon/magcargo/redux/back.png
SPECIES_MAGCARGO_REDUX,Magcargo Redux,Delta Magcargo,YES,icon,graphics/pokemon/magcargo/redux/icon.png,https://raw.githubusercontent.com/Elite-Redux/eliteredux-source/8bf8bf062e40724cc07569d84c67763f20e4d00e/graphics/pokemon/magcargo/redux/icon.png
SPECIES_MAGCARGO_REDUX,Magcargo Redux,Delta Magcargo,YES,normal_palette,graphics/pokemon/magcargo/redux/normal.pal,https://raw.githubusercontent.com/Elite-Redux/eliteredux-source/8bf8bf062e40724cc07569d84c67763f20e4d00e/graphics/pokemon/magcargo/redux/normal.pal
SPECIES_MAGCARGO_REDUX,Magcargo Redux,Delta Magcargo,YES,shiny_palette,graphics/pokemon/magcargo/redux/shiny.pal,https://raw.githubusercontent.com/Elite-Redux/eliteredux-source/8bf8bf062e40724cc07569d84c67763f20e4d00e/graphics/pokemon/magcargo/redux/shiny.pal
SPECIES_MACHOP_REDUX,Machop Redux,Delta Machop,YES,front,graphics/pokemon/machop/redux/front.png,https://raw.githubusercontent.com/Elite-Redux/eliteredux-source/8bf8bf062e40724cc07569d84c67763f20e4d00e/graphics/pokemon/machop/redux/front.png
SPECIES_MACHOP_REDUX,Machop Redux,Delta Machop,YES,back,graphics/pokemon/machop/redux/back.png,https://raw.githubusercontent.com/Elite-Redux/eliteredux-source/8bf8bf062e40724cc07569d84c67763f20e4d00e/graphics/pokemon/machop/redux/back.png
SPECIES_MACHOP_REDUX,Machop Redux,Delta Machop,YES,icon,graphics/pokemon/machop/redux/icon.png,https://raw.githubusercontent.com/Elite-Redux/eliteredux-source/8bf8bf062e40724cc07569d84c67763f20e4d00e/graphics/pokemon/machop/redux/icon.png
SPECIES_MACHOP_REDUX,Machop Redux,Delta Machop,YES,normal_palette,graphics/pokemon/machop/redux/normal.pal,https://raw.githubusercontent.com/Elite-Redux/eliteredux-source/8bf8bf062e40724cc07569d84c67763f20e4d00e/graphics/pokemon/machop/redux/normal.pal
SPECIES_MACHOP_REDUX,Machop Redux,Delta Machop,YES,shiny_palette,graphics/pokemon/machop/redux/shiny.pal,https://raw.githubusercontent.com/Elite-Redux/eliteredux-source/8bf8bf062e40724cc07569d84c67763f20e4d00e/graphics/pokemon/machop/redux/shiny.pal
SPECIES_MACHOKE_REDUX,Machoke Redux,Delta Machoke,YES,front,graphics/pokemon/machoke/redux/front.png,https://raw.githubusercontent.com/Elite-Redux/eliteredux-source/8bf8bf062e40724cc07569d84c67763f20e4d00e/graphics/pokemon/machoke/redux/front.png
SPECIES_MACHOKE_REDUX,Machoke Redux,Delta Machoke,YES,back,graphics/pokemon/machoke/redux/back.png,https://raw.githubusercontent.com/Elite-Redux/eliteredux-source/8bf8bf062e40724cc07569d84c67763f20e4d00e/graphics/pokemon/machoke/redux/back.png
SPECIES_MACHOKE_REDUX,Machoke Redux,Delta Machoke,YES,icon,graphics/pokemon/machoke/redux/icon.png,https://raw.githubusercontent.com/Elite-Redux/eliteredux-source/8bf8bf062e40724cc07569d84c67763f20e4d00e/graphics/pokemon/machoke/redux/icon.png
SPECIES_MACHOKE_REDUX,Machoke Redux,Delta Machoke,YES,normal_palette,graphics/pokemon/machoke/redux/normal.pal,https://raw.githubusercontent.com/Elite-Redux/eliteredux-source/8bf8bf062e40724cc07569d84c67763f20e4d00e/graphics/pokemon/machoke/redux/normal.pal
SPECIES_MACHOKE_REDUX,Machoke Redux,Delta Machoke,YES,shiny_palette,graphics/pokemon/machoke/redux/shiny.pal,https://raw.githubusercontent.com/Elite-Redux/eliteredux-source/8bf8bf062e40724cc07569d84c67763f20e4d00e/graphics/pokemon/machoke/redux/shiny.pal
SPECIES_MACHAMP_REDUX,Machamp Redux,Delta Machamp,YES,front,graphics/pokemon/machamp/redux/front.png,https://raw.githubusercontent.com/Elite-Redux/eliteredux-source/8bf8bf062e40724cc07569d84c67763f20e4d00e/graphics/pokemon/machamp/redux/front.png
SPECIES_MACHAMP_REDUX,Machamp Redux,Delta Machamp,YES,back,graphics/pokemon/machamp/redux/back.png,https://raw.githubusercontent.com/Elite-Redux/eliteredux-source/8bf8bf062e40724cc07569d84c67763f20e4d00e/graphics/pokemon/machamp/redux/back.png
SPECIES_MACHAMP_REDUX,Machamp Redux,Delta Machamp,YES,icon,graphics/pokemon/machamp/redux/icon.png,https://raw.githubusercontent.com/Elite-Redux/eliteredux-source/8bf8bf062e40724cc07569d84c67763f20e4d00e/graphics/pokemon/machamp/redux/icon.png
SPECIES_MACHAMP_REDUX,Machamp Redux,Delta Machamp,YES,normal_palette,graphics/pokemon/machamp/redux/normal.pal,https://raw.githubusercontent.com/Elite-Redux/eliteredux-source/8bf8bf062e40724cc07569d84c67763f20e4d00e/graphics/pokemon/machamp/redux/normal.pal
SPECIES_MACHAMP_REDUX,Machamp Redux,Delta Machamp,YES,shiny_palette,graphics/pokemon/machamp/redux/shiny.pal,https://raw.githubusercontent.com/Elite-Redux/eliteredux-source/8bf8bf062e40724cc07569d84c67763f20e4d00e/graphics/pokemon/machamp/redux/shiny.pal
SPECIES_LOUDRED_REDUX,Loudred Redux,Delta Loudred,YES,front,graphics/pokemon/loudred/redux/front.png,https://raw.githubusercontent.com/Elite-Redux/eliteredux-source/8bf8bf062e40724cc07569d84c67763f20e4d00e/graphics/pokemon/loudred/redux/front.png
SPECIES_LOUDRED_REDUX,Loudred Redux,Delta Loudred,YES,back,graphics/pokemon/loudred/redux/back.png,https://raw.githubusercontent.com/Elite-Redux/eliteredux-source/8bf8bf062e40724cc07569d84c67763f20e4d00e/graphics/pokemon/loudred/redux/back.png
SPECIES_LOUDRED_REDUX,Loudred Redux,Delta Loudred,YES,icon,graphics/pokemon/loudred/redux/icon.png,https://raw.githubusercontent.com/Elite-Redux/eliteredux-source/8bf8bf062e40724cc07569d84c67763f20e4d00e/graphics/pokemon/loudred/redux/icon.png
SPECIES_LOUDRED_REDUX,Loudred Redux,Delta Loudred,YES,normal_palette,graphics/pokemon/loudred/redux/normal.pal,https://raw.githubusercontent.com/Elite-Redux/eliteredux-source/8bf8bf062e40724cc07569d84c67763f20e4d00e/graphics/pokemon/loudred/redux/normal.pal
SPECIES_LOUDRED_REDUX,Loudred Redux,Delta Loudred,YES,shiny_palette,graphics/pokemon/loudred/redux/shiny.pal,https://raw.githubusercontent.com/Elite-Redux/eliteredux-source/8bf8bf062e40724cc07569d84c67763f20e4d00e/graphics/pokemon/loudred/redux/shiny.pal
SPECIES_MAWILE_REDUX,Mawile Redux,Delta Mawile,YES,front,graphics/pokemon/mawile/redux/front.png,https://raw.githubusercontent.com/Elite-Redux/eliteredux-source/8bf8bf062e40724cc07569d84c67763f20e4d00e/graphics/pokemon/mawile/redux/front.png
SPECIES_MAWILE_REDUX,Mawile Redux,Delta Mawile,YES,back,graphics/pokemon/mawile/redux/back.png,https://raw.githubusercontent.com/Elite-Redux/eliteredux-source/8bf8bf062e40724cc07569d84c67763f20e4d00e/graphics/pokemon/mawile/redux/back.png
SPECIES_MAWILE_REDUX,Mawile Redux,Delta Mawile,YES,icon,graphics/pokemon/mawile/redux/icon.png,https://raw.githubusercontent.com/Elite-Redux/eliteredux-source/8bf8bf062e40724cc07569d84c67763f20e4d00e/graphics/pokemon/mawile/redux/icon.png
SPECIES_MAWILE_REDUX,Mawile Redux,Delta Mawile,YES,normal_palette,graphics/pokemon/mawile/redux/normal.pal,https://raw.githubusercontent.com/Elite-Redux/eliteredux-source/8bf8bf062e40724cc07569d84c67763f20e4d00e/graphics/pokemon/mawile/redux/normal.pal
SPECIES_MAWILE_REDUX,Mawile Redux,Delta Mawile,YES,shiny_palette,graphics/pokemon/mawile/redux/shiny.pal,https://raw.githubusercontent.com/Elite-Redux/eliteredux-source/8bf8bf062e40724cc07569d84c67763f20e4d00e/graphics/pokemon/mawile/redux/shiny.pal
SPECIES_LARVITAR_REDUX,Larvitar Redux,Delta Larvitar,YES,front,graphics/pokemon/larvitar/redux/front.png,https://raw.githubusercontent.com/Elite-Redux/eliteredux-source/8bf8bf062e40724cc07569d84c67763f20e4d00e/graphics/pokemon/larvitar/redux/front.png
SPECIES_LARVITAR_REDUX,Larvitar Redux,Delta Larvitar,YES,back,graphics/pokemon/larvitar/redux/back.png,https://raw.githubusercontent.com/Elite-Redux/eliteredux-source/8bf8bf062e40724cc07569d84c67763f20e4d00e/graphics/pokemon/larvitar/redux/back.png
SPECIES_LARVITAR_REDUX,Larvitar Redux,Delta Larvitar,YES,icon,graphics/pokemon/larvitar/redux/icon.png,https://raw.githubusercontent.com/Elite-Redux/eliteredux-source/8bf8bf062e40724cc07569d84c67763f20e4d00e/graphics/pokemon/larvitar/redux/icon.png
SPECIES_LARVITAR_REDUX,Larvitar Redux,Delta Larvitar,YES,normal_palette,graphics/pokemon/larvitar/redux/normal.pal,https://raw.githubusercontent.com/Elite-Redux/eliteredux-source/8bf8bf062e40724cc07569d84c67763f20e4d00e/graphics/pokemon/larvitar/redux/normal.pal
SPECIES_LARVITAR_REDUX,Larvitar Redux,Delta Larvitar,YES,shiny_palette,graphics/pokemon/larvitar/redux/shiny.pal,https://raw.githubusercontent.com/Elite-Redux/eliteredux-source/8bf8bf062e40724cc07569d84c67763f20e4d00e/graphics/pokemon/larvitar/redux/shiny.pal
SPECIES_LEDIAN_PARADOX,Ledian Paradox,Ledian Paradox,NO,front,graphics/pokemon/ledian/paradox/front.png,https://raw.githubusercontent.com/Elite-Redux/eliteredux-source/8bf8bf062e40724cc07569d84c67763f20e4d00e/graphics/pokemon/ledian/paradox/front.png
SPECIES_LEDIAN_PARADOX,Ledian Paradox,Ledian Paradox,NO,back,graphics/pokemon/ledian/paradox/back.png,https://raw.githubusercontent.com/Elite-Redux/eliteredux-source/8bf8bf062e40724cc07569d84c67763f20e4d00e/graphics/pokemon/ledian/paradox/back.png
SPECIES_LEDIAN_PARADOX,Ledian Paradox,Ledian Paradox,NO,icon,graphics/pokemon/ledian/paradox/icon.png,https://raw.githubusercontent.com/Elite-Redux/eliteredux-source/8bf8bf062e40724cc07569d84c67763f20e4d00e/graphics/pokemon/ledian/paradox/icon.png
SPECIES_LEDIAN_PARADOX,Ledian Paradox,Ledian Paradox,NO,normal_palette,graphics/pokemon/ledian/paradox/normal.pal,https://raw.githubusercontent.com/Elite-Redux/eliteredux-source/8bf8bf062e40724cc07569d84c67763f20e4d00e/graphics/pokemon/ledian/paradox/normal.pal
SPECIES_LEDIAN_PARADOX,Ledian Paradox,Ledian Paradox,NO,shiny_palette,graphics/pokemon/ledian/paradox/shiny.pal,https://raw.githubusercontent.com/Elite-Redux/eliteredux-source/8bf8bf062e40724cc07569d84c67763f20e4d00e/graphics/pokemon/ledian/paradox/shiny.pal
SPECIES_MAWILE_REDUX_B,Mawile Redux B,Delta Mawile B,YES,front,graphics/pokemon/mawile/redux_b/front.png,https://raw.githubusercontent.com/Elite-Redux/eliteredux-source/8bf8bf062e40724cc07569d84c67763f20e4d00e/graphics/pokemon/mawile/redux_b/front.png
SPECIES_MAWILE_REDUX_B,Mawile Redux B,Delta Mawile B,YES,back,graphics/pokemon/mawile/redux_b/back.png,https://raw.githubusercontent.com/Elite-Redux/eliteredux-source/8bf8bf062e40724cc07569d84c67763f20e4d00e/graphics/pokemon/mawile/redux_b/back.png
SPECIES_MAWILE_REDUX_B,Mawile Redux B,Delta Mawile B,YES,icon,graphics/pokemon/mawile/redux_b/icon.png,https://raw.githubusercontent.com/Elite-Redux/eliteredux-source/8bf8bf062e40724cc07569d84c67763f20e4d00e/graphics/pokemon/mawile/redux_b/icon.png
SPECIES_MAWILE_REDUX_B,Mawile Redux B,Delta Mawile B,YES,normal_palette,graphics/pokemon/mawile/redux_b/normal.pal,https://raw.githubusercontent.com/Elite-Redux/eliteredux-source/8bf8bf062e40724cc07569d84c67763f20e4d00e/graphics/pokemon/mawile/redux_b/normal.pal
SPECIES_MAWILE_REDUX_B,Mawile Redux B,Delta Mawile B,YES,shiny_palette,graphics/pokemon/mawile/redux_b/shiny.pal,https://raw.githubusercontent.com/Elite-Redux/eliteredux-source/8bf8bf062e40724cc07569d84c67763f20e4d00e/graphics/pokemon/mawile/redux_b/shiny.pal
SPECIES_MAWILE_REDUX_B_MEGA,Mawile Redux B Mega,Mega Delta Mawile B,YES,front,graphics/pokemon/mawile/redux_b_mega/front.png,https://raw.githubusercontent.com/Elite-Redux/eliteredux-source/8bf8bf062e40724cc07569d84c67763f20e4d00e/graphics/pokemon/mawile/redux_b_mega/front.png
SPECIES_MAWILE_REDUX_B_MEGA,Mawile Redux B Mega,Mega Delta Mawile B,YES,back,graphics/pokemon/mawile/redux_b_mega/back.png,https://raw.githubusercontent.com/Elite-Redux/eliteredux-source/8bf8bf062e40724cc07569d84c67763f20e4d00e/graphics/pokemon/mawile/redux_b_mega/back.png
SPECIES_MAWILE_REDUX_B_MEGA,Mawile Redux B Mega,Mega Delta Mawile B,YES,icon,graphics/pokemon/mawile/redux_b_mega/icon.png,https://raw.githubusercontent.com/Elite-Redux/eliteredux-source/8bf8bf062e40724cc07569d84c67763f20e4d00e/graphics/pokemon/mawile/redux_b_mega/icon.png
SPECIES_MAWILE_REDUX_B_MEGA,Mawile Redux B Mega,Mega Delta Mawile B,YES,normal_palette,graphics/pokemon/mawile/redux_b_mega/normal.pal,https://raw.githubusercontent.com/Elite-Redux/eliteredux-source/8bf8bf062e40724cc07569d84c67763f20e4d00e/graphics/pokemon/mawile/redux_b_mega/normal.pal
SPECIES_MAWILE_REDUX_B_MEGA,Mawile Redux B Mega,Mega Delta Mawile B,YES,shiny_palette,graphics/pokemon/mawile/redux_b_mega/shiny.pal,https://raw.githubusercontent.com/Elite-Redux/eliteredux-source/8bf8bf062e40724cc07569d84c67763f20e4d00e/graphics/pokemon/mawile/redux_b_mega/shiny.pal
SPECIES_BUTTERFREE_MEGA,Mega Butterfree,Mega Butterfree,NO,front,graphics/pokemon/butterfree/mega/front.png,https://raw.githubusercontent.com/Elite-Redux/eliteredux-source/8bf8bf062e40724cc07569d84c67763f20e4d00e/graphics/pokemon/butterfree/mega/front.png
SPECIES_BUTTERFREE_MEGA,Mega Butterfree,Mega Butterfree,NO,back,graphics/pokemon/butterfree/mega/back.png,https://raw.githubusercontent.com/Elite-Redux/eliteredux-source/8bf8bf062e40724cc07569d84c67763f20e4d00e/graphics/pokemon/butterfree/mega/back.png
SPECIES_BUTTERFREE_MEGA,Mega Butterfree,Mega Butterfree,NO,icon,graphics/pokemon/butterfree/mega/icon.png,https://raw.githubusercontent.com/Elite-Redux/eliteredux-source/8bf8bf062e40724cc07569d84c67763f20e4d00e/graphics/pokemon/butterfree/mega/icon.png
SPECIES_BUTTERFREE_MEGA,Mega Butterfree,Mega Butterfree,NO,normal_palette,graphics/pokemon/butterfree/mega/normal.pal,https://raw.githubusercontent.com/Elite-Redux/eliteredux-source/8bf8bf062e40724cc07569d84c67763f20e4d00e/graphics/pokemon/butterfree/mega/normal.pal
SPECIES_BUTTERFREE_MEGA,Mega Butterfree,Mega Butterfree,NO,shiny_palette,graphics/pokemon/butterfree/mega/shiny.pal,https://raw.githubusercontent.com/Elite-Redux/eliteredux-source/8bf8bf062e40724cc07569d84c67763f20e4d00e/graphics/pokemon/butterfree/mega/shiny.pal
SPECIES_FLYGON_MEGA,Mega Flygon,Mega Flygon,NO,front,graphics/pokemon/flygon/mega/front.png,https://raw.githubusercontent.com/Elite-Redux/eliteredux-source/8bf8bf062e40724cc07569d84c67763f20e4d00e/graphics/pokemon/flygon/mega/front.png
SPECIES_FLYGON_MEGA,Mega Flygon,Mega Flygon,NO,back,graphics/pokemon/flygon/mega/back.png,https://raw.githubusercontent.com/Elite-Redux/eliteredux-source/8bf8bf062e40724cc07569d84c67763f20e4d00e/graphics/pokemon/flygon/mega/back.png
SPECIES_FLYGON_MEGA,Mega Flygon,Mega Flygon,NO,icon,graphics/pokemon/flygon/mega/icon.png,https://raw.githubusercontent.com/Elite-Redux/eliteredux-source/8bf8bf062e40724cc07569d84c67763f20e4d00e/graphics/pokemon/flygon/mega/icon.png
SPECIES_FLYGON_MEGA,Mega Flygon,Mega Flygon,NO,normal_palette,graphics/pokemon/flygon/mega/normal.pal,https://raw.githubusercontent.com/Elite-Redux/eliteredux-source/8bf8bf062e40724cc07569d84c67763f20e4d00e/graphics/pokemon/flygon/mega/normal.pal
SPECIES_FLYGON_MEGA,Mega Flygon,Mega Flygon,NO,shiny_palette,graphics/pokemon/flygon/mega/shiny.pal,https://raw.githubusercontent.com/Elite-Redux/eliteredux-source/8bf8bf062e40724cc07569d84c67763f20e4d00e/graphics/pokemon/flygon/mega/shiny.pal
SPECIES_BRUXISH_MEGA,Mega Bruxish,Mega Bruxish,NO,front,graphics/pokemon/bruxish/mega/front.png,https://raw.githubusercontent.com/Elite-Redux/eliteredux-source/8bf8bf062e40724cc07569d84c67763f20e4d00e/graphics/pokemon/bruxish/mega/front.png
SPECIES_BRUXISH_MEGA,Mega Bruxish,Mega Bruxish,NO,back,graphics/pokemon/bruxish/mega/back.png,https://raw.githubusercontent.com/Elite-Redux/eliteredux-source/8bf8bf062e40724cc07569d84c67763f20e4d00e/graphics/pokemon/bruxish/mega/back.png
SPECIES_BRUXISH_MEGA,Mega Bruxish,Mega Bruxish,NO,icon,graphics/pokemon/bruxish/mega/icon.png,https://raw.githubusercontent.com/Elite-Redux/eliteredux-source/8bf8bf062e40724cc07569d84c67763f20e4d00e/graphics/pokemon/bruxish/mega/icon.png
SPECIES_BRUXISH_MEGA,Mega Bruxish,Mega Bruxish,NO,normal_palette,graphics/pokemon/bruxish/mega/normal.pal,https://raw.githubusercontent.com/Elite-Redux/eliteredux-source/8bf8bf062e40724cc07569d84c67763f20e4d00e/graphics/pokemon/bruxish/mega/normal.pal
SPECIES_BRUXISH_MEGA,Mega Bruxish,Mega Bruxish,NO,shiny_palette,graphics/pokemon/bruxish/mega/shiny.pal,https://raw.githubusercontent.com/Elite-Redux/eliteredux-source/8bf8bf062e40724cc07569d84c67763f20e4d00e/graphics/pokemon/bruxish/mega/shiny.pal
SPECIES_BRELOOM_MEGA,Mega Breloom,Mega Breloom,NO,front,graphics/pokemon/breloom/mega/front.png,https://raw.githubusercontent.com/Elite-Redux/eliteredux-source/8bf8bf062e40724cc07569d84c67763f20e4d00e/graphics/pokemon/breloom/mega/front.png
SPECIES_BRELOOM_MEGA,Mega Breloom,Mega Breloom,NO,back,graphics/pokemon/breloom/mega/back.png,https://raw.githubusercontent.com/Elite-Redux/eliteredux-source/8bf8bf062e40724cc07569d84c67763f20e4d00e/graphics/pokemon/breloom/mega/back.png
SPECIES_BRELOOM_MEGA,Mega Breloom,Mega Breloom,NO,icon,graphics/pokemon/breloom/mega/icon.png,https://raw.githubusercontent.com/Elite-Redux/eliteredux-source/8bf8bf062e40724cc07569d84c67763f20e4d00e/graphics/pokemon/breloom/mega/icon.png
SPECIES_BRELOOM_MEGA,Mega Breloom,Mega Breloom,NO,normal_palette,graphics/pokemon/breloom/mega/normal.pal,https://raw.githubusercontent.com/Elite-Redux/eliteredux-source/8bf8bf062e40724cc07569d84c67763f20e4d00e/graphics/pokemon/breloom/mega/normal.pal
SPECIES_BRELOOM_MEGA,Mega Breloom,Mega Breloom,NO,shiny_palette,graphics/pokemon/breloom/mega/shiny.pal,https://raw.githubusercontent.com/Elite-Redux/eliteredux-source/8bf8bf062e40724cc07569d84c67763f20e4d00e/graphics/pokemon/breloom/mega/shiny.pal
SPECIES_FERALIGATR_MEGA_X,Mega Feraligatr X,Mega Feraligatr X,NO,front,graphics/pokemon/feraligatr/mega_x/front.png,https://raw.githubusercontent.com/Elite-Redux/eliteredux-source/8bf8bf062e40724cc07569d84c67763f20e4d00e/graphics/pokemon/feraligatr/mega_x/front.png
SPECIES_FERALIGATR_MEGA_X,Mega Feraligatr X,Mega Feraligatr X,NO,back,graphics/pokemon/feraligatr/mega_x/back.png,https://raw.githubusercontent.com/Elite-Redux/eliteredux-source/8bf8bf062e40724cc07569d84c67763f20e4d00e/graphics/pokemon/feraligatr/mega_x/back.png
SPECIES_FERALIGATR_MEGA_X,Mega Feraligatr X,Mega Feraligatr X,NO,icon,graphics/pokemon/feraligatr/mega_x/icon.png,https://raw.githubusercontent.com/Elite-Redux/eliteredux-source/8bf8bf062e40724cc07569d84c67763f20e4d00e/graphics/pokemon/feraligatr/mega_x/icon.png
SPECIES_FERALIGATR_MEGA_X,Mega Feraligatr X,Mega Feraligatr X,NO,normal_palette,graphics/pokemon/feraligatr/mega_x/normal.pal,https://raw.githubusercontent.com/Elite-Redux/eliteredux-source/8bf8bf062e40724cc07569d84c67763f20e4d00e/graphics/pokemon/feraligatr/mega_x/normal.pal
SPECIES_FERALIGATR_MEGA_X,Mega Feraligatr X,Mega Feraligatr X,NO,shiny_palette,graphics/pokemon/feraligatr/mega_x/shiny.pal,https://raw.githubusercontent.com/Elite-Redux/eliteredux-source/8bf8bf062e40724cc07569d84c67763f20e4d00e/graphics/pokemon/feraligatr/mega_x/shiny.pal
SPECIES_FERALIGATR_MEGA_Y,Mega Feraligatr Y,Mega Feraligatr Y,NO,front,graphics/pokemon/feraligatr/mega_y/front.png,https://raw.githubusercontent.com/Elite-Redux/eliteredux-source/8bf8bf062e40724cc07569d84c67763f20e4d00e/graphics/pokemon/feraligatr/mega_y/front.png
SPECIES_FERALIGATR_MEGA_Y,Mega Feraligatr Y,Mega Feraligatr Y,NO,back,graphics/pokemon/feraligatr/mega_y/back.png,https://raw.githubusercontent.com/Elite-Redux/eliteredux-source/8bf8bf062e40724cc07569d84c67763f20e4d00e/graphics/pokemon/feraligatr/mega_y/back.png
SPECIES_FERALIGATR_MEGA_Y,Mega Feraligatr Y,Mega Feraligatr Y,NO,icon,graphics/pokemon/feraligatr/mega_y/icon.png,https://raw.githubusercontent.com/Elite-Redux/eliteredux-source/8bf8bf062e40724cc07569d84c67763f20e4d00e/graphics/pokemon/feraligatr/mega_y/icon.png
SPECIES_FERALIGATR_MEGA_Y,Mega Feraligatr Y,Mega Feraligatr Y,NO,normal_palette,graphics/pokemon/feraligatr/mega_y/normal.pal,https://raw.githubusercontent.com/Elite-Redux/eliteredux-source/8bf8bf062e40724cc07569d84c67763f20e4d00e/graphics/pokemon/feraligatr/mega_y/normal.pal
SPECIES_FERALIGATR_MEGA_Y,Mega Feraligatr Y,Mega Feraligatr Y,NO,shiny_palette,graphics/pokemon/feraligatr/mega_y/shiny.pal,https://raw.githubusercontent.com/Elite-Redux/eliteredux-source/8bf8bf062e40724cc07569d84c67763f20e4d00e/graphics/pokemon/feraligatr/mega_y/shiny.pal
SPECIES_GRANBULL_MEGA,Mega Granbull,Mega Granbull,NO,front,graphics/pokemon/granbull/mega/front.png,https://raw.githubusercontent.com/Elite-Redux/eliteredux-source/8bf8bf062e40724cc07569d84c67763f20e4d00e/graphics/pokemon/granbull/mega/front.png
SPECIES_GRANBULL_MEGA,Mega Granbull,Mega Granbull,NO,back,graphics/pokemon/granbull/mega/back.png,https://raw.githubusercontent.com/Elite-Redux/eliteredux-source/8bf8bf062e40724cc07569d84c67763f20e4d00e/graphics/pokemon/granbull/mega/back.png
SPECIES_GRANBULL_MEGA,Mega Granbull,Mega Granbull,NO,icon,graphics/pokemon/granbull/mega/icon.png,https://raw.githubusercontent.com/Elite-Redux/eliteredux-source/8bf8bf062e40724cc07569d84c67763f20e4d00e/graphics/pokemon/granbull/mega/icon.png
SPECIES_GRANBULL_MEGA,Mega Granbull,Mega Granbull,NO,normal_palette,graphics/pokemon/granbull/mega/normal.pal,https://raw.githubusercontent.com/Elite-Redux/eliteredux-source/8bf8bf062e40724cc07569d84c67763f20e4d00e/graphics/pokemon/granbull/mega/normal.pal
SPECIES_GRANBULL_MEGA,Mega Granbull,Mega Granbull,NO,shiny_palette,graphics/pokemon/granbull/mega/shiny.pal,https://raw.githubusercontent.com/Elite-Redux/eliteredux-source/8bf8bf062e40724cc07569d84c67763f20e4d00e/graphics/pokemon/granbull/mega/shiny.pal
SPECIES_GYARADEATH_MEGA_X,Mega Gyaradeath X,Mega Gyaradeath X,NO,front,graphics/pokemon/gyaradeath/mega_x/front.png,https://raw.githubusercontent.com/Elite-Redux/eliteredux-source/8bf8bf062e40724cc07569d84c67763f20e4d00e/graphics/pokemon/gyaradeath/mega_x/front.png
SPECIES_GYARADEATH_MEGA_X,Mega Gyaradeath X,Mega Gyaradeath X,NO,back,graphics/pokemon/gyaradeath/mega_x/back.png,https://raw.githubusercontent.com/Elite-Redux/eliteredux-source/8bf8bf062e40724cc07569d84c67763f20e4d00e/graphics/pokemon/gyaradeath/mega_x/back.png
SPECIES_GYARADEATH_MEGA_X,Mega Gyaradeath X,Mega Gyaradeath X,NO,icon,graphics/pokemon/gyaradeath/mega_x/icon.png,https://raw.githubusercontent.com/Elite-Redux/eliteredux-source/8bf8bf062e40724cc07569d84c67763f20e4d00e/graphics/pokemon/gyaradeath/mega_x/icon.png
SPECIES_GYARADEATH_MEGA_X,Mega Gyaradeath X,Mega Gyaradeath X,NO,normal_palette,graphics/pokemon/gyaradeath/mega_x/normal.pal,https://raw.githubusercontent.com/Elite-Redux/eliteredux-source/8bf8bf062e40724cc07569d84c67763f20e4d00e/graphics/pokemon/gyaradeath/mega_x/normal.pal
SPECIES_GYARADEATH_MEGA_X,Mega Gyaradeath X,Mega Gyaradeath X,NO,shiny_palette,graphics/pokemon/gyaradeath/mega_x/shiny.pal,https://raw.githubusercontent.com/Elite-Redux/eliteredux-source/8bf8bf062e40724cc07569d84c67763f20e4d00e/graphics/pokemon/gyaradeath/mega_x/shiny.pal
SPECIES_GYARADEATH_MEGA_Y,Mega Gyaradeath Y,Mega Gyaradeath Y,NO,front,graphics/pokemon/gyaradeath/mega_y/front.png,https://raw.githubusercontent.com/Elite-Redux/eliteredux-source/8bf8bf062e40724cc07569d84c67763f20e4d00e/graphics/pokemon/gyaradeath/mega_y/front.png
SPECIES_GYARADEATH_MEGA_Y,Mega Gyaradeath Y,Mega Gyaradeath Y,NO,back,graphics/pokemon/gyaradeath/mega_y/back.png,https://raw.githubusercontent.com/Elite-Redux/eliteredux-source/8bf8bf062e40724cc07569d84c67763f20e4d00e/graphics/pokemon/gyaradeath/mega_y/back.png
SPECIES_GYARADEATH_MEGA_Y,Mega Gyaradeath Y,Mega Gyaradeath Y,NO,icon,graphics/pokemon/gyaradeath/mega_y/icon.png,https://raw.githubusercontent.com/Elite-Redux/eliteredux-source/8bf8bf062e40724cc07569d84c67763f20e4d00e/graphics/pokemon/gyaradeath/mega_y/icon.png
SPECIES_GYARADEATH_MEGA_Y,Mega Gyaradeath Y,Mega Gyaradeath Y,NO,normal_palette,graphics/pokemon/gyaradeath/mega_y/normal.pal,https://raw.githubusercontent.com/Elite-Redux/eliteredux-source/8bf8bf062e40724cc07569d84c67763f20e4d00e/graphics/pokemon/gyaradeath/mega_y/normal.pal
SPECIES_GYARADEATH_MEGA_Y,Mega Gyaradeath Y,Mega Gyaradeath Y,NO,shiny_palette,graphics/pokemon/gyaradeath/mega_y/shiny.pal,https://raw.githubusercontent.com/Elite-Redux/eliteredux-source/8bf8bf062e40724cc07569d84c67763f20e4d00e/graphics/pokemon/gyaradeath/mega_y/shiny.pal
SPECIES_ARBOK_MEGA,Mega Arbok,Mega Arbok,NO,front,graphics/pokemon/arbok/mega/front.png,https://raw.githubusercontent.com/Elite-Redux/eliteredux-source/8bf8bf062e40724cc07569d84c67763f20e4d00e/graphics/pokemon/arbok/mega/front.png
SPECIES_ARBOK_MEGA,Mega Arbok,Mega Arbok,NO,back,graphics/pokemon/arbok/mega/back.png,https://raw.githubusercontent.com/Elite-Redux/eliteredux-source/8bf8bf062e40724cc07569d84c67763f20e4d00e/graphics/pokemon/arbok/mega/back.png
SPECIES_ARBOK_MEGA,Mega Arbok,Mega Arbok,NO,icon,graphics/pokemon/arbok/mega/icon.png,https://raw.githubusercontent.com/Elite-Redux/eliteredux-source/8bf8bf062e40724cc07569d84c67763f20e4d00e/graphics/pokemon/arbok/mega/icon.png
SPECIES_ARBOK_MEGA,Mega Arbok,Mega Arbok,NO,normal_palette,graphics/pokemon/arbok/mega/normal.pal,https://raw.githubusercontent.com/Elite-Redux/eliteredux-source/8bf8bf062e40724cc07569d84c67763f20e4d00e/graphics/pokemon/arbok/mega/normal.pal
SPECIES_ARBOK_MEGA,Mega Arbok,Mega Arbok,NO,shiny_palette,graphics/pokemon/arbok/mega/shiny.pal,https://raw.githubusercontent.com/Elite-Redux/eliteredux-source/8bf8bf062e40724cc07569d84c67763f20e4d00e/graphics/pokemon/arbok/mega/shiny.pal
SPECIES_CORMOTH_MEGA,Mega Cormoth,Mega Cormoth,NO,front,graphics/pokemon/cormoth/mega/front.png,https://raw.githubusercontent.com/Elite-Redux/eliteredux-source/8bf8bf062e40724cc07569d84c67763f20e4d00e/graphics/pokemon/cormoth/mega/front.png
SPECIES_CORMOTH_MEGA,Mega Cormoth,Mega Cormoth,NO,back,graphics/pokemon/cormoth/mega/back.png,https://raw.githubusercontent.com/Elite-Redux/eliteredux-source/8bf8bf062e40724cc07569d84c67763f20e4d00e/graphics/pokemon/cormoth/mega/back.png
SPECIES_CORMOTH_MEGA,Mega Cormoth,Mega Cormoth,NO,icon,graphics/pokemon/cormoth/mega/icon.png,https://raw.githubusercontent.com/Elite-Redux/eliteredux-source/8bf8bf062e40724cc07569d84c67763f20e4d00e/graphics/pokemon/cormoth/mega/icon.png
SPECIES_CORMOTH_MEGA,Mega Cormoth,Mega Cormoth,NO,normal_palette,graphics/pokemon/cormoth/mega/normal.pal,https://raw.githubusercontent.com/Elite-Redux/eliteredux-source/8bf8bf062e40724cc07569d84c67763f20e4d00e/graphics/pokemon/cormoth/mega/normal.pal
SPECIES_CORMOTH_MEGA,Mega Cormoth,Mega Cormoth,NO,shiny_palette,graphics/pokemon/cormoth/mega/shiny.pal,https://raw.githubusercontent.com/Elite-Redux/eliteredux-source/8bf8bf062e40724cc07569d84c67763f20e4d00e/graphics/pokemon/cormoth/mega/shiny.pal
SPECIES_AMPHYBUZZ_MEGA,Mega Amphybuzz,Mega Amphybuzz,NO,front,graphics/pokemon/amphybuzz/mega/front.png,https://raw.githubusercontent.com/Elite-Redux/eliteredux-source/8bf8bf062e40724cc07569d84c67763f20e4d00e/graphics/pokemon/amphybuzz/mega/front.png
SPECIES_AMPHYBUZZ_MEGA,Mega Amphybuzz,Mega Amphybuzz,NO,back,graphics/pokemon/amphybuzz/mega/back.png,https://raw.githubusercontent.com/Elite-Redux/eliteredux-source/8bf8bf062e40724cc07569d84c67763f20e4d00e/graphics/pokemon/amphybuzz/mega/back.png
SPECIES_AMPHYBUZZ_MEGA,Mega Amphybuzz,Mega Amphybuzz,NO,icon,graphics/pokemon/amphybuzz/mega/icon.png,https://raw.githubusercontent.com/Elite-Redux/eliteredux-source/8bf8bf062e40724cc07569d84c67763f20e4d00e/graphics/pokemon/amphybuzz/mega/icon.png
SPECIES_AMPHYBUZZ_MEGA,Mega Amphybuzz,Mega Amphybuzz,NO,normal_palette,graphics/pokemon/amphybuzz/mega/normal.pal,https://raw.githubusercontent.com/Elite-Redux/eliteredux-source/8bf8bf062e40724cc07569d84c67763f20e4d00e/graphics/pokemon/amphybuzz/mega/normal.pal
SPECIES_AMPHYBUZZ_MEGA,Mega Amphybuzz,Mega Amphybuzz,NO,shiny_palette,graphics/pokemon/amphybuzz/mega/shiny.pal,https://raw.githubusercontent.com/Elite-Redux/eliteredux-source/8bf8bf062e40724cc07569d84c67763f20e4d00e/graphics/pokemon/amphybuzz/mega/shiny.pal
SPECIES_BLASTOISE_MEGA_X,Mega Blastoise X,Mega Blastoise X,NO,front,graphics/pokemon/blastoise/mega_x/front.png,https://raw.githubusercontent.com/Elite-Redux/eliteredux-source/8bf8bf062e40724cc07569d84c67763f20e4d00e/graphics/pokemon/blastoise/mega_x/front.png
SPECIES_BLASTOISE_MEGA_X,Mega Blastoise X,Mega Blastoise X,NO,back,graphics/pokemon/blastoise/mega_x/back.png,https://raw.githubusercontent.com/Elite-Redux/eliteredux-source/8bf8bf062e40724cc07569d84c67763f20e4d00e/graphics/pokemon/blastoise/mega_x/back.png
SPECIES_BLASTOISE_MEGA_X,Mega Blastoise X,Mega Blastoise X,NO,icon,graphics/pokemon/blastoise/mega_x/icon.png,https://raw.githubusercontent.com/Elite-Redux/eliteredux-source/8bf8bf062e40724cc07569d84c67763f20e4d00e/graphics/pokemon/blastoise/mega_x/icon.png
SPECIES_BLASTOISE_MEGA_X,Mega Blastoise X,Mega Blastoise X,NO,normal_palette,graphics/pokemon/blastoise/mega_x/normal.pal,https://raw.githubusercontent.com/Elite-Redux/eliteredux-source/8bf8bf062e40724cc07569d84c67763f20e4d00e/graphics/pokemon/blastoise/mega_x/normal.pal
SPECIES_BLASTOISE_MEGA_X,Mega Blastoise X,Mega Blastoise X,NO,shiny_palette,graphics/pokemon/blastoise/mega_x/shiny.pal,https://raw.githubusercontent.com/Elite-Redux/eliteredux-source/8bf8bf062e40724cc07569d84c67763f20e4d00e/graphics/pokemon/blastoise/mega_x/shiny.pal
SPECIES_GENGAR_MEGA_X,Mega Gengar X,Mega Gengar X,NO,front,graphics/pokemon/gengar/mega_x/front.png,https://raw.githubusercontent.com/Elite-Redux/eliteredux-source/8bf8bf062e40724cc07569d84c67763f20e4d00e/graphics/pokemon/gengar/mega_x/front.png
SPECIES_GENGAR_MEGA_X,Mega Gengar X,Mega Gengar X,NO,back,graphics/pokemon/gengar/mega_x/back.png,https://raw.githubusercontent.com/Elite-Redux/eliteredux-source/8bf8bf062e40724cc07569d84c67763f20e4d00e/graphics/pokemon/gengar/mega_x/back.png
SPECIES_GENGAR_MEGA_X,Mega Gengar X,Mega Gengar X,NO,icon,graphics/pokemon/gengar/mega_x/icon.png,https://raw.githubusercontent.com/Elite-Redux/eliteredux-source/8bf8bf062e40724cc07569d84c67763f20e4d00e/graphics/pokemon/gengar/mega_x/icon.png
SPECIES_GENGAR_MEGA_X,Mega Gengar X,Mega Gengar X,NO,normal_palette,graphics/pokemon/gengar/mega_x/normal.pal,https://raw.githubusercontent.com/Elite-Redux/eliteredux-source/8bf8bf062e40724cc07569d84c67763f20e4d00e/graphics/pokemon/gengar/mega_x/normal.pal
SPECIES_GENGAR_MEGA_X,Mega Gengar X,Mega Gengar X,NO,shiny_palette,graphics/pokemon/gengar/mega_x/shiny.pal,https://raw.githubusercontent.com/Elite-Redux/eliteredux-source/8bf8bf062e40724cc07569d84c67763f20e4d00e/graphics/pokemon/gengar/mega_x/shiny.pal
SPECIES_CINDERACE_MEGA,Mega Cinderace,Mega Cinderace,NO,front,graphics/pokemon/cinderace/mega/front.png,https://raw.githubusercontent.com/Elite-Redux/eliteredux-source/8bf8bf062e40724cc07569d84c67763f20e4d00e/graphics/pokemon/cinderace/mega/front.png
SPECIES_CINDERACE_MEGA,Mega Cinderace,Mega Cinderace,NO,back,graphics/pokemon/cinderace/mega/back.png,https://raw.githubusercontent.com/Elite-Redux/eliteredux-source/8bf8bf062e40724cc07569d84c67763f20e4d00e/graphics/pokemon/cinderace/mega/back.png
SPECIES_CINDERACE_MEGA,Mega Cinderace,Mega Cinderace,NO,icon,graphics/pokemon/cinderace/mega/icon.png,https://raw.githubusercontent.com/Elite-Redux/eliteredux-source/8bf8bf062e40724cc07569d84c67763f20e4d00e/graphics/pokemon/cinderace/mega/icon.png
SPECIES_CINDERACE_MEGA,Mega Cinderace,Mega Cinderace,NO,normal_palette,graphics/pokemon/cinderace/mega/normal.pal,https://raw.githubusercontent.com/Elite-Redux/eliteredux-source/8bf8bf062e40724cc07569d84c67763f20e4d00e/graphics/pokemon/cinderace/mega/normal.pal
SPECIES_CINDERACE_MEGA,Mega Cinderace,Mega Cinderace,NO,shiny_palette,graphics/pokemon/cinderace/mega/shiny.pal,https://raw.githubusercontent.com/Elite-Redux/eliteredux-source/8bf8bf062e40724cc07569d84c67763f20e4d00e/graphics/pokemon/cinderace/mega/shiny.pal
SPECIES_CORVIKNIGHT_MEGA,Mega Corviknight,Mega Corviknight,NO,front,graphics/pokemon/corviknight/mega/front.png,https://raw.githubusercontent.com/Elite-Redux/eliteredux-source/8bf8bf062e40724cc07569d84c67763f20e4d00e/graphics/pokemon/corviknight/mega/front.png
SPECIES_CORVIKNIGHT_MEGA,Mega Corviknight,Mega Corviknight,NO,back,graphics/pokemon/corviknight/mega/back.png,https://raw.githubusercontent.com/Elite-Redux/eliteredux-source/8bf8bf062e40724cc07569d84c67763f20e4d00e/graphics/pokemon/corviknight/mega/back.png
SPECIES_CORVIKNIGHT_MEGA,Mega Corviknight,Mega Corviknight,NO,icon,graphics/pokemon/corviknight/mega/icon.png,https://raw.githubusercontent.com/Elite-Redux/eliteredux-source/8bf8bf062e40724cc07569d84c67763f20e4d00e/graphics/pokemon/corviknight/mega/icon.png
SPECIES_CORVIKNIGHT_MEGA,Mega Corviknight,Mega Corviknight,NO,normal_palette,graphics/pokemon/corviknight/mega/normal.pal,https://raw.githubusercontent.com/Elite-Redux/eliteredux-source/8bf8bf062e40724cc07569d84c67763f20e4d00e/graphics/pokemon/corviknight/mega/normal.pal
SPECIES_CORVIKNIGHT_MEGA,Mega Corviknight,Mega Corviknight,NO,shiny_palette,graphics/pokemon/corviknight/mega/shiny.pal,https://raw.githubusercontent.com/Elite-Redux/eliteredux-source/8bf8bf062e40724cc07569d84c67763f20e4d00e/graphics/pokemon/corviknight/mega/shiny.pal
SPECIES_DREDNAW_MEGA,Mega Drednaw,Mega Drednaw,NO,front,graphics/pokemon/drednaw/mega/front.png,https://raw.githubusercontent.com/Elite-Redux/eliteredux-source/8bf8bf062e40724cc07569d84c67763f20e4d00e/graphics/pokemon/drednaw/mega/front.png
SPECIES_DREDNAW_MEGA,Mega Drednaw,Mega Drednaw,NO,back,graphics/pokemon/drednaw/mega/back.png,https://raw.githubusercontent.com/Elite-Redux/eliteredux-source/8bf8bf062e40724cc07569d84c67763f20e4d00e/graphics/pokemon/drednaw/mega/back.png
SPECIES_DREDNAW_MEGA,Mega Drednaw,Mega Drednaw,NO,icon,graphics/pokemon/drednaw/mega/icon.png,https://raw.githubusercontent.com/Elite-Redux/eliteredux-source/8bf8bf062e40724cc07569d84c67763f20e4d00e/graphics/pokemon/drednaw/mega/icon.png
SPECIES_DREDNAW_MEGA,Mega Drednaw,Mega Drednaw,NO,normal_palette,graphics/pokemon/drednaw/mega/normal.pal,https://raw.githubusercontent.com/Elite-Redux/eliteredux-source/8bf8bf062e40724cc07569d84c67763f20e4d00e/graphics/pokemon/drednaw/mega/normal.pal
SPECIES_DREDNAW_MEGA,Mega Drednaw,Mega Drednaw,NO,shiny_palette,graphics/pokemon/drednaw/mega/shiny.pal,https://raw.githubusercontent.com/Elite-Redux/eliteredux-source/8bf8bf062e40724cc07569d84c67763f20e4d00e/graphics/pokemon/drednaw/mega/shiny.pal
SPECIES_COALOSSAL_MEGA,Mega Coalossal,Mega Coalossal,NO,front,graphics/pokemon/coalossal/mega/front.png,https://raw.githubusercontent.com/Elite-Redux/eliteredux-source/8bf8bf062e40724cc07569d84c67763f20e4d00e/graphics/pokemon/coalossal/mega/front.png
SPECIES_COALOSSAL_MEGA,Mega Coalossal,Mega Coalossal,NO,back,graphics/pokemon/coalossal/mega/back.png,https://raw.githubusercontent.com/Elite-Redux/eliteredux-source/8bf8bf062e40724cc07569d84c67763f20e4d00e/graphics/pokemon/coalossal/mega/back.png
SPECIES_COALOSSAL_MEGA,Mega Coalossal,Mega Coalossal,NO,icon,graphics/pokemon/coalossal/mega/icon.png,https://raw.githubusercontent.com/Elite-Redux/eliteredux-source/8bf8bf062e40724cc07569d84c67763f20e4d00e/graphics/pokemon/coalossal/mega/icon.png
SPECIES_COALOSSAL_MEGA,Mega Coalossal,Mega Coalossal,NO,normal_palette,graphics/pokemon/coalossal/mega/normal.pal,https://raw.githubusercontent.com/Elite-Redux/eliteredux-source/8bf8bf062e40724cc07569d84c67763f20e4d00e/graphics/pokemon/coalossal/mega/normal.pal
SPECIES_COALOSSAL_MEGA,Mega Coalossal,Mega Coalossal,NO,shiny_palette,graphics/pokemon/coalossal/mega/shiny.pal,https://raw.githubusercontent.com/Elite-Redux/eliteredux-source/8bf8bf062e40724cc07569d84c67763f20e4d00e/graphics/pokemon/coalossal/mega/shiny.pal
SPECIES_COPPERAJAH_MEGA,Mega Copperajah,Mega Copperajah,NO,front,graphics/pokemon/copperajah/mega/front.png,https://raw.githubusercontent.com/Elite-Redux/eliteredux-source/8bf8bf062e40724cc07569d84c67763f20e4d00e/graphics/pokemon/copperajah/mega/front.png
SPECIES_COPPERAJAH_MEGA,Mega Copperajah,Mega Copperajah,NO,back,graphics/pokemon/copperajah/mega/back.png,https://raw.githubusercontent.com/Elite-Redux/eliteredux-source/8bf8bf062e40724cc07569d84c67763f20e4d00e/graphics/pokemon/copperajah/mega/back.png
SPECIES_COPPERAJAH_MEGA,Mega Copperajah,Mega Copperajah,NO,icon,graphics/pokemon/copperajah/mega/icon.png,https://raw.githubusercontent.com/Elite-Redux/eliteredux-source/8bf8bf062e40724cc07569d84c67763f20e4d00e/graphics/pokemon/copperajah/mega/icon.png
SPECIES_COPPERAJAH_MEGA,Mega Copperajah,Mega Copperajah,NO,normal_palette,graphics/pokemon/copperajah/mega/normal.pal,https://raw.githubusercontent.com/Elite-Redux/eliteredux-source/8bf8bf062e40724cc07569d84c67763f20e4d00e/graphics/pokemon/copperajah/mega/normal.pal
SPECIES_COPPERAJAH_MEGA,Mega Copperajah,Mega Copperajah,NO,shiny_palette,graphics/pokemon/copperajah/mega/shiny.pal,https://raw.githubusercontent.com/Elite-Redux/eliteredux-source/8bf8bf062e40724cc07569d84c67763f20e4d00e/graphics/pokemon/copperajah/mega/shiny.pal
SPECIES_GARBODOR_MEGA,Mega Garbodor,Mega Garbodor,NO,front,graphics/pokemon/garbodor/mega/front.png,https://raw.githubusercontent.com/Elite-Redux/eliteredux-source/8bf8bf062e40724cc07569d84c67763f20e4d00e/graphics/pokemon/garbodor/mega/front.png
SPECIES_GARBODOR_MEGA,Mega Garbodor,Mega Garbodor,NO,back,graphics/pokemon/garbodor/mega/back.png,https://raw.githubusercontent.com/Elite-Redux/eliteredux-source/8bf8bf062e40724cc07569d84c67763f20e4d00e/graphics/pokemon/garbodor/mega/back.png
SPECIES_GARBODOR_MEGA,Mega Garbodor,Mega Garbodor,NO,icon,graphics/pokemon/garbodor/mega/icon.png,https://raw.githubusercontent.com/Elite-Redux/eliteredux-source/8bf8bf062e40724cc07569d84c67763f20e4d00e/graphics/pokemon/garbodor/mega/icon.png
SPECIES_GARBODOR_MEGA,Mega Garbodor,Mega Garbodor,NO,normal_palette,graphics/pokemon/garbodor/mega/normal.pal,https://raw.githubusercontent.com/Elite-Redux/eliteredux-source/8bf8bf062e40724cc07569d84c67763f20e4d00e/graphics/pokemon/garbodor/mega/normal.pal
SPECIES_GARBODOR_MEGA,Mega Garbodor,Mega Garbodor,NO,shiny_palette,graphics/pokemon/garbodor/mega/shiny.pal,https://raw.githubusercontent.com/Elite-Redux/eliteredux-source/8bf8bf062e40724cc07569d84c67763f20e4d00e/graphics/pokemon/garbodor/mega/shiny.pal
SPECIES_GRIMMSNARL_MEGA,Mega Grimmsnarl,Mega Grimmsnarl,NO,front,graphics/pokemon/grimmsnarl/mega/front.png,https://raw.githubusercontent.com/Elite-Redux/eliteredux-source/8bf8bf062e40724cc07569d84c67763f20e4d00e/graphics/pokemon/grimmsnarl/mega/front.png
SPECIES_GRIMMSNARL_MEGA,Mega Grimmsnarl,Mega Grimmsnarl,NO,back,graphics/pokemon/grimmsnarl/mega/back.png,https://raw.githubusercontent.com/Elite-Redux/eliteredux-source/8bf8bf062e40724cc07569d84c67763f20e4d00e/graphics/pokemon/grimmsnarl/mega/back.png
SPECIES_GRIMMSNARL_MEGA,Mega Grimmsnarl,Mega Grimmsnarl,NO,icon,graphics/pokemon/grimmsnarl/mega/icon.png,https://raw.githubusercontent.com/Elite-Redux/eliteredux-source/8bf8bf062e40724cc07569d84c67763f20e4d00e/graphics/pokemon/grimmsnarl/mega/icon.png
SPECIES_GRIMMSNARL_MEGA,Mega Grimmsnarl,Mega Grimmsnarl,NO,normal_palette,graphics/pokemon/grimmsnarl/mega/normal.pal,https://raw.githubusercontent.com/Elite-Redux/eliteredux-source/8bf8bf062e40724cc07569d84c67763f20e4d00e/graphics/pokemon/grimmsnarl/mega/normal.pal
SPECIES_GRIMMSNARL_MEGA,Mega Grimmsnarl,Mega Grimmsnarl,NO,shiny_palette,graphics/pokemon/grimmsnarl/mega/shiny.pal,https://raw.githubusercontent.com/Elite-Redux/eliteredux-source/8bf8bf062e40724cc07569d84c67763f20e4d00e/graphics/pokemon/grimmsnarl/mega/shiny.pal
SPECIES_CENTISKORCH_MEGA,Mega Centiskorch,Mega Centiskorch,NO,front,graphics/pokemon/centiskorch/mega/front.png,https://raw.githubusercontent.com/Elite-Redux/eliteredux-source/8bf8bf062e40724cc07569d84c67763f20e4d00e/graphics/pokemon/centiskorch/mega/front.png
SPECIES_CENTISKORCH_MEGA,Mega Centiskorch,Mega Centiskorch,NO,back,graphics/pokemon/centiskorch/mega/back.png,https://raw.githubusercontent.com/Elite-Redux/eliteredux-source/8bf8bf062e40724cc07569d84c67763f20e4d00e/graphics/pokemon/centiskorch/mega/back.png
SPECIES_CENTISKORCH_MEGA,Mega Centiskorch,Mega Centiskorch,NO,icon,graphics/pokemon/centiskorch/mega/icon.png,https://raw.githubusercontent.com/Elite-Redux/eliteredux-source/8bf8bf062e40724cc07569d84c67763f20e4d00e/graphics/pokemon/centiskorch/mega/icon.png
SPECIES_CENTISKORCH_MEGA,Mega Centiskorch,Mega Centiskorch,NO,normal_palette,graphics/pokemon/centiskorch/mega/normal.pal,https://raw.githubusercontent.com/Elite-Redux/eliteredux-source/8bf8bf062e40724cc07569d84c67763f20e4d00e/graphics/pokemon/centiskorch/mega/normal.pal
SPECIES_CENTISKORCH_MEGA,Mega Centiskorch,Mega Centiskorch,NO,shiny_palette,graphics/pokemon/centiskorch/mega/shiny.pal,https://raw.githubusercontent.com/Elite-Redux/eliteredux-source/8bf8bf062e40724cc07569d84c67763f20e4d00e/graphics/pokemon/centiskorch/mega/shiny.pal
SPECIES_MACHAMP_MEGA,Mega Machamp,Mega Machamp,NO,front,graphics/pokemon/machamp/mega/front.png,https://raw.githubusercontent.com/Elite-Redux/eliteredux-source/8bf8bf062e40724cc07569d84c67763f20e4d00e/graphics/pokemon/machamp/mega/front.png
SPECIES_MACHAMP_MEGA,Mega Machamp,Mega Machamp,NO,back,graphics/pokemon/machamp/mega/back.png,https://raw.githubusercontent.com/Elite-Redux/eliteredux-source/8bf8bf062e40724cc07569d84c67763f20e4d00e/graphics/pokemon/machamp/mega/back.png
SPECIES_MACHAMP_MEGA,Mega Machamp,Mega Machamp,NO,icon,graphics/pokemon/machamp/mega/icon.png,https://raw.githubusercontent.com/Elite-Redux/eliteredux-source/8bf8bf062e40724cc07569d84c67763f20e4d00e/graphics/pokemon/machamp/mega/icon.png
SPECIES_MACHAMP_MEGA,Mega Machamp,Mega Machamp,NO,normal_palette,graphics/pokemon/machamp/mega/normal.pal,https://raw.githubusercontent.com/Elite-Redux/eliteredux-source/8bf8bf062e40724cc07569d84c67763f20e4d00e/graphics/pokemon/machamp/mega/normal.pal
SPECIES_MACHAMP_MEGA,Mega Machamp,Mega Machamp,NO,shiny_palette,graphics/pokemon/machamp/mega/shiny.pal,https://raw.githubusercontent.com/Elite-Redux/eliteredux-source/8bf8bf062e40724cc07569d84c67763f20e4d00e/graphics/pokemon/machamp/mega/shiny.pal
SPECIES_KINGLER_MEGA,Mega Kingler,Mega Kingler,NO,front,graphics/pokemon/kingler/mega/front.png,https://raw.githubusercontent.com/Elite-Redux/eliteredux-source/8bf8bf062e40724cc07569d84c67763f20e4d00e/graphics/pokemon/kingler/mega/front.png
SPECIES_KINGLER_MEGA,Mega Kingler,Mega Kingler,NO,back,graphics/pokemon/kingler/mega/back.png,https://raw.githubusercontent.com/Elite-Redux/eliteredux-source/8bf8bf062e40724cc07569d84c67763f20e4d00e/graphics/pokemon/kingler/mega/back.png
SPECIES_KINGLER_MEGA,Mega Kingler,Mega Kingler,NO,icon,graphics/pokemon/kingler/mega/icon.png,https://raw.githubusercontent.com/Elite-Redux/eliteredux-source/8bf8bf062e40724cc07569d84c67763f20e4d00e/graphics/pokemon/kingler/mega/icon.png
SPECIES_KINGLER_MEGA,Mega Kingler,Mega Kingler,NO,normal_palette,graphics/pokemon/kingler/mega/normal.pal,https://raw.githubusercontent.com/Elite-Redux/eliteredux-source/8bf8bf062e40724cc07569d84c67763f20e4d00e/graphics/pokemon/kingler/mega/normal.pal
SPECIES_KINGLER_MEGA,Mega Kingler,Mega Kingler,NO,shiny_palette,graphics/pokemon/kingler/mega/shiny.pal,https://raw.githubusercontent.com/Elite-Redux/eliteredux-source/8bf8bf062e40724cc07569d84c67763f20e4d00e/graphics/pokemon/kingler/mega/shiny.pal
SPECIES_LAPRAS_MEGA,Mega Lapras,Mega Lapras,NO,front,graphics/pokemon/lapras/mega/front.png,https://raw.githubusercontent.com/Elite-Redux/eliteredux-source/8bf8bf062e40724cc07569d84c67763f20e4d00e/graphics/pokemon/lapras/mega/front.png
SPECIES_LAPRAS_MEGA,Mega Lapras,Mega Lapras,NO,back,graphics/pokemon/lapras/mega/back.png,https://raw.githubusercontent.com/Elite-Redux/eliteredux-source/8bf8bf062e40724cc07569d84c67763f20e4d00e/graphics/pokemon/lapras/mega/back.png
SPECIES_LAPRAS_MEGA,Mega Lapras,Mega Lapras,NO,icon,graphics/pokemon/lapras/mega/icon.png,https://raw.githubusercontent.com/Elite-Redux/eliteredux-source/8bf8bf062e40724cc07569d84c67763f20e4d00e/graphics/pokemon/lapras/mega/icon.png
SPECIES_LAPRAS_MEGA,Mega Lapras,Mega Lapras,NO,normal_palette,graphics/pokemon/lapras/mega/normal.pal,https://raw.githubusercontent.com/Elite-Redux/eliteredux-source/8bf8bf062e40724cc07569d84c67763f20e4d00e/graphics/pokemon/lapras/mega/normal.pal
SPECIES_LAPRAS_MEGA,Mega Lapras,Mega Lapras,NO,shiny_palette,graphics/pokemon/lapras/mega/shiny.pal,https://raw.githubusercontent.com/Elite-Redux/eliteredux-source/8bf8bf062e40724cc07569d84c67763f20e4d00e/graphics/pokemon/lapras/mega/shiny.pal
SPECIES_KINGDRA_MEGA,Mega Kingdra,Mega Kingdra,NO,front,graphics/pokemon/kingdra/mega/front.png,https://raw.githubusercontent.com/Elite-Redux/eliteredux-source/8bf8bf062e40724cc07569d84c67763f20e4d00e/graphics/pokemon/kingdra/mega/front.png
SPECIES_KINGDRA_MEGA,Mega Kingdra,Mega Kingdra,NO,back,graphics/pokemon/kingdra/mega/back.png,https://raw.githubusercontent.com/Elite-Redux/eliteredux-source/8bf8bf062e40724cc07569d84c67763f20e4d00e/graphics/pokemon/kingdra/mega/back.png
SPECIES_KINGDRA_MEGA,Mega Kingdra,Mega Kingdra,NO,icon,graphics/pokemon/kingdra/mega/icon.png,https://raw.githubusercontent.com/Elite-Redux/eliteredux-source/8bf8bf062e40724cc07569d84c67763f20e4d00e/graphics/pokemon/kingdra/mega/icon.png
SPECIES_KINGDRA_MEGA,Mega Kingdra,Mega Kingdra,NO,normal_palette,graphics/pokemon/kingdra/mega/normal.pal,https://raw.githubusercontent.com/Elite-Redux/eliteredux-source/8bf8bf062e40724cc07569d84c67763f20e4d00e/graphics/pokemon/kingdra/mega/normal.pal
SPECIES_KINGDRA_MEGA,Mega Kingdra,Mega Kingdra,NO,shiny_palette,graphics/pokemon/kingdra/mega/shiny.pal,https://raw.githubusercontent.com/Elite-Redux/eliteredux-source/8bf8bf062e40724cc07569d84c67763f20e4d00e/graphics/pokemon/kingdra/mega/shiny.pal
SPECIES_HITMONCHAN_MEGA,Mega Hitmonchan,Mega Hitmonchan,NO,front,graphics/pokemon/hitmonchan/mega/front.png,https://raw.githubusercontent.com/Elite-Redux/eliteredux-source/8bf8bf062e40724cc07569d84c67763f20e4d00e/graphics/pokemon/hitmonchan/mega/front.png
SPECIES_HITMONCHAN_MEGA,Mega Hitmonchan,Mega Hitmonchan,NO,back,graphics/pokemon/hitmonchan/mega/back.png,https://raw.githubusercontent.com/Elite-Redux/eliteredux-source/8bf8bf062e40724cc07569d84c67763f20e4d00e/graphics/pokemon/hitmonchan/mega/back.png
SPECIES_HITMONCHAN_MEGA,Mega Hitmonchan,Mega Hitmonchan,NO,icon,graphics/pokemon/hitmonchan/mega/icon.png,https://raw.githubusercontent.com/Elite-Redux/eliteredux-source/8bf8bf062e40724cc07569d84c67763f20e4d00e/graphics/pokemon/hitmonchan/mega/icon.png
SPECIES_HITMONCHAN_MEGA,Mega Hitmonchan,Mega Hitmonchan,NO,normal_palette,graphics/pokemon/hitmonchan/mega/normal.pal,https://raw.githubusercontent.com/Elite-Redux/eliteredux-source/8bf8bf062e40724cc07569d84c67763f20e4d00e/graphics/pokemon/hitmonchan/mega/normal.pal
SPECIES_HITMONCHAN_MEGA,Mega Hitmonchan,Mega Hitmonchan,NO,shiny_palette,graphics/pokemon/hitmonchan/mega/shiny.pal,https://raw.githubusercontent.com/Elite-Redux/eliteredux-source/8bf8bf062e40724cc07569d84c67763f20e4d00e/graphics/pokemon/hitmonchan/mega/shiny.pal
SPECIES_HITMONLEE_MEGA,Mega Hitmonlee,Mega Hitmonlee,NO,front,graphics/pokemon/hitmonlee/mega/front.png,https://raw.githubusercontent.com/Elite-Redux/eliteredux-source/8bf8bf062e40724cc07569d84c67763f20e4d00e/graphics/pokemon/hitmonlee/mega/front.png
SPECIES_HITMONLEE_MEGA,Mega Hitmonlee,Mega Hitmonlee,NO,back,graphics/pokemon/hitmonlee/mega/back.png,https://raw.githubusercontent.com/Elite-Redux/eliteredux-source/8bf8bf062e40724cc07569d84c67763f20e4d00e/graphics/pokemon/hitmonlee/mega/back.png
SPECIES_HITMONLEE_MEGA,Mega Hitmonlee,Mega Hitmonlee,NO,icon,graphics/pokemon/hitmonlee/mega/icon.png,https://raw.githubusercontent.com/Elite-Redux/eliteredux-source/8bf8bf062e40724cc07569d84c67763f20e4d00e/graphics/pokemon/hitmonlee/mega/icon.png
SPECIES_HITMONLEE_MEGA,Mega Hitmonlee,Mega Hitmonlee,NO,normal_palette,graphics/pokemon/hitmonlee/mega/normal.pal,https://raw.githubusercontent.com/Elite-Redux/eliteredux-source/8bf8bf062e40724cc07569d84c67763f20e4d00e/graphics/pokemon/hitmonlee/mega/normal.pal
SPECIES_HITMONLEE_MEGA,Mega Hitmonlee,Mega Hitmonlee,NO,shiny_palette,graphics/pokemon/hitmonlee/mega/shiny.pal,https://raw.githubusercontent.com/Elite-Redux/eliteredux-source/8bf8bf062e40724cc07569d84c67763f20e4d00e/graphics/pokemon/hitmonlee/mega/shiny.pal
SPECIES_HITMONTOP_MEGA,Mega Hitmontop,Mega Hitmontop,NO,front,graphics/pokemon/hitmontop/mega/front.png,https://raw.githubusercontent.com/Elite-Redux/eliteredux-source/8bf8bf062e40724cc07569d84c67763f20e4d00e/graphics/pokemon/hitmontop/mega/front.png
SPECIES_HITMONTOP_MEGA,Mega Hitmontop,Mega Hitmontop,NO,back,graphics/pokemon/hitmontop/mega/back.png,https://raw.githubusercontent.com/Elite-Redux/eliteredux-source/8bf8bf062e40724cc07569d84c67763f20e4d00e/graphics/pokemon/hitmontop/mega/back.png
SPECIES_HITMONTOP_MEGA,Mega Hitmontop,Mega Hitmontop,NO,icon,graphics/pokemon/hitmontop/mega/icon.png,https://raw.githubusercontent.com/Elite-Redux/eliteredux-source/8bf8bf062e40724cc07569d84c67763f20e4d00e/graphics/pokemon/hitmontop/mega/icon.png
SPECIES_HITMONTOP_MEGA,Mega Hitmontop,Mega Hitmontop,NO,normal_palette,graphics/pokemon/hitmontop/mega/normal.pal,https://raw.githubusercontent.com/Elite-Redux/eliteredux-source/8bf8bf062e40724cc07569d84c67763f20e4d00e/graphics/pokemon/hitmontop/mega/normal.pal
SPECIES_HITMONTOP_MEGA,Mega Hitmontop,Mega Hitmontop,NO,shiny_palette,graphics/pokemon/hitmontop/mega/shiny.pal,https://raw.githubusercontent.com/Elite-Redux/eliteredux-source/8bf8bf062e40724cc07569d84c67763f20e4d00e/graphics/pokemon/hitmontop/mega/shiny.pal
SPECIES_JELLICENT_MEGA,Mega Jellicent,Mega Jellicent,NO,front,graphics/pokemon/jellicent/mega/front.png,https://raw.githubusercontent.com/Elite-Redux/eliteredux-source/8bf8bf062e40724cc07569d84c67763f20e4d00e/graphics/pokemon/jellicent/mega/front.png
SPECIES_JELLICENT_MEGA,Mega Jellicent,Mega Jellicent,NO,back,graphics/pokemon/jellicent/mega/back.png,https://raw.githubusercontent.com/Elite-Redux/eliteredux-source/8bf8bf062e40724cc07569d84c67763f20e4d00e/graphics/pokemon/jellicent/mega/back.png
SPECIES_JELLICENT_MEGA,Mega Jellicent,Mega Jellicent,NO,icon,graphics/pokemon/jellicent/mega/icon.png,https://raw.githubusercontent.com/Elite-Redux/eliteredux-source/8bf8bf062e40724cc07569d84c67763f20e4d00e/graphics/pokemon/jellicent/mega/icon.png
SPECIES_JELLICENT_MEGA,Mega Jellicent,Mega Jellicent,NO,normal_palette,graphics/pokemon/jellicent/mega/normal.pal,https://raw.githubusercontent.com/Elite-Redux/eliteredux-source/8bf8bf062e40724cc07569d84c67763f20e4d00e/graphics/pokemon/jellicent/mega/normal.pal
SPECIES_JELLICENT_MEGA,Mega Jellicent,Mega Jellicent,NO,shiny_palette,graphics/pokemon/jellicent/mega/shiny.pal,https://raw.githubusercontent.com/Elite-Redux/eliteredux-source/8bf8bf062e40724cc07569d84c67763f20e4d00e/graphics/pokemon/jellicent/mega/shiny.pal
SPECIES_QUAGSIRE_MEGA,Mega Quagsire,Mega Quagsire,NO,front,graphics/pokemon/quagsire/mega/front.png,https://raw.githubusercontent.com/Elite-Redux/eliteredux-source/8bf8bf062e40724cc07569d84c67763f20e4d00e/graphics/pokemon/quagsire/mega/front.png
SPECIES_QUAGSIRE_MEGA,Mega Quagsire,Mega Quagsire,NO,back,graphics/pokemon/quagsire/mega/back.png,https://raw.githubusercontent.com/Elite-Redux/eliteredux-source/8bf8bf062e40724cc07569d84c67763f20e4d00e/graphics/pokemon/quagsire/mega/back.png
SPECIES_QUAGSIRE_MEGA,Mega Quagsire,Mega Quagsire,NO,icon,graphics/pokemon/quagsire/mega/icon.png,https://raw.githubusercontent.com/Elite-Redux/eliteredux-source/8bf8bf062e40724cc07569d84c67763f20e4d00e/graphics/pokemon/quagsire/mega/icon.png
SPECIES_QUAGSIRE_MEGA,Mega Quagsire,Mega Quagsire,NO,normal_palette,graphics/pokemon/quagsire/mega/normal.pal,https://raw.githubusercontent.com/Elite-Redux/eliteredux-source/8bf8bf062e40724cc07569d84c67763f20e4d00e/graphics/pokemon/quagsire/mega/normal.pal
SPECIES_QUAGSIRE_MEGA,Mega Quagsire,Mega Quagsire,NO,shiny_palette,graphics/pokemon/quagsire/mega/shiny.pal,https://raw.githubusercontent.com/Elite-Redux/eliteredux-source/8bf8bf062e40724cc07569d84c67763f20e4d00e/graphics/pokemon/quagsire/mega/shiny.pal
SPECIES_GYARADOS_MEGA_Y,Mega Gyarados Y,Mega Gyarados Y,NO,front,graphics/pokemon/gyarados/mega_y/front.png,https://raw.githubusercontent.com/Elite-Redux/eliteredux-source/8bf8bf062e40724cc07569d84c67763f20e4d00e/graphics/pokemon/gyarados/mega_y/front.png
SPECIES_GYARADOS_MEGA_Y,Mega Gyarados Y,Mega Gyarados Y,NO,back,graphics/pokemon/gyarados/mega_y/back.png,https://raw.githubusercontent.com/Elite-Redux/eliteredux-source/8bf8bf062e40724cc07569d84c67763f20e4d00e/graphics/pokemon/gyarados/mega_y/back.png
SPECIES_GYARADOS_MEGA_Y,Mega Gyarados Y,Mega Gyarados Y,NO,icon,graphics/pokemon/gyarados/mega_y/icon.png,https://raw.githubusercontent.com/Elite-Redux/eliteredux-source/8bf8bf062e40724cc07569d84c67763f20e4d00e/graphics/pokemon/gyarados/mega_y/icon.png
SPECIES_GYARADOS_MEGA_Y,Mega Gyarados Y,Mega Gyarados Y,NO,normal_palette,graphics/pokemon/gyarados/mega_y/normal.pal,https://raw.githubusercontent.com/Elite-Redux/eliteredux-source/8bf8bf062e40724cc07569d84c67763f20e4d00e/graphics/pokemon/gyarados/mega_y/normal.pal
SPECIES_GYARADOS_MEGA_Y,Mega Gyarados Y,Mega Gyarados Y,NO,shiny_palette,graphics/pokemon/gyarados/mega_y/shiny.pal,https://raw.githubusercontent.com/Elite-Redux/eliteredux-source/8bf8bf062e40724cc07569d84c67763f20e4d00e/graphics/pokemon/gyarados/mega_y/shiny.pal
SPECIES_HAXORUS_MEGA,Mega Haxorus,Mega Haxorus,NO,front,graphics/pokemon/haxorus/mega/front.png,https://raw.githubusercontent.com/Elite-Redux/eliteredux-source/8bf8bf062e40724cc07569d84c67763f20e4d00e/graphics/pokemon/haxorus/mega/front.png
SPECIES_HAXORUS_MEGA,Mega Haxorus,Mega Haxorus,NO,back,graphics/pokemon/haxorus/mega/back.png,https://raw.githubusercontent.com/Elite-Redux/eliteredux-source/8bf8bf062e40724cc07569d84c67763f20e4d00e/graphics/pokemon/haxorus/mega/back.png
SPECIES_HAXORUS_MEGA,Mega Haxorus,Mega Haxorus,NO,icon,graphics/pokemon/haxorus/mega/icon.png,https://raw.githubusercontent.com/Elite-Redux/eliteredux-source/8bf8bf062e40724cc07569d84c67763f20e4d00e/graphics/pokemon/haxorus/mega/icon.png
SPECIES_HAXORUS_MEGA,Mega Haxorus,Mega Haxorus,NO,normal_palette,graphics/pokemon/haxorus/mega/normal.pal,https://raw.githubusercontent.com/Elite-Redux/eliteredux-source/8bf8bf062e40724cc07569d84c67763f20e4d00e/graphics/pokemon/haxorus/mega/normal.pal
SPECIES_HAXORUS_MEGA,Mega Haxorus,Mega Haxorus,NO,shiny_palette,graphics/pokemon/haxorus/mega/shiny.pal,https://raw.githubusercontent.com/Elite-Redux/eliteredux-source/8bf8bf062e40724cc07569d84c67763f20e4d00e/graphics/pokemon/haxorus/mega/shiny.pal
SPECIES_KINGDRA_MEGA_Y,Mega Kingdra Y,Mega Kingdra Y,NO,front,graphics/pokemon/kingdra/mega_y/front.png,https://raw.githubusercontent.com/Elite-Redux/eliteredux-source/8bf8bf062e40724cc07569d84c67763f20e4d00e/graphics/pokemon/kingdra/mega_y/front.png
SPECIES_KINGDRA_MEGA_Y,Mega Kingdra Y,Mega Kingdra Y,NO,back,graphics/pokemon/kingdra/mega_y/back.png,https://raw.githubusercontent.com/Elite-Redux/eliteredux-source/8bf8bf062e40724cc07569d84c67763f20e4d00e/graphics/pokemon/kingdra/mega_y/back.png
SPECIES_KINGDRA_MEGA_Y,Mega Kingdra Y,Mega Kingdra Y,NO,icon,graphics/pokemon/kingdra/mega_y/icon.png,https://raw.githubusercontent.com/Elite-Redux/eliteredux-source/8bf8bf062e40724cc07569d84c67763f20e4d00e/graphics/pokemon/kingdra/mega_y/icon.png
SPECIES_KINGDRA_MEGA_Y,Mega Kingdra Y,Mega Kingdra Y,NO,normal_palette,graphics/pokemon/kingdra/mega_y/normal.pal,https://raw.githubusercontent.com/Elite-Redux/eliteredux-source/8bf8bf062e40724cc07569d84c67763f20e4d00e/graphics/pokemon/kingdra/mega_y/normal.pal
SPECIES_KINGDRA_MEGA_Y,Mega Kingdra Y,Mega Kingdra Y,NO,shiny_palette,graphics/pokemon/kingdra/mega_y/shiny.pal,https://raw.githubusercontent.com/Elite-Redux/eliteredux-source/8bf8bf062e40724cc07569d84c67763f20e4d00e/graphics/pokemon/kingdra/mega_y/shiny.pal
SPECIES_NIDOKING_MEGA,Mega Nidoking,Mega Nidoking,NO,front,graphics/pokemon/nidoking/mega/front.png,https://raw.githubusercontent.com/Elite-Redux/eliteredux-source/8bf8bf062e40724cc07569d84c67763f20e4d00e/graphics/pokemon/nidoking/mega/front.png
SPECIES_NIDOKING_MEGA,Mega Nidoking,Mega Nidoking,NO,back,graphics/pokemon/nidoking/mega/back.png,https://raw.githubusercontent.com/Elite-Redux/eliteredux-source/8bf8bf062e40724cc07569d84c67763f20e4d00e/graphics/pokemon/nidoking/mega/back.png
SPECIES_NIDOKING_MEGA,Mega Nidoking,Mega Nidoking,NO,icon,graphics/pokemon/nidoking/mega/icon.png,https://raw.githubusercontent.com/Elite-Redux/eliteredux-source/8bf8bf062e40724cc07569d84c67763f20e4d00e/graphics/pokemon/nidoking/mega/icon.png
SPECIES_NIDOKING_MEGA,Mega Nidoking,Mega Nidoking,NO,normal_palette,graphics/pokemon/nidoking/mega/normal.pal,https://raw.githubusercontent.com/Elite-Redux/eliteredux-source/8bf8bf062e40724cc07569d84c67763f20e4d00e/graphics/pokemon/nidoking/mega/normal.pal
SPECIES_NIDOKING_MEGA,Mega Nidoking,Mega Nidoking,NO,shiny_palette,graphics/pokemon/nidoking/mega/shiny.pal,https://raw.githubusercontent.com/Elite-Redux/eliteredux-source/8bf8bf062e40724cc07569d84c67763f20e4d00e/graphics/pokemon/nidoking/mega/shiny.pal
SPECIES_NIDOQUEEN_MEGA,Mega Nidoqueen,Mega Nidoqueen,NO,front,graphics/pokemon/nidoqueen/mega/front.png,https://raw.githubusercontent.com/Elite-Redux/eliteredux-source/8bf8bf062e40724cc07569d84c67763f20e4d00e/graphics/pokemon/nidoqueen/mega/front.png
SPECIES_NIDOQUEEN_MEGA,Mega Nidoqueen,Mega Nidoqueen,NO,back,graphics/pokemon/nidoqueen/mega/back.png,https://raw.githubusercontent.com/Elite-Redux/eliteredux-source/8bf8bf062e40724cc07569d84c67763f20e4d00e/graphics/pokemon/nidoqueen/mega/back.png
SPECIES_NIDOQUEEN_MEGA,Mega Nidoqueen,Mega Nidoqueen,NO,icon,graphics/pokemon/nidoqueen/mega/icon.png,https://raw.githubusercontent.com/Elite-Redux/eliteredux-source/8bf8bf062e40724cc07569d84c67763f20e4d00e/graphics/pokemon/nidoqueen/mega/icon.png
SPECIES_NIDOQUEEN_MEGA,Mega Nidoqueen,Mega Nidoqueen,NO,normal_palette,graphics/pokemon/nidoqueen/mega/normal.pal,https://raw.githubusercontent.com/Elite-Redux/eliteredux-source/8bf8bf062e40724cc07569d84c67763f20e4d00e/graphics/pokemon/nidoqueen/mega/normal.pal
SPECIES_NIDOQUEEN_MEGA,Mega Nidoqueen,Mega Nidoqueen,NO,shiny_palette,graphics/pokemon/nidoqueen/mega/shiny.pal,https://raw.githubusercontent.com/Elite-Redux/eliteredux-source/8bf8bf062e40724cc07569d84c67763f20e4d00e/graphics/pokemon/nidoqueen/mega/shiny.pal
SPECIES_KROOKODILE_MEGA,Mega Krookodile,Mega Krookodile,NO,front,graphics/pokemon/krookodile/mega/front.png,https://raw.githubusercontent.com/Elite-Redux/eliteredux-source/8bf8bf062e40724cc07569d84c67763f20e4d00e/graphics/pokemon/krookodile/mega/front.png
SPECIES_KROOKODILE_MEGA,Mega Krookodile,Mega Krookodile,NO,back,graphics/pokemon/krookodile/mega/back.png,https://raw.githubusercontent.com/Elite-Redux/eliteredux-source/8bf8bf062e40724cc07569d84c67763f20e4d00e/graphics/pokemon/krookodile/mega/back.png
SPECIES_KROOKODILE_MEGA,Mega Krookodile,Mega Krookodile,NO,icon,graphics/pokemon/krookodile/mega/icon.png,https://raw.githubusercontent.com/Elite-Redux/eliteredux-source/8bf8bf062e40724cc07569d84c67763f20e4d00e/graphics/pokemon/krookodile/mega/icon.png
SPECIES_KROOKODILE_MEGA,Mega Krookodile,Mega Krookodile,NO,normal_palette,graphics/pokemon/krookodile/mega/normal.pal,https://raw.githubusercontent.com/Elite-Redux/eliteredux-source/8bf8bf062e40724cc07569d84c67763f20e4d00e/graphics/pokemon/krookodile/mega/normal.pal
SPECIES_KROOKODILE_MEGA,Mega Krookodile,Mega Krookodile,NO,shiny_palette,graphics/pokemon/krookodile/mega/shiny.pal,https://raw.githubusercontent.com/Elite-Redux/eliteredux-source/8bf8bf062e40724cc07569d84c67763f20e4d00e/graphics/pokemon/krookodile/mega/shiny.pal
SPECIES_LANTURN_MEGA,Mega Lanturn,Mega Lanturn,NO,front,graphics/pokemon/lanturn/mega/front.png,https://raw.githubusercontent.com/Elite-Redux/eliteredux-source/8bf8bf062e40724cc07569d84c67763f20e4d00e/graphics/pokemon/lanturn/mega/front.png
SPECIES_LANTURN_MEGA,Mega Lanturn,Mega Lanturn,NO,back,graphics/pokemon/lanturn/mega/back.png,https://raw.githubusercontent.com/Elite-Redux/eliteredux-source/8bf8bf062e40724cc07569d84c67763f20e4d00e/graphics/pokemon/lanturn/mega/back.png
SPECIES_LANTURN_MEGA,Mega Lanturn,Mega Lanturn,NO,icon,graphics/pokemon/lanturn/mega/icon.png,https://raw.githubusercontent.com/Elite-Redux/eliteredux-source/8bf8bf062e40724cc07569d84c67763f20e4d00e/graphics/pokemon/lanturn/mega/icon.png
SPECIES_LANTURN_MEGA,Mega Lanturn,Mega Lanturn,NO,normal_palette,graphics/pokemon/lanturn/mega/normal.pal,https://raw.githubusercontent.com/Elite-Redux/eliteredux-source/8bf8bf062e40724cc07569d84c67763f20e4d00e/graphics/pokemon/lanturn/mega/normal.pal
SPECIES_LANTURN_MEGA,Mega Lanturn,Mega Lanturn,NO,shiny_palette,graphics/pokemon/lanturn/mega/shiny.pal,https://raw.githubusercontent.com/Elite-Redux/eliteredux-source/8bf8bf062e40724cc07569d84c67763f20e4d00e/graphics/pokemon/lanturn/mega/shiny.pal
SPECIES_LAPRAS_MEGA_X,Mega Lapras X,Mega Lapras X,NO,front,graphics/pokemon/lapras/mega_x/front.png,https://raw.githubusercontent.com/Elite-Redux/eliteredux-source/8bf8bf062e40724cc07569d84c67763f20e4d00e/graphics/pokemon/lapras/mega_x/front.png
SPECIES_LAPRAS_MEGA_X,Mega Lapras X,Mega Lapras X,NO,back,graphics/pokemon/lapras/mega_x/back.png,https://raw.githubusercontent.com/Elite-Redux/eliteredux-source/8bf8bf062e40724cc07569d84c67763f20e4d00e/graphics/pokemon/lapras/mega_x/back.png
SPECIES_LAPRAS_MEGA_X,Mega Lapras X,Mega Lapras X,NO,icon,graphics/pokemon/lapras/mega_x/icon.png,https://raw.githubusercontent.com/Elite-Redux/eliteredux-source/8bf8bf062e40724cc07569d84c67763f20e4d00e/graphics/pokemon/lapras/mega_x/icon.png
SPECIES_LAPRAS_MEGA_X,Mega Lapras X,Mega Lapras X,NO,normal_palette,graphics/pokemon/lapras/mega_x/normal.pal,https://raw.githubusercontent.com/Elite-Redux/eliteredux-source/8bf8bf062e40724cc07569d84c67763f20e4d00e/graphics/pokemon/lapras/mega_x/normal.pal
SPECIES_LAPRAS_MEGA_X,Mega Lapras X,Mega Lapras X,NO,shiny_palette,graphics/pokemon/lapras/mega_x/shiny.pal,https://raw.githubusercontent.com/Elite-Redux/eliteredux-source/8bf8bf062e40724cc07569d84c67763f20e4d00e/graphics/pokemon/lapras/mega_x/shiny.pal
SPECIES_RAPIDASH_MEGA,Mega Rapidash,Mega Rapidash,NO,front,graphics/pokemon/rapidash/mega/front.png,https://raw.githubusercontent.com/Elite-Redux/eliteredux-source/8bf8bf062e40724cc07569d84c67763f20e4d00e/graphics/pokemon/rapidash/mega/front.png
SPECIES_RAPIDASH_MEGA,Mega Rapidash,Mega Rapidash,NO,back,graphics/pokemon/rapidash/mega/back.png,https://raw.githubusercontent.com/Elite-Redux/eliteredux-source/8bf8bf062e40724cc07569d84c67763f20e4d00e/graphics/pokemon/rapidash/mega/back.png
SPECIES_RAPIDASH_MEGA,Mega Rapidash,Mega Rapidash,NO,icon,graphics/pokemon/rapidash/mega/icon.png,https://raw.githubusercontent.com/Elite-Redux/eliteredux-source/8bf8bf062e40724cc07569d84c67763f20e4d00e/graphics/pokemon/rapidash/mega/icon.png
SPECIES_RAPIDASH_MEGA,Mega Rapidash,Mega Rapidash,NO,normal_palette,graphics/pokemon/rapidash/mega/normal.pal,https://raw.githubusercontent.com/Elite-Redux/eliteredux-source/8bf8bf062e40724cc07569d84c67763f20e4d00e/graphics/pokemon/rapidash/mega/normal.pal
SPECIES_RAPIDASH_MEGA,Mega Rapidash,Mega Rapidash,NO,shiny_palette,graphics/pokemon/rapidash/mega/shiny.pal,https://raw.githubusercontent.com/Elite-Redux/eliteredux-source/8bf8bf062e40724cc07569d84c67763f20e4d00e/graphics/pokemon/rapidash/mega/shiny.pal
SPECIES_ORICORIO_MEGA,Mega Oricorio,Mega Oricorio,NO,front,graphics/pokemon/oricorio/mega/front.png,https://raw.githubusercontent.com/Elite-Redux/eliteredux-source/8bf8bf062e40724cc07569d84c67763f20e4d00e/graphics/pokemon/oricorio/mega/front.png
SPECIES_ORICORIO_MEGA,Mega Oricorio,Mega Oricorio,NO,back,graphics/pokemon/oricorio/mega/back.png,https://raw.githubusercontent.com/Elite-Redux/eliteredux-source/8bf8bf062e40724cc07569d84c67763f20e4d00e/graphics/pokemon/oricorio/mega/back.png
SPECIES_ORICORIO_MEGA,Mega Oricorio,Mega Oricorio,NO,icon,graphics/pokemon/oricorio/mega/icon.png,https://raw.githubusercontent.com/Elite-Redux/eliteredux-source/8bf8bf062e40724cc07569d84c67763f20e4d00e/graphics/pokemon/oricorio/mega/icon.png
SPECIES_ORICORIO_MEGA,Mega Oricorio,Mega Oricorio,NO,normal_palette,graphics/pokemon/oricorio/mega/normal.pal,https://raw.githubusercontent.com/Elite-Redux/eliteredux-source/8bf8bf062e40724cc07569d84c67763f20e4d00e/graphics/pokemon/oricorio/mega/normal.pal
SPECIES_ORICORIO_MEGA,Mega Oricorio,Mega Oricorio,NO,shiny_palette,graphics/pokemon/oricorio/mega/shiny.pal,https://raw.githubusercontent.com/Elite-Redux/eliteredux-source/8bf8bf062e40724cc07569d84c67763f20e4d00e/graphics/pokemon/oricorio/mega/shiny.pal
SPECIES_POPCORM_MEGA,Mega Popcorm,Mega Popcorm,NO,front,graphics/pokemon/popcorm/mega/front.png,https://raw.githubusercontent.com/Elite-Redux/eliteredux-source/8bf8bf062e40724cc07569d84c67763f20e4d00e/graphics/pokemon/popcorm/mega/front.png
SPECIES_POPCORM_MEGA,Mega Popcorm,Mega Popcorm,NO,back,graphics/pokemon/popcorm/mega/back.png,https://raw.githubusercontent.com/Elite-Redux/eliteredux-source/8bf8bf062e40724cc07569d84c67763f20e4d00e/graphics/pokemon/popcorm/mega/back.png
SPECIES_POPCORM_MEGA,Mega Popcorm,Mega Popcorm,NO,icon,graphics/pokemon/popcorm/mega/icon.png,https://raw.githubusercontent.com/Elite-Redux/eliteredux-source/8bf8bf062e40724cc07569d84c67763f20e4d00e/graphics/pokemon/popcorm/mega/icon.png
SPECIES_POPCORM_MEGA,Mega Popcorm,Mega Popcorm,NO,normal_palette,graphics/pokemon/popcorm/mega/normal.pal,https://raw.githubusercontent.com/Elite-Redux/eliteredux-source/8bf8bf062e40724cc07569d84c67763f20e4d00e/graphics/pokemon/popcorm/mega/normal.pal
SPECIES_POPCORM_MEGA,Mega Popcorm,Mega Popcorm,NO,shiny_palette,graphics/pokemon/popcorm/mega/shiny.pal,https://raw.githubusercontent.com/Elite-Redux/eliteredux-source/8bf8bf062e40724cc07569d84c67763f20e4d00e/graphics/pokemon/popcorm/mega/shiny.pal
SPECIES_INTELEON_MEGA,Mega Inteleon,Mega Inteleon,NO,front,graphics/pokemon/inteleon/mega/front.png,https://raw.githubusercontent.com/Elite-Redux/eliteredux-source/8bf8bf062e40724cc07569d84c67763f20e4d00e/graphics/pokemon/inteleon/mega/front.png
SPECIES_INTELEON_MEGA,Mega Inteleon,Mega Inteleon,NO,back,graphics/pokemon/inteleon/mega/back.png,https://raw.githubusercontent.com/Elite-Redux/eliteredux-source/8bf8bf062e40724cc07569d84c67763f20e4d00e/graphics/pokemon/inteleon/mega/back.png
SPECIES_INTELEON_MEGA,Mega Inteleon,Mega Inteleon,NO,icon,graphics/pokemon/inteleon/mega/icon.png,https://raw.githubusercontent.com/Elite-Redux/eliteredux-source/8bf8bf062e40724cc07569d84c67763f20e4d00e/graphics/pokemon/inteleon/mega/icon.png
SPECIES_INTELEON_MEGA,Mega Inteleon,Mega Inteleon,NO,normal_palette,graphics/pokemon/inteleon/mega/normal.pal,https://raw.githubusercontent.com/Elite-Redux/eliteredux-source/8bf8bf062e40724cc07569d84c67763f20e4d00e/graphics/pokemon/inteleon/mega/normal.pal
SPECIES_INTELEON_MEGA,Mega Inteleon,Mega Inteleon,NO,shiny_palette,graphics/pokemon/inteleon/mega/shiny.pal,https://raw.githubusercontent.com/Elite-Redux/eliteredux-source/8bf8bf062e40724cc07569d84c67763f20e4d00e/graphics/pokemon/inteleon/mega/shiny.pal
SPECIES_HATTERENE_MEGA,Mega Hatterene,Mega Hatterene,NO,front,graphics/pokemon/hatterene/mega/front.png,https://raw.githubusercontent.com/Elite-Redux/eliteredux-source/8bf8bf062e40724cc07569d84c67763f20e4d00e/graphics/pokemon/hatterene/mega/front.png
SPECIES_HATTERENE_MEGA,Mega Hatterene,Mega Hatterene,NO,back,graphics/pokemon/hatterene/mega/back.png,https://raw.githubusercontent.com/Elite-Redux/eliteredux-source/8bf8bf062e40724cc07569d84c67763f20e4d00e/graphics/pokemon/hatterene/mega/back.png
SPECIES_HATTERENE_MEGA,Mega Hatterene,Mega Hatterene,NO,icon,graphics/pokemon/hatterene/mega/icon.png,https://raw.githubusercontent.com/Elite-Redux/eliteredux-source/8bf8bf062e40724cc07569d84c67763f20e4d00e/graphics/pokemon/hatterene/mega/icon.png
SPECIES_HATTERENE_MEGA,Mega Hatterene,Mega Hatterene,NO,normal_palette,graphics/pokemon/hatterene/mega/normal.pal,https://raw.githubusercontent.com/Elite-Redux/eliteredux-source/8bf8bf062e40724cc07569d84c67763f20e4d00e/graphics/pokemon/hatterene/mega/normal.pal
SPECIES_HATTERENE_MEGA,Mega Hatterene,Mega Hatterene,NO,shiny_palette,graphics/pokemon/hatterene/mega/shiny.pal,https://raw.githubusercontent.com/Elite-Redux/eliteredux-source/8bf8bf062e40724cc07569d84c67763f20e4d00e/graphics/pokemon/hatterene/mega/shiny.pal
SPECIES_ORBEETLE_MEGA,Mega Orbeetle,Mega Orbeetle,NO,front,graphics/pokemon/orbeetle/mega/front.png,https://raw.githubusercontent.com/Elite-Redux/eliteredux-source/8bf8bf062e40724cc07569d84c67763f20e4d00e/graphics/pokemon/orbeetle/mega/front.png
SPECIES_ORBEETLE_MEGA,Mega Orbeetle,Mega Orbeetle,NO,back,graphics/pokemon/orbeetle/mega/back.png,https://raw.githubusercontent.com/Elite-Redux/eliteredux-source/8bf8bf062e40724cc07569d84c67763f20e4d00e/graphics/pokemon/orbeetle/mega/back.png
SPECIES_ORBEETLE_MEGA,Mega Orbeetle,Mega Orbeetle,NO,icon,graphics/pokemon/orbeetle/mega/icon.png,https://raw.githubusercontent.com/Elite-Redux/eliteredux-source/8bf8bf062e40724cc07569d84c67763f20e4d00e/graphics/pokemon/orbeetle/mega/icon.png
SPECIES_ORBEETLE_MEGA,Mega Orbeetle,Mega Orbeetle,NO,normal_palette,graphics/pokemon/orbeetle/mega/normal.pal,https://raw.githubusercontent.com/Elite-Redux/eliteredux-source/8bf8bf062e40724cc07569d84c67763f20e4d00e/graphics/pokemon/orbeetle/mega/normal.pal
SPECIES_ORBEETLE_MEGA,Mega Orbeetle,Mega Orbeetle,NO,shiny_palette,graphics/pokemon/orbeetle/mega/shiny.pal,https://raw.githubusercontent.com/Elite-Redux/eliteredux-source/8bf8bf062e40724cc07569d84c67763f20e4d00e/graphics/pokemon/orbeetle/mega/shiny.pal
SPECIES_SHUCKLE_MEGA,Mega Shuckle,Mega Shuckle,NO,front,graphics/pokemon/shuckle/mega/front.png,https://raw.githubusercontent.com/Elite-Redux/eliteredux-source/8bf8bf062e40724cc07569d84c67763f20e4d00e/graphics/pokemon/shuckle/mega/front.png
SPECIES_SHUCKLE_MEGA,Mega Shuckle,Mega Shuckle,NO,back,graphics/pokemon/shuckle/mega/back.png,https://raw.githubusercontent.com/Elite-Redux/eliteredux-source/8bf8bf062e40724cc07569d84c67763f20e4d00e/graphics/pokemon/shuckle/mega/back.png
SPECIES_SHUCKLE_MEGA,Mega Shuckle,Mega Shuckle,NO,icon,graphics/pokemon/shuckle/mega/icon.png,https://raw.githubusercontent.com/Elite-Redux/eliteredux-source/8bf8bf062e40724cc07569d84c67763f20e4d00e/graphics/pokemon/shuckle/mega/icon.png
SPECIES_SHUCKLE_MEGA,Mega Shuckle,Mega Shuckle,NO,normal_palette,graphics/pokemon/shuckle/mega/normal.pal,https://raw.githubusercontent.com/Elite-Redux/eliteredux-source/8bf8bf062e40724cc07569d84c67763f20e4d00e/graphics/pokemon/shuckle/mega/normal.pal
SPECIES_SHUCKLE_MEGA,Mega Shuckle,Mega Shuckle,NO,shiny_palette,graphics/pokemon/shuckle/mega/shiny.pal,https://raw.githubusercontent.com/Elite-Redux/eliteredux-source/8bf8bf062e40724cc07569d84c67763f20e4d00e/graphics/pokemon/shuckle/mega/shiny.pal
SPECIES_RELICANTH_MEGA,Mega Relicanth,Mega Relicanth,NO,front,graphics/pokemon/relicanth/mega/front.png,https://raw.githubusercontent.com/Elite-Redux/eliteredux-source/8bf8bf062e40724cc07569d84c67763f20e4d00e/graphics/pokemon/relicanth/mega/front.png
SPECIES_RELICANTH_MEGA,Mega Relicanth,Mega Relicanth,NO,back,graphics/pokemon/relicanth/mega/back.png,https://raw.githubusercontent.com/Elite-Redux/eliteredux-source/8bf8bf062e40724cc07569d84c67763f20e4d00e/graphics/pokemon/relicanth/mega/back.png
SPECIES_RELICANTH_MEGA,Mega Relicanth,Mega Relicanth,NO,icon,graphics/pokemon/relicanth/mega/icon.png,https://raw.githubusercontent.com/Elite-Redux/eliteredux-source/8bf8bf062e40724cc07569d84c67763f20e4d00e/graphics/pokemon/relicanth/mega/icon.png
SPECIES_RELICANTH_MEGA,Mega Relicanth,Mega Relicanth,NO,normal_palette,graphics/pokemon/relicanth/mega/normal.pal,https://raw.githubusercontent.com/Elite-Redux/eliteredux-source/8bf8bf062e40724cc07569d84c67763f20e4d00e/graphics/pokemon/relicanth/mega/normal.pal
SPECIES_RELICANTH_MEGA,Mega Relicanth,Mega Relicanth,NO,shiny_palette,graphics/pokemon/relicanth/mega/shiny.pal,https://raw.githubusercontent.com/Elite-Redux/eliteredux-source/8bf8bf062e40724cc07569d84c67763f20e4d00e/graphics/pokemon/relicanth/mega/shiny.pal
SPECIES_TOUCANNON_MEGA,Mega Toucannon,Mega Toucannon,NO,front,graphics/pokemon/toucannon/mega/front.png,https://raw.githubusercontent.com/Elite-Redux/eliteredux-source/8bf8bf062e40724cc07569d84c67763f20e4d00e/graphics/pokemon/toucannon/mega/front.png
SPECIES_TOUCANNON_MEGA,Mega Toucannon,Mega Toucannon,NO,back,graphics/pokemon/toucannon/mega/back.png,https://raw.githubusercontent.com/Elite-Redux/eliteredux-source/8bf8bf062e40724cc07569d84c67763f20e4d00e/graphics/pokemon/toucannon/mega/back.png
SPECIES_TOUCANNON_MEGA,Mega Toucannon,Mega Toucannon,NO,icon,graphics/pokemon/toucannon/mega/icon.png,https://raw.githubusercontent.com/Elite-Redux/eliteredux-source/8bf8bf062e40724cc07569d84c67763f20e4d00e/graphics/pokemon/toucannon/mega/icon.png
SPECIES_TOUCANNON_MEGA,Mega Toucannon,Mega Toucannon,NO,normal_palette,graphics/pokemon/toucannon/mega/normal.pal,https://raw.githubusercontent.com/Elite-Redux/eliteredux-source/8bf8bf062e40724cc07569d84c67763f20e4d00e/graphics/pokemon/toucannon/mega/normal.pal
SPECIES_TOUCANNON_MEGA,Mega Toucannon,Mega Toucannon,NO,shiny_palette,graphics/pokemon/toucannon/mega/shiny.pal,https://raw.githubusercontent.com/Elite-Redux/eliteredux-source/8bf8bf062e40724cc07569d84c67763f20e4d00e/graphics/pokemon/toucannon/mega/shiny.pal
SPECIES_SLAKING_MEGA,Mega Slaking,Mega Slaking,NO,front,graphics/pokemon/slaking/mega/front.png,https://raw.githubusercontent.com/Elite-Redux/eliteredux-source/8bf8bf062e40724cc07569d84c67763f20e4d00e/graphics/pokemon/slaking/mega/front.png
SPECIES_SLAKING_MEGA,Mega Slaking,Mega Slaking,NO,back,graphics/pokemon/slaking/mega/back.png,https://raw.githubusercontent.com/Elite-Redux/eliteredux-source/8bf8bf062e40724cc07569d84c67763f20e4d00e/graphics/pokemon/slaking/mega/back.png
SPECIES_SLAKING_MEGA,Mega Slaking,Mega Slaking,NO,icon,graphics/pokemon/slaking/mega/icon.png,https://raw.githubusercontent.com/Elite-Redux/eliteredux-source/8bf8bf062e40724cc07569d84c67763f20e4d00e/graphics/pokemon/slaking/mega/icon.png
SPECIES_SLAKING_MEGA,Mega Slaking,Mega Slaking,NO,normal_palette,graphics/pokemon/slaking/mega/normal.pal,https://raw.githubusercontent.com/Elite-Redux/eliteredux-source/8bf8bf062e40724cc07569d84c67763f20e4d00e/graphics/pokemon/slaking/mega/normal.pal
SPECIES_SLAKING_MEGA,Mega Slaking,Mega Slaking,NO,shiny_palette,graphics/pokemon/slaking/mega/shiny.pal,https://raw.githubusercontent.com/Elite-Redux/eliteredux-source/8bf8bf062e40724cc07569d84c67763f20e4d00e/graphics/pokemon/slaking/mega/shiny.pal
SPECIES_SANDSLASH_MEGA,Mega Sandslash,Mega Sandslash,NO,front,graphics/pokemon/sandslash/mega/front.png,https://raw.githubusercontent.com/Elite-Redux/eliteredux-source/8bf8bf062e40724cc07569d84c67763f20e4d00e/graphics/pokemon/sandslash/mega/front.png
SPECIES_SANDSLASH_MEGA,Mega Sandslash,Mega Sandslash,NO,back,graphics/pokemon/sandslash/mega/back.png,https://raw.githubusercontent.com/Elite-Redux/eliteredux-source/8bf8bf062e40724cc07569d84c67763f20e4d00e/graphics/pokemon/sandslash/mega/back.png
SPECIES_SANDSLASH_MEGA,Mega Sandslash,Mega Sandslash,NO,icon,graphics/pokemon/sandslash/mega/icon.png,https://raw.githubusercontent.com/Elite-Redux/eliteredux-source/8bf8bf062e40724cc07569d84c67763f20e4d00e/graphics/pokemon/sandslash/mega/icon.png
SPECIES_SANDSLASH_MEGA,Mega Sandslash,Mega Sandslash,NO,normal_palette,graphics/pokemon/sandslash/mega/normal.pal,https://raw.githubusercontent.com/Elite-Redux/eliteredux-source/8bf8bf062e40724cc07569d84c67763f20e4d00e/graphics/pokemon/sandslash/mega/normal.pal
SPECIES_SANDSLASH_MEGA,Mega Sandslash,Mega Sandslash,NO,shiny_palette,graphics/pokemon/sandslash/mega/shiny.pal,https://raw.githubusercontent.com/Elite-Redux/eliteredux-source/8bf8bf062e40724cc07569d84c67763f20e4d00e/graphics/pokemon/sandslash/mega/shiny.pal
SPECIES_TYPHLOSION_MEGA,Mega Typhlosion,Mega Typhlosion,NO,front,graphics/pokemon/typhlosion/mega/front.png,https://raw.githubusercontent.com/Elite-Redux/eliteredux-source/8bf8bf062e40724cc07569d84c67763f20e4d00e/graphics/pokemon/typhlosion/mega/front.png
SPECIES_TYPHLOSION_MEGA,Mega Typhlosion,Mega Typhlosion,NO,back,graphics/pokemon/typhlosion/mega/back.png,https://raw.githubusercontent.com/Elite-Redux/eliteredux-source/8bf8bf062e40724cc07569d84c67763f20e4d00e/graphics/pokemon/typhlosion/mega/back.png
SPECIES_TYPHLOSION_MEGA,Mega Typhlosion,Mega Typhlosion,NO,icon,graphics/pokemon/typhlosion/mega/icon.png,https://raw.githubusercontent.com/Elite-Redux/eliteredux-source/8bf8bf062e40724cc07569d84c67763f20e4d00e/graphics/pokemon/typhlosion/mega/icon.png
SPECIES_TYPHLOSION_MEGA,Mega Typhlosion,Mega Typhlosion,NO,normal_palette,graphics/pokemon/typhlosion/mega/normal.pal,https://raw.githubusercontent.com/Elite-Redux/eliteredux-source/8bf8bf062e40724cc07569d84c67763f20e4d00e/graphics/pokemon/typhlosion/mega/normal.pal
SPECIES_TYPHLOSION_MEGA,Mega Typhlosion,Mega Typhlosion,NO,shiny_palette,graphics/pokemon/typhlosion/mega/shiny.pal,https://raw.githubusercontent.com/Elite-Redux/eliteredux-source/8bf8bf062e40724cc07569d84c67763f20e4d00e/graphics/pokemon/typhlosion/mega/shiny.pal
SPECIES_SHEDINJA_MEGA,Mega Shedinja,Mega Shedinja,NO,front,graphics/pokemon/shedinja/mega/front.png,https://raw.githubusercontent.com/Elite-Redux/eliteredux-source/8bf8bf062e40724cc07569d84c67763f20e4d00e/graphics/pokemon/shedinja/mega/front.png
SPECIES_SHEDINJA_MEGA,Mega Shedinja,Mega Shedinja,NO,back,graphics/pokemon/shedinja/mega/back.png,https://raw.githubusercontent.com/Elite-Redux/eliteredux-source/8bf8bf062e40724cc07569d84c67763f20e4d00e/graphics/pokemon/shedinja/mega/back.png
SPECIES_SHEDINJA_MEGA,Mega Shedinja,Mega Shedinja,NO,icon,graphics/pokemon/shedinja/mega/icon.png,https://raw.githubusercontent.com/Elite-Redux/eliteredux-source/8bf8bf062e40724cc07569d84c67763f20e4d00e/graphics/pokemon/shedinja/mega/icon.png
SPECIES_SHEDINJA_MEGA,Mega Shedinja,Mega Shedinja,NO,normal_palette,graphics/pokemon/shedinja/mega/normal.pal,https://raw.githubusercontent.com/Elite-Redux/eliteredux-source/8bf8bf062e40724cc07569d84c67763f20e4d00e/graphics/pokemon/shedinja/mega/normal.pal
SPECIES_SHEDINJA_MEGA,Mega Shedinja,Mega Shedinja,NO,shiny_palette,graphics/pokemon/shedinja/mega/shiny.pal,https://raw.githubusercontent.com/Elite-Redux/eliteredux-source/8bf8bf062e40724cc07569d84c67763f20e4d00e/graphics/pokemon/shedinja/mega/shiny.pal
SPECIES_SWALOT_MEGA,Mega Swalot,Mega Swalot,NO,front,graphics/pokemon/swalot/mega/front.png,https://raw.githubusercontent.com/Elite-Redux/eliteredux-source/8bf8bf062e40724cc07569d84c67763f20e4d00e/graphics/pokemon/swalot/mega/front.png
SPECIES_SWALOT_MEGA,Mega Swalot,Mega Swalot,NO,back,graphics/pokemon/swalot/mega/back.png,https://raw.githubusercontent.com/Elite-Redux/eliteredux-source/8bf8bf062e40724cc07569d84c67763f20e4d00e/graphics/pokemon/swalot/mega/back.png
SPECIES_SWALOT_MEGA,Mega Swalot,Mega Swalot,NO,icon,graphics/pokemon/swalot/mega/icon.png,https://raw.githubusercontent.com/Elite-Redux/eliteredux-source/8bf8bf062e40724cc07569d84c67763f20e4d00e/graphics/pokemon/swalot/mega/icon.png
SPECIES_SWALOT_MEGA,Mega Swalot,Mega Swalot,NO,normal_palette,graphics/pokemon/swalot/mega/normal.pal,https://raw.githubusercontent.com/Elite-Redux/eliteredux-source/8bf8bf062e40724cc07569d84c67763f20e4d00e/graphics/pokemon/swalot/mega/normal.pal
SPECIES_SWALOT_MEGA,Mega Swalot,Mega Swalot,NO,shiny_palette,graphics/pokemon/swalot/mega/shiny.pal,https://raw.githubusercontent.com/Elite-Redux/eliteredux-source/8bf8bf062e40724cc07569d84c67763f20e4d00e/graphics/pokemon/swalot/mega/shiny.pal
SPECIES_SLOWKING_MEGA,Mega Slowking,Mega Slowking,NO,front,graphics/pokemon/slowking/mega/front.png,https://raw.githubusercontent.com/Elite-Redux/eliteredux-source/8bf8bf062e40724cc07569d84c67763f20e4d00e/graphics/pokemon/slowking/mega/front.png
SPECIES_SLOWKING_MEGA,Mega Slowking,Mega Slowking,NO,back,graphics/pokemon/slowking/mega/back.png,https://raw.githubusercontent.com/Elite-Redux/eliteredux-source/8bf8bf062e40724cc07569d84c67763f20e4d00e/graphics/pokemon/slowking/mega/back.png
SPECIES_SLOWKING_MEGA,Mega Slowking,Mega Slowking,NO,icon,graphics/pokemon/slowking/mega/icon.png,https://raw.githubusercontent.com/Elite-Redux/eliteredux-source/8bf8bf062e40724cc07569d84c67763f20e4d00e/graphics/pokemon/slowking/mega/icon.png
SPECIES_SLOWKING_MEGA,Mega Slowking,Mega Slowking,NO,normal_palette,graphics/pokemon/slowking/mega/normal.pal,https://raw.githubusercontent.com/Elite-Redux/eliteredux-source/8bf8bf062e40724cc07569d84c67763f20e4d00e/graphics/pokemon/slowking/mega/normal.pal
SPECIES_SLOWKING_MEGA,Mega Slowking,Mega Slowking,NO,shiny_palette,graphics/pokemon/slowking/mega/shiny.pal,https://raw.githubusercontent.com/Elite-Redux/eliteredux-source/8bf8bf062e40724cc07569d84c67763f20e4d00e/graphics/pokemon/slowking/mega/shiny.pal
SPECIES_RIBOMBEE_MEGA,Mega Ribombee,Mega Ribombee,NO,front,graphics/pokemon/ribombee/mega/front.png,https://raw.githubusercontent.com/Elite-Redux/eliteredux-source/8bf8bf062e40724cc07569d84c67763f20e4d00e/graphics/pokemon/ribombee/mega/front.png
SPECIES_RIBOMBEE_MEGA,Mega Ribombee,Mega Ribombee,NO,back,graphics/pokemon/ribombee/mega/back.png,https://raw.githubusercontent.com/Elite-Redux/eliteredux-source/8bf8bf062e40724cc07569d84c67763f20e4d00e/graphics/pokemon/ribombee/mega/back.png
SPECIES_RIBOMBEE_MEGA,Mega Ribombee,Mega Ribombee,NO,icon,graphics/pokemon/ribombee/mega/icon.png,https://raw.githubusercontent.com/Elite-Redux/eliteredux-source/8bf8bf062e40724cc07569d84c67763f20e4d00e/graphics/pokemon/ribombee/mega/icon.png
SPECIES_RIBOMBEE_MEGA,Mega Ribombee,Mega Ribombee,NO,normal_palette,graphics/pokemon/ribombee/mega/normal.pal,https://raw.githubusercontent.com/Elite-Redux/eliteredux-source/8bf8bf062e40724cc07569d84c67763f20e4d00e/graphics/pokemon/ribombee/mega/normal.pal
SPECIES_RIBOMBEE_MEGA,Mega Ribombee,Mega Ribombee,NO,shiny_palette,graphics/pokemon/ribombee/mega/shiny.pal,https://raw.githubusercontent.com/Elite-Redux/eliteredux-source/8bf8bf062e40724cc07569d84c67763f20e4d00e/graphics/pokemon/ribombee/mega/shiny.pal
SPECIES_WIGGLYTUFF_MEGA_X,Mega Wigglytuff X,Mega Wigglytuff X,NO,front,graphics/pokemon/wigglytuff/mega_x/front.png,https://raw.githubusercontent.com/Elite-Redux/eliteredux-source/8bf8bf062e40724cc07569d84c67763f20e4d00e/graphics/pokemon/wigglytuff/mega_x/front.png
SPECIES_WIGGLYTUFF_MEGA_X,Mega Wigglytuff X,Mega Wigglytuff X,NO,back,graphics/pokemon/wigglytuff/mega_x/back.png,https://raw.githubusercontent.com/Elite-Redux/eliteredux-source/8bf8bf062e40724cc07569d84c67763f20e4d00e/graphics/pokemon/wigglytuff/mega_x/back.png
SPECIES_WIGGLYTUFF_MEGA_X,Mega Wigglytuff X,Mega Wigglytuff X,NO,icon,graphics/pokemon/wigglytuff/mega_x/icon.png,https://raw.githubusercontent.com/Elite-Redux/eliteredux-source/8bf8bf062e40724cc07569d84c67763f20e4d00e/graphics/pokemon/wigglytuff/mega_x/icon.png
SPECIES_WIGGLYTUFF_MEGA_X,Mega Wigglytuff X,Mega Wigglytuff X,NO,normal_palette,graphics/pokemon/wigglytuff/mega_x/normal.pal,https://raw.githubusercontent.com/Elite-Redux/eliteredux-source/8bf8bf062e40724cc07569d84c67763f20e4d00e/graphics/pokemon/wigglytuff/mega_x/normal.pal
SPECIES_WIGGLYTUFF_MEGA_X,Mega Wigglytuff X,Mega Wigglytuff X,NO,shiny_palette,graphics/pokemon/wigglytuff/mega_x/shiny.pal,https://raw.githubusercontent.com/Elite-Redux/eliteredux-source/8bf8bf062e40724cc07569d84c67763f20e4d00e/graphics/pokemon/wigglytuff/mega_x/shiny.pal
SPECIES_WIGGLYTUFF_MEGA,Mega Wigglytuff,Mega Wigglytuff,NO,front,graphics/pokemon/wigglytuff/mega/front.png,https://raw.githubusercontent.com/Elite-Redux/eliteredux-source/8bf8bf062e40724cc07569d84c67763f20e4d00e/graphics/pokemon/wigglytuff/mega/front.png
SPECIES_WIGGLYTUFF_MEGA,Mega Wigglytuff,Mega Wigglytuff,NO,back,graphics/pokemon/wigglytuff/mega/back.png,https://raw.githubusercontent.com/Elite-Redux/eliteredux-source/8bf8bf062e40724cc07569d84c67763f20e4d00e/graphics/pokemon/wigglytuff/mega/back.png
SPECIES_WIGGLYTUFF_MEGA,Mega Wigglytuff,Mega Wigglytuff,NO,icon,graphics/pokemon/wigglytuff/mega/icon.png,https://raw.githubusercontent.com/Elite-Redux/eliteredux-source/8bf8bf062e40724cc07569d84c67763f20e4d00e/graphics/pokemon/wigglytuff/mega/icon.png
SPECIES_WIGGLYTUFF_MEGA,Mega Wigglytuff,Mega Wigglytuff,NO,normal_palette,graphics/pokemon/wigglytuff/mega/normal.pal,https://raw.githubusercontent.com/Elite-Redux/eliteredux-source/8bf8bf062e40724cc07569d84c67763f20e4d00e/graphics/pokemon/wigglytuff/mega/normal.pal
SPECIES_WIGGLYTUFF_MEGA,Mega Wigglytuff,Mega Wigglytuff,NO,shiny_palette,graphics/pokemon/wigglytuff/mega/shiny.pal,https://raw.githubusercontent.com/Elite-Redux/eliteredux-source/8bf8bf062e40724cc07569d84c67763f20e4d00e/graphics/pokemon/wigglytuff/mega/shiny.pal
SPECIES_VENUSAUR_MEGA_X,Mega Venusaur X,Mega Venusaur X,NO,front,graphics/pokemon/venusaur/mega_x/front.png,https://raw.githubusercontent.com/Elite-Redux/eliteredux-source/8bf8bf062e40724cc07569d84c67763f20e4d00e/graphics/pokemon/venusaur/mega_x/front.png
SPECIES_VENUSAUR_MEGA_X,Mega Venusaur X,Mega Venusaur X,NO,back,graphics/pokemon/venusaur/mega_x/back.png,https://raw.githubusercontent.com/Elite-Redux/eliteredux-source/8bf8bf062e40724cc07569d84c67763f20e4d00e/graphics/pokemon/venusaur/mega_x/back.png
SPECIES_VENUSAUR_MEGA_X,Mega Venusaur X,Mega Venusaur X,NO,icon,graphics/pokemon/venusaur/mega_x/icon.png,https://raw.githubusercontent.com/Elite-Redux/eliteredux-source/8bf8bf062e40724cc07569d84c67763f20e4d00e/graphics/pokemon/venusaur/mega_x/icon.png
SPECIES_VENUSAUR_MEGA_X,Mega Venusaur X,Mega Venusaur X,NO,normal_palette,graphics/pokemon/venusaur/mega_x/normal.pal,https://raw.githubusercontent.com/Elite-Redux/eliteredux-source/8bf8bf062e40724cc07569d84c67763f20e4d00e/graphics/pokemon/venusaur/mega_x/normal.pal
SPECIES_VENUSAUR_MEGA_X,Mega Venusaur X,Mega Venusaur X,NO,shiny_palette,graphics/pokemon/venusaur/mega_x/shiny.pal,https://raw.githubusercontent.com/Elite-Redux/eliteredux-source/8bf8bf062e40724cc07569d84c67763f20e4d00e/graphics/pokemon/venusaur/mega_x/shiny.pal
SPECIES_RILLABOOM_MEGA,Mega Rillaboom,Mega Rillaboom,NO,front,graphics/pokemon/rillaboom/mega/front.png,https://raw.githubusercontent.com/Elite-Redux/eliteredux-source/8bf8bf062e40724cc07569d84c67763f20e4d00e/graphics/pokemon/rillaboom/mega/front.png
SPECIES_RILLABOOM_MEGA,Mega Rillaboom,Mega Rillaboom,NO,back,graphics/pokemon/rillaboom/mega/back.png,https://raw.githubusercontent.com/Elite-Redux/eliteredux-source/8bf8bf062e40724cc07569d84c67763f20e4d00e/graphics/pokemon/rillaboom/mega/back.png
SPECIES_RILLABOOM_MEGA,Mega Rillaboom,Mega Rillaboom,NO,icon,graphics/pokemon/rillaboom/mega/icon.png,https://raw.githubusercontent.com/Elite-Redux/eliteredux-source/8bf8bf062e40724cc07569d84c67763f20e4d00e/graphics/pokemon/rillaboom/mega/icon.png
SPECIES_RILLABOOM_MEGA,Mega Rillaboom,Mega Rillaboom,NO,normal_palette,graphics/pokemon/rillaboom/mega/normal.pal,https://raw.githubusercontent.com/Elite-Redux/eliteredux-source/8bf8bf062e40724cc07569d84c67763f20e4d00e/graphics/pokemon/rillaboom/mega/normal.pal
SPECIES_RILLABOOM_MEGA,Mega Rillaboom,Mega Rillaboom,NO,shiny_palette,graphics/pokemon/rillaboom/mega/shiny.pal,https://raw.githubusercontent.com/Elite-Redux/eliteredux-source/8bf8bf062e40724cc07569d84c67763f20e4d00e/graphics/pokemon/rillaboom/mega/shiny.pal
SPECIES_SANDACONDA_MEGA,Mega Sandaconda,Mega Sandaconda,NO,front,graphics/pokemon/sandaconda/mega/front.png,https://raw.githubusercontent.com/Elite-Redux/eliteredux-source/8bf8bf062e40724cc07569d84c67763f20e4d00e/graphics/pokemon/sandaconda/mega/front.png
SPECIES_SANDACONDA_MEGA,Mega Sandaconda,Mega Sandaconda,NO,back,graphics/pokemon/sandaconda/mega/back.png,https://raw.githubusercontent.com/Elite-Redux/eliteredux-source/8bf8bf062e40724cc07569d84c67763f20e4d00e/graphics/pokemon/sandaconda/mega/back.png
SPECIES_SANDACONDA_MEGA,Mega Sandaconda,Mega Sandaconda,NO,icon,graphics/pokemon/sandaconda/mega/icon.png,https://raw.githubusercontent.com/Elite-Redux/eliteredux-source/8bf8bf062e40724cc07569d84c67763f20e4d00e/graphics/pokemon/sandaconda/mega/icon.png
SPECIES_SANDACONDA_MEGA,Mega Sandaconda,Mega Sandaconda,NO,normal_palette,graphics/pokemon/sandaconda/mega/normal.pal,https://raw.githubusercontent.com/Elite-Redux/eliteredux-source/8bf8bf062e40724cc07569d84c67763f20e4d00e/graphics/pokemon/sandaconda/mega/normal.pal
SPECIES_SANDACONDA_MEGA,Mega Sandaconda,Mega Sandaconda,NO,shiny_palette,graphics/pokemon/sandaconda/mega/shiny.pal,https://raw.githubusercontent.com/Elite-Redux/eliteredux-source/8bf8bf062e40724cc07569d84c67763f20e4d00e/graphics/pokemon/sandaconda/mega/shiny.pal
SPECIES_TOXTRICITY_MEGA,Mega Toxtricity,Mega Toxtricity,NO,front,graphics/pokemon/toxtricity/mega/front.png,https://raw.githubusercontent.com/Elite-Redux/eliteredux-source/8bf8bf062e40724cc07569d84c67763f20e4d00e/graphics/pokemon/toxtricity/mega/front.png
SPECIES_TOXTRICITY_MEGA,Mega Toxtricity,Mega Toxtricity,NO,back,graphics/pokemon/toxtricity/mega/back.png,https://raw.githubusercontent.com/Elite-Redux/eliteredux-source/8bf8bf062e40724cc07569d84c67763f20e4d00e/graphics/pokemon/toxtricity/mega/back.png
SPECIES_TOXTRICITY_MEGA,Mega Toxtricity,Mega Toxtricity,NO,icon,graphics/pokemon/toxtricity/mega/icon.png,https://raw.githubusercontent.com/Elite-Redux/eliteredux-source/8bf8bf062e40724cc07569d84c67763f20e4d00e/graphics/pokemon/toxtricity/mega/icon.png
SPECIES_TOXTRICITY_MEGA,Mega Toxtricity,Mega Toxtricity,NO,normal_palette,graphics/pokemon/toxtricity/mega/normal.pal,https://raw.githubusercontent.com/Elite-Redux/eliteredux-source/8bf8bf062e40724cc07569d84c67763f20e4d00e/graphics/pokemon/toxtricity/mega/normal.pal
SPECIES_TOXTRICITY_MEGA,Mega Toxtricity,Mega Toxtricity,NO,shiny_palette,graphics/pokemon/toxtricity/mega/shiny.pal,https://raw.githubusercontent.com/Elite-Redux/eliteredux-source/8bf8bf062e40724cc07569d84c67763f20e4d00e/graphics/pokemon/toxtricity/mega/shiny.pal
SPECIES_MESPRIT_REDUX,Mesprit Redux,Delta Mesprit,YES,front,graphics/pokemon/mesprit/redux/front.png,https://raw.githubusercontent.com/Elite-Redux/eliteredux-source/8bf8bf062e40724cc07569d84c67763f20e4d00e/graphics/pokemon/mesprit/redux/front.png
SPECIES_MESPRIT_REDUX,Mesprit Redux,Delta Mesprit,YES,back,graphics/pokemon/mesprit/redux/back.png,https://raw.githubusercontent.com/Elite-Redux/eliteredux-source/8bf8bf062e40724cc07569d84c67763f20e4d00e/graphics/pokemon/mesprit/redux/back.png
SPECIES_MESPRIT_REDUX,Mesprit Redux,Delta Mesprit,YES,icon,graphics/pokemon/mesprit/redux/icon.png,https://raw.githubusercontent.com/Elite-Redux/eliteredux-source/8bf8bf062e40724cc07569d84c67763f20e4d00e/graphics/pokemon/mesprit/redux/icon.png
SPECIES_MESPRIT_REDUX,Mesprit Redux,Delta Mesprit,YES,normal_palette,graphics/pokemon/mesprit/redux/normal.pal,https://raw.githubusercontent.com/Elite-Redux/eliteredux-source/8bf8bf062e40724cc07569d84c67763f20e4d00e/graphics/pokemon/mesprit/redux/normal.pal
SPECIES_MESPRIT_REDUX,Mesprit Redux,Delta Mesprit,YES,shiny_palette,graphics/pokemon/mesprit/redux/shiny.pal,https://raw.githubusercontent.com/Elite-Redux/eliteredux-source/8bf8bf062e40724cc07569d84c67763f20e4d00e/graphics/pokemon/mesprit/redux/shiny.pal
SPECIES_URSALUNA_MEGA,Mega Ursaluna,Mega Ursaluna,NO,front,graphics/pokemon/ursaluna/mega/front.png,https://raw.githubusercontent.com/Elite-Redux/eliteredux-source/8bf8bf062e40724cc07569d84c67763f20e4d00e/graphics/pokemon/ursaluna/mega/front.png
SPECIES_URSALUNA_MEGA,Mega Ursaluna,Mega Ursaluna,NO,back,graphics/pokemon/ursaluna/mega/back.png,https://raw.githubusercontent.com/Elite-Redux/eliteredux-source/8bf8bf062e40724cc07569d84c67763f20e4d00e/graphics/pokemon/ursaluna/mega/back.png
SPECIES_URSALUNA_MEGA,Mega Ursaluna,Mega Ursaluna,NO,icon,graphics/pokemon/ursaluna/mega/icon.png,https://raw.githubusercontent.com/Elite-Redux/eliteredux-source/8bf8bf062e40724cc07569d84c67763f20e4d00e/graphics/pokemon/ursaluna/mega/icon.png
SPECIES_URSALUNA_MEGA,Mega Ursaluna,Mega Ursaluna,NO,normal_palette,graphics/pokemon/ursaluna/mega/normal.pal,https://raw.githubusercontent.com/Elite-Redux/eliteredux-source/8bf8bf062e40724cc07569d84c67763f20e4d00e/graphics/pokemon/ursaluna/mega/normal.pal
SPECIES_URSALUNA_MEGA,Mega Ursaluna,Mega Ursaluna,NO,shiny_palette,graphics/pokemon/ursaluna/mega/shiny.pal,https://raw.githubusercontent.com/Elite-Redux/eliteredux-source/8bf8bf062e40724cc07569d84c67763f20e4d00e/graphics/pokemon/ursaluna/mega/shiny.pal
SPECIES_MIMIKYU_RAYQUAZA,Mimikyu Rayquaza,Mimikyu Rayquaza,NO,front,graphics/pokemon/mimikyu/rayquaza/front.png,https://raw.githubusercontent.com/Elite-Redux/eliteredux-source/8bf8bf062e40724cc07569d84c67763f20e4d00e/graphics/pokemon/mimikyu/rayquaza/front.png
SPECIES_MIMIKYU_RAYQUAZA,Mimikyu Rayquaza,Mimikyu Rayquaza,NO,back,graphics/pokemon/mimikyu/rayquaza/back.png,https://raw.githubusercontent.com/Elite-Redux/eliteredux-source/8bf8bf062e40724cc07569d84c67763f20e4d00e/graphics/pokemon/mimikyu/rayquaza/back.png
SPECIES_MIMIKYU_RAYQUAZA,Mimikyu Rayquaza,Mimikyu Rayquaza,NO,icon,graphics/pokemon/mimikyu/rayquaza/icon.png,https://raw.githubusercontent.com/Elite-Redux/eliteredux-source/8bf8bf062e40724cc07569d84c67763f20e4d00e/graphics/pokemon/mimikyu/rayquaza/icon.png
SPECIES_MIMIKYU_RAYQUAZA,Mimikyu Rayquaza,Mimikyu Rayquaza,NO,normal_palette,graphics/pokemon/mimikyu/rayquaza/normal.pal,https://raw.githubusercontent.com/Elite-Redux/eliteredux-source/8bf8bf062e40724cc07569d84c67763f20e4d00e/graphics/pokemon/mimikyu/rayquaza/normal.pal
SPECIES_MIMIKYU_RAYQUAZA,Mimikyu Rayquaza,Mimikyu Rayquaza,NO,shiny_palette,graphics/pokemon/mimikyu/rayquaza/shiny.pal,https://raw.githubusercontent.com/Elite-Redux/eliteredux-source/8bf8bf062e40724cc07569d84c67763f20e4d00e/graphics/pokemon/mimikyu/rayquaza/shiny.pal
SPECIES_TINKATON_MEGA,Mega Tinkaton,Mega Tinkaton,NO,front,graphics/pokemon/tinkaton/mega/front.png,https://raw.githubusercontent.com/Elite-Redux/eliteredux-source/8bf8bf062e40724cc07569d84c67763f20e4d00e/graphics/pokemon/tinkaton/mega/front.png
SPECIES_TINKATON_MEGA,Mega Tinkaton,Mega Tinkaton,NO,back,graphics/pokemon/tinkaton/mega/back.png,https://raw.githubusercontent.com/Elite-Redux/eliteredux-source/8bf8bf062e40724cc07569d84c67763f20e4d00e/graphics/pokemon/tinkaton/mega/back.png
SPECIES_TINKATON_MEGA,Mega Tinkaton,Mega Tinkaton,NO,icon,graphics/pokemon/tinkaton/mega/icon.png,https://raw.githubusercontent.com/Elite-Redux/eliteredux-source/8bf8bf062e40724cc07569d84c67763f20e4d00e/graphics/pokemon/tinkaton/mega/icon.png
SPECIES_TINKATON_MEGA,Mega Tinkaton,Mega Tinkaton,NO,normal_palette,graphics/pokemon/tinkaton/mega/normal.pal,https://raw.githubusercontent.com/Elite-Redux/eliteredux-source/8bf8bf062e40724cc07569d84c67763f20e4d00e/graphics/pokemon/tinkaton/mega/normal.pal
SPECIES_TINKATON_MEGA,Mega Tinkaton,Mega Tinkaton,NO,shiny_palette,graphics/pokemon/tinkaton/mega/shiny.pal,https://raw.githubusercontent.com/Elite-Redux/eliteredux-source/8bf8bf062e40724cc07569d84c67763f20e4d00e/graphics/pokemon/tinkaton/mega/shiny.pal
SPECIES_PHANTOWL,Phantowl,Phantowl,NO,front,graphics/pokemon/phantowl/front.png,https://raw.githubusercontent.com/Elite-Redux/eliteredux-source/8bf8bf062e40724cc07569d84c67763f20e4d00e/graphics/pokemon/phantowl/front.png
SPECIES_PHANTOWL,Phantowl,Phantowl,NO,back,graphics/pokemon/phantowl/back.png,https://raw.githubusercontent.com/Elite-Redux/eliteredux-source/8bf8bf062e40724cc07569d84c67763f20e4d00e/graphics/pokemon/phantowl/back.png
SPECIES_PHANTOWL,Phantowl,Phantowl,NO,icon,graphics/pokemon/phantowl/icon.png,https://raw.githubusercontent.com/Elite-Redux/eliteredux-source/8bf8bf062e40724cc07569d84c67763f20e4d00e/graphics/pokemon/phantowl/icon.png
SPECIES_PHANTOWL,Phantowl,Phantowl,NO,normal_palette,graphics/pokemon/phantowl/normal.pal,https://raw.githubusercontent.com/Elite-Redux/eliteredux-source/8bf8bf062e40724cc07569d84c67763f20e4d00e/graphics/pokemon/phantowl/normal.pal
SPECIES_PHANTOWL,Phantowl,Phantowl,NO,shiny_palette,graphics/pokemon/phantowl/shiny.pal,https://raw.githubusercontent.com/Elite-Redux/eliteredux-source/8bf8bf062e40724cc07569d84c67763f20e4d00e/graphics/pokemon/phantowl/shiny.pal
SPECIES_POLARTIC,Polartic,Polartic,NO,front,graphics/pokemon/polartic/front.png,https://raw.githubusercontent.com/Elite-Redux/eliteredux-source/8bf8bf062e40724cc07569d84c67763f20e4d00e/graphics/pokemon/polartic/front.png
SPECIES_POLARTIC,Polartic,Polartic,NO,back,graphics/pokemon/polartic/back.png,https://raw.githubusercontent.com/Elite-Redux/eliteredux-source/8bf8bf062e40724cc07569d84c67763f20e4d00e/graphics/pokemon/polartic/back.png
SPECIES_POLARTIC,Polartic,Polartic,NO,icon,graphics/pokemon/polartic/icon.png,https://raw.githubusercontent.com/Elite-Redux/eliteredux-source/8bf8bf062e40724cc07569d84c67763f20e4d00e/graphics/pokemon/polartic/icon.png
SPECIES_POLARTIC,Polartic,Polartic,NO,normal_palette,graphics/pokemon/polartic/normal.pal,https://raw.githubusercontent.com/Elite-Redux/eliteredux-source/8bf8bf062e40724cc07569d84c67763f20e4d00e/graphics/pokemon/polartic/normal.pal
SPECIES_POLARTIC,Polartic,Polartic,NO,shiny_palette,graphics/pokemon/polartic/shiny.pal,https://raw.githubusercontent.com/Elite-Redux/eliteredux-source/8bf8bf062e40724cc07569d84c67763f20e4d00e/graphics/pokemon/polartic/shiny.pal
SPECIES_POPCORM,Popcorm,Popcorm,NO,front,graphics/pokemon/popcorm/front.png,https://raw.githubusercontent.com/Elite-Redux/eliteredux-source/8bf8bf062e40724cc07569d84c67763f20e4d00e/graphics/pokemon/popcorm/front.png
SPECIES_POPCORM,Popcorm,Popcorm,NO,back,graphics/pokemon/popcorm/back.png,https://raw.githubusercontent.com/Elite-Redux/eliteredux-source/8bf8bf062e40724cc07569d84c67763f20e4d00e/graphics/pokemon/popcorm/back.png
SPECIES_POPCORM,Popcorm,Popcorm,NO,icon,graphics/pokemon/popcorm/icon.png,https://raw.githubusercontent.com/Elite-Redux/eliteredux-source/8bf8bf062e40724cc07569d84c67763f20e4d00e/graphics/pokemon/popcorm/icon.png
SPECIES_POPCORM,Popcorm,Popcorm,NO,normal_palette,graphics/pokemon/popcorm/normal.pal,https://raw.githubusercontent.com/Elite-Redux/eliteredux-source/8bf8bf062e40724cc07569d84c67763f20e4d00e/graphics/pokemon/popcorm/normal.pal
SPECIES_POPCORM,Popcorm,Popcorm,NO,shiny_palette,graphics/pokemon/popcorm/shiny.pal,https://raw.githubusercontent.com/Elite-Redux/eliteredux-source/8bf8bf062e40724cc07569d84c67763f20e4d00e/graphics/pokemon/popcorm/shiny.pal
SPECIES_PHANFERNAL,Phanfernal,Phanfernal,NO,front,graphics/pokemon/phanfernal/front.png,https://raw.githubusercontent.com/Elite-Redux/eliteredux-source/8bf8bf062e40724cc07569d84c67763f20e4d00e/graphics/pokemon/phanfernal/front.png
SPECIES_PHANFERNAL,Phanfernal,Phanfernal,NO,back,graphics/pokemon/phanfernal/back.png,https://raw.githubusercontent.com/Elite-Redux/eliteredux-source/8bf8bf062e40724cc07569d84c67763f20e4d00e/graphics/pokemon/phanfernal/back.png
SPECIES_PHANFERNAL,Phanfernal,Phanfernal,NO,icon,graphics/pokemon/phanfernal/icon.png,https://raw.githubusercontent.com/Elite-Redux/eliteredux-source/8bf8bf062e40724cc07569d84c67763f20e4d00e/graphics/pokemon/phanfernal/icon.png
SPECIES_PHANFERNAL,Phanfernal,Phanfernal,NO,normal_palette,graphics/pokemon/phanfernal/normal.pal,https://raw.githubusercontent.com/Elite-Redux/eliteredux-source/8bf8bf062e40724cc07569d84c67763f20e4d00e/graphics/pokemon/phanfernal/normal.pal
SPECIES_PHANFERNAL,Phanfernal,Phanfernal,NO,shiny_palette,graphics/pokemon/phanfernal/shiny.pal,https://raw.githubusercontent.com/Elite-Redux/eliteredux-source/8bf8bf062e40724cc07569d84c67763f20e4d00e/graphics/pokemon/phanfernal/shiny.pal
SPECIES_POLARTIC_BLUEMOON,Polartic Bluemoon,Polartic Bluemoon,NO,front,graphics/pokemon/polartic/bluemoon/front.png,https://raw.githubusercontent.com/Elite-Redux/eliteredux-source/8bf8bf062e40724cc07569d84c67763f20e4d00e/graphics/pokemon/polartic/bluemoon/front.png
SPECIES_POLARTIC_BLUEMOON,Polartic Bluemoon,Polartic Bluemoon,NO,back,graphics/pokemon/polartic/bluemoon/back.png,https://raw.githubusercontent.com/Elite-Redux/eliteredux-source/8bf8bf062e40724cc07569d84c67763f20e4d00e/graphics/pokemon/polartic/bluemoon/back.png
SPECIES_POLARTIC_BLUEMOON,Polartic Bluemoon,Polartic Bluemoon,NO,icon,graphics/pokemon/polartic/bluemoon/icon.png,https://raw.githubusercontent.com/Elite-Redux/eliteredux-source/8bf8bf062e40724cc07569d84c67763f20e4d00e/graphics/pokemon/polartic/bluemoon/icon.png
SPECIES_POLARTIC_BLUEMOON,Polartic Bluemoon,Polartic Bluemoon,NO,normal_palette,graphics/pokemon/polartic/bluemoon/normal.pal,https://raw.githubusercontent.com/Elite-Redux/eliteredux-source/8bf8bf062e40724cc07569d84c67763f20e4d00e/graphics/pokemon/polartic/bluemoon/normal.pal
SPECIES_POLARTIC_BLUEMOON,Polartic Bluemoon,Polartic Bluemoon,NO,shiny_palette,graphics/pokemon/polartic/bluemoon/shiny.pal,https://raw.githubusercontent.com/Elite-Redux/eliteredux-source/8bf8bf062e40724cc07569d84c67763f20e4d00e/graphics/pokemon/polartic/bluemoon/shiny.pal
SPECIES_REUNICLUS_REDUX_MEGA,Reuniclus Redux Mega,Mega Delta Reuniclus,YES,front,graphics/pokemon/reuniclus/redux_mega/front.png,https://raw.githubusercontent.com/Elite-Redux/eliteredux-source/8bf8bf062e40724cc07569d84c67763f20e4d00e/graphics/pokemon/reuniclus/redux_mega/front.png
SPECIES_REUNICLUS_REDUX_MEGA,Reuniclus Redux Mega,Mega Delta Reuniclus,YES,back,graphics/pokemon/reuniclus/redux_mega/back.png,https://raw.githubusercontent.com/Elite-Redux/eliteredux-source/8bf8bf062e40724cc07569d84c67763f20e4d00e/graphics/pokemon/reuniclus/redux_mega/back.png
SPECIES_REUNICLUS_REDUX_MEGA,Reuniclus Redux Mega,Mega Delta Reuniclus,YES,icon,graphics/pokemon/reuniclus/redux_mega/icon.png,https://raw.githubusercontent.com/Elite-Redux/eliteredux-source/8bf8bf062e40724cc07569d84c67763f20e4d00e/graphics/pokemon/reuniclus/redux_mega/icon.png
SPECIES_REUNICLUS_REDUX_MEGA,Reuniclus Redux Mega,Mega Delta Reuniclus,YES,normal_palette,graphics/pokemon/reuniclus/redux_mega/normal.pal,https://raw.githubusercontent.com/Elite-Redux/eliteredux-source/8bf8bf062e40724cc07569d84c67763f20e4d00e/graphics/pokemon/reuniclus/redux_mega/normal.pal
SPECIES_REUNICLUS_REDUX_MEGA,Reuniclus Redux Mega,Mega Delta Reuniclus,YES,shiny_palette,graphics/pokemon/reuniclus/redux_mega/shiny.pal,https://raw.githubusercontent.com/Elite-Redux/eliteredux-source/8bf8bf062e40724cc07569d84c67763f20e4d00e/graphics/pokemon/reuniclus/redux_mega/shiny.pal
SPECIES_NOIBAT_REDUX,Noibat Redux,Delta Noibat,YES,front,graphics/pokemon/noibat/redux/front.png,https://raw.githubusercontent.com/Elite-Redux/eliteredux-source/8bf8bf062e40724cc07569d84c67763f20e4d00e/graphics/pokemon/noibat/redux/front.png
SPECIES_NOIBAT_REDUX,Noibat Redux,Delta Noibat,YES,back,graphics/pokemon/noibat/redux/back.png,https://raw.githubusercontent.com/Elite-Redux/eliteredux-source/8bf8bf062e40724cc07569d84c67763f20e4d00e/graphics/pokemon/noibat/redux/back.png
SPECIES_NOIBAT_REDUX,Noibat Redux,Delta Noibat,YES,icon,graphics/pokemon/noibat/redux/icon.png,https://raw.githubusercontent.com/Elite-Redux/eliteredux-source/8bf8bf062e40724cc07569d84c67763f20e4d00e/graphics/pokemon/noibat/redux/icon.png
SPECIES_NOIBAT_REDUX,Noibat Redux,Delta Noibat,YES,normal_palette,graphics/pokemon/noibat/redux/normal.pal,https://raw.githubusercontent.com/Elite-Redux/eliteredux-source/8bf8bf062e40724cc07569d84c67763f20e4d00e/graphics/pokemon/noibat/redux/normal.pal
SPECIES_NOIBAT_REDUX,Noibat Redux,Delta Noibat,YES,shiny_palette,graphics/pokemon/noibat/redux/shiny.pal,https://raw.githubusercontent.com/Elite-Redux/eliteredux-source/8bf8bf062e40724cc07569d84c67763f20e4d00e/graphics/pokemon/noibat/redux/shiny.pal
SPECIES_NOIVERN_REDUX,Noivern Redux,Delta Noivern,YES,front,graphics/pokemon/noivern/redux/front.png,https://raw.githubusercontent.com/Elite-Redux/eliteredux-source/8bf8bf062e40724cc07569d84c67763f20e4d00e/graphics/pokemon/noivern/redux/front.png
SPECIES_NOIVERN_REDUX,Noivern Redux,Delta Noivern,YES,back,graphics/pokemon/noivern/redux/back.png,https://raw.githubusercontent.com/Elite-Redux/eliteredux-source/8bf8bf062e40724cc07569d84c67763f20e4d00e/graphics/pokemon/noivern/redux/back.png
SPECIES_NOIVERN_REDUX,Noivern Redux,Delta Noivern,YES,icon,graphics/pokemon/noivern/redux/icon.png,https://raw.githubusercontent.com/Elite-Redux/eliteredux-source/8bf8bf062e40724cc07569d84c67763f20e4d00e/graphics/pokemon/noivern/redux/icon.png
SPECIES_NOIVERN_REDUX,Noivern Redux,Delta Noivern,YES,normal_palette,graphics/pokemon/noivern/redux/normal.pal,https://raw.githubusercontent.com/Elite-Redux/eliteredux-source/8bf8bf062e40724cc07569d84c67763f20e4d00e/graphics/pokemon/noivern/redux/normal.pal
SPECIES_NOIVERN_REDUX,Noivern Redux,Delta Noivern,YES,shiny_palette,graphics/pokemon/noivern/redux/shiny.pal,https://raw.githubusercontent.com/Elite-Redux/eliteredux-source/8bf8bf062e40724cc07569d84c67763f20e4d00e/graphics/pokemon/noivern/redux/shiny.pal
SPECIES_PANPOUR_REDUX,Panpour Redux,Delta Panpour,YES,front,graphics/pokemon/panpour/redux/front.png,https://raw.githubusercontent.com/Elite-Redux/eliteredux-source/8bf8bf062e40724cc07569d84c67763f20e4d00e/graphics/pokemon/panpour/redux/front.png
SPECIES_PANPOUR_REDUX,Panpour Redux,Delta Panpour,YES,back,graphics/pokemon/panpour/redux/back.png,https://raw.githubusercontent.com/Elite-Redux/eliteredux-source/8bf8bf062e40724cc07569d84c67763f20e4d00e/graphics/pokemon/panpour/redux/back.png
SPECIES_PANPOUR_REDUX,Panpour Redux,Delta Panpour,YES,icon,graphics/pokemon/panpour/redux/icon.png,https://raw.githubusercontent.com/Elite-Redux/eliteredux-source/8bf8bf062e40724cc07569d84c67763f20e4d00e/graphics/pokemon/panpour/redux/icon.png
SPECIES_PANPOUR_REDUX,Panpour Redux,Delta Panpour,YES,normal_palette,graphics/pokemon/panpour/redux/normal.pal,https://raw.githubusercontent.com/Elite-Redux/eliteredux-source/8bf8bf062e40724cc07569d84c67763f20e4d00e/graphics/pokemon/panpour/redux/normal.pal
SPECIES_PANPOUR_REDUX,Panpour Redux,Delta Panpour,YES,shiny_palette,graphics/pokemon/panpour/redux/shiny.pal,https://raw.githubusercontent.com/Elite-Redux/eliteredux-source/8bf8bf062e40724cc07569d84c67763f20e4d00e/graphics/pokemon/panpour/redux/shiny.pal
SPECIES_PANSAGE_REDUX,Pansage Redux,Delta Pansage,YES,front,graphics/pokemon/pansage/redux/front.png,https://raw.githubusercontent.com/Elite-Redux/eliteredux-source/8bf8bf062e40724cc07569d84c67763f20e4d00e/graphics/pokemon/pansage/redux/front.png
SPECIES_PANSAGE_REDUX,Pansage Redux,Delta Pansage,YES,back,graphics/pokemon/pansage/redux/back.png,https://raw.githubusercontent.com/Elite-Redux/eliteredux-source/8bf8bf062e40724cc07569d84c67763f20e4d00e/graphics/pokemon/pansage/redux/back.png
SPECIES_PANSAGE_REDUX,Pansage Redux,Delta Pansage,YES,icon,graphics/pokemon/pansage/redux/icon.png,https://raw.githubusercontent.com/Elite-Redux/eliteredux-source/8bf8bf062e40724cc07569d84c67763f20e4d00e/graphics/pokemon/pansage/redux/icon.png
SPECIES_PANSAGE_REDUX,Pansage Redux,Delta Pansage,YES,normal_palette,graphics/pokemon/pansage/redux/normal.pal,https://raw.githubusercontent.com/Elite-Redux/eliteredux-source/8bf8bf062e40724cc07569d84c67763f20e4d00e/graphics/pokemon/pansage/redux/normal.pal
SPECIES_PANSAGE_REDUX,Pansage Redux,Delta Pansage,YES,shiny_palette,graphics/pokemon/pansage/redux/shiny.pal,https://raw.githubusercontent.com/Elite-Redux/eliteredux-source/8bf8bf062e40724cc07569d84c67763f20e4d00e/graphics/pokemon/pansage/redux/shiny.pal
SPECIES_PANSEAR_REDUX,Pansear Redux,Delta Pansear,YES,front,graphics/pokemon/pansear/redux/front.png,https://raw.githubusercontent.com/Elite-Redux/eliteredux-source/8bf8bf062e40724cc07569d84c67763f20e4d00e/graphics/pokemon/pansear/redux/front.png
SPECIES_PANSEAR_REDUX,Pansear Redux,Delta Pansear,YES,back,graphics/pokemon/pansear/redux/back.png,https://raw.githubusercontent.com/Elite-Redux/eliteredux-source/8bf8bf062e40724cc07569d84c67763f20e4d00e/graphics/pokemon/pansear/redux/back.png
SPECIES_PANSEAR_REDUX,Pansear Redux,Delta Pansear,YES,icon,graphics/pokemon/pansear/redux/icon.png,https://raw.githubusercontent.com/Elite-Redux/eliteredux-source/8bf8bf062e40724cc07569d84c67763f20e4d00e/graphics/pokemon/pansear/redux/icon.png
SPECIES_PANSEAR_REDUX,Pansear Redux,Delta Pansear,YES,normal_palette,graphics/pokemon/pansear/redux/normal.pal,https://raw.githubusercontent.com/Elite-Redux/eliteredux-source/8bf8bf062e40724cc07569d84c67763f20e4d00e/graphics/pokemon/pansear/redux/normal.pal
SPECIES_PANSEAR_REDUX,Pansear Redux,Delta Pansear,YES,shiny_palette,graphics/pokemon/pansear/redux/shiny.pal,https://raw.githubusercontent.com/Elite-Redux/eliteredux-source/8bf8bf062e40724cc07569d84c67763f20e4d00e/graphics/pokemon/pansear/redux/shiny.pal
SPECIES_REUNICLUS_REDUX,Reuniclus Redux,Delta Reuniclus,YES,front,graphics/pokemon/reuniclus/redux/front.png,https://raw.githubusercontent.com/Elite-Redux/eliteredux-source/8bf8bf062e40724cc07569d84c67763f20e4d00e/graphics/pokemon/reuniclus/redux/front.png
SPECIES_REUNICLUS_REDUX,Reuniclus Redux,Delta Reuniclus,YES,back,graphics/pokemon/reuniclus/redux/back.png,https://raw.githubusercontent.com/Elite-Redux/eliteredux-source/8bf8bf062e40724cc07569d84c67763f20e4d00e/graphics/pokemon/reuniclus/redux/back.png
SPECIES_REUNICLUS_REDUX,Reuniclus Redux,Delta Reuniclus,YES,icon,graphics/pokemon/reuniclus/redux/icon.png,https://raw.githubusercontent.com/Elite-Redux/eliteredux-source/8bf8bf062e40724cc07569d84c67763f20e4d00e/graphics/pokemon/reuniclus/redux/icon.png
SPECIES_REUNICLUS_REDUX,Reuniclus Redux,Delta Reuniclus,YES,normal_palette,graphics/pokemon/reuniclus/redux/normal.pal,https://raw.githubusercontent.com/Elite-Redux/eliteredux-source/8bf8bf062e40724cc07569d84c67763f20e4d00e/graphics/pokemon/reuniclus/redux/normal.pal
SPECIES_REUNICLUS_REDUX,Reuniclus Redux,Delta Reuniclus,YES,shiny_palette,graphics/pokemon/reuniclus/redux/shiny.pal,https://raw.githubusercontent.com/Elite-Redux/eliteredux-source/8bf8bf062e40724cc07569d84c67763f20e4d00e/graphics/pokemon/reuniclus/redux/shiny.pal
SPECIES_PAWNIARD_REDUX,Pawniard Redux,Delta Pawniard,YES,front,graphics/pokemon/pawniard/redux/front.png,https://raw.githubusercontent.com/Elite-Redux/eliteredux-source/8bf8bf062e40724cc07569d84c67763f20e4d00e/graphics/pokemon/pawniard/redux/front.png
SPECIES_PAWNIARD_REDUX,Pawniard Redux,Delta Pawniard,YES,back,graphics/pokemon/pawniard/redux/back.png,https://raw.githubusercontent.com/Elite-Redux/eliteredux-source/8bf8bf062e40724cc07569d84c67763f20e4d00e/graphics/pokemon/pawniard/redux/back.png
SPECIES_PAWNIARD_REDUX,Pawniard Redux,Delta Pawniard,YES,icon,graphics/pokemon/pawniard/redux/icon.png,https://raw.githubusercontent.com/Elite-Redux/eliteredux-source/8bf8bf062e40724cc07569d84c67763f20e4d00e/graphics/pokemon/pawniard/redux/icon.png
SPECIES_PAWNIARD_REDUX,Pawniard Redux,Delta Pawniard,YES,normal_palette,graphics/pokemon/pawniard/redux/normal.pal,https://raw.githubusercontent.com/Elite-Redux/eliteredux-source/8bf8bf062e40724cc07569d84c67763f20e4d00e/graphics/pokemon/pawniard/redux/normal.pal
SPECIES_PAWNIARD_REDUX,Pawniard Redux,Delta Pawniard,YES,shiny_palette,graphics/pokemon/pawniard/redux/shiny.pal,https://raw.githubusercontent.com/Elite-Redux/eliteredux-source/8bf8bf062e40724cc07569d84c67763f20e4d00e/graphics/pokemon/pawniard/redux/shiny.pal
SPECIES_PUPITAR_REDUX,Pupitar Redux,Delta Pupitar,YES,front,graphics/pokemon/pupitar/redux/front.png,https://raw.githubusercontent.com/Elite-Redux/eliteredux-source/8bf8bf062e40724cc07569d84c67763f20e4d00e/graphics/pokemon/pupitar/redux/front.png
SPECIES_PUPITAR_REDUX,Pupitar Redux,Delta Pupitar,YES,back,graphics/pokemon/pupitar/redux/back.png,https://raw.githubusercontent.com/Elite-Redux/eliteredux-source/8bf8bf062e40724cc07569d84c67763f20e4d00e/graphics/pokemon/pupitar/redux/back.png
SPECIES_PUPITAR_REDUX,Pupitar Redux,Delta Pupitar,YES,icon,graphics/pokemon/pupitar/redux/icon.png,https://raw.githubusercontent.com/Elite-Redux/eliteredux-source/8bf8bf062e40724cc07569d84c67763f20e4d00e/graphics/pokemon/pupitar/redux/icon.png
SPECIES_PUPITAR_REDUX,Pupitar Redux,Delta Pupitar,YES,normal_palette,graphics/pokemon/pupitar/redux/normal.pal,https://raw.githubusercontent.com/Elite-Redux/eliteredux-source/8bf8bf062e40724cc07569d84c67763f20e4d00e/graphics/pokemon/pupitar/redux/normal.pal
SPECIES_PUPITAR_REDUX,Pupitar Redux,Delta Pupitar,YES,shiny_palette,graphics/pokemon/pupitar/redux/shiny.pal,https://raw.githubusercontent.com/Elite-Redux/eliteredux-source/8bf8bf062e40724cc07569d84c67763f20e4d00e/graphics/pokemon/pupitar/redux/shiny.pal
SPECIES_RIBOMBEE_REDUX,Ribombee Redux,Delta Ribombee,YES,front,graphics/pokemon/ribombee/redux/front.png,https://raw.githubusercontent.com/Elite-Redux/eliteredux-source/8bf8bf062e40724cc07569d84c67763f20e4d00e/graphics/pokemon/ribombee/redux/front.png
SPECIES_RIBOMBEE_REDUX,Ribombee Redux,Delta Ribombee,YES,back,graphics/pokemon/ribombee/redux/back.png,https://raw.githubusercontent.com/Elite-Redux/eliteredux-source/8bf8bf062e40724cc07569d84c67763f20e4d00e/graphics/pokemon/ribombee/redux/back.png
SPECIES_RIBOMBEE_REDUX,Ribombee Redux,Delta Ribombee,YES,icon,graphics/pokemon/ribombee/redux/icon.png,https://raw.githubusercontent.com/Elite-Redux/eliteredux-source/8bf8bf062e40724cc07569d84c67763f20e4d00e/graphics/pokemon/ribombee/redux/icon.png
SPECIES_RIBOMBEE_REDUX,Ribombee Redux,Delta Ribombee,YES,normal_palette,graphics/pokemon/ribombee/redux/normal.pal,https://raw.githubusercontent.com/Elite-Redux/eliteredux-source/8bf8bf062e40724cc07569d84c67763f20e4d00e/graphics/pokemon/ribombee/redux/normal.pal
SPECIES_RIBOMBEE_REDUX,Ribombee Redux,Delta Ribombee,YES,shiny_palette,graphics/pokemon/ribombee/redux/shiny.pal,https://raw.githubusercontent.com/Elite-Redux/eliteredux-source/8bf8bf062e40724cc07569d84c67763f20e4d00e/graphics/pokemon/ribombee/redux/shiny.pal
SPECIES_MONFERNO_REDUX,Monferno Redux,Delta Monferno,YES,front,graphics/pokemon/monferno/redux/front.png,https://raw.githubusercontent.com/Elite-Redux/eliteredux-source/8bf8bf062e40724cc07569d84c67763f20e4d00e/graphics/pokemon/monferno/redux/front.png
SPECIES_MONFERNO_REDUX,Monferno Redux,Delta Monferno,YES,back,graphics/pokemon/monferno/redux/back.png,https://raw.githubusercontent.com/Elite-Redux/eliteredux-source/8bf8bf062e40724cc07569d84c67763f20e4d00e/graphics/pokemon/monferno/redux/back.png
SPECIES_MONFERNO_REDUX,Monferno Redux,Delta Monferno,YES,icon,graphics/pokemon/monferno/redux/icon.png,https://raw.githubusercontent.com/Elite-Redux/eliteredux-source/8bf8bf062e40724cc07569d84c67763f20e4d00e/graphics/pokemon/monferno/redux/icon.png
SPECIES_MONFERNO_REDUX,Monferno Redux,Delta Monferno,YES,normal_palette,graphics/pokemon/monferno/redux/normal.pal,https://raw.githubusercontent.com/Elite-Redux/eliteredux-source/8bf8bf062e40724cc07569d84c67763f20e4d00e/graphics/pokemon/monferno/redux/normal.pal
SPECIES_MONFERNO_REDUX,Monferno Redux,Delta Monferno,YES,shiny_palette,graphics/pokemon/monferno/redux/shiny.pal,https://raw.githubusercontent.com/Elite-Redux/eliteredux-source/8bf8bf062e40724cc07569d84c67763f20e4d00e/graphics/pokemon/monferno/redux/shiny.pal
SPECIES_PIPLUP_REDUX,Piplup Redux,Delta Piplup,YES,front,graphics/pokemon/piplup/redux/front.png,https://raw.githubusercontent.com/Elite-Redux/eliteredux-source/8bf8bf062e40724cc07569d84c67763f20e4d00e/graphics/pokemon/piplup/redux/front.png
SPECIES_PIPLUP_REDUX,Piplup Redux,Delta Piplup,YES,back,graphics/pokemon/piplup/redux/back.png,https://raw.githubusercontent.com/Elite-Redux/eliteredux-source/8bf8bf062e40724cc07569d84c67763f20e4d00e/graphics/pokemon/piplup/redux/back.png
SPECIES_PIPLUP_REDUX,Piplup Redux,Delta Piplup,YES,icon,graphics/pokemon/piplup/redux/icon.png,https://raw.githubusercontent.com/Elite-Redux/eliteredux-source/8bf8bf062e40724cc07569d84c67763f20e4d00e/graphics/pokemon/piplup/redux/icon.png
SPECIES_PIPLUP_REDUX,Piplup Redux,Delta Piplup,YES,normal_palette,graphics/pokemon/piplup/redux/normal.pal,https://raw.githubusercontent.com/Elite-Redux/eliteredux-source/8bf8bf062e40724cc07569d84c67763f20e4d00e/graphics/pokemon/piplup/redux/normal.pal
SPECIES_PIPLUP_REDUX,Piplup Redux,Delta Piplup,YES,shiny_palette,graphics/pokemon/piplup/redux/shiny.pal,https://raw.githubusercontent.com/Elite-Redux/eliteredux-source/8bf8bf062e40724cc07569d84c67763f20e4d00e/graphics/pokemon/piplup/redux/shiny.pal
SPECIES_PRINPLUP_REDUX,Prinplup Redux,Delta Prinplup,YES,front,graphics/pokemon/prinplup/redux/front.png,https://raw.githubusercontent.com/Elite-Redux/eliteredux-source/8bf8bf062e40724cc07569d84c67763f20e4d00e/graphics/pokemon/prinplup/redux/front.png
SPECIES_PRINPLUP_REDUX,Prinplup Redux,Delta Prinplup,YES,back,graphics/pokemon/prinplup/redux/back.png,https://raw.githubusercontent.com/Elite-Redux/eliteredux-source/8bf8bf062e40724cc07569d84c67763f20e4d00e/graphics/pokemon/prinplup/redux/back.png
SPECIES_PRINPLUP_REDUX,Prinplup Redux,Delta Prinplup,YES,icon,graphics/pokemon/prinplup/redux/icon.png,https://raw.githubusercontent.com/Elite-Redux/eliteredux-source/8bf8bf062e40724cc07569d84c67763f20e4d00e/graphics/pokemon/prinplup/redux/icon.png
SPECIES_PRINPLUP_REDUX,Prinplup Redux,Delta Prinplup,YES,normal_palette,graphics/pokemon/prinplup/redux/normal.pal,https://raw.githubusercontent.com/Elite-Redux/eliteredux-source/8bf8bf062e40724cc07569d84c67763f20e4d00e/graphics/pokemon/prinplup/redux/normal.pal
SPECIES_PRINPLUP_REDUX,Prinplup Redux,Delta Prinplup,YES,shiny_palette,graphics/pokemon/prinplup/redux/shiny.pal,https://raw.githubusercontent.com/Elite-Redux/eliteredux-source/8bf8bf062e40724cc07569d84c67763f20e4d00e/graphics/pokemon/prinplup/redux/shiny.pal
SPECIES_PSYDUCK_REDUX,Psyduck Redux,Delta Psyduck,YES,front,graphics/pokemon/psyduck/redux/front.png,https://raw.githubusercontent.com/Elite-Redux/eliteredux-source/8bf8bf062e40724cc07569d84c67763f20e4d00e/graphics/pokemon/psyduck/redux/front.png
SPECIES_PSYDUCK_REDUX,Psyduck Redux,Delta Psyduck,YES,back,graphics/pokemon/psyduck/redux/back.png,https://raw.githubusercontent.com/Elite-Redux/eliteredux-source/8bf8bf062e40724cc07569d84c67763f20e4d00e/graphics/pokemon/psyduck/redux/back.png
SPECIES_PSYDUCK_REDUX,Psyduck Redux,Delta Psyduck,YES,icon,graphics/pokemon/psyduck/redux/icon.png,https://raw.githubusercontent.com/Elite-Redux/eliteredux-source/8bf8bf062e40724cc07569d84c67763f20e4d00e/graphics/pokemon/psyduck/redux/icon.png
SPECIES_PSYDUCK_REDUX,Psyduck Redux,Delta Psyduck,YES,normal_palette,graphics/pokemon/psyduck/redux/normal.pal,https://raw.githubusercontent.com/Elite-Redux/eliteredux-source/8bf8bf062e40724cc07569d84c67763f20e4d00e/graphics/pokemon/psyduck/redux/normal.pal
SPECIES_PSYDUCK_REDUX,Psyduck Redux,Delta Psyduck,YES,shiny_palette,graphics/pokemon/psyduck/redux/shiny.pal,https://raw.githubusercontent.com/Elite-Redux/eliteredux-source/8bf8bf062e40724cc07569d84c67763f20e4d00e/graphics/pokemon/psyduck/redux/shiny.pal
SPECIES_SOPRANICE,Sopranice,Sopranice,NO,front,graphics/pokemon/sopranice/front.png,https://raw.githubusercontent.com/Elite-Redux/eliteredux-source/8bf8bf062e40724cc07569d84c67763f20e4d00e/graphics/pokemon/sopranice/front.png
SPECIES_SOPRANICE,Sopranice,Sopranice,NO,back,graphics/pokemon/sopranice/back.png,https://raw.githubusercontent.com/Elite-Redux/eliteredux-source/8bf8bf062e40724cc07569d84c67763f20e4d00e/graphics/pokemon/sopranice/back.png
SPECIES_SOPRANICE,Sopranice,Sopranice,NO,icon,graphics/pokemon/sopranice/icon.png,https://raw.githubusercontent.com/Elite-Redux/eliteredux-source/8bf8bf062e40724cc07569d84c67763f20e4d00e/graphics/pokemon/sopranice/icon.png
SPECIES_SOPRANICE,Sopranice,Sopranice,NO,normal_palette,graphics/pokemon/sopranice/normal.pal,https://raw.githubusercontent.com/Elite-Redux/eliteredux-source/8bf8bf062e40724cc07569d84c67763f20e4d00e/graphics/pokemon/sopranice/normal.pal
SPECIES_SOPRANICE,Sopranice,Sopranice,NO,shiny_palette,graphics/pokemon/sopranice/shiny.pal,https://raw.githubusercontent.com/Elite-Redux/eliteredux-source/8bf8bf062e40724cc07569d84c67763f20e4d00e/graphics/pokemon/sopranice/shiny.pal
SPECIES_SALAZARUS,Salazarus,Salazarus,NO,front,graphics/pokemon/salazarus/front.png,https://raw.githubusercontent.com/Elite-Redux/eliteredux-source/8bf8bf062e40724cc07569d84c67763f20e4d00e/graphics/pokemon/salazarus/front.png
SPECIES_SALAZARUS,Salazarus,Salazarus,NO,back,graphics/pokemon/salazarus/back.png,https://raw.githubusercontent.com/Elite-Redux/eliteredux-source/8bf8bf062e40724cc07569d84c67763f20e4d00e/graphics/pokemon/salazarus/back.png
SPECIES_SALAZARUS,Salazarus,Salazarus,NO,icon,graphics/pokemon/salazarus/icon.png,https://raw.githubusercontent.com/Elite-Redux/eliteredux-source/8bf8bf062e40724cc07569d84c67763f20e4d00e/graphics/pokemon/salazarus/icon.png
SPECIES_SALAZARUS,Salazarus,Salazarus,NO,normal_palette,graphics/pokemon/salazarus/normal.pal,https://raw.githubusercontent.com/Elite-Redux/eliteredux-source/8bf8bf062e40724cc07569d84c67763f20e4d00e/graphics/pokemon/salazarus/normal.pal
SPECIES_SALAZARUS,Salazarus,Salazarus,NO,shiny_palette,graphics/pokemon/salazarus/shiny.pal,https://raw.githubusercontent.com/Elite-Redux/eliteredux-source/8bf8bf062e40724cc07569d84c67763f20e4d00e/graphics/pokemon/salazarus/shiny.pal
SPECIES_SLYDUCK,Slyduck,Slyduck,NO,front,graphics/pokemon/slyduck/front.png,https://raw.githubusercontent.com/Elite-Redux/eliteredux-source/8bf8bf062e40724cc07569d84c67763f20e4d00e/graphics/pokemon/slyduck/front.png
SPECIES_SLYDUCK,Slyduck,Slyduck,NO,back,graphics/pokemon/slyduck/back.png,https://raw.githubusercontent.com/Elite-Redux/eliteredux-source/8bf8bf062e40724cc07569d84c67763f20e4d00e/graphics/pokemon/slyduck/back.png
SPECIES_SLYDUCK,Slyduck,Slyduck,NO,icon,graphics/pokemon/slyduck/icon.png,https://raw.githubusercontent.com/Elite-Redux/eliteredux-source/8bf8bf062e40724cc07569d84c67763f20e4d00e/graphics/pokemon/slyduck/icon.png
SPECIES_SLYDUCK,Slyduck,Slyduck,NO,normal_palette,graphics/pokemon/slyduck/normal.pal,https://raw.githubusercontent.com/Elite-Redux/eliteredux-source/8bf8bf062e40724cc07569d84c67763f20e4d00e/graphics/pokemon/slyduck/normal.pal
SPECIES_SLYDUCK,Slyduck,Slyduck,NO,shiny_palette,graphics/pokemon/slyduck/shiny.pal,https://raw.githubusercontent.com/Elite-Redux/eliteredux-source/8bf8bf062e40724cc07569d84c67763f20e4d00e/graphics/pokemon/slyduck/shiny.pal
SPECIES_SHYDUCK,Shyduck,Shyduck,NO,front,graphics/pokemon/shyduck/front.png,https://raw.githubusercontent.com/Elite-Redux/eliteredux-source/8bf8bf062e40724cc07569d84c67763f20e4d00e/graphics/pokemon/shyduck/front.png
SPECIES_SHYDUCK,Shyduck,Shyduck,NO,back,graphics/pokemon/shyduck/back.png,https://raw.githubusercontent.com/Elite-Redux/eliteredux-source/8bf8bf062e40724cc07569d84c67763f20e4d00e/graphics/pokemon/shyduck/back.png
SPECIES_SHYDUCK,Shyduck,Shyduck,NO,icon,graphics/pokemon/shyduck/icon.png,https://raw.githubusercontent.com/Elite-Redux/eliteredux-source/8bf8bf062e40724cc07569d84c67763f20e4d00e/graphics/pokemon/shyduck/icon.png
SPECIES_SHYDUCK,Shyduck,Shyduck,NO,normal_palette,graphics/pokemon/shyduck/normal.pal,https://raw.githubusercontent.com/Elite-Redux/eliteredux-source/8bf8bf062e40724cc07569d84c67763f20e4d00e/graphics/pokemon/shyduck/normal.pal
SPECIES_SHYDUCK,Shyduck,Shyduck,NO,shiny_palette,graphics/pokemon/shyduck/shiny.pal,https://raw.githubusercontent.com/Elite-Redux/eliteredux-source/8bf8bf062e40724cc07569d84c67763f20e4d00e/graphics/pokemon/shyduck/shiny.pal
SPECIES_SKULBERUS,Skulberus,Skulberus,NO,front,graphics/pokemon/skulberus/front.png,https://raw.githubusercontent.com/Elite-Redux/eliteredux-source/8bf8bf062e40724cc07569d84c67763f20e4d00e/graphics/pokemon/skulberus/front.png
SPECIES_SKULBERUS,Skulberus,Skulberus,NO,back,graphics/pokemon/skulberus/back.png,https://raw.githubusercontent.com/Elite-Redux/eliteredux-source/8bf8bf062e40724cc07569d84c67763f20e4d00e/graphics/pokemon/skulberus/back.png
SPECIES_SKULBERUS,Skulberus,Skulberus,NO,icon,graphics/pokemon/skulberus/icon.png,https://raw.githubusercontent.com/Elite-Redux/eliteredux-source/8bf8bf062e40724cc07569d84c67763f20e4d00e/graphics/pokemon/skulberus/icon.png
SPECIES_SKULBERUS,Skulberus,Skulberus,NO,normal_palette,graphics/pokemon/skulberus/normal.pal,https://raw.githubusercontent.com/Elite-Redux/eliteredux-source/8bf8bf062e40724cc07569d84c67763f20e4d00e/graphics/pokemon/skulberus/normal.pal
SPECIES_SKULBERUS,Skulberus,Skulberus,NO,shiny_palette,graphics/pokemon/skulberus/shiny.pal,https://raw.githubusercontent.com/Elite-Redux/eliteredux-source/8bf8bf062e40724cc07569d84c67763f20e4d00e/graphics/pokemon/skulberus/shiny.pal
SPECIES_SAGARACAS,Sagaracas,Sagaracas,NO,front,graphics/pokemon/sagaracas/front.png,https://raw.githubusercontent.com/Elite-Redux/eliteredux-source/8bf8bf062e40724cc07569d84c67763f20e4d00e/graphics/pokemon/sagaracas/front.png
SPECIES_SAGARACAS,Sagaracas,Sagaracas,NO,back,graphics/pokemon/sagaracas/back.png,https://raw.githubusercontent.com/Elite-Redux/eliteredux-source/8bf8bf062e40724cc07569d84c67763f20e4d00e/graphics/pokemon/sagaracas/back.png
SPECIES_SAGARACAS,Sagaracas,Sagaracas,NO,icon,graphics/pokemon/sagaracas/icon.png,https://raw.githubusercontent.com/Elite-Redux/eliteredux-source/8bf8bf062e40724cc07569d84c67763f20e4d00e/graphics/pokemon/sagaracas/icon.png
SPECIES_SAGARACAS,Sagaracas,Sagaracas,NO,normal_palette,graphics/pokemon/sagaracas/normal.pal,https://raw.githubusercontent.com/Elite-Redux/eliteredux-source/8bf8bf062e40724cc07569d84c67763f20e4d00e/graphics/pokemon/sagaracas/normal.pal
SPECIES_SAGARACAS,Sagaracas,Sagaracas,NO,shiny_palette,graphics/pokemon/sagaracas/shiny.pal,https://raw.githubusercontent.com/Elite-Redux/eliteredux-source/8bf8bf062e40724cc07569d84c67763f20e4d00e/graphics/pokemon/sagaracas/shiny.pal
SPECIES_SKARMORY_MEGA_REDUX,Skarmory Mega Redux,Mega Delta Skarmory,YES,front,graphics/pokemon/skarmory/mega_redux/front.png,https://raw.githubusercontent.com/Elite-Redux/eliteredux-source/8bf8bf062e40724cc07569d84c67763f20e4d00e/graphics/pokemon/skarmory/mega_redux/front.png
SPECIES_SKARMORY_MEGA_REDUX,Skarmory Mega Redux,Mega Delta Skarmory,YES,back,graphics/pokemon/skarmory/mega_redux/back.png,https://raw.githubusercontent.com/Elite-Redux/eliteredux-source/8bf8bf062e40724cc07569d84c67763f20e4d00e/graphics/pokemon/skarmory/mega_redux/back.png
SPECIES_SKARMORY_MEGA_REDUX,Skarmory Mega Redux,Mega Delta Skarmory,YES,icon,graphics/pokemon/skarmory/mega_redux/icon.png,https://raw.githubusercontent.com/Elite-Redux/eliteredux-source/8bf8bf062e40724cc07569d84c67763f20e4d00e/graphics/pokemon/skarmory/mega_redux/icon.png
SPECIES_SKARMORY_MEGA_REDUX,Skarmory Mega Redux,Mega Delta Skarmory,YES,normal_palette,graphics/pokemon/skarmory/mega_redux/normal.pal,https://raw.githubusercontent.com/Elite-Redux/eliteredux-source/8bf8bf062e40724cc07569d84c67763f20e4d00e/graphics/pokemon/skarmory/mega_redux/normal.pal
SPECIES_SKARMORY_MEGA_REDUX,Skarmory Mega Redux,Mega Delta Skarmory,YES,shiny_palette,graphics/pokemon/skarmory/mega_redux/shiny.pal,https://raw.githubusercontent.com/Elite-Redux/eliteredux-source/8bf8bf062e40724cc07569d84c67763f20e4d00e/graphics/pokemon/skarmory/mega_redux/shiny.pal
SPECIES_SABLEYE_MEGA_REDUX,Sableye Mega Redux,Mega Delta Sableye,YES,front,graphics/pokemon/sableye/mega_redux/front.png,https://raw.githubusercontent.com/Elite-Redux/eliteredux-source/8bf8bf062e40724cc07569d84c67763f20e4d00e/graphics/pokemon/sableye/mega_redux/front.png
SPECIES_SABLEYE_MEGA_REDUX,Sableye Mega Redux,Mega Delta Sableye,YES,back,graphics/pokemon/sableye/mega_redux/back.png,https://raw.githubusercontent.com/Elite-Redux/eliteredux-source/8bf8bf062e40724cc07569d84c67763f20e4d00e/graphics/pokemon/sableye/mega_redux/back.png
SPECIES_SABLEYE_MEGA_REDUX,Sableye Mega Redux,Mega Delta Sableye,YES,icon,graphics/pokemon/sableye/mega_redux/icon.png,https://raw.githubusercontent.com/Elite-Redux/eliteredux-source/8bf8bf062e40724cc07569d84c67763f20e4d00e/graphics/pokemon/sableye/mega_redux/icon.png
SPECIES_SABLEYE_MEGA_REDUX,Sableye Mega Redux,Mega Delta Sableye,YES,normal_palette,graphics/pokemon/sableye/mega_redux/normal.pal,https://raw.githubusercontent.com/Elite-Redux/eliteredux-source/8bf8bf062e40724cc07569d84c67763f20e4d00e/graphics/pokemon/sableye/mega_redux/normal.pal
SPECIES_SABLEYE_MEGA_REDUX,Sableye Mega Redux,Mega Delta Sableye,YES,shiny_palette,graphics/pokemon/sableye/mega_redux/shiny.pal,https://raw.githubusercontent.com/Elite-Redux/eliteredux-source/8bf8bf062e40724cc07569d84c67763f20e4d00e/graphics/pokemon/sableye/mega_redux/shiny.pal
SPECIES_STUFFUL_REDUX,Stufful Redux,Delta Stufful,YES,front,graphics/pokemon/stufful/redux/front.png,https://raw.githubusercontent.com/Elite-Redux/eliteredux-source/8bf8bf062e40724cc07569d84c67763f20e4d00e/graphics/pokemon/stufful/redux/front.png
SPECIES_STUFFUL_REDUX,Stufful Redux,Delta Stufful,YES,back,graphics/pokemon/stufful/redux/back.png,https://raw.githubusercontent.com/Elite-Redux/eliteredux-source/8bf8bf062e40724cc07569d84c67763f20e4d00e/graphics/pokemon/stufful/redux/back.png
SPECIES_STUFFUL_REDUX,Stufful Redux,Delta Stufful,YES,icon,graphics/pokemon/stufful/redux/icon.png,https://raw.githubusercontent.com/Elite-Redux/eliteredux-source/8bf8bf062e40724cc07569d84c67763f20e4d00e/graphics/pokemon/stufful/redux/icon.png
SPECIES_STUFFUL_REDUX,Stufful Redux,Delta Stufful,YES,normal_palette,graphics/pokemon/stufful/redux/normal.pal,https://raw.githubusercontent.com/Elite-Redux/eliteredux-source/8bf8bf062e40724cc07569d84c67763f20e4d00e/graphics/pokemon/stufful/redux/normal.pal
SPECIES_STUFFUL_REDUX,Stufful Redux,Delta Stufful,YES,shiny_palette,graphics/pokemon/stufful/redux/shiny.pal,https://raw.githubusercontent.com/Elite-Redux/eliteredux-source/8bf8bf062e40724cc07569d84c67763f20e4d00e/graphics/pokemon/stufful/redux/shiny.pal
SPECIES_SIMIPOUR_REDUX,Simipour Redux,Delta Simipour,YES,front,graphics/pokemon/simipour/redux/front.png,https://raw.githubusercontent.com/Elite-Redux/eliteredux-source/8bf8bf062e40724cc07569d84c67763f20e4d00e/graphics/pokemon/simipour/redux/front.png
SPECIES_SIMIPOUR_REDUX,Simipour Redux,Delta Simipour,YES,back,graphics/pokemon/simipour/redux/back.png,https://raw.githubusercontent.com/Elite-Redux/eliteredux-source/8bf8bf062e40724cc07569d84c67763f20e4d00e/graphics/pokemon/simipour/redux/back.png
SPECIES_SIMIPOUR_REDUX,Simipour Redux,Delta Simipour,YES,icon,graphics/pokemon/simipour/redux/icon.png,https://raw.githubusercontent.com/Elite-Redux/eliteredux-source/8bf8bf062e40724cc07569d84c67763f20e4d00e/graphics/pokemon/simipour/redux/icon.png
SPECIES_SIMIPOUR_REDUX,Simipour Redux,Delta Simipour,YES,normal_palette,graphics/pokemon/simipour/redux/normal.pal,https://raw.githubusercontent.com/Elite-Redux/eliteredux-source/8bf8bf062e40724cc07569d84c67763f20e4d00e/graphics/pokemon/simipour/redux/normal.pal
SPECIES_SIMIPOUR_REDUX,Simipour Redux,Delta Simipour,YES,shiny_palette,graphics/pokemon/simipour/redux/shiny.pal,https://raw.githubusercontent.com/Elite-Redux/eliteredux-source/8bf8bf062e40724cc07569d84c67763f20e4d00e/graphics/pokemon/simipour/redux/shiny.pal
SPECIES_SIMISAGE_REDUX,Simisage Redux,Delta Simisage,YES,front,graphics/pokemon/simisage/redux/front.png,https://raw.githubusercontent.com/Elite-Redux/eliteredux-source/8bf8bf062e40724cc07569d84c67763f20e4d00e/graphics/pokemon/simisage/redux/front.png
SPECIES_SIMISAGE_REDUX,Simisage Redux,Delta Simisage,YES,back,graphics/pokemon/simisage/redux/back.png,https://raw.githubusercontent.com/Elite-Redux/eliteredux-source/8bf8bf062e40724cc07569d84c67763f20e4d00e/graphics/pokemon/simisage/redux/back.png
SPECIES_SIMISAGE_REDUX,Simisage Redux,Delta Simisage,YES,icon,graphics/pokemon/simisage/redux/icon.png,https://raw.githubusercontent.com/Elite-Redux/eliteredux-source/8bf8bf062e40724cc07569d84c67763f20e4d00e/graphics/pokemon/simisage/redux/icon.png
SPECIES_SIMISAGE_REDUX,Simisage Redux,Delta Simisage,YES,normal_palette,graphics/pokemon/simisage/redux/normal.pal,https://raw.githubusercontent.com/Elite-Redux/eliteredux-source/8bf8bf062e40724cc07569d84c67763f20e4d00e/graphics/pokemon/simisage/redux/normal.pal
SPECIES_SIMISAGE_REDUX,Simisage Redux,Delta Simisage,YES,shiny_palette,graphics/pokemon/simisage/redux/shiny.pal,https://raw.githubusercontent.com/Elite-Redux/eliteredux-source/8bf8bf062e40724cc07569d84c67763f20e4d00e/graphics/pokemon/simisage/redux/shiny.pal
SPECIES_SIMISEAR_REDUX,Simisear Redux,Delta Simisear,YES,front,graphics/pokemon/simisear/redux/front.png,https://raw.githubusercontent.com/Elite-Redux/eliteredux-source/8bf8bf062e40724cc07569d84c67763f20e4d00e/graphics/pokemon/simisear/redux/front.png
SPECIES_SIMISEAR_REDUX,Simisear Redux,Delta Simisear,YES,back,graphics/pokemon/simisear/redux/back.png,https://raw.githubusercontent.com/Elite-Redux/eliteredux-source/8bf8bf062e40724cc07569d84c67763f20e4d00e/graphics/pokemon/simisear/redux/back.png
SPECIES_SIMISEAR_REDUX,Simisear Redux,Delta Simisear,YES,icon,graphics/pokemon/simisear/redux/icon.png,https://raw.githubusercontent.com/Elite-Redux/eliteredux-source/8bf8bf062e40724cc07569d84c67763f20e4d00e/graphics/pokemon/simisear/redux/icon.png
SPECIES_SIMISEAR_REDUX,Simisear Redux,Delta Simisear,YES,normal_palette,graphics/pokemon/simisear/redux/normal.pal,https://raw.githubusercontent.com/Elite-Redux/eliteredux-source/8bf8bf062e40724cc07569d84c67763f20e4d00e/graphics/pokemon/simisear/redux/normal.pal
SPECIES_SIMISEAR_REDUX,Simisear Redux,Delta Simisear,YES,shiny_palette,graphics/pokemon/simisear/redux/shiny.pal,https://raw.githubusercontent.com/Elite-Redux/eliteredux-source/8bf8bf062e40724cc07569d84c67763f20e4d00e/graphics/pokemon/simisear/redux/shiny.pal
SPECIES_SLUGMA_REDUX,Slugma Redux,Delta Slugma,YES,front,graphics/pokemon/slugma/redux/front.png,https://raw.githubusercontent.com/Elite-Redux/eliteredux-source/8bf8bf062e40724cc07569d84c67763f20e4d00e/graphics/pokemon/slugma/redux/front.png
SPECIES_SLUGMA_REDUX,Slugma Redux,Delta Slugma,YES,back,graphics/pokemon/slugma/redux/back.png,https://raw.githubusercontent.com/Elite-Redux/eliteredux-source/8bf8bf062e40724cc07569d84c67763f20e4d00e/graphics/pokemon/slugma/redux/back.png
SPECIES_SLUGMA_REDUX,Slugma Redux,Delta Slugma,YES,icon,graphics/pokemon/slugma/redux/icon.png,https://raw.githubusercontent.com/Elite-Redux/eliteredux-source/8bf8bf062e40724cc07569d84c67763f20e4d00e/graphics/pokemon/slugma/redux/icon.png
SPECIES_SLUGMA_REDUX,Slugma Redux,Delta Slugma,YES,normal_palette,graphics/pokemon/slugma/redux/normal.pal,https://raw.githubusercontent.com/Elite-Redux/eliteredux-source/8bf8bf062e40724cc07569d84c67763f20e4d00e/graphics/pokemon/slugma/redux/normal.pal
SPECIES_SLUGMA_REDUX,Slugma Redux,Delta Slugma,YES,shiny_palette,graphics/pokemon/slugma/redux/shiny.pal,https://raw.githubusercontent.com/Elite-Redux/eliteredux-source/8bf8bf062e40724cc07569d84c67763f20e4d00e/graphics/pokemon/slugma/redux/shiny.pal
SPECIES_SOLOSIS_REDUX,Solosis Redux,Delta Solosis,YES,front,graphics/pokemon/solosis/redux/front.png,https://raw.githubusercontent.com/Elite-Redux/eliteredux-source/8bf8bf062e40724cc07569d84c67763f20e4d00e/graphics/pokemon/solosis/redux/front.png
SPECIES_SOLOSIS_REDUX,Solosis Redux,Delta Solosis,YES,back,graphics/pokemon/solosis/redux/back.png,https://raw.githubusercontent.com/Elite-Redux/eliteredux-source/8bf8bf062e40724cc07569d84c67763f20e4d00e/graphics/pokemon/solosis/redux/back.png
SPECIES_SOLOSIS_REDUX,Solosis Redux,Delta Solosis,YES,icon,graphics/pokemon/solosis/redux/icon.png,https://raw.githubusercontent.com/Elite-Redux/eliteredux-source/8bf8bf062e40724cc07569d84c67763f20e4d00e/graphics/pokemon/solosis/redux/icon.png
SPECIES_SOLOSIS_REDUX,Solosis Redux,Delta Solosis,YES,normal_palette,graphics/pokemon/solosis/redux/normal.pal,https://raw.githubusercontent.com/Elite-Redux/eliteredux-source/8bf8bf062e40724cc07569d84c67763f20e4d00e/graphics/pokemon/solosis/redux/normal.pal
SPECIES_SOLOSIS_REDUX,Solosis Redux,Delta Solosis,YES,shiny_palette,graphics/pokemon/solosis/redux/shiny.pal,https://raw.githubusercontent.com/Elite-Redux/eliteredux-source/8bf8bf062e40724cc07569d84c67763f20e4d00e/graphics/pokemon/solosis/redux/shiny.pal
SPECIES_SKARMORY_REDUX,Skarmory Redux,Delta Skarmory,YES,front,graphics/pokemon/skarmory/redux/front.png,https://raw.githubusercontent.com/Elite-Redux/eliteredux-source/8bf8bf062e40724cc07569d84c67763f20e4d00e/graphics/pokemon/skarmory/redux/front.png
SPECIES_SKARMORY_REDUX,Skarmory Redux,Delta Skarmory,YES,back,graphics/pokemon/skarmory/redux/back.png,https://raw.githubusercontent.com/Elite-Redux/eliteredux-source/8bf8bf062e40724cc07569d84c67763f20e4d00e/graphics/pokemon/skarmory/redux/back.png
SPECIES_SKARMORY_REDUX,Skarmory Redux,Delta Skarmory,YES,icon,graphics/pokemon/skarmory/redux/icon.png,https://raw.githubusercontent.com/Elite-Redux/eliteredux-source/8bf8bf062e40724cc07569d84c67763f20e4d00e/graphics/pokemon/skarmory/redux/icon.png
SPECIES_SKARMORY_REDUX,Skarmory Redux,Delta Skarmory,YES,normal_palette,graphics/pokemon/skarmory/redux/normal.pal,https://raw.githubusercontent.com/Elite-Redux/eliteredux-source/8bf8bf062e40724cc07569d84c67763f20e4d00e/graphics/pokemon/skarmory/redux/normal.pal
SPECIES_SKARMORY_REDUX,Skarmory Redux,Delta Skarmory,YES,shiny_palette,graphics/pokemon/skarmory/redux/shiny.pal,https://raw.githubusercontent.com/Elite-Redux/eliteredux-source/8bf8bf062e40724cc07569d84c67763f20e4d00e/graphics/pokemon/skarmory/redux/shiny.pal
SPECIES_SABLEYE_REDUX,Sableye Redux,Delta Sableye,YES,front,graphics/pokemon/sableye/redux/front.png,https://raw.githubusercontent.com/Elite-Redux/eliteredux-source/8bf8bf062e40724cc07569d84c67763f20e4d00e/graphics/pokemon/sableye/redux/front.png
SPECIES_SABLEYE_REDUX,Sableye Redux,Delta Sableye,YES,back,graphics/pokemon/sableye/redux/back.png,https://raw.githubusercontent.com/Elite-Redux/eliteredux-source/8bf8bf062e40724cc07569d84c67763f20e4d00e/graphics/pokemon/sableye/redux/back.png
SPECIES_SABLEYE_REDUX,Sableye Redux,Delta Sableye,YES,icon,graphics/pokemon/sableye/redux/icon.png,https://raw.githubusercontent.com/Elite-Redux/eliteredux-source/8bf8bf062e40724cc07569d84c67763f20e4d00e/graphics/pokemon/sableye/redux/icon.png
SPECIES_SABLEYE_REDUX,Sableye Redux,Delta Sableye,YES,normal_palette,graphics/pokemon/sableye/redux/normal.pal,https://raw.githubusercontent.com/Elite-Redux/eliteredux-source/8bf8bf062e40724cc07569d84c67763f20e4d00e/graphics/pokemon/sableye/redux/normal.pal
SPECIES_SABLEYE_REDUX,Sableye Redux,Delta Sableye,YES,shiny_palette,graphics/pokemon/sableye/redux/shiny.pal,https://raw.githubusercontent.com/Elite-Redux/eliteredux-source/8bf8bf062e40724cc07569d84c67763f20e4d00e/graphics/pokemon/sableye/redux/shiny.pal
SPECIES_SCIZOR_REDUX,Scizor Redux,Delta Scizor,YES,front,graphics/pokemon/scizor/redux/front.png,https://raw.githubusercontent.com/Elite-Redux/eliteredux-source/8bf8bf062e40724cc07569d84c67763f20e4d00e/graphics/pokemon/scizor/redux/front.png
SPECIES_SCIZOR_REDUX,Scizor Redux,Delta Scizor,YES,back,graphics/pokemon/scizor/redux/back.png,https://raw.githubusercontent.com/Elite-Redux/eliteredux-source/8bf8bf062e40724cc07569d84c67763f20e4d00e/graphics/pokemon/scizor/redux/back.png
SPECIES_SCIZOR_REDUX,Scizor Redux,Delta Scizor,YES,icon,graphics/pokemon/scizor/redux/icon.png,https://raw.githubusercontent.com/Elite-Redux/eliteredux-source/8bf8bf062e40724cc07569d84c67763f20e4d00e/graphics/pokemon/scizor/redux/icon.png
SPECIES_SCIZOR_REDUX,Scizor Redux,Delta Scizor,YES,normal_palette,graphics/pokemon/scizor/redux/normal.pal,https://raw.githubusercontent.com/Elite-Redux/eliteredux-source/8bf8bf062e40724cc07569d84c67763f20e4d00e/graphics/pokemon/scizor/redux/normal.pal
SPECIES_SCIZOR_REDUX,Scizor Redux,Delta Scizor,YES,shiny_palette,graphics/pokemon/scizor/redux/shiny.pal,https://raw.githubusercontent.com/Elite-Redux/eliteredux-source/8bf8bf062e40724cc07569d84c67763f20e4d00e/graphics/pokemon/scizor/redux/shiny.pal
SPECIES_SNORLAX_PRIMAL,Snorlax Primal,Snorlax Primal,NO,front,graphics/pokemon/snorlax/primal/front.png,https://raw.githubusercontent.com/Elite-Redux/eliteredux-source/8bf8bf062e40724cc07569d84c67763f20e4d00e/graphics/pokemon/snorlax/primal/front.png
SPECIES_SNORLAX_PRIMAL,Snorlax Primal,Snorlax Primal,NO,back,graphics/pokemon/snorlax/primal/back.png,https://raw.githubusercontent.com/Elite-Redux/eliteredux-source/8bf8bf062e40724cc07569d84c67763f20e4d00e/graphics/pokemon/snorlax/primal/back.png
SPECIES_SNORLAX_PRIMAL,Snorlax Primal,Snorlax Primal,NO,icon,graphics/pokemon/snorlax/primal/icon.png,https://raw.githubusercontent.com/Elite-Redux/eliteredux-source/8bf8bf062e40724cc07569d84c67763f20e4d00e/graphics/pokemon/snorlax/primal/icon.png
SPECIES_SNORLAX_PRIMAL,Snorlax Primal,Snorlax Primal,NO,normal_palette,graphics/pokemon/snorlax/primal/normal.pal,https://raw.githubusercontent.com/Elite-Redux/eliteredux-source/8bf8bf062e40724cc07569d84c67763f20e4d00e/graphics/pokemon/snorlax/primal/normal.pal
SPECIES_SNORLAX_PRIMAL,Snorlax Primal,Snorlax Primal,NO,shiny_palette,graphics/pokemon/snorlax/primal/shiny.pal,https://raw.githubusercontent.com/Elite-Redux/eliteredux-source/8bf8bf062e40724cc07569d84c67763f20e4d00e/graphics/pokemon/snorlax/primal/shiny.pal
SPECIES_RIBOMBEE_REDUX_MEGA,Ribombee Redux Mega,Mega Delta Ribombee,YES,front,graphics/pokemon/ribombee/redux_mega/front.png,https://raw.githubusercontent.com/Elite-Redux/eliteredux-source/8bf8bf062e40724cc07569d84c67763f20e4d00e/graphics/pokemon/ribombee/redux_mega/front.png
SPECIES_RIBOMBEE_REDUX_MEGA,Ribombee Redux Mega,Mega Delta Ribombee,YES,back,graphics/pokemon/ribombee/redux_mega/back.png,https://raw.githubusercontent.com/Elite-Redux/eliteredux-source/8bf8bf062e40724cc07569d84c67763f20e4d00e/graphics/pokemon/ribombee/redux_mega/back.png
SPECIES_RIBOMBEE_REDUX_MEGA,Ribombee Redux Mega,Mega Delta Ribombee,YES,icon,graphics/pokemon/ribombee/redux_mega/icon.png,https://raw.githubusercontent.com/Elite-Redux/eliteredux-source/8bf8bf062e40724cc07569d84c67763f20e4d00e/graphics/pokemon/ribombee/redux_mega/icon.png
SPECIES_RIBOMBEE_REDUX_MEGA,Ribombee Redux Mega,Mega Delta Ribombee,YES,normal_palette,graphics/pokemon/ribombee/redux_mega/normal.pal,https://raw.githubusercontent.com/Elite-Redux/eliteredux-source/8bf8bf062e40724cc07569d84c67763f20e4d00e/graphics/pokemon/ribombee/redux_mega/normal.pal
SPECIES_RIBOMBEE_REDUX_MEGA,Ribombee Redux Mega,Mega Delta Ribombee,YES,shiny_palette,graphics/pokemon/ribombee/redux_mega/shiny.pal,https://raw.githubusercontent.com/Elite-Redux/eliteredux-source/8bf8bf062e40724cc07569d84c67763f20e4d00e/graphics/pokemon/ribombee/redux_mega/shiny.pal
SPECIES_STEENEE_REDUX,Steenee Redux,Delta Steenee,YES,front,graphics/pokemon/steenee/redux/front.png,https://raw.githubusercontent.com/Elite-Redux/eliteredux-source/8bf8bf062e40724cc07569d84c67763f20e4d00e/graphics/pokemon/steenee/redux/front.png
SPECIES_STEENEE_REDUX,Steenee Redux,Delta Steenee,YES,back,graphics/pokemon/steenee/redux/back.png,https://raw.githubusercontent.com/Elite-Redux/eliteredux-source/8bf8bf062e40724cc07569d84c67763f20e4d00e/graphics/pokemon/steenee/redux/back.png
SPECIES_STEENEE_REDUX,Steenee Redux,Delta Steenee,YES,icon,graphics/pokemon/steenee/redux/icon.png,https://raw.githubusercontent.com/Elite-Redux/eliteredux-source/8bf8bf062e40724cc07569d84c67763f20e4d00e/graphics/pokemon/steenee/redux/icon.png
SPECIES_STEENEE_REDUX,Steenee Redux,Delta Steenee,YES,normal_palette,graphics/pokemon/steenee/redux/normal.pal,https://raw.githubusercontent.com/Elite-Redux/eliteredux-source/8bf8bf062e40724cc07569d84c67763f20e4d00e/graphics/pokemon/steenee/redux/normal.pal
SPECIES_STEENEE_REDUX,Steenee Redux,Delta Steenee,YES,shiny_palette,graphics/pokemon/steenee/redux/shiny.pal,https://raw.githubusercontent.com/Elite-Redux/eliteredux-source/8bf8bf062e40724cc07569d84c67763f20e4d00e/graphics/pokemon/steenee/redux/shiny.pal
SPECIES_SEEL_REDUX,Seel Redux,Delta Seel,YES,front,graphics/pokemon/seel/redux/front.png,https://raw.githubusercontent.com/Elite-Redux/eliteredux-source/8bf8bf062e40724cc07569d84c67763f20e4d00e/graphics/pokemon/seel/redux/front.png
SPECIES_SEEL_REDUX,Seel Redux,Delta Seel,YES,back,graphics/pokemon/seel/redux/back.png,https://raw.githubusercontent.com/Elite-Redux/eliteredux-source/8bf8bf062e40724cc07569d84c67763f20e4d00e/graphics/pokemon/seel/redux/back.png
SPECIES_SEEL_REDUX,Seel Redux,Delta Seel,YES,icon,graphics/pokemon/seel/redux/icon.png,https://raw.githubusercontent.com/Elite-Redux/eliteredux-source/8bf8bf062e40724cc07569d84c67763f20e4d00e/graphics/pokemon/seel/redux/icon.png
SPECIES_SEEL_REDUX,Seel Redux,Delta Seel,YES,normal_palette,graphics/pokemon/seel/redux/normal.pal,https://raw.githubusercontent.com/Elite-Redux/eliteredux-source/8bf8bf062e40724cc07569d84c67763f20e4d00e/graphics/pokemon/seel/redux/normal.pal
SPECIES_SEEL_REDUX,Seel Redux,Delta Seel,YES,shiny_palette,graphics/pokemon/seel/redux/shiny.pal,https://raw.githubusercontent.com/Elite-Redux/eliteredux-source/8bf8bf062e40724cc07569d84c67763f20e4d00e/graphics/pokemon/seel/redux/shiny.pal
SPECIES_SNORUNT_REDUX,Snorunt Redux,Delta Snorunt,YES,front,graphics/pokemon/snorunt/redux/front.png,https://raw.githubusercontent.com/Elite-Redux/eliteredux-source/8bf8bf062e40724cc07569d84c67763f20e4d00e/graphics/pokemon/snorunt/redux/front.png
SPECIES_SNORUNT_REDUX,Snorunt Redux,Delta Snorunt,YES,back,graphics/pokemon/snorunt/redux/back.png,https://raw.githubusercontent.com/Elite-Redux/eliteredux-source/8bf8bf062e40724cc07569d84c67763f20e4d00e/graphics/pokemon/snorunt/redux/back.png
SPECIES_SNORUNT_REDUX,Snorunt Redux,Delta Snorunt,YES,icon,graphics/pokemon/snorunt/redux/icon.png,https://raw.githubusercontent.com/Elite-Redux/eliteredux-source/8bf8bf062e40724cc07569d84c67763f20e4d00e/graphics/pokemon/snorunt/redux/icon.png
SPECIES_SNORUNT_REDUX,Snorunt Redux,Delta Snorunt,YES,normal_palette,graphics/pokemon/snorunt/redux/normal.pal,https://raw.githubusercontent.com/Elite-Redux/eliteredux-source/8bf8bf062e40724cc07569d84c67763f20e4d00e/graphics/pokemon/snorunt/redux/normal.pal
SPECIES_SNORUNT_REDUX,Snorunt Redux,Delta Snorunt,YES,shiny_palette,graphics/pokemon/snorunt/redux/shiny.pal,https://raw.githubusercontent.com/Elite-Redux/eliteredux-source/8bf8bf062e40724cc07569d84c67763f20e4d00e/graphics/pokemon/snorunt/redux/shiny.pal
SPECIES_TORTEMPLE,Tortemple,Tortemple,NO,front,graphics/pokemon/tortemple/front.png,https://raw.githubusercontent.com/Elite-Redux/eliteredux-source/8bf8bf062e40724cc07569d84c67763f20e4d00e/graphics/pokemon/tortemple/front.png
SPECIES_TORTEMPLE,Tortemple,Tortemple,NO,back,graphics/pokemon/tortemple/back.png,https://raw.githubusercontent.com/Elite-Redux/eliteredux-source/8bf8bf062e40724cc07569d84c67763f20e4d00e/graphics/pokemon/tortemple/back.png
SPECIES_TORTEMPLE,Tortemple,Tortemple,NO,icon,graphics/pokemon/tortemple/icon.png,https://raw.githubusercontent.com/Elite-Redux/eliteredux-source/8bf8bf062e40724cc07569d84c67763f20e4d00e/graphics/pokemon/tortemple/icon.png
SPECIES_TORTEMPLE,Tortemple,Tortemple,NO,normal_palette,graphics/pokemon/tortemple/normal.pal,https://raw.githubusercontent.com/Elite-Redux/eliteredux-source/8bf8bf062e40724cc07569d84c67763f20e4d00e/graphics/pokemon/tortemple/normal.pal
SPECIES_TORTEMPLE,Tortemple,Tortemple,NO,shiny_palette,graphics/pokemon/tortemple/shiny.pal,https://raw.githubusercontent.com/Elite-Redux/eliteredux-source/8bf8bf062e40724cc07569d84c67763f20e4d00e/graphics/pokemon/tortemple/shiny.pal
SPECIES_VELOZEL,Velozel,Velozel,NO,front,graphics/pokemon/velozel/front.png,https://raw.githubusercontent.com/Elite-Redux/eliteredux-source/8bf8bf062e40724cc07569d84c67763f20e4d00e/graphics/pokemon/velozel/front.png
SPECIES_VELOZEL,Velozel,Velozel,NO,back,graphics/pokemon/velozel/back.png,https://raw.githubusercontent.com/Elite-Redux/eliteredux-source/8bf8bf062e40724cc07569d84c67763f20e4d00e/graphics/pokemon/velozel/back.png
SPECIES_VELOZEL,Velozel,Velozel,NO,icon,graphics/pokemon/velozel/icon.png,https://raw.githubusercontent.com/Elite-Redux/eliteredux-source/8bf8bf062e40724cc07569d84c67763f20e4d00e/graphics/pokemon/velozel/icon.png
SPECIES_VELOZEL,Velozel,Velozel,NO,normal_palette,graphics/pokemon/velozel/normal.pal,https://raw.githubusercontent.com/Elite-Redux/eliteredux-source/8bf8bf062e40724cc07569d84c67763f20e4d00e/graphics/pokemon/velozel/normal.pal
SPECIES_VELOZEL,Velozel,Velozel,NO,shiny_palette,graphics/pokemon/velozel/shiny.pal,https://raw.githubusercontent.com/Elite-Redux/eliteredux-source/8bf8bf062e40724cc07569d84c67763f20e4d00e/graphics/pokemon/velozel/shiny.pal
SPECIES_TORTERRA_REDUX_MEGA,Torterra Redux Mega,Mega Delta Torterra,YES,front,graphics/pokemon/torterra/redux_mega/front.png,https://raw.githubusercontent.com/Elite-Redux/eliteredux-source/8bf8bf062e40724cc07569d84c67763f20e4d00e/graphics/pokemon/torterra/redux_mega/front.png
SPECIES_TORTERRA_REDUX_MEGA,Torterra Redux Mega,Mega Delta Torterra,YES,back,graphics/pokemon/torterra/redux_mega/back.png,https://raw.githubusercontent.com/Elite-Redux/eliteredux-source/8bf8bf062e40724cc07569d84c67763f20e4d00e/graphics/pokemon/torterra/redux_mega/back.png
SPECIES_TORTERRA_REDUX_MEGA,Torterra Redux Mega,Mega Delta Torterra,YES,icon,graphics/pokemon/torterra/redux_mega/icon.png,https://raw.githubusercontent.com/Elite-Redux/eliteredux-source/8bf8bf062e40724cc07569d84c67763f20e4d00e/graphics/pokemon/torterra/redux_mega/icon.png
SPECIES_TORTERRA_REDUX_MEGA,Torterra Redux Mega,Mega Delta Torterra,YES,normal_palette,graphics/pokemon/torterra/redux_mega/normal.pal,https://raw.githubusercontent.com/Elite-Redux/eliteredux-source/8bf8bf062e40724cc07569d84c67763f20e4d00e/graphics/pokemon/torterra/redux_mega/normal.pal
SPECIES_TORTERRA_REDUX_MEGA,Torterra Redux Mega,Mega Delta Torterra,YES,shiny_palette,graphics/pokemon/torterra/redux_mega/shiny.pal,https://raw.githubusercontent.com/Elite-Redux/eliteredux-source/8bf8bf062e40724cc07569d84c67763f20e4d00e/graphics/pokemon/torterra/redux_mega/shiny.pal
SPECIES_TSAREENA_REDUX_MEGA,Tsareena Redux Mega,Mega Delta Tsareena,YES,front,graphics/pokemon/tsareena/redux_mega/front.png,https://raw.githubusercontent.com/Elite-Redux/eliteredux-source/8bf8bf062e40724cc07569d84c67763f20e4d00e/graphics/pokemon/tsareena/redux_mega/front.png
SPECIES_TSAREENA_REDUX_MEGA,Tsareena Redux Mega,Mega Delta Tsareena,YES,back,graphics/pokemon/tsareena/redux_mega/back.png,https://raw.githubusercontent.com/Elite-Redux/eliteredux-source/8bf8bf062e40724cc07569d84c67763f20e4d00e/graphics/pokemon/tsareena/redux_mega/back.png
SPECIES_TSAREENA_REDUX_MEGA,Tsareena Redux Mega,Mega Delta Tsareena,YES,icon,graphics/pokemon/tsareena/redux_mega/icon.png,https://raw.githubusercontent.com/Elite-Redux/eliteredux-source/8bf8bf062e40724cc07569d84c67763f20e4d00e/graphics/pokemon/tsareena/redux_mega/icon.png
SPECIES_TSAREENA_REDUX_MEGA,Tsareena Redux Mega,Mega Delta Tsareena,YES,normal_palette,graphics/pokemon/tsareena/redux_mega/normal.pal,https://raw.githubusercontent.com/Elite-Redux/eliteredux-source/8bf8bf062e40724cc07569d84c67763f20e4d00e/graphics/pokemon/tsareena/redux_mega/normal.pal
SPECIES_TSAREENA_REDUX_MEGA,Tsareena Redux Mega,Mega Delta Tsareena,YES,shiny_palette,graphics/pokemon/tsareena/redux_mega/shiny.pal,https://raw.githubusercontent.com/Elite-Redux/eliteredux-source/8bf8bf062e40724cc07569d84c67763f20e4d00e/graphics/pokemon/tsareena/redux_mega/shiny.pal
SPECIES_TOXTRICITY_REDUX_MEGA,Toxtricity Redux Mega,Mega Delta Toxtricity,YES,front,graphics/pokemon/toxtricity/redux_mega/front.png,https://raw.githubusercontent.com/Elite-Redux/eliteredux-source/8bf8bf062e40724cc07569d84c67763f20e4d00e/graphics/pokemon/toxtricity/redux_mega/front.png
SPECIES_TOXTRICITY_REDUX_MEGA,Toxtricity Redux Mega,Mega Delta Toxtricity,YES,back,graphics/pokemon/toxtricity/redux_mega/back.png,https://raw.githubusercontent.com/Elite-Redux/eliteredux-source/8bf8bf062e40724cc07569d84c67763f20e4d00e/graphics/pokemon/toxtricity/redux_mega/back.png
SPECIES_TOXTRICITY_REDUX_MEGA,Toxtricity Redux Mega,Mega Delta Toxtricity,YES,icon,graphics/pokemon/toxtricity/redux_mega/icon.png,https://raw.githubusercontent.com/Elite-Redux/eliteredux-source/8bf8bf062e40724cc07569d84c67763f20e4d00e/graphics/pokemon/toxtricity/redux_mega/icon.png
SPECIES_TOXTRICITY_REDUX_MEGA,Toxtricity Redux Mega,Mega Delta Toxtricity,YES,normal_palette,graphics/pokemon/toxtricity/redux_mega/normal.pal,https://raw.githubusercontent.com/Elite-Redux/eliteredux-source/8bf8bf062e40724cc07569d84c67763f20e4d00e/graphics/pokemon/toxtricity/redux_mega/normal.pal
SPECIES_TOXTRICITY_REDUX_MEGA,Toxtricity Redux Mega,Mega Delta Toxtricity,YES,shiny_palette,graphics/pokemon/toxtricity/redux_mega/shiny.pal,https://raw.githubusercontent.com/Elite-Redux/eliteredux-source/8bf8bf062e40724cc07569d84c67763f20e4d00e/graphics/pokemon/toxtricity/redux_mega/shiny.pal
SPECIES_TOXTRICITY_REDUX_FUZZ_MEGA,Toxtricity Redux Fuzz Mega,Mega Delta Toxtricity Fuzz,YES,front,graphics/pokemon/toxtricity/redux_fuzz_mega/front.png,https://raw.githubusercontent.com/Elite-Redux/eliteredux-source/8bf8bf062e40724cc07569d84c67763f20e4d00e/graphics/pokemon/toxtricity/redux_fuzz_mega/front.png
SPECIES_TOXTRICITY_REDUX_FUZZ_MEGA,Toxtricity Redux Fuzz Mega,Mega Delta Toxtricity Fuzz,YES,back,graphics/pokemon/toxtricity/redux_fuzz_mega/back.png,https://raw.githubusercontent.com/Elite-Redux/eliteredux-source/8bf8bf062e40724cc07569d84c67763f20e4d00e/graphics/pokemon/toxtricity/redux_fuzz_mega/back.png
SPECIES_TOXTRICITY_REDUX_FUZZ_MEGA,Toxtricity Redux Fuzz Mega,Mega Delta Toxtricity Fuzz,YES,icon,graphics/pokemon/toxtricity/redux_fuzz_mega/icon.png,https://raw.githubusercontent.com/Elite-Redux/eliteredux-source/8bf8bf062e40724cc07569d84c67763f20e4d00e/graphics/pokemon/toxtricity/redux_fuzz_mega/icon.png
SPECIES_TOXTRICITY_REDUX_FUZZ_MEGA,Toxtricity Redux Fuzz Mega,Mega Delta Toxtricity Fuzz,YES,normal_palette,graphics/pokemon/toxtricity/redux_fuzz_mega/normal.pal,https://raw.githubusercontent.com/Elite-Redux/eliteredux-source/8bf8bf062e40724cc07569d84c67763f20e4d00e/graphics/pokemon/toxtricity/redux_fuzz_mega/normal.pal
SPECIES_TOXTRICITY_REDUX_FUZZ_MEGA,Toxtricity Redux Fuzz Mega,Mega Delta Toxtricity Fuzz,YES,shiny_palette,graphics/pokemon/toxtricity/redux_fuzz_mega/shiny.pal,https://raw.githubusercontent.com/Elite-Redux/eliteredux-source/8bf8bf062e40724cc07569d84c67763f20e4d00e/graphics/pokemon/toxtricity/redux_fuzz_mega/shiny.pal
SPECIES_WEEDLE_REDUX,Weedle Redux,Delta Weedle,YES,front,graphics/pokemon/weedle/redux/front.png,https://raw.githubusercontent.com/Elite-Redux/eliteredux-source/8bf8bf062e40724cc07569d84c67763f20e4d00e/graphics/pokemon/weedle/redux/front.png
SPECIES_WEEDLE_REDUX,Weedle Redux,Delta Weedle,YES,back,graphics/pokemon/weedle/redux/back.png,https://raw.githubusercontent.com/Elite-Redux/eliteredux-source/8bf8bf062e40724cc07569d84c67763f20e4d00e/graphics/pokemon/weedle/redux/back.png
SPECIES_WEEDLE_REDUX,Weedle Redux,Delta Weedle,YES,icon,graphics/pokemon/weedle/redux/icon.png,https://raw.githubusercontent.com/Elite-Redux/eliteredux-source/8bf8bf062e40724cc07569d84c67763f20e4d00e/graphics/pokemon/weedle/redux/icon.png
SPECIES_WEEDLE_REDUX,Weedle Redux,Delta Weedle,YES,normal_palette,graphics/pokemon/weedle/redux/normal.pal,https://raw.githubusercontent.com/Elite-Redux/eliteredux-source/8bf8bf062e40724cc07569d84c67763f20e4d00e/graphics/pokemon/weedle/redux/normal.pal
SPECIES_WEEDLE_REDUX,Weedle Redux,Delta Weedle,YES,shiny_palette,graphics/pokemon/weedle/redux/shiny.pal,https://raw.githubusercontent.com/Elite-Redux/eliteredux-source/8bf8bf062e40724cc07569d84c67763f20e4d00e/graphics/pokemon/weedle/redux/shiny.pal
SPECIES_UXIE_REDUX,Uxie Redux,Delta Uxie,YES,front,graphics/pokemon/uxie/redux/front.png,https://raw.githubusercontent.com/Elite-Redux/eliteredux-source/8bf8bf062e40724cc07569d84c67763f20e4d00e/graphics/pokemon/uxie/redux/front.png
SPECIES_UXIE_REDUX,Uxie Redux,Delta Uxie,YES,back,graphics/pokemon/uxie/redux/back.png,https://raw.githubusercontent.com/Elite-Redux/eliteredux-source/8bf8bf062e40724cc07569d84c67763f20e4d00e/graphics/pokemon/uxie/redux/back.png
SPECIES_UXIE_REDUX,Uxie Redux,Delta Uxie,YES,icon,graphics/pokemon/uxie/redux/icon.png,https://raw.githubusercontent.com/Elite-Redux/eliteredux-source/8bf8bf062e40724cc07569d84c67763f20e4d00e/graphics/pokemon/uxie/redux/icon.png
SPECIES_UXIE_REDUX,Uxie Redux,Delta Uxie,YES,normal_palette,graphics/pokemon/uxie/redux/normal.pal,https://raw.githubusercontent.com/Elite-Redux/eliteredux-source/8bf8bf062e40724cc07569d84c67763f20e4d00e/graphics/pokemon/uxie/redux/normal.pal
SPECIES_UXIE_REDUX,Uxie Redux,Delta Uxie,YES,shiny_palette,graphics/pokemon/uxie/redux/shiny.pal,https://raw.githubusercontent.com/Elite-Redux/eliteredux-source/8bf8bf062e40724cc07569d84c67763f20e4d00e/graphics/pokemon/uxie/redux/shiny.pal
SPECIES_WHISMUR_REDUX,Whismur Redux,Delta Whismur,YES,front,graphics/pokemon/whismur/redux/front.png,https://raw.githubusercontent.com/Elite-Redux/eliteredux-source/8bf8bf062e40724cc07569d84c67763f20e4d00e/graphics/pokemon/whismur/redux/front.png
SPECIES_WHISMUR_REDUX,Whismur Redux,Delta Whismur,YES,back,graphics/pokemon/whismur/redux/back.png,https://raw.githubusercontent.com/Elite-Redux/eliteredux-source/8bf8bf062e40724cc07569d84c67763f20e4d00e/graphics/pokemon/whismur/redux/back.png
SPECIES_WHISMUR_REDUX,Whismur Redux,Delta Whismur,YES,icon,graphics/pokemon/whismur/redux/icon.png,https://raw.githubusercontent.com/Elite-Redux/eliteredux-source/8bf8bf062e40724cc07569d84c67763f20e4d00e/graphics/pokemon/whismur/redux/icon.png
SPECIES_WHISMUR_REDUX,Whismur Redux,Delta Whismur,YES,normal_palette,graphics/pokemon/whismur/redux/normal.pal,https://raw.githubusercontent.com/Elite-Redux/eliteredux-source/8bf8bf062e40724cc07569d84c67763f20e4d00e/graphics/pokemon/whismur/redux/normal.pal
SPECIES_WHISMUR_REDUX,Whismur Redux,Delta Whismur,YES,shiny_palette,graphics/pokemon/whismur/redux/shiny.pal,https://raw.githubusercontent.com/Elite-Redux/eliteredux-source/8bf8bf062e40724cc07569d84c67763f20e4d00e/graphics/pokemon/whismur/redux/shiny.pal
SPECIES_TYRANITAR_REDUX,Tyranitar Redux,Delta Tyranitar,YES,front,graphics/pokemon/tyranitar/redux/front.png,https://raw.githubusercontent.com/Elite-Redux/eliteredux-source/8bf8bf062e40724cc07569d84c67763f20e4d00e/graphics/pokemon/tyranitar/redux/front.png
SPECIES_TYRANITAR_REDUX,Tyranitar Redux,Delta Tyranitar,YES,back,graphics/pokemon/tyranitar/redux/back.png,https://raw.githubusercontent.com/Elite-Redux/eliteredux-source/8bf8bf062e40724cc07569d84c67763f20e4d00e/graphics/pokemon/tyranitar/redux/back.png
SPECIES_TYRANITAR_REDUX,Tyranitar Redux,Delta Tyranitar,YES,icon,graphics/pokemon/tyranitar/redux/icon.png,https://raw.githubusercontent.com/Elite-Redux/eliteredux-source/8bf8bf062e40724cc07569d84c67763f20e4d00e/graphics/pokemon/tyranitar/redux/icon.png
SPECIES_TYRANITAR_REDUX,Tyranitar Redux,Delta Tyranitar,YES,normal_palette,graphics/pokemon/tyranitar/redux/normal.pal,https://raw.githubusercontent.com/Elite-Redux/eliteredux-source/8bf8bf062e40724cc07569d84c67763f20e4d00e/graphics/pokemon/tyranitar/redux/normal.pal
SPECIES_TYRANITAR_REDUX,Tyranitar Redux,Delta Tyranitar,YES,shiny_palette,graphics/pokemon/tyranitar/redux/shiny.pal,https://raw.githubusercontent.com/Elite-Redux/eliteredux-source/8bf8bf062e40724cc07569d84c67763f20e4d00e/graphics/pokemon/tyranitar/redux/shiny.pal
SPECIES_TYRANITAR_MEGA_REDUX,Tyranitar Mega Redux,Mega Delta Tyranitar,YES,front,graphics/pokemon/tyranitar/mega_redux/front.png,https://raw.githubusercontent.com/Elite-Redux/eliteredux-source/8bf8bf062e40724cc07569d84c67763f20e4d00e/graphics/pokemon/tyranitar/mega_redux/front.png
SPECIES_TYRANITAR_MEGA_REDUX,Tyranitar Mega Redux,Mega Delta Tyranitar,YES,back,graphics/pokemon/tyranitar/mega_redux/back.png,https://raw.githubusercontent.com/Elite-Redux/eliteredux-source/8bf8bf062e40724cc07569d84c67763f20e4d00e/graphics/pokemon/tyranitar/mega_redux/back.png
SPECIES_TYRANITAR_MEGA_REDUX,Tyranitar Mega Redux,Mega Delta Tyranitar,YES,icon,graphics/pokemon/tyranitar/mega_redux/icon.png,https://raw.githubusercontent.com/Elite-Redux/eliteredux-source/8bf8bf062e40724cc07569d84c67763f20e4d00e/graphics/pokemon/tyranitar/mega_redux/icon.png
SPECIES_TYRANITAR_MEGA_REDUX,Tyranitar Mega Redux,Mega Delta Tyranitar,YES,normal_palette,graphics/pokemon/tyranitar/mega_redux/normal.pal,https://raw.githubusercontent.com/Elite-Redux/eliteredux-source/8bf8bf062e40724cc07569d84c67763f20e4d00e/graphics/pokemon/tyranitar/mega_redux/normal.pal
SPECIES_TYRANITAR_MEGA_REDUX,Tyranitar Mega Redux,Mega Delta Tyranitar,YES,shiny_palette,graphics/pokemon/tyranitar/mega_redux/shiny.pal,https://raw.githubusercontent.com/Elite-Redux/eliteredux-source/8bf8bf062e40724cc07569d84c67763f20e4d00e/graphics/pokemon/tyranitar/mega_redux/shiny.pal
SPECIES_WEAVILE_REDUX,Weavile Redux,Delta Weavile,YES,front,graphics/pokemon/weavile/redux/front.png,https://raw.githubusercontent.com/Elite-Redux/eliteredux-source/8bf8bf062e40724cc07569d84c67763f20e4d00e/graphics/pokemon/weavile/redux/front.png
SPECIES_WEAVILE_REDUX,Weavile Redux,Delta Weavile,YES,back,graphics/pokemon/weavile/redux/back.png,https://raw.githubusercontent.com/Elite-Redux/eliteredux-source/8bf8bf062e40724cc07569d84c67763f20e4d00e/graphics/pokemon/weavile/redux/back.png
SPECIES_WEAVILE_REDUX,Weavile Redux,Delta Weavile,YES,icon,graphics/pokemon/weavile/redux/icon.png,https://raw.githubusercontent.com/Elite-Redux/eliteredux-source/8bf8bf062e40724cc07569d84c67763f20e4d00e/graphics/pokemon/weavile/redux/icon.png
SPECIES_WEAVILE_REDUX,Weavile Redux,Delta Weavile,YES,normal_palette,graphics/pokemon/weavile/redux/normal.pal,https://raw.githubusercontent.com/Elite-Redux/eliteredux-source/8bf8bf062e40724cc07569d84c67763f20e4d00e/graphics/pokemon/weavile/redux/normal.pal
SPECIES_WEAVILE_REDUX,Weavile Redux,Delta Weavile,YES,shiny_palette,graphics/pokemon/weavile/redux/shiny.pal,https://raw.githubusercontent.com/Elite-Redux/eliteredux-source/8bf8bf062e40724cc07569d84c67763f20e4d00e/graphics/pokemon/weavile/redux/shiny.pal
SPECIES_WEAVILE_REDUX_MEGA,Weavile Redux Mega,Mega Delta Weavile,YES,front,graphics/pokemon/weavile/redux_mega/front.png,https://raw.githubusercontent.com/Elite-Redux/eliteredux-source/8bf8bf062e40724cc07569d84c67763f20e4d00e/graphics/pokemon/weavile/redux_mega/front.png
SPECIES_WEAVILE_REDUX_MEGA,Weavile Redux Mega,Mega Delta Weavile,YES,back,graphics/pokemon/weavile/redux_mega/back.png,https://raw.githubusercontent.com/Elite-Redux/eliteredux-source/8bf8bf062e40724cc07569d84c67763f20e4d00e/graphics/pokemon/weavile/redux_mega/back.png
SPECIES_WEAVILE_REDUX_MEGA,Weavile Redux Mega,Mega Delta Weavile,YES,icon,graphics/pokemon/weavile/redux_mega/icon.png,https://raw.githubusercontent.com/Elite-Redux/eliteredux-source/8bf8bf062e40724cc07569d84c67763f20e4d00e/graphics/pokemon/weavile/redux_mega/icon.png
SPECIES_WEAVILE_REDUX_MEGA,Weavile Redux Mega,Mega Delta Weavile,YES,normal_palette,graphics/pokemon/weavile/redux_mega/normal.pal,https://raw.githubusercontent.com/Elite-Redux/eliteredux-source/8bf8bf062e40724cc07569d84c67763f20e4d00e/graphics/pokemon/weavile/redux_mega/normal.pal
SPECIES_WEAVILE_REDUX_MEGA,Weavile Redux Mega,Mega Delta Weavile,YES,shiny_palette,graphics/pokemon/weavile/redux_mega/shiny.pal,https://raw.githubusercontent.com/Elite-Redux/eliteredux-source/8bf8bf062e40724cc07569d84c67763f20e4d00e/graphics/pokemon/weavile/redux_mega/shiny.pal
SPECIES_TURTWIG_REDUX,Turtwig Redux,Delta Turtwig,YES,front,graphics/pokemon/turtwig/redux/front.png,https://raw.githubusercontent.com/Elite-Redux/eliteredux-source/8bf8bf062e40724cc07569d84c67763f20e4d00e/graphics/pokemon/turtwig/redux/front.png
SPECIES_TURTWIG_REDUX,Turtwig Redux,Delta Turtwig,YES,back,graphics/pokemon/turtwig/redux/back.png,https://raw.githubusercontent.com/Elite-Redux/eliteredux-source/8bf8bf062e40724cc07569d84c67763f20e4d00e/graphics/pokemon/turtwig/redux/back.png
SPECIES_TURTWIG_REDUX,Turtwig Redux,Delta Turtwig,YES,icon,graphics/pokemon/turtwig/redux/icon.png,https://raw.githubusercontent.com/Elite-Redux/eliteredux-source/8bf8bf062e40724cc07569d84c67763f20e4d00e/graphics/pokemon/turtwig/redux/icon.png
SPECIES_TURTWIG_REDUX,Turtwig Redux,Delta Turtwig,YES,normal_palette,graphics/pokemon/turtwig/redux/normal.pal,https://raw.githubusercontent.com/Elite-Redux/eliteredux-source/8bf8bf062e40724cc07569d84c67763f20e4d00e/graphics/pokemon/turtwig/redux/normal.pal
SPECIES_TURTWIG_REDUX,Turtwig Redux,Delta Turtwig,YES,shiny_palette,graphics/pokemon/turtwig/redux/shiny.pal,https://raw.githubusercontent.com/Elite-Redux/eliteredux-source/8bf8bf062e40724cc07569d84c67763f20e4d00e/graphics/pokemon/turtwig/redux/shiny.pal
SPECIES_TORTERRA_REDUX,Torterra Redux,Delta Torterra,YES,front,graphics/pokemon/torterra/redux/front.png,https://raw.githubusercontent.com/Elite-Redux/eliteredux-source/8bf8bf062e40724cc07569d84c67763f20e4d00e/graphics/pokemon/torterra/redux/front.png
SPECIES_TORTERRA_REDUX,Torterra Redux,Delta Torterra,YES,back,graphics/pokemon/torterra/redux/back.png,https://raw.githubusercontent.com/Elite-Redux/eliteredux-source/8bf8bf062e40724cc07569d84c67763f20e4d00e/graphics/pokemon/torterra/redux/back.png
SPECIES_TORTERRA_REDUX,Torterra Redux,Delta Torterra,YES,icon,graphics/pokemon/torterra/redux/icon.png,https://raw.githubusercontent.com/Elite-Redux/eliteredux-source/8bf8bf062e40724cc07569d84c67763f20e4d00e/graphics/pokemon/torterra/redux/icon.png
SPECIES_TORTERRA_REDUX,Torterra Redux,Delta Torterra,YES,normal_palette,graphics/pokemon/torterra/redux/normal.pal,https://raw.githubusercontent.com/Elite-Redux/eliteredux-source/8bf8bf062e40724cc07569d84c67763f20e4d00e/graphics/pokemon/torterra/redux/normal.pal
SPECIES_TORTERRA_REDUX,Torterra Redux,Delta Torterra,YES,shiny_palette,graphics/pokemon/torterra/redux/shiny.pal,https://raw.githubusercontent.com/Elite-Redux/eliteredux-source/8bf8bf062e40724cc07569d84c67763f20e4d00e/graphics/pokemon/torterra/redux/shiny.pal
SPECIES_TSAREENA_REDUX,Tsareena Redux,Delta Tsareena,YES,front,graphics/pokemon/tsareena/redux/front.png,https://raw.githubusercontent.com/Elite-Redux/eliteredux-source/8bf8bf062e40724cc07569d84c67763f20e4d00e/graphics/pokemon/tsareena/redux/front.png
SPECIES_TSAREENA_REDUX,Tsareena Redux,Delta Tsareena,YES,back,graphics/pokemon/tsareena/redux/back.png,https://raw.githubusercontent.com/Elite-Redux/eliteredux-source/8bf8bf062e40724cc07569d84c67763f20e4d00e/graphics/pokemon/tsareena/redux/back.png
SPECIES_TSAREENA_REDUX,Tsareena Redux,Delta Tsareena,YES,icon,graphics/pokemon/tsareena/redux/icon.png,https://raw.githubusercontent.com/Elite-Redux/eliteredux-source/8bf8bf062e40724cc07569d84c67763f20e4d00e/graphics/pokemon/tsareena/redux/icon.png
SPECIES_TSAREENA_REDUX,Tsareena Redux,Delta Tsareena,YES,normal_palette,graphics/pokemon/tsareena/redux/normal.pal,https://raw.githubusercontent.com/Elite-Redux/eliteredux-source/8bf8bf062e40724cc07569d84c67763f20e4d00e/graphics/pokemon/tsareena/redux/normal.pal
SPECIES_TSAREENA_REDUX,Tsareena Redux,Delta Tsareena,YES,shiny_palette,graphics/pokemon/tsareena/redux/shiny.pal,https://raw.githubusercontent.com/Elite-Redux/eliteredux-source/8bf8bf062e40724cc07569d84c67763f20e4d00e/graphics/pokemon/tsareena/redux/shiny.pal
SPECIES_TOXEL_REDUX,Toxel Redux,Delta Toxel,YES,front,graphics/pokemon/toxel/redux/front.png,https://raw.githubusercontent.com/Elite-Redux/eliteredux-source/8bf8bf062e40724cc07569d84c67763f20e4d00e/graphics/pokemon/toxel/redux/front.png
SPECIES_TOXEL_REDUX,Toxel Redux,Delta Toxel,YES,back,graphics/pokemon/toxel/redux/back.png,https://raw.githubusercontent.com/Elite-Redux/eliteredux-source/8bf8bf062e40724cc07569d84c67763f20e4d00e/graphics/pokemon/toxel/redux/back.png
SPECIES_TOXEL_REDUX,Toxel Redux,Delta Toxel,YES,icon,graphics/pokemon/toxel/redux/icon.png,https://raw.githubusercontent.com/Elite-Redux/eliteredux-source/8bf8bf062e40724cc07569d84c67763f20e4d00e/graphics/pokemon/toxel/redux/icon.png
SPECIES_TOXEL_REDUX,Toxel Redux,Delta Toxel,YES,normal_palette,graphics/pokemon/toxel/redux/normal.pal,https://raw.githubusercontent.com/Elite-Redux/eliteredux-source/8bf8bf062e40724cc07569d84c67763f20e4d00e/graphics/pokemon/toxel/redux/normal.pal
SPECIES_TOXEL_REDUX,Toxel Redux,Delta Toxel,YES,shiny_palette,graphics/pokemon/toxel/redux/shiny.pal,https://raw.githubusercontent.com/Elite-Redux/eliteredux-source/8bf8bf062e40724cc07569d84c67763f20e4d00e/graphics/pokemon/toxel/redux/shiny.pal
SPECIES_TOXTRICITY_REDUX,Toxtricity Redux,Delta Toxtricity,YES,front,graphics/pokemon/toxtricity/redux/front.png,https://raw.githubusercontent.com/Elite-Redux/eliteredux-source/8bf8bf062e40724cc07569d84c67763f20e4d00e/graphics/pokemon/toxtricity/redux/front.png
SPECIES_TOXTRICITY_REDUX,Toxtricity Redux,Delta Toxtricity,YES,back,graphics/pokemon/toxtricity/redux/back.png,https://raw.githubusercontent.com/Elite-Redux/eliteredux-source/8bf8bf062e40724cc07569d84c67763f20e4d00e/graphics/pokemon/toxtricity/redux/back.png
SPECIES_TOXTRICITY_REDUX,Toxtricity Redux,Delta Toxtricity,YES,icon,graphics/pokemon/toxtricity/redux/icon.png,https://raw.githubusercontent.com/Elite-Redux/eliteredux-source/8bf8bf062e40724cc07569d84c67763f20e4d00e/graphics/pokemon/toxtricity/redux/icon.png
SPECIES_TOXTRICITY_REDUX,Toxtricity Redux,Delta Toxtricity,YES,normal_palette,graphics/pokemon/toxtricity/redux/normal.pal,https://raw.githubusercontent.com/Elite-Redux/eliteredux-source/8bf8bf062e40724cc07569d84c67763f20e4d00e/graphics/pokemon/toxtricity/redux/normal.pal
SPECIES_TOXTRICITY_REDUX,Toxtricity Redux,Delta Toxtricity,YES,shiny_palette,graphics/pokemon/toxtricity/redux/shiny.pal,https://raw.githubusercontent.com/Elite-Redux/eliteredux-source/8bf8bf062e40724cc07569d84c67763f20e4d00e/graphics/pokemon/toxtricity/redux/shiny.pal
SPECIES_TOXTRICITY_REDUX_FUZZ,Toxtricity Redux Fuzz,Delta Toxtricity Fuzz,YES,front,graphics/pokemon/toxtricity/redux_fuzz/front.png,https://raw.githubusercontent.com/Elite-Redux/eliteredux-source/8bf8bf062e40724cc07569d84c67763f20e4d00e/graphics/pokemon/toxtricity/redux_fuzz/front.png
SPECIES_TOXTRICITY_REDUX_FUZZ,Toxtricity Redux Fuzz,Delta Toxtricity Fuzz,YES,back,graphics/pokemon/toxtricity/redux_fuzz/back.png,https://raw.githubusercontent.com/Elite-Redux/eliteredux-source/8bf8bf062e40724cc07569d84c67763f20e4d00e/graphics/pokemon/toxtricity/redux_fuzz/back.png
SPECIES_TOXTRICITY_REDUX_FUZZ,Toxtricity Redux Fuzz,Delta Toxtricity Fuzz,YES,icon,graphics/pokemon/toxtricity/redux_fuzz/icon.png,https://raw.githubusercontent.com/Elite-Redux/eliteredux-source/8bf8bf062e40724cc07569d84c67763f20e4d00e/graphics/pokemon/toxtricity/redux_fuzz/icon.png
SPECIES_TOXTRICITY_REDUX_FUZZ,Toxtricity Redux Fuzz,Delta Toxtricity Fuzz,YES,normal_palette,graphics/pokemon/toxtricity/redux_fuzz/normal.pal,https://raw.githubusercontent.com/Elite-Redux/eliteredux-source/8bf8bf062e40724cc07569d84c67763f20e4d00e/graphics/pokemon/toxtricity/redux_fuzz/normal.pal
SPECIES_TOXTRICITY_REDUX_FUZZ,Toxtricity Redux Fuzz,Delta Toxtricity Fuzz,YES,shiny_palette,graphics/pokemon/toxtricity/redux_fuzz/shiny.pal,https://raw.githubusercontent.com/Elite-Redux/eliteredux-source/8bf8bf062e40724cc07569d84c67763f20e4d00e/graphics/pokemon/toxtricity/redux_fuzz/shiny.pal
SPECIES_TRAPINCH_REDUX,Trapinch Redux,Delta Trapinch,YES,front,graphics/pokemon/trapinch/redux/front.png,https://raw.githubusercontent.com/Elite-Redux/eliteredux-source/8bf8bf062e40724cc07569d84c67763f20e4d00e/graphics/pokemon/trapinch/redux/front.png
SPECIES_TRAPINCH_REDUX,Trapinch Redux,Delta Trapinch,YES,back,graphics/pokemon/trapinch/redux/back.png,https://raw.githubusercontent.com/Elite-Redux/eliteredux-source/8bf8bf062e40724cc07569d84c67763f20e4d00e/graphics/pokemon/trapinch/redux/back.png
SPECIES_TRAPINCH_REDUX,Trapinch Redux,Delta Trapinch,YES,icon,graphics/pokemon/trapinch/redux/icon.png,https://raw.githubusercontent.com/Elite-Redux/eliteredux-source/8bf8bf062e40724cc07569d84c67763f20e4d00e/graphics/pokemon/trapinch/redux/icon.png
SPECIES_TRAPINCH_REDUX,Trapinch Redux,Delta Trapinch,YES,normal_palette,graphics/pokemon/trapinch/redux/normal.pal,https://raw.githubusercontent.com/Elite-Redux/eliteredux-source/8bf8bf062e40724cc07569d84c67763f20e4d00e/graphics/pokemon/trapinch/redux/normal.pal
SPECIES_TRAPINCH_REDUX,Trapinch Redux,Delta Trapinch,YES,shiny_palette,graphics/pokemon/trapinch/redux/shiny.pal,https://raw.githubusercontent.com/Elite-Redux/eliteredux-source/8bf8bf062e40724cc07569d84c67763f20e4d00e/graphics/pokemon/trapinch/redux/shiny.pal
SPECIES_VIBRAVA_REDUX,Vibrava Redux,Delta Vibrava,YES,front,graphics/pokemon/vibrava/redux/front.png,https://raw.githubusercontent.com/Elite-Redux/eliteredux-source/8bf8bf062e40724cc07569d84c67763f20e4d00e/graphics/pokemon/vibrava/redux/front.png
SPECIES_VIBRAVA_REDUX,Vibrava Redux,Delta Vibrava,YES,back,graphics/pokemon/vibrava/redux/back.png,https://raw.githubusercontent.com/Elite-Redux/eliteredux-source/8bf8bf062e40724cc07569d84c67763f20e4d00e/graphics/pokemon/vibrava/redux/back.png
SPECIES_VIBRAVA_REDUX,Vibrava Redux,Delta Vibrava,YES,icon,graphics/pokemon/vibrava/redux/icon.png,https://raw.githubusercontent.com/Elite-Redux/eliteredux-source/8bf8bf062e40724cc07569d84c67763f20e4d00e/graphics/pokemon/vibrava/redux/icon.png
SPECIES_VIBRAVA_REDUX,Vibrava Redux,Delta Vibrava,YES,normal_palette,graphics/pokemon/vibrava/redux/normal.pal,https://raw.githubusercontent.com/Elite-Redux/eliteredux-source/8bf8bf062e40724cc07569d84c67763f20e4d00e/graphics/pokemon/vibrava/redux/normal.pal
SPECIES_VIBRAVA_REDUX,Vibrava Redux,Delta Vibrava,YES,shiny_palette,graphics/pokemon/vibrava/redux/shiny.pal,https://raw.githubusercontent.com/Elite-Redux/eliteredux-source/8bf8bf062e40724cc07569d84c67763f20e4d00e/graphics/pokemon/vibrava/redux/shiny.pal
SPECIES_ZWEILOUS_REDUX,Zweilous Redux,Delta Zweilous,YES,front,graphics/pokemon/zweilous/redux/front.png,https://raw.githubusercontent.com/Elite-Redux/eliteredux-source/8bf8bf062e40724cc07569d84c67763f20e4d00e/graphics/pokemon/zweilous/redux/front.png
SPECIES_ZWEILOUS_REDUX,Zweilous Redux,Delta Zweilous,YES,back,graphics/pokemon/zweilous/redux/back.png,https://raw.githubusercontent.com/Elite-Redux/eliteredux-source/8bf8bf062e40724cc07569d84c67763f20e4d00e/graphics/pokemon/zweilous/redux/back.png
SPECIES_ZWEILOUS_REDUX,Zweilous Redux,Delta Zweilous,YES,icon,graphics/pokemon/zweilous/redux/icon.png,https://raw.githubusercontent.com/Elite-Redux/eliteredux-source/8bf8bf062e40724cc07569d84c67763f20e4d00e/graphics/pokemon/zweilous/redux/icon.png
SPECIES_ZWEILOUS_REDUX,Zweilous Redux,Delta Zweilous,YES,normal_palette,graphics/pokemon/zweilous/redux/normal.pal,https://raw.githubusercontent.com/Elite-Redux/eliteredux-source/8bf8bf062e40724cc07569d84c67763f20e4d00e/graphics/pokemon/zweilous/redux/normal.pal
SPECIES_ZWEILOUS_REDUX,Zweilous Redux,Delta Zweilous,YES,shiny_palette,graphics/pokemon/zweilous/redux/shiny.pal,https://raw.githubusercontent.com/Elite-Redux/eliteredux-source/8bf8bf062e40724cc07569d84c67763f20e4d00e/graphics/pokemon/zweilous/redux/shiny.pal
SPECIES_WOOPER_PALDEAN,Wooper Paldean,Wooper Paldean,NO,front,graphics/pokemon/wooper/paldean/front.png,https://raw.githubusercontent.com/Elite-Redux/eliteredux-source/8bf8bf062e40724cc07569d84c67763f20e4d00e/graphics/pokemon/wooper/paldean/front.png
SPECIES_WOOPER_PALDEAN,Wooper Paldean,Wooper Paldean,NO,back,graphics/pokemon/wooper/paldean/back.png,https://raw.githubusercontent.com/Elite-Redux/eliteredux-source/8bf8bf062e40724cc07569d84c67763f20e4d00e/graphics/pokemon/wooper/paldean/back.png
SPECIES_WOOPER_PALDEAN,Wooper Paldean,Wooper Paldean,NO,icon,graphics/pokemon/wooper/paldean/icon.png,https://raw.githubusercontent.com/Elite-Redux/eliteredux-source/8bf8bf062e40724cc07569d84c67763f20e4d00e/graphics/pokemon/wooper/paldean/icon.png
SPECIES_WOOPER_PALDEAN,Wooper Paldean,Wooper Paldean,NO,normal_palette,graphics/pokemon/wooper/paldean/normal.pal,https://raw.githubusercontent.com/Elite-Redux/eliteredux-source/8bf8bf062e40724cc07569d84c67763f20e4d00e/graphics/pokemon/wooper/paldean/normal.pal
SPECIES_WOOPER_PALDEAN,Wooper Paldean,Wooper Paldean,NO,shiny_palette,graphics/pokemon/wooper/paldean/shiny.pal,https://raw.githubusercontent.com/Elite-Redux/eliteredux-source/8bf8bf062e40724cc07569d84c67763f20e4d00e/graphics/pokemon/wooper/paldean/shiny.pal
