review_id,dex,family_anchor,family_line,source_id,base_pokemon,variant,source,group,kind,type1,type2,asset_state,suggested_mercury_classification,suggested_acquisition,locked_status,approval,notes
R0001,3,1,#0001 Bulbasaur → #0002 Ivysaur → #0003 Venusaur,ER-1592,Venusaur,Venusaur Mega X,Elite Redux,04 Elite Redux - Standard Megas,Mega,Grass,Poison,4-view complete,Custom Mega,Species-specific Mega Stone; only if this design is approved,REVIEW,PENDING,
R0002,3,1,#0001 Bulbasaur → #0002 Ivysaur → #0003 Venusaur,PR-0003,Venusaur,Platinum Redux Venusaur,Platinum Redux 2.9.3 TC6,Platinum Redux — changed-type variants,Alternate Form,Grass,Water,Normal + shiny front/back converted from NDS,Standalone Delta candidate,"Delta Stone candidate, unless a lore/location method fits better",REVIEW,PENDING,
R0003,6,4,#0004 Charmander → #0005 Charmeleon → #0006 Charizard,ER-1595,Charizard,Charizard Mega Z,Elite Redux,03 Elite Redux - New Species & Evolutions,Mega,Fire,,4-view complete,Custom Mega,Species-specific Mega Stone; only if this design is approved,REVIEW,PENDING,
R0004,6,4,#0004 Charmander → #0005 Charmeleon → #0006 Charizard,PR-0006,Charizard,Platinum Redux Charizard,Platinum Redux 2.9.3 TC6,Platinum Redux — changed-type variants,Alternate Form,Fire,Dragon,Normal + shiny front/back converted from NDS,Standalone Delta candidate,"Delta Stone candidate, unless a lore/location method fits better",REVIEW,PENDING,
R0005,9,7,#0007 Squirtle → #0008 Wartortle → #0009 Blastoise,ER-1593,Blastoise,Blastoise Mega X,Elite Redux,04 Elite Redux - Standard Megas,Mega,Water,Steel,4-view complete,Custom Mega,Species-specific Mega Stone; only if this design is approved,REVIEW,PENDING,
R0006,9,7,#0007 Squirtle → #0008 Wartortle → #0009 Blastoise,PR-0009,Blastoise,Platinum Redux Blastoise,Platinum Redux 2.9.3 TC6,Platinum Redux — changed-type variants,Alternate Form,Water,Rock,Normal + shiny front/back converted from NDS,Standalone Delta candidate,"Delta Stone candidate, unless a lore/location method fits better",REVIEW,PENDING,
R0007,10,10,#0010 Caterpie → #0011 Metapod → #0012 Butterfree,CPF-0001,Caterpie,Caterpie — Alternate (Form 1),Reborn / Plates of Arceus,01 Reborn - Alternate & Type Forms,Alternate Form,Bug,,4-view complete,Delta family candidate,Obtain the earliest Delta stage; evolve through the matching Delta line,REVIEW,PENDING,
R0008,12,10,#0010 Caterpie → #0011 Metapod → #0012 Butterfree,ER-1509,Butterfree,Butterfree Mega,Elite Redux,04 Elite Redux - Standard Megas,Mega,Bug,Psychic,4-view complete,Custom Mega,Species-specific Mega Stone; only if this design is approved,REVIEW,PENDING,
R0009,12,10,#0010 Caterpie → #0011 Metapod → #0012 Butterfree,PR-0012,Butterfree,Platinum Redux Butterfree,Platinum Redux 2.9.3 TC6,Platinum Redux — changed-type variants,Alternate Form,Bug,Psychic,Normal + shiny front/back converted from NDS,Standalone Delta candidate,"Delta Stone candidate, unless a lore/location method fits better",REVIEW,PENDING,
R0010,12,10,#0010 Caterpie → #0011 Metapod → #0012 Butterfree,CPF-0002,Butterfree,Butterfree — Alternate (Form 1),Reborn / Plates of Arceus,01 Reborn - Alternate & Type Forms,Alternate Form,Bug,Ghost,4-view complete,Delta family candidate,Obtain the earliest Delta stage; evolve through the matching Delta line,REVIEW,PENDING,
R0011,13,13,#0013 Weedle → #0014 Kakuna → #0015 Beedrill,ER-1723,Weedle,Weedle Redux,Elite Redux,05 Elite Redux - Redux Forms,Redux Form,Ice,Poison,4-view complete,Delta family candidate,Obtain the earliest Delta stage; evolve through the matching Delta line,REVIEW,PENDING,
R0012,13,13,#0013 Weedle → #0014 Kakuna → #0015 Beedrill,CPF-0003,Weedle,Weedle — Alternate (Form 2),Reborn / Plates of Arceus,01 Reborn - Alternate & Type Forms,Alternate Form,Bug,Ice,4-view complete,Delta family candidate,Obtain the earliest Delta stage; evolve through the matching Delta line,REVIEW,PENDING,
R0013,14,13,#0013 Weedle → #0014 Kakuna → #0015 Beedrill,ER-1724,Kakuna,Kakuna Redux,Elite Redux,05 Elite Redux - Redux Forms,Redux Form,Ice,Poison,4-view complete,Delta family candidate,Obtain the earliest Delta stage; evolve through the matching Delta line,REVIEW,PENDING,
R0014,14,13,#0013 Weedle → #0014 Kakuna → #0015 Beedrill,CPF-0004,Kakuna,Kakuna — Alternate (Form 2),Reborn / Plates of Arceus,01 Reborn - Alternate & Type Forms,Alternate Form,Bug,Ice,4-view complete,Delta family candidate,Obtain the earliest Delta stage; evolve through the matching Delta line,REVIEW,PENDING,
R0015,15,13,#0013 Weedle → #0014 Kakuna → #0015 Beedrill,ER-1725,Beedrill,Beedrill Redux,Elite Redux,05 Elite Redux - Redux Forms,Redux Form,Ice,Poison,4-view complete,Delta family candidate,Obtain the earliest Delta stage; evolve through the matching Delta line,REVIEW,PENDING,
R0016,15,13,#0013 Weedle → #0014 Kakuna → #0015 Beedrill,ER-1551,Beedrill,Beedrill Mega Redux,Elite Redux,06 Elite Redux - Redux Megas,Mega,Ice,Poison,4-view complete,Mega Delta,Mega Evolution of the corresponding Delta form,REVIEW,PENDING,
R0017,15,13,#0013 Weedle → #0014 Kakuna → #0015 Beedrill,CPF-0005,Beedrill,Beedrill — Alternate (Form 2),Reborn / Plates of Arceus,01 Reborn - Alternate & Type Forms,Alternate Form,Bug,Ice,4-view complete,Delta family candidate,Obtain the earliest Delta stage; evolve through the matching Delta line,REVIEW,PENDING,
R0018,15,13,#0013 Weedle → #0014 Kakuna → #0015 Beedrill,CPF-0006,Beedrill,Beedrill — Alternate Mega (Form 3),Reborn / Plates of Arceus,02 Reborn - Explicit Megas,Mega,Bug,Ice,4-view complete,Custom Mega,Species-specific Mega Stone; only if this design is approved,REVIEW,PENDING,
R0019,16,16,#0016 Pidgey → #0017 Pidgeotto → #0018 Pidgeot,CPF-0007,Pidgey,Pidgey — Alternate (Form 2),Reborn / Plates of Arceus,01 Reborn - Alternate & Type Forms,Alternate Form,Ice,Flying,4-view complete,Delta family candidate,Obtain the earliest Delta stage; evolve through the matching Delta line,REVIEW,PENDING,
R0020,17,16,#0016 Pidgey → #0017 Pidgeotto → #0018 Pidgeot,CPF-0008,Pidgeotto,Pidgeotto — Alternate (Form 2),Reborn / Plates of Arceus,01 Reborn - Alternate & Type Forms,Alternate Form,Ice,Flying,4-view complete,Delta family candidate,Obtain the earliest Delta stage; evolve through the matching Delta line,REVIEW,PENDING,
R0021,18,16,#0016 Pidgey → #0017 Pidgeotto → #0018 Pidgeot,CPF-0009,Pidgeot,Pidgeot — Alternate (Form 2),Reborn / Plates of Arceus,01 Reborn - Alternate & Type Forms,Alternate Form,Ice,Flying,4-view complete,Delta family candidate,Obtain the earliest Delta stage; evolve through the matching Delta line,REVIEW,PENDING,
R0022,18,16,#0016 Pidgey → #0017 Pidgeotto → #0018 Pidgeot,CPF-0010,Pidgeot,Pidgeot — Mega Alternate (Form 3),Reborn / Plates of Arceus,02 Reborn - Explicit Megas,Mega,Ice,Flying,4-view complete,Custom Mega,Species-specific Mega Stone; only if this design is approved,REVIEW,PENDING,
R0023,19,19,#0019 Rattata → #0020 Raticate,ER-1672,Rattata,Rattata Redux,Elite Redux,05 Elite Redux - Redux Forms,Redux Form,Poison,,4-view complete,Delta family candidate,Obtain the earliest Delta stage; evolve through the matching Delta line,REVIEW,PENDING,
R0024,20,19,#0019 Rattata → #0020 Raticate,ER-1673,Raticate,Raticate Redux,Elite Redux,05 Elite Redux - Redux Forms,Redux Form,Poison,Fighting,4-view complete,Delta family candidate,Obtain the earliest Delta stage; evolve through the matching Delta line,REVIEW,PENDING,
R0025,20,19,#0019 Rattata → #0020 Raticate,PR-0020,Raticate,Platinum Redux Raticate,Platinum Redux 2.9.3 TC6,Platinum Redux — changed-type variants,Alternate Form,Normal,Dark,Normal + shiny front/back converted from NDS,Standalone Delta candidate,"Delta Stone candidate, unless a lore/location method fits better",REVIEW,PENDING,
R0026,21,21,#0021 Spearow → #0022 Fearow,ER-1903,Spearow,Spearow Redux,Elite Redux,05 Elite Redux - Redux Forms,Redux Form,Fighting,,4-view complete,Delta family candidate,Obtain the earliest Delta stage; evolve through the matching Delta line,REVIEW,PENDING,
R0027,22,21,#0021 Spearow → #0022 Fearow,ER-1904,Fearow,Fearow Redux,Elite Redux,05 Elite Redux - Redux Forms,Redux Form,Fighting,Dark,4-view complete,Delta family candidate,Obtain the earliest Delta stage; evolve through the matching Delta line,REVIEW,PENDING,
R0028,22,21,#0021 Spearow → #0022 Fearow,PR-0022,Fearow,Platinum Redux Fearow,Platinum Redux 2.9.3 TC6,Platinum Redux — changed-type variants,Alternate Form,Electric,Flying,Normal + shiny front/back converted from NDS,Standalone Delta candidate,"Delta Stone candidate, unless a lore/location method fits better",REVIEW,PENDING,
R0029,24,23,#0023 Ekans → #0024 Arbok,ER-1566,Arbok,Arbok Mega,Elite Redux,04 Elite Redux - Standard Megas,Mega,Poison,Dark,4-view complete,Custom Mega,Species-specific Mega Stone; only if this design is approved,REVIEW,PENDING,
R0030,24,23,#0023 Ekans → #0024 Arbok,PR-0024,Arbok,Platinum Redux Arbok,Platinum Redux 2.9.3 TC6,Platinum Redux — changed-type variants,Alternate Form,Poison,Dragon,Normal + shiny front/back converted from NDS,Standalone Delta candidate,"Delta Stone candidate, unless a lore/location method fits better",REVIEW,PENDING,
R0031,172,25,#0172 Pichu → #0025 Pikachu → #0026 Raichu,PR-0172,Pichu,Platinum Redux Pichu,Platinum Redux 2.9.3 TC6,Platinum Redux — changed-type variants,Alternate Form,Bug,Fire,Normal + shiny front/back converted from NDS,Delta family candidate,Obtain the earliest Delta stage; evolve through the matching Delta line,REVIEW,PENDING,
R0032,25,25,#0172 Pichu → #0025 Pikachu → #0026 Raichu,ER-1612,Pikachu,Pikachu Mega,Elite Redux,04 Elite Redux - Standard Megas,Mega,Electric,,4-view complete,Custom Mega,Species-specific Mega Stone; only if this design is approved,REVIEW,PENDING,
R0033,26,25,#0172 Pichu → #0025 Pikachu → #0026 Raichu,PR-0026,Raichu,Platinum Redux Raichu,Platinum Redux 2.9.3 TC6,Platinum Redux — changed-type variants,Alternate Form,Electric,Psychic,Normal + shiny front/back converted from NDS,Delta family candidate,Obtain the earliest Delta stage; evolve through the matching Delta line,REVIEW,PENDING,
R0034,28,27,#0027 Sandshrew → #0028 Sandslash,ER-1666,Sandslash,Sandslash Alolan Mega,Elite Redux,04 Elite Redux - Standard Megas,Mega,Ice,Steel,4-view complete,Custom Mega,Species-specific Mega Stone; only if this design is approved,REVIEW,PENDING,
R0035,28,27,#0027 Sandshrew → #0028 Sandslash,ER-1540,Sandslash,Sandslash Mega,Elite Redux,04 Elite Redux - Standard Megas,Mega,Ground,,4-view complete,Custom Mega,Species-specific Mega Stone; only if this design is approved,REVIEW,PENDING,
R0036,28,27,#0027 Sandshrew → #0028 Sandslash,PR-0028,Sandslash,Platinum Redux Sandslash,Platinum Redux 2.9.3 TC6,Platinum Redux — changed-type variants,Alternate Form,Ground,Ice,Normal + shiny front/back converted from NDS,Standalone Delta candidate,"Delta Stone candidate, unless a lore/location method fits better",REVIEW,PENDING,
R0037,31,29,#0029 Nidoran♀ → #0030 Nidorina → #0031 Nidoqueen,ER-1539,Nidoqueen,Nidoqueen Mega,Elite Redux,04 Elite Redux - Standard Megas,Mega,Poison,Ground,4-view complete,Custom Mega,Species-specific Mega Stone; only if this design is approved,REVIEW,PENDING,
R0038,34,32,#0032 Nidoran♂ → #0033 Nidorino → #0034 Nidoking,ER-1538,Nidoking,Nidoking Mega,Elite Redux,04 Elite Redux - Standard Megas,Mega,Poison,Ground,4-view complete,Custom Mega,Species-specific Mega Stone; only if this design is approved,REVIEW,PENDING,
R0039,34,32,#0032 Nidoran♂ → #0033 Nidorino → #0034 Nidoking,PR-0034,Nidoking,Platinum Redux Nidoking,Platinum Redux 2.9.3 TC6,Platinum Redux — changed-type variants,Alternate Form,Poison,Ice,Normal + shiny front/back converted from NDS,Standalone Delta candidate,"Delta Stone candidate, unless a lore/location method fits better",REVIEW,PENDING,
R0040,173,35,#0173 Cleffa → #0035 Clefairy → #0036 Clefable,ER-1825,Cleffa,Cleffa Redux,Elite Redux,05 Elite Redux - Redux Forms,Redux Form,Rock,,4-view complete,Delta family candidate,Obtain the earliest Delta stage; evolve through the matching Delta line,REVIEW,PENDING,
R0041,173,35,#0173 Cleffa → #0035 Clefairy → #0036 Clefable,PR-0173,Cleffa,Platinum Redux Cleffa,Platinum Redux 2.9.3 TC6,Platinum Redux — changed-type variants,Alternate Form,Bug,,Normal + shiny front/back converted from NDS,Delta family candidate,Obtain the earliest Delta stage; evolve through the matching Delta line,REVIEW,PENDING,
R0042,35,35,#0173 Cleffa → #0035 Clefairy → #0036 Clefable,ER-1826,Clefairy,Clefairy Redux,Elite Redux,05 Elite Redux - Redux Forms,Redux Form,Rock,,4-view complete,Delta family candidate,Obtain the earliest Delta stage; evolve through the matching Delta line,REVIEW,PENDING,
R0043,35,35,#0173 Cleffa → #0035 Clefairy → #0036 Clefable,CPF-0011,Clefairy,Clefairy — Alternate (Form 1),Reborn / Plates of Arceus,01 Reborn - Alternate & Type Forms,Alternate Form,Fairy,Ghost,4-view complete,Delta family candidate,Obtain the earliest Delta stage; evolve through the matching Delta line,REVIEW,PENDING,
R0044,36,35,#0173 Cleffa → #0035 Clefairy → #0036 Clefable,ER-1827,Clefable,Clefable Redux,Elite Redux,05 Elite Redux - Redux Forms,Redux Form,Rock,,4-view complete,Delta family candidate,Obtain the earliest Delta stage; evolve through the matching Delta line,REVIEW,PENDING,
R0045,36,35,#0173 Cleffa → #0035 Clefairy → #0036 Clefable,ER-1496,Clefable,Clefable Mega Y,Elite Redux,04 Elite Redux - Standard Megas,Mega,Fairy,Flying,4-view complete,Custom Mega,Species-specific Mega Stone; only if this design is approved,REVIEW,PENDING,
R0046,36,35,#0173 Cleffa → #0035 Clefairy → #0036 Clefable,PR-0036,Clefable,Platinum Redux Clefable,Platinum Redux 2.9.3 TC6,Platinum Redux — changed-type variants,Alternate Form,Normal,Steel,Normal + shiny front/back converted from NDS,Delta family candidate,Obtain the earliest Delta stage; evolve through the matching Delta line,REVIEW,PENDING,
R0047,36,35,#0173 Cleffa → #0035 Clefairy → #0036 Clefable,CPF-0012,Clefable,Clefable — Alternate (Form 1),Reborn / Plates of Arceus,01 Reborn - Alternate & Type Forms,Alternate Form,Fairy,Ghost,4-view complete,Delta family candidate,Obtain the earliest Delta stage; evolve through the matching Delta line,REVIEW,PENDING,
R0048,37,37,#0037 Vulpix → #0038 Ninetales,CPF-0013,Vulpix,Vulpix — Alternate (Form 2),Reborn / Plates of Arceus,01 Reborn - Alternate & Type Forms,Alternate Form,Fire,Ice,4-view complete,Delta family candidate,Obtain the earliest Delta stage; evolve through the matching Delta line,REVIEW,PENDING,
R0049,37,37,#0037 Vulpix → #0038 Ninetales,CPF-0014,Vulpix,Vulpix — Alternate (Form 3),Reborn / Plates of Arceus,01 Reborn - Alternate & Type Forms,Alternate Form,Grass,,4-view complete,Delta family candidate,Obtain the earliest Delta stage; evolve through the matching Delta line,REVIEW,PENDING,
R0050,38,37,#0037 Vulpix → #0038 Ninetales,PR-0038,Ninetales,Platinum Redux Ninetales,Platinum Redux 2.9.3 TC6,Platinum Redux — changed-type variants,Alternate Form,Fire,Ice,Normal + shiny front/back converted from NDS,Standalone Delta candidate,"Delta Stone candidate, unless a lore/location method fits better",REVIEW,PENDING,
R0051,38,37,#0037 Vulpix → #0038 Ninetales,CPF-0015,Ninetales,Ninetales — Alternate (Form 2),Reborn / Plates of Arceus,01 Reborn - Alternate & Type Forms,Alternate Form,Fire,Ice,4-view complete,Delta family candidate,Obtain the earliest Delta stage; evolve through the matching Delta line,REVIEW,PENDING,
R0052,38,37,#0037 Vulpix → #0038 Ninetales,CPF-0016,Ninetales,Ninetales — Alternate (Form 3),Reborn / Plates of Arceus,01 Reborn - Alternate & Type Forms,Alternate Form,Grass,Psychic,4-view complete,Delta family candidate,Obtain the earliest Delta stage; evolve through the matching Delta line,REVIEW,PENDING,
R0053,174,39,#0174 Igglybuff → #0039 Jigglypuff → #0040 Wigglytuff,PR-0174,Igglybuff,Platinum Redux Igglybuff,Platinum Redux 2.9.3 TC6,Platinum Redux — changed-type variants,Alternate Form,Bug,Ground,Normal + shiny front/back converted from NDS,Delta family candidate,Obtain the earliest Delta stage; evolve through the matching Delta line,REVIEW,PENDING,
R0054,39,39,#0174 Igglybuff → #0039 Jigglypuff → #0040 Wigglytuff,CPF-0017,Jigglypuff,Jigglypuff — Alternate (Form 1),Reborn / Plates of Arceus,01 Reborn - Alternate & Type Forms,Alternate Form,Flying,Fairy,4-view complete,Delta family candidate,Obtain the earliest Delta stage; evolve through the matching Delta line,REVIEW,PENDING,
R0055,40,39,#0174 Igglybuff → #0039 Jigglypuff → #0040 Wigglytuff,ER-1801,Wigglytuff,Wigglytuff Apex,Elite Redux,03 Elite Redux - New Species & Evolutions,New Species / Evolution,Normal,Fairy,4-view complete,New species / evolution,Connection review needed — decide parent/evolution method in Notes,REVIEW,PENDING,
R0056,40,39,#0174 Igglybuff → #0039 Jigglypuff → #0040 Wigglytuff,ER-1784,Wigglytuff,Wigglytuff Primal,Elite Redux,03 Elite Redux - New Species & Evolutions,New Species / Evolution,Normal,Fairy,4-view complete,New species / evolution,Connection review needed — decide parent/evolution method in Notes,REVIEW,PENDING,
R0057,40,39,#0174 Igglybuff → #0039 Jigglypuff → #0040 Wigglytuff,ER-1560,Wigglytuff,Wigglytuff Mega X,Elite Redux,04 Elite Redux - Standard Megas,Mega,Fighting,Fairy,4-view complete,Custom Mega,Species-specific Mega Stone; only if this design is approved,REVIEW,PENDING,
R0058,40,39,#0174 Igglybuff → #0039 Jigglypuff → #0040 Wigglytuff,ER-1562,Wigglytuff,Wigglytuff Mega Y,Elite Redux,04 Elite Redux - Standard Megas,Mega,Fire,Fairy,4-view complete,Custom Mega,Species-specific Mega Stone; only if this design is approved,REVIEW,PENDING,
R0059,40,39,#0174 Igglybuff → #0039 Jigglypuff → #0040 Wigglytuff,PR-0040,Wigglytuff,Platinum Redux Wigglytuff,Platinum Redux 2.9.3 TC6,Platinum Redux — changed-type variants,Alternate Form,Normal,Ghost,Normal + shiny front/back converted from NDS,Delta family candidate,Obtain the earliest Delta stage; evolve through the matching Delta line,REVIEW,PENDING,
R0060,40,39,#0174 Igglybuff → #0039 Jigglypuff → #0040 Wigglytuff,CPF-0018,Wigglytuff,Wigglytuff — Alternate (Form 1),Reborn / Plates of Arceus,01 Reborn - Alternate & Type Forms,Alternate Form,Flying,Fairy,4-view complete,Delta family candidate,Obtain the earliest Delta stage; evolve through the matching Delta line,REVIEW,PENDING,
R0061,169,41,#0041 Zubat → #0042 Golbat → #0169 Crobat,ER-1519,Crobat,Crobat Mega,Elite Redux,04 Elite Redux - Standard Megas,Mega,Poison,Flying,4-view complete,Custom Mega,Species-specific Mega Stone; only if this design is approved,REVIEW,PENDING,
R0062,182,43,#0043 Oddish → #0044 Gloom → #0045 Vileplume → #0182 Bellossom,PR-0182,Bellossom,Platinum Redux Bellossom,Platinum Redux 2.9.3 TC6,Platinum Redux — changed-type variants,Alternate Form,Grass,Fire,Normal + shiny front/back converted from NDS,Standalone Delta candidate,"Delta Stone candidate, unless a lore/location method fits better",REVIEW,PENDING,
R0063,46,46,#0046 Paras → #0047 Parasect,CPF-0019,Paras,Paras — Alternate (Form 1),Reborn / Plates of Arceus,01 Reborn - Alternate & Type Forms,Alternate Form,Bug,Ghost,4-view complete,Delta family candidate,Obtain the earliest Delta stage; evolve through the matching Delta line,REVIEW,PENDING,
R0064,47,46,#0046 Paras → #0047 Parasect,CPF-0020,Parasect,Parasect — Alternate (Form 1),Reborn / Plates of Arceus,01 Reborn - Alternate & Type Forms,Alternate Form,Bug,Ghost,4-view complete,Delta family candidate,Obtain the earliest Delta stage; evolve through the matching Delta line,REVIEW,PENDING,
R0065,48,48,#0048 Venonat → #0049 Venomoth,CPF-0021,Venonat,Venonat — Alternate (Form 1),Reborn / Plates of Arceus,01 Reborn - Alternate & Type Forms,Alternate Form,Bug,Psychic,4-view complete,Delta family candidate,Obtain the earliest Delta stage; evolve through the matching Delta line,REVIEW,PENDING,
R0066,49,48,#0048 Venonat → #0049 Venomoth,PR-0049,Venomoth,Platinum Redux Venomoth,Platinum Redux 2.9.3 TC6,Platinum Redux — changed-type variants,Alternate Form,Bug,Fire,Normal + shiny front/back converted from NDS,Standalone Delta candidate,"Delta Stone candidate, unless a lore/location method fits better",REVIEW,PENDING,
R0067,49,48,#0048 Venonat → #0049 Venomoth,CPF-0022,Venomoth,Venomoth — Alternate (Form 1),Reborn / Plates of Arceus,01 Reborn - Alternate & Type Forms,Alternate Form,Bug,Psychic,4-view complete,Delta family candidate,Obtain the earliest Delta stage; evolve through the matching Delta line,REVIEW,PENDING,
R0068,51,50,#0050 Diglett → #0051 Dugtrio,PR-0051,Dugtrio,Platinum Redux Dugtrio,Platinum Redux 2.9.3 TC6,Platinum Redux — changed-type variants,Alternate Form,Ground,Normal,Normal + shiny front/back converted from NDS,Standalone Delta candidate,"Delta Stone candidate, unless a lore/location method fits better",REVIEW,PENDING,
R0069,52,52,#0052 Meowth → #0053 Persian,ER-1472,Meowth,Meowth Partner,Elite Redux,03 Elite Redux - New Species & Evolutions,New Species / Evolution,Normal,,4-view complete,New species / evolution,Connection review needed — decide parent/evolution method in Notes,REVIEW,PENDING,
R0070,52,52,#0052 Meowth → #0053 Persian,ER-1614,Meowth,Meowth Mega,Elite Redux,04 Elite Redux - Standard Megas,Mega,Normal,,4-view complete,Custom Mega,Species-specific Mega Stone; only if this design is approved,REVIEW,PENDING,
R0071,53,52,#0052 Meowth → #0053 Persian,PR-0053,Persian,Platinum Redux Persian,Platinum Redux 2.9.3 TC6,Platinum Redux — changed-type variants,Alternate Form,Normal,Dark,Normal + shiny front/back converted from NDS,Standalone Delta candidate,"Delta Stone candidate, unless a lore/location method fits better",REVIEW,PENDING,
R0072,54,54,#0054 Psyduck → #0055 Golduck,ER-1830,Psyduck,Psyduck Redux,Elite Redux,05 Elite Redux - Redux Forms,Redux Form,Dark,,4-view complete,Standalone Delta candidate,"Delta Stone candidate, unless a lore/location method fits better",REVIEW,PENDING,
R0073,55,54,#0054 Psyduck → #0055 Golduck,PR-0055,Golduck,Platinum Redux Golduck,Platinum Redux 2.9.3 TC6,Platinum Redux — changed-type variants,Alternate Form,Water,Ghost,Normal + shiny front/back converted from NDS,Standalone Delta candidate,"Delta Stone candidate, unless a lore/location method fits better",REVIEW,PENDING,
R0074,58,58,#0058 Growlithe → #0059 Arcanine,ER-1748,Growlithe,Growlithe Redux,Elite Redux,05 Elite Redux - Redux Forms,Redux Form,Fire,Grass,4-view complete,Delta family candidate,Obtain the earliest Delta stage; evolve through the matching Delta line,REVIEW,PENDING,
R0075,59,58,#0058 Growlithe → #0059 Arcanine,ER-1749,Arcanine,Arcanine Redux,Elite Redux,05 Elite Redux - Redux Forms,Redux Form,Fire,Grass,4-view complete,Delta family candidate,Obtain the earliest Delta stage; evolve through the matching Delta line,REVIEW,PENDING,
R0076,59,58,#0058 Growlithe → #0059 Arcanine,ER-1636,Arcanine,Arcanine Hisuian Mega,Elite Redux,04 Elite Redux - Standard Megas,Mega,Fire,Rock,4-view complete,Custom Mega,Species-specific Mega Stone; only if this design is approved,REVIEW,PENDING,
R0077,59,58,#0058 Growlithe → #0059 Arcanine,ER-1629,Arcanine,Arcanine Mega,Elite Redux,04 Elite Redux - Standard Megas,Mega,Fire,,4-view complete,Custom Mega,Species-specific Mega Stone; only if this design is approved,REVIEW,PENDING,
R0078,59,58,#0058 Growlithe → #0059 Arcanine,ER-1554,Arcanine,Arcanine Mega,Elite Redux,06 Elite Redux - Redux Megas,Mega,Fire,Grass,4-view complete,Custom Mega,Species-specific Mega Stone; only if this design is approved,REVIEW,PENDING,
R0079,59,58,#0058 Growlithe → #0059 Arcanine,PR-0059,Arcanine,Platinum Redux Arcanine,Platinum Redux 2.9.3 TC6,Platinum Redux — changed-type variants,Alternate Form,Fire,Normal,Normal + shiny front/back converted from NDS,Standalone Delta candidate,"Delta Stone candidate, unless a lore/location method fits better",REVIEW,PENDING,
R0080,60,60,#0060 Poliwag → #0061 Poliwhirl → #0062 Poliwrath → #0186 Politoed,CPF-0023,Poliwag,Poliwag — Alternate (Form 1),Reborn / Plates of Arceus,01 Reborn - Alternate & Type Forms,Alternate Form,Ground,,4-view complete,Delta family candidate,Obtain the earliest Delta stage; evolve through the matching Delta line,REVIEW,PENDING,
R0081,61,60,#0060 Poliwag → #0061 Poliwhirl → #0062 Poliwrath → #0186 Politoed,CPF-0024,Poliwhirl,Poliwhirl — Alternate (Form 1),Reborn / Plates of Arceus,01 Reborn - Alternate & Type Forms,Alternate Form,Ground,,4-view complete,Delta family candidate,Obtain the earliest Delta stage; evolve through the matching Delta line,REVIEW,PENDING,
R0082,62,60,#0060 Poliwag → #0061 Poliwhirl → #0062 Poliwrath → #0186 Politoed,CPF-0025,Poliwrath,Poliwrath — Alternate (Form 1),Reborn / Plates of Arceus,01 Reborn - Alternate & Type Forms,Alternate Form,Ground,Fighting,4-view complete,Delta family candidate,Obtain the earliest Delta stage; evolve through the matching Delta line,REVIEW,PENDING,
R0083,186,60,#0060 Poliwag → #0061 Poliwhirl → #0062 Poliwrath → #0186 Politoed,PR-0186,Politoed,Platinum Redux Politoed,Platinum Redux 2.9.3 TC6,Platinum Redux — changed-type variants,Alternate Form,Water,Psychic,Normal + shiny front/back converted from NDS,Standalone Delta candidate,"Delta Stone candidate, unless a lore/location method fits better",REVIEW,PENDING,
R0084,186,60,#0060 Poliwag → #0061 Poliwhirl → #0062 Poliwrath → #0186 Politoed,CPF-0100,Politoed,Politoed — Alternate (Form 1),Reborn / Plates of Arceus,01 Reborn - Alternate & Type Forms,Alternate Form,Ground,Psychic,4-view complete,Delta family candidate,Obtain the earliest Delta stage; evolve through the matching Delta line,REVIEW,PENDING,
R0085,63,63,#0063 Abra → #0064 Kadabra → #0065 Alakazam,ER-1720,Abra,Abra Redux,Elite Redux,05 Elite Redux - Redux Forms,Redux Form,Dark,,4-view complete,Delta family candidate,Obtain the earliest Delta stage; evolve through the matching Delta line,REVIEW,PENDING,
R0086,63,63,#0063 Abra → #0064 Kadabra → #0065 Alakazam,CPF-0026,Abra,Abra — Alternate (Form 1),Reborn / Plates of Arceus,01 Reborn - Alternate & Type Forms,Alternate Form,Psychic,Steel,Front + back only,Standalone Delta candidate,"Delta Stone candidate, unless a lore/location method fits better",REVIEW,PENDING,
R0087,63,63,#0063 Abra → #0064 Kadabra → #0065 Alakazam,CPF-0027,Abra,Abra — Alternate (Form 2),Reborn / Plates of Arceus,01 Reborn - Alternate & Type Forms,Alternate Form,Psychic,Ice,4-view complete,Delta family candidate,Obtain the earliest Delta stage; evolve through the matching Delta line,REVIEW,PENDING,
R0088,64,63,#0063 Abra → #0064 Kadabra → #0065 Alakazam,ER-1721,Kadabra,Kadabra Redux,Elite Redux,05 Elite Redux - Redux Forms,Redux Form,Dark,Fighting,4-view complete,Delta family candidate,Obtain the earliest Delta stage; evolve through the matching Delta line,REVIEW,PENDING,
R0089,64,63,#0063 Abra → #0064 Kadabra → #0065 Alakazam,CPF-0028,Kadabra,Kadabra — Alternate (Form 2),Reborn / Plates of Arceus,01 Reborn - Alternate & Type Forms,Alternate Form,Psychic,Ice,4-view complete,Delta family candidate,Obtain the earliest Delta stage; evolve through the matching Delta line,REVIEW,PENDING,
R0090,65,63,#0063 Abra → #0064 Kadabra → #0065 Alakazam,ER-1722,Alakazam,Alakazam Redux,Elite Redux,05 Elite Redux - Redux Forms,Redux Form,Dark,,4-view complete,Delta family candidate,Obtain the earliest Delta stage; evolve through the matching Delta line,REVIEW,PENDING,
R0091,65,63,#0063 Abra → #0064 Kadabra → #0065 Alakazam,ER-1550,Alakazam,Alakazam Mega Redux,Elite Redux,06 Elite Redux - Redux Megas,Mega,Dark,,4-view complete,Mega Delta,Mega Evolution of the corresponding Delta form,REVIEW,PENDING,
R0092,65,63,#0063 Abra → #0064 Kadabra → #0065 Alakazam,PR-0065,Alakazam,Platinum Redux Alakazam,Platinum Redux 2.9.3 TC6,Platinum Redux — changed-type variants,Alternate Form,Psychic,Fire,Normal + shiny front/back converted from NDS,Standalone Delta candidate,"Delta Stone candidate, unless a lore/location method fits better",REVIEW,PENDING,
R0093,65,63,#0063 Abra → #0064 Kadabra → #0065 Alakazam,CPF-0029,Alakazam,Alakazam — Alternate (Form 2),Reborn / Plates of Arceus,01 Reborn - Alternate & Type Forms,Alternate Form,Psychic,Ice,4-view complete,Delta family candidate,Obtain the earliest Delta stage; evolve through the matching Delta line,REVIEW,PENDING,
R0094,65,63,#0063 Abra → #0064 Kadabra → #0065 Alakazam,CPF-0030,Alakazam,Alakazam — Mega Alternate (Form 3),Reborn / Plates of Arceus,02 Reborn - Explicit Megas,Mega,Psychic,Ice,4-view complete,Custom Mega,Species-specific Mega Stone; only if this design is approved,REVIEW,PENDING,
R0095,66,66,#0066 Machop → #0067 Machoke → #0068 Machamp,ER-1741,Machop,Machop Redux,Elite Redux,05 Elite Redux - Redux Forms,Redux Form,Fighting,Dragon,4-view complete,Delta family candidate,Obtain the earliest Delta stage; evolve through the matching Delta line,REVIEW,PENDING,
R0096,67,66,#0066 Machop → #0067 Machoke → #0068 Machamp,ER-1742,Machoke,Machoke Redux,Elite Redux,05 Elite Redux - Redux Forms,Redux Form,Fighting,Dragon,4-view complete,Delta family candidate,Obtain the earliest Delta stage; evolve through the matching Delta line,REVIEW,PENDING,
R0097,68,66,#0066 Machop → #0067 Machoke → #0068 Machamp,ER-1743,Machamp,Machamp Redux,Elite Redux,05 Elite Redux - Redux Forms,Redux Form,Fighting,Dragon,4-view complete,Delta family candidate,Obtain the earliest Delta stage; evolve through the matching Delta line,REVIEW,PENDING,
R0098,68,66,#0066 Machop → #0067 Machoke → #0068 Machamp,ER-1510,Machamp,Machamp Mega,Elite Redux,04 Elite Redux - Standard Megas,Mega,Fighting,,4-view complete,Custom Mega,Species-specific Mega Stone; only if this design is approved,REVIEW,PENDING,
R0099,68,66,#0066 Machop → #0067 Machoke → #0068 Machamp,ER-1552,Machamp,Machamp Mega Redux,Elite Redux,06 Elite Redux - Redux Megas,Mega,Fighting,Dragon,4-view complete,Mega Delta,Mega Evolution of the corresponding Delta form,REVIEW,PENDING,
R0100,68,66,#0066 Machop → #0067 Machoke → #0068 Machamp,PR-0068,Machamp,Platinum Redux Machamp,Platinum Redux 2.9.3 TC6,Platinum Redux — changed-type variants,Alternate Form,Fighting,Rock,Normal + shiny front/back converted from NDS,Standalone Delta candidate,"Delta Stone candidate, unless a lore/location method fits better",REVIEW,PENDING,
R0101,69,69,#0069 Bellsprout → #0070 Weepinbell → #0071 Victreebel,ER-1693,Bellsprout,Bellsprout Redux,Elite Redux,05 Elite Redux - Redux Forms,Redux Form,Grass,Ice,4-view complete,Delta family candidate,Obtain the earliest Delta stage; evolve through the matching Delta line,REVIEW,PENDING,
R0102,70,69,#0069 Bellsprout → #0070 Weepinbell → #0071 Victreebel,ER-1694,Weepinbell,Weepinbell Redux,Elite Redux,05 Elite Redux - Redux Forms,Redux Form,Grass,Ice,4-view complete,Delta family candidate,Obtain the earliest Delta stage; evolve through the matching Delta line,REVIEW,PENDING,
R0103,71,69,#0069 Bellsprout → #0070 Weepinbell → #0071 Victreebel,ER-1695,Victreebel,Victreebel Redux,Elite Redux,05 Elite Redux - Redux Forms,Redux Form,Grass,Ice,4-view complete,Delta family candidate,Obtain the earliest Delta stage; evolve through the matching Delta line,REVIEW,PENDING,
R0104,71,69,#0069 Bellsprout → #0070 Weepinbell → #0071 Victreebel,PR-0071,Victreebel,Platinum Redux Victreebel,Platinum Redux 2.9.3 TC6,Platinum Redux — changed-type variants,Alternate Form,Grass,Ghost,Normal + shiny front/back converted from NDS,Standalone Delta candidate,"Delta Stone candidate, unless a lore/location method fits better",REVIEW,PENDING,
R0105,74,74,#0074 Geodude → #0075 Graveler → #0076 Golem,CPF-0031,Geodude,Geodude — BlueTowel Alternate forms (Form 2),Reborn / Plates of Arceus,01 Reborn - Alternate & Type Forms,Alternate Form,Rock,Fire,4-view complete,Delta family candidate,Obtain the earliest Delta stage; evolve through the matching Delta line,REVIEW,PENDING,
R0106,75,74,#0074 Geodude → #0075 Graveler → #0076 Golem,CPF-0032,Graveler,Graveler — BlueTowel Alternate forms (Form 2),Reborn / Plates of Arceus,01 Reborn - Alternate & Type Forms,Alternate Form,Rock,Fire,4-view complete,Delta family candidate,Obtain the earliest Delta stage; evolve through the matching Delta line,REVIEW,PENDING,
R0107,76,74,#0074 Geodude → #0075 Graveler → #0076 Golem,CPF-0033,Golem,Golem — BlueTowel Alternate forms (Form 2),Reborn / Plates of Arceus,01 Reborn - Alternate & Type Forms,Alternate Form,Rock,Fire,4-view complete,Delta family candidate,Obtain the earliest Delta stage; evolve through the matching Delta line,REVIEW,PENDING,
R0108,77,77,#0077 Ponyta → #0078 Rapidash,CPF-0034,Ponyta,Ponyta — Alternate (Form 1),Reborn / Plates of Arceus,01 Reborn - Alternate & Type Forms,Alternate Form,Fire,,4-view complete,Delta family candidate,Obtain the earliest Delta stage; evolve through the matching Delta line,REVIEW,PENDING,
R0109,78,77,#0077 Ponyta → #0078 Rapidash,ER-1569,Rapidash,Rapidash Mega,Elite Redux,04 Elite Redux - Standard Megas,Mega,Fire,Electric,4-view complete,Custom Mega,Species-specific Mega Stone; only if this design is approved,REVIEW,PENDING,
R0110,78,77,#0077 Ponyta → #0078 Rapidash,ER-1570,Rapidash,Rapidash Mega Galarian,Elite Redux,04 Elite Redux - Standard Megas,Mega,Psychic,Fairy,4-view complete,Custom Mega,Species-specific Mega Stone; only if this design is approved,REVIEW,PENDING,
R0111,78,77,#0077 Ponyta → #0078 Rapidash,PR-0078,Rapidash,Platinum Redux Rapidash,Platinum Redux 2.9.3 TC6,Platinum Redux — changed-type variants,Alternate Form,Fire,Electric,Normal + shiny front/back converted from NDS,Standalone Delta candidate,"Delta Stone candidate, unless a lore/location method fits better",REVIEW,PENDING,
R0112,78,77,#0077 Ponyta → #0078 Rapidash,CPF-0035,Rapidash,Rapidash — Alternate (Form 1),Reborn / Plates of Arceus,01 Reborn - Alternate & Type Forms,Alternate Form,Fire,,4-view complete,Delta family candidate,Obtain the earliest Delta stage; evolve through the matching Delta line,REVIEW,PENDING,
R0113,80,79,#0079 Slowpoke → #0080 Slowbro → #0199 Slowking,ER-1631,Slowbro,Slowbro Mega Galarian,Elite Redux,04 Elite Redux - Standard Megas,Mega,Poison,Psychic,4-view complete,Custom Mega,Species-specific Mega Stone; only if this design is approved,REVIEW,PENDING,
R0114,80,79,#0079 Slowpoke → #0080 Slowbro → #0199 Slowking,CPF-0037,Slowbro,Slowbro — BlueTowel Alternate forms (Form 2),Reborn / Plates of Arceus,01 Reborn - Alternate & Type Forms,Alternate Form,Fire,Water,4-view complete,Delta family candidate,Obtain the earliest Delta stage; evolve through the matching Delta line,REVIEW,PENDING,
R0115,80,79,#0079 Slowpoke → #0080 Slowbro → #0199 Slowking,CPF-0039,Slowbro,Slowbro — BlueTowel Alternate forms (Form 4),Reborn / Plates of Arceus,01 Reborn - Alternate & Type Forms,Alternate Form,Poison,Psychic,4-view complete,Standalone Delta candidate,"Delta Stone candidate, unless a lore/location method fits better",REVIEW,PENDING,
R0116,80,79,#0079 Slowpoke → #0080 Slowbro → #0199 Slowking,CPF-0040,Slowbro,Slowbro — BlueTowel Alternate forms (Form 5),Reborn / Plates of Arceus,01 Reborn - Alternate & Type Forms,Alternate Form,Poison,Psychic,4-view complete,Standalone Delta candidate,"Delta Stone candidate, unless a lore/location method fits better",REVIEW,PENDING,
R0117,80,79,#0079 Slowpoke → #0080 Slowbro → #0199 Slowking,CPF-0038,Slowbro,Slowbro — Mega Alt Form (Form 3),Reborn / Plates of Arceus,02 Reborn - Explicit Megas,Mega,Fire,Water,4-view complete,Custom Mega,Species-specific Mega Stone; only if this design is approved,REVIEW,PENDING,
R0118,199,79,#0079 Slowpoke → #0080 Slowbro → #0199 Slowking,ER-1548,Slowking,Slowking Mega,Elite Redux,04 Elite Redux - Standard Megas,Mega,Psychic,,4-view complete,Custom Mega,Species-specific Mega Stone; only if this design is approved,REVIEW,PENDING,
R0119,199,79,#0079 Slowpoke → #0080 Slowbro → #0199 Slowking,ER-1632,Slowking,Slowking Mega Galarian,Elite Redux,04 Elite Redux - Standard Megas,Mega,Poison,Psychic,4-view complete,Custom Mega,Species-specific Mega Stone; only if this design is approved,REVIEW,PENDING,
R0120,199,79,#0079 Slowpoke → #0080 Slowbro → #0199 Slowking,PR-0199,Slowking,Platinum Redux Slowking,Platinum Redux 2.9.3 TC6,Platinum Redux — changed-type variants,Alternate Form,Water,Bug,Normal + shiny front/back converted from NDS,Standalone Delta candidate,"Delta Stone candidate, unless a lore/location method fits better",REVIEW,PENDING,
R0121,199,79,#0079 Slowpoke → #0080 Slowbro → #0199 Slowking,CPF-0107,Slowking,Slowking — BlueTowel Alternate forms (Form 2),Reborn / Plates of Arceus,01 Reborn - Alternate & Type Forms,Alternate Form,Fire,Water,4-view complete,Delta family candidate,Obtain the earliest Delta stage; evolve through the matching Delta line,REVIEW,PENDING,
R0122,462,81,#0081 Magnemite → #0082 Magneton → #0462 Magnezone,BP-MEGA-009,Magnezone,Mega Magnezone,Banished Platinum / Original Megas,07 Banished Platinum - Original Megas,Mega,,,Front + back only,Custom Mega,Species-specific Mega Stone; only if this design is approved,REVIEW,PENDING,
R0123,462,81,#0081 Magnemite → #0082 Magneton → #0462 Magnezone,ER-1543,Magnezone,Magnezone Mega,Elite Redux,04 Elite Redux - Standard Megas,Mega,Electric,Steel,4-view complete,Custom Mega,Species-specific Mega Stone; only if this design is approved,REVIEW,PENDING,
R0124,83,83,#0083 Farfetch'd,PR-0083,Farfetch'd,Platinum Redux Farfetch'd,Platinum Redux 2.9.3 TC6,Platinum Redux — changed-type variants,Alternate Form,Fighting,Flying,Normal + shiny front/back converted from NDS,Standalone Delta candidate,"Delta Stone candidate, unless a lore/location method fits better",REVIEW,PENDING,
R0125,83,83,#0083 Farfetch'd,CPF-0041,Farfetch'd,Farfetch'd — Alternate (Form 1),Reborn / Plates of Arceus,01 Reborn - Alternate & Type Forms,Alternate Form,Fighting,,4-view complete,Standalone Delta candidate,"Delta Stone candidate, unless a lore/location method fits better",REVIEW,PENDING,
R0126,84,84,#0084 Doduo → #0085 Dodrio,ER-1765,Doduo,Doduo Redux,Elite Redux,05 Elite Redux - Redux Forms,Redux Form,Poison,Dark,4-view complete,Delta family candidate,Obtain the earliest Delta stage; evolve through the matching Delta line,REVIEW,PENDING,
R0127,84,84,#0084 Doduo → #0085 Dodrio,CPF-0043,Doduo,Doduo — Alternate (Form 1),Reborn / Plates of Arceus,01 Reborn - Alternate & Type Forms,Alternate Form,Ground,Flying,4-view complete,Delta family candidate,Obtain the earliest Delta stage; evolve through the matching Delta line,REVIEW,PENDING,
R0128,85,84,#0084 Doduo → #0085 Dodrio,ER-1766,Dodrio,Dodrio Redux,Elite Redux,05 Elite Redux - Redux Forms,Redux Form,Dark,Poison,4-view complete,Delta family candidate,Obtain the earliest Delta stage; evolve through the matching Delta line,REVIEW,PENDING,
R0129,85,84,#0084 Doduo → #0085 Dodrio,PR-0085,Dodrio,Platinum Redux Dodrio,Platinum Redux 2.9.3 TC6,Platinum Redux — changed-type variants,Alternate Form,Ground,Flying,Normal + shiny front/back converted from NDS,Standalone Delta candidate,"Delta Stone candidate, unless a lore/location method fits better",REVIEW,PENDING,
R0130,85,84,#0084 Doduo → #0085 Dodrio,CPF-0044,Dodrio,Dodrio — Alternate (Form 1),Reborn / Plates of Arceus,01 Reborn - Alternate & Type Forms,Alternate Form,Ground,Flying,4-view complete,Delta family candidate,Obtain the earliest Delta stage; evolve through the matching Delta line,REVIEW,PENDING,
R0131,86,86,#0086 Seel → #0087 Dewgong,ER-1831,Seel,Seel Redux,Elite Redux,05 Elite Redux - Redux Forms,Redux Form,Ice,Dragon,4-view complete,Delta family candidate,Obtain the earliest Delta stage; evolve through the matching Delta line,REVIEW,PENDING,
R0132,87,86,#0086 Seel → #0087 Dewgong,ER-1832,Dewgong,Dewgong Redux,Elite Redux,05 Elite Redux - Redux Forms,Redux Form,Ice,Dragon,4-view complete,Delta family candidate,Obtain the earliest Delta stage; evolve through the matching Delta line,REVIEW,PENDING,
R0133,87,86,#0086 Seel → #0087 Dewgong,ER-1710,Dewgong,Kecleong,Elite Redux,03 Elite Redux - New Species & Evolutions,New Species / Evolution,Ice,Normal,4-view complete,New species / evolution,Connection review needed — decide parent/evolution method in Notes,REVIEW,PENDING,
R0134,87,86,#0086 Seel → #0087 Dewgong,ER-1515,Dewgong,Dewgong Mega,Elite Redux,04 Elite Redux - Standard Megas,Mega,Water,Ice,4-view complete,Custom Mega,Species-specific Mega Stone; only if this design is approved,REVIEW,PENDING,
R0135,87,86,#0086 Seel → #0087 Dewgong,PR-0087,Dewgong,Platinum Redux Dewgong,Platinum Redux 2.9.3 TC6,Platinum Redux — changed-type variants,Alternate Form,Ground,Ice,Normal + shiny front/back converted from NDS,Standalone Delta candidate,"Delta Stone candidate, unless a lore/location method fits better",REVIEW,PENDING,
R0136,89,88,#0088 Grimer → #0089 Muk,PR-0089,Muk,Platinum Redux Muk,Platinum Redux 2.9.3 TC6,Platinum Redux — changed-type variants,Alternate Form,Poison,Psychic,Normal + shiny front/back converted from NDS,Standalone Delta candidate,"Delta Stone candidate, unless a lore/location method fits better",REVIEW,PENDING,
R0137,90,90,#0090 Shellder → #0091 Cloyster,PR-0090,Shellder,Platinum Redux Shellder,Platinum Redux 2.9.3 TC6,Platinum Redux — changed-type variants,Alternate Form,Grass,Steel,Normal + shiny front/back converted from NDS,Delta family candidate,Obtain the earliest Delta stage; evolve through the matching Delta line,REVIEW,PENDING,
R0138,91,90,#0090 Shellder → #0091 Cloyster,PR-0091,Cloyster,Platinum Redux Cloyster,Platinum Redux 2.9.3 TC6,Platinum Redux — changed-type variants,Alternate Form,Grass,Steel,Normal + shiny front/back converted from NDS,Delta family candidate,Obtain the earliest Delta stage; evolve through the matching Delta line,REVIEW,PENDING,
R0139,92,92,#0092 Gastly → #0093 Haunter → #0094 Gengar,CPF-0045,Gastly,Gastly — Alternate (Form 2),Reborn / Plates of Arceus,01 Reborn - Alternate & Type Forms,Alternate Form,Ghost,Dark,4-view complete,Delta family candidate,Obtain the earliest Delta stage; evolve through the matching Delta line,REVIEW,PENDING,
R0140,93,92,#0092 Gastly → #0093 Haunter → #0094 Gengar,CPF-0046,Haunter,Haunter — Alternate (Form 2),Reborn / Plates of Arceus,01 Reborn - Alternate & Type Forms,Alternate Form,Ghost,Dark,4-view complete,Delta family candidate,Obtain the earliest Delta stage; evolve through the matching Delta line,REVIEW,PENDING,
R0141,94,92,#0092 Gastly → #0093 Haunter → #0094 Gengar,ER-1594,Gengar,Gengar Mega X,Elite Redux,04 Elite Redux - Standard Megas,Mega,Ghost,Poison,4-view complete,Custom Mega,Species-specific Mega Stone; only if this design is approved,REVIEW,PENDING,
R0142,94,92,#0092 Gastly → #0093 Haunter → #0094 Gengar,CPF-0047,Gengar,Gengar — Alternate (Form 2),Reborn / Plates of Arceus,01 Reborn - Alternate & Type Forms,Alternate Form,Ghost,Dark,4-view complete,Delta family candidate,Obtain the earliest Delta stage; evolve through the matching Delta line,REVIEW,PENDING,
R0143,94,92,#0092 Gastly → #0093 Haunter → #0094 Gengar,CPF-0048,Gengar,Gengar — Alternate (Form 3),Reborn / Plates of Arceus,01 Reborn - Alternate & Type Forms,Alternate Form,Ghost,Dark,4-view complete,Standalone Delta candidate,"Delta Stone candidate, unless a lore/location method fits better",REVIEW,PENDING,
R0144,95,95,#0095 Onix → #0208 Steelix,CPF-0049,Onix,Onix — Alternate (Form 2),Reborn / Plates of Arceus,01 Reborn - Alternate & Type Forms,Alternate Form,Rock,Flying,4-view complete,Delta family candidate,Obtain the earliest Delta stage; evolve through the matching Delta line,REVIEW,PENDING,
R0145,208,95,#0095 Onix → #0208 Steelix,CPF-0117,Steelix,Steelix — Alternate (Form 2),Reborn / Plates of Arceus,01 Reborn - Alternate & Type Forms,Alternate Form,Steel,Ground,4-view complete,Delta family candidate,Obtain the earliest Delta stage; evolve through the matching Delta line,REVIEW,PENDING,
R0146,208,95,#0095 Onix → #0208 Steelix,CPF-0118,Steelix,Steelix — Alternate Mega (Form 3),Reborn / Plates of Arceus,02 Reborn - Explicit Megas,Mega,Steel,Flying,4-view complete,Custom Mega,Species-specific Mega Stone; only if this design is approved,REVIEW,PENDING,
R0147,96,96,#0096 Drowzee → #0097 Hypno,CPF-0050,Drowzee,Drowzee — Alternate (Form 2),Reborn / Plates of Arceus,01 Reborn - Alternate & Type Forms,Alternate Form,Psychic,,4-view complete,Delta family candidate,Obtain the earliest Delta stage; evolve through the matching Delta line,REVIEW,PENDING,
R0148,97,96,#0096 Drowzee → #0097 Hypno,PR-0097,Hypno,Platinum Redux Hypno,Platinum Redux 2.9.3 TC6,Platinum Redux — changed-type variants,Alternate Form,Psychic,Normal,Normal + shiny front/back converted from NDS,Standalone Delta candidate,"Delta Stone candidate, unless a lore/location method fits better",REVIEW,PENDING,
R0149,97,96,#0096 Drowzee → #0097 Hypno,CPF-0051,Hypno,Hypno — Alternate (Form 2),Reborn / Plates of Arceus,01 Reborn - Alternate & Type Forms,Alternate Form,Psychic,Fighting,4-view complete,Delta family candidate,Obtain the earliest Delta stage; evolve through the matching Delta line,REVIEW,PENDING,
R0150,98,98,#0098 Krabby → #0099 Kingler,ER-1858,Krabby,Krabby Redux,Elite Redux,05 Elite Redux - Redux Forms,Redux Form,Psychic,,4-view complete,Delta family candidate,Obtain the earliest Delta stage; evolve through the matching Delta line,REVIEW,PENDING,
R0151,98,98,#0098 Krabby → #0099 Kingler,CPF-0052,Krabby,Krabby — Alternate (Form 2),Reborn / Plates of Arceus,01 Reborn - Alternate & Type Forms,Alternate Form,Bug,Ground,4-view complete,Delta family candidate,Obtain the earliest Delta stage; evolve through the matching Delta line,REVIEW,PENDING,
R0152,99,98,#0098 Krabby → #0099 Kingler,ER-1859,Kingler,Kingler Redux,Elite Redux,05 Elite Redux - Redux Forms,Redux Form,Psychic,,4-view complete,Delta family candidate,Obtain the earliest Delta stage; evolve through the matching Delta line,REVIEW,PENDING,
R0153,99,98,#0098 Krabby → #0099 Kingler,ER-1511,Kingler,Kingler Mega,Elite Redux,04 Elite Redux - Standard Megas,Mega,Water,,4-view complete,Custom Mega,Species-specific Mega Stone; only if this design is approved,REVIEW,PENDING,
R0154,99,98,#0098 Krabby → #0099 Kingler,ER-1860,Kingler,Kingler Redux Mega,Elite Redux,06 Elite Redux - Redux Megas,Mega,Psychic,,4-view complete,Mega Delta,Mega Evolution of the corresponding Delta form,REVIEW,PENDING,
R0155,99,98,#0098 Krabby → #0099 Kingler,PR-0099,Kingler,Platinum Redux Kingler,Platinum Redux 2.9.3 TC6,Platinum Redux — changed-type variants,Alternate Form,Water,Steel,Normal + shiny front/back converted from NDS,Standalone Delta candidate,"Delta Stone candidate, unless a lore/location method fits better",REVIEW,PENDING,
R0156,99,98,#0098 Krabby → #0099 Kingler,CPF-0053,Kingler,Kingler — Alternate (Form 2),Reborn / Plates of Arceus,01 Reborn - Alternate & Type Forms,Alternate Form,Bug,Ground,4-view complete,Delta family candidate,Obtain the earliest Delta stage; evolve through the matching Delta line,REVIEW,PENDING,
R0157,101,100,#0100 Voltorb → #0101 Electrode,PR-0101,Electrode,Platinum Redux Electrode,Platinum Redux 2.9.3 TC6,Platinum Redux — changed-type variants,Alternate Form,Electric,Rock,Normal + shiny front/back converted from NDS,Standalone Delta candidate,"Delta Stone candidate, unless a lore/location method fits better",REVIEW,PENDING,
R0158,102,102,#0102 Exeggcute → #0103 Exeggutor,ER-1707,Exeggcute,Exeggcute Redux,Elite Redux,05 Elite Redux - Redux Forms,Redux Form,Grass,Normal,4-view complete,Delta family candidate,Obtain the earliest Delta stage; evolve through the matching Delta line,REVIEW,PENDING,
R0159,103,102,#0102 Exeggcute → #0103 Exeggutor,ER-1708,Exeggutor,Exeggutor Redux,Elite Redux,05 Elite Redux - Redux Forms,Redux Form,Grass,Normal,4-view complete,Delta family candidate,Obtain the earliest Delta stage; evolve through the matching Delta line,REVIEW,PENDING,
R0160,105,104,#0104 Cubone → #0105 Marowak,PR-0105,Marowak,Platinum Redux Marowak,Platinum Redux 2.9.3 TC6,Platinum Redux — changed-type variants,Alternate Form,Ground,Ghost,Normal + shiny front/back converted from NDS,Standalone Delta candidate,"Delta Stone candidate, unless a lore/location method fits better",REVIEW,PENDING,
R0161,236,106,#0236 Tyrogue → #0106 Hitmonlee → #0107 Hitmonchan → #0237 Hitmontop,PR-0236,Tyrogue,Platinum Redux Tyrogue,Platinum Redux 2.9.3 TC6,Platinum Redux — changed-type variants,Alternate Form,Ghost,Ground,Normal + shiny front/back converted from NDS,Delta family candidate,Obtain the earliest Delta stage; evolve through the matching Delta line,REVIEW,PENDING,
R0162,106,106,#0236 Tyrogue → #0106 Hitmonlee → #0107 Hitmonchan → #0237 Hitmontop,ER-1517,Hitmonlee,Hitmonlee Mega,Elite Redux,04 Elite Redux - Standard Megas,Mega,Fighting,Rock,4-view complete,Custom Mega,Species-specific Mega Stone; only if this design is approved,REVIEW,PENDING,
R0163,106,106,#0236 Tyrogue → #0106 Hitmonlee → #0107 Hitmonchan → #0237 Hitmontop,PR-0106,Hitmonlee,Platinum Redux Hitmonlee,Platinum Redux 2.9.3 TC6,Platinum Redux — changed-type variants,Alternate Form,Fighting,Dark,Normal + shiny front/back converted from NDS,Delta family candidate,Obtain the earliest Delta stage; evolve through the matching Delta line,REVIEW,PENDING,
R0164,106,106,#0236 Tyrogue → #0106 Hitmonlee → #0107 Hitmonchan → #0237 Hitmontop,CPF-0054,Hitmonlee,Hitmonlee — Alternate (Form 1),Reborn / Plates of Arceus,01 Reborn - Alternate & Type Forms,Alternate Form,Fighting,Grass,4-view complete,Delta family candidate,Obtain the earliest Delta stage; evolve through the matching Delta line,REVIEW,PENDING,
R0165,107,106,#0236 Tyrogue → #0106 Hitmonlee → #0107 Hitmonchan → #0237 Hitmontop,ER-1516,Hitmonchan,Hitmonchan Mega,Elite Redux,04 Elite Redux - Standard Megas,Mega,Fighting,Ground,4-view complete,Custom Mega,Species-specific Mega Stone; only if this design is approved,REVIEW,PENDING,
R0166,107,106,#0236 Tyrogue → #0106 Hitmonlee → #0107 Hitmonchan → #0237 Hitmontop,PR-0107,Hitmonchan,Platinum Redux Hitmonchan,Platinum Redux 2.9.3 TC6,Platinum Redux — changed-type variants,Alternate Form,Fighting,Ice,Normal + shiny front/back converted from NDS,Delta family candidate,Obtain the earliest Delta stage; evolve through the matching Delta line,REVIEW,PENDING,
R0167,107,106,#0236 Tyrogue → #0106 Hitmonlee → #0107 Hitmonchan → #0237 Hitmontop,CPF-0055,Hitmonchan,Hitmonchan — Alternate (Form 1),Reborn / Plates of Arceus,01 Reborn - Alternate & Type Forms,Alternate Form,Fighting,Ghost,4-view complete,Delta family candidate,Obtain the earliest Delta stage; evolve through the matching Delta line,REVIEW,PENDING,
R0168,237,106,#0236 Tyrogue → #0106 Hitmonlee → #0107 Hitmonchan → #0237 Hitmontop,ER-1518,Hitmontop,Hitmontop Mega,Elite Redux,04 Elite Redux - Standard Megas,Mega,Fighting,Steel,4-view complete,Custom Mega,Species-specific Mega Stone; only if this design is approved,REVIEW,PENDING,
R0169,237,106,#0236 Tyrogue → #0106 Hitmonlee → #0107 Hitmonchan → #0237 Hitmontop,PR-0237,Hitmontop,Platinum Redux Hitmontop,Platinum Redux 2.9.3 TC6,Platinum Redux — changed-type variants,Alternate Form,Normal,Ground,Normal + shiny front/back converted from NDS,Delta family candidate,Obtain the earliest Delta stage; evolve through the matching Delta line,REVIEW,PENDING,
R0170,237,106,#0236 Tyrogue → #0106 Hitmonlee → #0107 Hitmonchan → #0237 Hitmontop,CPF-0129,Hitmontop,Hitmontop — Alternate (Form 1),Reborn / Plates of Arceus,01 Reborn - Alternate & Type Forms,Alternate Form,Fighting,Ground,4-view complete,Delta family candidate,Obtain the earliest Delta stage; evolve through the matching Delta line,REVIEW,PENDING,
R0171,463,108,#0108 Lickitung → #0463 Lickilicky,PR-0463,Lickilicky,Platinum Redux Lickilicky,Platinum Redux 2.9.3 TC6,Platinum Redux — changed-type variants,Alternate Form,Normal,Ghost,Normal + shiny front/back converted from NDS,Standalone Delta candidate,"Delta Stone candidate, unless a lore/location method fits better",REVIEW,PENDING,
R0172,109,109,#0109 Koffing → #0110 Weezing,CPF-0056,Koffing,Koffing — BlueTowel Alternate forms (Form 2),Reborn / Plates of Arceus,01 Reborn - Alternate & Type Forms,Alternate Form,Poison,Steel,4-view complete,Delta family candidate,Obtain the earliest Delta stage; evolve through the matching Delta line,REVIEW,PENDING,
R0173,110,109,#0109 Koffing → #0110 Weezing,PR-0110,Weezing,Platinum Redux Weezing,Platinum Redux 2.9.3 TC6,Platinum Redux — changed-type variants,Alternate Form,Poison,Electric,Normal + shiny front/back converted from NDS,Standalone Delta candidate,"Delta Stone candidate, unless a lore/location method fits better",REVIEW,PENDING,
R0174,110,109,#0109 Koffing → #0110 Weezing,CPF-0057,Weezing,Weezing — BlueTowel Alternate forms (Form 2),Reborn / Plates of Arceus,01 Reborn - Alternate & Type Forms,Alternate Form,Poison,Steel,4-view complete,Delta family candidate,Obtain the earliest Delta stage; evolve through the matching Delta line,REVIEW,PENDING,
R0175,464,111,#0111 Rhyhorn → #0112 Rhydon → #0464 Rhyperior,BP-MEGA-015,Rhyperior,Mega Rhyperior,Banished Platinum / Original Megas,07 Banished Platinum - Original Megas,Mega,Rock,Dragon,Front + back only,Custom Mega,Species-specific Mega Stone; only if this design is approved,REVIEW,PENDING,
R0176,464,111,#0111 Rhyhorn → #0112 Rhydon → #0464 Rhyperior,CPF-0226,Rhyperior,Rhyperior — Alternate (Form 1),Reborn / Plates of Arceus,01 Reborn - Alternate & Type Forms,Alternate Form,Bug,Rock,4-view complete,Standalone Delta candidate,"Delta Stone candidate, unless a lore/location method fits better",REVIEW,PENDING,
R0177,440,113,#0440 Happiny → #0113 Chansey → #0242 Blissey,ER-1840,Happiny,Happiny Redux,Elite Redux,05 Elite Redux - Redux Forms,Redux Form,Fighting,,4-view complete,Delta family candidate,Obtain the earliest Delta stage; evolve through the matching Delta line,REVIEW,PENDING,
R0178,440,113,#0440 Happiny → #0113 Chansey → #0242 Blissey,PR-0440,Happiny,Platinum Redux Happiny,Platinum Redux 2.9.3 TC6,Platinum Redux — changed-type variants,Alternate Form,Fire,Ghost,Normal + shiny front/back converted from NDS,Delta family candidate,Obtain the earliest Delta stage; evolve through the matching Delta line,REVIEW,PENDING,
R0179,113,113,#0440 Happiny → #0113 Chansey → #0242 Blissey,ER-1841,Chansey,Chansey Redux,Elite Redux,05 Elite Redux - Redux Forms,Redux Form,Fighting,,4-view complete,Delta family candidate,Obtain the earliest Delta stage; evolve through the matching Delta line,REVIEW,PENDING,
R0180,113,113,#0440 Happiny → #0113 Chansey → #0242 Blissey,CPF-0058,Chansey,Chansey — Alternate (Form 1),Reborn / Plates of Arceus,01 Reborn - Alternate & Type Forms,Alternate Form,Fairy,,4-view complete,Delta family candidate,Obtain the earliest Delta stage; evolve through the matching Delta line,REVIEW,PENDING,
R0181,242,113,#0440 Happiny → #0113 Chansey → #0242 Blissey,ER-1842,Blissey,Blissey Redux,Elite Redux,05 Elite Redux - Redux Forms,Redux Form,Fighting,,4-view complete,Delta family candidate,Obtain the earliest Delta stage; evolve through the matching Delta line,REVIEW,PENDING,
R0182,242,113,#0440 Happiny → #0113 Chansey → #0242 Blissey,PR-0242,Blissey,Platinum Redux Blissey,Platinum Redux 2.9.3 TC6,Platinum Redux — changed-type variants,Alternate Form,Normal,Fighting,Normal + shiny front/back converted from NDS,Delta family candidate,Obtain the earliest Delta stage; evolve through the matching Delta line,REVIEW,PENDING,
R0183,242,113,#0440 Happiny → #0113 Chansey → #0242 Blissey,CPF-0130,Blissey,Blissey — Alternate (Form 1),Reborn / Plates of Arceus,01 Reborn - Alternate & Type Forms,Alternate Form,Fairy,,4-view complete,Delta family candidate,Obtain the earliest Delta stage; evolve through the matching Delta line,REVIEW,PENDING,
R0184,465,114,#0114 Tangela → #0465 Tangrowth,BP-MEGA-018,Tangrowth,Mega Tangrowth,Banished Platinum / Original Megas,07 Banished Platinum - Original Megas,Mega,Grass,Dark,Front + back only,Custom Mega,Species-specific Mega Stone; only if this design is approved,REVIEW,PENDING,
R0185,465,114,#0114 Tangela → #0465 Tangrowth,PR-0465,Tangrowth,Platinum Redux Tangrowth,Platinum Redux 2.9.3 TC6,Platinum Redux — changed-type variants,Alternate Form,Grass,Steel,Normal + shiny front/back converted from NDS,Standalone Delta candidate,"Delta Stone candidate, unless a lore/location method fits better",REVIEW,PENDING,
R0186,115,115,#0115 Kangaskhan,PR-0115,Kangaskhan,Platinum Redux Kangaskhan,Platinum Redux 2.9.3 TC6,Platinum Redux — changed-type variants,Alternate Form,Normal,Rock,Normal + shiny front/back converted from NDS,Standalone Delta candidate,"Delta Stone candidate, unless a lore/location method fits better",REVIEW,PENDING,
R0187,230,116,#0116 Horsea → #0117 Seadra → #0230 Kingdra,ER-1514,Kingdra,Kingdra Mega X,Elite Redux,04 Elite Redux - Standard Megas,Mega,Water,Dragon,4-view complete,Custom Mega,Species-specific Mega Stone; only if this design is approved,REVIEW,PENDING,
R0188,118,118,#0118 Goldeen → #0119 Seaking,PR-0118,Goldeen,Platinum Redux Goldeen,Platinum Redux 2.9.3 TC6,Platinum Redux — changed-type variants,Alternate Form,Electric,Normal,Normal + shiny front/back converted from NDS,Delta family candidate,Obtain the earliest Delta stage; evolve through the matching Delta line,REVIEW,PENDING,
R0189,119,118,#0118 Goldeen → #0119 Seaking,PR-0119,Seaking,Platinum Redux Seaking,Platinum Redux 2.9.3 TC6,Platinum Redux — changed-type variants,Alternate Form,Electric,Normal,Normal + shiny front/back converted from NDS,Delta family candidate,Obtain the earliest Delta stage; evolve through the matching Delta line,REVIEW,PENDING,
R0190,120,120,#0120 Staryu → #0121 Starmie,CPF-0059,Staryu,Staryu — Alternate (Form 1),Reborn / Plates of Arceus,01 Reborn - Alternate & Type Forms,Alternate Form,Rock,Fire,4-view complete,Delta family candidate,Obtain the earliest Delta stage; evolve through the matching Delta line,REVIEW,PENDING,
R0191,121,120,#0120 Staryu → #0121 Starmie,CPF-0060,Starmie,Starmie — Alternate (Form 1),Reborn / Plates of Arceus,01 Reborn - Alternate & Type Forms,Alternate Form,Rock,Fire,4-view complete,Delta family candidate,Obtain the earliest Delta stage; evolve through the matching Delta line,REVIEW,PENDING,
R0192,439,122,#0439 Mime Jr. → #0122 Mr. Mime,PR-0439,Mime Jr.,Platinum Redux Mime Jr.,Platinum Redux 2.9.3 TC6,Platinum Redux — changed-type variants,Alternate Form,Fire,Ghost,Normal + shiny front/back converted from NDS,Delta family candidate,Obtain the earliest Delta stage; evolve through the matching Delta line,REVIEW,PENDING,
R0193,122,122,#0439 Mime Jr. → #0122 Mr. Mime,PR-0122,Mr. Mime,Platinum Redux Mr. Mime,Platinum Redux 2.9.3 TC6,Platinum Redux — changed-type variants,Alternate Form,Psychic,Ice,Normal + shiny front/back converted from NDS,Delta family candidate,Obtain the earliest Delta stage; evolve through the matching Delta line,REVIEW,PENDING,
R0194,123,123,#0123 Scyther → #0212 Scizor → #0900 Kleavor,ER-1853,Scyther,Scyther Redux,Elite Redux,05 Elite Redux - Redux Forms,Redux Form,Poison,Ground,4-view complete,Delta family candidate,Obtain the earliest Delta stage; evolve through the matching Delta line,REVIEW,PENDING,
R0195,123,123,#0123 Scyther → #0212 Scizor → #0900 Kleavor,ER-1668,Scyther,Scyther Mega,Elite Redux,04 Elite Redux - Standard Megas,Mega,Bug,Flying,4-view complete,Custom Mega,Species-specific Mega Stone; only if this design is approved,REVIEW,PENDING,
R0196,123,123,#0123 Scyther → #0212 Scizor → #0900 Kleavor,ER-1854,Scyther,Scyther Redux Mega,Elite Redux,06 Elite Redux - Redux Megas,Mega,Poison,Ground,4-view complete,Mega Delta,Mega Evolution of the corresponding Delta form,REVIEW,PENDING,
R0197,212,123,#0123 Scyther → #0212 Scizor → #0900 Kleavor,ER-1774,Scizor,Scizor Redux,Elite Redux,05 Elite Redux - Redux Forms,Redux Form,Poison,Steel,4-view complete,Delta family candidate,Obtain the earliest Delta stage; evolve through the matching Delta line,REVIEW,PENDING,
R0198,212,123,#0123 Scyther → #0212 Scizor → #0900 Kleavor,ER-1855,Scizor,Scizor Redux Mega,Elite Redux,06 Elite Redux - Redux Megas,Mega,Poison,Steel,4-view complete,Mega Delta,Mega Evolution of the corresponding Delta form,REVIEW,PENDING,
R0199,900,123,#0123 Scyther → #0212 Scizor → #0900 Kleavor,ER-1856,Kleavor,Kleavor Redux,Elite Redux,05 Elite Redux - Redux Forms,Redux Form,Poison,Rock,4-view complete,Delta family candidate,Obtain the earliest Delta stage; evolve through the matching Delta line,REVIEW,PENDING,
R0200,900,123,#0123 Scyther → #0212 Scizor → #0900 Kleavor,ER-1667,Kleavor,Kleavor Mega,Elite Redux,04 Elite Redux - Standard Megas,Mega,Bug,Rock,4-view complete,Custom Mega,Species-specific Mega Stone; only if this design is approved,REVIEW,PENDING,
R0201,900,123,#0123 Scyther → #0212 Scizor → #0900 Kleavor,ER-1857,Kleavor,Kleavor Redux Mega,Elite Redux,06 Elite Redux - Redux Megas,Mega,Poison,Rock,4-view complete,Mega Delta,Mega Evolution of the corresponding Delta form,REVIEW,PENDING,
R0202,238,124,#0238 Smoochum → #0124 Jynx,PR-0238,Smoochum,Platinum Redux Smoochum,Platinum Redux 2.9.3 TC6,Platinum Redux — changed-type variants,Alternate Form,Dragon,Dark,Normal + shiny front/back converted from NDS,Standalone Delta candidate,"Delta Stone candidate, unless a lore/location method fits better",REVIEW,PENDING,
R0203,239,125,#0239 Elekid → #0125 Electabuzz → #0466 Electivire,PR-0239,Elekid,Platinum Redux Elekid,Platinum Redux 2.9.3 TC6,Platinum Redux — changed-type variants,Alternate Form,Dragon,Dark,Normal + shiny front/back converted from NDS,Delta family candidate,Obtain the earliest Delta stage; evolve through the matching Delta line,REVIEW,PENDING,
R0204,125,125,#0239 Elekid → #0125 Electabuzz → #0466 Electivire,CPF-0061,Electabuzz,Electabuzz — Alternate (Form 1),Reborn / Plates of Arceus,01 Reborn - Alternate & Type Forms,Alternate Form,Electric,Fighting,4-view complete,Delta family candidate,Obtain the earliest Delta stage; evolve through the matching Delta line,REVIEW,PENDING,
R0205,466,125,#0239 Elekid → #0125 Electabuzz → #0466 Electivire,BP-MEGA-003,Electivire,Mega Electivire,Banished Platinum / Original Megas,07 Banished Platinum - Original Megas,Mega,Electric,Fighting,Front + back only,Custom Mega,Species-specific Mega Stone; only if this design is approved,REVIEW,PENDING,
R0206,466,125,#0239 Elekid → #0125 Electabuzz → #0466 Electivire,PR-0466,Electivire,Platinum Redux Electivire,Platinum Redux 2.9.3 TC6,Platinum Redux — changed-type variants,Alternate Form,Electric,Fighting,Normal + shiny front/back converted from NDS,Delta family candidate,Obtain the earliest Delta stage; evolve through the matching Delta line,REVIEW,PENDING,
R0207,466,125,#0239 Elekid → #0125 Electabuzz → #0466 Electivire,CPF-0228,Electivire,Electivire — Alternate (Form 1),Reborn / Plates of Arceus,01 Reborn - Alternate & Type Forms,Alternate Form,Electric,Fighting,4-view complete,Delta family candidate,Obtain the earliest Delta stage; evolve through the matching Delta line,REVIEW,PENDING,
R0208,240,126,#0240 Magby → #0126 Magmar → #0467 Magmortar,PR-0240,Magby,Platinum Redux Magby,Platinum Redux 2.9.3 TC6,Platinum Redux — changed-type variants,Alternate Form,Dragon,Dark,Normal + shiny front/back converted from NDS,Delta family candidate,Obtain the earliest Delta stage; evolve through the matching Delta line,REVIEW,PENDING,
R0209,126,126,#0240 Magby → #0126 Magmar → #0467 Magmortar,CPF-0062,Magmar,Magmar — Alternate (Form 1),Reborn / Plates of Arceus,01 Reborn - Alternate & Type Forms,Alternate Form,Fire,Steel,4-view complete,Delta family candidate,Obtain the earliest Delta stage; evolve through the matching Delta line,REVIEW,PENDING,
R0210,467,126,#0240 Magby → #0126 Magmar → #0467 Magmortar,BP-MEGA-008,Magmortar,Mega Magmortar,Banished Platinum / Original Megas,07 Banished Platinum - Original Megas,Mega,Fire,Steel,Front + back only,Custom Mega,Species-specific Mega Stone; only if this design is approved,REVIEW,PENDING,
R0211,467,126,#0240 Magby → #0126 Magmar → #0467 Magmortar,PR-0467,Magmortar,Platinum Redux Magmortar,Platinum Redux 2.9.3 TC6,Platinum Redux — changed-type variants,Alternate Form,Fire,Water,Normal + shiny front/back converted from NDS,Delta family candidate,Obtain the earliest Delta stage; evolve through the matching Delta line,REVIEW,PENDING,
R0212,467,126,#0240 Magby → #0126 Magmar → #0467 Magmortar,CPF-0229,Magmortar,Magmortar — Alternate (Form 1),Reborn / Plates of Arceus,01 Reborn - Alternate & Type Forms,Alternate Form,Fire,Steel,4-view complete,Delta family candidate,Obtain the earliest Delta stage; evolve through the matching Delta line,REVIEW,PENDING,
R0213,127,127,#0127 Pinsir,PR-0127,Pinsir,Platinum Redux Pinsir,Platinum Redux 2.9.3 TC6,Platinum Redux — changed-type variants,Alternate Form,Bug,Dark,Normal + shiny front/back converted from NDS,Standalone Delta candidate,"Delta Stone candidate, unless a lore/location method fits better",REVIEW,PENDING,
R0214,128,128,#0128 Tauros,PR-0128,Tauros,Platinum Redux Tauros,Platinum Redux 2.9.3 TC6,Platinum Redux — changed-type variants,Alternate Form,Normal,Dragon,Normal + shiny front/back converted from NDS,Standalone Delta candidate,"Delta Stone candidate, unless a lore/location method fits better",REVIEW,PENDING,
R0215,129,129,#0129 Magikarp → #0130 Gyarados,CPF-0063,Magikarp,Magikarp — Alternate (Form 2),Reborn / Plates of Arceus,01 Reborn - Alternate & Type Forms,Alternate Form,Water,,4-view complete,Delta family candidate,Obtain the earliest Delta stage; evolve through the matching Delta line,REVIEW,PENDING,
R0216,130,129,#0129 Magikarp → #0130 Gyarados,ER-1534,Gyarados,Gyarados Mega Y,Elite Redux,04 Elite Redux - Standard Megas,Mega,Water,Dragon,4-view complete,Custom Mega,Species-specific Mega Stone; only if this design is approved,REVIEW,PENDING,
R0217,130,129,#0129 Magikarp → #0130 Gyarados,PR-0130,Gyarados,Platinum Redux Gyarados,Platinum Redux 2.9.3 TC6,Platinum Redux — changed-type variants,Alternate Form,Water,Dragon,Normal + shiny front/back converted from NDS,Standalone Delta candidate,"Delta Stone candidate, unless a lore/location method fits better",REVIEW,PENDING,
R0218,130,129,#0129 Magikarp → #0130 Gyarados,CPF-0064,Gyarados,Gyarados — Alternate (Form 2),Reborn / Plates of Arceus,01 Reborn - Alternate & Type Forms,Alternate Form,Water,Flying,4-view complete,Delta family candidate,Obtain the earliest Delta stage; evolve through the matching Delta line,REVIEW,PENDING,
R0219,130,129,#0129 Magikarp → #0130 Gyarados,CPF-0065,Gyarados,Gyarados — Mega Alternate (Form 3),Reborn / Plates of Arceus,02 Reborn - Explicit Megas,Mega,Water,Flying,4-view complete,Custom Mega,Species-specific Mega Stone; only if this design is approved,REVIEW,PENDING,
R0220,131,131,#0131 Lapras,ER-1547,Lapras,Lapras Mega X,Elite Redux,04 Elite Redux - Standard Megas,Mega,Water,,4-view complete,Custom Mega,Species-specific Mega Stone; only if this design is approved,REVIEW,PENDING,
R0221,131,131,#0131 Lapras,ER-1512,Lapras,Lapras Mega Y,Elite Redux,04 Elite Redux - Standard Megas,Mega,Water,Ice,4-view complete,Custom Mega,Species-specific Mega Stone; only if this design is approved,REVIEW,PENDING,
R0222,131,131,#0131 Lapras,PR-0131,Lapras,Platinum Redux Lapras,Platinum Redux 2.9.3 TC6,Platinum Redux — changed-type variants,Alternate Form,Dragon,Ice,Normal + shiny front/back converted from NDS,Standalone Delta candidate,"Delta Stone candidate, unless a lore/location method fits better",REVIEW,PENDING,
R0223,132,132,#0132 Ditto,PR-0132,Ditto,Platinum Redux Ditto,Platinum Redux 2.9.3 TC6,Platinum Redux — changed-type variants,Alternate Form,Fighting,Ghost,Normal + shiny front/back converted from NDS,Standalone Delta candidate,"Delta Stone candidate, unless a lore/location method fits better",REVIEW,PENDING,
R0224,133,133,#0133 Eevee → #0134 Vaporeon → #0135 Jolteon → #0136 Flareon → #0196 Espeon → #0197 Umbreon → #0470 Leafeon → #0471 Glaceon → #0700 Sylveon,ER-1613,Eevee,Eevee Mega,Elite Redux,04 Elite Redux - Standard Megas,Mega,Normal,,4-view complete,Custom Mega,Species-specific Mega Stone; only if this design is approved,REVIEW,PENDING,
R0225,134,133,#0133 Eevee → #0134 Vaporeon → #0135 Jolteon → #0136 Flareon → #0196 Espeon → #0197 Umbreon → #0470 Leafeon → #0471 Glaceon → #0700 Sylveon,PR-0134,Vaporeon,Platinum Redux Vaporeon,Platinum Redux 2.9.3 TC6,Platinum Redux — changed-type variants,Alternate Form,Water,Poison,Normal + shiny front/back converted from NDS,Delta family candidate,Obtain the earliest Delta stage; evolve through the matching Delta line,REVIEW,PENDING,
R0226,134,133,#0133 Eevee → #0134 Vaporeon → #0135 Jolteon → #0136 Flareon → #0196 Espeon → #0197 Umbreon → #0470 Leafeon → #0471 Glaceon → #0700 Sylveon,CPF-0066,Vaporeon,Vaporeon — Alternate (Form 3),Reborn / Plates of Arceus,01 Reborn - Alternate & Type Forms,Alternate Form,Water,,4-view complete,Delta family candidate,Obtain the earliest Delta stage; evolve through the matching Delta line,REVIEW,PENDING,
R0227,135,133,#0133 Eevee → #0134 Vaporeon → #0135 Jolteon → #0136 Flareon → #0196 Espeon → #0197 Umbreon → #0470 Leafeon → #0471 Glaceon → #0700 Sylveon,PR-0135,Jolteon,Platinum Redux Jolteon,Platinum Redux 2.9.3 TC6,Platinum Redux — changed-type variants,Alternate Form,Electric,Bug,Normal + shiny front/back converted from NDS,Delta family candidate,Obtain the earliest Delta stage; evolve through the matching Delta line,REVIEW,PENDING,
R0228,135,133,#0133 Eevee → #0134 Vaporeon → #0135 Jolteon → #0136 Flareon → #0196 Espeon → #0197 Umbreon → #0470 Leafeon → #0471 Glaceon → #0700 Sylveon,CPF-0067,Jolteon,Jolteon — Alternate (Form 3),Reborn / Plates of Arceus,01 Reborn - Alternate & Type Forms,Alternate Form,Electric,,4-view complete,Delta family candidate,Obtain the earliest Delta stage; evolve through the matching Delta line,REVIEW,PENDING,
R0229,136,133,#0133 Eevee → #0134 Vaporeon → #0135 Jolteon → #0136 Flareon → #0196 Espeon → #0197 Umbreon → #0470 Leafeon → #0471 Glaceon → #0700 Sylveon,PR-0136,Flareon,Platinum Redux Flareon,Platinum Redux 2.9.3 TC6,Platinum Redux — changed-type variants,Alternate Form,Fire,Ghost,Normal + shiny front/back converted from NDS,Delta family candidate,Obtain the earliest Delta stage; evolve through the matching Delta line,REVIEW,PENDING,
R0230,136,133,#0133 Eevee → #0134 Vaporeon → #0135 Jolteon → #0136 Flareon → #0196 Espeon → #0197 Umbreon → #0470 Leafeon → #0471 Glaceon → #0700 Sylveon,CPF-0068,Flareon,Flareon — Alternate (Form 3),Reborn / Plates of Arceus,01 Reborn - Alternate & Type Forms,Alternate Form,Fire,,4-view complete,Delta family candidate,Obtain the earliest Delta stage; evolve through the matching Delta line,REVIEW,PENDING,
R0231,196,133,#0133 Eevee → #0134 Vaporeon → #0135 Jolteon → #0136 Flareon → #0196 Espeon → #0197 Umbreon → #0470 Leafeon → #0471 Glaceon → #0700 Sylveon,ER-1794,Espeon,Espeon Primal,Elite Redux,03 Elite Redux - New Species & Evolutions,New Species / Evolution,Psychic,,4-view complete,New species / evolution,Connection review needed — decide parent/evolution method in Notes,REVIEW,PENDING,
R0232,196,133,#0133 Eevee → #0134 Vaporeon → #0135 Jolteon → #0136 Flareon → #0196 Espeon → #0197 Umbreon → #0470 Leafeon → #0471 Glaceon → #0700 Sylveon,PR-0196,Espeon,Platinum Redux Espeon,Platinum Redux 2.9.3 TC6,Platinum Redux — changed-type variants,Alternate Form,Psychic,Rock,Normal + shiny front/back converted from NDS,Delta family candidate,Obtain the earliest Delta stage; evolve through the matching Delta line,REVIEW,PENDING,
R0233,196,133,#0133 Eevee → #0134 Vaporeon → #0135 Jolteon → #0136 Flareon → #0196 Espeon → #0197 Umbreon → #0470 Leafeon → #0471 Glaceon → #0700 Sylveon,CPF-0069,Espeon,Espeon — Alternate (Form 3),Reborn / Plates of Arceus,01 Reborn - Alternate & Type Forms,Alternate Form,Psychic,,4-view complete,Delta family candidate,Obtain the earliest Delta stage; evolve through the matching Delta line,REVIEW,PENDING,
R0234,197,133,#0133 Eevee → #0134 Vaporeon → #0135 Jolteon → #0136 Flareon → #0196 Espeon → #0197 Umbreon → #0470 Leafeon → #0471 Glaceon → #0700 Sylveon,PR-0197,Umbreon,Platinum Redux Umbreon,Platinum Redux 2.9.3 TC6,Platinum Redux — changed-type variants,Alternate Form,Dark,Dragon,Normal + shiny front/back converted from NDS,Delta family candidate,Obtain the earliest Delta stage; evolve through the matching Delta line,REVIEW,PENDING,
R0235,197,133,#0133 Eevee → #0134 Vaporeon → #0135 Jolteon → #0136 Flareon → #0196 Espeon → #0197 Umbreon → #0470 Leafeon → #0471 Glaceon → #0700 Sylveon,CPF-0070,Umbreon,Umbreon — Alternate (Form 3),Reborn / Plates of Arceus,01 Reborn - Alternate & Type Forms,Alternate Form,Dark,,4-view complete,Delta family candidate,Obtain the earliest Delta stage; evolve through the matching Delta line,REVIEW,PENDING,
R0236,470,133,#0133 Eevee → #0134 Vaporeon → #0135 Jolteon → #0136 Flareon → #0196 Espeon → #0197 Umbreon → #0470 Leafeon → #0471 Glaceon → #0700 Sylveon,PR-0470,Leafeon,Platinum Redux Leafeon,Platinum Redux 2.9.3 TC6,Platinum Redux — changed-type variants,Alternate Form,Grass,Fighting,Normal + shiny front/back converted from NDS,Delta family candidate,Obtain the earliest Delta stage; evolve through the matching Delta line,REVIEW,PENDING,
R0237,470,133,#0133 Eevee → #0134 Vaporeon → #0135 Jolteon → #0136 Flareon → #0196 Espeon → #0197 Umbreon → #0470 Leafeon → #0471 Glaceon → #0700 Sylveon,CPF-0071,Leafeon,Leafeon — Alternate (Form 3),Reborn / Plates of Arceus,01 Reborn - Alternate & Type Forms,Alternate Form,Grass,,4-view complete,Delta family candidate,Obtain the earliest Delta stage; evolve through the matching Delta line,REVIEW,PENDING,
R0238,471,133,#0133 Eevee → #0134 Vaporeon → #0135 Jolteon → #0136 Flareon → #0196 Espeon → #0197 Umbreon → #0470 Leafeon → #0471 Glaceon → #0700 Sylveon,PR-0471,Glaceon,Platinum Redux Glaceon,Platinum Redux 2.9.3 TC6,Platinum Redux — changed-type variants,Alternate Form,Ice,Steel,Normal + shiny front/back converted from NDS,Delta family candidate,Obtain the earliest Delta stage; evolve through the matching Delta line,REVIEW,PENDING,
R0239,471,133,#0133 Eevee → #0134 Vaporeon → #0135 Jolteon → #0136 Flareon → #0196 Espeon → #0197 Umbreon → #0470 Leafeon → #0471 Glaceon → #0700 Sylveon,CPF-0072,Glaceon,Glaceon — Alternate (Form 3),Reborn / Plates of Arceus,01 Reborn - Alternate & Type Forms,Alternate Form,Ice,,4-view complete,Delta family candidate,Obtain the earliest Delta stage; evolve through the matching Delta line,REVIEW,PENDING,
R0240,700,133,#0133 Eevee → #0134 Vaporeon → #0135 Jolteon → #0136 Flareon → #0196 Espeon → #0197 Umbreon → #0470 Leafeon → #0471 Glaceon → #0700 Sylveon,CPF-0073,Sylveon,Sylveon — Alternate (Form 3),Reborn / Plates of Arceus,01 Reborn - Alternate & Type Forms,Alternate Form,Fairy,,4-view complete,Delta family candidate,Obtain the earliest Delta stage; evolve through the matching Delta line,REVIEW,PENDING,
R0241,137,137,#0137 Porygon → #0233 Porygon2 → #0474 Porygon-Z,BP-MEGA-012,Porygon,Mega Porygon,Banished Platinum / Original Megas,07 Banished Platinum - Original Megas,Mega,,,Front + back only,Custom Mega,Species-specific Mega Stone; only if this design is approved,REVIEW,PENDING,
R0242,474,137,#0137 Porygon → #0233 Porygon2 → #0474 Porygon-Z,PR-0474,Porygon-Z,Platinum Redux Porygon-Z,Platinum Redux 2.9.3 TC6,Platinum Redux — changed-type variants,Alternate Form,Normal,Electric,Normal + shiny front/back converted from NDS,Standalone Delta candidate,"Delta Stone candidate, unless a lore/location method fits better",REVIEW,PENDING,
R0243,138,138,#0138 Omanyte → #0139 Omastar,CPF-0074,Omanyte,Omanyte — Alternate (Form 1),Reborn / Plates of Arceus,01 Reborn - Alternate & Type Forms,Alternate Form,Water,,4-view complete,Delta family candidate,Obtain the earliest Delta stage; evolve through the matching Delta line,REVIEW,PENDING,
R0244,139,138,#0138 Omanyte → #0139 Omastar,PR-0139,Omastar,Platinum Redux Omastar,Platinum Redux 2.9.3 TC6,Platinum Redux — changed-type variants,Alternate Form,Ghost,Water,Normal + shiny front/back converted from NDS,Standalone Delta candidate,"Delta Stone candidate, unless a lore/location method fits better",REVIEW,PENDING,
R0245,139,138,#0138 Omanyte → #0139 Omastar,CPF-0075,Omastar,Omastar — Alternate (Form 1),Reborn / Plates of Arceus,01 Reborn - Alternate & Type Forms,Alternate Form,Water,,4-view complete,Delta family candidate,Obtain the earliest Delta stage; evolve through the matching Delta line,REVIEW,PENDING,
R0246,140,140,#0140 Kabuto → #0141 Kabutops,CPF-0076,Kabuto,Kabuto — Alternate (Form 1),Reborn / Plates of Arceus,01 Reborn - Alternate & Type Forms,Alternate Form,Bug,Water,4-view complete,Delta family candidate,Obtain the earliest Delta stage; evolve through the matching Delta line,REVIEW,PENDING,
R0247,141,140,#0140 Kabuto → #0141 Kabutops,PR-0141,Kabutops,Platinum Redux Kabutops,Platinum Redux 2.9.3 TC6,Platinum Redux — changed-type variants,Alternate Form,Rock,Ghost,Normal + shiny front/back converted from NDS,Standalone Delta candidate,"Delta Stone candidate, unless a lore/location method fits better",REVIEW,PENDING,
R0248,141,140,#0140 Kabuto → #0141 Kabutops,CPF-0077,Kabutops,Kabutops — Alternate (Form 1),Reborn / Plates of Arceus,01 Reborn - Alternate & Type Forms,Alternate Form,Bug,Water,4-view complete,Delta family candidate,Obtain the earliest Delta stage; evolve through the matching Delta line,REVIEW,PENDING,
R0249,142,142,#0142 Aerodactyl,CPF-0078,Aerodactyl,Aerodactyl — Alternate (Form 2),Reborn / Plates of Arceus,01 Reborn - Alternate & Type Forms,Alternate Form,Dragon,Flying,4-view complete,Standalone Delta candidate,"Delta Stone candidate, unless a lore/location method fits better",REVIEW,PENDING,
R0250,142,142,#0142 Aerodactyl,CPF-0079,Aerodactyl,Aerodactyl — Alternate Mega (Form 3),Reborn / Plates of Arceus,02 Reborn - Explicit Megas,Mega,Dragon,Flying,4-view complete,Custom Mega,Species-specific Mega Stone; only if this design is approved,REVIEW,PENDING,
R0251,446,143,#0446 Munchlax → #0143 Snorlax,ER-1884,Munchlax,Munchlax Redux,Elite Redux,05 Elite Redux - Redux Forms,Redux Form,Water,,4-view complete,Delta family candidate,Obtain the earliest Delta stage; evolve through the matching Delta line,REVIEW,PENDING,
R0252,446,143,#0446 Munchlax → #0143 Snorlax,PR-0446,Munchlax,Platinum Redux Munchlax,Platinum Redux 2.9.3 TC6,Platinum Redux — changed-type variants,Alternate Form,Poison,Dark,Normal + shiny front/back converted from NDS,Delta family candidate,Obtain the earliest Delta stage; evolve through the matching Delta line,REVIEW,PENDING,
R0253,143,143,#0446 Munchlax → #0143 Snorlax,ER-1885,Snorlax,Snorlax Redux,Elite Redux,05 Elite Redux - Redux Forms,Redux Form,Water,,4-view complete,Delta family candidate,Obtain the earliest Delta stage; evolve through the matching Delta line,REVIEW,PENDING,
R0254,143,143,#0446 Munchlax → #0143 Snorlax,ER-1782,Snorlax,Snorlax Primal,Elite Redux,03 Elite Redux - New Species & Evolutions,New Species / Evolution,Normal,,4-view complete,New species / evolution,Connection review needed — decide parent/evolution method in Notes,REVIEW,PENDING,
R0255,143,143,#0446 Munchlax → #0143 Snorlax,ER-1596,Snorlax,Snorlax Mega,Elite Redux,04 Elite Redux - Standard Megas,Mega,Normal,Grass,4-view complete,Custom Mega,Species-specific Mega Stone; only if this design is approved,REVIEW,PENDING,
R0256,143,143,#0446 Munchlax → #0143 Snorlax,ER-1886,Snorlax,Snorlax Redux Mega,Elite Redux,06 Elite Redux - Redux Megas,Mega,Water,,4-view complete,Mega Delta,Mega Evolution of the corresponding Delta form,REVIEW,PENDING,
R0257,143,143,#0446 Munchlax → #0143 Snorlax,PR-0143,Snorlax,Platinum Redux Snorlax,Platinum Redux 2.9.3 TC6,Platinum Redux — changed-type variants,Alternate Form,Normal,Grass,Normal + shiny front/back converted from NDS,Delta family candidate,Obtain the earliest Delta stage; evolve through the matching Delta line,REVIEW,PENDING,
R0258,144,144,#0144 Articuno,ER-1647,Articuno,Articuno Ex,Elite Redux,03 Elite Redux - New Species & Evolutions,New Species / Evolution,Ice,Flying,4-view complete,New species / evolution,Connection review needed — decide parent/evolution method in Notes,REVIEW,PENDING,
R0259,144,144,#0144 Articuno,ER-1644,Articuno,Articuno Mega,Elite Redux,03 Elite Redux - New Species & Evolutions,Mega,Ice,Flying,4-view complete,Custom Mega,Species-specific Mega Stone; only if this design is approved,REVIEW,PENDING,
R0260,145,145,#0145 Zapdos,ER-1646,Zapdos,Zapdos Ex,Elite Redux,03 Elite Redux - New Species & Evolutions,New Species / Evolution,Electric,Flying,4-view complete,New species / evolution,Connection review needed — decide parent/evolution method in Notes,REVIEW,PENDING,
R0261,145,145,#0145 Zapdos,ER-1643,Zapdos,Zapdos Mega,Elite Redux,03 Elite Redux - New Species & Evolutions,Mega,Electric,Flying,4-view complete,Custom Mega,Species-specific Mega Stone; only if this design is approved,REVIEW,PENDING,
R0262,146,146,#0146 Moltres,ER-1648,Moltres,Moltres Ex,Elite Redux,03 Elite Redux - New Species & Evolutions,New Species / Evolution,Fire,Flying,4-view complete,New species / evolution,Connection review needed — decide parent/evolution method in Notes,REVIEW,PENDING,
R0263,146,146,#0146 Moltres,ER-1645,Moltres,Moltres Mega,Elite Redux,03 Elite Redux - New Species & Evolutions,Mega,Fire,Flying,4-view complete,Custom Mega,Species-specific Mega Stone; only if this design is approved,REVIEW,PENDING,
R0264,149,147,#0147 Dratini → #0148 Dragonair → #0149 Dragonite,ER-1778,Dragonite,Dragonite Delivery,Elite Redux,03 Elite Redux - New Species & Evolutions,New Species / Evolution,Dragon,Flying,4-view complete,New species / evolution,Connection review needed — decide parent/evolution method in Notes,REVIEW,PENDING,
R0265,149,147,#0147 Dratini → #0148 Dragonair → #0149 Dragonite,ER-1497,Dragonite,Dragonite Mega Y,Elite Redux,04 Elite Redux - Standard Megas,Mega,Dragon,Flying,4-view complete,Custom Mega,Species-specific Mega Stone; only if this design is approved,REVIEW,PENDING,
R0266,149,147,#0147 Dratini → #0148 Dragonair → #0149 Dragonite,PR-0149,Dragonite,Platinum Redux Dragonite,Platinum Redux 2.9.3 TC6,Platinum Redux — changed-type variants,Alternate Form,Dragon,Normal,Normal + shiny front/back converted from NDS,Standalone Delta candidate,"Delta Stone candidate, unless a lore/location method fits better",REVIEW,PENDING,
R0267,149,147,#0147 Dratini → #0148 Dragonair → #0149 Dragonite,CPF-0083,Dragonite,Dragonite — Alternate (Form 1),Reborn / Plates of Arceus,01 Reborn - Alternate & Type Forms,Alternate Form,Dragon,Electric,4-view complete,Standalone Delta candidate,"Delta Stone candidate, unless a lore/location method fits better",REVIEW,PENDING,
R0268,150,150,#0150 Mewtwo,PR-0150,Mewtwo,Platinum Redux Mewtwo,Platinum Redux 2.9.3 TC6,Platinum Redux — changed-type variants,Alternate Form,Psychic,Normal,Normal + shiny front/back converted from NDS,Standalone Delta candidate,"Delta Stone candidate, unless a lore/location method fits better",REVIEW,PENDING,
R0269,151,151,#0151 Mew,PR-0151,Mew,Platinum Redux Mew,Platinum Redux 2.9.3 TC6,Platinum Redux — changed-type variants,Alternate Form,Psychic,Ghost,Normal + shiny front/back converted from NDS,Standalone Delta candidate,"Delta Stone candidate, unless a lore/location method fits better",REVIEW,PENDING,
R0270,153,152,#0152 Chikorita → #0153 Bayleef → #0154 Meganium,CPF-0084,Bayleef,Bayleef — BlueTowel Alternate form (Form 1),Reborn / Plates of Arceus,01 Reborn - Alternate & Type Forms,Alternate Form,Grass,Normal,4-view complete,Delta family candidate,Obtain the earliest Delta stage; evolve through the matching Delta line,REVIEW,PENDING,
R0271,154,152,#0152 Chikorita → #0153 Bayleef → #0154 Meganium,PR-0154,Meganium,Platinum Redux Meganium,Platinum Redux 2.9.3 TC6,Platinum Redux — changed-type variants,Alternate Form,Grass,Dragon,Normal + shiny front/back converted from NDS,Mega Delta,Mega Evolution of the corresponding Delta form,REVIEW,PENDING,
R0272,154,152,#0152 Chikorita → #0153 Bayleef → #0154 Meganium,CPF-0085,Meganium,Meganium — Alternate (Form 1),Reborn / Plates of Arceus,01 Reborn - Alternate & Type Forms,Alternate Form,Grass,Normal,4-view complete,Custom Mega,Species-specific Mega Stone; only if this design is approved,REVIEW,PENDING,
R0273,156,155,#0155 Cyndaquil → #0156 Quilava → #0157 Typhlosion,CPF-0086,Quilava,Quilava — Alternate (Form 1),Reborn / Plates of Arceus,01 Reborn - Alternate & Type Forms,Alternate Form,Fire,Ground,4-view complete,Delta family candidate,Obtain the earliest Delta stage; evolve through the matching Delta line,REVIEW,PENDING,
R0274,157,155,#0155 Cyndaquil → #0156 Quilava → #0157 Typhlosion,ER-1627,Typhlosion,Typhlosion Hisuian Mega,Elite Redux,04 Elite Redux - Standard Megas,Mega,Fire,Ghost,4-view complete,Custom Mega,Species-specific Mega Stone; only if this design is approved,REVIEW,PENDING,
R0275,157,155,#0155 Cyndaquil → #0156 Quilava → #0157 Typhlosion,ER-1541,Typhlosion,Typhlosion Mega,Elite Redux,04 Elite Redux - Standard Megas,Mega,Fire,Ground,4-view complete,Custom Mega,Species-specific Mega Stone; only if this design is approved,REVIEW,PENDING,
R0276,157,155,#0155 Cyndaquil → #0156 Quilava → #0157 Typhlosion,PR-0157,Typhlosion,Platinum Redux Typhlosion,Platinum Redux 2.9.3 TC6,Platinum Redux — changed-type variants,Alternate Form,Fire,Poison,Normal + shiny front/back converted from NDS,Standalone Delta candidate,"Delta Stone candidate, unless a lore/location method fits better",REVIEW,PENDING,
R0277,157,155,#0155 Cyndaquil → #0156 Quilava → #0157 Typhlosion,CPF-0087,Typhlosion,Typhlosion — Alternate (Form 1),Reborn / Plates of Arceus,01 Reborn - Alternate & Type Forms,Alternate Form,Fire,Ground,4-view complete,Delta family candidate,Obtain the earliest Delta stage; evolve through the matching Delta line,REVIEW,PENDING,
R0278,157,155,#0155 Cyndaquil → #0156 Quilava → #0157 Typhlosion,CPF-0088,Typhlosion,Typhlosion — Alternate (Form 2),Reborn / Plates of Arceus,01 Reborn - Alternate & Type Forms,Alternate Form,Fire,Ghost,4-view complete,Standalone Delta candidate,"Delta Stone candidate, unless a lore/location method fits better",REVIEW,PENDING,
R0279,159,158,#0158 Totodile → #0159 Croconaw → #0160 Feraligatr,CPF-0089,Croconaw,Croconaw — Alternate (Form 1),Reborn / Plates of Arceus,01 Reborn - Alternate & Type Forms,Alternate Form,Water,,4-view complete,Delta family candidate,Obtain the earliest Delta stage; evolve through the matching Delta line,REVIEW,PENDING,
R0280,160,158,#0158 Totodile → #0159 Croconaw → #0160 Feraligatr,ER-1530,Feraligatr,Feraligatr Mega X,Elite Redux,04 Elite Redux - Standard Megas,Mega,Water,Dragon,4-view complete,Custom Mega,Species-specific Mega Stone; only if this design is approved,REVIEW,PENDING,
R0281,160,158,#0158 Totodile → #0159 Croconaw → #0160 Feraligatr,ER-1531,Feraligatr,Feraligatr Mega Y,Elite Redux,04 Elite Redux - Standard Megas,Mega,Water,Electric,4-view complete,Custom Mega,Species-specific Mega Stone; only if this design is approved,REVIEW,PENDING,
R0282,160,158,#0158 Totodile → #0159 Croconaw → #0160 Feraligatr,PR-0160,Feraligatr,Platinum Redux Feraligatr,Platinum Redux 2.9.3 TC6,Platinum Redux — changed-type variants,Alternate Form,Water,Dark,Normal + shiny front/back converted from NDS,Standalone Delta candidate,"Delta Stone candidate, unless a lore/location method fits better",REVIEW,PENDING,
R0283,160,158,#0158 Totodile → #0159 Croconaw → #0160 Feraligatr,CPF-0090,Feraligatr,Feraligatr — Alternate (Form 1),Reborn / Plates of Arceus,01 Reborn - Alternate & Type Forms,Alternate Form,Water,,4-view complete,Delta family candidate,Obtain the earliest Delta stage; evolve through the matching Delta line,REVIEW,PENDING,
R0284,162,161,#0161 Sentret → #0162 Furret,PR-0162,Furret,Platinum Redux Furret,Platinum Redux 2.9.3 TC6,Platinum Redux — changed-type variants,Alternate Form,Normal,Fire,Normal + shiny front/back converted from NDS,Standalone Delta candidate,"Delta Stone candidate, unless a lore/location method fits better",REVIEW,PENDING,
R0285,163,163,#0163 Hoothoot → #0164 Noctowl,CPF-0091,Hoothoot,Hoothoot — Alternate (Form 1),Reborn / Plates of Arceus,01 Reborn - Alternate & Type Forms,Alternate Form,Psychic,Flying,4-view complete,Delta family candidate,Obtain the earliest Delta stage; evolve through the matching Delta line,REVIEW,PENDING,
R0286,164,163,#0163 Hoothoot → #0164 Noctowl,PR-0164,Noctowl,Platinum Redux Noctowl,Platinum Redux 2.9.3 TC6,Platinum Redux — changed-type variants,Alternate Form,Ghost,Flying,Normal + shiny front/back converted from NDS,Standalone Delta candidate,"Delta Stone candidate, unless a lore/location method fits better",REVIEW,PENDING,
R0287,164,163,#0163 Hoothoot → #0164 Noctowl,CPF-0092,Noctowl,Noctowl — Alternate (Form 1),Reborn / Plates of Arceus,01 Reborn - Alternate & Type Forms,Alternate Form,Psychic,Flying,4-view complete,Delta family candidate,Obtain the earliest Delta stage; evolve through the matching Delta line,REVIEW,PENDING,
R0288,165,165,#0165 Ledyba → #0166 Ledian,CPF-0093,Ledyba,Ledyba — Alternate (Form 1),Reborn / Plates of Arceus,01 Reborn - Alternate & Type Forms,Alternate Form,Bug,Fighting,4-view complete,Delta family candidate,Obtain the earliest Delta stage; evolve through the matching Delta line,REVIEW,PENDING,
R0289,166,165,#0165 Ledyba → #0166 Ledian,PR-0166,Ledian,Platinum Redux Ledian,Platinum Redux 2.9.3 TC6,Platinum Redux — changed-type variants,Alternate Form,Bug,Fighting,Normal + shiny front/back converted from NDS,Standalone Delta candidate,"Delta Stone candidate, unless a lore/location method fits better",REVIEW,PENDING,
R0290,166,165,#0165 Ledyba → #0166 Ledian,CPF-0094,Ledian,Ledian — Alternate (Form 1),Reborn / Plates of Arceus,01 Reborn - Alternate & Type Forms,Alternate Form,Bug,Fighting,4-view complete,Delta family candidate,Obtain the earliest Delta stage; evolve through the matching Delta line,REVIEW,PENDING,
R0291,168,167,#0167 Spinarak → #0168 Ariados,PR-0168,Ariados,Platinum Redux Ariados,Platinum Redux 2.9.3 TC6,Platinum Redux — changed-type variants,Alternate Form,Bug,Ghost,Normal + shiny front/back converted from NDS,Standalone Delta candidate,"Delta Stone candidate, unless a lore/location method fits better",REVIEW,PENDING,
R0292,171,170,#0170 Chinchou → #0171 Lanturn,ER-1546,Lanturn,Lanturn Mega,Elite Redux,04 Elite Redux - Standard Megas,Mega,Water,Electric,4-view complete,Custom Mega,Species-specific Mega Stone; only if this design is approved,REVIEW,PENDING,
R0293,468,175,#0175 Togepi → #0176 Togetic → #0468 Togekiss,PR-0468,Togekiss,Platinum Redux Togekiss,Platinum Redux 2.9.3 TC6,Platinum Redux — changed-type variants,Alternate Form,Psychic,Flying,Normal + shiny front/back converted from NDS,Standalone Delta candidate,"Delta Stone candidate, unless a lore/location method fits better",REVIEW,PENDING,
R0294,177,177,#0177 Natu → #0178 Xatu,CPF-0095,Natu,Natu — Alternate (Form 1),Reborn / Plates of Arceus,01 Reborn - Alternate & Type Forms,Alternate Form,Ghost,Flying,4-view complete,Delta family candidate,Obtain the earliest Delta stage; evolve through the matching Delta line,REVIEW,PENDING,
R0295,178,177,#0177 Natu → #0178 Xatu,CPF-0096,Xatu,Xatu — Alternate (Form 1),Reborn / Plates of Arceus,01 Reborn - Alternate & Type Forms,Alternate Form,Ghost,Flying,4-view complete,Delta family candidate,Obtain the earliest Delta stage; evolve through the matching Delta line,REVIEW,PENDING,
R0296,180,179,#0179 Mareep → #0180 Flaaffy → #0181 Ampharos,CPF-0097,Flaaffy,Flaaffy — Alternate (Form 2),Reborn / Plates of Arceus,01 Reborn - Alternate & Type Forms,Alternate Form,Electric,,4-view complete,Delta family candidate,Obtain the earliest Delta stage; evolve through the matching Delta line,REVIEW,PENDING,
R0297,181,179,#0179 Mareep → #0180 Flaaffy → #0181 Ampharos,PR-0181,Ampharos,Platinum Redux Ampharos,Platinum Redux 2.9.3 TC6,Platinum Redux — changed-type variants,Alternate Form,Electric,Dragon,Normal + shiny front/back converted from NDS,Standalone Delta candidate,"Delta Stone candidate, unless a lore/location method fits better",REVIEW,PENDING,
R0298,181,179,#0179 Mareep → #0180 Flaaffy → #0181 Ampharos,CPF-0098,Ampharos,Ampharos — Alternate (Form 2),Reborn / Plates of Arceus,01 Reborn - Alternate & Type Forms,Alternate Form,Electric,Dragon,4-view complete,Delta family candidate,Obtain the earliest Delta stage; evolve through the matching Delta line,REVIEW,PENDING,
R0299,181,179,#0179 Mareep → #0180 Flaaffy → #0181 Ampharos,CPF-0099,Ampharos,Ampharos — Alternate Mega (Form 3),Reborn / Plates of Arceus,02 Reborn - Explicit Megas,Mega,Electric,Dragon,4-view complete,Custom Mega,Species-specific Mega Stone; only if this design is approved,REVIEW,PENDING,
R0300,298,183,#0298 Azurill → #0183 Marill → #0184 Azumarill,PR-0298,Azurill,Platinum Redux Azurill,Platinum Redux 2.9.3 TC6,Platinum Redux — changed-type variants,Alternate Form,Ghost,Ground,Normal + shiny front/back converted from NDS,Delta family candidate,Obtain the earliest Delta stage; evolve through the matching Delta line,REVIEW,PENDING,
R0301,184,183,#0298 Azurill → #0183 Marill → #0184 Azumarill,PR-0184,Azumarill,Platinum Redux Azumarill,Platinum Redux 2.9.3 TC6,Platinum Redux — changed-type variants,Alternate Form,Water,Normal,Normal + shiny front/back converted from NDS,Delta family candidate,Obtain the earliest Delta stage; evolve through the matching Delta line,REVIEW,PENDING,
R0302,438,185,#0438 Bonsly → #0185 Sudowoodo,PR-0438,Bonsly,Platinum Redux Bonsly,Platinum Redux 2.9.3 TC6,Platinum Redux — changed-type variants,Alternate Form,Fire,Ghost,Normal + shiny front/back converted from NDS,Delta family candidate,Obtain the earliest Delta stage; evolve through the matching Delta line,REVIEW,PENDING,
R0303,185,185,#0438 Bonsly → #0185 Sudowoodo,PR-0185,Sudowoodo,Platinum Redux Sudowoodo,Platinum Redux 2.9.3 TC6,Platinum Redux — changed-type variants,Alternate Form,Rock,Grass,Normal + shiny front/back converted from NDS,Delta family candidate,Obtain the earliest Delta stage; evolve through the matching Delta line,REVIEW,PENDING,
R0304,190,190,#0190 Aipom → #0424 Ambipom,PR-0190,Aipom,Platinum Redux Aipom,Platinum Redux 2.9.3 TC6,Platinum Redux — changed-type variants,Alternate Form,Rock,,Normal + shiny front/back converted from NDS,Delta family candidate,Obtain the earliest Delta stage; evolve through the matching Delta line,REVIEW,PENDING,
R0305,424,190,#0190 Aipom → #0424 Ambipom,PR-0424,Ambipom,Platinum Redux Ambipom,Platinum Redux 2.9.3 TC6,Platinum Redux — changed-type variants,Alternate Form,Rock,Dark,Normal + shiny front/back converted from NDS,Delta family candidate,Obtain the earliest Delta stage; evolve through the matching Delta line,REVIEW,PENDING,
R0306,192,191,#0191 Sunkern → #0192 Sunflora,PR-0192,Sunflora,Platinum Redux Sunflora,Platinum Redux 2.9.3 TC6,Platinum Redux — changed-type variants,Alternate Form,Grass,Fire,Normal + shiny front/back converted from NDS,Standalone Delta candidate,"Delta Stone candidate, unless a lore/location method fits better",REVIEW,PENDING,
R0307,192,191,#0191 Sunkern → #0192 Sunflora,CPF-0101,Sunflora,Sunflora — Alternate (Form 1),Reborn / Plates of Arceus,01 Reborn - Alternate & Type Forms,Alternate Form,Grass,Fire,4-view complete,Standalone Delta candidate,"Delta Stone candidate, unless a lore/location method fits better",REVIEW,PENDING,
R0308,192,191,#0191 Sunkern → #0192 Sunflora,CPF-0102,Sunflora,Sunflora — Alternate (Form 2),Reborn / Plates of Arceus,01 Reborn - Alternate & Type Forms,Alternate Form,Grass,Water,4-view complete,Standalone Delta candidate,"Delta Stone candidate, unless a lore/location method fits better",REVIEW,PENDING,
R0309,193,193,#0193 Yanma → #0469 Yanmega,CPF-0103,Yanma,Yanma — Alternate (Form 1),Reborn / Plates of Arceus,01 Reborn - Alternate & Type Forms,Alternate Form,Bug,Ground,4-view complete,Delta family candidate,Obtain the earliest Delta stage; evolve through the matching Delta line,REVIEW,PENDING,
R0310,469,193,#0193 Yanma → #0469 Yanmega,BP-MEGA-021,Yanmega,Mega Yanmega,Banished Platinum / Original Megas,07 Banished Platinum - Original Megas,Mega,Bug,Dragon,Front + back only,Custom Mega,Species-specific Mega Stone; only if this design is approved,REVIEW,PENDING,
R0311,469,193,#0193 Yanma → #0469 Yanmega,CPF-0104,Yanmega,Yanmega — Alternate (Form 1),Reborn / Plates of Arceus,01 Reborn - Alternate & Type Forms,Alternate Form,Bug,Ground,4-view complete,Custom Mega,Species-specific Mega Stone; only if this design is approved,REVIEW,PENDING,
R0312,194,194,#0194 Wooper → #0195 Quagsire,CPF-0105,Wooper,Wooper — Alternate (Form 1),Reborn / Plates of Arceus,01 Reborn - Alternate & Type Forms,Alternate Form,Water,Ground,4-view complete,Delta family candidate,Obtain the earliest Delta stage; evolve through the matching Delta line,REVIEW,PENDING,
R0313,195,194,#0194 Wooper → #0195 Quagsire,ER-1533,Quagsire,Quagsire Mega,Elite Redux,04 Elite Redux - Standard Megas,Mega,Water,Ground,4-view complete,Custom Mega,Species-specific Mega Stone; only if this design is approved,REVIEW,PENDING,
R0314,195,194,#0194 Wooper → #0195 Quagsire,CPF-0106,Quagsire,Quagsire — Alternate (Form 1),Reborn / Plates of Arceus,01 Reborn - Alternate & Type Forms,Alternate Form,Water,Ground,4-view complete,Delta family candidate,Obtain the earliest Delta stage; evolve through the matching Delta line,REVIEW,PENDING,
R0315,430,198,#0198 Murkrow → #0430 Honchkrow,BP-MEGA-006,Honchkrow,Mega Honchkrow,Banished Platinum / Original Megas,07 Banished Platinum - Original Megas,Mega,,,Front + back only,Custom Mega,Species-specific Mega Stone; only if this design is approved,REVIEW,PENDING,
R0316,200,200,#0200 Misdreavus → #0429 Mismagius,CPF-0108,Misdreavus,Misdreavus — Alternate (Form 2),Reborn / Plates of Arceus,01 Reborn - Alternate & Type Forms,Alternate Form,Ghost,Psychic,4-view complete,Delta family candidate,Obtain the earliest Delta stage; evolve through the matching Delta line,REVIEW,PENDING,
R0317,429,200,#0200 Misdreavus → #0429 Mismagius,PR-0429,Mismagius,Platinum Redux Mismagius,Platinum Redux 2.9.3 TC6,Platinum Redux — changed-type variants,Alternate Form,Ghost,Dark,Normal + shiny front/back converted from NDS,Standalone Delta candidate,"Delta Stone candidate, unless a lore/location method fits better",REVIEW,PENDING,
R0318,429,200,#0200 Misdreavus → #0429 Mismagius,CPF-0109,Mismagius,Mismagius — Alternate (Form 2),Reborn / Plates of Arceus,01 Reborn - Alternate & Type Forms,Alternate Form,Ghost,Psychic,4-view complete,Delta family candidate,Obtain the earliest Delta stage; evolve through the matching Delta line,REVIEW,PENDING,
R0319,360,202,#0360 Wynaut → #0202 Wobbuffet,PR-0360,Wynaut,Platinum Redux Wynaut,Platinum Redux 2.9.3 TC6,Platinum Redux — changed-type variants,Alternate Form,Water,Ghost,Normal + shiny front/back converted from NDS,Delta family candidate,Obtain the earliest Delta stage; evolve through the matching Delta line,REVIEW,PENDING,
R0320,202,202,#0360 Wynaut → #0202 Wobbuffet,PR-0202,Wobbuffet,Platinum Redux Wobbuffet,Platinum Redux 2.9.3 TC6,Platinum Redux — changed-type variants,Alternate Form,Ghost,Grass,Normal + shiny front/back converted from NDS,Delta family candidate,Obtain the earliest Delta stage; evolve through the matching Delta line,REVIEW,PENDING,
R0321,203,203,#0203 Girafarig → #0981 Farigiraf,CPF-0110,Girafarig,Girafarig — BlueTowel Alternate form (Form 1),Reborn / Plates of Arceus,01 Reborn - Alternate & Type Forms,Alternate Form,Psychic,Normal,4-view complete,Standalone Delta candidate,"Delta Stone candidate, unless a lore/location method fits better",REVIEW,PENDING,
R0322,206,206,#0206 Dunsparce → #0982 Dudunsparce,PR-0206,Dunsparce,Platinum Redux Dunsparce,Platinum Redux 2.9.3 TC6,Platinum Redux — changed-type variants,Alternate Form,Poison,Ground,Normal + shiny front/back converted from NDS,Standalone Delta candidate,"Delta Stone candidate, unless a lore/location method fits better",REVIEW,PENDING,
R0323,206,206,#0206 Dunsparce → #0982 Dudunsparce,CPF-0116,Dunsparce,Dunsparce — BT Alt Forms - Draco (Form 6),Reborn / Plates of Arceus,01 Reborn - Alternate & Type Forms,Alternate Form,Normal,Dragon,4-view complete,Standalone Delta candidate,"Delta Stone candidate, unless a lore/location method fits better",REVIEW,PENDING,
R0324,206,206,#0206 Dunsparce → #0982 Dudunsparce,CPF-0112,Dunsparce,Dunsparce — BT Alt Forms - Earth (Form 2),Reborn / Plates of Arceus,01 Reborn - Alternate & Type Forms,Alternate Form,Normal,Ground,4-view complete,Standalone Delta candidate,"Delta Stone candidate, unless a lore/location method fits better",REVIEW,PENDING,
R0325,206,206,#0206 Dunsparce → #0982 Dudunsparce,CPF-0114,Dunsparce,Dunsparce — BT Alt Forms - Insect (Form 4),Reborn / Plates of Arceus,01 Reborn - Alternate & Type Forms,Alternate Form,Normal,Bug,4-view complete,Standalone Delta candidate,"Delta Stone candidate, unless a lore/location method fits better",REVIEW,PENDING,
R0326,206,206,#0206 Dunsparce → #0982 Dudunsparce,CPF-0113,Dunsparce,Dunsparce — BT Alt Forms - Sky (Form 3),Reborn / Plates of Arceus,01 Reborn - Alternate & Type Forms,Alternate Form,Normal,Flying,4-view complete,Standalone Delta candidate,"Delta Stone candidate, unless a lore/location method fits better",REVIEW,PENDING,
R0327,206,206,#0206 Dunsparce → #0982 Dudunsparce,CPF-0115,Dunsparce,Dunsparce — BT Alt Forms - Spooky (Form 5),Reborn / Plates of Arceus,01 Reborn - Alternate & Type Forms,Alternate Form,Normal,Ghost,4-view complete,Standalone Delta candidate,"Delta Stone candidate, unless a lore/location method fits better",REVIEW,PENDING,
R0328,206,206,#0206 Dunsparce → #0982 Dudunsparce,CPF-0111,Dunsparce,Dunsparce — BT Alt Forms - Toxic (Form 1),Reborn / Plates of Arceus,01 Reborn - Alternate & Type Forms,Alternate Form,Normal,Poison,4-view complete,Standalone Delta candidate,"Delta Stone candidate, unless a lore/location method fits better",REVIEW,PENDING,
R0329,207,207,#0207 Gligar → #0472 Gliscor,ER-1828,Gligar,Gligar Redux,Elite Redux,05 Elite Redux - Redux Forms,Redux Form,Poison,Fire,4-view complete,Delta family candidate,Obtain the earliest Delta stage; evolve through the matching Delta line,REVIEW,PENDING,
R0330,207,207,#0207 Gligar → #0472 Gliscor,CPF-0230,Gligar,Gligar — Alternate (Form 1),Reborn / Plates of Arceus,01 Reborn - Alternate & Type Forms,Alternate Form,Ground,Poison,4-view complete,Delta family candidate,Obtain the earliest Delta stage; evolve through the matching Delta line,REVIEW,PENDING,
R0331,472,207,#0207 Gligar → #0472 Gliscor,ER-1829,Gliscor,Gliscor Redux,Elite Redux,05 Elite Redux - Redux Forms,Redux Form,Poison,Fire,4-view complete,Delta family candidate,Obtain the earliest Delta stage; evolve through the matching Delta line,REVIEW,PENDING,
R0332,472,207,#0207 Gligar → #0472 Gliscor,CPF-0231,Gliscor,Gliscor — Alternate (Form 1),Reborn / Plates of Arceus,01 Reborn - Alternate & Type Forms,Alternate Form,Ground,Poison,4-view complete,Delta family candidate,Obtain the earliest Delta stage; evolve through the matching Delta line,REVIEW,PENDING,
R0333,209,209,#0209 Snubbull → #0210 Granbull,PR-0209,Snubbull,Platinum Redux Snubbull,Platinum Redux 2.9.3 TC6,Platinum Redux — changed-type variants,Alternate Form,Rock,,Normal + shiny front/back converted from NDS,Delta family candidate,Obtain the earliest Delta stage; evolve through the matching Delta line,REVIEW,PENDING,
R0334,209,209,#0209 Snubbull → #0210 Granbull,CPF-0119,Snubbull,Snubbull — Alternate (Form 1),Reborn / Plates of Arceus,01 Reborn - Alternate & Type Forms,Alternate Form,Fairy,Dark,4-view complete,Delta family candidate,Obtain the earliest Delta stage; evolve through the matching Delta line,REVIEW,PENDING,
R0335,210,209,#0209 Snubbull → #0210 Granbull,ER-1532,Granbull,Granbull Mega,Elite Redux,04 Elite Redux - Standard Megas,Mega,Fairy,Ground,4-view complete,Custom Mega,Species-specific Mega Stone; only if this design is approved,REVIEW,PENDING,
R0336,210,209,#0209 Snubbull → #0210 Granbull,PR-0210,Granbull,Platinum Redux Granbull,Platinum Redux 2.9.3 TC6,Platinum Redux — changed-type variants,Alternate Form,Rock,Fire,Normal + shiny front/back converted from NDS,Delta family candidate,Obtain the earliest Delta stage; evolve through the matching Delta line,REVIEW,PENDING,
R0337,210,209,#0209 Snubbull → #0210 Granbull,CPF-0120,Granbull,Granbull — Alternate (Form 1),Reborn / Plates of Arceus,01 Reborn - Alternate & Type Forms,Alternate Form,Fairy,Dark,4-view complete,Delta family candidate,Obtain the earliest Delta stage; evolve through the matching Delta line,REVIEW,PENDING,
R0338,211,211,#0211 Qwilfish,PR-0211,Qwilfish,Platinum Redux Qwilfish,Platinum Redux 2.9.3 TC6,Platinum Redux — changed-type variants,Alternate Form,Flying,Dragon,Normal + shiny front/back converted from NDS,Standalone Delta candidate,"Delta Stone candidate, unless a lore/location method fits better",REVIEW,PENDING,
R0339,213,213,#0213 Shuckle,ER-1524,Shuckle,Shuckle Mega,Elite Redux,04 Elite Redux - Standard Megas,Mega,Bug,Rock,4-view complete,Custom Mega,Species-specific Mega Stone; only if this design is approved,REVIEW,PENDING,
R0340,213,213,#0213 Shuckle,PR-0213,Shuckle,Platinum Redux Shuckle,Platinum Redux 2.9.3 TC6,Platinum Redux — changed-type variants,Alternate Form,Rock,Poison,Normal + shiny front/back converted from NDS,Standalone Delta candidate,"Delta Stone candidate, unless a lore/location method fits better",REVIEW,PENDING,
R0341,215,215,#0215 Sneasel → #0461 Weavile,CPF-0122,Sneasel,Sneasel — Alternate (Form 1),Reborn / Plates of Arceus,01 Reborn - Alternate & Type Forms,Alternate Form,Dark,Ice,4-view complete,Delta family candidate,Obtain the earliest Delta stage; evolve through the matching Delta line,REVIEW,PENDING,
R0342,215,215,#0215 Sneasel → #0461 Weavile,CPF-0123,Sneasel,Sneasel — Alternate (Form 2),Reborn / Plates of Arceus,01 Reborn - Alternate & Type Forms,Alternate Form,Dark,Fighting,4-view complete,Standalone Delta candidate,"Delta Stone candidate, unless a lore/location method fits better",REVIEW,PENDING,
R0343,461,215,#0215 Sneasel → #0461 Weavile,BP-MEGA-020,Weavile,Mega Weavile,Banished Platinum / Original Megas,07 Banished Platinum - Original Megas,Mega,,,Front + back only,Custom Mega,Species-specific Mega Stone; only if this design is approved,REVIEW,PENDING,
R0344,461,215,#0215 Sneasel → #0461 Weavile,ER-1789,Weavile,Weavile Redux,Elite Redux,05 Elite Redux - Redux Forms,Redux Form,Ground,Dark,4-view complete,Standalone Delta candidate,"Delta Stone candidate, unless a lore/location method fits better",REVIEW,PENDING,
R0345,461,215,#0215 Sneasel → #0461 Weavile,ER-1615,Weavile,Weavile Mega,Elite Redux,04 Elite Redux - Standard Megas,Mega,Dark,Ice,4-view complete,Custom Mega,Species-specific Mega Stone; only if this design is approved,REVIEW,PENDING,
R0346,461,215,#0215 Sneasel → #0461 Weavile,ER-1790,Weavile,Weavile Redux Mega,Elite Redux,06 Elite Redux - Redux Megas,Mega,Ground,Dark,4-view complete,Mega Delta,Mega Evolution of the corresponding Delta form,REVIEW,PENDING,
R0347,461,215,#0215 Sneasel → #0461 Weavile,CPF-0124,Weavile,Weavile — Alternate (Form 1),Reborn / Plates of Arceus,01 Reborn - Alternate & Type Forms,Alternate Form,Poison,Ice,4-view complete,Delta family candidate,Obtain the earliest Delta stage; evolve through the matching Delta line,REVIEW,PENDING,
R0348,217,216,#0216 Teddiursa → #0217 Ursaring → #0901 Ursaluna,PR-0217,Ursaring,Platinum Redux Ursaring,Platinum Redux 2.9.3 TC6,Platinum Redux — changed-type variants,Alternate Form,Normal,Fighting,Normal + shiny front/back converted from NDS,Standalone Delta candidate,"Delta Stone candidate, unless a lore/location method fits better",REVIEW,PENDING,
R0349,901,216,#0216 Teddiursa → #0217 Ursaring → #0901 Ursaluna,ER-1772,Ursaluna,Ursaluna Mega,Elite Redux,04 Elite Redux - Standard Megas,Mega,Ground,Normal,4-view complete,Custom Mega,Species-specific Mega Stone; only if this design is approved,REVIEW,PENDING,
R0350,218,218,#0218 Slugma → #0219 Magcargo,ER-1734,Slugma,Slugma Redux,Elite Redux,05 Elite Redux - Redux Forms,Redux Form,Grass,,4-view complete,Delta family candidate,Obtain the earliest Delta stage; evolve through the matching Delta line,REVIEW,PENDING,
R0351,219,218,#0218 Slugma → #0219 Magcargo,ER-1735,Magcargo,Magcargo Redux,Elite Redux,05 Elite Redux - Redux Forms,Redux Form,Grass,Rock,4-view complete,Delta family candidate,Obtain the earliest Delta stage; evolve through the matching Delta line,REVIEW,PENDING,
R0352,220,220,#0220 Swinub → #0221 Piloswine → #0473 Mamoswine,ER-1685,Swinub,Swinub Redux,Elite Redux,05 Elite Redux - Redux Forms,Redux Form,Ground,Grass,4-view complete,Delta family candidate,Obtain the earliest Delta stage; evolve through the matching Delta line,REVIEW,PENDING,
R0353,221,220,#0220 Swinub → #0221 Piloswine → #0473 Mamoswine,ER-1686,Piloswine,Piloswine Redux,Elite Redux,05 Elite Redux - Redux Forms,Redux Form,Ground,Grass,4-view complete,Delta family candidate,Obtain the earliest Delta stage; evolve through the matching Delta line,REVIEW,PENDING,
R0354,473,220,#0220 Swinub → #0221 Piloswine → #0473 Mamoswine,BP-MEGA-010,Mamoswine,Mega Mamoswine,Banished Platinum / Original Megas,07 Banished Platinum - Original Megas,Mega,Ghost,Ground,Front + back only,Custom Mega,Species-specific Mega Stone; only if this design is approved,REVIEW,PENDING,
R0355,473,220,#0220 Swinub → #0221 Piloswine → #0473 Mamoswine,ER-1687,Mamoswine,Mamoswine Redux,Elite Redux,05 Elite Redux - Redux Forms,Redux Form,Ground,Grass,4-view complete,Delta family candidate,Obtain the earliest Delta stage; evolve through the matching Delta line,REVIEW,PENDING,
R0356,473,220,#0220 Swinub → #0221 Piloswine → #0473 Mamoswine,ER-1688,Mamoswine,Mamoswine Mega,Elite Redux,06 Elite Redux - Redux Megas,Mega,Ground,Grass,4-view complete,Custom Mega,Species-specific Mega Stone; only if this design is approved,REVIEW,PENDING,
R0357,222,222,#0222 Corsola,PR-0222,Corsola,Platinum Redux Corsola,Platinum Redux 2.9.3 TC6,Platinum Redux — changed-type variants,Alternate Form,Ground,,Normal + shiny front/back converted from NDS,Standalone Delta candidate,"Delta Stone candidate, unless a lore/location method fits better",REVIEW,PENDING,
R0358,222,222,#0222 Corsola,CPF-0121,Corsola,Corsola — Alternate (Form 1),Reborn / Plates of Arceus,01 Reborn - Alternate & Type Forms,Alternate Form,Ghost,,4-view complete,Standalone Delta candidate,"Delta Stone candidate, unless a lore/location method fits better",REVIEW,PENDING,
R0359,458,223,#0458 Mantyke → #0223 Remoraid → #0226 Mantine → #0224 Octillery,PR-0458,Mantyke,Platinum Redux Mantyke,Platinum Redux 2.9.3 TC6,Platinum Redux — changed-type variants,Alternate Form,Flying,Dragon,Normal + shiny front/back converted from NDS,Delta family candidate,Obtain the earliest Delta stage; evolve through the matching Delta line,REVIEW,PENDING,
R0360,223,223,#0458 Mantyke → #0223 Remoraid → #0226 Mantine → #0224 Octillery,CPF-0125,Remoraid,Remoraid — Alternate (Form 1),Reborn / Plates of Arceus,01 Reborn - Alternate & Type Forms,Alternate Form,Water,Poison,4-view complete,Delta family candidate,Obtain the earliest Delta stage; evolve through the matching Delta line,REVIEW,PENDING,
R0361,226,223,#0458 Mantyke → #0223 Remoraid → #0226 Mantine → #0224 Octillery,PR-0226,Mantine,Platinum Redux Mantine,Platinum Redux 2.9.3 TC6,Platinum Redux — changed-type variants,Alternate Form,Poison,,Normal + shiny front/back converted from NDS,Delta family candidate,Obtain the earliest Delta stage; evolve through the matching Delta line,REVIEW,PENDING,
R0362,224,223,#0458 Mantyke → #0223 Remoraid → #0226 Mantine → #0224 Octillery,PR-0224,Octillery,Platinum Redux Octillery,Platinum Redux 2.9.3 TC6,Platinum Redux — changed-type variants,Alternate Form,Water,Steel,Normal + shiny front/back converted from NDS,Delta family candidate,Obtain the earliest Delta stage; evolve through the matching Delta line,REVIEW,PENDING,
R0363,224,223,#0458 Mantyke → #0223 Remoraid → #0226 Mantine → #0224 Octillery,CPF-0126,Octillery,Octillery — Alternate (Form 1),Reborn / Plates of Arceus,01 Reborn - Alternate & Type Forms,Alternate Form,Water,Poison,4-view complete,Delta family candidate,Obtain the earliest Delta stage; evolve through the matching Delta line,REVIEW,PENDING,
R0364,227,227,#0227 Skarmory,ER-1747,Skarmory,Skarmory Redux,Elite Redux,05 Elite Redux - Redux Forms,Redux Form,Steel,Fire,4-view complete,Standalone Delta candidate,"Delta Stone candidate, unless a lore/location method fits better",REVIEW,PENDING,
R0365,227,227,#0227 Skarmory,ER-1520,Skarmory,Skarmory Mega X,Elite Redux,04 Elite Redux - Standard Megas,Mega,Steel,Flying,4-view complete,Custom Mega,Species-specific Mega Stone; only if this design is approved,REVIEW,PENDING,
R0366,227,227,#0227 Skarmory,ER-1506,Skarmory,Skarmory Mega Y,Elite Redux,04 Elite Redux - Standard Megas,Mega,Steel,Flying,4-view complete,Custom Mega,Species-specific Mega Stone; only if this design is approved,REVIEW,PENDING,
R0367,228,228,#0228 Houndour → #0229 Houndoom,ER-1763,Houndour,Houndour Redux,Elite Redux,05 Elite Redux - Redux Forms,Redux Form,Ghost,,4-view complete,Delta family candidate,Obtain the earliest Delta stage; evolve through the matching Delta line,REVIEW,PENDING,
R0368,229,228,#0228 Houndour → #0229 Houndoom,ER-1764,Houndoom,Houndoom Redux,Elite Redux,05 Elite Redux - Redux Forms,Redux Form,Ghost,,4-view complete,Delta family candidate,Obtain the earliest Delta stage; evolve through the matching Delta line,REVIEW,PENDING,
R0369,229,228,#0228 Houndour → #0229 Houndoom,ER-1558,Houndoom,Houndoom Mega Redux,Elite Redux,06 Elite Redux - Redux Megas,Mega,Ghost,,4-view complete,Mega Delta,Mega Evolution of the corresponding Delta form,REVIEW,PENDING,
R0370,231,231,#0231 Phanpy → #0232 Donphan,CPF-0127,Phanpy,Phanpy — Alternate (Form 1),Reborn / Plates of Arceus,01 Reborn - Alternate & Type Forms,Alternate Form,Ground,Electric,4-view complete,Delta family candidate,Obtain the earliest Delta stage; evolve through the matching Delta line,REVIEW,PENDING,
R0371,232,231,#0231 Phanpy → #0232 Donphan,PR-0232,Donphan,Platinum Redux Donphan,Platinum Redux 2.9.3 TC6,Platinum Redux — changed-type variants,Alternate Form,Ground,Fighting,Normal + shiny front/back converted from NDS,Standalone Delta candidate,"Delta Stone candidate, unless a lore/location method fits better",REVIEW,PENDING,
R0372,232,231,#0231 Phanpy → #0232 Donphan,CPF-0128,Donphan,Donphan — Alternate (Form 1),Reborn / Plates of Arceus,01 Reborn - Alternate & Type Forms,Alternate Form,Ground,Electric,4-view complete,Delta family candidate,Obtain the earliest Delta stage; evolve through the matching Delta line,REVIEW,PENDING,
R0373,234,234,#0234 Stantler → #0899 Wyrdeer,PR-0234,Stantler,Platinum Redux Stantler,Platinum Redux 2.9.3 TC6,Platinum Redux — changed-type variants,Alternate Form,Normal,Grass,Normal + shiny front/back converted from NDS,Standalone Delta candidate,"Delta Stone candidate, unless a lore/location method fits better",REVIEW,PENDING,
R0374,235,235,#0235 Smeargle,PR-0235,Smeargle,Platinum Redux Smeargle,Platinum Redux 2.9.3 TC6,Platinum Redux — changed-type variants,Alternate Form,Bug,Rock,Normal + shiny front/back converted from NDS,Standalone Delta candidate,"Delta Stone candidate, unless a lore/location method fits better",REVIEW,PENDING,
R0375,241,241,#0241 Miltank,PR-0241,Miltank,Platinum Redux Miltank,Platinum Redux 2.9.3 TC6,Platinum Redux — changed-type variants,Alternate Form,Normal,Grass,Normal + shiny front/back converted from NDS,Standalone Delta candidate,"Delta Stone candidate, unless a lore/location method fits better",REVIEW,PENDING,
R0376,243,243,#0243 Raikou,PR-0243,Raikou,Platinum Redux Raikou,Platinum Redux 2.9.3 TC6,Platinum Redux — changed-type variants,Alternate Form,Electric,Psychic,Normal + shiny front/back converted from NDS,Standalone Delta candidate,"Delta Stone candidate, unless a lore/location method fits better",REVIEW,PENDING,
R0377,244,244,#0244 Entei,PR-0244,Entei,Platinum Redux Entei,Platinum Redux 2.9.3 TC6,Platinum Redux — changed-type variants,Alternate Form,Fire,Ghost,Normal + shiny front/back converted from NDS,Standalone Delta candidate,"Delta Stone candidate, unless a lore/location method fits better",REVIEW,PENDING,
R0378,245,245,#0245 Suicune,PR-0245,Suicune,Platinum Redux Suicune,Platinum Redux 2.9.3 TC6,Platinum Redux — changed-type variants,Alternate Form,Water,Ice,Normal + shiny front/back converted from NDS,Standalone Delta candidate,"Delta Stone candidate, unless a lore/location method fits better",REVIEW,PENDING,
R0379,246,246,#0246 Larvitar → #0247 Pupitar → #0248 Tyranitar,ER-1768,Larvitar,Larvitar Redux,Elite Redux,05 Elite Redux - Redux Forms,Redux Form,Rock,Fire,4-view complete,Delta family candidate,Obtain the earliest Delta stage; evolve through the matching Delta line,REVIEW,PENDING,
R0380,246,246,#0246 Larvitar → #0247 Pupitar → #0248 Tyranitar,CPF-0131,Larvitar,Larvitar — Ice (Form 2),Reborn / Plates of Arceus,01 Reborn - Alternate & Type Forms,Alternate Form,Ice,Ground,4-view complete,Delta family candidate,Obtain the earliest Delta stage; evolve through the matching Delta line,REVIEW,PENDING,
R0381,246,246,#0246 Larvitar → #0247 Pupitar → #0248 Tyranitar,CPF-0132,Larvitar,Larvitar — Space (Form 4),Reborn / Plates of Arceus,01 Reborn - Alternate & Type Forms,Alternate Form,Rock,Dragon,4-view complete,Delta family candidate,Obtain the earliest Delta stage; evolve through the matching Delta line,REVIEW,PENDING,
R0382,247,246,#0246 Larvitar → #0247 Pupitar → #0248 Tyranitar,ER-1769,Pupitar,Pupitar Redux,Elite Redux,05 Elite Redux - Redux Forms,Redux Form,Rock,Fire,4-view complete,Delta family candidate,Obtain the earliest Delta stage; evolve through the matching Delta line,REVIEW,PENDING,
R0383,247,246,#0246 Larvitar → #0247 Pupitar → #0248 Tyranitar,CPF-0133,Pupitar,Pupitar — Ice (Form 2),Reborn / Plates of Arceus,01 Reborn - Alternate & Type Forms,Alternate Form,Ice,Ground,4-view complete,Delta family candidate,Obtain the earliest Delta stage; evolve through the matching Delta line,REVIEW,PENDING,
R0384,247,246,#0246 Larvitar → #0247 Pupitar → #0248 Tyranitar,CPF-0134,Pupitar,Pupitar — Space (Form 4),Reborn / Plates of Arceus,01 Reborn - Alternate & Type Forms,Alternate Form,Rock,Dragon,4-view complete,Delta family candidate,Obtain the earliest Delta stage; evolve through the matching Delta line,REVIEW,PENDING,
R0385,248,246,#0246 Larvitar → #0247 Pupitar → #0248 Tyranitar,ER-1770,Tyranitar,Tyranitar Redux,Elite Redux,05 Elite Redux - Redux Forms,Redux Form,Rock,Fire,4-view complete,Delta family candidate,Obtain the earliest Delta stage; evolve through the matching Delta line,REVIEW,PENDING,
R0386,248,246,#0246 Larvitar → #0247 Pupitar → #0248 Tyranitar,ER-1771,Tyranitar,Tyranitar Mega Redux,Elite Redux,06 Elite Redux - Redux Megas,Mega,Rock,Fire,4-view complete,Mega Delta,Mega Evolution of the corresponding Delta form,REVIEW,PENDING,
R0387,248,246,#0246 Larvitar → #0247 Pupitar → #0248 Tyranitar,CPF-0135,Tyranitar,Tyranitar — Ice (Form 2),Reborn / Plates of Arceus,01 Reborn - Alternate & Type Forms,Alternate Form,Ice,Dark,4-view complete,Delta family candidate,Obtain the earliest Delta stage; evolve through the matching Delta line,REVIEW,PENDING,
R0388,248,246,#0246 Larvitar → #0247 Pupitar → #0248 Tyranitar,CPF-0137,Tyranitar,Tyranitar — Space (Form 4),Reborn / Plates of Arceus,01 Reborn - Alternate & Type Forms,Alternate Form,Rock,Dragon,4-view complete,Delta family candidate,Obtain the earliest Delta stage; evolve through the matching Delta line,REVIEW,PENDING,
R0389,248,246,#0246 Larvitar → #0247 Pupitar → #0248 Tyranitar,CPF-0136,Tyranitar,Tyranitar — Mega Ice (Form 3),Reborn / Plates of Arceus,02 Reborn - Explicit Megas,Mega,Ice,Dark,4-view complete,Custom Mega,Species-specific Mega Stone; only if this design is approved,REVIEW,PENDING,
R0390,249,249,#0249 Lugia,PR-0249,Lugia,Platinum Redux Lugia,Platinum Redux 2.9.3 TC6,Platinum Redux — changed-type variants,Alternate Form,Water,Flying,Normal + shiny front/back converted from NDS,Standalone Delta candidate,"Delta Stone candidate, unless a lore/location method fits better",REVIEW,PENDING,
R0391,251,251,#0251 Celebi,PR-0251,Celebi,Platinum Redux Celebi,Platinum Redux 2.9.3 TC6,Platinum Redux — changed-type variants,Alternate Form,Grass,Electric,Normal + shiny front/back converted from NDS,Standalone Delta candidate,"Delta Stone candidate, unless a lore/location method fits better",REVIEW,PENDING,
R0392,253,252,#0252 Treecko → #0253 Grovyle → #0254 Sceptile,CPF-0139,Grovyle,Grovyle — Alternate (Form 2),Reborn / Plates of Arceus,01 Reborn - Alternate & Type Forms,Alternate Form,Grass,Flying,4-view complete,Delta family candidate,Obtain the earliest Delta stage; evolve through the matching Delta line,REVIEW,PENDING,
R0393,254,252,#0252 Treecko → #0253 Grovyle → #0254 Sceptile,PR-0254,Sceptile,Platinum Redux Sceptile,Platinum Redux 2.9.3 TC6,Platinum Redux — changed-type variants,Alternate Form,Grass,Dragon,Normal + shiny front/back converted from NDS,Standalone Delta candidate,"Delta Stone candidate, unless a lore/location method fits better",REVIEW,PENDING,
R0394,254,252,#0252 Treecko → #0253 Grovyle → #0254 Sceptile,CPF-0140,Sceptile,Sceptile — Alternate (Form 2),Reborn / Plates of Arceus,01 Reborn - Alternate & Type Forms,Alternate Form,Grass,Flying,4-view complete,Delta family candidate,Obtain the earliest Delta stage; evolve through the matching Delta line,REVIEW,PENDING,
R0395,254,252,#0252 Treecko → #0253 Grovyle → #0254 Sceptile,CPF-0141,Sceptile,Sceptile — Alternate / Mega (Form 3),Reborn / Plates of Arceus,02 Reborn - Explicit Megas,Mega,Grass,Flying,4-view complete,Custom Mega,Species-specific Mega Stone; only if this design is approved,REVIEW,PENDING,
R0396,256,255,#0255 Torchic → #0256 Combusken → #0257 Blaziken,CPF-0142,Combusken,Combusken — Alternate (Form 2),Reborn / Plates of Arceus,01 Reborn - Alternate & Type Forms,Alternate Form,Fire,Electric,4-view complete,Delta family candidate,Obtain the earliest Delta stage; evolve through the matching Delta line,REVIEW,PENDING,
R0397,257,255,#0255 Torchic → #0256 Combusken → #0257 Blaziken,CPF-0143,Blaziken,Blaziken — Alternate / Mega (Form 2),Reborn / Plates of Arceus,02 Reborn - Explicit Megas,Mega,Fire,Electric,4-view complete,Custom Mega,Species-specific Mega Stone; only if this design is approved,REVIEW,PENDING,
R0398,257,255,#0255 Torchic → #0256 Combusken → #0257 Blaziken,CPF-0144,Blaziken,Blaziken — Alternate / Mega (Form 3),Reborn / Plates of Arceus,02 Reborn - Explicit Megas,Mega,Fire,Electric,4-view complete,Custom Mega,Species-specific Mega Stone; only if this design is approved,REVIEW,PENDING,
R0399,260,258,#0258 Mudkip → #0259 Marshtomp → #0260 Swampert,CPF-0145,Swampert,Swampert — Alternate / Mega (Form 2),Reborn / Plates of Arceus,02 Reborn - Explicit Megas,Mega,Water,Ground,4-view complete,Custom Mega,Species-specific Mega Stone; only if this design is approved,REVIEW,PENDING,
R0400,260,258,#0258 Mudkip → #0259 Marshtomp → #0260 Swampert,CPF-0146,Swampert,Swampert — Alternate / Mega (Form 3),Reborn / Plates of Arceus,02 Reborn - Explicit Megas,Mega,Water,Ground,4-view complete,Custom Mega,Species-specific Mega Stone; only if this design is approved,REVIEW,PENDING,
R0401,262,261,#0261 Poochyena → #0262 Mightyena,PR-0262,Mightyena,Platinum Redux Mightyena,Platinum Redux 2.9.3 TC6,Platinum Redux — changed-type variants,Alternate Form,Dark,Fire,Normal + shiny front/back converted from NDS,Standalone Delta candidate,"Delta Stone candidate, unless a lore/location method fits better",REVIEW,PENDING,
R0402,262,261,#0261 Poochyena → #0262 Mightyena,CPF-0147,Mightyena,Mightyena — Alternate (Form 1),Reborn / Plates of Arceus,01 Reborn - Alternate & Type Forms,Alternate Form,Dark,Poison,4-view complete,Standalone Delta candidate,"Delta Stone candidate, unless a lore/location method fits better",REVIEW,PENDING,
R0403,264,263,#0263 Zigzagoon → #0264 Linoone,PR-0264,Linoone,Platinum Redux Linoone,Platinum Redux 2.9.3 TC6,Platinum Redux — changed-type variants,Alternate Form,Normal,Ice,Normal + shiny front/back converted from NDS,Standalone Delta candidate,"Delta Stone candidate, unless a lore/location method fits better",REVIEW,PENDING,
R0404,268,265,#0265 Wurmple → #0266 Silcoon → #0268 Cascoon → #0267 Beautifly → #0269 Dustox,ER-1561,Cascoon,Cascoon Primal,Elite Redux,03 Elite Redux - New Species & Evolutions,New Species / Evolution,Bug,,4-view complete,New species / evolution,Connection review needed — decide parent/evolution method in Notes,REVIEW,PENDING,
R0405,267,265,#0265 Wurmple → #0266 Silcoon → #0268 Cascoon → #0267 Beautifly → #0269 Dustox,PR-0267,Beautifly,Platinum Redux Beautifly,Platinum Redux 2.9.3 TC6,Platinum Redux — changed-type variants,Alternate Form,Bug,Ice,Normal + shiny front/back converted from NDS,Standalone Delta candidate,"Delta Stone candidate, unless a lore/location method fits better",REVIEW,PENDING,
R0406,280,280,#0280 Ralts → #0281 Kirlia → #0282 Gardevoir → #0475 Gallade,ER-1876,Ralts,Ralts Redux,Elite Redux,05 Elite Redux - Redux Forms,Redux Form,Water,,4-view complete,Delta family candidate,Obtain the earliest Delta stage; evolve through the matching Delta line,REVIEW,PENDING,
R0407,280,280,#0280 Ralts → #0281 Kirlia → #0282 Gardevoir → #0475 Gallade,CPF-0148,Ralts,Ralts — Alternate (Form 3),Reborn / Plates of Arceus,01 Reborn - Alternate & Type Forms,Alternate Form,Flying,,4-view complete,Delta family candidate,Obtain the earliest Delta stage; evolve through the matching Delta line,REVIEW,PENDING,
R0408,281,280,#0280 Ralts → #0281 Kirlia → #0282 Gardevoir → #0475 Gallade,ER-1877,Kirlia,Kirlia Redux,Elite Redux,05 Elite Redux - Redux Forms,Redux Form,Water,,4-view complete,Delta family candidate,Obtain the earliest Delta stage; evolve through the matching Delta line,REVIEW,PENDING,
R0409,281,280,#0280 Ralts → #0281 Kirlia → #0282 Gardevoir → #0475 Gallade,CPF-0149,Kirlia,Kirlia — Alternate (Form 3),Reborn / Plates of Arceus,01 Reborn - Alternate & Type Forms,Alternate Form,Flying,,4-view complete,Delta family candidate,Obtain the earliest Delta stage; evolve through the matching Delta line,REVIEW,PENDING,
R0410,282,280,#0280 Ralts → #0281 Kirlia → #0282 Gardevoir → #0475 Gallade,ER-1878,Gardevoir,Gardevoir Redux,Elite Redux,05 Elite Redux - Redux Forms,Redux Form,Water,Dark,4-view complete,Delta family candidate,Obtain the earliest Delta stage; evolve through the matching Delta line,REVIEW,PENDING,
R0411,282,280,#0280 Ralts → #0281 Kirlia → #0282 Gardevoir → #0475 Gallade,ER-1880,Gardevoir,Gardevoir Redux Mega,Elite Redux,06 Elite Redux - Redux Megas,Mega,Water,Dark,4-view complete,Mega Delta,Mega Evolution of the corresponding Delta form,REVIEW,PENDING,
R0412,282,280,#0280 Ralts → #0281 Kirlia → #0282 Gardevoir → #0475 Gallade,PR-0282,Gardevoir,Platinum Redux Gardevoir,Platinum Redux 2.9.3 TC6,Platinum Redux — changed-type variants,Alternate Form,Psychic,Ghost,Normal + shiny front/back converted from NDS,Standalone Delta candidate,"Delta Stone candidate, unless a lore/location method fits better",REVIEW,PENDING,
R0413,282,280,#0280 Ralts → #0281 Kirlia → #0282 Gardevoir → #0475 Gallade,CPF-0150,Gardevoir,Gardevoir — Alternate (Form 3),Reborn / Plates of Arceus,01 Reborn - Alternate & Type Forms,Alternate Form,Flying,,4-view complete,Delta family candidate,Obtain the earliest Delta stage; evolve through the matching Delta line,REVIEW,PENDING,
R0414,282,280,#0280 Ralts → #0281 Kirlia → #0282 Gardevoir → #0475 Gallade,CPF-0151,Gardevoir,Gardevoir — Mega Alternate (Form 4),Reborn / Plates of Arceus,02 Reborn - Explicit Megas,Mega,Flying,,4-view complete,Custom Mega,Species-specific Mega Stone; only if this design is approved,REVIEW,PENDING,
R0415,475,280,#0280 Ralts → #0281 Kirlia → #0282 Gardevoir → #0475 Gallade,ER-1879,Gallade,Gallade Redux,Elite Redux,05 Elite Redux - Redux Forms,Redux Form,Water,Fairy,4-view complete,Delta family candidate,Obtain the earliest Delta stage; evolve through the matching Delta line,REVIEW,PENDING,
R0416,475,280,#0280 Ralts → #0281 Kirlia → #0282 Gardevoir → #0475 Gallade,ER-1881,Gallade,Gallade Redux Mega,Elite Redux,06 Elite Redux - Redux Megas,Mega,Water,Fairy,4-view complete,Mega Delta,Mega Evolution of the corresponding Delta form,REVIEW,PENDING,
R0417,283,283,#0283 Surskit → #0284 Masquerain,PR-0283,Surskit,Platinum Redux Surskit,Platinum Redux 2.9.3 TC6,Platinum Redux — changed-type variants,Alternate Form,Ghost,Ground,Normal + shiny front/back converted from NDS,Delta family candidate,Obtain the earliest Delta stage; evolve through the matching Delta line,REVIEW,PENDING,
R0418,284,283,#0283 Surskit → #0284 Masquerain,PR-0284,Masquerain,Platinum Redux Masquerain,Platinum Redux 2.9.3 TC6,Platinum Redux — changed-type variants,Alternate Form,Ghost,Ground,Normal + shiny front/back converted from NDS,Delta family candidate,Obtain the earliest Delta stage; evolve through the matching Delta line,REVIEW,PENDING,
R0419,286,285,#0285 Shroomish → #0286 Breloom,ER-1528,Breloom,Breloom Mega,Elite Redux,04 Elite Redux - Standard Megas,Mega,Grass,Fighting,4-view complete,Custom Mega,Species-specific Mega Stone; only if this design is approved,REVIEW,PENDING,
R0420,286,285,#0285 Shroomish → #0286 Breloom,CPF-0152,Breloom,Breloom — Alternate (Form 2),Reborn / Plates of Arceus,01 Reborn - Alternate & Type Forms,Alternate Form,Steel,Fighting,Front + back only,Standalone Delta candidate,"Delta Stone candidate, unless a lore/location method fits better",REVIEW,PENDING,
R0421,286,285,#0285 Shroomish → #0286 Breloom,CPF-0153,Breloom,Breloom — Alternate (Form 3),Reborn / Plates of Arceus,01 Reborn - Alternate & Type Forms,Alternate Form,Ghost,Fighting,Front + back only,Standalone Delta candidate,"Delta Stone candidate, unless a lore/location method fits better",REVIEW,PENDING,
R0422,289,287,#0287 Slakoth → #0288 Vigoroth → #0289 Slaking,ER-1529,Slaking,Slaking Mega,Elite Redux,04 Elite Redux - Standard Megas,Mega,Normal,Ice,4-view complete,Custom Mega,Species-specific Mega Stone; only if this design is approved,REVIEW,PENDING,
R0423,289,287,#0287 Slakoth → #0288 Vigoroth → #0289 Slaking,ER-1474,Slaking,Slaking Mega Ape Shift,Elite Redux,03 Elite Redux - New Species & Evolutions,Mega,Normal,Ice,4-view complete,Custom Mega,Species-specific Mega Stone; only if this design is approved,REVIEW,PENDING,
R0424,289,287,#0287 Slakoth → #0288 Vigoroth → #0289 Slaking,PR-0289,Slaking,Platinum Redux Slaking,Platinum Redux 2.9.3 TC6,Platinum Redux — changed-type variants,Alternate Form,Normal,Ground,Normal + shiny front/back converted from NDS,Standalone Delta candidate,"Delta Stone candidate, unless a lore/location method fits better",REVIEW,PENDING,
R0425,290,290,#0290 Nincada → #0291 Ninjask → #0292 Shedinja,PR-0290,Nincada,Platinum Redux Nincada,Platinum Redux 2.9.3 TC6,Platinum Redux — changed-type variants,Alternate Form,Electric,,Normal + shiny front/back converted from NDS,Delta family candidate,Obtain the earliest Delta stage; evolve through the matching Delta line,REVIEW,PENDING,
R0426,291,290,#0290 Nincada → #0291 Ninjask → #0292 Shedinja,PR-0291,Ninjask,Platinum Redux Ninjask,Platinum Redux 2.9.3 TC6,Platinum Redux — changed-type variants,Alternate Form,Electric,,Normal + shiny front/back converted from NDS,Delta family candidate,Obtain the earliest Delta stage; evolve through the matching Delta line,REVIEW,PENDING,
R0427,292,290,#0290 Nincada → #0291 Ninjask → #0292 Shedinja,ER-1544,Shedinja,Shedinja Mega,Elite Redux,04 Elite Redux - Standard Megas,Mega,Bug,Ghost,4-view complete,Custom Mega,Species-specific Mega Stone; only if this design is approved,REVIEW,PENDING,
R0428,292,290,#0290 Nincada → #0291 Ninjask → #0292 Shedinja,PR-0292,Shedinja,Platinum Redux Shedinja,Platinum Redux 2.9.3 TC6,Platinum Redux — changed-type variants,Alternate Form,Electric,Poison,Normal + shiny front/back converted from NDS,Delta family candidate,Obtain the earliest Delta stage; evolve through the matching Delta line,REVIEW,PENDING,
R0429,293,293,#0293 Whismur → #0294 Loudred → #0295 Exploud,ER-1750,Whismur,Whismur Redux,Elite Redux,05 Elite Redux - Redux Forms,Redux Form,Ghost,Electric,4-view complete,Delta family candidate,Obtain the earliest Delta stage; evolve through the matching Delta line,REVIEW,PENDING,
R0430,294,293,#0293 Whismur → #0294 Loudred → #0295 Exploud,ER-1751,Loudred,Loudred Redux,Elite Redux,05 Elite Redux - Redux Forms,Redux Form,Ghost,Electric,4-view complete,Delta family candidate,Obtain the earliest Delta stage; evolve through the matching Delta line,REVIEW,PENDING,
R0431,295,293,#0293 Whismur → #0294 Loudred → #0295 Exploud,ER-1752,Exploud,Exploud Redux,Elite Redux,05 Elite Redux - Redux Forms,Redux Form,Ghost,Electric,4-view complete,Delta family candidate,Obtain the earliest Delta stage; evolve through the matching Delta line,REVIEW,PENDING,
R0432,295,293,#0293 Whismur → #0294 Loudred → #0295 Exploud,PR-0295,Exploud,Platinum Redux Exploud,Platinum Redux 2.9.3 TC6,Platinum Redux — changed-type variants,Alternate Form,Normal,Ice,Normal + shiny front/back converted from NDS,Standalone Delta candidate,"Delta Stone candidate, unless a lore/location method fits better",REVIEW,PENDING,
R0433,296,296,#0296 Makuhita → #0297 Hariyama,ER-1869,Makuhita,Makuhita Redux,Elite Redux,05 Elite Redux - Redux Forms,Redux Form,Fire,Steel,4-view complete,Delta family candidate,Obtain the earliest Delta stage; evolve through the matching Delta line,REVIEW,PENDING,
R0434,297,296,#0296 Makuhita → #0297 Hariyama,ER-1870,Hariyama,Hariyama Redux,Elite Redux,05 Elite Redux - Redux Forms,Redux Form,Fire,Steel,4-view complete,Delta family candidate,Obtain the earliest Delta stage; evolve through the matching Delta line,REVIEW,PENDING,
R0435,297,296,#0296 Makuhita → #0297 Hariyama,ER-1702,Hariyama,Hariyama Mega,Elite Redux,04 Elite Redux - Standard Megas,Mega,Fighting,,4-view complete,Custom Mega,Species-specific Mega Stone; only if this design is approved,REVIEW,PENDING,
R0436,297,296,#0296 Makuhita → #0297 Hariyama,PR-0297,Hariyama,Platinum Redux Hariyama,Platinum Redux 2.9.3 TC6,Platinum Redux — changed-type variants,Alternate Form,Fighting,Electric,Normal + shiny front/back converted from NDS,Standalone Delta candidate,"Delta Stone candidate, unless a lore/location method fits better",REVIEW,PENDING,
R0437,299,299,#0299 Nosepass → #0476 Probopass,CPF-0232,Nosepass,Nosepass — Alternate (Form 1),Reborn / Plates of Arceus,01 Reborn - Alternate & Type Forms,Alternate Form,Rock,,4-view complete,Delta family candidate,Obtain the earliest Delta stage; evolve through the matching Delta line,REVIEW,PENDING,
R0438,476,299,#0299 Nosepass → #0476 Probopass,BP-MEGA-013,Probopass,Mega Probopass,Banished Platinum / Original Megas,07 Banished Platinum - Original Megas,Mega,,,Front + back only,Custom Mega,Species-specific Mega Stone; only if this design is approved,REVIEW,PENDING,
R0439,476,299,#0299 Nosepass → #0476 Probopass,PR-0476,Probopass,Platinum Redux Probopass,Platinum Redux 2.9.3 TC6,Platinum Redux — changed-type variants,Alternate Form,Rock,Ice,Normal + shiny front/back converted from NDS,Standalone Delta candidate,"Delta Stone candidate, unless a lore/location method fits better",REVIEW,PENDING,
R0440,476,299,#0299 Nosepass → #0476 Probopass,CPF-0233,Probopass,Probopass — Alternate (Form 1),Reborn / Plates of Arceus,01 Reborn - Alternate & Type Forms,Alternate Form,Rock,Electric,4-view complete,Delta family candidate,Obtain the earliest Delta stage; evolve through the matching Delta line,REVIEW,PENDING,
R0441,300,300,#0300 Skitty → #0301 Delcatty,PR-0300,Skitty,Platinum Redux Skitty,Platinum Redux 2.9.3 TC6,Platinum Redux — changed-type variants,Alternate Form,Bug,Fire,Normal + shiny front/back converted from NDS,Delta family candidate,Obtain the earliest Delta stage; evolve through the matching Delta line,REVIEW,PENDING,
R0442,300,300,#0300 Skitty → #0301 Delcatty,CPF-0154,Skitty,Skitty — Alternate (Form 1),Reborn / Plates of Arceus,01 Reborn - Alternate & Type Forms,Alternate Form,Normal,Fairy,4-view complete,Delta family candidate,Obtain the earliest Delta stage; evolve through the matching Delta line,REVIEW,PENDING,
R0443,301,300,#0300 Skitty → #0301 Delcatty,PR-0301,Delcatty,Platinum Redux Delcatty,Platinum Redux 2.9.3 TC6,Platinum Redux — changed-type variants,Alternate Form,Bug,Fire,Normal + shiny front/back converted from NDS,Delta family candidate,Obtain the earliest Delta stage; evolve through the matching Delta line,REVIEW,PENDING,
R0444,301,300,#0300 Skitty → #0301 Delcatty,CPF-0155,Delcatty,Delcatty — Alternate (Form 1),Reborn / Plates of Arceus,01 Reborn - Alternate & Type Forms,Alternate Form,Normal,Fairy,4-view complete,Delta family candidate,Obtain the earliest Delta stage; evolve through the matching Delta line,REVIEW,PENDING,
R0445,302,302,#0302 Sableye,ER-1762,Sableye,Sableye Redux,Elite Redux,05 Elite Redux - Redux Forms,Redux Form,Steel,Fairy,4-view complete,Standalone Delta candidate,"Delta Stone candidate, unless a lore/location method fits better",REVIEW,PENDING,
R0446,302,302,#0302 Sableye,ER-1557,Sableye,Sableye Mega Redux,Elite Redux,06 Elite Redux - Redux Megas,Mega,Steel,Fairy,4-view complete,Mega Delta,Mega Evolution of the corresponding Delta form,REVIEW,PENDING,
R0447,302,302,#0302 Sableye,CPF-0158,Sableye,Sableye — Alternate / Darkness (Form 4),Reborn / Plates of Arceus,01 Reborn - Alternate & Type Forms,Alternate Form,Dark,Ghost,4-view complete,Standalone Delta candidate,"Delta Stone candidate, unless a lore/location method fits better",REVIEW,PENDING,
R0448,302,302,#0302 Sableye,CPF-0156,Sableye,Sableye — Alternate / Gemstone (Form 2),Reborn / Plates of Arceus,01 Reborn - Alternate & Type Forms,Alternate Form,Dark,Ghost,4-view complete,Standalone Delta candidate,"Delta Stone candidate, unless a lore/location method fits better",REVIEW,PENDING,
R0449,302,302,#0302 Sableye,CPF-0159,Sableye,Sableye — Alternate / Darkness Mega (Form 5),Reborn / Plates of Arceus,02 Reborn - Explicit Megas,Mega,Dark,Fairy,4-view complete,Custom Mega,Species-specific Mega Stone; only if this design is approved,REVIEW,PENDING,
R0450,302,302,#0302 Sableye,CPF-0157,Sableye,Sableye — Alternate / Gemstone Mega (Form 3),Reborn / Plates of Arceus,02 Reborn - Explicit Megas,Mega,Rock,Ghost,4-view complete,Custom Mega,Species-specific Mega Stone; only if this design is approved,REVIEW,PENDING,
R0451,303,303,#0303 Mawile,ER-1761,Mawile,Mawile Redux,Elite Redux,05 Elite Redux - Redux Forms,Redux Form,Dark,Ghost,4-view complete,Standalone Delta candidate,"Delta Stone candidate, unless a lore/location method fits better",REVIEW,PENDING,
R0452,303,303,#0303 Mawile,ER-1799,Mawile,Mawile Redux B,Elite Redux,05 Elite Redux - Redux Forms,Redux Form,Grass,Poison,4-view complete,Standalone Delta candidate,"Delta Stone candidate, unless a lore/location method fits better",REVIEW,PENDING,
R0453,303,303,#0303 Mawile,ER-1556,Mawile,Mawile Mega Redux,Elite Redux,06 Elite Redux - Redux Megas,Mega,Dark,Ghost,4-view complete,Mega Delta,Mega Evolution of the corresponding Delta form,REVIEW,PENDING,
R0454,303,303,#0303 Mawile,ER-1800,Mawile,Mawile Redux B Mega,Elite Redux,06 Elite Redux - Redux Megas,Mega,Grass,Poison,4-view complete,Mega Delta,Mega Evolution of the corresponding Delta form,REVIEW,PENDING,
R0455,303,303,#0303 Mawile,PR-0303,Mawile,Platinum Redux Mawile,Platinum Redux 2.9.3 TC6,Platinum Redux — changed-type variants,Alternate Form,Steel,Dark,Normal + shiny front/back converted from NDS,Standalone Delta candidate,"Delta Stone candidate, unless a lore/location method fits better",REVIEW,PENDING,
R0456,304,304,#0304 Aron → #0305 Lairon → #0306 Aggron,ER-1865,Aron,Aron Redux,Elite Redux,05 Elite Redux - Redux Forms,Redux Form,Water,Rock,4-view complete,Delta family candidate,Obtain the earliest Delta stage; evolve through the matching Delta line,REVIEW,PENDING,
R0457,305,304,#0304 Aron → #0305 Lairon → #0306 Aggron,ER-1866,Lairon,Lairon Redux,Elite Redux,05 Elite Redux - Redux Forms,Redux Form,Water,Rock,4-view complete,Delta family candidate,Obtain the earliest Delta stage; evolve through the matching Delta line,REVIEW,PENDING,
R0458,306,304,#0304 Aron → #0305 Lairon → #0306 Aggron,ER-1867,Aggron,Aggron Redux,Elite Redux,05 Elite Redux - Redux Forms,Redux Form,Water,Rock,4-view complete,Delta family candidate,Obtain the earliest Delta stage; evolve through the matching Delta line,REVIEW,PENDING,
R0459,306,304,#0304 Aron → #0305 Lairon → #0306 Aggron,ER-1868,Aggron,Aggron Redux Mega,Elite Redux,06 Elite Redux - Redux Megas,Mega,Water,Rock,4-view complete,Mega Delta,Mega Evolution of the corresponding Delta form,REVIEW,PENDING,
R0460,308,307,#0307 Meditite → #0308 Medicham,PR-0308,Medicham,Platinum Redux Medicham,Platinum Redux 2.9.3 TC6,Platinum Redux — changed-type variants,Alternate Form,Fighting,Dragon,Normal + shiny front/back converted from NDS,Standalone Delta candidate,"Delta Stone candidate, unless a lore/location method fits better",REVIEW,PENDING,
R0461,309,309,#0309 Electrike → #0310 Manectric,CPF-0167,Electrike,Electrike — Alternate (Form 2),Reborn / Plates of Arceus,01 Reborn - Alternate & Type Forms,Alternate Form,Electric,Ice,4-view complete,Delta family candidate,Obtain the earliest Delta stage; evolve through the matching Delta line,REVIEW,PENDING,
R0462,310,309,#0309 Electrike → #0310 Manectric,PR-0310,Manectric,Platinum Redux Manectric,Platinum Redux 2.9.3 TC6,Platinum Redux — changed-type variants,Alternate Form,Electric,Ice,Normal + shiny front/back converted from NDS,Standalone Delta candidate,"Delta Stone candidate, unless a lore/location method fits better",REVIEW,PENDING,
R0463,310,309,#0309 Electrike → #0310 Manectric,CPF-0168,Manectric,Manectric — Alternate (Form 2),Reborn / Plates of Arceus,01 Reborn - Alternate & Type Forms,Alternate Form,Electric,Ice,4-view complete,Delta family candidate,Obtain the earliest Delta stage; evolve through the matching Delta line,REVIEW,PENDING,
R0464,310,309,#0309 Electrike → #0310 Manectric,CPF-0169,Manectric,Manectric — Mega Alternate (Form 3),Reborn / Plates of Arceus,02 Reborn - Explicit Megas,Mega,Electric,Ice,4-view complete,Custom Mega,Species-specific Mega Stone; only if this design is approved,REVIEW,PENDING,
R0465,311,311,#0311 Plusle,PR-0311,Plusle,Platinum Redux Plusle,Platinum Redux 2.9.3 TC6,Platinum Redux — changed-type variants,Alternate Form,Dark,Steel,Normal + shiny front/back converted from NDS,Standalone Delta candidate,"Delta Stone candidate, unless a lore/location method fits better",REVIEW,PENDING,
R0466,312,312,#0312 Minun,PR-0312,Minun,Platinum Redux Minun,Platinum Redux 2.9.3 TC6,Platinum Redux — changed-type variants,Alternate Form,Dark,Steel,Normal + shiny front/back converted from NDS,Standalone Delta candidate,"Delta Stone candidate, unless a lore/location method fits better",REVIEW,PENDING,
R0467,313,313,#0313 Volbeat,PR-0313,Volbeat,Platinum Redux Volbeat,Platinum Redux 2.9.3 TC6,Platinum Redux — changed-type variants,Alternate Form,Bug,Electric,Normal + shiny front/back converted from NDS,Standalone Delta candidate,"Delta Stone candidate, unless a lore/location method fits better",REVIEW,PENDING,
R0468,314,314,#0314 Illumise,PR-0314,Illumise,Platinum Redux Illumise,Platinum Redux 2.9.3 TC6,Platinum Redux — changed-type variants,Alternate Form,Bug,Water,Normal + shiny front/back converted from NDS,Standalone Delta candidate,"Delta Stone candidate, unless a lore/location method fits better",REVIEW,PENDING,
R0469,406,315,#0406 Budew → #0315 Roselia → #0407 Roserade,PR-0406,Budew,Platinum Redux Budew,Platinum Redux 2.9.3 TC6,Platinum Redux — changed-type variants,Alternate Form,Water,Ghost,Normal + shiny front/back converted from NDS,Standalone Delta candidate,"Delta Stone candidate, unless a lore/location method fits better",REVIEW,PENDING,
R0470,407,315,#0406 Budew → #0315 Roselia → #0407 Roserade,BP-MEGA-016,Roserade,Mega Roserade,Banished Platinum / Original Megas,07 Banished Platinum - Original Megas,Mega,,,Front + back only,Custom Mega,Species-specific Mega Stone; only if this design is approved,REVIEW,PENDING,
R0471,407,315,#0406 Budew → #0315 Roselia → #0407 Roserade,ER-1633,Roserade,Roserade Mega,Elite Redux,04 Elite Redux - Standard Megas,Mega,Grass,Poison,4-view complete,Custom Mega,Species-specific Mega Stone; only if this design is approved,REVIEW,PENDING,
R0472,317,316,#0316 Gulpin → #0317 Swalot,ER-1545,Swalot,Swalot Mega,Elite Redux,04 Elite Redux - Standard Megas,Mega,Poison,,4-view complete,Custom Mega,Species-specific Mega Stone; only if this design is approved,REVIEW,PENDING,
R0473,317,316,#0316 Gulpin → #0317 Swalot,PR-0317,Swalot,Platinum Redux Swalot,Platinum Redux 2.9.3 TC6,Platinum Redux — changed-type variants,Alternate Form,Poison,Ghost,Normal + shiny front/back converted from NDS,Standalone Delta candidate,"Delta Stone candidate, unless a lore/location method fits better",REVIEW,PENDING,
R0474,317,316,#0316 Gulpin → #0317 Swalot,CPF-0160,Swalot,Swalot — Alternate (Form 1),Reborn / Plates of Arceus,01 Reborn - Alternate & Type Forms,Alternate Form,Poison,Water,Front + back only,Standalone Delta candidate,"Delta Stone candidate, unless a lore/location method fits better",REVIEW,PENDING,
R0475,317,316,#0316 Gulpin → #0317 Swalot,CPF-0161,Swalot,Swalot — Alternate (Form 2),Reborn / Plates of Arceus,01 Reborn - Alternate & Type Forms,Alternate Form,Poison,Steel,4-view complete,Standalone Delta candidate,"Delta Stone candidate, unless a lore/location method fits better",REVIEW,PENDING,
R0476,320,320,#0320 Wailmer → #0321 Wailord,PR-0320,Wailmer,Platinum Redux Wailmer,Platinum Redux 2.9.3 TC6,Platinum Redux — changed-type variants,Alternate Form,Poison,Fire,Normal + shiny front/back converted from NDS,Delta family candidate,Obtain the earliest Delta stage; evolve through the matching Delta line,REVIEW,PENDING,
R0477,320,320,#0320 Wailmer → #0321 Wailord,CPF-0162,Wailmer,Wailmer — Alternate (Form 1),Reborn / Plates of Arceus,01 Reborn - Alternate & Type Forms,Alternate Form,Flying,,4-view complete,Delta family candidate,Obtain the earliest Delta stage; evolve through the matching Delta line,REVIEW,PENDING,
R0478,321,320,#0320 Wailmer → #0321 Wailord,PR-0321,Wailord,Platinum Redux Wailord,Platinum Redux 2.9.3 TC6,Platinum Redux — changed-type variants,Alternate Form,Poison,Fire,Normal + shiny front/back converted from NDS,Delta family candidate,Obtain the earliest Delta stage; evolve through the matching Delta line,REVIEW,PENDING,
R0479,321,320,#0320 Wailmer → #0321 Wailord,CPF-0163,Wailord,Wailord — Alternate (Form 1),Reborn / Plates of Arceus,01 Reborn - Alternate & Type Forms,Alternate Form,Flying,,4-view complete,Delta family candidate,Obtain the earliest Delta stage; evolve through the matching Delta line,REVIEW,PENDING,
R0480,322,322,#0322 Numel → #0323 Camerupt,PR-0322,Numel,Platinum Redux Numel,Platinum Redux 2.9.3 TC6,Platinum Redux — changed-type variants,Alternate Form,Ground,Fire,Normal + shiny front/back converted from NDS,Delta family candidate,Obtain the earliest Delta stage; evolve through the matching Delta line,REVIEW,PENDING,
R0481,322,322,#0322 Numel → #0323 Camerupt,CPF-0164,Numel,Numel — Alternate (Form 3),Reborn / Plates of Arceus,01 Reborn - Alternate & Type Forms,Alternate Form,Fire,Ice,4-view complete,Delta family candidate,Obtain the earliest Delta stage; evolve through the matching Delta line,REVIEW,PENDING,
R0482,323,322,#0322 Numel → #0323 Camerupt,PR-0323,Camerupt,Platinum Redux Camerupt,Platinum Redux 2.9.3 TC6,Platinum Redux — changed-type variants,Alternate Form,Ground,Electric,Normal + shiny front/back converted from NDS,Delta family candidate,Obtain the earliest Delta stage; evolve through the matching Delta line,REVIEW,PENDING,
R0483,323,322,#0322 Numel → #0323 Camerupt,CPF-0165,Camerupt,Camerupt — Alternate (Form 3),Reborn / Plates of Arceus,01 Reborn - Alternate & Type Forms,Alternate Form,Fire,Ice,4-view complete,Delta family candidate,Obtain the earliest Delta stage; evolve through the matching Delta line,REVIEW,PENDING,
R0484,323,322,#0322 Numel → #0323 Camerupt,CPF-0166,Camerupt,Camerupt — Mega Alternate (Form 4),Reborn / Plates of Arceus,02 Reborn - Explicit Megas,Mega,Fire,Ice,Front + back only,Custom Mega,Species-specific Mega Stone; only if this design is approved,REVIEW,PENDING,
R0485,324,324,#0324 Torkoal,PR-0324,Torkoal,Platinum Redux Torkoal,Platinum Redux 2.9.3 TC6,Platinum Redux — changed-type variants,Alternate Form,Fire,Ground,Normal + shiny front/back converted from NDS,Standalone Delta candidate,"Delta Stone candidate, unless a lore/location method fits better",REVIEW,PENDING,
R0486,326,325,#0325 Spoink → #0326 Grumpig,PR-0326,Grumpig,Platinum Redux Grumpig,Platinum Redux 2.9.3 TC6,Platinum Redux — changed-type variants,Alternate Form,Psychic,Dark,Normal + shiny front/back converted from NDS,Standalone Delta candidate,"Delta Stone candidate, unless a lore/location method fits better",REVIEW,PENDING,
R0487,326,325,#0325 Spoink → #0326 Grumpig,CPF-0170,Grumpig,Grumpig — Alternate (Form 1),Reborn / Plates of Arceus,01 Reborn - Alternate & Type Forms,Alternate Form,Psychic,Poison,4-view complete,Standalone Delta candidate,"Delta Stone candidate, unless a lore/location method fits better",REVIEW,PENDING,
R0488,327,327,#0327 Spinda,PR-0327,Spinda,Platinum Redux Spinda,Platinum Redux 2.9.3 TC6,Platinum Redux — changed-type variants,Alternate Form,Normal,Ghost,Normal + shiny front/back converted from NDS,Standalone Delta candidate,"Delta Stone candidate, unless a lore/location method fits better",REVIEW,PENDING,
R0489,328,328,#0328 Trapinch → #0329 Vibrava → #0330 Flygon,ER-1820,Trapinch,Trapinch Redux,Elite Redux,05 Elite Redux - Redux Forms,Redux Form,Ice,Bug,4-view complete,Delta family candidate,Obtain the earliest Delta stage; evolve through the matching Delta line,REVIEW,PENDING,
R0490,328,328,#0328 Trapinch → #0329 Vibrava → #0330 Flygon,CPF-0171,Trapinch,Trapinch — Alternate (Form 1),Reborn / Plates of Arceus,01 Reborn - Alternate & Type Forms,Alternate Form,Bug,,4-view complete,Delta family candidate,Obtain the earliest Delta stage; evolve through the matching Delta line,REVIEW,PENDING,
R0491,329,328,#0328 Trapinch → #0329 Vibrava → #0330 Flygon,ER-1821,Vibrava,Vibrava Redux,Elite Redux,05 Elite Redux - Redux Forms,Redux Form,Ice,Bug,4-view complete,Delta family candidate,Obtain the earliest Delta stage; evolve through the matching Delta line,REVIEW,PENDING,
R0492,329,328,#0328 Trapinch → #0329 Vibrava → #0330 Flygon,CPF-0172,Vibrava,Vibrava — Alternate (Form 1),Reborn / Plates of Arceus,01 Reborn - Alternate & Type Forms,Alternate Form,Bug,Dragon,4-view complete,Delta family candidate,Obtain the earliest Delta stage; evolve through the matching Delta line,REVIEW,PENDING,
R0493,330,328,#0328 Trapinch → #0329 Vibrava → #0330 Flygon,ER-1822,Flygon,Flygon Redux,Elite Redux,05 Elite Redux - Redux Forms,Redux Form,Ice,Bug,4-view complete,Delta family candidate,Obtain the earliest Delta stage; evolve through the matching Delta line,REVIEW,PENDING,
R0494,330,328,#0328 Trapinch → #0329 Vibrava → #0330 Flygon,ER-1785,Flygon,Flygon Redux B,Elite Redux,05 Elite Redux - Redux Forms,Redux Form,Electric,Dragon,4-view complete,Delta family candidate,Obtain the earliest Delta stage; evolve through the matching Delta line,REVIEW,PENDING,
R0495,330,328,#0328 Trapinch → #0329 Vibrava → #0330 Flygon,ER-1513,Flygon,Flygon Mega,Elite Redux,04 Elite Redux - Standard Megas,Mega,Ground,Bug,4-view complete,Custom Mega,Species-specific Mega Stone; only if this design is approved,REVIEW,PENDING,
R0496,330,328,#0328 Trapinch → #0329 Vibrava → #0330 Flygon,ER-1786,Flygon,Flygon Redux B Mega,Elite Redux,06 Elite Redux - Redux Megas,Mega,Electric,Dragon,4-view complete,Mega Delta,Mega Evolution of the corresponding Delta form,REVIEW,PENDING,
R0497,330,328,#0328 Trapinch → #0329 Vibrava → #0330 Flygon,ER-1584,Flygon,Flygon Redux Mega,Elite Redux,06 Elite Redux - Redux Megas,Mega,Ice,Bug,4-view complete,Mega Delta,Mega Evolution of the corresponding Delta form,REVIEW,PENDING,
R0498,330,328,#0328 Trapinch → #0329 Vibrava → #0330 Flygon,PR-0330,Flygon,Platinum Redux Flygon,Platinum Redux 2.9.3 TC6,Platinum Redux — changed-type variants,Alternate Form,Bug,Dragon,Normal + shiny front/back converted from NDS,Standalone Delta candidate,"Delta Stone candidate, unless a lore/location method fits better",REVIEW,PENDING,
R0499,330,328,#0328 Trapinch → #0329 Vibrava → #0330 Flygon,CPF-0173,Flygon,Flygon — Alternate (Form 1),Reborn / Plates of Arceus,01 Reborn - Alternate & Type Forms,Alternate Form,Bug,Dragon,4-view complete,Delta family candidate,Obtain the earliest Delta stage; evolve through the matching Delta line,REVIEW,PENDING,
R0500,333,333,#0333 Swablu → #0334 Altaria,ER-1703,Swablu,Swablu Redux,Elite Redux,05 Elite Redux - Redux Forms,Redux Form,Fire,Water,4-view complete,Delta family candidate,Obtain the earliest Delta stage; evolve through the matching Delta line,REVIEW,PENDING,
R0501,334,333,#0333 Swablu → #0334 Altaria,ER-1704,Altaria,Altaria Redux,Elite Redux,05 Elite Redux - Redux Forms,Redux Form,Fire,Water,4-view complete,Delta family candidate,Obtain the earliest Delta stage; evolve through the matching Delta line,REVIEW,PENDING,
R0502,334,333,#0333 Swablu → #0334 Altaria,ER-1705,Altaria,Altaria Redux Mega,Elite Redux,06 Elite Redux - Redux Megas,Mega,Fire,Water,4-view complete,Mega Delta,Mega Evolution of the corresponding Delta form,REVIEW,PENDING,
R0503,334,333,#0333 Swablu → #0334 Altaria,PR-0334,Altaria,Platinum Redux Altaria,Platinum Redux 2.9.3 TC6,Platinum Redux — changed-type variants,Alternate Form,Dragon,Psychic,Normal + shiny front/back converted from NDS,Standalone Delta candidate,"Delta Stone candidate, unless a lore/location method fits better",REVIEW,PENDING,
R0504,334,333,#0333 Swablu → #0334 Altaria,CPF-0174,Altaria,Altaria — Alternate (Form 2),Reborn / Plates of Arceus,01 Reborn - Alternate & Type Forms,Alternate Form,Dragon,Fairy,4-view complete,Standalone Delta candidate,"Delta Stone candidate, unless a lore/location method fits better",REVIEW,PENDING,
R0505,334,333,#0333 Swablu → #0334 Altaria,CPF-0175,Altaria,Altaria — Alternate Mega (Form 3),Reborn / Plates of Arceus,02 Reborn - Explicit Megas,Mega,Dragon,Fairy,4-view complete,Custom Mega,Species-specific Mega Stone; only if this design is approved,REVIEW,PENDING,
R0506,335,335,#0335 Zangoose → Revenclaw (candidate),PR-0335,Zangoose,Platinum Redux Zangoose,Platinum Redux 2.9.3 TC6,Platinum Redux — changed-type variants,Alternate Form,Normal,Bug,Normal + shiny front/back converted from NDS,Standalone Delta candidate,"Delta Stone candidate, unless a lore/location method fits better",REVIEW,PENDING,
R1054,335,335,#0335 Zangoose → Revenclaw (candidate),USER-VR-002,Revenclaw,Revenclaw,Mercury Redux Custom,User-supplied custom evolutions,New Evolution,Normal,Dark,Normal + shiny front/back + icon + GBA 4bpp/palettes,New species / evolution,Likely evolves from Zangoose; exact method to decide during review,REVIEW,PENDING,"Connection to Zangoose is strongly suggested by the supplied Revengoose/Revenclaw concept, but not mechanically locked."
R0507,336,336,#0336 Seviper → Venagon,PR-0336,Seviper,Platinum Redux Seviper,Platinum Redux 2.9.3 TC6,Platinum Redux — changed-type variants,Alternate Form,Poison,Normal,Normal + shiny front/back converted from NDS,Standalone Delta candidate,"Delta Stone candidate, unless a lore/location method fits better",REVIEW,PENDING,
R1055,336,336,#0336 Seviper → Venagon,USER-VR-001,Venagon,Venagon,Mercury Redux Custom,User-supplied custom evolutions,New Evolution,Poison,Dragon,Normal + shiny front/back + icon + GBA 4bpp/palettes,New species / evolution,Evolves from Seviper at level 50 per supplied concept notes,REVIEW,PENDING,Supplied concept explicitly shows Seviper evolving into Venagon at level 50.
R0508,337,337,#0337 Lunatone,PR-0337,Lunatone,Platinum Redux Lunatone,Platinum Redux 2.9.3 TC6,Platinum Redux — changed-type variants,Alternate Form,Rock,Ghost,Normal + shiny front/back converted from NDS,Standalone Delta candidate,"Delta Stone candidate, unless a lore/location method fits better",REVIEW,PENDING,
R0509,338,338,#0338 Solrock,ER-1796,Solrock,Solrock System,Elite Redux,03 Elite Redux - New Species & Evolutions,New Species / Evolution,Rock,Psychic,4-view complete,New species / evolution,Connection review needed — decide parent/evolution method in Notes,REVIEW,PENDING,
R0510,342,341,#0341 Corphish → #0342 Crawdaunt,PR-0342,Crawdaunt,Platinum Redux Crawdaunt,Platinum Redux 2.9.3 TC6,Platinum Redux — changed-type variants,Alternate Form,Water,Fighting,Normal + shiny front/back converted from NDS,Standalone Delta candidate,"Delta Stone candidate, unless a lore/location method fits better",REVIEW,PENDING,
R0511,343,343,#0343 Baltoy → #0344 Claydol,CPF-0176,Baltoy,Baltoy — Alternate (Form 1),Reborn / Plates of Arceus,01 Reborn - Alternate & Type Forms,Alternate Form,Rock,Psychic,4-view complete,Delta family candidate,Obtain the earliest Delta stage; evolve through the matching Delta line,REVIEW,PENDING,
R0512,344,343,#0343 Baltoy → #0344 Claydol,CPF-0177,Claydol,Claydol — Alternate (Form 1),Reborn / Plates of Arceus,01 Reborn - Alternate & Type Forms,Alternate Form,Rock,Psychic,4-view complete,Delta family candidate,Obtain the earliest Delta stage; evolve through the matching Delta line,REVIEW,PENDING,
R0513,345,345,#0345 Lileep → #0346 Cradily,CPF-0178,Lileep,Lileep — Alternate (Form 1),Reborn / Plates of Arceus,01 Reborn - Alternate & Type Forms,Alternate Form,Water,Grass,Front + back only,Delta family candidate,Obtain the earliest Delta stage; evolve through the matching Delta line,REVIEW,PENDING,
R0514,346,345,#0345 Lileep → #0346 Cradily,CPF-0179,Cradily,Cradily — Alternate (Form 1),Reborn / Plates of Arceus,01 Reborn - Alternate & Type Forms,Alternate Form,Water,Grass,Front + back only,Delta family candidate,Obtain the earliest Delta stage; evolve through the matching Delta line,REVIEW,PENDING,
R0515,347,347,#0347 Anorith → #0348 Armaldo,CPF-0180,Anorith,Anorith — Alternate (Form 1),Reborn / Plates of Arceus,01 Reborn - Alternate & Type Forms,Alternate Form,Bug,,4-view complete,Delta family candidate,Obtain the earliest Delta stage; evolve through the matching Delta line,REVIEW,PENDING,
R0516,348,347,#0347 Anorith → #0348 Armaldo,CPF-0181,Armaldo,Armaldo — Alternate (Form 1),Reborn / Plates of Arceus,01 Reborn - Alternate & Type Forms,Alternate Form,Bug,,4-view complete,Delta family candidate,Obtain the earliest Delta stage; evolve through the matching Delta line,REVIEW,PENDING,
R0517,350,349,#0349 Feebas → #0350 Milotic,BP-MEGA-011,Milotic,Mega Milotic,Banished Platinum / Original Megas,07 Banished Platinum - Original Megas,Mega,Water,Fairy,Front + back only,Custom Mega,Species-specific Mega Stone; only if this design is approved,REVIEW,PENDING,
R0518,350,349,#0349 Feebas → #0350 Milotic,ER-1508,Milotic,Milotic Mega,Elite Redux,04 Elite Redux - Standard Megas,Mega,Water,Fairy,4-view complete,Custom Mega,Species-specific Mega Stone; only if this design is approved,REVIEW,PENDING,
R0519,350,349,#0349 Feebas → #0350 Milotic,PR-0350,Milotic,Platinum Redux Milotic,Platinum Redux 2.9.3 TC6,Platinum Redux — changed-type variants,Alternate Form,Water,Dragon,Normal + shiny front/back converted from NDS,Standalone Delta candidate,"Delta Stone candidate, unless a lore/location method fits better",REVIEW,PENDING,
R0520,351,351,#0351 Castform,ER-1476,Castform,Castform Foggy,Elite Redux,03 Elite Redux - New Species & Evolutions,New Species / Evolution,Ghost,,4-view complete,New species / evolution,Connection review needed — decide parent/evolution method in Notes,REVIEW,PENDING,
R0521,351,351,#0351 Castform,ER-1463,Castform,Castform Sandy,Elite Redux,03 Elite Redux - New Species & Evolutions,New Species / Evolution,Rock,,4-view complete,New species / evolution,Connection review needed — decide parent/evolution method in Notes,REVIEW,PENDING,
R0522,351,351,#0351 Castform,PR-0351,Castform,Platinum Redux Castform,Platinum Redux 2.9.3 TC6,Platinum Redux — changed-type variants,Alternate Form,Poison,Water,Normal + shiny front/back converted from NDS,Standalone Delta candidate,"Delta Stone candidate, unless a lore/location method fits better",REVIEW,PENDING,
R0523,352,352,#0352 Kecleon,PR-0352,Kecleon,Platinum Redux Kecleon,Platinum Redux 2.9.3 TC6,Platinum Redux — changed-type variants,Alternate Form,Poison,Dragon,Normal + shiny front/back converted from NDS,Standalone Delta candidate,"Delta Stone candidate, unless a lore/location method fits better",REVIEW,PENDING,
R0524,354,353,#0353 Shuppet → #0354 Banette,PR-0354,Banette,Platinum Redux Banette,Platinum Redux 2.9.3 TC6,Platinum Redux — changed-type variants,Alternate Form,Ghost,Steel,Normal + shiny front/back converted from NDS,Standalone Delta candidate,"Delta Stone candidate, unless a lore/location method fits better",REVIEW,PENDING,
R0525,356,355,#0355 Duskull → #0356 Dusclops → #0477 Dusknoir,CPF-0234,Dusclops,Dusclops — Alternate (Form 1),Reborn / Plates of Arceus,01 Reborn - Alternate & Type Forms,Alternate Form,Ghost,Steel,4-view complete,Delta family candidate,Obtain the earliest Delta stage; evolve through the matching Delta line,REVIEW,PENDING,
R0526,477,355,#0355 Duskull → #0356 Dusclops → #0477 Dusknoir,BP-MEGA-002,Dusknoir,Mega Dusknoir,Banished Platinum / Original Megas,07 Banished Platinum - Original Megas,Mega,,,Front + back only,Custom Mega,Species-specific Mega Stone; only if this design is approved,REVIEW,PENDING,
R0527,477,355,#0355 Duskull → #0356 Dusclops → #0477 Dusknoir,PR-0477,Dusknoir,Platinum Redux Dusknoir,Platinum Redux 2.9.3 TC6,Platinum Redux — changed-type variants,Alternate Form,Ghost,Fighting,Normal + shiny front/back converted from NDS,Standalone Delta candidate,"Delta Stone candidate, unless a lore/location method fits better",REVIEW,PENDING,
R0528,477,355,#0355 Duskull → #0356 Dusclops → #0477 Dusknoir,CPF-0235,Dusknoir,Dusknoir — Alternate (Form 1),Reborn / Plates of Arceus,01 Reborn - Alternate & Type Forms,Alternate Form,Ghost,Steel,4-view complete,Delta family candidate,Obtain the earliest Delta stage; evolve through the matching Delta line,REVIEW,PENDING,
R0529,357,357,#0357 Tropius,PR-0357,Tropius,Platinum Redux Tropius,Platinum Redux 2.9.3 TC6,Platinum Redux — changed-type variants,Alternate Form,Grass,Dragon,Normal + shiny front/back converted from NDS,Standalone Delta candidate,"Delta Stone candidate, unless a lore/location method fits better",REVIEW,PENDING,
R0530,357,357,#0357 Tropius,CPF-0182,Tropius,Tropius — Alternate (Form 1),Reborn / Plates of Arceus,01 Reborn - Alternate & Type Forms,Alternate Form,Grass,Fighting,4-view complete,Standalone Delta candidate,"Delta Stone candidate, unless a lore/location method fits better",REVIEW,PENDING,
R0531,433,358,#0433 Chingling → #0358 Chimecho,PR-0433,Chingling,Platinum Redux Chingling,Platinum Redux 2.9.3 TC6,Platinum Redux — changed-type variants,Alternate Form,Bug,Electric,Normal + shiny front/back converted from NDS,Delta family candidate,Obtain the earliest Delta stage; evolve through the matching Delta line,REVIEW,PENDING,
R0532,433,358,#0433 Chingling → #0358 Chimecho,CPF-0183,Chingling,Chingling — Alternate (Form 1),Reborn / Plates of Arceus,01 Reborn - Alternate & Type Forms,Alternate Form,Psychic,Grass,4-view complete,Delta family candidate,Obtain the earliest Delta stage; evolve through the matching Delta line,REVIEW,PENDING,
R0533,358,358,#0433 Chingling → #0358 Chimecho,PR-0358,Chimecho,Platinum Redux Chimecho,Platinum Redux 2.9.3 TC6,Platinum Redux — changed-type variants,Alternate Form,Normal,Dark,Normal + shiny front/back converted from NDS,Delta family candidate,Obtain the earliest Delta stage; evolve through the matching Delta line,REVIEW,PENDING,
R0534,358,358,#0433 Chingling → #0358 Chimecho,CPF-0184,Chimecho,Chimecho — Alternate (Form 1),Reborn / Plates of Arceus,01 Reborn - Alternate & Type Forms,Alternate Form,Psychic,Grass,4-view complete,Delta family candidate,Obtain the earliest Delta stage; evolve through the matching Delta line,REVIEW,PENDING,
R0535,359,359,#0359 Absol,PR-0359,Absol,Platinum Redux Absol,Platinum Redux 2.9.3 TC6,Platinum Redux — changed-type variants,Alternate Form,Dark,Psychic,Normal + shiny front/back converted from NDS,Standalone Delta candidate,"Delta Stone candidate, unless a lore/location method fits better",REVIEW,PENDING,
R0536,359,359,#0359 Absol,CPF-0185,Absol,Absol — Alternate (Form 2),Reborn / Plates of Arceus,01 Reborn - Alternate & Type Forms,Alternate Form,Dark,Fairy,4-view complete,Standalone Delta candidate,"Delta Stone candidate, unless a lore/location method fits better",REVIEW,PENDING,
R0537,359,359,#0359 Absol,CPF-0186,Absol,Absol — Alternate Mega (Form 3),Reborn / Plates of Arceus,02 Reborn - Explicit Megas,Mega,Dark,Fairy,4-view complete,Custom Mega,Species-specific Mega Stone; only if this design is approved,REVIEW,PENDING,
R0538,361,361,#0361 Snorunt → #0362 Glalie → #0478 Froslass,ER-1833,Snorunt,Snorunt Redux,Elite Redux,05 Elite Redux - Redux Forms,Redux Form,Dark,,4-view complete,Delta family candidate,Obtain the earliest Delta stage; evolve through the matching Delta line,REVIEW,PENDING,
R0539,362,361,#0361 Snorunt → #0362 Glalie → #0478 Froslass,ER-1834,Glalie,Glalie Redux,Elite Redux,05 Elite Redux - Redux Forms,Redux Form,Dark,Fighting,4-view complete,Delta family candidate,Obtain the earliest Delta stage; evolve through the matching Delta line,REVIEW,PENDING,
R0540,362,361,#0361 Snorunt → #0362 Glalie → #0478 Froslass,ER-1586,Glalie,Glalie Redux Mega,Elite Redux,06 Elite Redux - Redux Megas,Mega,Dark,Fighting,4-view complete,Mega Delta,Mega Evolution of the corresponding Delta form,REVIEW,PENDING,
R0541,362,361,#0361 Snorunt → #0362 Glalie → #0478 Froslass,PR-0362,Glalie,Platinum Redux Glalie,Platinum Redux 2.9.3 TC6,Platinum Redux — changed-type variants,Alternate Form,Ice,Ghost,Normal + shiny front/back converted from NDS,Delta family candidate,Obtain the earliest Delta stage; evolve through the matching Delta line,REVIEW,PENDING,
R0542,478,361,#0361 Snorunt → #0362 Glalie → #0478 Froslass,ER-1835,Froslass,Froslass Redux,Elite Redux,05 Elite Redux - Redux Forms,Redux Form,Dark,Ghost,4-view complete,Delta family candidate,Obtain the earliest Delta stage; evolve through the matching Delta line,REVIEW,PENDING,
R0543,478,361,#0361 Snorunt → #0362 Glalie → #0478 Froslass,ER-1559,Froslass,Froslass Mega X,Elite Redux,04 Elite Redux - Standard Megas,Mega,Ice,Ghost,4-view complete,Custom Mega,Species-specific Mega Stone; only if this design is approved,REVIEW,PENDING,
R0544,478,361,#0361 Snorunt → #0362 Glalie → #0478 Froslass,ER-1507,Froslass,Froslass Mega Y,Elite Redux,04 Elite Redux - Standard Megas,Mega,Ice,Ghost,4-view complete,Custom Mega,Species-specific Mega Stone; only if this design is approved,REVIEW,PENDING,
R0545,478,361,#0361 Snorunt → #0362 Glalie → #0478 Froslass,PR-0478,Froslass,Platinum Redux Froslass,Platinum Redux 2.9.3 TC6,Platinum Redux — changed-type variants,Alternate Form,Bug,Fire,Normal + shiny front/back converted from NDS,Delta family candidate,Obtain the earliest Delta stage; evolve through the matching Delta line,REVIEW,PENDING,
R0546,366,366,#0366 Clamperl → #0367 Huntail → #0368 Gorebyss,PR-0366,Clamperl,Platinum Redux Clamperl,Platinum Redux 2.9.3 TC6,Platinum Redux — changed-type variants,Alternate Form,Dragon,,Normal + shiny front/back converted from NDS,Delta family candidate,Obtain the earliest Delta stage; evolve through the matching Delta line,REVIEW,PENDING,
R0547,367,366,#0366 Clamperl → #0367 Huntail → #0368 Gorebyss,PR-0367,Huntail,Platinum Redux Huntail,Platinum Redux 2.9.3 TC6,Platinum Redux — changed-type variants,Alternate Form,Dragon,Fighting,Normal + shiny front/back converted from NDS,Delta family candidate,Obtain the earliest Delta stage; evolve through the matching Delta line,REVIEW,PENDING,
R0548,368,366,#0366 Clamperl → #0367 Huntail → #0368 Gorebyss,PR-0368,Gorebyss,Platinum Redux Gorebyss,Platinum Redux 2.9.3 TC6,Platinum Redux — changed-type variants,Alternate Form,Dragon,Fighting,Normal + shiny front/back converted from NDS,Delta family candidate,Obtain the earliest Delta stage; evolve through the matching Delta line,REVIEW,PENDING,
R0549,369,369,#0369 Relicanth,ER-1525,Relicanth,Relicanth Mega,Elite Redux,04 Elite Redux - Standard Megas,Mega,Water,Rock,4-view complete,Custom Mega,Species-specific Mega Stone; only if this design is approved,REVIEW,PENDING,
R0550,370,370,#0370 Luvdisc,PR-0370,Luvdisc,Platinum Redux Luvdisc,Platinum Redux 2.9.3 TC6,Platinum Redux — changed-type variants,Alternate Form,Rock,Fire,Normal + shiny front/back converted from NDS,Standalone Delta candidate,"Delta Stone candidate, unless a lore/location method fits better",REVIEW,PENDING,
R0551,371,371,#0371 Bagon → #0372 Shelgon → #0373 Salamence,CPF-0187,Bagon,Bagon — Alternate (Form 2),Reborn / Plates of Arceus,01 Reborn - Alternate & Type Forms,Alternate Form,Dragon,,4-view complete,Delta family candidate,Obtain the earliest Delta stage; evolve through the matching Delta line,REVIEW,PENDING,
R0552,372,371,#0371 Bagon → #0372 Shelgon → #0373 Salamence,CPF-0188,Shelgon,Shelgon — Alternate (Form 2),Reborn / Plates of Arceus,01 Reborn - Alternate & Type Forms,Alternate Form,Dragon,Ghost,4-view complete,Delta family candidate,Obtain the earliest Delta stage; evolve through the matching Delta line,REVIEW,PENDING,
R0553,373,371,#0371 Bagon → #0372 Shelgon → #0373 Salamence,PR-0373,Salamence,Platinum Redux Salamence,Platinum Redux 2.9.3 TC6,Platinum Redux — changed-type variants,Alternate Form,Dragon,Fire,Normal + shiny front/back converted from NDS,Standalone Delta candidate,"Delta Stone candidate, unless a lore/location method fits better",REVIEW,PENDING,
R0554,373,371,#0371 Bagon → #0372 Shelgon → #0373 Salamence,CPF-0189,Salamence,Salamence — Alternate (Form 1),Reborn / Plates of Arceus,01 Reborn - Alternate & Type Forms,Alternate Form,Dragon,Flying,4-view complete,Standalone Delta candidate,"Delta Stone candidate, unless a lore/location method fits better",REVIEW,PENDING,
R0555,373,371,#0371 Bagon → #0372 Shelgon → #0373 Salamence,CPF-0190,Salamence,Salamence — Alternate (Form 2),Reborn / Plates of Arceus,01 Reborn - Alternate & Type Forms,Alternate Form,Dragon,Ghost,4-view complete,Delta family candidate,Obtain the earliest Delta stage; evolve through the matching Delta line,REVIEW,PENDING,
R0556,373,371,#0371 Bagon → #0372 Shelgon → #0373 Salamence,CPF-0191,Salamence,Salamence — Alternate Mega (Form 3),Reborn / Plates of Arceus,02 Reborn - Explicit Megas,Mega,Dragon,Ghost,4-view complete,Custom Mega,Species-specific Mega Stone; only if this design is approved,REVIEW,PENDING,
R0557,374,374,#0374 Beldum → #0375 Metang → #0376 Metagross,CPF-0192,Beldum,Beldum — Alternate (Form 2),Reborn / Plates of Arceus,01 Reborn - Alternate & Type Forms,Alternate Form,Electric,Psychic,4-view complete,Delta family candidate,Obtain the earliest Delta stage; evolve through the matching Delta line,REVIEW,PENDING,
R0558,375,374,#0374 Beldum → #0375 Metang → #0376 Metagross,CPF-0193,Metang,Metang — Alternate (Form 2),Reborn / Plates of Arceus,01 Reborn - Alternate & Type Forms,Alternate Form,Electric,Psychic,4-view complete,Delta family candidate,Obtain the earliest Delta stage; evolve through the matching Delta line,REVIEW,PENDING,
R0559,376,374,#0374 Beldum → #0375 Metang → #0376 Metagross,CPF-0194,Metagross,Metagross — Alternate (Form 1),Reborn / Plates of Arceus,01 Reborn - Alternate & Type Forms,Alternate Form,Steel,Psychic,4-view complete,Standalone Delta candidate,"Delta Stone candidate, unless a lore/location method fits better",REVIEW,PENDING,
R0560,376,374,#0374 Beldum → #0375 Metang → #0376 Metagross,CPF-0195,Metagross,Metagross — Alternate (Form 2),Reborn / Plates of Arceus,01 Reborn - Alternate & Type Forms,Alternate Form,Electric,Psychic,4-view complete,Delta family candidate,Obtain the earliest Delta stage; evolve through the matching Delta line,REVIEW,PENDING,
R0561,376,374,#0374 Beldum → #0375 Metang → #0376 Metagross,CPF-0196,Metagross,Metagross — Alternate Mega (Form 3),Reborn / Plates of Arceus,02 Reborn - Explicit Megas,Mega,Electric,Ghost,4-view complete,Custom Mega,Species-specific Mega Stone; only if this design is approved,REVIEW,PENDING,
R0562,377,377,#0377 Regirock,PR-0377,Regirock,Platinum Redux Regirock,Platinum Redux 2.9.3 TC6,Platinum Redux — changed-type variants,Alternate Form,Rock,Electric,Normal + shiny front/back converted from NDS,Standalone Delta candidate,"Delta Stone candidate, unless a lore/location method fits better",REVIEW,PENDING,
R0563,378,378,#0378 Regice,PR-0378,Regice,Platinum Redux Regice,Platinum Redux 2.9.3 TC6,Platinum Redux — changed-type variants,Alternate Form,Ice,Electric,Normal + shiny front/back converted from NDS,Standalone Delta candidate,"Delta Stone candidate, unless a lore/location method fits better",REVIEW,PENDING,
R0564,379,379,#0379 Registeel,PR-0379,Registeel,Platinum Redux Registeel,Platinum Redux 2.9.3 TC6,Platinum Redux — changed-type variants,Alternate Form,Steel,Electric,Normal + shiny front/back converted from NDS,Standalone Delta candidate,"Delta Stone candidate, unless a lore/location method fits better",REVIEW,PENDING,
R0565,380,380,#0380 Latias,PR-0380,Latias,Platinum Redux Latias,Platinum Redux 2.9.3 TC6,Platinum Redux — changed-type variants,Alternate Form,Dragon,Electric,Normal + shiny front/back converted from NDS,Standalone Delta candidate,"Delta Stone candidate, unless a lore/location method fits better",REVIEW,PENDING,
R0566,382,382,#0382 Kyogre,PR-0382,Kyogre,Platinum Redux Kyogre,Platinum Redux 2.9.3 TC6,Platinum Redux — changed-type variants,Alternate Form,Water,Electric,Normal + shiny front/back converted from NDS,Standalone Delta candidate,"Delta Stone candidate, unless a lore/location method fits better",REVIEW,PENDING,
R0567,383,383,#0383 Groudon,PR-0383,Groudon,Platinum Redux Groudon,Platinum Redux 2.9.3 TC6,Platinum Redux — changed-type variants,Alternate Form,Ground,Fire,Normal + shiny front/back converted from NDS,Standalone Delta candidate,"Delta Stone candidate, unless a lore/location method fits better",REVIEW,PENDING,
R0568,386,386,#0386 Deoxys,PR-0386,Deoxys,Platinum Redux Deoxys,Platinum Redux 2.9.3 TC6,Platinum Redux — changed-type variants,Alternate Form,Psychic,Fighting,Normal + shiny front/back converted from NDS,Standalone Delta candidate,"Delta Stone candidate, unless a lore/location method fits better",REVIEW,PENDING,
R0569,387,387,#0387 Turtwig → #0388 Grotle → #0389 Torterra,ER-1805,Turtwig,Turtwig Redux,Elite Redux,05 Elite Redux - Redux Forms,Redux Form,Flying,Fairy,4-view complete,Delta family candidate,Obtain the earliest Delta stage; evolve through the matching Delta line,REVIEW,PENDING,
R0570,388,387,#0387 Turtwig → #0388 Grotle → #0389 Torterra,ER-1806,Grotle,Grotle Redux,Elite Redux,05 Elite Redux - Redux Forms,Redux Form,Flying,Fairy,4-view complete,Delta family candidate,Obtain the earliest Delta stage; evolve through the matching Delta line,REVIEW,PENDING,
R0571,389,387,#0387 Turtwig → #0388 Grotle → #0389 Torterra,ER-1521,Torterra,Torterra Mega,Elite Redux,04 Elite Redux - Standard Megas,Mega,Grass,Ground,4-view complete,LOCKED — existing Mercury choice,Already selected; implementation follows existing project plan,LOCKED KEEP,LOCKED KEEP,
R0572,389,387,#0387 Turtwig → #0388 Grotle → #0389 Torterra,ER-1807,Torterra,Torterra Redux,Elite Redux,05 Elite Redux - Redux Forms,Redux Form,Flying,Fairy,4-view complete,Delta family candidate,Obtain the earliest Delta stage; evolve through the matching Delta line,REVIEW,PENDING,
R0573,389,387,#0387 Turtwig → #0388 Grotle → #0389 Torterra,ER-1578,Torterra,Torterra Redux Mega,Elite Redux,06 Elite Redux - Redux Megas,Mega,Flying,Electric,4-view complete,Mega Delta,Mega Evolution of the corresponding Delta form,REVIEW,PENDING,
R0574,389,387,#0387 Turtwig → #0388 Grotle → #0389 Torterra,CPF-0197,Torterra,Torterra — BlueTowel Alternate form (Form 1),Reborn / Plates of Arceus,01 Reborn - Alternate & Type Forms,Alternate Form,Grass,Rock,4-view complete,Standalone Delta candidate,"Delta Stone candidate, unless a lore/location method fits better",REVIEW,PENDING,
R0575,390,390,#0390 Chimchar → #0391 Monferno → #0392 Infernape,ER-1808,Chimchar,Chimchar Redux,Elite Redux,05 Elite Redux - Redux Forms,Redux Form,Water,,4-view complete,Delta family candidate,Obtain the earliest Delta stage; evolve through the matching Delta line,REVIEW,PENDING,
R0576,391,390,#0390 Chimchar → #0391 Monferno → #0392 Infernape,ER-1809,Monferno,Monferno Redux,Elite Redux,05 Elite Redux - Redux Forms,Redux Form,Water,Fighting,4-view complete,Delta family candidate,Obtain the earliest Delta stage; evolve through the matching Delta line,REVIEW,PENDING,
R0577,392,390,#0390 Chimchar → #0391 Monferno → #0392 Infernape,ER-1522,Infernape,Infernape Mega,Elite Redux,04 Elite Redux - Standard Megas,Mega,Fire,Fighting,4-view complete,LOCKED — existing Mercury choice,Already selected; implementation follows existing project plan,LOCKED KEEP,LOCKED KEEP,
R0578,392,390,#0390 Chimchar → #0391 Monferno → #0392 Infernape,ER-1810,Infernape,Infernape Redux,Elite Redux,05 Elite Redux - Redux Forms,Redux Form,Water,Fighting,4-view complete,Delta family candidate,Obtain the earliest Delta stage; evolve through the matching Delta line,REVIEW,PENDING,
R0579,392,390,#0390 Chimchar → #0391 Monferno → #0392 Infernape,ER-1579,Infernape,Infernape Redux Mega,Elite Redux,06 Elite Redux - Redux Megas,Mega,Water,Fighting,4-view complete,Mega Delta,Mega Evolution of the corresponding Delta form,REVIEW,PENDING,
R0580,392,390,#0390 Chimchar → #0391 Monferno → #0392 Infernape,CPF-0198,Infernape,Infernape — Alternate (Form 1),Reborn / Plates of Arceus,01 Reborn - Alternate & Type Forms,Alternate Form,Fire,Fighting,4-view complete,Standalone Delta candidate,"Delta Stone candidate, unless a lore/location method fits better",REVIEW,PENDING,
R0581,393,393,#0393 Piplup → #0394 Prinplup → #0395 Empoleon,ER-1811,Piplup,Piplup Redux,Elite Redux,05 Elite Redux - Redux Forms,Redux Form,Fire,Ice,4-view complete,Delta family candidate,Obtain the earliest Delta stage; evolve through the matching Delta line,REVIEW,PENDING,
R0582,394,393,#0393 Piplup → #0394 Prinplup → #0395 Empoleon,ER-1812,Prinplup,Prinplup Redux,Elite Redux,05 Elite Redux - Redux Forms,Redux Form,Fire,Ice,4-view complete,Delta family candidate,Obtain the earliest Delta stage; evolve through the matching Delta line,REVIEW,PENDING,
R0583,395,393,#0393 Piplup → #0394 Prinplup → #0395 Empoleon,ER-1523,Empoleon,Empoleon Mega,Elite Redux,04 Elite Redux - Standard Megas,Mega,Water,Steel,4-view complete,LOCKED — existing Mercury choice,Already selected; implementation follows existing project plan,LOCKED KEEP,LOCKED KEEP,
R0584,395,393,#0393 Piplup → #0394 Prinplup → #0395 Empoleon,ER-1813,Empoleon,Empoleon Redux,Elite Redux,05 Elite Redux - Redux Forms,Redux Form,Fire,Ice,4-view complete,Delta family candidate,Obtain the earliest Delta stage; evolve through the matching Delta line,REVIEW,PENDING,
R0585,395,393,#0393 Piplup → #0394 Prinplup → #0395 Empoleon,ER-1580,Empoleon,Empoleon Redux Mega,Elite Redux,06 Elite Redux - Redux Megas,Mega,Fire,Ice,4-view complete,Mega Delta,Mega Evolution of the corresponding Delta form,REVIEW,PENDING,
R0586,395,393,#0393 Piplup → #0394 Prinplup → #0395 Empoleon,CPF-0199,Empoleon,Empoleon — Alternate (Form 1),Reborn / Plates of Arceus,01 Reborn - Alternate & Type Forms,Alternate Form,Water,Ice,4-view complete,Standalone Delta candidate,"Delta Stone candidate, unless a lore/location method fits better",REVIEW,PENDING,
R0587,398,396,#0396 Starly → #0397 Staravia → #0398 Staraptor,PR-0398,Staraptor,Platinum Redux Staraptor,Platinum Redux 2.9.3 TC6,Platinum Redux — changed-type variants,Alternate Form,Fighting,Flying,Normal + shiny front/back converted from NDS,Standalone Delta candidate,"Delta Stone candidate, unless a lore/location method fits better",REVIEW,PENDING,
R0588,401,401,#0401 Kricketot → #0402 Kricketune,PR-0401,Kricketot,Platinum Redux Kricketot,Platinum Redux 2.9.3 TC6,Platinum Redux — changed-type variants,Alternate Form,Rock,Poison,Normal + shiny front/back converted from NDS,Delta family candidate,Obtain the earliest Delta stage; evolve through the matching Delta line,REVIEW,PENDING,
R0589,402,401,#0401 Kricketot → #0402 Kricketune,PR-0402,Kricketune,Platinum Redux Kricketune,Platinum Redux 2.9.3 TC6,Platinum Redux — changed-type variants,Alternate Form,Electric,Grass,Normal + shiny front/back converted from NDS,Delta family candidate,Obtain the earliest Delta stage; evolve through the matching Delta line,REVIEW,PENDING,
R0590,403,403,#0403 Shinx → #0404 Luxio → #0405 Luxray,ER-1861,Shinx,Shinx Redux,Elite Redux,05 Elite Redux - Redux Forms,Redux Form,Grass,,4-view complete,Delta family candidate,Obtain the earliest Delta stage; evolve through the matching Delta line,REVIEW,PENDING,
R0591,404,403,#0403 Shinx → #0404 Luxio → #0405 Luxray,ER-1862,Luxio,Luxio Redux,Elite Redux,05 Elite Redux - Redux Forms,Redux Form,Grass,,4-view complete,Delta family candidate,Obtain the earliest Delta stage; evolve through the matching Delta line,REVIEW,PENDING,
R0592,405,403,#0403 Shinx → #0404 Luxio → #0405 Luxray,ER-1863,Luxray,Luxray Redux,Elite Redux,05 Elite Redux - Redux Forms,Redux Form,Grass,,4-view complete,Delta family candidate,Obtain the earliest Delta stage; evolve through the matching Delta line,REVIEW,PENDING,
R0593,405,403,#0403 Shinx → #0404 Luxio → #0405 Luxray,ER-1537,Luxray,Luxray Mega,Elite Redux,04 Elite Redux - Standard Megas,Mega,Electric,,4-view complete,Custom Mega,Species-specific Mega Stone; only if this design is approved,REVIEW,PENDING,
R0594,405,403,#0403 Shinx → #0404 Luxio → #0405 Luxray,ER-1864,Luxray,Luxray Redux Mega,Elite Redux,06 Elite Redux - Redux Megas,Mega,Grass,,4-view complete,Mega Delta,Mega Evolution of the corresponding Delta form,REVIEW,PENDING,
R0595,405,403,#0403 Shinx → #0404 Luxio → #0405 Luxray,PR-0405,Luxray,Platinum Redux Luxray,Platinum Redux 2.9.3 TC6,Platinum Redux — changed-type variants,Alternate Form,Electric,Dark,Normal + shiny front/back converted from NDS,Standalone Delta candidate,"Delta Stone candidate, unless a lore/location method fits better",REVIEW,PENDING,
R0596,405,403,#0403 Shinx → #0404 Luxio → #0405 Luxray,CPF-0200,Luxray,Luxray — Alternate (Form 1),Reborn / Plates of Arceus,01 Reborn - Alternate & Type Forms,Alternate Form,Electric,Dark,4-view complete,Standalone Delta candidate,"Delta Stone candidate, unless a lore/location method fits better",REVIEW,PENDING,
R0597,408,408,#0408 Cranidos → #0409 Rampardos,CPF-0201,Cranidos,Cranidos — Alternate (Form 1),Reborn / Plates of Arceus,01 Reborn - Alternate & Type Forms,Alternate Form,Dragon,Rock,4-view complete,Delta family candidate,Obtain the earliest Delta stage; evolve through the matching Delta line,REVIEW,PENDING,
R0598,409,408,#0408 Cranidos → #0409 Rampardos,BP-MEGA-014,Rampardos,Mega Rampardos,Banished Platinum / Original Megas,07 Banished Platinum - Original Megas,Mega,,,Front + back only,Custom Mega,Species-specific Mega Stone; only if this design is approved,REVIEW,PENDING,
R0599,409,408,#0408 Cranidos → #0409 Rampardos,PR-0409,Rampardos,Platinum Redux Rampardos,Platinum Redux 2.9.3 TC6,Platinum Redux — changed-type variants,Alternate Form,Rock,Dragon,Normal + shiny front/back converted from NDS,Standalone Delta candidate,"Delta Stone candidate, unless a lore/location method fits better",REVIEW,PENDING,
R0600,409,408,#0408 Cranidos → #0409 Rampardos,CPF-0202,Rampardos,Rampardos — Alternate (Form 1),Reborn / Plates of Arceus,01 Reborn - Alternate & Type Forms,Alternate Form,Dragon,Rock,4-view complete,Delta family candidate,Obtain the earliest Delta stage; evolve through the matching Delta line,REVIEW,PENDING,
R0601,410,410,#0410 Shieldon → #0411 Bastiodon,CPF-0203,Shieldon,Shieldon — Alternate (Form 1),Reborn / Plates of Arceus,01 Reborn - Alternate & Type Forms,Alternate Form,Dragon,Steel,4-view complete,Delta family candidate,Obtain the earliest Delta stage; evolve through the matching Delta line,REVIEW,PENDING,
R0602,411,410,#0410 Shieldon → #0411 Bastiodon,BP-MEGA-001,Bastiodon,Mega Bastiodon,Banished Platinum / Original Megas,07 Banished Platinum - Original Megas,Mega,,,Front + back only,Custom Mega,Species-specific Mega Stone; only if this design is approved,REVIEW,PENDING,
R0603,411,410,#0410 Shieldon → #0411 Bastiodon,PR-0411,Bastiodon,Platinum Redux Bastiodon,Platinum Redux 2.9.3 TC6,Platinum Redux — changed-type variants,Alternate Form,Dragon,Steel,Normal + shiny front/back converted from NDS,Standalone Delta candidate,"Delta Stone candidate, unless a lore/location method fits better",REVIEW,PENDING,
R0604,411,410,#0410 Shieldon → #0411 Bastiodon,CPF-0204,Bastiodon,Bastiodon — Alternate (Form 1),Reborn / Plates of Arceus,01 Reborn - Alternate & Type Forms,Alternate Form,Dragon,Steel,4-view complete,Delta family candidate,Obtain the earliest Delta stage; evolve through the matching Delta line,REVIEW,PENDING,
R0605,412,412,#0412 Burmy → #0413 Wormadam,PR-0412,Burmy,Platinum Redux Burmy,Platinum Redux 2.9.3 TC6,Platinum Redux — changed-type variants,Alternate Form,Ice,Rock,Normal + shiny front/back converted from NDS,Delta family candidate,Obtain the earliest Delta stage; evolve through the matching Delta line,REVIEW,PENDING,
R0606,413,412,#0412 Burmy → #0413 Wormadam,PR-0413,Wormadam,Platinum Redux Wormadam,Platinum Redux 2.9.3 TC6,Platinum Redux — changed-type variants,Alternate Form,Ice,Dragon,Normal + shiny front/back converted from NDS,Delta family candidate,Obtain the earliest Delta stage; evolve through the matching Delta line,REVIEW,PENDING,
R0607,415,415,#0415 Combee → #0416 Vespiquen,CPF-0205,Combee,Combee — Alternate (Form 1),Reborn / Plates of Arceus,01 Reborn - Alternate & Type Forms,Alternate Form,Bug,Psychic,Front + back only,Delta family candidate,Obtain the earliest Delta stage; evolve through the matching Delta line,REVIEW,PENDING,
R0608,416,415,#0415 Combee → #0416 Vespiquen,CPF-0206,Vespiquen,Vespiquen — Alternate (Form 1),Reborn / Plates of Arceus,01 Reborn - Alternate & Type Forms,Alternate Form,Bug,Psychic,Front + back only,Delta family candidate,Obtain the earliest Delta stage; evolve through the matching Delta line,REVIEW,PENDING,
R0609,417,417,#0417 Pachirisu,PR-0417,Pachirisu,Platinum Redux Pachirisu,Platinum Redux 2.9.3 TC6,Platinum Redux — changed-type variants,Alternate Form,Flying,,Normal + shiny front/back converted from NDS,Standalone Delta candidate,"Delta Stone candidate, unless a lore/location method fits better",REVIEW,PENDING,
R0610,417,417,#0417 Pachirisu,CPF-0207,Pachirisu,Pachirisu — Alternate (Form 1),Reborn / Plates of Arceus,01 Reborn - Alternate & Type Forms,Alternate Form,Electric,Grass,4-view complete,Standalone Delta candidate,"Delta Stone candidate, unless a lore/location method fits better",REVIEW,PENDING,
R0611,418,418,#0418 Buizel → #0419 Floatzel,ER-1736,Buizel,Buizel Redux,Elite Redux,05 Elite Redux - Redux Forms,Redux Form,Flying,,4-view complete,Delta family candidate,Obtain the earliest Delta stage; evolve through the matching Delta line,REVIEW,PENDING,
R0612,418,418,#0418 Buizel → #0419 Floatzel,PR-0418,Buizel,Platinum Redux Buizel,Platinum Redux 2.9.3 TC6,Platinum Redux — changed-type variants,Alternate Form,Flying,,Normal + shiny front/back converted from NDS,Delta family candidate,Obtain the earliest Delta stage; evolve through the matching Delta line,REVIEW,PENDING,
R0613,419,418,#0418 Buizel → #0419 Floatzel,ER-1737,Floatzel,Floatzel Redux,Elite Redux,05 Elite Redux - Redux Forms,Redux Form,Flying,,4-view complete,Delta family candidate,Obtain the earliest Delta stage; evolve through the matching Delta line,REVIEW,PENDING,
R0614,419,418,#0418 Buizel → #0419 Floatzel,PR-0419,Floatzel,Platinum Redux Floatzel,Platinum Redux 2.9.3 TC6,Platinum Redux — changed-type variants,Alternate Form,Flying,Steel,Normal + shiny front/back converted from NDS,Delta family candidate,Obtain the earliest Delta stage; evolve through the matching Delta line,REVIEW,PENDING,
R0615,420,420,#0420 Cherubi → #0421 Cherrim,PR-0420,Cherubi,Platinum Redux Cherubi,Platinum Redux 2.9.3 TC6,Platinum Redux — changed-type variants,Alternate Form,Normal,Flying,Normal + shiny front/back converted from NDS,Delta family candidate,Obtain the earliest Delta stage; evolve through the matching Delta line,REVIEW,PENDING,
R0616,421,420,#0420 Cherubi → #0421 Cherrim,PR-0421,Cherrim,Platinum Redux Cherrim,Platinum Redux 2.9.3 TC6,Platinum Redux — changed-type variants,Alternate Form,Fire,Flying,Normal + shiny front/back converted from NDS,Delta family candidate,Obtain the earliest Delta stage; evolve through the matching Delta line,REVIEW,PENDING,
R0617,422,422,#0422 Shellos → #0423 Gastrodon,PR-0422,Shellos,Platinum Redux Shellos,Platinum Redux 2.9.3 TC6,Platinum Redux — changed-type variants,Alternate Form,Fire,Flying,Normal + shiny front/back converted from NDS,Delta family candidate,Obtain the earliest Delta stage; evolve through the matching Delta line,REVIEW,PENDING,
R0618,423,422,#0422 Shellos → #0423 Gastrodon,PR-0423,Gastrodon,Platinum Redux Gastrodon,Platinum Redux 2.9.3 TC6,Platinum Redux — changed-type variants,Alternate Form,Bug,Rock,Normal + shiny front/back converted from NDS,Delta family candidate,Obtain the earliest Delta stage; evolve through the matching Delta line,REVIEW,PENDING,
R0619,425,425,#0425 Drifloon → #0426 Drifblim,MR-DELTA-DRIFLOON,Drifloon,Delta Drifloon,Mercury Redux Custom,Mercury — Locked Custom Forms,Delta Form,,,GBA project pack,LOCKED — existing Mercury choice,Already selected; implementation follows existing project plan,LOCKED KEEP,LOCKED KEEP,
R0620,426,425,#0425 Drifloon → #0426 Drifblim,MR-DELTA-DRIFBLIM,Drifblim,Delta Drifblim,Mercury Redux Custom,Mercury — Locked Custom Forms,Delta Form,,,GBA project pack,LOCKED — existing Mercury choice,Already selected; implementation follows existing project plan,LOCKED KEEP,LOCKED KEEP,
R0621,427,427,#0427 Buneary → #0428 Lopunny,CPF-0208,Buneary,Buneary — Alternate (Form 2),Reborn / Plates of Arceus,01 Reborn - Alternate & Type Forms,Alternate Form,Ice,,4-view complete,Delta family candidate,Obtain the earliest Delta stage; evolve through the matching Delta line,REVIEW,PENDING,
R0622,428,427,#0427 Buneary → #0428 Lopunny,PR-0428,Lopunny,Platinum Redux Lopunny,Platinum Redux 2.9.3 TC6,Platinum Redux — changed-type variants,Alternate Form,Normal,Fighting,Normal + shiny front/back converted from NDS,Standalone Delta candidate,"Delta Stone candidate, unless a lore/location method fits better",REVIEW,PENDING,
R0623,428,427,#0427 Buneary → #0428 Lopunny,CPF-0210,Lopunny,Lopunny — Alternate (Form 2),Reborn / Plates of Arceus,01 Reborn - Alternate & Type Forms,Alternate Form,Ice,,4-view complete,Delta family candidate,Obtain the earliest Delta stage; evolve through the matching Delta line,REVIEW,PENDING,
R0624,428,427,#0427 Buneary → #0428 Lopunny,CPF-0209,Lopunny,Lopunny — BlueTowel Alternate forms (Form 1),Reborn / Plates of Arceus,01 Reborn - Alternate & Type Forms,Alternate Form,Normal,Fighting,4-view complete,Standalone Delta candidate,"Delta Stone candidate, unless a lore/location method fits better",REVIEW,PENDING,
R0625,428,427,#0427 Buneary → #0428 Lopunny,CPF-0211,Lopunny,Lopunny — Alternate Mega (Form 3),Reborn / Plates of Arceus,02 Reborn - Explicit Megas,Mega,Ice,Fighting,4-view complete,Custom Mega,Species-specific Mega Stone; only if this design is approved,REVIEW,PENDING,
R0626,431,431,#0431 Glameow → #0432 Purugly,PR-0431,Glameow,Platinum Redux Glameow,Platinum Redux 2.9.3 TC6,Platinum Redux — changed-type variants,Alternate Form,Bug,,Normal + shiny front/back converted from NDS,Delta family candidate,Obtain the earliest Delta stage; evolve through the matching Delta line,REVIEW,PENDING,
R0627,431,431,#0431 Glameow → #0432 Purugly,CPF-0219,Glameow,Glameow — Alternate (Form 1),Reborn / Plates of Arceus,01 Reborn - Alternate & Type Forms,Alternate Form,Normal,Ground,4-view complete,Delta family candidate,Obtain the earliest Delta stage; evolve through the matching Delta line,REVIEW,PENDING,
R0628,432,431,#0431 Glameow → #0432 Purugly,MR-MEGA-PURUGLY,Purugly,Mega Purugly,Mercury Redux Custom,Mercury — Locked Custom Forms,Mega,,,GBA project pack,LOCKED — existing Mercury choice,Already selected; implementation follows existing project plan,LOCKED KEEP,LOCKED KEEP,
R0629,432,431,#0431 Glameow → #0432 Purugly,PR-0432,Purugly,Platinum Redux Purugly,Platinum Redux 2.9.3 TC6,Platinum Redux — changed-type variants,Alternate Form,Bug,Electric,Normal + shiny front/back converted from NDS,Delta family candidate,Obtain the earliest Delta stage; evolve through the matching Delta line,REVIEW,PENDING,
R0630,432,431,#0431 Glameow → #0432 Purugly,CPF-0220,Purugly,Purugly — Alternate (Form 1),Reborn / Plates of Arceus,01 Reborn - Alternate & Type Forms,Alternate Form,Normal,Ground,4-view complete,Delta family candidate,Obtain the earliest Delta stage; evolve through the matching Delta line,REVIEW,PENDING,
R0631,435,434,#0434 Stunky → #0435 Skuntank,MR-MEGA-SKUNTANK,Skuntank,Mega Skuntank,Mercury Redux Custom,Mercury — Locked Custom Forms,Mega,,,GBA project pack,LOCKED — existing Mercury choice,Already selected; implementation follows existing project plan,LOCKED KEEP,LOCKED KEEP,
R0632,435,434,#0434 Stunky → #0435 Skuntank,PR-0435,Skuntank,Platinum Redux Skuntank,Platinum Redux 2.9.3 TC6,Platinum Redux — changed-type variants,Alternate Form,Poison,Normal,Normal + shiny front/back converted from NDS,Standalone Delta candidate,"Delta Stone candidate, unless a lore/location method fits better",REVIEW,PENDING,
R0633,437,436,#0436 Bronzor → #0437 Bronzong,MR-MEGA-BRONZONG,Bronzong,Mega Bronzong,Mercury Redux Custom,Mercury — Locked Custom Forms,Mega,,,GBA project pack,LOCKED — existing Mercury choice,Already selected; implementation follows existing project plan,LOCKED KEEP,LOCKED KEEP,
R0634,437,436,#0436 Bronzor → #0437 Bronzong,PR-0437,Bronzong,Platinum Redux Bronzong,Platinum Redux 2.9.3 TC6,Platinum Redux — changed-type variants,Alternate Form,Steel,Poison,Normal + shiny front/back converted from NDS,Standalone Delta candidate,"Delta Stone candidate, unless a lore/location method fits better",REVIEW,PENDING,
R0635,441,441,#0441 Chatot,PR-0441,Chatot,Platinum Redux Chatot,Platinum Redux 2.9.3 TC6,Platinum Redux — changed-type variants,Alternate Form,Ghost,Ice,Normal + shiny front/back converted from NDS,Standalone Delta candidate,"Delta Stone candidate, unless a lore/location method fits better",REVIEW,PENDING,
R0636,442,442,#0442 Spiritomb,BP-MEGA-022,Spiritomb,Mega Spiritomb,Banished Platinum / Original Megas,07 Banished Platinum - Original Megas,Mega,,,Front + back only,Custom Mega,Species-specific Mega Stone; only if this design is approved,REVIEW,PENDING,
R0637,442,442,#0442 Spiritomb,ER-1843,Spiritomb,Spiritomb Redux,Elite Redux,05 Elite Redux - Redux Forms,Redux Form,Ghost,Poison,4-view complete,Standalone Delta candidate,"Delta Stone candidate, unless a lore/location method fits better",REVIEW,PENDING,
R0638,442,442,#0442 Spiritomb,CPF-0212,Spiritomb,Spiritomb — Alternate (Form 1),Reborn / Plates of Arceus,01 Reborn - Alternate & Type Forms,Alternate Form,Ghost,Rock,4-view complete,Standalone Delta candidate,"Delta Stone candidate, unless a lore/location method fits better",REVIEW,PENDING,
R0639,443,443,#0443 Gible → #0444 Gabite → #0445 Garchomp,ER-1753,Gible,Gible Redux,Elite Redux,05 Elite Redux - Redux Forms,Redux Form,Water,Ghost,4-view complete,Delta family candidate,Obtain the earliest Delta stage; evolve through the matching Delta line,REVIEW,PENDING,
R0640,443,443,#0443 Gible → #0444 Gabite → #0445 Garchomp,CPF-0213,Gible,Gible — BlueTowel Alternate forms (Form 2),Reborn / Plates of Arceus,01 Reborn - Alternate & Type Forms,Alternate Form,Dragon,Water,4-view complete,Delta family candidate,Obtain the earliest Delta stage; evolve through the matching Delta line,REVIEW,PENDING,
R0641,444,443,#0443 Gible → #0444 Gabite → #0445 Garchomp,ER-1754,Gabite,Gabite Redux,Elite Redux,05 Elite Redux - Redux Forms,Redux Form,Water,Ghost,4-view complete,Delta family candidate,Obtain the earliest Delta stage; evolve through the matching Delta line,REVIEW,PENDING,
R0642,444,443,#0443 Gible → #0444 Gabite → #0445 Garchomp,CPF-0214,Gabite,Gabite — BlueTowel Alternate forms (Form 2),Reborn / Plates of Arceus,01 Reborn - Alternate & Type Forms,Alternate Form,Dragon,Water,4-view complete,Delta family candidate,Obtain the earliest Delta stage; evolve through the matching Delta line,REVIEW,PENDING,
R0643,445,443,#0443 Gible → #0444 Gabite → #0445 Garchomp,ER-1755,Garchomp,Garchomp Redux,Elite Redux,05 Elite Redux - Redux Forms,Redux Form,Water,Ghost,4-view complete,Delta family candidate,Obtain the earliest Delta stage; evolve through the matching Delta line,REVIEW,PENDING,
R0644,445,443,#0443 Gible → #0444 Gabite → #0445 Garchomp,ER-1555,Garchomp,Garchomp Mega Redux,Elite Redux,06 Elite Redux - Redux Megas,Mega,Water,Ghost,4-view complete,Mega Delta,Mega Evolution of the corresponding Delta form,REVIEW,PENDING,
R0645,445,443,#0443 Gible → #0444 Gabite → #0445 Garchomp,CPF-0216,Garchomp,Garchomp — Alternate (Form 2),Reborn / Plates of Arceus,01 Reborn - Alternate & Type Forms,Alternate Form,Dragon,Water,4-view complete,Delta family candidate,Obtain the earliest Delta stage; evolve through the matching Delta line,REVIEW,PENDING,
R0646,445,443,#0443 Gible → #0444 Gabite → #0445 Garchomp,CPF-0215,Garchomp,Garchomp — BlueTowel Alternate forms (Form 1),Reborn / Plates of Arceus,01 Reborn - Alternate & Type Forms,Alternate Form,Dragon,Ground,4-view complete,Standalone Delta candidate,"Delta Stone candidate, unless a lore/location method fits better",REVIEW,PENDING,
R0647,445,443,#0443 Gible → #0444 Gabite → #0445 Garchomp,CPF-0217,Garchomp,Garchomp — Alternate Mega (Form 3),Reborn / Plates of Arceus,02 Reborn - Explicit Megas,Mega,Dragon,Water,4-view complete,Custom Mega,Species-specific Mega Stone; only if this design is approved,REVIEW,PENDING,
R0648,450,449,#0449 Hippopotas → #0450 Hippowdon,MR-MEGA-HIPPOWDON,Hippowdon,Mega Hippowdon,Mercury Redux Custom,Mercury — Locked Custom Forms,Mega,,,GBA project pack,LOCKED — existing Mercury choice,Already selected; implementation follows existing project plan,LOCKED KEEP,LOCKED KEEP,
R0649,450,449,#0449 Hippopotas → #0450 Hippowdon,PR-0450,Hippowdon,Platinum Redux Hippowdon,Platinum Redux 2.9.3 TC6,Platinum Redux — changed-type variants,Alternate Form,Ground,Dark,Normal + shiny front/back converted from NDS,Standalone Delta candidate,"Delta Stone candidate, unless a lore/location method fits better",REVIEW,PENDING,
R0650,451,451,#0451 Skorupi → #0452 Drapion,CPF-0221,Skorupi,Skorupi — Alternate (Form 1),Reborn / Plates of Arceus,01 Reborn - Alternate & Type Forms,Alternate Form,Poison,Bug,4-view complete,Delta family candidate,Obtain the earliest Delta stage; evolve through the matching Delta line,REVIEW,PENDING,
R0651,451,451,#0451 Skorupi → #0452 Drapion,CPF-0222,Skorupi,Skorupi — Alternate (Form 2),Reborn / Plates of Arceus,01 Reborn - Alternate & Type Forms,Alternate Form,Poison,Bug,4-view complete,Standalone Delta candidate,"Delta Stone candidate, unless a lore/location method fits better",REVIEW,PENDING,
R0652,452,451,#0451 Skorupi → #0452 Drapion,MR-MEGA-DRAPION,Drapion,Mega Drapion,Mercury Redux Custom,Mercury — Locked Custom Forms,Mega,,,GBA project pack,LOCKED — existing Mercury choice,Already selected; implementation follows existing project plan,LOCKED KEEP,LOCKED KEEP,
R0653,452,451,#0451 Skorupi → #0452 Drapion,CPF-0223,Drapion,Drapion — Alternate (Form 1),Reborn / Plates of Arceus,01 Reborn - Alternate & Type Forms,Alternate Form,Dark,Bug,4-view complete,Delta family candidate,Obtain the earliest Delta stage; evolve through the matching Delta line,REVIEW,PENDING,
R0654,455,455,#0455 Carnivine,PR-0455,Carnivine,Platinum Redux Carnivine,Platinum Redux 2.9.3 TC6,Platinum Redux — changed-type variants,Alternate Form,Dark,Ice,Normal + shiny front/back converted from NDS,Standalone Delta candidate,"Delta Stone candidate, unless a lore/location method fits better",REVIEW,PENDING,
R0655,455,455,#0455 Carnivine,CPF-0225,Carnivine,Carnivine — Alternate (Form 2),Reborn / Plates of Arceus,01 Reborn - Alternate & Type Forms,Alternate Form,Steel,Dark,4-view complete,Standalone Delta candidate,"Delta Stone candidate, unless a lore/location method fits better",REVIEW,PENDING,
R0656,455,455,#0455 Carnivine,CPF-0224,Carnivine,Carnivine — BlueTowel Alternate form (Form 1),Reborn / Plates of Arceus,01 Reborn - Alternate & Type Forms,Alternate Form,Grass,Fire,4-view complete,Standalone Delta candidate,"Delta Stone candidate, unless a lore/location method fits better",REVIEW,PENDING,
R0657,456,456,#0456 Finneon → #0457 Lumineon,PR-0456,Finneon,Platinum Redux Finneon,Platinum Redux 2.9.3 TC6,Platinum Redux — changed-type variants,Alternate Form,Ice,,Normal + shiny front/back converted from NDS,Delta family candidate,Obtain the earliest Delta stage; evolve through the matching Delta line,REVIEW,PENDING,
R0658,457,456,#0456 Finneon → #0457 Lumineon,PR-0457,Lumineon,Platinum Redux Lumineon,Platinum Redux 2.9.3 TC6,Platinum Redux — changed-type variants,Alternate Form,Ice,Fighting,Normal + shiny front/back converted from NDS,Delta family candidate,Obtain the earliest Delta stage; evolve through the matching Delta line,REVIEW,PENDING,
R0659,460,459,#0459 Snover → #0460 Abomasnow,ER-1791,Abomasnow,Abomasnow Santa,Elite Redux,03 Elite Redux - New Species & Evolutions,New Species / Evolution,Grass,Ice,4-view complete,New species / evolution,Connection review needed — decide parent/evolution method in Notes,REVIEW,PENDING,
R0660,480,480,#0480 Uxie,ER-1740,Uxie,Uxie Redux,Elite Redux,05 Elite Redux - Redux Forms,Redux Form,Dark,Fairy,4-view complete,Standalone Delta candidate,"Delta Stone candidate, unless a lore/location method fits better",REVIEW,PENDING,
R0661,480,480,#0480 Uxie,PR-0480,Uxie,Platinum Redux Uxie,Platinum Redux 2.9.3 TC6,Platinum Redux — changed-type variants,Alternate Form,Ground,Dark,Normal + shiny front/back converted from NDS,Standalone Delta candidate,"Delta Stone candidate, unless a lore/location method fits better",REVIEW,PENDING,
R0662,481,481,#0481 Mesprit,ER-1739,Mesprit,Mesprit Redux,Elite Redux,05 Elite Redux - Redux Forms,Redux Form,Dark,Fairy,4-view complete,Standalone Delta candidate,"Delta Stone candidate, unless a lore/location method fits better",REVIEW,PENDING,
R0663,481,481,#0481 Mesprit,PR-0481,Mesprit,Platinum Redux Mesprit,Platinum Redux 2.9.3 TC6,Platinum Redux — changed-type variants,Alternate Form,Ground,Dark,Normal + shiny front/back converted from NDS,Standalone Delta candidate,"Delta Stone candidate, unless a lore/location method fits better",REVIEW,PENDING,
R0664,482,482,#0482 Azelf,ER-1738,Azelf,Azelf Redux,Elite Redux,05 Elite Redux - Redux Forms,Redux Form,Dark,Fairy,4-view complete,Standalone Delta candidate,"Delta Stone candidate, unless a lore/location method fits better",REVIEW,PENDING,
R0665,482,482,#0482 Azelf,PR-0482,Azelf,Platinum Redux Azelf,Platinum Redux 2.9.3 TC6,Platinum Redux — changed-type variants,Alternate Form,Ground,Dark,Normal + shiny front/back converted from NDS,Standalone Delta candidate,"Delta Stone candidate, unless a lore/location method fits better",REVIEW,PENDING,
R0666,484,484,#0484 Palkia,PR-0484,Palkia,Platinum Redux Palkia,Platinum Redux 2.9.3 TC6,Platinum Redux — changed-type variants,Alternate Form,Psychic,Dragon,Normal + shiny front/back converted from NDS,Standalone Delta candidate,"Delta Stone candidate, unless a lore/location method fits better",REVIEW,PENDING,
R0667,486,486,#0486 Regigigas,PR-0486,Regigigas,Platinum Redux Regigigas,Platinum Redux 2.9.3 TC6,Platinum Redux — changed-type variants,Alternate Form,Bug,Steel,Normal + shiny front/back converted from NDS,Standalone Delta candidate,"Delta Stone candidate, unless a lore/location method fits better",REVIEW,PENDING,
R0668,488,488,#0488 Cresselia,PR-0488,Cresselia,Platinum Redux Cresselia,Platinum Redux 2.9.3 TC6,Platinum Redux — changed-type variants,Alternate Form,Fighting,Ghost,Normal + shiny front/back converted from NDS,Standalone Delta candidate,"Delta Stone candidate, unless a lore/location method fits better",REVIEW,PENDING,
R0669,489,489,#0489 Phione,PR-0489,Phione,Platinum Redux Phione,Platinum Redux 2.9.3 TC6,Platinum Redux — changed-type variants,Alternate Form,Ground,Steel,Normal + shiny front/back converted from NDS,Standalone Delta candidate,"Delta Stone candidate, unless a lore/location method fits better",REVIEW,PENDING,
R0670,490,490,#0490 Manaphy,PR-0490,Manaphy,Platinum Redux Manaphy,Platinum Redux 2.9.3 TC6,Platinum Redux — changed-type variants,Alternate Form,Rock,Psychic,Normal + shiny front/back converted from NDS,Standalone Delta candidate,"Delta Stone candidate, unless a lore/location method fits better",REVIEW,PENDING,
R0671,491,491,#0491 Darkrai,ER-1795,Darkrai,Darkrai Nightmare,Elite Redux,03 Elite Redux - New Species & Evolutions,New Species / Evolution,Dark,,4-view complete,New species / evolution,Connection review needed — decide parent/evolution method in Notes,REVIEW,PENDING,
R0672,491,491,#0491 Darkrai,PR-0491,Darkrai,Platinum Redux Darkrai,Platinum Redux 2.9.3 TC6,Platinum Redux — changed-type variants,Alternate Form,Dark,Psychic,Normal + shiny front/back converted from NDS,Standalone Delta candidate,"Delta Stone candidate, unless a lore/location method fits better",REVIEW,PENDING,
R0673,492,492,#0492 Shaymin,PR-0492,Shaymin,Platinum Redux Shaymin,Platinum Redux 2.9.3 TC6,Platinum Redux — changed-type variants,Alternate Form,Grass,Flying,Normal + shiny front/back converted from NDS,Standalone Delta candidate,"Delta Stone candidate, unless a lore/location method fits better",REVIEW,PENDING,
R0674,494,494,#0494 Victini,ER-1783,Victini,Victini Primal,Elite Redux,03 Elite Redux - New Species & Evolutions,New Species / Evolution,Psychic,Fire,4-view complete,New species / evolution,Connection review needed — decide parent/evolution method in Notes,REVIEW,PENDING,
R0675,497,495,#0495 Snivy → #0496 Servine → #0497 Serperior,ER-1616,Serperior,Serperior Mega,Elite Redux,04 Elite Redux - Standard Megas,Mega,Grass,Dragon,4-view complete,Custom Mega,Species-specific Mega Stone; only if this design is approved,REVIEW,PENDING,
R0676,497,495,#0495 Snivy → #0496 Servine → #0497 Serperior,CPF-0241,Serperior,Serperior — Alternate (Form 1),Reborn / Plates of Arceus,01 Reborn - Alternate & Type Forms,Alternate Form,Grass,Dragon,4-view complete,Standalone Delta candidate,"Delta Stone candidate, unless a lore/location method fits better",REVIEW,PENDING,
R0677,499,498,#0498 Tepig → #0499 Pignite → #0500 Emboar,CPF-0242,Pignite,Pignite — Alternate (Form 1),Reborn / Plates of Arceus,01 Reborn - Alternate & Type Forms,Alternate Form,Fire,Rock,4-view complete,Delta family candidate,Obtain the earliest Delta stage; evolve through the matching Delta line,REVIEW,PENDING,
R0678,500,498,#0498 Tepig → #0499 Pignite → #0500 Emboar,CPF-0243,Emboar,Emboar — Alternate (Form 1),Reborn / Plates of Arceus,01 Reborn - Alternate & Type Forms,Alternate Form,Fire,Rock,4-view complete,Delta family candidate,Obtain the earliest Delta stage; evolve through the matching Delta line,REVIEW,PENDING,
R0679,503,501,#0501 Oshawott → #0502 Dewott → #0503 Samurott,ER-1625,Samurott,Samurott Hisuian Mega,Elite Redux,04 Elite Redux - Standard Megas,Mega,Water,Dark,4-view complete,Custom Mega,Species-specific Mega Stone; only if this design is approved,REVIEW,PENDING,
R0680,503,501,#0501 Oshawott → #0502 Dewott → #0503 Samurott,ER-1618,Samurott,Samurott Mega,Elite Redux,04 Elite Redux - Standard Megas,Mega,Water,Fighting,4-view complete,Custom Mega,Species-specific Mega Stone; only if this design is approved,REVIEW,PENDING,
R0681,503,501,#0501 Oshawott → #0502 Dewott → #0503 Samurott,CPF-0244,Samurott,Samurott — BlueTowel Alternate form (Form 1),Reborn / Plates of Arceus,01 Reborn - Alternate & Type Forms,Alternate Form,Water,Fighting,4-view complete,Standalone Delta candidate,"Delta Stone candidate, unless a lore/location method fits better",REVIEW,PENDING,
R0682,503,501,#0501 Oshawott → #0502 Dewott → #0503 Samurott,CPF-0245,Samurott,Samurott — BlueTowel Alternate form (Form 2),Reborn / Plates of Arceus,01 Reborn - Alternate & Type Forms,Alternate Form,Water,Dark,4-view complete,Standalone Delta candidate,"Delta Stone candidate, unless a lore/location method fits better",REVIEW,PENDING,
R0683,509,509,#0509 Purrloin → #0510 Liepard,CPF-0256,Purrloin,Purrloin — Alternate (Form 1),Reborn / Plates of Arceus,01 Reborn - Alternate & Type Forms,Alternate Form,Ground,Ice,4-view complete,Delta family candidate,Obtain the earliest Delta stage; evolve through the matching Delta line,REVIEW,PENDING,
R0684,510,509,#0509 Purrloin → #0510 Liepard,CPF-0257,Liepard,Liepard — Alternate (Form 1),Reborn / Plates of Arceus,01 Reborn - Alternate & Type Forms,Alternate Form,Ground,Ice,4-view complete,Delta family candidate,Obtain the earliest Delta stage; evolve through the matching Delta line,REVIEW,PENDING,
R0685,511,511,#0511 Pansage → #0512 Simisage,ER-1730,Pansage,Pansage Redux,Elite Redux,05 Elite Redux - Redux Forms,Redux Form,Fighting,,4-view complete,Delta family candidate,Obtain the earliest Delta stage; evolve through the matching Delta line,REVIEW,PENDING,
R0686,512,511,#0511 Pansage → #0512 Simisage,ER-1731,Simisage,Simisage Redux,Elite Redux,05 Elite Redux - Redux Forms,Redux Form,Fighting,,4-view complete,Delta family candidate,Obtain the earliest Delta stage; evolve through the matching Delta line,REVIEW,PENDING,
R0687,513,513,#0513 Pansear → #0514 Simisear,ER-1732,Pansear,Pansear Redux,Elite Redux,05 Elite Redux - Redux Forms,Redux Form,Dark,,4-view complete,Delta family candidate,Obtain the earliest Delta stage; evolve through the matching Delta line,REVIEW,PENDING,
R0688,514,513,#0513 Pansear → #0514 Simisear,ER-1733,Simisear,Simisear Redux,Elite Redux,05 Elite Redux - Redux Forms,Redux Form,Dark,,4-view complete,Delta family candidate,Obtain the earliest Delta stage; evolve through the matching Delta line,REVIEW,PENDING,
R0689,515,515,#0515 Panpour → #0516 Simipour,ER-1728,Panpour,Panpour Redux,Elite Redux,05 Elite Redux - Redux Forms,Redux Form,Psychic,,4-view complete,Delta family candidate,Obtain the earliest Delta stage; evolve through the matching Delta line,REVIEW,PENDING,
R0690,516,515,#0515 Panpour → #0516 Simipour,ER-1729,Simipour,Simipour Redux,Elite Redux,05 Elite Redux - Redux Forms,Redux Form,Psychic,,4-view complete,Delta family candidate,Obtain the earliest Delta stage; evolve through the matching Delta line,REVIEW,PENDING,
R0691,517,517,#0517 Munna → #0518 Musharna,CPF-0246,Munna,Munna — Alternate (Form 1),Reborn / Plates of Arceus,01 Reborn - Alternate & Type Forms,Alternate Form,Grass,,4-view complete,Delta family candidate,Obtain the earliest Delta stage; evolve through the matching Delta line,REVIEW,PENDING,
R0692,518,517,#0517 Munna → #0518 Musharna,CPF-0247,Musharna,Musharna — Alternate (Form 1),Reborn / Plates of Arceus,01 Reborn - Alternate & Type Forms,Alternate Form,Grass,Fire,4-view complete,Delta family candidate,Obtain the earliest Delta stage; evolve through the matching Delta line,REVIEW,PENDING,
R0693,519,519,#0519 Pidove → #0520 Tranquill → #0521 Unfezant,CPF-0248,Pidove,Pidove — Alternate (Form 1),Reborn / Plates of Arceus,01 Reborn - Alternate & Type Forms,Alternate Form,Rock,Flying,4-view complete,Delta family candidate,Obtain the earliest Delta stage; evolve through the matching Delta line,REVIEW,PENDING,
R0694,520,519,#0519 Pidove → #0520 Tranquill → #0521 Unfezant,CPF-0249,Tranquill,Tranquill — Alternate (Form 1),Reborn / Plates of Arceus,01 Reborn - Alternate & Type Forms,Alternate Form,Rock,Flying,4-view complete,Delta family candidate,Obtain the earliest Delta stage; evolve through the matching Delta line,REVIEW,PENDING,
R0695,521,519,#0519 Pidove → #0520 Tranquill → #0521 Unfezant,CPF-0250,Unfezant,Unfezant — Alternate (Form 1),Reborn / Plates of Arceus,01 Reborn - Alternate & Type Forms,Alternate Form,Rock,Flying,4-view complete,Delta family candidate,Obtain the earliest Delta stage; evolve through the matching Delta line,REVIEW,PENDING,
R0696,524,524,#0524 Roggenrola → #0525 Boldore → #0526 Gigalith,CPF-0251,Roggenrola,Roggenrola — Alternate (Form 1),Reborn / Plates of Arceus,01 Reborn - Alternate & Type Forms,Alternate Form,Rock,,4-view complete,Delta family candidate,Obtain the earliest Delta stage; evolve through the matching Delta line,REVIEW,PENDING,
R0697,525,524,#0524 Roggenrola → #0525 Boldore → #0526 Gigalith,CPF-0252,Boldore,Boldore — Alternate (Form 1),Reborn / Plates of Arceus,01 Reborn - Alternate & Type Forms,Alternate Form,Rock,,4-view complete,Delta family candidate,Obtain the earliest Delta stage; evolve through the matching Delta line,REVIEW,PENDING,
R0698,529,529,#0529 Drilbur → #0530 Excadrill,ER-1682,Drilbur,Drilbur Redux,Elite Redux,05 Elite Redux - Redux Forms,Redux Form,Dragon,Ground,4-view complete,Delta family candidate,Obtain the earliest Delta stage; evolve through the matching Delta line,REVIEW,PENDING,
R0699,530,529,#0529 Drilbur → #0530 Excadrill,ER-1683,Excadrill,Excadrill Redux,Elite Redux,05 Elite Redux - Redux Forms,Redux Form,Dragon,Ground,4-view complete,Delta family candidate,Obtain the earliest Delta stage; evolve through the matching Delta line,REVIEW,PENDING,
R0700,532,532,#0532 Timburr → #0533 Gurdurr → #0534 Conkeldurr,CPF-0253,Timburr,Timburr — Alternate (Form 1),Reborn / Plates of Arceus,01 Reborn - Alternate & Type Forms,Alternate Form,Fighting,Fairy,4-view complete,Delta family candidate,Obtain the earliest Delta stage; evolve through the matching Delta line,REVIEW,PENDING,
R0701,533,532,#0532 Timburr → #0533 Gurdurr → #0534 Conkeldurr,CPF-0254,Gurdurr,Gurdurr — Alternate (Form 1),Reborn / Plates of Arceus,01 Reborn - Alternate & Type Forms,Alternate Form,Fighting,Fairy,4-view complete,Delta family candidate,Obtain the earliest Delta stage; evolve through the matching Delta line,REVIEW,PENDING,
R0702,534,532,#0532 Timburr → #0533 Gurdurr → #0534 Conkeldurr,CPF-0255,Conkeldurr,Conkeldurr — Alternate (Form 1),Reborn / Plates of Arceus,01 Reborn - Alternate & Type Forms,Alternate Form,Fighting,Fairy,4-view complete,Delta family candidate,Obtain the earliest Delta stage; evolve through the matching Delta line,REVIEW,PENDING,
R0703,538,538,#0538 Throh,ER-1697,Throh,Throh Redux,Elite Redux,05 Elite Redux - Redux Forms,Redux Form,Normal,,4-view complete,Standalone Delta candidate,"Delta Stone candidate, unless a lore/location method fits better",REVIEW,PENDING,
R0704,539,539,#0539 Sawk,ER-1696,Sawk,Sawk Redux,Elite Redux,05 Elite Redux - Redux Forms,Redux Form,Normal,,4-view complete,Standalone Delta candidate,"Delta Stone candidate, unless a lore/location method fits better",REVIEW,PENDING,
R0705,548,548,#0548 Petilil → #0549 Lilligant,CPF-0258,Petilil,Petilil — Alternate (Form 1),Reborn / Plates of Arceus,01 Reborn - Alternate & Type Forms,Alternate Form,Grass,Fire,4-view complete,Delta family candidate,Obtain the earliest Delta stage; evolve through the matching Delta line,REVIEW,PENDING,
R0706,548,548,#0548 Petilil → #0549 Lilligant,CPF-0259,Petilil,Petilil — Alternate (Form 2),Reborn / Plates of Arceus,01 Reborn - Alternate & Type Forms,Alternate Form,Grass,,4-view complete,Delta family candidate,Obtain the earliest Delta stage; evolve through the matching Delta line,REVIEW,PENDING,
R0707,549,548,#0548 Petilil → #0549 Lilligant,CPF-0260,Lilligant,Lilligant — Alternate (Form 1),Reborn / Plates of Arceus,01 Reborn - Alternate & Type Forms,Alternate Form,Grass,Fire,4-view complete,Delta family candidate,Obtain the earliest Delta stage; evolve through the matching Delta line,REVIEW,PENDING,
R0708,549,548,#0548 Petilil → #0549 Lilligant,CPF-0261,Lilligant,Lilligant — Alternate (Form 2),Reborn / Plates of Arceus,01 Reborn - Alternate & Type Forms,Alternate Form,Grass,Fighting,4-view complete,Delta family candidate,Obtain the earliest Delta stage; evolve through the matching Delta line,REVIEW,PENDING,
R0709,551,551,#0551 Sandile → #0552 Krokorok → #0553 Krookodile,CPF-0262,Sandile,Sandile — Alternate (Form 1),Reborn / Plates of Arceus,01 Reborn - Alternate & Type Forms,Alternate Form,Water,Dark,4-view complete,Delta family candidate,Obtain the earliest Delta stage; evolve through the matching Delta line,REVIEW,PENDING,
R0710,552,551,#0551 Sandile → #0552 Krokorok → #0553 Krookodile,CPF-0263,Krokorok,Krokorok — Alternate (Form 1),Reborn / Plates of Arceus,01 Reborn - Alternate & Type Forms,Alternate Form,Water,Dark,4-view complete,Delta family candidate,Obtain the earliest Delta stage; evolve through the matching Delta line,REVIEW,PENDING,
R0711,553,551,#0551 Sandile → #0552 Krokorok → #0553 Krookodile,ER-1542,Krookodile,Krookodile Mega,Elite Redux,04 Elite Redux - Standard Megas,Mega,Ground,Dark,4-view complete,Custom Mega,Species-specific Mega Stone; only if this design is approved,REVIEW,PENDING,
R0712,553,551,#0551 Sandile → #0552 Krokorok → #0553 Krookodile,CPF-0264,Krookodile,Krookodile — Alternate (Form 1),Reborn / Plates of Arceus,01 Reborn - Alternate & Type Forms,Alternate Form,Water,Dark,4-view complete,Delta family candidate,Obtain the earliest Delta stage; evolve through the matching Delta line,REVIEW,PENDING,
R0713,554,554,#0554 Darumaka → #0555 Darmanitan,ER-1836,Darumaka,Darumaka Redux,Elite Redux,05 Elite Redux - Redux Forms,Redux Form,Ground,Fighting,4-view complete,Delta family candidate,Obtain the earliest Delta stage; evolve through the matching Delta line,REVIEW,PENDING,
R0714,555,554,#0554 Darumaka → #0555 Darmanitan,ER-1844,Darmanitan,Blunder-Darmanitan,Elite Redux,05 Elite Redux - Redux Forms,Redux Form,Ground,Fighting,4-view complete,Standalone Delta candidate,"Delta Stone candidate, unless a lore/location method fits better",REVIEW,PENDING,
R0715,555,554,#0554 Darumaka → #0555 Darmanitan,ER-1838,Darmanitan,Darmanitan Aura,Elite Redux,05 Elite Redux - Redux Forms,Redux Form,Rock,Fighting,4-view complete,Standalone Delta candidate,"Delta Stone candidate, unless a lore/location method fits better",REVIEW,PENDING,
R0716,555,554,#0554 Darumaka → #0555 Darmanitan,ER-1837,Darmanitan,Darmanitan Redux,Elite Redux,05 Elite Redux - Redux Forms,Redux Form,Ground,Fighting,4-view complete,Delta family candidate,Obtain the earliest Delta stage; evolve through the matching Delta line,REVIEW,PENDING,
R0717,557,557,#0557 Dwebble → #0558 Crustle,CPF-0265,Dwebble,Dwebble — Alternate (Form 1),Reborn / Plates of Arceus,01 Reborn - Alternate & Type Forms,Alternate Form,Bug,Ground,Front + back only,Delta family candidate,Obtain the earliest Delta stage; evolve through the matching Delta line,REVIEW,PENDING,
R0718,558,557,#0557 Dwebble → #0558 Crustle,CPF-0266,Crustle,Crustle — Alternate (Form 1),Reborn / Plates of Arceus,01 Reborn - Alternate & Type Forms,Alternate Form,Bug,Ground,Front + back only,Delta family candidate,Obtain the earliest Delta stage; evolve through the matching Delta line,REVIEW,PENDING,
R0719,562,562,#0562 Yamask → #0563 Cofagrigus,CPF-0267,Yamask,Yamask — Alternate (Form 1),Reborn / Plates of Arceus,01 Reborn - Alternate & Type Forms,Alternate Form,Ghost,Ground,4-view complete,Delta family candidate,Obtain the earliest Delta stage; evolve through the matching Delta line,REVIEW,PENDING,
R0720,562,562,#0562 Yamask → #0563 Cofagrigus,CPF-0268,Yamask,Yamask — Alternate (Form 2),Reborn / Plates of Arceus,01 Reborn - Alternate & Type Forms,Alternate Form,Ghost,Ground,4-view complete,Standalone Delta candidate,"Delta Stone candidate, unless a lore/location method fits better",REVIEW,PENDING,
R0721,563,562,#0562 Yamask → #0563 Cofagrigus,CPF-0269,Cofagrigus,Cofagrigus — Alternate (Form 1),Reborn / Plates of Arceus,01 Reborn - Alternate & Type Forms,Alternate Form,Ghost,Ground,4-view complete,Delta family candidate,Obtain the earliest Delta stage; evolve through the matching Delta line,REVIEW,PENDING,
R0722,564,564,#0564 Tirtouga → #0565 Carracosta,CPF-0270,Tirtouga,Tirtouga — Alternate (Form 1),Reborn / Plates of Arceus,01 Reborn - Alternate & Type Forms,Alternate Form,Water,Rock,4-view complete,Delta family candidate,Obtain the earliest Delta stage; evolve through the matching Delta line,REVIEW,PENDING,
R0723,565,564,#0564 Tirtouga → #0565 Carracosta,CPF-0271,Carracosta,Carracosta — Alternate (Form 1),Reborn / Plates of Arceus,01 Reborn - Alternate & Type Forms,Alternate Form,Water,Rock,4-view complete,Delta family candidate,Obtain the earliest Delta stage; evolve through the matching Delta line,REVIEW,PENDING,
R0724,566,566,#0566 Archen → #0567 Archeops,CPF-0272,Archen,Archen — Alternate (Form 1),Reborn / Plates of Arceus,01 Reborn - Alternate & Type Forms,Alternate Form,Dragon,Flying,4-view complete,Delta family candidate,Obtain the earliest Delta stage; evolve through the matching Delta line,REVIEW,PENDING,
R0725,567,566,#0566 Archen → #0567 Archeops,CPF-0273,Archeops,Archeops — Alternate (Form 1),Reborn / Plates of Arceus,01 Reborn - Alternate & Type Forms,Alternate Form,Dragon,Flying,4-view complete,Delta family candidate,Obtain the earliest Delta stage; evolve through the matching Delta line,REVIEW,PENDING,
R0726,568,568,#0568 Trubbish → #0569 Garbodor,CPF-0274,Trubbish,Trubbish — Alternate (Form 1),Reborn / Plates of Arceus,01 Reborn - Alternate & Type Forms,Alternate Form,Poison,Ground,4-view complete,Delta family candidate,Obtain the earliest Delta stage; evolve through the matching Delta line,REVIEW,PENDING,
R0727,569,568,#0568 Trubbish → #0569 Garbodor,ER-1606,Garbodor,Garbodor Mega,Elite Redux,04 Elite Redux - Standard Megas,Mega,Poison,Steel,4-view complete,Custom Mega,Species-specific Mega Stone; only if this design is approved,REVIEW,PENDING,
R0728,569,568,#0568 Trubbish → #0569 Garbodor,CPF-0275,Garbodor,Garbodor — Alternate (Form 1),Reborn / Plates of Arceus,01 Reborn - Alternate & Type Forms,Alternate Form,Poison,Ground,4-view complete,Delta family candidate,Obtain the earliest Delta stage; evolve through the matching Delta line,REVIEW,PENDING,
R0729,572,572,#0572 Minccino → #0573 Cinccino,ER-1649,Minccino,Minccino Redux,Elite Redux,05 Elite Redux - Redux Forms,Redux Form,Ice,Fairy,4-view complete,Delta family candidate,Obtain the earliest Delta stage; evolve through the matching Delta line,REVIEW,PENDING,
R0730,573,572,#0572 Minccino → #0573 Cinccino,ER-1650,Cinccino,Cinccino Redux,Elite Redux,05 Elite Redux - Redux Forms,Redux Form,Ice,Fairy,4-view complete,Delta family candidate,Obtain the earliest Delta stage; evolve through the matching Delta line,REVIEW,PENDING,
R0731,576,574,#0574 Gothita → #0575 Gothorita → #0576 Gothitelle,ER-1635,Gothitelle,Gothitelle Mega,Elite Redux,04 Elite Redux - Standard Megas,Mega,Psychic,Dark,4-view complete,Custom Mega,Species-specific Mega Stone; only if this design is approved,REVIEW,PENDING,
R0732,577,577,#0577 Solosis → #0578 Duosion → #0579 Reuniclus,ER-1744,Solosis,Solosis Redux,Elite Redux,05 Elite Redux - Redux Forms,Redux Form,Fire,Water,4-view complete,Delta family candidate,Obtain the earliest Delta stage; evolve through the matching Delta line,REVIEW,PENDING,
R0733,577,577,#0577 Solosis → #0578 Duosion → #0579 Reuniclus,CPF-0276,Solosis,Solosis — Alternate (Form 1),Reborn / Plates of Arceus,01 Reborn - Alternate & Type Forms,Alternate Form,Psychic,Water,4-view complete,Delta family candidate,Obtain the earliest Delta stage; evolve through the matching Delta line,REVIEW,PENDING,
R0734,578,577,#0577 Solosis → #0578 Duosion → #0579 Reuniclus,ER-1745,Duosion,Duosion Redux,Elite Redux,05 Elite Redux - Redux Forms,Redux Form,Fire,Water,4-view complete,Delta family candidate,Obtain the earliest Delta stage; evolve through the matching Delta line,REVIEW,PENDING,
R0735,578,577,#0577 Solosis → #0578 Duosion → #0579 Reuniclus,CPF-0277,Duosion,Duosion — Alternate (Form 1),Reborn / Plates of Arceus,01 Reborn - Alternate & Type Forms,Alternate Form,Psychic,Water,4-view complete,Delta family candidate,Obtain the earliest Delta stage; evolve through the matching Delta line,REVIEW,PENDING,
R0736,579,577,#0577 Solosis → #0578 Duosion → #0579 Reuniclus,ER-1746,Reuniclus,Reuniclus Redux,Elite Redux,05 Elite Redux - Redux Forms,Redux Form,Fire,Water,4-view complete,Delta family candidate,Obtain the earliest Delta stage; evolve through the matching Delta line,REVIEW,PENDING,
R0737,579,577,#0577 Solosis → #0578 Duosion → #0579 Reuniclus,ER-1637,Reuniclus,Reuniclus Mega,Elite Redux,04 Elite Redux - Standard Megas,Mega,Psychic,,4-view complete,Custom Mega,Species-specific Mega Stone; only if this design is approved,REVIEW,PENDING,
R0738,579,577,#0577 Solosis → #0578 Duosion → #0579 Reuniclus,ER-1574,Reuniclus,Reuniclus Mega,Elite Redux,06 Elite Redux - Redux Megas,Mega,Fire,Water,4-view complete,Custom Mega,Species-specific Mega Stone; only if this design is approved,REVIEW,PENDING,
R0739,579,577,#0577 Solosis → #0578 Duosion → #0579 Reuniclus,CPF-0278,Reuniclus,Reuniclus — Alternate (Form 1),Reborn / Plates of Arceus,01 Reborn - Alternate & Type Forms,Alternate Form,Psychic,Water,4-view complete,Delta family candidate,Obtain the earliest Delta stage; evolve through the matching Delta line,REVIEW,PENDING,
R0740,582,582,#0582 Vanillite → #0583 Vanillish → #0584 Vanilluxe,ER-1674,Vanillite,Vanillite Redux,Elite Redux,05 Elite Redux - Redux Forms,Redux Form,Ice,Fire,4-view complete,Delta family candidate,Obtain the earliest Delta stage; evolve through the matching Delta line,REVIEW,PENDING,
R0741,582,582,#0582 Vanillite → #0583 Vanillish → #0584 Vanilluxe,CPF-0279,Vanillite,Vanillite — Alternate (Form 1),Reborn / Plates of Arceus,01 Reborn - Alternate & Type Forms,Alternate Form,Ice,Fairy,4-view complete,Delta family candidate,Obtain the earliest Delta stage; evolve through the matching Delta line,REVIEW,PENDING,
R0742,583,582,#0582 Vanillite → #0583 Vanillish → #0584 Vanilluxe,ER-1675,Vanillish,Vanillish Redux,Elite Redux,05 Elite Redux - Redux Forms,Redux Form,Ice,Fire,4-view complete,Delta family candidate,Obtain the earliest Delta stage; evolve through the matching Delta line,REVIEW,PENDING,
R0743,583,582,#0582 Vanillite → #0583 Vanillish → #0584 Vanilluxe,CPF-0280,Vanillish,Vanillish — Alternate (Form 1),Reborn / Plates of Arceus,01 Reborn - Alternate & Type Forms,Alternate Form,Ice,Fairy,4-view complete,Delta family candidate,Obtain the earliest Delta stage; evolve through the matching Delta line,REVIEW,PENDING,
R0744,584,582,#0582 Vanillite → #0583 Vanillish → #0584 Vanilluxe,ER-1676,Vanilluxe,Vanilluxe Redux,Elite Redux,05 Elite Redux - Redux Forms,Redux Form,Ice,Fire,4-view complete,Delta family candidate,Obtain the earliest Delta stage; evolve through the matching Delta line,REVIEW,PENDING,
R0745,584,582,#0582 Vanillite → #0583 Vanillish → #0584 Vanilluxe,ER-1670,Vanilluxe,Vanilluxe Mega,Elite Redux,04 Elite Redux - Standard Megas,Mega,Ice,,4-view complete,Custom Mega,Species-specific Mega Stone; only if this design is approved,REVIEW,PENDING,
R0746,584,582,#0582 Vanillite → #0583 Vanillish → #0584 Vanilluxe,ER-1677,Vanilluxe,Vanilluxe Redux Mega,Elite Redux,06 Elite Redux - Redux Megas,Mega,Ice,Fire,4-view complete,Mega Delta,Mega Evolution of the corresponding Delta form,REVIEW,PENDING,
R0747,584,582,#0582 Vanillite → #0583 Vanillish → #0584 Vanilluxe,CPF-0281,Vanilluxe,Vanilluxe — Alternate (Form 1),Reborn / Plates of Arceus,01 Reborn - Alternate & Type Forms,Alternate Form,Ice,Fairy,4-view complete,Delta family candidate,Obtain the earliest Delta stage; evolve through the matching Delta line,REVIEW,PENDING,
R0748,589,588,#0588 Karrablast → #0589 Escavalier → #0616 Shelmet → #0617 Accelgor,CPF-0282,Escavalier,Escavalier — Alternate (Form 1),Reborn / Plates of Arceus,01 Reborn - Alternate & Type Forms,Alternate Form,Bug,,4-view complete,Delta family candidate,Obtain the earliest Delta stage; evolve through the matching Delta line,REVIEW,PENDING,
R0749,617,588,#0588 Karrablast → #0589 Escavalier → #0616 Shelmet → #0617 Accelgor,CPF-0293,Accelgor,Accelgor — Alternate (Form 1),Reborn / Plates of Arceus,01 Reborn - Alternate & Type Forms,Alternate Form,Bug,Steel,4-view complete,Delta family candidate,Obtain the earliest Delta stage; evolve through the matching Delta line,REVIEW,PENDING,
R0750,597,597,#0597 Ferroseed → #0598 Ferrothorn,CPF-0283,Ferroseed,Ferroseed — Alternate (Form 1),Reborn / Plates of Arceus,01 Reborn - Alternate & Type Forms,Alternate Form,Ghost,,4-view complete,Delta family candidate,Obtain the earliest Delta stage; evolve through the matching Delta line,REVIEW,PENDING,
R0751,598,597,#0597 Ferroseed → #0598 Ferrothorn,CPF-0284,Ferrothorn,Ferrothorn — Alternate (Form 1),Reborn / Plates of Arceus,01 Reborn - Alternate & Type Forms,Alternate Form,Ghost,Fairy,4-view complete,Delta family candidate,Obtain the earliest Delta stage; evolve through the matching Delta line,REVIEW,PENDING,
R0752,600,599,#0599 Klink → #0600 Klang → #0601 Klinklang,CPF-0285,Klang,Klang — Alternate (Form 1),Reborn / Plates of Arceus,01 Reborn - Alternate & Type Forms,Alternate Form,Steel,Electric,4-view complete,Delta family candidate,Obtain the earliest Delta stage; evolve through the matching Delta line,REVIEW,PENDING,
R0753,601,599,#0599 Klink → #0600 Klang → #0601 Klinklang,CPF-0286,Klinklang,Klinklang — Alternate (Form 1),Reborn / Plates of Arceus,01 Reborn - Alternate & Type Forms,Alternate Form,Steel,Electric,4-view complete,Delta family candidate,Obtain the earliest Delta stage; evolve through the matching Delta line,REVIEW,PENDING,
R0754,603,602,#0602 Tynamo → #0603 Eelektrik → #0604 Eelektross,CPF-0287,Eelektrik,Eelektrik — Alternate (Form 1),Reborn / Plates of Arceus,01 Reborn - Alternate & Type Forms,Alternate Form,Electric,Poison,4-view complete,Delta family candidate,Obtain the earliest Delta stage; evolve through the matching Delta line,REVIEW,PENDING,
R0755,604,602,#0602 Tynamo → #0603 Eelektrik → #0604 Eelektross,CPF-0288,Eelektross,Eelektross — Alternate (Form 1),Reborn / Plates of Arceus,01 Reborn - Alternate & Type Forms,Alternate Form,Electric,Poison,4-view complete,Delta family candidate,Obtain the earliest Delta stage; evolve through the matching Delta line,REVIEW,PENDING,
R0756,607,607,#0607 Litwick → #0608 Lampent → #0609 Chandelure,ER-1678,Litwick,Litwick Redux,Elite Redux,05 Elite Redux - Redux Forms,Redux Form,Ghost,Electric,4-view complete,Delta family candidate,Obtain the earliest Delta stage; evolve through the matching Delta line,REVIEW,PENDING,
R0757,607,607,#0607 Litwick → #0608 Lampent → #0609 Chandelure,CPF-0289,Litwick,Litwick — Alternate (Form 1),Reborn / Plates of Arceus,01 Reborn - Alternate & Type Forms,Alternate Form,Ghost,Electric,4-view complete,Delta family candidate,Obtain the earliest Delta stage; evolve through the matching Delta line,REVIEW,PENDING,
R0758,608,607,#0607 Litwick → #0608 Lampent → #0609 Chandelure,ER-1679,Lampent,Lampent Redux,Elite Redux,05 Elite Redux - Redux Forms,Redux Form,Ghost,Electric,4-view complete,Delta family candidate,Obtain the earliest Delta stage; evolve through the matching Delta line,REVIEW,PENDING,
R0759,608,607,#0607 Litwick → #0608 Lampent → #0609 Chandelure,CPF-0290,Lampent,Lampent — Alternate (Form 1),Reborn / Plates of Arceus,01 Reborn - Alternate & Type Forms,Alternate Form,Ghost,Electric,4-view complete,Delta family candidate,Obtain the earliest Delta stage; evolve through the matching Delta line,REVIEW,PENDING,
R0760,609,607,#0607 Litwick → #0608 Lampent → #0609 Chandelure,ER-1680,Chandelure,Chandelure Redux,Elite Redux,05 Elite Redux - Redux Forms,Redux Form,Ghost,Electric,4-view complete,Delta family candidate,Obtain the earliest Delta stage; evolve through the matching Delta line,REVIEW,PENDING,
R0761,609,607,#0607 Litwick → #0608 Lampent → #0609 Chandelure,ER-1642,Chandelure,Chandelure Mega X,Elite Redux,04 Elite Redux - Standard Megas,Mega,Ghost,Fire,4-view complete,Custom Mega,Species-specific Mega Stone; only if this design is approved,REVIEW,PENDING,
R0762,609,607,#0607 Litwick → #0608 Lampent → #0609 Chandelure,ER-1500,Chandelure,Chandelure Mega Y,Elite Redux,04 Elite Redux - Standard Megas,Mega,Ghost,Fire,4-view complete,Custom Mega,Species-specific Mega Stone; only if this design is approved,REVIEW,PENDING,
R0763,609,607,#0607 Litwick → #0608 Lampent → #0609 Chandelure,CPF-0291,Chandelure,Chandelure — Alternate (Form 1),Reborn / Plates of Arceus,01 Reborn - Alternate & Type Forms,Alternate Form,Ghost,Electric,4-view complete,Delta family candidate,Obtain the earliest Delta stage; evolve through the matching Delta line,REVIEW,PENDING,
R0764,612,610,#0610 Axew → #0611 Fraxure → #0612 Haxorus,ER-1535,Haxorus,Haxorus Mega,Elite Redux,04 Elite Redux - Standard Megas,Mega,Dragon,Steel,4-view complete,Custom Mega,Species-specific Mega Stone; only if this design is approved,REVIEW,PENDING,
R0765,615,615,#0615 Cryogonal,CPF-0292,Cryogonal,Cryogonal — Alternate (Form 1),Reborn / Plates of Arceus,01 Reborn - Alternate & Type Forms,Alternate Form,Ice,Poison,4-view complete,Standalone Delta candidate,"Delta Stone candidate, unless a lore/location method fits better",REVIEW,PENDING,
R0766,619,619,#0619 Mienfoo → #0620 Mienshao,CPF-0294,Mienfoo,Mienfoo — BlueTowel Alternate form (Form 1),Reborn / Plates of Arceus,01 Reborn - Alternate & Type Forms,Alternate Form,Fighting,Fire,4-view complete,Delta family candidate,Obtain the earliest Delta stage; evolve through the matching Delta line,REVIEW,PENDING,
R0767,620,619,#0619 Mienfoo → #0620 Mienshao,ER-1628,Mienshao,Mienshao Mega,Elite Redux,04 Elite Redux - Standard Megas,Mega,Fighting,Flying,4-view complete,Custom Mega,Species-specific Mega Stone; only if this design is approved,REVIEW,PENDING,
R0768,620,619,#0619 Mienfoo → #0620 Mienshao,CPF-0295,Mienshao,Mienshao — BlueTowel Alternate form (Form 1),Reborn / Plates of Arceus,01 Reborn - Alternate & Type Forms,Alternate Form,Fighting,Fire,4-view complete,Delta family candidate,Obtain the earliest Delta stage; evolve through the matching Delta line,REVIEW,PENDING,
R0769,621,621,#0621 Druddigon,CPF-0296,Druddigon,Druddigon — Alternate (Form 1),Reborn / Plates of Arceus,01 Reborn - Alternate & Type Forms,Alternate Form,Dragon,Rock,4-view complete,Standalone Delta candidate,"Delta Stone candidate, unless a lore/location method fits better",REVIEW,PENDING,
R0770,622,622,#0622 Golett → #0623 Golurk,CPF-0297,Golett,Golett — Alternate (Form 1),Reborn / Plates of Arceus,01 Reborn - Alternate & Type Forms,Alternate Form,Ground,Steel,4-view complete,Delta family candidate,Obtain the earliest Delta stage; evolve through the matching Delta line,REVIEW,PENDING,
R0771,623,622,#0622 Golett → #0623 Golurk,CPF-0298,Golurk,Golurk — Alternate (Form 1),Reborn / Plates of Arceus,01 Reborn - Alternate & Type Forms,Alternate Form,Ground,Steel,4-view complete,Delta family candidate,Obtain the earliest Delta stage; evolve through the matching Delta line,REVIEW,PENDING,
R0772,624,624,#0624 Pawniard → #0625 Bisharp → #0983 Kingambit,ER-1759,Pawniard,Pawniard Redux,Elite Redux,05 Elite Redux - Redux Forms,Redux Form,Fighting,Steel,4-view complete,Delta family candidate,Obtain the earliest Delta stage; evolve through the matching Delta line,REVIEW,PENDING,
R0773,624,624,#0624 Pawniard → #0625 Bisharp → #0983 Kingambit,CPF-0299,Pawniard,Pawniard — Alternate (Form 1),Reborn / Plates of Arceus,01 Reborn - Alternate & Type Forms,Alternate Form,Psychic,Steel,4-view complete,Delta family candidate,Obtain the earliest Delta stage; evolve through the matching Delta line,REVIEW,PENDING,
R0774,625,624,#0624 Pawniard → #0625 Bisharp → #0983 Kingambit,ER-1760,Bisharp,Bisharp Redux,Elite Redux,05 Elite Redux - Redux Forms,Redux Form,Fighting,Steel,4-view complete,Delta family candidate,Obtain the earliest Delta stage; evolve through the matching Delta line,REVIEW,PENDING,
R0775,625,624,#0624 Pawniard → #0625 Bisharp → #0983 Kingambit,CPF-0300,Bisharp,Bisharp — Alternate (Form 1),Reborn / Plates of Arceus,01 Reborn - Alternate & Type Forms,Alternate Form,Psychic,Steel,4-view complete,Delta family candidate,Obtain the earliest Delta stage; evolve through the matching Delta line,REVIEW,PENDING,
R0776,983,624,#0624 Pawniard → #0625 Bisharp → #0983 Kingambit,ER-1767,Kingambit,Kingambit Redux,Elite Redux,05 Elite Redux - Redux Forms,Redux Form,Fighting,Steel,4-view complete,Delta family candidate,Obtain the earliest Delta stage; evolve through the matching Delta line,REVIEW,PENDING,
R0777,983,624,#0624 Pawniard → #0625 Bisharp → #0983 Kingambit,ER-1567,Kingambit,Kingambit Mega,Elite Redux,06 Elite Redux - Redux Megas,Mega,Fighting,Steel,4-view complete,Custom Mega,Species-specific Mega Stone; only if this design is approved,REVIEW,PENDING,
R0778,632,632,#0632 Durant,CPF-0301,Durant,Durant — BlueTowel Alternate form (Form 1),Reborn / Plates of Arceus,01 Reborn - Alternate & Type Forms,Alternate Form,Bug,Fire,4-view complete,Standalone Delta candidate,"Delta Stone candidate, unless a lore/location method fits better",REVIEW,PENDING,
R0779,633,633,#0633 Deino → #0634 Zweilous → #0635 Hydreigon,ER-1756,Deino,Deino Redux,Elite Redux,05 Elite Redux - Redux Forms,Redux Form,Fairy,Dragon,4-view complete,Delta family candidate,Obtain the earliest Delta stage; evolve through the matching Delta line,REVIEW,PENDING,
R0780,633,633,#0633 Deino → #0634 Zweilous → #0635 Hydreigon,CPF-0302,Deino,Deino — Cybertank (Form 1),Reborn / Plates of Arceus,01 Reborn - Alternate & Type Forms,Alternate Form,Steel,Dragon,4-view complete,Delta family candidate,Obtain the earliest Delta stage; evolve through the matching Delta line,REVIEW,PENDING,
R0781,633,633,#0633 Deino → #0634 Zweilous → #0635 Hydreigon,CPF-0303,Deino,Deino — Telepathic (Form 2),Reborn / Plates of Arceus,01 Reborn - Alternate & Type Forms,Alternate Form,Psychic,Dragon,4-view complete,Delta family candidate,Obtain the earliest Delta stage; evolve through the matching Delta line,REVIEW,PENDING,
R0782,634,633,#0633 Deino → #0634 Zweilous → #0635 Hydreigon,ER-1757,Zweilous,Zweilous Redux,Elite Redux,05 Elite Redux - Redux Forms,Redux Form,Fairy,Dragon,4-view complete,Delta family candidate,Obtain the earliest Delta stage; evolve through the matching Delta line,REVIEW,PENDING,
R0783,634,633,#0633 Deino → #0634 Zweilous → #0635 Hydreigon,CPF-0304,Zweilous,Zweilous — Cybertank (Form 1),Reborn / Plates of Arceus,01 Reborn - Alternate & Type Forms,Alternate Form,Steel,Dragon,4-view complete,Delta family candidate,Obtain the earliest Delta stage; evolve through the matching Delta line,REVIEW,PENDING,
R0784,634,633,#0633 Deino → #0634 Zweilous → #0635 Hydreigon,CPF-0305,Zweilous,Zweilous — Telepathic (Form 2),Reborn / Plates of Arceus,01 Reborn - Alternate & Type Forms,Alternate Form,Psychic,Dragon,4-view complete,Delta family candidate,Obtain the earliest Delta stage; evolve through the matching Delta line,REVIEW,PENDING,
R0785,635,633,#0633 Deino → #0634 Zweilous → #0635 Hydreigon,ER-1758,Hydreigon,Hydreigon Redux,Elite Redux,05 Elite Redux - Redux Forms,Redux Form,Fairy,Dragon,4-view complete,Delta family candidate,Obtain the earliest Delta stage; evolve through the matching Delta line,REVIEW,PENDING,
R0786,635,633,#0633 Deino → #0634 Zweilous → #0635 Hydreigon,ER-1669,Hydreigon,Hydreigon Mega,Elite Redux,04 Elite Redux - Standard Megas,Mega,Dark,Dragon,4-view complete,Custom Mega,Species-specific Mega Stone; only if this design is approved,REVIEW,PENDING,
R0787,635,633,#0633 Deino → #0634 Zweilous → #0635 Hydreigon,ER-1575,Hydreigon,Hydreigon Mega,Elite Redux,06 Elite Redux - Redux Megas,Mega,Fairy,Dragon,4-view complete,Custom Mega,Species-specific Mega Stone; only if this design is approved,REVIEW,PENDING,
R0788,635,633,#0633 Deino → #0634 Zweilous → #0635 Hydreigon,CPF-0306,Hydreigon,Hydreigon — Cybertank (Form 1),Reborn / Plates of Arceus,01 Reborn - Alternate & Type Forms,Alternate Form,Steel,Dragon,4-view complete,Delta family candidate,Obtain the earliest Delta stage; evolve through the matching Delta line,REVIEW,PENDING,
R0789,635,633,#0633 Deino → #0634 Zweilous → #0635 Hydreigon,CPF-0307,Hydreigon,Hydreigon — Telepathic (Form 2),Reborn / Plates of Arceus,01 Reborn - Alternate & Type Forms,Alternate Form,Psychic,Dragon,4-view complete,Delta family candidate,Obtain the earliest Delta stage; evolve through the matching Delta line,REVIEW,PENDING,
R0790,636,636,#0636 Larvesta → #0637 Volcarona,ER-1690,Larvesta,Larvesta Redux,Elite Redux,05 Elite Redux - Redux Forms,Redux Form,Bug,Dark,4-view complete,Delta family candidate,Obtain the earliest Delta stage; evolve through the matching Delta line,REVIEW,PENDING,
R0791,637,636,#0636 Larvesta → #0637 Volcarona,ER-1691,Volcarona,Volcarona Redux,Elite Redux,05 Elite Redux - Redux Forms,Redux Form,Bug,Dark,4-view complete,Delta family candidate,Obtain the earliest Delta stage; evolve through the matching Delta line,REVIEW,PENDING,
R0792,652,650,#0650 Chespin → #0651 Quilladin → #0652 Chesnaught,ER-1477,Chesnaught,Chesnaught Battle Bond,Elite Redux,03 Elite Redux - New Species & Evolutions,New Species / Evolution,Grass,Fighting,4-view complete,New species / evolution,Connection review needed — decide parent/evolution method in Notes,REVIEW,PENDING,
R0793,652,650,#0650 Chespin → #0651 Quilladin → #0652 Chesnaught,ER-1478,Chesnaught,Clemont-Chesnaught,Elite Redux,03 Elite Redux - New Species & Evolutions,New Species / Evolution,Grass,Fighting,4-view complete,New species / evolution,Connection review needed — decide parent/evolution method in Notes,REVIEW,PENDING,
R0794,652,650,#0650 Chespin → #0651 Quilladin → #0652 Chesnaught,CPF-0308,Chesnaught,Chesnaught — Alternate (Form 1),Reborn / Plates of Arceus,01 Reborn - Alternate & Type Forms,Alternate Form,Grass,Steel,4-view complete,Standalone Delta candidate,"Delta Stone candidate, unless a lore/location method fits better",REVIEW,PENDING,
R0795,655,653,#0653 Fennekin → #0654 Braixen → #0655 Delphox,ER-1479,Delphox,Delphox Battle Bond,Elite Redux,03 Elite Redux - New Species & Evolutions,New Species / Evolution,Fire,Psychic,4-view complete,New species / evolution,Connection review needed — decide parent/evolution method in Notes,REVIEW,PENDING,
R0796,655,653,#0653 Fennekin → #0654 Braixen → #0655 Delphox,ER-1480,Delphox,Serena-Delphox,Elite Redux,03 Elite Redux - New Species & Evolutions,New Species / Evolution,Fire,Psychic,4-view complete,New species / evolution,Connection review needed — decide parent/evolution method in Notes,REVIEW,PENDING,
R0797,655,653,#0653 Fennekin → #0654 Braixen → #0655 Delphox,CPF-0309,Delphox,Delphox — Alternate (Form 1),Reborn / Plates of Arceus,01 Reborn - Alternate & Type Forms,Alternate Form,Fire,Dark,4-view complete,Standalone Delta candidate,"Delta Stone candidate, unless a lore/location method fits better",REVIEW,PENDING,
R0798,658,656,#0656 Froakie → #0657 Frogadier → #0658 Greninja,CPF-0310,Greninja,Greninja — Alternate (Form 1),Reborn / Plates of Arceus,01 Reborn - Alternate & Type Forms,Alternate Form,Water,Fighting,4-view complete,Standalone Delta candidate,"Delta Stone candidate, unless a lore/location method fits better",REVIEW,PENDING,
R0799,659,659,#0659 Bunnelby → #0660 Diggersby,CPF-0311,Bunnelby,Bunnelby — Alternate (Form 1),Reborn / Plates of Arceus,01 Reborn - Alternate & Type Forms,Alternate Form,Fairy,Normal,4-view complete,Delta family candidate,Obtain the earliest Delta stage; evolve through the matching Delta line,REVIEW,PENDING,
R0800,660,659,#0659 Bunnelby → #0660 Diggersby,CPF-0312,Diggersby,Diggersby — Alternate (Form 1),Reborn / Plates of Arceus,01 Reborn - Alternate & Type Forms,Alternate Form,Fairy,Ground,4-view complete,Delta family candidate,Obtain the earliest Delta stage; evolve through the matching Delta line,REVIEW,PENDING,
R0801,663,661,#0661 Fletchling → #0662 Fletchinder → #0663 Talonflame,ER-1656,Talonflame,Talonflame Mega,Elite Redux,04 Elite Redux - Standard Megas,Mega,Fire,Flying,4-view complete,Custom Mega,Species-specific Mega Stone; only if this design is approved,REVIEW,PENDING,
R0802,679,679,#0679 Honedge → #0680 Doublade → #0681 Aegislash,ER-1716,Honedge,Honedge Redux,Elite Redux,05 Elite Redux - Redux Forms,Redux Form,Fighting,Ghost,4-view complete,Delta family candidate,Obtain the earliest Delta stage; evolve through the matching Delta line,REVIEW,PENDING,
R0803,680,679,#0679 Honedge → #0680 Doublade → #0681 Aegislash,ER-1717,Doublade,Doublade Redux,Elite Redux,05 Elite Redux - Redux Forms,Redux Form,Fighting,Ghost,4-view complete,Delta family candidate,Obtain the earliest Delta stage; evolve through the matching Delta line,REVIEW,PENDING,
R0804,681,679,#0679 Honedge → #0680 Doublade → #0681 Aegislash,ER-1719,Aegislash,Aegislash Blade Redux,Elite Redux,05 Elite Redux - Redux Forms,Redux Form,Fighting,Ghost,4-view complete,Delta family candidate,Obtain the earliest Delta stage; evolve through the matching Delta line,REVIEW,PENDING,
R0805,681,679,#0679 Honedge → #0680 Doublade → #0681 Aegislash,ER-1718,Aegislash,Aegislash Redux,Elite Redux,05 Elite Redux - Redux Forms,Redux Form,Fighting,Ghost,4-view complete,Delta family candidate,Obtain the earliest Delta stage; evolve through the matching Delta line,REVIEW,PENDING,
R0806,681,679,#0679 Honedge → #0680 Doublade → #0681 Aegislash,ER-1573,Aegislash,Aegislash Blade Redux Mega,Elite Redux,06 Elite Redux - Redux Megas,Mega,Fighting,Ghost,4-view complete,Mega Delta,Mega Evolution of the corresponding Delta form,REVIEW,PENDING,
R0807,681,679,#0679 Honedge → #0680 Doublade → #0681 Aegislash,ER-1572,Aegislash,Aegislash Mega,Elite Redux,06 Elite Redux - Redux Megas,Mega,Fighting,Ghost,4-view complete,Custom Mega,Species-specific Mega Stone; only if this design is approved,REVIEW,PENDING,
R0808,682,682,#0682 Spritzee → #0683 Aromatisse,CPF-0313,Spritzee,Spritzee — Alternate (Form 1),Reborn / Plates of Arceus,01 Reborn - Alternate & Type Forms,Alternate Form,Fairy,Poison,4-view complete,Delta family candidate,Obtain the earliest Delta stage; evolve through the matching Delta line,REVIEW,PENDING,
R0809,682,682,#0682 Spritzee → #0683 Aromatisse,CPF-0314,Spritzee,Spritzee — Alternate (Form 2),Reborn / Plates of Arceus,01 Reborn - Alternate & Type Forms,Alternate Form,Fairy,Fire,4-view complete,Delta family candidate,Obtain the earliest Delta stage; evolve through the matching Delta line,REVIEW,PENDING,
R0810,683,682,#0682 Spritzee → #0683 Aromatisse,CPF-0315,Aromatisse,Aromatisse — Alternate (Form 1),Reborn / Plates of Arceus,01 Reborn - Alternate & Type Forms,Alternate Form,Fairy,Poison,4-view complete,Delta family candidate,Obtain the earliest Delta stage; evolve through the matching Delta line,REVIEW,PENDING,
R0811,683,682,#0682 Spritzee → #0683 Aromatisse,CPF-0316,Aromatisse,Aromatisse — Alternate (Form 2),Reborn / Plates of Arceus,01 Reborn - Alternate & Type Forms,Alternate Form,Fairy,Fire,4-view complete,Delta family candidate,Obtain the earliest Delta stage; evolve through the matching Delta line,REVIEW,PENDING,
R0812,689,688,#0688 Binacle → #0689 Barbaracle,CPF-0317,Barbaracle,Barbaracle — Alternate (Form 1),Reborn / Plates of Arceus,01 Reborn - Alternate & Type Forms,Alternate Form,Rock,Fighting,4-view complete,Standalone Delta candidate,"Delta Stone candidate, unless a lore/location method fits better",REVIEW,PENDING,
R0813,690,690,#0690 Skrelp → #0691 Dragalge,CPF-0318,Skrelp,Skrelp — Alternate (Form 1),Reborn / Plates of Arceus,01 Reborn - Alternate & Type Forms,Alternate Form,Grass,Water,4-view complete,Delta family candidate,Obtain the earliest Delta stage; evolve through the matching Delta line,REVIEW,PENDING,
R0814,691,690,#0690 Skrelp → #0691 Dragalge,CPF-0319,Dragalge,Dragalge — Alternate (Form 1),Reborn / Plates of Arceus,01 Reborn - Alternate & Type Forms,Alternate Form,Grass,Dragon,4-view complete,Delta family candidate,Obtain the earliest Delta stage; evolve through the matching Delta line,REVIEW,PENDING,
R0815,692,692,#0692 Clauncher → #0693 Clawitzer,CPF-0320,Clauncher,Clauncher — Alternate (Form 1),Reborn / Plates of Arceus,01 Reborn - Alternate & Type Forms,Alternate Form,Water,Fire,4-view complete,Delta family candidate,Obtain the earliest Delta stage; evolve through the matching Delta line,REVIEW,PENDING,
R0816,693,692,#0692 Clauncher → #0693 Clawitzer,CPF-0321,Clawitzer,Clawitzer — Alternate (Form 1),Reborn / Plates of Arceus,01 Reborn - Alternate & Type Forms,Alternate Form,Water,Fire,4-view complete,Delta family candidate,Obtain the earliest Delta stage; evolve through the matching Delta line,REVIEW,PENDING,
R0817,696,696,#0696 Tyrunt → #0697 Tyrantrum,CPF-0322,Tyrunt,Tyrunt — Alternate (Form 1),Reborn / Plates of Arceus,01 Reborn - Alternate & Type Forms,Alternate Form,Dark,Dragon,4-view complete,Delta family candidate,Obtain the earliest Delta stage; evolve through the matching Delta line,REVIEW,PENDING,
R0818,697,696,#0696 Tyrunt → #0697 Tyrantrum,CPF-0323,Tyrantrum,Tyrantrum — Alternate (Form 1),Reborn / Plates of Arceus,01 Reborn - Alternate & Type Forms,Alternate Form,Dark,Dragon,4-view complete,Delta family candidate,Obtain the earliest Delta stage; evolve through the matching Delta line,REVIEW,PENDING,
R0819,698,698,#0698 Amaura → #0699 Aurorus,CPF-0324,Amaura,Amaura — Alternate (Form 1),Reborn / Plates of Arceus,01 Reborn - Alternate & Type Forms,Alternate Form,Dragon,Ice,4-view complete,Delta family candidate,Obtain the earliest Delta stage; evolve through the matching Delta line,REVIEW,PENDING,
R0820,699,698,#0698 Amaura → #0699 Aurorus,CPF-0325,Aurorus,Aurorus — Alternate (Form 1),Reborn / Plates of Arceus,01 Reborn - Alternate & Type Forms,Alternate Form,Dragon,Ice,4-view complete,Delta family candidate,Obtain the earliest Delta stage; evolve through the matching Delta line,REVIEW,PENDING,
R0821,702,702,#0702 Dedenne,CPF-0326,Dedenne,Dedenne — Alternate (Form 1),Reborn / Plates of Arceus,01 Reborn - Alternate & Type Forms,Alternate Form,Grass,Fairy,4-view complete,Standalone Delta candidate,"Delta Stone candidate, unless a lore/location method fits better",REVIEW,PENDING,
R0822,704,704,#0704 Goomy → #0705 Sliggoo → #0706 Goodra,CPF-0327,Goomy,Goomy — Alternate (Form 1),Reborn / Plates of Arceus,01 Reborn - Alternate & Type Forms,Alternate Form,Dragon,Poison,4-view complete,Delta family candidate,Obtain the earliest Delta stage; evolve through the matching Delta line,REVIEW,PENDING,
R0823,705,704,#0704 Goomy → #0705 Sliggoo → #0706 Goodra,CPF-0328,Sliggoo,Sliggoo — Alternate (Form 1),Reborn / Plates of Arceus,01 Reborn - Alternate & Type Forms,Alternate Form,Dragon,Poison,4-view complete,Delta family candidate,Obtain the earliest Delta stage; evolve through the matching Delta line,REVIEW,PENDING,
R0824,705,704,#0704 Goomy → #0705 Sliggoo → #0706 Goodra,CPF-0329,Sliggoo,Sliggoo — Alternate (Form 2),Reborn / Plates of Arceus,01 Reborn - Alternate & Type Forms,Alternate Form,Dragon,Steel,4-view complete,Delta family candidate,Obtain the earliest Delta stage; evolve through the matching Delta line,REVIEW,PENDING,
R0825,706,704,#0704 Goomy → #0705 Sliggoo → #0706 Goodra,ER-1701,Goodra,Goodra Hisuian Mega,Elite Redux,04 Elite Redux - Standard Megas,Mega,Dragon,Steel,4-view complete,Custom Mega,Species-specific Mega Stone; only if this design is approved,REVIEW,PENDING,
R0826,706,704,#0704 Goomy → #0705 Sliggoo → #0706 Goodra,ER-1630,Goodra,Goodra Mega,Elite Redux,04 Elite Redux - Standard Megas,Mega,Dragon,,4-view complete,Custom Mega,Species-specific Mega Stone; only if this design is approved,REVIEW,PENDING,
R0827,706,704,#0704 Goomy → #0705 Sliggoo → #0706 Goodra,CPF-0330,Goodra,Goodra — Alternate (Form 1),Reborn / Plates of Arceus,01 Reborn - Alternate & Type Forms,Alternate Form,Dragon,Poison,4-view complete,Delta family candidate,Obtain the earliest Delta stage; evolve through the matching Delta line,REVIEW,PENDING,
R0828,706,704,#0704 Goomy → #0705 Sliggoo → #0706 Goodra,CPF-0331,Goodra,Goodra — Alternate (Form 2),Reborn / Plates of Arceus,01 Reborn - Alternate & Type Forms,Alternate Form,Dragon,Steel,4-view complete,Delta family candidate,Obtain the earliest Delta stage; evolve through the matching Delta line,REVIEW,PENDING,
R0829,707,707,#0707 Klefki,ER-1692,Klefki,Klefki Redux,Elite Redux,05 Elite Redux - Redux Forms,Redux Form,Electric,Poison,4-view complete,Standalone Delta candidate,"Delta Stone candidate, unless a lore/location method fits better",REVIEW,PENDING,
R0830,714,714,#0714 Noibat → #0715 Noivern,ER-1712,Noibat,Noibat Redux,Elite Redux,05 Elite Redux - Redux Forms,Redux Form,Rock,Ghost,4-view complete,Delta family candidate,Obtain the earliest Delta stage; evolve through the matching Delta line,REVIEW,PENDING,
R0831,714,714,#0714 Noibat → #0715 Noivern,CPF-0332,Noibat,Noibat — Alternate (Form 1),Reborn / Plates of Arceus,01 Reborn - Alternate & Type Forms,Alternate Form,Flying,Dark,4-view complete,Delta family candidate,Obtain the earliest Delta stage; evolve through the matching Delta line,REVIEW,PENDING,
R0832,715,714,#0714 Noibat → #0715 Noivern,ER-1713,Noivern,Noivern Redux,Elite Redux,05 Elite Redux - Redux Forms,Redux Form,Rock,Ghost,4-view complete,Delta family candidate,Obtain the earliest Delta stage; evolve through the matching Delta line,REVIEW,PENDING,
R0833,715,714,#0714 Noibat → #0715 Noivern,CPF-0333,Noivern,Noivern — Alternate (Form 1),Reborn / Plates of Arceus,01 Reborn - Alternate & Type Forms,Alternate Form,Flying,Dark,4-view complete,Delta family candidate,Obtain the earliest Delta stage; evolve through the matching Delta line,REVIEW,PENDING,
R0834,717,717,#0717 Yveltal,ER-1802,Yveltal,Yveltal Mega,Elite Redux,04 Elite Redux - Standard Megas,Mega,Dark,Flying,4-view complete,Custom Mega,Species-specific Mega Stone; only if this design is approved,REVIEW,PENDING,
R0835,723,722,#0722 Rowlet → #0723 Dartrix → #0724 Decidueye,CPF-0334,Dartrix,Dartrix — Alternate (Form 1),Reborn / Plates of Arceus,01 Reborn - Alternate & Type Forms,Alternate Form,Grass,Flying,4-view complete,Delta family candidate,Obtain the earliest Delta stage; evolve through the matching Delta line,REVIEW,PENDING,
R0836,723,722,#0722 Rowlet → #0723 Dartrix → #0724 Decidueye,CPF-0335,Dartrix,Dartrix — Alternate (Form 2),Reborn / Plates of Arceus,01 Reborn - Alternate & Type Forms,Alternate Form,Grass,Flying,4-view complete,Delta family candidate,Obtain the earliest Delta stage; evolve through the matching Delta line,REVIEW,PENDING,
R0837,724,722,#0722 Rowlet → #0723 Dartrix → #0724 Decidueye,ER-1620,Decidueye,Decidueye Hisuian Mega,Elite Redux,04 Elite Redux - Standard Megas,Mega,Grass,Fighting,4-view complete,Custom Mega,Species-specific Mega Stone; only if this design is approved,REVIEW,PENDING,
R0838,724,722,#0722 Rowlet → #0723 Dartrix → #0724 Decidueye,ER-1619,Decidueye,Decidueye Mega,Elite Redux,04 Elite Redux - Standard Megas,Mega,Grass,Ghost,4-view complete,Custom Mega,Species-specific Mega Stone; only if this design is approved,REVIEW,PENDING,
R0839,724,722,#0722 Rowlet → #0723 Dartrix → #0724 Decidueye,CPF-0336,Decidueye,Decidueye — Alternate (Form 1),Reborn / Plates of Arceus,01 Reborn - Alternate & Type Forms,Alternate Form,Grass,Dark,4-view complete,Delta family candidate,Obtain the earliest Delta stage; evolve through the matching Delta line,REVIEW,PENDING,
R0840,724,722,#0722 Rowlet → #0723 Dartrix → #0724 Decidueye,CPF-0337,Decidueye,Decidueye — Alternate (Form 2),Reborn / Plates of Arceus,01 Reborn - Alternate & Type Forms,Alternate Form,Grass,Fighting,4-view complete,Delta family candidate,Obtain the earliest Delta stage; evolve through the matching Delta line,REVIEW,PENDING,
R0841,727,725,#0725 Litten → #0726 Torracat → #0727 Incineroar,ER-1621,Incineroar,Incineroar Mega,Elite Redux,04 Elite Redux - Standard Megas,Mega,Fire,Dark,4-view complete,Custom Mega,Species-specific Mega Stone; only if this design is approved,REVIEW,PENDING,
R0842,727,725,#0725 Litten → #0726 Torracat → #0727 Incineroar,CPF-0338,Incineroar,Incineroar — Alternate (Form 1),Reborn / Plates of Arceus,01 Reborn - Alternate & Type Forms,Alternate Form,Fire,Psychic,4-view complete,Standalone Delta candidate,"Delta Stone candidate, unless a lore/location method fits better",REVIEW,PENDING,
R0843,730,728,#0728 Popplio → #0729 Brionne → #0730 Primarina,ER-1623,Primarina,Primarina Mega,Elite Redux,04 Elite Redux - Standard Megas,Mega,Water,Fairy,4-view complete,Custom Mega,Species-specific Mega Stone; only if this design is approved,REVIEW,PENDING,
R0844,730,728,#0728 Popplio → #0729 Brionne → #0730 Primarina,CPF-0339,Primarina,Primarina — Alternate (Form 1),Reborn / Plates of Arceus,01 Reborn - Alternate & Type Forms,Alternate Form,Water,Fighting,4-view complete,Standalone Delta candidate,"Delta Stone candidate, unless a lore/location method fits better",REVIEW,PENDING,
R0845,733,731,#0731 Pikipek → #0732 Trumbeak → #0733 Toucannon,ER-1526,Toucannon,Toucannon Mega,Elite Redux,04 Elite Redux - Standard Megas,Mega,Normal,Steel,4-view complete,Custom Mega,Species-specific Mega Stone; only if this design is approved,REVIEW,PENDING,
R0846,739,739,#0739 Crabrawler → #0740 Crabominable,ER-1823,Crabrawler,Crabrawler Redux,Elite Redux,05 Elite Redux - Redux Forms,Redux Form,Fighting,Dark,4-view complete,Delta family candidate,Obtain the earliest Delta stage; evolve through the matching Delta line,REVIEW,PENDING,
R0847,740,739,#0739 Crabrawler → #0740 Crabominable,ER-1824,Crabominable,Crabominable Redux,Elite Redux,05 Elite Redux - Redux Forms,Redux Form,Fighting,Dark,4-view complete,Delta family candidate,Obtain the earliest Delta stage; evolve through the matching Delta line,REVIEW,PENDING,
R0848,741,741,#0741 Oricorio,ER-1571,Oricorio,Oricorio Mega,Elite Redux,04 Elite Redux - Standard Megas,Mega,Flying,,4-view complete,Custom Mega,Species-specific Mega Stone; only if this design is approved,REVIEW,PENDING,
R0849,743,742,#0742 Cutiefly → #0743 Ribombee,ER-1787,Ribombee,Ribombee Redux,Elite Redux,05 Elite Redux - Redux Forms,Redux Form,Bug,Electric,4-view complete,Standalone Delta candidate,"Delta Stone candidate, unless a lore/location method fits better",REVIEW,PENDING,
R0850,743,742,#0742 Cutiefly → #0743 Ribombee,ER-1549,Ribombee,Ribombee Mega,Elite Redux,04 Elite Redux - Standard Megas,Mega,Bug,Fairy,4-view complete,Custom Mega,Species-specific Mega Stone; only if this design is approved,REVIEW,PENDING,
R0851,743,742,#0742 Cutiefly → #0743 Ribombee,ER-1788,Ribombee,Ribombee Redux Mega,Elite Redux,06 Elite Redux - Redux Megas,Mega,Bug,Electric,4-view complete,Mega Delta,Mega Evolution of the corresponding Delta form,REVIEW,PENDING,
R0852,743,742,#0742 Cutiefly → #0743 Ribombee,CPF-0340,Ribombee,Ribombee — BlueTowel Alternate form (Form 1),Reborn / Plates of Arceus,01 Reborn - Alternate & Type Forms,Alternate Form,Ground,Fairy,4-view complete,Standalone Delta candidate,"Delta Stone candidate, unless a lore/location method fits better",REVIEW,PENDING,
R0853,745,744,#0744 Rockruff → #0745 Lycanroc,ER-1483,Lycanroc,Lycanroc Eclipse,Elite Redux,03 Elite Redux - New Species & Evolutions,New Species / Evolution,Rock,Ghost,4-view complete,New species / evolution,Connection review needed — decide parent/evolution method in Notes,REVIEW,PENDING,
R0854,745,744,#0744 Rockruff → #0745 Lycanroc,ER-1484,Lycanroc,Lycanroc Twilight,Elite Redux,03 Elite Redux - New Species & Evolutions,New Species / Evolution,Rock,Fairy,4-view complete,New species / evolution,Connection review needed — decide parent/evolution method in Notes,REVIEW,PENDING,
R0855,751,751,#0751 Dewpider → #0752 Araquanid,ER-1845,Dewpider,Dewpider Redux,Elite Redux,05 Elite Redux - Redux Forms,Redux Form,Ice,Bug,4-view complete,Delta family candidate,Obtain the earliest Delta stage; evolve through the matching Delta line,REVIEW,PENDING,
R0856,751,751,#0751 Dewpider → #0752 Araquanid,CPF-0342,Dewpider,Dewpider — Alternate (Form 1),Reborn / Plates of Arceus,01 Reborn - Alternate & Type Forms,Alternate Form,Water,Steel,4-view complete,Delta family candidate,Obtain the earliest Delta stage; evolve through the matching Delta line,REVIEW,PENDING,
R0857,752,751,#0751 Dewpider → #0752 Araquanid,ER-1846,Araquanid,Araquanid Redux,Elite Redux,05 Elite Redux - Redux Forms,Redux Form,Ice,Bug,4-view complete,Delta family candidate,Obtain the earliest Delta stage; evolve through the matching Delta line,REVIEW,PENDING,
R0858,752,751,#0751 Dewpider → #0752 Araquanid,CPF-0343,Araquanid,Araquanid — Alternate (Form 1),Reborn / Plates of Arceus,01 Reborn - Alternate & Type Forms,Alternate Form,Water,Steel,4-view complete,Delta family candidate,Obtain the earliest Delta stage; evolve through the matching Delta line,REVIEW,PENDING,
R0859,753,753,#0753 Fomantis → #0754 Lurantis,CPF-0344,Fomantis,Fomantis — Alternate (Form 1),Reborn / Plates of Arceus,01 Reborn - Alternate & Type Forms,Alternate Form,Rock,,4-view complete,Delta family candidate,Obtain the earliest Delta stage; evolve through the matching Delta line,REVIEW,PENDING,
R0860,754,753,#0753 Fomantis → #0754 Lurantis,CPF-0345,Lurantis,Lurantis — Alternate (Form 1),Reborn / Plates of Arceus,01 Reborn - Alternate & Type Forms,Alternate Form,Rock,,4-view complete,Delta family candidate,Obtain the earliest Delta stage; evolve through the matching Delta line,REVIEW,PENDING,
R0861,759,759,#0759 Stufful → #0760 Bewear,ER-1726,Stufful,Stufful Redux,Elite Redux,05 Elite Redux - Redux Forms,Redux Form,Normal,Fairy,4-view complete,Delta family candidate,Obtain the earliest Delta stage; evolve through the matching Delta line,REVIEW,PENDING,
R0862,760,759,#0759 Stufful → #0760 Bewear,ER-1727,Bewear,Bewear Redux,Elite Redux,05 Elite Redux - Redux Forms,Redux Form,Normal,Fairy,4-view complete,Delta family candidate,Obtain the earliest Delta stage; evolve through the matching Delta line,REVIEW,PENDING,
R0863,760,759,#0759 Stufful → #0760 Bewear,ER-1792,Bewear,Bewear Angry,Elite Redux,03 Elite Redux - New Species & Evolutions,New Species / Evolution,Normal,Fighting,4-view complete,New species / evolution,Connection review needed — decide parent/evolution method in Notes,REVIEW,PENDING,
R0864,761,761,#0761 Bounsweet → #0762 Steenee → #0763 Tsareena,ER-1814,Bounsweet,Bounsweet Redux,Elite Redux,05 Elite Redux - Redux Forms,Redux Form,Psychic,Fairy,4-view complete,Delta family candidate,Obtain the earliest Delta stage; evolve through the matching Delta line,REVIEW,PENDING,
R0865,762,761,#0761 Bounsweet → #0762 Steenee → #0763 Tsareena,ER-1815,Steenee,Steenee Redux,Elite Redux,05 Elite Redux - Redux Forms,Redux Form,Psychic,Fairy,4-view complete,Delta family candidate,Obtain the earliest Delta stage; evolve through the matching Delta line,REVIEW,PENDING,
R0866,763,761,#0761 Bounsweet → #0762 Steenee → #0763 Tsareena,ER-1816,Tsareena,Tsareena Redux,Elite Redux,05 Elite Redux - Redux Forms,Redux Form,Psychic,Fairy,4-view complete,Delta family candidate,Obtain the earliest Delta stage; evolve through the matching Delta line,REVIEW,PENDING,
R0867,763,761,#0761 Bounsweet → #0762 Steenee → #0763 Tsareena,ER-1700,Tsareena,Tsareena Mega,Elite Redux,04 Elite Redux - Standard Megas,Mega,Grass,Fighting,4-view complete,Custom Mega,Species-specific Mega Stone; only if this design is approved,REVIEW,PENDING,
R0868,763,761,#0761 Bounsweet → #0762 Steenee → #0763 Tsareena,ER-1581,Tsareena,Tsareena Mega,Elite Redux,06 Elite Redux - Redux Megas,Mega,Psychic,Fairy,4-view complete,Custom Mega,Species-specific Mega Stone; only if this design is approved,REVIEW,PENDING,
R0869,768,767,#0767 Wimpod → #0768 Golisopod,ER-1568,Golisopod,Golisopod Mega Y,Elite Redux,04 Elite Redux - Standard Megas,Mega,Bug,Water,4-view complete,Custom Mega,Species-specific Mega Stone; only if this design is approved,REVIEW,PENDING,
R0870,769,769,#0769 Sandygast → #0770 Palossand,CPF-0346,Sandygast,Sandygast — Alternate (Form 1),Reborn / Plates of Arceus,01 Reborn - Alternate & Type Forms,Alternate Form,Ghost,Ice,4-view complete,Delta family candidate,Obtain the earliest Delta stage; evolve through the matching Delta line,REVIEW,PENDING,
R0871,770,769,#0769 Sandygast → #0770 Palossand,CPF-0347,Palossand,Palossand — Alternate (Form 1),Reborn / Plates of Arceus,01 Reborn - Alternate & Type Forms,Alternate Form,Ghost,Ice,4-view complete,Delta family candidate,Obtain the earliest Delta stage; evolve through the matching Delta line,REVIEW,PENDING,
R0872,778,778,#0778 Mimikyu,ER-1847,Mimikyu,Mimikyu Apex,Elite Redux,03 Elite Redux - New Species & Evolutions,New Species / Evolution,Ghost,Fairy,4-view complete,New species / evolution,Connection review needed — decide parent/evolution method in Notes,REVIEW,PENDING,
R0873,778,778,#0778 Mimikyu,ER-1848,Mimikyu,Mimikyu Apex Busted,Elite Redux,03 Elite Redux - New Species & Evolutions,New Species / Evolution,Ghost,Fairy,4-view complete,New species / evolution,Connection review needed — decide parent/evolution method in Notes,REVIEW,PENDING,
R0874,778,778,#0778 Mimikyu,ER-1473,Mimikyu,Mimikyu Primal,Elite Redux,03 Elite Redux - New Species & Evolutions,New Species / Evolution,Ghost,Fairy,4-view complete,New species / evolution,Connection review needed — decide parent/evolution method in Notes,REVIEW,PENDING,
R0875,778,778,#0778 Mimikyu,ER-1793,Mimikyu,Mimikyu Rayquaza,Elite Redux,03 Elite Redux - New Species & Evolutions,New Species / Evolution,Ghost,Fairy,4-view complete,New species / evolution,Connection review needed — decide parent/evolution method in Notes,REVIEW,PENDING,
R0876,783,782,#0782 Jangmo-o → #0783 Hakamo-o → #0784 Kommo-o,CPF-0348,Hakamo-o,Hakamo-o — Alternate (Form 1),Reborn / Plates of Arceus,01 Reborn - Alternate & Type Forms,Alternate Form,Dragon,Steel,4-view complete,Delta family candidate,Obtain the earliest Delta stage; evolve through the matching Delta line,REVIEW,PENDING,
R0877,784,782,#0782 Jangmo-o → #0783 Hakamo-o → #0784 Kommo-o,CPF-0349,Kommo-o,Kommo-o — Alternate (Form 1),Reborn / Plates of Arceus,01 Reborn - Alternate & Type Forms,Alternate Form,Dragon,Steel,4-view complete,Delta family candidate,Obtain the earliest Delta stage; evolve through the matching Delta line,REVIEW,PENDING,
R0878,798,798,#0798 Kartana,ER-1803,Kartana,Kartana Fallen,Elite Redux,03 Elite Redux - New Species & Evolutions,New Species / Evolution,Grass,Steel,4-view complete,New species / evolution,Connection review needed — decide parent/evolution method in Notes,REVIEW,PENDING,
R0879,809,809,#0809 Melmetal,ER-1591,Melmetal,Melmetal Mega,Elite Redux,04 Elite Redux - Standard Megas,Mega,Steel,,4-view complete,Custom Mega,Species-specific Mega Stone; only if this design is approved,REVIEW,PENDING,
R0880,811,810,#0810 Grookey → #0811 Thwackey → #0812 Rillaboom,CPF-0350,Thwackey,Thwackey — Alternate (Form 2),Reborn / Plates of Arceus,01 Reborn - Alternate & Type Forms,Alternate Form,Grass,,4-view complete,Delta family candidate,Obtain the earliest Delta stage; evolve through the matching Delta line,REVIEW,PENDING,
R0881,812,810,#0810 Grookey → #0811 Thwackey → #0812 Rillaboom,ER-1597,Rillaboom,Rillaboom Mega,Elite Redux,04 Elite Redux - Standard Megas,Mega,Grass,,4-view complete,Custom Mega,Species-specific Mega Stone; only if this design is approved,REVIEW,PENDING,
R0882,812,810,#0810 Grookey → #0811 Thwackey → #0812 Rillaboom,CPF-0351,Rillaboom,Rillaboom — Alternate (Form 2),Reborn / Plates of Arceus,01 Reborn - Alternate & Type Forms,Alternate Form,Grass,Bug,4-view complete,Delta family candidate,Obtain the earliest Delta stage; evolve through the matching Delta line,REVIEW,PENDING,
R0883,813,813,#0813 Scorbunny → #0814 Raboot → #0815 Cinderace,CPF-0352,Scorbunny,Scorbunny — Alternate (Form 2),Reborn / Plates of Arceus,01 Reborn - Alternate & Type Forms,Alternate Form,Fire,,4-view complete,Delta family candidate,Obtain the earliest Delta stage; evolve through the matching Delta line,REVIEW,PENDING,
R0884,814,813,#0813 Scorbunny → #0814 Raboot → #0815 Cinderace,CPF-0353,Raboot,Raboot — Alternate (Form 2),Reborn / Plates of Arceus,01 Reborn - Alternate & Type Forms,Alternate Form,Fire,Fairy,4-view complete,Delta family candidate,Obtain the earliest Delta stage; evolve through the matching Delta line,REVIEW,PENDING,
R0885,815,813,#0813 Scorbunny → #0814 Raboot → #0815 Cinderace,ER-1598,Cinderace,Cinderace Mega,Elite Redux,04 Elite Redux - Standard Megas,Mega,Fire,,4-view complete,Custom Mega,Species-specific Mega Stone; only if this design is approved,REVIEW,PENDING,
R0886,815,813,#0813 Scorbunny → #0814 Raboot → #0815 Cinderace,CPF-0354,Cinderace,Cinderace — Alternate (Form 2),Reborn / Plates of Arceus,01 Reborn - Alternate & Type Forms,Alternate Form,Fire,Fairy,4-view complete,Delta family candidate,Obtain the earliest Delta stage; evolve through the matching Delta line,REVIEW,PENDING,
R0887,816,816,#0816 Sobble → #0817 Drizzile → #0818 Inteleon,CPF-0355,Sobble,Sobble — Alternate (Form 2),Reborn / Plates of Arceus,01 Reborn - Alternate & Type Forms,Alternate Form,Water,,4-view complete,Delta family candidate,Obtain the earliest Delta stage; evolve through the matching Delta line,REVIEW,PENDING,
R0888,817,816,#0816 Sobble → #0817 Drizzile → #0818 Inteleon,CPF-0356,Drizzile,Drizzile — Alternate (Form 2),Reborn / Plates of Arceus,01 Reborn - Alternate & Type Forms,Alternate Form,Water,Flying,4-view complete,Delta family candidate,Obtain the earliest Delta stage; evolve through the matching Delta line,REVIEW,PENDING,
R0889,818,816,#0816 Sobble → #0817 Drizzile → #0818 Inteleon,ER-1599,Inteleon,Inteleon Mega,Elite Redux,04 Elite Redux - Standard Megas,Mega,Water,,4-view complete,Custom Mega,Species-specific Mega Stone; only if this design is approved,REVIEW,PENDING,
R0890,818,816,#0816 Sobble → #0817 Drizzile → #0818 Inteleon,CPF-0357,Inteleon,Inteleon — Alternate (Form 2),Reborn / Plates of Arceus,01 Reborn - Alternate & Type Forms,Alternate Form,Water,Flying,4-view complete,Delta family candidate,Obtain the earliest Delta stage; evolve through the matching Delta line,REVIEW,PENDING,
R0891,823,821,#0821 Rookidee → #0822 Corvisquire → #0823 Corviknight,ER-1600,Corviknight,Corviknight Mega,Elite Redux,04 Elite Redux - Standard Megas,Mega,Flying,Steel,4-view complete,Custom Mega,Species-specific Mega Stone; only if this design is approved,REVIEW,PENDING,
R0892,826,824,#0824 Blipbug → #0825 Dottler → #0826 Orbeetle,ER-1607,Orbeetle,Orbeetle Mega,Elite Redux,04 Elite Redux - Standard Megas,Mega,Bug,Psychic,4-view complete,Custom Mega,Species-specific Mega Stone; only if this design is approved,REVIEW,PENDING,
R0893,834,833,#0833 Chewtle → #0834 Drednaw,ER-1601,Drednaw,Drednaw Mega,Elite Redux,04 Elite Redux - Standard Megas,Mega,Water,Dragon,4-view complete,Custom Mega,Species-specific Mega Stone; only if this design is approved,REVIEW,PENDING,
R0894,839,837,#0837 Rolycoly → #0838 Carkol → #0839 Coalossal,ER-1602,Coalossal,Coalossal Mega,Elite Redux,04 Elite Redux - Standard Megas,Mega,Rock,Fire,4-view complete,Custom Mega,Species-specific Mega Stone; only if this design is approved,REVIEW,PENDING,
R0895,844,843,#0843 Silicobra → #0844 Sandaconda,ER-1603,Sandaconda,Sandaconda Mega,Elite Redux,04 Elite Redux - Standard Megas,Mega,Ground,Flying,4-view complete,Custom Mega,Species-specific Mega Stone; only if this design is approved,REVIEW,PENDING,
R0896,846,846,#0846 Arrokuda → #0847 Barraskewda,CPF-0358,Arrokuda,Arrokuda — Alternate (Form 1),Reborn / Plates of Arceus,01 Reborn - Alternate & Type Forms,Alternate Form,Water,Poison,4-view complete,Delta family candidate,Obtain the earliest Delta stage; evolve through the matching Delta line,REVIEW,PENDING,
R0897,847,846,#0846 Arrokuda → #0847 Barraskewda,CPF-0359,Barraskewda,Barraskewda — Alternate (Form 1),Reborn / Plates of Arceus,01 Reborn - Alternate & Type Forms,Alternate Form,Water,Poison,4-view complete,Delta family candidate,Obtain the earliest Delta stage; evolve through the matching Delta line,REVIEW,PENDING,
R0898,848,848,#0848 Toxel → #0849 Toxtricity,ER-1817,Toxel,Toxel Redux,Elite Redux,05 Elite Redux - Redux Forms,Redux Form,Electric,Dark,4-view complete,Delta family candidate,Obtain the earliest Delta stage; evolve through the matching Delta line,REVIEW,PENDING,
R0899,849,848,#0848 Toxel → #0849 Toxtricity,ER-1818,Toxtricity,Toxtricity Redux,Elite Redux,05 Elite Redux - Redux Forms,Redux Form,Electric,Dark,4-view complete,Delta family candidate,Obtain the earliest Delta stage; evolve through the matching Delta line,REVIEW,PENDING,
R0900,849,848,#0848 Toxel → #0849 Toxtricity,ER-1819,Toxtricity,Toxtricity Redux Fuzz,Elite Redux,05 Elite Redux - Redux Forms,Redux Form,Electric,Dark,4-view complete,Delta family candidate,Obtain the earliest Delta stage; evolve through the matching Delta line,REVIEW,PENDING,
R0901,849,848,#0848 Toxel → #0849 Toxtricity,ER-1611,Toxtricity,Toxtricity Mega,Elite Redux,04 Elite Redux - Standard Megas,Mega,Electric,Poison,4-view complete,Custom Mega,Species-specific Mega Stone; only if this design is approved,REVIEW,PENDING,
R0902,849,848,#0848 Toxel → #0849 Toxtricity,ER-1582,Toxtricity,Toxtricity Mega,Elite Redux,06 Elite Redux - Redux Megas,Mega,Electric,Dark,4-view complete,Custom Mega,Species-specific Mega Stone; only if this design is approved,REVIEW,PENDING,
R0903,849,848,#0848 Toxel → #0849 Toxtricity,ER-1583,Toxtricity,Toxtricity Redux Fuzz Mega,Elite Redux,06 Elite Redux - Redux Megas,Mega,Electric,Dark,4-view complete,Mega Delta,Mega Evolution of the corresponding Delta form,REVIEW,PENDING,
R0904,851,850,#0850 Sizzlipede → #0851 Centiskorch,ER-1609,Centiskorch,Centiskorch Mega,Elite Redux,04 Elite Redux - Standard Megas,Mega,Fire,Bug,4-view complete,Custom Mega,Species-specific Mega Stone; only if this design is approved,REVIEW,PENDING,
R0905,854,854,#0854 Sinistea → #0855 Polteageist,ER-1652,Sinistea,Sinistea Redux,Elite Redux,05 Elite Redux - Redux Forms,Redux Form,Ghost,Dragon,4-view complete,Delta family candidate,Obtain the earliest Delta stage; evolve through the matching Delta line,REVIEW,PENDING,
R0906,855,854,#0854 Sinistea → #0855 Polteageist,ER-1653,Polteageist,Polteageist Redux,Elite Redux,05 Elite Redux - Redux Forms,Redux Form,Ghost,Dragon,4-view complete,Delta family candidate,Obtain the earliest Delta stage; evolve through the matching Delta line,REVIEW,PENDING,
R0907,858,856,#0856 Hatenna → #0857 Hattrem → #0858 Hatterene,ER-1605,Hatterene,Hatterene Mega,Elite Redux,04 Elite Redux - Standard Megas,Mega,Psychic,Fairy,4-view complete,Custom Mega,Species-specific Mega Stone; only if this design is approved,REVIEW,PENDING,
R0908,861,859,#0859 Impidimp → #0860 Morgrem → #0861 Grimmsnarl,ER-1608,Grimmsnarl,Grimmsnarl Mega,Elite Redux,04 Elite Redux - Standard Megas,Mega,Dark,Fairy,4-view complete,Custom Mega,Species-specific Mega Stone; only if this design is approved,REVIEW,PENDING,
R0909,865,865,#0865 Sirfetch'd,CPF-0042,Sirfetch'd,Sirfetch'd — Alternate (Form 1),Reborn / Plates of Arceus,01 Reborn - Alternate & Type Forms,Alternate Form,Fighting,,4-view complete,Standalone Delta candidate,"Delta Stone candidate, unless a lore/location method fits better",REVIEW,PENDING,
R0910,869,869,#0869 Alcremie,ER-1610,Alcremie,Alcremie Mega,Elite Redux,04 Elite Redux - Standard Megas,Mega,Fairy,,4-view complete,Custom Mega,Species-specific Mega Stone; only if this design is approved,REVIEW,PENDING,
R0911,879,878,#0878 Cufant → #0879 Copperajah,ER-1604,Copperajah,Copperajah Mega,Elite Redux,04 Elite Redux - Standard Megas,Mega,Steel,,4-view complete,Custom Mega,Species-specific Mega Stone; only if this design is approved,REVIEW,PENDING,
R0912,882,882,#0882 Dracovish,ER-1780,Dracovish,Dracovish Mega,Elite Redux,04 Elite Redux - Standard Megas,Mega,Water,Dragon,4-view complete,Custom Mega,Species-specific Mega Stone; only if this design is approved,REVIEW,PENDING,
R0913,887,885,#0885 Dreepy → #0886 Drakloak → #0887 Dragapult,ER-1665,Dragapult,Dragapult Mega,Elite Redux,04 Elite Redux - Standard Megas,Mega,Dragon,Ghost,4-view complete,Custom Mega,Species-specific Mega Stone; only if this design is approved,REVIEW,PENDING,
R0914,892,891,#0891 Kubfu → #0892 Urshifu,ER-1589,Urshifu,Urshifu Mega,Elite Redux,04 Elite Redux - Standard Megas,Mega,Fighting,Dark,4-view complete,Custom Mega,Species-specific Mega Stone; only if this design is approved,REVIEW,PENDING,
R0915,892,891,#0891 Kubfu → #0892 Urshifu,ER-1590,Urshifu,Urshifu Rapid Strike Style Mega,Elite Redux,04 Elite Redux - Standard Megas,Mega,Fighting,Water,4-view complete,Custom Mega,Species-specific Mega Stone; only if this design is approved,REVIEW,PENDING,
R0916,897,897,#0897 Spectrier,ER-1797,Spectrier,Spectrier Cloud,Elite Redux,03 Elite Redux - New Species & Evolutions,New Species / Evolution,Flying,,4-view complete,New species / evolution,Connection review needed — decide parent/evolution method in Notes,REVIEW,PENDING,
R0917,898,898,#0898 Calyrex,ER-1798,Calyrex,Calyrex Cloud Rider,Elite Redux,03 Elite Redux - New Species & Evolutions,New Species / Evolution,Psychic,Flying,4-view complete,New species / evolution,Connection review needed — decide parent/evolution method in Notes,REVIEW,PENDING,
R0918,903,903,#0903 Sneasler,ER-1698,Sneasler,Sneasler Mega,Elite Redux,04 Elite Redux - Standard Megas,Mega,Fighting,Poison,4-view complete,Custom Mega,Species-specific Mega Stone; only if this design is approved,REVIEW,PENDING,
R0919,908,906,#0906 Sprigatito → #0907 Floragato → #0908 Meowscarada,ER-1622,Meowscarada,Meowscarada Mega,Elite Redux,04 Elite Redux - Standard Megas,Mega,Grass,Dark,4-view complete,Custom Mega,Species-specific Mega Stone; only if this design is approved,REVIEW,PENDING,
R0920,911,909,#0909 Fuecoco → #0910 Crocalor → #0911 Skeledirge,ER-1626,Skeledirge,Skeledirge Mega,Elite Redux,04 Elite Redux - Standard Megas,Mega,Fire,Ghost,4-view complete,Custom Mega,Species-specific Mega Stone; only if this design is approved,REVIEW,PENDING,
R0921,914,912,#0912 Quaxly → #0913 Quaxwell → #0914 Quaquaval,ER-1624,Quaquaval,Quaquaval Mega,Elite Redux,04 Elite Redux - Standard Megas,Mega,Water,Fighting,4-view complete,Custom Mega,Species-specific Mega Stone; only if this design is approved,REVIEW,PENDING,
R0922,957,957,#0957 Tinkatink → #0958 Tinkatuff → #0959 Tinkaton,ER-1849,Tinkatink,Tinkatink Redux,Elite Redux,05 Elite Redux - Redux Forms,Redux Form,Water,Poison,4-view complete,Delta family candidate,Obtain the earliest Delta stage; evolve through the matching Delta line,REVIEW,PENDING,
R0923,958,957,#0957 Tinkatink → #0958 Tinkatuff → #0959 Tinkaton,ER-1850,Tinkatuff,Tinkatuff Redux,Elite Redux,05 Elite Redux - Redux Forms,Redux Form,Water,Poison,4-view complete,Delta family candidate,Obtain the earliest Delta stage; evolve through the matching Delta line,REVIEW,PENDING,
R0924,959,957,#0957 Tinkatink → #0958 Tinkatuff → #0959 Tinkaton,ER-1851,Tinkaton,Tinkaton Redux,Elite Redux,05 Elite Redux - Redux Forms,Redux Form,Water,Poison,4-view complete,Delta family candidate,Obtain the earliest Delta stage; evolve through the matching Delta line,REVIEW,PENDING,
R0925,959,957,#0957 Tinkatink → #0958 Tinkatuff → #0959 Tinkaton,ER-1804,Tinkaton,Tinkaton Mega,Elite Redux,04 Elite Redux - Standard Megas,Mega,Fairy,Steel,4-view complete,Custom Mega,Species-specific Mega Stone; only if this design is approved,REVIEW,PENDING,
R0926,959,957,#0957 Tinkatink → #0958 Tinkatuff → #0959 Tinkaton,ER-1852,Tinkaton,Tinkaton Redux Mega,Elite Redux,06 Elite Redux - Redux Megas,Mega,Water,Poison,4-view complete,Mega Delta,Mega Evolution of the corresponding Delta form,REVIEW,PENDING,
R0927,974,974,#0974 Cetoddle → #0975 Cetitan,ER-1654,Cetoddle,Cetoddle Redux,Elite Redux,05 Elite Redux - Redux Forms,Redux Form,Steel,,4-view complete,Delta family candidate,Obtain the earliest Delta stage; evolve through the matching Delta line,REVIEW,PENDING,
R0928,975,974,#0974 Cetoddle → #0975 Cetitan,ER-1655,Cetitan,Cetitan Redux,Elite Redux,05 Elite Redux - Redux Forms,Redux Form,Steel,Dark,4-view complete,Delta family candidate,Obtain the earliest Delta stage; evolve through the matching Delta line,REVIEW,PENDING,
R0929,978,978,#0978 Tatsugiri,ER-1901,Tatsugiri,Tatsugiri Mega,Elite Redux,04 Elite Redux - Standard Megas,Mega,Dragon,Water,4-view complete,Custom Mega,Species-specific Mega Stone; only if this design is approved,REVIEW,PENDING,
R0930,980,980,#0980 Clodsire,ER-1634,Clodsire,Clodsire Mega,Elite Redux,04 Elite Redux - Standard Megas,Mega,Poison,Ground,4-view complete,Custom Mega,Species-specific Mega Stone; only if this design is approved,REVIEW,PENDING,
R0931,1002,1002,#1002 Chien-Pao,ER-1779,Chien-Pao,Chien Pao Mega,Elite Redux,04 Elite Redux - Standard Megas,Mega,Dark,Ice,4-view complete,Custom Mega,Species-specific Mega Stone; only if this design is approved,REVIEW,PENDING,
R0932,0,,Unlinked / new species,ER-1063,Bewarden,Bewarden Redux,Elite Redux,05 Elite Redux - Redux Forms,Redux Form,Normal,Fairy,4-view complete,Standalone Delta candidate,"Delta Stone candidate, unless a lore/location method fits better",REVIEW,PENDING,
R0933,0,,Unlinked / new species,ER-1715,Clawtificer,Clawtificer,Elite Redux,05 Elite Redux - Redux Forms,Redux Form,Fire,Electric,4-view complete,Standalone Delta candidate,"Delta Stone candidate, unless a lore/location method fits better",REVIEW,PENDING,
R0934,0,,Unlinked / new species,ER-1059,Crabruiser,Crabruiser,Elite Redux,05 Elite Redux - Redux Forms,Redux Form,Fighting,Dark,4-view complete,Standalone Delta candidate,"Delta Stone candidate, unless a lore/location method fits better",REVIEW,PENDING,
R0935,0,,Unlinked / new species,ER-1777,Escarginite,Escarginite Redux,Elite Redux,05 Elite Redux - Redux Forms,Redux Form,Grass,Rock,4-view complete,Standalone Delta candidate,"Delta Stone candidate, unless a lore/location method fits better",REVIEW,PENDING,
R0936,0,,Unlinked / new species,ER-1905,Terrow,Terrow,Elite Redux,05 Elite Redux - Redux Forms,Redux Form,Dark,Fighting,4-view complete,Standalone Delta candidate,"Delta Stone candidate, unless a lore/location method fits better",REVIEW,PENDING,
R0937,0,,Unlinked / new species,ER-1100,Abyssand,Abyssand,Elite Redux,03 Elite Redux - New Species & Evolutions,New Species / Evolution,Ghost,Ground,4-view complete,New species / evolution,Connection review needed — decide parent/evolution method in Notes,REVIEW,PENDING,
R0938,0,,Unlinked / new species,ER-1057,Amphybuzz,Amphybuzz,Elite Redux,03 Elite Redux - New Species & Evolutions,New Species / Evolution,Bug,Fairy,4-view complete,New species / evolution,Connection review needed — decide parent/evolution method in Notes,REVIEW,PENDING,
R0939,0,,Unlinked / new species,ER-1029,Arachtres,Arachtres,Elite Redux,03 Elite Redux - New Species & Evolutions,New Species / Evolution,Bug,Poison,4-view complete,New species / evolution,Connection review needed — decide parent/evolution method in Notes,REVIEW,PENDING,
R0940,0,,Unlinked / new species,ER-1032,Arashinne,Arashinne,Elite Redux,03 Elite Redux - New Species & Evolutions,New Species / Evolution,Electric,Fairy,4-view complete,New species / evolution,Connection review needed — decide parent/evolution method in Notes,REVIEW,PENDING,
R0941,0,,Unlinked / new species,ER-1058,Bariong,Bariong,Elite Redux,03 Elite Redux - New Species & Evolutions,New Species / Evolution,Ice,Dragon,4-view complete,New species / evolution,Connection review needed — decide parent/evolution method in Notes,REVIEW,PENDING,
R0942,0,,Unlinked / new species,ER-1037,Beefender,Beefender,Elite Redux,03 Elite Redux - New Species & Evolutions,New Species / Evolution,Bug,Flying,4-view complete,New species / evolution,Connection review needed — decide parent/evolution method in Notes,REVIEW,PENDING,
R0943,0,,Unlinked / new species,ER-1105,Beniccino,Beniccino,Elite Redux,03 Elite Redux - New Species & Evolutions,New Species / Evolution,Normal,,4-view complete,New species / evolution,Connection review needed — decide parent/evolution method in Notes,REVIEW,PENDING,
R0944,0,,Unlinked / new species,ER-1106,Bewarden,Bewarden,Elite Redux,03 Elite Redux - New Species & Evolutions,New Species / Evolution,Normal,Fighting,4-view complete,New species / evolution,Connection review needed — decide parent/evolution method in Notes,REVIEW,PENDING,
R0945,0,,Unlinked / new species,ER-1048,Blizzard Maw,Blizzard Maw,Elite Redux,03 Elite Redux - New Species & Evolutions,New Species / Evolution,Ice,Dark,4-view complete,New species / evolution,Connection review needed — decide parent/evolution method in Notes,REVIEW,PENDING,
R0946,0,,Unlinked / new species,ER-1109,Blocli,Blocli,Elite Redux,03 Elite Redux - New Species & Evolutions,New Species / Evolution,Normal,,4-view complete,New species / evolution,Connection review needed — decide parent/evolution method in Notes,REVIEW,PENDING,
R0947,0,,Unlinked / new species,ER-1110,Bloxtack,Bloxtack,Elite Redux,03 Elite Redux - New Species & Evolutions,New Species / Evolution,Normal,,4-view complete,New species / evolution,Connection review needed — decide parent/evolution method in Notes,REVIEW,PENDING,
R0948,0,,Unlinked / new species,ER-1034,Boarlock,Boarlock,Elite Redux,03 Elite Redux - New Species & Evolutions,New Species / Evolution,Psychic,,4-view complete,New species / evolution,Connection review needed — decide parent/evolution method in Notes,REVIEW,PENDING,
R0949,0,,Unlinked / new species,ER-1874,Breezing,Breezing,Elite Redux,03 Elite Redux - New Species & Evolutions,New Species / Evolution,Water,Flying,4-view complete,New species / evolution,Connection review needed — decide parent/evolution method in Notes,REVIEW,PENDING,
R0950,0,,Unlinked / new species,ER-1043,Brontonana,Brontonana,Elite Redux,03 Elite Redux - New Species & Evolutions,New Species / Evolution,Grass,Dragon,4-view complete,New species / evolution,Connection review needed — decide parent/evolution method in Notes,REVIEW,PENDING,
R0951,0,,Unlinked / new species,ER-1064,Bubbleo,Bubbleo,Elite Redux,03 Elite Redux - New Species & Evolutions,New Species / Evolution,Water,Poison,4-view complete,New species / evolution,Connection review needed — decide parent/evolution method in Notes,REVIEW,PENDING,
R0952,0,,Unlinked / new species,ER-1084,Cacjack,Cacjack,Elite Redux,03 Elite Redux - New Species & Evolutions,New Species / Evolution,Grass,Dark,4-view complete,New species / evolution,Connection review needed — decide parent/evolution method in Notes,REVIEW,PENDING,
R0953,0,,Unlinked / new species,ER-1090,Carbonix,Carbonix,Elite Redux,03 Elite Redux - New Species & Evolutions,New Species / Evolution,Rock,Dragon,4-view complete,New species / evolution,Connection review needed — decide parent/evolution method in Notes,REVIEW,PENDING,
R0954,0,,Unlinked / new species,ER-1045,Corm,Corm,Elite Redux,03 Elite Redux - New Species & Evolutions,New Species / Evolution,Grass,,4-view complete,New species / evolution,Connection review needed — decide parent/evolution method in Notes,REVIEW,PENDING,
R0955,0,,Unlinked / new species,ER-1046,Cormoth,Cormoth,Elite Redux,03 Elite Redux - New Species & Evolutions,New Species / Evolution,Grass,,4-view complete,New species / evolution,Connection review needed — decide parent/evolution method in Notes,REVIEW,PENDING,
R0956,0,,Unlinked / new species,ER-1114,Corn Tyrant,Corn Tyrant,Elite Redux,03 Elite Redux - New Species & Evolutions,New Species / Evolution,Grass,Dragon,4-view complete,New species / evolution,Connection review needed — decide parent/evolution method in Notes,REVIEW,PENDING,
R0957,0,,Unlinked / new species,ER-1086,Crag Hopper,Crag Hopper,Elite Redux,03 Elite Redux - New Species & Evolutions,New Species / Evolution,Rock,Ground,4-view complete,New species / evolution,Connection review needed — decide parent/evolution method in Notes,REVIEW,PENDING,
R0958,0,,Unlinked / new species,ER-1071,Crawdauntless,Crawdauntless,Elite Redux,03 Elite Redux - New Species & Evolutions,New Species / Evolution,Water,Dark,4-view complete,New species / evolution,Connection review needed — decide parent/evolution method in Notes,REVIEW,PENDING,
R0959,0,,Unlinked / new species,ER-1087,Dedelibird,Dedelibird,Elite Redux,03 Elite Redux - New Species & Evolutions,New Species / Evolution,Ice,Flying,4-view complete,New species / evolution,Connection review needed — decide parent/evolution method in Notes,REVIEW,PENDING,
R0960,0,,Unlinked / new species,ER-1033,Dreadnaut,Dreadnaut,Elite Redux,03 Elite Redux - New Species & Evolutions,New Species / Evolution,Ghost,Grass,4-view complete,New species / evolution,Connection review needed — decide parent/evolution method in Notes,REVIEW,PENDING,
R0961,0,,Unlinked / new species,ER-1044,Dredwood,Dredwood,Elite Redux,03 Elite Redux - New Species & Evolutions,New Species / Evolution,Ghost,Grass,4-view complete,New species / evolution,Connection review needed — decide parent/evolution method in Notes,REVIEW,PENDING,
R0962,0,,Unlinked / new species,ER-1076,Dududunsparce,Dududunsparce,Elite Redux,03 Elite Redux - New Species & Evolutions,New Species / Evolution,Normal,Ground,4-view complete,New species / evolution,Connection review needed — decide parent/evolution method in Notes,REVIEW,PENDING,
R0963,0,,Unlinked / new species,ER-1027,Duelumber,Duelumber,Elite Redux,03 Elite Redux - New Species & Evolutions,New Species / Evolution,Rock,Fighting,4-view complete,New species / evolution,Connection review needed — decide parent/evolution method in Notes,REVIEW,PENDING,
R0964,0,,Unlinked / new species,ER-1706,Eraticate,Eraticate,Elite Redux,03 Elite Redux - New Species & Evolutions,New Species / Evolution,Poison,Fighting,4-view complete,New species / evolution,Connection review needed — decide parent/evolution method in Notes,REVIEW,PENDING,
R0965,0,,Unlinked / new species,ER-1028,Escarginite,Escarginite,Elite Redux,03 Elite Redux - New Species & Evolutions,New Species / Evolution,Fire,Rock,4-view complete,New species / evolution,Connection review needed — decide parent/evolution method in Notes,REVIEW,PENDING,
R0966,0,,Unlinked / new species,ER-1030,Flairgrance,Flairgrance,Elite Redux,03 Elite Redux - New Species & Evolutions,New Species / Evolution,Fairy,Poison,4-view complete,New species / evolution,Connection review needed — decide parent/evolution method in Notes,REVIEW,PENDING,
R0967,0,,Unlinked / new species,ER-1056,Fluffbee,Fluffbee,Elite Redux,03 Elite Redux - New Species & Evolutions,New Species / Evolution,Bug,,4-view complete,New species / evolution,Connection review needed — decide parent/evolution method in Notes,REVIEW,PENDING,
R0968,0,,Unlinked / new species,ER-1873,Fogging,Fogging,Elite Redux,03 Elite Redux - New Species & Evolutions,New Species / Evolution,Water,Flying,4-view complete,New species / evolution,Connection review needed — decide parent/evolution method in Notes,REVIEW,PENDING,
R0969,0,,Unlinked / new species,ER-1651,Frostuccino,Frostuccino,Elite Redux,03 Elite Redux - New Species & Evolutions,New Species / Evolution,Ice,Fairy,4-view complete,New species / evolution,Connection review needed — decide parent/evolution method in Notes,REVIEW,PENDING,
R0970,0,,Unlinked / new species,ER-1075,Frostula,Frostula,Elite Redux,03 Elite Redux - New Species & Evolutions,New Species / Evolution,Ice,Bug,4-view complete,New species / evolution,Connection review needed — decide parent/evolution method in Notes,REVIEW,PENDING,
R0971,0,,Unlinked / new species,ER-1067,Fujiflap,Fujiflap,Elite Redux,03 Elite Redux - New Species & Evolutions,New Species / Evolution,Grass,Dragon,4-view complete,New species / evolution,Connection review needed — decide parent/evolution method in Notes,REVIEW,PENDING,
R0972,0,,Unlinked / new species,ER-1111,Gargablox,Gargablox,Elite Redux,03 Elite Redux - New Species & Evolutions,New Species / Evolution,Normal,,4-view complete,New species / evolution,Connection review needed — decide parent/evolution method in Notes,REVIEW,PENDING,
R0973,0,,Unlinked / new species,ER-1039,Gooschase,Gooschase,Elite Redux,03 Elite Redux - New Species & Evolutions,New Species / Evolution,Normal,,4-view complete,New species / evolution,Connection review needed — decide parent/evolution method in Notes,REVIEW,PENDING,
R0974,0,,Unlinked / new species,ER-1066,Granitun,Granitun,Elite Redux,03 Elite Redux - New Species & Evolutions,New Species / Evolution,Grass,Dragon,4-view complete,New species / evolution,Connection review needed — decide parent/evolution method in Notes,REVIEW,PENDING,
R0975,0,,Unlinked / new species,ER-1095,Grotom,Grotom,Elite Redux,03 Elite Redux - New Species & Evolutions,New Species / Evolution,Poison,,4-view complete,New species / evolution,Connection review needed — decide parent/evolution method in Notes,REVIEW,PENDING,
R0976,0,,Unlinked / new species,ER-1660,Grotom Drum,Grotom Drum,Elite Redux,03 Elite Redux - New Species & Evolutions,New Species / Evolution,Poison,Steel,4-view complete,New species / evolution,Connection review needed — decide parent/evolution method in Notes,REVIEW,PENDING,
R0977,0,,Unlinked / new species,ER-1662,Grotom Fill,Grotom Fill,Elite Redux,03 Elite Redux - New Species & Evolutions,New Species / Evolution,Poison,Dark,4-view complete,New species / evolution,Connection review needed — decide parent/evolution method in Notes,REVIEW,PENDING,
R0978,0,,Unlinked / new species,ER-1658,Grotom Glass,Grotom Glass,Elite Redux,03 Elite Redux - New Species & Evolutions,New Species / Evolution,Poison,Rock,4-view complete,New species / evolution,Connection review needed — decide parent/evolution method in Notes,REVIEW,PENDING,
R0979,0,,Unlinked / new species,ER-1661,Grotom Kick,Grotom Kick,Elite Redux,03 Elite Redux - New Species & Evolutions,New Species / Evolution,Poison,Fighting,4-view complete,New species / evolution,Connection review needed — decide parent/evolution method in Notes,REVIEW,PENDING,
R0980,0,,Unlinked / new species,ER-1659,Grotom Roll,Grotom Roll,Elite Redux,03 Elite Redux - New Species & Evolutions,New Species / Evolution,Poison,Ground,4-view complete,New species / evolution,Connection review needed — decide parent/evolution method in Notes,REVIEW,PENDING,
R0981,0,,Unlinked / new species,ER-1104,Guardozel,Guardozel,Elite Redux,03 Elite Redux - New Species & Evolutions,New Species / Evolution,Water,,4-view complete,New species / evolution,Connection review needed — decide parent/evolution method in Notes,REVIEW,PENDING,
R0982,0,,Unlinked / new species,ER-1041,Gyaradeath,Gyaradeath,Elite Redux,03 Elite Redux - New Species & Evolutions,New Species / Evolution,Ghost,,4-view complete,New species / evolution,Connection review needed — decide parent/evolution method in Notes,REVIEW,PENDING,
R0983,0,,Unlinked / new species,ER-1883,Gyarevelry,Gyarevelry,Elite Redux,03 Elite Redux - New Species & Evolutions,New Species / Evolution,Fire,Dragon,4-view complete,New species / evolution,Connection review needed — decide parent/evolution method in Notes,REVIEW,PENDING,
R0984,0,,Unlinked / new species,ER-1035,Heliomodo,Heliomodo,Elite Redux,03 Elite Redux - New Species & Evolutions,New Species / Evolution,Electric,Fire,4-view complete,New species / evolution,Connection review needed — decide parent/evolution method in Notes,REVIEW,PENDING,
R0985,0,,Unlinked / new species,ER-1094,Heracreus,Heracreus,Elite Redux,03 Elite Redux - New Species & Evolutions,New Species / Evolution,Grass,Fairy,4-view complete,New species / evolution,Connection review needed — decide parent/evolution method in Notes,REVIEW,PENDING,
R0986,0,,Unlinked / new species,ER-1112,Hippopotato,Hippopotato,Elite Redux,03 Elite Redux - New Species & Evolutions,New Species / Evolution,Grass,Ground,4-view complete,New species / evolution,Connection review needed — decide parent/evolution method in Notes,REVIEW,PENDING,
R0987,0,,Unlinked / new species,ER-1113,Hippotaton,Hippotaton,Elite Redux,03 Elite Redux - New Species & Evolutions,New Species / Evolution,Grass,Ground,4-view complete,New species / evolution,Connection review needed — decide parent/evolution method in Notes,REVIEW,PENDING,
R0988,0,,Unlinked / new species,ER-1065,Hydroar,Hydroar,Elite Redux,03 Elite Redux - New Species & Evolutions,New Species / Evolution,Water,Poison,4-view complete,New species / evolution,Connection review needed — decide parent/evolution method in Notes,REVIEW,PENDING,
R0989,0,,Unlinked / new species,ER-1469,Hydroar F,Hydroar F,Elite Redux,03 Elite Redux - New Species & Evolutions,New Species / Evolution,Water,Poison,4-view complete,New species / evolution,Connection review needed — decide parent/evolution method in Notes,REVIEW,PENDING,
R0990,0,,Unlinked / new species,ER-1117,Hypnocroak,Hypnocroak,Elite Redux,03 Elite Redux - New Species & Evolutions,New Species / Evolution,Poison,Psychic,4-view complete,New species / evolution,Connection review needed — decide parent/evolution method in Notes,REVIEW,PENDING,
R0991,0,,Unlinked / new species,ER-1052,Kaiosea,Kaiosea,Elite Redux,03 Elite Redux - New Species & Evolutions,New Species / Evolution,Water,Flying,4-view complete,New species / evolution,Connection review needed — decide parent/evolution method in Notes,REVIEW,PENDING,
R0992,0,,Unlinked / new species,ER-1871,Kilozuna,Kilozuna,Elite Redux,03 Elite Redux - New Species & Evolutions,New Species / Evolution,Fire,Steel,4-view complete,New species / evolution,Connection review needed — decide parent/evolution method in Notes,REVIEW,PENDING,
R0993,0,,Unlinked / new species,ER-1638,Kipmodo,Kipmodo,Elite Redux,03 Elite Redux - New Species & Evolutions,New Species / Evolution,Dragon,Poison,4-view complete,New species / evolution,Connection review needed — decide parent/evolution method in Notes,REVIEW,PENDING,
R0994,0,,Unlinked / new species,ER-1088,Krampird,Krampird,Elite Redux,03 Elite Redux - New Species & Evolutions,New Species / Evolution,Ice,,4-view complete,New species / evolution,Connection review needed — decide parent/evolution method in Notes,REVIEW,PENDING,
R0995,0,,Unlinked / new species,ER-1040,Lepastry,Lepastry,Elite Redux,03 Elite Redux - New Species & Evolutions,New Species / Evolution,Fairy,Fighting,4-view complete,New species / evolution,Connection review needed — decide parent/evolution method in Notes,REVIEW,PENDING,
R0996,0,,Unlinked / new species,ER-1070,Lucineon,Lucineon,Elite Redux,03 Elite Redux - New Species & Evolutions,New Species / Evolution,Water,Fairy,4-view complete,New species / evolution,Connection review needed — decide parent/evolution method in Notes,REVIEW,PENDING,
R0997,0,,Unlinked / new species,ER-1049,Lumber Sloth,Lumber Sloth,Elite Redux,03 Elite Redux - New Species & Evolutions,New Species / Evolution,Fire,Grass,4-view complete,New species / evolution,Connection review needed — decide parent/evolution method in Notes,REVIEW,PENDING,
R0998,0,,Unlinked / new species,ER-1465,Lumbering Sloth Engulfed,Lumbering Sloth Engulfed,Elite Redux,03 Elite Redux - New Species & Evolutions,New Species / Evolution,Fire,Grass,4-view complete,New species / evolution,Connection review needed — decide parent/evolution method in Notes,REVIEW,PENDING,
R0999,0,,Unlinked / new species,ER-1714,Luxzero,Luxzero,Elite Redux,03 Elite Redux - New Species & Evolutions,New Species / Evolution,Electric,Ice,4-view complete,New species / evolution,Connection review needed — decide parent/evolution method in Notes,REVIEW,PENDING,
R1000,0,,Unlinked / new species,ER-1051,Magnemous,Magnemous,Elite Redux,03 Elite Redux - New Species & Evolutions,New Species / Evolution,Poison,Fire,4-view complete,New species / evolution,Connection review needed — decide parent/evolution method in Notes,REVIEW,PENDING,
R1001,0,,Unlinked / new species,ER-1055,Marbeep,Marbeep,Elite Redux,03 Elite Redux - New Species & Evolutions,New Species / Evolution,Bug,,4-view complete,New species / evolution,Connection review needed — decide parent/evolution method in Notes,REVIEW,PENDING,
R1002,0,,Unlinked / new species,ER-1639,Marshmodo,Marshmodo,Elite Redux,03 Elite Redux - New Species & Evolutions,New Species / Evolution,Dragon,Poison,4-view complete,New species / evolution,Connection review needed — decide parent/evolution method in Notes,REVIEW,PENDING,
R1003,0,,Unlinked / new species,ER-1882,Merrykarp,Merrykarp,Elite Redux,03 Elite Redux - New Species & Evolutions,New Species / Evolution,Fire,Fairy,4-view complete,New species / evolution,Connection review needed — decide parent/evolution method in Notes,REVIEW,PENDING,
R1004,0,,Unlinked / new species,ER-1074,Morpekyll,Morpekyll,Elite Redux,03 Elite Redux - New Species & Evolutions,New Species / Evolution,Electric,Dark,4-view complete,New species / evolution,Connection review needed — decide parent/evolution method in Notes,REVIEW,PENDING,
R1005,0,,Unlinked / new species,ER-1481,Morpekyll Hangry,Morpekyll Hangry,Elite Redux,03 Elite Redux - New Species & Evolutions,New Species / Evolution,Electric,Dark,4-view complete,New species / evolution,Connection review needed — decide parent/evolution method in Notes,REVIEW,PENDING,
R1006,0,,Unlinked / new species,ER-1096,Orchestot,Orchestot,Elite Redux,03 Elite Redux - New Species & Evolutions,New Species / Evolution,Normal,Flying,4-view complete,New species / evolution,Connection review needed — decide parent/evolution method in Notes,REVIEW,PENDING,
R1007,0,,Unlinked / new species,ER-1098,Pentadug,Pentadug,Elite Redux,03 Elite Redux - New Species & Evolutions,New Species / Evolution,Ground,,4-view complete,New species / evolution,Connection review needed — decide parent/evolution method in Notes,REVIEW,PENDING,
R1008,0,,Unlinked / new species,ER-1671,Pentadug Alolan,Pentadug Alolan,Elite Redux,03 Elite Redux - New Species & Evolutions,New Species / Evolution,Ground,Steel,4-view complete,New species / evolution,Connection review needed — decide parent/evolution method in Notes,REVIEW,PENDING,
R1009,0,,Unlinked / new species,ER-1101,Pentawug,Pentawug,Elite Redux,03 Elite Redux - New Species & Evolutions,New Species / Evolution,Water,,4-view complete,New species / evolution,Connection review needed — decide parent/evolution method in Notes,REVIEW,PENDING,
R1010,0,,Unlinked / new species,ER-1060,Phanfernal,Phanfernal,Elite Redux,03 Elite Redux - New Species & Evolutions,New Species / Evolution,Fire,Grass,4-view complete,New species / evolution,Connection review needed — decide parent/evolution method in Notes,REVIEW,PENDING,
R1011,0,,Unlinked / new species,ER-1026,Phantowl,Phantowl,Elite Redux,03 Elite Redux - New Species & Evolutions,New Species / Evolution,Ghost,Flying,4-view complete,New species / evolution,Connection review needed — decide parent/evolution method in Notes,REVIEW,PENDING,
R1012,0,,Unlinked / new species,ER-1118,Plundertow,Plundertow,Elite Redux,03 Elite Redux - New Species & Evolutions,New Species / Evolution,Ghost,Grass,4-view complete,New species / evolution,Connection review needed — decide parent/evolution method in Notes,REVIEW,PENDING,
R1013,0,,Unlinked / new species,ER-1031,Polartic,Polartic,Elite Redux,03 Elite Redux - New Species & Evolutions,New Species / Evolution,Ice,Fighting,4-view complete,New species / evolution,Connection review needed — decide parent/evolution method in Notes,REVIEW,PENDING,
R1014,0,,Unlinked / new species,ER-1464,Polartic Bluemoon,Polartic Bluemoon,Elite Redux,03 Elite Redux - New Species & Evolutions,New Species / Evolution,Ice,Fighting,4-view complete,New species / evolution,Connection review needed — decide parent/evolution method in Notes,REVIEW,PENDING,
R1015,0,,Unlinked / new species,ER-1047,Popcorm,Popcorm,Elite Redux,03 Elite Redux - New Species & Evolutions,New Species / Evolution,Grass,Fire,4-view complete,New species / evolution,Connection review needed — decide parent/evolution method in Notes,REVIEW,PENDING,
R1016,0,,Unlinked / new species,ER-1097,Queengambit,Queengambit,Elite Redux,03 Elite Redux - New Species & Evolutions,New Species / Evolution,Dark,Steel,4-view complete,New species / evolution,Connection review needed — decide parent/evolution method in Notes,REVIEW,PENDING,
R1017,0,,Unlinked / new species,ER-1103,Ratfioso,Ratfioso,Elite Redux,03 Elite Redux - New Species & Evolutions,New Species / Evolution,Dark,Normal,4-view complete,New species / evolution,Connection review needed — decide parent/evolution method in Notes,REVIEW,PENDING,
R1018,0,,Unlinked / new species,ER-1102,Ratiking,Ratiking,Elite Redux,03 Elite Redux - New Species & Evolutions,New Species / Evolution,Normal,,4-view complete,New species / evolution,Connection review needed — decide parent/evolution method in Notes,REVIEW,PENDING,
R1019,0,,Unlinked / new species,ER-1684,Rexcadrill,Rexcadrill,Elite Redux,03 Elite Redux - New Species & Evolutions,New Species / Evolution,Dragon,Ground,4-view complete,New species / evolution,Connection review needed — decide parent/evolution method in Notes,REVIEW,PENDING,
R1020,0,,Unlinked / new species,ER-1069,Sagaracas,Sagaracas,Elite Redux,03 Elite Redux - New Species & Evolutions,New Species / Evolution,Grass,,4-view complete,New species / evolution,Connection review needed — decide parent/evolution method in Notes,REVIEW,PENDING,
R1021,0,,Unlinked / new species,ER-1038,Salazarus,Salazarus,Elite Redux,03 Elite Redux - New Species & Evolutions,New Species / Evolution,Poison,Fire,4-view complete,New species / evolution,Connection review needed — decide parent/evolution method in Notes,REVIEW,PENDING,
R1022,0,,Unlinked / new species,ER-1072,Scrafster,Scrafster,Elite Redux,03 Elite Redux - New Species & Evolutions,New Species / Evolution,Dark,Fighting,4-view complete,New species / evolution,Connection review needed — decide parent/evolution method in Notes,REVIEW,PENDING,
R1023,0,,Unlinked / new species,ER-1082,Seerkat,Seerkat,Elite Redux,03 Elite Redux - New Species & Evolutions,New Species / Evolution,Normal,Ground,4-view complete,New species / evolution,Connection review needed — decide parent/evolution method in Notes,REVIEW,PENDING,
R1024,0,,Unlinked / new species,ER-1689,Selenumbra,Selenumbra,Elite Redux,03 Elite Redux - New Species & Evolutions,New Species / Evolution,Bug,Dark,4-view complete,New species / evolution,Connection review needed — decide parent/evolution method in Notes,REVIEW,PENDING,
R1025,0,,Unlinked / new species,ER-1054,Shyduck,Shyduck,Elite Redux,03 Elite Redux - New Species & Evolutions,New Species / Evolution,Dark,,4-view complete,New species / evolution,Connection review needed — decide parent/evolution method in Notes,REVIEW,PENDING,
R1026,0,,Unlinked / new species,ER-1061,Skulberus,Skulberus,Elite Redux,03 Elite Redux - New Species & Evolutions,New Species / Evolution,Dark,,4-view complete,New species / evolution,Connection review needed — decide parent/evolution method in Notes,REVIEW,PENDING,
R1027,0,,Unlinked / new species,ER-1053,Slyduck,Slyduck,Elite Redux,03 Elite Redux - New Species & Evolutions,New Species / Evolution,Dark,,4-view complete,New species / evolution,Connection review needed — decide parent/evolution method in Notes,REVIEW,PENDING,
R1028,0,,Unlinked / new species,ER-1036,Sopranice,Sopranice,Elite Redux,03 Elite Redux - New Species & Evolutions,New Species / Evolution,Ice,Psychic,4-view complete,New species / evolution,Connection review needed — decide parent/evolution method in Notes,REVIEW,PENDING,
R1029,0,,Unlinked / new species,ER-1108,Spindaze,Spindaze,Elite Redux,03 Elite Redux - New Species & Evolutions,New Species / Evolution,Normal,Poison,4-view complete,New species / evolution,Connection review needed — decide parent/evolution method in Notes,REVIEW,PENDING,
R1030,0,,Unlinked / new species,ER-1875,Storming,Storming,Elite Redux,03 Elite Redux - New Species & Evolutions,New Species / Evolution,Water,Flying,4-view complete,New species / evolution,Connection review needed — decide parent/evolution method in Notes,REVIEW,PENDING,
R1031,0,,Unlinked / new species,ER-1640,Swampage,Swampage,Elite Redux,03 Elite Redux - New Species & Evolutions,New Species / Evolution,Dragon,Poison,4-view complete,New species / evolution,Connection review needed — decide parent/evolution method in Notes,REVIEW,PENDING,
R1032,0,,Unlinked / new species,ER-1083,Tentagrewl,Tentagrewl,Elite Redux,03 Elite Redux - New Species & Evolutions,New Species / Evolution,Water,Poison,4-view complete,New species / evolution,Connection review needed — decide parent/evolution method in Notes,REVIEW,PENDING,
R1033,0,,Unlinked / new species,ER-1107,Torrentula,Torrentula,Elite Redux,03 Elite Redux - New Species & Evolutions,New Species / Evolution,Water,Bug,4-view complete,New species / evolution,Connection review needed — decide parent/evolution method in Notes,REVIEW,PENDING,
R1034,0,,Unlinked / new species,ER-1042,Tortemple,Tortemple,Elite Redux,03 Elite Redux - New Species & Evolutions,New Species / Evolution,Fire,,4-view complete,New species / evolution,Connection review needed — decide parent/evolution method in Notes,REVIEW,PENDING,
R1035,0,,Unlinked / new species,ER-1085,Tyranjoula,Tyranjoula,Elite Redux,03 Elite Redux - New Species & Evolutions,New Species / Evolution,Bug,Electric,4-view complete,New species / evolution,Connection review needed — decide parent/evolution method in Notes,REVIEW,PENDING,
R1036,0,,Unlinked / new species,ER-1482,Unown,Unown Revelation,Elite Redux,03 Elite Redux - New Species & Evolutions,New Species / Evolution,Psychic,,4-view complete,New species / evolution,Connection review needed — decide parent/evolution method in Notes,REVIEW,PENDING,
R1037,0,,Unlinked / new species,ER-1062,Velozel,Velozel,Elite Redux,03 Elite Redux - New Species & Evolutions,New Species / Evolution,Flying,,4-view complete,New species / evolution,Connection review needed — decide parent/evolution method in Notes,REVIEW,PENDING,
R1038,0,,Unlinked / new species,ER-1091,Wispywaspy,Wispywaspy,Elite Redux,03 Elite Redux - New Species & Evolutions,New Species / Evolution,Bug,Ghost,4-view complete,New species / evolution,Connection review needed — decide parent/evolution method in Notes,REVIEW,PENDING,
R1039,0,,Unlinked / new species,ER-1664,Wispywaspy Hivemind,Wispywaspy Hivemind,Elite Redux,03 Elite Redux - New Species & Evolutions,New Species / Evolution,Bug,Ghost,4-view complete,New species / evolution,Connection review needed — decide parent/evolution method in Notes,REVIEW,PENDING,
R1040,0,,Unlinked / new species,ER-1093,Wooly Worm,Wooly Worm,Elite Redux,03 Elite Redux - New Species & Evolutions,New Species / Evolution,Grass,Bug,4-view complete,New species / evolution,Connection review needed — decide parent/evolution method in Notes,REVIEW,PENDING,
R1041,0,,Unlinked / new species,ER-1588,Amphybuzz,Amphybuzz Mega,Elite Redux,03 Elite Redux - New Species & Evolutions,Mega,Bug,Fairy,4-view complete,Custom Mega,Species-specific Mega Stone; only if this design is approved,REVIEW,PENDING,
R1042,0,,Unlinked / new species,ER-1657,Carbonix,Carbonix Mega,Elite Redux,03 Elite Redux - New Species & Evolutions,Mega,Rock,Dragon,4-view complete,Custom Mega,Species-specific Mega Stone; only if this design is approved,REVIEW,PENDING,
R1043,0,,Unlinked / new species,ER-1576,Cormoth,Cormoth Mega,Elite Redux,03 Elite Redux - New Species & Evolutions,Mega,Grass,,4-view complete,Custom Mega,Species-specific Mega Stone; only if this design is approved,REVIEW,PENDING,
R1044,0,,Unlinked / new species,ER-1077,Dududunsparce,Dududunsparce Mega,Elite Redux,03 Elite Redux - New Species & Evolutions,Mega,Normal,Ground,4-view complete,Custom Mega,Species-specific Mega Stone; only if this design is approved,REVIEW,PENDING,
R1045,0,,Unlinked / new species,ER-1564,Gyaradeath,Gyaradeath Mega X,Elite Redux,03 Elite Redux - New Species & Evolutions,Mega,Ghost,Fire,4-view complete,Custom Mega,Species-specific Mega Stone; only if this design is approved,REVIEW,PENDING,
R1046,0,,Unlinked / new species,ER-1565,Gyaradeath,Gyaradeath Mega Y,Elite Redux,03 Elite Redux - New Species & Evolutions,Mega,Ghost,Psychic,4-view complete,Custom Mega,Species-specific Mega Stone; only if this design is approved,REVIEW,PENDING,
R1047,0,,Unlinked / new species,ER-1663,Heracreus,Heracreus Mega,Elite Redux,03 Elite Redux - New Species & Evolutions,Mega,Grass,Fairy,4-view complete,Custom Mega,Species-specific Mega Stone; only if this design is approved,REVIEW,PENDING,
R1048,0,,Unlinked / new species,ER-1872,Kilozuna,Kilozuna Mega,Elite Redux,03 Elite Redux - New Species & Evolutions,Mega,Steel,Fire,4-view complete,Custom Mega,Species-specific Mega Stone; only if this design is approved,REVIEW,PENDING,
R1049,0,,Unlinked / new species,ER-1709,Luxzero,Luxzero Mega,Elite Redux,03 Elite Redux - New Species & Evolutions,Mega,Electric,Ice,4-view complete,Custom Mega,Species-specific Mega Stone; only if this design is approved,REVIEW,PENDING,
R1050,0,,Unlinked / new species,ER-1577,Popcorm,Popcorm Mega,Elite Redux,03 Elite Redux - New Species & Evolutions,Mega,Grass,Fire,4-view complete,Custom Mega,Species-specific Mega Stone; only if this design is approved,REVIEW,PENDING,
R1051,0,,Unlinked / new species,ER-1641,Swampage,Swampage Mega,Elite Redux,03 Elite Redux - New Species & Evolutions,Mega,Dragon,Poison,4-view complete,Custom Mega,Species-specific Mega Stone; only if this design is approved,REVIEW,PENDING,
R1052,0,,Unlinked / new species,PR-0201,Dex 201,Platinum Redux Dex 201,Platinum Redux 2.9.3 TC6,Platinum Redux — changed-type variants,Alternate Form,Ghost,Grass,Normal + shiny front/back converted from NDS,Standalone Delta candidate,"Delta Stone candidate, unless a lore/location method fits better",REVIEW,PENDING,
R1053,0,,Unlinked / new species,PR-0414,Dex 414,Platinum Redux Dex 414,Platinum Redux 2.9.3 TC6,Platinum Redux — changed-type variants,Alternate Form,Ghost,,Normal + shiny front/back converted from NDS,Standalone Delta candidate,"Delta Stone candidate, unless a lore/location method fits better",REVIEW,PENDING,
