identity,name,type1,type2,family,source,front_path,back_path,missing
351-4,351 4,Tbd,,Unresolved family / relationship,Festival_Misc,DS_CUSTOM_LIBRARY/packs/Festival_Misc/Misc/Fronts/351_4.png,DS_CUSTOM_LIBRARY/packs/Festival_Misc/Misc/Backs/351b_4.png,family/relationship
429-1f,429 1F,Tbd,,Unresolved family / relationship,Festival_Misc,DS_CUSTOM_LIBRARY/packs/Festival_Misc/Misc/Fronts/429_1f.png,DS_CUSTOM_LIBRARY/packs/Festival_Misc/Misc/Backs/429_1b.png,family/relationship
479-6,479 6,Tbd,,Unresolved family / relationship,Festival_Misc,DS_CUSTOM_LIBRARY/packs/Festival_Misc/Misc/Fronts/479_6.png,DS_CUSTOM_LIBRARY/packs/Festival_Misc/Misc/Backs/479b_6.png,family/relationship
479s-6,479S 6,Tbd,,Unresolved family / relationship,Festival_Misc,DS_CUSTOM_LIBRARY/packs/Festival_Misc/Misc/Fronts/479s_6.png,,family/relationship; back sprite
480-1f,480 1F,Tbd,,Unresolved family / relationship,Festival_Misc,DS_CUSTOM_LIBRARY/packs/Festival_Misc/Misc/Fronts/480_1f.png,DS_CUSTOM_LIBRARY/packs/Festival_Misc/Misc/Backs/480_1b.png,family/relationship
496-male,496 Male,Tbd,,Unresolved family / relationship,HG_Engine_DS_Sprites,DS_CUSTOM_LIBRARY/packs/HG_Engine_DS_Sprites/496/male/front.png,DS_CUSTOM_LIBRARY/packs/HG_Engine_DS_Sprites/496/male/back.png,family/relationship
560-1f,560 1F,Tbd,,Unresolved family / relationship,Festival_Misc,DS_CUSTOM_LIBRARY/packs/Festival_Misc/Misc/Fronts/560_1f.png,DS_CUSTOM_LIBRARY/packs/Festival_Misc/Misc/Backs/560_1b.png,family/relationship
abra-redux,Abra Redux,Tbd,,Unresolved family / relationship,Elite_Redux_Bulk,DS_CUSTOM_LIBRARY/converted/Elite_Redux_Bulk/abra_redux/front.png,DS_CUSTOM_LIBRARY/converted/Elite_Redux_Bulk/abra_redux/back.png,family/relationship
adepht,Adepht,Tbd,,Unresolved family / relationship,Festival_Magiscarf,DS_CUSTOM_LIBRARY/packs/Festival_Magiscarf/Magiscarf/Battlers Normal/Front/Adepht.png,,family/relationship; back sprite
aevituu,Aevituu,Tbd,,Unresolved family / relationship,Fakemon_Festival_Full,DS_CUSTOM_LIBRARY/packs/Fakemon_Festival_Full/Fakemon Festival Pack/Altaira/Front/AEVITUU.png,,family/relationship; back sprite
alakazam-mega-redux,Alakazam Mega Redux,Tbd,,Unresolved family / relationship,Elite_Redux_Bulk,DS_CUSTOM_LIBRARY/converted/Elite_Redux_Bulk/alakazam_mega_redux/front.png,DS_CUSTOM_LIBRARY/converted/Elite_Redux_Bulk/alakazam_mega_redux/back.png,family/relationship
alakazam-redux,Alakazam Redux,Tbd,,Unresolved family / relationship,Elite_Redux_Bulk,DS_CUSTOM_LIBRARY/converted/Elite_Redux_Bulk/alakazam_redux/front.png,DS_CUSTOM_LIBRARY/converted/Elite_Redux_Bulk/alakazam_redux/back.png,family/relationship
alcremie-berry-sweet-male,Alcremie Berry Sweet Male,Tbd,,Unresolved family / relationship,HG_Engine_DS_Sprites,DS_CUSTOM_LIBRARY/packs/HG_Engine_DS_Sprites/alcremie_berry_sweet/male/front.png,DS_CUSTOM_LIBRARY/packs/HG_Engine_DS_Sprites/alcremie_berry_sweet/male/back.png,family/relationship
alcremie-clover-sweet-male,Alcremie Clover Sweet Male,Tbd,,Unresolved family / relationship,HG_Engine_DS_Sprites,DS_CUSTOM_LIBRARY/packs/HG_Engine_DS_Sprites/alcremie_clover_sweet/male/front.png,DS_CUSTOM_LIBRARY/packs/HG_Engine_DS_Sprites/alcremie_clover_sweet/male/back.png,family/relationship
alcremie-flower-sweet-male,Alcremie Flower Sweet Male,Tbd,,Unresolved family / relationship,HG_Engine_DS_Sprites,DS_CUSTOM_LIBRARY/packs/HG_Engine_DS_Sprites/alcremie_flower_sweet/male/front.png,DS_CUSTOM_LIBRARY/packs/HG_Engine_DS_Sprites/alcremie_flower_sweet/male/back.png,family/relationship
alcremie-love-sweet-male,Alcremie Love Sweet Male,Tbd,,Unresolved family / relationship,HG_Engine_DS_Sprites,DS_CUSTOM_LIBRARY/packs/HG_Engine_DS_Sprites/alcremie_love_sweet/male/front.png,DS_CUSTOM_LIBRARY/packs/HG_Engine_DS_Sprites/alcremie_love_sweet/male/back.png,family/relationship
alcremie-matcha-cream,Alcremie Matcha Cream,Tbd,,Unresolved family / relationship,Elite_Redux_Bulk,DS_CUSTOM_LIBRARY/converted/Elite_Redux_Bulk/alcremie_matcha_cream/front.png,DS_CUSTOM_LIBRARY/converted/Elite_Redux_Bulk/alcremie_matcha_cream/back.png,family/relationship
alcremie-mega,Mega Alcremie,Fairy,,Milcery,Elite_Redux_Bulk,DS_CUSTOM_LIBRARY/converted/Elite_Redux_Bulk/alcremie_mega/front.png,,back sprite
alcremie-mint-cream,Alcremie Mint Cream,Tbd,,Unresolved family / relationship,Elite_Redux_Bulk,DS_CUSTOM_LIBRARY/converted/Elite_Redux_Bulk/alcremie_mint_cream/front.png,,family/relationship; back sprite
alcremie-rainbow-swirl,Alcremie Rainbow Swirl,Tbd,,Unresolved family / relationship,Elite_Redux_Bulk,DS_CUSTOM_LIBRARY/converted/Elite_Redux_Bulk/alcremie_rainbow_swirl/front.png,,family/relationship; back sprite
alcremie-ribbon-sweet-male,Alcremie Ribbon Sweet Male,Tbd,,Unresolved family / relationship,HG_Engine_DS_Sprites,DS_CUSTOM_LIBRARY/packs/HG_Engine_DS_Sprites/alcremie_ribbon_sweet/male/front.png,DS_CUSTOM_LIBRARY/packs/HG_Engine_DS_Sprites/alcremie_ribbon_sweet/male/back.png,family/relationship
alcremie-ruby-cream,Alcremie Ruby Cream,Tbd,,Unresolved family / relationship,Elite_Redux_Bulk,DS_CUSTOM_LIBRARY/converted/Elite_Redux_Bulk/alcremie_ruby_cream/front.png,DS_CUSTOM_LIBRARY/converted/Elite_Redux_Bulk/alcremie_ruby_cream/back.png,family/relationship
alcremie-ruby-swirl,Alcremie Ruby Swirl,Tbd,,Unresolved family / relationship,Elite_Redux_Bulk,DS_CUSTOM_LIBRARY/converted/Elite_Redux_Bulk/alcremie_ruby_swirl/front.png,,family/relationship; back sprite
alcremie-salted-cream,Alcremie Salted Cream,Tbd,,Unresolved family / relationship,Elite_Redux_Bulk,DS_CUSTOM_LIBRARY/converted/Elite_Redux_Bulk/alcremie_salted_cream/front.png,,family/relationship; back sprite
alcremie-star-sweet-male,Alcremie Star Sweet Male,Tbd,,Unresolved family / relationship,HG_Engine_DS_Sprites,DS_CUSTOM_LIBRARY/packs/HG_Engine_DS_Sprites/alcremie_star_sweet/male/front.png,DS_CUSTOM_LIBRARY/packs/HG_Engine_DS_Sprites/alcremie_star_sweet/male/back.png,family/relationship
amazel,Amazel,Tbd,,Unresolved family / relationship,Fakemon_Festival_Full,DS_CUSTOM_LIBRARY/packs/Fakemon_Festival_Full/Fakemon Festival Pack/Altaira/Front/AMAZEL.png,,family/relationship; back sprite
amphybuzz,Amphybuzz,Tbd,,Unresolved family / relationship,Elite_Redux_Bulk,DS_CUSTOM_LIBRARY/converted/Elite_Redux_Bulk/amphybuzz/front.png,DS_CUSTOM_LIBRARY/converted/Elite_Redux_Bulk/amphybuzz/back.png,family/relationship
amphybuzz-mega,Amphybuzz Mega,Tbd,,Unresolved family / relationship,Elite_Redux_Bulk,DS_CUSTOM_LIBRARY/converted/Elite_Redux_Bulk/amphybuzz_mega/front.png,DS_CUSTOM_LIBRARY/converted/Elite_Redux_Bulk/amphybuzz_mega/back.png,family/relationship
anxiust,Anxiust,Tbd,,Unresolved family / relationship,Festival_Magiscarf,DS_CUSTOM_LIBRARY/packs/Festival_Magiscarf/Magiscarf/Battlers Normal/Front/Anxiust.png,,family/relationship; back sprite
appalyp,Appalyp,Tbd,,Unresolved family / relationship,Festival_Magiscarf,DS_CUSTOM_LIBRARY/packs/Festival_Magiscarf/Magiscarf/Battlers Normal/Front/Appalyp.png,,family/relationship; back sprite
arbermy,Arbermy,Tbd,,Unresolved family / relationship,Fakemon_Festival_Full,DS_CUSTOM_LIBRARY/packs/Fakemon_Festival_Full/Fakemon Festival Pack/Altaira/Front/ARBERMY.png,,family/relationship; back sprite
arbok-mega,Arbok Mega,Tbd,,Unresolved family / relationship,Elite_Redux_Bulk,DS_CUSTOM_LIBRARY/converted/Elite_Redux_Bulk/arbok_mega/front.png,DS_CUSTOM_LIBRARY/converted/Elite_Redux_Bulk/arbok_mega/back.png,family/relationship
arcanine-hisuian,Arcanine Hisuian,Tbd,,Unresolved family / relationship,Elite_Redux_Bulk,DS_CUSTOM_LIBRARY/converted/Elite_Redux_Bulk/arcanine_hisuian/front.png,DS_CUSTOM_LIBRARY/converted/Elite_Redux_Bulk/arcanine_hisuian/back.png,family/relationship
arcanine-hisuian-male,Arcanine Hisuian Male,Tbd,,Unresolved family / relationship,HG_Engine_DS_Sprites,DS_CUSTOM_LIBRARY/packs/HG_Engine_DS_Sprites/arcanine_hisuian/male/front.png,DS_CUSTOM_LIBRARY/packs/HG_Engine_DS_Sprites/arcanine_hisuian/male/back.png,family/relationship
arcanine-hisuian-mega,Arcanine Hisuian Mega,Tbd,,Unresolved family / relationship,Elite_Redux_Bulk,DS_CUSTOM_LIBRARY/converted/Elite_Redux_Bulk/arcanine_hisuian_mega/front.png,DS_CUSTOM_LIBRARY/converted/Elite_Redux_Bulk/arcanine_hisuian_mega/back.png,family/relationship
arcanine-lord-male,Arcanine Lord Male,Tbd,,Unresolved family / relationship,HG_Engine_DS_Sprites,DS_CUSTOM_LIBRARY/packs/HG_Engine_DS_Sprites/arcanine_lord/male/front.png,DS_CUSTOM_LIBRARY/packs/HG_Engine_DS_Sprites/arcanine_lord/male/back.png,family/relationship
arcanine-mega,Arcanine Mega,Tbd,,Unresolved family / relationship,Elite_Redux_Bulk,DS_CUSTOM_LIBRARY/converted/Elite_Redux_Bulk/arcanine_mega/front.png,DS_CUSTOM_LIBRARY/converted/Elite_Redux_Bulk/arcanine_mega/back.png,family/relationship
arcanine-mega-redux,Arcanine Mega Redux,Tbd,,Unresolved family / relationship,Elite_Redux_Bulk,DS_CUSTOM_LIBRARY/converted/Elite_Redux_Bulk/arcanine_mega_redux/front.png,DS_CUSTOM_LIBRARY/converted/Elite_Redux_Bulk/arcanine_mega_redux/back.png,family/relationship
arcanine-redux,Arcanine Redux,Tbd,,Unresolved family / relationship,Elite_Redux_Bulk,DS_CUSTOM_LIBRARY/converted/Elite_Redux_Bulk/arcanine_redux/front.png,DS_CUSTOM_LIBRARY/converted/Elite_Redux_Bulk/arcanine_redux/back.png,family/relationship
archen-1,Archen 1,Tbd,,Unresolved family / relationship,Festival_Lumio,DS_CUSTOM_LIBRARY/packs/Festival_Lumio/Lumio/Pokemon/Front/ARCHEN_1.png,DS_CUSTOM_LIBRARY/packs/Festival_Lumio/Lumio/Pokemon/Back/ARCHEN_1.png,family/relationship
archeops-1,Archeops 1,Tbd,,Unresolved family / relationship,Festival_Lumio,DS_CUSTOM_LIBRARY/packs/Festival_Lumio/Lumio/Pokemon/Front/ARCHEOPS_1.png,DS_CUSTOM_LIBRARY/packs/Festival_Lumio/Lumio/Pokemon/Back/ARCHEOPS_1.png,family/relationship
ariados-1,Ariados 1,Tbd,,Unresolved family / relationship,Festival_Lumio,DS_CUSTOM_LIBRARY/packs/Festival_Lumio/Lumio/Pokemon/Front/ARIADOS_1.png,DS_CUSTOM_LIBRARY/packs/Festival_Lumio/Lumio/Pokemon/Back/ARIADOS_1.png,family/relationship
armadix,Armadix,Tbd,,Unresolved family / relationship,Fakemon_Festival_Full,DS_CUSTOM_LIBRARY/packs/Fakemon_Festival_Full/Fakemon Festival Pack/Altaira/Front/ARMADIX.png,,family/relationship; back sprite
articuno-ex-mega,Articuno Ex Mega,Tbd,,Unresolved family / relationship,Elite_Redux_Bulk,DS_CUSTOM_LIBRARY/converted/Elite_Redux_Bulk/articuno_ex_mega/front.png,DS_CUSTOM_LIBRARY/converted/Elite_Redux_Bulk/articuno_ex_mega/back.png,family/relationship
articuno-galarian-male,Articuno Galarian Male,Tbd,,Unresolved family / relationship,HG_Engine_DS_Sprites,DS_CUSTOM_LIBRARY/packs/HG_Engine_DS_Sprites/articuno_galarian/male/front.png,DS_CUSTOM_LIBRARY/packs/HG_Engine_DS_Sprites/articuno_galarian/male/back.png,family/relationship
asterish,Asterish,Tbd,,Unresolved family / relationship,Festival_Magiscarf,DS_CUSTOM_LIBRARY/packs/Festival_Magiscarf/Magiscarf/Battlers Normal/Front/Asterish.png,,family/relationship; back sprite
atlasbell,Atlasbell,Tbd,,Unresolved family / relationship,Festival_Atsui,DS_CUSTOM_LIBRARY/packs/Festival_Atsui/Atsui/Pokemon/Front/ATLASBELL.png,,family/relationship; back sprite
avalugg-hisuian,Avalugg Hisuian,Tbd,,Unresolved family / relationship,Elite_Redux_Bulk,DS_CUSTOM_LIBRARY/converted/Elite_Redux_Bulk/avalugg_hisuian/front.png,,family/relationship; back sprite
avipex,Avipex,Tbd,,Unresolved family / relationship,Festival_Magiscarf,DS_CUSTOM_LIBRARY/packs/Festival_Magiscarf/Magiscarf/Battlers Normal/Front/Avipex.png,,family/relationship; back sprite
axolava,Axolava,Tbd,,Unresolved family / relationship,Festival_Atsui,DS_CUSTOM_LIBRARY/packs/Festival_Atsui/Atsui/Pokemon/Front/AXOLAVA.png,,family/relationship; back sprite
bargaby,Bargaby,Tbd,,Unresolved family / relationship,Fakemon_Festival_Full,DS_CUSTOM_LIBRARY/packs/Fakemon_Festival_Full/Fakemon Festival Pack/Altaira/Front/BARGABY.png,,family/relationship; back sprite
bariong,Bariong,Tbd,,Unresolved family / relationship,Elite_Redux_Bulk,DS_CUSTOM_LIBRARY/converted/Elite_Redux_Bulk/bariong/front.png,DS_CUSTOM_LIBRARY/converted/Elite_Redux_Bulk/bariong/back.png,family/relationship
barrake,Barrake,Tbd,,Unresolved family / relationship,Fakemon_Festival_Full,DS_CUSTOM_LIBRARY/packs/Fakemon_Festival_Full/Fakemon Festival Pack/Altaira/Front/BARRAKE.png,,family/relationship; back sprite
basculin-2,Basculin 2,Tbd,,Unresolved family / relationship,Mikitari,DS_CUSTOM_LIBRARY/packs/Mikitari/Fakemon Pack/Front/BASCULIN_2.png,DS_CUSTOM_LIBRARY/packs/Mikitari/Fakemon Pack/Back/BASCULIN_2.png,family/relationship
basculin-whitestriped,Basculin Whitestriped,Tbd,,Unresolved family / relationship,Elite_Redux_Bulk,DS_CUSTOM_LIBRARY/converted/Elite_Redux_Bulk/basculin_whitestriped/front.png,DS_CUSTOM_LIBRARY/converted/Elite_Redux_Bulk/basculin_whitestriped/back.png,family/relationship
basstile,Basstile,Tbd,,Unresolved family / relationship,Mikitari,DS_CUSTOM_LIBRARY/packs/Mikitari/Fakemon Pack/Front/BASSTILE.png,DS_CUSTOM_LIBRARY/packs/Mikitari/Fakemon Pack/Back/BASSTILE.png,family/relationship
basstile-1,Basstile 1,Tbd,,Unresolved family / relationship,Mikitari,DS_CUSTOM_LIBRARY/packs/Mikitari/Fakemon Pack/Front/BASSTILE_1.png,DS_CUSTOM_LIBRARY/packs/Mikitari/Fakemon Pack/Back/BASSTILE_1.png,family/relationship
basstile-2,Basstile 2,Tbd,,Unresolved family / relationship,Mikitari,DS_CUSTOM_LIBRARY/packs/Mikitari/Fakemon Pack/Front/BASSTILE_2.png,DS_CUSTOM_LIBRARY/packs/Mikitari/Fakemon Pack/Back/BASSTILE_2.png,family/relationship
baulder,Baulder,Tbd,,Unresolved family / relationship,Festival_Misc,DS_CUSTOM_LIBRARY/packs/Festival_Misc/Misc/Fronts/Baulder.png,,family/relationship; back sprite
beedrill-mega-redux,Beedrill Mega Redux,Tbd,,Unresolved family / relationship,Elite_Redux_Bulk,DS_CUSTOM_LIBRARY/converted/Elite_Redux_Bulk/beedrill_mega_redux/front.png,DS_CUSTOM_LIBRARY/converted/Elite_Redux_Bulk/beedrill_mega_redux/back.png,family/relationship
beedrill-redux,Beedrill Redux,Tbd,,Unresolved family / relationship,Elite_Redux_Bulk,DS_CUSTOM_LIBRARY/converted/Elite_Redux_Bulk/beedrill_redux/front.png,DS_CUSTOM_LIBRARY/converted/Elite_Redux_Bulk/beedrill_redux/back.png,family/relationship
beeheave-electric,Beeheave Electric,Tbd,,Unresolved family / relationship,Festival_Magiscarf,DS_CUSTOM_LIBRARY/packs/Festival_Magiscarf/Magiscarf/Battlers Normal/Front/Beeheave(Electric).png,,family/relationship; back sprite
beeheave-ground,Beeheave Ground,Tbd,,Unresolved family / relationship,Festival_Magiscarf,DS_CUSTOM_LIBRARY/packs/Festival_Magiscarf/Magiscarf/Battlers Normal/Front/Beeheave(Ground).png,,family/relationship; back sprite
beeheave-normal,Beeheave Normal,Tbd,,Unresolved family / relationship,Festival_Magiscarf,DS_CUSTOM_LIBRARY/packs/Festival_Magiscarf/Magiscarf/Battlers Normal/Front/Beeheave(Normal).png,,family/relationship; back sprite
beelitant,Beelitant,Tbd,,Unresolved family / relationship,Mikitari,DS_CUSTOM_LIBRARY/packs/Mikitari/Fakemon Pack/Front/BEELITANT.png,DS_CUSTOM_LIBRARY/packs/Mikitari/Fakemon Pack/Back/BEELITANT.png,family/relationship
bellscrop,Bellscrop,Tbd,,Unresolved family / relationship,Festival_Atsui,DS_CUSTOM_LIBRARY/packs/Festival_Atsui/Atsui/Pokemon/Front/BELLSCROP.png,,family/relationship; back sprite
bellsprout-redux,Bellsprout Redux,Tbd,,Unresolved family / relationship,Elite_Redux_Bulk,DS_CUSTOM_LIBRARY/converted/Elite_Redux_Bulk/bellsprout_redux/front.png,DS_CUSTOM_LIBRARY/converted/Elite_Redux_Bulk/bellsprout_redux/back.png,family/relationship
belstatue,Belstatue,Rock,,Unresolved family / relationship,Earthretha,DS_CUSTOM_LIBRARY/packs/Earthretha/Earthretha Fakemon Pack/Graphics/Pokemon/Front/BELSTATUE.png,DS_CUSTOM_LIBRARY/packs/Earthretha/Earthretha Fakemon Pack/Graphics/Pokemon/Back/BELSTATUE.png,family/relationship
belstatue-1-sun-shard,Belstatue 1 Sun Shard,Tbd,,Unresolved family / relationship,Earthretha,DS_CUSTOM_LIBRARY/packs/Earthretha/Earthretha Fakemon Pack/Graphics/Pokemon/Front/BELSTATUE_1 (Sun Shard).png,DS_CUSTOM_LIBRARY/packs/Earthretha/Earthretha Fakemon Pack/Graphics/Pokemon/Back/BELSTATUE_1 (Sun Shard).png,family/relationship
belstatue-2-moon-shard,Belstatue 2 Moon Shard,Tbd,,Unresolved family / relationship,Earthretha,DS_CUSTOM_LIBRARY/packs/Earthretha/Earthretha Fakemon Pack/Graphics/Pokemon/Front/BELSTATUE_2 (Moon Shard).png,DS_CUSTOM_LIBRARY/packs/Earthretha/Earthretha Fakemon Pack/Graphics/Pokemon/Back/BELSTATUE_2 (Moon Shard).png,family/relationship
bewarden,Bewarden,Tbd,,Unresolved family / relationship,Elite_Redux_Bulk,DS_CUSTOM_LIBRARY/converted/Elite_Redux_Bulk/bewarden/front.png,DS_CUSTOM_LIBRARY/converted/Elite_Redux_Bulk/bewarden/back.png,family/relationship
bewarden-redux,Bewarden Redux,Tbd,,Unresolved family / relationship,Elite_Redux_Bulk,DS_CUSTOM_LIBRARY/converted/Elite_Redux_Bulk/bewarden_redux/front.png,DS_CUSTOM_LIBRARY/converted/Elite_Redux_Bulk/bewarden_redux/back.png,family/relationship
bladebuck,Bladebuck,Tbd,,Unresolved family / relationship,Fakemon_Festival_Full,DS_CUSTOM_LIBRARY/packs/Fakemon_Festival_Full/Fakemon Festival Pack/Altaira/Front/BLADEBUCK.png,,family/relationship; back sprite
blastoise-mega-x,Blastoise Mega X,Tbd,,Unresolved family / relationship,Elite_Redux_Bulk,DS_CUSTOM_LIBRARY/converted/Elite_Redux_Bulk/blastoise_mega_x/front.png,,family/relationship; back sprite
blizzard-maw,Blizzard Maw,Tbd,,Unresolved family / relationship,Elite_Redux_Bulk,DS_CUSTOM_LIBRARY/converted/Elite_Redux_Bulk/blizzard_maw/front.png,DS_CUSTOM_LIBRARY/converted/Elite_Redux_Bulk/blizzard_maw/back.png,family/relationship
blockodile,Blockodile,Tbd,,Unresolved family / relationship,Festival_Magiscarf,DS_CUSTOM_LIBRARY/packs/Festival_Magiscarf/Magiscarf/Battlers Normal/Front/Blockodile.png,,family/relationship; back sprite
blocli,Blocli,Tbd,,Unresolved family / relationship,Elite_Redux_Bulk,DS_CUSTOM_LIBRARY/converted/Elite_Redux_Bulk/blocli/front.png,DS_CUSTOM_LIBRARY/converted/Elite_Redux_Bulk/blocli/back.png,family/relationship
blonk,Blonk,Tbd,,Unresolved family / relationship,Festival_Magiscarf,DS_CUSTOM_LIBRARY/packs/Festival_Magiscarf/Magiscarf/Battlers Normal/Front/Blonk.png,,family/relationship; back sprite
bloxtack,Bloxtack,Tbd,,Unresolved family / relationship,Elite_Redux_Bulk,DS_CUSTOM_LIBRARY/converted/Elite_Redux_Bulk/bloxtack/front.png,DS_CUSTOM_LIBRARY/converted/Elite_Redux_Bulk/bloxtack/back.png,family/relationship
blyger,Blyger,Tbd,,Unresolved family / relationship,Fakemon_Festival_Full,DS_CUSTOM_LIBRARY/packs/Fakemon_Festival_Full/Fakemon Festival Pack/Altaira/Front/BLYGER.png,,family/relationship; back sprite
boistaur,Boistaur,Tbd,,Unresolved family / relationship,Festival_Magiscarf,DS_CUSTOM_LIBRARY/packs/Festival_Magiscarf/Magiscarf/Battlers Normal/Front/Boistaur.png,,family/relationship; back sprite
bombghost,Bombghost,Tbd,,Unresolved family / relationship,Earthretha,DS_CUSTOM_LIBRARY/packs/Earthretha/Earthretha Fakemon Pack/Graphics/Pokemon/Front/BOMBGHOST.png,DS_CUSTOM_LIBRARY/packs/Earthretha/Earthretha Fakemon Pack/Graphics/Pokemon/Back/BOMBGHOST.png,family/relationship
bombustoad,Bombustoad,Tbd,,Unresolved family / relationship,Festival_Magiscarf,DS_CUSTOM_LIBRARY/packs/Festival_Magiscarf/Magiscarf/Battlers Normal/Front/Bombustoad.png,DS_CUSTOM_LIBRARY/packs/Festival_Magiscarf/Magiscarf/Battlers Normal/Back/Bombustoad.png,family/relationship
bondee,Bondee,Tbd,,Unresolved family / relationship,Fakemon_Festival_Full,DS_CUSTOM_LIBRARY/packs/Fakemon_Festival_Full/Fakemon Festival Pack/Altaira/Front/BONDEE.png,,family/relationship; back sprite
bonfur,Bonfur,Tbd,,Unresolved family / relationship,Festival_Magiscarf,DS_CUSTOM_LIBRARY/packs/Festival_Magiscarf/Magiscarf/Battlers Normal/Front/Bonfur.png,DS_CUSTOM_LIBRARY/packs/Festival_Magiscarf/Magiscarf/Battlers Normal/Back/Bonfur.png,family/relationship
botanine,Botanine,Tbd,,Unresolved family / relationship,Festival_Magiscarf,DS_CUSTOM_LIBRARY/packs/Festival_Magiscarf/Magiscarf/Battlers Normal/Front/Botanine.png,DS_CUSTOM_LIBRARY/packs/Festival_Magiscarf/Magiscarf/Battlers Normal/Back/Botanine.png,family/relationship
brambull,Brambull,Grass,,Kudo → Doechi → Pansimi → Panpour → Pansage → Pansear → Pasturlo → Brambull → Maizotaur → Sweetcheep → Gourdizal → X → Xurkitree → Xapling,Festival_Lumio,DS_CUSTOM_LIBRARY/packs/Festival_Lumio/Lumio/Pokemon/Front/BRAMBULL.png,,back sprite
braviary-hisuian,Braviary Hisuian,Tbd,,Unresolved family / relationship,Elite_Redux_Bulk,DS_CUSTOM_LIBRARY/converted/Elite_Redux_Bulk/braviary_hisuian/front.png,DS_CUSTOM_LIBRARY/converted/Elite_Redux_Bulk/braviary_hisuian/back.png,family/relationship
braviary-hisuian-male,Braviary Hisuian Male,Tbd,,Unresolved family / relationship,HG_Engine_DS_Sprites,DS_CUSTOM_LIBRARY/packs/HG_Engine_DS_Sprites/braviary_hisuian/male/front.png,DS_CUSTOM_LIBRARY/packs/HG_Engine_DS_Sprites/braviary_hisuian/male/back.png,family/relationship
brayd,Brayd,Tbd,,Unresolved family / relationship,Festival_Magiscarf,DS_CUSTOM_LIBRARY/packs/Festival_Magiscarf/Magiscarf/Battlers Normal/Front/Brayd.png,,family/relationship; back sprite
breeny,Breeny,Tbd,,Unresolved family / relationship,Fakemon_Festival_Full,DS_CUSTOM_LIBRARY/packs/Fakemon_Festival_Full/Fakemon Festival Pack/Altaira/Front/BREENY.png,,family/relationship; back sprite
breezar,Breezar,Tbd,,Unresolved family / relationship,Fakemon_Festival_Full,DS_CUSTOM_LIBRARY/packs/Fakemon_Festival_Full/Fakemon Festival Pack/Altaira/Front/BREEZAR.png,,family/relationship; back sprite
breezing,Breezing,Tbd,,Unresolved family / relationship,Elite_Redux_Bulk,DS_CUSTOM_LIBRARY/converted/Elite_Redux_Bulk/breezing/front.png,DS_CUSTOM_LIBRARY/converted/Elite_Redux_Bulk/breezing/back.png,family/relationship
brewtrid,Brewtrid,Tbd,,Unresolved family / relationship,Festival_Magiscarf,DS_CUSTOM_LIBRARY/packs/Festival_Magiscarf/Magiscarf/Battlers Normal/Front/Brewtrid.png,DS_CUSTOM_LIBRARY/packs/Festival_Magiscarf/Magiscarf/Battlers Normal/Back/Brewtrid.png,family/relationship
brushle,Brushle,Tbd,,Unresolved family / relationship,Festival_Magiscarf,DS_CUSTOM_LIBRARY/packs/Festival_Magiscarf/Magiscarf/Battlers Normal/Front/Brushle.png,,family/relationship; back sprite
bubbleo,Bubbleo,Tbd,,Unresolved family / relationship,Elite_Redux_Bulk,DS_CUSTOM_LIBRARY/converted/Elite_Redux_Bulk/bubbleo/front.png,DS_CUSTOM_LIBRARY/converted/Elite_Redux_Bulk/bubbleo/back.png,family/relationship
buneary-1,Buneary 1,Tbd,,Unresolved family / relationship,Mikitari,DS_CUSTOM_LIBRARY/packs/Mikitari/Fakemon Pack/Front/BUNEARY_1.png,DS_CUSTOM_LIBRARY/packs/Mikitari/Fakemon Pack/Back/BUNEARY_1.png,family/relationship
bunninja-beta,Bunninja Beta,Tbd,,Unresolved family / relationship,Earthretha,DS_CUSTOM_LIBRARY/packs/Earthretha/Earthretha Fakemon Pack/Graphics/Pokemon/Front/Old/BUNNINJA (Beta).png,,family/relationship; back sprite
burmy-eterna,Burmy Eterna,Tbd,,Unresolved family / relationship,Elite_Redux_Bulk,DS_CUSTOM_LIBRARY/converted/Elite_Redux_Bulk/burmy_eterna/front.png,DS_CUSTOM_LIBRARY/converted/Elite_Redux_Bulk/burmy_eterna/back.png,family/relationship
burmy-sandy-cloak,Burmy Sandy Cloak,Tbd,,Unresolved family / relationship,Elite_Redux_Bulk,DS_CUSTOM_LIBRARY/converted/Elite_Redux_Bulk/burmy_sandy_cloak/front.png,DS_CUSTOM_LIBRARY/converted/Elite_Redux_Bulk/burmy_sandy_cloak/back.png,family/relationship
burmy-trash-cloak,Burmy Trash Cloak,Tbd,,Unresolved family / relationship,Elite_Redux_Bulk,DS_CUSTOM_LIBRARY/converted/Elite_Redux_Bulk/burmy_trash_cloak/front.png,DS_CUSTOM_LIBRARY/converted/Elite_Redux_Bulk/burmy_trash_cloak/back.png,family/relationship
burrub,Burrub,Tbd,,Unresolved family / relationship,Festival_Magiscarf,DS_CUSTOM_LIBRARY/packs/Festival_Magiscarf/Magiscarf/Battlers Normal/Front/Burrub.png,,family/relationship; back sprite
butterfree-mega,Butterfree Mega,Tbd,,Unresolved family / relationship,Elite_Redux_Bulk,DS_CUSTOM_LIBRARY/converted/Elite_Redux_Bulk/butterfree_mega/front.png,DS_CUSTOM_LIBRARY/converted/Elite_Redux_Bulk/butterfree_mega/back.png,family/relationship
cabatfe,Cabatfe,Tbd,,Unresolved family / relationship,Mikitari,DS_CUSTOM_LIBRARY/packs/Mikitari/Fakemon Pack/Front/CABATfE.png,DS_CUSTOM_LIBRARY/packs/Mikitari/Fakemon Pack/Back/CABATfE.png,family/relationship
cabatma,Cabatma,Tbd,,Unresolved family / relationship,Mikitari,DS_CUSTOM_LIBRARY/packs/Mikitari/Fakemon Pack/Front/CABATmA.png,DS_CUSTOM_LIBRARY/packs/Mikitari/Fakemon Pack/Back/CABATmA.png,family/relationship
calyrex-ice-rider,Calyrex Ice Rider,Psychic,Ice,Undiscovered — Calyrex,Elite_Redux_Bulk,DS_CUSTOM_LIBRARY/converted/Elite_Redux_Bulk/calyrex_ice_rider/front.png,,back sprite
capricorn,Capricorn,Grass,,Unresolved family / relationship,Festival_Misc,DS_CUSTOM_LIBRARY/packs/Festival_Misc/Misc/Fronts/Capricorn.png,,family/relationship; back sprite
carbonix-mega,Carbonix Mega,Tbd,,Unresolved family / relationship,Elite_Redux_Bulk,DS_CUSTOM_LIBRARY/converted/Elite_Redux_Bulk/carbonix_mega/front.png,DS_CUSTOM_LIBRARY/converted/Elite_Redux_Bulk/carbonix_mega/back.png,family/relationship
carva,Carva,Tbd,,Unresolved family / relationship,Festival_Atsui,DS_CUSTOM_LIBRARY/packs/Festival_Atsui/Atsui/Pokemon/Front/CARVA.png,DS_CUSTOM_LIBRARY/packs/Festival_Atsui/Atsui/Pokemon/Back/CARVA.png,family/relationship
castform-4,Castform 4,Tbd,,Unresolved family / relationship,Mikitari,DS_CUSTOM_LIBRARY/packs/Mikitari/Fakemon Pack/Front/CASTFORM_4.png,DS_CUSTOM_LIBRARY/packs/Mikitari/Fakemon Pack/Back/CASTFORM_4.png,family/relationship
castform-5,Castform 5,Tbd,,Unresolved family / relationship,Mikitari,DS_CUSTOM_LIBRARY/packs/Mikitari/Fakemon Pack/Front/CASTFORM_5.png,DS_CUSTOM_LIBRARY/packs/Mikitari/Fakemon Pack/Back/CASTFORM_5.png,family/relationship
castform-6,Castform 6,Tbd,,Unresolved family / relationship,Mikitari,DS_CUSTOM_LIBRARY/packs/Mikitari/Fakemon Pack/Front/CASTFORM_6.png,DS_CUSTOM_LIBRARY/packs/Mikitari/Fakemon Pack/Back/CASTFORM_6.png,family/relationship
centiskorch-mega,Mega Centiskorch,Fire,Bug,Sizzlipede,Elite_Redux_Bulk,DS_CUSTOM_LIBRARY/converted/Elite_Redux_Bulk/centiskorch_mega/front.png,,back sprite
chajill,Chajill,Tbd,,Unresolved family / relationship,Fakemon_Festival_Full,DS_CUSTOM_LIBRARY/packs/Fakemon_Festival_Full/Fakemon Festival Pack/Altaira/Front/CHAJILL.png,,family/relationship; back sprite
chalance,Chalance,Tbd,,Unresolved family / relationship,Fakemon_Festival_Full,DS_CUSTOM_LIBRARY/packs/Fakemon_Festival_Full/Fakemon Festival Pack/Altaira/Front/CHALANCE.png,,family/relationship; back sprite
challex,Challex,Tbd,,Unresolved family / relationship,Fakemon_Festival_Full,DS_CUSTOM_LIBRARY/packs/Fakemon_Festival_Full/Fakemon Festival Pack/Altaira/Front/CHALLEX.png,,family/relationship; back sprite
chargoo,Chargoo,Tbd,,Unresolved family / relationship,Mikitari,DS_CUSTOM_LIBRARY/packs/Mikitari/Fakemon Pack/Front/CHARGOO.png,DS_CUSTOM_LIBRARY/packs/Mikitari/Fakemon Pack/Back/CHARGOO.png,family/relationship
charizard-3,Charizard 3,Tbd,,Unresolved family / relationship,Festival_Atsui,DS_CUSTOM_LIBRARY/packs/Festival_Atsui/Atsui/Pokemon/Front/CHARIZARD_3.png,DS_CUSTOM_LIBRARY/packs/Festival_Atsui/Atsui/Pokemon/Back/CHARIZARD_3.png,family/relationship
charmander-3,Charmander 3,Tbd,,Unresolved family / relationship,Festival_Atsui,DS_CUSTOM_LIBRARY/packs/Festival_Atsui/Atsui/Pokemon/Front/CHARMANDER_3.png,DS_CUSTOM_LIBRARY/packs/Festival_Atsui/Atsui/Pokemon/Back/CHARMANDER_3.png,family/relationship
charmeleon-3,Charmeleon 3,Tbd,,Unresolved family / relationship,Festival_Atsui,DS_CUSTOM_LIBRARY/packs/Festival_Atsui/Atsui/Pokemon/Front/CHARMELEON_3.png,DS_CUSTOM_LIBRARY/packs/Festival_Atsui/Atsui/Pokemon/Back/CHARMELEON_3.png,family/relationship
chartail,Chartail,Tbd,,Unresolved family / relationship,Festival_Magiscarf,DS_CUSTOM_LIBRARY/packs/Festival_Magiscarf/Magiscarf/Battlers Normal/Front/Chartail.png,,family/relationship; back sprite
cheboom,Cheboom,Tbd,,Unresolved family / relationship,Fakemon_Festival_Full,DS_CUSTOM_LIBRARY/packs/Fakemon_Festival_Full/Fakemon Festival Pack/Altaira/Front/CHEBOOM.png,,family/relationship; back sprite
cheru,Cheru,Tbd,,Unresolved family / relationship,Fakemon_Festival_Full,DS_CUSTOM_LIBRARY/packs/Fakemon_Festival_Full/Fakemon Festival Pack/Altaira/Front/CHERU.png,,family/relationship; back sprite
chesnaught-clemont,Chesnaught Clemont,Tbd,,Unresolved family / relationship,Elite_Redux_Bulk,DS_CUSTOM_LIBRARY/converted/Elite_Redux_Bulk/chesnaught_clemont/front.png,DS_CUSTOM_LIBRARY/converted/Elite_Redux_Bulk/chesnaught_clemont/back.png,family/relationship
chickite,Chickite,Tbd,,Unresolved family / relationship,Festival_Magiscarf,DS_CUSTOM_LIBRARY/packs/Festival_Magiscarf/Magiscarf/Battlers Normal/Front/Chickite.png,,family/relationship; back sprite
chiepapa,Chiepapa,Tbd,,Unresolved family / relationship,Fakemon_Festival_Full,DS_CUSTOM_LIBRARY/packs/Fakemon_Festival_Full/Fakemon Festival Pack/Altaira/Front/CHIEPAPA.png,,family/relationship; back sprite
chihah,Chihah,Tbd,,Unresolved family / relationship,Fakemon_Festival_Full,DS_CUSTOM_LIBRARY/packs/Fakemon_Festival_Full/Fakemon Festival Pack/Altaira/Front/CHIHAH.png,,family/relationship; back sprite
chimbat,Chimbat,Tbd,,Unresolved family / relationship,Festival_Magiscarf,DS_CUSTOM_LIBRARY/packs/Festival_Magiscarf/Magiscarf/Battlers Normal/Front/Chimbat.png,,family/relationship; back sprite
chromeleon,Chromeleon,Tbd,,Unresolved family / relationship,Festival_Magiscarf,DS_CUSTOM_LIBRARY/packs/Festival_Magiscarf/Magiscarf/Battlers Normal/Front/Chromeleon.png,,family/relationship; back sprite
chrycric,Chrycric,Tbd,,Unresolved family / relationship,Festival_Magiscarf,DS_CUSTOM_LIBRARY/packs/Festival_Magiscarf/Magiscarf/Battlers Normal/Front/Chrycric.png,,family/relationship; back sprite
chryspark,Chryspark,Tbd,,Unresolved family / relationship,Festival_Magiscarf,DS_CUSTOM_LIBRARY/packs/Festival_Magiscarf/Magiscarf/Battlers Normal/Front/Chryspark.png,,family/relationship; back sprite
chrysurge,Chrysurge,Tbd,,Unresolved family / relationship,Festival_Magiscarf,DS_CUSTOM_LIBRARY/packs/Festival_Magiscarf/Magiscarf/Battlers Normal/Front/Chrysurge.png,,family/relationship; back sprite
chubboink,Chubboink,Tbd,,Unresolved family / relationship,Mikitari,DS_CUSTOM_LIBRARY/packs/Mikitari/Fakemon Pack/Front/CHUBBOINK.png,DS_CUSTOM_LIBRARY/packs/Mikitari/Fakemon Pack/Back/CHUBBOINK.png,family/relationship
clefable-mega-y,Clefable Mega Y,Tbd,,Unresolved family / relationship,Elite_Redux_Bulk,DS_CUSTOM_LIBRARY/converted/Elite_Redux_Bulk/clefable_mega_y/front.png,DS_CUSTOM_LIBRARY/converted/Elite_Redux_Bulk/clefable_mega_y/back.png,family/relationship
clefable-redux,Clefable Redux,Tbd,,Unresolved family / relationship,Elite_Redux_Bulk,DS_CUSTOM_LIBRARY/converted/Elite_Redux_Bulk/clefable_redux/front.png,DS_CUSTOM_LIBRARY/converted/Elite_Redux_Bulk/clefable_redux/back.png,family/relationship
clefairy-redux,Clefairy Redux,Tbd,,Unresolved family / relationship,Elite_Redux_Bulk,DS_CUSTOM_LIBRARY/converted/Elite_Redux_Bulk/clefairy_redux/front.png,DS_CUSTOM_LIBRARY/converted/Elite_Redux_Bulk/clefairy_redux/back.png,family/relationship
cleffa-redux,Cleffa Redux,Tbd,,Unresolved family / relationship,Elite_Redux_Bulk,DS_CUSTOM_LIBRARY/converted/Elite_Redux_Bulk/cleffa_redux/front.png,DS_CUSTOM_LIBRARY/converted/Elite_Redux_Bulk/cleffa_redux/back.png,family/relationship
clodiva,Clodiva,Tbd,,Unresolved family / relationship,Festival_Magiscarf,DS_CUSTOM_LIBRARY/packs/Festival_Magiscarf/Magiscarf/Battlers Normal/Front/Clodiva.png,,family/relationship; back sprite
clolly,Clolly,Tbd,,Unresolved family / relationship,Festival_Magiscarf,DS_CUSTOM_LIBRARY/packs/Festival_Magiscarf/Magiscarf/Battlers Normal/Front/Clolly.png,,family/relationship; back sprite
clowee,Clowee,Tbd,,Unresolved family / relationship,Festival_Magiscarf,DS_CUSTOM_LIBRARY/packs/Festival_Magiscarf/Magiscarf/Battlers Normal/Front/Clowee.png,,family/relationship; back sprite
cluzzle,Cluzzle,Tbd,,Unresolved family / relationship,Fakemon_Festival_Full,DS_CUSTOM_LIBRARY/packs/Fakemon_Festival_Full/Fakemon Festival Pack/Altaira/Front/CLUZZLE.png,,family/relationship; back sprite
coafire,Coafire,Tbd,,Unresolved family / relationship,Fakemon_Festival_Full,DS_CUSTOM_LIBRARY/packs/Fakemon_Festival_Full/Fakemon Festival Pack/Altaira/Front/COAFIRE.png,,family/relationship; back sprite
colobble,Colobble,Tbd,,Unresolved family / relationship,Festival_Magiscarf,DS_CUSTOM_LIBRARY/packs/Festival_Magiscarf/Magiscarf/Battlers Normal/Front/Colobble.png,,family/relationship; back sprite
colobbus,Colobbus,Tbd,,Unresolved family / relationship,Festival_Magiscarf,DS_CUSTOM_LIBRARY/packs/Festival_Magiscarf/Magiscarf/Battlers Normal/Front/Colobbus.png,,family/relationship; back sprite
commant,Commant,Tbd,,Unresolved family / relationship,Mikitari,DS_CUSTOM_LIBRARY/packs/Mikitari/Fakemon Pack/Front/COMMANT.png,DS_CUSTOM_LIBRARY/packs/Mikitari/Fakemon Pack/Back/COMMANT.png,family/relationship
conflevour,Conflevour,Tbd,,Unresolved family / relationship,Mikitari,DS_CUSTOM_LIBRARY/packs/Mikitari/Fakemon Pack/Front/CONFLEVOUR.png,DS_CUSTOM_LIBRARY/packs/Mikitari/Fakemon Pack/Back/CONFLEVOUR.png,family/relationship
contamullet,Contamullet,Tbd,,Unresolved family / relationship,Mikitari,DS_CUSTOM_LIBRARY/packs/Mikitari/Fakemon Pack/Front/CONTAMULLET.png,DS_CUSTOM_LIBRARY/packs/Mikitari/Fakemon Pack/Back/CONTAMULLET.png,family/relationship
copperajah-mega,Mega Copperajah,Steel,,Cufant,Elite_Redux_Bulk,DS_CUSTOM_LIBRARY/converted/Elite_Redux_Bulk/copperajah_mega/front.png,,back sprite
corm,Corm,Tbd,,Unresolved family / relationship,Elite_Redux_Bulk,DS_CUSTOM_LIBRARY/converted/Elite_Redux_Bulk/corm/front.png,DS_CUSTOM_LIBRARY/converted/Elite_Redux_Bulk/corm/back.png,family/relationship
cormoth,Cormoth,Tbd,,Unresolved family / relationship,Elite_Redux_Bulk,DS_CUSTOM_LIBRARY/converted/Elite_Redux_Bulk/cormoth/front.png,DS_CUSTOM_LIBRARY/converted/Elite_Redux_Bulk/cormoth/back.png,family/relationship
cormoth-mega,Cormoth Mega,Tbd,,Unresolved family / relationship,Elite_Redux_Bulk,DS_CUSTOM_LIBRARY/converted/Elite_Redux_Bulk/cormoth_mega/front.png,DS_CUSTOM_LIBRARY/converted/Elite_Redux_Bulk/cormoth_mega/back.png,family/relationship
corsola-galarian-male,Corsola Galarian Male,Tbd,,Unresolved family / relationship,HG_Engine_DS_Sprites,DS_CUSTOM_LIBRARY/packs/HG_Engine_DS_Sprites/corsola_galarian/male/front.png,DS_CUSTOM_LIBRARY/packs/HG_Engine_DS_Sprites/corsola_galarian/male/back.png,family/relationship
corviknight-mega,Mega Corviknight,Flying,Steel,Rookidee,Elite_Redux_Bulk,DS_CUSTOM_LIBRARY/converted/Elite_Redux_Bulk/corviknight_mega/front.png,,back sprite
crabruiser,Crabruiser,Tbd,,Unresolved family / relationship,Elite_Redux_Bulk,DS_CUSTOM_LIBRARY/converted/Elite_Redux_Bulk/crabruiser/front.png,DS_CUSTOM_LIBRARY/converted/Elite_Redux_Bulk/crabruiser/back.png,family/relationship
crabruiser-redux,Crabruiser Redux,Tbd,,Unresolved family / relationship,Elite_Redux_Bulk,DS_CUSTOM_LIBRARY/converted/Elite_Redux_Bulk/crabruiser_redux/front.png,DS_CUSTOM_LIBRARY/converted/Elite_Redux_Bulk/crabruiser_redux/back.png,family/relationship
crator,Crator,Tbd,,Unresolved family / relationship,Festival_Misc,DS_CUSTOM_LIBRARY/packs/Festival_Misc/Misc/Fronts/Crator.png,,family/relationship; back sprite
crawdauntles,Crawdauntles,Tbd,,Unresolved family / relationship,Elite_Redux_Bulk,DS_CUSTOM_LIBRARY/converted/Elite_Redux_Bulk/crawdauntles/front.png,DS_CUSTOM_LIBRARY/converted/Elite_Redux_Bulk/crawdauntles/back.png,family/relationship
crestaka,Crestaka,Tbd,,Unresolved family / relationship,Festival_Magiscarf,DS_CUSTOM_LIBRARY/packs/Festival_Magiscarf/Magiscarf/Battlers Normal/Front/Crestaka.png,,family/relationship; back sprite
cretassom,Cretassom,Tbd,,Unresolved family / relationship,Festival_Magiscarf,DS_CUSTOM_LIBRARY/packs/Festival_Magiscarf/Magiscarf/Battlers Normal/Front/Cretassom.png,,family/relationship; back sprite
criminalisfront,Criminalisfront,Tbd,,Unresolved family / relationship,Festival_Misc,DS_CUSTOM_LIBRARY/packs/Festival_Misc/Misc/Fronts/CriminalisFront.png,,family/relationship; back sprite
crishy,Crishy,Tbd,,Unresolved family / relationship,Mikitari,DS_CUSTOM_LIBRARY/packs/Mikitari/Fakemon Pack/Front/CRISHY.png,DS_CUSTOM_LIBRARY/packs/Mikitari/Fakemon Pack/Back/CRISHY.png,family/relationship
crister,Crister,Tbd,,Unresolved family / relationship,Fakemon_Festival_Full,DS_CUSTOM_LIBRARY/packs/Fakemon_Festival_Full/Fakemon Festival Pack/Altaira/Front/CRISTER.png,,family/relationship; back sprite
crobat-mega,Crobat Mega,Tbd,,Unresolved family / relationship,Elite_Redux_Bulk,DS_CUSTOM_LIBRARY/converted/Elite_Redux_Bulk/crobat_mega/front.png,DS_CUSTOM_LIBRARY/converted/Elite_Redux_Bulk/crobat_mega/back.png,family/relationship
croober,Croober,Tbd,,Unresolved family / relationship,Mikitari,DS_CUSTOM_LIBRARY/packs/Mikitari/Fakemon Pack/Front/CROOBER.png,DS_CUSTOM_LIBRARY/packs/Mikitari/Fakemon Pack/Back/CROOBER.png,family/relationship
croober-female,Croober Female,Tbd,,Unresolved family / relationship,Mikitari,DS_CUSTOM_LIBRARY/packs/Mikitari/Fakemon Pack/Front/CROOBER_female.png,DS_CUSTOM_LIBRARY/packs/Mikitari/Fakemon Pack/Back/CROOBER_female.png,family/relationship
crucibat,Crucibat,Tbd,,Unresolved family / relationship,Festival_Magiscarf,DS_CUSTOM_LIBRARY/packs/Festival_Magiscarf/Magiscarf/Battlers Normal/Front/Crucibat.png,,family/relationship; back sprite
crunchill,Crunchill,Tbd,,Unresolved family / relationship,Mikitari,DS_CUSTOM_LIBRARY/packs/Mikitari/Fakemon Pack/Front/CRUNCHILL.png,DS_CUSTOM_LIBRARY/packs/Mikitari/Fakemon Pack/Back/CRUNCHILL.png,family/relationship
crusect,Crusect,Tbd,,Unresolved family / relationship,Festival_Misc,DS_CUSTOM_LIBRARY/packs/Festival_Misc/Misc/Fronts/Crusect.png,,family/relationship; back sprite
crycing,Crycing,Tbd,,Unresolved family / relationship,Fakemon_Festival_Full,DS_CUSTOM_LIBRARY/packs/Fakemon_Festival_Full/Fakemon Festival Pack/Altaira/Front/CRYCING.png,,family/relationship; back sprite
cryscoon,Cryscoon,Tbd,,Unresolved family / relationship,Fakemon_Festival_Full,DS_CUSTOM_LIBRARY/packs/Fakemon_Festival_Full/Fakemon Festival Pack/Altaira/Front/CRYSCOON.png,,family/relationship; back sprite
cryscross,Cryscross,Tbd,,Unresolved family / relationship,Festival_Atsui,DS_CUSTOM_LIBRARY/packs/Festival_Atsui/Atsui/Pokemon/Front/CRYSCROSS.png,DS_CUSTOM_LIBRARY/packs/Festival_Atsui/Atsui/Pokemon/Back/CRYSCROSS.png,family/relationship
crystune,Crystune,Tbd,,Unresolved family / relationship,Fakemon_Festival_Full,DS_CUSTOM_LIBRARY/packs/Fakemon_Festival_Full/Fakemon Festival Pack/Altaira/Front/CRYSTUNE.png,,family/relationship; back sprite
curiust,Curiust,Tbd,,Unresolved family / relationship,Festival_Magiscarf,DS_CUSTOM_LIBRARY/packs/Festival_Magiscarf/Magiscarf/Battlers Normal/Front/Curiust.png,,family/relationship; back sprite
curlusk,Curlusk,Tbd,,Unresolved family / relationship,Festival_Magiscarf,DS_CUSTOM_LIBRARY/packs/Festival_Magiscarf/Magiscarf/Battlers Normal/Front/Curlusk.png,,family/relationship; back sprite
dalbex,Dalbex,Tbd,,Unresolved family / relationship,Fakemon_Festival_Full,DS_CUSTOM_LIBRARY/packs/Fakemon_Festival_Full/Fakemon Festival Pack/Altaira/Front/DALBEX.png,,family/relationship; back sprite
dampurr,Dampurr,Tbd,,Unresolved family / relationship,Festival_Magiscarf,DS_CUSTOM_LIBRARY/packs/Festival_Magiscarf/Magiscarf/Battlers Normal/Front/Dampurr.png,DS_CUSTOM_LIBRARY/packs/Festival_Magiscarf/Magiscarf/Battlers Normal/Back/Dampurr.png,family/relationship
dampurr,Dampurr,Tbd,,Unresolved family / relationship,Festival_Magiscarf,DS_CUSTOM_LIBRARY/packs/Festival_Magiscarf/Magiscarf/Gen 4 Battlers/Fronts/DAMPURR.png,DS_CUSTOM_LIBRARY/packs/Festival_Magiscarf/Magiscarf/Battlers Normal/Back/Dampurr.png,family/relationship
dampybara,Dampybara,Tbd,,Unresolved family / relationship,Mikitari,DS_CUSTOM_LIBRARY/packs/Mikitari/Fakemon Pack/Front/DAMPYBARA.png,DS_CUSTOM_LIBRARY/packs/Mikitari/Fakemon Pack/Back/DAMPYBARA.png,family/relationship
dansakoi,Dansakoi,Tbd,,Unresolved family / relationship,Festival_Magiscarf,DS_CUSTOM_LIBRARY/packs/Festival_Magiscarf/Magiscarf/Battlers Normal/Front/Dansakoi.png,,family/relationship; back sprite
darmanitan-galarian-female,Darmanitan Galarian Female,Tbd,,Unresolved family / relationship,HGSS_Project_Unique_Dream_Crystal,DS_CUSTOM_LIBRARY/packs/HGSS_Project_Unique_Dream_Crystal/darmanitan_galarian/female/front.png,DS_CUSTOM_LIBRARY/packs/HGSS_Project_Unique_Dream_Crystal/darmanitan_galarian/female/back.png,family/relationship
darmanitan-galarian-male,Darmanitan Galarian Male,Tbd,,Unresolved family / relationship,HG_Engine_DS_Sprites,DS_CUSTOM_LIBRARY/packs/HG_Engine_DS_Sprites/darmanitan_galarian/male/front.png,DS_CUSTOM_LIBRARY/packs/HG_Engine_DS_Sprites/darmanitan_galarian/male/back.png,family/relationship
darmanitan-redux-blunder,Darmanitan Redux Blunder,Tbd,,Unresolved family / relationship,Elite_Redux_Bulk,DS_CUSTOM_LIBRARY/converted/Elite_Redux_Bulk/darmanitan_redux_blunder/front.png,DS_CUSTOM_LIBRARY/converted/Elite_Redux_Bulk/darmanitan_redux_blunder/back.png,family/relationship
darmanitan-zen-mode-galarian,Darmanitan Zen Mode Galarian,Tbd,,Unresolved family / relationship,Elite_Redux_Bulk,DS_CUSTOM_LIBRARY/converted/Elite_Redux_Bulk/darmanitan_zen_mode_galarian/front.png,,family/relationship; back sprite
darmanitan-zen-mode-galarian-male,Darmanitan Zen Mode Galarian Male,Tbd,,Unresolved family / relationship,HG_Engine_DS_Sprites,DS_CUSTOM_LIBRARY/packs/HG_Engine_DS_Sprites/darmanitan_zen_mode_galarian/male/front.png,DS_CUSTOM_LIBRARY/packs/HG_Engine_DS_Sprites/darmanitan_zen_mode_galarian/male/back.png,family/relationship
darmanitan-zen-mode-male,Darmanitan Zen Mode Male,Tbd,,Unresolved family / relationship,HG_Engine_DS_Sprites,DS_CUSTOM_LIBRARY/packs/HG_Engine_DS_Sprites/darmanitan_zen_mode/male/front.png,DS_CUSTOM_LIBRARY/packs/HG_Engine_DS_Sprites/darmanitan_zen_mode/male/back.png,family/relationship
darumaka-galarian,Darumaka Galarian,Tbd,,Unresolved family / relationship,Elite_Redux_Bulk,DS_CUSTOM_LIBRARY/converted/Elite_Redux_Bulk/darumaka_galarian/front.png,,family/relationship; back sprite
darumaka-galarian-male,Darumaka Galarian Male,Tbd,,Unresolved family / relationship,HG_Engine_DS_Sprites,DS_CUSTOM_LIBRARY/packs/HG_Engine_DS_Sprites/darumaka_galarian/male/front.png,DS_CUSTOM_LIBRARY/packs/HG_Engine_DS_Sprites/darumaka_galarian/male/back.png,family/relationship
decidueye-hisuian,Decidueye Hisuian,Tbd,,Unresolved family / relationship,Elite_Redux_Bulk,DS_CUSTOM_LIBRARY/converted/Elite_Redux_Bulk/decidueye_hisuian/front.png,DS_CUSTOM_LIBRARY/converted/Elite_Redux_Bulk/decidueye_hisuian/back.png,family/relationship
decidueye-hisuian-male,Decidueye Hisuian Male,Tbd,,Unresolved family / relationship,HG_Engine_DS_Sprites,DS_CUSTOM_LIBRARY/packs/HG_Engine_DS_Sprites/decidueye_hisuian/male/front.png,DS_CUSTOM_LIBRARY/packs/HG_Engine_DS_Sprites/decidueye_hisuian/male/back.png,family/relationship
deember,Deember,Tbd,,Unresolved family / relationship,Festival_Misc,DS_CUSTOM_LIBRARY/packs/Festival_Misc/Misc/Fronts/Deember.png,,family/relationship; back sprite
defendio,Defendio,Tbd,,Unresolved family / relationship,Fakemon_Festival_Full,DS_CUSTOM_LIBRARY/packs/Fakemon_Festival_Full/Fakemon Festival Pack/Altaira/Front/DEFENDIO.png,,family/relationship; back sprite
delphox-serena,Delphox Serena,Tbd,,Unresolved family / relationship,Elite_Redux_Bulk,DS_CUSTOM_LIBRARY/converted/Elite_Redux_Bulk/delphox_serena/front.png,DS_CUSTOM_LIBRARY/converted/Elite_Redux_Bulk/delphox_serena/back.png,family/relationship
delugar,Delugar,Tbd,,Unresolved family / relationship,Festival_Magiscarf,DS_CUSTOM_LIBRARY/packs/Festival_Magiscarf/Magiscarf/Battlers Normal/Front/Delugar.png,DS_CUSTOM_LIBRARY/packs/Festival_Magiscarf/Magiscarf/Battlers Normal/Back/Delugar.png,family/relationship
delugar,Delugar,Tbd,,Unresolved family / relationship,Festival_Magiscarf,DS_CUSTOM_LIBRARY/packs/Festival_Magiscarf/Magiscarf/Gen 4 Battlers/Fronts/DELUGAR.png,DS_CUSTOM_LIBRARY/packs/Festival_Magiscarf/Magiscarf/Battlers Normal/Back/Delugar.png,family/relationship
deveep,Deveep,Tbd,,Unresolved family / relationship,Fakemon_Festival_Full,DS_CUSTOM_LIBRARY/packs/Fakemon_Festival_Full/Fakemon Festival Pack/Altaira/Front/DEVEEP.png,,family/relationship; back sprite
dialapis,Dialapis,Tbd,,Unresolved family / relationship,Festival_Magiscarf,DS_CUSTOM_LIBRARY/packs/Festival_Magiscarf/Magiscarf/Battlers Normal/Front/Dialapis.png,,family/relationship; back sprite
diglett-alolan,Diglett Alolan,Tbd,,Unresolved family / relationship,Elite_Redux_Bulk,DS_CUSTOM_LIBRARY/converted/Elite_Redux_Bulk/diglett_alolan/front.png,,family/relationship; back sprite
diglett-alolan-male,Diglett Alolan Male,Tbd,,Unresolved family / relationship,HG_Engine_DS_Sprites,DS_CUSTOM_LIBRARY/packs/HG_Engine_DS_Sprites/diglett_alolan/male/front.png,DS_CUSTOM_LIBRARY/packs/HG_Engine_DS_Sprites/diglett_alolan/male/back.png,family/relationship
dileag,Dileag,Tbd,,Unresolved family / relationship,Fakemon_Festival_Full,DS_CUSTOM_LIBRARY/packs/Fakemon_Festival_Full/Fakemon Festival Pack/Altaira/Front/DILEAG.png,,family/relationship; back sprite
disglow,Disglow,Tbd,,Unresolved family / relationship,Fakemon_Festival_Full,DS_CUSTOM_LIBRARY/packs/Fakemon_Festival_Full/Fakemon Festival Pack/Altaira/Front/DISGLOW.png,,family/relationship; back sprite
doperami,Doperami,Tbd,,Unresolved family / relationship,Mikitari,DS_CUSTOM_LIBRARY/packs/Mikitari/Fakemon Pack/Front/DOPERAMI.png,DS_CUSTOM_LIBRARY/packs/Mikitari/Fakemon Pack/Back/DOPERAMI.png,family/relationship
doperami-female,Doperami Female,Tbd,,Unresolved family / relationship,Mikitari,DS_CUSTOM_LIBRARY/packs/Mikitari/Fakemon Pack/Front/DOPERAMI_female.png,DS_CUSTOM_LIBRARY/packs/Mikitari/Fakemon Pack/Back/DOPERAMI_female.png,family/relationship
dorewee,Dorewee,Tbd,,Unresolved family / relationship,Mikitari,DS_CUSTOM_LIBRARY/packs/Mikitari/Fakemon Pack/Front/DOREWEE.png,DS_CUSTOM_LIBRARY/packs/Mikitari/Fakemon Pack/Back/DOREWEE.png,family/relationship
dozein,Dozein,Tbd,,Unresolved family / relationship,Fakemon_Festival_Full,DS_CUSTOM_LIBRARY/packs/Fakemon_Festival_Full/Fakemon Festival Pack/Altaira/Front/DOZEIN.png,,family/relationship; back sprite
dredrock,Dredrock,Tbd,,Unresolved family / relationship,Festival_Misc,DS_CUSTOM_LIBRARY/packs/Festival_Misc/Misc/Fronts/Dredrock.png,,family/relationship; back sprite
dripwirt,Dripwirt,Tbd,,Unresolved family / relationship,Festival_Magiscarf,DS_CUSTOM_LIBRARY/packs/Festival_Magiscarf/Magiscarf/Battlers Normal/Front/Dripwirt.png,DS_CUSTOM_LIBRARY/packs/Festival_Magiscarf/Magiscarf/Battlers Normal/Back/Dripwirt.png,family/relationship
droopig,Droopig,Tbd,,Unresolved family / relationship,Festival_Magiscarf,DS_CUSTOM_LIBRARY/packs/Festival_Magiscarf/Magiscarf/Battlers Normal/Front/Droopig.png,DS_CUSTOM_LIBRARY/packs/Festival_Magiscarf/Magiscarf/Battlers Normal/Back/Droopig.png,family/relationship
drowzee-1,Drowzee 1,Tbd,,Unresolved family / relationship,Festival_Atsui,DS_CUSTOM_LIBRARY/packs/Festival_Atsui/Atsui/Pokemon/Front/DROWZEE_1.png,,family/relationship; back sprite
dugtrio-alolan,Dugtrio Alolan,Tbd,,Unresolved family / relationship,Elite_Redux_Bulk,DS_CUSTOM_LIBRARY/converted/Elite_Redux_Bulk/dugtrio_alolan/front.png,DS_CUSTOM_LIBRARY/converted/Elite_Redux_Bulk/dugtrio_alolan/back.png,family/relationship
dugtrio-alolan-male,Dugtrio Alolan Male,Tbd,,Unresolved family / relationship,HG_Engine_DS_Sprites,DS_CUSTOM_LIBRARY/packs/HG_Engine_DS_Sprites/dugtrio_alolan/male/front.png,DS_CUSTOM_LIBRARY/packs/HG_Engine_DS_Sprites/dugtrio_alolan/male/back.png,family/relationship
dunspear,Dunspear,Tbd,,Unresolved family / relationship,Festival_Atsui,DS_CUSTOM_LIBRARY/packs/Festival_Atsui/Atsui/Pokemon/Front/DUNSPEAR.png,,family/relationship; back sprite
duntesert,Duntesert,Tbd,,Unresolved family / relationship,Mikitari,DS_CUSTOM_LIBRARY/packs/Mikitari/Fakemon Pack/Front/DUNTESERT.png,DS_CUSTOM_LIBRARY/packs/Mikitari/Fakemon Pack/Back/DUNTESERT.png,family/relationship
duntesert-1,Duntesert 1,Tbd,,Unresolved family / relationship,Mikitari,DS_CUSTOM_LIBRARY/packs/Mikitari/Fakemon Pack/Front/DUNTESERT_1.png,DS_CUSTOM_LIBRARY/packs/Mikitari/Fakemon Pack/Back/DUNTESERT_1.png,family/relationship
dustfully,Dustfully,Tbd,,Unresolved family / relationship,Festival_Magiscarf,DS_CUSTOM_LIBRARY/packs/Festival_Magiscarf/Magiscarf/Battlers Normal/Front/Dustfully.png,,family/relationship; back sprite
dynabit,Dynabit,Tbd,,Unresolved family / relationship,Festival_Magiscarf,DS_CUSTOM_LIBRARY/packs/Festival_Magiscarf/Magiscarf/Battlers Normal/Front/Dynabit.png,DS_CUSTOM_LIBRARY/packs/Festival_Magiscarf/Magiscarf/Battlers Normal/Back/Dynabit.png,family/relationship
eevee-partner-mega,Eevee Partner Mega,Tbd,,Unresolved family / relationship,Elite_Redux_Bulk,DS_CUSTOM_LIBRARY/converted/Elite_Redux_Bulk/eevee_partner_mega/front.png,DS_CUSTOM_LIBRARY/converted/Elite_Redux_Bulk/eevee_partner_mega/back.png,family/relationship
eiscue-noice-face-male,Eiscue Noice Face Male,Tbd,,Unresolved family / relationship,HG_Engine_DS_Sprites,DS_CUSTOM_LIBRARY/packs/HG_Engine_DS_Sprites/eiscue_noice_face/male/front.png,DS_CUSTOM_LIBRARY/packs/HG_Engine_DS_Sprites/eiscue_noice_face/male/back.png,family/relationship
elazel,Elazel,Tbd,,Unresolved family / relationship,Fakemon_Festival_Full,DS_CUSTOM_LIBRARY/packs/Fakemon_Festival_Full/Fakemon Festival Pack/Altaira/Front/ELAZEL.png,,family/relationship; back sprite
electrode-hisuian,Electrode Hisuian,Tbd,,Unresolved family / relationship,Elite_Redux_Bulk,DS_CUSTOM_LIBRARY/converted/Elite_Redux_Bulk/electrode_hisuian/front.png,DS_CUSTOM_LIBRARY/converted/Elite_Redux_Bulk/electrode_hisuian/back.png,family/relationship
electrode-lord-male,Electrode Lord Male,Tbd,,Unresolved family / relationship,HG_Engine_DS_Sprites,DS_CUSTOM_LIBRARY/packs/HG_Engine_DS_Sprites/electrode_lord/male/front.png,DS_CUSTOM_LIBRARY/packs/HG_Engine_DS_Sprites/electrode_lord/male/back.png,family/relationship
ellamp,Ellamp,Tbd,,Unresolved family / relationship,Fakemon_Festival_Full,DS_CUSTOM_LIBRARY/packs/Fakemon_Festival_Full/Fakemon Festival Pack/Altaira/Front/ELLAMP.png,,family/relationship; back sprite
embadon,Embadon,Tbd,,Unresolved family / relationship,Fakemon_Festival_Full,DS_CUSTOM_LIBRARY/packs/Fakemon_Festival_Full/Fakemon Festival Pack/Altaira/Front/EMBADON.png,,family/relationship; back sprite
embat,Embat,Tbd,,Unresolved family / relationship,Festival_Magiscarf,DS_CUSTOM_LIBRARY/packs/Festival_Magiscarf/Magiscarf/Battlers Normal/Front/Embat.png,,family/relationship; back sprite
enderbirld,Enderbirld,Tbd,,Unresolved family / relationship,Festival_Magiscarf,DS_CUSTOM_LIBRARY/packs/Festival_Magiscarf/Magiscarf/Battlers Normal/Front/Enderbirld.png,,family/relationship; back sprite
eraticate,Eraticate,Tbd,,Unresolved family / relationship,Elite_Redux_Bulk,DS_CUSTOM_LIBRARY/converted/Elite_Redux_Bulk/eraticate/front.png,DS_CUSTOM_LIBRARY/converted/Elite_Redux_Bulk/eraticate/back.png,family/relationship
eruptile,Eruptile,Tbd,,Unresolved family / relationship,Mikitari,DS_CUSTOM_LIBRARY/packs/Mikitari/Fakemon Pack/Front/ERUPTILE.png,DS_CUSTOM_LIBRARY/packs/Mikitari/Fakemon Pack/Back/ERUPTILE.png,family/relationship
espeon-galaxy,Espeon Galaxy,Tbd,,Unresolved family / relationship,Elite_Redux_Bulk,DS_CUSTOM_LIBRARY/converted/Elite_Redux_Bulk/espeon_galaxy/front.png,DS_CUSTOM_LIBRARY/converted/Elite_Redux_Bulk/espeon_galaxy/back.png,family/relationship
esperug,Esperug,Tbd,,Unresolved family / relationship,Fakemon_Festival_Full,DS_CUSTOM_LIBRARY/packs/Fakemon_Festival_Full/Fakemon Festival Pack/Altaira/Front/ESPERUG.png,,family/relationship; back sprite
exeggcute-1,Exeggcute 1,Tbd,,Unresolved family / relationship,Festival_Atsui,DS_CUSTOM_LIBRARY/packs/Festival_Atsui/Atsui/Pokemon/Front/EXEGGCUTE_1.png,,family/relationship; back sprite
exeggcutor-1,Exeggcutor 1,Tbd,,Unresolved family / relationship,Festival_Atsui,DS_CUSTOM_LIBRARY/packs/Festival_Atsui/Atsui/Pokemon/Front/EXEGGCUTOR_1.png,,family/relationship; back sprite
exeggutor-alolan-male,Exeggutor Alolan Male,Tbd,,Unresolved family / relationship,HG_Engine_DS_Sprites,DS_CUSTOM_LIBRARY/packs/HG_Engine_DS_Sprites/exeggutor_alolan/male/front.png,DS_CUSTOM_LIBRARY/packs/HG_Engine_DS_Sprites/exeggutor_alolan/male/back.png,family/relationship
expunge,Expunge,Tbd,,Unresolved family / relationship,Festival_Magiscarf,DS_CUSTOM_LIBRARY/packs/Festival_Magiscarf/Magiscarf/Battlers Normal/Front/Expunge.png,,family/relationship; back sprite
falinks-1,Falinks 1,Tbd,,Unresolved family / relationship,Mikitari,DS_CUSTOM_LIBRARY/packs/Mikitari/Fakemon Pack/Front/FALINKS_1.png,DS_CUSTOM_LIBRARY/packs/Mikitari/Fakemon Pack/Back/FALINKS_1.png,family/relationship
fangtomask,Fangtomask,Tbd,,Unresolved family / relationship,Festival_Magiscarf,DS_CUSTOM_LIBRARY/packs/Festival_Magiscarf/Magiscarf/Battlers Normal/Front/Fangtomask.png,,family/relationship; back sprite
farfetchd-galarian,Farfetchd Galarian,Tbd,,Unresolved family / relationship,Elite_Redux_Bulk,DS_CUSTOM_LIBRARY/converted/Elite_Redux_Bulk/farfetchd_galarian/front.png,,family/relationship; back sprite
farfetchd-galarian-male,Farfetchd Galarian Male,Tbd,,Unresolved family / relationship,HG_Engine_DS_Sprites,DS_CUSTOM_LIBRARY/packs/HG_Engine_DS_Sprites/farfetchd_galarian/male/front.png,DS_CUSTOM_LIBRARY/packs/HG_Engine_DS_Sprites/farfetchd_galarian/male/back.png,family/relationship
fearow-redux,Fearow Redux,Tbd,,Unresolved family / relationship,Elite_Redux_Bulk,DS_CUSTOM_LIBRARY/converted/Elite_Redux_Bulk/fearow_redux/front.png,DS_CUSTOM_LIBRARY/converted/Elite_Redux_Bulk/fearow_redux/back.png,family/relationship
fearow-redux-evo,Fearow Redux Evo,Tbd,,Unresolved family / relationship,Elite_Redux_Bulk,DS_CUSTOM_LIBRARY/converted/Elite_Redux_Bulk/fearow_redux_evo/front.png,DS_CUSTOM_LIBRARY/converted/Elite_Redux_Bulk/fearow_redux_evo/back.png,family/relationship
fencival,Fencival,Tbd,,Unresolved family / relationship,Festival_Magiscarf,DS_CUSTOM_LIBRARY/packs/Festival_Magiscarf/Magiscarf/Battlers Normal/Front/Fencival.png,,family/relationship; back sprite
fidough-partner-mega,Fidough Partner Mega,Tbd,,Unresolved family / relationship,Elite_Redux_Bulk,DS_CUSTOM_LIBRARY/converted/Elite_Redux_Bulk/fidough_partner_mega/front.png,DS_CUSTOM_LIBRARY/converted/Elite_Redux_Bulk/fidough_partner_mega/back.png,family/relationship
firaptor,Firaptor,Tbd,,Unresolved family / relationship,Earthretha,DS_CUSTOM_LIBRARY/packs/Earthretha/Earthretha Fakemon Pack/Graphics/Pokemon/Front/FIRAPTOR.png,DS_CUSTOM_LIBRARY/packs/Earthretha/Earthretha Fakemon Pack/Graphics/Pokemon/Back/FIRAPTOR.png,family/relationship
flabebe-blue-flower-male,Flabebe Blue Flower Male,Tbd,,Unresolved family / relationship,HG_Engine_DS_Sprites,DS_CUSTOM_LIBRARY/packs/HG_Engine_DS_Sprites/flabebe_blue_flower/male/front.png,DS_CUSTOM_LIBRARY/packs/HG_Engine_DS_Sprites/flabebe_blue_flower/male/back.png,family/relationship
flabebe-orange-flower-male,Flabebe Orange Flower Male,Tbd,,Unresolved family / relationship,HG_Engine_DS_Sprites,DS_CUSTOM_LIBRARY/packs/HG_Engine_DS_Sprites/flabebe_orange_flower/male/front.png,,family/relationship; back sprite
flabebe-white-flower-male,Flabebe White Flower Male,Tbd,,Unresolved family / relationship,HG_Engine_DS_Sprites,DS_CUSTOM_LIBRARY/packs/HG_Engine_DS_Sprites/flabebe_white_flower/male/front.png,DS_CUSTOM_LIBRARY/packs/HG_Engine_DS_Sprites/flabebe_white_flower/male/back.png,family/relationship
flabebe-yellow-flower-male,Flabebe Yellow Flower Male,Tbd,,Unresolved family / relationship,HG_Engine_DS_Sprites,DS_CUSTOM_LIBRARY/packs/HG_Engine_DS_Sprites/flabebe_yellow_flower/male/front.png,,family/relationship; back sprite
flambafee,Flambafee,Tbd,,Unresolved family / relationship,Mikitari,DS_CUSTOM_LIBRARY/packs/Mikitari/Fakemon Pack/Front/FLAMBAFEE.png,DS_CUSTOM_LIBRARY/packs/Mikitari/Fakemon Pack/Back/FLAMBAFEE.png,family/relationship
flambafee-female,Flambafee Female,Tbd,,Unresolved family / relationship,Mikitari,DS_CUSTOM_LIBRARY/packs/Mikitari/Fakemon Pack/Front/FLAMBAFEE_female.png,DS_CUSTOM_LIBRARY/packs/Mikitari/Fakemon Pack/Back/FLAMBAFEE_female.png,family/relationship
flampy,Flampy,Tbd,,Unresolved family / relationship,Mikitari,DS_CUSTOM_LIBRARY/packs/Mikitari/Fakemon Pack/Front/FLAMPY.png,DS_CUSTOM_LIBRARY/packs/Mikitari/Fakemon Pack/Back/FLAMPY.png,family/relationship
flarepent,Flarepent,Tbd,,Unresolved family / relationship,Mikitari,DS_CUSTOM_LIBRARY/packs/Mikitari/Fakemon Pack/Front/FLAREPENT.png,DS_CUSTOM_LIBRARY/packs/Mikitari/Fakemon Pack/Back/FLAREPENT.png,family/relationship
flarezael,Flarezael,Tbd,,Unresolved family / relationship,Fakemon_Festival_Full,DS_CUSTOM_LIBRARY/packs/Fakemon_Festival_Full/Fakemon Festival Pack/Altaira/Front/FLAREZAEL.png,,family/relationship; back sprite
flixtrix,Flixtrix,Tbd,,Unresolved family / relationship,Festival_Magiscarf,DS_CUSTOM_LIBRARY/packs/Festival_Magiscarf/Magiscarf/Battlers Normal/Front/Flixtrix.png,,family/relationship; back sprite
flobal,Flobal,Tbd,,Unresolved family / relationship,Festival_Magiscarf,DS_CUSTOM_LIBRARY/packs/Festival_Magiscarf/Magiscarf/Battlers Normal/Front/Flobal.png,,family/relationship; back sprite
floette-eternal-flower,Eternal Flower Floette,Fairy,,Undiscovered — Eternal Flower Floette,Elite_Redux_Bulk,DS_CUSTOM_LIBRARY/converted/Elite_Redux_Bulk/floette_eternal_flower/front.png,,back sprite
floette-eternal-flower-male,Floette Eternal Flower Male,Tbd,,Unresolved family / relationship,HG_Engine_DS_Sprites,DS_CUSTOM_LIBRARY/packs/HG_Engine_DS_Sprites/floette_eternal_flower/male/front.png,DS_CUSTOM_LIBRARY/packs/HG_Engine_DS_Sprites/floette_eternal_flower/male/back.png,family/relationship
floette-eternal-flower-mega,Floette Eternal Flower Mega,Tbd,,Unresolved family / relationship,Elite_Redux_Bulk,DS_CUSTOM_LIBRARY/converted/Elite_Redux_Bulk/floette_eternal_flower_mega/front.png,DS_CUSTOM_LIBRARY/converted/Elite_Redux_Bulk/floette_eternal_flower_mega/back.png,family/relationship
floette-white-flower-male,Floette White Flower Male,Tbd,,Unresolved family / relationship,HG_Engine_DS_Sprites,DS_CUSTOM_LIBRARY/packs/HG_Engine_DS_Sprites/floette_white_flower/male/front.png,DS_CUSTOM_LIBRARY/packs/HG_Engine_DS_Sprites/floette_white_flower/male/back.png,family/relationship
flooie,Flooie,Tbd,,Unresolved family / relationship,Festival_Magiscarf,DS_CUSTOM_LIBRARY/packs/Festival_Magiscarf/Magiscarf/Battlers Normal/Front/Flooie.png,,family/relationship; back sprite
flookha,Flookha,Tbd,,Unresolved family / relationship,Fakemon_Festival_Full,DS_CUSTOM_LIBRARY/packs/Fakemon_Festival_Full/Fakemon Festival Pack/Altaira/Front/FLOOKHA.png,,family/relationship; back sprite
floramona,Floramona,Tbd,,Unresolved family / relationship,Mikitari,DS_CUSTOM_LIBRARY/packs/Mikitari/Fakemon Pack/Front/FLORAMONA.png,DS_CUSTOM_LIBRARY/packs/Mikitari/Fakemon Pack/Back/FLORAMONA.png,family/relationship
floramona-1,Floramona 1,Tbd,,Unresolved family / relationship,Mikitari,DS_CUSTOM_LIBRARY/packs/Mikitari/Fakemon Pack/Front/FLORAMONA_1.png,DS_CUSTOM_LIBRARY/packs/Mikitari/Fakemon Pack/Back/FLORAMONA_1.png,family/relationship
floramona-6,Floramona 6,Tbd,,Unresolved family / relationship,Mikitari,DS_CUSTOM_LIBRARY/packs/Mikitari/Fakemon Pack/Front/FLORAMONA_6.png,DS_CUSTOM_LIBRARY/packs/Mikitari/Fakemon Pack/Back/FLORAMONA_6.png,family/relationship
florges-blue-flower-male,Florges Blue Flower Male,Tbd,,Unresolved family / relationship,HG_Engine_DS_Sprites,DS_CUSTOM_LIBRARY/packs/HG_Engine_DS_Sprites/florges_blue_flower/male/front.png,DS_CUSTOM_LIBRARY/packs/HG_Engine_DS_Sprites/florges_blue_flower/male/back.png,family/relationship
florges-orange-flower-male,Florges Orange Flower Male,Tbd,,Unresolved family / relationship,HG_Engine_DS_Sprites,DS_CUSTOM_LIBRARY/packs/HG_Engine_DS_Sprites/florges_orange_flower/male/front.png,DS_CUSTOM_LIBRARY/packs/HG_Engine_DS_Sprites/florges_orange_flower/male/back.png,family/relationship
florges-white-flower-male,Florges White Flower Male,Tbd,,Unresolved family / relationship,HG_Engine_DS_Sprites,DS_CUSTOM_LIBRARY/packs/HG_Engine_DS_Sprites/florges_white_flower/male/front.png,DS_CUSTOM_LIBRARY/packs/HG_Engine_DS_Sprites/florges_white_flower/male/back.png,family/relationship
florges-yellow-flower-male,Florges Yellow Flower Male,Tbd,,Unresolved family / relationship,HG_Engine_DS_Sprites,DS_CUSTOM_LIBRARY/packs/HG_Engine_DS_Sprites/florges_yellow_flower/male/front.png,DS_CUSTOM_LIBRARY/packs/HG_Engine_DS_Sprites/florges_yellow_flower/male/back.png,family/relationship
fluffbee,Fluffbee,Tbd,,Unresolved family / relationship,Elite_Redux_Bulk,DS_CUSTOM_LIBRARY/converted/Elite_Redux_Bulk/fluffbee/front.png,DS_CUSTOM_LIBRARY/converted/Elite_Redux_Bulk/fluffbee/back.png,family/relationship
flygon-1,Mega Flygon FLYGON,Bug,Dragon,Unresolved family / relationship,Mega_Flygon_Animated_Gen5,DS_CUSTOM_LIBRARY/packs/Mega_Flygon_Animated_Gen5/Mega Flygon/Front/FLYGON_1.png,DS_CUSTOM_LIBRARY/packs/Mega_Flygon_Animated_Gen5/Mega Flygon/Back/FLYGON_1.png,family/relationship
flygon-1,Mega Flygon FLYGON,Bug,Dragon,Unresolved family / relationship,Mega_Flygon,DS_CUSTOM_LIBRARY/packs/Mega_Flygon/mega flygon/Graphics/Pokemon/Front/FLYGON_1.png,DS_CUSTOM_LIBRARY/packs/Mega_Flygon/mega flygon/Graphics/Pokemon/Back/FLYGON_1.png,family/relationship
fogging,Fogging,Tbd,,Unresolved family / relationship,Elite_Redux_Bulk,DS_CUSTOM_LIBRARY/converted/Elite_Redux_Bulk/fogging/front.png,DS_CUSTOM_LIBRARY/converted/Elite_Redux_Bulk/fogging/back.png,family/relationship
folnir,Folnir,Tbd,,Unresolved family / relationship,Fakemon_Festival_Full,DS_CUSTOM_LIBRARY/packs/Fakemon_Festival_Full/Fakemon Festival Pack/Altaira/Front/FOLNIR.png,,family/relationship; back sprite
forbiddron,Forbiddron,Tbd,,Unresolved family / relationship,Festival_Magiscarf,DS_CUSTOM_LIBRARY/packs/Festival_Magiscarf/Magiscarf/Battlers Normal/Front/Forbiddron.png,DS_CUSTOM_LIBRARY/packs/Festival_Magiscarf/Magiscarf/Battlers Normal/Back/Forbiddron.png,family/relationship
froll,Froll,Tbd,,Unresolved family / relationship,Festival_Magiscarf,DS_CUSTOM_LIBRARY/packs/Festival_Magiscarf/Magiscarf/Battlers Normal/Front/Froll.png,,family/relationship; back sprite
frostuccino,Frostuccino,Tbd,,Unresolved family / relationship,Elite_Redux_Bulk,DS_CUSTOM_LIBRARY/converted/Elite_Redux_Bulk/frostuccino/front.png,DS_CUSTOM_LIBRARY/converted/Elite_Redux_Bulk/frostuccino/back.png,family/relationship
frostula,Frostula,Tbd,,Unresolved family / relationship,Elite_Redux_Bulk,DS_CUSTOM_LIBRARY/converted/Elite_Redux_Bulk/frostula/front.png,DS_CUSTOM_LIBRARY/converted/Elite_Redux_Bulk/frostula/back.png,family/relationship
fryrry,Fryrry,Tbd,,Unresolved family / relationship,Festival_Magiscarf,DS_CUSTOM_LIBRARY/packs/Festival_Magiscarf/Magiscarf/Battlers Normal/Front/Fryrry.png,,family/relationship; back sprite
fumbat,Fumbat,Tbd,,Unresolved family / relationship,Festival_Magiscarf,DS_CUSTOM_LIBRARY/packs/Festival_Magiscarf/Magiscarf/Battlers Normal/Front/Fumbat.png,,family/relationship; back sprite
furnadon,Furnadon,Tbd,,Unresolved family / relationship,Mikitari,DS_CUSTOM_LIBRARY/packs/Mikitari/Fakemon Pack/Front/FURNADON.png,DS_CUSTOM_LIBRARY/packs/Mikitari/Fakemon Pack/Back/FURNADON.png,family/relationship
furnadon-1,Furnadon 1,Tbd,,Unresolved family / relationship,Mikitari,DS_CUSTOM_LIBRARY/packs/Mikitari/Fakemon Pack/Front/FURNADON_1.png,DS_CUSTOM_LIBRARY/packs/Mikitari/Fakemon Pack/Back/FURNADON_1.png,family/relationship
garbodor-mega,Mega Garbodor,Poison,Steel,Trubbish,Elite_Redux_Bulk,DS_CUSTOM_LIBRARY/converted/Elite_Redux_Bulk/garbodor_mega/front.png,,back sprite
gardial,Gardial,Tbd,,Unresolved family / relationship,Festival_Magiscarf,DS_CUSTOM_LIBRARY/packs/Festival_Magiscarf/Magiscarf/Battlers Normal/Front/Gardial.png,,family/relationship; back sprite
gargablox,Gargablox,Tbd,,Unresolved family / relationship,Elite_Redux_Bulk,DS_CUSTOM_LIBRARY/converted/Elite_Redux_Bulk/gargablox/front.png,DS_CUSTOM_LIBRARY/converted/Elite_Redux_Bulk/gargablox/back.png,family/relationship
gasarnet,Gasarnet,Tbd,,Unresolved family / relationship,Mikitari,DS_CUSTOM_LIBRARY/packs/Mikitari/Fakemon Pack/Front/GASARNET.png,DS_CUSTOM_LIBRARY/packs/Mikitari/Fakemon Pack/Back/GASARNET.png,family/relationship
gastrodon-east-sea,Gastrodon East Sea,Water,Ground,Shellos,Elite_Redux_Bulk,DS_CUSTOM_LIBRARY/converted/Elite_Redux_Bulk/gastrodon_east_sea/front.png,,back sprite
gastrodon-east-sea-male,Gastrodon East Sea Male,Tbd,,Unresolved family / relationship,HG_Engine_DS_Sprites,DS_CUSTOM_LIBRARY/packs/HG_Engine_DS_Sprites/gastrodon_east_sea/male/front.png,DS_CUSTOM_LIBRARY/packs/HG_Engine_DS_Sprites/gastrodon_east_sea/male/back.png,family/relationship
gelescent,Gelescent,Tbd,,Unresolved family / relationship,Festival_Magiscarf,DS_CUSTOM_LIBRARY/packs/Festival_Magiscarf/Magiscarf/Battlers Normal/Front/Gelescent.png,DS_CUSTOM_LIBRARY/packs/Festival_Magiscarf/Magiscarf/Battlers Normal/Back/Gelescent.png,family/relationship
gemator,Gemator,Tbd,,Unresolved family / relationship,Fakemon_Festival_Full,DS_CUSTOM_LIBRARY/packs/Fakemon_Festival_Full/Fakemon Festival Pack/Altaira/Front/GEMATOR.png,,family/relationship; back sprite
gemdil,Gemdil,Tbd,,Unresolved family / relationship,Fakemon_Festival_Full,DS_CUSTOM_LIBRARY/packs/Fakemon_Festival_Full/Fakemon Festival Pack/Altaira/Front/GEMDIL.png,,family/relationship; back sprite
gengar-mega-x,TBD only if previously approved,Ghost,Poison,Gastly,Elite_Redux_Bulk,DS_CUSTOM_LIBRARY/converted/Elite_Redux_Bulk/gengar_mega_x/front.png,,back sprite
geocko,Geocko,Tbd,,Unresolved family / relationship,Mikitari,DS_CUSTOM_LIBRARY/packs/Mikitari/Fakemon Pack/Front/GEOCKO.png,DS_CUSTOM_LIBRARY/packs/Mikitari/Fakemon Pack/Back/GEOCKO.png,family/relationship
geodude-alolan,Geodude Alolan,Tbd,,Unresolved family / relationship,Elite_Redux_Bulk,DS_CUSTOM_LIBRARY/converted/Elite_Redux_Bulk/geodude_alolan/front.png,DS_CUSTOM_LIBRARY/converted/Elite_Redux_Bulk/geodude_alolan/back.png,family/relationship
geodude-alolan-male,Geodude Alolan Male,Tbd,,Unresolved family / relationship,HG_Engine_DS_Sprites,DS_CUSTOM_LIBRARY/packs/HG_Engine_DS_Sprites/geodude_alolan/male/front.png,DS_CUSTOM_LIBRARY/packs/HG_Engine_DS_Sprites/geodude_alolan/male/back.png,family/relationship
geolidon,Geolidon,Tbd,,Unresolved family / relationship,Mikitari,DS_CUSTOM_LIBRARY/packs/Mikitari/Fakemon Pack/Front/GEOLIDON.png,DS_CUSTOM_LIBRARY/packs/Mikitari/Fakemon Pack/Back/GEOLIDON.png,family/relationship
germeit,Germeit,Tbd,,Unresolved family / relationship,Mikitari,DS_CUSTOM_LIBRARY/packs/Mikitari/Fakemon Pack/Front/GERMEIT.png,DS_CUSTOM_LIBRARY/packs/Mikitari/Fakemon Pack/Back/GERMEIT.png,family/relationship
gilactic,Gilactic,Tbd,,Unresolved family / relationship,Festival_Magiscarf,DS_CUSTOM_LIBRARY/packs/Festival_Magiscarf/Magiscarf/Battlers Normal/Front/Gilactic.png,,family/relationship; back sprite
gipof,Gipof,Tbd,,Unresolved family / relationship,Fakemon_Festival_Full,DS_CUSTOM_LIBRARY/packs/Fakemon_Festival_Full/Fakemon Festival Pack/Altaira/Front/GIPOF.png,,family/relationship; back sprite
glanchog,Glanchog,Tbd,,Unresolved family / relationship,Mikitari,DS_CUSTOM_LIBRARY/packs/Mikitari/Fakemon Pack/Front/GLANCHOG.png,DS_CUSTOM_LIBRARY/packs/Mikitari/Fakemon Pack/Back/GLANCHOG.png,family/relationship
glaucon,Glaucon,Tbd,,Unresolved family / relationship,Fakemon_Festival_Full,DS_CUSTOM_LIBRARY/packs/Fakemon_Festival_Full/Fakemon Festival Pack/Altaira/Front/GLAUCON.png,,family/relationship; back sprite
glovet,Glovet,Tbd,,Unresolved family / relationship,Mikitari,DS_CUSTOM_LIBRARY/packs/Mikitari/Fakemon Pack/Front/GLOVET.png,DS_CUSTOM_LIBRARY/packs/Mikitari/Fakemon Pack/Back/GLOVET.png,family/relationship
glyptoblock,Glyptoblock,Tbd,,Unresolved family / relationship,Mikitari,DS_CUSTOM_LIBRARY/packs/Mikitari/Fakemon Pack/Front/GLYPTOBLOCK.png,DS_CUSTOM_LIBRARY/packs/Mikitari/Fakemon Pack/Back/GLYPTOBLOCK.png,family/relationship
glyptoblock-1,Glyptoblock 1,Tbd,,Unresolved family / relationship,Mikitari,DS_CUSTOM_LIBRARY/packs/Mikitari/Fakemon Pack/Front/GLYPTOBLOCK_1.png,DS_CUSTOM_LIBRARY/packs/Mikitari/Fakemon Pack/Back/GLYPTOBLOCK_1.png,family/relationship
goataur,Goataur,Tbd,,Unresolved family / relationship,Fakemon_Festival_Full,DS_CUSTOM_LIBRARY/packs/Fakemon_Festival_Full/Fakemon Festival Pack/Altaira/Front/GOATAUR.png,,family/relationship; back sprite
goatyr,Goatyr,Tbd,,Unresolved family / relationship,Fakemon_Festival_Full,DS_CUSTOM_LIBRARY/packs/Fakemon_Festival_Full/Fakemon Festival Pack/Altaira/Front/GOATYR.png,,family/relationship; back sprite
golem-alolan,Golem Alolan,Tbd,,Unresolved family / relationship,Elite_Redux_Bulk,DS_CUSTOM_LIBRARY/converted/Elite_Redux_Bulk/golem_alolan/front.png,DS_CUSTOM_LIBRARY/converted/Elite_Redux_Bulk/golem_alolan/back.png,family/relationship
golem-alolan-male,Golem Alolan Male,Tbd,,Unresolved family / relationship,HG_Engine_DS_Sprites,DS_CUSTOM_LIBRARY/packs/HG_Engine_DS_Sprites/golem_alolan/male/front.png,DS_CUSTOM_LIBRARY/packs/HG_Engine_DS_Sprites/golem_alolan/male/back.png,family/relationship
golisopod-mega-y,Golisopod Mega Y,Tbd,,Unresolved family / relationship,Elite_Redux_Bulk,DS_CUSTOM_LIBRARY/converted/Elite_Redux_Bulk/golisopod_mega_y/front.png,DS_CUSTOM_LIBRARY/converted/Elite_Redux_Bulk/golisopod_mega_y/back.png,family/relationship
goobolt,Goobolt,Tbd,,Unresolved family / relationship,Mikitari,DS_CUSTOM_LIBRARY/packs/Mikitari/Fakemon Pack/Front/GOOBOLT.png,DS_CUSTOM_LIBRARY/packs/Mikitari/Fakemon Pack/Back/GOOBOLT.png,family/relationship
goodra-1,Goodra 1,Tbd,,Unresolved family / relationship,Festival_Atsui,DS_CUSTOM_LIBRARY/packs/Festival_Atsui/Atsui/Pokemon/Front/GOODRA_1.png,,family/relationship; back sprite
goodra-hisuian,Goodra Hisuian,Tbd,,Unresolved family / relationship,Elite_Redux_Bulk,DS_CUSTOM_LIBRARY/converted/Elite_Redux_Bulk/goodra_hisuian/front.png,DS_CUSTOM_LIBRARY/converted/Elite_Redux_Bulk/goodra_hisuian/back.png,family/relationship
goodra-hisuian-male,Goodra Hisuian Male,Tbd,,Unresolved family / relationship,HG_Engine_DS_Sprites,DS_CUSTOM_LIBRARY/packs/HG_Engine_DS_Sprites/goodra_hisuian/male/front.png,DS_CUSTOM_LIBRARY/packs/HG_Engine_DS_Sprites/goodra_hisuian/male/back.png,family/relationship
gorochu,Gorochu,Tbd,,Unresolved family / relationship,Earthretha,DS_CUSTOM_LIBRARY/packs/Earthretha/Earthretha Fakemon Pack/Graphics/Pokemon/Front/GOROCHU.png,DS_CUSTOM_LIBRARY/packs/Earthretha/Earthretha Fakemon Pack/Graphics/Pokemon/Back/GOROCHU.png,family/relationship
gramarvog,Gramarvog,Tbd,,Unresolved family / relationship,Fakemon_Festival_Full,DS_CUSTOM_LIBRARY/packs/Fakemon_Festival_Full/Fakemon Festival Pack/Altaira/Front/GRAMARVOG.png,,family/relationship; back sprite
granebee,Granebee,Tbd,,Unresolved family / relationship,Mikitari,DS_CUSTOM_LIBRARY/packs/Mikitari/Fakemon Pack/Front/GRANEBEE.png,DS_CUSTOM_LIBRARY/packs/Mikitari/Fakemon Pack/Back/GRANEBEE.png,family/relationship
graveler-alolan,Graveler Alolan,Tbd,,Unresolved family / relationship,Elite_Redux_Bulk,DS_CUSTOM_LIBRARY/converted/Elite_Redux_Bulk/graveler_alolan/front.png,,family/relationship; back sprite
graveler-alolan-male,Graveler Alolan Male,Tbd,,Unresolved family / relationship,HG_Engine_DS_Sprites,DS_CUSTOM_LIBRARY/packs/HG_Engine_DS_Sprites/graveler_alolan/male/front.png,DS_CUSTOM_LIBRARY/packs/HG_Engine_DS_Sprites/graveler_alolan/male/back.png,family/relationship
gravishoc,Gravishoc,Tbd,,Unresolved family / relationship,Fakemon_Festival_Full,DS_CUSTOM_LIBRARY/packs/Fakemon_Festival_Full/Fakemon Festival Pack/Altaira/Front/GRAVISHOC.png,,family/relationship; back sprite
grexclub,Grexclub,Tbd,,Unresolved family / relationship,Mikitari,DS_CUSTOM_LIBRARY/packs/Mikitari/Fakemon Pack/Front/GREXCLUB.png,DS_CUSTOM_LIBRARY/packs/Mikitari/Fakemon Pack/Back/GREXCLUB.png,family/relationship
griffy,Griffy,Tbd,,Unresolved family / relationship,Fakemon_Festival_Full,DS_CUSTOM_LIBRARY/packs/Fakemon_Festival_Full/Fakemon Festival Pack/Altaira/Front/GRIFFY.png,,family/relationship; back sprite
grimer-alolan,Grimer Alolan,Tbd,,Unresolved family / relationship,Elite_Redux_Bulk,DS_CUSTOM_LIBRARY/converted/Elite_Redux_Bulk/grimer_alolan/front.png,,family/relationship; back sprite
grimer-alolan-male,Grimer Alolan Male,Tbd,,Unresolved family / relationship,HG_Engine_DS_Sprites,DS_CUSTOM_LIBRARY/packs/HG_Engine_DS_Sprites/grimer_alolan/male/front.png,DS_CUSTOM_LIBRARY/packs/HG_Engine_DS_Sprites/grimer_alolan/male/back.png,family/relationship
grimmsnarl-mega,Mega Grimmsnarl,Dark,Fairy,Impidimp,Elite_Redux_Bulk,DS_CUSTOM_LIBRARY/converted/Elite_Redux_Bulk/grimmsnarl_mega/front.png,,back sprite
grotom,Grotom,Tbd,,Unresolved family / relationship,Elite_Redux_Bulk,DS_CUSTOM_LIBRARY/converted/Elite_Redux_Bulk/grotom/front.png,DS_CUSTOM_LIBRARY/converted/Elite_Redux_Bulk/grotom/back.png,family/relationship
grotom-drum,Grotom Drum,Tbd,,Unresolved family / relationship,Elite_Redux_Bulk,DS_CUSTOM_LIBRARY/converted/Elite_Redux_Bulk/grotom_drum/front.png,DS_CUSTOM_LIBRARY/converted/Elite_Redux_Bulk/grotom_drum/back.png,family/relationship
grotom-fill,Grotom Fill,Tbd,,Unresolved family / relationship,Elite_Redux_Bulk,DS_CUSTOM_LIBRARY/converted/Elite_Redux_Bulk/grotom_fill/front.png,DS_CUSTOM_LIBRARY/converted/Elite_Redux_Bulk/grotom_fill/back.png,family/relationship
grotom-glass,Grotom Glass,Tbd,,Unresolved family / relationship,Elite_Redux_Bulk,DS_CUSTOM_LIBRARY/converted/Elite_Redux_Bulk/grotom_glass/front.png,DS_CUSTOM_LIBRARY/converted/Elite_Redux_Bulk/grotom_glass/back.png,family/relationship
grotom-kick,Grotom Kick,Tbd,,Unresolved family / relationship,Elite_Redux_Bulk,DS_CUSTOM_LIBRARY/converted/Elite_Redux_Bulk/grotom_kick/front.png,DS_CUSTOM_LIBRARY/converted/Elite_Redux_Bulk/grotom_kick/back.png,family/relationship
grotom-roll,Grotom Roll,Tbd,,Unresolved family / relationship,Elite_Redux_Bulk,DS_CUSTOM_LIBRARY/converted/Elite_Redux_Bulk/grotom_roll/front.png,DS_CUSTOM_LIBRARY/converted/Elite_Redux_Bulk/grotom_roll/back.png,family/relationship
growlithe-hisuian,Growlithe Hisuian,Tbd,,Unresolved family / relationship,Elite_Redux_Bulk,DS_CUSTOM_LIBRARY/converted/Elite_Redux_Bulk/growlithe_hisuian/front.png,DS_CUSTOM_LIBRARY/converted/Elite_Redux_Bulk/growlithe_hisuian/back.png,family/relationship
growlithe-hisuian-male,Growlithe Hisuian Male,Tbd,,Unresolved family / relationship,HG_Engine_DS_Sprites,DS_CUSTOM_LIBRARY/packs/HG_Engine_DS_Sprites/growlithe_hisuian/male/front.png,DS_CUSTOM_LIBRARY/packs/HG_Engine_DS_Sprites/growlithe_hisuian/male/back.png,family/relationship
growlithe-redux,Growlithe Redux,Tbd,,Unresolved family / relationship,Elite_Redux_Bulk,DS_CUSTOM_LIBRARY/converted/Elite_Redux_Bulk/growlithe_redux/front.png,DS_CUSTOM_LIBRARY/converted/Elite_Redux_Bulk/growlithe_redux/back.png,family/relationship
gryphlit,Gryphlit,Tbd,,Unresolved family / relationship,Festival_Atsui,DS_CUSTOM_LIBRARY/packs/Festival_Atsui/Atsui/Pokemon/Front/GRYPHLIT.png,,family/relationship; back sprite
guarmico,Guarmico,Tbd,,Unresolved family / relationship,Fakemon_Festival_Full,DS_CUSTOM_LIBRARY/packs/Fakemon_Festival_Full/Fakemon Festival Pack/Altaira/Front/GUARMICO.png,,family/relationship; back sprite
gyaradeath-mega-x,Gyaradeath Mega X,Tbd,,Unresolved family / relationship,Elite_Redux_Bulk,DS_CUSTOM_LIBRARY/converted/Elite_Redux_Bulk/gyaradeath_mega_x/front.png,DS_CUSTOM_LIBRARY/converted/Elite_Redux_Bulk/gyaradeath_mega_x/back.png,family/relationship
gyaradeath-mega-y,Gyaradeath Mega Y,Tbd,,Unresolved family / relationship,Elite_Redux_Bulk,DS_CUSTOM_LIBRARY/converted/Elite_Redux_Bulk/gyaradeath_mega_y/front.png,DS_CUSTOM_LIBRARY/converted/Elite_Redux_Bulk/gyaradeath_mega_y/back.png,family/relationship
gyarevalry,Gyarevalry,Tbd,,Unresolved family / relationship,Elite_Redux_Bulk,DS_CUSTOM_LIBRARY/converted/Elite_Redux_Bulk/gyarevalry/front.png,DS_CUSTOM_LIBRARY/converted/Elite_Redux_Bulk/gyarevalry/back.png,family/relationship
habkid,Habkid,Tbd,,Unresolved family / relationship,Fakemon_Festival_Full,DS_CUSTOM_LIBRARY/packs/Fakemon_Festival_Full/Fakemon Festival Pack/Altaira/Front/HABKID.png,,family/relationship; back sprite
habknight,Habknight,Tbd,,Unresolved family / relationship,Fakemon_Festival_Full,DS_CUSTOM_LIBRARY/packs/Fakemon_Festival_Full/Fakemon Festival Pack/Altaira/Front/HABKNIGHT.png,,family/relationship; back sprite
harvesting-tyrant,Harvesting Tyrant,Tbd,,Unresolved family / relationship,Elite_Redux_Bulk,DS_CUSTOM_LIBRARY/converted/Elite_Redux_Bulk/harvesting_tyrant/front.png,DS_CUSTOM_LIBRARY/converted/Elite_Redux_Bulk/harvesting_tyrant/back.png,family/relationship
hauntray,Hauntray,Tbd,,Unresolved family / relationship,Mikitari,DS_CUSTOM_LIBRARY/packs/Mikitari/Fakemon Pack/Front/HAUNTRAY.png,DS_CUSTOM_LIBRARY/packs/Mikitari/Fakemon Pack/Back/HAUNTRAY.png,family/relationship
hayog,Hayog,Tbd,,Unresolved family / relationship,Festival_Scotsman,DS_CUSTOM_LIBRARY/packs/Festival_Scotsman/Scotsman/Hayog_Front.png,DS_CUSTOM_LIBRARY/packs/Festival_Scotsman/Scotsman/Hayog_Back.png,family/relationship
heliosunny,Heliosunny,Tbd,,Unresolved family / relationship,Elite_Redux_Bulk,DS_CUSTOM_LIBRARY/converted/Elite_Redux_Bulk/heliosunny/front.png,DS_CUSTOM_LIBRARY/converted/Elite_Redux_Bulk/heliosunny/back.png,family/relationship
heracreus,Heracreus,Tbd,,Unresolved family / relationship,Elite_Redux_Bulk,DS_CUSTOM_LIBRARY/converted/Elite_Redux_Bulk/heracreus/front.png,DS_CUSTOM_LIBRARY/converted/Elite_Redux_Bulk/heracreus/back.png,family/relationship
heracreus-mega,Heracreus Mega,Tbd,,Unresolved family / relationship,Elite_Redux_Bulk,DS_CUSTOM_LIBRARY/converted/Elite_Redux_Bulk/heracreus_mega/front.png,DS_CUSTOM_LIBRARY/converted/Elite_Redux_Bulk/heracreus_mega/back.png,family/relationship
hippopotato,Hippopotato,Tbd,,Unresolved family / relationship,Elite_Redux_Bulk,DS_CUSTOM_LIBRARY/converted/Elite_Redux_Bulk/hippopotato/front.png,DS_CUSTOM_LIBRARY/converted/Elite_Redux_Bulk/hippopotato/back.png,family/relationship
hippotaton,Hippotaton,Tbd,,Unresolved family / relationship,Elite_Redux_Bulk,DS_CUSTOM_LIBRARY/converted/Elite_Redux_Bulk/hippotaton/front.png,DS_CUSTOM_LIBRARY/converted/Elite_Redux_Bulk/hippotaton/back.png,family/relationship
hivernor,Hivernor,Tbd,,Unresolved family / relationship,Festival_Magiscarf,DS_CUSTOM_LIBRARY/packs/Festival_Magiscarf/Magiscarf/Battlers Normal/Front/Hivernor.png,,family/relationship; back sprite
hogouse,Hogouse,Tbd,,Unresolved family / relationship,Festival_Scotsman,DS_CUSTOM_LIBRARY/packs/Festival_Scotsman/Scotsman/Hogouse_Front.png,DS_CUSTOM_LIBRARY/packs/Festival_Scotsman/Scotsman/Hogouse_Back.png,family/relationship
hogriks,Hogriks,Tbd,,Unresolved family / relationship,Festival_Scotsman,DS_CUSTOM_LIBRARY/packs/Festival_Scotsman/Scotsman/Hogriks_Front.png,DS_CUSTOM_LIBRARY/packs/Festival_Scotsman/Scotsman/Hogriks_Back.png,family/relationship
homurant,Homurant,Tbd,,Unresolved family / relationship,Mikitari,DS_CUSTOM_LIBRARY/packs/Mikitari/Fakemon Pack/Front/HOMURANT.png,DS_CUSTOM_LIBRARY/packs/Mikitari/Fakemon Pack/Back/HOMURANT.png,family/relationship
hoolihog,Hoolihog,Tbd,,Unresolved family / relationship,Festival_Magiscarf,DS_CUSTOM_LIBRARY/packs/Festival_Magiscarf/Magiscarf/Battlers Normal/Front/Hoolihog.png,DS_CUSTOM_LIBRARY/packs/Festival_Magiscarf/Magiscarf/Battlers Normal/Back/Hoolihog.png,family/relationship
hopidey,Hopidey,Tbd,,Unresolved family / relationship,Mikitari,DS_CUSTOM_LIBRARY/packs/Mikitari/Fakemon Pack/Front/HOPIDEY.png,DS_CUSTOM_LIBRARY/packs/Mikitari/Fakemon Pack/Back/HOPIDEY.png,family/relationship
hoppot,Hoppot,Tbd,,Unresolved family / relationship,Festival_Atsui,DS_CUSTOM_LIBRARY/packs/Festival_Atsui/Atsui/Pokemon/Front/HOPPOT.png,,family/relationship; back sprite
hoprake,Hoprake,Tbd,,Unresolved family / relationship,Festival_Atsui,DS_CUSTOM_LIBRARY/packs/Festival_Atsui/Atsui/Pokemon/Front/HOPRAKE.png,,family/relationship; back sprite
horbak,Horbak,Tbd,,Unresolved family / relationship,Fakemon_Festival_Full,DS_CUSTOM_LIBRARY/packs/Fakemon_Festival_Full/Fakemon Festival Pack/Altaira/Front/HORBAK.png,,family/relationship; back sprite
hotung,Hotung,Tbd,,Unresolved family / relationship,Festival_Atsui,DS_CUSTOM_LIBRARY/packs/Festival_Atsui/Atsui/Pokemon/Front/HOTUNG.png,,family/relationship; back sprite
howliage,Howliage,Tbd,,Unresolved family / relationship,Festival_Magiscarf,DS_CUSTOM_LIBRARY/packs/Festival_Magiscarf/Magiscarf/Battlers Normal/Front/Howliage.png,DS_CUSTOM_LIBRARY/packs/Festival_Magiscarf/Magiscarf/Battlers Normal/Back/Howliage.png,family/relationship
hydroar,Hydroar,Tbd,,Unresolved family / relationship,Elite_Redux_Bulk,DS_CUSTOM_LIBRARY/converted/Elite_Redux_Bulk/hydroar/front.png,DS_CUSTOM_LIBRARY/converted/Elite_Redux_Bulk/hydroar/back.png,family/relationship
hydroar-f,Hydroar F,Tbd,,Unresolved family / relationship,Elite_Redux_Bulk,DS_CUSTOM_LIBRARY/converted/Elite_Redux_Bulk/hydroar_f/front.png,DS_CUSTOM_LIBRARY/converted/Elite_Redux_Bulk/hydroar_f/back.png,family/relationship
hypno-1,Hypno 1,Tbd,,Unresolved family / relationship,Festival_Atsui,DS_CUSTOM_LIBRARY/packs/Festival_Atsui/Atsui/Pokemon/Front/HYPNO_1.png,,family/relationship; back sprite
hypnocroak,Hypnocroak,Tbd,,Unresolved family / relationship,Elite_Redux_Bulk,DS_CUSTOM_LIBRARY/converted/Elite_Redux_Bulk/hypnocroak/front.png,DS_CUSTOM_LIBRARY/converted/Elite_Redux_Bulk/hypnocroak/back.png,family/relationship
imagamma,Imagamma,Tbd,,Unresolved family / relationship,Festival_Magiscarf,DS_CUSTOM_LIBRARY/packs/Festival_Magiscarf/Magiscarf/Battlers Normal/Front/Imagamma.png,,family/relationship; back sprite
impurp,Impurp,Tbd,,Unresolved family / relationship,Festival_Magiscarf,DS_CUSTOM_LIBRARY/packs/Festival_Magiscarf/Magiscarf/Battlers Normal/Front/Impurp.png,DS_CUSTOM_LIBRARY/packs/Festival_Magiscarf/Magiscarf/Battlers Normal/Back/Impurp.png,family/relationship
incineroar-1,Incineroar 1,Tbd,,Unresolved family / relationship,Earthretha,DS_CUSTOM_LIBRARY/packs/Earthretha/Earthretha Fakemon Pack/Graphics/Pokemon/Front/INCINEROAR_1.png,DS_CUSTOM_LIBRARY/packs/Earthretha/Earthretha Fakemon Pack/Graphics/Pokemon/Back/INCINEROAR_1.png,family/relationship
industove,Industove,Tbd,,Unresolved family / relationship,Festival_Magiscarf,DS_CUSTOM_LIBRARY/packs/Festival_Magiscarf/Magiscarf/Battlers Normal/Front/Industove.png,,family/relationship; back sprite
infernape-redux-b,Infernape Redux B,Tbd,,Unresolved family / relationship,Elite_Redux_Bulk,DS_CUSTOM_LIBRARY/converted/Elite_Redux_Bulk/infernape_redux_b/front.png,DS_CUSTOM_LIBRARY/converted/Elite_Redux_Bulk/infernape_redux_b/back.png,family/relationship
inhalis,Inhalis,Tbd,,Unresolved family / relationship,Mikitari,DS_CUSTOM_LIBRARY/packs/Mikitari/Fakemon Pack/Front/INHALIS.png,DS_CUSTOM_LIBRARY/packs/Mikitari/Fakemon Pack/Back/INHALIS.png,family/relationship
iron-carapace,Iron Carapace,Tbd,,Unresolved family / relationship,Elite_Redux_Bulk,DS_CUSTOM_LIBRARY/converted/Elite_Redux_Bulk/iron_carapace/front.png,DS_CUSTOM_LIBRARY/converted/Elite_Redux_Bulk/iron_carapace/back.png,family/relationship
iron-exo,Iron Exo,Tbd,,Unresolved family / relationship,Elite_Redux_Bulk,DS_CUSTOM_LIBRARY/converted/Elite_Redux_Bulk/iron_exo/front.png,DS_CUSTOM_LIBRARY/converted/Elite_Redux_Bulk/iron_exo/back.png,family/relationship
iron-palette,Iron Palette,Tbd,,Unresolved family / relationship,Elite_Redux_Bulk,DS_CUSTOM_LIBRARY/converted/Elite_Redux_Bulk/iron_palette/front.png,DS_CUSTOM_LIBRARY/converted/Elite_Redux_Bulk/iron_palette/back.png,family/relationship
iron-saber,Iron Saber,Tbd,,Unresolved family / relationship,Elite_Redux_Bulk,DS_CUSTOM_LIBRARY/converted/Elite_Redux_Bulk/iron_saber/front.png,DS_CUSTOM_LIBRARY/converted/Elite_Redux_Bulk/iron_saber/back.png,family/relationship
iron-scythe,Iron Scythe,Tbd,,Unresolved family / relationship,Elite_Redux_Bulk,DS_CUSTOM_LIBRARY/converted/Elite_Redux_Bulk/iron_scythe/front.png,DS_CUSTOM_LIBRARY/converted/Elite_Redux_Bulk/iron_scythe/back.png,family/relationship
iron-spirals,Iron Spirals,Tbd,,Unresolved family / relationship,Elite_Redux_Bulk,DS_CUSTOM_LIBRARY/converted/Elite_Redux_Bulk/iron_spirals/front.png,DS_CUSTOM_LIBRARY/converted/Elite_Redux_Bulk/iron_spirals/back.png,family/relationship
iron-voca,Iron Voca,Tbd,,Unresolved family / relationship,Elite_Redux_Bulk,DS_CUSTOM_LIBRARY/converted/Elite_Redux_Bulk/iron_voca/front.png,DS_CUSTOM_LIBRARY/converted/Elite_Redux_Bulk/iron_voca/back.png,family/relationship
jagged-chungulis,Jagged Chungulis,Tbd,,Unresolved family / relationship,Elite_Redux_Bulk,DS_CUSTOM_LIBRARY/converted/Elite_Redux_Bulk/jagged_chungulis/front.png,DS_CUSTOM_LIBRARY/converted/Elite_Redux_Bulk/jagged_chungulis/back.png,family/relationship
juncko,Juncko,Tbd,,Unresolved family / relationship,Festival_Magiscarf,DS_CUSTOM_LIBRARY/packs/Festival_Magiscarf/Magiscarf/Battlers Normal/Front/Juncko.png,,family/relationship; back sprite
juraspur,Juraspur,Tbd,,Unresolved family / relationship,Festival_Magiscarf,DS_CUSTOM_LIBRARY/packs/Festival_Magiscarf/Magiscarf/Battlers Normal/Front/Juraspur.png,,family/relationship; back sprite
kadabra-redux,Kadabra Redux,Tbd,,Unresolved family / relationship,Elite_Redux_Bulk,DS_CUSTOM_LIBRARY/converted/Elite_Redux_Bulk/kadabra_redux/front.png,DS_CUSTOM_LIBRARY/converted/Elite_Redux_Bulk/kadabra_redux/back.png,family/relationship
kakuna-redux,Kakuna Redux,Tbd,,Unresolved family / relationship,Elite_Redux_Bulk,DS_CUSTOM_LIBRARY/converted/Elite_Redux_Bulk/kakuna_redux/front.png,DS_CUSTOM_LIBRARY/converted/Elite_Redux_Bulk/kakuna_redux/back.png,family/relationship
kalaxodon,Kalaxodon,Tbd,,Unresolved family / relationship,Festival_Magiscarf,DS_CUSTOM_LIBRARY/packs/Festival_Magiscarf/Magiscarf/Battlers Normal/Front/Kalaxodon.png,,family/relationship; back sprite
kalmalord,Kalmalord,Tbd,,Unresolved family / relationship,Fakemon_Festival_Full,DS_CUSTOM_LIBRARY/packs/Fakemon_Festival_Full/Fakemon Festival Pack/Altaira/Front/KALMALORD.png,,family/relationship; back sprite
kalmi,Kalmi,Tbd,,Unresolved family / relationship,Fakemon_Festival_Full,DS_CUSTOM_LIBRARY/packs/Fakemon_Festival_Full/Fakemon Festival Pack/Altaira/Front/KALMI.png,,family/relationship; back sprite
kangaf,Kangaf,Tbd,,Unresolved family / relationship,Festival_Misc,DS_CUSTOM_LIBRARY/packs/Festival_Misc/Misc/Fronts/KangaF.png,,family/relationship; back sprite
kankersaur,Kankersaur,Tbd,,Unresolved family / relationship,Festival_Magiscarf,DS_CUSTOM_LIBRARY/packs/Festival_Magiscarf/Magiscarf/Battlers Normal/Front/Kankersaur.png,DS_CUSTOM_LIBRARY/packs/Festival_Magiscarf/Magiscarf/Battlers Normal/Back/Kankersaur.png,family/relationship
kankryst,Kankryst,Tbd,,Unresolved family / relationship,Festival_Magiscarf,DS_CUSTOM_LIBRARY/packs/Festival_Magiscarf/Magiscarf/Battlers Normal/Front/Kankryst.png,DS_CUSTOM_LIBRARY/packs/Festival_Magiscarf/Magiscarf/Battlers Normal/Back/Kankryst.png,family/relationship
kankwart,Kankwart,Tbd,,Unresolved family / relationship,Festival_Magiscarf,DS_CUSTOM_LIBRARY/packs/Festival_Magiscarf/Magiscarf/Battlers Normal/Front/Kankwart.png,DS_CUSTOM_LIBRARY/packs/Festival_Magiscarf/Magiscarf/Battlers Normal/Back/Kankwart.png,family/relationship
kappid,Kappid,Tbd,,Unresolved family / relationship,Fakemon_Festival_Full,DS_CUSTOM_LIBRARY/packs/Fakemon_Festival_Full/Fakemon Festival Pack/Altaira/Front/KAPPID.png,,family/relationship; back sprite
keenstar,Keenstar,Tbd,,Unresolved family / relationship,Earthretha,DS_CUSTOM_LIBRARY/packs/Earthretha/Earthretha Fakemon Pack/Graphics/Pokemon/Front/KEENSTAR.png,DS_CUSTOM_LIBRARY/packs/Earthretha/Earthretha Fakemon Pack/Graphics/Pokemon/Back/KEENSTAR.png,family/relationship
keerin,Keerin,Tbd,,Unresolved family / relationship,Mikitari,DS_CUSTOM_LIBRARY/packs/Mikitari/Fakemon Pack/Front/KEERIN.png,DS_CUSTOM_LIBRARY/packs/Mikitari/Fakemon Pack/Back/KEERIN.png,family/relationship
kilozuna,Kilozuna,Tbd,,Unresolved family / relationship,Elite_Redux_Bulk,DS_CUSTOM_LIBRARY/converted/Elite_Redux_Bulk/kilozuna/front.png,DS_CUSTOM_LIBRARY/converted/Elite_Redux_Bulk/kilozuna/back.png,family/relationship
kilozuna-mega,Kilozuna Mega,Tbd,,Unresolved family / relationship,Elite_Redux_Bulk,DS_CUSTOM_LIBRARY/converted/Elite_Redux_Bulk/kilozuna_mega/front.png,DS_CUSTOM_LIBRARY/converted/Elite_Redux_Bulk/kilozuna_mega/back.png,family/relationship
kingdra-mega,Kingdra Mega,Tbd,,Unresolved family / relationship,Elite_Redux_Bulk,DS_CUSTOM_LIBRARY/converted/Elite_Redux_Bulk/kingdra_mega/front.png,DS_CUSTOM_LIBRARY/converted/Elite_Redux_Bulk/kingdra_mega/back.png,family/relationship
kingdra-mega-y,Kingdra Mega Y,Tbd,,Unresolved family / relationship,Elite_Redux_Bulk,DS_CUSTOM_LIBRARY/converted/Elite_Redux_Bulk/kingdra_mega_y/front.png,DS_CUSTOM_LIBRARY/converted/Elite_Redux_Bulk/kingdra_mega_y/back.png,family/relationship
kipmodo,Kipmodo,Tbd,,Unresolved family / relationship,Elite_Redux_Bulk,DS_CUSTOM_LIBRARY/converted/Elite_Redux_Bulk/kipmodo/front.png,DS_CUSTOM_LIBRARY/converted/Elite_Redux_Bulk/kipmodo/back.png,family/relationship
kleavor-lord-male,Kleavor Lord Male,Tbd,,Unresolved family / relationship,HG_Engine_DS_Sprites,DS_CUSTOM_LIBRARY/packs/HG_Engine_DS_Sprites/kleavor_lord/male/front.png,,family/relationship; back sprite
knaiver,Knaiver,Bug,Flying,Scyther,Elite_Redux_Bulk,DS_CUSTOM_LIBRARY/converted/Elite_Redux_Bulk/knaiver/front.png,,back sprite
kocomb,Kocomb,Tbd,,Unresolved family / relationship,Mikitari,DS_CUSTOM_LIBRARY/packs/Mikitari/Fakemon Pack/Front/KOCOMB.png,DS_CUSTOM_LIBRARY/packs/Mikitari/Fakemon Pack/Back/KOCOMB.png,family/relationship
kocomb-1,Kocomb 1,Tbd,,Unresolved family / relationship,Mikitari,DS_CUSTOM_LIBRARY/packs/Mikitari/Fakemon Pack/Front/KOCOMB_1.png,DS_CUSTOM_LIBRARY/packs/Mikitari/Fakemon Pack/Back/KOCOMB_1.png,family/relationship
koraidon-apex-build,Koraidon Apex Build,Tbd,,Unresolved family / relationship,DrPrettyman_DS_64x64,DS_CUSTOM_LIBRARY/packs/DrPrettyman_DS_64x64/sprites-processed/front/koraidon-apex-build.png,DS_CUSTOM_LIBRARY/packs/DrPrettyman_DS_64x64/sprites-processed/back/koraidon-apex-build.png,family/relationship
kraschauf,Kraschauf,Tbd,,Unresolved family / relationship,Fakemon_Festival_Full,DS_CUSTOM_LIBRARY/packs/Fakemon_Festival_Full/Fakemon Festival Pack/Altaira/Front/KRASCHAUF.png,,family/relationship; back sprite
kupaka,Kupaka,Tbd,,Unresolved family / relationship,Fakemon_Festival_Full,DS_CUSTOM_LIBRARY/packs/Fakemon_Festival_Full/Fakemon Festival Pack/Altaira/Front/KUPAKA.png,,family/relationship; back sprite
ladrake,Ladrake,Tbd,,Unresolved family / relationship,Festival_Atsui,DS_CUSTOM_LIBRARY/packs/Festival_Atsui/Atsui/Pokemon/Front/LADRAKE.png,,family/relationship; back sprite
lalame,Lalame,Tbd,,Unresolved family / relationship,Fakemon_Festival_Full,DS_CUSTOM_LIBRARY/packs/Fakemon_Festival_Full/Fakemon Festival Pack/Altaira/Front/LALAME.png,,family/relationship; back sprite
lamby,Lamby,Tbd,,Unresolved family / relationship,Mikitari,DS_CUSTOM_LIBRARY/packs/Mikitari/Fakemon Pack/Front/LAMBY.png,DS_CUSTOM_LIBRARY/packs/Mikitari/Fakemon Pack/Back/LAMBY.png,family/relationship
lanternim,Lanternim,Tbd,,Unresolved family / relationship,Fakemon_Festival_Full,DS_CUSTOM_LIBRARY/packs/Fakemon_Festival_Full/Fakemon Festival Pack/Altaira/Front/LANTERNIM.png,,family/relationship; back sprite
lanya,Lanya,Tbd,,Unresolved family / relationship,Fakemon_Festival_Full,DS_CUSTOM_LIBRARY/packs/Fakemon_Festival_Full/Fakemon Festival Pack/Altaira/Front/LANYA.png,,family/relationship; back sprite
lapod,Lapod,Tbd,,Unresolved family / relationship,Festival_Atsui,DS_CUSTOM_LIBRARY/packs/Festival_Atsui/Atsui/Pokemon/Front/LAPOD.png,,family/relationship; back sprite
larvalpha,Larvalpha,Tbd,,Unresolved family / relationship,Festival_Magiscarf,DS_CUSTOM_LIBRARY/packs/Festival_Magiscarf/Magiscarf/Battlers Normal/Front/Larvalpha.png,,family/relationship; back sprite
lavare,Lavare,Tbd,,Unresolved family / relationship,Festival_Misc,DS_CUSTOM_LIBRARY/packs/Festival_Misc/Misc/Fronts/Lavare.png,,family/relationship; back sprite
lavee,Lavee,Tbd,,Unresolved family / relationship,Festival_Misc,DS_CUSTOM_LIBRARY/packs/Festival_Misc/Misc/Fronts/Lavee.png,,family/relationship; back sprite
leazury,Leazury,Tbd,,Unresolved family / relationship,Festival_Magiscarf,DS_CUSTOM_LIBRARY/packs/Festival_Magiscarf/Magiscarf/Battlers Normal/Front/Leazury.png,,family/relationship; back sprite
ledian-paradox,Ledian Paradox,Tbd,,Unresolved family / relationship,Elite_Redux_Bulk,DS_CUSTOM_LIBRARY/converted/Elite_Redux_Bulk/ledian_paradox/front.png,DS_CUSTOM_LIBRARY/converted/Elite_Redux_Bulk/ledian_paradox/back.png,family/relationship
lediastra,Lediastra,Tbd,,Unresolved family / relationship,Mikitari,DS_CUSTOM_LIBRARY/packs/Mikitari/Fakemon Pack/Front/LEDIASTRA.png,DS_CUSTOM_LIBRARY/packs/Mikitari/Fakemon Pack/Back/LEDIASTRA.png,family/relationship
lilleo,Lilleo,Tbd,,Unresolved family / relationship,Mikitari,DS_CUSTOM_LIBRARY/packs/Mikitari/Fakemon Pack/Front/LILLEO.png,DS_CUSTOM_LIBRARY/packs/Mikitari/Fakemon Pack/Back/LILLEO.png,family/relationship
lilligant-hisuian,Lilligant Hisuian,Tbd,,Unresolved family / relationship,Elite_Redux_Bulk,DS_CUSTOM_LIBRARY/converted/Elite_Redux_Bulk/lilligant_hisuian/front.png,DS_CUSTOM_LIBRARY/converted/Elite_Redux_Bulk/lilligant_hisuian/back.png,family/relationship
lilligant-lady-male,Lilligant Lady Male,Tbd,,Unresolved family / relationship,HG_Engine_DS_Sprites,DS_CUSTOM_LIBRARY/packs/HG_Engine_DS_Sprites/lilligant_lady/male/front.png,DS_CUSTOM_LIBRARY/packs/HG_Engine_DS_Sprites/lilligant_lady/male/back.png,family/relationship
linoone-galarian,Linoone Galarian,Tbd,,Unresolved family / relationship,Elite_Redux_Bulk,DS_CUSTOM_LIBRARY/converted/Elite_Redux_Bulk/linoone_galarian/front.png,DS_CUSTOM_LIBRARY/converted/Elite_Redux_Bulk/linoone_galarian/back.png,family/relationship
linoone-galarian-male,Linoone Galarian Male,Tbd,,Unresolved family / relationship,HG_Engine_DS_Sprites,DS_CUSTOM_LIBRARY/packs/HG_Engine_DS_Sprites/linoone_galarian/male/front.png,DS_CUSTOM_LIBRARY/packs/HG_Engine_DS_Sprites/linoone_galarian/male/back.png,family/relationship
littoril,Littoril,Tbd,,Unresolved family / relationship,Festival_Magiscarf,DS_CUSTOM_LIBRARY/packs/Festival_Magiscarf/Magiscarf/Battlers Normal/Front/Littoril.png,,family/relationship; back sprite
loamix,Loamix,Tbd,,Unresolved family / relationship,Festival_Atsui,DS_CUSTOM_LIBRARY/packs/Festival_Atsui/Atsui/Pokemon/Front/LOAMIX.png,,family/relationship; back sprite
lollybog,Lollybog,Tbd,,Unresolved family / relationship,Festival_Magiscarf,DS_CUSTOM_LIBRARY/packs/Festival_Magiscarf/Magiscarf/Battlers Normal/Front/Lollybog.png,DS_CUSTOM_LIBRARY/packs/Festival_Magiscarf/Magiscarf/Battlers Normal/Back/Lollybog.png,family/relationship
lootbird,Lootbird,Tbd,,Unresolved family / relationship,Festival_Atsui,DS_CUSTOM_LIBRARY/packs/Festival_Atsui/Atsui/Pokemon/Front/LOOTBIRD.png,,family/relationship; back sprite
lopunny-1,Lopunny 1,Tbd,,Unresolved family / relationship,Mikitari,DS_CUSTOM_LIBRARY/packs/Mikitari/Fakemon Pack/Front/LOPUNNY_1.png,DS_CUSTOM_LIBRARY/packs/Mikitari/Fakemon Pack/Back/LOPUNNY_1.png,family/relationship
lucario-mega-y,Lucario Mega Y,Tbd,,Unresolved family / relationship,Elite_Redux_Bulk,DS_CUSTOM_LIBRARY/converted/Elite_Redux_Bulk/lucario_mega_y/front.png,DS_CUSTOM_LIBRARY/converted/Elite_Redux_Bulk/lucario_mega_y/back.png,family/relationship
lumaxi,Lumaxi,Tbd,,Unresolved family / relationship,Festival_Magiscarf,DS_CUSTOM_LIBRARY/packs/Festival_Magiscarf/Magiscarf/Battlers Normal/Front/Lumaxi.png,,family/relationship; back sprite
lumbering-sloth,Lumbering Sloth,Tbd,,Unresolved family / relationship,Elite_Redux_Bulk,DS_CUSTOM_LIBRARY/converted/Elite_Redux_Bulk/lumbering_sloth/front.png,DS_CUSTOM_LIBRARY/converted/Elite_Redux_Bulk/lumbering_sloth/back.png,family/relationship
lumbering-sloth-engulfed,Lumbering Sloth Engulfed,Tbd,,Unresolved family / relationship,Elite_Redux_Bulk,DS_CUSTOM_LIBRARY/converted/Elite_Redux_Bulk/lumbering_sloth_engulfed/front.png,DS_CUSTOM_LIBRARY/converted/Elite_Redux_Bulk/lumbering_sloth_engulfed/back.png,family/relationship
lumedi,Lumedi,Tbd,,Unresolved family / relationship,Festival_Magiscarf,DS_CUSTOM_LIBRARY/packs/Festival_Magiscarf/Magiscarf/Battlers Normal/Front/Lumedi.png,,family/relationship; back sprite
lumini,Lumini,Tbd,,Unresolved family / relationship,Festival_Magiscarf,DS_CUSTOM_LIBRARY/packs/Festival_Magiscarf/Magiscarf/Battlers Normal/Front/Lumini.png,DS_CUSTOM_LIBRARY/packs/Festival_Magiscarf/Magiscarf/Battlers Normal/Back/Lumini.png,family/relationship
luminositeon,Luminositeon,Tbd,,Unresolved family / relationship,Elite_Redux_Bulk,DS_CUSTOM_LIBRARY/converted/Elite_Redux_Bulk/luminositeon/front.png,DS_CUSTOM_LIBRARY/converted/Elite_Redux_Bulk/luminositeon/back.png,family/relationship
lunapede,Lunapede,Tbd,,Unresolved family / relationship,Festival_Magiscarf,DS_CUSTOM_LIBRARY/packs/Festival_Magiscarf/Magiscarf/Battlers Normal/Front/Lunapede.png,,family/relationship; back sprite
luvdisc-1,Luvdisc 1,Tbd,,Unresolved family / relationship,Festival_Atsui,DS_CUSTOM_LIBRARY/packs/Festival_Atsui/Atsui/Pokemon/Front/LUVDISC_1.png,DS_CUSTOM_LIBRARY/packs/Festival_Atsui/Atsui/Pokemon/Back/LUVDISC_1.png,family/relationship
luxp,Luxp,Tbd,,Unresolved family / relationship,Festival_Magiscarf,DS_CUSTOM_LIBRARY/packs/Festival_Magiscarf/Magiscarf/Battlers Normal/Front/Luxp.png,,family/relationship; back sprite
luxzero-mega,Luxzero Mega,Tbd,,Unresolved family / relationship,Elite_Redux_Bulk,DS_CUSTOM_LIBRARY/converted/Elite_Redux_Bulk/luxzero_mega/front.png,DS_CUSTOM_LIBRARY/converted/Elite_Redux_Bulk/luxzero_mega/back.png,family/relationship
machamp-mega-redux,Machamp Mega Redux,Tbd,,Unresolved family / relationship,Elite_Redux_Bulk,DS_CUSTOM_LIBRARY/converted/Elite_Redux_Bulk/machamp_mega_redux/front.png,DS_CUSTOM_LIBRARY/converted/Elite_Redux_Bulk/machamp_mega_redux/back.png,family/relationship
machamp-redux,Machamp Redux,Tbd,,Unresolved family / relationship,Elite_Redux_Bulk,DS_CUSTOM_LIBRARY/converted/Elite_Redux_Bulk/machamp_redux/front.png,DS_CUSTOM_LIBRARY/converted/Elite_Redux_Bulk/machamp_redux/back.png,family/relationship
machoke-redux,Machoke Redux,Tbd,,Unresolved family / relationship,Elite_Redux_Bulk,DS_CUSTOM_LIBRARY/converted/Elite_Redux_Bulk/machoke_redux/front.png,DS_CUSTOM_LIBRARY/converted/Elite_Redux_Bulk/machoke_redux/back.png,family/relationship
machop-redux,Machop Redux,Tbd,,Unresolved family / relationship,Elite_Redux_Bulk,DS_CUSTOM_LIBRARY/converted/Elite_Redux_Bulk/machop_redux/front.png,DS_CUSTOM_LIBRARY/converted/Elite_Redux_Bulk/machop_redux/back.png,family/relationship
magearna-original-color,Original Color Magearna,Steel,Fairy,Undiscovered — Magearna,Elite_Redux_Bulk,DS_CUSTOM_LIBRARY/converted/Elite_Redux_Bulk/magearna_original_color/front.png,,back sprite
magmenous,Magmenous,Tbd,,Unresolved family / relationship,Elite_Redux_Bulk,DS_CUSTOM_LIBRARY/converted/Elite_Redux_Bulk/magmenous/front.png,DS_CUSTOM_LIBRARY/converted/Elite_Redux_Bulk/magmenous/back.png,family/relationship
magnemelt,Magnemelt,Tbd,,Unresolved family / relationship,Festival_Scotsman,DS_CUSTOM_LIBRARY/packs/Festival_Scotsman/Scotsman/Magnemelt_Front.png,DS_CUSTOM_LIBRARY/packs/Festival_Scotsman/Scotsman/Magnemelt_Back.png,family/relationship
maizotaur,Maizotaur,Grass,Fighting,Kudo → Doechi → Pansimi → Panpour → Pansage → Pansear → Pasturlo → Brambull → Maizotaur → Sweetcheep → Gourdizal → X → Xurkitree → Xapling,Festival_Lumio,DS_CUSTOM_LIBRARY/packs/Festival_Lumio/Lumio/Pokemon/Front/MAIZOTAUR.png,,back sprite
majestaur,Majestaur,Tbd,,Unresolved family / relationship,Festival_Magiscarf,DS_CUSTOM_LIBRARY/packs/Festival_Magiscarf/Magiscarf/Battlers Normal/Front/Majestaur.png,,family/relationship; back sprite
manitas,Manitas,Tbd,,Unresolved family / relationship,Fakemon_Festival_Full,DS_CUSTOM_LIBRARY/packs/Fakemon_Festival_Full/Fakemon Festival Pack/Altaira/Front/MANITAS.png,,family/relationship; back sprite
manomoth,Manomoth,Tbd,,Unresolved family / relationship,Festival_Scotsman,DS_CUSTOM_LIBRARY/packs/Festival_Scotsman/Scotsman/Manomoth_Front.png,DS_CUSTOM_LIBRARY/packs/Festival_Scotsman/Scotsman/Manomoth_Back.png,family/relationship
mantoon,Mantoon,Tbd,,Unresolved family / relationship,Mikitari,DS_CUSTOM_LIBRARY/packs/Mikitari/Fakemon Pack/Front/MANTOON.png,DS_CUSTOM_LIBRARY/packs/Mikitari/Fakemon Pack/Back/MANTOON.png,family/relationship
marbeep,Marbeep,Tbd,,Unresolved family / relationship,Elite_Redux_Bulk,DS_CUSTOM_LIBRARY/converted/Elite_Redux_Bulk/marbeep/front.png,DS_CUSTOM_LIBRARY/converted/Elite_Redux_Bulk/marbeep/back.png,family/relationship
marelstorm,Marelstorm,Tbd,,Unresolved family / relationship,Festival_Lumio,DS_CUSTOM_LIBRARY/packs/Festival_Lumio/Lumio/Pokemon/Front/MARELSTORM.png,DS_CUSTOM_LIBRARY/packs/Festival_Lumio/Lumio/Pokemon/Back/MARELSTORM.png,family/relationship
marowak-alolan,Marowak Alolan,Tbd,,Unresolved family / relationship,Elite_Redux_Bulk,DS_CUSTOM_LIBRARY/converted/Elite_Redux_Bulk/marowak_alolan/front.png,DS_CUSTOM_LIBRARY/converted/Elite_Redux_Bulk/marowak_alolan/back.png,family/relationship
marowak-alolan-male,Marowak Alolan Male,Tbd,,Unresolved family / relationship,HG_Engine_DS_Sprites,DS_CUSTOM_LIBRARY/packs/HG_Engine_DS_Sprites/marowak_alolan/male/front.png,DS_CUSTOM_LIBRARY/packs/HG_Engine_DS_Sprites/marowak_alolan/male/back.png,family/relationship
marshmodo,Marshmodo,Tbd,,Unresolved family / relationship,Elite_Redux_Bulk,DS_CUSTOM_LIBRARY/converted/Elite_Redux_Bulk/marshmodo/front.png,DS_CUSTOM_LIBRARY/converted/Elite_Redux_Bulk/marshmodo/back.png,family/relationship
marvog,Marvog,Tbd,,Unresolved family / relationship,Fakemon_Festival_Full,DS_CUSTOM_LIBRARY/packs/Fakemon_Festival_Full/Fakemon Festival Pack/Altaira/Front/MARVOG.png,,family/relationship; back sprite
maushold-four,Maushold Four,Tbd,,Unresolved family / relationship,Elite_Redux_Bulk,DS_CUSTOM_LIBRARY/converted/Elite_Redux_Bulk/maushold_four/front.png,DS_CUSTOM_LIBRARY/converted/Elite_Redux_Bulk/maushold_four/back.png,family/relationship
mega-abomasnow-male,Mega Abomasnow Male,Tbd,,Unresolved family / relationship,HG_Engine_DS_Sprites,DS_CUSTOM_LIBRARY/packs/HG_Engine_DS_Sprites/mega_abomasnow/male/front.png,DS_CUSTOM_LIBRARY/packs/HG_Engine_DS_Sprites/mega_abomasnow/male/back.png,family/relationship
mega-absol-male,Mega Absol Male,Tbd,,Unresolved family / relationship,HG_Engine_DS_Sprites,DS_CUSTOM_LIBRARY/packs/HG_Engine_DS_Sprites/mega_absol/male/front.png,DS_CUSTOM_LIBRARY/packs/HG_Engine_DS_Sprites/mega_absol/male/back.png,family/relationship
mega-absol-z-male,Mega Absol Z Male,Tbd,,Unresolved family / relationship,HG_Engine_DS_Sprites,DS_CUSTOM_LIBRARY/packs/HG_Engine_DS_Sprites/mega_absol_z/male/front.png,DS_CUSTOM_LIBRARY/packs/HG_Engine_DS_Sprites/mega_absol_z/male/back.png,family/relationship
mega-aerodactyl-male,Mega Aerodactyl Male,Tbd,,Unresolved family / relationship,HG_Engine_DS_Sprites,DS_CUSTOM_LIBRARY/packs/HG_Engine_DS_Sprites/mega_aerodactyl/male/front.png,DS_CUSTOM_LIBRARY/packs/HG_Engine_DS_Sprites/mega_aerodactyl/male/back.png,family/relationship
mega-aggron-male,Mega Aggron Male,Tbd,,Unresolved family / relationship,HG_Engine_DS_Sprites,DS_CUSTOM_LIBRARY/packs/HG_Engine_DS_Sprites/mega_aggron/male/front.png,DS_CUSTOM_LIBRARY/packs/HG_Engine_DS_Sprites/mega_aggron/male/back.png,family/relationship
mega-alakazam-male,Mega Alakazam Male,Tbd,,Unresolved family / relationship,HG_Engine_DS_Sprites,DS_CUSTOM_LIBRARY/packs/HG_Engine_DS_Sprites/mega_alakazam/male/front.png,DS_CUSTOM_LIBRARY/packs/HG_Engine_DS_Sprites/mega_alakazam/male/back.png,family/relationship
mega-altaria-male,Mega Altaria Male,Tbd,,Unresolved family / relationship,HG_Engine_DS_Sprites,DS_CUSTOM_LIBRARY/packs/HG_Engine_DS_Sprites/mega_altaria/male/front.png,DS_CUSTOM_LIBRARY/packs/HG_Engine_DS_Sprites/mega_altaria/male/back.png,family/relationship
mega-ampharos-male,Mega Ampharos Male,Tbd,,Unresolved family / relationship,HG_Engine_DS_Sprites,DS_CUSTOM_LIBRARY/packs/HG_Engine_DS_Sprites/mega_ampharos/male/front.png,DS_CUSTOM_LIBRARY/packs/HG_Engine_DS_Sprites/mega_ampharos/male/back.png,family/relationship
mega-audino-male,Mega Audino Male,Tbd,,Unresolved family / relationship,HG_Engine_DS_Sprites,DS_CUSTOM_LIBRARY/packs/HG_Engine_DS_Sprites/mega_audino/male/front.png,DS_CUSTOM_LIBRARY/packs/HG_Engine_DS_Sprites/mega_audino/male/back.png,family/relationship
mega-banette-male,Mega Banette Male,Tbd,,Unresolved family / relationship,HG_Engine_DS_Sprites,DS_CUSTOM_LIBRARY/packs/HG_Engine_DS_Sprites/mega_banette/male/front.png,DS_CUSTOM_LIBRARY/packs/HG_Engine_DS_Sprites/mega_banette/male/back.png,family/relationship
mega-beedrill-male,Mega Beedrill Male,Tbd,,Unresolved family / relationship,HG_Engine_DS_Sprites,DS_CUSTOM_LIBRARY/packs/HG_Engine_DS_Sprites/mega_beedrill/male/front.png,DS_CUSTOM_LIBRARY/packs/HG_Engine_DS_Sprites/mega_beedrill/male/back.png,family/relationship
mega-blastoise-male,Mega Blastoise Male,Tbd,,Unresolved family / relationship,HG_Engine_DS_Sprites,DS_CUSTOM_LIBRARY/packs/HG_Engine_DS_Sprites/mega_blastoise/male/front.png,DS_CUSTOM_LIBRARY/packs/HG_Engine_DS_Sprites/mega_blastoise/male/back.png,family/relationship
mega-blaziken-male,Mega Blaziken Male,Tbd,,Unresolved family / relationship,HG_Engine_DS_Sprites,DS_CUSTOM_LIBRARY/packs/HG_Engine_DS_Sprites/mega_blaziken/male/front.png,DS_CUSTOM_LIBRARY/packs/HG_Engine_DS_Sprites/mega_blaziken/male/back.png,family/relationship
mega-camerupt-male,Mega Camerupt Male,Tbd,,Unresolved family / relationship,HG_Engine_DS_Sprites,DS_CUSTOM_LIBRARY/packs/HG_Engine_DS_Sprites/mega_camerupt/male/front.png,DS_CUSTOM_LIBRARY/packs/HG_Engine_DS_Sprites/mega_camerupt/male/back.png,family/relationship
mega-charizard-x-male,Mega Charizard X Male,Tbd,,Unresolved family / relationship,HG_Engine_DS_Sprites,DS_CUSTOM_LIBRARY/packs/HG_Engine_DS_Sprites/mega_charizard_x/male/front.png,DS_CUSTOM_LIBRARY/packs/HG_Engine_DS_Sprites/mega_charizard_x/male/back.png,family/relationship
mega-charizard-y-male,Mega Charizard Y Male,Tbd,,Unresolved family / relationship,HG_Engine_DS_Sprites,DS_CUSTOM_LIBRARY/packs/HG_Engine_DS_Sprites/mega_charizard_y/male/front.png,DS_CUSTOM_LIBRARY/packs/HG_Engine_DS_Sprites/mega_charizard_y/male/back.png,family/relationship
mega-clefable-male,Mega Clefable Male,Tbd,,Unresolved family / relationship,HG_Engine_DS_Sprites,DS_CUSTOM_LIBRARY/packs/HG_Engine_DS_Sprites/mega_clefable/male/front.png,DS_CUSTOM_LIBRARY/packs/HG_Engine_DS_Sprites/mega_clefable/male/back.png,family/relationship
mega-delphox-male,Mega Delphox Male,Tbd,,Unresolved family / relationship,HG_Engine_DS_Sprites,DS_CUSTOM_LIBRARY/packs/HG_Engine_DS_Sprites/mega_delphox/male/front.png,DS_CUSTOM_LIBRARY/packs/HG_Engine_DS_Sprites/mega_delphox/male/back.png,family/relationship
mega-diancie-female,Mega Diancie Female,Tbd,,Unresolved family / relationship,HGSS_Project_Unique_Clumsycat_HG_Hack,DS_CUSTOM_LIBRARY/packs/HGSS_Project_Unique_Clumsycat_HG_Hack/mega_diancie/female/front.png,DS_CUSTOM_LIBRARY/packs/HGSS_Project_Unique_Clumsycat_HG_Hack/mega_diancie/female/back.png,family/relationship
mega-diancie-male,Mega Diancie Male,Tbd,,Unresolved family / relationship,HG_Engine_DS_Sprites,DS_CUSTOM_LIBRARY/packs/HG_Engine_DS_Sprites/mega_diancie/male/front.png,DS_CUSTOM_LIBRARY/packs/HG_Engine_DS_Sprites/mega_diancie/male/back.png,family/relationship
mega-dragonite-male,Mega Dragonite Male,Tbd,,Unresolved family / relationship,HG_Engine_DS_Sprites,DS_CUSTOM_LIBRARY/packs/HG_Engine_DS_Sprites/mega_dragonite/male/front.png,DS_CUSTOM_LIBRARY/packs/HG_Engine_DS_Sprites/mega_dragonite/male/back.png,family/relationship
mega-drampa-male,Mega Drampa Male,Tbd,,Unresolved family / relationship,HG_Engine_DS_Sprites,DS_CUSTOM_LIBRARY/packs/HG_Engine_DS_Sprites/mega_drampa/male/front.png,DS_CUSTOM_LIBRARY/packs/HG_Engine_DS_Sprites/mega_drampa/male/back.png,family/relationship
mega-eelektross-male,Mega Eelektross Male,Tbd,,Unresolved family / relationship,HG_Engine_DS_Sprites,DS_CUSTOM_LIBRARY/packs/HG_Engine_DS_Sprites/mega_eelektross/male/front.png,DS_CUSTOM_LIBRARY/packs/HG_Engine_DS_Sprites/mega_eelektross/male/back.png,family/relationship
mega-excadrill-male,Mega Excadrill Male,Tbd,,Unresolved family / relationship,HG_Engine_DS_Sprites,DS_CUSTOM_LIBRARY/packs/HG_Engine_DS_Sprites/mega_excadrill/male/front.png,DS_CUSTOM_LIBRARY/packs/HG_Engine_DS_Sprites/mega_excadrill/male/back.png,family/relationship
mega-feraligatr-male,Mega Feraligatr Male,Tbd,,Unresolved family / relationship,HG_Engine_DS_Sprites,DS_CUSTOM_LIBRARY/packs/HG_Engine_DS_Sprites/mega_feraligatr/male/front.png,DS_CUSTOM_LIBRARY/packs/HG_Engine_DS_Sprites/mega_feraligatr/male/back.png,family/relationship
mega-froslass-male,Mega Froslass Male,Tbd,,Unresolved family / relationship,HG_Engine_DS_Sprites,DS_CUSTOM_LIBRARY/packs/HG_Engine_DS_Sprites/mega_froslass/male/front.png,DS_CUSTOM_LIBRARY/packs/HG_Engine_DS_Sprites/mega_froslass/male/back.png,family/relationship
mega-gallade-male,Mega Gallade Male,Tbd,,Unresolved family / relationship,HG_Engine_DS_Sprites,DS_CUSTOM_LIBRARY/packs/HG_Engine_DS_Sprites/mega_gallade/male/front.png,DS_CUSTOM_LIBRARY/packs/HG_Engine_DS_Sprites/mega_gallade/male/back.png,family/relationship
mega-garchomp-male,Mega Garchomp Male,Tbd,,Unresolved family / relationship,HG_Engine_DS_Sprites,DS_CUSTOM_LIBRARY/packs/HG_Engine_DS_Sprites/mega_garchomp/male/front.png,DS_CUSTOM_LIBRARY/packs/HG_Engine_DS_Sprites/mega_garchomp/male/back.png,family/relationship
mega-gardevoir-male,Mega Gardevoir Male,Tbd,,Unresolved family / relationship,HG_Engine_DS_Sprites,DS_CUSTOM_LIBRARY/packs/HG_Engine_DS_Sprites/mega_gardevoir/male/front.png,DS_CUSTOM_LIBRARY/packs/HG_Engine_DS_Sprites/mega_gardevoir/male/back.png,family/relationship
mega-gengar-male,Mega Gengar Male,Tbd,,Unresolved family / relationship,HG_Engine_DS_Sprites,DS_CUSTOM_LIBRARY/packs/HG_Engine_DS_Sprites/mega_gengar/male/front.png,DS_CUSTOM_LIBRARY/packs/HG_Engine_DS_Sprites/mega_gengar/male/back.png,family/relationship
mega-glalie-male,Mega Glalie Male,Tbd,,Unresolved family / relationship,HG_Engine_DS_Sprites,DS_CUSTOM_LIBRARY/packs/HG_Engine_DS_Sprites/mega_glalie/male/front.png,DS_CUSTOM_LIBRARY/packs/HG_Engine_DS_Sprites/mega_glalie/male/back.png,family/relationship
mega-golurk-male,Mega Golurk Male,Tbd,,Unresolved family / relationship,HG_Engine_DS_Sprites,DS_CUSTOM_LIBRARY/packs/HG_Engine_DS_Sprites/mega_golurk/male/front.png,DS_CUSTOM_LIBRARY/packs/HG_Engine_DS_Sprites/mega_golurk/male/back.png,family/relationship
mega-gyarados-male,Mega Gyarados Male,Tbd,,Unresolved family / relationship,HG_Engine_DS_Sprites,DS_CUSTOM_LIBRARY/packs/HG_Engine_DS_Sprites/mega_gyarados/male/front.png,DS_CUSTOM_LIBRARY/packs/HG_Engine_DS_Sprites/mega_gyarados/male/back.png,family/relationship
mega-heracross-male,Mega Heracross Male,Tbd,,Unresolved family / relationship,HG_Engine_DS_Sprites,DS_CUSTOM_LIBRARY/packs/HG_Engine_DS_Sprites/mega_heracross/male/front.png,DS_CUSTOM_LIBRARY/packs/HG_Engine_DS_Sprites/mega_heracross/male/back.png,family/relationship
mega-houndoom-male,Mega Houndoom Male,Tbd,,Unresolved family / relationship,HG_Engine_DS_Sprites,DS_CUSTOM_LIBRARY/packs/HG_Engine_DS_Sprites/mega_houndoom/male/front.png,DS_CUSTOM_LIBRARY/packs/HG_Engine_DS_Sprites/mega_houndoom/male/back.png,family/relationship
mega-kangaskhan-female,Mega Kangaskhan Female,Tbd,,Unresolved family / relationship,HG_Engine_DS_Sprites,DS_CUSTOM_LIBRARY/packs/HG_Engine_DS_Sprites/mega_kangaskhan/female/front.png,DS_CUSTOM_LIBRARY/packs/HG_Engine_DS_Sprites/mega_kangaskhan/female/back.png,family/relationship
mega-latias-male,Mega Latias Male,Tbd,,Unresolved family / relationship,HG_Engine_DS_Sprites,DS_CUSTOM_LIBRARY/packs/HG_Engine_DS_Sprites/mega_latias/male/front.png,DS_CUSTOM_LIBRARY/packs/HG_Engine_DS_Sprites/mega_latias/male/back.png,family/relationship
mega-latios-male,Mega Latios Male,Tbd,,Unresolved family / relationship,HG_Engine_DS_Sprites,DS_CUSTOM_LIBRARY/packs/HG_Engine_DS_Sprites/mega_latios/male/front.png,DS_CUSTOM_LIBRARY/packs/HG_Engine_DS_Sprites/mega_latios/male/back.png,family/relationship
mega-lopunny-male,Mega Lopunny Male,Tbd,,Unresolved family / relationship,HG_Engine_DS_Sprites,DS_CUSTOM_LIBRARY/packs/HG_Engine_DS_Sprites/mega_lopunny/male/front.png,DS_CUSTOM_LIBRARY/packs/HG_Engine_DS_Sprites/mega_lopunny/male/back.png,family/relationship
mega-lucario-male,Mega Lucario Male,Tbd,,Unresolved family / relationship,HG_Engine_DS_Sprites,DS_CUSTOM_LIBRARY/packs/HG_Engine_DS_Sprites/mega_lucario/male/front.png,DS_CUSTOM_LIBRARY/packs/HG_Engine_DS_Sprites/mega_lucario/male/back.png,family/relationship
mega-lucario-z-male,Mega Lucario Z Male,Tbd,,Unresolved family / relationship,HG_Engine_DS_Sprites,DS_CUSTOM_LIBRARY/packs/HG_Engine_DS_Sprites/mega_lucario_z/male/front.png,DS_CUSTOM_LIBRARY/packs/HG_Engine_DS_Sprites/mega_lucario_z/male/back.png,family/relationship
mega-machamp,Mega Machamp,Tbd,,Unresolved family / relationship,Festival_Misc,DS_CUSTOM_LIBRARY/packs/Festival_Misc/Misc/Fronts/Mega Machamp.png,,family/relationship; back sprite
mega-magearna-male,Mega Magearna Male,Tbd,,Unresolved family / relationship,HG_Engine_DS_Sprites,DS_CUSTOM_LIBRARY/packs/HG_Engine_DS_Sprites/mega_magearna/male/front.png,DS_CUSTOM_LIBRARY/packs/HG_Engine_DS_Sprites/mega_magearna/male/back.png,family/relationship
mega-manectric-male,Mega Manectric Male,Tbd,,Unresolved family / relationship,HG_Engine_DS_Sprites,DS_CUSTOM_LIBRARY/packs/HG_Engine_DS_Sprites/mega_manectric/male/front.png,DS_CUSTOM_LIBRARY/packs/HG_Engine_DS_Sprites/mega_manectric/male/back.png,family/relationship
mega-mawile-male,Mega Mawile Male,Tbd,,Unresolved family / relationship,HG_Engine_DS_Sprites,DS_CUSTOM_LIBRARY/packs/HG_Engine_DS_Sprites/mega_mawile/male/front.png,DS_CUSTOM_LIBRARY/packs/HG_Engine_DS_Sprites/mega_mawile/male/back.png,family/relationship
mega-medicham-male,Mega Medicham Male,Tbd,,Unresolved family / relationship,HG_Engine_DS_Sprites,DS_CUSTOM_LIBRARY/packs/HG_Engine_DS_Sprites/mega_medicham/male/front.png,DS_CUSTOM_LIBRARY/packs/HG_Engine_DS_Sprites/mega_medicham/male/back.png,family/relationship
mega-meganium-male,Mega Meganium Male,Tbd,,Unresolved family / relationship,HG_Engine_DS_Sprites,DS_CUSTOM_LIBRARY/packs/HG_Engine_DS_Sprites/mega_meganium/male/front.png,DS_CUSTOM_LIBRARY/packs/HG_Engine_DS_Sprites/mega_meganium/male/back.png,family/relationship
mega-metagross-male,Mega Metagross Male,Tbd,,Unresolved family / relationship,HG_Engine_DS_Sprites,DS_CUSTOM_LIBRARY/packs/HG_Engine_DS_Sprites/mega_metagross/male/front.png,DS_CUSTOM_LIBRARY/packs/HG_Engine_DS_Sprites/mega_metagross/male/back.png,family/relationship
mega-mewtwo-x-male,Mega Mewtwo X Male,Tbd,,Unresolved family / relationship,HG_Engine_DS_Sprites,DS_CUSTOM_LIBRARY/packs/HG_Engine_DS_Sprites/mega_mewtwo_x/male/front.png,DS_CUSTOM_LIBRARY/packs/HG_Engine_DS_Sprites/mega_mewtwo_x/male/back.png,family/relationship
mega-mewtwo-y-male,Mega Mewtwo Y Male,Tbd,,Unresolved family / relationship,HG_Engine_DS_Sprites,DS_CUSTOM_LIBRARY/packs/HG_Engine_DS_Sprites/mega_mewtwo_y/male/front.png,DS_CUSTOM_LIBRARY/packs/HG_Engine_DS_Sprites/mega_mewtwo_y/male/back.png,family/relationship
mega-pidgeot-male,Mega Pidgeot Male,Tbd,,Unresolved family / relationship,HG_Engine_DS_Sprites,DS_CUSTOM_LIBRARY/packs/HG_Engine_DS_Sprites/mega_pidgeot/male/front.png,DS_CUSTOM_LIBRARY/packs/HG_Engine_DS_Sprites/mega_pidgeot/male/back.png,family/relationship
mega-pinsir-male,Mega Pinsir Male,Tbd,,Unresolved family / relationship,HG_Engine_DS_Sprites,DS_CUSTOM_LIBRARY/packs/HG_Engine_DS_Sprites/mega_pinsir/male/front.png,DS_CUSTOM_LIBRARY/packs/HG_Engine_DS_Sprites/mega_pinsir/male/back.png,family/relationship
mega-raichu-x-male,Mega Raichu X Male,Tbd,,Unresolved family / relationship,HG_Engine_DS_Sprites,DS_CUSTOM_LIBRARY/packs/HG_Engine_DS_Sprites/mega_raichu_x/male/front.png,DS_CUSTOM_LIBRARY/packs/HG_Engine_DS_Sprites/mega_raichu_x/male/back.png,family/relationship
mega-raichu-y-male,Mega Raichu Y Male,Tbd,,Unresolved family / relationship,HG_Engine_DS_Sprites,DS_CUSTOM_LIBRARY/packs/HG_Engine_DS_Sprites/mega_raichu_y/male/front.png,DS_CUSTOM_LIBRARY/packs/HG_Engine_DS_Sprites/mega_raichu_y/male/back.png,family/relationship
mega-rayquaza-male,Mega Rayquaza Male,Tbd,,Unresolved family / relationship,HG_Engine_DS_Sprites,DS_CUSTOM_LIBRARY/packs/HG_Engine_DS_Sprites/mega_rayquaza/male/front.png,DS_CUSTOM_LIBRARY/packs/HG_Engine_DS_Sprites/mega_rayquaza/male/back.png,family/relationship
mega-sableye-male,Mega Sableye Male,Tbd,,Unresolved family / relationship,HG_Engine_DS_Sprites,DS_CUSTOM_LIBRARY/packs/HG_Engine_DS_Sprites/mega_sableye/male/front.png,DS_CUSTOM_LIBRARY/packs/HG_Engine_DS_Sprites/mega_sableye/male/back.png,family/relationship
mega-salamence-male,Mega Salamence Male,Tbd,,Unresolved family / relationship,HG_Engine_DS_Sprites,DS_CUSTOM_LIBRARY/packs/HG_Engine_DS_Sprites/mega_salamence/male/front.png,DS_CUSTOM_LIBRARY/packs/HG_Engine_DS_Sprites/mega_salamence/male/back.png,family/relationship
mega-sceptile-male,Mega Sceptile Male,Tbd,,Unresolved family / relationship,HG_Engine_DS_Sprites,DS_CUSTOM_LIBRARY/packs/HG_Engine_DS_Sprites/mega_sceptile/male/front.png,DS_CUSTOM_LIBRARY/packs/HG_Engine_DS_Sprites/mega_sceptile/male/back.png,family/relationship
mega-scizor-male,Mega Scizor Male,Tbd,,Unresolved family / relationship,HG_Engine_DS_Sprites,DS_CUSTOM_LIBRARY/packs/HG_Engine_DS_Sprites/mega_scizor/male/front.png,DS_CUSTOM_LIBRARY/packs/HG_Engine_DS_Sprites/mega_scizor/male/back.png,family/relationship
mega-scolipede-male,Mega Scolipede Male,Tbd,,Unresolved family / relationship,HG_Engine_DS_Sprites,DS_CUSTOM_LIBRARY/packs/HG_Engine_DS_Sprites/mega_scolipede/male/front.png,DS_CUSTOM_LIBRARY/packs/HG_Engine_DS_Sprites/mega_scolipede/male/back.png,family/relationship
mega-scrafty-male,Mega Scrafty Male,Tbd,,Unresolved family / relationship,HG_Engine_DS_Sprites,DS_CUSTOM_LIBRARY/packs/HG_Engine_DS_Sprites/mega_scrafty/male/front.png,DS_CUSTOM_LIBRARY/packs/HG_Engine_DS_Sprites/mega_scrafty/male/back.png,family/relationship
mega-sharpedo-male,Mega Sharpedo Male,Tbd,,Unresolved family / relationship,HG_Engine_DS_Sprites,DS_CUSTOM_LIBRARY/packs/HG_Engine_DS_Sprites/mega_sharpedo/male/front.png,DS_CUSTOM_LIBRARY/packs/HG_Engine_DS_Sprites/mega_sharpedo/male/back.png,family/relationship
mega-skarmory-male,Mega Skarmory Male,Tbd,,Unresolved family / relationship,HG_Engine_DS_Sprites,DS_CUSTOM_LIBRARY/packs/HG_Engine_DS_Sprites/mega_skarmory/male/front.png,DS_CUSTOM_LIBRARY/packs/HG_Engine_DS_Sprites/mega_skarmory/male/back.png,family/relationship
mega-slowbro-male,Mega Slowbro Male,Tbd,,Unresolved family / relationship,HG_Engine_DS_Sprites,DS_CUSTOM_LIBRARY/packs/HG_Engine_DS_Sprites/mega_slowbro/male/front.png,DS_CUSTOM_LIBRARY/packs/HG_Engine_DS_Sprites/mega_slowbro/male/back.png,family/relationship
mega-steelix-male,Mega Steelix Male,Tbd,,Unresolved family / relationship,HG_Engine_DS_Sprites,DS_CUSTOM_LIBRARY/packs/HG_Engine_DS_Sprites/mega_steelix/male/front.png,DS_CUSTOM_LIBRARY/packs/HG_Engine_DS_Sprites/mega_steelix/male/back.png,family/relationship
mega-swampert-male,Mega Swampert Male,Tbd,,Unresolved family / relationship,HG_Engine_DS_Sprites,DS_CUSTOM_LIBRARY/packs/HG_Engine_DS_Sprites/mega_swampert/male/front.png,DS_CUSTOM_LIBRARY/packs/HG_Engine_DS_Sprites/mega_swampert/male/back.png,family/relationship
mega-tyranitar-male,Mega Tyranitar Male,Tbd,,Unresolved family / relationship,HG_Engine_DS_Sprites,DS_CUSTOM_LIBRARY/packs/HG_Engine_DS_Sprites/mega_tyranitar/male/front.png,DS_CUSTOM_LIBRARY/packs/HG_Engine_DS_Sprites/mega_tyranitar/male/back.png,family/relationship
mega-venusaur-male,Mega Venusaur Male,Tbd,,Unresolved family / relationship,HG_Engine_DS_Sprites,DS_CUSTOM_LIBRARY/packs/HG_Engine_DS_Sprites/mega_venusaur/male/front.png,DS_CUSTOM_LIBRARY/packs/HG_Engine_DS_Sprites/mega_venusaur/male/back.png,family/relationship
mega-victreebel-male,Mega Victreebel Male,Tbd,,Unresolved family / relationship,HG_Engine_DS_Sprites,DS_CUSTOM_LIBRARY/packs/HG_Engine_DS_Sprites/mega_victreebel/male/front.png,DS_CUSTOM_LIBRARY/packs/HG_Engine_DS_Sprites/mega_victreebel/male/back.png,family/relationship
mellung,Mellung,Tbd,,Unresolved family / relationship,Fakemon_Festival_Full,DS_CUSTOM_LIBRARY/packs/Fakemon_Festival_Full/Fakemon Festival Pack/Altaira/Front/MELLUNG.png,,family/relationship; back sprite
melmetal-mega,Mega Melmetal,Steel,,Undiscovered — Meltan,Elite_Redux_Bulk,DS_CUSTOM_LIBRARY/converted/Elite_Redux_Bulk/melmetal_mega/front.png,,back sprite
meltup,Meltup,Tbd,,Unresolved family / relationship,Fakemon_Festival_Full,DS_CUSTOM_LIBRARY/packs/Fakemon_Festival_Full/Fakemon Festival Pack/Altaira/Front/MELTUP.png,,family/relationship; back sprite
meowth-alolan,Meowth Alolan,Tbd,,Unresolved family / relationship,Elite_Redux_Bulk,DS_CUSTOM_LIBRARY/converted/Elite_Redux_Bulk/meowth_alolan/front.png,DS_CUSTOM_LIBRARY/converted/Elite_Redux_Bulk/meowth_alolan/back.png,family/relationship
meowth-alolan-male,Meowth Alolan Male,Tbd,,Unresolved family / relationship,HG_Engine_DS_Sprites,DS_CUSTOM_LIBRARY/packs/HG_Engine_DS_Sprites/meowth_alolan/male/front.png,DS_CUSTOM_LIBRARY/packs/HG_Engine_DS_Sprites/meowth_alolan/male/back.png,family/relationship
meowth-galarian,Meowth Galarian,Tbd,,Unresolved family / relationship,Elite_Redux_Bulk,DS_CUSTOM_LIBRARY/converted/Elite_Redux_Bulk/meowth_galarian/front.png,,family/relationship; back sprite
meowth-galarian-male,Meowth Galarian Male,Tbd,,Unresolved family / relationship,HG_Engine_DS_Sprites,DS_CUSTOM_LIBRARY/packs/HG_Engine_DS_Sprites/meowth_galarian/male/front.png,DS_CUSTOM_LIBRARY/packs/HG_Engine_DS_Sprites/meowth_galarian/male/back.png,family/relationship
meowth-partner-mega,Meowth Partner Mega,Tbd,,Unresolved family / relationship,Elite_Redux_Bulk,DS_CUSTOM_LIBRARY/converted/Elite_Redux_Bulk/meowth_partner_mega/front.png,,family/relationship; back sprite
merrykarp,Merrykarp,Tbd,,Unresolved family / relationship,Elite_Redux_Bulk,DS_CUSTOM_LIBRARY/converted/Elite_Redux_Bulk/merrykarp/front.png,DS_CUSTOM_LIBRARY/converted/Elite_Redux_Bulk/merrykarp/back.png,family/relationship
miglau,Miglau,Tbd,,Unresolved family / relationship,Fakemon_Festival_Full,DS_CUSTOM_LIBRARY/packs/Fakemon_Festival_Full/Fakemon Festival Pack/Altaira/Front/MIGLAU.png,,family/relationship; back sprite
mimikyu-rayquaza-busted,Mimikyu Rayquaza Busted,Tbd,,Unresolved family / relationship,Elite_Redux_Bulk,DS_CUSTOM_LIBRARY/converted/Elite_Redux_Bulk/mimikyu_rayquaza_busted/front.png,DS_CUSTOM_LIBRARY/converted/Elite_Redux_Bulk/mimikyu_rayquaza_busted/back.png,family/relationship
minamai,Minamai,Tbd,,Unresolved family / relationship,Festival_Lumio,DS_CUSTOM_LIBRARY/packs/Festival_Lumio/Lumio/Pokemon/Front/MINAMAI.png,DS_CUSTOM_LIBRARY/packs/Festival_Lumio/Lumio/Pokemon/Back/MINAMAI.png,family/relationship
mindow,Mindow,Tbd,,Unresolved family / relationship,Festival_Lumio,DS_CUSTOM_LIBRARY/packs/Festival_Lumio/Lumio/Pokemon/Front/MINDOW.png,DS_CUSTOM_LIBRARY/packs/Festival_Lumio/Lumio/Pokemon/Back/MINDOW.png,family/relationship
minsel,Minsel,Tbd,,Unresolved family / relationship,Fakemon_Festival_Full,DS_CUSTOM_LIBRARY/packs/Fakemon_Festival_Full/Fakemon Festival Pack/Altaira/Front/MINSEL.png,,family/relationship; back sprite
mivota,Mivota,Tbd,,Unresolved family / relationship,Festival_Magiscarf,DS_CUSTOM_LIBRARY/packs/Festival_Magiscarf/Magiscarf/Battlers Normal/Front/Mivota.png,DS_CUSTOM_LIBRARY/packs/Festival_Magiscarf/Magiscarf/Battlers Normal/Back/Mivota.png,family/relationship
miyak,Miyak,Tbd,,Unresolved family / relationship,Fakemon_Festival_Full,DS_CUSTOM_LIBRARY/packs/Fakemon_Festival_Full/Fakemon Festival Pack/Altaira/Front/MIYAK.png,,family/relationship; back sprite
mobiusk,Mobiusk,Tbd,,Unresolved family / relationship,Festival_Magiscarf,DS_CUSTOM_LIBRARY/packs/Festival_Magiscarf/Magiscarf/Battlers Normal/Front/Mobiusk.png,,family/relationship; back sprite
moltres-ex-mega,Moltres Ex Mega,Tbd,,Unresolved family / relationship,Elite_Redux_Bulk,DS_CUSTOM_LIBRARY/converted/Elite_Redux_Bulk/moltres_ex_mega/front.png,DS_CUSTOM_LIBRARY/converted/Elite_Redux_Bulk/moltres_ex_mega/back.png,family/relationship
moltres-galarian,Moltres (Galarian),Dark,Flying,Undiscovered / non-breeding legendary,Elite_Redux_Bulk,DS_CUSTOM_LIBRARY/converted/Elite_Redux_Bulk/moltres_galarian/front.png,,back sprite
moltres-galarian-male,Moltres Galarian Male,Tbd,,Unresolved family / relationship,HG_Engine_DS_Sprites,DS_CUSTOM_LIBRARY/packs/HG_Engine_DS_Sprites/moltres_galarian/male/front.png,DS_CUSTOM_LIBRARY/packs/HG_Engine_DS_Sprites/moltres_galarian/male/back.png,family/relationship
mondrog,Mondrog,Tbd,,Unresolved family / relationship,Festival_Magiscarf,DS_CUSTOM_LIBRARY/packs/Festival_Magiscarf/Magiscarf/Battlers Normal/Front/Mondrog.png,,family/relationship; back sprite
moonap,Moonap,Tbd,,Unresolved family / relationship,Fakemon_Festival_Full,DS_CUSTOM_LIBRARY/packs/Fakemon_Festival_Full/Fakemon Festival Pack/Altaira/Front/MOONAP.png,,family/relationship; back sprite
morpekyll-hangry,Morpekyll Hangry,Tbd,,Unresolved family / relationship,Elite_Redux_Bulk,DS_CUSTOM_LIBRARY/converted/Elite_Redux_Bulk/morpekyll_hangry/front.png,DS_CUSTOM_LIBRARY/converted/Elite_Redux_Bulk/morpekyll_hangry/back.png,family/relationship
mortarine,Mortarine,Tbd,,Unresolved family / relationship,Mikitari,DS_CUSTOM_LIBRARY/packs/Mikitari/Fakemon Pack/Front/MORTARINE.png,DS_CUSTOM_LIBRARY/packs/Mikitari/Fakemon Pack/Back/MORTARINE.png,family/relationship
mourin,Mourin,Tbd,,Unresolved family / relationship,Mikitari,DS_CUSTOM_LIBRARY/packs/Mikitari/Fakemon Pack/Front/MOURIN.png,DS_CUSTOM_LIBRARY/packs/Mikitari/Fakemon Pack/Back/MOURIN.png,family/relationship
mr-mime-galarian,Mr Mime Galarian,Tbd,,Unresolved family / relationship,Elite_Redux_Bulk,DS_CUSTOM_LIBRARY/converted/Elite_Redux_Bulk/mr_mime_galarian/front.png,,family/relationship; back sprite
mr-mime-galarian-male,Mr Mime Galarian Male,Tbd,,Unresolved family / relationship,HG_Engine_DS_Sprites,DS_CUSTOM_LIBRARY/packs/HG_Engine_DS_Sprites/mr_mime_galarian/male/front.png,DS_CUSTOM_LIBRARY/packs/HG_Engine_DS_Sprites/mr_mime_galarian/male/back.png,family/relationship
muchog,Muchog,Tbd,,Unresolved family / relationship,Mikitari,DS_CUSTOM_LIBRARY/packs/Mikitari/Fakemon Pack/Front/MUCHOG.png,DS_CUSTOM_LIBRARY/packs/Mikitari/Fakemon Pack/Back/MUCHOG.png,family/relationship
muk-alolan,Muk Alolan,Tbd,,Unresolved family / relationship,Elite_Redux_Bulk,DS_CUSTOM_LIBRARY/converted/Elite_Redux_Bulk/muk_alolan/front.png,DS_CUSTOM_LIBRARY/converted/Elite_Redux_Bulk/muk_alolan/back.png,family/relationship
muk-alolan-male,Muk Alolan Male,Tbd,,Unresolved family / relationship,HG_Engine_DS_Sprites,DS_CUSTOM_LIBRARY/packs/HG_Engine_DS_Sprites/muk_alolan/male/front.png,DS_CUSTOM_LIBRARY/packs/HG_Engine_DS_Sprites/muk_alolan/male/back.png,family/relationship
munchill,Munchill,Tbd,,Unresolved family / relationship,Mikitari,DS_CUSTOM_LIBRARY/packs/Mikitari/Fakemon Pack/Front/MUNCHILL.png,DS_CUSTOM_LIBRARY/packs/Mikitari/Fakemon Pack/Back/MUNCHILL.png,family/relationship
murasalem,Murasalem,Tbd,,Unresolved family / relationship,Mikitari,DS_CUSTOM_LIBRARY/packs/Mikitari/Fakemon Pack/Front/MURASALEM.png,DS_CUSTOM_LIBRARY/packs/Mikitari/Fakemon Pack/Back/MURASALEM.png,family/relationship
museon,Museon,Tbd,,Unresolved family / relationship,Earthretha,DS_CUSTOM_LIBRARY/packs/Earthretha/Earthretha Fakemon Pack/Graphics/Pokemon/Front/MUSEON.png,DS_CUSTOM_LIBRARY/packs/Earthretha/Earthretha Fakemon Pack/Graphics/Pokemon/Back/MUSEON.png,family/relationship
narfion,Narfion,Tbd,,Unresolved family / relationship,Fakemon_Festival_Full,DS_CUSTOM_LIBRARY/packs/Fakemon_Festival_Full/Fakemon Festival Pack/Altaira/Front/NARFION.png,,family/relationship; back sprite
navigale,Navigale,Tbd,,Unresolved family / relationship,Festival_Magiscarf,DS_CUSTOM_LIBRARY/packs/Festival_Magiscarf/Magiscarf/Battlers Normal/Front/Navigale.png,,family/relationship; back sprite
necrozma-dawn-wings-male,Necrozma Dawn Wings Male,Tbd,,Unresolved family / relationship,HG_Engine_DS_Sprites,DS_CUSTOM_LIBRARY/packs/HG_Engine_DS_Sprites/necrozma_dawn_wings/male/front.png,DS_CUSTOM_LIBRARY/packs/HG_Engine_DS_Sprites/necrozma_dawn_wings/male/back.png,family/relationship
necrozma-dusk-mane,Dusk Mane Necrozma,Psychic,Steel,Undiscovered — Necrozma,Elite_Redux_Bulk,DS_CUSTOM_LIBRARY/converted/Elite_Redux_Bulk/necrozma_dusk_mane/front.png,,back sprite
negagen,Negagen,Tbd,,Unresolved family / relationship,Festival_Magiscarf,DS_CUSTOM_LIBRARY/packs/Festival_Magiscarf/Magiscarf/Battlers Normal/Front/Negagen.png,DS_CUSTOM_LIBRARY/packs/Festival_Magiscarf/Magiscarf/Battlers Normal/Back/Negagen.png,family/relationship
nemesusa,Nemesusa,Tbd,,Unresolved family / relationship,Festival_Magiscarf,DS_CUSTOM_LIBRARY/packs/Festival_Magiscarf/Magiscarf/Battlers Normal/Front/Nemesusa.png,,family/relationship; back sprite
neri,Neri,Tbd,,Unresolved family / relationship,Fakemon_Festival_Full,DS_CUSTOM_LIBRARY/packs/Fakemon_Festival_Full/Fakemon Festival Pack/Altaira/Front/NERI.png,,family/relationship; back sprite
nibsh,Nibsh,Tbd,,Unresolved family / relationship,Fakemon_Festival_Full,DS_CUSTOM_LIBRARY/packs/Fakemon_Festival_Full/Fakemon Festival Pack/Altaira/Front/NIBSH.png,,family/relationship; back sprite
nidoking-mega,Nidoking Mega,Tbd,,Unresolved family / relationship,Elite_Redux_Bulk,DS_CUSTOM_LIBRARY/converted/Elite_Redux_Bulk/nidoking_mega/front.png,DS_CUSTOM_LIBRARY/converted/Elite_Redux_Bulk/nidoking_mega/back.png,family/relationship
nidoqueen-mega,Nidoqueen Mega,Tbd,,Unresolved family / relationship,Elite_Redux_Bulk,DS_CUSTOM_LIBRARY/converted/Elite_Redux_Bulk/nidoqueen_mega/front.png,DS_CUSTOM_LIBRARY/converted/Elite_Redux_Bulk/nidoqueen_mega/back.png,family/relationship
ninetales-alolan,Ninetales Alolan,Tbd,,Unresolved family / relationship,Elite_Redux_Bulk,DS_CUSTOM_LIBRARY/converted/Elite_Redux_Bulk/ninetales_alolan/front.png,DS_CUSTOM_LIBRARY/converted/Elite_Redux_Bulk/ninetales_alolan/back.png,family/relationship
ninetales-alolan-male,Ninetales Alolan Male,Tbd,,Unresolved family / relationship,HG_Engine_DS_Sprites,DS_CUSTOM_LIBRARY/packs/HG_Engine_DS_Sprites/ninetales_alolan/male/front.png,DS_CUSTOM_LIBRARY/packs/HG_Engine_DS_Sprites/ninetales_alolan/male/back.png,family/relationship
ninmin,Ninmin,Tbd,,Unresolved family / relationship,Fakemon_Festival_Full,DS_CUSTOM_LIBRARY/packs/Fakemon_Festival_Full/Fakemon Festival Pack/Altaira/Front/NINMIN.png,,family/relationship; back sprite
noctowl-1,Noctowl 1,Tbd,,Noctowl 1 → Enchantowl,Festival_Atsui,DS_CUSTOM_LIBRARY/packs/Festival_Atsui/Atsui/Pokemon/Front/NOCTOWL_1.png,DS_CUSTOM_LIBRARY/packs/Festival_Atsui/Atsui/Pokemon/Back/NOCTOWL_1.png,
noctowl-100,Noctowl 100,Tbd,,Unresolved family / relationship,Mikitari,DS_CUSTOM_LIBRARY/packs/Mikitari/Fakemon Pack/Front/NOCTOWL_100.png,DS_CUSTOM_LIBRARY/packs/Mikitari/Fakemon Pack/Back/NOCTOWL_100.png,family/relationship
none-male,None Male,Tbd,,Unresolved family / relationship,HG_Engine_DS_Sprites,DS_CUSTOM_LIBRARY/packs/HG_Engine_DS_Sprites/none/male/front.png,DS_CUSTOM_LIBRARY/packs/HG_Engine_DS_Sprites/none/male/back.png,family/relationship
nymbi,Nymbi,Tbd,,Unresolved family / relationship,Festival_Misc,DS_CUSTOM_LIBRARY/packs/Festival_Misc/Misc/Fronts/Nymbi.png,,family/relationship; back sprite
nymfushia,Nymfushia,Tbd,,Unresolved family / relationship,Festival_Magiscarf,DS_CUSTOM_LIBRARY/packs/Festival_Magiscarf/Magiscarf/Battlers Normal/Front/Nymfushia.png,DS_CUSTOM_LIBRARY/packs/Festival_Magiscarf/Magiscarf/Battlers Normal/Back/Nymfushia.png,family/relationship
octokinepus,Octokinepus,Tbd,,Unresolved family / relationship,Mikitari,DS_CUSTOM_LIBRARY/packs/Mikitari/Fakemon Pack/Front/OCTOKINEPUS.png,DS_CUSTOM_LIBRARY/packs/Mikitari/Fakemon Pack/Back/OCTOKINEPUS.png,family/relationship
octolect,Octolect,Tbd,,Unresolved family / relationship,Mikitari,DS_CUSTOM_LIBRARY/packs/Mikitari/Fakemon Pack/Front/OCTOLECT.png,DS_CUSTOM_LIBRARY/packs/Mikitari/Fakemon Pack/Back/OCTOLECT.png,family/relationship
oddish-1,Earthrethian ODDISH,Fire,,Unresolved family / relationship,Earthretha,DS_CUSTOM_LIBRARY/packs/Earthretha/Earthretha Fakemon Pack/Graphics/Pokemon/Front/ODDISH_1.png,DS_CUSTOM_LIBRARY/packs/Earthretha/Earthretha Fakemon Pack/Graphics/Pokemon/Back/ODDISH_1.png,family/relationship
ogerpon-cornerstone-mask-mega,Ogerpon Cornerstone Mask Mega,Tbd,,Unresolved family / relationship,Elite_Redux_Bulk,DS_CUSTOM_LIBRARY/converted/Elite_Redux_Bulk/ogerpon_cornerstone_mask_mega/front.png,DS_CUSTOM_LIBRARY/converted/Elite_Redux_Bulk/ogerpon_cornerstone_mask_mega/back.png,family/relationship
ogerpon-hearthflame-mask-mega,Ogerpon Hearthflame Mask Mega,Tbd,,Unresolved family / relationship,Elite_Redux_Bulk,DS_CUSTOM_LIBRARY/converted/Elite_Redux_Bulk/ogerpon_hearthflame_mask_mega/front.png,DS_CUSTOM_LIBRARY/converted/Elite_Redux_Bulk/ogerpon_hearthflame_mask_mega/back.png,family/relationship
ogerpon-mega,Ogerpon Mega,Tbd,,Unresolved family / relationship,Elite_Redux_Bulk,DS_CUSTOM_LIBRARY/converted/Elite_Redux_Bulk/ogerpon_mega/front.png,DS_CUSTOM_LIBRARY/converted/Elite_Redux_Bulk/ogerpon_mega/back.png,family/relationship
ogerpon-wellspring-mask-mega,Ogerpon Wellspring Mask Mega,Tbd,,Unresolved family / relationship,Elite_Redux_Bulk,DS_CUSTOM_LIBRARY/converted/Elite_Redux_Bulk/ogerpon_wellspring_mask_mega/front.png,DS_CUSTOM_LIBRARY/converted/Elite_Redux_Bulk/ogerpon_wellspring_mask_mega/back.png,family/relationship
oppwold,Oppwold,Tbd,,Unresolved family / relationship,Festival_Magiscarf,DS_CUSTOM_LIBRARY/packs/Festival_Magiscarf/Magiscarf/Battlers Normal/Front/Oppwold.png,,family/relationship; back sprite
orbeetle-mega,Mega Orbeetle,Bug,Psychic,Blipbug,Elite_Redux_Bulk,DS_CUSTOM_LIBRARY/converted/Elite_Redux_Bulk/orbeetle_mega/front.png,,back sprite
oricorio-4,Oricorio 4,Tbd,,Unresolved family / relationship,Mikitari,DS_CUSTOM_LIBRARY/packs/Mikitari/Fakemon Pack/Front/ORICORIO_4.png,DS_CUSTOM_LIBRARY/packs/Mikitari/Fakemon Pack/Back/ORICORIO_4.png,family/relationship
oricorio-5,Oricorio 5,Tbd,,Unresolved family / relationship,Mikitari,DS_CUSTOM_LIBRARY/packs/Mikitari/Fakemon Pack/Front/ORICORIO_5.png,DS_CUSTOM_LIBRARY/packs/Mikitari/Fakemon Pack/Back/ORICORIO_5.png,family/relationship
oricorio-6,Oricorio 6,Tbd,,Unresolved family / relationship,Mikitari,DS_CUSTOM_LIBRARY/packs/Mikitari/Fakemon Pack/Front/ORICORIO_6.png,DS_CUSTOM_LIBRARY/packs/Mikitari/Fakemon Pack/Back/ORICORIO_6.png,family/relationship
oricorio-7,Oricorio 7,Tbd,,Unresolved family / relationship,Mikitari,DS_CUSTOM_LIBRARY/packs/Mikitari/Fakemon Pack/Front/ORICORIO_7.png,DS_CUSTOM_LIBRARY/packs/Mikitari/Fakemon Pack/Back/ORICORIO_7.png,family/relationship
packbats,Packbats,Tbd,,Unresolved family / relationship,Mikitari,DS_CUSTOM_LIBRARY/packs/Mikitari/Fakemon Pack/Front/PACKBATS.png,DS_CUSTOM_LIBRARY/packs/Mikitari/Fakemon Pack/Back/PACKBATS.png,family/relationship
packbats-1,Packbats 1,Tbd,,Unresolved family / relationship,Mikitari,DS_CUSTOM_LIBRARY/packs/Mikitari/Fakemon Pack/Front/PACKBATS_1.png,DS_CUSTOM_LIBRARY/packs/Mikitari/Fakemon Pack/Back/PACKBATS_1.png,family/relationship
pakadu,Pakadu,Tbd,,Unresolved family / relationship,Fakemon_Festival_Full,DS_CUSTOM_LIBRARY/packs/Fakemon_Festival_Full/Fakemon Festival Pack/Altaira/Front/PAKADU.png,,family/relationship; back sprite
pangshi-betamon,Pangshi Betamon,Tbd,,Unresolved family / relationship,Earthretha,DS_CUSTOM_LIBRARY/packs/Earthretha/Earthretha Fakemon Pack/Graphics/Pokemon/Front/PANGSHI (Betamon).png,DS_CUSTOM_LIBRARY/packs/Earthretha/Earthretha Fakemon Pack/Graphics/Pokemon/Back/PANGSHI (Betamon).png,family/relationship
pasturlo,Pasturlo,Grass,,Kudo → Doechi → Pansimi → Panpour → Pansage → Pansear → Pasturlo → Brambull → Maizotaur → Sweetcheep → Gourdizal → X → Xurkitree → Xapling,Festival_Lumio,DS_CUSTOM_LIBRARY/packs/Festival_Lumio/Lumio/Pokemon/Front/PASTURLO.png,,back sprite
pawky,Pawky,Tbd,,Unresolved family / relationship,Fakemon_Festival_Full,DS_CUSTOM_LIBRARY/packs/Fakemon_Festival_Full/Fakemon Festival Pack/Altaira/Front/PAWKY.png,,family/relationship; back sprite
peclay,Peclay,Tbd,,Unresolved family / relationship,Mikitari,DS_CUSTOM_LIBRARY/packs/Mikitari/Fakemon Pack/Front/PECLAY.png,DS_CUSTOM_LIBRARY/packs/Mikitari/Fakemon Pack/Back/PECLAY.png,family/relationship
penming,Penming,Tbd,,Unresolved family / relationship,Fakemon_Festival_Full,DS_CUSTOM_LIBRARY/packs/Fakemon_Festival_Full/Fakemon Festival Pack/Altaira/Front/PENMING.png,,family/relationship; back sprite
persian-alolan,Persian Alolan,Tbd,,Unresolved family / relationship,Elite_Redux_Bulk,DS_CUSTOM_LIBRARY/converted/Elite_Redux_Bulk/persian_alolan/front.png,,family/relationship; back sprite
persian-alolan-male,Persian Alolan Male,Tbd,,Unresolved family / relationship,HG_Engine_DS_Sprites,DS_CUSTOM_LIBRARY/packs/HG_Engine_DS_Sprites/persian_alolan/male/front.png,DS_CUSTOM_LIBRARY/packs/HG_Engine_DS_Sprites/persian_alolan/male/back.png,family/relationship
petalcher,Petalcher,Tbd,,Unresolved family / relationship,Festival_Magiscarf,DS_CUSTOM_LIBRARY/packs/Festival_Magiscarf/Magiscarf/Battlers Normal/Front/Petalcher.png,,family/relationship; back sprite
petalnia,Petalnia,Tbd,,Unresolved family / relationship,Mikitari,DS_CUSTOM_LIBRARY/packs/Mikitari/Fakemon Pack/Front/PETALNIA.png,DS_CUSTOM_LIBRARY/packs/Mikitari/Fakemon Pack/Back/PETALNIA.png,family/relationship
petalnia-1,Petalnia 1,Tbd,,Unresolved family / relationship,Mikitari,DS_CUSTOM_LIBRARY/packs/Mikitari/Fakemon Pack/Front/PETALNIA_1.png,DS_CUSTOM_LIBRARY/packs/Mikitari/Fakemon Pack/Back/PETALNIA_1.png,family/relationship
petidaw,Petidaw,Tbd,,Unresolved family / relationship,Mikitari,DS_CUSTOM_LIBRARY/packs/Mikitari/Fakemon Pack/Front/PETIDAW.png,DS_CUSTOM_LIBRARY/packs/Mikitari/Fakemon Pack/Back/PETIDAW.png,family/relationship
petidaw-female,Petidaw Female,Tbd,,Unresolved family / relationship,Mikitari,DS_CUSTOM_LIBRARY/packs/Mikitari/Fakemon Pack/Front/PETIDAW_female.png,DS_CUSTOM_LIBRARY/packs/Mikitari/Fakemon Pack/Back/PETIDAW_female.png,family/relationship
phantabys,Phantabys,Tbd,,Unresolved family / relationship,Mikitari,DS_CUSTOM_LIBRARY/packs/Mikitari/Fakemon Pack/Front/PHANTABYS.png,DS_CUSTOM_LIBRARY/packs/Mikitari/Fakemon Pack/Back/PHANTABYS.png,family/relationship
phenelpha,Phenelpha,Tbd,,Unresolved family / relationship,Fakemon_Festival_Full,DS_CUSTOM_LIBRARY/packs/Fakemon_Festival_Full/Fakemon Festival Pack/Altaira/Front/PHENELPHA.png,,family/relationship; back sprite
phyllon,Phyllon,Tbd,,Unresolved family / relationship,Fakemon_Festival_Full,DS_CUSTOM_LIBRARY/packs/Fakemon_Festival_Full/Fakemon Festival Pack/Altaira/Front/PHYLLON.png,,family/relationship; back sprite
phyrofon,Phyrofon,Tbd,,Unresolved family / relationship,Fakemon_Festival_Full,DS_CUSTOM_LIBRARY/packs/Fakemon_Festival_Full/Fakemon Festival Pack/Altaira/Front/PHYROFON.png,,family/relationship; back sprite
pichu-spiky-ear-male,Pichu Spiky Ear Male,Tbd,,Unresolved family / relationship,HG_Engine_DS_Sprites,DS_CUSTOM_LIBRARY/packs/HG_Engine_DS_Sprites/pichu_spiky_ear/male/front.png,DS_CUSTOM_LIBRARY/packs/HG_Engine_DS_Sprites/pichu_spiky_ear/male/back.png,family/relationship
pikachu-partner-mega,Pikachu Partner Mega,Tbd,,Unresolved family / relationship,Elite_Redux_Bulk,DS_CUSTOM_LIBRARY/converted/Elite_Redux_Bulk/pikachu_partner_mega/front.png,,family/relationship; back sprite
pikachu-ph-d,Pikachu Ph D,Tbd,,Unresolved family / relationship,Elite_Redux_Bulk,DS_CUSTOM_LIBRARY/converted/Elite_Redux_Bulk/pikachu_ph_d/front.png,DS_CUSTOM_LIBRARY/converted/Elite_Redux_Bulk/pikachu_ph_d/back.png,family/relationship
pikachu-ph-d-male,Pikachu Ph D Male,Tbd,,Unresolved family / relationship,HG_Engine_DS_Sprites,DS_CUSTOM_LIBRARY/packs/HG_Engine_DS_Sprites/pikachu_ph_d/male/front.png,DS_CUSTOM_LIBRARY/packs/HG_Engine_DS_Sprites/pikachu_ph_d/male/back.png,family/relationship
pilfetchfront,Pilfetchfront,Tbd,,Unresolved family / relationship,Festival_Misc,DS_CUSTOM_LIBRARY/packs/Festival_Misc/Misc/Fronts/PilfetchFront.png,,family/relationship; back sprite
plantid,Plantid,Tbd,,Unresolved family / relationship,Festival_Magiscarf,DS_CUSTOM_LIBRARY/packs/Festival_Magiscarf/Magiscarf/Battlers Normal/Front/Plantid.png,,family/relationship; back sprite
plasmatina,Plasmatina,Tbd,,Unresolved family / relationship,Mikitari,DS_CUSTOM_LIBRARY/packs/Mikitari/Fakemon Pack/Front/PLASMATINA.png,DS_CUSTOM_LIBRARY/packs/Mikitari/Fakemon Pack/Back/PLASMATINA.png,family/relationship
platerigus,Platerigus,Tbd,,Unresolved family / relationship,Mikitari,DS_CUSTOM_LIBRARY/packs/Mikitari/Fakemon Pack/Front/PLATERIGUS.png,DS_CUSTOM_LIBRARY/packs/Mikitari/Fakemon Pack/Back/PLATERIGUS.png,family/relationship
plundertow,Plundertow,Tbd,,Unresolved family / relationship,Elite_Redux_Bulk,DS_CUSTOM_LIBRARY/converted/Elite_Redux_Bulk/plundertow/front.png,DS_CUSTOM_LIBRARY/converted/Elite_Redux_Bulk/plundertow/back.png,family/relationship
plushion,Plushion,Tbd,,Unresolved family / relationship,Festival_Magiscarf,DS_CUSTOM_LIBRARY/packs/Festival_Magiscarf/Magiscarf/Battlers Normal/Front/Plushion.png,DS_CUSTOM_LIBRARY/packs/Festival_Magiscarf/Magiscarf/Battlers Normal/Back/Plushion.png,family/relationship
pokeapi-mega-meowstic-female,Pokeapi Mega Meowstic Female,Tbd,,Unresolved family / relationship,PokeAPI_Mega_Meowstic_Female,DS_CUSTOM_LIBRARY/packs/PokeAPI_Mega_Meowstic_Female/front.png,DS_CUSTOM_LIBRARY/packs/PokeAPI_Mega_Meowstic_Female/back.png,family/relationship
polartic-bluemoon,Polartic Bluemoon,Tbd,,Unresolved family / relationship,Elite_Redux_Bulk,DS_CUSTOM_LIBRARY/converted/Elite_Redux_Bulk/polartic_bluemoon/front.png,DS_CUSTOM_LIBRARY/converted/Elite_Redux_Bulk/polartic_bluemoon/back.png,family/relationship
pompet,Pompet,Tbd,,Unresolved family / relationship,Festival_Magiscarf,DS_CUSTOM_LIBRARY/packs/Festival_Magiscarf/Magiscarf/Battlers Normal/Front/Pompet.png,DS_CUSTOM_LIBRARY/packs/Festival_Magiscarf/Magiscarf/Battlers Normal/Back/Pompet.png,family/relationship
pomprim,Pomprim,Tbd,,Unresolved family / relationship,Festival_Magiscarf,DS_CUSTOM_LIBRARY/packs/Festival_Magiscarf/Magiscarf/Battlers Normal/Front/Pomprim.png,DS_CUSTOM_LIBRARY/packs/Festival_Magiscarf/Magiscarf/Battlers Normal/Back/Pomprim.png,family/relationship
ponyta-galarian,Ponyta Galarian,Tbd,,Unresolved family / relationship,Elite_Redux_Bulk,DS_CUSTOM_LIBRARY/converted/Elite_Redux_Bulk/ponyta_galarian/front.png,,family/relationship; back sprite
ponyta-galarian-male,Ponyta Galarian Male,Tbd,,Unresolved family / relationship,HG_Engine_DS_Sprites,DS_CUSTOM_LIBRARY/packs/HG_Engine_DS_Sprites/ponyta_galarian/male/front.png,DS_CUSTOM_LIBRARY/packs/HG_Engine_DS_Sprites/ponyta_galarian/male/back.png,family/relationship
popcorm,Popcorm,Tbd,,Unresolved family / relationship,Elite_Redux_Bulk,DS_CUSTOM_LIBRARY/converted/Elite_Redux_Bulk/popcorm/front.png,DS_CUSTOM_LIBRARY/converted/Elite_Redux_Bulk/popcorm/back.png,family/relationship
popcorm-mega,Popcorm Mega,Tbd,,Unresolved family / relationship,Elite_Redux_Bulk,DS_CUSTOM_LIBRARY/converted/Elite_Redux_Bulk/popcorm_mega/front.png,DS_CUSTOM_LIBRARY/converted/Elite_Redux_Bulk/popcorm_mega/back.png,family/relationship
porygona,Porygona,Tbd,,Unresolved family / relationship,Mikitari,DS_CUSTOM_LIBRARY/packs/Mikitari/Fakemon Pack/Front/PORYGONA.png,DS_CUSTOM_LIBRARY/packs/Mikitari/Fakemon Pack/Back/PORYGONA.png,family/relationship
potish,Potish,Tbd,,Unresolved family / relationship,Festival_Atsui,DS_CUSTOM_LIBRARY/packs/Festival_Atsui/Atsui/Pokemon/Front/POTISH.png,,family/relationship; back sprite
pourka,Pourka,Tbd,,Unresolved family / relationship,Festival_Magiscarf,DS_CUSTOM_LIBRARY/packs/Festival_Magiscarf/Magiscarf/Battlers Normal/Front/Pourka.png,DS_CUSTOM_LIBRARY/packs/Festival_Magiscarf/Magiscarf/Battlers Normal/Back/Pourka.png,family/relationship
prankmare,Prankmare,Tbd,,Unresolved family / relationship,Mikitari,DS_CUSTOM_LIBRARY/packs/Mikitari/Fakemon Pack/Front/PRANKMARE.png,DS_CUSTOM_LIBRARY/packs/Mikitari/Fakemon Pack/Back/PRANKMARE.png,family/relationship
psyduck-redux,Psyduck Redux,Tbd,,Unresolved family / relationship,Elite_Redux_Bulk,DS_CUSTOM_LIBRARY/converted/Elite_Redux_Bulk/psyduck_redux/front.png,DS_CUSTOM_LIBRARY/converted/Elite_Redux_Bulk/psyduck_redux/back.png,family/relationship
pubeta,Pubeta,Tbd,,Unresolved family / relationship,Festival_Magiscarf,DS_CUSTOM_LIBRARY/packs/Festival_Magiscarf/Magiscarf/Battlers Normal/Front/Pubeta.png,,family/relationship; back sprite
puddilick-1,Puddilick 1,Tbd,,Unresolved family / relationship,Festival_Atsui,DS_CUSTOM_LIBRARY/packs/Festival_Atsui/Atsui/Pokemon/Front/PUDDILICK_1.png,,family/relationship; back sprite
puddilick-2,Puddilick 2,Tbd,,Unresolved family / relationship,Festival_Atsui,DS_CUSTOM_LIBRARY/packs/Festival_Atsui/Atsui/Pokemon/Front/PUDDILICK_2.png,,family/relationship; back sprite
pyen,Pyen,Tbd,,Unresolved family / relationship,Fakemon_Festival_Full,DS_CUSTOM_LIBRARY/packs/Fakemon_Festival_Full/Fakemon Festival Pack/Altaira/Front/PYEN.png,,family/relationship; back sprite
pyrain,Pyrain,Tbd,,Unresolved family / relationship,Fakemon_Festival_Full,DS_CUSTOM_LIBRARY/packs/Fakemon_Festival_Full/Fakemon Festival Pack/Altaira/Front/PYRAIN.png,,family/relationship; back sprite
pyron,Pyron,Tbd,,Unresolved family / relationship,Fakemon_Festival_Full,DS_CUSTOM_LIBRARY/packs/Fakemon_Festival_Full/Fakemon Festival Pack/Altaira/Front/PYRON.png,,family/relationship; back sprite
quagsire-1,Quagsire 1,Tbd,,Unresolved family / relationship,Festival_Atsui,DS_CUSTOM_LIBRARY/packs/Festival_Atsui/Atsui/Pokemon/Front/QUAGSIRE_1.png,,family/relationship; back sprite
quex,Quex,Tbd,,Unresolved family / relationship,Fakemon_Festival_Full,DS_CUSTOM_LIBRARY/packs/Fakemon_Festival_Full/Fakemon Festival Pack/Altaira/Front/QUEX.png,,family/relationship; back sprite
quignis,Quignis,Tbd,,Unresolved family / relationship,Fakemon_Festival_Full,DS_CUSTOM_LIBRARY/packs/Fakemon_Festival_Full/Fakemon Festival Pack/Altaira/Front/QUIGNIS.png,,family/relationship; back sprite
qwilfish-hisuian,Qwilfish Hisuian,Tbd,,Unresolved family / relationship,Elite_Redux_Bulk,DS_CUSTOM_LIBRARY/converted/Elite_Redux_Bulk/qwilfish_hisuian/front.png,DS_CUSTOM_LIBRARY/converted/Elite_Redux_Bulk/qwilfish_hisuian/back.png,family/relationship
qwilfish-hisuian-male,Qwilfish Hisuian Male,Tbd,,Unresolved family / relationship,HG_Engine_DS_Sprites,DS_CUSTOM_LIBRARY/packs/HG_Engine_DS_Sprites/qwilfish_hisuian/male/front.png,DS_CUSTOM_LIBRARY/packs/HG_Engine_DS_Sprites/qwilfish_hisuian/male/back.png,family/relationship
qwirm,Qwirm,Tbd,,Unresolved family / relationship,Festival_Magiscarf,DS_CUSTOM_LIBRARY/packs/Festival_Magiscarf/Magiscarf/Battlers Normal/Front/Qwirm.png,,family/relationship; back sprite
raichu-alolan-male,Raichu Alolan Male,Tbd,,Unresolved family / relationship,HG_Engine_DS_Sprites,DS_CUSTOM_LIBRARY/packs/HG_Engine_DS_Sprites/raichu_alolan/male/front.png,DS_CUSTOM_LIBRARY/packs/HG_Engine_DS_Sprites/raichu_alolan/male/back.png,family/relationship
rainther,Rainther,Tbd,,Unresolved family / relationship,Festival_Magiscarf,DS_CUSTOM_LIBRARY/packs/Festival_Magiscarf/Magiscarf/Battlers Normal/Front/Rainther.png,DS_CUSTOM_LIBRARY/packs/Festival_Magiscarf/Magiscarf/Battlers Normal/Back/Rainther.png,family/relationship
rainther,Rainther,Tbd,,Unresolved family / relationship,Festival_Magiscarf,DS_CUSTOM_LIBRARY/packs/Festival_Magiscarf/Magiscarf/Gen 4 Battlers/Fronts/RAINTHER.png,DS_CUSTOM_LIBRARY/packs/Festival_Magiscarf/Magiscarf/Battlers Normal/Back/Rainther.png,family/relationship
raknaleap,Raknaleap,Tbd,,Unresolved family / relationship,Mikitari,DS_CUSTOM_LIBRARY/packs/Mikitari/Fakemon Pack/Front/RAKNALEAP.png,DS_CUSTOM_LIBRARY/packs/Mikitari/Fakemon Pack/Back/RAKNALEAP.png,family/relationship
rampdily,Rampdily,Tbd,,Unresolved family / relationship,Festival_Atsui,DS_CUSTOM_LIBRARY/packs/Festival_Atsui/Atsui/Pokemon/Front/RAMPDILY.png,,family/relationship; back sprite
ramptops,Ramptops,Tbd,,Unresolved family / relationship,Festival_Atsui,DS_CUSTOM_LIBRARY/packs/Festival_Atsui/Atsui/Pokemon/Front/RAMPTOPS.png,,family/relationship; back sprite
rapidash-galarian-male,Rapidash Galarian Male,Tbd,,Unresolved family / relationship,HG_Engine_DS_Sprites,DS_CUSTOM_LIBRARY/packs/HG_Engine_DS_Sprites/rapidash_galarian/male/front.png,DS_CUSTOM_LIBRARY/packs/HG_Engine_DS_Sprites/rapidash_galarian/male/back.png,family/relationship
raskit,Raskit,Tbd,,Unresolved family / relationship,Festival_Magiscarf,DS_CUSTOM_LIBRARY/packs/Festival_Magiscarf/Magiscarf/Battlers Normal/Front/Raskit.png,DS_CUSTOM_LIBRARY/packs/Festival_Magiscarf/Magiscarf/Battlers Normal/Back/Raskit.png,family/relationship
raticate-alolan,Raticate Alolan,Tbd,,Unresolved family / relationship,Elite_Redux_Bulk,DS_CUSTOM_LIBRARY/converted/Elite_Redux_Bulk/raticate_alolan/front.png,DS_CUSTOM_LIBRARY/converted/Elite_Redux_Bulk/raticate_alolan/back.png,family/relationship
raticate-alolan-male,Raticate Alolan Male,Tbd,,Unresolved family / relationship,HG_Engine_DS_Sprites,DS_CUSTOM_LIBRARY/packs/HG_Engine_DS_Sprites/raticate_alolan/male/front.png,DS_CUSTOM_LIBRARY/packs/HG_Engine_DS_Sprites/raticate_alolan/male/back.png,family/relationship
rattata-alolan,Rattata Alolan,Tbd,,Unresolved family / relationship,Elite_Redux_Bulk,DS_CUSTOM_LIBRARY/converted/Elite_Redux_Bulk/rattata_alolan/front.png,DS_CUSTOM_LIBRARY/converted/Elite_Redux_Bulk/rattata_alolan/back.png,family/relationship
rattata-alolan-male,Rattata Alolan Male,Tbd,,Unresolved family / relationship,HG_Engine_DS_Sprites,DS_CUSTOM_LIBRARY/packs/HG_Engine_DS_Sprites/rattata_alolan/male/front.png,DS_CUSTOM_LIBRARY/packs/HG_Engine_DS_Sprites/rattata_alolan/male/back.png,family/relationship
rattata-redux,Rattata Redux,Tbd,,Unresolved family / relationship,Elite_Redux_Bulk,DS_CUSTOM_LIBRARY/converted/Elite_Redux_Bulk/rattata_redux/front.png,DS_CUSTOM_LIBRARY/converted/Elite_Redux_Bulk/rattata_redux/back.png,family/relationship
ravendler,Ravendler,Tbd,,Unresolved family / relationship,Mikitari,DS_CUSTOM_LIBRARY/packs/Mikitari/Fakemon Pack/Front/RAVENDLER.png,DS_CUSTOM_LIBRARY/packs/Mikitari/Fakemon Pack/Back/RAVENDLER.png,family/relationship
ravendler-female,Ravendler Female,Tbd,,Unresolved family / relationship,Mikitari,DS_CUSTOM_LIBRARY/packs/Mikitari/Fakemon Pack/Front/RAVENDLER_female.png,DS_CUSTOM_LIBRARY/packs/Mikitari/Fakemon Pack/Back/RAVENDLER_female.png,family/relationship
reaphid,Reaphid,Tbd,,Unresolved family / relationship,Festival_Magiscarf,DS_CUSTOM_LIBRARY/packs/Festival_Magiscarf/Magiscarf/Battlers Normal/Front/Reaphid.png,,family/relationship; back sprite
regional-diglett,Regional Diglett,Tbd,,Unresolved family / relationship,Festival_Scotsman,DS_CUSTOM_LIBRARY/packs/Festival_Scotsman/Scotsman/Regional_Diglett_Front.png,DS_CUSTOM_LIBRARY/packs/Festival_Scotsman/Scotsman/Regional_Diglett_Back.png,family/relationship
regional-dugtrio,Regional Dugtrio,Tbd,,Unresolved family / relationship,Festival_Scotsman,DS_CUSTOM_LIBRARY/packs/Festival_Scotsman/Scotsman/Regional_Dugtrio_Front.png,DS_CUSTOM_LIBRARY/packs/Festival_Scotsman/Scotsman/Regional_Dugtrio_Back.png,family/relationship
regional-eiscue-iceface,Regional Eiscue Iceface,Tbd,,Unresolved family / relationship,Festival_Scotsman,DS_CUSTOM_LIBRARY/packs/Festival_Scotsman/Scotsman/Regional_Eiscue_IceFace_Front.png,DS_CUSTOM_LIBRARY/packs/Festival_Scotsman/Scotsman/Regional_Eiscue_IceFace_Back.png,family/relationship
regional-eiscue-noice,Regional Eiscue Noice,Tbd,,Unresolved family / relationship,Festival_Scotsman,DS_CUSTOM_LIBRARY/packs/Festival_Scotsman/Scotsman/Regional_Eiscue_NoIce_Front.png,DS_CUSTOM_LIBRARY/packs/Festival_Scotsman/Scotsman/Regional_Eiscue_NoIce_Back.png,family/relationship
regional-magnemite,Regional Magnemite,Tbd,,Unresolved family / relationship,Festival_Scotsman,DS_CUSTOM_LIBRARY/packs/Festival_Scotsman/Scotsman/Regional_Magnemite_Front.png,DS_CUSTOM_LIBRARY/packs/Festival_Scotsman/Scotsman/Regional_Magnemite_Back.png,family/relationship
regional-magneton,Regional Magneton,Tbd,,Unresolved family / relationship,Festival_Scotsman,DS_CUSTOM_LIBRARY/packs/Festival_Scotsman/Scotsman/Regional_Magneton_Front.png,,family/relationship; back sprite
regional-munchlax,Regional Munchlax,Tbd,,Unresolved family / relationship,Festival_Scotsman,DS_CUSTOM_LIBRARY/packs/Festival_Scotsman/Scotsman/Regional_Munchlax_Front.png,DS_CUSTOM_LIBRARY/packs/Festival_Scotsman/Scotsman/Regional_Munchlax_Back.png,family/relationship
regional-snorlax,Regional Snorlax,Tbd,,Unresolved family / relationship,Festival_Scotsman,DS_CUSTOM_LIBRARY/packs/Festival_Scotsman/Scotsman/Regional_Snorlax_Front.png,DS_CUSTOM_LIBRARY/packs/Festival_Scotsman/Scotsman/Regional_Snorlax_Back.png,family/relationship
regional-venonat,Regional Venonat,Tbd,,Unresolved family / relationship,Festival_Scotsman,DS_CUSTOM_LIBRARY/packs/Festival_Scotsman/Scotsman/Regional_Venonat_Front.png,DS_CUSTOM_LIBRARY/packs/Festival_Scotsman/Scotsman/Regional_Venonat_Back.png,family/relationship
reguran,Reguran,Tbd,,Unresolved family / relationship,Fakemon_Festival_Full,DS_CUSTOM_LIBRARY/packs/Fakemon_Festival_Full/Fakemon Festival Pack/Altaira/Front/REGURAN.png,,family/relationship; back sprite
rexcadrill,Rexcadrill,Tbd,,Unresolved family / relationship,Elite_Redux_Bulk,DS_CUSTOM_LIBRARY/converted/Elite_Redux_Bulk/rexcadrill/front.png,DS_CUSTOM_LIBRARY/converted/Elite_Redux_Bulk/rexcadrill/back.png,family/relationship
rhinplink,Rhinplink,Tbd,,Unresolved family / relationship,Mikitari,DS_CUSTOM_LIBRARY/packs/Mikitari/Fakemon Pack/Front/RHINPLINK.png,DS_CUSTOM_LIBRARY/packs/Mikitari/Fakemon Pack/Back/RHINPLINK.png,family/relationship
rhintain,Rhintain,Tbd,,Unresolved family / relationship,Mikitari,DS_CUSTOM_LIBRARY/packs/Mikitari/Fakemon Pack/Front/RHINTAIN.png,DS_CUSTOM_LIBRARY/packs/Mikitari/Fakemon Pack/Back/RHINTAIN.png,family/relationship
rillaboom-mega,Mega Rillaboom,Grass,,Grookey,Elite_Redux_Bulk,DS_CUSTOM_LIBRARY/converted/Elite_Redux_Bulk/rillaboom_mega/front.png,,back sprite
rimpcrush,Rimpcrush,Tbd,,Unresolved family / relationship,Fakemon_Festival_Full,DS_CUSTOM_LIBRARY/packs/Fakemon_Festival_Full/Fakemon Festival Pack/Altaira/Front/RIMPCRUSH.png,,family/relationship; back sprite
rimpnint,Rimpnint,Tbd,,Unresolved family / relationship,Fakemon_Festival_Full,DS_CUSTOM_LIBRARY/packs/Fakemon_Festival_Full/Fakemon Festival Pack/Altaira/Front/RIMPNINT.png,,family/relationship; back sprite
roarmar,Roarmar,Tbd,,Unresolved family / relationship,Fakemon_Festival_Full,DS_CUSTOM_LIBRARY/packs/Fakemon_Festival_Full/Fakemon Festival Pack/Altaira/Front/ROARMAR.png,,family/relationship; back sprite
robustaur,Robustaur,Tbd,,Unresolved family / relationship,Festival_Magiscarf,DS_CUSTOM_LIBRARY/packs/Festival_Magiscarf/Magiscarf/Battlers Normal/Front/Robustaur.png,,family/relationship; back sprite
rockid-fairy,Rockid Fairy,Tbd,,Unresolved family / relationship,Festival_Magiscarf,DS_CUSTOM_LIBRARY/packs/Festival_Magiscarf/Magiscarf/Battlers Normal/Front/Rockid(Fairy).png,,family/relationship; back sprite
rockid-normal,Rockid Normal,Tbd,,Unresolved family / relationship,Festival_Magiscarf,DS_CUSTOM_LIBRARY/packs/Festival_Magiscarf/Magiscarf/Battlers Normal/Front/Rockid(Normal).png,,family/relationship; back sprite
rockid-steel,Rockid Steel,Tbd,,Unresolved family / relationship,Festival_Magiscarf,DS_CUSTOM_LIBRARY/packs/Festival_Magiscarf/Magiscarf/Battlers Normal/Front/Rockid(Steel).png,,family/relationship; back sprite
rocotton,Rocotton,Tbd,,Unresolved family / relationship,Festival_Magiscarf,DS_CUSTOM_LIBRARY/packs/Festival_Magiscarf/Magiscarf/Battlers Normal/Front/Rocotton.png,DS_CUSTOM_LIBRARY/packs/Festival_Magiscarf/Magiscarf/Battlers Normal/Back/Rocotton.png,family/relationship
rongett,Rongett,Tbd,,Unresolved family / relationship,Fakemon_Festival_Full,DS_CUSTOM_LIBRARY/packs/Fakemon_Festival_Full/Fakemon Festival Pack/Altaira/Front/RONGETT.png,,family/relationship; back sprite
roogilist,Roogilist,Tbd,,Unresolved family / relationship,Festival_Magiscarf,DS_CUSTOM_LIBRARY/packs/Festival_Magiscarf/Magiscarf/Battlers Normal/Front/Roogilist.png,,family/relationship; back sprite
rootsy,Rootsy,Tbd,,Unresolved family / relationship,Festival_Magiscarf,DS_CUSTOM_LIBRARY/packs/Festival_Magiscarf/Magiscarf/Battlers Normal/Front/Rootsy.png,,family/relationship; back sprite
roseling,Roseling,Tbd,,Unresolved family / relationship,Festival_Atsui,DS_CUSTOM_LIBRARY/packs/Festival_Atsui/Atsui/Pokemon/Front/ROSELING.png,,family/relationship; back sprite
rotom-6,Rotom 6,Tbd,,Unresolved family / relationship,Festival_Atsui,DS_CUSTOM_LIBRARY/packs/Festival_Atsui/Atsui/Pokemon/Front/ROTOM_6.png,,family/relationship; back sprite
rotom-7,Rotom 7,Tbd,,Unresolved family / relationship,Festival_Atsui,DS_CUSTOM_LIBRARY/packs/Festival_Atsui/Atsui/Pokemon/Front/ROTOM_7.png,,family/relationship; back sprite
salamber,Salamber,Tbd,,Unresolved family / relationship,Fakemon_Festival_Full,DS_CUSTOM_LIBRARY/packs/Fakemon_Festival_Full/Fakemon Festival Pack/Altaira/Front/SALAMBER.png,,family/relationship; back sprite
samurott-hisuian,Samurott Hisuian,Tbd,,Unresolved family / relationship,Elite_Redux_Bulk,DS_CUSTOM_LIBRARY/converted/Elite_Redux_Bulk/samurott_hisuian/front.png,DS_CUSTOM_LIBRARY/converted/Elite_Redux_Bulk/samurott_hisuian/back.png,family/relationship
samurott-hisuian-male,Samurott Hisuian Male,Tbd,,Unresolved family / relationship,HG_Engine_DS_Sprites,DS_CUSTOM_LIBRARY/packs/HG_Engine_DS_Sprites/samurott_hisuian/male/front.png,DS_CUSTOM_LIBRARY/packs/HG_Engine_DS_Sprites/samurott_hisuian/male/back.png,family/relationship
sanda,Sanda,Tbd,,Unresolved family / relationship,Festival_Magiscarf,DS_CUSTOM_LIBRARY/packs/Festival_Magiscarf/Magiscarf/Battlers Normal/Front/Sanda.png,,family/relationship; back sprite
sandaconda-mega,Mega Sandaconda,Ground,Flying,Silicobra,Elite_Redux_Bulk,DS_CUSTOM_LIBRARY/converted/Elite_Redux_Bulk/sandaconda_mega/front.png,,back sprite
sandli,Sandli,Tbd,,Unresolved family / relationship,Fakemon_Festival_Full,DS_CUSTOM_LIBRARY/packs/Fakemon_Festival_Full/Fakemon Festival Pack/Altaira/Front/SANDLI.png,DS_CUSTOM_LIBRARY/packs/Fakemon_Festival_Full/Fakemon Festival Pack/Altaira/Back/SANDLI.png,family/relationship
sandshrew-alolan,Sandshrew Alolan,Tbd,,Unresolved family / relationship,Elite_Redux_Bulk,DS_CUSTOM_LIBRARY/converted/Elite_Redux_Bulk/sandshrew_alolan/front.png,DS_CUSTOM_LIBRARY/converted/Elite_Redux_Bulk/sandshrew_alolan/back.png,family/relationship
sandshrew-alolan-male,Sandshrew Alolan Male,Tbd,,Unresolved family / relationship,HG_Engine_DS_Sprites,DS_CUSTOM_LIBRARY/packs/HG_Engine_DS_Sprites/sandshrew_alolan/male/front.png,DS_CUSTOM_LIBRARY/packs/HG_Engine_DS_Sprites/sandshrew_alolan/male/back.png,family/relationship
sandslash-alolan,Sandslash Alolan,Tbd,,Unresolved family / relationship,Elite_Redux_Bulk,DS_CUSTOM_LIBRARY/converted/Elite_Redux_Bulk/sandslash_alolan/front.png,DS_CUSTOM_LIBRARY/converted/Elite_Redux_Bulk/sandslash_alolan/back.png,family/relationship
sandslash-alolan-male,Sandslash Alolan Male,Tbd,,Unresolved family / relationship,HG_Engine_DS_Sprites,DS_CUSTOM_LIBRARY/packs/HG_Engine_DS_Sprites/sandslash_alolan/male/front.png,DS_CUSTOM_LIBRARY/packs/HG_Engine_DS_Sprites/sandslash_alolan/male/back.png,family/relationship
sandslash-alolan-mega,Sandslash Alolan Mega,Tbd,,Unresolved family / relationship,Elite_Redux_Bulk,DS_CUSTOM_LIBRARY/converted/Elite_Redux_Bulk/sandslash_alolan_mega/front.png,DS_CUSTOM_LIBRARY/converted/Elite_Redux_Bulk/sandslash_alolan_mega/back.png,family/relationship
sandslash-mega,Sandslash Mega,Tbd,,Unresolved family / relationship,Elite_Redux_Bulk,DS_CUSTOM_LIBRARY/converted/Elite_Redux_Bulk/sandslash_mega/front.png,DS_CUSTOM_LIBRARY/converted/Elite_Redux_Bulk/sandslash_mega/back.png,family/relationship
saurky,Saurky,Tbd,,Unresolved family / relationship,Festival_Magiscarf,DS_CUSTOM_LIBRARY/packs/Festival_Magiscarf/Magiscarf/Battlers Normal/Front/Saurky.png,,family/relationship; back sprite
scarambi,Scarambi,Tbd,,Unresolved family / relationship,Festival_Magiscarf,DS_CUSTOM_LIBRARY/packs/Festival_Magiscarf/Magiscarf/Battlers Normal/Front/Scarambi.png,,family/relationship; back sprite
scaropti,Scaropti,Tbd,,Unresolved family / relationship,Festival_Magiscarf,DS_CUSTOM_LIBRARY/packs/Festival_Magiscarf/Magiscarf/Battlers Normal/Front/Scaropti.png,,family/relationship; back sprite
scavengila,Scavengila,Tbd,,Unresolved family / relationship,Festival_Magiscarf,DS_CUSTOM_LIBRARY/packs/Festival_Magiscarf/Magiscarf/Battlers Normal/Front/Scavengila.png,,family/relationship; back sprite
scruffalo,Scruffalo,Tbd,,Unresolved family / relationship,Festival_Atsui,DS_CUSTOM_LIBRARY/packs/Festival_Atsui/Atsui/Pokemon/Front/SCRUFFALO.png,,family/relationship; back sprite
scruffian,Scruffian,Tbd,,Unresolved family / relationship,Festival_Magiscarf,DS_CUSTOM_LIBRARY/packs/Festival_Magiscarf/Magiscarf/Battlers Normal/Front/Scruffian.png,,family/relationship; back sprite
searpent,Searpent,Tbd,,Unresolved family / relationship,Mikitari,DS_CUSTOM_LIBRARY/packs/Mikitari/Fakemon Pack/Front/SEARPENT.png,DS_CUSTOM_LIBRARY/packs/Mikitari/Fakemon Pack/Back/SEARPENT.png,family/relationship
searpent,Searpent,Tbd,,Unresolved family / relationship,Festival_Magiscarf,DS_CUSTOM_LIBRARY/packs/Festival_Magiscarf/Magiscarf/Battlers Normal/Front/Searpent.png,DS_CUSTOM_LIBRARY/packs/Mikitari/Fakemon Pack/Back/SEARPENT.png,family/relationship
seegel,Seegel,Tbd,,Unresolved family / relationship,Earthretha,DS_CUSTOM_LIBRARY/packs/Earthretha/Earthretha Fakemon Pack/Graphics/Pokemon/Front/SEEGEL.png,DS_CUSTOM_LIBRARY/packs/Earthretha/Earthretha Fakemon Pack/Graphics/Pokemon/Back/SEEGEL.png,family/relationship
seiramp,Seiramp,Tbd,,Unresolved family / relationship,Fakemon_Festival_Full,DS_CUSTOM_LIBRARY/packs/Fakemon_Festival_Full/Fakemon Festival Pack/Altaira/Front/SEIRAMP.png,,family/relationship; back sprite
selenumbra,Selenumbra,Tbd,,Unresolved family / relationship,Elite_Redux_Bulk,DS_CUSTOM_LIBRARY/converted/Elite_Redux_Bulk/selenumbra/front.png,DS_CUSTOM_LIBRARY/converted/Elite_Redux_Bulk/selenumbra/back.png,family/relationship
shadeleon,Shadeleon,Tbd,,Unresolved family / relationship,Festival_Magiscarf,DS_CUSTOM_LIBRARY/packs/Festival_Magiscarf/Magiscarf/Battlers Normal/Front/Shadeleon.png,,family/relationship; back sprite
shaggot,Shaggot,Tbd,,Unresolved family / relationship,Mikitari,DS_CUSTOM_LIBRARY/packs/Mikitari/Fakemon Pack/Front/SHAGGOT.png,DS_CUSTOM_LIBRARY/packs/Mikitari/Fakemon Pack/Back/SHAGGOT.png,family/relationship
sharkip,Sharkip,Tbd,,Unresolved family / relationship,Earthretha,DS_CUSTOM_LIBRARY/packs/Earthretha/Earthretha Fakemon Pack/Graphics/Pokemon/Front/SHARKIP.png,,family/relationship; back sprite
shellos-east-sea-male,Shellos East Sea Male,Tbd,,Unresolved family / relationship,HG_Engine_DS_Sprites,DS_CUSTOM_LIBRARY/packs/HG_Engine_DS_Sprites/shellos_east_sea/male/front.png,DS_CUSTOM_LIBRARY/packs/HG_Engine_DS_Sprites/shellos_east_sea/male/back.png,family/relationship
shepmill,Shepmill,Tbd,,Unresolved family / relationship,Fakemon_Festival_Full,DS_CUSTOM_LIBRARY/packs/Fakemon_Festival_Full/Fakemon Festival Pack/Altaira/Front/SHEPMILL.png,,family/relationship; back sprite
shijami,Shijami,Tbd,,Unresolved family / relationship,Fakemon_Festival_Full,DS_CUSTOM_LIBRARY/packs/Fakemon_Festival_Full/Fakemon Festival Pack/Altaira/Front/SHIJAMI.png,,family/relationship; back sprite
shockfull,Shockfull,Tbd,,Unresolved family / relationship,Festival_Magiscarf,DS_CUSTOM_LIBRARY/packs/Festival_Magiscarf/Magiscarf/Battlers Normal/Front/Shockfull.png,,family/relationship; back sprite
shokoff,Shokoff,Tbd,,Unresolved family / relationship,Fakemon_Festival_Full,DS_CUSTOM_LIBRARY/packs/Fakemon_Festival_Full/Fakemon Festival Pack/Altaira/Front/SHOKOFF.png,,family/relationship; back sprite
shorelorn,Shorelorn,Tbd,,Unresolved family / relationship,Festival_Atsui,DS_CUSTOM_LIBRARY/packs/Festival_Atsui/Atsui/Pokemon/Front/SHORELORN.png,DS_CUSTOM_LIBRARY/packs/Festival_Atsui/Atsui/Pokemon/Back/SHORELORN.png,family/relationship
shyduck,Shyduck,Tbd,,Unresolved family / relationship,Elite_Redux_Bulk,DS_CUSTOM_LIBRARY/converted/Elite_Redux_Bulk/shyduck/front.png,DS_CUSTOM_LIBRARY/converted/Elite_Redux_Bulk/shyduck/back.png,family/relationship
silennium,Silennium,Tbd,,Unresolved family / relationship,Festival_Magiscarf,DS_CUSTOM_LIBRARY/packs/Festival_Magiscarf/Magiscarf/Battlers Normal/Front/Silennium.png,DS_CUSTOM_LIBRARY/packs/Festival_Magiscarf/Magiscarf/Battlers Normal/Back/Silennium.png,family/relationship
sinistimeow,Sinistimeow,Tbd,,Unresolved family / relationship,Fakemon_Festival_Full,DS_CUSTOM_LIBRARY/packs/Fakemon_Festival_Full/Fakemon Festival Pack/Altaira/Front/SINISTIMEOW.png,,family/relationship; back sprite
sizzly,Sizzly,Tbd,,Unresolved family / relationship,Festival_Magiscarf,DS_CUSTOM_LIBRARY/packs/Festival_Magiscarf/Magiscarf/Battlers Normal/Front/Sizzly.png,DS_CUSTOM_LIBRARY/packs/Festival_Magiscarf/Magiscarf/Battlers Normal/Back/Sizzly.png,family/relationship
skabi,Skabi,Tbd,,Unresolved family / relationship,Fakemon_Festival_Full,DS_CUSTOM_LIBRARY/packs/Fakemon_Festival_Full/Fakemon Festival Pack/Altaira/Front/SKABI.png,,family/relationship; back sprite
skelleks,Skelleks,Tbd,,Unresolved family / relationship,Festival_Magiscarf,DS_CUSTOM_LIBRARY/packs/Festival_Magiscarf/Magiscarf/Battlers Normal/Front/Skelleks.png,DS_CUSTOM_LIBRARY/packs/Festival_Magiscarf/Magiscarf/Battlers Normal/Back/Skelleks.png,family/relationship
skindling,Skindling,Tbd,,Unresolved family / relationship,Mikitari,DS_CUSTOM_LIBRARY/packs/Mikitari/Fakemon Pack/Front/SKINDLING.png,DS_CUSTOM_LIBRARY/packs/Mikitari/Fakemon Pack/Back/SKINDLING.png,family/relationship
skingnite,Skingnite,Tbd,,Unresolved family / relationship,Mikitari,DS_CUSTOM_LIBRARY/packs/Mikitari/Fakemon Pack/Front/SKINGNITE.png,DS_CUSTOM_LIBRARY/packs/Mikitari/Fakemon Pack/Back/SKINGNITE.png,family/relationship
slate,Slate,Tbd,,Unresolved family / relationship,Elite_Redux_Bulk,DS_CUSTOM_LIBRARY/converted/Elite_Redux_Bulk/slate/front.png,DS_CUSTOM_LIBRARY/converted/Elite_Redux_Bulk/slate/back.png,family/relationship
slence,Slence,Tbd,,Unresolved family / relationship,Fakemon_Festival_Full,DS_CUSTOM_LIBRARY/packs/Fakemon_Festival_Full/Fakemon Festival Pack/Altaira/Front/SLENCE.png,,family/relationship; back sprite
slidune,Slidune,Tbd,,Unresolved family / relationship,Mikitari,DS_CUSTOM_LIBRARY/packs/Mikitari/Fakemon Pack/Front/SLIDUNE.png,DS_CUSTOM_LIBRARY/packs/Mikitari/Fakemon Pack/Back/SLIDUNE.png,family/relationship
slidune-1,Slidune 1,Tbd,,Unresolved family / relationship,Mikitari,DS_CUSTOM_LIBRARY/packs/Mikitari/Fakemon Pack/Front/SLIDUNE_1.png,DS_CUSTOM_LIBRARY/packs/Mikitari/Fakemon Pack/Back/SLIDUNE_1.png,family/relationship
sliggoo-hisuian,Sliggoo Hisuian,Tbd,,Unresolved family / relationship,Elite_Redux_Bulk,DS_CUSTOM_LIBRARY/converted/Elite_Redux_Bulk/sliggoo_hisuian/front.png,DS_CUSTOM_LIBRARY/converted/Elite_Redux_Bulk/sliggoo_hisuian/back.png,family/relationship
sliggoo-hisuian-male,Sliggoo Hisuian Male,Tbd,,Unresolved family / relationship,HG_Engine_DS_Sprites,DS_CUSTOM_LIBRARY/packs/HG_Engine_DS_Sprites/sliggoo_hisuian/male/front.png,DS_CUSTOM_LIBRARY/packs/HG_Engine_DS_Sprites/sliggoo_hisuian/male/back.png,family/relationship
sligment,Sligment,Tbd,,Unresolved family / relationship,Festival_Magiscarf,DS_CUSTOM_LIBRARY/packs/Festival_Magiscarf/Magiscarf/Battlers Normal/Front/Sligment.png,DS_CUSTOM_LIBRARY/packs/Festival_Magiscarf/Magiscarf/Battlers Normal/Back/Sligment.png,family/relationship
slitch,Slitch,Tbd,,Unresolved family / relationship,Fakemon_Festival_Full,DS_CUSTOM_LIBRARY/packs/Fakemon_Festival_Full/Fakemon Festival Pack/Altaira/Front/SLITCH.png,,family/relationship; back sprite
slowbro-galarian,Slowbro Galarian,Tbd,,Unresolved family / relationship,Elite_Redux_Bulk,DS_CUSTOM_LIBRARY/converted/Elite_Redux_Bulk/slowbro_galarian/front.png,DS_CUSTOM_LIBRARY/converted/Elite_Redux_Bulk/slowbro_galarian/back.png,family/relationship
slowbro-galarian-male,Slowbro Galarian Male,Tbd,,Unresolved family / relationship,HG_Engine_DS_Sprites,DS_CUSTOM_LIBRARY/packs/HG_Engine_DS_Sprites/slowbro_galarian/male/front.png,DS_CUSTOM_LIBRARY/packs/HG_Engine_DS_Sprites/slowbro_galarian/male/back.png,family/relationship
slowking-galarian,Slowking Galarian,Tbd,,Unresolved family / relationship,Elite_Redux_Bulk,DS_CUSTOM_LIBRARY/converted/Elite_Redux_Bulk/slowking_galarian/front.png,DS_CUSTOM_LIBRARY/converted/Elite_Redux_Bulk/slowking_galarian/back.png,family/relationship
slowking-galarian-male,Slowking Galarian Male,Tbd,,Unresolved family / relationship,HG_Engine_DS_Sprites,DS_CUSTOM_LIBRARY/packs/HG_Engine_DS_Sprites/slowking_galarian/male/front.png,DS_CUSTOM_LIBRARY/packs/HG_Engine_DS_Sprites/slowking_galarian/male/back.png,family/relationship
slowpoke-galarian,Slowpoke Galarian,Tbd,,Unresolved family / relationship,Elite_Redux_Bulk,DS_CUSTOM_LIBRARY/converted/Elite_Redux_Bulk/slowpoke_galarian/front.png,,family/relationship; back sprite
slowpoke-galarian-male,Slowpoke Galarian Male,Tbd,,Unresolved family / relationship,HG_Engine_DS_Sprites,DS_CUSTOM_LIBRARY/packs/HG_Engine_DS_Sprites/slowpoke_galarian/male/front.png,DS_CUSTOM_LIBRARY/packs/HG_Engine_DS_Sprites/slowpoke_galarian/male/back.png,family/relationship
slugnami,Slugnami,Tbd,,Unresolved family / relationship,Festival_Lumio,DS_CUSTOM_LIBRARY/packs/Festival_Lumio/Lumio/Pokemon/Front/SLUGNAMI.png,DS_CUSTOM_LIBRARY/packs/Festival_Lumio/Lumio/Pokemon/Back/SLUGNAMI.png,family/relationship
slyduck,Slyduck,Tbd,,Unresolved family / relationship,Elite_Redux_Bulk,DS_CUSTOM_LIBRARY/converted/Elite_Redux_Bulk/slyduck/front.png,DS_CUSTOM_LIBRARY/converted/Elite_Redux_Bulk/slyduck/back.png,family/relationship
smoald,Smoald,Tbd,,Unresolved family / relationship,Festival_Magiscarf,DS_CUSTOM_LIBRARY/packs/Festival_Magiscarf/Magiscarf/Battlers Normal/Front/Smoald.png,DS_CUSTOM_LIBRARY/packs/Festival_Magiscarf/Magiscarf/Battlers Normal/Back/Smoald.png,family/relationship
snagatoof,Snagatoof,Tbd,,Unresolved family / relationship,Festival_Magiscarf,DS_CUSTOM_LIBRARY/packs/Festival_Magiscarf/Magiscarf/Battlers Normal/Front/Snagatoof.png,,family/relationship; back sprite
sneasel-hisuian,Sneasel Hisuian,Tbd,,Unresolved family / relationship,Elite_Redux_Bulk,DS_CUSTOM_LIBRARY/converted/Elite_Redux_Bulk/sneasel_hisuian/front.png,DS_CUSTOM_LIBRARY/converted/Elite_Redux_Bulk/sneasel_hisuian/back.png,family/relationship
sneasel-hisuian-female,Sneasel Hisuian Female,Tbd,,Unresolved family / relationship,HG_Engine_DS_Sprites,DS_CUSTOM_LIBRARY/packs/HG_Engine_DS_Sprites/sneasel_hisuian/female/front.png,DS_CUSTOM_LIBRARY/packs/HG_Engine_DS_Sprites/sneasel_hisuian/female/back.png,family/relationship
sneasel-hisuian-male,Sneasel Hisuian Male,Tbd,,Unresolved family / relationship,HG_Engine_DS_Sprites,DS_CUSTOM_LIBRARY/packs/HG_Engine_DS_Sprites/sneasel_hisuian/male/front.png,DS_CUSTOM_LIBRARY/packs/HG_Engine_DS_Sprites/sneasel_hisuian/male/back.png,family/relationship
sneepy,Sneepy,Tbd,,Unresolved family / relationship,Mikitari,DS_CUSTOM_LIBRARY/packs/Mikitari/Fakemon Pack/Front/SNEEPY.png,DS_CUSTOM_LIBRARY/packs/Mikitari/Fakemon Pack/Back/SNEEPY.png,family/relationship
snofsy,Snofsy,Tbd,,Unresolved family / relationship,Fakemon_Festival_Full,DS_CUSTOM_LIBRARY/packs/Fakemon_Festival_Full/Fakemon Festival Pack/Altaira/Front/SNOFSY.png,,family/relationship; back sprite
snome,Snome,Tbd,,Unresolved family / relationship,Festival_Magiscarf,DS_CUSTOM_LIBRARY/packs/Festival_Magiscarf/Magiscarf/Battlers Normal/Front/Snome.png,,family/relationship; back sprite
snowlide,Snowlide,Tbd,,Unresolved family / relationship,Fakemon_Festival_Full,DS_CUSTOM_LIBRARY/packs/Fakemon_Festival_Full/Fakemon Festival Pack/Altaira/Front/SNOWLIDE.png,,family/relationship; back sprite
snowly,Snowly,Tbd,,Unresolved family / relationship,Festival_Magiscarf,DS_CUSTOM_LIBRARY/packs/Festival_Magiscarf/Magiscarf/Battlers Normal/Front/Snowly.png,,family/relationship; back sprite
solituar,Solituar,Tbd,,Unresolved family / relationship,Fakemon_Festival_Full,DS_CUSTOM_LIBRARY/packs/Fakemon_Festival_Full/Fakemon Festival Pack/Altaira/Front/SOLITUAR.png,,family/relationship; back sprite
sorcepher,Sorcepher,Tbd,,Unresolved family / relationship,Festival_Magiscarf,DS_CUSTOM_LIBRARY/packs/Festival_Magiscarf/Magiscarf/Battlers Normal/Front/Sorcepher.png,,family/relationship; back sprite
spaceworld-likoliko,Spaceworld Likoliko,Tbd,,Unresolved family / relationship,Festival_Scotsman,DS_CUSTOM_LIBRARY/packs/Festival_Scotsman/Scotsman/Spaceworld Demo Sprites/Spaceworld_Likoliko_Front.png,DS_CUSTOM_LIBRARY/packs/Festival_Scotsman/Scotsman/Spaceworld Demo Sprites/Spaceworld_Likoliko_Back.png,family/relationship
spaceworld-meowzy,Spaceworld Meowzy,Tbd,,Unresolved family / relationship,Festival_Scotsman,DS_CUSTOM_LIBRARY/packs/Festival_Scotsman/Scotsman/Spaceworld Demo Sprites/Spaceworld_Meowzy_Front.png,DS_CUSTOM_LIBRARY/packs/Festival_Scotsman/Scotsman/Spaceworld Demo Sprites/Spaceworld_Meowzy_Back.png,family/relationship
spaceworld-octillary,Spaceworld Octillary,Tbd,,Unresolved family / relationship,Festival_Scotsman,DS_CUSTOM_LIBRARY/packs/Festival_Scotsman/Scotsman/Spaceworld Demo Sprites/Spaceworld_Octillary_Front.png,DS_CUSTOM_LIBRARY/packs/Festival_Scotsman/Scotsman/Spaceworld Demo Sprites/Spaceworld_Octillary_Back.png,family/relationship
spaceworld-para,Spaceworld Para,Tbd,,Unresolved family / relationship,Festival_Scotsman,DS_CUSTOM_LIBRARY/packs/Festival_Scotsman/Scotsman/Spaceworld Demo Sprites/Spaceworld_Para_Front.png,DS_CUSTOM_LIBRARY/packs/Festival_Scotsman/Scotsman/Spaceworld Demo Sprites/Spaceworld_Para_Back.png,family/relationship
spaceworld-puddi,Spaceworld Puddi,Tbd,,Unresolved family / relationship,Festival_Scotsman,DS_CUSTOM_LIBRARY/packs/Festival_Scotsman/Scotsman/Spaceworld Demo Sprites/Spaceworld_Puddi_Front.png,DS_CUSTOM_LIBRARY/packs/Festival_Scotsman/Scotsman/Spaceworld Demo Sprites/Spaceworld_Puddi_Back.png,family/relationship
spaceworld-remoraid,Spaceworld Remoraid,Tbd,,Unresolved family / relationship,Festival_Scotsman,DS_CUSTOM_LIBRARY/packs/Festival_Scotsman/Scotsman/Spaceworld Demo Sprites/Spaceworld_Remoraid_Front.png,DS_CUSTOM_LIBRARY/packs/Festival_Scotsman/Scotsman/Spaceworld Demo Sprites/Spaceworld_Remoraid_Back.png,family/relationship
spaceworld-tangel,Spaceworld Tangel,Tbd,,Unresolved family / relationship,Festival_Scotsman,DS_CUSTOM_LIBRARY/packs/Festival_Scotsman/Scotsman/Spaceworld Demo Sprites/Spaceworld_Tangel_Front.png,DS_CUSTOM_LIBRARY/packs/Festival_Scotsman/Scotsman/Spaceworld Demo Sprites/Spaceworld_Tangel_Back.png,family/relationship
spaceworld-turbann,Spaceworld Turbann,Tbd,,Unresolved family / relationship,Festival_Scotsman,DS_CUSTOM_LIBRARY/packs/Festival_Scotsman/Scotsman/Spaceworld Demo Sprites/Spaceworld_Turbann_Front.png,DS_CUSTOM_LIBRARY/packs/Festival_Scotsman/Scotsman/Spaceworld Demo Sprites/Spaceworld_Turbann_Back.png,family/relationship
spearow-redux,Spearow Redux,Tbd,,Unresolved family / relationship,Elite_Redux_Bulk,DS_CUSTOM_LIBRARY/converted/Elite_Redux_Bulk/spearow_redux/front.png,DS_CUSTOM_LIBRARY/converted/Elite_Redux_Bulk/spearow_redux/back.png,family/relationship
sphertle,Sphertle,Tbd,,Unresolved family / relationship,Mikitari,DS_CUSTOM_LIBRARY/packs/Mikitari/Fakemon Pack/Front/SPHERTLE.png,DS_CUSTOM_LIBRARY/packs/Mikitari/Fakemon Pack/Back/SPHERTLE.png,family/relationship
spigo,Spigo,Tbd,,Unresolved family / relationship,Fakemon_Festival_Full,DS_CUSTOM_LIBRARY/packs/Fakemon_Festival_Full/Fakemon Festival Pack/Altaira/Front/SPIGO.png,,family/relationship; back sprite
spikonsia,Spikonsia,Tbd,,Unresolved family / relationship,Festival_Magiscarf,DS_CUSTOM_LIBRARY/packs/Festival_Magiscarf/Magiscarf/Battlers Normal/Front/Spikonsia.png,,family/relationship; back sprite
spindaze,Spindaze,Tbd,,Unresolved family / relationship,Elite_Redux_Bulk,DS_CUSTOM_LIBRARY/converted/Elite_Redux_Bulk/spindaze/front.png,DS_CUSTOM_LIBRARY/converted/Elite_Redux_Bulk/spindaze/back.png,family/relationship
spiralusk,Spiralusk,Tbd,,Unresolved family / relationship,Festival_Magiscarf,DS_CUSTOM_LIBRARY/packs/Festival_Magiscarf/Magiscarf/Battlers Normal/Front/Spiralusk.png,,family/relationship; back sprite
spritzee-1,Spritzee 1,Tbd,,Unresolved family / relationship,Mikitari,DS_CUSTOM_LIBRARY/packs/Mikitari/Fakemon Pack/Front/SPRITZEE_1.png,DS_CUSTOM_LIBRARY/packs/Mikitari/Fakemon Pack/Back/SPRITZEE_1.png,family/relationship
sproutrap,Sproutrap,Tbd,,Unresolved family / relationship,Festival_Atsui,DS_CUSTOM_LIBRARY/packs/Festival_Atsui/Atsui/Pokemon/Front/SPROUTRAP.png,,family/relationship; back sprite
sproutsy,Sproutsy,Tbd,,Unresolved family / relationship,Mikitari,DS_CUSTOM_LIBRARY/packs/Mikitari/Fakemon Pack/Front/SPROUTSY.png,DS_CUSTOM_LIBRARY/packs/Mikitari/Fakemon Pack/Back/SPROUTSY.png,family/relationship
squizard,Squizard,Tbd,,Unresolved family / relationship,Festival_Magiscarf,DS_CUSTOM_LIBRARY/packs/Festival_Magiscarf/Magiscarf/Battlers Normal/Front/Squizard.png,,family/relationship; back sprite
stalad,Stalad,Tbd,,Unresolved family / relationship,Mikitari,DS_CUSTOM_LIBRARY/packs/Mikitari/Fakemon Pack/Front/STALAD.png,DS_CUSTOM_LIBRARY/packs/Mikitari/Fakemon Pack/Back/STALAD.png,family/relationship
stalass,Stalass,Tbd,,Unresolved family / relationship,Mikitari,DS_CUSTOM_LIBRARY/packs/Mikitari/Fakemon Pack/Front/STALASS.png,DS_CUSTOM_LIBRARY/packs/Mikitari/Fakemon Pack/Back/STALASS.png,family/relationship
steve,Steve,Tbd,,Unresolved family / relationship,Elite_Redux_Bulk,DS_CUSTOM_LIBRARY/converted/Elite_Redux_Bulk/steve/front.png,DS_CUSTOM_LIBRARY/converted/Elite_Redux_Bulk/steve/back.png,family/relationship
steve-real,Steve Real,Tbd,,Unresolved family / relationship,Elite_Redux_Bulk,DS_CUSTOM_LIBRARY/converted/Elite_Redux_Bulk/steve_real/front.png,DS_CUSTOM_LIBRARY/converted/Elite_Redux_Bulk/steve_real/back.png,family/relationship
stormanta,Stormanta,Tbd,,Unresolved family / relationship,Mikitari,DS_CUSTOM_LIBRARY/packs/Mikitari/Fakemon Pack/Front/STORMANTA.png,DS_CUSTOM_LIBRARY/packs/Mikitari/Fakemon Pack/Back/STORMANTA.png,family/relationship
storming,Storming,Tbd,,Unresolved family / relationship,Elite_Redux_Bulk,DS_CUSTOM_LIBRARY/converted/Elite_Redux_Bulk/storming/front.png,DS_CUSTOM_LIBRARY/converted/Elite_Redux_Bulk/storming/back.png,family/relationship
strivane,Strivane,Tbd,,Unresolved family / relationship,Festival_Magiscarf,DS_CUSTOM_LIBRARY/packs/Festival_Magiscarf/Magiscarf/Battlers Normal/Front/Strivane.png,,family/relationship; back sprite
strunk,Strunk,Tbd,,Unresolved family / relationship,Festival_Magiscarf,DS_CUSTOM_LIBRARY/packs/Festival_Magiscarf/Magiscarf/Battlers Normal/Front/Strunk.png,,family/relationship; back sprite
stubhorn-fairy,Stubhorn Fairy,Tbd,,Unresolved family / relationship,Festival_Magiscarf,DS_CUSTOM_LIBRARY/packs/Festival_Magiscarf/Magiscarf/Battlers Normal/Front/Stubhorn(Fairy).png,,family/relationship; back sprite
stubhorn-normal,Stubhorn Normal,Tbd,,Unresolved family / relationship,Festival_Magiscarf,DS_CUSTOM_LIBRARY/packs/Festival_Magiscarf/Magiscarf/Battlers Normal/Front/Stubhorn(Normal).png,,family/relationship; back sprite
stubhorn-steel,Stubhorn Steel,Tbd,,Unresolved family / relationship,Festival_Magiscarf,DS_CUSTOM_LIBRARY/packs/Festival_Magiscarf/Magiscarf/Battlers Normal/Front/Stubhorn(Steel).png,,family/relationship; back sprite
stunfisk-galarian,Stunfisk Galarian,Tbd,,Unresolved family / relationship,Elite_Redux_Bulk,DS_CUSTOM_LIBRARY/converted/Elite_Redux_Bulk/stunfisk_galarian/front.png,,family/relationship; back sprite
stunfisk-galarian-male,Stunfisk Galarian Male,Tbd,,Unresolved family / relationship,HG_Engine_DS_Sprites,DS_CUSTOM_LIBRARY/packs/HG_Engine_DS_Sprites/stunfisk_galarian/male/front.png,DS_CUSTOM_LIBRARY/packs/HG_Engine_DS_Sprites/stunfisk_galarian/male/back.png,family/relationship
subyss,Subyss,Tbd,,Unresolved family / relationship,Festival_Magiscarf,DS_CUSTOM_LIBRARY/packs/Festival_Magiscarf/Magiscarf/Battlers Normal/Front/Subyss.png,,family/relationship; back sprite
sufferub,Sufferub,Tbd,,Unresolved family / relationship,Mikitari,DS_CUSTOM_LIBRARY/packs/Mikitari/Fakemon Pack/Front/SUFFERUB.png,DS_CUSTOM_LIBRARY/packs/Mikitari/Fakemon Pack/Back/SUFFERUB.png,family/relationship
sunnydra,Sunnydra,Tbd,,Unresolved family / relationship,Festival_Atsui,DS_CUSTOM_LIBRARY/packs/Festival_Atsui/Atsui/Pokemon/Front/SUNNYDRA.png,,family/relationship; back sprite
swampage,Swampage,Tbd,,Unresolved family / relationship,Elite_Redux_Bulk,DS_CUSTOM_LIBRARY/converted/Elite_Redux_Bulk/swampage/front.png,DS_CUSTOM_LIBRARY/converted/Elite_Redux_Bulk/swampage/back.png,family/relationship
swampage-mega,Swampage Mega,Tbd,,Unresolved family / relationship,Elite_Redux_Bulk,DS_CUSTOM_LIBRARY/converted/Elite_Redux_Bulk/swampage_mega/front.png,DS_CUSTOM_LIBRARY/converted/Elite_Redux_Bulk/swampage_mega/back.png,family/relationship
sycoral,Sycoral,Tbd,,Unresolved family / relationship,Festival_Magiscarf,DS_CUSTOM_LIBRARY/packs/Festival_Magiscarf/Magiscarf/Battlers Normal/Front/Sycoral.png,,family/relationship; back sprite
synopede,Synopede,Tbd,,Unresolved family / relationship,Festival_Magiscarf,DS_CUSTOM_LIBRARY/packs/Festival_Magiscarf/Magiscarf/Battlers Normal/Front/Synopede.png,,family/relationship; back sprite
taimber,Taimber,Tbd,,Unresolved family / relationship,Fakemon_Festival_Full,DS_CUSTOM_LIBRARY/packs/Fakemon_Festival_Full/Fakemon Festival Pack/Altaira/Front/TAIMBER.png,,family/relationship; back sprite
tauros-combat-male,Tauros Combat Male,Tbd,,Unresolved family / relationship,HG_Engine_DS_Sprites,DS_CUSTOM_LIBRARY/packs/HG_Engine_DS_Sprites/tauros_combat/male/front.png,DS_CUSTOM_LIBRARY/packs/HG_Engine_DS_Sprites/tauros_combat/male/back.png,family/relationship
tekagon,Tekagon,Tbd,,Unresolved family / relationship,Festival_Misc,DS_CUSTOM_LIBRARY/packs/Festival_Misc/Misc/Fronts/Tekagon.png,,family/relationship; back sprite
tektalon,Tektalon,Tbd,,Unresolved family / relationship,Mikitari,DS_CUSTOM_LIBRARY/packs/Mikitari/Fakemon Pack/Front/TEKTALON.png,DS_CUSTOM_LIBRARY/packs/Mikitari/Fakemon Pack/Back/TEKTALON.png,family/relationship
tektalon-1,Tektalon 1,Tbd,,Unresolved family / relationship,Mikitari,DS_CUSTOM_LIBRARY/packs/Mikitari/Fakemon Pack/Front/TEKTALON_1.png,DS_CUSTOM_LIBRARY/packs/Mikitari/Fakemon Pack/Back/TEKTALON_1.png,family/relationship
tenma,Tenma,Tbd,,Unresolved family / relationship,Fakemon_Festival_Full,DS_CUSTOM_LIBRARY/packs/Fakemon_Festival_Full/Fakemon Festival Pack/Altaira/Front/TENMA.png,,family/relationship; back sprite
terapagos-stellar-male,Terapagos Stellar Male,Tbd,,Unresolved family / relationship,HG_Engine_DS_Sprites,DS_CUSTOM_LIBRARY/packs/HG_Engine_DS_Sprites/terapagos_stellar/male/front.png,DS_CUSTOM_LIBRARY/packs/HG_Engine_DS_Sprites/terapagos_stellar/male/back.png,family/relationship
thiefire,Thiefire,Tbd,,Unresolved family / relationship,Earthretha,DS_CUSTOM_LIBRARY/packs/Earthretha/Earthretha Fakemon Pack/Graphics/Pokemon/Front/THIEFIRE.png,DS_CUSTOM_LIBRARY/packs/Earthretha/Earthretha Fakemon Pack/Graphics/Pokemon/Back/THIEFIRE.png,family/relationship
thissblade,Thissblade,Tbd,,Unresolved family / relationship,Festival_Magiscarf,DS_CUSTOM_LIBRARY/packs/Festival_Magiscarf/Magiscarf/Battlers Normal/Front/Thissblade.png,,family/relationship; back sprite
tidoral,Tidoral,Tbd,,Unresolved family / relationship,Festival_Magiscarf,DS_CUSTOM_LIBRARY/packs/Festival_Magiscarf/Magiscarf/Battlers Normal/Front/Tidoral.png,,family/relationship; back sprite
timberry,Timberry,Tbd,,Unresolved family / relationship,Festival_Magiscarf,DS_CUSTOM_LIBRARY/packs/Festival_Magiscarf/Magiscarf/Battlers Normal/Front/Timberry.png,DS_CUSTOM_LIBRARY/packs/Festival_Magiscarf/Magiscarf/Battlers Normal/Back/Timberry.png,family/relationship
timbrian,Timbrian,Tbd,,Unresolved family / relationship,Fakemon_Festival_Full,DS_CUSTOM_LIBRARY/packs/Fakemon_Festival_Full/Fakemon Festival Pack/Altaira/Front/TIMBRIAN.png,,family/relationship; back sprite
timpot,Timpot,Tbd,,Unresolved family / relationship,Mikitari,DS_CUSTOM_LIBRARY/packs/Mikitari/Fakemon Pack/Front/TIMPOT.png,DS_CUSTOM_LIBRARY/packs/Mikitari/Fakemon Pack/Back/TIMPOT.png,family/relationship
tindursa,Tindursa,Tbd,,Unresolved family / relationship,Festival_Magiscarf,DS_CUSTOM_LIBRARY/packs/Festival_Magiscarf/Magiscarf/Battlers Normal/Front/Tindursa.png,DS_CUSTOM_LIBRARY/packs/Festival_Magiscarf/Magiscarf/Battlers Normal/Back/Tindursa.png,family/relationship
tormine,Tormine,Tbd,,Unresolved family / relationship,Festival_Lumio,DS_CUSTOM_LIBRARY/packs/Festival_Lumio/Lumio/Pokemon/Front/TORMINE.png,DS_CUSTOM_LIBRARY/packs/Festival_Lumio/Lumio/Pokemon/Back/TORMINE.png,family/relationship
torrentula,Torrentula,Tbd,,Unresolved family / relationship,Elite_Redux_Bulk,DS_CUSTOM_LIBRARY/converted/Elite_Redux_Bulk/torrentula/front.png,DS_CUSTOM_LIBRARY/converted/Elite_Redux_Bulk/torrentula/back.png,family/relationship
trablur,Trablur,Tbd,,Unresolved family / relationship,Festival_Magiscarf,DS_CUSTOM_LIBRARY/packs/Festival_Magiscarf/Magiscarf/Battlers Normal/Front/Trablur.png,,family/relationship; back sprite
trantima,Trantima,Tbd,,Unresolved family / relationship,Festival_Misc,DS_CUSTOM_LIBRARY/packs/Festival_Misc/Misc/Fronts/Trantima.png,,family/relationship; back sprite
traumatisse,Traumatisse,Tbd,,Unresolved family / relationship,Mikitari,DS_CUSTOM_LIBRARY/packs/Mikitari/Fakemon Pack/Front/TRAUMATISSE.png,DS_CUSTOM_LIBRARY/packs/Mikitari/Fakemon Pack/Back/TRAUMATISSE.png,family/relationship
treesmas,Treesmas,Tbd,,Unresolved family / relationship,Earthretha,DS_CUSTOM_LIBRARY/packs/Earthretha/Earthretha Fakemon Pack/Graphics/Pokemon/Front/TREESMAS.png,DS_CUSTOM_LIBRARY/packs/Earthretha/Earthretha Fakemon Pack/Graphics/Pokemon/Back/TREESMAS.png,family/relationship
tregelyph,Tregelyph,Tbd,,Unresolved family / relationship,Festival_Atsui,DS_CUSTOM_LIBRARY/packs/Festival_Atsui/Atsui/Pokemon/Front/TREGELYPH.png,,family/relationship; back sprite
triastick,Triastick,Tbd,,Unresolved family / relationship,Festival_Magiscarf,DS_CUSTOM_LIBRARY/packs/Festival_Magiscarf/Magiscarf/Battlers Normal/Front/Triastick.png,,family/relationship; back sprite
tribbug,Tribbug,Tbd,,Unresolved family / relationship,Fakemon_Festival_Full,DS_CUSTOM_LIBRARY/packs/Fakemon_Festival_Full/Fakemon Festival Pack/Altaira/Front/TRIBBUG.png,,family/relationship; back sprite
trickish,Trickish,Tbd,,Unresolved family / relationship,Festival_Atsui,DS_CUSTOM_LIBRARY/packs/Festival_Atsui/Atsui/Pokemon/Front/TRICKISH.png,,family/relationship; back sprite
tropetite,Tropetite,Tbd,,Unresolved family / relationship,Festival_Atsui,DS_CUSTOM_LIBRARY/packs/Festival_Atsui/Atsui/Pokemon/Front/TROPETITE.png,,family/relationship; back sprite
troutle,Troutle,Tbd,,Unresolved family / relationship,Mikitari,DS_CUSTOM_LIBRARY/packs/Mikitari/Fakemon Pack/Front/TROUTLE.png,DS_CUSTOM_LIBRARY/packs/Mikitari/Fakemon Pack/Back/TROUTLE.png,family/relationship
trunkorn,Trunkorn,Tbd,,Unresolved family / relationship,Mikitari,DS_CUSTOM_LIBRARY/packs/Mikitari/Fakemon Pack/Front/TRUNKORN.png,DS_CUSTOM_LIBRARY/packs/Mikitari/Fakemon Pack/Back/TRUNKORN.png,family/relationship
tuffettry,Tuffettry,Tbd,,Unresolved family / relationship,Festival_Magiscarf,DS_CUSTOM_LIBRARY/packs/Festival_Magiscarf/Magiscarf/Battlers Normal/Front/Tuffettry.png,DS_CUSTOM_LIBRARY/packs/Festival_Magiscarf/Magiscarf/Battlers Normal/Back/Tuffettry.png,family/relationship
turbatic,Turbatic,Tbd,,Unresolved family / relationship,Festival_Magiscarf,DS_CUSTOM_LIBRARY/packs/Festival_Magiscarf/Magiscarf/Battlers Normal/Front/Turbatic.png,,family/relationship; back sprite
twins-betamon,Twins Betamon,Tbd,,Unresolved family / relationship,Earthretha,DS_CUSTOM_LIBRARY/packs/Earthretha/Earthretha Fakemon Pack/Graphics/Pokemon/Front/TWINS (Betamon).png,DS_CUSTOM_LIBRARY/packs/Earthretha/Earthretha Fakemon Pack/Graphics/Pokemon/Back/Gen 5 Back/TWINS (Betamon).png,family/relationship
typhlosion-hisuian-male,Typhlosion Hisuian Male,Tbd,,Unresolved family / relationship,HG_Engine_DS_Sprites,DS_CUSTOM_LIBRARY/packs/HG_Engine_DS_Sprites/typhlosion_hisuian/male/front.png,DS_CUSTOM_LIBRARY/packs/HG_Engine_DS_Sprites/typhlosion_hisuian/male/back.png,family/relationship
umbreeze,Umbreeze,Tbd,,Unresolved family / relationship,Festival_Magiscarf,DS_CUSTOM_LIBRARY/packs/Festival_Magiscarf/Magiscarf/Battlers Normal/Front/Umbreeze.png,DS_CUSTOM_LIBRARY/packs/Festival_Magiscarf/Magiscarf/Battlers Normal/Back/Umbreeze.png,family/relationship
unex,Unex,Tbd,,Unresolved family / relationship,Fakemon_Festival_Full,DS_CUSTOM_LIBRARY/packs/Fakemon_Festival_Full/Fakemon Festival Pack/Altaira/Front/UNEX.png,,family/relationship; back sprite
unnamed-betamon,Unnamed Betamon,Tbd,,Unresolved family / relationship,Earthretha,DS_CUSTOM_LIBRARY/packs/Earthretha/Earthretha Fakemon Pack/Graphics/Pokemon/Front/UNNAMED (Betamon).png,DS_CUSTOM_LIBRARY/packs/Earthretha/Earthretha Fakemon Pack/Graphics/Pokemon/Back/UNNAMED (Betamon).png,family/relationship
unnamed-komodo-dragon,Unnamed Komodo Dragon,Tbd,,Unresolved family / relationship,Festival_Lumio,DS_CUSTOM_LIBRARY/packs/Festival_Lumio/Lumio/Pokemon/Front/UNNAMED_KOMODO_DRAGON.png,,family/relationship; back sprite
unnamedgrounddragon,Unnamedgrounddragon,Tbd,,Unresolved family / relationship,Festival_Magiscarf,DS_CUSTOM_LIBRARY/packs/Festival_Magiscarf/Magiscarf/Battlers Normal/Front/UnnamedGroundDragon.png,,family/relationship; back sprite
unnamedgrounddragon2,Unnamedgrounddragon2,Tbd,,Unresolved family / relationship,Festival_Magiscarf,DS_CUSTOM_LIBRARY/packs/Festival_Magiscarf/Magiscarf/Battlers Normal/Front/UnnamedGroundDragon2.png,,family/relationship; back sprite
unnamedquilfishevo,Unnamedquilfishevo,Tbd,,Unresolved family / relationship,Festival_Atsui,DS_CUSTOM_LIBRARY/packs/Festival_Atsui/Atsui/Pokemon/Front/UNNAMEDQUILFISHEVO.png,,family/relationship; back sprite
unown-emark,Unown Emark,Tbd,,Unresolved family / relationship,Elite_Redux_Bulk,DS_CUSTOM_LIBRARY/converted/Elite_Redux_Bulk/unown_emark/front.png,DS_CUSTOM_LIBRARY/converted/Elite_Redux_Bulk/unown_emark/back.png,family/relationship
unown-qmark,Unown Qmark,Tbd,,Unresolved family / relationship,Elite_Redux_Bulk,DS_CUSTOM_LIBRARY/converted/Elite_Redux_Bulk/unown_qmark/front.png,DS_CUSTOM_LIBRARY/converted/Elite_Redux_Bulk/unown_qmark/back.png,family/relationship
upspark,Upspark,Tbd,,Unresolved family / relationship,Festival_Magiscarf,DS_CUSTOM_LIBRARY/packs/Festival_Magiscarf/Magiscarf/Battlers Normal/Front/Upspark.png,,family/relationship; back sprite
vamingo,Vamingo,Tbd,,Unresolved family / relationship,Festival_Magiscarf,DS_CUSTOM_LIBRARY/packs/Festival_Magiscarf/Magiscarf/Battlers Normal/Front/Vamingo.png,,family/relationship; back sprite
varmot,Varmot,Tbd,,Unresolved family / relationship,Festival_Magiscarf,DS_CUSTOM_LIBRARY/packs/Festival_Magiscarf/Magiscarf/Battlers Normal/Front/Varmot.png,,family/relationship; back sprite
veilow,Veilow,Tbd,,Unresolved family / relationship,Fakemon_Festival_Full,DS_CUSTOM_LIBRARY/packs/Fakemon_Festival_Full/Fakemon Festival Pack/Altaira/Front/VEILOW.png,,family/relationship; back sprite
velamour,Velamour,Tbd,,Unresolved family / relationship,Festival_Magiscarf,DS_CUSTOM_LIBRARY/packs/Festival_Magiscarf/Magiscarf/Battlers Normal/Front/Velamour.png,,family/relationship; back sprite
velozel,Velozel,Tbd,,Unresolved family / relationship,Elite_Redux_Bulk,DS_CUSTOM_LIBRARY/converted/Elite_Redux_Bulk/velozel/front.png,DS_CUSTOM_LIBRARY/converted/Elite_Redux_Bulk/velozel/back.png,family/relationship
venorog,Venorog,Tbd,,Unresolved family / relationship,Fakemon_Festival_Full,DS_CUSTOM_LIBRARY/packs/Fakemon_Festival_Full/Fakemon Festival Pack/Altaira/Front/VENOROG.png,,family/relationship; back sprite
victreebel-redux,Victreebel Redux,Tbd,,Unresolved family / relationship,Elite_Redux_Bulk,DS_CUSTOM_LIBRARY/converted/Elite_Redux_Bulk/victreebel_redux/front.png,DS_CUSTOM_LIBRARY/converted/Elite_Redux_Bulk/victreebel_redux/back.png,family/relationship
vileplume-1,Earthrethian VILEPLUME,Fire,Steel,Unresolved family / relationship,Earthretha,DS_CUSTOM_LIBRARY/packs/Earthretha/Earthretha Fakemon Pack/Graphics/Pokemon/Front/VILEPLUME_1.png,DS_CUSTOM_LIBRARY/packs/Earthretha/Earthretha Fakemon Pack/Graphics/Pokemon/Back/VILEPLUME_1.png,family/relationship
viscolor,Viscolor,Tbd,,Unresolved family / relationship,Festival_Magiscarf,DS_CUSTOM_LIBRARY/packs/Festival_Magiscarf/Magiscarf/Battlers Normal/Front/Viscolor.png,DS_CUSTOM_LIBRARY/packs/Festival_Magiscarf/Magiscarf/Battlers Normal/Back/Viscolor.png,family/relationship
vitail,Vitail,Tbd,,Unresolved family / relationship,Festival_Magiscarf,DS_CUSTOM_LIBRARY/packs/Festival_Magiscarf/Magiscarf/Battlers Normal/Front/Vitail.png,,family/relationship; back sprite
vizitid,Vizitid,Tbd,,Unresolved family / relationship,Festival_Magiscarf,DS_CUSTOM_LIBRARY/packs/Festival_Magiscarf/Magiscarf/Battlers Normal/Front/Vizitid.png,,family/relationship; back sprite
voltorb-hisuian,Voltorb Hisuian,Tbd,,Unresolved family / relationship,Elite_Redux_Bulk,DS_CUSTOM_LIBRARY/converted/Elite_Redux_Bulk/voltorb_hisuian/front.png,DS_CUSTOM_LIBRARY/converted/Elite_Redux_Bulk/voltorb_hisuian/back.png,family/relationship
voltorb-hisuian-male,Voltorb Hisuian Male,Tbd,,Unresolved family / relationship,HG_Engine_DS_Sprites,DS_CUSTOM_LIBRARY/packs/HG_Engine_DS_Sprites/voltorb_hisuian/male/front.png,DS_CUSTOM_LIBRARY/packs/HG_Engine_DS_Sprites/voltorb_hisuian/male/back.png,family/relationship
vulpix-alolan,Vulpix Alolan,Tbd,,Unresolved family / relationship,Elite_Redux_Bulk,DS_CUSTOM_LIBRARY/converted/Elite_Redux_Bulk/vulpix_alolan/front.png,,family/relationship; back sprite
vulpix-alolan-male,Vulpix Alolan Male,Tbd,,Unresolved family / relationship,HG_Engine_DS_Sprites,DS_CUSTOM_LIBRARY/packs/HG_Engine_DS_Sprites/vulpix_alolan/male/front.png,DS_CUSTOM_LIBRARY/packs/HG_Engine_DS_Sprites/vulpix_alolan/male/back.png,family/relationship
wacish,Wacish,Tbd,,Unresolved family / relationship,Fakemon_Festival_Full,DS_CUSTOM_LIBRARY/packs/Fakemon_Festival_Full/Fakemon Festival Pack/Altaira/Front/WACISH.png,,family/relationship; back sprite
waveece,Waveece,Tbd,,Unresolved family / relationship,Fakemon_Festival_Full,DS_CUSTOM_LIBRARY/packs/Fakemon_Festival_Full/Fakemon Festival Pack/Altaira/Front/WAVEECE.png,,family/relationship; back sprite
weaby,Weaby,Tbd,,Unresolved family / relationship,Fakemon_Festival_Full,DS_CUSTOM_LIBRARY/packs/Fakemon_Festival_Full/Fakemon Festival Pack/Altaira/Front/WEABY.png,,family/relationship; back sprite
webruiser,Webruiser,Tbd,,Unresolved family / relationship,Festival_Scotsman,DS_CUSTOM_LIBRARY/packs/Festival_Scotsman/Scotsman/Webruiser_Front.png,DS_CUSTOM_LIBRARY/packs/Festival_Scotsman/Scotsman/Webruiser_Back.png,family/relationship
weedle-redux,Weedle Redux,Tbd,,Unresolved family / relationship,Elite_Redux_Bulk,DS_CUSTOM_LIBRARY/converted/Elite_Redux_Bulk/weedle_redux/front.png,DS_CUSTOM_LIBRARY/converted/Elite_Redux_Bulk/weedle_redux/back.png,family/relationship
weepinbell-redux,Weepinbell Redux,Tbd,,Unresolved family / relationship,Elite_Redux_Bulk,DS_CUSTOM_LIBRARY/converted/Elite_Redux_Bulk/weepinbell_redux/front.png,DS_CUSTOM_LIBRARY/converted/Elite_Redux_Bulk/weepinbell_redux/back.png,family/relationship
weezing-galarian-male,Weezing Galarian Male,Tbd,,Unresolved family / relationship,HG_Engine_DS_Sprites,DS_CUSTOM_LIBRARY/packs/HG_Engine_DS_Sprites/weezing_galarian/male/front.png,DS_CUSTOM_LIBRARY/packs/HG_Engine_DS_Sprites/weezing_galarian/male/back.png,family/relationship
wigglytuff-mega,Wigglytuff Mega,Tbd,,Unresolved family / relationship,Elite_Redux_Bulk,DS_CUSTOM_LIBRARY/converted/Elite_Redux_Bulk/wigglytuff_mega/front.png,DS_CUSTOM_LIBRARY/converted/Elite_Redux_Bulk/wigglytuff_mega/back.png,family/relationship
wigglytuff-mega-x,Wigglytuff Mega X,Tbd,,Unresolved family / relationship,Elite_Redux_Bulk,DS_CUSTOM_LIBRARY/converted/Elite_Redux_Bulk/wigglytuff_mega_x/front.png,DS_CUSTOM_LIBRARY/converted/Elite_Redux_Bulk/wigglytuff_mega_x/back.png,family/relationship
wigglytuff-primal,Wigglytuff Primal,Tbd,,Unresolved family / relationship,Elite_Redux_Bulk,DS_CUSTOM_LIBRARY/converted/Elite_Redux_Bulk/wigglytuff_primal/front.png,DS_CUSTOM_LIBRARY/converted/Elite_Redux_Bulk/wigglytuff_primal/back.png,family/relationship
winbee,Winbee,Tbd,,Unresolved family / relationship,Fakemon_Festival_Full,DS_CUSTOM_LIBRARY/packs/Fakemon_Festival_Full/Fakemon Festival Pack/Altaira/Front/WINBEE.png,,family/relationship; back sprite
winkami,Winkami,Tbd,,Unresolved family / relationship,Festival_Magiscarf,DS_CUSTOM_LIBRARY/packs/Festival_Magiscarf/Magiscarf/Battlers Normal/Front/Winkami.png,,family/relationship; back sprite
winkap,Winkap,Tbd,,Unresolved family / relationship,Festival_Magiscarf,DS_CUSTOM_LIBRARY/packs/Festival_Magiscarf/Magiscarf/Battlers Normal/Front/Winkap.png,,family/relationship; back sprite
winking,Winking,Tbd,,Unresolved family / relationship,Fakemon_Festival_Full,DS_CUSTOM_LIBRARY/packs/Fakemon_Festival_Full/Fakemon Festival Pack/Altaira/Front/WINKING.png,,family/relationship; back sprite
winkip,Winkip,Tbd,,Unresolved family / relationship,Festival_Magiscarf,DS_CUSTOM_LIBRARY/packs/Festival_Magiscarf/Magiscarf/Battlers Normal/Front/Winkip.png,,family/relationship; back sprite
winqueen,Winqueen,Tbd,,Unresolved family / relationship,Fakemon_Festival_Full,DS_CUSTOM_LIBRARY/packs/Fakemon_Festival_Full/Fakemon Festival Pack/Altaira/Front/WINQUEEN.png,,family/relationship; back sprite
wispywaspy,Wispywaspy,Tbd,,Unresolved family / relationship,Elite_Redux_Bulk,DS_CUSTOM_LIBRARY/converted/Elite_Redux_Bulk/wispywaspy/front.png,DS_CUSTOM_LIBRARY/converted/Elite_Redux_Bulk/wispywaspy/back.png,family/relationship
wispywaspy-hivemind,Wispywaspy Hivemind,Tbd,,Unresolved family / relationship,Elite_Redux_Bulk,DS_CUSTOM_LIBRARY/converted/Elite_Redux_Bulk/wispywaspy_hivemind/front.png,DS_CUSTOM_LIBRARY/converted/Elite_Redux_Bulk/wispywaspy_hivemind/back.png,family/relationship
witherade,Witherade,Tbd,,Unresolved family / relationship,Festival_Atsui,DS_CUSTOM_LIBRARY/packs/Festival_Atsui/Atsui/Pokemon/Front/WITHERADE.png,,family/relationship; back sprite
woodill,Woodill,Tbd,,Unresolved family / relationship,Fakemon_Festival_Full,DS_CUSTOM_LIBRARY/packs/Fakemon_Festival_Full/Fakemon Festival Pack/Altaira/Front/WOODILL.png,,family/relationship; back sprite
wooly-worm,Wooly Worm,Tbd,,Unresolved family / relationship,Elite_Redux_Bulk,DS_CUSTOM_LIBRARY/converted/Elite_Redux_Bulk/wooly_worm/front.png,DS_CUSTOM_LIBRARY/converted/Elite_Redux_Bulk/wooly_worm/back.png,family/relationship
wooper-1,Wooper 1,Tbd,,Unresolved family / relationship,Festival_Atsui,DS_CUSTOM_LIBRARY/packs/Festival_Atsui/Atsui/Pokemon/Front/WOOPER_1.png,,family/relationship; back sprite
wooper-paldean,Wooper Paldean,Tbd,,Unresolved family / relationship,Elite_Redux_Bulk,DS_CUSTOM_LIBRARY/converted/Elite_Redux_Bulk/wooper_paldean/front.png,DS_CUSTOM_LIBRARY/converted/Elite_Redux_Bulk/wooper_paldean/back.png,family/relationship
wooper-paldean-male,Wooper Paldean Male,Tbd,,Unresolved family / relationship,HG_Engine_DS_Sprites,DS_CUSTOM_LIBRARY/packs/HG_Engine_DS_Sprites/wooper_paldean/male/front.png,DS_CUSTOM_LIBRARY/packs/HG_Engine_DS_Sprites/wooper_paldean/male/back.png,family/relationship
wormadam-sandy-cloak,Wormadam Sandy Cloak,Bug,Ground,Burmy,Elite_Redux_Bulk,DS_CUSTOM_LIBRARY/converted/Elite_Redux_Bulk/wormadam_sandy_cloak/front.png,,back sprite
wroomtoise,Wroomtoise,Tbd,,Unresolved family / relationship,Mikitari,DS_CUSTOM_LIBRARY/packs/Mikitari/Fakemon Pack/Front/WROOMTOISE.png,DS_CUSTOM_LIBRARY/packs/Mikitari/Fakemon Pack/Back/WROOMTOISE.png,family/relationship
wyntry,Wyntry,Tbd,,Unresolved family / relationship,Festival_Magiscarf,DS_CUSTOM_LIBRARY/packs/Festival_Magiscarf/Magiscarf/Battlers Normal/Front/Wyntry.png,,family/relationship; back sprite
xapling,Xapling,Electric,,Kudo → Doechi → Pansimi → Panpour → Pansage → Pansear → Pasturlo → Brambull → Maizotaur → Sweetcheep → Gourdizal → X → Xurkitree → Xapling,Festival_Misc,DS_CUSTOM_LIBRARY/packs/Festival_Misc/Misc/Fronts/Xapling.png,,back sprite
yamask-2,Yamask 2,Tbd,,Unresolved family / relationship,Mikitari,DS_CUSTOM_LIBRARY/packs/Mikitari/Fakemon Pack/Front/YAMASK_2.png,DS_CUSTOM_LIBRARY/packs/Mikitari/Fakemon Pack/Back/YAMASK_2.png,family/relationship
yamask-galarian,Yamask Galarian,Tbd,,Unresolved family / relationship,Elite_Redux_Bulk,DS_CUSTOM_LIBRARY/converted/Elite_Redux_Bulk/yamask_galarian/front.png,,family/relationship; back sprite
yamask-galarian-male,Yamask Galarian Male,Tbd,,Unresolved family / relationship,HG_Engine_DS_Sprites,DS_CUSTOM_LIBRARY/packs/HG_Engine_DS_Sprites/yamask_galarian/male/front.png,DS_CUSTOM_LIBRARY/packs/HG_Engine_DS_Sprites/yamask_galarian/male/back.png,family/relationship
zapdos-ex-mega,Zapdos Ex Mega,Tbd,,Unresolved family / relationship,Elite_Redux_Bulk,DS_CUSTOM_LIBRARY/converted/Elite_Redux_Bulk/zapdos_ex_mega/front.png,DS_CUSTOM_LIBRARY/converted/Elite_Redux_Bulk/zapdos_ex_mega/back.png,family/relationship
zapdos-galarian-male,Zapdos Galarian Male,Tbd,,Unresolved family / relationship,HG_Engine_DS_Sprites,DS_CUSTOM_LIBRARY/packs/HG_Engine_DS_Sprites/zapdos_galarian/male/front.png,DS_CUSTOM_LIBRARY/packs/HG_Engine_DS_Sprites/zapdos_galarian/male/back.png,family/relationship
zapoteur,Zapoteur,Tbd,,Unresolved family / relationship,Festival_Magiscarf,DS_CUSTOM_LIBRARY/packs/Festival_Magiscarf/Magiscarf/Battlers Normal/Front/Zapoteur.png,,family/relationship; back sprite
zerbbadon,Zerbbadon,Tbd,,Unresolved family / relationship,Fakemon_Festival_Full,DS_CUSTOM_LIBRARY/packs/Fakemon_Festival_Full/Fakemon Festival Pack/Altaira/Front/ZERBBADON.png,,family/relationship; back sprite
zigzagoon-galarian,Zigzagoon Galarian,Tbd,,Unresolved family / relationship,Elite_Redux_Bulk,DS_CUSTOM_LIBRARY/converted/Elite_Redux_Bulk/zigzagoon_galarian/front.png,DS_CUSTOM_LIBRARY/converted/Elite_Redux_Bulk/zigzagoon_galarian/back.png,family/relationship
zigzagoon-galarian-male,Zigzagoon Galarian Male,Tbd,,Unresolved family / relationship,HG_Engine_DS_Sprites,DS_CUSTOM_LIBRARY/packs/HG_Engine_DS_Sprites/zigzagoon_galarian/male/front.png,DS_CUSTOM_LIBRARY/packs/HG_Engine_DS_Sprites/zigzagoon_galarian/male/back.png,family/relationship
zoroark-hisuian,Zoroark Hisuian,Tbd,,Unresolved family / relationship,Elite_Redux_Bulk,DS_CUSTOM_LIBRARY/converted/Elite_Redux_Bulk/zoroark_hisuian/front.png,DS_CUSTOM_LIBRARY/converted/Elite_Redux_Bulk/zoroark_hisuian/back.png,family/relationship
zoroark-hisuian-male,Zoroark Hisuian Male,Tbd,,Unresolved family / relationship,HG_Engine_DS_Sprites,DS_CUSTOM_LIBRARY/packs/HG_Engine_DS_Sprites/zoroark_hisuian/male/front.png,DS_CUSTOM_LIBRARY/packs/HG_Engine_DS_Sprites/zoroark_hisuian/male/back.png,family/relationship
zorua-hisuian,Zorua Hisuian,Tbd,,Unresolved family / relationship,Elite_Redux_Bulk,DS_CUSTOM_LIBRARY/converted/Elite_Redux_Bulk/zorua_hisuian/front.png,DS_CUSTOM_LIBRARY/converted/Elite_Redux_Bulk/zorua_hisuian/back.png,family/relationship
zorua-hisuian-male,Zorua Hisuian Male,Tbd,,Unresolved family / relationship,HG_Engine_DS_Sprites,DS_CUSTOM_LIBRARY/packs/HG_Engine_DS_Sprites/zorua_hisuian/male/front.png,DS_CUSTOM_LIBRARY/packs/HG_Engine_DS_Sprites/zorua_hisuian/male/back.png,family/relationship
zygarde-10-complete-male,Zygarde 10 Complete Male,Tbd,,Unresolved family / relationship,HG_Engine_DS_Sprites,DS_CUSTOM_LIBRARY/packs/HG_Engine_DS_Sprites/zygarde_10_complete/male/front.png,DS_CUSTOM_LIBRARY/packs/HG_Engine_DS_Sprites/zygarde_10_complete/male/back.png,family/relationship
zygarde-complete-mega,Zygarde Complete Mega,Tbd,,Unresolved family / relationship,Elite_Redux_Bulk,DS_CUSTOM_LIBRARY/converted/Elite_Redux_Bulk/zygarde_complete_mega/front.png,DS_CUSTOM_LIBRARY/converted/Elite_Redux_Bulk/zygarde_complete_mega/back.png,family/relationship
