identity,base,reviewed_variant,legacy_source,recovery_status,source_recovery_route,source_recovery_action,rev6_binding_status,rev6_current_constant,rev6_donor_constant,rev6_donor_id,rev6_asset_evidence,current_front_path,current_back_path,rev6_match,preserve_decision
"charizard-mega-z","Charizard","Charizard Mega Z","Elite Redux","ABSENT_FROM_CURRENT_DS_LIBRARY","ER_SOURCE_IDENTITY_ONLY","Species/source identity is confirmed, but REV6 does not explicitly claim a recovered 4-view package. Search the ER source package by exact species constant before any reconstruction.","CURRENT SOURCE CONSTANT PRESENT","SPECIES_CHARIZARD_MEGA_Z","","","","","","true","true"
"blastoise-mega-x","Blastoise","Blastoise Mega X","Elite Redux","DS_FRONT_PRESENT_BACK_MISSING","ER_SOURCE_IDENTITY_ONLY","Species/source identity is confirmed, but REV6 does not explicitly claim a recovered 4-view package. Search the ER source package by exact species constant before any reconstruction.","CURRENT SOURCE CONSTANT PRESENT","SPECIES_BLASTOISE_MEGA_X","","","","DS_CUSTOM_LIBRARY/converted/Elite_Redux_Bulk/blastoise_mega_x/front.png","","true","true"
"butterfree-mega","Butterfree","Butterfree Mega","Elite Redux","DS_FRONT_PRESENT_BACK_MISSING","ER_SOURCE_IDENTITY_ONLY","Species/source identity is confirmed, but REV6 does not explicitly claim a recovered 4-view package. Search the ER source package by exact species constant before any reconstruction.","CURRENT SOURCE CONSTANT PRESENT","SPECIES_BUTTERFREE_MEGA","","","","DS_CUSTOM_LIBRARY/converted/Elite_Redux_Bulk/butterfree_mega/front.png","","true","true"
"butterfree-alternate-form-1","Butterfree","Butterfree — Alternate (Form 1)","Reborn / Plates of Arceus","ABSENT_FROM_CURRENT_DS_LIBRARY","REBORN_PLATES_STAGED_SOURCE","Recover the exact reviewed battle sprite package from the prior giant Reborn/Plates sprite master; then convert only if still GBA-format.","REBORN/PLATES REVIEW IDENTITY + STAGED SPRITE RESOLVED — SOURCE PACKAGE BINDING PENDING","","","","Master visual reviewer identifies Reborn/Plates source and staged sprite preview; giant sprite handoff records 347 physically present Reborn/Plates entries.","","","true","true"
"weedle-redux","Weedle","Weedle Redux","Elite Redux","DS_FRONT_PRESENT_BACK_MISSING","ER_SOURCE_IDENTITY_ONLY","Species/source identity is confirmed, but REV6 does not explicitly claim a recovered 4-view package. Search the ER source package by exact species constant before any reconstruction.","CURRENT SOURCE CONSTANT PRESENT","SPECIES_WEEDLE_REDUX","","","","DS_CUSTOM_LIBRARY/converted/Elite_Redux_Bulk/weedle_redux/front.png","","true","true"
"kakuna-redux","Kakuna","Kakuna Redux","Elite Redux","DS_FRONT_PRESENT_BACK_MISSING","ER_SOURCE_IDENTITY_ONLY","Species/source identity is confirmed, but REV6 does not explicitly claim a recovered 4-view package. Search the ER source package by exact species constant before any reconstruction.","CURRENT SOURCE CONSTANT PRESENT","SPECIES_KAKUNA_REDUX","","","","DS_CUSTOM_LIBRARY/converted/Elite_Redux_Bulk/kakuna_redux/front.png","","true","true"
"beedrill-redux","Beedrill","Beedrill Redux","Elite Redux","DS_FRONT_PRESENT_BACK_MISSING","ER_SOURCE_IDENTITY_ONLY","Species/source identity is confirmed, but REV6 does not explicitly claim a recovered 4-view package. Search the ER source package by exact species constant before any reconstruction.","CURRENT SOURCE CONSTANT PRESENT","SPECIES_BEEDRILL_REDUX","","","","DS_CUSTOM_LIBRARY/converted/Elite_Redux_Bulk/beedrill_redux/front.png","","true","true"
"beedrill-mega-redux","Beedrill","Beedrill Mega Redux","Elite Redux","DS_FRONT_PRESENT_BACK_MISSING","ER_SOURCE_IDENTITY_ONLY","Species/source identity is confirmed, but REV6 does not explicitly claim a recovered 4-view package. Search the ER source package by exact species constant before any reconstruction.","CURRENT SOURCE CONSTANT PRESENT","SPECIES_BEEDRILL_MEGA_REDUX","","","","DS_CUSTOM_LIBRARY/converted/Elite_Redux_Bulk/beedrill_mega_redux/front.png","","true","true"
"pidgey-alternate-form-2","Pidgey","Pidgey — Alternate (Form 2)","Reborn / Plates of Arceus","ABSENT_FROM_CURRENT_DS_LIBRARY","REBORN_PLATES_STAGED_SOURCE","Recover the exact reviewed battle sprite package from the prior giant Reborn/Plates sprite master; then convert only if still GBA-format.","REBORN/PLATES REVIEW IDENTITY + STAGED SPRITE RESOLVED — SOURCE PACKAGE BINDING PENDING","","","","Master visual reviewer identifies Reborn/Plates source and staged sprite preview; giant sprite handoff records 347 physically present Reborn/Plates entries.","","","true","true"
"pidgeotto-alternate-form-2","Pidgeotto","Pidgeotto — Alternate (Form 2)","Reborn / Plates of Arceus","ABSENT_FROM_CURRENT_DS_LIBRARY","REBORN_PLATES_STAGED_SOURCE","Recover the exact reviewed battle sprite package from the prior giant Reborn/Plates sprite master; then convert only if still GBA-format.","REBORN/PLATES REVIEW IDENTITY + STAGED SPRITE RESOLVED — SOURCE PACKAGE BINDING PENDING","","","","Master visual reviewer identifies Reborn/Plates source and staged sprite preview; giant sprite handoff records 347 physically present Reborn/Plates entries.","","","true","true"
"pidgeot-alternate-form-2","Pidgeot","Pidgeot — Alternate (Form 2)","Reborn / Plates of Arceus","ABSENT_FROM_CURRENT_DS_LIBRARY","REBORN_PLATES_STAGED_SOURCE","Recover the exact reviewed battle sprite package from the prior giant Reborn/Plates sprite master; then convert only if still GBA-format.","REBORN/PLATES REVIEW IDENTITY + STAGED SPRITE RESOLVED — SOURCE PACKAGE BINDING PENDING","","","","Master visual reviewer identifies Reborn/Plates source and staged sprite preview; giant sprite handoff records 347 physically present Reborn/Plates entries.","","","true","true"
"pidgeot-mega-alternate-form-3","Pidgeot","Pidgeot — Mega Alternate (Form 3)","Reborn / Plates of Arceus","ABSENT_FROM_CURRENT_DS_LIBRARY","REBORN_PLATES_STAGED_SOURCE","Recover the exact reviewed battle sprite package from the prior giant Reborn/Plates sprite master; then convert only if still GBA-format.","REBORN/PLATES REVIEW IDENTITY + STAGED SPRITE RESOLVED — SOURCE PACKAGE BINDING PENDING","","","","Master visual reviewer identifies Reborn/Plates source and staged sprite preview; giant sprite handoff records 347 physically present Reborn/Plates entries.","","","true","true"
"rattata-redux","Rattata","Rattata Redux","Elite Redux","DS_FRONT_PRESENT_BACK_MISSING","ER_NEXTDEX_4VIEW_RECOVERED","Recover exact normal back (and shiny pair) from the previously resolved ER-nextdex 4-view package; do not recreate from the front.","ER NEXTDEX IDENTITY + 4-VIEW BATTLE ART RESOLVED — SOURCE IMPORT PENDING","","SPECIES_RATTATA_REDUX","2270.0","ER-nextdex local source: normal front/back + shiny front/back exact constant match (4/4)","DS_CUSTOM_LIBRARY/converted/Elite_Redux_Bulk/rattata_redux/front.png","","true","true"
"platinum-redux-raticate","Raticate","Platinum Redux Raticate","Platinum Redux 2.9.3 TC6","DS_ASSETS_PRESENT_FRONT_BACK","PLATINUM_GBA_PACKAGE_PRESENT","Recover front/back/icon/palettes from the carried platinum_redux_approved package and run battle sprites through DS validation/conversion.","PLATINUM IDENTITY + GBA SPRITE PACKAGE PRESENT — SPECIES DATA/STONE BINDING PENDING","","SPECIES_RATICATE_PLATINUM","","Current cumulative source staging: platinum_redux_approved/raticate/ (front/back/icon/palettes)","DS_CUSTOM_LIBRARY/hack-packs/Platinum_Redux_Embedded_Sprites/all-embedded/0394_image44.png","DS_CUSTOM_LIBRARY/hack-packs/Platinum_Redux_Embedded_Sprites/all-embedded/0313_image19.png","true","true"
"spearow-redux","Spearow","Spearow Redux","Elite Redux","DS_FRONT_PRESENT_BACK_MISSING","ER_NEXTDEX_4VIEW_RECOVERED","Recover exact normal back (and shiny pair) from the previously resolved ER-nextdex 4-view package; do not recreate from the front.","ER NEXTDEX IDENTITY + 4-VIEW BATTLE ART RESOLVED — SOURCE IMPORT PENDING","","SPECIES_SPEAROW_REDUX","2679.0","ER-nextdex local source: normal front/back + shiny front/back exact constant match (4/4)","DS_CUSTOM_LIBRARY/converted/Elite_Redux_Bulk/spearow_redux/front.png","","true","true"
"fearow-redux","Fearow","Fearow Redux","Elite Redux","DS_FRONT_PRESENT_BACK_MISSING","ER_NEXTDEX_4VIEW_RECOVERED","Recover exact normal back (and shiny pair) from the previously resolved ER-nextdex 4-view package; do not recreate from the front.","ER NEXTDEX IDENTITY + 4-VIEW BATTLE ART RESOLVED — SOURCE IMPORT PENDING","","SPECIES_FEAROW_REDUX","2680.0","ER-nextdex local source: normal front/back + shiny front/back exact constant match (4/4)","DS_CUSTOM_LIBRARY/converted/Elite_Redux_Bulk/fearow_redux/front.png","","true","true"
"arbok-mega","Arbok","Arbok Mega","Elite Redux","DS_FRONT_PRESENT_BACK_MISSING","ER_SOURCE_IDENTITY_ONLY","Species/source identity is confirmed, but REV6 does not explicitly claim a recovered 4-view package. Search the ER source package by exact species constant before any reconstruction.","CURRENT SOURCE CONSTANT PRESENT","SPECIES_ARBOK_MEGA","","","","DS_CUSTOM_LIBRARY/converted/Elite_Redux_Bulk/arbok_mega/front.png","","true","true"
"pikachu-mega","Pikachu","Pikachu Mega","Elite Redux","ABSENT_FROM_CURRENT_DS_LIBRARY","ER_NEXTDEX_4VIEW_RECOVERED","Recover exact normal back (and shiny pair) from the previously resolved ER-nextdex 4-view package; do not recreate from the front.","ER NEXTDEX IDENTITY + 4-VIEW BATTLE ART RESOLVED — SOURCE IMPORT PENDING","","SPECIES_PIKACHU_PARTNER_MEGA","2208.0","ER-nextdex local source: normal front/back + shiny front/back exact constant match (4/4)","","","true","true"
"sandslash-alolan-mega","Sandslash","Sandslash Alolan Mega","Elite Redux","DS_FRONT_PRESENT_BACK_MISSING","ER_NEXTDEX_4VIEW_RECOVERED","Recover exact normal back (and shiny pair) from the previously resolved ER-nextdex 4-view package; do not recreate from the front.","ER NEXTDEX IDENTITY + 4-VIEW BATTLE ART RESOLVED — SOURCE IMPORT PENDING","","SPECIES_SANDSLASH_ALOLAN_MEGA","2264.0","ER-nextdex local source: normal front/back + shiny front/back exact constant match (4/4)","DS_CUSTOM_LIBRARY/converted/Elite_Redux_Bulk/sandslash_alolan_mega/front.png","","true","true"
"sandslash-mega","Sandslash","Sandslash Mega","Elite Redux","DS_FRONT_PRESENT_BACK_MISSING","ER_SOURCE_IDENTITY_ONLY","Species/source identity is confirmed, but REV6 does not explicitly claim a recovered 4-view package. Search the ER source package by exact species constant before any reconstruction.","CURRENT SOURCE CONSTANT PRESENT","SPECIES_SANDSLASH_MEGA","","","","DS_CUSTOM_LIBRARY/converted/Elite_Redux_Bulk/sandslash_mega/front.png","","true","true"
"nidoqueen-mega","Nidoqueen","Nidoqueen Mega","Elite Redux","DS_FRONT_PRESENT_BACK_MISSING","ER_SOURCE_IDENTITY_ONLY","Species/source identity is confirmed, but REV6 does not explicitly claim a recovered 4-view package. Search the ER source package by exact species constant before any reconstruction.","CURRENT SOURCE CONSTANT PRESENT","SPECIES_NIDOQUEEN_MEGA","","","","DS_CUSTOM_LIBRARY/converted/Elite_Redux_Bulk/nidoqueen_mega/front.png","","true","true"
"nidoking-mega","Nidoking","Nidoking Mega","Elite Redux","DS_FRONT_PRESENT_BACK_MISSING","ER_SOURCE_IDENTITY_ONLY","Species/source identity is confirmed, but REV6 does not explicitly claim a recovered 4-view package. Search the ER source package by exact species constant before any reconstruction.","CURRENT SOURCE CONSTANT PRESENT","SPECIES_NIDOKING_MEGA","","","","DS_CUSTOM_LIBRARY/converted/Elite_Redux_Bulk/nidoking_mega/front.png","","true","true"
"clefable-mega-y","Clefable","Clefable Mega Y","Elite Redux","DS_FRONT_PRESENT_BACK_MISSING","ER_NEXTDEX_4VIEW_RECOVERED","Recover exact normal back (and shiny pair) from the previously resolved ER-nextdex 4-view package; do not recreate from the front.","ER NEXTDEX IDENTITY + 4-VIEW BATTLE ART RESOLVED — SOURCE IMPORT PENDING","","SPECIES_CLEFABLE_MEGA_Y","1879.0","ER-nextdex local source: normal front/back + shiny front/back exact constant match (4/4)","DS_CUSTOM_LIBRARY/converted/Elite_Redux_Bulk/clefable_mega_y/front.png","","true","true"
"vulpix-alternate-form-2","Vulpix","Vulpix — Alternate (Form 2)","Reborn / Plates of Arceus","ABSENT_FROM_CURRENT_DS_LIBRARY","REBORN_PLATES_STAGED_SOURCE","Recover the exact reviewed battle sprite package from the prior giant Reborn/Plates sprite master; then convert only if still GBA-format.","REBORN/PLATES REVIEW IDENTITY + STAGED SPRITE RESOLVED — SOURCE PACKAGE BINDING PENDING","","","","Master visual reviewer identifies Reborn/Plates source and staged sprite preview; giant sprite handoff records 347 physically present Reborn/Plates entries.","","","true","true"
"wigglytuff-apex","Wigglytuff","Wigglytuff Apex","Elite Redux","ABSENT_FROM_CURRENT_DS_LIBRARY","ER_NEXTDEX_4VIEW_RECOVERED","Recover exact normal back (and shiny pair) from the previously resolved ER-nextdex 4-view package; do not recreate from the front.","ER NEXTDEX IDENTITY + 4-VIEW BATTLE ART RESOLVED — SOURCE IMPORT PENDING","","SPECIES_WIGGLYTUFF_APEX","2592.0","ER-nextdex local source: normal front/back + shiny front/back exact constant match (4/4)","","","true","true"
"wigglytuff-primal","Wigglytuff","Wigglytuff Primal","Elite Redux","DS_FRONT_PRESENT_BACK_MISSING","ER_NEXTDEX_4VIEW_RECOVERED","Recover exact normal back (and shiny pair) from the previously resolved ER-nextdex 4-view package; do not recreate from the front.","ER NEXTDEX IDENTITY + 4-VIEW BATTLE ART RESOLVED — SOURCE IMPORT PENDING","","SPECIES_WIGGLYTUFF_PRIMAL","2575.0","ER-nextdex local source: normal front/back + shiny front/back exact constant match (4/4)","DS_CUSTOM_LIBRARY/converted/Elite_Redux_Bulk/wigglytuff_primal/front.png","","true","true"
"wigglytuff-mega-x","Wigglytuff","Wigglytuff Mega X","Elite Redux","DS_FRONT_PRESENT_BACK_MISSING","ER_SOURCE_IDENTITY_ONLY","Species/source identity is confirmed, but REV6 does not explicitly claim a recovered 4-view package. Search the ER source package by exact species constant before any reconstruction.","CURRENT SOURCE CONSTANT PRESENT","SPECIES_WIGGLYTUFF_MEGA_X","","","","DS_CUSTOM_LIBRARY/converted/Elite_Redux_Bulk/wigglytuff_mega_x/front.png","","true","true"
"wigglytuff-mega-y","Wigglytuff","Wigglytuff Mega Y","Elite Redux","ABSENT_FROM_CURRENT_DS_LIBRARY","ER_SOURCE_IDENTITY_ONLY","Species/source identity is confirmed, but REV6 does not explicitly claim a recovered 4-view package. Search the ER source package by exact species constant before any reconstruction.","CURRENT SOURCE CONSTANT PRESENT","SPECIES_WIGGLYTUFF_MEGA","","","","","","true","true"
"crobat-mega","Crobat","Crobat Mega","Elite Redux","DS_FRONT_PRESENT_BACK_MISSING","ER_NEXTDEX_4VIEW_RECOVERED","Recover exact normal back (and shiny pair) from the previously resolved ER-nextdex 4-view package; do not recreate from the front.","ER NEXTDEX IDENTITY + 4-VIEW BATTLE ART RESOLVED — SOURCE IMPORT PENDING","","SPECIES_CROBAT_MEGA","2112.0","ER-nextdex local source: normal front/back + shiny front/back exact constant match (4/4)","DS_CUSTOM_LIBRARY/converted/Elite_Redux_Bulk/crobat_mega/front.png","","true","true"
"platinum-redux-dugtrio","Dugtrio","Platinum Redux Dugtrio","Platinum Redux 2.9.3 TC6","DS_ASSETS_PRESENT_FRONT_BACK","PLATINUM_SOURCE_SEARCH","Search the carried Platinum Redux package by exact species folder.","PLATINUM REVIEW IDENTITY RESOLVED — ASSET/SPECIES BINDING PENDING","","SPECIES_DUGTRIO_PLATINUM","","Dedicated Platinum Redux GBA approval reviewer confirms reviewed identity; not present in current 102-folder staging subset","DS_CUSTOM_LIBRARY/hack-packs/Platinum_Redux_Embedded_Sprites/all-embedded/0357_image37.png","DS_CUSTOM_LIBRARY/hack-packs/Platinum_Redux_Embedded_Sprites/all-embedded/0224_image8.png","true","true"
"growlithe-redux","Growlithe","Growlithe Redux","Elite Redux","DS_FRONT_PRESENT_BACK_MISSING","ER_SOURCE_IDENTITY_ONLY","Species/source identity is confirmed, but REV6 does not explicitly claim a recovered 4-view package. Search the ER source package by exact species constant before any reconstruction.","CURRENT SOURCE CONSTANT PRESENT","SPECIES_GROWLITHE_REDUX","","","","DS_CUSTOM_LIBRARY/converted/Elite_Redux_Bulk/growlithe_redux/front.png","","true","true"
"arcanine-redux","Arcanine","Arcanine Redux","Elite Redux","DS_FRONT_PRESENT_BACK_MISSING","ER_SOURCE_IDENTITY_ONLY","Species/source identity is confirmed, but REV6 does not explicitly claim a recovered 4-view package. Search the ER source package by exact species constant before any reconstruction.","CURRENT SOURCE CONSTANT PRESENT","SPECIES_ARCANINE_REDUX","","","","DS_CUSTOM_LIBRARY/converted/Elite_Redux_Bulk/arcanine_redux/front.png","","true","true"
"arcanine-hisuian-mega","Arcanine","Arcanine Hisuian Mega","Elite Redux","DS_FRONT_PRESENT_BACK_MISSING","ER_NEXTDEX_4VIEW_RECOVERED","Recover exact normal back (and shiny pair) from the previously resolved ER-nextdex 4-view package; do not recreate from the front.","ER NEXTDEX IDENTITY + 4-VIEW BATTLE ART RESOLVED — SOURCE IMPORT PENDING","","SPECIES_ARCANINE_HISUIAN_MEGA","2234.0","ER-nextdex local source: normal front/back + shiny front/back exact constant match (4/4)","DS_CUSTOM_LIBRARY/converted/Elite_Redux_Bulk/arcanine_hisuian_mega/front.png","","true","true"
"arcanine-mega","Arcanine","Arcanine Mega","Elite Redux","DS_FRONT_PRESENT_BACK_MISSING","ER_SOURCE_IDENTITY_ONLY","Species/source identity is confirmed, but REV6 does not explicitly claim a recovered 4-view package. Search the ER source package by exact species constant before any reconstruction.","CURRENT SOURCE IDENTITY RESOLVED","SPECIES_ARCANINE_MEGA_REDUX; SPECIES_ARCANINE_MEGA","","","","DS_CUSTOM_LIBRARY/converted/Elite_Redux_Bulk/arcanine_mega/front.png","","true","true"
"poliwag-alternate-form-1","Poliwag","Poliwag — Alternate (Form 1)","Reborn / Plates of Arceus","ABSENT_FROM_CURRENT_DS_LIBRARY","REBORN_PLATES_STAGED_SOURCE","Recover the exact reviewed battle sprite package from the prior giant Reborn/Plates sprite master; then convert only if still GBA-format.","REBORN/PLATES REVIEW IDENTITY + STAGED SPRITE RESOLVED — SOURCE PACKAGE BINDING PENDING","","","","Master visual reviewer identifies Reborn/Plates source and staged sprite preview; giant sprite handoff records 347 physically present Reborn/Plates entries.","","","true","true"
"poliwhirl-alternate-form-1","Poliwhirl","Poliwhirl — Alternate (Form 1)","Reborn / Plates of Arceus","ABSENT_FROM_CURRENT_DS_LIBRARY","REBORN_PLATES_STAGED_SOURCE","Recover the exact reviewed battle sprite package from the prior giant Reborn/Plates sprite master; then convert only if still GBA-format.","REBORN/PLATES REVIEW IDENTITY + STAGED SPRITE RESOLVED — SOURCE PACKAGE BINDING PENDING","","","","Master visual reviewer identifies Reborn/Plates source and staged sprite preview; giant sprite handoff records 347 physically present Reborn/Plates entries.","","","true","true"
"poliwrath-alternate-form-1","Poliwrath","Poliwrath — Alternate (Form 1)","Reborn / Plates of Arceus","ABSENT_FROM_CURRENT_DS_LIBRARY","REBORN_PLATES_STAGED_SOURCE","Recover the exact reviewed battle sprite package from the prior giant Reborn/Plates sprite master; then convert only if still GBA-format.","REBORN/PLATES REVIEW IDENTITY + STAGED SPRITE RESOLVED — SOURCE PACKAGE BINDING PENDING","","","","Master visual reviewer identifies Reborn/Plates source and staged sprite preview; giant sprite handoff records 347 physically present Reborn/Plates entries.","","","true","true"
"politoed-alternate-form-1","Politoed","Politoed — Alternate (Form 1)","Reborn / Plates of Arceus","ABSENT_FROM_CURRENT_DS_LIBRARY","REBORN_PLATES_STAGED_SOURCE","Recover the exact reviewed battle sprite package from the prior giant Reborn/Plates sprite master; then convert only if still GBA-format.","REBORN/PLATES REVIEW IDENTITY + STAGED SPRITE RESOLVED — SOURCE PACKAGE BINDING PENDING","","","","Master visual reviewer identifies Reborn/Plates source and staged sprite preview; giant sprite handoff records 347 physically present Reborn/Plates entries.","","","true","true"
"abra-redux","Abra","Abra Redux","Elite Redux","DS_FRONT_PRESENT_BACK_MISSING","ER_SOURCE_IDENTITY_ONLY","Species/source identity is confirmed, but REV6 does not explicitly claim a recovered 4-view package. Search the ER source package by exact species constant before any reconstruction.","CURRENT SOURCE CONSTANT PRESENT","SPECIES_ABRA_REDUX","","","","DS_CUSTOM_LIBRARY/converted/Elite_Redux_Bulk/abra_redux/front.png","","true","true"
"kadabra-redux","Kadabra","Kadabra Redux","Elite Redux","DS_FRONT_PRESENT_BACK_MISSING","ER_SOURCE_IDENTITY_ONLY","Species/source identity is confirmed, but REV6 does not explicitly claim a recovered 4-view package. Search the ER source package by exact species constant before any reconstruction.","CURRENT SOURCE CONSTANT PRESENT","SPECIES_KADABRA_REDUX","","","","DS_CUSTOM_LIBRARY/converted/Elite_Redux_Bulk/kadabra_redux/front.png","","true","true"
"alakazam-redux","Alakazam","Alakazam Redux","Elite Redux","DS_FRONT_PRESENT_BACK_MISSING","ER_SOURCE_IDENTITY_ONLY","Species/source identity is confirmed, but REV6 does not explicitly claim a recovered 4-view package. Search the ER source package by exact species constant before any reconstruction.","CURRENT SOURCE CONSTANT PRESENT","SPECIES_ALAKAZAM_REDUX","","","","DS_CUSTOM_LIBRARY/converted/Elite_Redux_Bulk/alakazam_redux/front.png","","true","true"
"alakazam-mega-redux","Alakazam","Alakazam Mega Redux","Elite Redux","DS_FRONT_PRESENT_BACK_MISSING","ER_SOURCE_IDENTITY_ONLY","Species/source identity is confirmed, but REV6 does not explicitly claim a recovered 4-view package. Search the ER source package by exact species constant before any reconstruction.","CURRENT SOURCE CONSTANT PRESENT","SPECIES_ALAKAZAM_MEGA_REDUX","","","","DS_CUSTOM_LIBRARY/converted/Elite_Redux_Bulk/alakazam_mega_redux/front.png","","true","true"
"machop-redux","Machop","Machop Redux","Elite Redux","DS_FRONT_PRESENT_BACK_MISSING","ER_SOURCE_IDENTITY_ONLY","Species/source identity is confirmed, but REV6 does not explicitly claim a recovered 4-view package. Search the ER source package by exact species constant before any reconstruction.","CURRENT SOURCE CONSTANT PRESENT","SPECIES_MACHOP_REDUX","","","","DS_CUSTOM_LIBRARY/converted/Elite_Redux_Bulk/machop_redux/front.png","","true","true"
"machoke-redux","Machoke","Machoke Redux","Elite Redux","DS_FRONT_PRESENT_BACK_MISSING","ER_SOURCE_IDENTITY_ONLY","Species/source identity is confirmed, but REV6 does not explicitly claim a recovered 4-view package. Search the ER source package by exact species constant before any reconstruction.","CURRENT SOURCE CONSTANT PRESENT","SPECIES_MACHOKE_REDUX","","","","DS_CUSTOM_LIBRARY/converted/Elite_Redux_Bulk/machoke_redux/front.png","","true","true"
"machamp-redux","Machamp","Machamp Redux","Elite Redux","DS_FRONT_PRESENT_BACK_MISSING","ER_SOURCE_IDENTITY_ONLY","Species/source identity is confirmed, but REV6 does not explicitly claim a recovered 4-view package. Search the ER source package by exact species constant before any reconstruction.","CURRENT SOURCE CONSTANT PRESENT","SPECIES_MACHAMP_REDUX","","","","DS_CUSTOM_LIBRARY/converted/Elite_Redux_Bulk/machamp_redux/front.png","","true","true"
"machamp-mega","Machamp","Machamp Mega","Elite Redux","ABSENT_FROM_CURRENT_DS_LIBRARY","ER_SOURCE_IDENTITY_ONLY","Species/source identity is confirmed, but REV6 does not explicitly claim a recovered 4-view package. Search the ER source package by exact species constant before any reconstruction.","CURRENT SOURCE CONSTANT PRESENT","SPECIES_MACHAMP_MEGA","","","","","","true","true"
"machamp-mega-redux","Machamp","Machamp Mega Redux","Elite Redux","DS_FRONT_PRESENT_BACK_MISSING","ER_SOURCE_IDENTITY_ONLY","Species/source identity is confirmed, but REV6 does not explicitly claim a recovered 4-view package. Search the ER source package by exact species constant before any reconstruction.","CURRENT SOURCE CONSTANT PRESENT","SPECIES_MACHAMP_MEGA_REDUX","","","","DS_CUSTOM_LIBRARY/converted/Elite_Redux_Bulk/machamp_mega_redux/front.png","","true","true"
"bellsprout-redux","Bellsprout","Bellsprout Redux","Elite Redux","DS_FRONT_PRESENT_BACK_MISSING","ER_NEXTDEX_4VIEW_RECOVERED","Recover exact normal back (and shiny pair) from the previously resolved ER-nextdex 4-view package; do not recreate from the front.","ER NEXTDEX IDENTITY + 4-VIEW BATTLE ART RESOLVED — SOURCE IMPORT PENDING","","SPECIES_BELLSPROUT_REDUX","2291.0","ER-nextdex local source: normal front/back + shiny front/back exact constant match (4/4)","DS_CUSTOM_LIBRARY/converted/Elite_Redux_Bulk/bellsprout_redux/front.png","","true","true"
"weepinbell-redux","Weepinbell","Weepinbell Redux","Elite Redux","DS_FRONT_PRESENT_BACK_MISSING","ER_NEXTDEX_4VIEW_RECOVERED","Recover exact normal back (and shiny pair) from the previously resolved ER-nextdex 4-view package; do not recreate from the front.","ER NEXTDEX IDENTITY + 4-VIEW BATTLE ART RESOLVED — SOURCE IMPORT PENDING","","SPECIES_WEEPINBELL_REDUX","2292.0","ER-nextdex local source: normal front/back + shiny front/back exact constant match (4/4)","DS_CUSTOM_LIBRARY/converted/Elite_Redux_Bulk/weepinbell_redux/front.png","","true","true"
"victreebel-redux","Victreebel","Victreebel Redux","Elite Redux","DS_FRONT_PRESENT_BACK_MISSING","ER_NEXTDEX_4VIEW_RECOVERED","Recover exact normal back (and shiny pair) from the previously resolved ER-nextdex 4-view package; do not recreate from the front.","ER NEXTDEX IDENTITY + 4-VIEW BATTLE ART RESOLVED — SOURCE IMPORT PENDING","","SPECIES_VICTREEBEL_REDUX","2293.0","ER-nextdex local source: normal front/back + shiny front/back exact constant match (4/4)","DS_CUSTOM_LIBRARY/converted/Elite_Redux_Bulk/victreebel_redux/front.png","","true","true"
"geodude-bluetowel-alternate-forms-form-2","Geodude","Geodude — BlueTowel Alternate forms (Form 2)","Reborn / Plates of Arceus","ABSENT_FROM_CURRENT_DS_LIBRARY","REBORN_PLATES_STAGED_SOURCE","Recover the exact reviewed battle sprite package from the prior giant Reborn/Plates sprite master; then convert only if still GBA-format.","REBORN/PLATES REVIEW IDENTITY + STAGED SPRITE RESOLVED — SOURCE PACKAGE BINDING PENDING","","","","Master visual reviewer identifies Reborn/Plates source and staged sprite preview; giant sprite handoff records 347 physically present Reborn/Plates entries.","","","true","true"
"graveler-bluetowel-alternate-forms-form-2","Graveler","Graveler — BlueTowel Alternate forms (Form 2)","Reborn / Plates of Arceus","ABSENT_FROM_CURRENT_DS_LIBRARY","REBORN_PLATES_STAGED_SOURCE","Recover the exact reviewed battle sprite package from the prior giant Reborn/Plates sprite master; then convert only if still GBA-format.","REBORN/PLATES REVIEW IDENTITY + STAGED SPRITE RESOLVED — SOURCE PACKAGE BINDING PENDING","","","","Master visual reviewer identifies Reborn/Plates source and staged sprite preview; giant sprite handoff records 347 physically present Reborn/Plates entries.","","","true","true"
"golem-bluetowel-alternate-forms-form-2","Golem","Golem — BlueTowel Alternate forms (Form 2)","Reborn / Plates of Arceus","ABSENT_FROM_CURRENT_DS_LIBRARY","REBORN_PLATES_STAGED_SOURCE","Recover the exact reviewed battle sprite package from the prior giant Reborn/Plates sprite master; then convert only if still GBA-format.","REBORN/PLATES REVIEW IDENTITY + STAGED SPRITE RESOLVED — SOURCE PACKAGE BINDING PENDING","","","","Master visual reviewer identifies Reborn/Plates source and staged sprite preview; giant sprite handoff records 347 physically present Reborn/Plates entries.","","","true","true"
"hypno-alternate-form-2","Hypno","Hypno — Alternate (Form 2)","Reborn / Plates of Arceus","ABSENT_FROM_CURRENT_DS_LIBRARY","REBORN_PLATES_STAGED_SOURCE","Recover the exact reviewed battle sprite package from the prior giant Reborn/Plates sprite master; then convert only if still GBA-format.","REBORN/PLATES REVIEW IDENTITY + STAGED SPRITE RESOLVED — SOURCE PACKAGE BINDING PENDING","","","","Master visual reviewer identifies Reborn/Plates source and staged sprite preview; giant sprite handoff records 347 physically present Reborn/Plates entries.","","","true","true"
"krabby-redux","Krabby","Krabby Redux","Elite Redux","DS_FRONT_PRESENT_BACK_MISSING","ER_NEXTDEX_4VIEW_RECOVERED","Recover exact normal back (and shiny pair) from the previously resolved ER-nextdex 4-view package; do not recreate from the front.","ER NEXTDEX IDENTITY + 4-VIEW BATTLE ART RESOLVED — SOURCE IMPORT PENDING","","SPECIES_KRABBY_REDUX","2650.0","ER-nextdex local source: normal front/back + shiny front/back exact constant match (4/4)","DS_CUSTOM_LIBRARY/converted/Elite_Redux_Bulk/krabby_redux/front.png","","true","true"
"kingler-redux","Kingler","Kingler Redux","Elite Redux","DS_FRONT_PRESENT_BACK_MISSING","ER_NEXTDEX_4VIEW_RECOVERED","Recover exact normal back (and shiny pair) from the previously resolved ER-nextdex 4-view package; do not recreate from the front.","ER NEXTDEX IDENTITY + 4-VIEW BATTLE ART RESOLVED — SOURCE IMPORT PENDING","","SPECIES_KINGLER_REDUX","2651.0","ER-nextdex local source: normal front/back + shiny front/back exact constant match (4/4)","DS_CUSTOM_LIBRARY/converted/Elite_Redux_Bulk/kingler_redux/front.png","","true","true"
"kingler-redux-mega","Kingler","Kingler Redux Mega","Elite Redux","DS_FRONT_PRESENT_BACK_MISSING","ER_NEXTDEX_4VIEW_RECOVERED","Recover exact normal back (and shiny pair) from the previously resolved ER-nextdex 4-view package; do not recreate from the front.","ER NEXTDEX IDENTITY + 4-VIEW BATTLE ART RESOLVED — SOURCE IMPORT PENDING","","SPECIES_KINGLER_REDUX_MEGA","2652.0","ER-nextdex local source: normal front/back + shiny front/back exact constant match (4/4)","DS_CUSTOM_LIBRARY/converted/Elite_Redux_Bulk/kingler_redux_mega/front.png","","true","true"
"exeggcute-redux","Exeggcute","Exeggcute Redux","Elite Redux","DS_FRONT_PRESENT_BACK_MISSING","ER_NEXTDEX_4VIEW_RECOVERED","Recover exact normal back (and shiny pair) from the previously resolved ER-nextdex 4-view package; do not recreate from the front.","ER NEXTDEX IDENTITY + 4-VIEW BATTLE ART RESOLVED — SOURCE IMPORT PENDING","","SPECIES_EXEGGCUTE_REDUX","2305.0","ER-nextdex local source: normal front/back + shiny front/back exact constant match (4/4)","DS_CUSTOM_LIBRARY/converted/Elite_Redux_Bulk/exeggcute_redux/front.png","","true","true"
"exeggutor-redux","Exeggutor","Exeggutor Redux","Elite Redux","DS_FRONT_PRESENT_BACK_MISSING","ER_NEXTDEX_4VIEW_RECOVERED","Recover exact normal back (and shiny pair) from the previously resolved ER-nextdex 4-view package; do not recreate from the front.","ER NEXTDEX IDENTITY + 4-VIEW BATTLE ART RESOLVED — SOURCE IMPORT PENDING","","SPECIES_EXEGGUTOR_REDUX","2306.0","ER-nextdex local source: normal front/back + shiny front/back exact constant match (4/4)","DS_CUSTOM_LIBRARY/converted/Elite_Redux_Bulk/exeggutor_redux/front.png","","true","true"
"koffing-bluetowel-alternate-forms-form-2","Koffing","Koffing — BlueTowel Alternate forms (Form 2)","Reborn / Plates of Arceus","ABSENT_FROM_CURRENT_DS_LIBRARY","REBORN_PLATES_STAGED_SOURCE","Recover the exact reviewed battle sprite package from the prior giant Reborn/Plates sprite master; then convert only if still GBA-format.","REBORN/PLATES REVIEW IDENTITY + STAGED SPRITE RESOLVED — SOURCE PACKAGE BINDING PENDING","","","","Master visual reviewer identifies Reborn/Plates source and staged sprite preview; giant sprite handoff records 347 physically present Reborn/Plates entries.","","","true","true"
"weezing-bluetowel-alternate-forms-form-2","Weezing","Weezing — BlueTowel Alternate forms (Form 2)","Reborn / Plates of Arceus","ABSENT_FROM_CURRENT_DS_LIBRARY","REBORN_PLATES_STAGED_SOURCE","Recover the exact reviewed battle sprite package from the prior giant Reborn/Plates sprite master; then convert only if still GBA-format.","REBORN/PLATES REVIEW IDENTITY + STAGED SPRITE RESOLVED — SOURCE PACKAGE BINDING PENDING","","","","Master visual reviewer identifies Reborn/Plates source and staged sprite preview; giant sprite handoff records 347 physically present Reborn/Plates entries.","","","true","true"
"mega-rhyperior","Rhyperior","Mega Rhyperior","Banished Platinum / Original Megas","ABSENT_FROM_CURRENT_DS_LIBRARY","ORIGINAL_MEGAS_FRONT_BACK_RESOLVED","Recover the explicit front/back pair from 06_Banished_Platinum_Original_Megas / Free to Use Original Megas; convert/validate for DS.","ORIGINAL MEGA IDENTITY + FRONT/BACK ART RESOLVED — PACKAGE BINDING PENDING","","TO ASSIGN IN EXTENDED NAMESPACE","","Explicit Mega-labeled normal front + back pair in Free to Use Original Megas source","","","true","true"
"happiny-redux","Happiny","Happiny Redux","Elite Redux","DS_FRONT_PRESENT_BACK_MISSING","ER_NEXTDEX_4VIEW_RECOVERED","Recover exact normal back (and shiny pair) from the previously resolved ER-nextdex 4-view package; do not recreate from the front.","ER NEXTDEX IDENTITY + 4-VIEW BATTLE ART RESOLVED — SOURCE IMPORT PENDING","","SPECIES_HAPPINY_REDUX","2631.0","ER-nextdex local source: normal front/back + shiny front/back exact constant match (4/4)","DS_CUSTOM_LIBRARY/converted/Elite_Redux_Bulk/happiny_redux/front.png","","true","true"
"chansey-redux","Chansey","Chansey Redux","Elite Redux","DS_FRONT_PRESENT_BACK_MISSING","ER_NEXTDEX_4VIEW_RECOVERED","Recover exact normal back (and shiny pair) from the previously resolved ER-nextdex 4-view package; do not recreate from the front.","ER NEXTDEX IDENTITY + 4-VIEW BATTLE ART RESOLVED — SOURCE IMPORT PENDING","","SPECIES_CHANSEY_REDUX","2632.0","ER-nextdex local source: normal front/back + shiny front/back exact constant match (4/4)","DS_CUSTOM_LIBRARY/converted/Elite_Redux_Bulk/chansey_redux/front.png","","true","true"
"blissey-redux","Blissey","Blissey Redux","Elite Redux","DS_FRONT_PRESENT_BACK_MISSING","ER_NEXTDEX_4VIEW_RECOVERED","Recover exact normal back (and shiny pair) from the previously resolved ER-nextdex 4-view package; do not recreate from the front.","ER NEXTDEX IDENTITY + 4-VIEW BATTLE ART RESOLVED — SOURCE IMPORT PENDING","","SPECIES_BLISSEY_REDUX","2633.0","ER-nextdex local source: normal front/back + shiny front/back exact constant match (4/4)","DS_CUSTOM_LIBRARY/converted/Elite_Redux_Bulk/blissey_redux/front.png","","true","true"
"mega-tangrowth","Tangrowth","Mega Tangrowth","Banished Platinum / Original Megas","ABSENT_FROM_CURRENT_DS_LIBRARY","ORIGINAL_MEGAS_FRONT_BACK_RESOLVED","Recover the explicit front/back pair from 06_Banished_Platinum_Original_Megas / Free to Use Original Megas; convert/validate for DS.","ORIGINAL MEGA IDENTITY + FRONT/BACK ART RESOLVED — PACKAGE BINDING PENDING","","TO ASSIGN IN EXTENDED NAMESPACE","","Explicit Mega-labeled normal front + back pair in Free to Use Original Megas source","","","true","true"
"kingdra-mega-x","Kingdra","Kingdra Mega X","Elite Redux","ABSENT_FROM_CURRENT_DS_LIBRARY","ER_SOURCE_IDENTITY_ONLY","Species/source identity is confirmed, but REV6 does not explicitly claim a recovered 4-view package. Search the ER source package by exact species constant before any reconstruction.","CURRENT SOURCE CONSTANT PRESENT","SPECIES_KINGDRA_MEGA","","","","","","true","true"
"staryu-alternate-form-1","Staryu","Staryu — Alternate (Form 1)","Reborn / Plates of Arceus","ABSENT_FROM_CURRENT_DS_LIBRARY","REBORN_PLATES_STAGED_SOURCE","Recover the exact reviewed battle sprite package from the prior giant Reborn/Plates sprite master; then convert only if still GBA-format.","REBORN/PLATES REVIEW IDENTITY + STAGED SPRITE RESOLVED — SOURCE PACKAGE BINDING PENDING","","","","Master visual reviewer identifies Reborn/Plates source and staged sprite preview; giant sprite handoff records 347 physically present Reborn/Plates entries.","","","true","true"
"starmie-alternate-form-1","Starmie","Starmie — Alternate (Form 1)","Reborn / Plates of Arceus","ABSENT_FROM_CURRENT_DS_LIBRARY","REBORN_PLATES_STAGED_SOURCE","Recover the exact reviewed battle sprite package from the prior giant Reborn/Plates sprite master; then convert only if still GBA-format.","REBORN/PLATES REVIEW IDENTITY + STAGED SPRITE RESOLVED — SOURCE PACKAGE BINDING PENDING","","","","Master visual reviewer identifies Reborn/Plates source and staged sprite preview; giant sprite handoff records 347 physically present Reborn/Plates entries.","","","true","true"
"mega-electivire","Electivire","Mega Electivire","Banished Platinum / Original Megas","ABSENT_FROM_CURRENT_DS_LIBRARY","ORIGINAL_MEGAS_FRONT_BACK_RESOLVED","Recover the explicit front/back pair from 06_Banished_Platinum_Original_Megas / Free to Use Original Megas; convert/validate for DS.","ORIGINAL MEGA IDENTITY + FRONT/BACK ART RESOLVED — PACKAGE BINDING PENDING","","TO ASSIGN IN EXTENDED NAMESPACE","","Explicit Mega-labeled normal front + back pair in Free to Use Original Megas source","","","true","true"
"mega-magmortar","Magmortar","Mega Magmortar","Banished Platinum / Original Megas","ABSENT_FROM_CURRENT_DS_LIBRARY","ORIGINAL_MEGAS_FRONT_BACK_RESOLVED","Recover the explicit front/back pair from 06_Banished_Platinum_Original_Megas / Free to Use Original Megas; convert/validate for DS.","ORIGINAL MEGA IDENTITY + FRONT/BACK ART RESOLVED — PACKAGE BINDING PENDING","","TO ASSIGN IN EXTENDED NAMESPACE","","Explicit Mega-labeled normal front + back pair in Free to Use Original Megas source","","","true","true"
"lapras-mega-y","Lapras","Lapras Mega Y","Elite Redux","ABSENT_FROM_CURRENT_DS_LIBRARY","ER_SOURCE_IDENTITY_ONLY","Species/source identity is confirmed, but REV6 does not explicitly claim a recovered 4-view package. Search the ER source package by exact species constant before any reconstruction.","CURRENT SOURCE CONSTANT PRESENT","SPECIES_LAPRAS_MEGA","","","","","","true","true"
"eevee-mega","Eevee","Eevee Mega","Elite Redux","ABSENT_FROM_CURRENT_DS_LIBRARY","ER_NEXTDEX_4VIEW_RECOVERED","Recover exact normal back (and shiny pair) from the previously resolved ER-nextdex 4-view package; do not recreate from the front.","ER NEXTDEX IDENTITY + 4-VIEW BATTLE ART RESOLVED — SOURCE IMPORT PENDING","","SPECIES_EEVEE_PARTNER_MEGA","2209.0","ER-nextdex local source: normal front/back + shiny front/back exact constant match (4/4)","","","true","true"
"flareon-alternate-form-3","Flareon","Flareon — Alternate (Form 3)","Reborn / Plates of Arceus","ABSENT_FROM_CURRENT_DS_LIBRARY","REBORN_PLATES_STAGED_SOURCE","Recover the exact reviewed battle sprite package from the prior giant Reborn/Plates sprite master; then convert only if still GBA-format.","REBORN/PLATES REVIEW IDENTITY + STAGED SPRITE RESOLVED — SOURCE PACKAGE BINDING PENDING","","","","Master visual reviewer identifies Reborn/Plates source and staged sprite preview; giant sprite handoff records 347 physically present Reborn/Plates entries.","","","true","true"
"leafeon-alternate-form-3","Leafeon","Leafeon — Alternate (Form 3)","Reborn / Plates of Arceus","ABSENT_FROM_CURRENT_DS_LIBRARY","REBORN_PLATES_STAGED_SOURCE","Recover the exact reviewed battle sprite package from the prior giant Reborn/Plates sprite master; then convert only if still GBA-format.","REBORN/PLATES REVIEW IDENTITY + STAGED SPRITE RESOLVED — SOURCE PACKAGE BINDING PENDING","","","","Master visual reviewer identifies Reborn/Plates source and staged sprite preview; giant sprite handoff records 347 physically present Reborn/Plates entries.","","","true","true"
"glaceon-alternate-form-3","Glaceon","Glaceon — Alternate (Form 3)","Reborn / Plates of Arceus","ABSENT_FROM_CURRENT_DS_LIBRARY","REBORN_PLATES_STAGED_SOURCE","Recover the exact reviewed battle sprite package from the prior giant Reborn/Plates sprite master; then convert only if still GBA-format.","REBORN/PLATES REVIEW IDENTITY + STAGED SPRITE RESOLVED — SOURCE PACKAGE BINDING PENDING","","","","Master visual reviewer identifies Reborn/Plates source and staged sprite preview; giant sprite handoff records 347 physically present Reborn/Plates entries.","","","true","true"
"sylveon-alternate-form-3","Sylveon","Sylveon — Alternate (Form 3)","Reborn / Plates of Arceus","ABSENT_FROM_CURRENT_DS_LIBRARY","REBORN_PLATES_STAGED_SOURCE","Recover the exact reviewed battle sprite package from the prior giant Reborn/Plates sprite master; then convert only if still GBA-format.","REBORN/PLATES REVIEW IDENTITY + STAGED SPRITE RESOLVED — SOURCE PACKAGE BINDING PENDING","","","","Master visual reviewer identifies Reborn/Plates source and staged sprite preview; giant sprite handoff records 347 physically present Reborn/Plates entries.","","","true","true"
"mega-porygon","Porygon","Mega Porygon","Banished Platinum / Original Megas","ABSENT_FROM_CURRENT_DS_LIBRARY","ORIGINAL_MEGAS_FRONT_BACK_RESOLVED","Recover the explicit front/back pair from 06_Banished_Platinum_Original_Megas / Free to Use Original Megas; convert/validate for DS.","ORIGINAL MEGA IDENTITY + FRONT/BACK ART RESOLVED — PACKAGE BINDING PENDING","","TO ASSIGN IN EXTENDED NAMESPACE","","Explicit Mega-labeled normal front + back pair in Free to Use Original Megas source","","","true","true"
"snorlax-mega","Snorlax","Snorlax Mega","Elite Redux","ABSENT_FROM_CURRENT_DS_LIBRARY","ER_NEXTDEX_4VIEW_RECOVERED","Recover exact normal back (and shiny pair) from the previously resolved ER-nextdex 4-view package; do not recreate from the front.","ER NEXTDEX IDENTITY + 4-VIEW BATTLE ART RESOLVED — SOURCE IMPORT PENDING","","SPECIES_SNORLAX_MEGA","2192.0","ER-nextdex local source: normal front/back + shiny front/back exact constant match (4/4)","","","true","true"
"articuno-mega","Articuno","Articuno Mega","Elite Redux","ABSENT_FROM_CURRENT_DS_LIBRARY","ER_NEXTDEX_4VIEW_RECOVERED","Recover exact normal back (and shiny pair) from the previously resolved ER-nextdex 4-view package; do not recreate from the front.","ER NEXTDEX IDENTITY + 4-VIEW BATTLE ART RESOLVED — SOURCE IMPORT PENDING","","SPECIES_ARTICUNO_EX_MEGA","2242.0","ER-nextdex local source: normal front/back + shiny front/back exact constant match (4/4)","","","true","true"
"zapdos-mega","Zapdos","Zapdos Mega","Elite Redux","ABSENT_FROM_CURRENT_DS_LIBRARY","ER_NEXTDEX_4VIEW_RECOVERED","Recover exact normal back (and shiny pair) from the previously resolved ER-nextdex 4-view package; do not recreate from the front.","ER NEXTDEX IDENTITY + 4-VIEW BATTLE ART RESOLVED — SOURCE IMPORT PENDING","","SPECIES_ZAPDOS_EX_MEGA","2241.0","ER-nextdex local source: normal front/back + shiny front/back exact constant match (4/4)","","","true","true"
"moltres-mega","Moltres","Moltres Mega","Elite Redux","ABSENT_FROM_CURRENT_DS_LIBRARY","ER_NEXTDEX_4VIEW_RECOVERED","Recover exact normal back (and shiny pair) from the previously resolved ER-nextdex 4-view package; do not recreate from the front.","ER NEXTDEX IDENTITY + 4-VIEW BATTLE ART RESOLVED — SOURCE IMPORT PENDING","","SPECIES_MOLTRES_EX_MEGA","2243.0","ER-nextdex local source: normal front/back + shiny front/back exact constant match (4/4)","","","true","true"
"dragonite-alternate-form-1","Dragonite","Dragonite — Alternate (Form 1)","Reborn / Plates of Arceus","ABSENT_FROM_CURRENT_DS_LIBRARY","REBORN_PLATES_STAGED_SOURCE","Recover the exact reviewed battle sprite package from the prior giant Reborn/Plates sprite master; then convert only if still GBA-format.","REBORN/PLATES REVIEW IDENTITY + STAGED SPRITE RESOLVED — SOURCE PACKAGE BINDING PENDING","","","","Master visual reviewer identifies Reborn/Plates source and staged sprite preview; giant sprite handoff records 347 physically present Reborn/Plates entries.","","","true","true"
"feraligatr-alternate-form-1","Feraligatr","Feraligatr — Alternate (Form 1)","Reborn / Plates of Arceus","ABSENT_FROM_CURRENT_DS_LIBRARY","REBORN_PLATES_STAGED_SOURCE","Recover the exact reviewed battle sprite package from the prior giant Reborn/Plates sprite master; then convert only if still GBA-format.","REBORN/PLATES REVIEW IDENTITY + STAGED SPRITE RESOLVED — SOURCE PACKAGE BINDING PENDING","","","","Master visual reviewer identifies Reborn/Plates source and staged sprite preview; giant sprite handoff records 347 physically present Reborn/Plates entries.","","","true","true"
"hoothoot-alternate-form-1","Hoothoot","Hoothoot — Alternate (Form 1)","Reborn / Plates of Arceus","ABSENT_FROM_CURRENT_DS_LIBRARY","REBORN_PLATES_STAGED_SOURCE","Recover the exact reviewed battle sprite package from the prior giant Reborn/Plates sprite master; then convert only if still GBA-format.","REBORN/PLATES REVIEW IDENTITY + STAGED SPRITE RESOLVED — SOURCE PACKAGE BINDING PENDING","","","","Master visual reviewer identifies Reborn/Plates source and staged sprite preview; giant sprite handoff records 347 physically present Reborn/Plates entries.","","","true","true"
"ampharos-alternate-form-2","Ampharos","Ampharos — Alternate (Form 2)","Reborn / Plates of Arceus","ABSENT_FROM_CURRENT_DS_LIBRARY","REBORN_PLATES_STAGED_SOURCE","Recover the exact reviewed battle sprite package from the prior giant Reborn/Plates sprite master; then convert only if still GBA-format.","REBORN/PLATES REVIEW IDENTITY + STAGED SPRITE RESOLVED — SOURCE PACKAGE BINDING PENDING","","","","Master visual reviewer identifies Reborn/Plates source and staged sprite preview; giant sprite handoff records 347 physically present Reborn/Plates entries.","","","true","true"
"ampharos-alternate-mega-form-3","Ampharos","Ampharos — Alternate Mega (Form 3)","Reborn / Plates of Arceus","ABSENT_FROM_CURRENT_DS_LIBRARY","REBORN_PLATES_STAGED_SOURCE","Recover the exact reviewed battle sprite package from the prior giant Reborn/Plates sprite master; then convert only if still GBA-format.","REBORN/PLATES REVIEW IDENTITY + STAGED SPRITE RESOLVED — SOURCE PACKAGE BINDING PENDING","","","","Master visual reviewer identifies Reborn/Plates source and staged sprite preview; giant sprite handoff records 347 physically present Reborn/Plates entries.","","","true","true"
"sunflora-alternate-form-1","Sunflora","Sunflora — Alternate (Form 1)","Reborn / Plates of Arceus","ABSENT_FROM_CURRENT_DS_LIBRARY","REBORN_PLATES_STAGED_SOURCE","Recover the exact reviewed battle sprite package from the prior giant Reborn/Plates sprite master; then convert only if still GBA-format.","REBORN/PLATES REVIEW IDENTITY + STAGED SPRITE RESOLVED — SOURCE PACKAGE BINDING PENDING","","","","Master visual reviewer identifies Reborn/Plates source and staged sprite preview; giant sprite handoff records 347 physically present Reborn/Plates entries.","","","true","true"
"mega-yanmega","Yanmega","Mega Yanmega","Banished Platinum / Original Megas","ABSENT_FROM_CURRENT_DS_LIBRARY","ORIGINAL_MEGAS_FRONT_BACK_RESOLVED","Recover the explicit front/back pair from 06_Banished_Platinum_Original_Megas / Free to Use Original Megas; convert/validate for DS.","ORIGINAL MEGA IDENTITY + FRONT/BACK ART RESOLVED — PACKAGE BINDING PENDING","","TO ASSIGN IN EXTENDED NAMESPACE","","Explicit Mega-labeled normal front + back pair in Free to Use Original Megas source","","","true","true"
"mega-honchkrow","Honchkrow","Mega Honchkrow","Banished Platinum / Original Megas","ABSENT_FROM_CURRENT_DS_LIBRARY","ORIGINAL_MEGAS_FRONT_BACK_RESOLVED","Recover the explicit front/back pair from 06_Banished_Platinum_Original_Megas / Free to Use Original Megas; convert/validate for DS.","ORIGINAL MEGA IDENTITY + FRONT/BACK ART RESOLVED — PACKAGE BINDING PENDING","","TO ASSIGN IN EXTENDED NAMESPACE","","Explicit Mega-labeled normal front + back pair in Free to Use Original Megas source","","","true","true"
"misdreavus-alternate-form-2","Misdreavus","Misdreavus — Alternate (Form 2)","Reborn / Plates of Arceus","ABSENT_FROM_CURRENT_DS_LIBRARY","REBORN_PLATES_STAGED_SOURCE","Recover the exact reviewed battle sprite package from the prior giant Reborn/Plates sprite master; then convert only if still GBA-format.","REBORN/PLATES REVIEW IDENTITY + STAGED SPRITE RESOLVED — SOURCE PACKAGE BINDING PENDING","","","","Master visual reviewer identifies Reborn/Plates source and staged sprite preview; giant sprite handoff records 347 physically present Reborn/Plates entries.","","","true","true"
"mismagius-alternate-form-2","Mismagius","Mismagius — Alternate (Form 2)","Reborn / Plates of Arceus","ABSENT_FROM_CURRENT_DS_LIBRARY","REBORN_PLATES_STAGED_SOURCE","Recover the exact reviewed battle sprite package from the prior giant Reborn/Plates sprite master; then convert only if still GBA-format.","REBORN/PLATES REVIEW IDENTITY + STAGED SPRITE RESOLVED — SOURCE PACKAGE BINDING PENDING","","","","Master visual reviewer identifies Reborn/Plates source and staged sprite preview; giant sprite handoff records 347 physically present Reborn/Plates entries.","","","true","true"
"dunsparce-bt-alt-forms-earth-form-2","Dunsparce","Dunsparce — BT Alt Forms - Earth (Form 2)","Reborn / Plates of Arceus","ABSENT_FROM_CURRENT_DS_LIBRARY","REBORN_PLATES_STAGED_SOURCE","Recover the exact reviewed battle sprite package from the prior giant Reborn/Plates sprite master; then convert only if still GBA-format.","REBORN/PLATES REVIEW IDENTITY + STAGED SPRITE RESOLVED — SOURCE PACKAGE BINDING PENDING","","","","Master visual reviewer identifies Reborn/Plates source and staged sprite preview; giant sprite handoff records 347 physically present Reborn/Plates entries.","","","true","true"
"gliscor-alternate-form-1","Gliscor","Gliscor — Alternate (Form 1)","Reborn / Plates of Arceus","ABSENT_FROM_CURRENT_DS_LIBRARY","REBORN_PLATES_STAGED_SOURCE","Recover the exact reviewed battle sprite package from the prior giant Reborn/Plates sprite master; then convert only if still GBA-format.","REBORN/PLATES REVIEW IDENTITY + STAGED SPRITE RESOLVED — SOURCE PACKAGE BINDING PENDING","","","","Master visual reviewer identifies Reborn/Plates source and staged sprite preview; giant sprite handoff records 347 physically present Reborn/Plates entries.","","","true","true"
"snubbull-alternate-form-1","Snubbull","Snubbull — Alternate (Form 1)","Reborn / Plates of Arceus","ABSENT_FROM_CURRENT_DS_LIBRARY","REBORN_PLATES_STAGED_SOURCE","Recover the exact reviewed battle sprite package from the prior giant Reborn/Plates sprite master; then convert only if still GBA-format.","REBORN/PLATES REVIEW IDENTITY + STAGED SPRITE RESOLVED — SOURCE PACKAGE BINDING PENDING","","","","Master visual reviewer identifies Reborn/Plates source and staged sprite preview; giant sprite handoff records 347 physically present Reborn/Plates entries.","","","true","true"
"granbull-alternate-form-1","Granbull","Granbull — Alternate (Form 1)","Reborn / Plates of Arceus","ABSENT_FROM_CURRENT_DS_LIBRARY","REBORN_PLATES_STAGED_SOURCE","Recover the exact reviewed battle sprite package from the prior giant Reborn/Plates sprite master; then convert only if still GBA-format.","REBORN/PLATES REVIEW IDENTITY + STAGED SPRITE RESOLVED — SOURCE PACKAGE BINDING PENDING","","","","Master visual reviewer identifies Reborn/Plates source and staged sprite preview; giant sprite handoff records 347 physically present Reborn/Plates entries.","","","true","true"
"mega-weavile","Weavile","Mega Weavile","Banished Platinum / Original Megas","ABSENT_FROM_CURRENT_DS_LIBRARY","ORIGINAL_MEGAS_FRONT_BACK_RESOLVED","Recover the explicit front/back pair from 06_Banished_Platinum_Original_Megas / Free to Use Original Megas; convert/validate for DS.","ORIGINAL MEGA IDENTITY + FRONT/BACK ART RESOLVED — PACKAGE BINDING PENDING","","TO ASSIGN IN EXTENDED NAMESPACE","","Explicit Mega-labeled normal front + back pair in Free to Use Original Megas source","","","true","true"
"weavile-redux","Weavile","Weavile Redux","Elite Redux","DS_FRONT_PRESENT_BACK_MISSING","ER_SOURCE_IDENTITY_ONLY","Species/source identity is confirmed, but REV6 does not explicitly claim a recovered 4-view package. Search the ER source package by exact species constant before any reconstruction.","CURRENT SOURCE CONSTANT PRESENT","SPECIES_WEAVILE_REDUX","","","","DS_CUSTOM_LIBRARY/converted/Elite_Redux_Bulk/weavile_redux/front.png","","true","true"
"weavile-redux-mega","Weavile","Weavile Redux Mega","Elite Redux","DS_FRONT_PRESENT_BACK_MISSING","ER_SOURCE_IDENTITY_ONLY","Species/source identity is confirmed, but REV6 does not explicitly claim a recovered 4-view package. Search the ER source package by exact species constant before any reconstruction.","CURRENT SOURCE CONSTANT PRESENT","SPECIES_WEAVILE_REDUX_MEGA","","","","DS_CUSTOM_LIBRARY/converted/Elite_Redux_Bulk/weavile_redux_mega/front.png","","true","true"
"mega-mamoswine","Mamoswine","Mega Mamoswine","Banished Platinum / Original Megas","ABSENT_FROM_CURRENT_DS_LIBRARY","ORIGINAL_MEGAS_FRONT_BACK_RESOLVED","Recover the explicit front/back pair from 06_Banished_Platinum_Original_Megas / Free to Use Original Megas; convert/validate for DS.","ORIGINAL MEGA IDENTITY + FRONT/BACK ART RESOLVED — PACKAGE BINDING PENDING","","TO ASSIGN IN EXTENDED NAMESPACE","","Explicit Mega-labeled normal front + back pair in Free to Use Original Megas source","","","true","true"
"mamoswine-mega","Mamoswine","Mamoswine Mega","Elite Redux","ABSENT_FROM_CURRENT_DS_LIBRARY","ER_NEXTDEX_4VIEW_RECOVERED","Recover exact normal back (and shiny pair) from the previously resolved ER-nextdex 4-view package; do not recreate from the front.","ER NEXTDEX IDENTITY + 4-VIEW BATTLE ART RESOLVED — SOURCE IMPORT PENDING","","SPECIES_MAMOSWINE_REDUX_MEGA","2286.0","ER-nextdex local source: normal front/back + shiny front/back exact constant match (4/4)","","","true","true"
"skarmory-mega-x","Skarmory","Skarmory Mega X","Elite Redux","ABSENT_FROM_CURRENT_DS_LIBRARY","ER_SOURCE_IDENTITY_ONLY","Species/source identity is confirmed, but REV6 does not explicitly claim a recovered 4-view package. Search the ER source package by exact species constant before any reconstruction.","CURRENT SOURCE CONSTANT PRESENT","SPECIES_SKARMORY_MEGA","","","","","","true","true"
"donphan-alternate-form-1","Donphan","Donphan — Alternate (Form 1)","Reborn / Plates of Arceus","ABSENT_FROM_CURRENT_DS_LIBRARY","REBORN_PLATES_STAGED_SOURCE","Recover the exact reviewed battle sprite package from the prior giant Reborn/Plates sprite master; then convert only if still GBA-format.","REBORN/PLATES REVIEW IDENTITY + STAGED SPRITE RESOLVED — SOURCE PACKAGE BINDING PENDING","","","","Master visual reviewer identifies Reborn/Plates source and staged sprite preview; giant sprite handoff records 347 physically present Reborn/Plates entries.","","","true","true"
"larvitar-space-form-4","Larvitar","Larvitar — Space (Form 4)","Reborn / Plates of Arceus","ABSENT_FROM_CURRENT_DS_LIBRARY","REBORN_PLATES_STAGED_SOURCE","Recover the exact reviewed battle sprite package from the prior giant Reborn/Plates sprite master; then convert only if still GBA-format.","REBORN/PLATES REVIEW IDENTITY + STAGED SPRITE RESOLVED — SOURCE PACKAGE BINDING PENDING","","","","Master visual reviewer identifies Reborn/Plates source and staged sprite preview; giant sprite handoff records 347 physically present Reborn/Plates entries.","","","true","true"
"pupitar-space-form-4","Pupitar","Pupitar — Space (Form 4)","Reborn / Plates of Arceus","ABSENT_FROM_CURRENT_DS_LIBRARY","REBORN_PLATES_STAGED_SOURCE","Recover the exact reviewed battle sprite package from the prior giant Reborn/Plates sprite master; then convert only if still GBA-format.","REBORN/PLATES REVIEW IDENTITY + STAGED SPRITE RESOLVED — SOURCE PACKAGE BINDING PENDING","","","","Master visual reviewer identifies Reborn/Plates source and staged sprite preview; giant sprite handoff records 347 physically present Reborn/Plates entries.","","","true","true"
"tyranitar-space-form-4","Tyranitar","Tyranitar — Space (Form 4)","Reborn / Plates of Arceus","ABSENT_FROM_CURRENT_DS_LIBRARY","REBORN_PLATES_STAGED_SOURCE","Recover the exact reviewed battle sprite package from the prior giant Reborn/Plates sprite master; then convert only if still GBA-format.","REBORN/PLATES REVIEW IDENTITY + STAGED SPRITE RESOLVED — SOURCE PACKAGE BINDING PENDING","","","","Master visual reviewer identifies Reborn/Plates source and staged sprite preview; giant sprite handoff records 347 physically present Reborn/Plates entries.","","","true","true"
"breloom-alternate-form-3","Breloom","Breloom — Alternate (Form 3)","Reborn / Plates of Arceus","ABSENT_FROM_CURRENT_DS_LIBRARY","REBORN_PLATES_STAGED_SOURCE","Recover the exact reviewed battle sprite package from the prior giant Reborn/Plates sprite master; then convert only if still GBA-format.","REBORN/PLATES REVIEW IDENTITY + STAGED SPRITE RESOLVED — SOURCE PACKAGE BINDING PENDING","","","","Master visual reviewer identifies Reborn/Plates source and staged sprite preview; giant sprite handoff records 347 physically present Reborn/Plates entries.","","","true","true"
"delta-eelektross","Shedinja","Platinum Redux Shedinja","Platinum Redux 2.9.3 TC6","ABSENT_FROM_CURRENT_DS_LIBRARY","PLATINUM_SOURCE_SEARCH","Search the carried Platinum Redux package by exact species folder.","PLATINUM DONOR ART IDENTITY RESOLVED — REASSIGN TO DELTA EELEKTROSS / SOURCE BINDING PENDING","","SPECIES_EELEKTROSS_DELTA (TO ASSIGN)","","Approved Platinum Redux Shedinja donor visual, per user directive","","","true","true"
"mega-probopass","Probopass","Mega Probopass","Banished Platinum / Original Megas","ABSENT_FROM_CURRENT_DS_LIBRARY","ORIGINAL_MEGAS_FRONT_BACK_RESOLVED","Recover the explicit front/back pair from 06_Banished_Platinum_Original_Megas / Free to Use Original Megas; convert/validate for DS.","ORIGINAL MEGA IDENTITY + FRONT/BACK ART RESOLVED — PACKAGE BINDING PENDING","","TO ASSIGN IN EXTENDED NAMESPACE","","Explicit Mega-labeled normal front + back pair in Free to Use Original Megas source","","","true","true"
"probopass-alternate-form-1","Probopass","Probopass — Alternate (Form 1)","Reborn / Plates of Arceus","ABSENT_FROM_CURRENT_DS_LIBRARY","REBORN_PLATES_STAGED_SOURCE","Recover the exact reviewed battle sprite package from the prior giant Reborn/Plates sprite master; then convert only if still GBA-format.","REBORN/PLATES REVIEW IDENTITY + STAGED SPRITE RESOLVED — SOURCE PACKAGE BINDING PENDING","","","","Master visual reviewer identifies Reborn/Plates source and staged sprite preview; giant sprite handoff records 347 physically present Reborn/Plates entries.","","","true","true"
"skitty-alternate-form-1","Skitty","Skitty — Alternate (Form 1)","Reborn / Plates of Arceus","ABSENT_FROM_CURRENT_DS_LIBRARY","REBORN_PLATES_STAGED_SOURCE","Recover the exact reviewed battle sprite package from the prior giant Reborn/Plates sprite master; then convert only if still GBA-format.","REBORN/PLATES REVIEW IDENTITY + STAGED SPRITE RESOLVED — SOURCE PACKAGE BINDING PENDING","","","","Master visual reviewer identifies Reborn/Plates source and staged sprite preview; giant sprite handoff records 347 physically present Reborn/Plates entries.","","","true","true"
"delcatty-alternate-form-1","Delcatty","Delcatty — Alternate (Form 1)","Reborn / Plates of Arceus","ABSENT_FROM_CURRENT_DS_LIBRARY","REBORN_PLATES_STAGED_SOURCE","Recover the exact reviewed battle sprite package from the prior giant Reborn/Plates sprite master; then convert only if still GBA-format.","REBORN/PLATES REVIEW IDENTITY + STAGED SPRITE RESOLVED — SOURCE PACKAGE BINDING PENDING","","","","Master visual reviewer identifies Reborn/Plates source and staged sprite preview; giant sprite handoff records 347 physically present Reborn/Plates entries.","","","true","true"
"sableye-alternate-gemstone-mega-form-3","Sableye","Sableye — Alternate / Gemstone Mega (Form 3)","Reborn / Plates of Arceus","ABSENT_FROM_CURRENT_DS_LIBRARY","REBORN_PLATES_STAGED_SOURCE","Recover the exact reviewed battle sprite package from the prior giant Reborn/Plates sprite master; then convert only if still GBA-format.","REBORN/PLATES REVIEW IDENTITY + STAGED SPRITE RESOLVED — SOURCE PACKAGE BINDING PENDING","","","","Master visual reviewer identifies Reborn/Plates source and staged sprite preview; giant sprite handoff records 347 physically present Reborn/Plates entries.","","","true","true"
"electrike-alternate-form-2","Electrike","Electrike — Alternate (Form 2)","Reborn / Plates of Arceus","ABSENT_FROM_CURRENT_DS_LIBRARY","REBORN_PLATES_STAGED_SOURCE","Recover the exact reviewed battle sprite package from the prior giant Reborn/Plates sprite master; then convert only if still GBA-format.","REBORN/PLATES REVIEW IDENTITY + STAGED SPRITE RESOLVED — SOURCE PACKAGE BINDING PENDING","","","","Master visual reviewer identifies Reborn/Plates source and staged sprite preview; giant sprite handoff records 347 physically present Reborn/Plates entries.","","","true","true"
"manectric-mega-alternate-form-3","Manectric","Manectric — Mega Alternate (Form 3)","Reborn / Plates of Arceus","ABSENT_FROM_CURRENT_DS_LIBRARY","REBORN_PLATES_STAGED_SOURCE","Recover the exact reviewed battle sprite package from the prior giant Reborn/Plates sprite master; then convert only if still GBA-format.","REBORN/PLATES REVIEW IDENTITY + STAGED SPRITE RESOLVED — SOURCE PACKAGE BINDING PENDING","","","","Master visual reviewer identifies Reborn/Plates source and staged sprite preview; giant sprite handoff records 347 physically present Reborn/Plates entries.","","","true","true"
"mega-roserade","Roserade","Mega Roserade","Banished Platinum / Original Megas","ABSENT_FROM_CURRENT_DS_LIBRARY","ORIGINAL_MEGAS_FRONT_BACK_RESOLVED","Recover the explicit front/back pair from 06_Banished_Platinum_Original_Megas / Free to Use Original Megas; convert/validate for DS.","ORIGINAL MEGA IDENTITY + FRONT/BACK ART RESOLVED — PACKAGE BINDING PENDING","","TO ASSIGN IN EXTENDED NAMESPACE","","Explicit Mega-labeled normal front + back pair in Free to Use Original Megas source","","","true","true"
"swalot-alternate-form-1","Swalot","Swalot — Alternate (Form 1)","Reborn / Plates of Arceus","ABSENT_FROM_CURRENT_DS_LIBRARY","REBORN_PLATES_STAGED_SOURCE","Recover the exact reviewed battle sprite package from the prior giant Reborn/Plates sprite master; then convert only if still GBA-format.","REBORN/PLATES REVIEW IDENTITY + STAGED SPRITE RESOLVED — SOURCE PACKAGE BINDING PENDING","","","","Master visual reviewer identifies Reborn/Plates source and staged sprite preview; giant sprite handoff records 347 physically present Reborn/Plates entries.","","","true","true"
"wailmer-alternate-form-1","Wailmer","Wailmer — Alternate (Form 1)","Reborn / Plates of Arceus","ABSENT_FROM_CURRENT_DS_LIBRARY","REBORN_PLATES_STAGED_SOURCE","Recover the exact reviewed battle sprite package from the prior giant Reborn/Plates sprite master; then convert only if still GBA-format.","REBORN/PLATES REVIEW IDENTITY + STAGED SPRITE RESOLVED — SOURCE PACKAGE BINDING PENDING","","","","Master visual reviewer identifies Reborn/Plates source and staged sprite preview; giant sprite handoff records 347 physically present Reborn/Plates entries.","","","true","true"
"wailord-alternate-form-1","Wailord","Wailord — Alternate (Form 1)","Reborn / Plates of Arceus","ABSENT_FROM_CURRENT_DS_LIBRARY","REBORN_PLATES_STAGED_SOURCE","Recover the exact reviewed battle sprite package from the prior giant Reborn/Plates sprite master; then convert only if still GBA-format.","REBORN/PLATES REVIEW IDENTITY + STAGED SPRITE RESOLVED — SOURCE PACKAGE BINDING PENDING","","","","Master visual reviewer identifies Reborn/Plates source and staged sprite preview; giant sprite handoff records 347 physically present Reborn/Plates entries.","","","true","true"
"trapinch-redux","Trapinch","Trapinch Redux","Elite Redux","DS_FRONT_PRESENT_BACK_MISSING","ER_SOURCE_IDENTITY_ONLY","Species/source identity is confirmed, but REV6 does not explicitly claim a recovered 4-view package. Search the ER source package by exact species constant before any reconstruction.","CURRENT SOURCE CONSTANT PRESENT","SPECIES_TRAPINCH_REDUX","","","","DS_CUSTOM_LIBRARY/converted/Elite_Redux_Bulk/trapinch_redux/front.png","","true","true"
"vibrava-redux","Vibrava","Vibrava Redux","Elite Redux","DS_FRONT_PRESENT_BACK_MISSING","ER_SOURCE_IDENTITY_ONLY","Species/source identity is confirmed, but REV6 does not explicitly claim a recovered 4-view package. Search the ER source package by exact species constant before any reconstruction.","CURRENT SOURCE CONSTANT PRESENT","SPECIES_VIBRAVA_REDUX","","","","DS_CUSTOM_LIBRARY/converted/Elite_Redux_Bulk/vibrava_redux/front.png","","true","true"
"flygon-redux","Flygon","Flygon Redux","Elite Redux","DS_FRONT_PRESENT_BACK_MISSING","ER_SOURCE_IDENTITY_ONLY","Species/source identity is confirmed, but REV6 does not explicitly claim a recovered 4-view package. Search the ER source package by exact species constant before any reconstruction.","CURRENT SOURCE CONSTANT PRESENT","SPECIES_FLYGON_REDUX","","","","DS_CUSTOM_LIBRARY/converted/Elite_Redux_Bulk/flygon_redux/front.png","","true","true"
"flygon-redux-mega","Flygon","Flygon Redux Mega","Elite Redux","DS_FRONT_PRESENT_BACK_MISSING","ER_SOURCE_IDENTITY_ONLY","Species/source identity is confirmed, but REV6 does not explicitly claim a recovered 4-view package. Search the ER source package by exact species constant before any reconstruction.","CURRENT SOURCE CONSTANT PRESENT","SPECIES_FLYGON_REDUX_MEGA","","","","DS_CUSTOM_LIBRARY/converted/Elite_Redux_Bulk/flygon_redux_mega/front.png","","true","true"
"altaria-alternate-form-2","Altaria","Altaria — Alternate (Form 2)","Reborn / Plates of Arceus","ABSENT_FROM_CURRENT_DS_LIBRARY","REBORN_PLATES_STAGED_SOURCE","Recover the exact reviewed battle sprite package from the prior giant Reborn/Plates sprite master; then convert only if still GBA-format.","REBORN/PLATES REVIEW IDENTITY + STAGED SPRITE RESOLVED — SOURCE PACKAGE BINDING PENDING","","","","Master visual reviewer identifies Reborn/Plates source and staged sprite preview; giant sprite handoff records 347 physically present Reborn/Plates entries.","","","true","true"
"altaria-alternate-mega-form-3","Altaria","Altaria — Alternate Mega (Form 3)","Reborn / Plates of Arceus","ABSENT_FROM_CURRENT_DS_LIBRARY","REBORN_PLATES_STAGED_SOURCE","Recover the exact reviewed battle sprite package from the prior giant Reborn/Plates sprite master; then convert only if still GBA-format.","REBORN/PLATES REVIEW IDENTITY + STAGED SPRITE RESOLVED — SOURCE PACKAGE BINDING PENDING","","","","Master visual reviewer identifies Reborn/Plates source and staged sprite preview; giant sprite handoff records 347 physically present Reborn/Plates entries.","","","true","true"
"revenclaw","Revenclaw","Revenclaw","Mercury Redux Custom","ABSENT_FROM_CURRENT_DS_LIBRARY","SOURCE_PACKAGE_SEARCH","Recover from the exact legacy source named by REV4/REV6 before conversion.","MERCURY MECHANICS + COMPLETE GBA SPRITE PACK RESOLVED — SOURCE IMPORT PENDING","","TO ASSIGN IN EXTENDED NAMESPACE","","Venagon/Revenclaw GBA Sprite Pack complete","","","true","true"
"venagon","Venagon","Venagon","Mercury Redux Custom","ABSENT_FROM_CURRENT_DS_LIBRARY","SOURCE_PACKAGE_SEARCH","Recover from the exact legacy source named by REV4/REV6 before conversion.","MERCURY MECHANICS + COMPLETE GBA SPRITE PACK RESOLVED — SOURCE IMPORT PENDING","","TO ASSIGN IN EXTENDED NAMESPACE","","Venagon/Revenclaw GBA Sprite Pack complete","","","true","true"
"mega-milotic","Milotic","Mega Milotic","Banished Platinum / Original Megas","ABSENT_FROM_CURRENT_DS_LIBRARY","ORIGINAL_MEGAS_FRONT_BACK_RESOLVED","Recover the explicit front/back pair from 06_Banished_Platinum_Original_Megas / Free to Use Original Megas; convert/validate for DS.","ORIGINAL MEGA IDENTITY + FRONT/BACK ART RESOLVED — PACKAGE BINDING PENDING","","TO ASSIGN IN EXTENDED NAMESPACE","","Explicit Mega-labeled normal front + back pair in Free to Use Original Megas source","","","true","true"
"dusknoir-alternate-form-1","Dusknoir","Dusknoir — Alternate (Form 1)","Reborn / Plates of Arceus","ABSENT_FROM_CURRENT_DS_LIBRARY","REBORN_PLATES_STAGED_SOURCE","Recover the exact reviewed battle sprite package from the prior giant Reborn/Plates sprite master; then convert only if still GBA-format.","REBORN/PLATES REVIEW IDENTITY + STAGED SPRITE RESOLVED — SOURCE PACKAGE BINDING PENDING","","","","Master visual reviewer identifies Reborn/Plates source and staged sprite preview; giant sprite handoff records 347 physically present Reborn/Plates entries.","","","true","true"
"froslass-mega-x","Froslass","Froslass Mega X","Elite Redux","ABSENT_FROM_CURRENT_DS_LIBRARY","ER_SOURCE_IDENTITY_ONLY","Species/source identity is confirmed, but REV6 does not explicitly claim a recovered 4-view package. Search the ER source package by exact species constant before any reconstruction.","CURRENT SOURCE CONSTANT PRESENT","SPECIES_FROSLASS_MEGA","","","","","","true","true"
"salamence-alternate-form-2","Salamence","Salamence — Alternate (Form 2)","Reborn / Plates of Arceus","ABSENT_FROM_CURRENT_DS_LIBRARY","REBORN_PLATES_STAGED_SOURCE","Recover the exact reviewed battle sprite package from the prior giant Reborn/Plates sprite master; then convert only if still GBA-format.","REBORN/PLATES REVIEW IDENTITY + STAGED SPRITE RESOLVED — SOURCE PACKAGE BINDING PENDING","","","","Master visual reviewer identifies Reborn/Plates source and staged sprite preview; giant sprite handoff records 347 physically present Reborn/Plates entries.","","","true","true"
"salamence-alternate-mega-form-3","Salamence","Salamence — Alternate Mega (Form 3)","Reborn / Plates of Arceus","ABSENT_FROM_CURRENT_DS_LIBRARY","REBORN_PLATES_STAGED_SOURCE","Recover the exact reviewed battle sprite package from the prior giant Reborn/Plates sprite master; then convert only if still GBA-format.","REBORN/PLATES REVIEW IDENTITY + STAGED SPRITE RESOLVED — SOURCE PACKAGE BINDING PENDING","","","","Master visual reviewer identifies Reborn/Plates source and staged sprite preview; giant sprite handoff records 347 physically present Reborn/Plates entries.","","","true","true"
"beldum-alternate-form-2","Beldum","Beldum — Alternate (Form 2)","Reborn / Plates of Arceus","ABSENT_FROM_CURRENT_DS_LIBRARY","REBORN_PLATES_STAGED_SOURCE","Recover the exact reviewed battle sprite package from the prior giant Reborn/Plates sprite master; then convert only if still GBA-format.","REBORN/PLATES REVIEW IDENTITY + STAGED SPRITE RESOLVED — SOURCE PACKAGE BINDING PENDING","","","","Master visual reviewer identifies Reborn/Plates source and staged sprite preview; giant sprite handoff records 347 physically present Reborn/Plates entries.","","","true","true"
"metang-alternate-form-2","Metang","Metang — Alternate (Form 2)","Reborn / Plates of Arceus","ABSENT_FROM_CURRENT_DS_LIBRARY","REBORN_PLATES_STAGED_SOURCE","Recover the exact reviewed battle sprite package from the prior giant Reborn/Plates sprite master; then convert only if still GBA-format.","REBORN/PLATES REVIEW IDENTITY + STAGED SPRITE RESOLVED — SOURCE PACKAGE BINDING PENDING","","","","Master visual reviewer identifies Reborn/Plates source and staged sprite preview; giant sprite handoff records 347 physically present Reborn/Plates entries.","","","true","true"
"metagross-alternate-form-2","Metagross","Metagross — Alternate (Form 2)","Reborn / Plates of Arceus","ABSENT_FROM_CURRENT_DS_LIBRARY","REBORN_PLATES_STAGED_SOURCE","Recover the exact reviewed battle sprite package from the prior giant Reborn/Plates sprite master; then convert only if still GBA-format.","REBORN/PLATES REVIEW IDENTITY + STAGED SPRITE RESOLVED — SOURCE PACKAGE BINDING PENDING","","","","Master visual reviewer identifies Reborn/Plates source and staged sprite preview; giant sprite handoff records 347 physically present Reborn/Plates entries.","","","true","true"
"metagross-alternate-mega-form-3","Metagross","Metagross — Alternate Mega (Form 3)","Reborn / Plates of Arceus","ABSENT_FROM_CURRENT_DS_LIBRARY","REBORN_PLATES_STAGED_SOURCE","Recover the exact reviewed battle sprite package from the prior giant Reborn/Plates sprite master; then convert only if still GBA-format.","REBORN/PLATES REVIEW IDENTITY + STAGED SPRITE RESOLVED — SOURCE PACKAGE BINDING PENDING","","","","Master visual reviewer identifies Reborn/Plates source and staged sprite preview; giant sprite handoff records 347 physically present Reborn/Plates entries.","","","true","true"
"cranidos-alternate-form-1","Cranidos","Cranidos — Alternate (Form 1)","Reborn / Plates of Arceus","ABSENT_FROM_CURRENT_DS_LIBRARY","REBORN_PLATES_STAGED_SOURCE","Recover the exact reviewed battle sprite package from the prior giant Reborn/Plates sprite master; then convert only if still GBA-format.","REBORN/PLATES REVIEW IDENTITY + STAGED SPRITE RESOLVED — SOURCE PACKAGE BINDING PENDING","","","","Master visual reviewer identifies Reborn/Plates source and staged sprite preview; giant sprite handoff records 347 physically present Reborn/Plates entries.","","","true","true"
"mega-rampardos","Rampardos","Mega Rampardos","Banished Platinum / Original Megas","ABSENT_FROM_CURRENT_DS_LIBRARY","ORIGINAL_MEGAS_FRONT_BACK_RESOLVED","Recover the explicit front/back pair from 06_Banished_Platinum_Original_Megas / Free to Use Original Megas; convert/validate for DS.","ORIGINAL MEGA IDENTITY + FRONT/BACK ART RESOLVED — PACKAGE BINDING PENDING","","TO ASSIGN IN EXTENDED NAMESPACE","","Explicit Mega-labeled normal front + back pair in Free to Use Original Megas source","","","true","true"
"shieldon-alternate-form-1","Shieldon","Shieldon — Alternate (Form 1)","Reborn / Plates of Arceus","ABSENT_FROM_CURRENT_DS_LIBRARY","REBORN_PLATES_STAGED_SOURCE","Recover the exact reviewed battle sprite package from the prior giant Reborn/Plates sprite master; then convert only if still GBA-format.","REBORN/PLATES REVIEW IDENTITY + STAGED SPRITE RESOLVED — SOURCE PACKAGE BINDING PENDING","","","","Master visual reviewer identifies Reborn/Plates source and staged sprite preview; giant sprite handoff records 347 physically present Reborn/Plates entries.","","","true","true"
"mega-bastiodon","Bastiodon","Mega Bastiodon","Banished Platinum / Original Megas","ABSENT_FROM_CURRENT_DS_LIBRARY","ORIGINAL_MEGAS_FRONT_BACK_RESOLVED","Recover the explicit front/back pair from 06_Banished_Platinum_Original_Megas / Free to Use Original Megas; convert/validate for DS.","ORIGINAL MEGA IDENTITY + FRONT/BACK ART RESOLVED — PACKAGE BINDING PENDING","","TO ASSIGN IN EXTENDED NAMESPACE","","Explicit Mega-labeled normal front + back pair in Free to Use Original Megas source","","","true","true"
"combee-alternate-form-1","Combee","Combee — Alternate (Form 1)","Reborn / Plates of Arceus","ABSENT_FROM_CURRENT_DS_LIBRARY","REBORN_PLATES_STAGED_SOURCE","Recover the exact reviewed battle sprite package from the prior giant Reborn/Plates sprite master; then convert only if still GBA-format.","REBORN/PLATES REVIEW IDENTITY + STAGED SPRITE RESOLVED — SOURCE PACKAGE BINDING PENDING","","","","Master visual reviewer identifies Reborn/Plates source and staged sprite preview; giant sprite handoff records 347 physically present Reborn/Plates entries.","","","true","true"
"vespiquen-alternate-form-1","Vespiquen","Vespiquen — Alternate (Form 1)","Reborn / Plates of Arceus","ABSENT_FROM_CURRENT_DS_LIBRARY","REBORN_PLATES_STAGED_SOURCE","Recover the exact reviewed battle sprite package from the prior giant Reborn/Plates sprite master; then convert only if still GBA-format.","REBORN/PLATES REVIEW IDENTITY + STAGED SPRITE RESOLVED — SOURCE PACKAGE BINDING PENDING","","","","Master visual reviewer identifies Reborn/Plates source and staged sprite preview; giant sprite handoff records 347 physically present Reborn/Plates entries.","","","true","true"
"mega-spiritomb","Spiritomb","Mega Spiritomb","Banished Platinum / Original Megas","ABSENT_FROM_CURRENT_DS_LIBRARY","ORIGINAL_MEGAS_FRONT_BACK_RESOLVED","Recover the explicit front/back pair from 06_Banished_Platinum_Original_Megas / Free to Use Original Megas; convert/validate for DS.","ORIGINAL MEGA IDENTITY + FRONT/BACK ART RESOLVED — PACKAGE BINDING PENDING","","TO ASSIGN IN EXTENDED NAMESPACE","","Explicit Mega-labeled normal front + back pair in Free to Use Original Megas source","","","true","true"
"carnivine-alternate-form-2","Carnivine","Carnivine — Alternate (Form 2)","Reborn / Plates of Arceus","ABSENT_FROM_CURRENT_DS_LIBRARY","REBORN_PLATES_STAGED_SOURCE","Recover the exact reviewed battle sprite package from the prior giant Reborn/Plates sprite master; then convert only if still GBA-format.","REBORN/PLATES REVIEW IDENTITY + STAGED SPRITE RESOLVED — SOURCE PACKAGE BINDING PENDING","","","","Master visual reviewer identifies Reborn/Plates source and staged sprite preview; giant sprite handoff records 347 physically present Reborn/Plates entries.","","","true","true"
"purrloin-alternate-form-1","Purrloin","Purrloin — Alternate (Form 1)","Reborn / Plates of Arceus","ABSENT_FROM_CURRENT_DS_LIBRARY","REBORN_PLATES_STAGED_SOURCE","Recover the exact reviewed battle sprite package from the prior giant Reborn/Plates sprite master; then convert only if still GBA-format.","REBORN/PLATES REVIEW IDENTITY + STAGED SPRITE RESOLVED — SOURCE PACKAGE BINDING PENDING","","","","Master visual reviewer identifies Reborn/Plates source and staged sprite preview; giant sprite handoff records 347 physically present Reborn/Plates entries.","","","true","true"
"liepard-alternate-form-1","Liepard","Liepard — Alternate (Form 1)","Reborn / Plates of Arceus","ABSENT_FROM_CURRENT_DS_LIBRARY","REBORN_PLATES_STAGED_SOURCE","Recover the exact reviewed battle sprite package from the prior giant Reborn/Plates sprite master; then convert only if still GBA-format.","REBORN/PLATES REVIEW IDENTITY + STAGED SPRITE RESOLVED — SOURCE PACKAGE BINDING PENDING","","","","Master visual reviewer identifies Reborn/Plates source and staged sprite preview; giant sprite handoff records 347 physically present Reborn/Plates entries.","","","true","true"
"munna-alternate-form-1","Munna","Munna — Alternate (Form 1)","Reborn / Plates of Arceus","ABSENT_FROM_CURRENT_DS_LIBRARY","REBORN_PLATES_STAGED_SOURCE","Recover the exact reviewed battle sprite package from the prior giant Reborn/Plates sprite master; then convert only if still GBA-format.","REBORN/PLATES REVIEW IDENTITY + STAGED SPRITE RESOLVED — SOURCE PACKAGE BINDING PENDING","","","","Master visual reviewer identifies Reborn/Plates source and staged sprite preview; giant sprite handoff records 347 physically present Reborn/Plates entries.","","","true","true"
"musharna-alternate-form-1","Musharna","Musharna — Alternate (Form 1)","Reborn / Plates of Arceus","ABSENT_FROM_CURRENT_DS_LIBRARY","REBORN_PLATES_STAGED_SOURCE","Recover the exact reviewed battle sprite package from the prior giant Reborn/Plates sprite master; then convert only if still GBA-format.","REBORN/PLATES REVIEW IDENTITY + STAGED SPRITE RESOLVED — SOURCE PACKAGE BINDING PENDING","","","","Master visual reviewer identifies Reborn/Plates source and staged sprite preview; giant sprite handoff records 347 physically present Reborn/Plates entries.","","","true","true"
"petilil-alternate-form-1","Petilil","Petilil — Alternate (Form 1)","Reborn / Plates of Arceus","ABSENT_FROM_CURRENT_DS_LIBRARY","REBORN_PLATES_STAGED_SOURCE","Recover the exact reviewed battle sprite package from the prior giant Reborn/Plates sprite master; then convert only if still GBA-format.","REBORN/PLATES REVIEW IDENTITY + STAGED SPRITE RESOLVED — SOURCE PACKAGE BINDING PENDING","","","","Master visual reviewer identifies Reborn/Plates source and staged sprite preview; giant sprite handoff records 347 physically present Reborn/Plates entries.","","","true","true"
"lilligant-alternate-form-1","Lilligant","Lilligant — Alternate (Form 1)","Reborn / Plates of Arceus","ABSENT_FROM_CURRENT_DS_LIBRARY","REBORN_PLATES_STAGED_SOURCE","Recover the exact reviewed battle sprite package from the prior giant Reborn/Plates sprite master; then convert only if still GBA-format.","REBORN/PLATES REVIEW IDENTITY + STAGED SPRITE RESOLVED — SOURCE PACKAGE BINDING PENDING","","","","Master visual reviewer identifies Reborn/Plates source and staged sprite preview; giant sprite handoff records 347 physically present Reborn/Plates entries.","","","true","true"
"sandile-alternate-form-1","Sandile","Sandile — Alternate (Form 1)","Reborn / Plates of Arceus","ABSENT_FROM_CURRENT_DS_LIBRARY","REBORN_PLATES_STAGED_SOURCE","Recover the exact reviewed battle sprite package from the prior giant Reborn/Plates sprite master; then convert only if still GBA-format.","REBORN/PLATES REVIEW IDENTITY + STAGED SPRITE RESOLVED — SOURCE PACKAGE BINDING PENDING","","","","Master visual reviewer identifies Reborn/Plates source and staged sprite preview; giant sprite handoff records 347 physically present Reborn/Plates entries.","","","true","true"
"krokorok-alternate-form-1","Krokorok","Krokorok — Alternate (Form 1)","Reborn / Plates of Arceus","ABSENT_FROM_CURRENT_DS_LIBRARY","REBORN_PLATES_STAGED_SOURCE","Recover the exact reviewed battle sprite package from the prior giant Reborn/Plates sprite master; then convert only if still GBA-format.","REBORN/PLATES REVIEW IDENTITY + STAGED SPRITE RESOLVED — SOURCE PACKAGE BINDING PENDING","","","","Master visual reviewer identifies Reborn/Plates source and staged sprite preview; giant sprite handoff records 347 physically present Reborn/Plates entries.","","","true","true"
"krookodile-alternate-form-1","Krookodile","Krookodile — Alternate (Form 1)","Reborn / Plates of Arceus","ABSENT_FROM_CURRENT_DS_LIBRARY","REBORN_PLATES_STAGED_SOURCE","Recover the exact reviewed battle sprite package from the prior giant Reborn/Plates sprite master; then convert only if still GBA-format.","REBORN/PLATES REVIEW IDENTITY + STAGED SPRITE RESOLVED — SOURCE PACKAGE BINDING PENDING","","","","Master visual reviewer identifies Reborn/Plates source and staged sprite preview; giant sprite handoff records 347 physically present Reborn/Plates entries.","","","true","true"
"blunder-darmanitan","Darmanitan","Blunder-Darmanitan","Elite Redux","ABSENT_FROM_CURRENT_DS_LIBRARY","ER_NEXTDEX_4VIEW_RECOVERED","Recover exact normal back (and shiny pair) from the previously resolved ER-nextdex 4-view package; do not recreate from the front.","ER NEXTDEX IDENTITY + 4-VIEW BATTLE ART RESOLVED — SOURCE IMPORT PENDING","","SPECIES_DARMANITAN_REDUX_BLUNDER","2635.0","ER-nextdex local source: normal front/back + shiny front/back exact constant match (4/4)","","","true","true"
"dwebble-alternate-form-1","Dwebble","Dwebble — Alternate (Form 1)","Reborn / Plates of Arceus","ABSENT_FROM_CURRENT_DS_LIBRARY","REBORN_PLATES_STAGED_SOURCE","Recover the exact reviewed battle sprite package from the prior giant Reborn/Plates sprite master; then convert only if still GBA-format.","REBORN/PLATES REVIEW IDENTITY + STAGED SPRITE RESOLVED — SOURCE PACKAGE BINDING PENDING","","","","Master visual reviewer identifies Reborn/Plates source and staged sprite preview; giant sprite handoff records 347 physically present Reborn/Plates entries.","","","true","true"
"crustle-alternate-form-1","Crustle","Crustle — Alternate (Form 1)","Reborn / Plates of Arceus","ABSENT_FROM_CURRENT_DS_LIBRARY","REBORN_PLATES_STAGED_SOURCE","Recover the exact reviewed battle sprite package from the prior giant Reborn/Plates sprite master; then convert only if still GBA-format.","REBORN/PLATES REVIEW IDENTITY + STAGED SPRITE RESOLVED — SOURCE PACKAGE BINDING PENDING","","","","Master visual reviewer identifies Reborn/Plates source and staged sprite preview; giant sprite handoff records 347 physically present Reborn/Plates entries.","","","true","true"
"escavalier-alternate-form-1","Escavalier","Escavalier — Alternate (Form 1)","Reborn / Plates of Arceus","ABSENT_FROM_CURRENT_DS_LIBRARY","REBORN_PLATES_STAGED_SOURCE","Recover the exact reviewed battle sprite package from the prior giant Reborn/Plates sprite master; then convert only if still GBA-format.","REBORN/PLATES REVIEW IDENTITY + STAGED SPRITE RESOLVED — SOURCE PACKAGE BINDING PENDING","","","","Master visual reviewer identifies Reborn/Plates source and staged sprite preview; giant sprite handoff records 347 physically present Reborn/Plates entries.","","","true","true"
"accelgor-alternate-form-1","Accelgor","Accelgor — Alternate (Form 1)","Reborn / Plates of Arceus","ABSENT_FROM_CURRENT_DS_LIBRARY","REBORN_PLATES_STAGED_SOURCE","Recover the exact reviewed battle sprite package from the prior giant Reborn/Plates sprite master; then convert only if still GBA-format.","REBORN/PLATES REVIEW IDENTITY + STAGED SPRITE RESOLVED — SOURCE PACKAGE BINDING PENDING","","","","Master visual reviewer identifies Reborn/Plates source and staged sprite preview; giant sprite handoff records 347 physically present Reborn/Plates entries.","","","true","true"
"klang-alternate-form-1","Klang","Klang — Alternate (Form 1)","Reborn / Plates of Arceus","ABSENT_FROM_CURRENT_DS_LIBRARY","REBORN_PLATES_STAGED_SOURCE","Recover the exact reviewed battle sprite package from the prior giant Reborn/Plates sprite master; then convert only if still GBA-format.","REBORN/PLATES REVIEW IDENTITY + STAGED SPRITE RESOLVED — SOURCE PACKAGE BINDING PENDING","","","","Master visual reviewer identifies Reborn/Plates source and staged sprite preview; giant sprite handoff records 347 physically present Reborn/Plates entries.","","","true","true"
"klinklang-alternate-form-1","Klinklang","Klinklang — Alternate (Form 1)","Reborn / Plates of Arceus","ABSENT_FROM_CURRENT_DS_LIBRARY","REBORN_PLATES_STAGED_SOURCE","Recover the exact reviewed battle sprite package from the prior giant Reborn/Plates sprite master; then convert only if still GBA-format.","REBORN/PLATES REVIEW IDENTITY + STAGED SPRITE RESOLVED — SOURCE PACKAGE BINDING PENDING","","","","Master visual reviewer identifies Reborn/Plates source and staged sprite preview; giant sprite handoff records 347 physically present Reborn/Plates entries.","","","true","true"
"eelektrik-alternate-form-1","Eelektrik","Eelektrik — Alternate (Form 1)","Reborn / Plates of Arceus","ABSENT_FROM_CURRENT_DS_LIBRARY","REBORN_PLATES_STAGED_SOURCE","Recover the exact reviewed battle sprite package from the prior giant Reborn/Plates sprite master; then convert only if still GBA-format.","REBORN/PLATES REVIEW IDENTITY + STAGED SPRITE RESOLVED — SOURCE PACKAGE BINDING PENDING","","","","Master visual reviewer identifies Reborn/Plates source and staged sprite preview; giant sprite handoff records 347 physically present Reborn/Plates entries.","","","true","true"
"eelektross-alternate-form-1","Eelektross","Eelektross — Alternate (Form 1)","Reborn / Plates of Arceus","ABSENT_FROM_CURRENT_DS_LIBRARY","REBORN_PLATES_STAGED_SOURCE","Recover the exact reviewed battle sprite package from the prior giant Reborn/Plates sprite master; then convert only if still GBA-format.","REBORN/PLATES REVIEW IDENTITY + STAGED SPRITE RESOLVED — SOURCE PACKAGE BINDING PENDING","","","","Master visual reviewer identifies Reborn/Plates source and staged sprite preview; giant sprite handoff records 347 physically present Reborn/Plates entries.","","","true","true"
"chandelure-mega-x","Chandelure","Chandelure Mega X","Elite Redux","ABSENT_FROM_CURRENT_DS_LIBRARY","ER_SOURCE_IDENTITY_ONLY","Species/source identity is confirmed, but REV6 does not explicitly claim a recovered 4-view package. Search the ER source package by exact species constant before any reconstruction.","CURRENT SOURCE CONSTANT PRESENT","SPECIES_CHANDELURE_MEGA","","","","","","true","true"
"cryogonal-alternate-form-1","Cryogonal","Cryogonal — Alternate (Form 1)","Reborn / Plates of Arceus","ABSENT_FROM_CURRENT_DS_LIBRARY","REBORN_PLATES_STAGED_SOURCE","Recover the exact reviewed battle sprite package from the prior giant Reborn/Plates sprite master; then convert only if still GBA-format.","REBORN/PLATES REVIEW IDENTITY + STAGED SPRITE RESOLVED — SOURCE PACKAGE BINDING PENDING","","","","Master visual reviewer identifies Reborn/Plates source and staged sprite preview; giant sprite handoff records 347 physically present Reborn/Plates entries.","","","true","true"
"mienfoo-bluetowel-alternate-form-form-1","Mienfoo","Mienfoo — BlueTowel Alternate form (Form 1)","Reborn / Plates of Arceus","ABSENT_FROM_CURRENT_DS_LIBRARY","REBORN_PLATES_STAGED_SOURCE","Recover the exact reviewed battle sprite package from the prior giant Reborn/Plates sprite master; then convert only if still GBA-format.","REBORN/PLATES REVIEW IDENTITY + STAGED SPRITE RESOLVED — SOURCE PACKAGE BINDING PENDING","","","","Master visual reviewer identifies Reborn/Plates source and staged sprite preview; giant sprite handoff records 347 physically present Reborn/Plates entries.","","","true","true"
"mienshao-bluetowel-alternate-form-form-1","Mienshao","Mienshao — BlueTowel Alternate form (Form 1)","Reborn / Plates of Arceus","ABSENT_FROM_CURRENT_DS_LIBRARY","REBORN_PLATES_STAGED_SOURCE","Recover the exact reviewed battle sprite package from the prior giant Reborn/Plates sprite master; then convert only if still GBA-format.","REBORN/PLATES REVIEW IDENTITY + STAGED SPRITE RESOLVED — SOURCE PACKAGE BINDING PENDING","","","","Master visual reviewer identifies Reborn/Plates source and staged sprite preview; giant sprite handoff records 347 physically present Reborn/Plates entries.","","","true","true"
"golett-alternate-form-1","Golett","Golett — Alternate (Form 1)","Reborn / Plates of Arceus","ABSENT_FROM_CURRENT_DS_LIBRARY","REBORN_PLATES_STAGED_SOURCE","Recover the exact reviewed battle sprite package from the prior giant Reborn/Plates sprite master; then convert only if still GBA-format.","REBORN/PLATES REVIEW IDENTITY + STAGED SPRITE RESOLVED — SOURCE PACKAGE BINDING PENDING","","","","Master visual reviewer identifies Reborn/Plates source and staged sprite preview; giant sprite handoff records 347 physically present Reborn/Plates entries.","","","true","true"
"golurk-alternate-form-1","Golurk","Golurk — Alternate (Form 1)","Reborn / Plates of Arceus","ABSENT_FROM_CURRENT_DS_LIBRARY","REBORN_PLATES_STAGED_SOURCE","Recover the exact reviewed battle sprite package from the prior giant Reborn/Plates sprite master; then convert only if still GBA-format.","REBORN/PLATES REVIEW IDENTITY + STAGED SPRITE RESOLVED — SOURCE PACKAGE BINDING PENDING","","","","Master visual reviewer identifies Reborn/Plates source and staged sprite preview; giant sprite handoff records 347 physically present Reborn/Plates entries.","","","true","true"
"durant-bluetowel-alternate-form-form-1","Durant","Durant — BlueTowel Alternate form (Form 1)","Reborn / Plates of Arceus","ABSENT_FROM_CURRENT_DS_LIBRARY","REBORN_PLATES_STAGED_SOURCE","Recover the exact reviewed battle sprite package from the prior giant Reborn/Plates sprite master; then convert only if still GBA-format.","REBORN/PLATES REVIEW IDENTITY + STAGED SPRITE RESOLVED — SOURCE PACKAGE BINDING PENDING","","","","Master visual reviewer identifies Reborn/Plates source and staged sprite preview; giant sprite handoff records 347 physically present Reborn/Plates entries.","","","true","true"
"honedge-redux","Honedge","Honedge Redux","Elite Redux","DS_FRONT_PRESENT_BACK_MISSING","ER_SOURCE_IDENTITY_ONLY","Species/source identity is confirmed, but REV6 does not explicitly claim a recovered 4-view package. Search the ER source package by exact species constant before any reconstruction.","CURRENT SOURCE CONSTANT PRESENT","SPECIES_HONEDGE_REDUX","","","","DS_CUSTOM_LIBRARY/converted/Elite_Redux_Bulk/honedge_redux/front.png","","true","true"
"doublade-redux","Doublade","Doublade Redux","Elite Redux","DS_FRONT_PRESENT_BACK_MISSING","ER_SOURCE_IDENTITY_ONLY","Species/source identity is confirmed, but REV6 does not explicitly claim a recovered 4-view package. Search the ER source package by exact species constant before any reconstruction.","CURRENT SOURCE CONSTANT PRESENT","SPECIES_DOUBLADE_REDUX","","","","DS_CUSTOM_LIBRARY/converted/Elite_Redux_Bulk/doublade_redux/front.png","","true","true"
"aegislash-blade-redux","Aegislash","Aegislash Blade Redux","Elite Redux","DS_FRONT_PRESENT_BACK_MISSING","ER_SOURCE_IDENTITY_ONLY","Species/source identity is confirmed, but REV6 does not explicitly claim a recovered 4-view package. Search the ER source package by exact species constant before any reconstruction.","CURRENT SOURCE CONSTANT PRESENT","SPECIES_AEGISLASH_BLADE_REDUX","","","","DS_CUSTOM_LIBRARY/converted/Elite_Redux_Bulk/aegislash_blade_redux/front.png","","true","true"
"aegislash-redux","Aegislash","Aegislash Redux","Elite Redux","DS_FRONT_PRESENT_BACK_MISSING","ER_SOURCE_IDENTITY_ONLY","Species/source identity is confirmed, but REV6 does not explicitly claim a recovered 4-view package. Search the ER source package by exact species constant before any reconstruction.","CURRENT SOURCE CONSTANT PRESENT","SPECIES_AEGISLASH_REDUX","","","","DS_CUSTOM_LIBRARY/converted/Elite_Redux_Bulk/aegislash_redux/front.png","","true","true"
"aegislash-mega","Aegislash","Aegislash Mega","Elite Redux","ABSENT_FROM_CURRENT_DS_LIBRARY","ER_SOURCE_IDENTITY_ONLY","Species/source identity is confirmed, but REV6 does not explicitly claim a recovered 4-view package. Search the ER source package by exact species constant before any reconstruction.","CURRENT SOURCE CONSTANT PRESENT","SPECIES_AEGISLASH_REDUX_MEGA","","","","","","true","true"
"aromatisse-alternate-form-1","Aromatisse","Aromatisse — Alternate (Form 1)","Reborn / Plates of Arceus","ABSENT_FROM_CURRENT_DS_LIBRARY","REBORN_PLATES_STAGED_SOURCE","Recover the exact reviewed battle sprite package from the prior giant Reborn/Plates sprite master; then convert only if still GBA-format.","REBORN/PLATES REVIEW IDENTITY + STAGED SPRITE RESOLVED — SOURCE PACKAGE BINDING PENDING","","","","Master visual reviewer identifies Reborn/Plates source and staged sprite preview; giant sprite handoff records 347 physically present Reborn/Plates entries.","","","true","true"
"tyrunt-alternate-form-1","Tyrunt","Tyrunt — Alternate (Form 1)","Reborn / Plates of Arceus","ABSENT_FROM_CURRENT_DS_LIBRARY","REBORN_PLATES_STAGED_SOURCE","Recover the exact reviewed battle sprite package from the prior giant Reborn/Plates sprite master; then convert only if still GBA-format.","REBORN/PLATES REVIEW IDENTITY + STAGED SPRITE RESOLVED — SOURCE PACKAGE BINDING PENDING","","","","Master visual reviewer identifies Reborn/Plates source and staged sprite preview; giant sprite handoff records 347 physically present Reborn/Plates entries.","","","true","true"
"tyrantrum-alternate-form-1","Tyrantrum","Tyrantrum — Alternate (Form 1)","Reborn / Plates of Arceus","ABSENT_FROM_CURRENT_DS_LIBRARY","REBORN_PLATES_STAGED_SOURCE","Recover the exact reviewed battle sprite package from the prior giant Reborn/Plates sprite master; then convert only if still GBA-format.","REBORN/PLATES REVIEW IDENTITY + STAGED SPRITE RESOLVED — SOURCE PACKAGE BINDING PENDING","","","","Master visual reviewer identifies Reborn/Plates source and staged sprite preview; giant sprite handoff records 347 physically present Reborn/Plates entries.","","","true","true"
"amaura-alternate-form-1","Amaura","Amaura — Alternate (Form 1)","Reborn / Plates of Arceus","ABSENT_FROM_CURRENT_DS_LIBRARY","REBORN_PLATES_STAGED_SOURCE","Recover the exact reviewed battle sprite package from the prior giant Reborn/Plates sprite master; then convert only if still GBA-format.","REBORN/PLATES REVIEW IDENTITY + STAGED SPRITE RESOLVED — SOURCE PACKAGE BINDING PENDING","","","","Master visual reviewer identifies Reborn/Plates source and staged sprite preview; giant sprite handoff records 347 physically present Reborn/Plates entries.","","","true","true"
"aurorus-alternate-form-1","Aurorus","Aurorus — Alternate (Form 1)","Reborn / Plates of Arceus","ABSENT_FROM_CURRENT_DS_LIBRARY","REBORN_PLATES_STAGED_SOURCE","Recover the exact reviewed battle sprite package from the prior giant Reborn/Plates sprite master; then convert only if still GBA-format.","REBORN/PLATES REVIEW IDENTITY + STAGED SPRITE RESOLVED — SOURCE PACKAGE BINDING PENDING","","","","Master visual reviewer identifies Reborn/Plates source and staged sprite preview; giant sprite handoff records 347 physically present Reborn/Plates entries.","","","true","true"
"noibat-alternate-form-1","Noibat","Noibat — Alternate (Form 1)","Reborn / Plates of Arceus","ABSENT_FROM_CURRENT_DS_LIBRARY","REBORN_PLATES_STAGED_SOURCE","Recover the exact reviewed battle sprite package from the prior giant Reborn/Plates sprite master; then convert only if still GBA-format.","REBORN/PLATES REVIEW IDENTITY + STAGED SPRITE RESOLVED — SOURCE PACKAGE BINDING PENDING","","","","Master visual reviewer identifies Reborn/Plates source and staged sprite preview; giant sprite handoff records 347 physically present Reborn/Plates entries.","","","true","true"
"noivern-alternate-form-1","Noivern","Noivern — Alternate (Form 1)","Reborn / Plates of Arceus","ABSENT_FROM_CURRENT_DS_LIBRARY","REBORN_PLATES_STAGED_SOURCE","Recover the exact reviewed battle sprite package from the prior giant Reborn/Plates sprite master; then convert only if still GBA-format.","REBORN/PLATES REVIEW IDENTITY + STAGED SPRITE RESOLVED — SOURCE PACKAGE BINDING PENDING","","","","Master visual reviewer identifies Reborn/Plates source and staged sprite preview; giant sprite handoff records 347 physically present Reborn/Plates entries.","","","true","true"
"crabrawler-redux","Crabrawler","Crabrawler Redux","Elite Redux","DS_FRONT_PRESENT_BACK_MISSING","ER_SOURCE_IDENTITY_ONLY","Species/source identity is confirmed, but REV6 does not explicitly claim a recovered 4-view package. Search the ER source package by exact species constant before any reconstruction.","CURRENT SOURCE CONSTANT PRESENT","SPECIES_CRABRAWLER_REDUX","","","","DS_CUSTOM_LIBRARY/converted/Elite_Redux_Bulk/crabrawler_redux/front.png","","true","true"
"crabominable-redux","Crabominable","Crabominable Redux","Elite Redux","DS_FRONT_PRESENT_BACK_MISSING","ER_SOURCE_IDENTITY_ONLY","Species/source identity is confirmed, but REV6 does not explicitly claim a recovered 4-view package. Search the ER source package by exact species constant before any reconstruction.","CURRENT SOURCE CONSTANT PRESENT","SPECIES_CRABOMINABLE_REDUX","","","","DS_CUSTOM_LIBRARY/converted/Elite_Redux_Bulk/crabominable_redux/front.png","","true","true"
"tsareena-mega","Tsareena","Tsareena Mega","Elite Redux","DS_FRONT_PRESENT_BACK_MISSING","ER_SOURCE_IDENTITY_ONLY","Species/source identity is confirmed, but REV6 does not explicitly claim a recovered 4-view package. Search the ER source package by exact species constant before any reconstruction.","CURRENT SOURCE IDENTITY RESOLVED","SPECIES_TSAREENA_MEGA","","","","DS_CUSTOM_LIBRARY/converted/Elite_Redux_Bulk/tsareena_mega/front.png","","true","true"
"golisopod-mega-y","Golisopod","Golisopod Mega Y","Elite Redux","DS_FRONT_PRESENT_BACK_MISSING","ER_NEXTDEX_4VIEW_RECOVERED","Recover exact normal back (and shiny pair) from the previously resolved ER-nextdex 4-view package; do not recreate from the front.","ER NEXTDEX IDENTITY + 4-VIEW BATTLE ART RESOLVED — SOURCE IMPORT PENDING","","SPECIES_GOLISOPOD_MEGA_Y","1900.0","ER-nextdex local source: normal front/back + shiny front/back exact constant match (4/4)","DS_CUSTOM_LIBRARY/converted/Elite_Redux_Bulk/golisopod_mega_y/front.png","","true","true"
"hakamo-o-alternate-form-1","Hakamo-o","Hakamo-o — Alternate (Form 1)","Reborn / Plates of Arceus","ABSENT_FROM_CURRENT_DS_LIBRARY","REBORN_PLATES_STAGED_SOURCE","Recover the exact reviewed battle sprite package from the prior giant Reborn/Plates sprite master; then convert only if still GBA-format.","REBORN/PLATES REVIEW IDENTITY + STAGED SPRITE RESOLVED — SOURCE PACKAGE BINDING PENDING","","","","Master visual reviewer identifies Reborn/Plates source and staged sprite preview; giant sprite handoff records 347 physically present Reborn/Plates entries.","","","true","true"
"kommo-o-alternate-form-1","Kommo-o","Kommo-o — Alternate (Form 1)","Reborn / Plates of Arceus","ABSENT_FROM_CURRENT_DS_LIBRARY","REBORN_PLATES_STAGED_SOURCE","Recover the exact reviewed battle sprite package from the prior giant Reborn/Plates sprite master; then convert only if still GBA-format.","REBORN/PLATES REVIEW IDENTITY + STAGED SPRITE RESOLVED — SOURCE PACKAGE BINDING PENDING","","","","Master visual reviewer identifies Reborn/Plates source and staged sprite preview; giant sprite handoff records 347 physically present Reborn/Plates entries.","","","true","true"
"cinderace-mega","Cinderace","Cinderace Mega","Elite Redux","ABSENT_FROM_CURRENT_DS_LIBRARY","ER_SOURCE_IDENTITY_ONLY","Species/source identity is confirmed, but REV6 does not explicitly claim a recovered 4-view package. Search the ER source package by exact species constant before any reconstruction.","CURRENT SOURCE CONSTANT PRESENT","SPECIES_CINDERACE_MEGA","","","","","","true","true"
"inteleon-mega","Inteleon","Inteleon Mega","Elite Redux","ABSENT_FROM_CURRENT_DS_LIBRARY","ER_SOURCE_IDENTITY_ONLY","Species/source identity is confirmed, but REV6 does not explicitly claim a recovered 4-view package. Search the ER source package by exact species constant before any reconstruction.","CURRENT SOURCE CONSTANT PRESENT","SPECIES_INTELEON_MEGA","","","","","","true","true"
"drednaw-mega","Drednaw","Drednaw Mega","Elite Redux","ABSENT_FROM_CURRENT_DS_LIBRARY","ER_SOURCE_IDENTITY_ONLY","Species/source identity is confirmed, but REV6 does not explicitly claim a recovered 4-view package. Search the ER source package by exact species constant before any reconstruction.","CURRENT SOURCE CONSTANT PRESENT","SPECIES_DREDNAW_MEGA","","","","","","true","true"
"coalossal-mega","Coalossal","Coalossal Mega","Elite Redux","ABSENT_FROM_CURRENT_DS_LIBRARY","ER_SOURCE_IDENTITY_ONLY","Species/source identity is confirmed, but REV6 does not explicitly claim a recovered 4-view package. Search the ER source package by exact species constant before any reconstruction.","CURRENT SOURCE CONSTANT PRESENT","SPECIES_COALOSSAL_MEGA","","","","","","true","true"
"toxtricity-mega","Toxtricity","Toxtricity Mega","Elite Redux","ABSENT_FROM_CURRENT_DS_LIBRARY","ER_SOURCE_IDENTITY_ONLY","Species/source identity is confirmed, but REV6 does not explicitly claim a recovered 4-view package. Search the ER source package by exact species constant before any reconstruction.","CURRENT SOURCE IDENTITY RESOLVED","SPECIES_TOXTRICITY_MEGA; SPECIES_TOXTRICITY_REDUX_MEGA","","","","","","true","true"
"hatterene-mega","Hatterene","Hatterene Mega","Elite Redux","ABSENT_FROM_CURRENT_DS_LIBRARY","ER_SOURCE_IDENTITY_ONLY","Species/source identity is confirmed, but REV6 does not explicitly claim a recovered 4-view package. Search the ER source package by exact species constant before any reconstruction.","CURRENT SOURCE CONSTANT PRESENT","SPECIES_HATTERENE_MEGA","","","","","","true","true"
"cetoddle-redux","Cetoddle","Cetoddle Redux","Elite Redux","DS_FRONT_PRESENT_BACK_MISSING","ER_NEXTDEX_4VIEW_RECOVERED","Recover exact normal back (and shiny pair) from the previously resolved ER-nextdex 4-view package; do not recreate from the front.","ER NEXTDEX IDENTITY + 4-VIEW BATTLE ART RESOLVED — SOURCE IMPORT PENDING","","SPECIES_CETODDLE_REDUX","2252.0","ER-nextdex local source: normal front/back + shiny front/back exact constant match (4/4)","DS_CUSTOM_LIBRARY/converted/Elite_Redux_Bulk/cetoddle_redux/front.png","","true","true"
"cetitan-redux","Cetitan","Cetitan Redux","Elite Redux","DS_FRONT_PRESENT_BACK_MISSING","ER_NEXTDEX_4VIEW_RECOVERED","Recover exact normal back (and shiny pair) from the previously resolved ER-nextdex 4-view package; do not recreate from the front.","ER NEXTDEX IDENTITY + 4-VIEW BATTLE ART RESOLVED — SOURCE IMPORT PENDING","","SPECIES_CETITAN_REDUX","2253.0","ER-nextdex local source: normal front/back + shiny front/back exact constant match (4/4)","DS_CUSTOM_LIBRARY/converted/Elite_Redux_Bulk/cetitan_redux/front.png","","true","true"
"amphybuzz","Amphybuzz","Amphybuzz","Elite Redux","DS_FRONT_PRESENT_BACK_MISSING","ER_SOURCE_IDENTITY_ONLY","Species/source identity is confirmed, but REV6 does not explicitly claim a recovered 4-view package. Search the ER source package by exact species constant before any reconstruction.","CURRENT SOURCE CONSTANT PRESENT","SPECIES_AMPHYBUZZ","","","","DS_CUSTOM_LIBRARY/converted/Elite_Redux_Bulk/amphybuzz/front.png","","true","true"
"amphybuzz-mega","Amphybuzz","Amphybuzz Mega","Elite Redux","DS_FRONT_PRESENT_BACK_MISSING","ER_SOURCE_IDENTITY_ONLY","Species/source identity is confirmed, but REV6 does not explicitly claim a recovered 4-view package. Search the ER source package by exact species constant before any reconstruction.","CURRENT SOURCE CONSTANT PRESENT","SPECIES_AMPHYBUZZ_MEGA","","","","DS_CUSTOM_LIBRARY/converted/Elite_Redux_Bulk/amphybuzz_mega/front.png","","true","true"
"bariong","Bariong","Bariong","Elite Redux","DS_FRONT_PRESENT_BACK_MISSING","ER_SOURCE_IDENTITY_ONLY","Species/source identity is confirmed, but REV6 does not explicitly claim a recovered 4-view package. Search the ER source package by exact species constant before any reconstruction.","CURRENT SOURCE CONSTANT PRESENT","SPECIES_BARIONG","","","","DS_CUSTOM_LIBRARY/converted/Elite_Redux_Bulk/bariong/front.png","","true","true"
"bewarden-redux","Bewarden","Bewarden Redux","Elite Redux","DS_FRONT_PRESENT_BACK_MISSING","ER_SOURCE_IDENTITY_ONLY","Species/source identity is confirmed, but REV6 does not explicitly claim a recovered 4-view package. Search the ER source package by exact species constant before any reconstruction.","CURRENT SOURCE CONSTANT PRESENT","SPECIES_BEWARDEN_REDUX","","","","DS_CUSTOM_LIBRARY/converted/Elite_Redux_Bulk/bewarden_redux/front.png","","true","true"
"bewarden","Bewarden","Bewarden","Elite Redux","DS_FRONT_PRESENT_BACK_MISSING","ER_SOURCE_IDENTITY_ONLY","Species/source identity is confirmed, but REV6 does not explicitly claim a recovered 4-view package. Search the ER source package by exact species constant before any reconstruction.","CURRENT SOURCE CONSTANT PRESENT","SPECIES_BEWARDEN","","","","DS_CUSTOM_LIBRARY/converted/Elite_Redux_Bulk/bewarden/front.png","","true","true"
"blocli","Blocli","Blocli","Elite Redux","DS_FRONT_PRESENT_BACK_MISSING","ER_NEXTDEX_4VIEW_RECOVERED","Recover exact normal back (and shiny pair) from the previously resolved ER-nextdex 4-view package; do not recreate from the front.","ER NEXTDEX IDENTITY + 4-VIEW BATTLE ART RESOLVED — SOURCE IMPORT PENDING","","SPECIES_BLOCLI","1111.0","ER-nextdex local source: normal front/back + shiny front/back exact constant match (4/4)","DS_CUSTOM_LIBRARY/converted/Elite_Redux_Bulk/blocli/front.png","","true","true"
"bloxtack","Bloxtack","Bloxtack","Elite Redux","DS_FRONT_PRESENT_BACK_MISSING","ER_NEXTDEX_4VIEW_RECOVERED","Recover exact normal back (and shiny pair) from the previously resolved ER-nextdex 4-view package; do not recreate from the front.","ER NEXTDEX IDENTITY + 4-VIEW BATTLE ART RESOLVED — SOURCE IMPORT PENDING","","SPECIES_BLOXTACK","1112.0","ER-nextdex local source: normal front/back + shiny front/back exact constant match (4/4)","DS_CUSTOM_LIBRARY/converted/Elite_Redux_Bulk/bloxtack/front.png","","true","true"
"breezing","Breezing","Breezing","Elite Redux","DS_FRONT_PRESENT_BACK_MISSING","ER_NEXTDEX_4VIEW_RECOVERED","Recover exact normal back (and shiny pair) from the previously resolved ER-nextdex 4-view package; do not recreate from the front.","ER NEXTDEX IDENTITY + 4-VIEW BATTLE ART RESOLVED — SOURCE IMPORT PENDING","","SPECIES_BREEZING","2666.0","ER-nextdex local source: normal front/back + shiny front/back exact constant match (4/4)","DS_CUSTOM_LIBRARY/converted/Elite_Redux_Bulk/breezing/front.png","","true","true"
"bubbleo","Bubbleo","Bubbleo","Elite Redux","DS_FRONT_PRESENT_BACK_MISSING","ER_SOURCE_IDENTITY_ONLY","Species/source identity is confirmed, but REV6 does not explicitly claim a recovered 4-view package. Search the ER source package by exact species constant before any reconstruction.","CURRENT SOURCE CONSTANT PRESENT","SPECIES_BUBBLEO","","","","DS_CUSTOM_LIBRARY/converted/Elite_Redux_Bulk/bubbleo/front.png","","true","true"
"carbonix-mega","Carbonix","Carbonix Mega","Elite Redux","DS_FRONT_PRESENT_BACK_MISSING","ER_NEXTDEX_4VIEW_RECOVERED","Recover exact normal back (and shiny pair) from the previously resolved ER-nextdex 4-view package; do not recreate from the front.","ER NEXTDEX IDENTITY + 4-VIEW BATTLE ART RESOLVED — SOURCE IMPORT PENDING","","SPECIES_CARBONIX_MEGA","2255.0","ER-nextdex local source: normal front/back + shiny front/back exact constant match (4/4)","DS_CUSTOM_LIBRARY/converted/Elite_Redux_Bulk/carbonix_mega/front.png","","true","true"
"clawtificer","Clawtificer","Clawtificer","Elite Redux","ABSENT_FROM_CURRENT_DS_LIBRARY","ER_SOURCE_IDENTITY_ONLY","Species/source identity is confirmed, but REV6 does not explicitly claim a recovered 4-view package. Search the ER source package by exact species constant before any reconstruction.","CURRENT SOURCE CONSTANT PRESENT","SPECIES_CLAWITZER_REDUX","","","","","","true","true"
"corm","Corm","Corm","Elite Redux","DS_FRONT_PRESENT_BACK_MISSING","ER_SOURCE_IDENTITY_ONLY","Species/source identity is confirmed, but REV6 does not explicitly claim a recovered 4-view package. Search the ER source package by exact species constant before any reconstruction.","CURRENT SOURCE CONSTANT PRESENT","SPECIES_CORM","","","","DS_CUSTOM_LIBRARY/converted/Elite_Redux_Bulk/corm/front.png","","true","true"
"cormoth","Cormoth","Cormoth","Elite Redux","DS_FRONT_PRESENT_BACK_MISSING","ER_SOURCE_IDENTITY_ONLY","Species/source identity is confirmed, but REV6 does not explicitly claim a recovered 4-view package. Search the ER source package by exact species constant before any reconstruction.","CURRENT SOURCE CONSTANT PRESENT","SPECIES_CORMOTH","","","","DS_CUSTOM_LIBRARY/converted/Elite_Redux_Bulk/cormoth/front.png","","true","true"
"cormoth-mega","Cormoth","Cormoth Mega","Elite Redux","DS_FRONT_PRESENT_BACK_MISSING","ER_SOURCE_IDENTITY_ONLY","Species/source identity is confirmed, but REV6 does not explicitly claim a recovered 4-view package. Search the ER source package by exact species constant before any reconstruction.","CURRENT SOURCE CONSTANT PRESENT","SPECIES_CORMOTH_MEGA","","","","DS_CUSTOM_LIBRARY/converted/Elite_Redux_Bulk/cormoth_mega/front.png","","true","true"
"corn-tyrant","Corn Tyrant","Corn Tyrant","Elite Redux","ABSENT_FROM_CURRENT_DS_LIBRARY","ER_NEXTDEX_4VIEW_RECOVERED","Recover exact normal back (and shiny pair) from the previously resolved ER-nextdex 4-view package; do not recreate from the front.","ER NEXTDEX IDENTITY + 4-VIEW BATTLE ART RESOLVED — SOURCE IMPORT PENDING","","SPECIES_HARVESTING_TYRANT","1116.0","ER-nextdex local source: normal front/back + shiny front/back exact constant match (4/4)","","","true","true"
"crabruiser","Crabruiser","Crabruiser","Elite Redux","DS_FRONT_PRESENT_BACK_MISSING","ER_SOURCE_IDENTITY_ONLY","Species/source identity is confirmed, but REV6 does not explicitly claim a recovered 4-view package. Search the ER source package by exact species constant before any reconstruction.","CURRENT SOURCE CONSTANT PRESENT","SPECIES_CRABRUISER_REDUX","","","","DS_CUSTOM_LIBRARY/converted/Elite_Redux_Bulk/crabruiser/front.png","","true","true"
"crag-hopper","Crag Hopper","Crag Hopper","Elite Redux","ABSENT_FROM_CURRENT_DS_LIBRARY","ER_NEXTDEX_4VIEW_RECOVERED","Recover exact normal back (and shiny pair) from the previously resolved ER-nextdex 4-view package; do not recreate from the front.","ER NEXTDEX IDENTITY + 4-VIEW BATTLE ART RESOLVED — SOURCE IMPORT PENDING","","SPECIES_JAGGED_CHUNGULIS","1088.0","ER-nextdex local source: normal front/back + shiny front/back exact constant match (4/4)","","","true","true"
"crawdauntless","Crawdauntless","Crawdauntless","Elite Redux","ABSENT_FROM_CURRENT_DS_LIBRARY","ER_SOURCE_IDENTITY_ONLY","Species/source identity is confirmed, but REV6 does not explicitly claim a recovered 4-view package. Search the ER source package by exact species constant before any reconstruction.","CURRENT SOURCE CONSTANT PRESENT","SPECIES_CRAWDAUNTLES","","","","","","true","true"
"eraticate","Eraticate","Eraticate","Elite Redux","DS_FRONT_PRESENT_BACK_MISSING","ER_NEXTDEX_4VIEW_RECOVERED","Recover exact normal back (and shiny pair) from the previously resolved ER-nextdex 4-view package; do not recreate from the front.","ER NEXTDEX IDENTITY + 4-VIEW BATTLE ART RESOLVED — SOURCE IMPORT PENDING","","SPECIES_ERATICATE","2304.0","ER-nextdex local source: normal front/back + shiny front/back exact constant match (4/4)","DS_CUSTOM_LIBRARY/converted/Elite_Redux_Bulk/eraticate/front.png","","true","true"
"fluffbee","Fluffbee","Fluffbee","Elite Redux","DS_FRONT_PRESENT_BACK_MISSING","ER_SOURCE_IDENTITY_ONLY","Species/source identity is confirmed, but REV6 does not explicitly claim a recovered 4-view package. Search the ER source package by exact species constant before any reconstruction.","CURRENT SOURCE CONSTANT PRESENT","SPECIES_FLUFFBEE","","","","DS_CUSTOM_LIBRARY/converted/Elite_Redux_Bulk/fluffbee/front.png","","true","true"
"fogging","Fogging","Fogging","Elite Redux","DS_FRONT_PRESENT_BACK_MISSING","ER_NEXTDEX_4VIEW_RECOVERED","Recover exact normal back (and shiny pair) from the previously resolved ER-nextdex 4-view package; do not recreate from the front.","ER NEXTDEX IDENTITY + 4-VIEW BATTLE ART RESOLVED — SOURCE IMPORT PENDING","","SPECIES_FOGGING","2665.0","ER-nextdex local source: normal front/back + shiny front/back exact constant match (4/4)","DS_CUSTOM_LIBRARY/converted/Elite_Redux_Bulk/fogging/front.png","","true","true"
"frostuccino","Frostuccino","Frostuccino","Elite Redux","DS_FRONT_PRESENT_BACK_MISSING","ER_NEXTDEX_4VIEW_RECOVERED","Recover exact normal back (and shiny pair) from the previously resolved ER-nextdex 4-view package; do not recreate from the front.","ER NEXTDEX IDENTITY + 4-VIEW BATTLE ART RESOLVED — SOURCE IMPORT PENDING","","SPECIES_FROSTUCCINO","2249.0","ER-nextdex local source: normal front/back + shiny front/back exact constant match (4/4)","DS_CUSTOM_LIBRARY/converted/Elite_Redux_Bulk/frostuccino/front.png","","true","true"
"frostula","Frostula","Frostula","Elite Redux","DS_FRONT_PRESENT_BACK_MISSING","ER_NEXTDEX_4VIEW_RECOVERED","Recover exact normal back (and shiny pair) from the previously resolved ER-nextdex 4-view package; do not recreate from the front.","ER NEXTDEX IDENTITY + 4-VIEW BATTLE ART RESOLVED — SOURCE IMPORT PENDING","","SPECIES_FROSTULA","1076.0","ER-nextdex local source: normal front/back + shiny front/back exact constant match (4/4)","DS_CUSTOM_LIBRARY/converted/Elite_Redux_Bulk/frostula/front.png","","true","true"
"gargablox","Gargablox","Gargablox","Elite Redux","DS_FRONT_PRESENT_BACK_MISSING","ER_NEXTDEX_4VIEW_RECOVERED","Recover exact normal back (and shiny pair) from the previously resolved ER-nextdex 4-view package; do not recreate from the front.","ER NEXTDEX IDENTITY + 4-VIEW BATTLE ART RESOLVED — SOURCE IMPORT PENDING","","SPECIES_GARGABLOX","1113.0","ER-nextdex local source: normal front/back + shiny front/back exact constant match (4/4)","DS_CUSTOM_LIBRARY/converted/Elite_Redux_Bulk/gargablox/front.png","","true","true"
"grotom","Grotom","Grotom","Elite Redux","DS_FRONT_PRESENT_BACK_MISSING","ER_NEXTDEX_4VIEW_RECOVERED","Recover exact normal back (and shiny pair) from the previously resolved ER-nextdex 4-view package; do not recreate from the front.","ER NEXTDEX IDENTITY + 4-VIEW BATTLE ART RESOLVED — SOURCE IMPORT PENDING","","SPECIES_GROTOM","1097.0","ER-nextdex local source: normal front/back + shiny front/back exact constant match (4/4)","DS_CUSTOM_LIBRARY/converted/Elite_Redux_Bulk/grotom/front.png","","true","true"
"grotom-drum","Grotom Drum","Grotom Drum","Elite Redux","DS_FRONT_PRESENT_BACK_MISSING","ER_NEXTDEX_4VIEW_RECOVERED","Recover exact normal back (and shiny pair) from the previously resolved ER-nextdex 4-view package; do not recreate from the front.","ER NEXTDEX IDENTITY + 4-VIEW BATTLE ART RESOLVED — SOURCE IMPORT PENDING","","SPECIES_GROTOM_DRUM","2258.0","ER-nextdex local source: normal front/back + shiny front/back exact constant match (4/4)","DS_CUSTOM_LIBRARY/converted/Elite_Redux_Bulk/grotom_drum/front.png","","true","true"
"grotom-fill","Grotom Fill","Grotom Fill","Elite Redux","DS_FRONT_PRESENT_BACK_MISSING","ER_NEXTDEX_4VIEW_RECOVERED","Recover exact normal back (and shiny pair) from the previously resolved ER-nextdex 4-view package; do not recreate from the front.","ER NEXTDEX IDENTITY + 4-VIEW BATTLE ART RESOLVED — SOURCE IMPORT PENDING","","SPECIES_GROTOM_FILL","2260.0","ER-nextdex local source: normal front/back + shiny front/back exact constant match (4/4)","DS_CUSTOM_LIBRARY/converted/Elite_Redux_Bulk/grotom_fill/front.png","","true","true"
"grotom-glass","Grotom Glass","Grotom Glass","Elite Redux","DS_FRONT_PRESENT_BACK_MISSING","ER_NEXTDEX_4VIEW_RECOVERED","Recover exact normal back (and shiny pair) from the previously resolved ER-nextdex 4-view package; do not recreate from the front.","ER NEXTDEX IDENTITY + 4-VIEW BATTLE ART RESOLVED — SOURCE IMPORT PENDING","","SPECIES_GROTOM_GLASS","2256.0","ER-nextdex local source: normal front/back + shiny front/back exact constant match (4/4)","DS_CUSTOM_LIBRARY/converted/Elite_Redux_Bulk/grotom_glass/front.png","","true","true"
"grotom-kick","Grotom Kick","Grotom Kick","Elite Redux","DS_FRONT_PRESENT_BACK_MISSING","ER_NEXTDEX_4VIEW_RECOVERED","Recover exact normal back (and shiny pair) from the previously resolved ER-nextdex 4-view package; do not recreate from the front.","ER NEXTDEX IDENTITY + 4-VIEW BATTLE ART RESOLVED — SOURCE IMPORT PENDING","","SPECIES_GROTOM_KICK","2259.0","ER-nextdex local source: normal front/back + shiny front/back exact constant match (4/4)","DS_CUSTOM_LIBRARY/converted/Elite_Redux_Bulk/grotom_kick/front.png","","true","true"
"grotom-roll","Grotom Roll","Grotom Roll","Elite Redux","DS_FRONT_PRESENT_BACK_MISSING","ER_NEXTDEX_4VIEW_RECOVERED","Recover exact normal back (and shiny pair) from the previously resolved ER-nextdex 4-view package; do not recreate from the front.","ER NEXTDEX IDENTITY + 4-VIEW BATTLE ART RESOLVED — SOURCE IMPORT PENDING","","SPECIES_GROTOM_ROLL","2257.0","ER-nextdex local source: normal front/back + shiny front/back exact constant match (4/4)","DS_CUSTOM_LIBRARY/converted/Elite_Redux_Bulk/grotom_roll/front.png","","true","true"
"gyaradeath-mega-x","Gyaradeath","Gyaradeath Mega X","Elite Redux","DS_FRONT_PRESENT_BACK_MISSING","ER_SOURCE_IDENTITY_ONLY","Species/source identity is confirmed, but REV6 does not explicitly claim a recovered 4-view package. Search the ER source package by exact species constant before any reconstruction.","CURRENT SOURCE CONSTANT PRESENT","SPECIES_GYARADEATH_MEGA_X","","","","DS_CUSTOM_LIBRARY/converted/Elite_Redux_Bulk/gyaradeath_mega_x/front.png","","true","true"
"gyaradeath-mega-y","Gyaradeath","Gyaradeath Mega Y","Elite Redux","DS_FRONT_PRESENT_BACK_MISSING","ER_SOURCE_IDENTITY_ONLY","Species/source identity is confirmed, but REV6 does not explicitly claim a recovered 4-view package. Search the ER source package by exact species constant before any reconstruction.","CURRENT SOURCE CONSTANT PRESENT","SPECIES_GYARADEATH_MEGA_Y","","","","DS_CUSTOM_LIBRARY/converted/Elite_Redux_Bulk/gyaradeath_mega_y/front.png","","true","true"
"gyarevelry","Gyarevelry","Gyarevelry","Elite Redux","ABSENT_FROM_CURRENT_DS_LIBRARY","ER_SOURCE_IDENTITY_ONLY","Species/source identity is confirmed, but REV6 does not explicitly claim a recovered 4-view package. Search the ER source package by exact species constant before any reconstruction.","CURRENT SOURCE IDENTITY RESOLVED","SPECIES_GYAREVELRY","","","","","","true","true"
"heliomodo","Heliomodo","Heliomodo","Elite Redux","ABSENT_FROM_CURRENT_DS_LIBRARY","ER_SOURCE_IDENTITY_ONLY","Species/source identity is confirmed, but REV6 does not explicitly claim a recovered 4-view package. Search the ER source package by exact species constant before any reconstruction.","CURRENT SOURCE CONSTANT PRESENT","SPECIES_HELIOSUNNY","","","","","","true","true"
"heracreus","Heracreus","Heracreus","Elite Redux","DS_FRONT_PRESENT_BACK_MISSING","ER_NEXTDEX_4VIEW_RECOVERED","Recover exact normal back (and shiny pair) from the previously resolved ER-nextdex 4-view package; do not recreate from the front.","ER NEXTDEX IDENTITY + 4-VIEW BATTLE ART RESOLVED — SOURCE IMPORT PENDING","","SPECIES_HERACREUS","1096.0","ER-nextdex local source: normal front/back + shiny front/back exact constant match (4/4)","DS_CUSTOM_LIBRARY/converted/Elite_Redux_Bulk/heracreus/front.png","","true","true"
"heracreus-mega","Heracreus","Heracreus Mega","Elite Redux","DS_FRONT_PRESENT_BACK_MISSING","ER_NEXTDEX_4VIEW_RECOVERED","Recover exact normal back (and shiny pair) from the previously resolved ER-nextdex 4-view package; do not recreate from the front.","ER NEXTDEX IDENTITY + 4-VIEW BATTLE ART RESOLVED — SOURCE IMPORT PENDING","","SPECIES_HERACREUS_MEGA","2261.0","ER-nextdex local source: normal front/back + shiny front/back exact constant match (4/4)","DS_CUSTOM_LIBRARY/converted/Elite_Redux_Bulk/heracreus_mega/front.png","","true","true"
"hippopotato","Hippopotato","Hippopotato","Elite Redux","DS_FRONT_PRESENT_BACK_MISSING","ER_NEXTDEX_4VIEW_RECOVERED","Recover exact normal back (and shiny pair) from the previously resolved ER-nextdex 4-view package; do not recreate from the front.","ER NEXTDEX IDENTITY + 4-VIEW BATTLE ART RESOLVED — SOURCE IMPORT PENDING","","SPECIES_HIPPOPOTATO","1114.0","ER-nextdex local source: normal front/back + shiny front/back exact constant match (4/4)","DS_CUSTOM_LIBRARY/converted/Elite_Redux_Bulk/hippopotato/front.png","","true","true"
"hippotaton","Hippotaton","Hippotaton","Elite Redux","DS_FRONT_PRESENT_BACK_MISSING","ER_NEXTDEX_4VIEW_RECOVERED","Recover exact normal back (and shiny pair) from the previously resolved ER-nextdex 4-view package; do not recreate from the front.","ER NEXTDEX IDENTITY + 4-VIEW BATTLE ART RESOLVED — SOURCE IMPORT PENDING","","SPECIES_HIPPOTATON","1115.0","ER-nextdex local source: normal front/back + shiny front/back exact constant match (4/4)","DS_CUSTOM_LIBRARY/converted/Elite_Redux_Bulk/hippotaton/front.png","","true","true"
"hydroar","Hydroar","Hydroar","Elite Redux","DS_FRONT_PRESENT_BACK_MISSING","ER_SOURCE_IDENTITY_ONLY","Species/source identity is confirmed, but REV6 does not explicitly claim a recovered 4-view package. Search the ER source package by exact species constant before any reconstruction.","CURRENT SOURCE CONSTANT PRESENT","SPECIES_HYDROAR","","","","DS_CUSTOM_LIBRARY/converted/Elite_Redux_Bulk/hydroar/front.png","","true","true"
"hydroar-f","Hydroar F","Hydroar F","Elite Redux","DS_FRONT_PRESENT_BACK_MISSING","ER_SOURCE_IDENTITY_ONLY","Species/source identity is confirmed, but REV6 does not explicitly claim a recovered 4-view package. Search the ER source package by exact species constant before any reconstruction.","CURRENT SOURCE CONSTANT PRESENT","SPECIES_HYDROAR_F","","","","DS_CUSTOM_LIBRARY/converted/Elite_Redux_Bulk/hydroar_f/front.png","","true","true"
"hypnocroak","Hypnocroak","Hypnocroak","Elite Redux","DS_FRONT_PRESENT_BACK_MISSING","ER_NEXTDEX_4VIEW_RECOVERED","Recover exact normal back (and shiny pair) from the previously resolved ER-nextdex 4-view package; do not recreate from the front.","ER NEXTDEX IDENTITY + 4-VIEW BATTLE ART RESOLVED — SOURCE IMPORT PENDING","","SPECIES_HYPNOCROAK","1119.0","ER-nextdex local source: normal front/back + shiny front/back exact constant match (4/4)","DS_CUSTOM_LIBRARY/converted/Elite_Redux_Bulk/hypnocroak/front.png","","true","true"
"kilozuna","Kilozuna","Kilozuna","Elite Redux","DS_FRONT_PRESENT_BACK_MISSING","ER_NEXTDEX_4VIEW_RECOVERED","Recover exact normal back (and shiny pair) from the previously resolved ER-nextdex 4-view package; do not recreate from the front.","ER NEXTDEX IDENTITY + 4-VIEW BATTLE ART RESOLVED — SOURCE IMPORT PENDING","","SPECIES_KILOZUNA","2663.0","ER-nextdex local source: normal front/back + shiny front/back exact constant match (4/4)","DS_CUSTOM_LIBRARY/converted/Elite_Redux_Bulk/kilozuna/front.png","","true","true"
"kilozuna-mega","Kilozuna","Kilozuna Mega","Elite Redux","DS_FRONT_PRESENT_BACK_MISSING","ER_NEXTDEX_4VIEW_RECOVERED","Recover exact normal back (and shiny pair) from the previously resolved ER-nextdex 4-view package; do not recreate from the front.","ER NEXTDEX IDENTITY + 4-VIEW BATTLE ART RESOLVED — SOURCE IMPORT PENDING","","SPECIES_KILOZUNA_MEGA","2664.0","ER-nextdex local source: normal front/back + shiny front/back exact constant match (4/4)","DS_CUSTOM_LIBRARY/converted/Elite_Redux_Bulk/kilozuna_mega/front.png","","true","true"
"kipmodo","Kipmodo","Kipmodo","Elite Redux","DS_FRONT_PRESENT_BACK_MISSING","ER_NEXTDEX_4VIEW_RECOVERED","Recover exact normal back (and shiny pair) from the previously resolved ER-nextdex 4-view package; do not recreate from the front.","ER NEXTDEX IDENTITY + 4-VIEW BATTLE ART RESOLVED — SOURCE IMPORT PENDING","","SPECIES_KIPMODO","2236.0","ER-nextdex local source: normal front/back + shiny front/back exact constant match (4/4)","DS_CUSTOM_LIBRARY/converted/Elite_Redux_Bulk/kipmodo/front.png","","true","true"
"lucineon","Lucineon","Lucineon","Elite Redux","ABSENT_FROM_CURRENT_DS_LIBRARY","ER_SOURCE_IDENTITY_ONLY","Species/source identity is confirmed, but REV6 does not explicitly claim a recovered 4-view package. Search the ER source package by exact species constant before any reconstruction.","CURRENT SOURCE CONSTANT PRESENT","SPECIES_LUMINOSITEON","","","","","","true","true"
"luxzero-mega","Luxzero","Luxzero Mega","Elite Redux","DS_FRONT_PRESENT_BACK_MISSING","ER_NEXTDEX_4VIEW_RECOVERED","Recover exact normal back (and shiny pair) from the previously resolved ER-nextdex 4-view package; do not recreate from the front.","ER NEXTDEX IDENTITY + 4-VIEW BATTLE ART RESOLVED — SOURCE IMPORT PENDING","","SPECIES_LUXZERO_MEGA","2307.0","ER-nextdex local source: normal front/back + shiny front/back exact constant match (4/4)","DS_CUSTOM_LIBRARY/converted/Elite_Redux_Bulk/luxzero_mega/front.png","","true","true"
"magnemous","Magnemous","Magnemous","Elite Redux","ABSENT_FROM_CURRENT_DS_LIBRARY","ER_SOURCE_IDENTITY_ONLY","Species/source identity is confirmed, but REV6 does not explicitly claim a recovered 4-view package. Search the ER source package by exact species constant before any reconstruction.","CURRENT SOURCE CONSTANT PRESENT","SPECIES_MAGMENOUS","","","","","","true","true"
"marbeep","Marbeep","Marbeep","Elite Redux","DS_FRONT_PRESENT_BACK_MISSING","ER_SOURCE_IDENTITY_ONLY","Species/source identity is confirmed, but REV6 does not explicitly claim a recovered 4-view package. Search the ER source package by exact species constant before any reconstruction.","CURRENT SOURCE CONSTANT PRESENT","SPECIES_MARBEEP","","","","DS_CUSTOM_LIBRARY/converted/Elite_Redux_Bulk/marbeep/front.png","","true","true"
"marshmodo","Marshmodo","Marshmodo","Elite Redux","DS_FRONT_PRESENT_BACK_MISSING","ER_NEXTDEX_4VIEW_RECOVERED","Recover exact normal back (and shiny pair) from the previously resolved ER-nextdex 4-view package; do not recreate from the front.","ER NEXTDEX IDENTITY + 4-VIEW BATTLE ART RESOLVED — SOURCE IMPORT PENDING","","SPECIES_MARSHMODO","2237.0","ER-nextdex local source: normal front/back + shiny front/back exact constant match (4/4)","DS_CUSTOM_LIBRARY/converted/Elite_Redux_Bulk/marshmodo/front.png","","true","true"
"merrykarp","Merrykarp","Merrykarp","Elite Redux","DS_FRONT_PRESENT_BACK_MISSING","ER_SOURCE_IDENTITY_ONLY","Species/source identity is confirmed, but REV6 does not explicitly claim a recovered 4-view package. Search the ER source package by exact species constant before any reconstruction.","CURRENT SOURCE CONSTANT PRESENT","SPECIES_MERRYKARP","","","","DS_CUSTOM_LIBRARY/converted/Elite_Redux_Bulk/merrykarp/front.png","","true","true"
"morpekyll-hangry","Morpekyll Hangry","Morpekyll Hangry","Elite Redux","DS_FRONT_PRESENT_BACK_MISSING","ER_NEXTDEX_4VIEW_RECOVERED","Recover exact normal back (and shiny pair) from the previously resolved ER-nextdex 4-view package; do not recreate from the front.","ER NEXTDEX IDENTITY + 4-VIEW BATTLE ART RESOLVED — SOURCE IMPORT PENDING","","SPECIES_MORPEKYLL_HANGRY","1864.0","ER-nextdex local source: normal front/back + shiny front/back exact constant match (4/4)","DS_CUSTOM_LIBRARY/converted/Elite_Redux_Bulk/morpekyll_hangry/front.png","","true","true"
"plundertow","Plundertow","Plundertow","Elite Redux","DS_FRONT_PRESENT_BACK_MISSING","ER_NEXTDEX_4VIEW_RECOVERED","Recover exact normal back (and shiny pair) from the previously resolved ER-nextdex 4-view package; do not recreate from the front.","ER NEXTDEX IDENTITY + 4-VIEW BATTLE ART RESOLVED — SOURCE IMPORT PENDING","","SPECIES_PLUNDERTOW","1120.0","ER-nextdex local source: normal front/back + shiny front/back exact constant match (4/4)","DS_CUSTOM_LIBRARY/converted/Elite_Redux_Bulk/plundertow/front.png","","true","true"
"polartic-bluemoon","Polartic Bluemoon","Polartic Bluemoon","Elite Redux","DS_FRONT_PRESENT_BACK_MISSING","ER_SOURCE_IDENTITY_ONLY","Species/source identity is confirmed, but REV6 does not explicitly claim a recovered 4-view package. Search the ER source package by exact species constant before any reconstruction.","CURRENT SOURCE CONSTANT PRESENT","SPECIES_POLARTIC_BLUEMOON","","","","DS_CUSTOM_LIBRARY/converted/Elite_Redux_Bulk/polartic_bluemoon/front.png","","true","true"
"popcorm","Popcorm","Popcorm","Elite Redux","DS_FRONT_PRESENT_BACK_MISSING","ER_SOURCE_IDENTITY_ONLY","Species/source identity is confirmed, but REV6 does not explicitly claim a recovered 4-view package. Search the ER source package by exact species constant before any reconstruction.","CURRENT SOURCE CONSTANT PRESENT","SPECIES_POPCORM","","","","DS_CUSTOM_LIBRARY/converted/Elite_Redux_Bulk/popcorm/front.png","","true","true"
"popcorm-mega","Popcorm","Popcorm Mega","Elite Redux","DS_FRONT_PRESENT_BACK_MISSING","ER_SOURCE_IDENTITY_ONLY","Species/source identity is confirmed, but REV6 does not explicitly claim a recovered 4-view package. Search the ER source package by exact species constant before any reconstruction.","CURRENT SOURCE CONSTANT PRESENT","SPECIES_POPCORM_MEGA","","","","DS_CUSTOM_LIBRARY/converted/Elite_Redux_Bulk/popcorm_mega/front.png","","true","true"
"rexcadrill","Rexcadrill","Rexcadrill","Elite Redux","DS_FRONT_PRESENT_BACK_MISSING","ER_NEXTDEX_4VIEW_RECOVERED","Recover exact normal back (and shiny pair) from the previously resolved ER-nextdex 4-view package; do not recreate from the front.","ER NEXTDEX IDENTITY + 4-VIEW BATTLE ART RESOLVED — SOURCE IMPORT PENDING","","SPECIES_REXCADRILL","2282.0","ER-nextdex local source: normal front/back + shiny front/back exact constant match (4/4)","DS_CUSTOM_LIBRARY/converted/Elite_Redux_Bulk/rexcadrill/front.png","","true","true"
"selenumbra","Selenumbra","Selenumbra","Elite Redux","DS_FRONT_PRESENT_BACK_MISSING","ER_NEXTDEX_4VIEW_RECOVERED","Recover exact normal back (and shiny pair) from the previously resolved ER-nextdex 4-view package; do not recreate from the front.","ER NEXTDEX IDENTITY + 4-VIEW BATTLE ART RESOLVED — SOURCE IMPORT PENDING","","SPECIES_SELENUMBRA","2287.0","ER-nextdex local source: normal front/back + shiny front/back exact constant match (4/4)","DS_CUSTOM_LIBRARY/converted/Elite_Redux_Bulk/selenumbra/front.png","","true","true"
"spindaze","Spindaze","Spindaze","Elite Redux","DS_FRONT_PRESENT_BACK_MISSING","ER_NEXTDEX_4VIEW_RECOVERED","Recover exact normal back (and shiny pair) from the previously resolved ER-nextdex 4-view package; do not recreate from the front.","ER NEXTDEX IDENTITY + 4-VIEW BATTLE ART RESOLVED — SOURCE IMPORT PENDING","","SPECIES_SPINDAZE","1110.0","ER-nextdex local source: normal front/back + shiny front/back exact constant match (4/4)","DS_CUSTOM_LIBRARY/converted/Elite_Redux_Bulk/spindaze/front.png","","true","true"
"storming","Storming","Storming","Elite Redux","DS_FRONT_PRESENT_BACK_MISSING","ER_NEXTDEX_4VIEW_RECOVERED","Recover exact normal back (and shiny pair) from the previously resolved ER-nextdex 4-view package; do not recreate from the front.","ER NEXTDEX IDENTITY + 4-VIEW BATTLE ART RESOLVED — SOURCE IMPORT PENDING","","SPECIES_STORMING","2667.0","ER-nextdex local source: normal front/back + shiny front/back exact constant match (4/4)","DS_CUSTOM_LIBRARY/converted/Elite_Redux_Bulk/storming/front.png","","true","true"
"swampage","Swampage","Swampage","Elite Redux","DS_FRONT_PRESENT_BACK_MISSING","ER_NEXTDEX_4VIEW_RECOVERED","Recover exact normal back (and shiny pair) from the previously resolved ER-nextdex 4-view package; do not recreate from the front.","ER NEXTDEX IDENTITY + 4-VIEW BATTLE ART RESOLVED — SOURCE IMPORT PENDING","","SPECIES_SWAMPAGE","2238.0","ER-nextdex local source: normal front/back + shiny front/back exact constant match (4/4)","DS_CUSTOM_LIBRARY/converted/Elite_Redux_Bulk/swampage/front.png","","true","true"
"terrow","Terrow","Terrow","Elite Redux","ABSENT_FROM_CURRENT_DS_LIBRARY","ER_NEXTDEX_4VIEW_RECOVERED","Recover exact normal back (and shiny pair) from the previously resolved ER-nextdex 4-view package; do not recreate from the front.","ER NEXTDEX IDENTITY + 4-VIEW BATTLE ART RESOLVED — SOURCE IMPORT PENDING","","SPECIES_FEAROW_REDUX_EVO","2681.0","ER-nextdex local source: normal front/back + shiny front/back exact constant match (4/4)","","","true","true"
"torrentula","Torrentula","Torrentula","Elite Redux","DS_FRONT_PRESENT_BACK_MISSING","ER_NEXTDEX_4VIEW_RECOVERED","Recover exact normal back (and shiny pair) from the previously resolved ER-nextdex 4-view package; do not recreate from the front.","ER NEXTDEX IDENTITY + 4-VIEW BATTLE ART RESOLVED — SOURCE IMPORT PENDING","","SPECIES_TORRENTULA","1109.0","ER-nextdex local source: normal front/back + shiny front/back exact constant match (4/4)","DS_CUSTOM_LIBRARY/converted/Elite_Redux_Bulk/torrentula/front.png","","true","true"
"wispywaspy","Wispywaspy","Wispywaspy","Elite Redux","DS_FRONT_PRESENT_BACK_MISSING","ER_NEXTDEX_4VIEW_RECOVERED","Recover exact normal back (and shiny pair) from the previously resolved ER-nextdex 4-view package; do not recreate from the front.","ER NEXTDEX IDENTITY + 4-VIEW BATTLE ART RESOLVED — SOURCE IMPORT PENDING","","SPECIES_WISPYWASPY","1093.0","ER-nextdex local source: normal front/back + shiny front/back exact constant match (4/4)","DS_CUSTOM_LIBRARY/converted/Elite_Redux_Bulk/wispywaspy/front.png","","true","true"
"wispywaspy-hivemind","Wispywaspy Hivemind","Wispywaspy Hivemind","Elite Redux","DS_FRONT_PRESENT_BACK_MISSING","ER_NEXTDEX_4VIEW_RECOVERED","Recover exact normal back (and shiny pair) from the previously resolved ER-nextdex 4-view package; do not recreate from the front.","ER NEXTDEX IDENTITY + 4-VIEW BATTLE ART RESOLVED — SOURCE IMPORT PENDING","","SPECIES_WISPYWASPY_HIVEMIND","2262.0","ER-nextdex local source: normal front/back + shiny front/back exact constant match (4/4)","DS_CUSTOM_LIBRARY/converted/Elite_Redux_Bulk/wispywaspy_hivemind/front.png","","true","true"
