mercury_key,match_type,ds_key,ds_front,ds_back,ds_shiny_front,ds_shiny_back,ds_asset_count,mercury_replacement_status,recommendation,mercury_reference_count
abomasnow,EXACT_NAME,abomasnow,True,True,True,True,10,,USE_DS,12
abomasnow-ds01-expanded-community-sprite-library-2026-09-22,NONE,,False,False,False,False,0,,CONVERT_GBA,1
abomasnow-mega,EXACT_NAME,abomasnow-mega,True,True,True,True,8,,USE_DS,12
abomasnow-mega-ds01-expanded-community-sprite-library-2026-09-22,NONE,,False,False,False,False,0,,CONVERT_GBA,1
abomasnow-santa,NONE,,False,False,False,False,0,,CONVERT_GBA,10
abomasnow-santa-ds01-expanded-community-sprite-library-2026-09-22,NONE,,False,False,False,False,0,,CONVERT_GBA,1
abra,EXACT_NAME,abra,True,True,True,True,8,,USE_DS,12
abra-ds01-expanded-community-sprite-library-2026-09-22,NONE,,False,False,False,False,0,,CONVERT_GBA,1
abra-redux,NONE,,False,False,False,False,0,,CONVERT_GBA,10
abra-redux-ds01-expanded-community-sprite-library-2026-09-22,NONE,,False,False,False,False,0,,CONVERT_GBA,1
absol,EXACT_NAME,absol,True,True,True,True,8,,USE_DS,12
absol-ds01-expanded-community-sprite-library-2026-09-22,NONE,,False,False,False,False,0,,CONVERT_GBA,1
absol-mega,EXACT_NAME,absol-mega,True,True,True,True,8,,USE_DS,12
absol-mega-ds01-expanded-community-sprite-library-2026-09-22,NONE,,False,False,False,False,0,,CONVERT_GBA,1
absol-mega-z,EXACT_NAME,absol-mega-z,True,True,True,True,8,,USE_DS,22
absol-mega-z-ds01-expanded-community-sprite-library-2026-09-22,NONE,,False,False,False,False,0,,CONVERT_GBA,2
abyssand,NONE,,False,False,False,False,0,,CONVERT_GBA,10
abyssand-ds01-expanded-community-sprite-library-2026-09-22,NONE,,False,False,False,False,0,,CONVERT_GBA,1
accelgor,EXACT_NAME,accelgor,True,True,True,True,8,,USE_DS,12
accelgor-ds01-expanded-community-sprite-library-2026-09-22,NONE,,False,False,False,False,0,,CONVERT_GBA,1
aegislash-blade,EXACT_NAME,aegislash-blade,True,True,True,True,8,,USE_DS,12
aegislash-blade-ds01-expanded-community-sprite-library-2026-09-22,NONE,,False,False,False,False,0,,CONVERT_GBA,1
aegislash-blade-redux,NONE,,False,False,False,False,0,,CONVERT_GBA,10
aegislash-blade-redux-ds01-expanded-community-sprite-library-2026-09-22,NONE,,False,False,False,False,0,,CONVERT_GBA,1
aegislash-blade-redux-mega,NONE,,False,False,False,False,0,,CONVERT_GBA,10
aegislash-blade-redux-mega-ds01-expanded-community-sprite-library-2026-09-22,NONE,,False,False,False,False,0,,CONVERT_GBA,1
aegislash-redux,NONE,,False,False,False,False,0,,CONVERT_GBA,10
aegislash-redux-ds01-expanded-community-sprite-library-2026-09-22,NONE,,False,False,False,False,0,,CONVERT_GBA,1
aegislash-redux-mega,NONE,,False,False,False,False,0,,CONVERT_GBA,10
aegislash-redux-mega-ds01-expanded-community-sprite-library-2026-09-22,NONE,,False,False,False,False,0,,CONVERT_GBA,1
aegislash-shield,EXACT_NAME,aegislash-shield,True,True,True,True,8,,USE_DS,12
aegislash-shield-ds01-expanded-community-sprite-library-2026-09-22,NONE,,False,False,False,False,0,,CONVERT_GBA,1
aerodactyl,EXACT_NAME,aerodactyl,True,True,True,True,8,,USE_DS,12
aerodactyl-ds01-expanded-community-sprite-library-2026-09-22,NONE,,False,False,False,False,0,,CONVERT_GBA,1
aerodactyl-mega,EXACT_NAME,aerodactyl-mega,True,True,True,True,8,,USE_DS,12
aerodactyl-mega-ds01-expanded-community-sprite-library-2026-09-22,NONE,,False,False,False,False,0,,CONVERT_GBA,1
aggron,EXACT_NAME,aggron,True,True,True,True,8,,USE_DS,12
aggron-ds01-expanded-community-sprite-library-2026-09-22,NONE,,False,False,False,False,0,,CONVERT_GBA,1
aggron-mega,EXACT_NAME,aggron-mega,True,True,True,True,8,,USE_DS,12
aggron-mega-ds01-expanded-community-sprite-library-2026-09-22,NONE,,False,False,False,False,0,,CONVERT_GBA,1
aggron-redux,NONE,,False,False,False,False,0,,CONVERT_GBA,10
aggron-redux-ds01-expanded-community-sprite-library-2026-09-22,NONE,,False,False,False,False,0,,CONVERT_GBA,1
aggron-redux-mega,NONE,,False,False,False,False,0,,CONVERT_GBA,10
aggron-redux-mega-ds01-expanded-community-sprite-library-2026-09-22,NONE,,False,False,False,False,0,,CONVERT_GBA,1
aipom,EXACT_NAME,aipom,True,True,True,True,10,,USE_DS,12
aipom-ds01-expanded-community-sprite-library-2026-09-22,NONE,,False,False,False,False,0,,CONVERT_GBA,1
alakazam,EXACT_NAME,alakazam,True,True,True,True,10,,USE_DS,12
alakazam-ds01-expanded-community-sprite-library-2026-09-22,NONE,,False,False,False,False,0,,CONVERT_GBA,1
alakazam-mega,EXACT_NAME,alakazam-mega,True,True,True,True,8,,USE_DS,12
alakazam-mega-ds01-expanded-community-sprite-library-2026-09-22,NONE,,False,False,False,False,0,,CONVERT_GBA,1
alakazam-mega-redux,NONE,,False,False,False,False,0,,CONVERT_GBA,10
alakazam-mega-redux-ds01-expanded-community-sprite-library-2026-09-22,NONE,,False,False,False,False,0,,CONVERT_GBA,1
alakazam-redux,NONE,,False,False,False,False,0,,CONVERT_GBA,10
alakazam-redux-ds01-expanded-community-sprite-library-2026-09-22,NONE,,False,False,False,False,0,,CONVERT_GBA,1
alcremie-caramel-swirl-berry-sweet,EXACT_NAME,alcremie-caramel-swirl-berry-sweet,True,True,True,True,8,,USE_DS,12
alcremie-caramel-swirl-berry-sweet-ds01-expanded-community-sprite-library-2026-09-22,NONE,,False,False,False,False,0,,CONVERT_GBA,1
alcremie-caramel-swirl-clover-sweet,EXACT_NAME,alcremie-caramel-swirl-clover-sweet,True,True,True,True,8,,USE_DS,12
alcremie-caramel-swirl-clover-sweet-ds01-expanded-community-sprite-library-2026-09-22,NONE,,False,False,False,False,0,,CONVERT_GBA,1
alcremie-caramel-swirl-flower-sweet,EXACT_NAME,alcremie-caramel-swirl-flower-sweet,True,True,True,True,8,,USE_DS,12
alcremie-caramel-swirl-flower-sweet-ds01-expanded-community-sprite-library-2026-09-22,NONE,,False,False,False,False,0,,CONVERT_GBA,1
alcremie-caramel-swirl-love-sweet,EXACT_NAME,alcremie-caramel-swirl-love-sweet,True,True,True,True,8,,USE_DS,12
alcremie-caramel-swirl-love-sweet-ds01-expanded-community-sprite-library-2026-09-22,NONE,,False,False,False,False,0,,CONVERT_GBA,1
alcremie-caramel-swirl-ribbon-sweet,EXACT_NAME,alcremie-caramel-swirl-ribbon-sweet,True,True,True,True,8,,USE_DS,12
alcremie-caramel-swirl-ribbon-sweet-ds01-expanded-community-sprite-library-2026-09-22,NONE,,False,False,False,False,0,,CONVERT_GBA,1
alcremie-caramel-swirl-star-sweet,EXACT_NAME,alcremie-caramel-swirl-star-sweet,True,True,True,True,8,,USE_DS,12
alcremie-caramel-swirl-star-sweet-ds01-expanded-community-sprite-library-2026-09-22,NONE,,False,False,False,False,0,,CONVERT_GBA,1
alcremie-caramel-swirl-strawberry-sweet,EXACT_NAME,alcremie-caramel-swirl-strawberry-sweet,True,True,True,True,8,,USE_DS,12
alcremie-caramel-swirl-strawberry-sweet-ds01-expanded-community-sprite-library-2026-09-22,NONE,,False,False,False,False,0,,CONVERT_GBA,1
alcremie-gmax,EXACT_NAME,alcremie-gmax,True,True,True,True,8,,USE_DS,12
alcremie-gmax-ds01-expanded-community-sprite-library-2026-09-22,NONE,,False,False,False,False,0,,CONVERT_GBA,1
alcremie-lemon-cream-berry-sweet,EXACT_NAME,alcremie-lemon-cream-berry-sweet,True,True,True,True,8,,USE_DS,12
alcremie-lemon-cream-berry-sweet-ds01-expanded-community-sprite-library-2026-09-22,NONE,,False,False,False,False,0,,CONVERT_GBA,1
alcremie-lemon-cream-clover-sweet,EXACT_NAME,alcremie-lemon-cream-clover-sweet,True,True,True,True,8,,USE_DS,12
alcremie-lemon-cream-clover-sweet-ds01-expanded-community-sprite-library-2026-09-22,NONE,,False,False,False,False,0,,CONVERT_GBA,1
alcremie-lemon-cream-flower-sweet,EXACT_NAME,alcremie-lemon-cream-flower-sweet,True,True,True,True,8,,USE_DS,12
alcremie-lemon-cream-flower-sweet-ds01-expanded-community-sprite-library-2026-09-22,NONE,,False,False,False,False,0,,CONVERT_GBA,1
alcremie-lemon-cream-love-sweet,EXACT_NAME,alcremie-lemon-cream-love-sweet,True,True,True,True,8,,USE_DS,12
alcremie-lemon-cream-love-sweet-ds01-expanded-community-sprite-library-2026-09-22,NONE,,False,False,False,False,0,,CONVERT_GBA,1
alcremie-lemon-cream-ribbon-sweet,EXACT_NAME,alcremie-lemon-cream-ribbon-sweet,True,True,True,True,8,,USE_DS,12
alcremie-lemon-cream-ribbon-sweet-ds01-expanded-community-sprite-library-2026-09-22,NONE,,False,False,False,False,0,,CONVERT_GBA,1
alcremie-lemon-cream-star-sweet,EXACT_NAME,alcremie-lemon-cream-star-sweet,True,True,True,True,8,,USE_DS,12
alcremie-lemon-cream-star-sweet-ds01-expanded-community-sprite-library-2026-09-22,NONE,,False,False,False,False,0,,CONVERT_GBA,1
alcremie-lemon-cream-strawberry-sweet,EXACT_NAME,alcremie-lemon-cream-strawberry-sweet,True,True,True,True,8,,USE_DS,12
alcremie-lemon-cream-strawberry-sweet-ds01-expanded-community-sprite-library-2026-09-22,NONE,,False,False,False,False,0,,CONVERT_GBA,1
alcremie-matcha-cream-berry-sweet,EXACT_NAME,alcremie-matcha-cream-berry-sweet,True,True,True,True,8,,USE_DS,12
alcremie-matcha-cream-berry-sweet-ds01-expanded-community-sprite-library-2026-09-22,NONE,,False,False,False,False,0,,CONVERT_GBA,1
alcremie-matcha-cream-clover-sweet,EXACT_NAME,alcremie-matcha-cream-clover-sweet,True,True,True,True,8,,USE_DS,12
alcremie-matcha-cream-clover-sweet-ds01-expanded-community-sprite-library-2026-09-22,NONE,,False,False,False,False,0,,CONVERT_GBA,1
alcremie-matcha-cream-flower-sweet,EXACT_NAME,alcremie-matcha-cream-flower-sweet,True,True,True,True,8,,USE_DS,12
alcremie-matcha-cream-flower-sweet-ds01-expanded-community-sprite-library-2026-09-22,NONE,,False,False,False,False,0,,CONVERT_GBA,1
alcremie-matcha-cream-love-sweet,EXACT_NAME,alcremie-matcha-cream-love-sweet,True,True,True,True,8,,USE_DS,12
alcremie-matcha-cream-love-sweet-ds01-expanded-community-sprite-library-2026-09-22,NONE,,False,False,False,False,0,,CONVERT_GBA,1
alcremie-matcha-cream-ribbon-sweet,EXACT_NAME,alcremie-matcha-cream-ribbon-sweet,True,True,True,True,8,,USE_DS,12
alcremie-matcha-cream-ribbon-sweet-ds01-expanded-community-sprite-library-2026-09-22,NONE,,False,False,False,False,0,,CONVERT_GBA,1
alcremie-matcha-cream-star-sweet,EXACT_NAME,alcremie-matcha-cream-star-sweet,True,True,True,True,8,,USE_DS,12
alcremie-matcha-cream-star-sweet-ds01-expanded-community-sprite-library-2026-09-22,NONE,,False,False,False,False,0,,CONVERT_GBA,1
alcremie-matcha-cream-strawberry-sweet,EXACT_NAME,alcremie-matcha-cream-strawberry-sweet,True,True,True,True,8,,USE_DS,12
alcremie-matcha-cream-strawberry-sweet-ds01-expanded-community-sprite-library-2026-09-22,NONE,,False,False,False,False,0,,CONVERT_GBA,1
alcremie-mega,NONE,,False,False,False,False,0,,CONVERT_GBA,4
alcremie-mint-cream-berry-sweet,EXACT_NAME,alcremie-mint-cream-berry-sweet,True,True,True,True,8,,USE_DS,12
alcremie-mint-cream-berry-sweet-ds01-expanded-community-sprite-library-2026-09-22,NONE,,False,False,False,False,0,,CONVERT_GBA,1
alcremie-mint-cream-clover-sweet,EXACT_NAME,alcremie-mint-cream-clover-sweet,True,True,True,True,8,,USE_DS,12
alcremie-mint-cream-clover-sweet-ds01-expanded-community-sprite-library-2026-09-22,NONE,,False,False,False,False,0,,CONVERT_GBA,1
alcremie-mint-cream-flower-sweet,EXACT_NAME,alcremie-mint-cream-flower-sweet,True,True,True,True,8,,USE_DS,12
alcremie-mint-cream-flower-sweet-ds01-expanded-community-sprite-library-2026-09-22,NONE,,False,False,False,False,0,,CONVERT_GBA,1
alcremie-mint-cream-love-sweet,EXACT_NAME,alcremie-mint-cream-love-sweet,True,True,True,True,8,,USE_DS,12
alcremie-mint-cream-love-sweet-ds01-expanded-community-sprite-library-2026-09-22,NONE,,False,False,False,False,0,,CONVERT_GBA,1
alcremie-mint-cream-ribbon-sweet,EXACT_NAME,alcremie-mint-cream-ribbon-sweet,True,True,True,True,8,,USE_DS,12
alcremie-mint-cream-ribbon-sweet-ds01-expanded-community-sprite-library-2026-09-22,NONE,,False,False,False,False,0,,CONVERT_GBA,1
alcremie-mint-cream-star-sweet,EXACT_NAME,alcremie-mint-cream-star-sweet,True,True,True,True,8,,USE_DS,12
alcremie-mint-cream-star-sweet-ds01-expanded-community-sprite-library-2026-09-22,NONE,,False,False,False,False,0,,CONVERT_GBA,1
alcremie-mint-cream-strawberry-sweet,EXACT_NAME,alcremie-mint-cream-strawberry-sweet,True,True,True,True,8,,USE_DS,12
alcremie-mint-cream-strawberry-sweet-ds01-expanded-community-sprite-library-2026-09-22,NONE,,False,False,False,False,0,,CONVERT_GBA,1
alcremie-rainbow-swirl-berry-sweet,EXACT_NAME,alcremie-rainbow-swirl-berry-sweet,True,True,True,True,8,,USE_DS,12
alcremie-rainbow-swirl-berry-sweet-ds01-expanded-community-sprite-library-2026-09-22,NONE,,False,False,False,False,0,,CONVERT_GBA,1
alcremie-rainbow-swirl-clover-sweet,EXACT_NAME,alcremie-rainbow-swirl-clover-sweet,True,True,True,True,8,,USE_DS,12
alcremie-rainbow-swirl-clover-sweet-ds01-expanded-community-sprite-library-2026-09-22,NONE,,False,False,False,False,0,,CONVERT_GBA,1
alcremie-rainbow-swirl-flower-sweet,EXACT_NAME,alcremie-rainbow-swirl-flower-sweet,True,True,True,True,8,,USE_DS,12
alcremie-rainbow-swirl-flower-sweet-ds01-expanded-community-sprite-library-2026-09-22,NONE,,False,False,False,False,0,,CONVERT_GBA,1
alcremie-rainbow-swirl-love-sweet,EXACT_NAME,alcremie-rainbow-swirl-love-sweet,True,True,True,True,8,,USE_DS,12
alcremie-rainbow-swirl-love-sweet-ds01-expanded-community-sprite-library-2026-09-22,NONE,,False,False,False,False,0,,CONVERT_GBA,1
alcremie-rainbow-swirl-ribbon-sweet,EXACT_NAME,alcremie-rainbow-swirl-ribbon-sweet,True,True,True,True,8,,USE_DS,12
alcremie-rainbow-swirl-ribbon-sweet-ds01-expanded-community-sprite-library-2026-09-22,NONE,,False,False,False,False,0,,CONVERT_GBA,1
alcremie-rainbow-swirl-star-sweet,EXACT_NAME,alcremie-rainbow-swirl-star-sweet,True,True,True,True,8,,USE_DS,12
alcremie-rainbow-swirl-star-sweet-ds01-expanded-community-sprite-library-2026-09-22,NONE,,False,False,False,False,0,,CONVERT_GBA,1
alcremie-rainbow-swirl-strawberry-sweet,EXACT_NAME,alcremie-rainbow-swirl-strawberry-sweet,True,True,True,True,8,,USE_DS,12
alcremie-rainbow-swirl-strawberry-sweet-ds01-expanded-community-sprite-library-2026-09-22,NONE,,False,False,False,False,0,,CONVERT_GBA,1
alcremie-ruby-cream-berry-sweet,EXACT_NAME,alcremie-ruby-cream-berry-sweet,True,True,True,True,8,,USE_DS,12
alcremie-ruby-cream-berry-sweet-ds01-expanded-community-sprite-library-2026-09-22,NONE,,False,False,False,False,0,,CONVERT_GBA,1
alcremie-ruby-cream-clover-sweet,EXACT_NAME,alcremie-ruby-cream-clover-sweet,True,True,True,True,8,,USE_DS,12
alcremie-ruby-cream-clover-sweet-ds01-expanded-community-sprite-library-2026-09-22,NONE,,False,False,False,False,0,,CONVERT_GBA,1
alcremie-ruby-cream-flower-sweet,EXACT_NAME,alcremie-ruby-cream-flower-sweet,True,True,True,True,8,,USE_DS,12
alcremie-ruby-cream-flower-sweet-ds01-expanded-community-sprite-library-2026-09-22,NONE,,False,False,False,False,0,,CONVERT_GBA,1
alcremie-ruby-cream-love-sweet,EXACT_NAME,alcremie-ruby-cream-love-sweet,True,True,True,True,8,,USE_DS,12
alcremie-ruby-cream-love-sweet-ds01-expanded-community-sprite-library-2026-09-22,NONE,,False,False,False,False,0,,CONVERT_GBA,1
alcremie-ruby-cream-ribbon-sweet,EXACT_NAME,alcremie-ruby-cream-ribbon-sweet,True,True,True,True,8,,USE_DS,12
alcremie-ruby-cream-ribbon-sweet-ds01-expanded-community-sprite-library-2026-09-22,NONE,,False,False,False,False,0,,CONVERT_GBA,1
alcremie-ruby-cream-star-sweet,EXACT_NAME,alcremie-ruby-cream-star-sweet,True,True,True,True,8,,USE_DS,12
alcremie-ruby-cream-star-sweet-ds01-expanded-community-sprite-library-2026-09-22,NONE,,False,False,False,False,0,,CONVERT_GBA,1
alcremie-ruby-cream-strawberry-sweet,EXACT_NAME,alcremie-ruby-cream-strawberry-sweet,True,True,True,True,8,,USE_DS,12
alcremie-ruby-cream-strawberry-sweet-ds01-expanded-community-sprite-library-2026-09-22,NONE,,False,False,False,False,0,,CONVERT_GBA,1
alcremie-ruby-swirl-berry-sweet,EXACT_NAME,alcremie-ruby-swirl-berry-sweet,True,True,True,True,8,,USE_DS,12
alcremie-ruby-swirl-berry-sweet-ds01-expanded-community-sprite-library-2026-09-22,NONE,,False,False,False,False,0,,CONVERT_GBA,1
alcremie-ruby-swirl-clover-sweet,EXACT_NAME,alcremie-ruby-swirl-clover-sweet,True,True,True,True,8,,USE_DS,12
alcremie-ruby-swirl-clover-sweet-ds01-expanded-community-sprite-library-2026-09-22,NONE,,False,False,False,False,0,,CONVERT_GBA,1
alcremie-ruby-swirl-flower-sweet,EXACT_NAME,alcremie-ruby-swirl-flower-sweet,True,True,True,True,8,,USE_DS,12
alcremie-ruby-swirl-flower-sweet-ds01-expanded-community-sprite-library-2026-09-22,NONE,,False,False,False,False,0,,CONVERT_GBA,1
alcremie-ruby-swirl-love-sweet,EXACT_NAME,alcremie-ruby-swirl-love-sweet,True,True,True,True,8,,USE_DS,12
alcremie-ruby-swirl-love-sweet-ds01-expanded-community-sprite-library-2026-09-22,NONE,,False,False,False,False,0,,CONVERT_GBA,1
alcremie-ruby-swirl-ribbon-sweet,EXACT_NAME,alcremie-ruby-swirl-ribbon-sweet,True,True,True,True,8,,USE_DS,12
alcremie-ruby-swirl-ribbon-sweet-ds01-expanded-community-sprite-library-2026-09-22,NONE,,False,False,False,False,0,,CONVERT_GBA,1
alcremie-ruby-swirl-star-sweet,EXACT_NAME,alcremie-ruby-swirl-star-sweet,True,True,True,True,8,,USE_DS,12
alcremie-ruby-swirl-star-sweet-ds01-expanded-community-sprite-library-2026-09-22,NONE,,False,False,False,False,0,,CONVERT_GBA,1
alcremie-ruby-swirl-strawberry-sweet,EXACT_NAME,alcremie-ruby-swirl-strawberry-sweet,True,True,True,True,8,,USE_DS,12
alcremie-ruby-swirl-strawberry-sweet-ds01-expanded-community-sprite-library-2026-09-22,NONE,,False,False,False,False,0,,CONVERT_GBA,1
alcremie-salted-cream-berry-sweet,EXACT_NAME,alcremie-salted-cream-berry-sweet,True,True,True,True,8,,USE_DS,12
alcremie-salted-cream-berry-sweet-ds01-expanded-community-sprite-library-2026-09-22,NONE,,False,False,False,False,0,,CONVERT_GBA,1
alcremie-salted-cream-clover-sweet,EXACT_NAME,alcremie-salted-cream-clover-sweet,True,True,True,True,8,,USE_DS,12
alcremie-salted-cream-clover-sweet-ds01-expanded-community-sprite-library-2026-09-22,NONE,,False,False,False,False,0,,CONVERT_GBA,1
alcremie-salted-cream-flower-sweet,EXACT_NAME,alcremie-salted-cream-flower-sweet,True,True,True,True,8,,USE_DS,12
alcremie-salted-cream-flower-sweet-ds01-expanded-community-sprite-library-2026-09-22,NONE,,False,False,False,False,0,,CONVERT_GBA,1
alcremie-salted-cream-love-sweet,EXACT_NAME,alcremie-salted-cream-love-sweet,True,True,True,True,8,,USE_DS,5
alcremie-salted-cream-ribbon-sweet,EXACT_NAME,alcremie-salted-cream-ribbon-sweet,True,True,True,True,8,,USE_DS,5
alcremie-salted-cream-star-sweet,EXACT_NAME,alcremie-salted-cream-star-sweet,True,True,True,True,8,,USE_DS,5
alcremie-salted-cream-strawberry-sweet,EXACT_NAME,alcremie-salted-cream-strawberry-sweet,True,True,True,True,8,,USE_DS,5
alcremie-vanilla-cream-berry-sweet,EXACT_NAME,alcremie-vanilla-cream-berry-sweet,True,True,True,True,8,,USE_DS,5
alcremie-vanilla-cream-clover-sweet,EXACT_NAME,alcremie-vanilla-cream-clover-sweet,True,True,True,True,8,,USE_DS,5
alcremie-vanilla-cream-flower-sweet,EXACT_NAME,alcremie-vanilla-cream-flower-sweet,True,True,True,True,8,,USE_DS,5
alcremie-vanilla-cream-love-sweet,EXACT_NAME,alcremie-vanilla-cream-love-sweet,True,True,True,True,8,,USE_DS,5
alcremie-vanilla-cream-ribbon-sweet,EXACT_NAME,alcremie-vanilla-cream-ribbon-sweet,True,True,True,True,8,,USE_DS,5
alcremie-vanilla-cream-star-sweet,EXACT_NAME,alcremie-vanilla-cream-star-sweet,True,True,True,True,8,,USE_DS,5
alcremie-vanilla-cream-strawberry-sweet,EXACT_NAME,alcremie-vanilla-cream-strawberry-sweet,True,True,True,True,8,,USE_DS,5
alomomola,EXACT_NAME,alomomola,True,True,True,True,8,,USE_DS,5
altaria,EXACT_NAME,altaria,True,True,True,True,8,,USE_DS,5
altaria-mega,EXACT_NAME,altaria-mega,True,True,True,True,8,,USE_DS,5
altaria-redux,NONE,,False,False,False,False,0,,CONVERT_GBA,4
altaria-redux-mega,NONE,,False,False,False,False,0,,CONVERT_GBA,4
amaura,EXACT_NAME,amaura,True,True,True,True,8,,USE_DS,5
ambipom,EXACT_NAME,ambipom,True,True,True,True,10,,USE_DS,5
amoonguss,EXACT_NAME,amoonguss,True,True,True,True,8,,USE_DS,5
ampharos,EXACT_NAME,ampharos,True,True,True,True,8,,USE_DS,5
ampharos-mega,EXACT_NAME,ampharos-mega,True,True,True,True,8,,USE_DS,5
amphybuzz,NONE,,False,False,False,False,0,,CONVERT_GBA,4
amphybuzz-mega,NONE,,False,False,False,False,0,,CONVERT_GBA,4
annihilape,EXACT_NAME,annihilape,True,True,True,True,8,,USE_DS,5
anorith,EXACT_NAME,anorith,True,True,True,True,8,,USE_DS,5
appletun,EXACT_NAME,appletun,True,True,True,True,8,,USE_DS,5
appletun-gmax,EXACT_NAME,appletun-gmax,True,True,True,True,8,,USE_DS,5
applin,EXACT_NAME,applin,True,True,True,True,8,,USE_DS,5
arachtres,NONE,,False,False,False,False,0,,CONVERT_GBA,4
araquanid,EXACT_NAME,araquanid,True,True,True,True,8,,USE_DS,5
araquanid-redux,NONE,,False,False,False,False,0,,CONVERT_GBA,4
arashinne,NONE,,False,False,False,False,0,,CONVERT_GBA,4
arbok,EXACT_NAME,arbok,True,True,True,True,8,,USE_DS,5
arbok-mega,NONE,,False,False,False,False,0,,CONVERT_GBA,4
arboliva,EXACT_NAME,arboliva,True,True,True,True,8,,USE_DS,5
arcanine,EXACT_NAME,arcanine,True,True,True,True,8,,USE_DS,5
arcanine-hisui,EXACT_NAME,arcanine-hisui,True,True,True,True,8,,USE_DS,5
arcanine-hisuian-mega,NONE,,False,False,False,False,0,,CONVERT_GBA,4
arcanine-mega,NONE,,False,False,False,False,0,,CONVERT_GBA,4
arcanine-mega-redux,NONE,,False,False,False,False,0,,CONVERT_GBA,4
arcanine-redux,NONE,,False,False,False,False,0,,CONVERT_GBA,4
arceus-bug,EXACT_NAME,arceus-bug,True,True,True,True,8,,USE_DS,5
arceus-dark,EXACT_NAME,arceus-dark,True,True,True,True,8,,USE_DS,5
arceus-dragon,EXACT_NAME,arceus-dragon,True,True,True,True,8,,USE_DS,5
arceus-electric,EXACT_NAME,arceus-electric,True,True,True,True,8,,USE_DS,5
arceus-fairy,EXACT_NAME,arceus-fairy,True,True,True,True,8,,USE_DS,5
arceus-fighting,EXACT_NAME,arceus-fighting,True,True,True,True,8,,USE_DS,5
arceus-fire,EXACT_NAME,arceus-fire,True,True,True,True,8,,USE_DS,5
arceus-flying,EXACT_NAME,arceus-flying,True,True,True,True,8,,USE_DS,5
arceus-ghost,EXACT_NAME,arceus-ghost,True,True,True,True,8,,USE_DS,5
arceus-grass,EXACT_NAME,arceus-grass,True,True,True,True,8,,USE_DS,5
arceus-ground,EXACT_NAME,arceus-ground,True,True,True,True,8,,USE_DS,5
arceus-ice,EXACT_NAME,arceus-ice,True,True,True,True,8,,USE_DS,5
arceus-normal,EXACT_NAME,arceus-normal,True,True,True,True,8,,USE_DS,5
arceus-poison,EXACT_NAME,arceus-poison,True,True,True,True,8,,USE_DS,5
arceus-psychic,EXACT_NAME,arceus-psychic,True,True,True,True,8,,USE_DS,5
arceus-rock,EXACT_NAME,arceus-rock,True,True,True,True,8,,USE_DS,5
arceus-steel,EXACT_NAME,arceus-steel,True,True,True,True,8,,USE_DS,5
arceus-unknown,EXACT_NAME,arceus-unknown,True,True,True,True,8,,USE_DS,5
arceus-water,EXACT_NAME,arceus-water,True,True,True,True,8,,USE_DS,5
archaludon,EXACT_NAME,archaludon,True,True,True,True,8,,USE_DS,5
archen,EXACT_NAME,archen,True,True,True,True,8,,USE_DS,5
archeops,EXACT_NAME,archeops,True,True,True,True,8,,USE_DS,5
arctibax,EXACT_NAME,arctibax,True,True,True,True,8,,USE_DS,5
arctovish,EXACT_NAME,arctovish,True,True,True,True,8,,USE_DS,5
arctozolt,EXACT_NAME,arctozolt,True,True,True,True,8,,USE_DS,5
ariados,EXACT_NAME,ariados,True,True,True,True,8,,USE_DS,5
armaldo,EXACT_NAME,armaldo,True,True,True,True,8,,USE_DS,5
armarouge,EXACT_NAME,armarouge,True,True,True,True,8,,USE_DS,5
aromatisse,EXACT_NAME,aromatisse,True,True,True,True,8,,USE_DS,5
aron,EXACT_NAME,aron,True,True,True,True,8,,USE_DS,5
aron-redux,NONE,,False,False,False,False,0,,CONVERT_GBA,4
arrokuda,EXACT_NAME,arrokuda,True,True,True,True,8,,USE_DS,5
articuno,EXACT_NAME,articuno,True,True,True,True,8,,USE_DS,5
articuno-ex,NONE,,False,False,False,False,0,,CONVERT_GBA,4
articuno-ex-mega,NONE,,False,False,False,False,0,,CONVERT_GBA,4
articuno-galar,EXACT_NAME,articuno-galar,True,True,True,True,8,,USE_DS,5
audino,EXACT_NAME,audino,True,True,True,True,8,,USE_DS,5
audino-mega,EXACT_NAME,audino-mega,True,True,True,True,8,,USE_DS,5
aurorus,EXACT_NAME,aurorus,True,True,True,True,8,,USE_DS,5
avalugg,EXACT_NAME,avalugg,True,True,True,True,8,,USE_DS,5
avalugg-hisui,EXACT_NAME,avalugg-hisui,True,True,True,True,8,,USE_DS,5
axew,EXACT_NAME,axew,True,True,True,True,8,,USE_DS,5
azelf,EXACT_NAME,azelf,True,True,True,True,8,,USE_DS,5
azelf-redux,NONE,,False,False,False,False,0,,CONVERT_GBA,4
azumarill,EXACT_NAME,azumarill,True,True,True,True,8,,USE_DS,5
azurill,EXACT_NAME,azurill,True,True,True,True,8,,USE_DS,5
bagon,EXACT_NAME,bagon,True,True,True,True,8,,USE_DS,5
baltoy,EXACT_NAME,baltoy,True,True,True,True,8,,USE_DS,5
banette,EXACT_NAME,banette,True,True,True,True,8,,USE_DS,5
banette-mega,EXACT_NAME,banette-mega,True,True,True,True,8,,USE_DS,5
barbaracle,EXACT_NAME,barbaracle,True,True,True,True,8,,USE_DS,5
barbaracle-mega,EXACT_NAME,barbaracle-mega,True,True,True,True,8,,USE_DS,9
barboach,EXACT_NAME,barboach,True,True,True,True,8,,USE_DS,5
bariong,NONE,,False,False,False,False,0,,CONVERT_GBA,4
barraskewda,EXACT_NAME,barraskewda,True,True,True,True,8,,USE_DS,5
basculegion-female,EXACT_NAME,basculegion-female,True,True,True,True,12,,USE_DS,5
basculegion-male,EXACT_NAME,basculegion-male,True,True,True,True,8,,USE_DS,5
basculin-blue-striped,EXACT_NAME,basculin-blue-striped,True,True,True,True,8,,USE_DS,5
basculin-red-striped,EXACT_NAME,basculin-red-striped,True,True,True,True,8,,USE_DS,5
basculin-white-striped,EXACT_NAME,basculin-white-striped,True,True,True,True,8,,USE_DS,5
bastiodon,EXACT_NAME,bastiodon,True,True,True,True,8,,USE_DS,15
baxcalibur,EXACT_NAME,baxcalibur,True,True,True,True,8,,USE_DS,5
baxcalibur-mega,EXACT_NAME,baxcalibur-mega,True,True,True,True,8,,USE_DS,9
bayleef,EXACT_NAME,bayleef,True,True,True,True,8,,USE_DS,5
beartic,EXACT_NAME,beartic,True,True,True,True,8,,USE_DS,5
beautifly,EXACT_NAME,beautifly,True,True,True,True,10,,USE_DS,5
beedrill,EXACT_NAME,beedrill,True,True,True,True,8,,USE_DS,5
beedrill-mega,EXACT_NAME,beedrill-mega,True,True,True,True,8,,USE_DS,5
beedrill-mega-redux,NONE,,False,False,False,False,0,,CONVERT_GBA,4
beedrill-redux,NONE,,False,False,False,False,0,,CONVERT_GBA,4
beefender,NONE,,False,False,False,False,0,,CONVERT_GBA,4
beheeyem,EXACT_NAME,beheeyem,True,True,True,True,8,,USE_DS,5
beldum,EXACT_NAME,beldum,True,True,True,True,8,,USE_DS,5
bellibolt,EXACT_NAME,bellibolt,True,True,True,True,8,,USE_DS,5
bellossom,EXACT_NAME,bellossom,True,True,True,True,8,,USE_DS,5
bellsprout,EXACT_NAME,bellsprout,True,True,True,True,8,,USE_DS,5
bellsprout-redux,NONE,,False,False,False,False,0,,CONVERT_GBA,4
beniccino,NONE,,False,False,False,False,0,,CONVERT_GBA,4
bergmite,EXACT_NAME,bergmite,True,True,True,True,8,,USE_DS,5
bewarden,NONE,,False,False,False,False,0,,CONVERT_GBA,4
bewarden-redux,NONE,,False,False,False,False,0,,CONVERT_GBA,4
bewear,EXACT_NAME,bewear,True,True,True,True,8,,USE_DS,5
bewear-angry,NONE,,False,False,False,False,0,,CONVERT_GBA,4
bewear-redux,NONE,,False,False,False,False,0,,CONVERT_GBA,4
bibarel,EXACT_NAME,bibarel,True,True,True,True,10,,USE_DS,5
bidoof,EXACT_NAME,bidoof,True,True,True,True,10,,USE_DS,5
binacle,EXACT_NAME,binacle,True,True,True,True,8,,USE_DS,5
bisharp,EXACT_NAME,bisharp,True,True,True,True,8,,USE_DS,5
bisharp-redux,NONE,,False,False,False,False,0,,CONVERT_GBA,4
blacephalon,EXACT_NAME,blacephalon,True,True,True,True,8,,USE_DS,5
blastoise,EXACT_NAME,blastoise,True,True,True,True,8,,USE_DS,5
blastoise-gmax,EXACT_NAME,blastoise-gmax,True,True,True,True,8,,USE_DS,5
blastoise-mega,EXACT_NAME,blastoise-mega,True,True,True,True,8,,USE_DS,5
blastoise-mega-x,NONE,,False,False,False,False,0,,CONVERT_GBA,4
blaziken,EXACT_NAME,blaziken,True,True,True,True,10,,USE_DS,5
blaziken-mega,EXACT_NAME,blaziken-mega,True,True,True,True,8,,USE_DS,5
blipbug,EXACT_NAME,blipbug,True,True,True,True,8,,USE_DS,5
blissey,EXACT_NAME,blissey,True,True,True,True,8,,USE_DS,5
blissey-redux,NONE,,False,False,False,False,0,,CONVERT_GBA,4
blitzle,EXACT_NAME,blitzle,True,True,True,True,8,,USE_DS,5
blizzard-maw,NONE,,False,False,False,False,0,,CONVERT_GBA,4
blocli,NONE,,False,False,False,False,0,,CONVERT_GBA,4
bloxtack,NONE,,False,False,False,False,0,,CONVERT_GBA,4
boarlock,NONE,,False,False,False,False,0,,CONVERT_GBA,4
boldore,EXACT_NAME,boldore,True,True,True,True,8,,USE_DS,5
boltund,EXACT_NAME,boltund,True,True,True,True,8,,USE_DS,5
bombirdier,EXACT_NAME,bombirdier,True,True,True,True,8,,USE_DS,5
bonsly,EXACT_NAME,bonsly,True,True,True,True,8,,USE_DS,5
bouffalant,EXACT_NAME,bouffalant,True,True,True,True,8,,USE_DS,5
bounsweet,EXACT_NAME,bounsweet,True,True,True,True,8,,USE_DS,5
bounsweet-redux,NONE,,False,False,False,False,0,,CONVERT_GBA,4
braixen,EXACT_NAME,braixen,True,True,True,True,8,,USE_DS,5
brambleghast,EXACT_NAME,brambleghast,True,True,True,True,8,,USE_DS,5
bramblin,EXACT_NAME,bramblin,True,True,True,True,8,,USE_DS,5
braviary,EXACT_NAME,braviary,True,True,True,True,8,,USE_DS,5
braviary-hisui,EXACT_NAME,braviary-hisui,True,True,True,True,8,,USE_DS,5
breezing,NONE,,False,False,False,False,0,,CONVERT_GBA,4
breloom,EXACT_NAME,breloom,True,True,True,True,8,,USE_DS,5
breloom-mega,NONE,,False,False,False,False,0,,CONVERT_GBA,4
brionne,EXACT_NAME,brionne,True,True,True,True,8,,USE_DS,5
brontonana,NONE,,False,False,False,False,0,,CONVERT_GBA,4
bronzong,EXACT_NAME,bronzong,True,True,True,True,8,,USE_DS,5
bronzor,EXACT_NAME,bronzor,True,True,True,True,8,,USE_DS,5
brute-bonnet,EXACT_NAME,brute-bonnet,True,True,True,True,8,,USE_DS,5
bruxish,EXACT_NAME,bruxish,True,True,True,True,8,,USE_DS,5
bubbleo,NONE,,False,False,False,False,0,,CONVERT_GBA,4
budew,EXACT_NAME,budew,True,True,True,True,8,,USE_DS,5
buizel,EXACT_NAME,buizel,True,True,True,True,10,,USE_DS,5
buizel-redux,NONE,,False,False,False,False,0,,CONVERT_GBA,4
bulbasaur,EXACT_NAME,bulbasaur,True,True,True,True,8,,USE_DS,5
buneary,EXACT_NAME,buneary,True,True,True,True,8,,USE_DS,5
bunnelby,EXACT_NAME,bunnelby,True,True,True,True,8,,USE_DS,5
burmy-plant,EXACT_NAME,burmy-plant,True,True,True,True,8,,USE_DS,5
burmy-sandy,EXACT_NAME,burmy-sandy,True,True,True,True,8,,USE_DS,5
burmy-trash,EXACT_NAME,burmy-trash,True,True,True,True,8,,USE_DS,5
butterfree,EXACT_NAME,butterfree,True,True,True,True,10,,USE_DS,5
butterfree-gmax,EXACT_NAME,butterfree-gmax,True,True,True,True,8,,USE_DS,5
butterfree-mega,NONE,,False,False,False,False,0,,CONVERT_GBA,4
buzzwole,EXACT_NAME,buzzwole,True,True,True,True,8,,USE_DS,5
cacjack,NONE,,False,False,False,False,0,,CONVERT_GBA,4
cacnea,EXACT_NAME,cacnea,True,True,True,True,8,,USE_DS,5
cacturne,EXACT_NAME,cacturne,True,True,True,True,10,,USE_DS,5
calyrex,EXACT_NAME,calyrex,True,True,True,True,10,,USE_DS,5
calyrex-cloud-rider,NONE,,False,False,False,False,0,,CONVERT_GBA,4
calyrex-ice,EXACT_NAME,calyrex-ice,True,True,True,True,10,,USE_DS,5
calyrex-shadow,EXACT_NAME,calyrex-shadow,True,True,True,True,10,,USE_DS,5
camerupt,EXACT_NAME,camerupt,True,True,True,True,10,,USE_DS,5
camerupt-mega,EXACT_NAME,camerupt-mega,True,True,True,True,8,,USE_DS,5
capsakid,EXACT_NAME,capsakid,True,True,True,True,8,,USE_DS,5
carbink,EXACT_NAME,carbink,True,True,True,True,8,,USE_DS,5
carbonix,NONE,,False,False,False,False,0,,CONVERT_GBA,4
carbonix-mega,NONE,,False,False,False,False,0,,CONVERT_GBA,4
carkol,EXACT_NAME,carkol,True,True,True,True,8,,USE_DS,5
carnivine,EXACT_NAME,carnivine,True,True,True,True,8,,USE_DS,5
carracosta,EXACT_NAME,carracosta,True,True,True,True,8,,USE_DS,5
carvanha,EXACT_NAME,carvanha,True,True,True,True,8,,USE_DS,5
cascoon,EXACT_NAME,cascoon,True,True,True,True,8,,USE_DS,5
cascoon-primal,NONE,,False,False,False,False,0,,CONVERT_GBA,4
castform,EXACT_NAME,castform,True,True,True,True,8,,USE_DS,5
castform-foggy,NONE,,False,False,False,False,0,,CONVERT_GBA,4
castform-rainy,EXACT_NAME,castform-rainy,True,True,True,True,8,,USE_DS,5
castform-sandy,NONE,,False,False,False,False,0,,CONVERT_GBA,4
castform-snowy,EXACT_NAME,castform-snowy,True,True,True,True,8,,USE_DS,5
castform-sunny,EXACT_NAME,castform-sunny,True,True,True,True,8,,USE_DS,5
caterpie,EXACT_NAME,caterpie,True,True,True,True,8,,USE_DS,5
celebi,EXACT_NAME,celebi,True,True,True,True,8,,USE_DS,5
celesteela,EXACT_NAME,celesteela,True,True,True,True,8,,USE_DS,5
centiskorch,EXACT_NAME,centiskorch,True,True,True,True,8,,USE_DS,5
centiskorch-gmax,EXACT_NAME,centiskorch-gmax,True,True,True,True,8,,USE_DS,5
centiskorch-mega,NONE,,False,False,False,False,0,,CONVERT_GBA,4
ceruledge,EXACT_NAME,ceruledge,True,True,True,True,8,,USE_DS,5
cetitan,EXACT_NAME,cetitan,True,True,True,True,8,,USE_DS,5
cetitan-redux,NONE,,False,False,False,False,0,,CONVERT_GBA,4
cetoddle,EXACT_NAME,cetoddle,True,True,True,True,8,,USE_DS,5
cetoddle-redux,NONE,,False,False,False,False,0,,CONVERT_GBA,4
chandelure,EXACT_NAME,chandelure,True,True,True,True,8,,USE_DS,5
chandelure-mega,EXACT_NAME,chandelure-mega,True,True,True,True,8,,USE_DS,9
chandelure-mega-y,NONE,,False,False,False,False,0,,CONVERT_GBA,4
chandelure-redux,NONE,,False,False,False,False,0,,CONVERT_GBA,4
chandelure-redux-mega,NONE,,False,False,False,False,0,,CONVERT_GBA,4
chansey,EXACT_NAME,chansey,True,True,True,True,8,,USE_DS,5
chansey-redux,NONE,,False,False,False,False,0,,CONVERT_GBA,4
charcadet,EXACT_NAME,charcadet,True,True,True,True,8,,USE_DS,5
charizard,EXACT_NAME,charizard,True,True,True,True,8,,USE_DS,5
charizard-gmax,EXACT_NAME,charizard-gmax,True,True,True,True,8,,USE_DS,5
charizard-mega-x,EXACT_NAME,charizard-mega-x,True,True,True,True,8,,USE_DS,5
charizard-mega-y,EXACT_NAME,charizard-mega-y,True,True,True,True,8,,USE_DS,5
charizard-mega-z,NONE,,False,False,False,False,0,,CONVERT_GBA,4
charjabug,EXACT_NAME,charjabug,True,True,True,True,8,,USE_DS,5
charmander,EXACT_NAME,charmander,True,True,True,True,8,,USE_DS,5
charmeleon,EXACT_NAME,charmeleon,True,True,True,True,8,,USE_DS,5
chatot,EXACT_NAME,chatot,True,True,True,True,8,,USE_DS,5
cherrim-overcast,EXACT_NAME,cherrim-overcast,True,True,True,True,8,,USE_DS,5
cherrim-sunshine,EXACT_NAME,cherrim-sunshine,True,True,True,True,8,,USE_DS,5
cherubi,EXACT_NAME,cherubi,True,True,True,True,8,,USE_DS,5
chesnaught,EXACT_NAME,chesnaught,True,True,True,True,8,,USE_DS,5
chesnaught-battle-bond,NONE,,False,False,False,False,0,,CONVERT_GBA,4
chesnaught-clemont,NONE,,False,False,False,False,0,,CONVERT_GBA,4
chesnaught-mega,EXACT_NAME,chesnaught-mega,True,True,True,True,8,,USE_DS,9
chespin,EXACT_NAME,chespin,True,True,True,True,8,,USE_DS,5
chewtle,EXACT_NAME,chewtle,True,True,True,True,9,,USE_DS,5
chi-yu,EXACT_NAME,chi-yu,True,True,True,True,8,,USE_DS,5
chien-pao,EXACT_NAME,chien-pao,True,True,True,True,8,,USE_DS,5
chien-pao-mega,NONE,,False,False,False,False,0,,CONVERT_GBA,4
chikorita,EXACT_NAME,chikorita,True,True,True,True,8,,USE_DS,5
chimchar,EXACT_NAME,chimchar,True,True,True,True,8,,USE_DS,5
chimchar-redux,NONE,,False,False,False,False,0,,CONVERT_GBA,4
chimecho,EXACT_NAME,chimecho,True,True,True,True,8,,USE_DS,5
chimecho-mega,EXACT_NAME,chimecho-mega,True,True,True,True,8,,USE_DS,9
chinchou,EXACT_NAME,chinchou,True,True,True,True,8,,USE_DS,5
chingling,EXACT_NAME,chingling,True,True,True,True,8,,USE_DS,5
cinccino,EXACT_NAME,cinccino,True,True,True,True,8,,USE_DS,5
cinccino-redux,NONE,,False,False,False,False,0,,CONVERT_GBA,4
cinderace,EXACT_NAME,cinderace,True,True,True,True,8,,USE_DS,5
cinderace-gmax,EXACT_NAME,cinderace-gmax,True,True,True,True,8,,USE_DS,5
cinderace-mega,NONE,,False,False,False,False,0,,CONVERT_GBA,4
clamperl,EXACT_NAME,clamperl,True,True,True,True,8,,USE_DS,5
clauncher,EXACT_NAME,clauncher,True,True,True,True,8,,USE_DS,5
clawitzer,EXACT_NAME,clawitzer,True,True,True,True,8,,USE_DS,5
clawitzer-redux,NONE,,False,False,False,False,0,,CONVERT_GBA,4
claydol,EXACT_NAME,claydol,True,True,True,True,8,,USE_DS,5
clefable,EXACT_NAME,clefable,True,True,True,True,8,,USE_DS,5
clefable-mega,EXACT_NAME,clefable-mega,True,True,True,True,8,,USE_DS,9
clefable-mega-y,NONE,,False,False,False,False,0,,CONVERT_GBA,4
clefable-redux,NONE,,False,False,False,False,0,,CONVERT_GBA,4
clefable-redux-mega,NONE,,False,False,False,False,0,,CONVERT_GBA,4
clefairy,EXACT_NAME,clefairy,True,True,True,True,8,,USE_DS,5
clefairy-redux,NONE,,False,False,False,False,0,,CONVERT_GBA,4
cleffa,EXACT_NAME,cleffa,True,True,True,True,8,,USE_DS,5
cleffa-redux,NONE,,False,False,False,False,0,,CONVERT_GBA,4
clobbopus,EXACT_NAME,clobbopus,True,True,True,True,8,,USE_DS,5
clodsire,EXACT_NAME,clodsire,True,True,True,True,8,,USE_DS,5
clodsire-mega,NONE,,False,False,False,False,0,,CONVERT_GBA,4
cloyster,EXACT_NAME,cloyster,True,True,True,True,8,,USE_DS,5
coalossal,EXACT_NAME,coalossal,True,True,True,True,10,,USE_DS,5
coalossal-gmax,EXACT_NAME,coalossal-gmax,True,True,True,True,8,,USE_DS,5
coalossal-mega,NONE,,False,False,False,False,0,,CONVERT_GBA,4
cobalion,EXACT_NAME,cobalion,True,True,True,True,8,,USE_DS,5
cofagrigus,EXACT_NAME,cofagrigus,True,True,True,True,8,,USE_DS,5
combee,EXACT_NAME,combee,True,True,True,True,12,,USE_DS,5
combusken,EXACT_NAME,combusken,True,True,True,True,10,,USE_DS,5
comfey,EXACT_NAME,comfey,True,True,True,True,8,,USE_DS,5
conkeldurr,EXACT_NAME,conkeldurr,True,True,True,True,8,,USE_DS,5
copperajah,EXACT_NAME,copperajah,True,True,True,True,8,,USE_DS,5
copperajah-gmax,EXACT_NAME,copperajah-gmax,True,True,True,True,8,,USE_DS,5
copperajah-mega,NONE,,False,False,False,False,0,,CONVERT_GBA,4
corm,NONE,,False,False,False,False,0,,CONVERT_GBA,4
cormoth,NONE,,False,False,False,False,0,,CONVERT_GBA,4
cormoth-mega,NONE,,False,False,False,False,0,,CONVERT_GBA,4
corphish,EXACT_NAME,corphish,True,True,True,True,8,,USE_DS,5
corsola,EXACT_NAME,corsola,True,True,True,True,8,,USE_DS,5
corsola-galar,EXACT_NAME,corsola-galar,True,True,True,True,8,,USE_DS,5
corviknight,EXACT_NAME,corviknight,True,True,True,True,8,,USE_DS,5
corviknight-gmax,EXACT_NAME,corviknight-gmax,True,True,True,True,8,,USE_DS,5
corviknight-mega,NONE,,False,False,False,False,0,,CONVERT_GBA,4
corvisquire,EXACT_NAME,corvisquire,True,True,True,True,8,,USE_DS,5
cosmoem,EXACT_NAME,cosmoem,True,True,True,True,8,,USE_DS,5
cosmog,EXACT_NAME,cosmog,True,True,True,True,8,,USE_DS,5
cottonee,EXACT_NAME,cottonee,True,True,True,True,8,,USE_DS,5
cpf-0001-caterpie-alternate-form-1,NONE,,False,False,False,False,0,,CONVERT_GBA,4
cpf-0002-butterfree-alternate-form-1,NONE,,False,False,False,False,0,,CONVERT_GBA,4
cpf-0003-weedle-alternate-form-2,NONE,,False,False,False,False,0,,CONVERT_GBA,4
cpf-0004-kakuna-alternate-form-2,NONE,,False,False,False,False,0,,CONVERT_GBA,4
cpf-0005-beedrill-alternate-form-2,NONE,,False,False,False,False,0,,CONVERT_GBA,4
cpf-0006-beedrill-alternate-mega-form-3,NONE,,False,False,False,False,0,,CONVERT_GBA,4
cpf-0007-pidgey-alternate-form-2,NONE,,False,False,False,False,0,,CONVERT_GBA,4
cpf-0008-pidgeotto-alternate-form-2,NONE,,False,False,False,False,0,,CONVERT_GBA,4
cpf-0009-pidgeot-alternate-form-2,NONE,,False,False,False,False,0,,CONVERT_GBA,4
cpf-0010-pidgeot-mega-alternate-form-3,NONE,,False,False,False,False,0,,CONVERT_GBA,4
cpf-0011-clefairy-alternate-form-1,NONE,,False,False,False,False,0,,CONVERT_GBA,4
cpf-0012-clefable-alternate-form-1,NONE,,False,False,False,False,0,,CONVERT_GBA,4
cpf-0013-vulpix-alternate-form-2,NONE,,False,False,False,False,0,,CONVERT_GBA,4
cpf-0014-vulpix-alternate-form-3,NONE,,False,False,False,False,0,,CONVERT_GBA,4
cpf-0015-ninetales-alternate-form-2,NONE,,False,False,False,False,0,,CONVERT_GBA,4
cpf-0016-ninetales-alternate-form-3,NONE,,False,False,False,False,0,,CONVERT_GBA,4
cpf-0017-jigglypuff-alternate-form-1,NONE,,False,False,False,False,0,,CONVERT_GBA,4
cpf-0018-wigglytuff-alternate-form-1,NONE,,False,False,False,False,0,,CONVERT_GBA,4
cpf-0019-paras-alternate-form-1,NONE,,False,False,False,False,0,,CONVERT_GBA,4
cpf-0020-parasect-alternate-form-1,NONE,,False,False,False,False,0,,CONVERT_GBA,4
cpf-0021-venonat-alternate-form-1,NONE,,False,False,False,False,0,,CONVERT_GBA,4
cpf-0022-venomoth-alternate-form-1,NONE,,False,False,False,False,0,,CONVERT_GBA,4
cpf-0023-poliwag-alternate-form-1,NONE,,False,False,False,False,0,,CONVERT_GBA,4
cpf-0024-poliwhirl-alternate-form-1,NONE,,False,False,False,False,0,,CONVERT_GBA,4
cpf-0025-poliwrath-alternate-form-1,NONE,,False,False,False,False,0,,CONVERT_GBA,4
cpf-0026-abra-alternate-form-1,NONE,,False,False,False,False,0,,CONVERT_GBA,4
cpf-0027-abra-alternate-form-2,NONE,,False,False,False,False,0,,CONVERT_GBA,4
cpf-0028-kadabra-alternate-form-2,NONE,,False,False,False,False,0,,CONVERT_GBA,4
cpf-0029-alakazam-alternate-form-2,NONE,,False,False,False,False,0,,CONVERT_GBA,4
cpf-0030-alakazam-mega-alternate-form-3,NONE,,False,False,False,False,0,,CONVERT_GBA,4
cpf-0031-geodude-bluetowel-alternate-forms-form-2,NONE,,False,False,False,False,0,,CONVERT_GBA,4
cpf-0032-graveler-bluetowel-alternate-forms-form-2,NONE,,False,False,False,False,0,,CONVERT_GBA,4
cpf-0033-golem-bluetowel-alternate-forms-form-2,NONE,,False,False,False,False,0,,CONVERT_GBA,4
cpf-0034-ponyta-alternate-form-1,NONE,,False,False,False,False,0,,CONVERT_GBA,4
cpf-0035-rapidash-alternate-form-1,NONE,,False,False,False,False,0,,CONVERT_GBA,4
cpf-0037-slowbro-bluetowel-alternate-forms-form-2,NONE,,False,False,False,False,0,,CONVERT_GBA,4
cpf-0038-slowbro-mega-alt-form-form-3,NONE,,False,False,False,False,0,,CONVERT_GBA,4
cpf-0039-slowbro-bluetowel-alternate-forms-form-4,NONE,,False,False,False,False,0,,CONVERT_GBA,4
cpf-0040-slowbro-bluetowel-alternate-forms-form-5,NONE,,False,False,False,False,0,,CONVERT_GBA,4
cpf-0041-farfetch-d-alternate-form-1,NONE,,False,False,False,False,0,,CONVERT_GBA,4
cpf-0042-sirfetch-d-alternate-form-1,NONE,,False,False,False,False,0,,CONVERT_GBA,4
cpf-0043-doduo-alternate-form-1,NONE,,False,False,False,False,0,,CONVERT_GBA,4
cpf-0044-dodrio-alternate-form-1,NONE,,False,False,False,False,0,,CONVERT_GBA,4
cpf-0045-gastly-alternate-form-2,NONE,,False,False,False,False,0,,CONVERT_GBA,4
cpf-0046-haunter-alternate-form-2,NONE,,False,False,False,False,0,,CONVERT_GBA,4
cpf-0047-gengar-alternate-form-2,NONE,,False,False,False,False,0,,CONVERT_GBA,4
cpf-0048-gengar-alternate-form-3,NONE,,False,False,False,False,0,,CONVERT_GBA,4
cpf-0049-onix-alternate-form-2,NONE,,False,False,False,False,0,,CONVERT_GBA,4
cpf-0050-drowzee-alternate-form-2,NONE,,False,False,False,False,0,,CONVERT_GBA,4
cpf-0051-hypno-alternate-form-2,NONE,,False,False,False,False,0,,CONVERT_GBA,4
cpf-0052-krabby-alternate-form-2,NONE,,False,False,False,False,0,,CONVERT_GBA,4
cpf-0053-kingler-alternate-form-2,NONE,,False,False,False,False,0,,CONVERT_GBA,4
cpf-0054-hitmonlee-alternate-form-1,NONE,,False,False,False,False,0,,CONVERT_GBA,4
cpf-0055-hitmonchan-alternate-form-1,NONE,,False,False,False,False,0,,CONVERT_GBA,4
cpf-0056-koffing-bluetowel-alternate-forms-form-2,NONE,,False,False,False,False,0,,CONVERT_GBA,4
cpf-0057-weezing-bluetowel-alternate-forms-form-2,NONE,,False,False,False,False,0,,CONVERT_GBA,4
cpf-0058-chansey-alternate-form-1,NONE,,False,False,False,False,0,,CONVERT_GBA,4
cpf-0059-staryu-alternate-form-1,NONE,,False,False,False,False,0,,CONVERT_GBA,4
cpf-0060-starmie-alternate-form-1,NONE,,False,False,False,False,0,,CONVERT_GBA,4
cpf-0061-electabuzz-alternate-form-1,NONE,,False,False,False,False,0,,CONVERT_GBA,4
cpf-0062-magmar-alternate-form-1,NONE,,False,False,False,False,0,,CONVERT_GBA,4
cpf-0063-magikarp-alternate-form-2,NONE,,False,False,False,False,0,,CONVERT_GBA,4
cpf-0064-gyarados-alternate-form-2,NONE,,False,False,False,False,0,,CONVERT_GBA,4
cpf-0065-gyarados-mega-alternate-form-3,NONE,,False,False,False,False,0,,CONVERT_GBA,4
cpf-0066-vaporeon-alternate-form-3,NONE,,False,False,False,False,0,,CONVERT_GBA,4
cpf-0067-jolteon-alternate-form-3,NONE,,False,False,False,False,0,,CONVERT_GBA,4
cpf-0068-flareon-alternate-form-3,NONE,,False,False,False,False,0,,CONVERT_GBA,4
cpf-0069-espeon-alternate-form-3,NONE,,False,False,False,False,0,,CONVERT_GBA,4
cpf-0070-umbreon-alternate-form-3,NONE,,False,False,False,False,0,,CONVERT_GBA,4
cpf-0071-leafeon-alternate-form-3,NONE,,False,False,False,False,0,,CONVERT_GBA,4
cpf-0072-glaceon-alternate-form-3,NONE,,False,False,False,False,0,,CONVERT_GBA,4
cpf-0073-sylveon-alternate-form-3,NONE,,False,False,False,False,0,,CONVERT_GBA,4
cpf-0074-omanyte-alternate-form-1,NONE,,False,False,False,False,0,,CONVERT_GBA,4
cpf-0075-omastar-alternate-form-1,NONE,,False,False,False,False,0,,CONVERT_GBA,4
cpf-0076-kabuto-alternate-form-1,NONE,,False,False,False,False,0,,CONVERT_GBA,4
cpf-0077-kabutops-alternate-form-1,NONE,,False,False,False,False,0,,CONVERT_GBA,4
cpf-0078-aerodactyl-alternate-form-2,NONE,,False,False,False,False,0,,CONVERT_GBA,4
cpf-0079-aerodactyl-alternate-mega-form-3,NONE,,False,False,False,False,0,,CONVERT_GBA,4
cpf-0083-dragonite-alternate-form-1,NONE,,False,False,False,False,0,,CONVERT_GBA,4
cpf-0084-bayleef-bluetowel-alternate-form-form-1,NONE,,False,False,False,False,0,,CONVERT_GBA,4
cpf-0085-meganium-alternate-form-1,NONE,,False,False,False,False,0,,CONVERT_GBA,4
cpf-0086-quilava-alternate-form-1,NONE,,False,False,False,False,0,,CONVERT_GBA,4
cpf-0087-typhlosion-alternate-form-1,NONE,,False,False,False,False,0,,CONVERT_GBA,4
cpf-0088-typhlosion-alternate-form-2,NONE,,False,False,False,False,0,,CONVERT_GBA,4
cpf-0089-croconaw-alternate-form-1,NONE,,False,False,False,False,0,,CONVERT_GBA,4
cpf-0090-feraligatr-alternate-form-1,NONE,,False,False,False,False,0,,CONVERT_GBA,4
cpf-0091-hoothoot-alternate-form-1,NONE,,False,False,False,False,0,,CONVERT_GBA,4
cpf-0092-noctowl-alternate-form-1,NONE,,False,False,False,False,0,,CONVERT_GBA,4
cpf-0093-ledyba-alternate-form-1,NONE,,False,False,False,False,0,,CONVERT_GBA,4
cpf-0094-ledian-alternate-form-1,NONE,,False,False,False,False,0,,CONVERT_GBA,4
cpf-0095-natu-alternate-form-1,NONE,,False,False,False,False,0,,CONVERT_GBA,4
cpf-0096-xatu-alternate-form-1,NONE,,False,False,False,False,0,,CONVERT_GBA,4
cpf-0097-flaaffy-alternate-form-2,NONE,,False,False,False,False,0,,CONVERT_GBA,4
cpf-0098-ampharos-alternate-form-2,NONE,,False,False,False,False,0,,CONVERT_GBA,4
cpf-0099-ampharos-alternate-mega-form-3,NONE,,False,False,False,False,0,,CONVERT_GBA,4
cpf-0100-politoed-alternate-form-1,NONE,,False,False,False,False,0,,CONVERT_GBA,4
cpf-0101-sunflora-alternate-form-1,NONE,,False,False,False,False,0,,CONVERT_GBA,4
cpf-0102-sunflora-alternate-form-2,NONE,,False,False,False,False,0,,CONVERT_GBA,4
cpf-0103-yanma-alternate-form-1,NONE,,False,False,False,False,0,,CONVERT_GBA,4
cpf-0104-yanmega-alternate-form-1,NONE,,False,False,False,False,0,,CONVERT_GBA,12
cpf-0105-wooper-alternate-form-1,NONE,,False,False,False,False,0,,CONVERT_GBA,4
cpf-0106-quagsire-alternate-form-1,NONE,,False,False,False,False,0,,CONVERT_GBA,4
cpf-0107-slowking-bluetowel-alternate-forms-form-2,NONE,,False,False,False,False,0,,CONVERT_GBA,4
cpf-0108-misdreavus-alternate-form-2,NONE,,False,False,False,False,0,,CONVERT_GBA,4
cpf-0109-mismagius-alternate-form-2,NONE,,False,False,False,False,0,,CONVERT_GBA,4
cpf-0110-girafarig-bluetowel-alternate-form-form-1,NONE,,False,False,False,False,0,,CONVERT_GBA,4
cpf-0111-dunsparce-bt-alt-forms-toxic-form-1,NONE,,False,False,False,False,0,,CONVERT_GBA,4
cpf-0112-dunsparce-bt-alt-forms-earth-form-2,NONE,,False,False,False,False,0,,CONVERT_GBA,4
cpf-0113-dunsparce-bt-alt-forms-sky-form-3,NONE,,False,False,False,False,0,,CONVERT_GBA,4
cpf-0114-dunsparce-bt-alt-forms-insect-form-4,NONE,,False,False,False,False,0,,CONVERT_GBA,4
cpf-0115-dunsparce-bt-alt-forms-spooky-form-5,NONE,,False,False,False,False,0,,CONVERT_GBA,4
cpf-0116-dunsparce-bt-alt-forms-draco-form-6,NONE,,False,False,False,False,0,,CONVERT_GBA,4
cpf-0117-steelix-alternate-form-2,NONE,,False,False,False,False,0,,CONVERT_GBA,4
cpf-0118-steelix-alternate-mega-form-3,NONE,,False,False,False,False,0,,CONVERT_GBA,4
cpf-0119-snubbull-alternate-form-1,NONE,,False,False,False,False,0,,CONVERT_GBA,4
cpf-0120-granbull-alternate-form-1,NONE,,False,False,False,False,0,,CONVERT_GBA,4
cpf-0121-corsola-alternate-form-1,NONE,,False,False,False,False,0,,CONVERT_GBA,4
cpf-0122-sneasel-alternate-form-1,NONE,,False,False,False,False,0,,CONVERT_GBA,4
cpf-0123-sneasel-alternate-form-2,NONE,,False,False,False,False,0,,CONVERT_GBA,4
cpf-0124-weavile-alternate-form-1,NONE,,False,False,False,False,0,,CONVERT_GBA,12
cpf-0125-remoraid-alternate-form-1,NONE,,False,False,False,False,0,,CONVERT_GBA,4
cpf-0126-octillery-alternate-form-1,NONE,,False,False,False,False,0,,CONVERT_GBA,4
cpf-0127-phanpy-alternate-form-1,NONE,,False,False,False,False,0,,CONVERT_GBA,4
cpf-0128-donphan-alternate-form-1,NONE,,False,False,False,False,0,,CONVERT_GBA,4
cpf-0129-hitmontop-alternate-form-1,NONE,,False,False,False,False,0,,CONVERT_GBA,4
cpf-0130-blissey-alternate-form-1,NONE,,False,False,False,False,0,,CONVERT_GBA,4
cpf-0131-larvitar-ice-form-2,NONE,,False,False,False,False,0,,CONVERT_GBA,4
cpf-0132-larvitar-space-form-4,NONE,,False,False,False,False,0,,CONVERT_GBA,4
cpf-0133-pupitar-ice-form-2,NONE,,False,False,False,False,0,,CONVERT_GBA,4
cpf-0134-pupitar-space-form-4,NONE,,False,False,False,False,0,,CONVERT_GBA,4
cpf-0135-tyranitar-ice-form-2,NONE,,False,False,False,False,0,,CONVERT_GBA,4
cpf-0136-tyranitar-mega-ice-form-3,NONE,,False,False,False,False,0,,CONVERT_GBA,4
cpf-0137-tyranitar-space-form-4,NONE,,False,False,False,False,0,,CONVERT_GBA,4
cpf-0139-grovyle-alternate-form-2,NONE,,False,False,False,False,0,,CONVERT_GBA,4
cpf-0140-sceptile-alternate-form-2,NONE,,False,False,False,False,0,,CONVERT_GBA,4
cpf-0141-sceptile-alternate-mega-form-3,NONE,,False,False,False,False,0,,CONVERT_GBA,4
cpf-0142-combusken-alternate-form-2,NONE,,False,False,False,False,0,,CONVERT_GBA,4
cpf-0143-blaziken-alternate-mega-form-2,NONE,,False,False,False,False,0,,CONVERT_GBA,4
cpf-0144-blaziken-alternate-mega-form-3,NONE,,False,False,False,False,0,,CONVERT_GBA,4
cpf-0145-swampert-alternate-mega-form-2,NONE,,False,False,False,False,0,,CONVERT_GBA,4
cpf-0146-swampert-alternate-mega-form-3,NONE,,False,False,False,False,0,,CONVERT_GBA,4
cpf-0147-mightyena-alternate-form-1,NONE,,False,False,False,False,0,,CONVERT_GBA,4
cpf-0148-ralts-alternate-form-3,NONE,,False,False,False,False,0,,CONVERT_GBA,4
cpf-0149-kirlia-alternate-form-3,NONE,,False,False,False,False,0,,CONVERT_GBA,4
cpf-0150-gardevoir-alternate-form-3,NONE,,False,False,False,False,0,,CONVERT_GBA,4
cpf-0151-gardevoir-mega-alternate-form-4,NONE,,False,False,False,False,0,,CONVERT_GBA,4
cpf-0152-breloom-alternate-form-2,NONE,,False,False,False,False,0,,CONVERT_GBA,4
cpf-0153-breloom-alternate-form-3,NONE,,False,False,False,False,0,,CONVERT_GBA,4
cpf-0154-skitty-alternate-form-1,NONE,,False,False,False,False,0,,CONVERT_GBA,4
cpf-0155-delcatty-alternate-form-1,NONE,,False,False,False,False,0,,CONVERT_GBA,4
cpf-0156-sableye-alternate-gemstone-form-2,NONE,,False,False,False,False,0,,CONVERT_GBA,4
cpf-0157-sableye-alternate-gemstone-mega-form-3,NONE,,False,False,False,False,0,,CONVERT_GBA,4
cpf-0158-sableye-alternate-darkness-form-4,NONE,,False,False,False,False,0,,CONVERT_GBA,4
cpf-0159-sableye-alternate-darkness-mega-form-5,NONE,,False,False,False,False,0,,CONVERT_GBA,4
cpf-0160-swalot-alternate-form-1,NONE,,False,False,False,False,0,,CONVERT_GBA,4
cpf-0161-swalot-alternate-form-2,NONE,,False,False,False,False,0,,CONVERT_GBA,4
cpf-0162-wailmer-alternate-form-1,NONE,,False,False,False,False,0,,CONVERT_GBA,4
cpf-0163-wailord-alternate-form-1,NONE,,False,False,False,False,0,,CONVERT_GBA,4
cpf-0164-numel-alternate-form-3,NONE,,False,False,False,False,0,,CONVERT_GBA,4
cpf-0165-camerupt-alternate-form-3,NONE,,False,False,False,False,0,,CONVERT_GBA,4
cpf-0166-camerupt-mega-alternate-form-4,NONE,,False,False,False,False,0,,CONVERT_GBA,4
cpf-0167-electrike-alternate-form-2,NONE,,False,False,False,False,0,,CONVERT_GBA,4
cpf-0168-manectric-alternate-form-2,NONE,,False,False,False,False,0,,CONVERT_GBA,4
cpf-0169-manectric-mega-alternate-form-3,NONE,,False,False,False,False,0,,CONVERT_GBA,4
cpf-0170-grumpig-alternate-form-1,NONE,,False,False,False,False,0,,CONVERT_GBA,4
cpf-0171-trapinch-alternate-form-1,NONE,,False,False,False,False,0,,CONVERT_GBA,4
cpf-0172-vibrava-alternate-form-1,NONE,,False,False,False,False,0,,CONVERT_GBA,4
cpf-0173-flygon-alternate-form-1,NONE,,False,False,False,False,0,,CONVERT_GBA,4
cpf-0174-altaria-alternate-form-2,NONE,,False,False,False,False,0,,CONVERT_GBA,4
cpf-0175-altaria-alternate-mega-form-3,NONE,,False,False,False,False,0,,CONVERT_GBA,4
cpf-0176-baltoy-alternate-form-1,NONE,,False,False,False,False,0,,CONVERT_GBA,4
cpf-0177-claydol-alternate-form-1,NONE,,False,False,False,False,0,,CONVERT_GBA,4
cpf-0178-lileep-alternate-form-1,NONE,,False,False,False,False,0,,CONVERT_GBA,4
cpf-0179-cradily-alternate-form-1,NONE,,False,False,False,False,0,,CONVERT_GBA,4
cpf-0180-anorith-alternate-form-1,NONE,,False,False,False,False,0,,CONVERT_GBA,4
cpf-0181-armaldo-alternate-form-1,NONE,,False,False,False,False,0,,CONVERT_GBA,4
cpf-0182-tropius-alternate-form-1,NONE,,False,False,False,False,0,,CONVERT_GBA,4
cpf-0183-chingling-alternate-form-1,NONE,,False,False,False,False,0,,CONVERT_GBA,4
cpf-0184-chimecho-alternate-form-1,NONE,,False,False,False,False,0,,CONVERT_GBA,4
cpf-0185-absol-alternate-form-2,NONE,,False,False,False,False,0,,CONVERT_GBA,4
cpf-0186-absol-alternate-mega-form-3,NONE,,False,False,False,False,0,,CONVERT_GBA,4
cpf-0187-bagon-alternate-form-2,NONE,,False,False,False,False,0,,CONVERT_GBA,4
cpf-0188-shelgon-alternate-form-2,NONE,,False,False,False,False,0,,CONVERT_GBA,4
cpf-0189-salamence-alternate-form-1,NONE,,False,False,False,False,0,,CONVERT_GBA,4
cpf-0190-salamence-alternate-form-2,NONE,,False,False,False,False,0,,CONVERT_GBA,4
cpf-0191-salamence-alternate-mega-form-3,NONE,,False,False,False,False,0,,CONVERT_GBA,4
cpf-0192-beldum-alternate-form-2,NONE,,False,False,False,False,0,,CONVERT_GBA,4
cpf-0193-metang-alternate-form-2,NONE,,False,False,False,False,0,,CONVERT_GBA,4
cpf-0194-metagross-alternate-form-1,NONE,,False,False,False,False,0,,CONVERT_GBA,4
cpf-0195-metagross-alternate-form-2,NONE,,False,False,False,False,0,,CONVERT_GBA,4
cpf-0196-metagross-alternate-mega-form-3,NONE,,False,False,False,False,0,,CONVERT_GBA,4
cpf-0197-torterra-bluetowel-alternate-form-form-1,NONE,,False,False,False,False,0,,CONVERT_GBA,4
cpf-0198-infernape-alternate-form-1,NONE,,False,False,False,False,0,,CONVERT_GBA,4
cpf-0199-empoleon-alternate-form-1,NONE,,False,False,False,False,0,,CONVERT_GBA,4
cpf-0200-luxray-alternate-form-1,NONE,,False,False,False,False,0,,CONVERT_GBA,4
cpf-0201-cranidos-alternate-form-1,NONE,,False,False,False,False,0,,CONVERT_GBA,4
cpf-0202-rampardos-alternate-form-1,NONE,,False,False,False,False,0,,CONVERT_GBA,12
cpf-0203-shieldon-alternate-form-1,NONE,,False,False,False,False,0,,CONVERT_GBA,4
cpf-0204-bastiodon-alternate-form-1,NONE,,False,False,False,False,0,,CONVERT_GBA,12
cpf-0205-combee-alternate-form-1,NONE,,False,False,False,False,0,,CONVERT_GBA,4
cpf-0206-vespiquen-alternate-form-1,NONE,,False,False,False,False,0,,CONVERT_GBA,4
cpf-0207-pachirisu-alternate-form-1,NONE,,False,False,False,False,0,,CONVERT_GBA,4
cpf-0208-buneary-alternate-form-2,NONE,,False,False,False,False,0,,CONVERT_GBA,4
cpf-0209-lopunny-bluetowel-alternate-forms-form-1,NONE,,False,False,False,False,0,,CONVERT_GBA,4
cpf-0210-lopunny-alternate-form-2,NONE,,False,False,False,False,0,,CONVERT_GBA,4
cpf-0211-lopunny-alternate-mega-form-3,NONE,,False,False,False,False,0,,CONVERT_GBA,4
cpf-0212-spiritomb-alternate-form-1,NONE,,False,False,False,False,0,,CONVERT_GBA,12
cpf-0213-gible-bluetowel-alternate-forms-form-2,NONE,,False,False,False,False,0,,CONVERT_GBA,4
cpf-0214-gabite-bluetowel-alternate-forms-form-2,NONE,,False,False,False,False,0,,CONVERT_GBA,4
cpf-0215-garchomp-bluetowel-alternate-forms-form-1,NONE,,False,False,False,False,0,,CONVERT_GBA,4
cpf-0216-garchomp-alternate-form-2,NONE,,False,False,False,False,0,,CONVERT_GBA,4
cpf-0217-garchomp-alternate-mega-form-3,NONE,,False,False,False,False,0,,CONVERT_GBA,4
cpf-0219-glameow-alternate-form-1,NONE,,False,False,False,False,0,,CONVERT_GBA,4
cpf-0220-purugly-alternate-form-1,NONE,,False,False,False,False,0,,CONVERT_GBA,4
cpf-0221-skorupi-alternate-form-1,NONE,,False,False,False,False,0,,CONVERT_GBA,4
cpf-0222-skorupi-alternate-form-2,NONE,,False,False,False,False,0,,CONVERT_GBA,4
cpf-0223-drapion-alternate-form-1,NONE,,False,False,False,False,0,,CONVERT_GBA,4
cpf-0224-carnivine-bluetowel-alternate-form-form-1,NONE,,False,False,False,False,0,,CONVERT_GBA,4
cpf-0225-carnivine-alternate-form-2,NONE,,False,False,False,False,0,,CONVERT_GBA,4
cpf-0226-rhyperior-alternate-form-1,NONE,,False,False,False,False,0,,CONVERT_GBA,12
cpf-0228-electivire-alternate-form-1,NONE,,False,False,False,False,0,,CONVERT_GBA,12
cpf-0229-magmortar-alternate-form-1,NONE,,False,False,False,False,0,,CONVERT_GBA,12
cpf-0230-gligar-alternate-form-1,NONE,,False,False,False,False,0,,CONVERT_GBA,4
cpf-0231-gliscor-alternate-form-1,NONE,,False,False,False,False,0,,CONVERT_GBA,4
cpf-0232-nosepass-alternate-form-1,NONE,,False,False,False,False,0,,CONVERT_GBA,4
cpf-0233-probopass-alternate-form-1,NONE,,False,False,False,False,0,,CONVERT_GBA,12
cpf-0234-dusclops-alternate-form-1,NONE,,False,False,False,False,0,,CONVERT_GBA,4
cpf-0235-dusknoir-alternate-form-1,NONE,,False,False,False,False,0,,CONVERT_GBA,4
cpf-0241-serperior-alternate-form-1,NONE,,False,False,False,False,0,,CONVERT_GBA,4
cpf-0242-pignite-alternate-form-1,NONE,,False,False,False,False,0,,CONVERT_GBA,4
cpf-0243-emboar-alternate-form-1,NONE,,False,False,False,False,0,,CONVERT_GBA,4
cpf-0244-samurott-bluetowel-alternate-form-form-1,NONE,,False,False,False,False,0,,CONVERT_GBA,4
cpf-0245-samurott-bluetowel-alternate-form-form-2,NONE,,False,False,False,False,0,,CONVERT_GBA,4
cpf-0246-munna-alternate-form-1,NONE,,False,False,False,False,0,,CONVERT_GBA,4
cpf-0247-musharna-alternate-form-1,NONE,,False,False,False,False,0,,CONVERT_GBA,4
cpf-0248-pidove-alternate-form-1,NONE,,False,False,False,False,0,,CONVERT_GBA,4
cpf-0249-tranquill-alternate-form-1,NONE,,False,False,False,False,0,,CONVERT_GBA,4
cpf-0250-unfezant-alternate-form-1,NONE,,False,False,False,False,0,,CONVERT_GBA,4
cpf-0251-roggenrola-alternate-form-1,NONE,,False,False,False,False,0,,CONVERT_GBA,4
cpf-0252-boldore-alternate-form-1,NONE,,False,False,False,False,0,,CONVERT_GBA,4
cpf-0253-timburr-alternate-form-1,NONE,,False,False,False,False,0,,CONVERT_GBA,4
cpf-0254-gurdurr-alternate-form-1,NONE,,False,False,False,False,0,,CONVERT_GBA,4
cpf-0255-conkeldurr-alternate-form-1,NONE,,False,False,False,False,0,,CONVERT_GBA,4
cpf-0256-purrloin-alternate-form-1,NONE,,False,False,False,False,0,,CONVERT_GBA,4
cpf-0257-liepard-alternate-form-1,NONE,,False,False,False,False,0,,CONVERT_GBA,4
cpf-0258-petilil-alternate-form-1,NONE,,False,False,False,False,0,,CONVERT_GBA,4
cpf-0259-petilil-alternate-form-2,NONE,,False,False,False,False,0,,CONVERT_GBA,4
cpf-0260-lilligant-alternate-form-1,NONE,,False,False,False,False,0,,CONVERT_GBA,4
cpf-0261-lilligant-alternate-form-2,NONE,,False,False,False,False,0,,CONVERT_GBA,4
cpf-0262-sandile-alternate-form-1,NONE,,False,False,False,False,0,,CONVERT_GBA,4
cpf-0263-krokorok-alternate-form-1,NONE,,False,False,False,False,0,,CONVERT_GBA,4
cpf-0264-krookodile-alternate-form-1,NONE,,False,False,False,False,0,,CONVERT_GBA,4
cpf-0265-dwebble-alternate-form-1,NONE,,False,False,False,False,0,,CONVERT_GBA,4
cpf-0266-crustle-alternate-form-1,NONE,,False,False,False,False,0,,CONVERT_GBA,4
cpf-0267-yamask-alternate-form-1,NONE,,False,False,False,False,0,,CONVERT_GBA,4
cpf-0268-yamask-alternate-form-2,NONE,,False,False,False,False,0,,CONVERT_GBA,4
cpf-0269-cofagrigus-alternate-form-1,NONE,,False,False,False,False,0,,CONVERT_GBA,4
cpf-0270-tirtouga-alternate-form-1,NONE,,False,False,False,False,0,,CONVERT_GBA,4
cpf-0271-carracosta-alternate-form-1,NONE,,False,False,False,False,0,,CONVERT_GBA,4
cpf-0272-archen-alternate-form-1,NONE,,False,False,False,False,0,,CONVERT_GBA,4
cpf-0273-archeops-alternate-form-1,NONE,,False,False,False,False,0,,CONVERT_GBA,4
cpf-0274-trubbish-alternate-form-1,NONE,,False,False,False,False,0,,CONVERT_GBA,4
cpf-0275-garbodor-alternate-form-1,NONE,,False,False,False,False,0,,CONVERT_GBA,4
cpf-0276-solosis-alternate-form-1,NONE,,False,False,False,False,0,,CONVERT_GBA,4
cpf-0277-duosion-alternate-form-1,NONE,,False,False,False,False,0,,CONVERT_GBA,4
cpf-0278-reuniclus-alternate-form-1,NONE,,False,False,False,False,0,,CONVERT_GBA,4
cpf-0279-vanillite-alternate-form-1,NONE,,False,False,False,False,0,,CONVERT_GBA,4
cpf-0280-vanillish-alternate-form-1,NONE,,False,False,False,False,0,,CONVERT_GBA,4
cpf-0281-vanilluxe-alternate-form-1,NONE,,False,False,False,False,0,,CONVERT_GBA,4
cpf-0282-escavalier-alternate-form-1,NONE,,False,False,False,False,0,,CONVERT_GBA,4
cpf-0283-ferroseed-alternate-form-1,NONE,,False,False,False,False,0,,CONVERT_GBA,4
cpf-0284-ferrothorn-alternate-form-1,NONE,,False,False,False,False,0,,CONVERT_GBA,4
cpf-0285-klang-alternate-form-1,NONE,,False,False,False,False,0,,CONVERT_GBA,4
cpf-0286-klinklang-alternate-form-1,NONE,,False,False,False,False,0,,CONVERT_GBA,4
cpf-0287-eelektrik-alternate-form-1,NONE,,False,False,False,False,0,,CONVERT_GBA,4
cpf-0288-eelektross-alternate-form-1,NONE,,False,False,False,False,0,,CONVERT_GBA,4
cpf-0289-litwick-alternate-form-1,NONE,,False,False,False,False,0,,CONVERT_GBA,4
cpf-0290-lampent-alternate-form-1,NONE,,False,False,False,False,0,,CONVERT_GBA,4
cpf-0291-chandelure-alternate-form-1,NONE,,False,False,False,False,0,,CONVERT_GBA,4
cpf-0292-cryogonal-alternate-form-1,NONE,,False,False,False,False,0,,CONVERT_GBA,4
cpf-0293-accelgor-alternate-form-1,NONE,,False,False,False,False,0,,CONVERT_GBA,4
cpf-0294-mienfoo-bluetowel-alternate-form-form-1,NONE,,False,False,False,False,0,,CONVERT_GBA,4
cpf-0295-mienshao-bluetowel-alternate-form-form-1,NONE,,False,False,False,False,0,,CONVERT_GBA,4
cpf-0296-druddigon-alternate-form-1,NONE,,False,False,False,False,0,,CONVERT_GBA,4
cpf-0297-golett-alternate-form-1,NONE,,False,False,False,False,0,,CONVERT_GBA,4
cpf-0298-golurk-alternate-form-1,NONE,,False,False,False,False,0,,CONVERT_GBA,4
cpf-0299-pawniard-alternate-form-1,NONE,,False,False,False,False,0,,CONVERT_GBA,4
cpf-0300-bisharp-alternate-form-1,NONE,,False,False,False,False,0,,CONVERT_GBA,4
cpf-0301-durant-bluetowel-alternate-form-form-1,NONE,,False,False,False,False,0,,CONVERT_GBA,4
cpf-0302-deino-cybertank-form-1,NONE,,False,False,False,False,0,,CONVERT_GBA,4
cpf-0303-deino-telepathic-form-2,NONE,,False,False,False,False,0,,CONVERT_GBA,4
cpf-0304-zweilous-cybertank-form-1,NONE,,False,False,False,False,0,,CONVERT_GBA,4
cpf-0305-zweilous-telepathic-form-2,NONE,,False,False,False,False,0,,CONVERT_GBA,4
cpf-0306-hydreigon-cybertank-form-1,NONE,,False,False,False,False,0,,CONVERT_GBA,4
cpf-0307-hydreigon-telepathic-form-2,NONE,,False,False,False,False,0,,CONVERT_GBA,4
cpf-0308-chesnaught-alternate-form-1,NONE,,False,False,False,False,0,,CONVERT_GBA,4
cpf-0309-delphox-alternate-form-1,NONE,,False,False,False,False,0,,CONVERT_GBA,4
cpf-0310-greninja-alternate-form-1,NONE,,False,False,False,False,0,,CONVERT_GBA,4
cpf-0311-bunnelby-alternate-form-1,NONE,,False,False,False,False,0,,CONVERT_GBA,4
cpf-0312-diggersby-alternate-form-1,NONE,,False,False,False,False,0,,CONVERT_GBA,4
cpf-0313-spritzee-alternate-form-1,NONE,,False,False,False,False,0,,CONVERT_GBA,4
cpf-0314-spritzee-alternate-form-2,NONE,,False,False,False,False,0,,CONVERT_GBA,4
cpf-0315-aromatisse-alternate-form-1,NONE,,False,False,False,False,0,,CONVERT_GBA,4
cpf-0316-aromatisse-alternate-form-2,NONE,,False,False,False,False,0,,CONVERT_GBA,4
cpf-0317-barbaracle-alternate-form-1,NONE,,False,False,False,False,0,,CONVERT_GBA,4
cpf-0318-skrelp-alternate-form-1,NONE,,False,False,False,False,0,,CONVERT_GBA,4
cpf-0319-dragalge-alternate-form-1,NONE,,False,False,False,False,0,,CONVERT_GBA,4
cpf-0320-clauncher-alternate-form-1,NONE,,False,False,False,False,0,,CONVERT_GBA,4
cpf-0321-clawitzer-alternate-form-1,NONE,,False,False,False,False,0,,CONVERT_GBA,4
cpf-0322-tyrunt-alternate-form-1,NONE,,False,False,False,False,0,,CONVERT_GBA,4
cpf-0323-tyrantrum-alternate-form-1,NONE,,False,False,False,False,0,,CONVERT_GBA,4
cpf-0324-amaura-alternate-form-1,NONE,,False,False,False,False,0,,CONVERT_GBA,4
cpf-0325-aurorus-alternate-form-1,NONE,,False,False,False,False,0,,CONVERT_GBA,4
cpf-0326-dedenne-alternate-form-1,NONE,,False,False,False,False,0,,CONVERT_GBA,4
cpf-0327-goomy-alternate-form-1,NONE,,False,False,False,False,0,,CONVERT_GBA,4
cpf-0328-sliggoo-alternate-form-1,NONE,,False,False,False,False,0,,CONVERT_GBA,4
cpf-0329-sliggoo-alternate-form-2,NONE,,False,False,False,False,0,,CONVERT_GBA,4
cpf-0330-goodra-alternate-form-1,NONE,,False,False,False,False,0,,CONVERT_GBA,4
cpf-0331-goodra-alternate-form-2,NONE,,False,False,False,False,0,,CONVERT_GBA,4
cpf-0332-noibat-alternate-form-1,NONE,,False,False,False,False,0,,CONVERT_GBA,4
cpf-0333-noivern-alternate-form-1,NONE,,False,False,False,False,0,,CONVERT_GBA,4
cpf-0334-dartrix-alternate-form-1,NONE,,False,False,False,False,0,,CONVERT_GBA,4
cpf-0335-dartrix-alternate-form-2,NONE,,False,False,False,False,0,,CONVERT_GBA,4
cpf-0336-decidueye-alternate-form-1,NONE,,False,False,False,False,0,,CONVERT_GBA,4
cpf-0337-decidueye-alternate-form-2,NONE,,False,False,False,False,0,,CONVERT_GBA,4
cpf-0338-incineroar-alternate-form-1,NONE,,False,False,False,False,0,,CONVERT_GBA,4
cpf-0339-primarina-alternate-form-1,NONE,,False,False,False,False,0,,CONVERT_GBA,4
cpf-0340-ribombee-bluetowel-alternate-form-form-1,NONE,,False,False,False,False,0,,CONVERT_GBA,4
cpf-0341-ribombee-bluetowel-alternate-form-form-2,NONE,,False,False,False,False,0,,CONVERT_GBA,4
cpf-0342-dewpider-alternate-form-1,NONE,,False,False,False,False,0,,CONVERT_GBA,4
cpf-0343-araquanid-alternate-form-1,NONE,,False,False,False,False,0,,CONVERT_GBA,4
cpf-0344-fomantis-alternate-form-1,NONE,,False,False,False,False,0,,CONVERT_GBA,4
cpf-0345-lurantis-alternate-form-1,NONE,,False,False,False,False,0,,CONVERT_GBA,4
cpf-0346-sandygast-alternate-form-1,NONE,,False,False,False,False,0,,CONVERT_GBA,4
cpf-0347-palossand-alternate-form-1,NONE,,False,False,False,False,0,,CONVERT_GBA,4
cpf-0348-hakamo-o-alternate-form-1,NONE,,False,False,False,False,0,,CONVERT_GBA,4
cpf-0349-kommo-o-alternate-form-1,NONE,,False,False,False,False,0,,CONVERT_GBA,4
cpf-0350-thwackey-alternate-form-2,NONE,,False,False,False,False,0,,CONVERT_GBA,4
cpf-0351-rillaboom-alternate-form-2,NONE,,False,False,False,False,0,,CONVERT_GBA,4
cpf-0352-scorbunny-alternate-form-2,NONE,,False,False,False,False,0,,CONVERT_GBA,4
cpf-0353-raboot-alternate-form-2,NONE,,False,False,False,False,0,,CONVERT_GBA,4
cpf-0354-cinderace-alternate-form-2,NONE,,False,False,False,False,0,,CONVERT_GBA,4
cpf-0355-sobble-alternate-form-2,NONE,,False,False,False,False,0,,CONVERT_GBA,4
cpf-0356-drizzile-alternate-form-2,NONE,,False,False,False,False,0,,CONVERT_GBA,4
cpf-0357-inteleon-alternate-form-2,NONE,,False,False,False,False,0,,CONVERT_GBA,4
cpf-0358-arrokuda-alternate-form-1,NONE,,False,False,False,False,0,,CONVERT_GBA,4
cpf-0359-barraskewda-alternate-form-1,NONE,,False,False,False,False,0,,CONVERT_GBA,4
crabominable,EXACT_NAME,crabominable,True,True,True,True,8,,USE_DS,5
crabominable-redux,NONE,,False,False,False,False,0,,CONVERT_GBA,4
crabrawler,EXACT_NAME,crabrawler,True,True,True,True,8,,USE_DS,5
crabrawler-redux,NONE,,False,False,False,False,0,,CONVERT_GBA,4
crabruiser-redux,NONE,,False,False,False,False,0,,CONVERT_GBA,4
cradily,EXACT_NAME,cradily,True,True,True,True,8,,USE_DS,5
cramorant,EXACT_NAME,cramorant,True,True,True,True,8,,USE_DS,5
cramorant-gorging,EXACT_NAME,cramorant-gorging,True,True,True,True,8,,USE_DS,5
cramorant-gulping,EXACT_NAME,cramorant-gulping,True,True,True,True,8,,USE_DS,5
cranidos,EXACT_NAME,cranidos,True,True,True,True,8,,USE_DS,5
crawdaunt,EXACT_NAME,crawdaunt,True,True,True,True,8,,USE_DS,5
crawdauntles,NONE,,False,False,False,False,0,,CONVERT_GBA,4
cresselia,EXACT_NAME,cresselia,True,True,True,True,8,,USE_DS,5
croagunk,EXACT_NAME,croagunk,True,True,True,True,10,,USE_DS,5
crobat,EXACT_NAME,crobat,True,True,True,True,8,,USE_DS,5
crobat-mega,NONE,,False,False,False,False,0,,CONVERT_GBA,4
crocalor,EXACT_NAME,crocalor,True,True,True,True,8,,USE_DS,5
croconaw,EXACT_NAME,croconaw,True,True,True,True,8,,USE_DS,5
crustle,EXACT_NAME,crustle,True,True,True,True,8,,USE_DS,5
cryogonal,EXACT_NAME,cryogonal,True,True,True,True,8,,USE_DS,5
cubchoo,EXACT_NAME,cubchoo,True,True,True,True,8,,USE_DS,5
cubone,EXACT_NAME,cubone,True,True,True,True,8,,USE_DS,5
cufant,EXACT_NAME,cufant,True,True,True,True,8,,USE_DS,5
cursola,EXACT_NAME,cursola,True,True,True,True,8,,USE_DS,5
cutiefly,EXACT_NAME,cutiefly,True,True,True,True,8,,USE_DS,5
cyclizar,EXACT_NAME,cyclizar,True,True,True,True,8,,USE_DS,5
cyndaquil,EXACT_NAME,cyndaquil,True,True,True,True,8,,USE_DS,5
dachsbun,EXACT_NAME,dachsbun,True,True,True,True,8,,USE_DS,5
darkrai,EXACT_NAME,darkrai,True,True,True,True,8,,USE_DS,5
darkrai-mega,EXACT_NAME,darkrai-mega,True,True,True,True,8,,USE_DS,9
darkrai-nightmare,NONE,,False,False,False,False,0,,CONVERT_GBA,4
darmanitan-galar-standard,EXACT_NAME,darmanitan-galar-standard,True,True,True,True,8,,USE_DS,5
darmanitan-galar-zen,EXACT_NAME,darmanitan-galar-zen,True,True,True,True,8,,USE_DS,5
darmanitan-redux,NONE,,False,False,False,False,0,,CONVERT_GBA,4
darmanitan-redux-aura,NONE,,False,False,False,False,0,,CONVERT_GBA,4
darmanitan-redux-blunder,NONE,,False,False,False,False,0,,CONVERT_GBA,4
darmanitan-redux-bond,NONE,,False,False,False,False,0,,CONVERT_GBA,4
darmanitan-standard,EXACT_NAME,darmanitan-standard,True,True,True,True,8,,USE_DS,5
darmanitan-zen,EXACT_NAME,darmanitan-zen,True,True,True,True,8,,USE_DS,5
dartrix,EXACT_NAME,dartrix,True,True,True,True,8,,USE_DS,5
darumaka,EXACT_NAME,darumaka,True,True,True,True,8,,USE_DS,5
darumaka-galar,EXACT_NAME,darumaka-galar,True,True,True,True,8,,USE_DS,5
darumaka-redux,NONE,,False,False,False,False,0,,CONVERT_GBA,4
decidueye,EXACT_NAME,decidueye,True,True,True,True,8,,USE_DS,5
decidueye-hisui,EXACT_NAME,decidueye-hisui,True,True,True,True,8,,USE_DS,5
decidueye-hisuian-mega,NONE,,False,False,False,False,0,,CONVERT_GBA,4
decidueye-mega,NONE,,False,False,False,False,0,,CONVERT_GBA,4
dedelibird,NONE,,False,False,False,False,0,,CONVERT_GBA,4
dedenne,EXACT_NAME,dedenne,True,True,True,True,8,,USE_DS,5
deerling-autumn,EXACT_NAME,deerling-autumn,True,True,True,True,8,,USE_DS,5
deerling-spring,EXACT_NAME,deerling-spring,True,True,True,True,8,,USE_DS,5
deerling-summer,EXACT_NAME,deerling-summer,True,True,True,True,8,,USE_DS,5
deerling-winter,EXACT_NAME,deerling-winter,True,True,True,True,8,,USE_DS,5
deino,EXACT_NAME,deino,True,True,True,True,8,,USE_DS,5
deino-redux,NONE,,False,False,False,False,0,,CONVERT_GBA,4
delcatty,EXACT_NAME,delcatty,True,True,True,True,8,,USE_DS,5
delibird,EXACT_NAME,delibird,True,True,True,True,8,,USE_DS,5
delphox,EXACT_NAME,delphox,True,True,True,True,8,,USE_DS,5
delphox-battle-bond,NONE,,False,False,False,False,0,,CONVERT_GBA,4
delphox-mega,EXACT_NAME,delphox-mega,True,True,True,True,8,,USE_DS,9
delphox-serena,NONE,,False,False,False,False,0,,CONVERT_GBA,4
deoxys-attack,EXACT_NAME,deoxys-attack,True,True,True,True,8,,USE_DS,5
deoxys-defense,EXACT_NAME,deoxys-defense,True,True,True,True,8,,USE_DS,5
deoxys-normal,EXACT_NAME,deoxys-normal,True,True,True,True,8,,USE_DS,5
deoxys-speed,EXACT_NAME,deoxys-speed,True,True,True,True,8,,USE_DS,5
dewgong,EXACT_NAME,dewgong,True,True,True,True,8,,USE_DS,5
dewgong-mega,NONE,,False,False,False,False,0,,CONVERT_GBA,4
dewgong-redux,NONE,,False,False,False,False,0,,CONVERT_GBA,4
dewott,EXACT_NAME,dewott,True,True,True,True,8,,USE_DS,5
dewpider,EXACT_NAME,dewpider,True,True,True,True,8,,USE_DS,5
dewpider-redux,NONE,,False,False,False,False,0,,CONVERT_GBA,4
dhelmise,EXACT_NAME,dhelmise,True,True,True,True,8,,USE_DS,5
dialga,EXACT_NAME,dialga,True,True,True,True,8,,USE_DS,5
dialga-origin,EXACT_NAME,dialga-origin,True,True,True,True,8,,USE_DS,5
diancie,EXACT_NAME,diancie,True,True,True,True,8,,USE_DS,5
diancie-mega,EXACT_NAME,diancie-mega,True,True,True,True,8,,USE_DS,5
diggersby,EXACT_NAME,diggersby,True,True,True,True,8,,USE_DS,5
diglett,EXACT_NAME,diglett,True,True,True,True,8,,USE_DS,5
diglett-alola,EXACT_NAME,diglett-alola,True,True,True,True,8,,USE_DS,5
dipplin,EXACT_NAME,dipplin,True,True,True,True,8,,USE_DS,5
ditto,EXACT_NAME,ditto,True,True,True,True,8,,USE_DS,5
dodrio,EXACT_NAME,dodrio,True,True,True,True,10,,USE_DS,5
dodrio-redux,NONE,,False,False,False,False,0,,CONVERT_GBA,4
doduo,EXACT_NAME,doduo,True,True,True,True,10,,USE_DS,5
doduo-redux,NONE,,False,False,False,False,0,,CONVERT_GBA,4
dolliv,EXACT_NAME,dolliv,True,True,True,True,8,,USE_DS,5
dondozo,EXACT_NAME,dondozo,True,True,True,True,8,,USE_DS,5
donphan,EXACT_NAME,donphan,True,True,True,True,10,,USE_DS,5
dottler,EXACT_NAME,dottler,True,True,True,True,8,,USE_DS,5
doublade,EXACT_NAME,doublade,True,True,True,True,8,,USE_DS,5
doublade-redux,NONE,,False,False,False,False,0,,CONVERT_GBA,4
dracovish,EXACT_NAME,dracovish,True,True,True,True,8,,USE_DS,5
dracovish-mega,NONE,,False,False,False,False,0,,CONVERT_GBA,4
dracozolt,EXACT_NAME,dracozolt,True,True,True,True,8,,USE_DS,5
dragalge,EXACT_NAME,dragalge,True,True,True,True,8,,USE_DS,5
dragalge-mega,EXACT_NAME,dragalge-mega,True,True,True,True,8,,USE_DS,9
dragapult,EXACT_NAME,dragapult,True,True,True,True,8,,USE_DS,5
dragapult-mega,NONE,,False,False,False,False,0,,CONVERT_GBA,4
dragonair,EXACT_NAME,dragonair,True,True,True,True,8,,USE_DS,5
dragonite,EXACT_NAME,dragonite,True,True,True,True,8,,USE_DS,5
dragonite-delivery,NONE,,False,False,False,False,0,,CONVERT_GBA,4
dragonite-mega,EXACT_NAME,dragonite-mega,True,True,True,True,8,,USE_DS,9
dragonite-mega-y,NONE,,False,False,False,False,0,,CONVERT_GBA,4
drakloak,EXACT_NAME,drakloak,True,True,True,True,8,,USE_DS,5
drampa,EXACT_NAME,drampa,True,True,True,True,8,,USE_DS,5
drampa-mega,EXACT_NAME,drampa-mega,True,True,True,True,8,,USE_DS,9
drapion,EXACT_NAME,drapion,True,True,True,True,8,,USE_DS,5
dratini,EXACT_NAME,dratini,True,True,True,True,8,,USE_DS,5
dreadnaut,NONE,,False,False,False,False,0,,CONVERT_GBA,4
drednaw,EXACT_NAME,drednaw,True,True,True,True,8,,USE_DS,5
drednaw-gmax,EXACT_NAME,drednaw-gmax,True,True,True,True,8,,USE_DS,5
drednaw-mega,NONE,,False,False,False,False,0,,CONVERT_GBA,4
dredwood,NONE,,False,False,False,False,0,,CONVERT_GBA,4
dreepy,EXACT_NAME,dreepy,True,True,True,True,8,,USE_DS,5
drifblim,EXACT_NAME,drifblim,True,True,True,True,8,,USE_DS,5
drifloon,EXACT_NAME,drifloon,True,True,True,True,8,,USE_DS,5
drilbur,EXACT_NAME,drilbur,True,True,True,True,8,,USE_DS,5
drilbur-redux,NONE,,False,False,False,False,0,,CONVERT_GBA,4
drizzile,EXACT_NAME,drizzile,True,True,True,True,8,,USE_DS,5
drowzee,EXACT_NAME,drowzee,True,True,True,True,8,,USE_DS,5
druddigon,EXACT_NAME,druddigon,True,True,True,True,8,,USE_DS,5
dubwool,EXACT_NAME,dubwool,True,True,True,True,9,,USE_DS,5
ducklett,EXACT_NAME,ducklett,True,True,True,True,8,,USE_DS,5
dududunsparce,NONE,,False,False,False,False,0,,CONVERT_GBA,4
dududunsparce-mega,NONE,,False,False,False,False,0,,CONVERT_GBA,4
dudunsparce-three-segment,EXACT_NAME,dudunsparce-three-segment,True,True,True,True,8,,USE_DS,5
dudunsparce-two-segment,EXACT_NAME,dudunsparce-two-segment,True,True,True,True,8,,USE_DS,5
duelumber,NONE,,False,False,False,False,0,,CONVERT_GBA,4
dugtrio,EXACT_NAME,dugtrio,True,True,True,True,8,,USE_DS,5
dugtrio-alola,EXACT_NAME,dugtrio-alola,True,True,True,True,8,,USE_DS,5
dunsparce,EXACT_NAME,dunsparce,True,True,True,True,8,,USE_DS,5
duosion,EXACT_NAME,duosion,True,True,True,True,8,,USE_DS,5
duosion-redux,NONE,,False,False,False,False,0,,CONVERT_GBA,4
duraludon,EXACT_NAME,duraludon,True,True,True,True,8,,USE_DS,5
duraludon-gmax,EXACT_NAME,duraludon-gmax,True,True,True,True,8,,USE_DS,5
durant,EXACT_NAME,durant,True,True,True,True,8,,USE_DS,5
dusclops,EXACT_NAME,dusclops,True,True,True,True,8,,USE_DS,5
dusknoir,EXACT_NAME,dusknoir,True,True,True,True,8,,USE_DS,5
duskull,EXACT_NAME,duskull,True,True,True,True,8,,USE_DS,5
dustox,EXACT_NAME,dustox,True,True,True,True,10,,USE_DS,5
dwebble,EXACT_NAME,dwebble,True,True,True,True,8,,USE_DS,5
earthretha-apprensith,NONE,,False,False,False,False,0,,CONVERT_GBA,4
earthretha-belstatue,NONE,,False,False,False,False,0,,CONVERT_GBA,4
earthretha-belstatue-1,NONE,,False,False,False,False,0,,CONVERT_GBA,4
earthretha-belstatue-2,NONE,,False,False,False,False,0,,CONVERT_GBA,4
earthretha-bombghost,NONE,,False,False,False,False,0,,CONVERT_GBA,4
earthretha-bunninja,NONE,,False,False,False,False,0,,CONVERT_GBA,4
earthretha-cubchestra,NONE,,False,False,False,False,0,,CONVERT_GBA,4
earthretha-eggvour,NONE,,False,False,False,False,0,,CONVERT_GBA,4
earthretha-firaptor,NONE,,False,False,False,False,0,,CONVERT_GBA,4
earthretha-gloom-1,NONE,,False,False,False,False,0,,CONVERT_GBA,4
earthretha-gorochu,NONE,,False,False,False,False,0,,CONVERT_GBA,4
earthretha-incineroar-1,NONE,,False,False,False,False,0,,CONVERT_GBA,4
earthretha-keenstar,NONE,,False,False,False,False,0,,CONVERT_GBA,4
earthretha-mimiegg,NONE,,False,False,False,False,0,,CONVERT_GBA,4
earthretha-museon,NONE,,False,False,False,False,0,,CONVERT_GBA,4
earthretha-oddish-1,NONE,,False,False,False,False,0,,CONVERT_GBA,4
earthretha-pangshi,NONE,,False,False,False,False,0,,CONVERT_GBA,4
earthretha-seegel,NONE,,False,False,False,False,0,,CONVERT_GBA,4
earthretha-sithwitch,NONE,,False,False,False,False,0,,CONVERT_GBA,4
earthretha-thiefire,NONE,,False,False,False,False,0,,CONVERT_GBA,4
earthretha-thunphony,NONE,,False,False,False,False,0,,CONVERT_GBA,4
earthretha-treesmas,NONE,,False,False,False,False,0,,CONVERT_GBA,4
earthretha-umamoth,NONE,,False,False,False,False,0,,CONVERT_GBA,4
earthretha-unnamed,NONE,,False,False,False,False,0,,CONVERT_GBA,4
earthretha-venonat-1,NONE,,False,False,False,False,0,,CONVERT_GBA,4
earthretha-vileplume-1,NONE,,False,False,False,False,0,,CONVERT_GBA,4
eelektrik,EXACT_NAME,eelektrik,True,True,True,True,8,,USE_DS,5
eelektross,EXACT_NAME,eelektross,True,True,True,True,8,,USE_DS,5
eelektross-mega,EXACT_NAME,eelektross-mega,False,False,False,False,3,,KEEP_BOTH_FOR_REVIEW,4
eevee,EXACT_NAME,eevee,True,True,True,True,8,,USE_DS,5
eevee-gmax,EXACT_NAME,eevee-gmax,True,True,True,True,8,,USE_DS,5
eevee-partner-mega,NONE,,False,False,False,False,0,,CONVERT_GBA,4
eevee-starter,EXACT_NAME,eevee-starter,True,True,True,True,10,,USE_DS,5
eiscue-ice,EXACT_NAME,eiscue-ice,True,True,True,True,8,,USE_DS,5
eiscue-noice,EXACT_NAME,eiscue-noice,True,True,True,True,8,,USE_DS,5
ekans,EXACT_NAME,ekans,True,True,True,True,8,,USE_DS,5
eldegoss,EXACT_NAME,eldegoss,True,True,True,True,8,,USE_DS,5
electabuzz,EXACT_NAME,electabuzz,True,True,True,True,10,,USE_DS,5
electivire,EXACT_NAME,electivire,True,True,True,True,8,,USE_DS,15
electrike,EXACT_NAME,electrike,True,True,True,True,8,,USE_DS,5
electrode,EXACT_NAME,electrode,True,True,True,True,8,,USE_DS,5
electrode-hisui,EXACT_NAME,electrode-hisui,True,True,True,True,8,,USE_DS,5
elekid,EXACT_NAME,elekid,True,True,True,True,8,,USE_DS,5
elgyem,EXACT_NAME,elgyem,True,True,True,True,8,,USE_DS,5
emboar,EXACT_NAME,emboar,True,True,True,True,10,,USE_DS,5
emboar-mega,EXACT_NAME,emboar-mega,False,False,False,False,3,,KEEP_BOTH_FOR_REVIEW,4
emolga,EXACT_NAME,emolga,True,True,True,True,9,,USE_DS,5
empoleon,EXACT_NAME,empoleon,True,True,True,True,8,,USE_DS,5
empoleon-mega,NONE,,False,False,False,False,0,,CONVERT_GBA,4
empoleon-redux,NONE,,False,False,False,False,0,,CONVERT_GBA,4
empoleon-redux-mega,NONE,,False,False,False,False,0,,CONVERT_GBA,4
enamorus-incarnate,EXACT_NAME,enamorus-incarnate,True,True,True,True,8,,USE_DS,5
enamorus-therian,EXACT_NAME,enamorus-therian,True,True,True,True,8,,USE_DS,5
entei,EXACT_NAME,entei,True,True,True,True,8,,USE_DS,5
eraticate,NONE,,False,False,False,False,0,,CONVERT_GBA,4
escarginite,NONE,,False,False,False,False,0,,CONVERT_GBA,4
escarginite-redux,NONE,,False,False,False,False,0,,CONVERT_GBA,4
escavalier,EXACT_NAME,escavalier,True,True,True,True,8,,USE_DS,5
espathra,EXACT_NAME,espathra,True,True,True,True,8,,USE_DS,5
espeon,EXACT_NAME,espeon,True,True,True,True,8,,USE_DS,5
espeon-galaxy,NONE,,False,False,False,False,0,,CONVERT_GBA,4
espurr,EXACT_NAME,espurr,True,True,True,True,8,,USE_DS,5
eternatus,EXACT_NAME,eternatus,True,True,True,True,8,,USE_DS,5
eternatus-eternamax,EXACT_NAME,eternatus-eternamax,True,True,True,True,8,,USE_DS,5
excadrill,EXACT_NAME,excadrill,True,True,True,True,8,,USE_DS,5
excadrill-mega,EXACT_NAME,excadrill-mega,True,True,True,True,8,,USE_DS,9
excadrill-redux,NONE,,False,False,False,False,0,,CONVERT_GBA,4
exeggcute,EXACT_NAME,exeggcute,True,True,True,True,8,,USE_DS,5
exeggcute-redux,NONE,,False,False,False,False,0,,CONVERT_GBA,4
exeggutor,EXACT_NAME,exeggutor,True,True,True,True,8,,USE_DS,5
exeggutor-alola,EXACT_NAME,exeggutor-alola,True,True,True,True,8,,USE_DS,5
exeggutor-redux,NONE,,False,False,False,False,0,,CONVERT_GBA,4
exploud,EXACT_NAME,exploud,True,True,True,True,8,,USE_DS,5
exploud-redux,NONE,,False,False,False,False,0,,CONVERT_GBA,4
falinks,EXACT_NAME,falinks,True,True,True,True,8,,USE_DS,5
falinks-mega,EXACT_NAME,falinks-mega,True,True,True,True,8,,USE_DS,9
farfetchd,EXACT_NAME,farfetchd,True,True,True,True,8,,USE_DS,5
farfetchd-galar,EXACT_NAME,farfetchd-galar,True,True,True,True,8,,USE_DS,5
farigiraf,EXACT_NAME,farigiraf,True,True,True,True,8,,USE_DS,5
fearow,EXACT_NAME,fearow,True,True,True,True,8,,USE_DS,5
fearow-redux,NONE,,False,False,False,False,0,,CONVERT_GBA,4
fearow-redux-evo,NONE,,False,False,False,False,0,,CONVERT_GBA,4
feebas,EXACT_NAME,feebas,True,True,True,True,8,,USE_DS,5
fennekin,EXACT_NAME,fennekin,True,True,True,True,8,,USE_DS,5
feraligatr,EXACT_NAME,feraligatr,True,True,True,True,8,,USE_DS,5
feraligatr-mega,EXACT_NAME,feraligatr-mega,True,True,True,True,8,,USE_DS,5
feraligatr-mega-x,NONE,,False,False,False,False,0,,CONVERT_GBA,4
feraligatr-mega-y,NONE,,False,False,False,False,0,,CONVERT_GBA,4
ferroseed,EXACT_NAME,ferroseed,True,True,True,True,8,,USE_DS,5
ferrothorn,EXACT_NAME,ferrothorn,True,True,True,True,8,,USE_DS,5
fezandipiti,EXACT_NAME,fezandipiti,True,True,True,True,8,,USE_DS,5
fidough,EXACT_NAME,fidough,True,True,True,True,8,,USE_DS,5
finizen,EXACT_NAME,finizen,True,True,True,True,8,,USE_DS,5
finneon,EXACT_NAME,finneon,True,True,True,True,13,,USE_DS,5
flaaffy,EXACT_NAME,flaaffy,True,True,True,True,8,,USE_DS,5
flabebe-blue,EXACT_NAME,flabebe-blue,True,True,True,True,8,,USE_DS,5
flabebe-orange,EXACT_NAME,flabebe-orange,True,True,True,True,8,,USE_DS,5
flabebe-red,EXACT_NAME,flabebe-red,True,True,True,True,8,,USE_DS,5
flabebe-white,EXACT_NAME,flabebe-white,True,True,True,True,8,,USE_DS,5
flabebe-yellow,EXACT_NAME,flabebe-yellow,True,True,True,True,8,,USE_DS,5
flairgrance,NONE,,False,False,False,False,0,,CONVERT_GBA,4
flamigo,EXACT_NAME,flamigo,True,True,True,True,8,,USE_DS,5
flapple,EXACT_NAME,flapple,True,True,True,True,8,,USE_DS,5
flapple-gmax,EXACT_NAME,flapple-gmax,True,True,True,True,8,,USE_DS,5
flareon,EXACT_NAME,flareon,True,True,True,True,8,,USE_DS,5
fletchinder,EXACT_NAME,fletchinder,True,True,True,True,8,,USE_DS,5
fletchling,EXACT_NAME,fletchling,True,True,True,True,10,,USE_DS,5
flittle,EXACT_NAME,flittle,True,True,True,True,8,,USE_DS,5
floatzel,EXACT_NAME,floatzel,True,True,True,True,10,,USE_DS,5
floatzel-redux,NONE,,False,False,False,False,0,,CONVERT_GBA,4
floette-blue,EXACT_NAME,floette-blue,True,True,True,True,8,,USE_DS,5
floette-eternal,EXACT_NAME,floette-eternal,True,True,True,True,8,,USE_DS,5
floette-eternal-flower-mega,NONE,,False,False,False,False,0,,CONVERT_GBA,4
floette-mega,EXACT_NAME,floette-mega,True,True,True,True,8,,USE_DS,5
floette-orange,EXACT_NAME,floette-orange,True,True,True,True,8,,USE_DS,5
floette-red,EXACT_NAME,floette-red,True,True,True,True,8,,USE_DS,5
floette-white,EXACT_NAME,floette-white,True,True,True,True,8,,USE_DS,5
floette-yellow,EXACT_NAME,floette-yellow,True,True,True,True,8,,USE_DS,5
floragato,EXACT_NAME,floragato,True,True,True,True,8,,USE_DS,5
florges-blue,EXACT_NAME,florges-blue,True,True,True,True,8,,USE_DS,5
florges-orange,EXACT_NAME,florges-orange,True,True,True,True,8,,USE_DS,5
florges-red,EXACT_NAME,florges-red,True,True,True,True,8,,USE_DS,5
florges-white,EXACT_NAME,florges-white,True,True,True,True,8,,USE_DS,5
florges-yellow,EXACT_NAME,florges-yellow,True,True,True,True,8,,USE_DS,5
fluffbee,NONE,,False,False,False,False,0,,CONVERT_GBA,4
flutter-mane,EXACT_NAME,flutter-mane,True,True,True,True,9,,USE_DS,5
flygon,EXACT_NAME,flygon,True,True,True,True,8,,USE_DS,5
flygon-mega,NONE,,False,False,False,False,0,,CONVERT_GBA,4
flygon-redux,NONE,,False,False,False,False,0,,CONVERT_GBA,4
flygon-redux-b,NONE,,False,False,False,False,0,,CONVERT_GBA,4
flygon-redux-b-mega,NONE,,False,False,False,False,0,,CONVERT_GBA,4
flygon-redux-mega,NONE,,False,False,False,False,0,,CONVERT_GBA,4
fogging,NONE,,False,False,False,False,0,,CONVERT_GBA,4
fomantis,EXACT_NAME,fomantis,True,True,True,True,8,,USE_DS,5
foongus,EXACT_NAME,foongus,True,True,True,True,8,,USE_DS,5
forretress,EXACT_NAME,forretress,True,True,True,True,8,,USE_DS,5
fraxure,EXACT_NAME,fraxure,True,True,True,True,8,,USE_DS,5
frigibax,EXACT_NAME,frigibax,True,True,True,True,8,,USE_DS,5
frillish-female,EXACT_NAME,frillish-female,True,True,True,True,12,,USE_DS,5
frillish-male,EXACT_NAME,frillish-male,True,True,True,True,8,,USE_DS,5
froakie,EXACT_NAME,froakie,True,True,True,True,8,,USE_DS,5
frogadier,EXACT_NAME,frogadier,True,True,True,True,8,,USE_DS,5
froslass,EXACT_NAME,froslass,True,True,True,True,8,,USE_DS,5
froslass-mega,EXACT_NAME,froslass-mega,True,True,True,True,8,,USE_DS,9
froslass-mega-y,NONE,,False,False,False,False,0,,CONVERT_GBA,4
froslass-redux,NONE,,False,False,False,False,0,,CONVERT_GBA,4
froslass-redux-mega,NONE,,False,False,False,False,0,,CONVERT_GBA,4
frosmoth,EXACT_NAME,frosmoth,True,True,True,True,8,,USE_DS,5
frostuccino,NONE,,False,False,False,False,0,,CONVERT_GBA,4
frostula,NONE,,False,False,False,False,0,,CONVERT_GBA,4
fuecoco,EXACT_NAME,fuecoco,True,True,True,True,8,,USE_DS,5
fujiflap,NONE,,False,False,False,False,0,,CONVERT_GBA,4
furfrou-dandy,EXACT_NAME,furfrou-dandy,True,True,True,True,8,,USE_DS,5
furfrou-debutante,EXACT_NAME,furfrou-debutante,True,True,True,True,8,,USE_DS,5
furfrou-diamond,EXACT_NAME,furfrou-diamond,True,True,True,True,8,,USE_DS,5
furfrou-heart,EXACT_NAME,furfrou-heart,True,True,True,True,8,,USE_DS,5
furfrou-kabuki,EXACT_NAME,furfrou-kabuki,True,True,True,True,8,,USE_DS,5
furfrou-la-reine,EXACT_NAME,furfrou-la-reine,True,True,True,True,8,,USE_DS,5
furfrou-matron,EXACT_NAME,furfrou-matron,True,True,True,True,8,,USE_DS,5
furfrou-natural,EXACT_NAME,furfrou-natural,True,True,True,True,8,,USE_DS,5
furfrou-pharaoh,EXACT_NAME,furfrou-pharaoh,True,True,True,True,8,,USE_DS,5
furfrou-star,EXACT_NAME,furfrou-star,True,True,True,True,8,,USE_DS,5
furret,EXACT_NAME,furret,True,True,True,True,8,,USE_DS,5
gabite,EXACT_NAME,gabite,True,True,True,True,10,,USE_DS,5
gabite-redux,NONE,,False,False,False,False,0,,CONVERT_GBA,4
gallade,EXACT_NAME,gallade,True,True,True,True,8,,USE_DS,5
gallade-mega,EXACT_NAME,gallade-mega,True,True,True,True,8,,USE_DS,5
gallade-redux,NONE,,False,False,False,False,0,,CONVERT_GBA,4
gallade-redux-mega,NONE,,False,False,False,False,0,,CONVERT_GBA,4
galvantula,EXACT_NAME,galvantula,True,True,True,True,8,,USE_DS,5
garbodor,EXACT_NAME,garbodor,True,True,True,True,8,,USE_DS,5
garbodor-gmax,EXACT_NAME,garbodor-gmax,True,True,True,True,8,,USE_DS,5
garbodor-mega,NONE,,False,False,False,False,0,,CONVERT_GBA,4
garchomp,EXACT_NAME,garchomp,True,True,True,True,10,,USE_DS,5
garchomp-mega,EXACT_NAME,garchomp-mega,True,True,True,True,8,,USE_DS,5
garchomp-mega-redux,NONE,,False,False,False,False,0,,CONVERT_GBA,4
garchomp-mega-z,EXACT_NAME,garchomp-mega-z,False,False,False,False,3,,KEEP_BOTH_FOR_REVIEW,4
garchomp-redux,NONE,,False,False,False,False,0,,CONVERT_GBA,4
gardevoir,EXACT_NAME,gardevoir,True,True,True,True,8,,USE_DS,5
gardevoir-mega,EXACT_NAME,gardevoir-mega,True,True,True,True,8,,USE_DS,5
gardevoir-redux,NONE,,False,False,False,False,0,,CONVERT_GBA,4
gardevoir-redux-mega,NONE,,False,False,False,False,0,,CONVERT_GBA,4
gargablox,NONE,,False,False,False,False,0,,CONVERT_GBA,4
garganacl,EXACT_NAME,garganacl,True,True,True,True,8,,USE_DS,5
gastly,EXACT_NAME,gastly,True,True,True,True,8,,USE_DS,5
gastrodon-east,EXACT_NAME,gastrodon-east,True,True,True,True,8,,USE_DS,5
gastrodon-west,EXACT_NAME,gastrodon-west,True,True,True,True,8,,USE_DS,5
genesect,EXACT_NAME,genesect,True,True,True,True,8,,USE_DS,5
genesect-burn,EXACT_NAME,genesect-burn,True,True,True,True,8,,USE_DS,5
genesect-chill,EXACT_NAME,genesect-chill,True,True,True,True,8,,USE_DS,5
genesect-douse,EXACT_NAME,genesect-douse,True,True,True,True,8,,USE_DS,5
genesect-shock,EXACT_NAME,genesect-shock,True,True,True,True,8,,USE_DS,5
gengar,EXACT_NAME,gengar,True,True,True,True,8,,USE_DS,5
gengar-gmax,EXACT_NAME,gengar-gmax,True,True,True,True,8,,USE_DS,5
gengar-mega,EXACT_NAME,gengar-mega,True,True,True,True,8,,USE_DS,5
gengar-mega-x,NONE,,False,False,False,False,0,,CONVERT_GBA,4
geodude,EXACT_NAME,geodude,True,True,True,True,8,,USE_DS,5
geodude-alola,EXACT_NAME,geodude-alola,True,True,True,True,8,,USE_DS,5
gholdengo,EXACT_NAME,gholdengo,True,True,True,True,8,,USE_DS,5
gible,EXACT_NAME,gible,True,True,True,True,10,,USE_DS,5
gible-redux,NONE,,False,False,False,False,0,,CONVERT_GBA,4
gigalith,EXACT_NAME,gigalith,True,True,True,True,8,,USE_DS,5
gimmighoul-chest,EXACT_NAME,gimmighoul-chest,True,True,True,True,8,,USE_DS,5
gimmighoul-roaming,EXACT_NAME,gimmighoul-roaming,True,True,True,True,8,,USE_DS,5
girafarig,EXACT_NAME,girafarig,True,True,True,True,10,,USE_DS,5
giratina-altered,EXACT_NAME,giratina-altered,True,True,True,True,8,,USE_DS,5
giratina-origin,EXACT_NAME,giratina-origin,True,True,True,True,9,,USE_DS,5
glaceon,EXACT_NAME,glaceon,True,True,True,True,8,,USE_DS,5
glalie,EXACT_NAME,glalie,True,True,True,True,8,,USE_DS,5
glalie-mega,EXACT_NAME,glalie-mega,True,True,True,True,9,,USE_DS,5
glalie-redux,NONE,,False,False,False,False,0,,CONVERT_GBA,4
glalie-redux-mega,NONE,,False,False,False,False,0,,CONVERT_GBA,4
glameow,EXACT_NAME,glameow,True,True,True,True,8,,USE_DS,5
glastrier,EXACT_NAME,glastrier,True,True,True,True,8,,USE_DS,5
gligar,EXACT_NAME,gligar,True,True,True,True,10,,USE_DS,5
gligar-redux,NONE,,False,False,False,False,0,,CONVERT_GBA,4
glimmet,EXACT_NAME,glimmet,True,True,True,True,8,,USE_DS,5
glimmora,EXACT_NAME,glimmora,True,True,True,True,8,,USE_DS,5
glimmora-mega,EXACT_NAME,glimmora-mega,True,True,True,True,8,,USE_DS,9
gliscor,EXACT_NAME,gliscor,True,True,True,True,8,,USE_DS,5
gliscor-redux,NONE,,False,False,False,False,0,,CONVERT_GBA,4
gloom,EXACT_NAME,gloom,True,True,True,True,10,,USE_DS,5
gogoat,EXACT_NAME,gogoat,True,True,True,True,8,,USE_DS,5
golbat,EXACT_NAME,golbat,True,True,True,True,10,,USE_DS,5
goldeen,EXACT_NAME,goldeen,True,True,True,True,10,,USE_DS,5
golduck,EXACT_NAME,golduck,True,True,True,True,8,,USE_DS,5
golem,EXACT_NAME,golem,True,True,True,True,8,,USE_DS,5
golem-alola,EXACT_NAME,golem-alola,True,True,True,True,8,,USE_DS,5
golett,EXACT_NAME,golett,True,True,True,True,8,,USE_DS,5
golisopod,EXACT_NAME,golisopod,True,True,True,True,8,,USE_DS,5
golisopod-mega,EXACT_NAME,golisopod-mega,True,True,True,True,8,,USE_DS,9
golisopod-mega-y,NONE,,False,False,False,False,0,,CONVERT_GBA,4
golurk,EXACT_NAME,golurk,True,True,True,True,8,,USE_DS,5
golurk-mega,EXACT_NAME,golurk-mega,False,False,False,False,3,,KEEP_BOTH_FOR_REVIEW,4
goodra,EXACT_NAME,goodra,True,True,True,True,8,,USE_DS,5
goodra-hisui,EXACT_NAME,goodra-hisui,True,True,True,True,8,,USE_DS,5
goodra-hisuian-mega,NONE,,False,False,False,False,0,,CONVERT_GBA,4
goodra-mega,NONE,,False,False,False,False,0,,CONVERT_GBA,4
goomy,EXACT_NAME,goomy,True,True,True,True,8,,USE_DS,5
gooschase,NONE,,False,False,False,False,0,,CONVERT_GBA,4
gorebyss,EXACT_NAME,gorebyss,True,True,True,True,8,,USE_DS,5
gossifleur,EXACT_NAME,gossifleur,True,True,True,True,8,,USE_DS,5
gothita,EXACT_NAME,gothita,True,True,True,True,8,,USE_DS,5
gothitelle,EXACT_NAME,gothitelle,True,True,True,True,10,,USE_DS,5
gothitelle-mega,NONE,,False,False,False,False,0,,CONVERT_GBA,4
gothorita,EXACT_NAME,gothorita,True,True,True,True,8,,USE_DS,5
gouging-fire,EXACT_NAME,gouging-fire,True,True,True,True,8,,USE_DS,5
gourgeist-average,EXACT_NAME,gourgeist-average,True,True,True,True,8,,USE_DS,5
gourgeist-large,EXACT_NAME,gourgeist-large,True,True,True,True,9,,USE_DS,5
gourgeist-small,EXACT_NAME,gourgeist-small,True,True,True,True,9,,USE_DS,5
gourgeist-super,EXACT_NAME,gourgeist-super,True,True,True,True,8,,USE_DS,5
grafaiai,EXACT_NAME,grafaiai,True,True,True,True,9,,USE_DS,5
granbull,EXACT_NAME,granbull,True,True,True,True,8,,USE_DS,5
granbull-mega,NONE,,False,False,False,False,0,,CONVERT_GBA,4
granitun,NONE,,False,False,False,False,0,,CONVERT_GBA,4
grapploct,EXACT_NAME,grapploct,True,True,True,True,8,,USE_DS,5
graveler,EXACT_NAME,graveler,True,True,True,True,8,,USE_DS,5
graveler-alola,EXACT_NAME,graveler-alola,True,True,True,True,8,,USE_DS,5
great-tusk,EXACT_NAME,great-tusk,True,True,True,True,8,,USE_DS,5
greavard,EXACT_NAME,greavard,True,True,True,True,8,,USE_DS,5
greedent,EXACT_NAME,greedent,True,True,True,True,8,,USE_DS,5
greninja,EXACT_NAME,greninja,True,True,True,True,8,,USE_DS,5
greninja-ash,EXACT_NAME,greninja-ash,True,True,True,True,8,,USE_DS,5
greninja-battle-bond,EXACT_NAME,greninja-battle-bond,True,True,True,True,8,,USE_DS,5
greninja-mega,EXACT_NAME,greninja-mega,True,True,True,True,8,,USE_DS,9
grimer,EXACT_NAME,grimer,True,True,True,True,8,,USE_DS,5
grimer-alola,EXACT_NAME,grimer-alola,True,True,True,True,8,,USE_DS,5
grimmsnarl,EXACT_NAME,grimmsnarl,True,True,True,True,8,,USE_DS,5
grimmsnarl-gmax,EXACT_NAME,grimmsnarl-gmax,True,True,True,True,8,,USE_DS,5
grimmsnarl-mega,NONE,,False,False,False,False,0,,CONVERT_GBA,4
grookey,EXACT_NAME,grookey,True,True,True,True,8,,USE_DS,5
grotle,EXACT_NAME,grotle,True,True,True,True,8,,USE_DS,5
grotle-redux,NONE,,False,False,False,False,0,,CONVERT_GBA,4
grotom,NONE,,False,False,False,False,0,,CONVERT_GBA,4
grotom-drum,NONE,,False,False,False,False,0,,CONVERT_GBA,4
grotom-fill,NONE,,False,False,False,False,0,,CONVERT_GBA,4
grotom-glass,NONE,,False,False,False,False,0,,CONVERT_GBA,4
grotom-kick,NONE,,False,False,False,False,0,,CONVERT_GBA,4
grotom-roll,NONE,,False,False,False,False,0,,CONVERT_GBA,4
groudon,EXACT_NAME,groudon,True,True,True,True,8,,USE_DS,5
groudon-primal,EXACT_NAME,groudon-primal,True,True,True,True,8,,USE_DS,5
grovyle,EXACT_NAME,grovyle,True,True,True,True,8,,USE_DS,5
growlithe,EXACT_NAME,growlithe,True,True,True,True,8,,USE_DS,5
growlithe-hisui,EXACT_NAME,growlithe-hisui,True,True,True,True,8,,USE_DS,5
growlithe-redux,NONE,,False,False,False,False,0,,CONVERT_GBA,4
grubbin,EXACT_NAME,grubbin,True,True,True,True,8,,USE_DS,5
grumpig,EXACT_NAME,grumpig,True,True,True,True,8,,USE_DS,5
guardozel,NONE,,False,False,False,False,0,,CONVERT_GBA,4
gulpin,EXACT_NAME,gulpin,True,True,True,True,10,,USE_DS,5
gumshoos,EXACT_NAME,gumshoos,True,True,True,True,8,,USE_DS,5
gurdurr,EXACT_NAME,gurdurr,True,True,True,True,8,,USE_DS,5
guzzlord,EXACT_NAME,guzzlord,True,True,True,True,8,,USE_DS,5
gyaradeath,NONE,,False,False,False,False,0,,CONVERT_GBA,4
gyaradeath-mega-x,NONE,,False,False,False,False,0,,CONVERT_GBA,4
gyaradeath-mega-y,NONE,,False,False,False,False,0,,CONVERT_GBA,4
gyarados,EXACT_NAME,gyarados,True,True,True,True,10,,USE_DS,5
gyarados-mega,EXACT_NAME,gyarados-mega,True,True,True,True,8,,USE_DS,5
gyarados-mega-y,NONE,,False,False,False,False,0,,CONVERT_GBA,4
gyarevalry,NONE,,False,False,False,False,0,,CONVERT_GBA,4
hakamo-o,EXACT_NAME,hakamo-o,True,True,True,True,8,,USE_DS,5
happiny,EXACT_NAME,happiny,True,True,True,True,8,,USE_DS,5
happiny-redux,NONE,,False,False,False,False,0,,CONVERT_GBA,4
hariyama,EXACT_NAME,hariyama,True,True,True,True,8,,USE_DS,5
hariyama-mega,NONE,,False,False,False,False,0,,CONVERT_GBA,4
hariyama-redux,NONE,,False,False,False,False,0,,CONVERT_GBA,4
harvesting-tyrant,NONE,,False,False,False,False,0,,CONVERT_GBA,4
hatenna,EXACT_NAME,hatenna,True,True,True,True,8,,USE_DS,5
hatterene,EXACT_NAME,hatterene,True,True,True,True,8,,USE_DS,5
hatterene-gmax,EXACT_NAME,hatterene-gmax,True,True,True,True,8,,USE_DS,5
hatterene-mega,NONE,,False,False,False,False,0,,CONVERT_GBA,4
hattrem,EXACT_NAME,hattrem,True,True,True,True,8,,USE_DS,5
haunter,EXACT_NAME,haunter,True,True,True,True,8,,USE_DS,5
hawlucha,EXACT_NAME,hawlucha,True,True,True,True,8,,USE_DS,5
hawlucha-mega,EXACT_NAME,hawlucha-mega,True,True,True,True,8,,USE_DS,9
haxorus,EXACT_NAME,haxorus,True,True,True,True,8,,USE_DS,5
haxorus-mega,NONE,,False,False,False,False,0,,CONVERT_GBA,4
heatmor,EXACT_NAME,heatmor,True,True,True,True,8,,USE_DS,5
heatran,EXACT_NAME,heatran,True,True,True,True,8,,USE_DS,5
heatran-mega,EXACT_NAME,heatran-mega,True,True,True,True,8,,USE_DS,9
heliolisk,EXACT_NAME,heliolisk,True,True,True,True,8,,USE_DS,5
heliomodo,NONE,,False,False,False,False,0,CONVERT_FROM_CLEAN_SOURCE,CONVERT_GBA,2
heliomodo-elite-redux,NONE,,False,False,False,False,0,,CONVERT_GBA,1
helioptile,EXACT_NAME,helioptile,True,True,True,True,8,,USE_DS,5
heliosunny,NONE,,False,False,False,False,0,,CONVERT_GBA,4
heracreus,NONE,,False,False,False,False,0,,CONVERT_GBA,4
heracreus-mega,NONE,,False,False,False,False,0,,CONVERT_GBA,4
heracross,EXACT_NAME,heracross,True,True,True,True,10,,USE_DS,5
heracross-mega,EXACT_NAME,heracross-mega,True,True,True,True,8,,USE_DS,5
herdier,EXACT_NAME,herdier,True,True,True,True,9,,USE_DS,5
hippopotas,EXACT_NAME,hippopotas,True,True,True,True,10,,USE_DS,5
hippopotato,NONE,,False,False,False,False,0,,CONVERT_GBA,4
hippotaton,NONE,,False,False,False,False,0,,CONVERT_GBA,4
hippowdon,EXACT_NAME,hippowdon,True,True,True,True,10,,USE_DS,5
hitmonchan,EXACT_NAME,hitmonchan,True,True,True,True,8,,USE_DS,5
hitmonchan-mega,NONE,,False,False,False,False,0,,CONVERT_GBA,4
hitmonlee,EXACT_NAME,hitmonlee,True,True,True,True,8,,USE_DS,5
hitmonlee-mega,NONE,,False,False,False,False,0,,CONVERT_GBA,4
hitmontop,EXACT_NAME,hitmontop,True,True,True,True,8,,USE_DS,5
hitmontop-mega,NONE,,False,False,False,False,0,,CONVERT_GBA,4
ho-oh,EXACT_NAME,ho-oh,True,True,True,True,8,,USE_DS,5
honchkrow,EXACT_NAME,honchkrow,True,True,True,True,8,,USE_DS,15
honedge,EXACT_NAME,honedge,True,True,True,True,8,,USE_DS,5
honedge-redux,NONE,,False,False,False,False,0,,CONVERT_GBA,4
hoopa,EXACT_NAME,hoopa,True,True,True,True,8,,USE_DS,5
hoopa-unbound,EXACT_NAME,hoopa-unbound,True,True,True,True,8,,USE_DS,5
hoothoot,EXACT_NAME,hoothoot,True,True,True,True,8,,USE_DS,5
hoppip,EXACT_NAME,hoppip,True,True,True,True,8,,USE_DS,5
horsea,EXACT_NAME,horsea,True,True,True,True,8,,USE_DS,5
houndoom,EXACT_NAME,houndoom,True,True,True,True,10,,USE_DS,5
houndoom-mega,EXACT_NAME,houndoom-mega,True,True,True,True,8,,USE_DS,5
houndoom-mega-redux,NONE,,False,False,False,False,0,,CONVERT_GBA,4
houndoom-redux,NONE,,False,False,False,False,0,,CONVERT_GBA,4
houndour,EXACT_NAME,houndour,True,True,True,True,8,,USE_DS,5
houndour-redux,NONE,,False,False,False,False,0,,CONVERT_GBA,4
houndstone,EXACT_NAME,houndstone,True,True,True,True,8,,USE_DS,5
huntail,EXACT_NAME,huntail,True,True,True,True,8,,USE_DS,5
hydrapple,EXACT_NAME,hydrapple,True,True,True,True,8,,USE_DS,5
hydreigon,EXACT_NAME,hydreigon,True,True,True,True,8,,USE_DS,5
hydreigon-mega,NONE,,False,False,False,False,0,,CONVERT_GBA,4
hydreigon-redux,NONE,,False,False,False,False,0,,CONVERT_GBA,4
hydreigon-redux-mega,NONE,,False,False,False,False,0,,CONVERT_GBA,4
hydroar,NONE,,False,False,False,False,0,,CONVERT_GBA,4
hydroar-f,NONE,,False,False,False,False,0,,CONVERT_GBA,4
hypno,EXACT_NAME,hypno,True,True,True,True,10,,USE_DS,5
hypnocroak,NONE,,False,False,False,False,0,,CONVERT_GBA,4
igglybuff,EXACT_NAME,igglybuff,True,True,True,True,8,,USE_DS,5
illumise,EXACT_NAME,illumise,True,True,True,True,8,,USE_DS,5
impidimp,EXACT_NAME,impidimp,True,True,True,True,8,,USE_DS,5
incineroar,EXACT_NAME,incineroar,True,True,True,True,9,,USE_DS,5
incineroar-mega,NONE,,False,False,False,False,0,,CONVERT_GBA,4
indeedee-female,EXACT_NAME,indeedee-female,True,True,True,True,12,,USE_DS,5
indeedee-male,EXACT_NAME,indeedee-male,True,True,True,True,8,,USE_DS,5
infernape,EXACT_NAME,infernape,True,True,True,True,8,,USE_DS,5
infernape-mega,NONE,,False,False,False,False,0,,CONVERT_GBA,4
infernape-redux,NONE,,False,False,False,False,0,,CONVERT_GBA,4
infernape-redux-mega,NONE,,False,False,False,False,0,,CONVERT_GBA,4
inkay,EXACT_NAME,inkay,True,True,True,True,8,,USE_DS,5
inteleon,EXACT_NAME,inteleon,True,True,True,True,8,,USE_DS,5
inteleon-gmax,EXACT_NAME,inteleon-gmax,True,True,True,True,8,,USE_DS,5
inteleon-mega,NONE,,False,False,False,False,0,,CONVERT_GBA,4
iron-boulder,EXACT_NAME,iron-boulder,True,True,True,True,8,,USE_DS,5
iron-bundle,EXACT_NAME,iron-bundle,True,True,True,True,8,,USE_DS,5
iron-crown,EXACT_NAME,iron-crown,True,True,True,True,8,,USE_DS,5
iron-hands,EXACT_NAME,iron-hands,True,True,True,True,8,,USE_DS,5
iron-jugulis,EXACT_NAME,iron-jugulis,True,True,True,True,8,,USE_DS,5
iron-leaves,EXACT_NAME,iron-leaves,True,True,True,True,8,,USE_DS,5
iron-moth,EXACT_NAME,iron-moth,True,True,True,True,8,,USE_DS,5
iron-thorns,EXACT_NAME,iron-thorns,True,True,True,True,8,,USE_DS,5
iron-treads,EXACT_NAME,iron-treads,True,True,True,True,8,,USE_DS,5
iron-valiant,EXACT_NAME,iron-valiant,True,True,True,True,8,,USE_DS,5
ivysaur,EXACT_NAME,ivysaur,True,True,True,True,8,,USE_DS,5
jagged-chungulis,NONE,,False,False,False,False,0,,CONVERT_GBA,4
jangmo-o,EXACT_NAME,jangmo-o,True,True,True,True,8,,USE_DS,5
jellicent-female,EXACT_NAME,jellicent-female,True,True,True,True,16,,USE_DS,5
jellicent-male,EXACT_NAME,jellicent-male,True,True,True,True,8,,USE_DS,5
jigglypuff,EXACT_NAME,jigglypuff,True,True,True,True,8,,USE_DS,5
jirachi,EXACT_NAME,jirachi,True,True,True,True,10,,USE_DS,5
jolteon,EXACT_NAME,jolteon,True,True,True,True,8,,USE_DS,5
joltik,EXACT_NAME,joltik,True,True,True,True,8,,USE_DS,5
jumpluff,EXACT_NAME,jumpluff,True,True,True,True,8,,USE_DS,5
jynx,EXACT_NAME,jynx,True,True,True,True,8,,USE_DS,5
kabuto,EXACT_NAME,kabuto,True,True,True,True,8,,USE_DS,5
kabutops,EXACT_NAME,kabutops,True,True,True,True,8,,USE_DS,5
kadabra,EXACT_NAME,kadabra,True,True,True,True,10,,USE_DS,5
kadabra-redux,NONE,,False,False,False,False,0,,CONVERT_GBA,4
kaiosea,NONE,,False,False,False,False,0,,CONVERT_GBA,4
kakuna,EXACT_NAME,kakuna,True,True,True,True,8,,USE_DS,5
kakuna-redux,NONE,,False,False,False,False,0,,CONVERT_GBA,4
kangaskhan,EXACT_NAME,kangaskhan,True,True,True,True,8,,USE_DS,5
kangaskhan-mega,EXACT_NAME,kangaskhan-mega,True,True,True,True,8,,USE_DS,5
karrablast,EXACT_NAME,karrablast,True,True,True,True,8,,USE_DS,5
kartana,EXACT_NAME,kartana,True,True,True,True,8,,USE_DS,5
kartana-fallen,NONE,,False,False,False,False,0,,CONVERT_GBA,4
kecleon,EXACT_NAME,kecleon,True,True,True,True,8,,USE_DS,5
kecleong,NONE,,False,False,False,False,0,,CONVERT_GBA,4
keldeo-ordinary,EXACT_NAME,keldeo-ordinary,True,True,True,True,8,,USE_DS,5
keldeo-resolute,EXACT_NAME,keldeo-resolute,True,True,True,True,8,,USE_DS,5
kilowattrel,EXACT_NAME,kilowattrel,True,True,True,True,8,,USE_DS,5
kilozuna,NONE,,False,False,False,False,0,,CONVERT_GBA,4
kilozuna-mega,NONE,,False,False,False,False,0,,CONVERT_GBA,4
kingambit,EXACT_NAME,kingambit,True,True,True,True,8,,USE_DS,5
kingambit-redux,NONE,,False,False,False,False,0,,CONVERT_GBA,4
kingambit-redux-mega,NONE,,False,False,False,False,0,,CONVERT_GBA,4
kingdra,EXACT_NAME,kingdra,True,True,True,True,8,,USE_DS,5
kingdra-mega,NONE,,False,False,False,False,0,,CONVERT_GBA,4
kingler,EXACT_NAME,kingler,True,True,True,True,8,,USE_DS,5
kingler-gmax,EXACT_NAME,kingler-gmax,True,True,True,True,8,,USE_DS,5
kingler-mega,NONE,,False,False,False,False,0,,CONVERT_GBA,4
kingler-redux,NONE,,False,False,False,False,0,,CONVERT_GBA,4
kingler-redux-mega,NONE,,False,False,False,False,0,,CONVERT_GBA,4
kipmodo,NONE,,False,False,False,False,0,,CONVERT_GBA,4
kirlia,EXACT_NAME,kirlia,True,True,True,True,8,,USE_DS,5
kirlia-redux,NONE,,False,False,False,False,0,,CONVERT_GBA,4
klang,EXACT_NAME,klang,True,True,True,True,8,,USE_DS,5
klawf,EXACT_NAME,klawf,True,True,True,True,8,,USE_DS,5
kleavor,EXACT_NAME,kleavor,True,True,True,True,9,,USE_DS,5
kleavor-mega,NONE,,False,False,False,False,0,,CONVERT_GBA,4
kleavor-redux,NONE,,False,False,False,False,0,,CONVERT_GBA,4
kleavor-redux-mega,NONE,,False,False,False,False,0,,CONVERT_GBA,4
klefki,EXACT_NAME,klefki,True,True,True,True,8,,USE_DS,5
klefki-redux,NONE,,False,False,False,False,0,,CONVERT_GBA,4
klink,EXACT_NAME,klink,True,True,True,True,9,,USE_DS,5
klinklang,EXACT_NAME,klinklang,True,True,True,True,8,,USE_DS,5
koffing,EXACT_NAME,koffing,True,True,True,True,8,,USE_DS,5
komala,EXACT_NAME,komala,True,True,True,True,8,,USE_DS,5
kommo-o,EXACT_NAME,kommo-o,True,True,True,True,8,,USE_DS,5
koraidon-apex-build,EXACT_NAME,koraidon-apex-build,True,True,True,True,8,,USE_DS,5
krabby,EXACT_NAME,krabby,True,True,True,True,8,,USE_DS,5
krabby-redux,NONE,,False,False,False,False,0,,CONVERT_GBA,4
krampird,NONE,,False,False,False,False,0,,CONVERT_GBA,4
kricketot,EXACT_NAME,kricketot,True,True,True,True,10,,USE_DS,5
kricketune,EXACT_NAME,kricketune,True,True,True,True,10,,USE_DS,5
krokorok,EXACT_NAME,krokorok,True,True,True,True,8,,USE_DS,5
krookodile,EXACT_NAME,krookodile,True,True,True,True,9,,USE_DS,5
krookodile-mega,NONE,,False,False,False,False,0,,CONVERT_GBA,4
kubfu,EXACT_NAME,kubfu,True,True,True,True,8,,USE_DS,5
kyogre,EXACT_NAME,kyogre,True,True,True,True,8,,USE_DS,5
kyogre-primal,EXACT_NAME,kyogre-primal,True,True,True,True,8,,USE_DS,5
kyurem,EXACT_NAME,kyurem,True,True,True,True,8,,USE_DS,5
kyurem-black,EXACT_NAME,kyurem-black,True,True,True,True,8,,USE_DS,5
kyurem-white,EXACT_NAME,kyurem-white,True,True,True,True,8,,USE_DS,5
lairon,EXACT_NAME,lairon,True,True,True,True,8,,USE_DS,5
lairon-redux,NONE,,False,False,False,False,0,,CONVERT_GBA,4
lampent,EXACT_NAME,lampent,True,True,True,True,8,,USE_DS,5
lampent-redux,NONE,,False,False,False,False,0,,CONVERT_GBA,4
landorus-incarnate,EXACT_NAME,landorus-incarnate,True,True,True,True,8,,USE_DS,5
landorus-therian,EXACT_NAME,landorus-therian,True,True,True,True,8,,USE_DS,5
lanturn,EXACT_NAME,lanturn,True,True,True,True,8,,USE_DS,5
lanturn-mega,NONE,,False,False,False,False,0,,CONVERT_GBA,4
lapras,EXACT_NAME,lapras,True,True,True,True,8,,USE_DS,5
lapras-gmax,EXACT_NAME,lapras-gmax,True,True,True,True,8,,USE_DS,5
lapras-mega,NONE,,False,False,False,False,0,,CONVERT_GBA,4
lapras-mega-x,NONE,,False,False,False,False,0,,CONVERT_GBA,4
larvesta,EXACT_NAME,larvesta,True,True,True,True,8,,USE_DS,5
larvesta-redux,NONE,,False,False,False,False,0,,CONVERT_GBA,4
larvitar,EXACT_NAME,larvitar,True,True,True,True,8,,USE_DS,5
larvitar-redux,NONE,,False,False,False,False,0,,CONVERT_GBA,4
latias,EXACT_NAME,latias,True,True,True,True,8,,USE_DS,5
latias-mega,EXACT_NAME,latias-mega,True,True,True,True,8,,USE_DS,5
latios,EXACT_NAME,latios,True,True,True,True,8,,USE_DS,5
latios-mega,EXACT_NAME,latios-mega,True,True,True,True,8,,USE_DS,5
leafeon,EXACT_NAME,leafeon,True,True,True,True,8,,USE_DS,5
leavanny,EXACT_NAME,leavanny,True,True,True,True,8,,USE_DS,5
lechonk,EXACT_NAME,lechonk,True,True,True,True,8,,USE_DS,5
ledian,EXACT_NAME,ledian,True,True,True,True,10,,USE_DS,5
ledyba,EXACT_NAME,ledyba,True,True,True,True,10,,USE_DS,5
lepastry,NONE,,False,False,False,False,0,,CONVERT_GBA,4
lickilicky,EXACT_NAME,lickilicky,True,True,True,True,8,,USE_DS,5
lickitung,EXACT_NAME,lickitung,True,True,True,True,8,,USE_DS,5
liepard,EXACT_NAME,liepard,True,True,True,True,8,,USE_DS,5
lileep,EXACT_NAME,lileep,True,True,True,True,8,,USE_DS,5
lilligant,EXACT_NAME,lilligant,True,True,True,True,8,,USE_DS,5
lilligant-hisui,EXACT_NAME,lilligant-hisui,True,True,True,True,8,,USE_DS,5
lillipup,EXACT_NAME,lillipup,True,True,True,True,8,,USE_DS,5
linoone,EXACT_NAME,linoone,True,True,True,True,8,,USE_DS,5
linoone-galar,EXACT_NAME,linoone-galar,True,True,True,True,8,,USE_DS,5
litleo,EXACT_NAME,litleo,True,True,True,True,8,,USE_DS,5
litten,EXACT_NAME,litten,True,True,True,True,8,,USE_DS,5
litwick,EXACT_NAME,litwick,True,True,True,True,8,,USE_DS,5
litwick-redux,NONE,,False,False,False,False,0,,CONVERT_GBA,4
lokix,EXACT_NAME,lokix,True,True,True,True,8,,USE_DS,5
lombre,EXACT_NAME,lombre,True,True,True,True,8,,USE_DS,5
lopunny,EXACT_NAME,lopunny,True,True,True,True,8,,USE_DS,5
lopunny-mega,EXACT_NAME,lopunny-mega,True,True,True,True,8,,USE_DS,5
lotad,EXACT_NAME,lotad,True,True,True,True,8,,USE_DS,5
loudred,EXACT_NAME,loudred,True,True,True,True,8,,USE_DS,5
loudred-redux,NONE,,False,False,False,False,0,,CONVERT_GBA,4
lucario,EXACT_NAME,lucario,True,True,True,True,8,,USE_DS,5
lucario-mega,EXACT_NAME,lucario-mega,True,True,True,True,8,,USE_DS,5
lucario-mega-z,EXACT_NAME,lucario-mega-z,True,True,True,True,8,,USE_DS,9
ludicolo,EXACT_NAME,ludicolo,True,True,True,True,10,,USE_DS,5
lugia,EXACT_NAME,lugia,True,True,True,True,8,,USE_DS,5
lumbering-sloth,NONE,,False,False,False,False,0,,CONVERT_GBA,4
lumbering-sloth-engulfed,NONE,,False,False,False,False,0,,CONVERT_GBA,4
lumineon,EXACT_NAME,lumineon,True,True,True,True,10,,USE_DS,5
luminositeon,NONE,,False,False,False,False,0,,CONVERT_GBA,4
lunala,EXACT_NAME,lunala,True,True,True,True,8,,USE_DS,5
lunatone,EXACT_NAME,lunatone,True,True,True,True,8,,USE_DS,5
lurantis,EXACT_NAME,lurantis,True,True,True,True,8,,USE_DS,5
luvdisc,EXACT_NAME,luvdisc,True,True,True,True,8,,USE_DS,5
luxio,EXACT_NAME,luxio,True,True,True,True,10,,USE_DS,5
luxio-redux,NONE,,False,False,False,False,0,,CONVERT_GBA,4
luxray,EXACT_NAME,luxray,True,True,True,True,10,,USE_DS,5
luxray-mega,NONE,,False,False,False,False,0,,CONVERT_GBA,4
luxray-redux,NONE,,False,False,False,False,0,,CONVERT_GBA,4
luxray-redux-mega,NONE,,False,False,False,False,0,,CONVERT_GBA,4
luxzero,NONE,,False,False,False,False,0,,CONVERT_GBA,4
luxzero-mega,NONE,,False,False,False,False,0,,CONVERT_GBA,4
lycanroc-dusk,EXACT_NAME,lycanroc-dusk,True,True,True,True,8,,USE_DS,5
lycanroc-eclipse,NONE,,False,False,False,False,0,,CONVERT_GBA,4
lycanroc-midday,EXACT_NAME,lycanroc-midday,True,True,True,True,8,,USE_DS,5
lycanroc-midnight,EXACT_NAME,lycanroc-midnight,True,True,True,True,8,,USE_DS,5
lycanroc-twilight,NONE,,False,False,False,False,0,,CONVERT_GBA,4
mabosstiff,EXACT_NAME,mabosstiff,True,True,True,True,8,,USE_DS,5
machamp,EXACT_NAME,machamp,True,True,True,True,8,,USE_DS,5
machamp-gmax,EXACT_NAME,machamp-gmax,True,True,True,True,8,,USE_DS,5
machamp-mega,NONE,,False,False,False,False,0,,CONVERT_GBA,4
machamp-mega-redux,NONE,,False,False,False,False,0,,CONVERT_GBA,4
machamp-redux,NONE,,False,False,False,False,0,,CONVERT_GBA,4
machoke,EXACT_NAME,machoke,True,True,True,True,8,,USE_DS,5
machoke-redux,NONE,,False,False,False,False,0,,CONVERT_GBA,4
machop,EXACT_NAME,machop,True,True,True,True,8,,USE_DS,5
machop-redux,NONE,,False,False,False,False,0,,CONVERT_GBA,4
magby,EXACT_NAME,magby,True,True,True,True,8,,USE_DS,5
magcargo,EXACT_NAME,magcargo,True,True,True,True,8,,USE_DS,5
magcargo-redux,NONE,,False,False,False,False,0,,CONVERT_GBA,4
magearna,EXACT_NAME,magearna,True,True,True,True,8,,USE_DS,5
magearna-mega,NONE,,False,False,False,False,0,,CONVERT_GBA,4
magearna-original,EXACT_NAME,magearna-original,True,True,True,True,8,,USE_DS,5
magikarp,EXACT_NAME,magikarp,True,True,True,True,12,,USE_DS,5
magmar,EXACT_NAME,magmar,True,True,True,True,8,,USE_DS,5
magmenous,NONE,,False,False,False,False,0,,CONVERT_GBA,4
magmortar,EXACT_NAME,magmortar,True,True,True,True,8,,USE_DS,15
magnemite,EXACT_NAME,magnemite,True,True,True,True,8,,USE_DS,5
magneton,EXACT_NAME,magneton,True,True,True,True,8,,USE_DS,5
magnezone,EXACT_NAME,magnezone,True,True,True,True,8,,USE_DS,5
magnezone-mega,NONE,,False,False,False,False,0,,CONVERT_GBA,4
makuhita,EXACT_NAME,makuhita,True,True,True,True,8,,USE_DS,5
makuhita-redux,NONE,,False,False,False,False,0,,CONVERT_GBA,4
malamar,EXACT_NAME,malamar,True,True,True,True,8,,USE_DS,5
malamar-mega,EXACT_NAME,malamar-mega,True,True,True,True,8,,USE_DS,9
mamoswine,EXACT_NAME,mamoswine,True,True,True,True,10,,USE_DS,15
mamoswine-redux,NONE,,False,False,False,False,0,,CONVERT_GBA,12
mamoswine-redux-mega,NONE,,False,False,False,False,0,,CONVERT_GBA,12
manaphy,EXACT_NAME,manaphy,True,True,True,True,8,,USE_DS,5
mandibuzz,EXACT_NAME,mandibuzz,True,True,True,True,8,,USE_DS,5
manectric,EXACT_NAME,manectric,True,True,True,True,8,,USE_DS,5
manectric-mega,EXACT_NAME,manectric-mega,True,True,True,True,8,,USE_DS,5
mankey,EXACT_NAME,mankey,True,True,True,True,8,,USE_DS,5
mantine,EXACT_NAME,mantine,True,True,True,True,8,,USE_DS,5
mantyke,EXACT_NAME,mantyke,True,True,True,True,8,,USE_DS,5
maractus,EXACT_NAME,maractus,True,True,True,True,8,,USE_DS,5
marbeep,NONE,,False,False,False,False,0,,CONVERT_GBA,4
mareanie,EXACT_NAME,mareanie,True,True,True,True,8,,USE_DS,5
mareep,EXACT_NAME,mareep,True,True,True,True,8,,USE_DS,5
marill,EXACT_NAME,marill,True,True,True,True,8,,USE_DS,5
marowak,EXACT_NAME,marowak,True,True,True,True,8,,USE_DS,5
marowak-alola,EXACT_NAME,marowak-alola,True,True,True,True,8,,USE_DS,5
marshadow,EXACT_NAME,marshadow,True,True,True,True,8,,USE_DS,5
marshmodo,NONE,,False,False,False,False,0,,CONVERT_GBA,4
marshtomp,EXACT_NAME,marshtomp,True,True,True,True,8,,USE_DS,5
maschiff,EXACT_NAME,maschiff,True,True,True,True,8,,USE_DS,5
masquerain,EXACT_NAME,masquerain,True,True,True,True,8,,USE_DS,5
maushold-family-of-four,EXACT_NAME,maushold-family-of-four,True,True,True,True,8,,USE_DS,5
maushold-family-of-three,EXACT_NAME,maushold-family-of-three,True,True,True,True,8,,USE_DS,5
mawile,EXACT_NAME,mawile,True,True,True,True,8,,USE_DS,5
mawile-mega,EXACT_NAME,mawile-mega,True,True,True,True,8,,USE_DS,5
mawile-mega-redux,NONE,,False,False,False,False,0,,CONVERT_GBA,4
mawile-redux,NONE,,False,False,False,False,0,,CONVERT_GBA,4
mawile-redux-b,NONE,,False,False,False,False,0,,CONVERT_GBA,4
mawile-redux-b-mega,NONE,,False,False,False,False,0,,CONVERT_GBA,4
medicham,EXACT_NAME,medicham,True,True,True,True,10,,USE_DS,5
medicham-mega,EXACT_NAME,medicham-mega,True,True,True,True,8,,USE_DS,5
meditite,EXACT_NAME,meditite,True,True,True,True,10,,USE_DS,5
mega-bastiodon,NONE,,False,False,False,False,0,,CONVERT_GBA,12
mega-dusknoir,NONE,,False,False,False,False,0,,CONVERT_GBA,4
mega-electivire,NONE,,False,False,False,False,0,,CONVERT_GBA,12
mega-empoleon,NONE,,False,False,False,False,0,,CONVERT_GBA,4
mega-froslass,MEGA_ORDER_ALIAS,froslass-mega,True,True,True,True,8,,USE_DS,4
mega-honchkrow,NONE,,False,False,False,False,0,,CONVERT_GBA,12
mega-infernape,NONE,,False,False,False,False,0,,CONVERT_GBA,4
mega-magmortar,NONE,,False,False,False,False,0,RECOVER_SOURCE_THEN_CONVERT,CONVERT_GBA,5
mega-magnezone,NONE,,False,False,False,False,0,,CONVERT_GBA,4
mega-mamoswine,NONE,,False,False,False,False,0,,CONVERT_GBA,12
mega-milotic,NONE,,False,False,False,False,0,,CONVERT_GBA,12
mega-porygon,NONE,,False,False,False,False,0,,CONVERT_GBA,12
mega-probopass,NONE,,False,False,False,False,0,,CONVERT_GBA,12
mega-rampardos,NONE,,False,False,False,False,0,,CONVERT_GBA,12
mega-rhyperior,NONE,,False,False,False,False,0,REBUILD_NATIVE_NDS,NATIVE_NDS_REMAKE,13
mega-rhyperior-stage22,NONE,,False,False,False,False,0,,CONVERT_GBA,1
mega-roserade,NONE,,False,False,False,False,0,,CONVERT_GBA,12
mega-spiritomb,NONE,,False,False,False,False,0,RECOVER_SOURCE_THEN_CONVERT,CONVERT_GBA,5
mega-staraptor,MEGA_ORDER_ALIAS,staraptor-mega,True,True,True,True,8,,USE_DS,4
mega-tangrowth,NONE,,False,False,False,False,0,,CONVERT_GBA,12
mega-torterra,NONE,,False,False,False,False,0,,CONVERT_GBA,4
mega-weavile,NONE,,False,False,False,False,0,,CONVERT_GBA,12
mega-yanmega,NONE,,False,False,False,False,0,,CONVERT_GBA,12
meganium,EXACT_NAME,meganium,True,True,True,True,10,,USE_DS,5
meganium-mega,EXACT_NAME,meganium-mega,True,True,True,True,8,,USE_DS,9
melmetal,EXACT_NAME,melmetal,True,True,True,True,8,,USE_DS,5
melmetal-gmax,EXACT_NAME,melmetal-gmax,True,True,True,True,8,,USE_DS,5
melmetal-mega,NONE,,False,False,False,False,0,,CONVERT_GBA,4
meloetta-aria,EXACT_NAME,meloetta-aria,True,True,True,True,8,,USE_DS,5
meloetta-pirouette,EXACT_NAME,meloetta-pirouette,True,True,True,True,8,,USE_DS,5
meltan,EXACT_NAME,meltan,True,True,True,True,8,,USE_DS,5
meowscarada,EXACT_NAME,meowscarada,True,True,True,True,8,,USE_DS,5
meowscarada-mega,NONE,,False,False,False,False,0,,CONVERT_GBA,4
meowstic-female,EXACT_NAME,meowstic-female,True,True,True,True,12,,USE_DS,5
meowstic-male,EXACT_NAME,meowstic-male,True,True,True,True,8,,USE_DS,5
meowstic-mega,EXACT_NAME,meowstic-mega,True,True,True,True,8,,USE_DS,9
meowth,EXACT_NAME,meowth,True,True,True,True,8,,USE_DS,5
meowth-alola,EXACT_NAME,meowth-alola,True,True,True,True,8,,USE_DS,5
meowth-galar,EXACT_NAME,meowth-galar,True,True,True,True,8,,USE_DS,5
meowth-gmax,EXACT_NAME,meowth-gmax,True,True,True,True,8,,USE_DS,5
meowth-partner,NONE,,False,False,False,False,0,,CONVERT_GBA,4
meowth-partner-mega,NONE,,False,False,False,False,0,,CONVERT_GBA,4
merrykarp,NONE,,False,False,False,False,0,,CONVERT_GBA,4
mesprit,EXACT_NAME,mesprit,True,True,True,True,8,,USE_DS,5
mesprit-redux,NONE,,False,False,False,False,0,,CONVERT_GBA,4
metagross,EXACT_NAME,metagross,True,True,True,True,8,,USE_DS,5
metagross-mega,EXACT_NAME,metagross-mega,True,True,True,True,8,,USE_DS,5
metang,EXACT_NAME,metang,True,True,True,True,8,,USE_DS,5
metapod,EXACT_NAME,metapod,True,True,True,True,8,,USE_DS,5
mew,EXACT_NAME,mew,True,True,True,True,8,,USE_DS,5
mewtwo,EXACT_NAME,mewtwo,True,True,True,True,8,,USE_DS,5
mewtwo-mega-x,EXACT_NAME,mewtwo-mega-x,True,True,True,True,8,,USE_DS,5
mewtwo-mega-y,EXACT_NAME,mewtwo-mega-y,True,True,True,True,8,,USE_DS,5
mienfoo,EXACT_NAME,mienfoo,True,True,True,True,8,,USE_DS,5
mienshao,EXACT_NAME,mienshao,True,True,True,True,8,,USE_DS,5
mienshao-mega,NONE,,False,False,False,False,0,,CONVERT_GBA,4
mightyena,EXACT_NAME,mightyena,True,True,True,True,8,,USE_DS,5
milcery,EXACT_NAME,milcery,True,True,True,True,8,,USE_DS,5
milotic,EXACT_NAME,milotic,True,True,True,True,12,,USE_DS,15
milotic-mega,NONE,,False,False,False,False,0,,CONVERT_GBA,12
miltank,EXACT_NAME,miltank,True,True,True,True,8,,USE_DS,5
mime-jr,EXACT_NAME,mime-jr,True,True,True,True,8,,USE_DS,5
mimikyu-apex,NONE,,False,False,False,False,0,,CONVERT_GBA,4
mimikyu-apex-busted,NONE,,False,False,False,False,0,,CONVERT_GBA,4
mimikyu-busted,EXACT_NAME,mimikyu-busted,True,True,True,True,8,,USE_DS,5
mimikyu-disguised,EXACT_NAME,mimikyu-disguised,True,True,True,True,8,,USE_DS,5
mimikyu-rayquaza,NONE,,False,False,False,False,0,,CONVERT_GBA,4
mimikyu-rayquaza-busted,NONE,,False,False,False,False,0,,CONVERT_GBA,4
minccino,EXACT_NAME,minccino,True,True,True,True,8,,USE_DS,5
minccino-redux,NONE,,False,False,False,False,0,,CONVERT_GBA,4
minior-blue,EXACT_NAME,minior-blue,True,True,True,True,8,,USE_DS,5
minior-blue-meteor,EXACT_NAME,minior-blue-meteor,True,True,True,True,8,,USE_DS,5
minior-green,EXACT_NAME,minior-green,True,True,True,True,9,,USE_DS,5
minior-green-meteor,EXACT_NAME,minior-green-meteor,True,True,True,True,8,,USE_DS,5
minior-indigo,EXACT_NAME,minior-indigo,True,True,True,True,9,,USE_DS,5
minior-indigo-meteor,EXACT_NAME,minior-indigo-meteor,True,True,True,True,8,,USE_DS,5
minior-orange,EXACT_NAME,minior-orange,True,True,True,True,8,,USE_DS,5
minior-orange-meteor,EXACT_NAME,minior-orange-meteor,True,True,True,True,8,,USE_DS,5
minior-red,EXACT_NAME,minior-red,True,True,True,True,8,,USE_DS,5
minior-red-meteor,EXACT_NAME,minior-red-meteor,True,True,True,True,8,,USE_DS,5
minior-violet,EXACT_NAME,minior-violet,True,True,True,True,8,,USE_DS,5
minior-violet-meteor,EXACT_NAME,minior-violet-meteor,True,True,True,True,8,,USE_DS,5
minior-yellow,EXACT_NAME,minior-yellow,True,True,True,True,8,,USE_DS,5
minior-yellow-meteor,EXACT_NAME,minior-yellow-meteor,True,True,True,True,8,,USE_DS,5
minun,EXACT_NAME,minun,True,True,True,True,8,,USE_DS,5
miraidon-ultimate-mode,EXACT_NAME,miraidon-ultimate-mode,True,True,True,True,8,,USE_DS,5
misdreavus,EXACT_NAME,misdreavus,True,True,True,True,8,,USE_DS,5
mismagius,EXACT_NAME,mismagius,True,True,True,True,8,,USE_DS,5
moltres,EXACT_NAME,moltres,True,True,True,True,8,,USE_DS,5
moltres-ex,NONE,,False,False,False,False,0,,CONVERT_GBA,4
moltres-ex-mega,NONE,,False,False,False,False,0,,CONVERT_GBA,4
moltres-galar,EXACT_NAME,moltres-galar,True,True,True,True,8,,USE_DS,5
monferno,EXACT_NAME,monferno,True,True,True,True,8,,USE_DS,5
monferno-redux,NONE,,False,False,False,False,0,,CONVERT_GBA,4
morelull,EXACT_NAME,morelull,True,True,True,True,8,,USE_DS,5
morgrem,EXACT_NAME,morgrem,True,True,True,True,8,,USE_DS,5
morpeko-full-belly,EXACT_NAME,morpeko-full-belly,True,True,True,True,8,,USE_DS,5
morpeko-hangry,EXACT_NAME,morpeko-hangry,True,True,True,True,8,,USE_DS,5
morpekyll,NONE,,False,False,False,False,0,,CONVERT_GBA,4
morpekyll-hangry,NONE,,False,False,False,False,0,,CONVERT_GBA,4
mothim-plant,EXACT_NAME,mothim-plant,True,True,True,True,8,,USE_DS,5
mothim-sandy,EXACT_NAME,mothim-sandy,True,True,True,True,8,,USE_DS,5
mothim-trash,EXACT_NAME,mothim-trash,True,True,True,True,8,,USE_DS,5
mr-mime,EXACT_NAME,mr-mime,True,True,True,True,8,,USE_DS,5
mr-mime-galar,EXACT_NAME,mr-mime-galar,True,True,True,True,8,,USE_DS,5
mr-rime,EXACT_NAME,mr-rime,True,True,True,True,8,,USE_DS,5
mudbray,EXACT_NAME,mudbray,True,True,True,True,8,,USE_DS,5
mudkip,EXACT_NAME,mudkip,True,True,True,True,8,,USE_DS,5
mudsdale,EXACT_NAME,mudsdale,True,True,True,True,8,,USE_DS,5
muk,EXACT_NAME,muk,True,True,True,True,8,,USE_DS,5
muk-alola,EXACT_NAME,muk-alola,True,True,True,True,8,,USE_DS,5
munchlax,EXACT_NAME,munchlax,True,True,True,True,8,,USE_DS,5
munchlax-redux,NONE,,False,False,False,False,0,,CONVERT_GBA,4
munkidori,EXACT_NAME,munkidori,True,True,True,True,9,,USE_DS,5
munna,EXACT_NAME,munna,True,True,True,True,8,,USE_DS,5
murkrow,EXACT_NAME,murkrow,True,True,True,True,10,,USE_DS,5
musharna,EXACT_NAME,musharna,True,True,True,True,8,,USE_DS,5
nacli,EXACT_NAME,nacli,True,True,True,True,8,,USE_DS,5
naclstack,EXACT_NAME,naclstack,True,True,True,True,8,,USE_DS,5
naganadel,EXACT_NAME,naganadel,True,True,True,True,8,,USE_DS,5
natu,EXACT_NAME,natu,True,True,True,True,8,,USE_DS,5
necrozma,EXACT_NAME,necrozma,True,True,True,True,10,,USE_DS,5
necrozma-dawn,EXACT_NAME,necrozma-dawn,True,True,True,True,8,,USE_DS,5
necrozma-dusk,EXACT_NAME,necrozma-dusk,True,True,True,True,8,,USE_DS,5
necrozma-ultra,EXACT_NAME,necrozma-ultra,True,True,True,True,8,,USE_DS,5
nickit,EXACT_NAME,nickit,True,True,True,True,8,,USE_DS,5
nidoking,EXACT_NAME,nidoking,True,True,True,True,8,,USE_DS,5
nidoking-mega,NONE,,False,False,False,False,0,,CONVERT_GBA,4
nidoqueen,EXACT_NAME,nidoqueen,True,True,True,True,8,,USE_DS,5
nidoqueen-mega,NONE,,False,False,False,False,0,,CONVERT_GBA,4
nidoran-f,EXACT_NAME,nidoran-f,True,True,True,True,8,,USE_DS,5
nidoran-m,EXACT_NAME,nidoran-m,True,True,True,True,8,,USE_DS,5
nidorina,EXACT_NAME,nidorina,True,True,True,True,8,,USE_DS,5
nidorino,EXACT_NAME,nidorino,True,True,True,True,8,,USE_DS,5
nihilego,EXACT_NAME,nihilego,True,True,True,True,8,,USE_DS,5
nincada,EXACT_NAME,nincada,True,True,True,True,8,,USE_DS,5
ninetales,EXACT_NAME,ninetales,True,True,True,True,8,,USE_DS,5
ninetales-alola,EXACT_NAME,ninetales-alola,True,True,True,True,8,,USE_DS,5
ninjask,EXACT_NAME,ninjask,True,True,True,True,8,,USE_DS,5
noctowl,EXACT_NAME,noctowl,True,True,True,True,8,,USE_DS,5
noibat,EXACT_NAME,noibat,True,True,True,True,8,,USE_DS,5
noibat-redux,NONE,,False,False,False,False,0,,CONVERT_GBA,4
noivern,EXACT_NAME,noivern,True,True,True,True,8,,USE_DS,5
noivern-redux,NONE,,False,False,False,False,0,,CONVERT_GBA,4
nosepass,EXACT_NAME,nosepass,True,True,True,True,8,,USE_DS,5
numel,EXACT_NAME,numel,True,True,True,True,10,,USE_DS,5
nuzleaf,EXACT_NAME,nuzleaf,True,True,True,True,10,,USE_DS,5
nymble,EXACT_NAME,nymble,True,True,True,True,8,,USE_DS,5
obstagoon,EXACT_NAME,obstagoon,True,True,True,True,8,,USE_DS,5
octillery,EXACT_NAME,octillery,True,True,True,True,10,,USE_DS,5
oddish,EXACT_NAME,oddish,True,True,True,True,8,,USE_DS,5
ogerpon,EXACT_NAME,ogerpon,True,True,True,True,8,,USE_DS,5
ogerpon-cornerstone-mask,EXACT_NAME,ogerpon-cornerstone-mask,True,True,True,True,8,,USE_DS,5
ogerpon-hearthflame-mask,EXACT_NAME,ogerpon-hearthflame-mask,True,True,True,True,8,,USE_DS,5
ogerpon-wellspring-mask,EXACT_NAME,ogerpon-wellspring-mask,True,True,True,True,8,,USE_DS,5
oinkologne-female,EXACT_NAME,oinkologne-female,True,True,True,True,12,,USE_DS,5
oinkologne-male,EXACT_NAME,oinkologne-male,True,True,True,True,8,,USE_DS,5
okidogi,EXACT_NAME,okidogi,True,True,True,True,8,,USE_DS,5
omanyte,EXACT_NAME,omanyte,True,True,True,True,8,,USE_DS,5
omastar,EXACT_NAME,omastar,True,True,True,True,8,,USE_DS,5
onix,EXACT_NAME,onix,True,True,True,True,8,,USE_DS,5
oranguru,EXACT_NAME,oranguru,True,True,True,True,8,,USE_DS,5
orbeetle,EXACT_NAME,orbeetle,True,True,True,True,8,,USE_DS,5
orbeetle-gmax,EXACT_NAME,orbeetle-gmax,True,True,True,True,8,,USE_DS,5
orbeetle-mega,NONE,,False,False,False,False,0,,CONVERT_GBA,4
orchestot,NONE,,False,False,False,False,0,,CONVERT_GBA,4
oricorio-baile,EXACT_NAME,oricorio-baile,True,True,True,True,8,,USE_DS,5
oricorio-mega,NONE,,False,False,False,False,0,,CONVERT_GBA,4
oricorio-pau,EXACT_NAME,oricorio-pau,True,True,True,True,8,,USE_DS,5
oricorio-pom-pom,EXACT_NAME,oricorio-pom-pom,True,True,True,True,8,,USE_DS,5
oricorio-sensu,EXACT_NAME,oricorio-sensu,True,True,True,True,8,,USE_DS,5
orthworm,EXACT_NAME,orthworm,True,True,True,True,8,,USE_DS,5
oshawott,EXACT_NAME,oshawott,True,True,True,True,8,,USE_DS,5
overqwil,EXACT_NAME,overqwil,True,True,True,True,8,,USE_DS,5
pachirisu,EXACT_NAME,pachirisu,True,True,True,True,10,,USE_DS,5
palafin-hero,EXACT_NAME,palafin-hero,True,True,True,True,8,,USE_DS,5
palafin-zero,EXACT_NAME,palafin-zero,True,True,True,True,8,,USE_DS,5
palkia,EXACT_NAME,palkia,True,True,True,True,8,,USE_DS,5
palkia-origin,EXACT_NAME,palkia-origin,True,True,True,True,8,,USE_DS,5
palossand,EXACT_NAME,palossand,True,True,True,True,8,,USE_DS,5
palpitoad,EXACT_NAME,palpitoad,True,True,True,True,8,,USE_DS,5
pancham,EXACT_NAME,pancham,True,True,True,True,8,,USE_DS,5
pangoro,EXACT_NAME,pangoro,True,True,True,True,8,,USE_DS,5
panpour,EXACT_NAME,panpour,True,True,True,True,8,,USE_DS,5
panpour-redux,NONE,,False,False,False,False,0,,CONVERT_GBA,4
pansage,EXACT_NAME,pansage,True,True,True,True,8,,USE_DS,5
pansage-redux,NONE,,False,False,False,False,0,,CONVERT_GBA,4
pansear,EXACT_NAME,pansear,True,True,True,True,8,,USE_DS,5
pansear-redux,NONE,,False,False,False,False,0,,CONVERT_GBA,4
paras,EXACT_NAME,paras,True,True,True,True,8,,USE_DS,5
parasect,EXACT_NAME,parasect,True,True,True,True,8,,USE_DS,5
passimian,EXACT_NAME,passimian,True,True,True,True,8,,USE_DS,5
patrat,EXACT_NAME,patrat,True,True,True,True,8,,USE_DS,5
pawmi,EXACT_NAME,pawmi,True,True,True,True,8,,USE_DS,5
pawmo,EXACT_NAME,pawmo,True,True,True,True,8,,USE_DS,5
pawmot,EXACT_NAME,pawmot,True,True,True,True,8,,USE_DS,5
pawniard,EXACT_NAME,pawniard,True,True,True,True,8,,USE_DS,5
pawniard-redux,NONE,,False,False,False,False,0,,CONVERT_GBA,4
pecharunt,EXACT_NAME,pecharunt,True,True,True,True,8,,USE_DS,5
pelipper,EXACT_NAME,pelipper,True,True,True,True,8,,USE_DS,5
pentadug,NONE,,False,False,False,False,0,,CONVERT_GBA,4
pentadug-alolan,NONE,,False,False,False,False,0,,CONVERT_GBA,4
pentawug,NONE,,False,False,False,False,0,,CONVERT_GBA,4
perrserker,EXACT_NAME,perrserker,True,True,True,True,8,,USE_DS,5
persian,EXACT_NAME,persian,True,True,True,True,8,,USE_DS,5
persian-alola,EXACT_NAME,persian-alola,True,True,True,True,8,,USE_DS,5
petilil,EXACT_NAME,petilil,True,True,True,True,8,,USE_DS,5
phanfernal,NONE,,False,False,False,False,0,,CONVERT_GBA,4
phanpy,EXACT_NAME,phanpy,True,True,True,True,8,,USE_DS,5
phantowl,NONE,,False,False,False,False,0,,CONVERT_GBA,4
phantump,EXACT_NAME,phantump,True,True,True,True,8,,USE_DS,5
pheromosa,EXACT_NAME,pheromosa,True,True,True,True,8,,USE_DS,5
phione,EXACT_NAME,phione,True,True,True,True,8,,USE_DS,5
pichu,EXACT_NAME,pichu,True,True,True,True,8,,USE_DS,5
pichu-spiky-eared,EXACT_NAME,pichu-spiky-eared,True,True,True,True,8,,USE_DS,5
pidgeot,EXACT_NAME,pidgeot,True,True,True,True,8,,USE_DS,5
pidgeot-mega,EXACT_NAME,pidgeot-mega,True,True,True,True,8,,USE_DS,5
pidgeotto,EXACT_NAME,pidgeotto,True,True,True,True,8,,USE_DS,5
pidgey,EXACT_NAME,pidgey,True,True,True,True,8,,USE_DS,5
pidove,EXACT_NAME,pidove,True,True,True,True,8,,USE_DS,5
pignite,EXACT_NAME,pignite,True,True,True,True,8,,USE_DS,5
pikachu,EXACT_NAME,pikachu,True,True,True,True,10,,USE_DS,5
pikachu-alola-cap,EXACT_NAME,pikachu-alola-cap,True,True,True,True,8,,USE_DS,5
pikachu-belle,EXACT_NAME,pikachu-belle,True,True,True,True,8,,USE_DS,5
pikachu-cosplay,EXACT_NAME,pikachu-cosplay,True,True,True,True,8,,USE_DS,5
pikachu-gmax,EXACT_NAME,pikachu-gmax,True,True,True,True,8,,USE_DS,5
pikachu-hoenn-cap,EXACT_NAME,pikachu-hoenn-cap,True,True,True,True,8,,USE_DS,5
pikachu-kalos-cap,EXACT_NAME,pikachu-kalos-cap,True,True,True,True,8,,USE_DS,5
pikachu-libre,EXACT_NAME,pikachu-libre,True,True,True,True,8,,USE_DS,5
pikachu-original-cap,EXACT_NAME,pikachu-original-cap,True,True,True,True,8,,USE_DS,5
pikachu-partner-cap,EXACT_NAME,pikachu-partner-cap,True,True,True,True,8,,USE_DS,5
pikachu-partner-mega,NONE,,False,False,False,False,0,,CONVERT_GBA,4
pikachu-phd,EXACT_NAME,pikachu-phd,True,True,True,True,8,,USE_DS,5
pikachu-pop-star,EXACT_NAME,pikachu-pop-star,True,True,True,True,8,,USE_DS,5
pikachu-rock-star,EXACT_NAME,pikachu-rock-star,True,True,True,True,8,,USE_DS,5
pikachu-sinnoh-cap,EXACT_NAME,pikachu-sinnoh-cap,True,True,True,True,8,,USE_DS,5
pikachu-unova-cap,EXACT_NAME,pikachu-unova-cap,True,True,True,True,8,,USE_DS,5
pikachu-world-cap,EXACT_NAME,pikachu-world-cap,True,True,True,True,8,,USE_DS,5
pikipek,EXACT_NAME,pikipek,True,True,True,True,8,,USE_DS,5
piloswine,EXACT_NAME,piloswine,True,True,True,True,10,,USE_DS,5
piloswine-redux,NONE,,False,False,False,False,0,,CONVERT_GBA,4
pincurchin,EXACT_NAME,pincurchin,True,True,True,True,8,,USE_DS,5
pineco,EXACT_NAME,pineco,True,True,True,True,8,,USE_DS,5
pinsir,EXACT_NAME,pinsir,True,True,True,True,8,,USE_DS,5
pinsir-mega,EXACT_NAME,pinsir-mega,True,True,True,True,8,,USE_DS,5
piplup,EXACT_NAME,piplup,True,True,True,True,8,,USE_DS,5
piplup-redux,NONE,,False,False,False,False,0,,CONVERT_GBA,4
plundertow,NONE,,False,False,False,False,0,,CONVERT_GBA,4
plusle,EXACT_NAME,plusle,True,True,True,True,8,,USE_DS,5
poipole,EXACT_NAME,poipole,True,True,True,True,8,,USE_DS,5
polartic,NONE,,False,False,False,False,0,,CONVERT_GBA,4
polartic-bluemoon,NONE,,False,False,False,False,0,,CONVERT_GBA,4
politoed,EXACT_NAME,politoed,True,True,True,True,10,,USE_DS,5
poliwag,EXACT_NAME,poliwag,True,True,True,True,8,,USE_DS,5
poliwhirl,EXACT_NAME,poliwhirl,True,True,True,True,8,,USE_DS,5
poliwrath,EXACT_NAME,poliwrath,True,True,True,True,8,,USE_DS,5
poltchageist-artisan,EXACT_NAME,poltchageist-artisan,True,True,True,True,10,,USE_DS,5
poltchageist-counterfeit,EXACT_NAME,poltchageist-counterfeit,True,True,True,True,10,,USE_DS,5
polteageist-antique,EXACT_NAME,polteageist-antique,True,True,True,True,8,,USE_DS,5
polteageist-phony,EXACT_NAME,polteageist-phony,True,True,True,True,8,,USE_DS,5
polteageist-redux,NONE,,False,False,False,False,0,,CONVERT_GBA,4
ponyta,EXACT_NAME,ponyta,True,True,True,True,8,,USE_DS,5
ponyta-galar,EXACT_NAME,ponyta-galar,True,True,True,True,8,,USE_DS,5
poochyena,EXACT_NAME,poochyena,True,True,True,True,8,,USE_DS,5
popcorm,NONE,,False,False,False,False,0,,CONVERT_GBA,4
popcorm-mega,NONE,,False,False,False,False,0,,CONVERT_GBA,4
popplio,EXACT_NAME,popplio,True,True,True,True,8,,USE_DS,5
porygon,EXACT_NAME,porygon,True,True,True,True,8,,USE_DS,15
porygon-z,EXACT_NAME,porygon-z,True,True,True,True,8,,USE_DS,15
porygon2,EXACT_NAME,porygon2,True,True,True,True,8,,USE_DS,15
primarina,EXACT_NAME,primarina,True,True,True,True,8,,USE_DS,5
primarina-mega,NONE,,False,False,False,False,0,,CONVERT_GBA,4
primeape,EXACT_NAME,primeape,True,True,True,True,8,,USE_DS,5
prinplup,EXACT_NAME,prinplup,True,True,True,True,8,,USE_DS,5
prinplup-redux,NONE,,False,False,False,False,0,,CONVERT_GBA,4
probopass,EXACT_NAME,probopass,True,True,True,True,8,,USE_DS,15
psyduck,EXACT_NAME,psyduck,True,True,True,True,8,,USE_DS,5
psyduck-redux,NONE,,False,False,False,False,0,,CONVERT_GBA,4
pumpkaboo-average,EXACT_NAME,pumpkaboo-average,True,True,True,True,8,,USE_DS,5
pumpkaboo-large,EXACT_NAME,pumpkaboo-large,True,True,True,True,8,,USE_DS,5
pumpkaboo-small,EXACT_NAME,pumpkaboo-small,True,True,True,True,8,,USE_DS,5
pumpkaboo-super,EXACT_NAME,pumpkaboo-super,True,True,True,True,8,,USE_DS,5
pupitar,EXACT_NAME,pupitar,True,True,True,True,8,,USE_DS,5
pupitar-redux,NONE,,False,False,False,False,0,,CONVERT_GBA,4
purrloin,EXACT_NAME,purrloin,True,True,True,True,8,,USE_DS,5
purugly,EXACT_NAME,purugly,True,True,True,True,8,,USE_DS,5
pyroar-female,EXACT_NAME,pyroar-female,True,True,True,True,12,,USE_DS,5
pyroar-male,EXACT_NAME,pyroar-male,True,True,True,True,8,,USE_DS,5
pyroar-mega,EXACT_NAME,pyroar-mega,True,True,True,True,8,,USE_DS,9
pyukumuku,EXACT_NAME,pyukumuku,True,True,True,True,8,,USE_DS,5
quagsire,EXACT_NAME,quagsire,True,True,True,True,10,,USE_DS,5
quagsire-mega,NONE,,False,False,False,False,0,,CONVERT_GBA,4
quaquaval,EXACT_NAME,quaquaval,True,True,True,True,8,,USE_DS,5
quaquaval-mega,NONE,,False,False,False,False,0,,CONVERT_GBA,4
quaxly,EXACT_NAME,quaxly,True,True,True,True,8,,USE_DS,5
quaxwell,EXACT_NAME,quaxwell,True,True,True,True,8,,USE_DS,5
queengambit,NONE,,False,False,False,False,0,,CONVERT_GBA,4
quilava,EXACT_NAME,quilava,True,True,True,True,8,,USE_DS,5
quilladin,EXACT_NAME,quilladin,True,True,True,True,8,,USE_DS,5
qwilfish,EXACT_NAME,qwilfish,True,True,True,True,8,,USE_DS,5
qwilfish-hisui,EXACT_NAME,qwilfish-hisui,True,True,True,True,8,,USE_DS,5
raboot,EXACT_NAME,raboot,True,True,True,True,8,,USE_DS,5
rabsca,EXACT_NAME,rabsca,True,True,True,True,8,,USE_DS,5
raging-bolt,EXACT_NAME,raging-bolt,True,True,True,True,8,,USE_DS,5
raichu,EXACT_NAME,raichu,True,True,True,True,10,,USE_DS,5
raichu-alola,EXACT_NAME,raichu-alola,True,True,True,True,8,,USE_DS,5
raichu-mega-x,EXACT_NAME,raichu-mega-x,True,True,True,True,8,,USE_DS,9
raichu-mega-y,EXACT_NAME,raichu-mega-y,False,False,False,False,3,,KEEP_BOTH_FOR_REVIEW,4
raikou,EXACT_NAME,raikou,True,True,True,True,8,,USE_DS,5
ralts,EXACT_NAME,ralts,True,True,True,True,8,,USE_DS,5
ralts-redux,NONE,,False,False,False,False,0,,CONVERT_GBA,4
rampardos,EXACT_NAME,rampardos,True,True,True,True,8,,USE_DS,15
rapidash,EXACT_NAME,rapidash,True,True,True,True,8,,USE_DS,5
rapidash-galar,EXACT_NAME,rapidash-galar,True,True,True,True,8,,USE_DS,5
rapidash-mega,NONE,,False,False,False,False,0,,CONVERT_GBA,4
rapidash-mega-galarian,NONE,,False,False,False,False,0,,CONVERT_GBA,4
ratfioso,NONE,,False,False,False,False,0,,CONVERT_GBA,4
raticate,EXACT_NAME,raticate,True,True,True,True,10,,USE_DS,5
raticate-alola,EXACT_NAME,raticate-alola,True,True,True,True,8,,USE_DS,5
raticate-redux,NONE,,False,False,False,False,0,,CONVERT_GBA,4
ratiking,NONE,,False,False,False,False,0,,CONVERT_GBA,4
rattata,EXACT_NAME,rattata,True,True,True,True,10,,USE_DS,5
rattata-alola,EXACT_NAME,rattata-alola,True,True,True,True,8,,USE_DS,5
rattata-redux,NONE,,False,False,False,False,0,,CONVERT_GBA,4
rayquaza,EXACT_NAME,rayquaza,True,True,True,True,8,,USE_DS,5
rayquaza-mega,EXACT_NAME,rayquaza-mega,True,True,True,True,8,,USE_DS,5
regice,EXACT_NAME,regice,True,True,True,True,8,,USE_DS,5
regidrago,EXACT_NAME,regidrago,True,True,True,True,8,,USE_DS,5
regieleki,EXACT_NAME,regieleki,True,True,True,True,8,,USE_DS,5
regigigas,EXACT_NAME,regigigas,True,True,True,True,8,,USE_DS,5
regirock,EXACT_NAME,regirock,True,True,True,True,8,,USE_DS,5
registeel,EXACT_NAME,registeel,True,True,True,True,8,,USE_DS,5
relicanth,EXACT_NAME,relicanth,True,True,True,True,10,,USE_DS,5
relicanth-mega,NONE,,False,False,False,False,0,,CONVERT_GBA,4
rellor,EXACT_NAME,rellor,True,True,True,True,8,,USE_DS,5
remoraid,EXACT_NAME,remoraid,True,True,True,True,8,,USE_DS,5
reshiram,EXACT_NAME,reshiram,True,True,True,True,8,,USE_DS,5
reuniclus,EXACT_NAME,reuniclus,True,True,True,True,8,,USE_DS,5
reuniclus-mega,NONE,,False,False,False,False,0,,CONVERT_GBA,4
reuniclus-redux,NONE,,False,False,False,False,0,,CONVERT_GBA,4
reuniclus-redux-mega,NONE,,False,False,False,False,0,,CONVERT_GBA,4
revavroom,EXACT_NAME,revavroom,True,True,True,True,8,,USE_DS,5
rexcadrill,NONE,,False,False,False,False,0,,CONVERT_GBA,4
rhydon,EXACT_NAME,rhydon,True,True,True,True,10,,USE_DS,5
rhyhorn,EXACT_NAME,rhyhorn,True,True,True,True,10,,USE_DS,5
rhyperior,EXACT_NAME,rhyperior,True,True,True,True,10,,USE_DS,15
ribombee,EXACT_NAME,ribombee,True,True,True,True,8,,USE_DS,5
ribombee-mega,NONE,,False,False,False,False,0,,CONVERT_GBA,4
ribombee-redux,NONE,,False,False,False,False,0,,CONVERT_GBA,4
ribombee-redux-mega,NONE,,False,False,False,False,0,,CONVERT_GBA,4
rillaboom,EXACT_NAME,rillaboom,True,True,True,True,8,,USE_DS,5
rillaboom-gmax,EXACT_NAME,rillaboom-gmax,True,True,True,True,8,,USE_DS,5
rillaboom-mega,NONE,,False,False,False,False,0,,CONVERT_GBA,4
riolu,EXACT_NAME,riolu,True,True,True,True,8,,USE_DS,5
roaring-moon,EXACT_NAME,roaring-moon,True,True,True,True,8,,USE_DS,5
rockruff,EXACT_NAME,rockruff,True,True,True,True,8,,USE_DS,5
rockruff-own-tempo,EXACT_NAME,rockruff-own-tempo,True,True,True,True,8,,USE_DS,5
roggenrola,EXACT_NAME,roggenrola,True,True,True,True,10,,USE_DS,5
rolycoly,EXACT_NAME,rolycoly,True,True,True,True,8,,USE_DS,5
rookidee,EXACT_NAME,rookidee,True,True,True,True,8,,USE_DS,5
roselia,EXACT_NAME,roselia,True,True,True,True,10,,USE_DS,5
roserade,EXACT_NAME,roserade,True,True,True,True,10,,USE_DS,15
roserade-mega,NONE,,False,False,False,False,0,,CONVERT_GBA,12
rotom,EXACT_NAME,rotom,True,True,True,True,8,,USE_DS,5
rotom-fan,EXACT_NAME,rotom-fan,True,True,True,True,8,,USE_DS,5
rotom-frost,EXACT_NAME,rotom-frost,True,True,True,True,8,,USE_DS,5
rotom-heat,EXACT_NAME,rotom-heat,True,True,True,True,8,,USE_DS,5
rotom-mow,EXACT_NAME,rotom-mow,True,True,True,True,8,,USE_DS,5
rotom-wash,EXACT_NAME,rotom-wash,True,True,True,True,8,,USE_DS,5
rowlet,EXACT_NAME,rowlet,True,True,True,True,8,,USE_DS,5
rufflet,EXACT_NAME,rufflet,True,True,True,True,8,,USE_DS,5
runerigus,EXACT_NAME,runerigus,True,True,True,True,8,,USE_DS,5
sableye,EXACT_NAME,sableye,True,True,True,True,8,,USE_DS,5
sableye-mega,EXACT_NAME,sableye-mega,True,True,True,True,8,,USE_DS,5
sableye-mega-redux,NONE,,False,False,False,False,0,,CONVERT_GBA,4
sableye-redux,NONE,,False,False,False,False,0,,CONVERT_GBA,4
sagaracas,NONE,,False,False,False,False,0,,CONVERT_GBA,4
salamence,EXACT_NAME,salamence,True,True,True,True,8,,USE_DS,5
salamence-mega,EXACT_NAME,salamence-mega,True,True,True,True,8,,USE_DS,5
salandit,EXACT_NAME,salandit,True,True,True,True,8,,USE_DS,5
salazarus,NONE,,False,False,False,False,0,,CONVERT_GBA,4
salazzle,EXACT_NAME,salazzle,True,True,True,True,8,,USE_DS,5
samurott,EXACT_NAME,samurott,True,True,True,True,8,,USE_DS,5
samurott-hisui,EXACT_NAME,samurott-hisui,True,True,True,True,8,,USE_DS,5
samurott-hisuian-mega,NONE,,False,False,False,False,0,,CONVERT_GBA,4
samurott-mega,NONE,,False,False,False,False,0,,CONVERT_GBA,4
sandaconda,EXACT_NAME,sandaconda,True,True,True,True,8,,USE_DS,5
sandaconda-gmax,EXACT_NAME,sandaconda-gmax,True,True,True,True,8,,USE_DS,5
sandaconda-mega,NONE,,False,False,False,False,0,,CONVERT_GBA,4
sandile,EXACT_NAME,sandile,True,True,True,True,8,,USE_DS,5
sandshrew,EXACT_NAME,sandshrew,True,True,True,True,8,,USE_DS,5
sandshrew-alola,EXACT_NAME,sandshrew-alola,True,True,True,True,8,,USE_DS,5
sandslash,EXACT_NAME,sandslash,True,True,True,True,8,,USE_DS,5
sandslash-alola,EXACT_NAME,sandslash-alola,True,True,True,True,8,,USE_DS,5
sandslash-alolan-mega,NONE,,False,False,False,False,0,,CONVERT_GBA,4
sandslash-mega,NONE,,False,False,False,False,0,,CONVERT_GBA,4
sandy-shocks,EXACT_NAME,sandy-shocks,True,True,True,True,8,,USE_DS,5
sandygast,EXACT_NAME,sandygast,True,True,True,True,8,,USE_DS,5
sawk,EXACT_NAME,sawk,True,True,True,True,8,,USE_DS,5
sawk-redux,NONE,,False,False,False,False,0,,CONVERT_GBA,4
sawsbuck-autumn,EXACT_NAME,sawsbuck-autumn,True,True,True,True,8,,USE_DS,5
sawsbuck-spring,EXACT_NAME,sawsbuck-spring,True,True,True,True,8,,USE_DS,5
sawsbuck-summer,EXACT_NAME,sawsbuck-summer,True,True,True,True,8,,USE_DS,5
sawsbuck-winter,EXACT_NAME,sawsbuck-winter,True,True,True,True,8,,USE_DS,5
scatterbug-archipelago,EXACT_NAME,scatterbug-archipelago,True,True,True,True,8,,USE_DS,5
scatterbug-continental,EXACT_NAME,scatterbug-continental,True,True,True,True,8,,USE_DS,5
scatterbug-elegant,EXACT_NAME,scatterbug-elegant,True,True,True,True,8,,USE_DS,5
scatterbug-fancy,EXACT_NAME,scatterbug-fancy,True,True,True,True,8,,USE_DS,5
scatterbug-garden,EXACT_NAME,scatterbug-garden,True,True,True,True,8,,USE_DS,5
scatterbug-high-plains,EXACT_NAME,scatterbug-high-plains,True,True,True,True,8,,USE_DS,5
scatterbug-icy-snow,EXACT_NAME,scatterbug-icy-snow,True,True,True,True,8,,USE_DS,5
scatterbug-jungle,EXACT_NAME,scatterbug-jungle,True,True,True,True,8,,USE_DS,5
scatterbug-marine,EXACT_NAME,scatterbug-marine,True,True,True,True,8,,USE_DS,5
scatterbug-meadow,EXACT_NAME,scatterbug-meadow,True,True,True,True,8,,USE_DS,5
scatterbug-modern,EXACT_NAME,scatterbug-modern,True,True,True,True,8,,USE_DS,5
scatterbug-monsoon,EXACT_NAME,scatterbug-monsoon,True,True,True,True,8,,USE_DS,5
scatterbug-ocean,EXACT_NAME,scatterbug-ocean,True,True,True,True,8,,USE_DS,5
scatterbug-poke-ball,EXACT_NAME,scatterbug-poke-ball,True,True,True,True,8,,USE_DS,5
scatterbug-polar,EXACT_NAME,scatterbug-polar,True,True,True,True,8,,USE_DS,5
scatterbug-river,EXACT_NAME,scatterbug-river,True,True,True,True,8,,USE_DS,5
scatterbug-sandstorm,EXACT_NAME,scatterbug-sandstorm,True,True,True,True,8,,USE_DS,5
scatterbug-savanna,EXACT_NAME,scatterbug-savanna,True,True,True,True,8,,USE_DS,5
scatterbug-sun,EXACT_NAME,scatterbug-sun,True,True,True,True,8,,USE_DS,5
scatterbug-tundra,EXACT_NAME,scatterbug-tundra,True,True,True,True,8,,USE_DS,5
sceptile,EXACT_NAME,sceptile,True,True,True,True,8,,USE_DS,5
sceptile-mega,EXACT_NAME,sceptile-mega,True,True,True,True,8,,USE_DS,5
scizor,EXACT_NAME,scizor,True,True,True,True,10,,USE_DS,5
scizor-mega,EXACT_NAME,scizor-mega,True,True,True,True,8,,USE_DS,5
scizor-redux,NONE,,False,False,False,False,0,,CONVERT_GBA,4
scizor-redux-mega,NONE,,False,False,False,False,0,,CONVERT_GBA,4
scolipede,EXACT_NAME,scolipede,True,True,True,True,8,,USE_DS,5
scolipede-mega,EXACT_NAME,scolipede-mega,True,True,True,True,8,,USE_DS,9
scorbunny,EXACT_NAME,scorbunny,True,True,True,True,8,,USE_DS,5
scovillain,EXACT_NAME,scovillain,True,True,True,True,9,,USE_DS,5
scovillain-mega,EXACT_NAME,scovillain-mega,True,True,True,True,8,,USE_DS,9
scrafster,NONE,,False,False,False,False,0,,CONVERT_GBA,4
scrafty,EXACT_NAME,scrafty,True,True,True,True,8,,USE_DS,5
scrafty-mega,EXACT_NAME,scrafty-mega,True,True,True,True,8,,USE_DS,9
scraggy,EXACT_NAME,scraggy,True,True,True,True,8,,USE_DS,5
scream-tail,EXACT_NAME,scream-tail,True,True,True,True,8,,USE_DS,5
scyther,EXACT_NAME,scyther,True,True,True,True,10,,USE_DS,5
scyther-mega,NONE,,False,False,False,False,0,,CONVERT_GBA,4
scyther-redux,NONE,,False,False,False,False,0,,CONVERT_GBA,4
scyther-redux-mega,NONE,,False,False,False,False,0,,CONVERT_GBA,4
seadra,EXACT_NAME,seadra,True,True,True,True,8,,USE_DS,5
seaking,EXACT_NAME,seaking,True,True,True,True,10,,USE_DS,5
sealeo,EXACT_NAME,sealeo,True,True,True,True,8,,USE_DS,5
seedot,EXACT_NAME,seedot,True,True,True,True,8,,USE_DS,5
seel,EXACT_NAME,seel,True,True,True,True,8,,USE_DS,5
seel-redux,NONE,,False,False,False,False,0,,CONVERT_GBA,4
seerkat,NONE,,False,False,False,False,0,,CONVERT_GBA,4
seismitoad,EXACT_NAME,seismitoad,True,True,True,True,8,,USE_DS,5
selenumbra,NONE,,False,False,False,False,0,,CONVERT_GBA,4
sentret,EXACT_NAME,sentret,True,True,True,True,8,,USE_DS,5
serperior,EXACT_NAME,serperior,True,True,True,True,8,,USE_DS,5
serperior-mega,NONE,,False,False,False,False,0,,CONVERT_GBA,4
servine,EXACT_NAME,servine,True,True,True,True,8,,USE_DS,5
seviper,EXACT_NAME,seviper,True,True,True,True,8,,USE_DS,5
sewaddle,EXACT_NAME,sewaddle,True,True,True,True,8,,USE_DS,5
sharpedo,EXACT_NAME,sharpedo,True,True,True,True,8,,USE_DS,5
sharpedo-mega,EXACT_NAME,sharpedo-mega,True,True,True,True,8,,USE_DS,5
shaymin-land,EXACT_NAME,shaymin-land,True,True,True,True,8,,USE_DS,5
shaymin-sky,EXACT_NAME,shaymin-sky,True,True,True,True,8,,USE_DS,5
shedinja,EXACT_NAME,shedinja,True,True,True,True,8,,USE_DS,5
shedinja-mega,NONE,,False,False,False,False,0,,CONVERT_GBA,4
shelgon,EXACT_NAME,shelgon,True,True,True,True,8,,USE_DS,5
shellder,EXACT_NAME,shellder,True,True,True,True,8,,USE_DS,5
shellos-east,EXACT_NAME,shellos-east,True,True,True,True,8,,USE_DS,5
shellos-west,EXACT_NAME,shellos-west,True,True,True,True,8,,USE_DS,5
shelmet,EXACT_NAME,shelmet,True,True,True,True,8,,USE_DS,5
shieldon,EXACT_NAME,shieldon,True,True,True,True,8,,USE_DS,5
shiftry,EXACT_NAME,shiftry,True,True,True,True,10,,USE_DS,5
shiinotic,EXACT_NAME,shiinotic,True,True,True,True,8,,USE_DS,5
shinx,EXACT_NAME,shinx,True,True,True,True,10,,USE_DS,5
shinx-redux,NONE,,False,False,False,False,0,,CONVERT_GBA,4
shroodle,EXACT_NAME,shroodle,True,True,True,True,8,,USE_DS,5
shroomish,EXACT_NAME,shroomish,True,True,True,True,8,,USE_DS,5
shuckle,EXACT_NAME,shuckle,True,True,True,True,8,,USE_DS,5
shuckle-mega,NONE,,False,False,False,False,0,,CONVERT_GBA,4
shuppet,EXACT_NAME,shuppet,True,True,True,True,9,,USE_DS,5
shyduck,NONE,,False,False,False,False,0,,CONVERT_GBA,4
sigilyph,EXACT_NAME,sigilyph,True,True,True,True,8,,USE_DS,5
silcoon,EXACT_NAME,silcoon,True,True,True,True,8,,USE_DS,5
silicobra,EXACT_NAME,silicobra,True,True,True,True,8,,USE_DS,5
silvally-bug,EXACT_NAME,silvally-bug,True,True,True,True,8,,USE_DS,5
silvally-dark,EXACT_NAME,silvally-dark,True,True,True,True,8,,USE_DS,5
silvally-dragon,EXACT_NAME,silvally-dragon,True,True,True,True,8,,USE_DS,5
silvally-electric,EXACT_NAME,silvally-electric,True,True,True,True,8,,USE_DS,5
silvally-fairy,EXACT_NAME,silvally-fairy,True,True,True,True,8,,USE_DS,5
silvally-fighting,EXACT_NAME,silvally-fighting,True,True,True,True,8,,USE_DS,5
silvally-fire,EXACT_NAME,silvally-fire,True,True,True,True,8,,USE_DS,5
silvally-flying,EXACT_NAME,silvally-flying,True,True,True,True,8,,USE_DS,5
silvally-ghost,EXACT_NAME,silvally-ghost,True,True,True,True,8,,USE_DS,5
silvally-grass,EXACT_NAME,silvally-grass,True,True,True,True,8,,USE_DS,5
silvally-ground,EXACT_NAME,silvally-ground,True,True,True,True,8,,USE_DS,5
silvally-ice,EXACT_NAME,silvally-ice,True,True,True,True,8,,USE_DS,5
silvally-normal,EXACT_NAME,silvally-normal,True,True,True,True,8,,USE_DS,5
silvally-poison,EXACT_NAME,silvally-poison,True,True,True,True,8,,USE_DS,5
silvally-psychic,EXACT_NAME,silvally-psychic,True,True,True,True,8,,USE_DS,5
silvally-rock,EXACT_NAME,silvally-rock,True,True,True,True,8,,USE_DS,5
silvally-steel,EXACT_NAME,silvally-steel,True,True,True,True,8,,USE_DS,5
silvally-water,EXACT_NAME,silvally-water,True,True,True,True,8,,USE_DS,5
simipour,EXACT_NAME,simipour,True,True,True,True,8,,USE_DS,5
simipour-redux,NONE,,False,False,False,False,0,,CONVERT_GBA,4
simisage,EXACT_NAME,simisage,True,True,True,True,8,,USE_DS,5
simisage-redux,NONE,,False,False,False,False,0,,CONVERT_GBA,4
simisear,EXACT_NAME,simisear,True,True,True,True,8,,USE_DS,5
simisear-redux,NONE,,False,False,False,False,0,,CONVERT_GBA,4
sinistcha-masterpiece,EXACT_NAME,sinistcha-masterpiece,True,True,True,True,9,,USE_DS,5
sinistcha-unremarkable,EXACT_NAME,sinistcha-unremarkable,True,True,True,True,9,,USE_DS,5
sinistea-antique,EXACT_NAME,sinistea-antique,True,True,True,True,8,,USE_DS,5
sinistea-phony,EXACT_NAME,sinistea-phony,True,True,True,True,8,,USE_DS,5
sinistea-redux,NONE,,False,False,False,False,0,,CONVERT_GBA,4
sirfetchd,EXACT_NAME,sirfetchd,True,True,True,True,8,,USE_DS,5
sizzlipede,EXACT_NAME,sizzlipede,True,True,True,True,8,,USE_DS,5
skarmory,EXACT_NAME,skarmory,True,True,True,True,8,,USE_DS,5
skarmory-mega,EXACT_NAME,skarmory-mega,True,True,True,True,8,,USE_DS,9
skarmory-mega-redux,NONE,,False,False,False,False,0,,CONVERT_GBA,4
skarmory-mega-y,NONE,,False,False,False,False,0,,CONVERT_GBA,4
skarmory-redux,NONE,,False,False,False,False,0,,CONVERT_GBA,4
skeledirge,EXACT_NAME,skeledirge,True,True,True,True,8,,USE_DS,5
skeledirge-mega,NONE,,False,False,False,False,0,,CONVERT_GBA,4
skiddo,EXACT_NAME,skiddo,True,True,True,True,8,,USE_DS,5
skiploom,EXACT_NAME,skiploom,True,True,True,True,8,,USE_DS,5
skitty,EXACT_NAME,skitty,True,True,True,True,8,,USE_DS,5
skorupi,EXACT_NAME,skorupi,True,True,True,True,8,,USE_DS,5
skrelp,EXACT_NAME,skrelp,True,True,True,True,8,,USE_DS,5
skulberus,NONE,,False,False,False,False,0,,CONVERT_GBA,4
skuntank,EXACT_NAME,skuntank,True,True,True,True,8,,USE_DS,5
skwovet,EXACT_NAME,skwovet,True,True,True,True,8,,USE_DS,5
slaking,EXACT_NAME,slaking,True,True,True,True,8,,USE_DS,5
slaking-mega,NONE,,False,False,False,False,0,,CONVERT_GBA,4
slaking-mega-ape-shift,NONE,,False,False,False,False,0,,CONVERT_GBA,4
slakoth,EXACT_NAME,slakoth,True,True,True,True,8,,USE_DS,5
slate,NONE,,False,False,False,False,0,,CONVERT_GBA,4
sliggoo,EXACT_NAME,sliggoo,True,True,True,True,8,,USE_DS,5
sliggoo-hisui,EXACT_NAME,sliggoo-hisui,True,True,True,True,8,,USE_DS,5
slither-wing,EXACT_NAME,slither-wing,True,True,True,True,8,,USE_DS,5
slowbro,EXACT_NAME,slowbro,True,True,True,True,8,,USE_DS,5
slowbro-galar,EXACT_NAME,slowbro-galar,True,True,True,True,8,,USE_DS,5
slowbro-mega,EXACT_NAME,slowbro-mega,True,True,True,True,8,,USE_DS,5
slowbro-mega-galarian,NONE,,False,False,False,False,0,,CONVERT_GBA,4
slowking,EXACT_NAME,slowking,True,True,True,True,8,,USE_DS,5
slowking-galar,EXACT_NAME,slowking-galar,True,True,True,True,8,,USE_DS,5
slowking-mega,NONE,,False,False,False,False,0,,CONVERT_GBA,4
slowking-mega-galarian,NONE,,False,False,False,False,0,,CONVERT_GBA,4
slowpoke,EXACT_NAME,slowpoke,True,True,True,True,8,,USE_DS,5
slowpoke-galar,EXACT_NAME,slowpoke-galar,True,True,True,True,8,,USE_DS,5
slugma,EXACT_NAME,slugma,True,True,True,True,8,,USE_DS,5
slugma-redux,NONE,,False,False,False,False,0,,CONVERT_GBA,4
slurpuff,EXACT_NAME,slurpuff,True,True,True,True,8,,USE_DS,5
slyduck,NONE,,False,False,False,False,0,,CONVERT_GBA,4
smeargle,EXACT_NAME,smeargle,True,True,True,True,8,,USE_DS,5
smoliv,EXACT_NAME,smoliv,True,True,True,True,8,,USE_DS,5
smoochum,EXACT_NAME,smoochum,True,True,True,True,8,,USE_DS,5
sneasel,EXACT_NAME,sneasel,True,True,True,True,10,,USE_DS,5
sneasel-hisui,EXACT_NAME,sneasel-hisui,True,True,True,True,10,,USE_DS,5
sneasler,EXACT_NAME,sneasler,True,True,True,True,8,,USE_DS,5
sneasler-mega,NONE,,False,False,False,False,0,,CONVERT_GBA,4
snivy,EXACT_NAME,snivy,True,True,True,True,8,,USE_DS,5
snom,EXACT_NAME,snom,True,True,True,True,8,,USE_DS,5
snorlax,EXACT_NAME,snorlax,True,True,True,True,8,,USE_DS,5
snorlax-gmax,EXACT_NAME,snorlax-gmax,True,True,True,True,8,,USE_DS,5
snorlax-mega,NONE,,False,False,False,False,0,,CONVERT_GBA,4
snorlax-primal,NONE,,False,False,False,False,0,,CONVERT_GBA,4
snorlax-redux,NONE,,False,False,False,False,0,,CONVERT_GBA,4
snorlax-redux-mega,NONE,,False,False,False,False,0,,CONVERT_GBA,4
snorunt,EXACT_NAME,snorunt,True,True,True,True,8,,USE_DS,5
snorunt-redux,NONE,,False,False,False,False,0,,CONVERT_GBA,4
snover,EXACT_NAME,snover,True,True,True,True,10,,USE_DS,5
snubbull,EXACT_NAME,snubbull,True,True,True,True,8,,USE_DS,5
sobble,EXACT_NAME,sobble,True,True,True,True,8,,USE_DS,5
solgaleo,EXACT_NAME,solgaleo,True,True,True,True,8,,USE_DS,5
solosis,EXACT_NAME,solosis,True,True,True,True,8,,USE_DS,5
solosis-redux,NONE,,False,False,False,False,0,,CONVERT_GBA,4
solrock,EXACT_NAME,solrock,True,True,True,True,8,,USE_DS,5
solrock-system,NONE,,False,False,False,False,0,,CONVERT_GBA,4
sopranice,NONE,,False,False,False,False,0,,CONVERT_GBA,4
spearow,EXACT_NAME,spearow,True,True,True,True,8,,USE_DS,5
spearow-redux,NONE,,False,False,False,False,0,,CONVERT_GBA,4
spectrier,EXACT_NAME,spectrier,True,True,True,True,8,,USE_DS,5
spectrier-cloud,NONE,,False,False,False,False,0,,CONVERT_GBA,4
spewpa-archipelago,EXACT_NAME,spewpa-archipelago,True,True,True,True,8,,USE_DS,5
spewpa-continental,EXACT_NAME,spewpa-continental,True,True,True,True,8,,USE_DS,5
spewpa-elegant,EXACT_NAME,spewpa-elegant,True,True,True,True,8,,USE_DS,5
spewpa-fancy,EXACT_NAME,spewpa-fancy,True,True,True,True,8,,USE_DS,5
spewpa-garden,EXACT_NAME,spewpa-garden,True,True,True,True,8,,USE_DS,5
spewpa-high-plains,EXACT_NAME,spewpa-high-plains,True,True,True,True,8,,USE_DS,5
spewpa-icy-snow,EXACT_NAME,spewpa-icy-snow,True,True,True,True,8,,USE_DS,5
spewpa-jungle,EXACT_NAME,spewpa-jungle,True,True,True,True,8,,USE_DS,5
spewpa-marine,EXACT_NAME,spewpa-marine,True,True,True,True,8,,USE_DS,5
spewpa-meadow,EXACT_NAME,spewpa-meadow,True,True,True,True,8,,USE_DS,5
spewpa-modern,EXACT_NAME,spewpa-modern,True,True,True,True,8,,USE_DS,5
spewpa-monsoon,EXACT_NAME,spewpa-monsoon,True,True,True,True,8,,USE_DS,5
spewpa-ocean,EXACT_NAME,spewpa-ocean,True,True,True,True,8,,USE_DS,5
spewpa-poke-ball,EXACT_NAME,spewpa-poke-ball,True,True,True,True,8,,USE_DS,5
spewpa-polar,EXACT_NAME,spewpa-polar,True,True,True,True,8,,USE_DS,5
spewpa-river,EXACT_NAME,spewpa-river,True,True,True,True,8,,USE_DS,5
spewpa-sandstorm,EXACT_NAME,spewpa-sandstorm,True,True,True,True,8,,USE_DS,5
spewpa-savanna,EXACT_NAME,spewpa-savanna,True,True,True,True,8,,USE_DS,5
spewpa-sun,EXACT_NAME,spewpa-sun,True,True,True,True,8,,USE_DS,5
spewpa-tundra,EXACT_NAME,spewpa-tundra,True,True,True,True,8,,USE_DS,5
spheal,EXACT_NAME,spheal,True,True,True,True,8,,USE_DS,5
spidops,EXACT_NAME,spidops,True,True,True,True,8,,USE_DS,5
spinarak,EXACT_NAME,spinarak,True,True,True,True,8,,USE_DS,5
spinda,EXACT_NAME,spinda,True,True,True,True,8,,USE_DS,5
spindaze,NONE,,False,False,False,False,0,,CONVERT_GBA,4
spiritomb,EXACT_NAME,spiritomb,True,True,True,True,8,,USE_DS,15
spiritomb-redux,NONE,,False,False,False,False,0,,CONVERT_GBA,12
spoink,EXACT_NAME,spoink,True,True,True,True,10,,USE_DS,5
sprigatito,EXACT_NAME,sprigatito,True,True,True,True,8,,USE_DS,5
spritzee,EXACT_NAME,spritzee,True,True,True,True,8,,USE_DS,5
squawkabilly-blue-plumage,EXACT_NAME,squawkabilly-blue-plumage,True,True,True,True,8,,USE_DS,5
squawkabilly-green-plumage,EXACT_NAME,squawkabilly-green-plumage,True,True,True,True,8,,USE_DS,5
squawkabilly-white-plumage,EXACT_NAME,squawkabilly-white-plumage,True,True,True,True,8,,USE_DS,5
squawkabilly-yellow-plumage,EXACT_NAME,squawkabilly-yellow-plumage,True,True,True,True,8,,USE_DS,5
squirtle,EXACT_NAME,squirtle,True,True,True,True,8,,USE_DS,5
stakataka,EXACT_NAME,stakataka,True,True,True,True,8,,USE_DS,5
stantler,EXACT_NAME,stantler,True,True,True,True,8,,USE_DS,5
staraptor,EXACT_NAME,staraptor,True,True,True,True,10,,USE_DS,5
staraptor-mega,EXACT_NAME,staraptor-mega,True,True,True,True,8,,USE_DS,9
staravia,EXACT_NAME,staravia,True,True,True,True,11,,USE_DS,5
starly,EXACT_NAME,starly,True,True,True,True,10,,USE_DS,5
starmie,EXACT_NAME,starmie,True,True,True,True,8,,USE_DS,5
starmie-mega,EXACT_NAME,starmie-mega,True,True,True,True,8,,USE_DS,9
staryu,EXACT_NAME,staryu,True,True,True,True,8,,USE_DS,5
steelix,EXACT_NAME,steelix,True,True,True,True,10,,USE_DS,5
steelix-mega,EXACT_NAME,steelix-mega,True,True,True,True,8,,USE_DS,5
steenee,EXACT_NAME,steenee,True,True,True,True,8,,USE_DS,5
steenee-redux,NONE,,False,False,False,False,0,,CONVERT_GBA,4
stonjourner,EXACT_NAME,stonjourner,True,True,True,True,8,,USE_DS,5
storming,NONE,,False,False,False,False,0,,CONVERT_GBA,4
stoutland,EXACT_NAME,stoutland,True,True,True,True,8,,USE_DS,5
stufful,EXACT_NAME,stufful,True,True,True,True,8,,USE_DS,5
stufful-redux,NONE,,False,False,False,False,0,,CONVERT_GBA,4
stunfisk,EXACT_NAME,stunfisk,True,True,True,True,8,,USE_DS,5
stunfisk-galar,EXACT_NAME,stunfisk-galar,True,True,True,True,8,,USE_DS,5
stunky,EXACT_NAME,stunky,True,True,True,True,8,,USE_DS,5
sudowoodo,EXACT_NAME,sudowoodo,True,True,True,True,10,,USE_DS,5
suicune,EXACT_NAME,suicune,True,True,True,True,8,,USE_DS,5
sunflora,EXACT_NAME,sunflora,True,True,True,True,8,,USE_DS,5
sunkern,EXACT_NAME,sunkern,True,True,True,True,8,,USE_DS,5
surskit,EXACT_NAME,surskit,True,True,True,True,8,,USE_DS,5
swablu,EXACT_NAME,swablu,True,True,True,True,8,,USE_DS,5
swablu-redux,NONE,,False,False,False,False,0,,CONVERT_GBA,4
swadloon,EXACT_NAME,swadloon,True,True,True,True,8,,USE_DS,5
swalot,EXACT_NAME,swalot,True,True,True,True,10,,USE_DS,5
swalot-mega,NONE,,False,False,False,False,0,,CONVERT_GBA,4
swampage,NONE,,False,False,False,False,0,,CONVERT_GBA,4
swampage-mega,NONE,,False,False,False,False,0,,CONVERT_GBA,4
swampert,EXACT_NAME,swampert,True,True,True,True,8,,USE_DS,5
swampert-mega,EXACT_NAME,swampert-mega,True,True,True,True,8,,USE_DS,5
swanna,EXACT_NAME,swanna,True,True,True,True,8,,USE_DS,5
swellow,EXACT_NAME,swellow,True,True,True,True,8,,USE_DS,5
swinub,EXACT_NAME,swinub,True,True,True,True,8,,USE_DS,5
swinub-redux,NONE,,False,False,False,False,0,,CONVERT_GBA,4
swirlix,EXACT_NAME,swirlix,True,True,True,True,8,,USE_DS,5
swoobat,EXACT_NAME,swoobat,True,True,True,True,8,,USE_DS,5
sylveon,EXACT_NAME,sylveon,True,True,True,True,8,,USE_DS,5
tadbulb,EXACT_NAME,tadbulb,True,True,True,True,8,,USE_DS,5
taillow,EXACT_NAME,taillow,True,True,True,True,8,,USE_DS,5
talonflame,EXACT_NAME,talonflame,True,True,True,True,8,,USE_DS,5
talonflame-mega,NONE,,False,False,False,False,0,,CONVERT_GBA,4
tandemaus,EXACT_NAME,tandemaus,True,True,True,True,8,,USE_DS,5
tangela,EXACT_NAME,tangela,True,True,True,True,8,,USE_DS,5
tangrowth,EXACT_NAME,tangrowth,True,True,True,True,10,,USE_DS,15
tapu-bulu,EXACT_NAME,tapu-bulu,True,True,True,True,9,,USE_DS,5
tapu-fini,EXACT_NAME,tapu-fini,True,True,True,True,8,,USE_DS,5
tapu-koko,EXACT_NAME,tapu-koko,True,True,True,True,8,,USE_DS,5
tapu-lele,EXACT_NAME,tapu-lele,True,True,True,True,8,,USE_DS,5
tarountula,EXACT_NAME,tarountula,True,True,True,True,8,,USE_DS,5
tatsugiri-curly,EXACT_NAME,tatsugiri-curly,True,True,True,True,8,,USE_DS,5
tatsugiri-droopy,EXACT_NAME,tatsugiri-droopy,True,True,True,True,8,,USE_DS,5
tatsugiri-mega,NONE,,False,False,False,False,0,,CONVERT_GBA,4
tatsugiri-stretchy,EXACT_NAME,tatsugiri-stretchy,True,True,True,True,8,,USE_DS,5
tauros,EXACT_NAME,tauros,True,True,True,True,8,,USE_DS,5
tauros-paldea-aqua-breed,EXACT_NAME,tauros-paldea-aqua-breed,True,True,True,True,8,,USE_DS,5
tauros-paldea-blaze-breed,EXACT_NAME,tauros-paldea-blaze-breed,True,True,True,True,8,,USE_DS,5
tauros-paldea-combat-breed,EXACT_NAME,tauros-paldea-combat-breed,True,True,True,True,8,,USE_DS,5
teddiursa,EXACT_NAME,teddiursa,True,True,True,True,8,,USE_DS,5
tentacool,EXACT_NAME,tentacool,True,True,True,True,8,,USE_DS,5
tentacruel,EXACT_NAME,tentacruel,True,True,True,True,8,,USE_DS,5
tentagrewl,NONE,,False,False,False,False,0,,CONVERT_GBA,4
tepig,EXACT_NAME,tepig,True,True,True,True,10,,USE_DS,5
terapagos,EXACT_NAME,terapagos,True,True,True,True,8,,USE_DS,5
terapagos-terastal,EXACT_NAME,terapagos-terastal,True,True,True,True,8,,USE_DS,5
terrakion,EXACT_NAME,terrakion,True,True,True,True,8,,USE_DS,5
thievul,EXACT_NAME,thievul,True,True,True,True,8,,USE_DS,5
throh,EXACT_NAME,throh,True,True,True,True,8,,USE_DS,5
throh-redux,NONE,,False,False,False,False,0,,CONVERT_GBA,4
thundurus-incarnate,EXACT_NAME,thundurus-incarnate,True,True,True,True,8,,USE_DS,5
thundurus-therian,EXACT_NAME,thundurus-therian,True,True,True,True,8,,USE_DS,5
thwackey,EXACT_NAME,thwackey,True,True,True,True,8,,USE_DS,5
timburr,EXACT_NAME,timburr,True,True,True,True,8,,USE_DS,5
ting-lu,EXACT_NAME,ting-lu,True,True,True,True,8,,USE_DS,5
tinkatink,EXACT_NAME,tinkatink,True,True,True,True,8,,USE_DS,5
tinkatink-redux,NONE,,False,False,False,False,0,,CONVERT_GBA,4
tinkaton,EXACT_NAME,tinkaton,True,True,True,True,8,,USE_DS,5
tinkaton-mega,NONE,,False,False,False,False,0,,CONVERT_GBA,4
tinkaton-redux,NONE,,False,False,False,False,0,,CONVERT_GBA,4
tinkaton-redux-mega,NONE,,False,False,False,False,0,,CONVERT_GBA,4
tinkatuff,EXACT_NAME,tinkatuff,True,True,True,True,8,,USE_DS,5
tinkatuff-redux,NONE,,False,False,False,False,0,,CONVERT_GBA,4
tirtouga,EXACT_NAME,tirtouga,True,True,True,True,8,,USE_DS,5
toedscool,EXACT_NAME,toedscool,True,True,True,True,8,,USE_DS,5
toedscruel,EXACT_NAME,toedscruel,True,True,True,True,8,,USE_DS,5
togedemaru,EXACT_NAME,togedemaru,True,True,True,True,8,,USE_DS,5
togekiss,EXACT_NAME,togekiss,True,True,True,True,8,,USE_DS,5
togepi,EXACT_NAME,togepi,True,True,True,True,8,,USE_DS,5
togetic,EXACT_NAME,togetic,True,True,True,True,8,,USE_DS,5
torchic,EXACT_NAME,torchic,True,True,True,True,10,,USE_DS,5
torkoal,EXACT_NAME,torkoal,True,True,True,True,8,,USE_DS,5
tornadus-incarnate,EXACT_NAME,tornadus-incarnate,True,True,True,True,8,,USE_DS,5
tornadus-therian,EXACT_NAME,tornadus-therian,True,True,True,True,8,,USE_DS,5
torracat,EXACT_NAME,torracat,True,True,True,True,8,,USE_DS,5
torrentula,NONE,,False,False,False,False,0,,CONVERT_GBA,4
tortemple,NONE,,False,False,False,False,0,,CONVERT_GBA,4
torterra,EXACT_NAME,torterra,True,True,True,True,8,,USE_DS,5
torterra-mega,NONE,,False,False,False,False,0,,CONVERT_GBA,4
torterra-redux,NONE,,False,False,False,False,0,,CONVERT_GBA,4
torterra-redux-mega,NONE,,False,False,False,False,0,,CONVERT_GBA,4
totodile,EXACT_NAME,totodile,True,True,True,True,8,,USE_DS,5
toucannon,EXACT_NAME,toucannon,True,True,True,True,8,,USE_DS,5
toucannon-mega,NONE,,False,False,False,False,0,,CONVERT_GBA,4
toxapex,EXACT_NAME,toxapex,True,True,True,True,8,,USE_DS,5
toxel,EXACT_NAME,toxel,True,True,True,True,8,,USE_DS,5
toxel-redux,NONE,,False,False,False,False,0,,CONVERT_GBA,4
toxicroak,EXACT_NAME,toxicroak,True,True,True,True,10,,USE_DS,5
toxtricity-amped,EXACT_NAME,toxtricity-amped,True,True,True,True,8,,USE_DS,5
toxtricity-amped-gmax,EXACT_NAME,toxtricity-amped-gmax,True,True,True,True,8,,USE_DS,5
toxtricity-low-key,EXACT_NAME,toxtricity-low-key,True,True,True,True,8,,USE_DS,5
toxtricity-low-key-gmax,EXACT_NAME,toxtricity-low-key-gmax,True,True,True,True,8,,USE_DS,5
toxtricity-mega,NONE,,False,False,False,False,0,,CONVERT_GBA,4
toxtricity-redux,NONE,,False,False,False,False,0,,CONVERT_GBA,4
toxtricity-redux-fuzz,NONE,,False,False,False,False,0,,CONVERT_GBA,4
toxtricity-redux-fuzz-mega,NONE,,False,False,False,False,0,,CONVERT_GBA,4
toxtricity-redux-mega,NONE,,False,False,False,False,0,,CONVERT_GBA,4
tranquill,EXACT_NAME,tranquill,True,True,True,True,8,,USE_DS,5
trapinch,EXACT_NAME,trapinch,True,True,True,True,8,,USE_DS,5
trapinch-redux,NONE,,False,False,False,False,0,,CONVERT_GBA,4
treecko,EXACT_NAME,treecko,True,True,True,True,8,,USE_DS,5
trevenant,EXACT_NAME,trevenant,True,True,True,True,8,,USE_DS,5
tropius,EXACT_NAME,tropius,True,True,True,True,8,,USE_DS,5
trubbish,EXACT_NAME,trubbish,True,True,True,True,8,,USE_DS,5
trumbeak,EXACT_NAME,trumbeak,True,True,True,True,8,,USE_DS,5
tsareena,EXACT_NAME,tsareena,True,True,True,True,8,,USE_DS,5
tsareena-mega,NONE,,False,False,False,False,0,,CONVERT_GBA,4
tsareena-redux,NONE,,False,False,False,False,0,,CONVERT_GBA,4
tsareena-redux-mega,NONE,,False,False,False,False,0,,CONVERT_GBA,4
turtonator,EXACT_NAME,turtonator,True,True,True,True,8,,USE_DS,5
turtwig,EXACT_NAME,turtwig,True,True,True,True,10,,USE_DS,5
turtwig-redux,NONE,,False,False,False,False,0,,CONVERT_GBA,4
tympole,EXACT_NAME,tympole,True,True,True,True,8,,USE_DS,5
tynamo,EXACT_NAME,tynamo,True,True,True,True,8,,USE_DS,5
type-null,EXACT_NAME,type-null,True,True,True,True,8,,USE_DS,5
typhlosion,EXACT_NAME,typhlosion,True,True,True,True,8,,USE_DS,5
typhlosion-hisui,EXACT_NAME,typhlosion-hisui,True,True,True,True,8,,USE_DS,5
typhlosion-hisuian-mega,NONE,,False,False,False,False,0,,CONVERT_GBA,4
typhlosion-mega,NONE,,False,False,False,False,0,,CONVERT_GBA,4
tyranitar,EXACT_NAME,tyranitar,True,True,True,True,8,,USE_DS,5
tyranitar-mega,EXACT_NAME,tyranitar-mega,True,True,True,True,8,,USE_DS,5
tyranitar-mega-redux,NONE,,False,False,False,False,0,,CONVERT_GBA,4
tyranitar-redux,NONE,,False,False,False,False,0,,CONVERT_GBA,4
tyranjoula,NONE,,False,False,False,False,0,,CONVERT_GBA,4
tyrantrum,EXACT_NAME,tyrantrum,True,True,True,True,8,,USE_DS,5
tyrogue,EXACT_NAME,tyrogue,True,True,True,True,8,,USE_DS,5
tyrunt,EXACT_NAME,tyrunt,True,True,True,True,8,,USE_DS,5
umbreon,EXACT_NAME,umbreon,True,True,True,True,8,,USE_DS,5
unfezant,EXACT_NAME,unfezant,True,True,True,True,12,,USE_DS,5
unown-a,EXACT_NAME,unown-a,True,True,True,True,8,,USE_DS,5
unown-b,EXACT_NAME,unown-b,True,True,True,True,8,,USE_DS,5
unown-c,EXACT_NAME,unown-c,True,True,True,True,8,,USE_DS,5
unown-d,EXACT_NAME,unown-d,True,True,True,True,8,,USE_DS,5
unown-e,EXACT_NAME,unown-e,True,True,True,True,8,,USE_DS,5
unown-exclamation,EXACT_NAME,unown-exclamation,True,True,True,True,8,,USE_DS,5
unown-f,EXACT_NAME,unown-f,True,True,True,True,8,,USE_DS,5
unown-g,EXACT_NAME,unown-g,True,True,True,True,8,,USE_DS,5
unown-h,EXACT_NAME,unown-h,True,True,True,True,8,,USE_DS,5
unown-i,EXACT_NAME,unown-i,True,True,True,True,8,,USE_DS,5
unown-j,EXACT_NAME,unown-j,True,True,True,True,8,,USE_DS,5
unown-k,EXACT_NAME,unown-k,True,True,True,True,8,,USE_DS,5
unown-l,EXACT_NAME,unown-l,True,True,True,True,8,,USE_DS,5
unown-m,EXACT_NAME,unown-m,True,True,True,True,8,,USE_DS,5
unown-n,EXACT_NAME,unown-n,True,True,True,True,8,,USE_DS,5
unown-o,EXACT_NAME,unown-o,True,True,True,True,8,,USE_DS,5
unown-p,EXACT_NAME,unown-p,True,True,True,True,8,,USE_DS,5
unown-q,EXACT_NAME,unown-q,True,True,True,True,8,,USE_DS,5
unown-question,EXACT_NAME,unown-question,True,True,True,True,8,,USE_DS,5
unown-r,EXACT_NAME,unown-r,True,True,True,True,8,,USE_DS,5
unown-revelation,NONE,,False,False,False,False,0,,CONVERT_GBA,4
unown-s,EXACT_NAME,unown-s,True,True,True,True,8,,USE_DS,5
unown-t,EXACT_NAME,unown-t,True,True,True,True,8,,USE_DS,5
unown-u,EXACT_NAME,unown-u,True,True,True,True,8,,USE_DS,5
unown-v,EXACT_NAME,unown-v,True,True,True,True,8,,USE_DS,5
unown-w,EXACT_NAME,unown-w,True,True,True,True,8,,USE_DS,5
unown-x,EXACT_NAME,unown-x,True,True,True,True,8,,USE_DS,5
unown-y,EXACT_NAME,unown-y,True,True,True,True,8,,USE_DS,5
unown-z,EXACT_NAME,unown-z,True,True,True,True,8,,USE_DS,5
ursaluna,EXACT_NAME,ursaluna,True,True,True,True,8,,USE_DS,5
ursaluna-bloodmoon,EXACT_NAME,ursaluna-bloodmoon,True,True,True,True,8,,USE_DS,5
ursaluna-mega,NONE,,False,False,False,False,0,,CONVERT_GBA,4
ursaring,EXACT_NAME,ursaring,True,True,True,True,10,,USE_DS,5
urshifu-mega,NONE,,False,False,False,False,0,,CONVERT_GBA,4
urshifu-rapid-strike,EXACT_NAME,urshifu-rapid-strike,True,True,True,True,8,,USE_DS,5
urshifu-rapid-strike-gmax,EXACT_NAME,urshifu-rapid-strike-gmax,True,True,True,True,8,,USE_DS,5
urshifu-rapid-strike-style-mega,NONE,,False,False,False,False,0,,CONVERT_GBA,4
urshifu-single-strike,EXACT_NAME,urshifu-single-strike,True,True,True,True,8,,USE_DS,5
urshifu-single-strike-gmax,EXACT_NAME,urshifu-single-strike-gmax,True,True,True,True,8,,USE_DS,5
uxie,EXACT_NAME,uxie,True,True,True,True,8,,USE_DS,5
uxie-redux,NONE,,False,False,False,False,0,,CONVERT_GBA,4
vanillish,EXACT_NAME,vanillish,True,True,True,True,8,,USE_DS,5
vanillish-redux,NONE,,False,False,False,False,0,,CONVERT_GBA,4
vanillite,EXACT_NAME,vanillite,True,True,True,True,8,,USE_DS,5
vanillite-redux,NONE,,False,False,False,False,0,,CONVERT_GBA,4
vanilluxe,EXACT_NAME,vanilluxe,True,True,True,True,8,,USE_DS,5
vanilluxe-mega,NONE,,False,False,False,False,0,,CONVERT_GBA,4
vanilluxe-redux,NONE,,False,False,False,False,0,,CONVERT_GBA,4
vanilluxe-redux-mega,NONE,,False,False,False,False,0,,CONVERT_GBA,4
vaporeon,EXACT_NAME,vaporeon,True,True,True,True,8,,USE_DS,5
varoom,EXACT_NAME,varoom,True,True,True,True,8,,USE_DS,5
velozel,NONE,,False,False,False,False,0,,CONVERT_GBA,4
veluza,EXACT_NAME,veluza,True,True,True,True,8,,USE_DS,5
venipede,EXACT_NAME,venipede,True,True,True,True,8,,USE_DS,5
venomoth,EXACT_NAME,venomoth,True,True,True,True,8,,USE_DS,5
venonat,EXACT_NAME,venonat,True,True,True,True,8,,USE_DS,5
venusaur,EXACT_NAME,venusaur,True,True,True,True,10,,USE_DS,5
venusaur-gmax,EXACT_NAME,venusaur-gmax,True,True,True,True,8,,USE_DS,5
venusaur-mega,EXACT_NAME,venusaur-mega,True,True,True,True,8,,USE_DS,5
venusaur-mega-x,NONE,,False,False,False,False,0,,CONVERT_GBA,4
vespiquen,EXACT_NAME,vespiquen,True,True,True,True,8,,USE_DS,5
vibrava,EXACT_NAME,vibrava,True,True,True,True,8,,USE_DS,5
vibrava-redux,NONE,,False,False,False,False,0,,CONVERT_GBA,4
victini,EXACT_NAME,victini,True,True,True,True,8,,USE_DS,5
victini-primal,NONE,,False,False,False,False,0,,CONVERT_GBA,4
victreebel,EXACT_NAME,victreebel,True,True,True,True,8,,USE_DS,5
victreebel-mega,EXACT_NAME,victreebel-mega,True,True,True,True,8,,USE_DS,9
victreebel-redux,NONE,,False,False,False,False,0,,CONVERT_GBA,4
vigoroth,EXACT_NAME,vigoroth,True,True,True,True,8,,USE_DS,5
vikavolt,EXACT_NAME,vikavolt,True,True,True,True,8,,USE_DS,5
vileplume,EXACT_NAME,vileplume,True,True,True,True,10,,USE_DS,5
virizion,EXACT_NAME,virizion,True,True,True,True,8,,USE_DS,5
vivillon-archipelago,EXACT_NAME,vivillon-archipelago,True,True,True,True,8,,USE_DS,5
vivillon-continental,EXACT_NAME,vivillon-continental,True,True,True,True,8,,USE_DS,5
vivillon-elegant,EXACT_NAME,vivillon-elegant,True,True,True,True,8,,USE_DS,5
vivillon-fancy,EXACT_NAME,vivillon-fancy,True,True,True,True,8,,USE_DS,5
vivillon-garden,EXACT_NAME,vivillon-garden,True,True,True,True,8,,USE_DS,5
vivillon-high-plains,EXACT_NAME,vivillon-high-plains,True,True,True,True,8,,USE_DS,5
vivillon-icy-snow,EXACT_NAME,vivillon-icy-snow,True,True,True,True,8,,USE_DS,5
vivillon-jungle,EXACT_NAME,vivillon-jungle,True,True,True,True,8,,USE_DS,5
vivillon-marine,EXACT_NAME,vivillon-marine,True,True,True,True,8,,USE_DS,5
vivillon-meadow,EXACT_NAME,vivillon-meadow,True,True,True,True,8,,USE_DS,5
vivillon-modern,EXACT_NAME,vivillon-modern,True,True,True,True,8,,USE_DS,5
vivillon-monsoon,EXACT_NAME,vivillon-monsoon,True,True,True,True,8,,USE_DS,5
vivillon-ocean,EXACT_NAME,vivillon-ocean,True,True,True,True,8,,USE_DS,5
vivillon-poke-ball,EXACT_NAME,vivillon-poke-ball,True,True,True,True,8,,USE_DS,5
vivillon-polar,EXACT_NAME,vivillon-polar,True,True,True,True,8,,USE_DS,5
vivillon-river,EXACT_NAME,vivillon-river,True,True,True,True,8,,USE_DS,5
vivillon-sandstorm,EXACT_NAME,vivillon-sandstorm,True,True,True,True,8,,USE_DS,5
vivillon-savanna,EXACT_NAME,vivillon-savanna,True,True,True,True,8,,USE_DS,5
vivillon-sun,EXACT_NAME,vivillon-sun,True,True,True,True,8,,USE_DS,5
vivillon-tundra,EXACT_NAME,vivillon-tundra,True,True,True,True,8,,USE_DS,5
volbeat,EXACT_NAME,volbeat,True,True,True,True,8,,USE_DS,5
volcanion,EXACT_NAME,volcanion,True,True,True,True,8,,USE_DS,5
volcarona,EXACT_NAME,volcarona,True,True,True,True,8,,USE_DS,5
volcarona-redux,NONE,,False,False,False,False,0,,CONVERT_GBA,4
voltorb,EXACT_NAME,voltorb,True,True,True,True,8,,USE_DS,5
voltorb-hisui,EXACT_NAME,voltorb-hisui,True,True,True,True,8,,USE_DS,5
vullaby,EXACT_NAME,vullaby,True,True,True,True,8,,USE_DS,5
vulpix,EXACT_NAME,vulpix,True,True,True,True,8,,USE_DS,5
vulpix-alola,EXACT_NAME,vulpix-alola,True,True,True,True,8,,USE_DS,5
wailmer,EXACT_NAME,wailmer,True,True,True,True,8,,USE_DS,5
wailord,EXACT_NAME,wailord,True,True,True,True,8,,USE_DS,5
walking-wake,EXACT_NAME,walking-wake,True,True,True,True,8,,USE_DS,5
walrein,EXACT_NAME,walrein,True,True,True,True,8,,USE_DS,5
wartortle,EXACT_NAME,wartortle,True,True,True,True,8,,USE_DS,5
watchog,EXACT_NAME,watchog,True,True,True,True,8,,USE_DS,5
wattrel,EXACT_NAME,wattrel,True,True,True,True,8,,USE_DS,5
weavile,EXACT_NAME,weavile,True,True,True,True,10,,USE_DS,15
weavile-mega,NONE,,False,False,False,False,0,,CONVERT_GBA,12
weavile-redux,NONE,,False,False,False,False,0,,CONVERT_GBA,12
weavile-redux-mega,NONE,,False,False,False,False,0,,CONVERT_GBA,12
weedle,EXACT_NAME,weedle,True,True,True,True,8,,USE_DS,5
weedle-redux,NONE,,False,False,False,False,0,,CONVERT_GBA,4
weepinbell,EXACT_NAME,weepinbell,True,True,True,True,8,,USE_DS,5
weepinbell-redux,NONE,,False,False,False,False,0,,CONVERT_GBA,4
weezing,EXACT_NAME,weezing,True,True,True,True,8,,USE_DS,5
weezing-galar,EXACT_NAME,weezing-galar,True,True,True,True,8,,USE_DS,5
whimsicott,EXACT_NAME,whimsicott,True,True,True,True,8,,USE_DS,5
whirlipede,EXACT_NAME,whirlipede,True,True,True,True,8,,USE_DS,5
whiscash,EXACT_NAME,whiscash,True,True,True,True,8,,USE_DS,5
whismur,EXACT_NAME,whismur,True,True,True,True,8,,USE_DS,5
whismur-redux,NONE,,False,False,False,False,0,,CONVERT_GBA,4
wigglytuff,EXACT_NAME,wigglytuff,True,True,True,True,8,,USE_DS,5
wigglytuff-apex,NONE,,False,False,False,False,0,,CONVERT_GBA,4
wigglytuff-mega,NONE,,False,False,False,False,0,,CONVERT_GBA,4
wigglytuff-mega-x,NONE,,False,False,False,False,0,,CONVERT_GBA,4
wigglytuff-primal,NONE,,False,False,False,False,0,,CONVERT_GBA,4
wiglett,EXACT_NAME,wiglett,True,True,True,True,8,,USE_DS,5
wimpod,EXACT_NAME,wimpod,True,True,True,True,8,,USE_DS,5
wingull,EXACT_NAME,wingull,True,True,True,True,8,,USE_DS,5
wishiwashi-school,EXACT_NAME,wishiwashi-school,True,True,True,True,8,,USE_DS,5
wishiwashi-solo,EXACT_NAME,wishiwashi-solo,True,True,True,True,10,,USE_DS,5
wispywaspy,NONE,,False,False,False,False,0,,CONVERT_GBA,4
wispywaspy-hivemind,NONE,,False,False,False,False,0,,CONVERT_GBA,4
wo-chien,EXACT_NAME,wo-chien,True,True,True,True,8,,USE_DS,5
wobbuffet,EXACT_NAME,wobbuffet,True,True,True,True,10,,USE_DS,5
woobat,EXACT_NAME,woobat,True,True,True,True,8,,USE_DS,5
wooloo,EXACT_NAME,wooloo,True,True,True,True,9,,USE_DS,5
wooly-worm,NONE,,False,False,False,False,0,,CONVERT_GBA,4
wooper,EXACT_NAME,wooper,True,True,True,True,10,,USE_DS,5
wooper-paldea,EXACT_NAME,wooper-paldea,True,True,True,True,8,,USE_DS,5
wormadam-plant,EXACT_NAME,wormadam-plant,True,True,True,True,8,,USE_DS,5
wormadam-sandy,EXACT_NAME,wormadam-sandy,True,True,True,True,8,,USE_DS,5
wormadam-trash,EXACT_NAME,wormadam-trash,True,True,True,True,8,,USE_DS,5
wugtrio,EXACT_NAME,wugtrio,True,True,True,True,8,,USE_DS,5
wurmple,EXACT_NAME,wurmple,True,True,True,True,8,,USE_DS,5
wynaut,EXACT_NAME,wynaut,True,True,True,True,8,,USE_DS,5
wyrdeer,EXACT_NAME,wyrdeer,True,True,True,True,8,,USE_DS,5
xatu,EXACT_NAME,xatu,True,True,True,True,10,,USE_DS,5
xerneas-active,EXACT_NAME,xerneas-active,True,True,True,True,8,,USE_DS,5
xerneas-neutral,EXACT_NAME,xerneas-neutral,True,True,True,True,8,,USE_DS,5
xurkitree,EXACT_NAME,xurkitree,True,True,True,True,8,,USE_DS,5
yamask,EXACT_NAME,yamask,True,True,True,True,8,,USE_DS,5
yamask-galar,EXACT_NAME,yamask-galar,True,True,True,True,8,,USE_DS,5
yamper,EXACT_NAME,yamper,True,True,True,True,8,,USE_DS,5
yanma,EXACT_NAME,yanma,True,True,True,True,8,,USE_DS,5
yanmega,EXACT_NAME,yanmega,True,True,True,True,8,,USE_DS,15
yungoos,EXACT_NAME,yungoos,True,True,True,True,8,,USE_DS,5
yveltal,EXACT_NAME,yveltal,True,True,True,True,8,,USE_DS,5
yveltal-mega,NONE,,False,False,False,False,0,,CONVERT_GBA,4
zacian,EXACT_NAME,zacian,True,True,True,True,8,,USE_DS,5
zacian-crowned,EXACT_NAME,zacian-crowned,True,True,True,True,8,,USE_DS,5
zamazenta,EXACT_NAME,zamazenta,True,True,True,True,8,,USE_DS,5
zamazenta-crowned,EXACT_NAME,zamazenta-crowned,True,True,True,True,8,,USE_DS,5
zangoose,EXACT_NAME,zangoose,True,True,True,True,8,,USE_DS,5
zapdos,EXACT_NAME,zapdos,True,True,True,True,10,,USE_DS,5
zapdos-ex,NONE,,False,False,False,False,0,,CONVERT_GBA,4
zapdos-ex-mega,NONE,,False,False,False,False,0,,CONVERT_GBA,4
zapdos-galar,EXACT_NAME,zapdos-galar,True,True,True,True,9,,USE_DS,5
zarude,EXACT_NAME,zarude,True,True,True,True,8,,USE_DS,5
zarude-dada,EXACT_NAME,zarude-dada,True,True,True,True,8,,USE_DS,5
zebstrika,EXACT_NAME,zebstrika,True,True,True,True,8,,USE_DS,5
zekrom,EXACT_NAME,zekrom,True,True,True,True,8,,USE_DS,5
zeraora,EXACT_NAME,zeraora,True,True,True,True,8,,USE_DS,5
zeraora-mega,EXACT_NAME,zeraora-mega,True,True,True,True,8,,USE_DS,9
zigzagoon,EXACT_NAME,zigzagoon,True,True,True,True,8,,USE_DS,5
zigzagoon-galar,EXACT_NAME,zigzagoon-galar,True,True,True,True,8,,USE_DS,5
zoroark,EXACT_NAME,zoroark,True,True,True,True,10,,USE_DS,5
zoroark-hisui,EXACT_NAME,zoroark-hisui,True,True,True,True,8,,USE_DS,5
zorua,EXACT_NAME,zorua,True,True,True,True,8,,USE_DS,5
zorua-hisui,EXACT_NAME,zorua-hisui,True,True,True,True,8,,USE_DS,5
zubat,EXACT_NAME,zubat,True,True,True,True,10,,USE_DS,5
zweilous,EXACT_NAME,zweilous,True,True,True,True,8,,USE_DS,5
zweilous-redux,NONE,,False,False,False,False,0,,CONVERT_GBA,4
zygarde-10,EXACT_NAME,zygarde-10,True,True,True,True,8,,USE_DS,5
zygarde-10-power-construct,EXACT_NAME,zygarde-10-power-construct,True,True,True,True,8,,USE_DS,5
zygarde-50,EXACT_NAME,zygarde-50,True,True,True,True,8,,USE_DS,5
zygarde-50-power-construct,EXACT_NAME,zygarde-50-power-construct,True,True,True,True,8,,USE_DS,5
zygarde-complete,EXACT_NAME,zygarde-complete,True,True,True,True,8,,USE_DS,5
zygarde-complete-mega,NONE,,False,False,False,False,0,,CONVERT_GBA,4
zygarde-mega,EXACT_NAME,zygarde-mega,True,True,True,True,9,,USE_DS,5
