mercury_key,match_type,ds_key,ds_front,ds_back,ds_shiny_front,ds_shiny_back,ds_asset_count,mercury_replacement_status,recommendation,mercury_reference_count,triage_category,next_action,partial_ds_support
abomasnow-santa,NONE,,False,False,False,False,0,,CONVERT_GBA,11,BASE_OR_OTHER,SEARCH_MORE_DS_SOURCES_THEN_CONVERT,
abra-redux,NONE,,False,False,False,False,0,,CONVERT_GBA,11,REDUX_OR_DELTA_STYLE,CONVERT_IF_SOURCE_CLEAN_ELSE_REVIEW,
abyssand,NONE,,False,False,False,False,0,,CONVERT_GBA,11,BASE_OR_OTHER,SEARCH_MORE_DS_SOURCES_THEN_CONVERT,
aegislash-blade-redux,NONE,,False,False,False,False,0,,CONVERT_GBA,11,REDUX_OR_DELTA_STYLE,CONVERT_IF_SOURCE_CLEAN_ELSE_REVIEW,
aegislash-blade-redux-mega,NONE,,False,False,False,False,0,,CONVERT_GBA,11,REDUX_OR_DELTA_STYLE,CONVERT_IF_SOURCE_CLEAN_ELSE_REVIEW,
aegislash-redux,NONE,,False,False,False,False,0,,CONVERT_GBA,11,REDUX_OR_DELTA_STYLE,CONVERT_IF_SOURCE_CLEAN_ELSE_REVIEW,
aegislash-redux-mega,NONE,,False,False,False,False,0,,CONVERT_GBA,11,REDUX_OR_DELTA_STYLE,CONVERT_IF_SOURCE_CLEAN_ELSE_REVIEW,
aggron-redux,NONE,,False,False,False,False,0,,CONVERT_GBA,11,REDUX_OR_DELTA_STYLE,CONVERT_IF_SOURCE_CLEAN_ELSE_REVIEW,
aggron-redux-mega,NONE,,False,False,False,False,0,,CONVERT_GBA,11,REDUX_OR_DELTA_STYLE,CONVERT_IF_SOURCE_CLEAN_ELSE_REVIEW,
alakazam-mega-redux,NONE,,False,False,False,False,0,,CONVERT_GBA,11,REDUX_OR_DELTA_STYLE,CONVERT_IF_SOURCE_CLEAN_ELSE_REVIEW,
alakazam-redux,NONE,,False,False,False,False,0,,CONVERT_GBA,11,REDUX_OR_DELTA_STYLE,CONVERT_IF_SOURCE_CLEAN_ELSE_REVIEW,
alcremie-mega,NONE,,False,False,False,False,0,,CONVERT_GBA,4,CUSTOM_MEGA,CONVERT_IF_SOURCE_CLEAN_ELSE_NATIVE_REMAKE,
altaria-redux,NONE,,False,False,False,False,0,,CONVERT_GBA,4,REDUX_OR_DELTA_STYLE,CONVERT_IF_SOURCE_CLEAN_ELSE_REVIEW,
altaria-redux-mega,NONE,,False,False,False,False,0,,CONVERT_GBA,4,REDUX_OR_DELTA_STYLE,CONVERT_IF_SOURCE_CLEAN_ELSE_REVIEW,
amphybuzz,NONE,,False,False,False,False,0,,CONVERT_GBA,4,BASE_OR_OTHER,SEARCH_MORE_DS_SOURCES_THEN_CONVERT,
amphybuzz-mega,NONE,,False,False,False,False,0,,CONVERT_GBA,4,CUSTOM_MEGA,CONVERT_IF_SOURCE_CLEAN_ELSE_NATIVE_REMAKE,
arachtres,NONE,,False,False,False,False,0,,CONVERT_GBA,4,BASE_OR_OTHER,SEARCH_MORE_DS_SOURCES_THEN_CONVERT,
araquanid-redux,NONE,,False,False,False,False,0,,CONVERT_GBA,4,REDUX_OR_DELTA_STYLE,CONVERT_IF_SOURCE_CLEAN_ELSE_REVIEW,
arashinne,NONE,,False,False,False,False,0,,CONVERT_GBA,4,BASE_OR_OTHER,SEARCH_MORE_DS_SOURCES_THEN_CONVERT,
arbok-mega,NONE,,False,False,False,False,0,,CONVERT_GBA,4,CUSTOM_MEGA,CONVERT_IF_SOURCE_CLEAN_ELSE_NATIVE_REMAKE,
arcanine-hisuian-mega,NONE,,False,False,False,False,0,,CONVERT_GBA,4,CUSTOM_MEGA,CONVERT_IF_SOURCE_CLEAN_ELSE_NATIVE_REMAKE,
arcanine-mega,NONE,,False,False,False,False,0,,CONVERT_GBA,4,CUSTOM_MEGA,CONVERT_IF_SOURCE_CLEAN_ELSE_NATIVE_REMAKE,
arcanine-mega-redux,NONE,,False,False,False,False,0,,CONVERT_GBA,4,REDUX_OR_DELTA_STYLE,CONVERT_IF_SOURCE_CLEAN_ELSE_REVIEW,
arcanine-redux,NONE,,False,False,False,False,0,,CONVERT_GBA,4,REDUX_OR_DELTA_STYLE,CONVERT_IF_SOURCE_CLEAN_ELSE_REVIEW,
aron-redux,NONE,,False,False,False,False,0,,CONVERT_GBA,4,REDUX_OR_DELTA_STYLE,CONVERT_IF_SOURCE_CLEAN_ELSE_REVIEW,
articuno-ex,NONE,,False,False,False,False,0,,CONVERT_GBA,4,BASE_OR_OTHER,SEARCH_MORE_DS_SOURCES_THEN_CONVERT,
articuno-ex-mega,NONE,,False,False,False,False,0,,CONVERT_GBA,4,CUSTOM_MEGA,CONVERT_IF_SOURCE_CLEAN_ELSE_NATIVE_REMAKE,
azelf-redux,NONE,,False,False,False,False,0,,CONVERT_GBA,4,REDUX_OR_DELTA_STYLE,CONVERT_IF_SOURCE_CLEAN_ELSE_REVIEW,
bariong,NONE,,False,False,False,False,0,,CONVERT_GBA,4,BASE_OR_OTHER,SEARCH_MORE_DS_SOURCES_THEN_CONVERT,
beedrill-mega-redux,NONE,,False,False,False,False,0,,CONVERT_GBA,4,REDUX_OR_DELTA_STYLE,CONVERT_IF_SOURCE_CLEAN_ELSE_REVIEW,
beedrill-redux,NONE,,False,False,False,False,0,,CONVERT_GBA,4,REDUX_OR_DELTA_STYLE,CONVERT_IF_SOURCE_CLEAN_ELSE_REVIEW,
beefender,NONE,,False,False,False,False,0,,CONVERT_GBA,4,BASE_OR_OTHER,SEARCH_MORE_DS_SOURCES_THEN_CONVERT,
bellsprout-redux,NONE,,False,False,False,False,0,,CONVERT_GBA,4,REDUX_OR_DELTA_STYLE,CONVERT_IF_SOURCE_CLEAN_ELSE_REVIEW,
beniccino,NONE,,False,False,False,False,0,,CONVERT_GBA,4,BASE_OR_OTHER,SEARCH_MORE_DS_SOURCES_THEN_CONVERT,
bewarden,NONE,,False,False,False,False,0,,CONVERT_GBA,4,BASE_OR_OTHER,SEARCH_MORE_DS_SOURCES_THEN_CONVERT,
bewarden-redux,NONE,,False,False,False,False,0,,CONVERT_GBA,4,REDUX_OR_DELTA_STYLE,CONVERT_IF_SOURCE_CLEAN_ELSE_REVIEW,
bewear-angry,NONE,,False,False,False,False,0,,CONVERT_GBA,4,BASE_OR_OTHER,SEARCH_MORE_DS_SOURCES_THEN_CONVERT,
bewear-redux,NONE,,False,False,False,False,0,,CONVERT_GBA,4,REDUX_OR_DELTA_STYLE,CONVERT_IF_SOURCE_CLEAN_ELSE_REVIEW,
bisharp-redux,NONE,,False,False,False,False,0,,CONVERT_GBA,4,REDUX_OR_DELTA_STYLE,CONVERT_IF_SOURCE_CLEAN_ELSE_REVIEW,
blastoise-mega-x,NONE,,False,False,False,False,0,,CONVERT_GBA,4,CUSTOM_MEGA,CONVERT_IF_SOURCE_CLEAN_ELSE_NATIVE_REMAKE,
blissey-redux,NONE,,False,False,False,False,0,,CONVERT_GBA,4,REDUX_OR_DELTA_STYLE,CONVERT_IF_SOURCE_CLEAN_ELSE_REVIEW,
blizzard-maw,NONE,,False,False,False,False,0,,CONVERT_GBA,4,BASE_OR_OTHER,SEARCH_MORE_DS_SOURCES_THEN_CONVERT,
blocli,NONE,,False,False,False,False,0,,CONVERT_GBA,4,BASE_OR_OTHER,SEARCH_MORE_DS_SOURCES_THEN_CONVERT,
bloxtack,NONE,,False,False,False,False,0,,CONVERT_GBA,4,BASE_OR_OTHER,SEARCH_MORE_DS_SOURCES_THEN_CONVERT,
boarlock,NONE,,False,False,False,False,0,,CONVERT_GBA,4,BASE_OR_OTHER,SEARCH_MORE_DS_SOURCES_THEN_CONVERT,
bounsweet-redux,NONE,,False,False,False,False,0,,CONVERT_GBA,4,REDUX_OR_DELTA_STYLE,CONVERT_IF_SOURCE_CLEAN_ELSE_REVIEW,
breezing,NONE,,False,False,False,False,0,,CONVERT_GBA,4,BASE_OR_OTHER,SEARCH_MORE_DS_SOURCES_THEN_CONVERT,
breloom-mega,NONE,,False,False,False,False,0,,CONVERT_GBA,4,CUSTOM_MEGA,CONVERT_IF_SOURCE_CLEAN_ELSE_NATIVE_REMAKE,
brontonana,NONE,,False,False,False,False,0,,CONVERT_GBA,4,BASE_OR_OTHER,SEARCH_MORE_DS_SOURCES_THEN_CONVERT,
bubbleo,NONE,,False,False,False,False,0,,CONVERT_GBA,4,BASE_OR_OTHER,SEARCH_MORE_DS_SOURCES_THEN_CONVERT,
buizel-redux,NONE,,False,False,False,False,0,,CONVERT_GBA,4,REDUX_OR_DELTA_STYLE,CONVERT_IF_SOURCE_CLEAN_ELSE_REVIEW,
butterfree-mega,NONE,,False,False,False,False,0,,CONVERT_GBA,4,CUSTOM_MEGA,CONVERT_IF_SOURCE_CLEAN_ELSE_NATIVE_REMAKE,
cacjack,NONE,,False,False,False,False,0,,CONVERT_GBA,4,BASE_OR_OTHER,SEARCH_MORE_DS_SOURCES_THEN_CONVERT,
calyrex-cloud-rider,NONE,,False,False,False,False,0,,CONVERT_GBA,4,BASE_OR_OTHER,SEARCH_MORE_DS_SOURCES_THEN_CONVERT,
carbonix,NONE,,False,False,False,False,0,,CONVERT_GBA,4,BASE_OR_OTHER,SEARCH_MORE_DS_SOURCES_THEN_CONVERT,
carbonix-mega,NONE,,False,False,False,False,0,,CONVERT_GBA,4,CUSTOM_MEGA,CONVERT_IF_SOURCE_CLEAN_ELSE_NATIVE_REMAKE,
cascoon-primal,NONE,,False,False,False,False,0,,CONVERT_GBA,4,SPECIAL_CANON_FORM,SEARCH_MORE_DS_SOURCES_THEN_CONVERT,
castform-foggy,NONE,,False,False,False,False,0,,CONVERT_GBA,4,BASE_OR_OTHER,SEARCH_MORE_DS_SOURCES_THEN_CONVERT,
castform-sandy,NONE,,False,False,False,False,0,,CONVERT_GBA,4,BASE_OR_OTHER,SEARCH_MORE_DS_SOURCES_THEN_CONVERT,
centiskorch-mega,NONE,,False,False,False,False,0,,CONVERT_GBA,4,CUSTOM_MEGA,CONVERT_IF_SOURCE_CLEAN_ELSE_NATIVE_REMAKE,
cetitan-redux,NONE,,False,False,False,False,0,,CONVERT_GBA,4,REDUX_OR_DELTA_STYLE,CONVERT_IF_SOURCE_CLEAN_ELSE_REVIEW,
cetoddle-redux,NONE,,False,False,False,False,0,,CONVERT_GBA,4,REDUX_OR_DELTA_STYLE,CONVERT_IF_SOURCE_CLEAN_ELSE_REVIEW,
chandelure-mega-y,NONE,,False,False,False,False,0,,CONVERT_GBA,4,CUSTOM_MEGA,CONVERT_IF_SOURCE_CLEAN_ELSE_NATIVE_REMAKE,
chandelure-redux,NONE,,False,False,False,False,0,,CONVERT_GBA,4,REDUX_OR_DELTA_STYLE,CONVERT_IF_SOURCE_CLEAN_ELSE_REVIEW,
chandelure-redux-mega,NONE,,False,False,False,False,0,,CONVERT_GBA,4,REDUX_OR_DELTA_STYLE,CONVERT_IF_SOURCE_CLEAN_ELSE_REVIEW,
chansey-redux,NONE,,False,False,False,False,0,,CONVERT_GBA,4,REDUX_OR_DELTA_STYLE,CONVERT_IF_SOURCE_CLEAN_ELSE_REVIEW,
charizard-mega-z,NONE,,False,False,False,False,0,,CONVERT_GBA,4,CUSTOM_MEGA,CONVERT_IF_SOURCE_CLEAN_ELSE_NATIVE_REMAKE,
chesnaught-battle-bond,NONE,,False,False,False,False,0,,CONVERT_GBA,4,BASE_OR_OTHER,SEARCH_MORE_DS_SOURCES_THEN_CONVERT,
chesnaught-clemont,NONE,,False,False,False,False,0,,CONVERT_GBA,4,BASE_OR_OTHER,SEARCH_MORE_DS_SOURCES_THEN_CONVERT,
chien-pao-mega,NONE,,False,False,False,False,0,,CONVERT_GBA,4,CUSTOM_MEGA,CONVERT_IF_SOURCE_CLEAN_ELSE_NATIVE_REMAKE,
chimchar-redux,NONE,,False,False,False,False,0,,CONVERT_GBA,4,REDUX_OR_DELTA_STYLE,CONVERT_IF_SOURCE_CLEAN_ELSE_REVIEW,
cinccino-redux,NONE,,False,False,False,False,0,,CONVERT_GBA,4,REDUX_OR_DELTA_STYLE,CONVERT_IF_SOURCE_CLEAN_ELSE_REVIEW,
cinderace-mega,NONE,,False,False,False,False,0,,CONVERT_GBA,4,CUSTOM_MEGA,CONVERT_IF_SOURCE_CLEAN_ELSE_NATIVE_REMAKE,
clawitzer-redux,NONE,,False,False,False,False,0,,CONVERT_GBA,4,REDUX_OR_DELTA_STYLE,CONVERT_IF_SOURCE_CLEAN_ELSE_REVIEW,
clefable-mega-y,NONE,,False,False,False,False,0,,CONVERT_GBA,4,CUSTOM_MEGA,CONVERT_IF_SOURCE_CLEAN_ELSE_NATIVE_REMAKE,
clefable-redux,NONE,,False,False,False,False,0,,CONVERT_GBA,4,REDUX_OR_DELTA_STYLE,CONVERT_IF_SOURCE_CLEAN_ELSE_REVIEW,
clefable-redux-mega,NONE,,False,False,False,False,0,,CONVERT_GBA,4,REDUX_OR_DELTA_STYLE,CONVERT_IF_SOURCE_CLEAN_ELSE_REVIEW,
clefairy-redux,NONE,,False,False,False,False,0,,CONVERT_GBA,4,REDUX_OR_DELTA_STYLE,CONVERT_IF_SOURCE_CLEAN_ELSE_REVIEW,
cleffa-redux,NONE,,False,False,False,False,0,,CONVERT_GBA,4,REDUX_OR_DELTA_STYLE,CONVERT_IF_SOURCE_CLEAN_ELSE_REVIEW,
clodsire-mega,NONE,,False,False,False,False,0,,CONVERT_GBA,4,CUSTOM_MEGA,CONVERT_IF_SOURCE_CLEAN_ELSE_NATIVE_REMAKE,
coalossal-mega,NONE,,False,False,False,False,0,,CONVERT_GBA,4,CUSTOM_MEGA,CONVERT_IF_SOURCE_CLEAN_ELSE_NATIVE_REMAKE,
copperajah-mega,NONE,,False,False,False,False,0,,CONVERT_GBA,4,CUSTOM_MEGA,CONVERT_IF_SOURCE_CLEAN_ELSE_NATIVE_REMAKE,
corm,NONE,,False,False,False,False,0,,CONVERT_GBA,4,BASE_OR_OTHER,SEARCH_MORE_DS_SOURCES_THEN_CONVERT,
cormoth,NONE,,False,False,False,False,0,,CONVERT_GBA,4,BASE_OR_OTHER,SEARCH_MORE_DS_SOURCES_THEN_CONVERT,
cormoth-mega,NONE,,False,False,False,False,0,,CONVERT_GBA,4,CUSTOM_MEGA,CONVERT_IF_SOURCE_CLEAN_ELSE_NATIVE_REMAKE,
corviknight-mega,NONE,,False,False,False,False,0,,CONVERT_GBA,4,CUSTOM_MEGA,CONVERT_IF_SOURCE_CLEAN_ELSE_NATIVE_REMAKE,
cpf-0001-caterpie-alternate-form-1,NONE,,False,False,False,False,0,,CONVERT_GBA,4,ALTERNATE_FORM,VISUAL_REVIEW_THEN_CONVERT,
cpf-0002-butterfree-alternate-form-1,NONE,,False,False,False,False,0,,CONVERT_GBA,4,ALTERNATE_FORM,VISUAL_REVIEW_THEN_CONVERT,
cpf-0003-weedle-alternate-form-2,NONE,,False,False,False,False,0,,CONVERT_GBA,4,ALTERNATE_FORM,VISUAL_REVIEW_THEN_CONVERT,
cpf-0004-kakuna-alternate-form-2,NONE,,False,False,False,False,0,,CONVERT_GBA,4,ALTERNATE_FORM,VISUAL_REVIEW_THEN_CONVERT,
cpf-0005-beedrill-alternate-form-2,NONE,,False,False,False,False,0,,CONVERT_GBA,4,ALTERNATE_FORM,VISUAL_REVIEW_THEN_CONVERT,
cpf-0006-beedrill-alternate-mega-form-3,NONE,,False,False,False,False,0,,CONVERT_GBA,4,CUSTOM_MEGA,CONVERT_IF_SOURCE_CLEAN_ELSE_NATIVE_REMAKE,
cpf-0007-pidgey-alternate-form-2,NONE,,False,False,False,False,0,,CONVERT_GBA,4,ALTERNATE_FORM,VISUAL_REVIEW_THEN_CONVERT,
cpf-0008-pidgeotto-alternate-form-2,NONE,,False,False,False,False,0,,CONVERT_GBA,4,ALTERNATE_FORM,VISUAL_REVIEW_THEN_CONVERT,
cpf-0009-pidgeot-alternate-form-2,NONE,,False,False,False,False,0,,CONVERT_GBA,4,ALTERNATE_FORM,VISUAL_REVIEW_THEN_CONVERT,
cpf-0010-pidgeot-mega-alternate-form-3,NONE,,False,False,False,False,0,,CONVERT_GBA,4,CUSTOM_MEGA,CONVERT_IF_SOURCE_CLEAN_ELSE_NATIVE_REMAKE,
cpf-0011-clefairy-alternate-form-1,NONE,,False,False,False,False,0,,CONVERT_GBA,4,ALTERNATE_FORM,VISUAL_REVIEW_THEN_CONVERT,
cpf-0012-clefable-alternate-form-1,NONE,,False,False,False,False,0,,CONVERT_GBA,4,ALTERNATE_FORM,VISUAL_REVIEW_THEN_CONVERT,
cpf-0013-vulpix-alternate-form-2,NONE,,False,False,False,False,0,,CONVERT_GBA,4,ALTERNATE_FORM,VISUAL_REVIEW_THEN_CONVERT,
cpf-0014-vulpix-alternate-form-3,NONE,,False,False,False,False,0,,CONVERT_GBA,4,ALTERNATE_FORM,VISUAL_REVIEW_THEN_CONVERT,
cpf-0015-ninetales-alternate-form-2,NONE,,False,False,False,False,0,,CONVERT_GBA,4,ALTERNATE_FORM,VISUAL_REVIEW_THEN_CONVERT,
cpf-0016-ninetales-alternate-form-3,NONE,,False,False,False,False,0,,CONVERT_GBA,4,ALTERNATE_FORM,VISUAL_REVIEW_THEN_CONVERT,
cpf-0017-jigglypuff-alternate-form-1,NONE,,False,False,False,False,0,,CONVERT_GBA,4,ALTERNATE_FORM,VISUAL_REVIEW_THEN_CONVERT,
cpf-0018-wigglytuff-alternate-form-1,NONE,,False,False,False,False,0,,CONVERT_GBA,4,ALTERNATE_FORM,VISUAL_REVIEW_THEN_CONVERT,
cpf-0019-paras-alternate-form-1,NONE,,False,False,False,False,0,,CONVERT_GBA,4,ALTERNATE_FORM,VISUAL_REVIEW_THEN_CONVERT,
cpf-0020-parasect-alternate-form-1,NONE,,False,False,False,False,0,,CONVERT_GBA,4,ALTERNATE_FORM,VISUAL_REVIEW_THEN_CONVERT,
cpf-0021-venonat-alternate-form-1,NONE,,False,False,False,False,0,,CONVERT_GBA,4,ALTERNATE_FORM,VISUAL_REVIEW_THEN_CONVERT,
cpf-0022-venomoth-alternate-form-1,NONE,,False,False,False,False,0,,CONVERT_GBA,4,ALTERNATE_FORM,VISUAL_REVIEW_THEN_CONVERT,
cpf-0023-poliwag-alternate-form-1,NONE,,False,False,False,False,0,,CONVERT_GBA,4,ALTERNATE_FORM,VISUAL_REVIEW_THEN_CONVERT,
cpf-0024-poliwhirl-alternate-form-1,NONE,,False,False,False,False,0,,CONVERT_GBA,4,ALTERNATE_FORM,VISUAL_REVIEW_THEN_CONVERT,
cpf-0025-poliwrath-alternate-form-1,NONE,,False,False,False,False,0,,CONVERT_GBA,4,ALTERNATE_FORM,VISUAL_REVIEW_THEN_CONVERT,
cpf-0026-abra-alternate-form-1,NONE,,False,False,False,False,0,,CONVERT_GBA,4,ALTERNATE_FORM,VISUAL_REVIEW_THEN_CONVERT,
cpf-0027-abra-alternate-form-2,NONE,,False,False,False,False,0,,CONVERT_GBA,4,ALTERNATE_FORM,VISUAL_REVIEW_THEN_CONVERT,
cpf-0028-kadabra-alternate-form-2,NONE,,False,False,False,False,0,,CONVERT_GBA,4,ALTERNATE_FORM,VISUAL_REVIEW_THEN_CONVERT,
cpf-0029-alakazam-alternate-form-2,NONE,,False,False,False,False,0,,CONVERT_GBA,4,ALTERNATE_FORM,VISUAL_REVIEW_THEN_CONVERT,
cpf-0030-alakazam-mega-alternate-form-3,NONE,,False,False,False,False,0,,CONVERT_GBA,4,CUSTOM_MEGA,CONVERT_IF_SOURCE_CLEAN_ELSE_NATIVE_REMAKE,
cpf-0031-geodude-bluetowel-alternate-forms-form-2,NONE,,False,False,False,False,0,,CONVERT_GBA,4,ALTERNATE_FORM,VISUAL_REVIEW_THEN_CONVERT,
cpf-0032-graveler-bluetowel-alternate-forms-form-2,NONE,,False,False,False,False,0,,CONVERT_GBA,4,ALTERNATE_FORM,VISUAL_REVIEW_THEN_CONVERT,
cpf-0033-golem-bluetowel-alternate-forms-form-2,NONE,,False,False,False,False,0,,CONVERT_GBA,4,ALTERNATE_FORM,VISUAL_REVIEW_THEN_CONVERT,
cpf-0034-ponyta-alternate-form-1,NONE,,False,False,False,False,0,,CONVERT_GBA,4,ALTERNATE_FORM,VISUAL_REVIEW_THEN_CONVERT,
cpf-0035-rapidash-alternate-form-1,NONE,,False,False,False,False,0,,CONVERT_GBA,4,ALTERNATE_FORM,VISUAL_REVIEW_THEN_CONVERT,
cpf-0037-slowbro-bluetowel-alternate-forms-form-2,NONE,,False,False,False,False,0,,CONVERT_GBA,4,ALTERNATE_FORM,VISUAL_REVIEW_THEN_CONVERT,
cpf-0038-slowbro-mega-alt-form-form-3,NONE,,False,False,False,False,0,,CONVERT_GBA,4,CUSTOM_MEGA,CONVERT_IF_SOURCE_CLEAN_ELSE_NATIVE_REMAKE,
cpf-0039-slowbro-bluetowel-alternate-forms-form-4,NONE,,False,False,False,False,0,,CONVERT_GBA,4,ALTERNATE_FORM,VISUAL_REVIEW_THEN_CONVERT,
cpf-0040-slowbro-bluetowel-alternate-forms-form-5,NONE,,False,False,False,False,0,,CONVERT_GBA,4,ALTERNATE_FORM,VISUAL_REVIEW_THEN_CONVERT,
cpf-0041-farfetch-d-alternate-form-1,NONE,,False,False,False,False,0,,CONVERT_GBA,4,ALTERNATE_FORM,VISUAL_REVIEW_THEN_CONVERT,
cpf-0042-sirfetch-d-alternate-form-1,NONE,,False,False,False,False,0,,CONVERT_GBA,4,ALTERNATE_FORM,VISUAL_REVIEW_THEN_CONVERT,
cpf-0043-doduo-alternate-form-1,NONE,,False,False,False,False,0,,CONVERT_GBA,4,ALTERNATE_FORM,VISUAL_REVIEW_THEN_CONVERT,
cpf-0044-dodrio-alternate-form-1,NONE,,False,False,False,False,0,,CONVERT_GBA,4,ALTERNATE_FORM,VISUAL_REVIEW_THEN_CONVERT,
cpf-0045-gastly-alternate-form-2,NONE,,False,False,False,False,0,,CONVERT_GBA,4,ALTERNATE_FORM,VISUAL_REVIEW_THEN_CONVERT,
cpf-0046-haunter-alternate-form-2,NONE,,False,False,False,False,0,,CONVERT_GBA,4,ALTERNATE_FORM,VISUAL_REVIEW_THEN_CONVERT,
cpf-0047-gengar-alternate-form-2,NONE,,False,False,False,False,0,,CONVERT_GBA,4,ALTERNATE_FORM,VISUAL_REVIEW_THEN_CONVERT,
cpf-0048-gengar-alternate-form-3,NONE,,False,False,False,False,0,,CONVERT_GBA,4,ALTERNATE_FORM,VISUAL_REVIEW_THEN_CONVERT,
cpf-0049-onix-alternate-form-2,NONE,,False,False,False,False,0,,CONVERT_GBA,4,ALTERNATE_FORM,VISUAL_REVIEW_THEN_CONVERT,
cpf-0050-drowzee-alternate-form-2,NONE,,False,False,False,False,0,,CONVERT_GBA,4,ALTERNATE_FORM,VISUAL_REVIEW_THEN_CONVERT,
cpf-0051-hypno-alternate-form-2,NONE,,False,False,False,False,0,,CONVERT_GBA,4,ALTERNATE_FORM,VISUAL_REVIEW_THEN_CONVERT,
cpf-0052-krabby-alternate-form-2,NONE,,False,False,False,False,0,,CONVERT_GBA,4,ALTERNATE_FORM,VISUAL_REVIEW_THEN_CONVERT,
cpf-0053-kingler-alternate-form-2,NONE,,False,False,False,False,0,,CONVERT_GBA,4,ALTERNATE_FORM,VISUAL_REVIEW_THEN_CONVERT,
cpf-0054-hitmonlee-alternate-form-1,NONE,,False,False,False,False,0,,CONVERT_GBA,4,ALTERNATE_FORM,VISUAL_REVIEW_THEN_CONVERT,
cpf-0055-hitmonchan-alternate-form-1,NONE,,False,False,False,False,0,,CONVERT_GBA,4,ALTERNATE_FORM,VISUAL_REVIEW_THEN_CONVERT,
cpf-0056-koffing-bluetowel-alternate-forms-form-2,NONE,,False,False,False,False,0,,CONVERT_GBA,4,ALTERNATE_FORM,VISUAL_REVIEW_THEN_CONVERT,
cpf-0057-weezing-bluetowel-alternate-forms-form-2,NONE,,False,False,False,False,0,,CONVERT_GBA,4,ALTERNATE_FORM,VISUAL_REVIEW_THEN_CONVERT,
cpf-0058-chansey-alternate-form-1,NONE,,False,False,False,False,0,,CONVERT_GBA,4,ALTERNATE_FORM,VISUAL_REVIEW_THEN_CONVERT,
cpf-0059-staryu-alternate-form-1,NONE,,False,False,False,False,0,,CONVERT_GBA,4,ALTERNATE_FORM,VISUAL_REVIEW_THEN_CONVERT,
cpf-0060-starmie-alternate-form-1,NONE,,False,False,False,False,0,,CONVERT_GBA,4,ALTERNATE_FORM,VISUAL_REVIEW_THEN_CONVERT,
cpf-0061-electabuzz-alternate-form-1,NONE,,False,False,False,False,0,,CONVERT_GBA,4,ALTERNATE_FORM,VISUAL_REVIEW_THEN_CONVERT,
cpf-0062-magmar-alternate-form-1,NONE,,False,False,False,False,0,,CONVERT_GBA,4,ALTERNATE_FORM,VISUAL_REVIEW_THEN_CONVERT,
cpf-0063-magikarp-alternate-form-2,NONE,,False,False,False,False,0,,CONVERT_GBA,4,ALTERNATE_FORM,VISUAL_REVIEW_THEN_CONVERT,
cpf-0064-gyarados-alternate-form-2,NONE,,False,False,False,False,0,,CONVERT_GBA,4,ALTERNATE_FORM,VISUAL_REVIEW_THEN_CONVERT,
cpf-0065-gyarados-mega-alternate-form-3,NONE,,False,False,False,False,0,,CONVERT_GBA,4,CUSTOM_MEGA,CONVERT_IF_SOURCE_CLEAN_ELSE_NATIVE_REMAKE,
cpf-0066-vaporeon-alternate-form-3,NONE,,False,False,False,False,0,,CONVERT_GBA,4,ALTERNATE_FORM,VISUAL_REVIEW_THEN_CONVERT,
cpf-0067-jolteon-alternate-form-3,NONE,,False,False,False,False,0,,CONVERT_GBA,4,ALTERNATE_FORM,VISUAL_REVIEW_THEN_CONVERT,
cpf-0068-flareon-alternate-form-3,NONE,,False,False,False,False,0,,CONVERT_GBA,4,ALTERNATE_FORM,VISUAL_REVIEW_THEN_CONVERT,
cpf-0069-espeon-alternate-form-3,NONE,,False,False,False,False,0,,CONVERT_GBA,4,ALTERNATE_FORM,VISUAL_REVIEW_THEN_CONVERT,
cpf-0070-umbreon-alternate-form-3,NONE,,False,False,False,False,0,,CONVERT_GBA,4,ALTERNATE_FORM,VISUAL_REVIEW_THEN_CONVERT,
cpf-0071-leafeon-alternate-form-3,NONE,,False,False,False,False,0,,CONVERT_GBA,4,ALTERNATE_FORM,VISUAL_REVIEW_THEN_CONVERT,
cpf-0072-glaceon-alternate-form-3,NONE,,False,False,False,False,0,,CONVERT_GBA,4,ALTERNATE_FORM,VISUAL_REVIEW_THEN_CONVERT,
cpf-0073-sylveon-alternate-form-3,NONE,,False,False,False,False,0,,CONVERT_GBA,4,ALTERNATE_FORM,VISUAL_REVIEW_THEN_CONVERT,
cpf-0074-omanyte-alternate-form-1,NONE,,False,False,False,False,0,,CONVERT_GBA,4,ALTERNATE_FORM,VISUAL_REVIEW_THEN_CONVERT,
cpf-0075-omastar-alternate-form-1,NONE,,False,False,False,False,0,,CONVERT_GBA,4,ALTERNATE_FORM,VISUAL_REVIEW_THEN_CONVERT,
cpf-0076-kabuto-alternate-form-1,NONE,,False,False,False,False,0,,CONVERT_GBA,4,ALTERNATE_FORM,VISUAL_REVIEW_THEN_CONVERT,
cpf-0077-kabutops-alternate-form-1,NONE,,False,False,False,False,0,,CONVERT_GBA,4,ALTERNATE_FORM,VISUAL_REVIEW_THEN_CONVERT,
cpf-0078-aerodactyl-alternate-form-2,NONE,,False,False,False,False,0,,CONVERT_GBA,4,ALTERNATE_FORM,VISUAL_REVIEW_THEN_CONVERT,
cpf-0079-aerodactyl-alternate-mega-form-3,NONE,,False,False,False,False,0,,CONVERT_GBA,4,CUSTOM_MEGA,CONVERT_IF_SOURCE_CLEAN_ELSE_NATIVE_REMAKE,
cpf-0083-dragonite-alternate-form-1,NONE,,False,False,False,False,0,,CONVERT_GBA,4,ALTERNATE_FORM,VISUAL_REVIEW_THEN_CONVERT,
cpf-0084-bayleef-bluetowel-alternate-form-form-1,NONE,,False,False,False,False,0,,CONVERT_GBA,4,ALTERNATE_FORM,VISUAL_REVIEW_THEN_CONVERT,
cpf-0085-meganium-alternate-form-1,NONE,,False,False,False,False,0,,CONVERT_GBA,4,CUSTOM_MEGA,CONVERT_IF_SOURCE_CLEAN_ELSE_NATIVE_REMAKE,
cpf-0086-quilava-alternate-form-1,NONE,,False,False,False,False,0,,CONVERT_GBA,4,ALTERNATE_FORM,VISUAL_REVIEW_THEN_CONVERT,
cpf-0087-typhlosion-alternate-form-1,NONE,,False,False,False,False,0,,CONVERT_GBA,4,ALTERNATE_FORM,VISUAL_REVIEW_THEN_CONVERT,
cpf-0088-typhlosion-alternate-form-2,NONE,,False,False,False,False,0,,CONVERT_GBA,4,ALTERNATE_FORM,VISUAL_REVIEW_THEN_CONVERT,
cpf-0089-croconaw-alternate-form-1,NONE,,False,False,False,False,0,,CONVERT_GBA,4,ALTERNATE_FORM,VISUAL_REVIEW_THEN_CONVERT,
cpf-0090-feraligatr-alternate-form-1,NONE,,False,False,False,False,0,,CONVERT_GBA,4,ALTERNATE_FORM,VISUAL_REVIEW_THEN_CONVERT,
cpf-0091-hoothoot-alternate-form-1,NONE,,False,False,False,False,0,,CONVERT_GBA,4,ALTERNATE_FORM,VISUAL_REVIEW_THEN_CONVERT,
cpf-0092-noctowl-alternate-form-1,NONE,,False,False,False,False,0,,CONVERT_GBA,4,ALTERNATE_FORM,VISUAL_REVIEW_THEN_CONVERT,
cpf-0093-ledyba-alternate-form-1,NONE,,False,False,False,False,0,,CONVERT_GBA,4,ALTERNATE_FORM,VISUAL_REVIEW_THEN_CONVERT,
cpf-0094-ledian-alternate-form-1,NONE,,False,False,False,False,0,,CONVERT_GBA,4,ALTERNATE_FORM,VISUAL_REVIEW_THEN_CONVERT,
cpf-0095-natu-alternate-form-1,NONE,,False,False,False,False,0,,CONVERT_GBA,4,ALTERNATE_FORM,VISUAL_REVIEW_THEN_CONVERT,
cpf-0096-xatu-alternate-form-1,NONE,,False,False,False,False,0,,CONVERT_GBA,4,ALTERNATE_FORM,VISUAL_REVIEW_THEN_CONVERT,
cpf-0097-flaaffy-alternate-form-2,NONE,,False,False,False,False,0,,CONVERT_GBA,4,ALTERNATE_FORM,VISUAL_REVIEW_THEN_CONVERT,
cpf-0098-ampharos-alternate-form-2,NONE,,False,False,False,False,0,,CONVERT_GBA,4,ALTERNATE_FORM,VISUAL_REVIEW_THEN_CONVERT,
cpf-0099-ampharos-alternate-mega-form-3,NONE,,False,False,False,False,0,,CONVERT_GBA,4,CUSTOM_MEGA,CONVERT_IF_SOURCE_CLEAN_ELSE_NATIVE_REMAKE,
cpf-0100-politoed-alternate-form-1,NONE,,False,False,False,False,0,,CONVERT_GBA,4,ALTERNATE_FORM,VISUAL_REVIEW_THEN_CONVERT,
cpf-0101-sunflora-alternate-form-1,NONE,,False,False,False,False,0,,CONVERT_GBA,4,ALTERNATE_FORM,VISUAL_REVIEW_THEN_CONVERT,
cpf-0102-sunflora-alternate-form-2,NONE,,False,False,False,False,0,,CONVERT_GBA,4,ALTERNATE_FORM,VISUAL_REVIEW_THEN_CONVERT,
cpf-0103-yanma-alternate-form-1,NONE,,False,False,False,False,0,,CONVERT_GBA,4,ALTERNATE_FORM,VISUAL_REVIEW_THEN_CONVERT,
cpf-0104-yanmega-alternate-form-1,NONE,,False,False,False,False,0,,CONVERT_GBA,12,ALTERNATE_FORM,VISUAL_REVIEW_THEN_CONVERT,
cpf-0105-wooper-alternate-form-1,NONE,,False,False,False,False,0,,CONVERT_GBA,4,ALTERNATE_FORM,VISUAL_REVIEW_THEN_CONVERT,
cpf-0106-quagsire-alternate-form-1,NONE,,False,False,False,False,0,,CONVERT_GBA,4,ALTERNATE_FORM,VISUAL_REVIEW_THEN_CONVERT,
cpf-0107-slowking-bluetowel-alternate-forms-form-2,NONE,,False,False,False,False,0,,CONVERT_GBA,4,ALTERNATE_FORM,VISUAL_REVIEW_THEN_CONVERT,
cpf-0108-misdreavus-alternate-form-2,NONE,,False,False,False,False,0,,CONVERT_GBA,4,ALTERNATE_FORM,VISUAL_REVIEW_THEN_CONVERT,
cpf-0109-mismagius-alternate-form-2,NONE,,False,False,False,False,0,,CONVERT_GBA,4,ALTERNATE_FORM,VISUAL_REVIEW_THEN_CONVERT,
cpf-0110-girafarig-bluetowel-alternate-form-form-1,NONE,,False,False,False,False,0,,CONVERT_GBA,4,ALTERNATE_FORM,VISUAL_REVIEW_THEN_CONVERT,
cpf-0111-dunsparce-bt-alt-forms-toxic-form-1,NONE,,False,False,False,False,0,,CONVERT_GBA,4,ALTERNATE_FORM,VISUAL_REVIEW_THEN_CONVERT,
cpf-0112-dunsparce-bt-alt-forms-earth-form-2,NONE,,False,False,False,False,0,,CONVERT_GBA,4,ALTERNATE_FORM,VISUAL_REVIEW_THEN_CONVERT,
cpf-0113-dunsparce-bt-alt-forms-sky-form-3,NONE,,False,False,False,False,0,,CONVERT_GBA,4,ALTERNATE_FORM,VISUAL_REVIEW_THEN_CONVERT,
cpf-0114-dunsparce-bt-alt-forms-insect-form-4,NONE,,False,False,False,False,0,,CONVERT_GBA,4,ALTERNATE_FORM,VISUAL_REVIEW_THEN_CONVERT,
cpf-0115-dunsparce-bt-alt-forms-spooky-form-5,NONE,,False,False,False,False,0,,CONVERT_GBA,4,ALTERNATE_FORM,VISUAL_REVIEW_THEN_CONVERT,
cpf-0116-dunsparce-bt-alt-forms-draco-form-6,NONE,,False,False,False,False,0,,CONVERT_GBA,4,ALTERNATE_FORM,VISUAL_REVIEW_THEN_CONVERT,
cpf-0117-steelix-alternate-form-2,NONE,,False,False,False,False,0,,CONVERT_GBA,4,ALTERNATE_FORM,VISUAL_REVIEW_THEN_CONVERT,
cpf-0118-steelix-alternate-mega-form-3,NONE,,False,False,False,False,0,,CONVERT_GBA,4,CUSTOM_MEGA,CONVERT_IF_SOURCE_CLEAN_ELSE_NATIVE_REMAKE,
cpf-0119-snubbull-alternate-form-1,NONE,,False,False,False,False,0,,CONVERT_GBA,4,ALTERNATE_FORM,VISUAL_REVIEW_THEN_CONVERT,
cpf-0120-granbull-alternate-form-1,NONE,,False,False,False,False,0,,CONVERT_GBA,4,ALTERNATE_FORM,VISUAL_REVIEW_THEN_CONVERT,
cpf-0121-corsola-alternate-form-1,NONE,,False,False,False,False,0,,CONVERT_GBA,4,ALTERNATE_FORM,VISUAL_REVIEW_THEN_CONVERT,
cpf-0122-sneasel-alternate-form-1,NONE,,False,False,False,False,0,,CONVERT_GBA,4,ALTERNATE_FORM,VISUAL_REVIEW_THEN_CONVERT,
cpf-0123-sneasel-alternate-form-2,NONE,,False,False,False,False,0,,CONVERT_GBA,4,ALTERNATE_FORM,VISUAL_REVIEW_THEN_CONVERT,
cpf-0124-weavile-alternate-form-1,NONE,,False,False,False,False,0,,CONVERT_GBA,12,ALTERNATE_FORM,VISUAL_REVIEW_THEN_CONVERT,
cpf-0125-remoraid-alternate-form-1,NONE,,False,False,False,False,0,,CONVERT_GBA,4,ALTERNATE_FORM,VISUAL_REVIEW_THEN_CONVERT,
cpf-0126-octillery-alternate-form-1,NONE,,False,False,False,False,0,,CONVERT_GBA,4,ALTERNATE_FORM,VISUAL_REVIEW_THEN_CONVERT,
cpf-0127-phanpy-alternate-form-1,NONE,,False,False,False,False,0,,CONVERT_GBA,4,ALTERNATE_FORM,VISUAL_REVIEW_THEN_CONVERT,
cpf-0128-donphan-alternate-form-1,NONE,,False,False,False,False,0,,CONVERT_GBA,4,ALTERNATE_FORM,VISUAL_REVIEW_THEN_CONVERT,
cpf-0129-hitmontop-alternate-form-1,NONE,,False,False,False,False,0,,CONVERT_GBA,4,ALTERNATE_FORM,VISUAL_REVIEW_THEN_CONVERT,
cpf-0130-blissey-alternate-form-1,NONE,,False,False,False,False,0,,CONVERT_GBA,4,ALTERNATE_FORM,VISUAL_REVIEW_THEN_CONVERT,
cpf-0131-larvitar-ice-form-2,NONE,,False,False,False,False,0,,CONVERT_GBA,4,ALTERNATE_FORM,VISUAL_REVIEW_THEN_CONVERT,
cpf-0132-larvitar-space-form-4,NONE,,False,False,False,False,0,,CONVERT_GBA,4,ALTERNATE_FORM,VISUAL_REVIEW_THEN_CONVERT,
cpf-0133-pupitar-ice-form-2,NONE,,False,False,False,False,0,,CONVERT_GBA,4,ALTERNATE_FORM,VISUAL_REVIEW_THEN_CONVERT,
cpf-0134-pupitar-space-form-4,NONE,,False,False,False,False,0,,CONVERT_GBA,4,ALTERNATE_FORM,VISUAL_REVIEW_THEN_CONVERT,
cpf-0135-tyranitar-ice-form-2,NONE,,False,False,False,False,0,,CONVERT_GBA,4,ALTERNATE_FORM,VISUAL_REVIEW_THEN_CONVERT,
cpf-0136-tyranitar-mega-ice-form-3,NONE,,False,False,False,False,0,,CONVERT_GBA,4,CUSTOM_MEGA,CONVERT_IF_SOURCE_CLEAN_ELSE_NATIVE_REMAKE,
cpf-0137-tyranitar-space-form-4,NONE,,False,False,False,False,0,,CONVERT_GBA,4,ALTERNATE_FORM,VISUAL_REVIEW_THEN_CONVERT,
cpf-0139-grovyle-alternate-form-2,NONE,,False,False,False,False,0,,CONVERT_GBA,4,ALTERNATE_FORM,VISUAL_REVIEW_THEN_CONVERT,
cpf-0140-sceptile-alternate-form-2,NONE,,False,False,False,False,0,,CONVERT_GBA,4,ALTERNATE_FORM,VISUAL_REVIEW_THEN_CONVERT,
cpf-0141-sceptile-alternate-mega-form-3,NONE,,False,False,False,False,0,,CONVERT_GBA,4,CUSTOM_MEGA,CONVERT_IF_SOURCE_CLEAN_ELSE_NATIVE_REMAKE,
cpf-0142-combusken-alternate-form-2,NONE,,False,False,False,False,0,,CONVERT_GBA,4,ALTERNATE_FORM,VISUAL_REVIEW_THEN_CONVERT,
cpf-0143-blaziken-alternate-mega-form-2,NONE,,False,False,False,False,0,,CONVERT_GBA,4,CUSTOM_MEGA,CONVERT_IF_SOURCE_CLEAN_ELSE_NATIVE_REMAKE,
cpf-0144-blaziken-alternate-mega-form-3,NONE,,False,False,False,False,0,,CONVERT_GBA,4,CUSTOM_MEGA,CONVERT_IF_SOURCE_CLEAN_ELSE_NATIVE_REMAKE,
cpf-0145-swampert-alternate-mega-form-2,NONE,,False,False,False,False,0,,CONVERT_GBA,4,CUSTOM_MEGA,CONVERT_IF_SOURCE_CLEAN_ELSE_NATIVE_REMAKE,
cpf-0146-swampert-alternate-mega-form-3,NONE,,False,False,False,False,0,,CONVERT_GBA,4,CUSTOM_MEGA,CONVERT_IF_SOURCE_CLEAN_ELSE_NATIVE_REMAKE,
cpf-0147-mightyena-alternate-form-1,NONE,,False,False,False,False,0,,CONVERT_GBA,4,ALTERNATE_FORM,VISUAL_REVIEW_THEN_CONVERT,
cpf-0148-ralts-alternate-form-3,NONE,,False,False,False,False,0,,CONVERT_GBA,4,ALTERNATE_FORM,VISUAL_REVIEW_THEN_CONVERT,
cpf-0149-kirlia-alternate-form-3,NONE,,False,False,False,False,0,,CONVERT_GBA,4,ALTERNATE_FORM,VISUAL_REVIEW_THEN_CONVERT,
cpf-0150-gardevoir-alternate-form-3,NONE,,False,False,False,False,0,,CONVERT_GBA,4,ALTERNATE_FORM,VISUAL_REVIEW_THEN_CONVERT,
cpf-0151-gardevoir-mega-alternate-form-4,NONE,,False,False,False,False,0,,CONVERT_GBA,4,CUSTOM_MEGA,CONVERT_IF_SOURCE_CLEAN_ELSE_NATIVE_REMAKE,
cpf-0152-breloom-alternate-form-2,NONE,,False,False,False,False,0,,CONVERT_GBA,4,ALTERNATE_FORM,VISUAL_REVIEW_THEN_CONVERT,
cpf-0153-breloom-alternate-form-3,NONE,,False,False,False,False,0,,CONVERT_GBA,4,ALTERNATE_FORM,VISUAL_REVIEW_THEN_CONVERT,
cpf-0154-skitty-alternate-form-1,NONE,,False,False,False,False,0,,CONVERT_GBA,4,ALTERNATE_FORM,VISUAL_REVIEW_THEN_CONVERT,
cpf-0155-delcatty-alternate-form-1,NONE,,False,False,False,False,0,,CONVERT_GBA,4,ALTERNATE_FORM,VISUAL_REVIEW_THEN_CONVERT,
cpf-0156-sableye-alternate-gemstone-form-2,NONE,,False,False,False,False,0,,CONVERT_GBA,4,ALTERNATE_FORM,VISUAL_REVIEW_THEN_CONVERT,
cpf-0157-sableye-alternate-gemstone-mega-form-3,NONE,,False,False,False,False,0,,CONVERT_GBA,4,CUSTOM_MEGA,CONVERT_IF_SOURCE_CLEAN_ELSE_NATIVE_REMAKE,
cpf-0158-sableye-alternate-darkness-form-4,NONE,,False,False,False,False,0,,CONVERT_GBA,4,ALTERNATE_FORM,VISUAL_REVIEW_THEN_CONVERT,
cpf-0159-sableye-alternate-darkness-mega-form-5,NONE,,False,False,False,False,0,,CONVERT_GBA,4,CUSTOM_MEGA,CONVERT_IF_SOURCE_CLEAN_ELSE_NATIVE_REMAKE,
cpf-0160-swalot-alternate-form-1,NONE,,False,False,False,False,0,,CONVERT_GBA,4,ALTERNATE_FORM,VISUAL_REVIEW_THEN_CONVERT,
cpf-0161-swalot-alternate-form-2,NONE,,False,False,False,False,0,,CONVERT_GBA,4,ALTERNATE_FORM,VISUAL_REVIEW_THEN_CONVERT,
cpf-0162-wailmer-alternate-form-1,NONE,,False,False,False,False,0,,CONVERT_GBA,4,ALTERNATE_FORM,VISUAL_REVIEW_THEN_CONVERT,
cpf-0163-wailord-alternate-form-1,NONE,,False,False,False,False,0,,CONVERT_GBA,4,ALTERNATE_FORM,VISUAL_REVIEW_THEN_CONVERT,
cpf-0164-numel-alternate-form-3,NONE,,False,False,False,False,0,,CONVERT_GBA,4,ALTERNATE_FORM,VISUAL_REVIEW_THEN_CONVERT,
cpf-0165-camerupt-alternate-form-3,NONE,,False,False,False,False,0,,CONVERT_GBA,4,ALTERNATE_FORM,VISUAL_REVIEW_THEN_CONVERT,
cpf-0166-camerupt-mega-alternate-form-4,NONE,,False,False,False,False,0,,CONVERT_GBA,4,CUSTOM_MEGA,CONVERT_IF_SOURCE_CLEAN_ELSE_NATIVE_REMAKE,
cpf-0167-electrike-alternate-form-2,NONE,,False,False,False,False,0,,CONVERT_GBA,4,ALTERNATE_FORM,VISUAL_REVIEW_THEN_CONVERT,
cpf-0168-manectric-alternate-form-2,NONE,,False,False,False,False,0,,CONVERT_GBA,4,ALTERNATE_FORM,VISUAL_REVIEW_THEN_CONVERT,
cpf-0169-manectric-mega-alternate-form-3,NONE,,False,False,False,False,0,,CONVERT_GBA,4,CUSTOM_MEGA,CONVERT_IF_SOURCE_CLEAN_ELSE_NATIVE_REMAKE,
cpf-0170-grumpig-alternate-form-1,NONE,,False,False,False,False,0,,CONVERT_GBA,4,ALTERNATE_FORM,VISUAL_REVIEW_THEN_CONVERT,
cpf-0171-trapinch-alternate-form-1,NONE,,False,False,False,False,0,,CONVERT_GBA,4,ALTERNATE_FORM,VISUAL_REVIEW_THEN_CONVERT,
cpf-0172-vibrava-alternate-form-1,NONE,,False,False,False,False,0,,CONVERT_GBA,4,ALTERNATE_FORM,VISUAL_REVIEW_THEN_CONVERT,
cpf-0173-flygon-alternate-form-1,NONE,,False,False,False,False,0,,CONVERT_GBA,4,ALTERNATE_FORM,VISUAL_REVIEW_THEN_CONVERT,
cpf-0174-altaria-alternate-form-2,NONE,,False,False,False,False,0,,CONVERT_GBA,4,ALTERNATE_FORM,VISUAL_REVIEW_THEN_CONVERT,
cpf-0175-altaria-alternate-mega-form-3,NONE,,False,False,False,False,0,,CONVERT_GBA,4,CUSTOM_MEGA,CONVERT_IF_SOURCE_CLEAN_ELSE_NATIVE_REMAKE,
cpf-0176-baltoy-alternate-form-1,NONE,,False,False,False,False,0,,CONVERT_GBA,4,ALTERNATE_FORM,VISUAL_REVIEW_THEN_CONVERT,
cpf-0177-claydol-alternate-form-1,NONE,,False,False,False,False,0,,CONVERT_GBA,4,ALTERNATE_FORM,VISUAL_REVIEW_THEN_CONVERT,
cpf-0178-lileep-alternate-form-1,NONE,,False,False,False,False,0,,CONVERT_GBA,4,ALTERNATE_FORM,VISUAL_REVIEW_THEN_CONVERT,
cpf-0179-cradily-alternate-form-1,NONE,,False,False,False,False,0,,CONVERT_GBA,4,ALTERNATE_FORM,VISUAL_REVIEW_THEN_CONVERT,
cpf-0180-anorith-alternate-form-1,NONE,,False,False,False,False,0,,CONVERT_GBA,4,ALTERNATE_FORM,VISUAL_REVIEW_THEN_CONVERT,
cpf-0181-armaldo-alternate-form-1,NONE,,False,False,False,False,0,,CONVERT_GBA,4,ALTERNATE_FORM,VISUAL_REVIEW_THEN_CONVERT,
cpf-0182-tropius-alternate-form-1,NONE,,False,False,False,False,0,,CONVERT_GBA,4,ALTERNATE_FORM,VISUAL_REVIEW_THEN_CONVERT,
cpf-0183-chingling-alternate-form-1,NONE,,False,False,False,False,0,,CONVERT_GBA,4,ALTERNATE_FORM,VISUAL_REVIEW_THEN_CONVERT,
cpf-0184-chimecho-alternate-form-1,NONE,,False,False,False,False,0,,CONVERT_GBA,4,ALTERNATE_FORM,VISUAL_REVIEW_THEN_CONVERT,
cpf-0185-absol-alternate-form-2,NONE,,False,False,False,False,0,,CONVERT_GBA,4,ALTERNATE_FORM,VISUAL_REVIEW_THEN_CONVERT,
cpf-0186-absol-alternate-mega-form-3,NONE,,False,False,False,False,0,,CONVERT_GBA,4,CUSTOM_MEGA,CONVERT_IF_SOURCE_CLEAN_ELSE_NATIVE_REMAKE,
cpf-0187-bagon-alternate-form-2,NONE,,False,False,False,False,0,,CONVERT_GBA,4,ALTERNATE_FORM,VISUAL_REVIEW_THEN_CONVERT,
cpf-0188-shelgon-alternate-form-2,NONE,,False,False,False,False,0,,CONVERT_GBA,4,ALTERNATE_FORM,VISUAL_REVIEW_THEN_CONVERT,
cpf-0189-salamence-alternate-form-1,NONE,,False,False,False,False,0,,CONVERT_GBA,4,ALTERNATE_FORM,VISUAL_REVIEW_THEN_CONVERT,
cpf-0190-salamence-alternate-form-2,NONE,,False,False,False,False,0,,CONVERT_GBA,4,ALTERNATE_FORM,VISUAL_REVIEW_THEN_CONVERT,
cpf-0191-salamence-alternate-mega-form-3,NONE,,False,False,False,False,0,,CONVERT_GBA,4,CUSTOM_MEGA,CONVERT_IF_SOURCE_CLEAN_ELSE_NATIVE_REMAKE,
cpf-0192-beldum-alternate-form-2,NONE,,False,False,False,False,0,,CONVERT_GBA,4,ALTERNATE_FORM,VISUAL_REVIEW_THEN_CONVERT,
cpf-0193-metang-alternate-form-2,NONE,,False,False,False,False,0,,CONVERT_GBA,4,ALTERNATE_FORM,VISUAL_REVIEW_THEN_CONVERT,
cpf-0194-metagross-alternate-form-1,NONE,,False,False,False,False,0,,CONVERT_GBA,4,ALTERNATE_FORM,VISUAL_REVIEW_THEN_CONVERT,
cpf-0195-metagross-alternate-form-2,NONE,,False,False,False,False,0,,CONVERT_GBA,4,ALTERNATE_FORM,VISUAL_REVIEW_THEN_CONVERT,
cpf-0196-metagross-alternate-mega-form-3,NONE,,False,False,False,False,0,,CONVERT_GBA,4,CUSTOM_MEGA,CONVERT_IF_SOURCE_CLEAN_ELSE_NATIVE_REMAKE,
cpf-0197-torterra-bluetowel-alternate-form-form-1,NONE,,False,False,False,False,0,,CONVERT_GBA,4,ALTERNATE_FORM,VISUAL_REVIEW_THEN_CONVERT,
cpf-0198-infernape-alternate-form-1,NONE,,False,False,False,False,0,,CONVERT_GBA,4,ALTERNATE_FORM,VISUAL_REVIEW_THEN_CONVERT,
cpf-0199-empoleon-alternate-form-1,NONE,,False,False,False,False,0,,CONVERT_GBA,4,ALTERNATE_FORM,VISUAL_REVIEW_THEN_CONVERT,
cpf-0200-luxray-alternate-form-1,NONE,,False,False,False,False,0,,CONVERT_GBA,4,ALTERNATE_FORM,VISUAL_REVIEW_THEN_CONVERT,
cpf-0201-cranidos-alternate-form-1,NONE,,False,False,False,False,0,,CONVERT_GBA,4,ALTERNATE_FORM,VISUAL_REVIEW_THEN_CONVERT,
cpf-0202-rampardos-alternate-form-1,NONE,,False,False,False,False,0,,CONVERT_GBA,12,ALTERNATE_FORM,VISUAL_REVIEW_THEN_CONVERT,
cpf-0203-shieldon-alternate-form-1,NONE,,False,False,False,False,0,,CONVERT_GBA,4,ALTERNATE_FORM,VISUAL_REVIEW_THEN_CONVERT,
cpf-0204-bastiodon-alternate-form-1,NONE,,False,False,False,False,0,,CONVERT_GBA,12,ALTERNATE_FORM,VISUAL_REVIEW_THEN_CONVERT,
cpf-0205-combee-alternate-form-1,NONE,,False,False,False,False,0,,CONVERT_GBA,4,ALTERNATE_FORM,VISUAL_REVIEW_THEN_CONVERT,
cpf-0206-vespiquen-alternate-form-1,NONE,,False,False,False,False,0,,CONVERT_GBA,4,ALTERNATE_FORM,VISUAL_REVIEW_THEN_CONVERT,
cpf-0207-pachirisu-alternate-form-1,NONE,,False,False,False,False,0,,CONVERT_GBA,4,ALTERNATE_FORM,VISUAL_REVIEW_THEN_CONVERT,
cpf-0208-buneary-alternate-form-2,NONE,,False,False,False,False,0,,CONVERT_GBA,4,ALTERNATE_FORM,VISUAL_REVIEW_THEN_CONVERT,
cpf-0209-lopunny-bluetowel-alternate-forms-form-1,NONE,,False,False,False,False,0,,CONVERT_GBA,4,ALTERNATE_FORM,VISUAL_REVIEW_THEN_CONVERT,
cpf-0210-lopunny-alternate-form-2,NONE,,False,False,False,False,0,,CONVERT_GBA,4,ALTERNATE_FORM,VISUAL_REVIEW_THEN_CONVERT,
cpf-0211-lopunny-alternate-mega-form-3,NONE,,False,False,False,False,0,,CONVERT_GBA,4,CUSTOM_MEGA,CONVERT_IF_SOURCE_CLEAN_ELSE_NATIVE_REMAKE,
cpf-0212-spiritomb-alternate-form-1,NONE,,False,False,False,False,0,,CONVERT_GBA,12,ALTERNATE_FORM,VISUAL_REVIEW_THEN_CONVERT,
cpf-0213-gible-bluetowel-alternate-forms-form-2,NONE,,False,False,False,False,0,,CONVERT_GBA,4,ALTERNATE_FORM,VISUAL_REVIEW_THEN_CONVERT,
cpf-0214-gabite-bluetowel-alternate-forms-form-2,NONE,,False,False,False,False,0,,CONVERT_GBA,4,ALTERNATE_FORM,VISUAL_REVIEW_THEN_CONVERT,
cpf-0215-garchomp-bluetowel-alternate-forms-form-1,NONE,,False,False,False,False,0,,CONVERT_GBA,4,ALTERNATE_FORM,VISUAL_REVIEW_THEN_CONVERT,
cpf-0216-garchomp-alternate-form-2,NONE,,False,False,False,False,0,,CONVERT_GBA,4,ALTERNATE_FORM,VISUAL_REVIEW_THEN_CONVERT,
cpf-0217-garchomp-alternate-mega-form-3,NONE,,False,False,False,False,0,,CONVERT_GBA,4,CUSTOM_MEGA,CONVERT_IF_SOURCE_CLEAN_ELSE_NATIVE_REMAKE,
cpf-0219-glameow-alternate-form-1,NONE,,False,False,False,False,0,,CONVERT_GBA,4,ALTERNATE_FORM,VISUAL_REVIEW_THEN_CONVERT,
cpf-0220-purugly-alternate-form-1,NONE,,False,False,False,False,0,,CONVERT_GBA,4,ALTERNATE_FORM,VISUAL_REVIEW_THEN_CONVERT,
cpf-0221-skorupi-alternate-form-1,NONE,,False,False,False,False,0,,CONVERT_GBA,4,ALTERNATE_FORM,VISUAL_REVIEW_THEN_CONVERT,
cpf-0222-skorupi-alternate-form-2,NONE,,False,False,False,False,0,,CONVERT_GBA,4,ALTERNATE_FORM,VISUAL_REVIEW_THEN_CONVERT,
cpf-0223-drapion-alternate-form-1,NONE,,False,False,False,False,0,,CONVERT_GBA,4,ALTERNATE_FORM,VISUAL_REVIEW_THEN_CONVERT,
cpf-0224-carnivine-bluetowel-alternate-form-form-1,NONE,,False,False,False,False,0,,CONVERT_GBA,4,ALTERNATE_FORM,VISUAL_REVIEW_THEN_CONVERT,
cpf-0225-carnivine-alternate-form-2,NONE,,False,False,False,False,0,,CONVERT_GBA,4,ALTERNATE_FORM,VISUAL_REVIEW_THEN_CONVERT,
cpf-0226-rhyperior-alternate-form-1,NONE,,False,False,False,False,0,,CONVERT_GBA,12,ALTERNATE_FORM,VISUAL_REVIEW_THEN_CONVERT,
cpf-0228-electivire-alternate-form-1,NONE,,False,False,False,False,0,,CONVERT_GBA,12,ALTERNATE_FORM,VISUAL_REVIEW_THEN_CONVERT,
cpf-0229-magmortar-alternate-form-1,NONE,,False,False,False,False,0,,CONVERT_GBA,12,ALTERNATE_FORM,VISUAL_REVIEW_THEN_CONVERT,
cpf-0230-gligar-alternate-form-1,NONE,,False,False,False,False,0,,CONVERT_GBA,4,ALTERNATE_FORM,VISUAL_REVIEW_THEN_CONVERT,
cpf-0231-gliscor-alternate-form-1,NONE,,False,False,False,False,0,,CONVERT_GBA,4,ALTERNATE_FORM,VISUAL_REVIEW_THEN_CONVERT,
cpf-0232-nosepass-alternate-form-1,NONE,,False,False,False,False,0,,CONVERT_GBA,4,ALTERNATE_FORM,VISUAL_REVIEW_THEN_CONVERT,
cpf-0233-probopass-alternate-form-1,NONE,,False,False,False,False,0,,CONVERT_GBA,12,ALTERNATE_FORM,VISUAL_REVIEW_THEN_CONVERT,
cpf-0234-dusclops-alternate-form-1,NONE,,False,False,False,False,0,,CONVERT_GBA,4,ALTERNATE_FORM,VISUAL_REVIEW_THEN_CONVERT,
cpf-0235-dusknoir-alternate-form-1,NONE,,False,False,False,False,0,,CONVERT_GBA,4,ALTERNATE_FORM,VISUAL_REVIEW_THEN_CONVERT,
cpf-0241-serperior-alternate-form-1,NONE,,False,False,False,False,0,,CONVERT_GBA,4,ALTERNATE_FORM,VISUAL_REVIEW_THEN_CONVERT,
cpf-0242-pignite-alternate-form-1,NONE,,False,False,False,False,0,,CONVERT_GBA,4,ALTERNATE_FORM,VISUAL_REVIEW_THEN_CONVERT,
cpf-0243-emboar-alternate-form-1,NONE,,False,False,False,False,0,,CONVERT_GBA,4,ALTERNATE_FORM,VISUAL_REVIEW_THEN_CONVERT,
cpf-0244-samurott-bluetowel-alternate-form-form-1,NONE,,False,False,False,False,0,,CONVERT_GBA,4,ALTERNATE_FORM,VISUAL_REVIEW_THEN_CONVERT,
cpf-0245-samurott-bluetowel-alternate-form-form-2,NONE,,False,False,False,False,0,,CONVERT_GBA,4,ALTERNATE_FORM,VISUAL_REVIEW_THEN_CONVERT,
cpf-0246-munna-alternate-form-1,NONE,,False,False,False,False,0,,CONVERT_GBA,4,ALTERNATE_FORM,VISUAL_REVIEW_THEN_CONVERT,
cpf-0247-musharna-alternate-form-1,NONE,,False,False,False,False,0,,CONVERT_GBA,4,ALTERNATE_FORM,VISUAL_REVIEW_THEN_CONVERT,
cpf-0248-pidove-alternate-form-1,NONE,,False,False,False,False,0,,CONVERT_GBA,4,ALTERNATE_FORM,VISUAL_REVIEW_THEN_CONVERT,
cpf-0249-tranquill-alternate-form-1,NONE,,False,False,False,False,0,,CONVERT_GBA,4,ALTERNATE_FORM,VISUAL_REVIEW_THEN_CONVERT,
cpf-0250-unfezant-alternate-form-1,NONE,,False,False,False,False,0,,CONVERT_GBA,4,ALTERNATE_FORM,VISUAL_REVIEW_THEN_CONVERT,
cpf-0251-roggenrola-alternate-form-1,NONE,,False,False,False,False,0,,CONVERT_GBA,4,ALTERNATE_FORM,VISUAL_REVIEW_THEN_CONVERT,
cpf-0252-boldore-alternate-form-1,NONE,,False,False,False,False,0,,CONVERT_GBA,4,ALTERNATE_FORM,VISUAL_REVIEW_THEN_CONVERT,
cpf-0253-timburr-alternate-form-1,NONE,,False,False,False,False,0,,CONVERT_GBA,4,ALTERNATE_FORM,VISUAL_REVIEW_THEN_CONVERT,
cpf-0254-gurdurr-alternate-form-1,NONE,,False,False,False,False,0,,CONVERT_GBA,4,ALTERNATE_FORM,VISUAL_REVIEW_THEN_CONVERT,
cpf-0255-conkeldurr-alternate-form-1,NONE,,False,False,False,False,0,,CONVERT_GBA,4,ALTERNATE_FORM,VISUAL_REVIEW_THEN_CONVERT,
cpf-0256-purrloin-alternate-form-1,NONE,,False,False,False,False,0,,CONVERT_GBA,4,ALTERNATE_FORM,VISUAL_REVIEW_THEN_CONVERT,
cpf-0257-liepard-alternate-form-1,NONE,,False,False,False,False,0,,CONVERT_GBA,4,ALTERNATE_FORM,VISUAL_REVIEW_THEN_CONVERT,
cpf-0258-petilil-alternate-form-1,NONE,,False,False,False,False,0,,CONVERT_GBA,4,ALTERNATE_FORM,VISUAL_REVIEW_THEN_CONVERT,
cpf-0259-petilil-alternate-form-2,NONE,,False,False,False,False,0,,CONVERT_GBA,4,ALTERNATE_FORM,VISUAL_REVIEW_THEN_CONVERT,
cpf-0260-lilligant-alternate-form-1,NONE,,False,False,False,False,0,,CONVERT_GBA,4,ALTERNATE_FORM,VISUAL_REVIEW_THEN_CONVERT,
cpf-0261-lilligant-alternate-form-2,NONE,,False,False,False,False,0,,CONVERT_GBA,4,ALTERNATE_FORM,VISUAL_REVIEW_THEN_CONVERT,
cpf-0262-sandile-alternate-form-1,NONE,,False,False,False,False,0,,CONVERT_GBA,4,ALTERNATE_FORM,VISUAL_REVIEW_THEN_CONVERT,
cpf-0263-krokorok-alternate-form-1,NONE,,False,False,False,False,0,,CONVERT_GBA,4,ALTERNATE_FORM,VISUAL_REVIEW_THEN_CONVERT,
cpf-0264-krookodile-alternate-form-1,NONE,,False,False,False,False,0,,CONVERT_GBA,4,ALTERNATE_FORM,VISUAL_REVIEW_THEN_CONVERT,
cpf-0265-dwebble-alternate-form-1,NONE,,False,False,False,False,0,,CONVERT_GBA,4,ALTERNATE_FORM,VISUAL_REVIEW_THEN_CONVERT,
cpf-0266-crustle-alternate-form-1,NONE,,False,False,False,False,0,,CONVERT_GBA,4,ALTERNATE_FORM,VISUAL_REVIEW_THEN_CONVERT,
cpf-0267-yamask-alternate-form-1,NONE,,False,False,False,False,0,,CONVERT_GBA,4,ALTERNATE_FORM,VISUAL_REVIEW_THEN_CONVERT,
cpf-0268-yamask-alternate-form-2,NONE,,False,False,False,False,0,,CONVERT_GBA,4,ALTERNATE_FORM,VISUAL_REVIEW_THEN_CONVERT,
cpf-0269-cofagrigus-alternate-form-1,NONE,,False,False,False,False,0,,CONVERT_GBA,4,ALTERNATE_FORM,VISUAL_REVIEW_THEN_CONVERT,
cpf-0270-tirtouga-alternate-form-1,NONE,,False,False,False,False,0,,CONVERT_GBA,4,ALTERNATE_FORM,VISUAL_REVIEW_THEN_CONVERT,
cpf-0271-carracosta-alternate-form-1,NONE,,False,False,False,False,0,,CONVERT_GBA,4,ALTERNATE_FORM,VISUAL_REVIEW_THEN_CONVERT,
cpf-0272-archen-alternate-form-1,NONE,,False,False,False,False,0,,CONVERT_GBA,4,ALTERNATE_FORM,VISUAL_REVIEW_THEN_CONVERT,
cpf-0273-archeops-alternate-form-1,NONE,,False,False,False,False,0,,CONVERT_GBA,4,ALTERNATE_FORM,VISUAL_REVIEW_THEN_CONVERT,
cpf-0274-trubbish-alternate-form-1,NONE,,False,False,False,False,0,,CONVERT_GBA,4,ALTERNATE_FORM,VISUAL_REVIEW_THEN_CONVERT,
cpf-0275-garbodor-alternate-form-1,NONE,,False,False,False,False,0,,CONVERT_GBA,4,ALTERNATE_FORM,VISUAL_REVIEW_THEN_CONVERT,
cpf-0276-solosis-alternate-form-1,NONE,,False,False,False,False,0,,CONVERT_GBA,4,ALTERNATE_FORM,VISUAL_REVIEW_THEN_CONVERT,
cpf-0277-duosion-alternate-form-1,NONE,,False,False,False,False,0,,CONVERT_GBA,4,ALTERNATE_FORM,VISUAL_REVIEW_THEN_CONVERT,
cpf-0278-reuniclus-alternate-form-1,NONE,,False,False,False,False,0,,CONVERT_GBA,4,ALTERNATE_FORM,VISUAL_REVIEW_THEN_CONVERT,
cpf-0279-vanillite-alternate-form-1,NONE,,False,False,False,False,0,,CONVERT_GBA,4,ALTERNATE_FORM,VISUAL_REVIEW_THEN_CONVERT,
cpf-0280-vanillish-alternate-form-1,NONE,,False,False,False,False,0,,CONVERT_GBA,4,ALTERNATE_FORM,VISUAL_REVIEW_THEN_CONVERT,
cpf-0281-vanilluxe-alternate-form-1,NONE,,False,False,False,False,0,,CONVERT_GBA,4,ALTERNATE_FORM,VISUAL_REVIEW_THEN_CONVERT,
cpf-0282-escavalier-alternate-form-1,NONE,,False,False,False,False,0,,CONVERT_GBA,4,ALTERNATE_FORM,VISUAL_REVIEW_THEN_CONVERT,
cpf-0283-ferroseed-alternate-form-1,NONE,,False,False,False,False,0,,CONVERT_GBA,4,ALTERNATE_FORM,VISUAL_REVIEW_THEN_CONVERT,
cpf-0284-ferrothorn-alternate-form-1,NONE,,False,False,False,False,0,,CONVERT_GBA,4,ALTERNATE_FORM,VISUAL_REVIEW_THEN_CONVERT,
cpf-0285-klang-alternate-form-1,NONE,,False,False,False,False,0,,CONVERT_GBA,4,ALTERNATE_FORM,VISUAL_REVIEW_THEN_CONVERT,
cpf-0286-klinklang-alternate-form-1,NONE,,False,False,False,False,0,,CONVERT_GBA,4,ALTERNATE_FORM,VISUAL_REVIEW_THEN_CONVERT,
cpf-0287-eelektrik-alternate-form-1,NONE,,False,False,False,False,0,,CONVERT_GBA,4,ALTERNATE_FORM,VISUAL_REVIEW_THEN_CONVERT,
cpf-0288-eelektross-alternate-form-1,NONE,,False,False,False,False,0,,CONVERT_GBA,4,ALTERNATE_FORM,VISUAL_REVIEW_THEN_CONVERT,
cpf-0289-litwick-alternate-form-1,NONE,,False,False,False,False,0,,CONVERT_GBA,4,ALTERNATE_FORM,VISUAL_REVIEW_THEN_CONVERT,
cpf-0290-lampent-alternate-form-1,NONE,,False,False,False,False,0,,CONVERT_GBA,4,ALTERNATE_FORM,VISUAL_REVIEW_THEN_CONVERT,
cpf-0291-chandelure-alternate-form-1,NONE,,False,False,False,False,0,,CONVERT_GBA,4,ALTERNATE_FORM,VISUAL_REVIEW_THEN_CONVERT,
cpf-0292-cryogonal-alternate-form-1,NONE,,False,False,False,False,0,,CONVERT_GBA,4,ALTERNATE_FORM,VISUAL_REVIEW_THEN_CONVERT,
cpf-0293-accelgor-alternate-form-1,NONE,,False,False,False,False,0,,CONVERT_GBA,4,ALTERNATE_FORM,VISUAL_REVIEW_THEN_CONVERT,
cpf-0294-mienfoo-bluetowel-alternate-form-form-1,NONE,,False,False,False,False,0,,CONVERT_GBA,4,ALTERNATE_FORM,VISUAL_REVIEW_THEN_CONVERT,
cpf-0295-mienshao-bluetowel-alternate-form-form-1,NONE,,False,False,False,False,0,,CONVERT_GBA,4,ALTERNATE_FORM,VISUAL_REVIEW_THEN_CONVERT,
cpf-0296-druddigon-alternate-form-1,NONE,,False,False,False,False,0,,CONVERT_GBA,4,ALTERNATE_FORM,VISUAL_REVIEW_THEN_CONVERT,
cpf-0297-golett-alternate-form-1,NONE,,False,False,False,False,0,,CONVERT_GBA,4,ALTERNATE_FORM,VISUAL_REVIEW_THEN_CONVERT,
cpf-0298-golurk-alternate-form-1,NONE,,False,False,False,False,0,,CONVERT_GBA,4,ALTERNATE_FORM,VISUAL_REVIEW_THEN_CONVERT,
cpf-0299-pawniard-alternate-form-1,NONE,,False,False,False,False,0,,CONVERT_GBA,4,ALTERNATE_FORM,VISUAL_REVIEW_THEN_CONVERT,
cpf-0300-bisharp-alternate-form-1,NONE,,False,False,False,False,0,,CONVERT_GBA,4,ALTERNATE_FORM,VISUAL_REVIEW_THEN_CONVERT,
cpf-0301-durant-bluetowel-alternate-form-form-1,NONE,,False,False,False,False,0,,CONVERT_GBA,4,ALTERNATE_FORM,VISUAL_REVIEW_THEN_CONVERT,
cpf-0302-deino-cybertank-form-1,NONE,,False,False,False,False,0,,CONVERT_GBA,4,ALTERNATE_FORM,VISUAL_REVIEW_THEN_CONVERT,
cpf-0303-deino-telepathic-form-2,NONE,,False,False,False,False,0,,CONVERT_GBA,4,ALTERNATE_FORM,VISUAL_REVIEW_THEN_CONVERT,
cpf-0304-zweilous-cybertank-form-1,NONE,,False,False,False,False,0,,CONVERT_GBA,4,ALTERNATE_FORM,VISUAL_REVIEW_THEN_CONVERT,
cpf-0305-zweilous-telepathic-form-2,NONE,,False,False,False,False,0,,CONVERT_GBA,4,ALTERNATE_FORM,VISUAL_REVIEW_THEN_CONVERT,
cpf-0306-hydreigon-cybertank-form-1,NONE,,False,False,False,False,0,,CONVERT_GBA,4,ALTERNATE_FORM,VISUAL_REVIEW_THEN_CONVERT,
cpf-0307-hydreigon-telepathic-form-2,NONE,,False,False,False,False,0,,CONVERT_GBA,4,ALTERNATE_FORM,VISUAL_REVIEW_THEN_CONVERT,
cpf-0308-chesnaught-alternate-form-1,NONE,,False,False,False,False,0,,CONVERT_GBA,4,ALTERNATE_FORM,VISUAL_REVIEW_THEN_CONVERT,
cpf-0309-delphox-alternate-form-1,NONE,,False,False,False,False,0,,CONVERT_GBA,4,ALTERNATE_FORM,VISUAL_REVIEW_THEN_CONVERT,
cpf-0310-greninja-alternate-form-1,NONE,,False,False,False,False,0,,CONVERT_GBA,4,ALTERNATE_FORM,VISUAL_REVIEW_THEN_CONVERT,
cpf-0311-bunnelby-alternate-form-1,NONE,,False,False,False,False,0,,CONVERT_GBA,4,ALTERNATE_FORM,VISUAL_REVIEW_THEN_CONVERT,
cpf-0312-diggersby-alternate-form-1,NONE,,False,False,False,False,0,,CONVERT_GBA,4,ALTERNATE_FORM,VISUAL_REVIEW_THEN_CONVERT,
cpf-0313-spritzee-alternate-form-1,NONE,,False,False,False,False,0,,CONVERT_GBA,4,ALTERNATE_FORM,VISUAL_REVIEW_THEN_CONVERT,
cpf-0314-spritzee-alternate-form-2,NONE,,False,False,False,False,0,,CONVERT_GBA,4,ALTERNATE_FORM,VISUAL_REVIEW_THEN_CONVERT,
cpf-0315-aromatisse-alternate-form-1,NONE,,False,False,False,False,0,,CONVERT_GBA,4,ALTERNATE_FORM,VISUAL_REVIEW_THEN_CONVERT,
cpf-0316-aromatisse-alternate-form-2,NONE,,False,False,False,False,0,,CONVERT_GBA,4,ALTERNATE_FORM,VISUAL_REVIEW_THEN_CONVERT,
cpf-0317-barbaracle-alternate-form-1,NONE,,False,False,False,False,0,,CONVERT_GBA,4,ALTERNATE_FORM,VISUAL_REVIEW_THEN_CONVERT,
cpf-0318-skrelp-alternate-form-1,NONE,,False,False,False,False,0,,CONVERT_GBA,4,ALTERNATE_FORM,VISUAL_REVIEW_THEN_CONVERT,
cpf-0319-dragalge-alternate-form-1,NONE,,False,False,False,False,0,,CONVERT_GBA,4,ALTERNATE_FORM,VISUAL_REVIEW_THEN_CONVERT,
cpf-0320-clauncher-alternate-form-1,NONE,,False,False,False,False,0,,CONVERT_GBA,4,ALTERNATE_FORM,VISUAL_REVIEW_THEN_CONVERT,
cpf-0321-clawitzer-alternate-form-1,NONE,,False,False,False,False,0,,CONVERT_GBA,4,ALTERNATE_FORM,VISUAL_REVIEW_THEN_CONVERT,
cpf-0322-tyrunt-alternate-form-1,NONE,,False,False,False,False,0,,CONVERT_GBA,4,ALTERNATE_FORM,VISUAL_REVIEW_THEN_CONVERT,
cpf-0323-tyrantrum-alternate-form-1,NONE,,False,False,False,False,0,,CONVERT_GBA,4,ALTERNATE_FORM,VISUAL_REVIEW_THEN_CONVERT,
cpf-0324-amaura-alternate-form-1,NONE,,False,False,False,False,0,,CONVERT_GBA,4,ALTERNATE_FORM,VISUAL_REVIEW_THEN_CONVERT,
cpf-0325-aurorus-alternate-form-1,NONE,,False,False,False,False,0,,CONVERT_GBA,4,ALTERNATE_FORM,VISUAL_REVIEW_THEN_CONVERT,
cpf-0326-dedenne-alternate-form-1,NONE,,False,False,False,False,0,,CONVERT_GBA,4,ALTERNATE_FORM,VISUAL_REVIEW_THEN_CONVERT,
cpf-0327-goomy-alternate-form-1,NONE,,False,False,False,False,0,,CONVERT_GBA,4,ALTERNATE_FORM,VISUAL_REVIEW_THEN_CONVERT,
cpf-0328-sliggoo-alternate-form-1,NONE,,False,False,False,False,0,,CONVERT_GBA,4,ALTERNATE_FORM,VISUAL_REVIEW_THEN_CONVERT,
cpf-0329-sliggoo-alternate-form-2,NONE,,False,False,False,False,0,,CONVERT_GBA,4,ALTERNATE_FORM,VISUAL_REVIEW_THEN_CONVERT,
cpf-0330-goodra-alternate-form-1,NONE,,False,False,False,False,0,,CONVERT_GBA,4,ALTERNATE_FORM,VISUAL_REVIEW_THEN_CONVERT,
cpf-0331-goodra-alternate-form-2,NONE,,False,False,False,False,0,,CONVERT_GBA,4,ALTERNATE_FORM,VISUAL_REVIEW_THEN_CONVERT,
cpf-0332-noibat-alternate-form-1,NONE,,False,False,False,False,0,,CONVERT_GBA,4,ALTERNATE_FORM,VISUAL_REVIEW_THEN_CONVERT,
cpf-0333-noivern-alternate-form-1,NONE,,False,False,False,False,0,,CONVERT_GBA,4,ALTERNATE_FORM,VISUAL_REVIEW_THEN_CONVERT,
cpf-0334-dartrix-alternate-form-1,NONE,,False,False,False,False,0,,CONVERT_GBA,4,ALTERNATE_FORM,VISUAL_REVIEW_THEN_CONVERT,
cpf-0335-dartrix-alternate-form-2,NONE,,False,False,False,False,0,,CONVERT_GBA,4,ALTERNATE_FORM,VISUAL_REVIEW_THEN_CONVERT,
cpf-0336-decidueye-alternate-form-1,NONE,,False,False,False,False,0,,CONVERT_GBA,4,ALTERNATE_FORM,VISUAL_REVIEW_THEN_CONVERT,
cpf-0337-decidueye-alternate-form-2,NONE,,False,False,False,False,0,,CONVERT_GBA,4,ALTERNATE_FORM,VISUAL_REVIEW_THEN_CONVERT,
cpf-0338-incineroar-alternate-form-1,NONE,,False,False,False,False,0,,CONVERT_GBA,4,ALTERNATE_FORM,VISUAL_REVIEW_THEN_CONVERT,
cpf-0339-primarina-alternate-form-1,NONE,,False,False,False,False,0,,CONVERT_GBA,4,ALTERNATE_FORM,VISUAL_REVIEW_THEN_CONVERT,
cpf-0340-ribombee-bluetowel-alternate-form-form-1,NONE,,False,False,False,False,0,,CONVERT_GBA,4,ALTERNATE_FORM,VISUAL_REVIEW_THEN_CONVERT,
cpf-0341-ribombee-bluetowel-alternate-form-form-2,NONE,,False,False,False,False,0,,CONVERT_GBA,4,ALTERNATE_FORM,VISUAL_REVIEW_THEN_CONVERT,
cpf-0342-dewpider-alternate-form-1,NONE,,False,False,False,False,0,,CONVERT_GBA,4,ALTERNATE_FORM,VISUAL_REVIEW_THEN_CONVERT,
cpf-0343-araquanid-alternate-form-1,NONE,,False,False,False,False,0,,CONVERT_GBA,4,ALTERNATE_FORM,VISUAL_REVIEW_THEN_CONVERT,
cpf-0344-fomantis-alternate-form-1,NONE,,False,False,False,False,0,,CONVERT_GBA,4,ALTERNATE_FORM,VISUAL_REVIEW_THEN_CONVERT,
cpf-0345-lurantis-alternate-form-1,NONE,,False,False,False,False,0,,CONVERT_GBA,4,ALTERNATE_FORM,VISUAL_REVIEW_THEN_CONVERT,
cpf-0346-sandygast-alternate-form-1,NONE,,False,False,False,False,0,,CONVERT_GBA,4,ALTERNATE_FORM,VISUAL_REVIEW_THEN_CONVERT,
cpf-0347-palossand-alternate-form-1,NONE,,False,False,False,False,0,,CONVERT_GBA,4,ALTERNATE_FORM,VISUAL_REVIEW_THEN_CONVERT,
cpf-0348-hakamo-o-alternate-form-1,NONE,,False,False,False,False,0,,CONVERT_GBA,4,ALTERNATE_FORM,VISUAL_REVIEW_THEN_CONVERT,
cpf-0349-kommo-o-alternate-form-1,NONE,,False,False,False,False,0,,CONVERT_GBA,4,ALTERNATE_FORM,VISUAL_REVIEW_THEN_CONVERT,
cpf-0350-thwackey-alternate-form-2,NONE,,False,False,False,False,0,,CONVERT_GBA,4,ALTERNATE_FORM,VISUAL_REVIEW_THEN_CONVERT,
cpf-0351-rillaboom-alternate-form-2,NONE,,False,False,False,False,0,,CONVERT_GBA,4,ALTERNATE_FORM,VISUAL_REVIEW_THEN_CONVERT,
cpf-0352-scorbunny-alternate-form-2,NONE,,False,False,False,False,0,,CONVERT_GBA,4,ALTERNATE_FORM,VISUAL_REVIEW_THEN_CONVERT,
cpf-0353-raboot-alternate-form-2,NONE,,False,False,False,False,0,,CONVERT_GBA,4,ALTERNATE_FORM,VISUAL_REVIEW_THEN_CONVERT,
cpf-0354-cinderace-alternate-form-2,NONE,,False,False,False,False,0,,CONVERT_GBA,4,ALTERNATE_FORM,VISUAL_REVIEW_THEN_CONVERT,
cpf-0355-sobble-alternate-form-2,NONE,,False,False,False,False,0,,CONVERT_GBA,4,ALTERNATE_FORM,VISUAL_REVIEW_THEN_CONVERT,
cpf-0356-drizzile-alternate-form-2,NONE,,False,False,False,False,0,,CONVERT_GBA,4,ALTERNATE_FORM,VISUAL_REVIEW_THEN_CONVERT,
cpf-0357-inteleon-alternate-form-2,NONE,,False,False,False,False,0,,CONVERT_GBA,4,ALTERNATE_FORM,VISUAL_REVIEW_THEN_CONVERT,
cpf-0358-arrokuda-alternate-form-1,NONE,,False,False,False,False,0,,CONVERT_GBA,4,ALTERNATE_FORM,VISUAL_REVIEW_THEN_CONVERT,
cpf-0359-barraskewda-alternate-form-1,NONE,,False,False,False,False,0,,CONVERT_GBA,4,ALTERNATE_FORM,VISUAL_REVIEW_THEN_CONVERT,
crabominable-redux,NONE,,False,False,False,False,0,,CONVERT_GBA,4,REDUX_OR_DELTA_STYLE,CONVERT_IF_SOURCE_CLEAN_ELSE_REVIEW,
crabrawler-redux,NONE,,False,False,False,False,0,,CONVERT_GBA,4,REDUX_OR_DELTA_STYLE,CONVERT_IF_SOURCE_CLEAN_ELSE_REVIEW,
crabruiser-redux,NONE,,False,False,False,False,0,,CONVERT_GBA,4,REDUX_OR_DELTA_STYLE,CONVERT_IF_SOURCE_CLEAN_ELSE_REVIEW,
crawdauntles,NONE,,False,False,False,False,0,,CONVERT_GBA,4,BASE_OR_OTHER,SEARCH_MORE_DS_SOURCES_THEN_CONVERT,
crobat-mega,NONE,,False,False,False,False,0,,CONVERT_GBA,4,CUSTOM_MEGA,CONVERT_IF_SOURCE_CLEAN_ELSE_NATIVE_REMAKE,
darkrai-nightmare,NONE,,False,False,False,False,0,,CONVERT_GBA,4,BASE_OR_OTHER,SEARCH_MORE_DS_SOURCES_THEN_CONVERT,
darmanitan-redux,NONE,,False,False,False,False,0,,CONVERT_GBA,4,REDUX_OR_DELTA_STYLE,CONVERT_IF_SOURCE_CLEAN_ELSE_REVIEW,
darmanitan-redux-aura,NONE,,False,False,False,False,0,,CONVERT_GBA,4,REDUX_OR_DELTA_STYLE,CONVERT_IF_SOURCE_CLEAN_ELSE_REVIEW,
darmanitan-redux-blunder,NONE,,False,False,False,False,0,,CONVERT_GBA,4,REDUX_OR_DELTA_STYLE,CONVERT_IF_SOURCE_CLEAN_ELSE_REVIEW,
darmanitan-redux-bond,NONE,,False,False,False,False,0,,CONVERT_GBA,4,REDUX_OR_DELTA_STYLE,CONVERT_IF_SOURCE_CLEAN_ELSE_REVIEW,
darumaka-redux,NONE,,False,False,False,False,0,,CONVERT_GBA,4,REDUX_OR_DELTA_STYLE,CONVERT_IF_SOURCE_CLEAN_ELSE_REVIEW,
decidueye-hisuian-mega,NONE,,False,False,False,False,0,,CONVERT_GBA,4,CUSTOM_MEGA,CONVERT_IF_SOURCE_CLEAN_ELSE_NATIVE_REMAKE,
decidueye-mega,NONE,,False,False,False,False,0,,CONVERT_GBA,4,CUSTOM_MEGA,CONVERT_IF_SOURCE_CLEAN_ELSE_NATIVE_REMAKE,
dedelibird,NONE,,False,False,False,False,0,,CONVERT_GBA,4,BASE_OR_OTHER,SEARCH_MORE_DS_SOURCES_THEN_CONVERT,
deino-redux,NONE,,False,False,False,False,0,,CONVERT_GBA,4,REDUX_OR_DELTA_STYLE,CONVERT_IF_SOURCE_CLEAN_ELSE_REVIEW,
delphox-battle-bond,NONE,,False,False,False,False,0,,CONVERT_GBA,4,BASE_OR_OTHER,SEARCH_MORE_DS_SOURCES_THEN_CONVERT,
delphox-serena,NONE,,False,False,False,False,0,,CONVERT_GBA,4,BASE_OR_OTHER,SEARCH_MORE_DS_SOURCES_THEN_CONVERT,
dewgong-mega,NONE,,False,False,False,False,0,,CONVERT_GBA,4,CUSTOM_MEGA,CONVERT_IF_SOURCE_CLEAN_ELSE_NATIVE_REMAKE,
dewgong-redux,NONE,,False,False,False,False,0,,CONVERT_GBA,4,REDUX_OR_DELTA_STYLE,CONVERT_IF_SOURCE_CLEAN_ELSE_REVIEW,
dewpider-redux,NONE,,False,False,False,False,0,,CONVERT_GBA,4,REDUX_OR_DELTA_STYLE,CONVERT_IF_SOURCE_CLEAN_ELSE_REVIEW,
dodrio-redux,NONE,,False,False,False,False,0,,CONVERT_GBA,4,REDUX_OR_DELTA_STYLE,CONVERT_IF_SOURCE_CLEAN_ELSE_REVIEW,
doduo-redux,NONE,,False,False,False,False,0,,CONVERT_GBA,4,REDUX_OR_DELTA_STYLE,CONVERT_IF_SOURCE_CLEAN_ELSE_REVIEW,
doublade-redux,NONE,,False,False,False,False,0,,CONVERT_GBA,4,REDUX_OR_DELTA_STYLE,CONVERT_IF_SOURCE_CLEAN_ELSE_REVIEW,
dracovish-mega,NONE,,False,False,False,False,0,,CONVERT_GBA,4,CUSTOM_MEGA,CONVERT_IF_SOURCE_CLEAN_ELSE_NATIVE_REMAKE,
dragapult-mega,NONE,,False,False,False,False,0,,CONVERT_GBA,4,CUSTOM_MEGA,CONVERT_IF_SOURCE_CLEAN_ELSE_NATIVE_REMAKE,
dragonite-delivery,NONE,,False,False,False,False,0,,CONVERT_GBA,4,BASE_OR_OTHER,SEARCH_MORE_DS_SOURCES_THEN_CONVERT,
dragonite-mega-y,NONE,,False,False,False,False,0,,CONVERT_GBA,4,CUSTOM_MEGA,CONVERT_IF_SOURCE_CLEAN_ELSE_NATIVE_REMAKE,
dreadnaut,NONE,,False,False,False,False,0,,CONVERT_GBA,4,BASE_OR_OTHER,SEARCH_MORE_DS_SOURCES_THEN_CONVERT,
drednaw-mega,NONE,,False,False,False,False,0,,CONVERT_GBA,4,CUSTOM_MEGA,CONVERT_IF_SOURCE_CLEAN_ELSE_NATIVE_REMAKE,
dredwood,NONE,,False,False,False,False,0,,CONVERT_GBA,4,BASE_OR_OTHER,SEARCH_MORE_DS_SOURCES_THEN_CONVERT,
drilbur-redux,NONE,,False,False,False,False,0,,CONVERT_GBA,4,REDUX_OR_DELTA_STYLE,CONVERT_IF_SOURCE_CLEAN_ELSE_REVIEW,
dududunsparce,NONE,,False,False,False,False,0,,CONVERT_GBA,4,BASE_OR_OTHER,SEARCH_MORE_DS_SOURCES_THEN_CONVERT,
dududunsparce-mega,NONE,,False,False,False,False,0,,CONVERT_GBA,4,CUSTOM_MEGA,CONVERT_IF_SOURCE_CLEAN_ELSE_NATIVE_REMAKE,
duelumber,NONE,,False,False,False,False,0,,CONVERT_GBA,4,BASE_OR_OTHER,SEARCH_MORE_DS_SOURCES_THEN_CONVERT,
duosion-redux,NONE,,False,False,False,False,0,,CONVERT_GBA,4,REDUX_OR_DELTA_STYLE,CONVERT_IF_SOURCE_CLEAN_ELSE_REVIEW,
earthretha-apprensith,NONE,,False,False,False,False,0,,CONVERT_GBA,4,BASE_OR_OTHER,SEARCH_MORE_DS_SOURCES_THEN_CONVERT,
earthretha-belstatue,NONE,,False,False,False,False,0,,CONVERT_GBA,4,BASE_OR_OTHER,SEARCH_MORE_DS_SOURCES_THEN_CONVERT,
earthretha-belstatue-1,NONE,,False,False,False,False,0,,CONVERT_GBA,4,BASE_OR_OTHER,SEARCH_MORE_DS_SOURCES_THEN_CONVERT,
earthretha-belstatue-2,NONE,,False,False,False,False,0,,CONVERT_GBA,4,BASE_OR_OTHER,SEARCH_MORE_DS_SOURCES_THEN_CONVERT,
earthretha-bombghost,NONE,,False,False,False,False,0,,CONVERT_GBA,4,BASE_OR_OTHER,SEARCH_MORE_DS_SOURCES_THEN_CONVERT,
earthretha-bunninja,NONE,,False,False,False,False,0,,CONVERT_GBA,4,BASE_OR_OTHER,SEARCH_MORE_DS_SOURCES_THEN_CONVERT,
earthretha-cubchestra,NONE,,False,False,False,False,0,,CONVERT_GBA,4,BASE_OR_OTHER,SEARCH_MORE_DS_SOURCES_THEN_CONVERT,
earthretha-eggvour,NONE,,False,False,False,False,0,,CONVERT_GBA,4,BASE_OR_OTHER,SEARCH_MORE_DS_SOURCES_THEN_CONVERT,
earthretha-firaptor,NONE,,False,False,False,False,0,,CONVERT_GBA,4,BASE_OR_OTHER,SEARCH_MORE_DS_SOURCES_THEN_CONVERT,
earthretha-gloom-1,NONE,,False,False,False,False,0,,CONVERT_GBA,4,BASE_OR_OTHER,SEARCH_MORE_DS_SOURCES_THEN_CONVERT,
earthretha-gorochu,NONE,,False,False,False,False,0,,CONVERT_GBA,4,BASE_OR_OTHER,SEARCH_MORE_DS_SOURCES_THEN_CONVERT,
earthretha-incineroar-1,NONE,,False,False,False,False,0,,CONVERT_GBA,4,BASE_OR_OTHER,SEARCH_MORE_DS_SOURCES_THEN_CONVERT,
earthretha-keenstar,NONE,,False,False,False,False,0,,CONVERT_GBA,4,BASE_OR_OTHER,SEARCH_MORE_DS_SOURCES_THEN_CONVERT,
earthretha-mimiegg,NONE,,False,False,False,False,0,,CONVERT_GBA,4,BASE_OR_OTHER,SEARCH_MORE_DS_SOURCES_THEN_CONVERT,
earthretha-museon,NONE,,False,False,False,False,0,,CONVERT_GBA,4,BASE_OR_OTHER,SEARCH_MORE_DS_SOURCES_THEN_CONVERT,
earthretha-oddish-1,NONE,,False,False,False,False,0,,CONVERT_GBA,4,BASE_OR_OTHER,SEARCH_MORE_DS_SOURCES_THEN_CONVERT,
earthretha-pangshi,NONE,,False,False,False,False,0,,CONVERT_GBA,4,BASE_OR_OTHER,SEARCH_MORE_DS_SOURCES_THEN_CONVERT,
earthretha-seegel,NONE,,False,False,False,False,0,,CONVERT_GBA,4,BASE_OR_OTHER,SEARCH_MORE_DS_SOURCES_THEN_CONVERT,
earthretha-sithwitch,NONE,,False,False,False,False,0,,CONVERT_GBA,4,BASE_OR_OTHER,SEARCH_MORE_DS_SOURCES_THEN_CONVERT,
earthretha-thiefire,NONE,,False,False,False,False,0,,CONVERT_GBA,4,BASE_OR_OTHER,SEARCH_MORE_DS_SOURCES_THEN_CONVERT,
earthretha-thunphony,NONE,,False,False,False,False,0,,CONVERT_GBA,4,BASE_OR_OTHER,SEARCH_MORE_DS_SOURCES_THEN_CONVERT,
earthretha-treesmas,NONE,,False,False,False,False,0,,CONVERT_GBA,4,BASE_OR_OTHER,SEARCH_MORE_DS_SOURCES_THEN_CONVERT,
earthretha-umamoth,NONE,,False,False,False,False,0,,CONVERT_GBA,4,BASE_OR_OTHER,SEARCH_MORE_DS_SOURCES_THEN_CONVERT,
earthretha-unnamed,NONE,,False,False,False,False,0,,CONVERT_GBA,4,BASE_OR_OTHER,SEARCH_MORE_DS_SOURCES_THEN_CONVERT,
earthretha-venonat-1,NONE,,False,False,False,False,0,,CONVERT_GBA,4,BASE_OR_OTHER,SEARCH_MORE_DS_SOURCES_THEN_CONVERT,
earthretha-vileplume-1,NONE,,False,False,False,False,0,,CONVERT_GBA,4,BASE_OR_OTHER,SEARCH_MORE_DS_SOURCES_THEN_CONVERT,
eevee-partner-mega,NONE,,False,False,False,False,0,,CONVERT_GBA,4,CUSTOM_MEGA,CONVERT_IF_SOURCE_CLEAN_ELSE_NATIVE_REMAKE,
empoleon-mega,NONE,,False,False,False,False,0,,CONVERT_GBA,4,CUSTOM_MEGA,CONVERT_IF_SOURCE_CLEAN_ELSE_NATIVE_REMAKE,
empoleon-redux,NONE,,False,False,False,False,0,,CONVERT_GBA,4,REDUX_OR_DELTA_STYLE,CONVERT_IF_SOURCE_CLEAN_ELSE_REVIEW,
empoleon-redux-mega,NONE,,False,False,False,False,0,,CONVERT_GBA,4,REDUX_OR_DELTA_STYLE,CONVERT_IF_SOURCE_CLEAN_ELSE_REVIEW,
eraticate,NONE,,False,False,False,False,0,,CONVERT_GBA,4,BASE_OR_OTHER,SEARCH_MORE_DS_SOURCES_THEN_CONVERT,
escarginite,NONE,,False,False,False,False,0,,CONVERT_GBA,4,BASE_OR_OTHER,SEARCH_MORE_DS_SOURCES_THEN_CONVERT,
escarginite-redux,NONE,,False,False,False,False,0,,CONVERT_GBA,4,REDUX_OR_DELTA_STYLE,CONVERT_IF_SOURCE_CLEAN_ELSE_REVIEW,
espeon-galaxy,NONE,,False,False,False,False,0,,CONVERT_GBA,4,BASE_OR_OTHER,SEARCH_MORE_DS_SOURCES_THEN_CONVERT,
excadrill-redux,NONE,,False,False,False,False,0,,CONVERT_GBA,4,REDUX_OR_DELTA_STYLE,CONVERT_IF_SOURCE_CLEAN_ELSE_REVIEW,
exeggcute-redux,NONE,,False,False,False,False,0,,CONVERT_GBA,4,REDUX_OR_DELTA_STYLE,CONVERT_IF_SOURCE_CLEAN_ELSE_REVIEW,
exeggutor-redux,NONE,,False,False,False,False,0,,CONVERT_GBA,4,REDUX_OR_DELTA_STYLE,CONVERT_IF_SOURCE_CLEAN_ELSE_REVIEW,
exploud-redux,NONE,,False,False,False,False,0,,CONVERT_GBA,4,REDUX_OR_DELTA_STYLE,CONVERT_IF_SOURCE_CLEAN_ELSE_REVIEW,
fearow-redux,NONE,,False,False,False,False,0,,CONVERT_GBA,4,REDUX_OR_DELTA_STYLE,CONVERT_IF_SOURCE_CLEAN_ELSE_REVIEW,
fearow-redux-evo,NONE,,False,False,False,False,0,,CONVERT_GBA,4,REDUX_OR_DELTA_STYLE,CONVERT_IF_SOURCE_CLEAN_ELSE_REVIEW,
feraligatr-mega-x,NONE,,False,False,False,False,0,,CONVERT_GBA,4,CUSTOM_MEGA,CONVERT_IF_SOURCE_CLEAN_ELSE_NATIVE_REMAKE,
feraligatr-mega-y,NONE,,False,False,False,False,0,,CONVERT_GBA,4,CUSTOM_MEGA,CONVERT_IF_SOURCE_CLEAN_ELSE_NATIVE_REMAKE,
flairgrance,NONE,,False,False,False,False,0,,CONVERT_GBA,4,BASE_OR_OTHER,SEARCH_MORE_DS_SOURCES_THEN_CONVERT,
floatzel-redux,NONE,,False,False,False,False,0,,CONVERT_GBA,4,REDUX_OR_DELTA_STYLE,CONVERT_IF_SOURCE_CLEAN_ELSE_REVIEW,
floette-eternal-flower-mega,NONE,,False,False,False,False,0,,CONVERT_GBA,4,CUSTOM_MEGA,CONVERT_IF_SOURCE_CLEAN_ELSE_NATIVE_REMAKE,
fluffbee,NONE,,False,False,False,False,0,,CONVERT_GBA,4,BASE_OR_OTHER,SEARCH_MORE_DS_SOURCES_THEN_CONVERT,
flygon-mega,NONE,,False,False,False,False,0,,CONVERT_GBA,4,CUSTOM_MEGA,CONVERT_IF_SOURCE_CLEAN_ELSE_NATIVE_REMAKE,
flygon-redux,NONE,,False,False,False,False,0,,CONVERT_GBA,4,REDUX_OR_DELTA_STYLE,CONVERT_IF_SOURCE_CLEAN_ELSE_REVIEW,
flygon-redux-b,NONE,,False,False,False,False,0,,CONVERT_GBA,4,REDUX_OR_DELTA_STYLE,CONVERT_IF_SOURCE_CLEAN_ELSE_REVIEW,
flygon-redux-b-mega,NONE,,False,False,False,False,0,,CONVERT_GBA,4,REDUX_OR_DELTA_STYLE,CONVERT_IF_SOURCE_CLEAN_ELSE_REVIEW,
flygon-redux-mega,NONE,,False,False,False,False,0,,CONVERT_GBA,4,REDUX_OR_DELTA_STYLE,CONVERT_IF_SOURCE_CLEAN_ELSE_REVIEW,
fogging,NONE,,False,False,False,False,0,,CONVERT_GBA,4,BASE_OR_OTHER,SEARCH_MORE_DS_SOURCES_THEN_CONVERT,
froslass-mega-y,NONE,,False,False,False,False,0,,CONVERT_GBA,4,CUSTOM_MEGA,CONVERT_IF_SOURCE_CLEAN_ELSE_NATIVE_REMAKE,
froslass-redux,NONE,,False,False,False,False,0,,CONVERT_GBA,4,REDUX_OR_DELTA_STYLE,CONVERT_IF_SOURCE_CLEAN_ELSE_REVIEW,
froslass-redux-mega,NONE,,False,False,False,False,0,,CONVERT_GBA,4,REDUX_OR_DELTA_STYLE,CONVERT_IF_SOURCE_CLEAN_ELSE_REVIEW,
frostuccino,NONE,,False,False,False,False,0,,CONVERT_GBA,4,BASE_OR_OTHER,SEARCH_MORE_DS_SOURCES_THEN_CONVERT,
frostula,NONE,,False,False,False,False,0,,CONVERT_GBA,4,BASE_OR_OTHER,SEARCH_MORE_DS_SOURCES_THEN_CONVERT,
fujiflap,NONE,,False,False,False,False,0,,CONVERT_GBA,4,BASE_OR_OTHER,SEARCH_MORE_DS_SOURCES_THEN_CONVERT,
gabite-redux,NONE,,False,False,False,False,0,,CONVERT_GBA,4,REDUX_OR_DELTA_STYLE,CONVERT_IF_SOURCE_CLEAN_ELSE_REVIEW,
gallade-redux,NONE,,False,False,False,False,0,,CONVERT_GBA,4,REDUX_OR_DELTA_STYLE,CONVERT_IF_SOURCE_CLEAN_ELSE_REVIEW,
gallade-redux-mega,NONE,,False,False,False,False,0,,CONVERT_GBA,4,REDUX_OR_DELTA_STYLE,CONVERT_IF_SOURCE_CLEAN_ELSE_REVIEW,
garbodor-mega,NONE,,False,False,False,False,0,,CONVERT_GBA,4,CUSTOM_MEGA,CONVERT_IF_SOURCE_CLEAN_ELSE_NATIVE_REMAKE,
garchomp-mega-redux,NONE,,False,False,False,False,0,,CONVERT_GBA,4,REDUX_OR_DELTA_STYLE,CONVERT_IF_SOURCE_CLEAN_ELSE_REVIEW,
garchomp-redux,NONE,,False,False,False,False,0,,CONVERT_GBA,4,REDUX_OR_DELTA_STYLE,CONVERT_IF_SOURCE_CLEAN_ELSE_REVIEW,
gardevoir-redux,NONE,,False,False,False,False,0,,CONVERT_GBA,4,REDUX_OR_DELTA_STYLE,CONVERT_IF_SOURCE_CLEAN_ELSE_REVIEW,
gardevoir-redux-mega,NONE,,False,False,False,False,0,,CONVERT_GBA,4,REDUX_OR_DELTA_STYLE,CONVERT_IF_SOURCE_CLEAN_ELSE_REVIEW,
gargablox,NONE,,False,False,False,False,0,,CONVERT_GBA,4,BASE_OR_OTHER,SEARCH_MORE_DS_SOURCES_THEN_CONVERT,
gengar-mega-x,NONE,,False,False,False,False,0,,CONVERT_GBA,4,CUSTOM_MEGA,CONVERT_IF_SOURCE_CLEAN_ELSE_NATIVE_REMAKE,
gible-redux,NONE,,False,False,False,False,0,,CONVERT_GBA,4,REDUX_OR_DELTA_STYLE,CONVERT_IF_SOURCE_CLEAN_ELSE_REVIEW,
glalie-redux,NONE,,False,False,False,False,0,,CONVERT_GBA,4,REDUX_OR_DELTA_STYLE,CONVERT_IF_SOURCE_CLEAN_ELSE_REVIEW,
glalie-redux-mega,NONE,,False,False,False,False,0,,CONVERT_GBA,4,REDUX_OR_DELTA_STYLE,CONVERT_IF_SOURCE_CLEAN_ELSE_REVIEW,
gligar-redux,NONE,,False,False,False,False,0,,CONVERT_GBA,4,REDUX_OR_DELTA_STYLE,CONVERT_IF_SOURCE_CLEAN_ELSE_REVIEW,
gliscor-redux,NONE,,False,False,False,False,0,,CONVERT_GBA,4,REDUX_OR_DELTA_STYLE,CONVERT_IF_SOURCE_CLEAN_ELSE_REVIEW,
golisopod-mega-y,NONE,,False,False,False,False,0,,CONVERT_GBA,4,CUSTOM_MEGA,CONVERT_IF_SOURCE_CLEAN_ELSE_NATIVE_REMAKE,
goodra-hisuian-mega,NONE,,False,False,False,False,0,,CONVERT_GBA,4,CUSTOM_MEGA,CONVERT_IF_SOURCE_CLEAN_ELSE_NATIVE_REMAKE,
goodra-mega,NONE,,False,False,False,False,0,,CONVERT_GBA,4,CUSTOM_MEGA,CONVERT_IF_SOURCE_CLEAN_ELSE_NATIVE_REMAKE,
gooschase,NONE,,False,False,False,False,0,,CONVERT_GBA,4,BASE_OR_OTHER,SEARCH_MORE_DS_SOURCES_THEN_CONVERT,
gothitelle-mega,NONE,,False,False,False,False,0,,CONVERT_GBA,4,CUSTOM_MEGA,CONVERT_IF_SOURCE_CLEAN_ELSE_NATIVE_REMAKE,
granbull-mega,NONE,,False,False,False,False,0,,CONVERT_GBA,4,CUSTOM_MEGA,CONVERT_IF_SOURCE_CLEAN_ELSE_NATIVE_REMAKE,
granitun,NONE,,False,False,False,False,0,,CONVERT_GBA,4,BASE_OR_OTHER,SEARCH_MORE_DS_SOURCES_THEN_CONVERT,
grimmsnarl-mega,NONE,,False,False,False,False,0,,CONVERT_GBA,4,CUSTOM_MEGA,CONVERT_IF_SOURCE_CLEAN_ELSE_NATIVE_REMAKE,
grotle-redux,NONE,,False,False,False,False,0,,CONVERT_GBA,4,REDUX_OR_DELTA_STYLE,CONVERT_IF_SOURCE_CLEAN_ELSE_REVIEW,
grotom,NONE,,False,False,False,False,0,,CONVERT_GBA,4,BASE_OR_OTHER,SEARCH_MORE_DS_SOURCES_THEN_CONVERT,
grotom-drum,NONE,,False,False,False,False,0,,CONVERT_GBA,4,BASE_OR_OTHER,SEARCH_MORE_DS_SOURCES_THEN_CONVERT,
grotom-fill,NONE,,False,False,False,False,0,,CONVERT_GBA,4,BASE_OR_OTHER,SEARCH_MORE_DS_SOURCES_THEN_CONVERT,
grotom-glass,NONE,,False,False,False,False,0,,CONVERT_GBA,4,BASE_OR_OTHER,SEARCH_MORE_DS_SOURCES_THEN_CONVERT,
grotom-kick,NONE,,False,False,False,False,0,,CONVERT_GBA,4,BASE_OR_OTHER,SEARCH_MORE_DS_SOURCES_THEN_CONVERT,
grotom-roll,NONE,,False,False,False,False,0,,CONVERT_GBA,4,BASE_OR_OTHER,SEARCH_MORE_DS_SOURCES_THEN_CONVERT,
growlithe-redux,NONE,,False,False,False,False,0,,CONVERT_GBA,4,REDUX_OR_DELTA_STYLE,CONVERT_IF_SOURCE_CLEAN_ELSE_REVIEW,
guardozel,NONE,,False,False,False,False,0,,CONVERT_GBA,4,BASE_OR_OTHER,SEARCH_MORE_DS_SOURCES_THEN_CONVERT,
gyaradeath,NONE,,False,False,False,False,0,,CONVERT_GBA,4,BASE_OR_OTHER,SEARCH_MORE_DS_SOURCES_THEN_CONVERT,
gyaradeath-mega-x,NONE,,False,False,False,False,0,,CONVERT_GBA,4,CUSTOM_MEGA,CONVERT_IF_SOURCE_CLEAN_ELSE_NATIVE_REMAKE,
gyaradeath-mega-y,NONE,,False,False,False,False,0,,CONVERT_GBA,4,CUSTOM_MEGA,CONVERT_IF_SOURCE_CLEAN_ELSE_NATIVE_REMAKE,
gyarados-mega-y,NONE,,False,False,False,False,0,,CONVERT_GBA,4,CUSTOM_MEGA,CONVERT_IF_SOURCE_CLEAN_ELSE_NATIVE_REMAKE,
gyarevalry,NONE,,False,False,False,False,0,,CONVERT_GBA,4,BASE_OR_OTHER,SEARCH_MORE_DS_SOURCES_THEN_CONVERT,
happiny-redux,NONE,,False,False,False,False,0,,CONVERT_GBA,4,REDUX_OR_DELTA_STYLE,CONVERT_IF_SOURCE_CLEAN_ELSE_REVIEW,
hariyama-mega,NONE,,False,False,False,False,0,,CONVERT_GBA,4,CUSTOM_MEGA,CONVERT_IF_SOURCE_CLEAN_ELSE_NATIVE_REMAKE,
hariyama-redux,NONE,,False,False,False,False,0,,CONVERT_GBA,4,REDUX_OR_DELTA_STYLE,CONVERT_IF_SOURCE_CLEAN_ELSE_REVIEW,
harvesting-tyrant,NONE,,False,False,False,False,0,,CONVERT_GBA,4,BASE_OR_OTHER,SEARCH_MORE_DS_SOURCES_THEN_CONVERT,
hatterene-mega,NONE,,False,False,False,False,0,,CONVERT_GBA,4,CUSTOM_MEGA,CONVERT_IF_SOURCE_CLEAN_ELSE_NATIVE_REMAKE,
haxorus-mega,NONE,,False,False,False,False,0,,CONVERT_GBA,4,CUSTOM_MEGA,CONVERT_IF_SOURCE_CLEAN_ELSE_NATIVE_REMAKE,
heliomodo,NONE,,False,False,False,False,0,CONVERT_FROM_CLEAN_SOURCE,CONVERT_GBA,2,BASE_OR_OTHER,SEARCH_MORE_DS_SOURCES_THEN_CONVERT,
heliomodo-elite-redux,NONE,,False,False,False,False,0,,CONVERT_GBA,1,REDUX_OR_DELTA_STYLE,CONVERT_IF_SOURCE_CLEAN_ELSE_REVIEW,
heliosunny,NONE,,False,False,False,False,0,,CONVERT_GBA,4,BASE_OR_OTHER,SEARCH_MORE_DS_SOURCES_THEN_CONVERT,
heracreus,NONE,,False,False,False,False,0,,CONVERT_GBA,4,BASE_OR_OTHER,SEARCH_MORE_DS_SOURCES_THEN_CONVERT,
heracreus-mega,NONE,,False,False,False,False,0,,CONVERT_GBA,4,CUSTOM_MEGA,CONVERT_IF_SOURCE_CLEAN_ELSE_NATIVE_REMAKE,
hippopotato,NONE,,False,False,False,False,0,,CONVERT_GBA,4,BASE_OR_OTHER,SEARCH_MORE_DS_SOURCES_THEN_CONVERT,
hippotaton,NONE,,False,False,False,False,0,,CONVERT_GBA,4,BASE_OR_OTHER,SEARCH_MORE_DS_SOURCES_THEN_CONVERT,
hitmonchan-mega,NONE,,False,False,False,False,0,,CONVERT_GBA,4,CUSTOM_MEGA,CONVERT_IF_SOURCE_CLEAN_ELSE_NATIVE_REMAKE,
hitmonlee-mega,NONE,,False,False,False,False,0,,CONVERT_GBA,4,CUSTOM_MEGA,CONVERT_IF_SOURCE_CLEAN_ELSE_NATIVE_REMAKE,
hitmontop-mega,NONE,,False,False,False,False,0,,CONVERT_GBA,4,CUSTOM_MEGA,CONVERT_IF_SOURCE_CLEAN_ELSE_NATIVE_REMAKE,
honedge-redux,NONE,,False,False,False,False,0,,CONVERT_GBA,4,REDUX_OR_DELTA_STYLE,CONVERT_IF_SOURCE_CLEAN_ELSE_REVIEW,
houndoom-mega-redux,NONE,,False,False,False,False,0,,CONVERT_GBA,4,REDUX_OR_DELTA_STYLE,CONVERT_IF_SOURCE_CLEAN_ELSE_REVIEW,
houndoom-redux,NONE,,False,False,False,False,0,,CONVERT_GBA,4,REDUX_OR_DELTA_STYLE,CONVERT_IF_SOURCE_CLEAN_ELSE_REVIEW,
houndour-redux,NONE,,False,False,False,False,0,,CONVERT_GBA,4,REDUX_OR_DELTA_STYLE,CONVERT_IF_SOURCE_CLEAN_ELSE_REVIEW,
hydreigon-mega,NONE,,False,False,False,False,0,,CONVERT_GBA,4,CUSTOM_MEGA,CONVERT_IF_SOURCE_CLEAN_ELSE_NATIVE_REMAKE,
hydreigon-redux,NONE,,False,False,False,False,0,,CONVERT_GBA,4,REDUX_OR_DELTA_STYLE,CONVERT_IF_SOURCE_CLEAN_ELSE_REVIEW,
hydreigon-redux-mega,NONE,,False,False,False,False,0,,CONVERT_GBA,4,REDUX_OR_DELTA_STYLE,CONVERT_IF_SOURCE_CLEAN_ELSE_REVIEW,
hydroar,NONE,,False,False,False,False,0,,CONVERT_GBA,4,BASE_OR_OTHER,SEARCH_MORE_DS_SOURCES_THEN_CONVERT,
hydroar-f,NONE,,False,False,False,False,0,,CONVERT_GBA,4,BASE_OR_OTHER,SEARCH_MORE_DS_SOURCES_THEN_CONVERT,
hypnocroak,NONE,,False,False,False,False,0,,CONVERT_GBA,4,BASE_OR_OTHER,SEARCH_MORE_DS_SOURCES_THEN_CONVERT,
incineroar-mega,NONE,,False,False,False,False,0,,CONVERT_GBA,4,CUSTOM_MEGA,CONVERT_IF_SOURCE_CLEAN_ELSE_NATIVE_REMAKE,
infernape-mega,NONE,,False,False,False,False,0,,CONVERT_GBA,4,CUSTOM_MEGA,CONVERT_IF_SOURCE_CLEAN_ELSE_NATIVE_REMAKE,
infernape-redux,NONE,,False,False,False,False,0,,CONVERT_GBA,4,REDUX_OR_DELTA_STYLE,CONVERT_IF_SOURCE_CLEAN_ELSE_REVIEW,
infernape-redux-mega,NONE,,False,False,False,False,0,,CONVERT_GBA,4,REDUX_OR_DELTA_STYLE,CONVERT_IF_SOURCE_CLEAN_ELSE_REVIEW,
inteleon-mega,NONE,,False,False,False,False,0,,CONVERT_GBA,4,CUSTOM_MEGA,CONVERT_IF_SOURCE_CLEAN_ELSE_NATIVE_REMAKE,
jagged-chungulis,NONE,,False,False,False,False,0,,CONVERT_GBA,4,BASE_OR_OTHER,SEARCH_MORE_DS_SOURCES_THEN_CONVERT,
kadabra-redux,NONE,,False,False,False,False,0,,CONVERT_GBA,4,REDUX_OR_DELTA_STYLE,CONVERT_IF_SOURCE_CLEAN_ELSE_REVIEW,
kaiosea,NONE,,False,False,False,False,0,,CONVERT_GBA,4,BASE_OR_OTHER,SEARCH_MORE_DS_SOURCES_THEN_CONVERT,
kakuna-redux,NONE,,False,False,False,False,0,,CONVERT_GBA,4,REDUX_OR_DELTA_STYLE,CONVERT_IF_SOURCE_CLEAN_ELSE_REVIEW,
kartana-fallen,NONE,,False,False,False,False,0,,CONVERT_GBA,4,BASE_OR_OTHER,SEARCH_MORE_DS_SOURCES_THEN_CONVERT,
kecleong,NONE,,False,False,False,False,0,,CONVERT_GBA,4,BASE_OR_OTHER,SEARCH_MORE_DS_SOURCES_THEN_CONVERT,
kilozuna,NONE,,False,False,False,False,0,,CONVERT_GBA,4,BASE_OR_OTHER,SEARCH_MORE_DS_SOURCES_THEN_CONVERT,
kilozuna-mega,NONE,,False,False,False,False,0,,CONVERT_GBA,4,CUSTOM_MEGA,CONVERT_IF_SOURCE_CLEAN_ELSE_NATIVE_REMAKE,
kingambit-redux,NONE,,False,False,False,False,0,,CONVERT_GBA,4,REDUX_OR_DELTA_STYLE,CONVERT_IF_SOURCE_CLEAN_ELSE_REVIEW,
kingambit-redux-mega,NONE,,False,False,False,False,0,,CONVERT_GBA,4,REDUX_OR_DELTA_STYLE,CONVERT_IF_SOURCE_CLEAN_ELSE_REVIEW,
kingdra-mega,NONE,,False,False,False,False,0,,CONVERT_GBA,4,CUSTOM_MEGA,CONVERT_IF_SOURCE_CLEAN_ELSE_NATIVE_REMAKE,
kingler-mega,NONE,,False,False,False,False,0,,CONVERT_GBA,4,CUSTOM_MEGA,CONVERT_IF_SOURCE_CLEAN_ELSE_NATIVE_REMAKE,
kingler-redux,NONE,,False,False,False,False,0,,CONVERT_GBA,4,REDUX_OR_DELTA_STYLE,CONVERT_IF_SOURCE_CLEAN_ELSE_REVIEW,
kingler-redux-mega,NONE,,False,False,False,False,0,,CONVERT_GBA,4,REDUX_OR_DELTA_STYLE,CONVERT_IF_SOURCE_CLEAN_ELSE_REVIEW,
kipmodo,NONE,,False,False,False,False,0,,CONVERT_GBA,4,BASE_OR_OTHER,SEARCH_MORE_DS_SOURCES_THEN_CONVERT,
kirlia-redux,NONE,,False,False,False,False,0,,CONVERT_GBA,4,REDUX_OR_DELTA_STYLE,CONVERT_IF_SOURCE_CLEAN_ELSE_REVIEW,
kleavor-mega,NONE,,False,False,False,False,0,,CONVERT_GBA,4,CUSTOM_MEGA,CONVERT_IF_SOURCE_CLEAN_ELSE_NATIVE_REMAKE,
kleavor-redux,NONE,,False,False,False,False,0,,CONVERT_GBA,4,REDUX_OR_DELTA_STYLE,CONVERT_IF_SOURCE_CLEAN_ELSE_REVIEW,
kleavor-redux-mega,NONE,,False,False,False,False,0,,CONVERT_GBA,4,REDUX_OR_DELTA_STYLE,CONVERT_IF_SOURCE_CLEAN_ELSE_REVIEW,
klefki-redux,NONE,,False,False,False,False,0,,CONVERT_GBA,4,REDUX_OR_DELTA_STYLE,CONVERT_IF_SOURCE_CLEAN_ELSE_REVIEW,
krabby-redux,NONE,,False,False,False,False,0,,CONVERT_GBA,4,REDUX_OR_DELTA_STYLE,CONVERT_IF_SOURCE_CLEAN_ELSE_REVIEW,
krampird,NONE,,False,False,False,False,0,,CONVERT_GBA,4,BASE_OR_OTHER,SEARCH_MORE_DS_SOURCES_THEN_CONVERT,
krookodile-mega,NONE,,False,False,False,False,0,,CONVERT_GBA,4,CUSTOM_MEGA,CONVERT_IF_SOURCE_CLEAN_ELSE_NATIVE_REMAKE,
lairon-redux,NONE,,False,False,False,False,0,,CONVERT_GBA,4,REDUX_OR_DELTA_STYLE,CONVERT_IF_SOURCE_CLEAN_ELSE_REVIEW,
lampent-redux,NONE,,False,False,False,False,0,,CONVERT_GBA,4,REDUX_OR_DELTA_STYLE,CONVERT_IF_SOURCE_CLEAN_ELSE_REVIEW,
lanturn-mega,NONE,,False,False,False,False,0,,CONVERT_GBA,4,CUSTOM_MEGA,CONVERT_IF_SOURCE_CLEAN_ELSE_NATIVE_REMAKE,
lapras-mega,NONE,,False,False,False,False,0,,CONVERT_GBA,4,CUSTOM_MEGA,CONVERT_IF_SOURCE_CLEAN_ELSE_NATIVE_REMAKE,
lapras-mega-x,NONE,,False,False,False,False,0,,CONVERT_GBA,4,CUSTOM_MEGA,CONVERT_IF_SOURCE_CLEAN_ELSE_NATIVE_REMAKE,
larvesta-redux,NONE,,False,False,False,False,0,,CONVERT_GBA,4,REDUX_OR_DELTA_STYLE,CONVERT_IF_SOURCE_CLEAN_ELSE_REVIEW,
larvitar-redux,NONE,,False,False,False,False,0,,CONVERT_GBA,4,REDUX_OR_DELTA_STYLE,CONVERT_IF_SOURCE_CLEAN_ELSE_REVIEW,
lepastry,NONE,,False,False,False,False,0,,CONVERT_GBA,4,BASE_OR_OTHER,SEARCH_MORE_DS_SOURCES_THEN_CONVERT,
litwick-redux,NONE,,False,False,False,False,0,,CONVERT_GBA,4,REDUX_OR_DELTA_STYLE,CONVERT_IF_SOURCE_CLEAN_ELSE_REVIEW,
loudred-redux,NONE,,False,False,False,False,0,,CONVERT_GBA,4,REDUX_OR_DELTA_STYLE,CONVERT_IF_SOURCE_CLEAN_ELSE_REVIEW,
lumbering-sloth,NONE,,False,False,False,False,0,,CONVERT_GBA,4,BASE_OR_OTHER,SEARCH_MORE_DS_SOURCES_THEN_CONVERT,
lumbering-sloth-engulfed,NONE,,False,False,False,False,0,,CONVERT_GBA,4,BASE_OR_OTHER,SEARCH_MORE_DS_SOURCES_THEN_CONVERT,
luminositeon,NONE,,False,False,False,False,0,,CONVERT_GBA,4,BASE_OR_OTHER,SEARCH_MORE_DS_SOURCES_THEN_CONVERT,
luxio-redux,NONE,,False,False,False,False,0,,CONVERT_GBA,4,REDUX_OR_DELTA_STYLE,CONVERT_IF_SOURCE_CLEAN_ELSE_REVIEW,
luxray-mega,NONE,,False,False,False,False,0,,CONVERT_GBA,4,CUSTOM_MEGA,CONVERT_IF_SOURCE_CLEAN_ELSE_NATIVE_REMAKE,
luxray-redux,NONE,,False,False,False,False,0,,CONVERT_GBA,4,REDUX_OR_DELTA_STYLE,CONVERT_IF_SOURCE_CLEAN_ELSE_REVIEW,
luxray-redux-mega,NONE,,False,False,False,False,0,,CONVERT_GBA,4,REDUX_OR_DELTA_STYLE,CONVERT_IF_SOURCE_CLEAN_ELSE_REVIEW,
luxzero,NONE,,False,False,False,False,0,,CONVERT_GBA,4,BASE_OR_OTHER,SEARCH_MORE_DS_SOURCES_THEN_CONVERT,
luxzero-mega,NONE,,False,False,False,False,0,,CONVERT_GBA,4,CUSTOM_MEGA,CONVERT_IF_SOURCE_CLEAN_ELSE_NATIVE_REMAKE,
lycanroc-eclipse,NONE,,False,False,False,False,0,,CONVERT_GBA,4,BASE_OR_OTHER,SEARCH_MORE_DS_SOURCES_THEN_CONVERT,
lycanroc-twilight,NONE,,False,False,False,False,0,,CONVERT_GBA,4,BASE_OR_OTHER,SEARCH_MORE_DS_SOURCES_THEN_CONVERT,
machamp-mega,NONE,,False,False,False,False,0,,CONVERT_GBA,4,CUSTOM_MEGA,CONVERT_IF_SOURCE_CLEAN_ELSE_NATIVE_REMAKE,
machamp-mega-redux,NONE,,False,False,False,False,0,,CONVERT_GBA,4,REDUX_OR_DELTA_STYLE,CONVERT_IF_SOURCE_CLEAN_ELSE_REVIEW,
machamp-redux,NONE,,False,False,False,False,0,,CONVERT_GBA,4,REDUX_OR_DELTA_STYLE,CONVERT_IF_SOURCE_CLEAN_ELSE_REVIEW,
machoke-redux,NONE,,False,False,False,False,0,,CONVERT_GBA,4,REDUX_OR_DELTA_STYLE,CONVERT_IF_SOURCE_CLEAN_ELSE_REVIEW,
machop-redux,NONE,,False,False,False,False,0,,CONVERT_GBA,4,REDUX_OR_DELTA_STYLE,CONVERT_IF_SOURCE_CLEAN_ELSE_REVIEW,
magcargo-redux,NONE,,False,False,False,False,0,,CONVERT_GBA,4,REDUX_OR_DELTA_STYLE,CONVERT_IF_SOURCE_CLEAN_ELSE_REVIEW,
magearna-mega,NONE,,False,False,False,False,0,,CONVERT_GBA,4,CUSTOM_MEGA,CONVERT_IF_SOURCE_CLEAN_ELSE_NATIVE_REMAKE,
magmenous,NONE,,False,False,False,False,0,,CONVERT_GBA,4,BASE_OR_OTHER,SEARCH_MORE_DS_SOURCES_THEN_CONVERT,
magnezone-mega,NONE,,False,False,False,False,0,,CONVERT_GBA,4,CUSTOM_MEGA,CONVERT_IF_SOURCE_CLEAN_ELSE_NATIVE_REMAKE,
makuhita-redux,NONE,,False,False,False,False,0,,CONVERT_GBA,4,REDUX_OR_DELTA_STYLE,CONVERT_IF_SOURCE_CLEAN_ELSE_REVIEW,
mamoswine-redux,NONE,,False,False,False,False,0,,CONVERT_GBA,12,REDUX_OR_DELTA_STYLE,CONVERT_IF_SOURCE_CLEAN_ELSE_REVIEW,
mamoswine-redux-mega,NONE,,False,False,False,False,0,,CONVERT_GBA,12,REDUX_OR_DELTA_STYLE,CONVERT_IF_SOURCE_CLEAN_ELSE_REVIEW,
marbeep,NONE,,False,False,False,False,0,,CONVERT_GBA,4,BASE_OR_OTHER,SEARCH_MORE_DS_SOURCES_THEN_CONVERT,
marshmodo,NONE,,False,False,False,False,0,,CONVERT_GBA,4,BASE_OR_OTHER,SEARCH_MORE_DS_SOURCES_THEN_CONVERT,
mawile-mega-redux,NONE,,False,False,False,False,0,,CONVERT_GBA,4,REDUX_OR_DELTA_STYLE,CONVERT_IF_SOURCE_CLEAN_ELSE_REVIEW,
mawile-redux,NONE,,False,False,False,False,0,,CONVERT_GBA,4,REDUX_OR_DELTA_STYLE,CONVERT_IF_SOURCE_CLEAN_ELSE_REVIEW,
mawile-redux-b,NONE,,False,False,False,False,0,,CONVERT_GBA,4,REDUX_OR_DELTA_STYLE,CONVERT_IF_SOURCE_CLEAN_ELSE_REVIEW,
mawile-redux-b-mega,NONE,,False,False,False,False,0,,CONVERT_GBA,4,REDUX_OR_DELTA_STYLE,CONVERT_IF_SOURCE_CLEAN_ELSE_REVIEW,
mega-bastiodon,NONE,,False,False,False,False,0,,CONVERT_GBA,12,CUSTOM_MEGA,CONVERT_IF_SOURCE_CLEAN_ELSE_NATIVE_REMAKE,
mega-dusknoir,NONE,,False,False,False,False,0,,CONVERT_GBA,4,CUSTOM_MEGA,CONVERT_IF_SOURCE_CLEAN_ELSE_NATIVE_REMAKE,
mega-electivire,NONE,,False,False,False,False,0,,CONVERT_GBA,12,CUSTOM_MEGA,CONVERT_IF_SOURCE_CLEAN_ELSE_NATIVE_REMAKE,
mega-empoleon,NONE,,False,False,False,False,0,,CONVERT_GBA,4,CUSTOM_MEGA,CONVERT_IF_SOURCE_CLEAN_ELSE_NATIVE_REMAKE,
mega-honchkrow,NONE,,False,False,False,False,0,,CONVERT_GBA,12,CUSTOM_MEGA,CONVERT_IF_SOURCE_CLEAN_ELSE_NATIVE_REMAKE,
mega-infernape,NONE,,False,False,False,False,0,,CONVERT_GBA,4,CUSTOM_MEGA,CONVERT_IF_SOURCE_CLEAN_ELSE_NATIVE_REMAKE,
mega-magmortar,NONE,,False,False,False,False,0,RECOVER_SOURCE_THEN_CONVERT,CONVERT_GBA,5,CUSTOM_MEGA,CONVERT_IF_SOURCE_CLEAN_ELSE_NATIVE_REMAKE,
mega-magnezone,NONE,,False,False,False,False,0,,CONVERT_GBA,4,CUSTOM_MEGA,CONVERT_IF_SOURCE_CLEAN_ELSE_NATIVE_REMAKE,
mega-mamoswine,NONE,,False,False,False,False,0,,CONVERT_GBA,12,CUSTOM_MEGA,CONVERT_IF_SOURCE_CLEAN_ELSE_NATIVE_REMAKE,
mega-milotic,NONE,,False,False,False,False,0,,CONVERT_GBA,12,CUSTOM_MEGA,CONVERT_IF_SOURCE_CLEAN_ELSE_NATIVE_REMAKE,
mega-porygon,NONE,,False,False,False,False,0,,CONVERT_GBA,12,CUSTOM_MEGA,CONVERT_IF_SOURCE_CLEAN_ELSE_NATIVE_REMAKE,
mega-probopass,NONE,,False,False,False,False,0,,CONVERT_GBA,12,CUSTOM_MEGA,CONVERT_IF_SOURCE_CLEAN_ELSE_NATIVE_REMAKE,
mega-rampardos,NONE,,False,False,False,False,0,,CONVERT_GBA,12,CUSTOM_MEGA,CONVERT_IF_SOURCE_CLEAN_ELSE_NATIVE_REMAKE,
mega-rhyperior-stage22,NONE,,False,False,False,False,0,,CONVERT_GBA,1,MERCURY_ORIGINAL_BAD_SOURCE,NATIVE_NDS_REMAKE,
mega-roserade,NONE,,False,False,False,False,0,,CONVERT_GBA,12,CUSTOM_MEGA,CONVERT_IF_SOURCE_CLEAN_ELSE_NATIVE_REMAKE,
mega-spiritomb,NONE,,False,False,False,False,0,RECOVER_SOURCE_THEN_CONVERT,CONVERT_GBA,5,CUSTOM_MEGA,CONVERT_IF_SOURCE_CLEAN_ELSE_NATIVE_REMAKE,
mega-tangrowth,NONE,,False,False,False,False,0,,CONVERT_GBA,12,CUSTOM_MEGA,CONVERT_IF_SOURCE_CLEAN_ELSE_NATIVE_REMAKE,
mega-torterra,NONE,,False,False,False,False,0,,CONVERT_GBA,4,CUSTOM_MEGA,CONVERT_IF_SOURCE_CLEAN_ELSE_NATIVE_REMAKE,
mega-weavile,NONE,,False,False,False,False,0,,CONVERT_GBA,12,CUSTOM_MEGA,CONVERT_IF_SOURCE_CLEAN_ELSE_NATIVE_REMAKE,
mega-yanmega,NONE,,False,False,False,False,0,,CONVERT_GBA,12,CUSTOM_MEGA,CONVERT_IF_SOURCE_CLEAN_ELSE_NATIVE_REMAKE,
melmetal-mega,NONE,,False,False,False,False,0,,CONVERT_GBA,4,CUSTOM_MEGA,CONVERT_IF_SOURCE_CLEAN_ELSE_NATIVE_REMAKE,
meowscarada-mega,NONE,,False,False,False,False,0,,CONVERT_GBA,4,CUSTOM_MEGA,CONVERT_IF_SOURCE_CLEAN_ELSE_NATIVE_REMAKE,
meowth-partner,NONE,,False,False,False,False,0,,CONVERT_GBA,4,BASE_OR_OTHER,SEARCH_MORE_DS_SOURCES_THEN_CONVERT,
meowth-partner-mega,NONE,,False,False,False,False,0,,CONVERT_GBA,4,CUSTOM_MEGA,CONVERT_IF_SOURCE_CLEAN_ELSE_NATIVE_REMAKE,
merrykarp,NONE,,False,False,False,False,0,,CONVERT_GBA,4,BASE_OR_OTHER,SEARCH_MORE_DS_SOURCES_THEN_CONVERT,
mesprit-redux,NONE,,False,False,False,False,0,,CONVERT_GBA,4,REDUX_OR_DELTA_STYLE,CONVERT_IF_SOURCE_CLEAN_ELSE_REVIEW,
mienshao-mega,NONE,,False,False,False,False,0,,CONVERT_GBA,4,CUSTOM_MEGA,CONVERT_IF_SOURCE_CLEAN_ELSE_NATIVE_REMAKE,
milotic-mega,NONE,,False,False,False,False,0,,CONVERT_GBA,12,CUSTOM_MEGA,CONVERT_IF_SOURCE_CLEAN_ELSE_NATIVE_REMAKE,
mimikyu-apex,NONE,,False,False,False,False,0,,CONVERT_GBA,4,BASE_OR_OTHER,SEARCH_MORE_DS_SOURCES_THEN_CONVERT,
mimikyu-apex-busted,NONE,,False,False,False,False,0,,CONVERT_GBA,4,BASE_OR_OTHER,SEARCH_MORE_DS_SOURCES_THEN_CONVERT,
mimikyu-rayquaza,NONE,,False,False,False,False,0,,CONVERT_GBA,4,BASE_OR_OTHER,SEARCH_MORE_DS_SOURCES_THEN_CONVERT,
mimikyu-rayquaza-busted,NONE,,False,False,False,False,0,,CONVERT_GBA,4,BASE_OR_OTHER,SEARCH_MORE_DS_SOURCES_THEN_CONVERT,
minccino-redux,NONE,,False,False,False,False,0,,CONVERT_GBA,4,REDUX_OR_DELTA_STYLE,CONVERT_IF_SOURCE_CLEAN_ELSE_REVIEW,
moltres-ex,NONE,,False,False,False,False,0,,CONVERT_GBA,4,BASE_OR_OTHER,SEARCH_MORE_DS_SOURCES_THEN_CONVERT,
moltres-ex-mega,NONE,,False,False,False,False,0,,CONVERT_GBA,4,CUSTOM_MEGA,CONVERT_IF_SOURCE_CLEAN_ELSE_NATIVE_REMAKE,
monferno-redux,NONE,,False,False,False,False,0,,CONVERT_GBA,4,REDUX_OR_DELTA_STYLE,CONVERT_IF_SOURCE_CLEAN_ELSE_REVIEW,
morpekyll,NONE,,False,False,False,False,0,,CONVERT_GBA,4,BASE_OR_OTHER,SEARCH_MORE_DS_SOURCES_THEN_CONVERT,
morpekyll-hangry,NONE,,False,False,False,False,0,,CONVERT_GBA,4,BASE_OR_OTHER,SEARCH_MORE_DS_SOURCES_THEN_CONVERT,
munchlax-redux,NONE,,False,False,False,False,0,,CONVERT_GBA,4,REDUX_OR_DELTA_STYLE,CONVERT_IF_SOURCE_CLEAN_ELSE_REVIEW,
nidoking-mega,NONE,,False,False,False,False,0,,CONVERT_GBA,4,CUSTOM_MEGA,CONVERT_IF_SOURCE_CLEAN_ELSE_NATIVE_REMAKE,
nidoqueen-mega,NONE,,False,False,False,False,0,,CONVERT_GBA,4,CUSTOM_MEGA,CONVERT_IF_SOURCE_CLEAN_ELSE_NATIVE_REMAKE,
noibat-redux,NONE,,False,False,False,False,0,,CONVERT_GBA,4,REDUX_OR_DELTA_STYLE,CONVERT_IF_SOURCE_CLEAN_ELSE_REVIEW,
noivern-redux,NONE,,False,False,False,False,0,,CONVERT_GBA,4,REDUX_OR_DELTA_STYLE,CONVERT_IF_SOURCE_CLEAN_ELSE_REVIEW,
orbeetle-mega,NONE,,False,False,False,False,0,,CONVERT_GBA,4,CUSTOM_MEGA,CONVERT_IF_SOURCE_CLEAN_ELSE_NATIVE_REMAKE,
orchestot,NONE,,False,False,False,False,0,,CONVERT_GBA,4,BASE_OR_OTHER,SEARCH_MORE_DS_SOURCES_THEN_CONVERT,
oricorio-mega,NONE,,False,False,False,False,0,,CONVERT_GBA,4,CUSTOM_MEGA,CONVERT_IF_SOURCE_CLEAN_ELSE_NATIVE_REMAKE,
panpour-redux,NONE,,False,False,False,False,0,,CONVERT_GBA,4,REDUX_OR_DELTA_STYLE,CONVERT_IF_SOURCE_CLEAN_ELSE_REVIEW,
pansage-redux,NONE,,False,False,False,False,0,,CONVERT_GBA,4,REDUX_OR_DELTA_STYLE,CONVERT_IF_SOURCE_CLEAN_ELSE_REVIEW,
pansear-redux,NONE,,False,False,False,False,0,,CONVERT_GBA,4,REDUX_OR_DELTA_STYLE,CONVERT_IF_SOURCE_CLEAN_ELSE_REVIEW,
pawniard-redux,NONE,,False,False,False,False,0,,CONVERT_GBA,4,REDUX_OR_DELTA_STYLE,CONVERT_IF_SOURCE_CLEAN_ELSE_REVIEW,
pentadug,NONE,,False,False,False,False,0,,CONVERT_GBA,4,BASE_OR_OTHER,SEARCH_MORE_DS_SOURCES_THEN_CONVERT,
pentadug-alolan,NONE,,False,False,False,False,0,,CONVERT_GBA,4,REGIONAL_OR_CANON_FORM,SEARCH_MORE_DS_SOURCES_THEN_CONVERT,
pentawug,NONE,,False,False,False,False,0,,CONVERT_GBA,4,BASE_OR_OTHER,SEARCH_MORE_DS_SOURCES_THEN_CONVERT,
phanfernal,NONE,,False,False,False,False,0,,CONVERT_GBA,4,BASE_OR_OTHER,SEARCH_MORE_DS_SOURCES_THEN_CONVERT,
phantowl,NONE,,False,False,False,False,0,,CONVERT_GBA,4,BASE_OR_OTHER,SEARCH_MORE_DS_SOURCES_THEN_CONVERT,
pikachu-partner-mega,NONE,,False,False,False,False,0,,CONVERT_GBA,4,CUSTOM_MEGA,CONVERT_IF_SOURCE_CLEAN_ELSE_NATIVE_REMAKE,
piloswine-redux,NONE,,False,False,False,False,0,,CONVERT_GBA,4,REDUX_OR_DELTA_STYLE,CONVERT_IF_SOURCE_CLEAN_ELSE_REVIEW,
piplup-redux,NONE,,False,False,False,False,0,,CONVERT_GBA,4,REDUX_OR_DELTA_STYLE,CONVERT_IF_SOURCE_CLEAN_ELSE_REVIEW,
plundertow,NONE,,False,False,False,False,0,,CONVERT_GBA,4,BASE_OR_OTHER,SEARCH_MORE_DS_SOURCES_THEN_CONVERT,
polartic,NONE,,False,False,False,False,0,,CONVERT_GBA,4,BASE_OR_OTHER,SEARCH_MORE_DS_SOURCES_THEN_CONVERT,
polartic-bluemoon,NONE,,False,False,False,False,0,,CONVERT_GBA,4,BASE_OR_OTHER,SEARCH_MORE_DS_SOURCES_THEN_CONVERT,
polteageist-redux,NONE,,False,False,False,False,0,,CONVERT_GBA,4,REDUX_OR_DELTA_STYLE,CONVERT_IF_SOURCE_CLEAN_ELSE_REVIEW,
popcorm,NONE,,False,False,False,False,0,,CONVERT_GBA,4,BASE_OR_OTHER,SEARCH_MORE_DS_SOURCES_THEN_CONVERT,
popcorm-mega,NONE,,False,False,False,False,0,,CONVERT_GBA,4,CUSTOM_MEGA,CONVERT_IF_SOURCE_CLEAN_ELSE_NATIVE_REMAKE,
primarina-mega,NONE,,False,False,False,False,0,,CONVERT_GBA,4,CUSTOM_MEGA,CONVERT_IF_SOURCE_CLEAN_ELSE_NATIVE_REMAKE,
prinplup-redux,NONE,,False,False,False,False,0,,CONVERT_GBA,4,REDUX_OR_DELTA_STYLE,CONVERT_IF_SOURCE_CLEAN_ELSE_REVIEW,
psyduck-redux,NONE,,False,False,False,False,0,,CONVERT_GBA,4,REDUX_OR_DELTA_STYLE,CONVERT_IF_SOURCE_CLEAN_ELSE_REVIEW,
pupitar-redux,NONE,,False,False,False,False,0,,CONVERT_GBA,4,REDUX_OR_DELTA_STYLE,CONVERT_IF_SOURCE_CLEAN_ELSE_REVIEW,
quagsire-mega,NONE,,False,False,False,False,0,,CONVERT_GBA,4,CUSTOM_MEGA,CONVERT_IF_SOURCE_CLEAN_ELSE_NATIVE_REMAKE,
quaquaval-mega,NONE,,False,False,False,False,0,,CONVERT_GBA,4,CUSTOM_MEGA,CONVERT_IF_SOURCE_CLEAN_ELSE_NATIVE_REMAKE,
queengambit,NONE,,False,False,False,False,0,,CONVERT_GBA,4,BASE_OR_OTHER,SEARCH_MORE_DS_SOURCES_THEN_CONVERT,
ralts-redux,NONE,,False,False,False,False,0,,CONVERT_GBA,4,REDUX_OR_DELTA_STYLE,CONVERT_IF_SOURCE_CLEAN_ELSE_REVIEW,
rapidash-mega,NONE,,False,False,False,False,0,,CONVERT_GBA,4,CUSTOM_MEGA,CONVERT_IF_SOURCE_CLEAN_ELSE_NATIVE_REMAKE,
rapidash-mega-galarian,NONE,,False,False,False,False,0,,CONVERT_GBA,4,CUSTOM_MEGA,CONVERT_IF_SOURCE_CLEAN_ELSE_NATIVE_REMAKE,
ratfioso,NONE,,False,False,False,False,0,,CONVERT_GBA,4,BASE_OR_OTHER,SEARCH_MORE_DS_SOURCES_THEN_CONVERT,
raticate-redux,NONE,,False,False,False,False,0,,CONVERT_GBA,4,REDUX_OR_DELTA_STYLE,CONVERT_IF_SOURCE_CLEAN_ELSE_REVIEW,
ratiking,NONE,,False,False,False,False,0,,CONVERT_GBA,4,BASE_OR_OTHER,SEARCH_MORE_DS_SOURCES_THEN_CONVERT,
rattata-redux,NONE,,False,False,False,False,0,,CONVERT_GBA,4,REDUX_OR_DELTA_STYLE,CONVERT_IF_SOURCE_CLEAN_ELSE_REVIEW,
relicanth-mega,NONE,,False,False,False,False,0,,CONVERT_GBA,4,CUSTOM_MEGA,CONVERT_IF_SOURCE_CLEAN_ELSE_NATIVE_REMAKE,
reuniclus-mega,NONE,,False,False,False,False,0,,CONVERT_GBA,4,CUSTOM_MEGA,CONVERT_IF_SOURCE_CLEAN_ELSE_NATIVE_REMAKE,
reuniclus-redux,NONE,,False,False,False,False,0,,CONVERT_GBA,4,REDUX_OR_DELTA_STYLE,CONVERT_IF_SOURCE_CLEAN_ELSE_REVIEW,
reuniclus-redux-mega,NONE,,False,False,False,False,0,,CONVERT_GBA,4,REDUX_OR_DELTA_STYLE,CONVERT_IF_SOURCE_CLEAN_ELSE_REVIEW,
rexcadrill,NONE,,False,False,False,False,0,,CONVERT_GBA,4,BASE_OR_OTHER,SEARCH_MORE_DS_SOURCES_THEN_CONVERT,
ribombee-mega,NONE,,False,False,False,False,0,,CONVERT_GBA,4,CUSTOM_MEGA,CONVERT_IF_SOURCE_CLEAN_ELSE_NATIVE_REMAKE,
ribombee-redux,NONE,,False,False,False,False,0,,CONVERT_GBA,4,REDUX_OR_DELTA_STYLE,CONVERT_IF_SOURCE_CLEAN_ELSE_REVIEW,
ribombee-redux-mega,NONE,,False,False,False,False,0,,CONVERT_GBA,4,REDUX_OR_DELTA_STYLE,CONVERT_IF_SOURCE_CLEAN_ELSE_REVIEW,
rillaboom-mega,NONE,,False,False,False,False,0,,CONVERT_GBA,4,CUSTOM_MEGA,CONVERT_IF_SOURCE_CLEAN_ELSE_NATIVE_REMAKE,
roserade-mega,NONE,,False,False,False,False,0,,CONVERT_GBA,12,CUSTOM_MEGA,CONVERT_IF_SOURCE_CLEAN_ELSE_NATIVE_REMAKE,
sableye-mega-redux,NONE,,False,False,False,False,0,,CONVERT_GBA,4,REDUX_OR_DELTA_STYLE,CONVERT_IF_SOURCE_CLEAN_ELSE_REVIEW,
sableye-redux,NONE,,False,False,False,False,0,,CONVERT_GBA,4,REDUX_OR_DELTA_STYLE,CONVERT_IF_SOURCE_CLEAN_ELSE_REVIEW,
sagaracas,NONE,,False,False,False,False,0,,CONVERT_GBA,4,BASE_OR_OTHER,SEARCH_MORE_DS_SOURCES_THEN_CONVERT,
salazarus,NONE,,False,False,False,False,0,,CONVERT_GBA,4,BASE_OR_OTHER,SEARCH_MORE_DS_SOURCES_THEN_CONVERT,
samurott-hisuian-mega,NONE,,False,False,False,False,0,,CONVERT_GBA,4,CUSTOM_MEGA,CONVERT_IF_SOURCE_CLEAN_ELSE_NATIVE_REMAKE,
samurott-mega,NONE,,False,False,False,False,0,,CONVERT_GBA,4,CUSTOM_MEGA,CONVERT_IF_SOURCE_CLEAN_ELSE_NATIVE_REMAKE,
sandaconda-mega,NONE,,False,False,False,False,0,,CONVERT_GBA,4,CUSTOM_MEGA,CONVERT_IF_SOURCE_CLEAN_ELSE_NATIVE_REMAKE,
sandslash-alolan-mega,NONE,,False,False,False,False,0,,CONVERT_GBA,4,CUSTOM_MEGA,CONVERT_IF_SOURCE_CLEAN_ELSE_NATIVE_REMAKE,
sandslash-mega,NONE,,False,False,False,False,0,,CONVERT_GBA,4,CUSTOM_MEGA,CONVERT_IF_SOURCE_CLEAN_ELSE_NATIVE_REMAKE,
sawk-redux,NONE,,False,False,False,False,0,,CONVERT_GBA,4,REDUX_OR_DELTA_STYLE,CONVERT_IF_SOURCE_CLEAN_ELSE_REVIEW,
scizor-redux,NONE,,False,False,False,False,0,,CONVERT_GBA,4,REDUX_OR_DELTA_STYLE,CONVERT_IF_SOURCE_CLEAN_ELSE_REVIEW,
scizor-redux-mega,NONE,,False,False,False,False,0,,CONVERT_GBA,4,REDUX_OR_DELTA_STYLE,CONVERT_IF_SOURCE_CLEAN_ELSE_REVIEW,
scrafster,NONE,,False,False,False,False,0,,CONVERT_GBA,4,BASE_OR_OTHER,SEARCH_MORE_DS_SOURCES_THEN_CONVERT,
scyther-mega,NONE,,False,False,False,False,0,,CONVERT_GBA,4,CUSTOM_MEGA,CONVERT_IF_SOURCE_CLEAN_ELSE_NATIVE_REMAKE,
scyther-redux,NONE,,False,False,False,False,0,,CONVERT_GBA,4,REDUX_OR_DELTA_STYLE,CONVERT_IF_SOURCE_CLEAN_ELSE_REVIEW,
scyther-redux-mega,NONE,,False,False,False,False,0,,CONVERT_GBA,4,REDUX_OR_DELTA_STYLE,CONVERT_IF_SOURCE_CLEAN_ELSE_REVIEW,
seel-redux,NONE,,False,False,False,False,0,,CONVERT_GBA,4,REDUX_OR_DELTA_STYLE,CONVERT_IF_SOURCE_CLEAN_ELSE_REVIEW,
seerkat,NONE,,False,False,False,False,0,,CONVERT_GBA,4,BASE_OR_OTHER,SEARCH_MORE_DS_SOURCES_THEN_CONVERT,
selenumbra,NONE,,False,False,False,False,0,,CONVERT_GBA,4,BASE_OR_OTHER,SEARCH_MORE_DS_SOURCES_THEN_CONVERT,
serperior-mega,NONE,,False,False,False,False,0,,CONVERT_GBA,4,CUSTOM_MEGA,CONVERT_IF_SOURCE_CLEAN_ELSE_NATIVE_REMAKE,
shedinja-mega,NONE,,False,False,False,False,0,,CONVERT_GBA,4,CUSTOM_MEGA,CONVERT_IF_SOURCE_CLEAN_ELSE_NATIVE_REMAKE,
shinx-redux,NONE,,False,False,False,False,0,,CONVERT_GBA,4,REDUX_OR_DELTA_STYLE,CONVERT_IF_SOURCE_CLEAN_ELSE_REVIEW,
shuckle-mega,NONE,,False,False,False,False,0,,CONVERT_GBA,4,CUSTOM_MEGA,CONVERT_IF_SOURCE_CLEAN_ELSE_NATIVE_REMAKE,
shyduck,NONE,,False,False,False,False,0,,CONVERT_GBA,4,BASE_OR_OTHER,SEARCH_MORE_DS_SOURCES_THEN_CONVERT,
simipour-redux,NONE,,False,False,False,False,0,,CONVERT_GBA,4,REDUX_OR_DELTA_STYLE,CONVERT_IF_SOURCE_CLEAN_ELSE_REVIEW,
simisage-redux,NONE,,False,False,False,False,0,,CONVERT_GBA,4,REDUX_OR_DELTA_STYLE,CONVERT_IF_SOURCE_CLEAN_ELSE_REVIEW,
simisear-redux,NONE,,False,False,False,False,0,,CONVERT_GBA,4,REDUX_OR_DELTA_STYLE,CONVERT_IF_SOURCE_CLEAN_ELSE_REVIEW,
sinistea-redux,NONE,,False,False,False,False,0,,CONVERT_GBA,4,REDUX_OR_DELTA_STYLE,CONVERT_IF_SOURCE_CLEAN_ELSE_REVIEW,
skarmory-mega-redux,NONE,,False,False,False,False,0,,CONVERT_GBA,4,REDUX_OR_DELTA_STYLE,CONVERT_IF_SOURCE_CLEAN_ELSE_REVIEW,
skarmory-mega-y,NONE,,False,False,False,False,0,,CONVERT_GBA,4,CUSTOM_MEGA,CONVERT_IF_SOURCE_CLEAN_ELSE_NATIVE_REMAKE,
skarmory-redux,NONE,,False,False,False,False,0,,CONVERT_GBA,4,REDUX_OR_DELTA_STYLE,CONVERT_IF_SOURCE_CLEAN_ELSE_REVIEW,
skeledirge-mega,NONE,,False,False,False,False,0,,CONVERT_GBA,4,CUSTOM_MEGA,CONVERT_IF_SOURCE_CLEAN_ELSE_NATIVE_REMAKE,
skulberus,NONE,,False,False,False,False,0,,CONVERT_GBA,4,BASE_OR_OTHER,SEARCH_MORE_DS_SOURCES_THEN_CONVERT,
slaking-mega,NONE,,False,False,False,False,0,,CONVERT_GBA,4,CUSTOM_MEGA,CONVERT_IF_SOURCE_CLEAN_ELSE_NATIVE_REMAKE,
slaking-mega-ape-shift,NONE,,False,False,False,False,0,,CONVERT_GBA,4,CUSTOM_MEGA,CONVERT_IF_SOURCE_CLEAN_ELSE_NATIVE_REMAKE,
slate,NONE,,False,False,False,False,0,,CONVERT_GBA,4,BASE_OR_OTHER,SEARCH_MORE_DS_SOURCES_THEN_CONVERT,
slowbro-mega-galarian,NONE,,False,False,False,False,0,,CONVERT_GBA,4,CUSTOM_MEGA,CONVERT_IF_SOURCE_CLEAN_ELSE_NATIVE_REMAKE,
slowking-mega,NONE,,False,False,False,False,0,,CONVERT_GBA,4,CUSTOM_MEGA,CONVERT_IF_SOURCE_CLEAN_ELSE_NATIVE_REMAKE,
slowking-mega-galarian,NONE,,False,False,False,False,0,,CONVERT_GBA,4,CUSTOM_MEGA,CONVERT_IF_SOURCE_CLEAN_ELSE_NATIVE_REMAKE,
slugma-redux,NONE,,False,False,False,False,0,,CONVERT_GBA,4,REDUX_OR_DELTA_STYLE,CONVERT_IF_SOURCE_CLEAN_ELSE_REVIEW,
slyduck,NONE,,False,False,False,False,0,,CONVERT_GBA,4,BASE_OR_OTHER,SEARCH_MORE_DS_SOURCES_THEN_CONVERT,
sneasler-mega,NONE,,False,False,False,False,0,,CONVERT_GBA,4,CUSTOM_MEGA,CONVERT_IF_SOURCE_CLEAN_ELSE_NATIVE_REMAKE,
snorlax-mega,NONE,,False,False,False,False,0,,CONVERT_GBA,4,CUSTOM_MEGA,CONVERT_IF_SOURCE_CLEAN_ELSE_NATIVE_REMAKE,
snorlax-primal,NONE,,False,False,False,False,0,,CONVERT_GBA,4,SPECIAL_CANON_FORM,SEARCH_MORE_DS_SOURCES_THEN_CONVERT,
snorlax-redux,NONE,,False,False,False,False,0,,CONVERT_GBA,4,REDUX_OR_DELTA_STYLE,CONVERT_IF_SOURCE_CLEAN_ELSE_REVIEW,
snorlax-redux-mega,NONE,,False,False,False,False,0,,CONVERT_GBA,4,REDUX_OR_DELTA_STYLE,CONVERT_IF_SOURCE_CLEAN_ELSE_REVIEW,
snorunt-redux,NONE,,False,False,False,False,0,,CONVERT_GBA,4,REDUX_OR_DELTA_STYLE,CONVERT_IF_SOURCE_CLEAN_ELSE_REVIEW,
solosis-redux,NONE,,False,False,False,False,0,,CONVERT_GBA,4,REDUX_OR_DELTA_STYLE,CONVERT_IF_SOURCE_CLEAN_ELSE_REVIEW,
solrock-system,NONE,,False,False,False,False,0,,CONVERT_GBA,4,BASE_OR_OTHER,SEARCH_MORE_DS_SOURCES_THEN_CONVERT,
sopranice,NONE,,False,False,False,False,0,,CONVERT_GBA,4,BASE_OR_OTHER,SEARCH_MORE_DS_SOURCES_THEN_CONVERT,
spearow-redux,NONE,,False,False,False,False,0,,CONVERT_GBA,4,REDUX_OR_DELTA_STYLE,CONVERT_IF_SOURCE_CLEAN_ELSE_REVIEW,
spectrier-cloud,NONE,,False,False,False,False,0,,CONVERT_GBA,4,BASE_OR_OTHER,SEARCH_MORE_DS_SOURCES_THEN_CONVERT,
spindaze,NONE,,False,False,False,False,0,,CONVERT_GBA,4,BASE_OR_OTHER,SEARCH_MORE_DS_SOURCES_THEN_CONVERT,
spiritomb-redux,NONE,,False,False,False,False,0,,CONVERT_GBA,12,REDUX_OR_DELTA_STYLE,CONVERT_IF_SOURCE_CLEAN_ELSE_REVIEW,
steenee-redux,NONE,,False,False,False,False,0,,CONVERT_GBA,4,REDUX_OR_DELTA_STYLE,CONVERT_IF_SOURCE_CLEAN_ELSE_REVIEW,
storming,NONE,,False,False,False,False,0,,CONVERT_GBA,4,BASE_OR_OTHER,SEARCH_MORE_DS_SOURCES_THEN_CONVERT,
stufful-redux,NONE,,False,False,False,False,0,,CONVERT_GBA,4,REDUX_OR_DELTA_STYLE,CONVERT_IF_SOURCE_CLEAN_ELSE_REVIEW,
swablu-redux,NONE,,False,False,False,False,0,,CONVERT_GBA,4,REDUX_OR_DELTA_STYLE,CONVERT_IF_SOURCE_CLEAN_ELSE_REVIEW,
swalot-mega,NONE,,False,False,False,False,0,,CONVERT_GBA,4,CUSTOM_MEGA,CONVERT_IF_SOURCE_CLEAN_ELSE_NATIVE_REMAKE,
swampage,NONE,,False,False,False,False,0,,CONVERT_GBA,4,BASE_OR_OTHER,SEARCH_MORE_DS_SOURCES_THEN_CONVERT,
swampage-mega,NONE,,False,False,False,False,0,,CONVERT_GBA,4,CUSTOM_MEGA,CONVERT_IF_SOURCE_CLEAN_ELSE_NATIVE_REMAKE,
swinub-redux,NONE,,False,False,False,False,0,,CONVERT_GBA,4,REDUX_OR_DELTA_STYLE,CONVERT_IF_SOURCE_CLEAN_ELSE_REVIEW,
talonflame-mega,NONE,,False,False,False,False,0,,CONVERT_GBA,4,CUSTOM_MEGA,CONVERT_IF_SOURCE_CLEAN_ELSE_NATIVE_REMAKE,
tatsugiri-mega,NONE,,False,False,False,False,0,,CONVERT_GBA,4,CUSTOM_MEGA,CONVERT_IF_SOURCE_CLEAN_ELSE_NATIVE_REMAKE,
tentagrewl,NONE,,False,False,False,False,0,,CONVERT_GBA,4,BASE_OR_OTHER,SEARCH_MORE_DS_SOURCES_THEN_CONVERT,
throh-redux,NONE,,False,False,False,False,0,,CONVERT_GBA,4,REDUX_OR_DELTA_STYLE,CONVERT_IF_SOURCE_CLEAN_ELSE_REVIEW,
tinkatink-redux,NONE,,False,False,False,False,0,,CONVERT_GBA,4,REDUX_OR_DELTA_STYLE,CONVERT_IF_SOURCE_CLEAN_ELSE_REVIEW,
tinkaton-mega,NONE,,False,False,False,False,0,,CONVERT_GBA,4,CUSTOM_MEGA,CONVERT_IF_SOURCE_CLEAN_ELSE_NATIVE_REMAKE,
tinkaton-redux,NONE,,False,False,False,False,0,,CONVERT_GBA,4,REDUX_OR_DELTA_STYLE,CONVERT_IF_SOURCE_CLEAN_ELSE_REVIEW,
tinkaton-redux-mega,NONE,,False,False,False,False,0,,CONVERT_GBA,4,REDUX_OR_DELTA_STYLE,CONVERT_IF_SOURCE_CLEAN_ELSE_REVIEW,
tinkatuff-redux,NONE,,False,False,False,False,0,,CONVERT_GBA,4,REDUX_OR_DELTA_STYLE,CONVERT_IF_SOURCE_CLEAN_ELSE_REVIEW,
torrentula,NONE,,False,False,False,False,0,,CONVERT_GBA,4,BASE_OR_OTHER,SEARCH_MORE_DS_SOURCES_THEN_CONVERT,
tortemple,NONE,,False,False,False,False,0,,CONVERT_GBA,4,BASE_OR_OTHER,SEARCH_MORE_DS_SOURCES_THEN_CONVERT,
torterra-mega,NONE,,False,False,False,False,0,,CONVERT_GBA,4,CUSTOM_MEGA,CONVERT_IF_SOURCE_CLEAN_ELSE_NATIVE_REMAKE,
torterra-redux,NONE,,False,False,False,False,0,,CONVERT_GBA,4,REDUX_OR_DELTA_STYLE,CONVERT_IF_SOURCE_CLEAN_ELSE_REVIEW,
torterra-redux-mega,NONE,,False,False,False,False,0,,CONVERT_GBA,4,REDUX_OR_DELTA_STYLE,CONVERT_IF_SOURCE_CLEAN_ELSE_REVIEW,
toucannon-mega,NONE,,False,False,False,False,0,,CONVERT_GBA,4,CUSTOM_MEGA,CONVERT_IF_SOURCE_CLEAN_ELSE_NATIVE_REMAKE,
toxel-redux,NONE,,False,False,False,False,0,,CONVERT_GBA,4,REDUX_OR_DELTA_STYLE,CONVERT_IF_SOURCE_CLEAN_ELSE_REVIEW,
toxtricity-mega,NONE,,False,False,False,False,0,,CONVERT_GBA,4,CUSTOM_MEGA,CONVERT_IF_SOURCE_CLEAN_ELSE_NATIVE_REMAKE,
toxtricity-redux,NONE,,False,False,False,False,0,,CONVERT_GBA,4,REDUX_OR_DELTA_STYLE,CONVERT_IF_SOURCE_CLEAN_ELSE_REVIEW,
toxtricity-redux-fuzz,NONE,,False,False,False,False,0,,CONVERT_GBA,4,REDUX_OR_DELTA_STYLE,CONVERT_IF_SOURCE_CLEAN_ELSE_REVIEW,
toxtricity-redux-fuzz-mega,NONE,,False,False,False,False,0,,CONVERT_GBA,4,REDUX_OR_DELTA_STYLE,CONVERT_IF_SOURCE_CLEAN_ELSE_REVIEW,
toxtricity-redux-mega,NONE,,False,False,False,False,0,,CONVERT_GBA,4,REDUX_OR_DELTA_STYLE,CONVERT_IF_SOURCE_CLEAN_ELSE_REVIEW,
trapinch-redux,NONE,,False,False,False,False,0,,CONVERT_GBA,4,REDUX_OR_DELTA_STYLE,CONVERT_IF_SOURCE_CLEAN_ELSE_REVIEW,
tsareena-mega,NONE,,False,False,False,False,0,,CONVERT_GBA,4,CUSTOM_MEGA,CONVERT_IF_SOURCE_CLEAN_ELSE_NATIVE_REMAKE,
tsareena-redux,NONE,,False,False,False,False,0,,CONVERT_GBA,4,REDUX_OR_DELTA_STYLE,CONVERT_IF_SOURCE_CLEAN_ELSE_REVIEW,
tsareena-redux-mega,NONE,,False,False,False,False,0,,CONVERT_GBA,4,REDUX_OR_DELTA_STYLE,CONVERT_IF_SOURCE_CLEAN_ELSE_REVIEW,
turtwig-redux,NONE,,False,False,False,False,0,,CONVERT_GBA,4,REDUX_OR_DELTA_STYLE,CONVERT_IF_SOURCE_CLEAN_ELSE_REVIEW,
typhlosion-hisuian-mega,NONE,,False,False,False,False,0,,CONVERT_GBA,4,CUSTOM_MEGA,CONVERT_IF_SOURCE_CLEAN_ELSE_NATIVE_REMAKE,
typhlosion-mega,NONE,,False,False,False,False,0,,CONVERT_GBA,4,CUSTOM_MEGA,CONVERT_IF_SOURCE_CLEAN_ELSE_NATIVE_REMAKE,
tyranitar-mega-redux,NONE,,False,False,False,False,0,,CONVERT_GBA,4,REDUX_OR_DELTA_STYLE,CONVERT_IF_SOURCE_CLEAN_ELSE_REVIEW,
tyranitar-redux,NONE,,False,False,False,False,0,,CONVERT_GBA,4,REDUX_OR_DELTA_STYLE,CONVERT_IF_SOURCE_CLEAN_ELSE_REVIEW,
tyranjoula,NONE,,False,False,False,False,0,,CONVERT_GBA,4,BASE_OR_OTHER,SEARCH_MORE_DS_SOURCES_THEN_CONVERT,
unown-revelation,NONE,,False,False,False,False,0,,CONVERT_GBA,4,BASE_OR_OTHER,SEARCH_MORE_DS_SOURCES_THEN_CONVERT,
ursaluna-mega,NONE,,False,False,False,False,0,,CONVERT_GBA,4,CUSTOM_MEGA,CONVERT_IF_SOURCE_CLEAN_ELSE_NATIVE_REMAKE,
urshifu-mega,NONE,,False,False,False,False,0,,CONVERT_GBA,4,CUSTOM_MEGA,CONVERT_IF_SOURCE_CLEAN_ELSE_NATIVE_REMAKE,
urshifu-rapid-strike-style-mega,NONE,,False,False,False,False,0,,CONVERT_GBA,4,CUSTOM_MEGA,CONVERT_IF_SOURCE_CLEAN_ELSE_NATIVE_REMAKE,
uxie-redux,NONE,,False,False,False,False,0,,CONVERT_GBA,4,REDUX_OR_DELTA_STYLE,CONVERT_IF_SOURCE_CLEAN_ELSE_REVIEW,
vanillish-redux,NONE,,False,False,False,False,0,,CONVERT_GBA,4,REDUX_OR_DELTA_STYLE,CONVERT_IF_SOURCE_CLEAN_ELSE_REVIEW,
vanillite-redux,NONE,,False,False,False,False,0,,CONVERT_GBA,4,REDUX_OR_DELTA_STYLE,CONVERT_IF_SOURCE_CLEAN_ELSE_REVIEW,
vanilluxe-mega,NONE,,False,False,False,False,0,,CONVERT_GBA,4,CUSTOM_MEGA,CONVERT_IF_SOURCE_CLEAN_ELSE_NATIVE_REMAKE,
vanilluxe-redux,NONE,,False,False,False,False,0,,CONVERT_GBA,4,REDUX_OR_DELTA_STYLE,CONVERT_IF_SOURCE_CLEAN_ELSE_REVIEW,
vanilluxe-redux-mega,NONE,,False,False,False,False,0,,CONVERT_GBA,4,REDUX_OR_DELTA_STYLE,CONVERT_IF_SOURCE_CLEAN_ELSE_REVIEW,
velozel,NONE,,False,False,False,False,0,,CONVERT_GBA,4,BASE_OR_OTHER,SEARCH_MORE_DS_SOURCES_THEN_CONVERT,
venusaur-mega-x,NONE,,False,False,False,False,0,,CONVERT_GBA,4,CUSTOM_MEGA,CONVERT_IF_SOURCE_CLEAN_ELSE_NATIVE_REMAKE,
vibrava-redux,NONE,,False,False,False,False,0,,CONVERT_GBA,4,REDUX_OR_DELTA_STYLE,CONVERT_IF_SOURCE_CLEAN_ELSE_REVIEW,
victini-primal,NONE,,False,False,False,False,0,,CONVERT_GBA,4,SPECIAL_CANON_FORM,SEARCH_MORE_DS_SOURCES_THEN_CONVERT,
victreebel-redux,NONE,,False,False,False,False,0,,CONVERT_GBA,4,REDUX_OR_DELTA_STYLE,CONVERT_IF_SOURCE_CLEAN_ELSE_REVIEW,
volcarona-redux,NONE,,False,False,False,False,0,,CONVERT_GBA,4,REDUX_OR_DELTA_STYLE,CONVERT_IF_SOURCE_CLEAN_ELSE_REVIEW,
weavile-mega,NONE,,False,False,False,False,0,,CONVERT_GBA,12,CUSTOM_MEGA,CONVERT_IF_SOURCE_CLEAN_ELSE_NATIVE_REMAKE,
weavile-redux,NONE,,False,False,False,False,0,,CONVERT_GBA,12,REDUX_OR_DELTA_STYLE,CONVERT_IF_SOURCE_CLEAN_ELSE_REVIEW,
weavile-redux-mega,NONE,,False,False,False,False,0,,CONVERT_GBA,12,REDUX_OR_DELTA_STYLE,CONVERT_IF_SOURCE_CLEAN_ELSE_REVIEW,
weedle-redux,NONE,,False,False,False,False,0,,CONVERT_GBA,4,REDUX_OR_DELTA_STYLE,CONVERT_IF_SOURCE_CLEAN_ELSE_REVIEW,
weepinbell-redux,NONE,,False,False,False,False,0,,CONVERT_GBA,4,REDUX_OR_DELTA_STYLE,CONVERT_IF_SOURCE_CLEAN_ELSE_REVIEW,
whismur-redux,NONE,,False,False,False,False,0,,CONVERT_GBA,4,REDUX_OR_DELTA_STYLE,CONVERT_IF_SOURCE_CLEAN_ELSE_REVIEW,
wigglytuff-apex,NONE,,False,False,False,False,0,,CONVERT_GBA,4,BASE_OR_OTHER,SEARCH_MORE_DS_SOURCES_THEN_CONVERT,
wigglytuff-mega,NONE,,False,False,False,False,0,,CONVERT_GBA,4,CUSTOM_MEGA,CONVERT_IF_SOURCE_CLEAN_ELSE_NATIVE_REMAKE,
wigglytuff-mega-x,NONE,,False,False,False,False,0,,CONVERT_GBA,4,CUSTOM_MEGA,CONVERT_IF_SOURCE_CLEAN_ELSE_NATIVE_REMAKE,
wigglytuff-primal,NONE,,False,False,False,False,0,,CONVERT_GBA,4,SPECIAL_CANON_FORM,SEARCH_MORE_DS_SOURCES_THEN_CONVERT,
wispywaspy,NONE,,False,False,False,False,0,,CONVERT_GBA,4,BASE_OR_OTHER,SEARCH_MORE_DS_SOURCES_THEN_CONVERT,
wispywaspy-hivemind,NONE,,False,False,False,False,0,,CONVERT_GBA,4,BASE_OR_OTHER,SEARCH_MORE_DS_SOURCES_THEN_CONVERT,
wooly-worm,NONE,,False,False,False,False,0,,CONVERT_GBA,4,BASE_OR_OTHER,SEARCH_MORE_DS_SOURCES_THEN_CONVERT,
yveltal-mega,NONE,,False,False,False,False,0,,CONVERT_GBA,4,CUSTOM_MEGA,CONVERT_IF_SOURCE_CLEAN_ELSE_NATIVE_REMAKE,
zapdos-ex,NONE,,False,False,False,False,0,,CONVERT_GBA,4,BASE_OR_OTHER,SEARCH_MORE_DS_SOURCES_THEN_CONVERT,
zapdos-ex-mega,NONE,,False,False,False,False,0,,CONVERT_GBA,4,CUSTOM_MEGA,CONVERT_IF_SOURCE_CLEAN_ELSE_NATIVE_REMAKE,
zweilous-redux,NONE,,False,False,False,False,0,,CONVERT_GBA,4,REDUX_OR_DELTA_STYLE,CONVERT_IF_SOURCE_CLEAN_ELSE_REVIEW,
zygarde-complete-mega,NONE,,False,False,False,False,0,,CONVERT_GBA,4,CUSTOM_MEGA,CONVERT_IF_SOURCE_CLEAN_ELSE_NATIVE_REMAKE,
