asset_class,relative_path,path,bytes,sha256
DEX_SPRITE,DexSprites/Abomasnow.png,DS_CUSTOM_LIBRARY/hack-packs/Infinite_Black_2_Unique_Assets/DexSprites/Abomasnow.png,2075,4b4a59093b6d07a8f8ebcac2bdf417c2f5ef2d284ab71a2befc8312b610805bd
DEX_SPRITE,DexSprites/Abra.png,DS_CUSTOM_LIBRARY/hack-packs/Infinite_Black_2_Unique_Assets/DexSprites/Abra.png,1304,1b3b24afc6d37678e1e099a09caf99ba24da4498a4a3b3fb22409f40d082c03f
DEX_SPRITE,DexSprites/Absol.png,DS_CUSTOM_LIBRARY/hack-packs/Infinite_Black_2_Unique_Assets/DexSprites/Absol.png,1643,af345966f9bbf7ae99f138f2a92240812699c05faf00a2b4ce814eafe104800b
DEX_SPRITE,DexSprites/Accelgor.png,DS_CUSTOM_LIBRARY/hack-packs/Infinite_Black_2_Unique_Assets/DexSprites/Accelgor.png,1430,a819a85b42f0a6cd5357db841077d337f1ef198b04b3b6075006b8f5e76fb8ab
DEX_SPRITE,DexSprites/Aerodactyl.png,DS_CUSTOM_LIBRARY/hack-packs/Infinite_Black_2_Unique_Assets/DexSprites/Aerodactyl.png,1885,9c7bab959bf60efe985117c9445cc702500a6f99748eb59e52a63927aef434f4
DEX_SPRITE,DexSprites/Aggron.png,DS_CUSTOM_LIBRARY/hack-packs/Infinite_Black_2_Unique_Assets/DexSprites/Aggron.png,2484,793257317638381799ba4fbfdfb2c1ff6e7144896a3b784519f482849b33074c
DEX_SPRITE,DexSprites/Aipom.png,DS_CUSTOM_LIBRARY/hack-packs/Infinite_Black_2_Unique_Assets/DexSprites/Aipom.png,1294,ddaf758d81fdc6a91b41337b54c2713029d2c8968fbc1cff255b906277025272
DEX_SPRITE,DexSprites/Alakazam.png,DS_CUSTOM_LIBRARY/hack-packs/Infinite_Black_2_Unique_Assets/DexSprites/Alakazam.png,2149,0b3b70a6085ba76fd2ac468e8ad331571213fd8d857310ed861ad0a5ad782eb4
DEX_SPRITE,DexSprites/Alomomola.png,DS_CUSTOM_LIBRARY/hack-packs/Infinite_Black_2_Unique_Assets/DexSprites/Alomomola.png,1292,e1ccc2ccddc0b457db07b600f8c5b5b79b5910f2dce64d4eee65fd9a6ec5cbe2
DEX_SPRITE,DexSprites/Altaria.png,DS_CUSTOM_LIBRARY/hack-packs/Infinite_Black_2_Unique_Assets/DexSprites/Altaria.png,1521,ff46dfa60627382971c0607df49c7f02317e46b297745917f6c6013bf4a17d24
DEX_SPRITE,DexSprites/Amaura.png,DS_CUSTOM_LIBRARY/hack-packs/Infinite_Black_2_Unique_Assets/DexSprites/Amaura.png,1066,8fbaffc21750a544b9d334a9f867804a046e5d32fed55413e02d3369420a49c9
DEX_SPRITE,DexSprites/Ambipom.png,DS_CUSTOM_LIBRARY/hack-packs/Infinite_Black_2_Unique_Assets/DexSprites/Ambipom.png,2043,88e71f609ede52ba8a183f91cc9c4f7595c92903524f20ce49766941cd11f6c3
DEX_SPRITE,DexSprites/Amoonguss.png,DS_CUSTOM_LIBRARY/hack-packs/Infinite_Black_2_Unique_Assets/DexSprites/Amoonguss.png,1488,a82126b50da2690254074e6ec75f9d994e92d2c54bb905ce934aadd39bb6ebef
DEX_SPRITE,DexSprites/Ampharos.png,DS_CUSTOM_LIBRARY/hack-packs/Infinite_Black_2_Unique_Assets/DexSprites/Ampharos.png,1457,1ec59d9d07bcf55adf313d2ad72238d45d16167d52aa3b3afeaa1d680b530f24
DEX_SPRITE,DexSprites/Anorith.png,DS_CUSTOM_LIBRARY/hack-packs/Infinite_Black_2_Unique_Assets/DexSprites/Anorith.png,1342,b12b60da6f92ce3765907b2fc284754e60faa0a9a30757ecdc7b5a4d5bb79412
DEX_SPRITE,DexSprites/Arbok.png,DS_CUSTOM_LIBRARY/hack-packs/Infinite_Black_2_Unique_Assets/DexSprites/Arbok.png,1825,630d92af26d04f89e1132caab23e71ea1ca6d258f8554fb73d50ea6fa3df7682
DEX_SPRITE,DexSprites/Arcanine.png,DS_CUSTOM_LIBRARY/hack-packs/Infinite_Black_2_Unique_Assets/DexSprites/Arcanine.png,2227,a686d3d5360f56244a654460a9b6a212f8429884f22cfe348479a10dc25b2a6c
DEX_SPRITE,DexSprites/Arceus.png,DS_CUSTOM_LIBRARY/hack-packs/Infinite_Black_2_Unique_Assets/DexSprites/Arceus.png,2090,76faad73705dbecd6a8d702e84aebef0051197455ccb9f403713715999dbbed4
DEX_SPRITE,DexSprites/Archen.png,DS_CUSTOM_LIBRARY/hack-packs/Infinite_Black_2_Unique_Assets/DexSprites/Archen.png,1467,6f74175ff088f3bfdfb0f36cd150ed5aefe8470c6076b3254b3d20f1f2977a52
DEX_SPRITE,DexSprites/Archeops.png,DS_CUSTOM_LIBRARY/hack-packs/Infinite_Black_2_Unique_Assets/DexSprites/Archeops.png,2434,3648129e3762ecc78cdc7e2911b790e064312d64c400bddc46426eb5632bf8e1
DEX_SPRITE,DexSprites/Ariados.png,DS_CUSTOM_LIBRARY/hack-packs/Infinite_Black_2_Unique_Assets/DexSprites/Ariados.png,1575,6d595f703615baa575552df9f871ffa8413d2c8bf58d357fbf0741b05024fe3e
DEX_SPRITE,DexSprites/Armaldo.png,DS_CUSTOM_LIBRARY/hack-packs/Infinite_Black_2_Unique_Assets/DexSprites/Armaldo.png,2493,3186cf6a8e75561bb736d31c6bca668ca61af72cc7ba3035ac8747447ca67c94
DEX_SPRITE,DexSprites/Aron.png,DS_CUSTOM_LIBRARY/hack-packs/Infinite_Black_2_Unique_Assets/DexSprites/Aron.png,974,feac1ed5d8faef6b475fe1006b6d78dd0091e222344cb024f3b65f23a9c08d45
DEX_SPRITE,DexSprites/Articuno.png,DS_CUSTOM_LIBRARY/hack-packs/Infinite_Black_2_Unique_Assets/DexSprites/Articuno.png,2686,4536603b663d50725d2c12bda75b9182d421ba8f7d5c30bea10ee5a311863fb4
DEX_SPRITE,DexSprites/Audino.png,DS_CUSTOM_LIBRARY/hack-packs/Infinite_Black_2_Unique_Assets/DexSprites/Audino.png,1290,a79fb7004d36680d58115b073146db02a648c10dffda1af7e47c7ac3afc91476
DEX_SPRITE,DexSprites/Auroras.png,DS_CUSTOM_LIBRARY/hack-packs/Infinite_Black_2_Unique_Assets/DexSprites/Auroras.png,1903,edf21974624c6f3a63bae325682a68b62281a4d1cdcef2cd54aae01a2e2cf6ff
DEX_SPRITE,DexSprites/Axew.png,DS_CUSTOM_LIBRARY/hack-packs/Infinite_Black_2_Unique_Assets/DexSprites/Axew.png,1061,3db2f9603f650122aaec8e0ab9e061b77e71da8a6980e79150decd712991cdbf
DEX_SPRITE,DexSprites/Azelf.png,DS_CUSTOM_LIBRARY/hack-packs/Infinite_Black_2_Unique_Assets/DexSprites/Azelf.png,1219,13bb3a5807c79d548b4615cc39ee97f56008d487b4657f04d1ff9a04b4310129
DEX_SPRITE,DexSprites/Azumarill.png,DS_CUSTOM_LIBRARY/hack-packs/Infinite_Black_2_Unique_Assets/DexSprites/Azumarill.png,1323,37323aab99d4c7c82e6ea4301fbe69fa7f0777d11a9f1d78ef5aaa3297f94d1c
DEX_SPRITE,DexSprites/Azurill.png,DS_CUSTOM_LIBRARY/hack-packs/Infinite_Black_2_Unique_Assets/DexSprites/Azurill.png,1145,1e280f1af683f1ce71a72c359938490c0792ab615f7c4757b0820a4a7d363394
DEX_SPRITE,DexSprites/Bagon.png,DS_CUSTOM_LIBRARY/hack-packs/Infinite_Black_2_Unique_Assets/DexSprites/Bagon.png,1135,ca21b70499b45c37d257508370dfb5b6a134e11f2d9d25a568097d64ecf0c221
DEX_SPRITE,DexSprites/Baltoy.png,DS_CUSTOM_LIBRARY/hack-packs/Infinite_Black_2_Unique_Assets/DexSprites/Baltoy.png,982,6969a56b2c1bf5b257cea62b99c03d11c2198ee62f7542f993752fc2c11227eb
DEX_SPRITE,DexSprites/Banette.png,DS_CUSTOM_LIBRARY/hack-packs/Infinite_Black_2_Unique_Assets/DexSprites/Banette.png,1422,56f01003e998093038bfde3049b78b12b0a9bda5c8165e43145e04194f1ad857
DEX_SPRITE,DexSprites/Barboach.png,DS_CUSTOM_LIBRARY/hack-packs/Infinite_Black_2_Unique_Assets/DexSprites/Barboach.png,991,7f346ed26e964c0c58cfdac431f45add59e001764da9f69b69affb4cf52d5a95
DEX_SPRITE,DexSprites/Basculin (1).png,DS_CUSTOM_LIBRARY/hack-packs/Infinite_Black_2_Unique_Assets/DexSprites/Basculin (1).png,1030,e5e5e4a555926526515595182a0b0410258a2427a301ad22ddea29fdf6961441
DEX_SPRITE,DexSprites/Basculin.png,DS_CUSTOM_LIBRARY/hack-packs/Infinite_Black_2_Unique_Assets/DexSprites/Basculin.png,1120,77aaf1fc9e07c68b70d5754a2d8ac6a339937584af1eedadb0cfa6003129a5aa
DEX_SPRITE,DexSprites/Bastiodon.png,DS_CUSTOM_LIBRARY/hack-packs/Infinite_Black_2_Unique_Assets/DexSprites/Bastiodon.png,1908,89ffb043adbe286d6cd9336526c6c0147c6fcb700be1302eae7c21a36b982fd3
DEX_SPRITE,DexSprites/Bayleef.png,DS_CUSTOM_LIBRARY/hack-packs/Infinite_Black_2_Unique_Assets/DexSprites/Bayleef.png,1469,cf07585054560a16c97f2e76fbbaad3b9dccde8dfeb2b7e3e0e4d58a9bd78405
DEX_SPRITE,DexSprites/Beartic.png,DS_CUSTOM_LIBRARY/hack-packs/Infinite_Black_2_Unique_Assets/DexSprites/Beartic.png,1626,d8b411d7e695d6b4212c3b1eedb08a31fc484d95958899b02fbb5a8f4ed56b1f
DEX_SPRITE,DexSprites/Beautifly.png,DS_CUSTOM_LIBRARY/hack-packs/Infinite_Black_2_Unique_Assets/DexSprites/Beautifly.png,1590,e530d541c877696d04062bca09b9b2d1df71ccff91f21fd37947030304ba7814
DEX_SPRITE,DexSprites/Beedrill.png,DS_CUSTOM_LIBRARY/hack-packs/Infinite_Black_2_Unique_Assets/DexSprites/Beedrill.png,1821,dba079f22f5f570a063f4db2c783eaea6792cba219837cf682da3fad77ef3001
DEX_SPRITE,DexSprites/Beheeyem.png,DS_CUSTOM_LIBRARY/hack-packs/Infinite_Black_2_Unique_Assets/DexSprites/Beheeyem.png,1395,ae8a9231bbfe82031edfc63c535fdbd920bd38b39d03e7227ae060b2ce9e0df8
DEX_SPRITE,DexSprites/Beldum.png,DS_CUSTOM_LIBRARY/hack-packs/Infinite_Black_2_Unique_Assets/DexSprites/Beldum.png,1053,80c31de09c823ea46cb0674850a3eb4dcb66799d9735f8f7f850952268759b1f
DEX_SPRITE,DexSprites/Bellossom.png,DS_CUSTOM_LIBRARY/hack-packs/Infinite_Black_2_Unique_Assets/DexSprites/Bellossom.png,1121,c1774f696476f83197269441d79f87d66552c403ea629a25e30a08e546ad3247
DEX_SPRITE,DexSprites/Bellsprout.png,DS_CUSTOM_LIBRARY/hack-packs/Infinite_Black_2_Unique_Assets/DexSprites/Bellsprout.png,1050,7e6fca827e0c35b480aa61121a2393427d3c02383d83f2611187c6a2d9075ffb
DEX_SPRITE,DexSprites/Bibarel.png,DS_CUSTOM_LIBRARY/hack-packs/Infinite_Black_2_Unique_Assets/DexSprites/Bibarel.png,1497,7df90c2495bfe60411f31915153f685318bceca6ee9bf3f7d01110c071493815
DEX_SPRITE,DexSprites/Bidoof.png,DS_CUSTOM_LIBRARY/hack-packs/Infinite_Black_2_Unique_Assets/DexSprites/Bidoof.png,1102,f594d8e5d611df21de22e2633eec25e37b107a6e43f45a74cfee98ab31850a23
DEX_SPRITE,DexSprites/Bisharp.png,DS_CUSTOM_LIBRARY/hack-packs/Infinite_Black_2_Unique_Assets/DexSprites/Bisharp.png,1757,8f6d4db2a81959e9a194b3ce20d3fcf336743d73b453fe63ace5450cca1a196f
DEX_SPRITE,DexSprites/Blastoise.png,DS_CUSTOM_LIBRARY/hack-packs/Infinite_Black_2_Unique_Assets/DexSprites/Blastoise.png,2066,e274a4208d608fdb51250c0a675151beb5c28cdfffc4dc621b26120ee1a05ce0
DEX_SPRITE,DexSprites/Blaziken.png,DS_CUSTOM_LIBRARY/hack-packs/Infinite_Black_2_Unique_Assets/DexSprites/Blaziken.png,1894,c6d905ae99b656ed357e18663c4b771c8e9b3b2b8d14dffee73f72da3e60ac69
DEX_SPRITE,DexSprites/Blissey.png,DS_CUSTOM_LIBRARY/hack-packs/Infinite_Black_2_Unique_Assets/DexSprites/Blissey.png,1492,2a0288f4f0eb23f6903c16bce7ec687bff9420144f066c45ce62523044c42d7d
DEX_SPRITE,DexSprites/Blitzle.png,DS_CUSTOM_LIBRARY/hack-packs/Infinite_Black_2_Unique_Assets/DexSprites/Blitzle.png,1227,243c82958f28c48bcff09aa9635c85d8e906d98916a24098ff946bfdbbf2f636
DEX_SPRITE,DexSprites/Boldore.png,DS_CUSTOM_LIBRARY/hack-packs/Infinite_Black_2_Unique_Assets/DexSprites/Boldore.png,1554,0ab4a78613305edefbbab7b98571158d90cc73ac46ee7fecc177f1dcced94ff3
DEX_SPRITE,DexSprites/Bonsly.png,DS_CUSTOM_LIBRARY/hack-packs/Infinite_Black_2_Unique_Assets/DexSprites/Bonsly.png,1065,5c9fdc264b965e45d54f82eccdb4e3ae24f58a73cf2116f4801ecc11f8ac1529
DEX_SPRITE,DexSprites/Bouffalant.png,DS_CUSTOM_LIBRARY/hack-packs/Infinite_Black_2_Unique_Assets/DexSprites/Bouffalant.png,1679,727e0a2229e1c1ede660fba0a7b18df36f5bead20d9416af7455e21704ceaf67
DEX_SPRITE,DexSprites/Braixen.png,DS_CUSTOM_LIBRARY/hack-packs/Infinite_Black_2_Unique_Assets/DexSprites/Braixen.png,1608,546864530cad49994209a9443147d2e243a63824d08eab990376a8821c45c5be
DEX_SPRITE,DexSprites/Braviary.png,DS_CUSTOM_LIBRARY/hack-packs/Infinite_Black_2_Unique_Assets/DexSprites/Braviary.png,2335,700d7dc06f78864de592ac41f4143f9b701f210106abdc86d8500002bcce431a
DEX_SPRITE,DexSprites/Breloom.png,DS_CUSTOM_LIBRARY/hack-packs/Infinite_Black_2_Unique_Assets/DexSprites/Breloom.png,1576,50d548c3f89a2c834d0bb60099d95c6016c9e7cf0eef209d1212be29383177de
DEX_SPRITE,DexSprites/Bronzong.png,DS_CUSTOM_LIBRARY/hack-packs/Infinite_Black_2_Unique_Assets/DexSprites/Bronzong.png,1711,e3072ee2640253aa72514b4334070a535beb16fe2e34cd7c7b7c4b37c4ef9ea8
DEX_SPRITE,DexSprites/Bronzor.png,DS_CUSTOM_LIBRARY/hack-packs/Infinite_Black_2_Unique_Assets/DexSprites/Bronzor.png,943,0edd1c014159585dbaf197ba5e774f598979366034136bb7cdcc3d2b9283c461
DEX_SPRITE,DexSprites/Budew.png,DS_CUSTOM_LIBRARY/hack-packs/Infinite_Black_2_Unique_Assets/DexSprites/Budew.png,911,450ee94d9ded38531f392ea5ba52ea98459bec62a95aeb3fc58ab89e1d9090bc
DEX_SPRITE,DexSprites/Buizel.png,DS_CUSTOM_LIBRARY/hack-packs/Infinite_Black_2_Unique_Assets/DexSprites/Buizel.png,1164,9ffe6eb84f6ae7f7c04d7996a922cb396be3847257f711a0f286e8aa5e2543f2
DEX_SPRITE,DexSprites/Bulbasaur.png,DS_CUSTOM_LIBRARY/hack-packs/Infinite_Black_2_Unique_Assets/DexSprites/Bulbasaur.png,1022,70ddeb135a22725ab0d6265d4c32dd4cccaa28ae237508a1c0e10a94ce0fc411
DEX_SPRITE,DexSprites/Buneary.png,DS_CUSTOM_LIBRARY/hack-packs/Infinite_Black_2_Unique_Assets/DexSprites/Buneary.png,1073,1c67f72a01767ec47a527201c8794f9359e2d2ba604e5e4b7b3a7b46b8614eac
DEX_SPRITE,DexSprites/Burmy.png,DS_CUSTOM_LIBRARY/hack-packs/Infinite_Black_2_Unique_Assets/DexSprites/Burmy.png,978,be3956aee69a5e7a0a1d20b61a51480acf00fdac2bca8c1cb60aca6b9ecb05a5
DEX_SPRITE,DexSprites/Butterfree.png,DS_CUSTOM_LIBRARY/hack-packs/Infinite_Black_2_Unique_Assets/DexSprites/Butterfree.png,1766,db678da595e6f654b9ee3908dc26d7c4743b091bf8a62f381a68ee113fd4b61c
DEX_SPRITE,DexSprites/Cacnea.png,DS_CUSTOM_LIBRARY/hack-packs/Infinite_Black_2_Unique_Assets/DexSprites/Cacnea.png,1347,a68605c16a483ae30f063b86e5b5ac54126578c30ad1f1c218b4bc48a188c219
DEX_SPRITE,DexSprites/Cacturne.png,DS_CUSTOM_LIBRARY/hack-packs/Infinite_Black_2_Unique_Assets/DexSprites/Cacturne.png,1750,5e2ce3aa41bc9ffc8f75a8124dd933fb9a6939f4d95738cdd1f09696969243cd
DEX_SPRITE,DexSprites/Camerupt.png,DS_CUSTOM_LIBRARY/hack-packs/Infinite_Black_2_Unique_Assets/DexSprites/Camerupt.png,2001,91194826783c2ddc74fb062f2363b8517cf52512c6e89aeb53ada96279c68a4d
DEX_SPRITE,DexSprites/Carnivine.png,DS_CUSTOM_LIBRARY/hack-packs/Infinite_Black_2_Unique_Assets/DexSprites/Carnivine.png,1807,6781a181a467602a631f5fd3f99868bbbabc3c6886b41462962bdd1b1d39940d
DEX_SPRITE,DexSprites/Carracosta.png,DS_CUSTOM_LIBRARY/hack-packs/Infinite_Black_2_Unique_Assets/DexSprites/Carracosta.png,2067,060e9b228c9d27322cd8ad7257509d2704dfe99f8975db74b360709a5c505c5f
DEX_SPRITE,DexSprites/Carvanha.png,DS_CUSTOM_LIBRARY/hack-packs/Infinite_Black_2_Unique_Assets/DexSprites/Carvanha.png,1242,c36f62425873fcb9bf95d26ded594a95234b733e5a6f0f3feafc1fa81febbdb6
DEX_SPRITE,DexSprites/Cascoon.png,DS_CUSTOM_LIBRARY/hack-packs/Infinite_Black_2_Unique_Assets/DexSprites/Cascoon.png,1066,2f55cb06a70855c1f386bf5bbf9ea87c06d0c76d5050f1126ef9df7cd7554a2c
DEX_SPRITE,DexSprites/Castform (1).png,DS_CUSTOM_LIBRARY/hack-packs/Infinite_Black_2_Unique_Assets/DexSprites/Castform (1).png,1209,02cac0213f6a0d8812bacc036b56cf69f220c6a9040b5cb9414e9be36df2c0ac
DEX_SPRITE,DexSprites/Castform (2).png,DS_CUSTOM_LIBRARY/hack-packs/Infinite_Black_2_Unique_Assets/DexSprites/Castform (2).png,999,b1428a3171d01c236128cd28d400cef9d6dac32acedd08969042ae7b22b09bee
DEX_SPRITE,DexSprites/Castform (3).png,DS_CUSTOM_LIBRARY/hack-packs/Infinite_Black_2_Unique_Assets/DexSprites/Castform (3).png,1254,ab21426844a57e5b2722b7f7b5c3cdfa5b60b0fa4e99897729f54595733f524f
DEX_SPRITE,DexSprites/Castform (4).png,DS_CUSTOM_LIBRARY/hack-packs/Infinite_Black_2_Unique_Assets/DexSprites/Castform (4).png,1162,8991f6b9a12007d0ecfbfb6929a81f1d196150b1e0de3fa088fe8f39c6dc1867
DEX_SPRITE,DexSprites/Castform.png,DS_CUSTOM_LIBRARY/hack-packs/Infinite_Black_2_Unique_Assets/DexSprites/Castform.png,842,6b09baa2f235549338e8d5b8f1147c0b6a1cfc5b849c91291a2da52601d002d2
DEX_SPRITE,DexSprites/Caterpie.png,DS_CUSTOM_LIBRARY/hack-packs/Infinite_Black_2_Unique_Assets/DexSprites/Caterpie.png,1066,ff64116f5a8f73bbc9153f2010046f0db08d7a4baf3c51dc7664d0d7199e35ca
DEX_SPRITE,DexSprites/Celebi.png,DS_CUSTOM_LIBRARY/hack-packs/Infinite_Black_2_Unique_Assets/DexSprites/Celebi.png,1001,503df36b332cfa02a5d26bbf359c16bcb2f879e8cfef5546d7e1f31cfafd321a
DEX_SPRITE,DexSprites/Chandelure.png,DS_CUSTOM_LIBRARY/hack-packs/Infinite_Black_2_Unique_Assets/DexSprites/Chandelure.png,1461,528e0c132678ba5a19ecae04457ff8d65765811ccf9062c4db08365d732a8fc5
DEX_SPRITE,DexSprites/Chansey.png,DS_CUSTOM_LIBRARY/hack-packs/Infinite_Black_2_Unique_Assets/DexSprites/Chansey.png,1267,e7feedce1efedb77605c96760d87ed2c1df2f0f0c6f1aeb08fd5697f69141e8e
DEX_SPRITE,DexSprites/Charizard.png,DS_CUSTOM_LIBRARY/hack-packs/Infinite_Black_2_Unique_Assets/DexSprites/Charizard.png,2473,4d3c4122ce6f051d5cb3b63da54ac328cd723030de2678fbdcc01c1fc0670cf7
DEX_SPRITE,DexSprites/Charjabug.png,DS_CUSTOM_LIBRARY/hack-packs/Infinite_Black_2_Unique_Assets/DexSprites/Charjabug.png,971,4ff99b10046a896eded59aa23ccc1678f3c59791f45d19390dec0ef56c0396a7
DEX_SPRITE,DexSprites/Charmander.png,DS_CUSTOM_LIBRARY/hack-packs/Infinite_Black_2_Unique_Assets/DexSprites/Charmander.png,1096,1a3e53462d88a4a9d77f6ef5640d5e601749424103f9a5158bb7a5b937e289f5
DEX_SPRITE,DexSprites/Charmeleon.png,DS_CUSTOM_LIBRARY/hack-packs/Infinite_Black_2_Unique_Assets/DexSprites/Charmeleon.png,1546,e55e0181d7356bc865eccbd36c57b490b4fd8fb8a7723b9b7e463b344e3a48ed
DEX_SPRITE,DexSprites/Chatot.png,DS_CUSTOM_LIBRARY/hack-packs/Infinite_Black_2_Unique_Assets/DexSprites/Chatot.png,1068,3016a43b43454a3a9cff7c7086e8a4eb49a20695727ea729b51db5e4e0d48d30
DEX_SPRITE,DexSprites/Cherrim (1).png,DS_CUSTOM_LIBRARY/hack-packs/Infinite_Black_2_Unique_Assets/DexSprites/Cherrim (1).png,1122,bac74eba3a68458be48a6e22b3a9f03f30662f792045bb29ee677a4e3f0becc9
DEX_SPRITE,DexSprites/Cherrim.png,DS_CUSTOM_LIBRARY/hack-packs/Infinite_Black_2_Unique_Assets/DexSprites/Cherrim.png,981,d0783797a002adbedeac70c6c73a21cb9f9919b546cbdc806ddfe2995a854013
DEX_SPRITE,DexSprites/Cherubi.png,DS_CUSTOM_LIBRARY/hack-packs/Infinite_Black_2_Unique_Assets/DexSprites/Cherubi.png,905,98fc9e631317b4e80ae42eb4dd7542a59bced7496dab0587a1df56c18700de2c
DEX_SPRITE,DexSprites/Chikorita.png,DS_CUSTOM_LIBRARY/hack-packs/Infinite_Black_2_Unique_Assets/DexSprites/Chikorita.png,1012,96d3127f6f5de24c93f80697102eab99983685e824b7f5cc3ac9ea16945ca58f
DEX_SPRITE,DexSprites/Chimchar.png,DS_CUSTOM_LIBRARY/hack-packs/Infinite_Black_2_Unique_Assets/DexSprites/Chimchar.png,1160,e4bd0a011c639dcfd3695a32b4caf1c6e29f2900f709575be67327d05134cb37
DEX_SPRITE,DexSprites/Chimecho.png,DS_CUSTOM_LIBRARY/hack-packs/Infinite_Black_2_Unique_Assets/DexSprites/Chimecho.png,929,db8e570d1fd7b0efcee843501c3c179842f48aa10aa93f024db9551283d944c0
DEX_SPRITE,DexSprites/Chinchou.png,DS_CUSTOM_LIBRARY/hack-packs/Infinite_Black_2_Unique_Assets/DexSprites/Chinchou.png,1133,36edc52e5fee58b1402e678da376b07177319fbe7db888247685800da11dcded
DEX_SPRITE,DexSprites/Chingling.png,DS_CUSTOM_LIBRARY/hack-packs/Infinite_Black_2_Unique_Assets/DexSprites/Chingling.png,908,207ee448c671f1411e2a2c0ba35e93da6d8056bd3920e9db0075c3fe2fb3dc02
DEX_SPRITE,DexSprites/Cinccino.png,DS_CUSTOM_LIBRARY/hack-packs/Infinite_Black_2_Unique_Assets/DexSprites/Cinccino.png,1638,ec4fc299deb865cda6663ea75078bac8997db7cb19ecf3e7267b3afad88c13bb
DEX_SPRITE,DexSprites/Clamperl.png,DS_CUSTOM_LIBRARY/hack-packs/Infinite_Black_2_Unique_Assets/DexSprites/Clamperl.png,1265,22505c3b3323624dd2ecae08f19ab35485e6add959357d375066cfc0ea1bb6ef
DEX_SPRITE,DexSprites/Claydol.png,DS_CUSTOM_LIBRARY/hack-packs/Infinite_Black_2_Unique_Assets/DexSprites/Claydol.png,1855,6d25e05e5116dc0ac0f6950e4c4e96a4d6a9bc4cd4537d4c090dc4992f6695cd
DEX_SPRITE,DexSprites/Clefable.png,DS_CUSTOM_LIBRARY/hack-packs/Infinite_Black_2_Unique_Assets/DexSprites/Clefable.png,1274,9e005c784d11ab296476fdf9afb086d222b504a2af0559c87bf1b0b97e289d32
DEX_SPRITE,DexSprites/Clefairy.png,DS_CUSTOM_LIBRARY/hack-packs/Infinite_Black_2_Unique_Assets/DexSprites/Clefairy.png,1121,661062359fc854f05250c58bd2ea14ccc6b8984d1ac38f7da985d74e484fcd6c
DEX_SPRITE,DexSprites/Cleffa.png,DS_CUSTOM_LIBRARY/hack-packs/Infinite_Black_2_Unique_Assets/DexSprites/Cleffa.png,857,49a5a9899a2302983432829a57fea42dc3c872130f276996fde611dd8edf0365
DEX_SPRITE,DexSprites/Clodsire.png,DS_CUSTOM_LIBRARY/hack-packs/Infinite_Black_2_Unique_Assets/DexSprites/Clodsire.png,1102,ca2f380953f9019d08bf32061ccd357879508a0dea46e7b6c1bd48b2c66556f4
DEX_SPRITE,DexSprites/Cloyster.png,DS_CUSTOM_LIBRARY/hack-packs/Infinite_Black_2_Unique_Assets/DexSprites/Cloyster.png,1983,f313965e0599aadf5a7e064b589627fcff318a4edfe42f2e355724221d77661a
DEX_SPRITE,DexSprites/Cobalion.png,DS_CUSTOM_LIBRARY/hack-packs/Infinite_Black_2_Unique_Assets/DexSprites/Cobalion.png,1803,247d92a044452d72532c23e7c91d7d375088d1b07bbda3cb8b1d215c4b8e013f
DEX_SPRITE,DexSprites/Cofagrigus.png,DS_CUSTOM_LIBRARY/hack-packs/Infinite_Black_2_Unique_Assets/DexSprites/Cofagrigus.png,2318,d17b52bf197d8d8aae706533b04fd5b940a80dc35317b271ba1b16ad7259a4b5
DEX_SPRITE,DexSprites/Combee.png,DS_CUSTOM_LIBRARY/hack-packs/Infinite_Black_2_Unique_Assets/DexSprites/Combee.png,1023,1c3596ee0c93130bc58508bbe8011974f5e80278df23b37b016c6aa90eff85a3
DEX_SPRITE,DexSprites/Combusken.png,DS_CUSTOM_LIBRARY/hack-packs/Infinite_Black_2_Unique_Assets/DexSprites/Combusken.png,1491,e8e442f5556f0ae23b09a25e40e25e912a7326f08eb39b42411b5537dd2ce3c9
DEX_SPRITE,DexSprites/Conkeldurr.png,DS_CUSTOM_LIBRARY/hack-packs/Infinite_Black_2_Unique_Assets/DexSprites/Conkeldurr.png,2102,b9d97ed4f709bab7ed88718a5e94e9458db2993a11e627f463c92ee021f3ebbb
DEX_SPRITE,DexSprites/Corphish.png,DS_CUSTOM_LIBRARY/hack-packs/Infinite_Black_2_Unique_Assets/DexSprites/Corphish.png,1481,9ec9f68718d904d5995ce2a989ae0a73e8a0fa46482117f9d621f411a3d78408
DEX_SPRITE,DexSprites/Corsola.png,DS_CUSTOM_LIBRARY/hack-packs/Infinite_Black_2_Unique_Assets/DexSprites/Corsola.png,1102,9406ee388a054850f2cac8812d0f841af8654650cbee682862614609196c4476
DEX_SPRITE,DexSprites/Cottonee.png,DS_CUSTOM_LIBRARY/hack-packs/Infinite_Black_2_Unique_Assets/DexSprites/Cottonee.png,953,3e46edc4f1bc92380ac56d784516b273cf075f00cc2045655dde9ae18274948a
DEX_SPRITE,DexSprites/Cradily.png,DS_CUSTOM_LIBRARY/hack-packs/Infinite_Black_2_Unique_Assets/DexSprites/Cradily.png,1837,6431d68c6c46854be9db30168d5ad2260edb57f78974ab4ba49373976bc24ddf
DEX_SPRITE,DexSprites/Cranidos.png,DS_CUSTOM_LIBRARY/hack-packs/Infinite_Black_2_Unique_Assets/DexSprites/Cranidos.png,1329,b55e889339329287c2ac52371205bae33193fbe558dc57605ee1456c1aa562a6
DEX_SPRITE,DexSprites/Crawdaunt.png,DS_CUSTOM_LIBRARY/hack-packs/Infinite_Black_2_Unique_Assets/DexSprites/Crawdaunt.png,2021,1d1b02c1cc4ff9257061ad22315dff9bfddddaba675ab52bc2691d80d5231df0
DEX_SPRITE,DexSprites/Cresselia.png,DS_CUSTOM_LIBRARY/hack-packs/Infinite_Black_2_Unique_Assets/DexSprites/Cresselia.png,1696,a1abd10d9a405143fb1146dfed32adea604004ec56fe00a9aa1c020614effe8f
DEX_SPRITE,DexSprites/Croagunk.png,DS_CUSTOM_LIBRARY/hack-packs/Infinite_Black_2_Unique_Assets/DexSprites/Croagunk.png,1130,d485d86867165db8a2fedcbbdf8742aff08d42f130bc0ea1231436b7988af53f
DEX_SPRITE,DexSprites/Crobat.png,DS_CUSTOM_LIBRARY/hack-packs/Infinite_Black_2_Unique_Assets/DexSprites/Crobat.png,1485,ac16d1948a634a49375e36ea0a36c934432083297f90b1fc9f6e088f7ecf8ac6
DEX_SPRITE,DexSprites/Croconaw.png,DS_CUSTOM_LIBRARY/hack-packs/Infinite_Black_2_Unique_Assets/DexSprites/Croconaw.png,1433,56591fb498e47c7fe08af73601634b308d115ac0907933af7bae9f147eea9b8b
DEX_SPRITE,DexSprites/Crustle.png,DS_CUSTOM_LIBRARY/hack-packs/Infinite_Black_2_Unique_Assets/DexSprites/Crustle.png,1749,336cacf71af5f63911423dd5a3cdec2230ca425f2073f51b11f0b75a7e6faccf
DEX_SPRITE,DexSprites/Cryogonal.png,DS_CUSTOM_LIBRARY/hack-packs/Infinite_Black_2_Unique_Assets/DexSprites/Cryogonal.png,2441,897855720670400e55828c3baf5840bd9460a7e5fde54b4e2589f6288a90b76f
DEX_SPRITE,DexSprites/Cubchoo.png,DS_CUSTOM_LIBRARY/hack-packs/Infinite_Black_2_Unique_Assets/DexSprites/Cubchoo.png,1003,8a26e12408289a0dcf0b70a79d19c7b3d2eddbd1a80936a02cf055e05b0fc6b1
DEX_SPRITE,DexSprites/Cubone.png,DS_CUSTOM_LIBRARY/hack-packs/Infinite_Black_2_Unique_Assets/DexSprites/Cubone.png,1150,6f162b6c81d2ddf7e66a5187ef9943a82c9f31da79ad21397f7e393175634563
DEX_SPRITE,DexSprites/Cutiefly.png,DS_CUSTOM_LIBRARY/hack-packs/Infinite_Black_2_Unique_Assets/DexSprites/Cutiefly.png,842,1b70491c804d81f2aba0509eea772c6d5355436763162c972807018d06804307
DEX_SPRITE,DexSprites/Cyndaquil.png,DS_CUSTOM_LIBRARY/hack-packs/Infinite_Black_2_Unique_Assets/DexSprites/Cyndaquil.png,1089,e8b5162256ceb595e1cef91713e99b06562adfc644766c87059040c46cf7feb3
DEX_SPRITE,DexSprites/Darkrai.png,DS_CUSTOM_LIBRARY/hack-packs/Infinite_Black_2_Unique_Assets/DexSprites/Darkrai.png,1746,81423545772c1c5f0da917f86a6f8990cbf272955c1290d67f36e1bcedc4128b
DEX_SPRITE,DexSprites/Darmanitan (1).png,DS_CUSTOM_LIBRARY/hack-packs/Infinite_Black_2_Unique_Assets/DexSprites/Darmanitan (1).png,1190,d4b1beac1b0a111740f47e3f3d68973b84c4942829bfe469c44b1f76a4185f9e
DEX_SPRITE,DexSprites/Darmanitan.png,DS_CUSTOM_LIBRARY/hack-packs/Infinite_Black_2_Unique_Assets/DexSprites/Darmanitan.png,1667,f7a3584f35de2351983a3425fe08a6f345caced7b4375e292f220cfdbd447591
DEX_SPRITE,DexSprites/Dartrix.png,DS_CUSTOM_LIBRARY/hack-packs/Infinite_Black_2_Unique_Assets/DexSprites/Dartrix.png,1238,e7a7001eda60e2bb31f4faeca27959137e466fa5f6348172c90c16c633ba5ea5
DEX_SPRITE,DexSprites/Darumaka.png,DS_CUSTOM_LIBRARY/hack-packs/Infinite_Black_2_Unique_Assets/DexSprites/Darumaka.png,1096,3d1356b85e79bc9338a0d6a67e3d1bcefe13342a8413bda9d682c9f4c0ba8b7f
DEX_SPRITE,DexSprites/Decidueye.png,DS_CUSTOM_LIBRARY/hack-packs/Infinite_Black_2_Unique_Assets/DexSprites/Decidueye.png,1911,55d9b188147ba90a8d1104f3b9ee6ff21d0f9f71ee3853fd28efcd48c0b82e4b
DEX_SPRITE,DexSprites/Deerling (1).png,DS_CUSTOM_LIBRARY/hack-packs/Infinite_Black_2_Unique_Assets/DexSprites/Deerling (1).png,1105,ddcd03423b88f33363b0bdb35a0caf3badb624a5af03542e3fb6c60b83d3fcea
DEX_SPRITE,DexSprites/Deerling (2).png,DS_CUSTOM_LIBRARY/hack-packs/Infinite_Black_2_Unique_Assets/DexSprites/Deerling (2).png,1103,999ab2202fabf11ac63a6097badecaf4d899abccdb0eff9e2c98f879fe1711a1
DEX_SPRITE,DexSprites/Deerling (3).png,DS_CUSTOM_LIBRARY/hack-packs/Infinite_Black_2_Unique_Assets/DexSprites/Deerling (3).png,1103,03f546cf6b70b36007da6e70aaa316f1198f406bf484791f3c13f1484587079e
DEX_SPRITE,DexSprites/Deerling.png,DS_CUSTOM_LIBRARY/hack-packs/Infinite_Black_2_Unique_Assets/DexSprites/Deerling.png,1114,2d36ab34ebb1d0ee0adb870205d7272fd613063907a0c05f1626dc802ddd3bfe
DEX_SPRITE,DexSprites/Deino.png,DS_CUSTOM_LIBRARY/hack-packs/Infinite_Black_2_Unique_Assets/DexSprites/Deino.png,1064,204963d31b100711f5c2239b7c78e913555462bb3b7258466ee6b734131f6f0c
DEX_SPRITE,DexSprites/Delcatty.png,DS_CUSTOM_LIBRARY/hack-packs/Infinite_Black_2_Unique_Assets/DexSprites/Delcatty.png,1456,3117ab7146021d1315264959c29db7091f5b45d830633bb1274518d13896ae89
DEX_SPRITE,DexSprites/Delibird.png,DS_CUSTOM_LIBRARY/hack-packs/Infinite_Black_2_Unique_Assets/DexSprites/Delibird.png,1374,426e2604fbafd27ffc1879fdfe2c724c6f589f8421030dcdcab770d3db36110a
DEX_SPRITE,DexSprites/Delphox.png,DS_CUSTOM_LIBRARY/hack-packs/Infinite_Black_2_Unique_Assets/DexSprites/Delphox.png,1935,e883459962b84f0ddcfaf8aaf3bf712cba8198c6cfda5d089a3d9694a978f15c
DEX_SPRITE,DexSprites/Deoxys (1).png,DS_CUSTOM_LIBRARY/hack-packs/Infinite_Black_2_Unique_Assets/DexSprites/Deoxys (1).png,1921,378eab9c6c937955db9fcae28d3572cd3fb5984c5f2fdb56587c4d4e4eb12149
DEX_SPRITE,DexSprites/Deoxys (2).png,DS_CUSTOM_LIBRARY/hack-packs/Infinite_Black_2_Unique_Assets/DexSprites/Deoxys (2).png,1893,01b3f49a6493dd62a3e3a0963fb7e4dc7ef6e8e0f67e99aec397659c067f823d
DEX_SPRITE,DexSprites/Deoxys (3).png,DS_CUSTOM_LIBRARY/hack-packs/Infinite_Black_2_Unique_Assets/DexSprites/Deoxys (3).png,1701,a895cee78c526f4944cdc671c09b16e8185b96ec4a0b71c5cf1b137cf3e8b994
DEX_SPRITE,DexSprites/Deoxys.png,DS_CUSTOM_LIBRARY/hack-packs/Infinite_Black_2_Unique_Assets/DexSprites/Deoxys.png,1955,e156d40b69cb366a04a0d648039f7625f535104165e3fdbf45bcc79b47a2d056
DEX_SPRITE,DexSprites/Dewgong.png,DS_CUSTOM_LIBRARY/hack-packs/Infinite_Black_2_Unique_Assets/DexSprites/Dewgong.png,1725,6a076d9d56b49a4ec13e6a34708ed8dc3e2d8f600b20bebb9c2617cc2e45d710
DEX_SPRITE,DexSprites/Dewott.png,DS_CUSTOM_LIBRARY/hack-packs/Infinite_Black_2_Unique_Assets/DexSprites/Dewott.png,1220,dd39f8e180773edd8b74fcce00bf37fea16e76479aed5916d251d946bf2f3cf8
DEX_SPRITE,DexSprites/Dialga.png,DS_CUSTOM_LIBRARY/hack-packs/Infinite_Black_2_Unique_Assets/DexSprites/Dialga.png,2818,617a50771b37cf7966e0259258d09408a4298be0260b6038d60d3de1aabae0a3
DEX_SPRITE,DexSprites/Diglett.png,DS_CUSTOM_LIBRARY/hack-packs/Infinite_Black_2_Unique_Assets/DexSprites/Diglett.png,870,f082b5324d7abbf36a2cc9a0a5fd47656c49188c588a47aa300dd90658f99526
DEX_SPRITE,DexSprites/Ditto.png,DS_CUSTOM_LIBRARY/hack-packs/Infinite_Black_2_Unique_Assets/DexSprites/Ditto.png,764,57781dffca1c49ca9ffdd82a85c5256a8ad451b58011c98cb0b10910ed9699c2
DEX_SPRITE,DexSprites/Dodrio.png,DS_CUSTOM_LIBRARY/hack-packs/Infinite_Black_2_Unique_Assets/DexSprites/Dodrio.png,2008,f8106b3b48c07fece6b7575ed654901a0b30c736f70008541f8aa04161f8ed40
DEX_SPRITE,DexSprites/Doduo.png,DS_CUSTOM_LIBRARY/hack-packs/Infinite_Black_2_Unique_Assets/DexSprites/Doduo.png,1300,adcdd561d5f360f1ad07e298e0a72331f61585628a2165dd72e8439287dccc54
DEX_SPRITE,DexSprites/Donphan.png,DS_CUSTOM_LIBRARY/hack-packs/Infinite_Black_2_Unique_Assets/DexSprites/Donphan.png,1873,21a0b38aec260e6bc6a3af2477cac0702d4ec1bcce3c379dbd493e46d9b17749
DEX_SPRITE,DexSprites/Dragonair.png,DS_CUSTOM_LIBRARY/hack-packs/Infinite_Black_2_Unique_Assets/DexSprites/Dragonair.png,1345,8828cbaf2db1d3e41b02f52aa4f15605b179f393fbb2592b428a69846c89b3ee
DEX_SPRITE,DexSprites/Dragonite.png,DS_CUSTOM_LIBRARY/hack-packs/Infinite_Black_2_Unique_Assets/DexSprites/Dragonite.png,2086,74e270c2c8313ff7e11a9e49887bc7a0ec4108ca056f756ec70dba99efad8f16
DEX_SPRITE,DexSprites/Drapion.png,DS_CUSTOM_LIBRARY/hack-packs/Infinite_Black_2_Unique_Assets/DexSprites/Drapion.png,2474,a69e5539da790bb24ef4ae5f9839d411ba45974df320d976b7260e74e1cde2c9
DEX_SPRITE,DexSprites/Dratini.png,DS_CUSTOM_LIBRARY/hack-packs/Infinite_Black_2_Unique_Assets/DexSprites/Dratini.png,1058,0c4fa734badf0a0c19324eaf8be2898936d3d4b828fa50caf275979d169de969
DEX_SPRITE,DexSprites/Drifblim.png,DS_CUSTOM_LIBRARY/hack-packs/Infinite_Black_2_Unique_Assets/DexSprites/Drifblim.png,1503,af5480004e85b2916159bca3fa42b8b3f6aeb47d5f8507afad3fc1238a9db13f
DEX_SPRITE,DexSprites/Drifloon.png,DS_CUSTOM_LIBRARY/hack-packs/Infinite_Black_2_Unique_Assets/DexSprites/Drifloon.png,1010,b79494047ed2cd2785a4127ad4946bf03f8d5586b1e115abc4c48a8f168c47c7
DEX_SPRITE,DexSprites/Drilbur.png,DS_CUSTOM_LIBRARY/hack-packs/Infinite_Black_2_Unique_Assets/DexSprites/Drilbur.png,1426,019d097e1361dc6469c9c67ed2859780c41fcfbca9822cf16434ac5e4dbe4e63
DEX_SPRITE,DexSprites/Drowzee.png,DS_CUSTOM_LIBRARY/hack-packs/Infinite_Black_2_Unique_Assets/DexSprites/Drowzee.png,1365,d353d2419532a5918010014675035da4ed1cfc68e567d6acf359a87576f76a13
DEX_SPRITE,DexSprites/Druddigon.png,DS_CUSTOM_LIBRARY/hack-packs/Infinite_Black_2_Unique_Assets/DexSprites/Druddigon.png,2290,63add3e5f2cfe48bb7117217c0bd49720afe82f709e6fdcebd00f10f1ddac3fb
DEX_SPRITE,DexSprites/Ducklett.png,DS_CUSTOM_LIBRARY/hack-packs/Infinite_Black_2_Unique_Assets/DexSprites/Ducklett.png,961,3987f59ee74ac73f8a488a69e0f3dd3154e4509b1a57168004bb777250d5c26e
DEX_SPRITE,DexSprites/Dugtrio.png,DS_CUSTOM_LIBRARY/hack-packs/Infinite_Black_2_Unique_Assets/DexSprites/Dugtrio.png,1214,dbc51991018ae7f10fa87d7c8e2d865ae5183bfffed44142be5941f91a4d562a
DEX_SPRITE,DexSprites/Dunsparce.png,DS_CUSTOM_LIBRARY/hack-packs/Infinite_Black_2_Unique_Assets/DexSprites/Dunsparce.png,1071,779e7b0bca8787cf282d2570c0c41468248dd7c1924bc1cfeb7a2e60b2b17085
DEX_SPRITE,DexSprites/Duosion.png,DS_CUSTOM_LIBRARY/hack-packs/Infinite_Black_2_Unique_Assets/DexSprites/Duosion.png,1017,7b0660d65dd5ff81968b4be6695d8c949fece0b4fdd3644ada2c0bd36e63353e
DEX_SPRITE,DexSprites/Durant.png,DS_CUSTOM_LIBRARY/hack-packs/Infinite_Black_2_Unique_Assets/DexSprites/Durant.png,1234,a41e9d081502d99e86c35e7cb126ea5a498a9cbba4756cde695723f9b987ac10
DEX_SPRITE,DexSprites/Dusclops.png,DS_CUSTOM_LIBRARY/hack-packs/Infinite_Black_2_Unique_Assets/DexSprites/Dusclops.png,1946,861744f4dd4a5a81a8d2d5da08e8bb0973dcc9e125c2005dcb47c27e1f5721f2
DEX_SPRITE,DexSprites/Dusknoir.png,DS_CUSTOM_LIBRARY/hack-packs/Infinite_Black_2_Unique_Assets/DexSprites/Dusknoir.png,1905,55b0cb112a293d7b8e0882d3ec5fa12c679f65cc0be7dc9eab2b6609e0c88c1a
DEX_SPRITE,DexSprites/Duskull.png,DS_CUSTOM_LIBRARY/hack-packs/Infinite_Black_2_Unique_Assets/DexSprites/Duskull.png,1101,1be80897e39b2f9c64b2aad8b0da7d2d938f4b8c943f50f417ec1c08f616b1cd
DEX_SPRITE,DexSprites/Dustox.png,DS_CUSTOM_LIBRARY/hack-packs/Infinite_Black_2_Unique_Assets/DexSprites/Dustox.png,1461,daed55f4d17e6ccb52898ede9b07f9c673c1300ceb798602573f013b865cede0
DEX_SPRITE,DexSprites/Dwebble.png,DS_CUSTOM_LIBRARY/hack-packs/Infinite_Black_2_Unique_Assets/DexSprites/Dwebble.png,1051,3c4c27a0bfafae15fe18c035c2102bb666eb4fee3af904d1094370d50e08d37d
DEX_SPRITE,DexSprites/Eelektrik.png,DS_CUSTOM_LIBRARY/hack-packs/Infinite_Black_2_Unique_Assets/DexSprites/Eelektrik.png,1338,bf919cfa529b115880249d2162d28d10494a0485266a488f6d5b324d19e0d3bd
DEX_SPRITE,DexSprites/Eelektross.png,DS_CUSTOM_LIBRARY/hack-packs/Infinite_Black_2_Unique_Assets/DexSprites/Eelektross.png,2165,a44bc543ac0307e5da93de04296604cd8939317e0cbbc1027dcd4bfb3254fdc2
DEX_SPRITE,DexSprites/Eevee (1).png,DS_CUSTOM_LIBRARY/hack-packs/Infinite_Black_2_Unique_Assets/DexSprites/Eevee (1).png,1124,87e24c4a7d0479225a216f9076ab7a7d6051a14feb9d35b976127d77334728b1
DEX_SPRITE,DexSprites/Eevee.png,DS_CUSTOM_LIBRARY/hack-packs/Infinite_Black_2_Unique_Assets/DexSprites/Eevee.png,1136,ed1d85f155c9d20252dcebfc6aab98c58a6e34ffeeaa6f236a7b56391794a308
DEX_SPRITE,DexSprites/Ekans.png,DS_CUSTOM_LIBRARY/hack-packs/Infinite_Black_2_Unique_Assets/DexSprites/Ekans.png,1236,c92604a17a14cd763d77b875994a1a6ac3b988dd05a89cecd0c38a3945f6b985
DEX_SPRITE,DexSprites/Electabuzz.png,DS_CUSTOM_LIBRARY/hack-packs/Infinite_Black_2_Unique_Assets/DexSprites/Electabuzz.png,1947,f0ed111ba151b50af25681017be941d74929a6c3b0653773fcedb6a610552eaf
DEX_SPRITE,DexSprites/Electivire.png,DS_CUSTOM_LIBRARY/hack-packs/Infinite_Black_2_Unique_Assets/DexSprites/Electivire.png,2509,f9b8add077b3ccdb074940b3b6e58bb401486c580ab3d09001fde1f90b7467d6
DEX_SPRITE,DexSprites/Electrike.png,DS_CUSTOM_LIBRARY/hack-packs/Infinite_Black_2_Unique_Assets/DexSprites/Electrike.png,1185,36f5dbbcd365f8171dfb77614e441b7738d6be0c6dae1ee1232b4381409f9477
DEX_SPRITE,DexSprites/Electrode.png,DS_CUSTOM_LIBRARY/hack-packs/Infinite_Black_2_Unique_Assets/DexSprites/Electrode.png,1028,968d7189e8562953077bebb8b2a9c752c54172a29a2201852d8a297cd8171bdf
DEX_SPRITE,DexSprites/Elekid.png,DS_CUSTOM_LIBRARY/hack-packs/Infinite_Black_2_Unique_Assets/DexSprites/Elekid.png,1251,5d12dc46d897a6bffd9404262a638158adbfb61d7901fcae8a4ce330f7e34533
DEX_SPRITE,DexSprites/Elgyem.png,DS_CUSTOM_LIBRARY/hack-packs/Infinite_Black_2_Unique_Assets/DexSprites/Elgyem.png,1097,21e23f28a882ba59e6939d6929754a50cf17ef5f0e2c3094317c3d0709e85a3d
DEX_SPRITE,DexSprites/Emboar.png,DS_CUSTOM_LIBRARY/hack-packs/Infinite_Black_2_Unique_Assets/DexSprites/Emboar.png,2623,aac6f7a8e031ae486561711abf12ef8892039c1170c8cec5d38786a6be49845f
DEX_SPRITE,DexSprites/Emolga.png,DS_CUSTOM_LIBRARY/hack-packs/Infinite_Black_2_Unique_Assets/DexSprites/Emolga.png,1322,1f0a2beb412a192a08260651ca5598378ab91a70e0b05568523ca4b3a2db8afc
DEX_SPRITE,DexSprites/Empoleon.png,DS_CUSTOM_LIBRARY/hack-packs/Infinite_Black_2_Unique_Assets/DexSprites/Empoleon.png,2038,5ad247d3dec18c01d3106bc95cc707cd6282dc6f3639385bab0ea92cca2104aa
DEX_SPRITE,DexSprites/Entei.png,DS_CUSTOM_LIBRARY/hack-packs/Infinite_Black_2_Unique_Assets/DexSprites/Entei.png,2336,962c4e964e8f221e3cc3e06415359c8f36461503b5cf697286abc5f8c01dc915
DEX_SPRITE,DexSprites/Escavalier.png,DS_CUSTOM_LIBRARY/hack-packs/Infinite_Black_2_Unique_Assets/DexSprites/Escavalier.png,1711,0b4b2ed7a7da857cdcc8396ea09198733871dd9abc5dbfb660fa9019f3af0670
DEX_SPRITE,DexSprites/Espeon (1).png,DS_CUSTOM_LIBRARY/hack-packs/Infinite_Black_2_Unique_Assets/DexSprites/Espeon (1).png,1266,802b016c746564f400d5aefc8ca2da6f6dad6711fe655acb68fd28cdf43300b6
DEX_SPRITE,DexSprites/Espeon.png,DS_CUSTOM_LIBRARY/hack-packs/Infinite_Black_2_Unique_Assets/DexSprites/Espeon.png,1221,8c6a5939538ed3ec81ffde3d83298973cb01152bcf1d48395ff89a9878a56159
DEX_SPRITE,DexSprites/Excadrill.png,DS_CUSTOM_LIBRARY/hack-packs/Infinite_Black_2_Unique_Assets/DexSprites/Excadrill.png,1915,3b084886002b1b8e7ef55741ec31e3e09c13dd1b028cfb01dce90b599bd75df4
DEX_SPRITE,DexSprites/Exeggcute.png,DS_CUSTOM_LIBRARY/hack-packs/Infinite_Black_2_Unique_Assets/DexSprites/Exeggcute.png,1424,954f2a99c1ebe5b77ffdf8dd3ec63f5a35b4af0563ae28eb8bcc8bf34ce14d30
DEX_SPRITE,DexSprites/Exeggutor.png,DS_CUSTOM_LIBRARY/hack-packs/Infinite_Black_2_Unique_Assets/DexSprites/Exeggutor.png,1727,502d7f56be8de2e788a1d9f4084be9920a254f96018fc25ab381906023b490fe
DEX_SPRITE,DexSprites/Exploud.png,DS_CUSTOM_LIBRARY/hack-packs/Infinite_Black_2_Unique_Assets/DexSprites/Exploud.png,2197,6ac197b169e2861bfeb79aabb372f600edaa1c91081c47c564d34b91ddd10f80
DEX_SPRITE,DexSprites/Farfetch'd.png,DS_CUSTOM_LIBRARY/hack-packs/Infinite_Black_2_Unique_Assets/DexSprites/Farfetch'd.png,1440,ffc251977c114ff24cca0c17acbff315c8f06e317557a099e6fe0411ec6104b0
DEX_SPRITE,DexSprites/Fearow.png,DS_CUSTOM_LIBRARY/hack-packs/Infinite_Black_2_Unique_Assets/DexSprites/Fearow.png,2289,a398e505591e3a8c21e14354df8245bf5e2f3d197d3da0df7b3707d3707fafaa
DEX_SPRITE,DexSprites/Feebas.png,DS_CUSTOM_LIBRARY/hack-packs/Infinite_Black_2_Unique_Assets/DexSprites/Feebas.png,1172,72a293ee88406884cb7ed3b79ad6cce3053b8766d1ff05bf6150c09bd228a6ce
DEX_SPRITE,DexSprites/Fennekin.png,DS_CUSTOM_LIBRARY/hack-packs/Infinite_Black_2_Unique_Assets/DexSprites/Fennekin.png,1182,f9e919c89184a8850abdf2343e2d923ba8b4750d35281690a66d1939440cc86a
DEX_SPRITE,DexSprites/Feraligatr.png,DS_CUSTOM_LIBRARY/hack-packs/Infinite_Black_2_Unique_Assets/DexSprites/Feraligatr.png,2281,64d48b3b2a4086bb7e5d3932548fe51c2988c3947a4162d9fa5f9fcdc645eec1
DEX_SPRITE,DexSprites/Ferroseed.png,DS_CUSTOM_LIBRARY/hack-packs/Infinite_Black_2_Unique_Assets/DexSprites/Ferroseed.png,1018,1cc9d2c6f9752d58f52cdad5addde249324e416dafe606b31e2eb7b0b5f987e9
DEX_SPRITE,DexSprites/Ferrothorn.png,DS_CUSTOM_LIBRARY/hack-packs/Infinite_Black_2_Unique_Assets/DexSprites/Ferrothorn.png,1944,ee22189e4a7c47df722bf9a970089c5bc2d6131b40d3360733afeae6608b570c
DEX_SPRITE,DexSprites/Finneon.png,DS_CUSTOM_LIBRARY/hack-packs/Infinite_Black_2_Unique_Assets/DexSprites/Finneon.png,899,3faa3f020b3835b6f6e61c74b6b016b6d216a510f00ede167a839ee1d497c39d
DEX_SPRITE,DexSprites/Flaaffy.png,DS_CUSTOM_LIBRARY/hack-packs/Infinite_Black_2_Unique_Assets/DexSprites/Flaaffy.png,1310,e6e160e11678f23dec9243f81d96a7cf1b60cfc1efd68ed91f5520179b3e0396
DEX_SPRITE,DexSprites/Flareon (1).png,DS_CUSTOM_LIBRARY/hack-packs/Infinite_Black_2_Unique_Assets/DexSprites/Flareon (1).png,1694,48abb63d2418a509e71abea83c1da50cc5ee2fb19f76882530ef48dc04f798ec
DEX_SPRITE,DexSprites/Flareon.png,DS_CUSTOM_LIBRARY/hack-packs/Infinite_Black_2_Unique_Assets/DexSprites/Flareon.png,1468,e10d3d541ea0f21804a9aec1b4e0acce0246405932fb51b550a3ea64ad744de4
DEX_SPRITE,DexSprites/Fletchinder.png,DS_CUSTOM_LIBRARY/hack-packs/Infinite_Black_2_Unique_Assets/DexSprites/Fletchinder.png,1089,48aa82cf7aee156af712f61da8e8edf5d6f02ead253c8bea8317554b77dfd4b6
DEX_SPRITE,DexSprites/Fletchling.png,DS_CUSTOM_LIBRARY/hack-packs/Infinite_Black_2_Unique_Assets/DexSprites/Fletchling.png,842,7da06a5bf34572dd71f67326365a133106a7505e66b8c16e71074e0c34c46e59
DEX_SPRITE,DexSprites/Floatzel.png,DS_CUSTOM_LIBRARY/hack-packs/Infinite_Black_2_Unique_Assets/DexSprites/Floatzel.png,1649,136b9e2fa1a21f3222d7b4c8632dfa94f72bdae6828b2bd4bd08c92cc86cc7d8
DEX_SPRITE,DexSprites/Flygon.png,DS_CUSTOM_LIBRARY/hack-packs/Infinite_Black_2_Unique_Assets/DexSprites/Flygon.png,1931,4822c911e77bc85bda0d586cfaecf7b78998238ae9946e527a0ff0f76f0b3ce2
DEX_SPRITE,DexSprites/Foongus.png,DS_CUSTOM_LIBRARY/hack-packs/Infinite_Black_2_Unique_Assets/DexSprites/Foongus.png,787,8bfb7ae42156697722c4d6d1299257b72b68d25e9baae9d3ca7585d7d517de96
DEX_SPRITE,DexSprites/Forretress.png,DS_CUSTOM_LIBRARY/hack-packs/Infinite_Black_2_Unique_Assets/DexSprites/Forretress.png,1549,dcf0afb255e7af9949ddd4078dfe403242265d646e2813aea27d56c82ed46bee
DEX_SPRITE,DexSprites/Fraxure.png,DS_CUSTOM_LIBRARY/hack-packs/Infinite_Black_2_Unique_Assets/DexSprites/Fraxure.png,1510,9688bd7aee734aad71dc09cd20943533459ad940c49024ca731429f91f5cc39c
DEX_SPRITE,DexSprites/Frillish.png,DS_CUSTOM_LIBRARY/hack-packs/Infinite_Black_2_Unique_Assets/DexSprites/Frillish.png,1490,ad5dd156d65f423b19fb32e2beb3cef3b257d4e41655b8d5600cb7e23dfcb6fd
DEX_SPRITE,DexSprites/Froakie.png,DS_CUSTOM_LIBRARY/hack-packs/Infinite_Black_2_Unique_Assets/DexSprites/Froakie.png,1026,50f0f9da3fa8fe4fe788bfc6b64d4cd78c0d20a5f2dbde548088d45d1736d411
DEX_SPRITE,DexSprites/Frogadier.png,DS_CUSTOM_LIBRARY/hack-packs/Infinite_Black_2_Unique_Assets/DexSprites/Frogadier.png,1374,2cc88be00c3859c05eb4f00964641a3fa0c8aff30c4c88e2e25bfe31ebb81ba5
DEX_SPRITE,DexSprites/Froslass.png,DS_CUSTOM_LIBRARY/hack-packs/Infinite_Black_2_Unique_Assets/DexSprites/Froslass.png,1316,7b3ec9e3c7d2211b7b6fe1ff46f973f964d8235b1074ea5d6572a8bd57296850
DEX_SPRITE,DexSprites/Furret.png,DS_CUSTOM_LIBRARY/hack-packs/Infinite_Black_2_Unique_Assets/DexSprites/Furret.png,1348,f81ab27a7cfa00793e56e2bb927de68e97fb882add1718572922635854a03d65
DEX_SPRITE,DexSprites/Gabite.png,DS_CUSTOM_LIBRARY/hack-packs/Infinite_Black_2_Unique_Assets/DexSprites/Gabite.png,1780,034b1f19266100e68ea96ce43bd9d1141d08cf07da9133992e93ca0da3137f3b
DEX_SPRITE,DexSprites/Gallade.png,DS_CUSTOM_LIBRARY/hack-packs/Infinite_Black_2_Unique_Assets/DexSprites/Gallade.png,1433,73b20096b7f8cd9407e3c8b8c57d039d93c866c642e22748b196d6222a157d04
DEX_SPRITE,DexSprites/Galvantula.png,DS_CUSTOM_LIBRARY/hack-packs/Infinite_Black_2_Unique_Assets/DexSprites/Galvantula.png,1745,7e4446b0782fc5c3d430f6c1b42a2db5cb20a87399a5f02f1d8b20ef1c472a2d
DEX_SPRITE,DexSprites/Garbodor.png,DS_CUSTOM_LIBRARY/hack-packs/Infinite_Black_2_Unique_Assets/DexSprites/Garbodor.png,2344,efe18f660e4ea2fc83db395d2b5b405fa8e852b4e61e75d4eade987e74091986
DEX_SPRITE,DexSprites/Garchomp.png,DS_CUSTOM_LIBRARY/hack-packs/Infinite_Black_2_Unique_Assets/DexSprites/Garchomp.png,2175,6ddee261df72ea4c9cf7f4b97b98f435ac147992ee401e10a56536c98facef03
DEX_SPRITE,DexSprites/Gardevoir.png,DS_CUSTOM_LIBRARY/hack-packs/Infinite_Black_2_Unique_Assets/DexSprites/Gardevoir.png,1634,9c3d1baef6a5145e5900c0068c2cc4ed7804016ac2c420256737b24a0729174a
DEX_SPRITE,DexSprites/Gastly.png,DS_CUSTOM_LIBRARY/hack-packs/Infinite_Black_2_Unique_Assets/DexSprites/Gastly.png,1598,2c814f36ee2e13a86f9cc482d6fbfcc5414011bb11e8da5f345adeeb6077f990
DEX_SPRITE,DexSprites/Gastrodon.png,DS_CUSTOM_LIBRARY/hack-packs/Infinite_Black_2_Unique_Assets/DexSprites/Gastrodon.png,1255,cbf5d00b1a2e2ff1b79c6e6176f5daa54582a2bc20a615ccd9b02168a5a24b60
DEX_SPRITE,DexSprites/Genesect.png,DS_CUSTOM_LIBRARY/hack-packs/Infinite_Black_2_Unique_Assets/DexSprites/Genesect.png,1822,8cde12cb2ebb462030f9b5f216e69cf520ef3ad214bc232995cb1d337785752e
DEX_SPRITE,DexSprites/Gengar.png,DS_CUSTOM_LIBRARY/hack-packs/Infinite_Black_2_Unique_Assets/DexSprites/Gengar.png,1459,4feaa2489937d7575cde51528fa37fef614a7a7d845980125638742edc4a9169
DEX_SPRITE,DexSprites/Geodude.png,DS_CUSTOM_LIBRARY/hack-packs/Infinite_Black_2_Unique_Assets/DexSprites/Geodude.png,1121,28be9419bfc30122f31e4c848df0fa11e47b70f8a37a1ee19f2a93173e200ad7
DEX_SPRITE,DexSprites/Gible.png,DS_CUSTOM_LIBRARY/hack-packs/Infinite_Black_2_Unique_Assets/DexSprites/Gible.png,1271,e1cd0cf1ac581a529a129a66ee63d0e04b8c0b7079d195ceeb7a87be976a7427
DEX_SPRITE,DexSprites/Gigalith.png,DS_CUSTOM_LIBRARY/hack-packs/Infinite_Black_2_Unique_Assets/DexSprites/Gigalith.png,2164,87a1a33b2aa46c3d0e881d2cfa19350ec25cc04d941bc624405184149f0fbd5c
DEX_SPRITE,DexSprites/Girafarig.png,DS_CUSTOM_LIBRARY/hack-packs/Infinite_Black_2_Unique_Assets/DexSprites/Girafarig.png,1596,c9b136ed2cebfbf8d20febe3233d5a4c37caf541adcc5ac9fae029ffd36c0364
DEX_SPRITE,DexSprites/Giratina (1).png,DS_CUSTOM_LIBRARY/hack-packs/Infinite_Black_2_Unique_Assets/DexSprites/Giratina (1).png,2923,4165cadf681a0f4af0dc6a63e0a87e593b85a98f8053e127c47950cd81527c48
DEX_SPRITE,DexSprites/Giratina.png,DS_CUSTOM_LIBRARY/hack-packs/Infinite_Black_2_Unique_Assets/DexSprites/Giratina.png,2857,df081b8cc2d1285754d3c5b76f5b3433dfa51c7a89086e6b1de94d29cb49b0d6
DEX_SPRITE,DexSprites/Glaceon (1).png,DS_CUSTOM_LIBRARY/hack-packs/Infinite_Black_2_Unique_Assets/DexSprites/Glaceon (1).png,1421,6a6e71388d24fb0d88b189acc27c2a754faa62377c2838c0932c919d58a6a4ce
DEX_SPRITE,DexSprites/Glaceon.png,DS_CUSTOM_LIBRARY/hack-packs/Infinite_Black_2_Unique_Assets/DexSprites/Glaceon.png,1368,161d33483d44d077c697e972eaa0d36c1a3dad9358e0c3919666cbb5117c3d17
DEX_SPRITE,DexSprites/Glalie.png,DS_CUSTOM_LIBRARY/hack-packs/Infinite_Black_2_Unique_Assets/DexSprites/Glalie.png,1870,1b23f10bc3db652c090ef99374a6ce581ebfc02933ca8fe9dfc7934224ba746f
DEX_SPRITE,DexSprites/Glameow.png,DS_CUSTOM_LIBRARY/hack-packs/Infinite_Black_2_Unique_Assets/DexSprites/Glameow.png,1616,b4325e69a99a639b949632236e014fe47bf8e1d5f2a88b759cdb74a2a0d875d2
DEX_SPRITE,DexSprites/Gligar.png,DS_CUSTOM_LIBRARY/hack-packs/Infinite_Black_2_Unique_Assets/DexSprites/Gligar.png,1693,b2eacf5cf231f3f042f48d2f9c57ce83de7e5d6077ad3ce96ab5b5a2628d6cd1
DEX_SPRITE,DexSprites/Gliscor.png,DS_CUSTOM_LIBRARY/hack-packs/Infinite_Black_2_Unique_Assets/DexSprites/Gliscor.png,2083,6dcf4ab8b1487a6a7617156b2a68c74be59bcb1f458a99be47199b5928ec8a9c
DEX_SPRITE,DexSprites/Gloom.png,DS_CUSTOM_LIBRARY/hack-packs/Infinite_Black_2_Unique_Assets/DexSprites/Gloom.png,1422,9359249815064c91e54d467f1e7281746d5d88596428aa3b060e6daa1d4776d1
DEX_SPRITE,DexSprites/Gogoat.png,DS_CUSTOM_LIBRARY/hack-packs/Infinite_Black_2_Unique_Assets/DexSprites/Gogoat.png,1732,1625e54ea512b2d49a258217b380667b3dadfca5787d308161b582451312fe90
DEX_SPRITE,DexSprites/Golbat.png,DS_CUSTOM_LIBRARY/hack-packs/Infinite_Black_2_Unique_Assets/DexSprites/Golbat.png,1675,b4ca46fe63fd6ad485af8791e8c870a391536f4f6222dcba6513a299ed5f3168
DEX_SPRITE,DexSprites/Goldeen.png,DS_CUSTOM_LIBRARY/hack-packs/Infinite_Black_2_Unique_Assets/DexSprites/Goldeen.png,1348,b26713943658cf3c1a1e2b795d10909d1cc07c190847f17dfd01ea584834d4da
DEX_SPRITE,DexSprites/Golduck.png,DS_CUSTOM_LIBRARY/hack-packs/Infinite_Black_2_Unique_Assets/DexSprites/Golduck.png,1509,2983737b372dade928b00bfa167ecd1646701605d905ffa45c182f81a2746961
DEX_SPRITE,DexSprites/Golem.png,DS_CUSTOM_LIBRARY/hack-packs/Infinite_Black_2_Unique_Assets/DexSprites/Golem.png,1900,f8f97178cda033f8c030d7a1af37311475b3ff511d36ac0d26b151f23aceaf7f
DEX_SPRITE,DexSprites/Golett.png,DS_CUSTOM_LIBRARY/hack-packs/Infinite_Black_2_Unique_Assets/DexSprites/Golett.png,1644,dad8f9a4a2f5f11351c4586b2244a554f8a16e01072fd21a62933ef427720cfa
DEX_SPRITE,DexSprites/Golurk.png,DS_CUSTOM_LIBRARY/hack-packs/Infinite_Black_2_Unique_Assets/DexSprites/Golurk.png,2467,acc61288386f86ff376319d514e1b19450edf7b55e922551b86a8a49a68cd734
DEX_SPRITE,DexSprites/Goodra.png,DS_CUSTOM_LIBRARY/hack-packs/Infinite_Black_2_Unique_Assets/DexSprites/Goodra.png,1764,4f188c34ed5e9575c4838792038992987adc5fcb30c3fee9431449f065a1409e
DEX_SPRITE,DexSprites/Goomy.png,DS_CUSTOM_LIBRARY/hack-packs/Infinite_Black_2_Unique_Assets/DexSprites/Goomy.png,785,6a10a10e3bc93d0d547e0b45f1ecba565753fd922dd3714f71ad6cde4e241114
DEX_SPRITE,DexSprites/Gorebyss.png,DS_CUSTOM_LIBRARY/hack-packs/Infinite_Black_2_Unique_Assets/DexSprites/Gorebyss.png,1339,0caac8e12dfa4a399483ef1c65277cb05fbdd129e604f1024ca4eea919cf113e
DEX_SPRITE,DexSprites/Gothita.png,DS_CUSTOM_LIBRARY/hack-packs/Infinite_Black_2_Unique_Assets/DexSprites/Gothita.png,974,e029611964013ba58b6efb422b44db2c07f582993686b08acefce0e7a1066060
DEX_SPRITE,DexSprites/Gothitelle.png,DS_CUSTOM_LIBRARY/hack-packs/Infinite_Black_2_Unique_Assets/DexSprites/Gothitelle.png,1896,e8fc43a59ea543ca9c56cdae0fcee872a815f4b27c7bd0995c5638c3ee067d3b
DEX_SPRITE,DexSprites/Gothorita.png,DS_CUSTOM_LIBRARY/hack-packs/Infinite_Black_2_Unique_Assets/DexSprites/Gothorita.png,1327,14b59b4a4bbdbb6d8f14bbc81bcc69e250f5a813474e0557fa163212ff98e4fb
DEX_SPRITE,DexSprites/Granbull.png,DS_CUSTOM_LIBRARY/hack-packs/Infinite_Black_2_Unique_Assets/DexSprites/Granbull.png,1423,b45a0453e231f434f3eb011aaeb9dbc10db5514dcf9528a8d2b79f446efdeffd
DEX_SPRITE,DexSprites/Graveler.png,DS_CUSTOM_LIBRARY/hack-packs/Infinite_Black_2_Unique_Assets/DexSprites/Graveler.png,1680,36fb48595cf6fa5bcc7a285ff78dfa3079c766ba57dbcb0caa28d7b4ae333261
DEX_SPRITE,DexSprites/Greninja.png,DS_CUSTOM_LIBRARY/hack-packs/Infinite_Black_2_Unique_Assets/DexSprites/Greninja.png,2437,a5fa7c7d3f2df0bfd88c546ba0dd17711b28414bcb61b9de2ba6b065edebc3ce
DEX_SPRITE,DexSprites/Grimer.png,DS_CUSTOM_LIBRARY/hack-packs/Infinite_Black_2_Unique_Assets/DexSprites/Grimer.png,1275,308487b2d5d58946529ece37264931ed6be5eea4a24869598319b28878265536
DEX_SPRITE,DexSprites/Grotle.png,DS_CUSTOM_LIBRARY/hack-packs/Infinite_Black_2_Unique_Assets/DexSprites/Grotle.png,2112,8d9a002c19e95f677648583ad995b73ff5aaee91157413069c10ecbea5ad31b8
DEX_SPRITE,DexSprites/Groudon.png,DS_CUSTOM_LIBRARY/hack-packs/Infinite_Black_2_Unique_Assets/DexSprites/Groudon.png,2849,1fb0d48ffddcb030cc177063bddd93c4d90405cc2cbe0a3d79e68a5869ece642
DEX_SPRITE,DexSprites/Grovyle.png,DS_CUSTOM_LIBRARY/hack-packs/Infinite_Black_2_Unique_Assets/DexSprites/Grovyle.png,1698,0a6176135b337ca2aa6253a983723eefb17e2360cc8861c05eb90df484231e6f
DEX_SPRITE,DexSprites/Growlithe.png,DS_CUSTOM_LIBRARY/hack-packs/Infinite_Black_2_Unique_Assets/DexSprites/Growlithe.png,1344,b4984db019db8fbd984c5776f32055a1ba7699c740a4e96759610f9e64942faf
DEX_SPRITE,DexSprites/Grubbin.png,DS_CUSTOM_LIBRARY/hack-packs/Infinite_Black_2_Unique_Assets/DexSprites/Grubbin.png,854,945545c4f0b29cb381f834b024c07745b7ff74cc906a5cb54dbf6a935d110b0d
DEX_SPRITE,DexSprites/Grumpig.png,DS_CUSTOM_LIBRARY/hack-packs/Infinite_Black_2_Unique_Assets/DexSprites/Grumpig.png,1699,8298b0709d48338477267d7fc2d7899a286a3bb0d64fc58260d7cdf593e8dd52
DEX_SPRITE,DexSprites/Gulpin.png,DS_CUSTOM_LIBRARY/hack-packs/Infinite_Black_2_Unique_Assets/DexSprites/Gulpin.png,843,3976d8181843c4ea60c08e1c5fcf9a29b8584eef9447f57fd5fbe58be39ce9bf
DEX_SPRITE,DexSprites/Gurdurr.png,DS_CUSTOM_LIBRARY/hack-packs/Infinite_Black_2_Unique_Assets/DexSprites/Gurdurr.png,1710,2faf2b967aa820beaf88fad236ae8774adbe1c4112c6f3cb581d2d3147b33d5e
DEX_SPRITE,DexSprites/Gyarados.png,DS_CUSTOM_LIBRARY/hack-packs/Infinite_Black_2_Unique_Assets/DexSprites/Gyarados.png,3130,fe0751fd652ad22229164cd9c155c291ac5bb45ba8bb9974e2ba9d99d7c16d26
DEX_SPRITE,DexSprites/Happiny.png,DS_CUSTOM_LIBRARY/hack-packs/Infinite_Black_2_Unique_Assets/DexSprites/Happiny.png,921,506fcfd363b735e7d53026e6f0bf17fd9ed632a919c04716d818e5a5e7eb9587
DEX_SPRITE,DexSprites/Hariyama.png,DS_CUSTOM_LIBRARY/hack-packs/Infinite_Black_2_Unique_Assets/DexSprites/Hariyama.png,2114,87e944d7152ce1e566848f2dd2e99f5ddaa1e5d7f4ce4f04210ab9a20c02d771
DEX_SPRITE,DexSprites/Haunter.png,DS_CUSTOM_LIBRARY/hack-packs/Infinite_Black_2_Unique_Assets/DexSprites/Haunter.png,1563,2df1da2e0a832bab0914b594502297b550810abf90aa05a2cb751fd9657f2653
DEX_SPRITE,DexSprites/Haxorus.png,DS_CUSTOM_LIBRARY/hack-packs/Infinite_Black_2_Unique_Assets/DexSprites/Haxorus.png,2157,cdc1cd0d0740c3e2217560e1ac661402625703c8dd03bb61011c37814c592b8c
DEX_SPRITE,DexSprites/Heatmor.png,DS_CUSTOM_LIBRARY/hack-packs/Infinite_Black_2_Unique_Assets/DexSprites/Heatmor.png,1927,c77c4ba82570971efb248daa0aa0f81a371d665fe2da957783cc172806c30f64
DEX_SPRITE,DexSprites/Heatran.png,DS_CUSTOM_LIBRARY/hack-packs/Infinite_Black_2_Unique_Assets/DexSprites/Heatran.png,2022,1b049e384d86e1e79dffe06871d057c701f6fb7e6c41c0ac598d550e8eea5709
DEX_SPRITE,DexSprites/Heracross.png,DS_CUSTOM_LIBRARY/hack-packs/Infinite_Black_2_Unique_Assets/DexSprites/Heracross.png,1569,a115f3c2170897a335c4890d348546342c5c0ab99dbadd1521fe80f6bd65d5d5
DEX_SPRITE,DexSprites/Herdier.png,DS_CUSTOM_LIBRARY/hack-packs/Infinite_Black_2_Unique_Assets/DexSprites/Herdier.png,1402,e80b06c1924d191284f804ec4968ea280cab960f335c19675689004ba44706ac
DEX_SPRITE,DexSprites/Hippopotas.png,DS_CUSTOM_LIBRARY/hack-packs/Infinite_Black_2_Unique_Assets/DexSprites/Hippopotas.png,1271,a4e35e79bdcf8d5fc42b83687b2c9be9e38f057b5a50758884cf73ef2462ac37
DEX_SPRITE,DexSprites/Hippowdon.png,DS_CUSTOM_LIBRARY/hack-packs/Infinite_Black_2_Unique_Assets/DexSprites/Hippowdon.png,1916,7eba7d9149b03177bab60c6990ba3d83e4acce69e7aacffae3ab3fddae16ac6a
DEX_SPRITE,DexSprites/Hitmonchan.png,DS_CUSTOM_LIBRARY/hack-packs/Infinite_Black_2_Unique_Assets/DexSprites/Hitmonchan.png,1256,089b93cf2262d3dd5c0cea1aea4a9569c00739ae210a385dbe52fc158dffba3a
DEX_SPRITE,DexSprites/Hitmonlee.png,DS_CUSTOM_LIBRARY/hack-packs/Infinite_Black_2_Unique_Assets/DexSprites/Hitmonlee.png,1543,4dd9bf0a0a25b6322e3e1a37ff6d802ead3298d05e9611dec31cd62131667d18
DEX_SPRITE,DexSprites/Hitmontop.png,DS_CUSTOM_LIBRARY/hack-packs/Infinite_Black_2_Unique_Assets/DexSprites/Hitmontop.png,1589,9d6946f4ebd8139ca8e615a4588f5d17e62dba00dcd477c3ed6750cf3c6f3eb0
DEX_SPRITE,DexSprites/Ho-Oh.png,DS_CUSTOM_LIBRARY/hack-packs/Infinite_Black_2_Unique_Assets/DexSprites/Ho-Oh.png,3302,1ad1f472c07fbf5fef0ca979e5977f1ae7428c8171b2173d2377a5c2715d3ebd
DEX_SPRITE,DexSprites/Honchkrow.png,DS_CUSTOM_LIBRARY/hack-packs/Infinite_Black_2_Unique_Assets/DexSprites/Honchkrow.png,1436,2940c29e8d7c40c94eea2440bc0fd9e359a574f101213e4c885f58630ebbcb5a
DEX_SPRITE,DexSprites/Hoothoot.png,DS_CUSTOM_LIBRARY/hack-packs/Infinite_Black_2_Unique_Assets/DexSprites/Hoothoot.png,1153,90d6f00f55556edc91e0eb094f9b30f645c7200d2ce5f82fc82ec56d0c8f0e16
DEX_SPRITE,DexSprites/Hoppip.png,DS_CUSTOM_LIBRARY/hack-packs/Infinite_Black_2_Unique_Assets/DexSprites/Hoppip.png,1055,93a6b999a788447f6d9c0359f3e1f9e1f2f197d83a3a5acbfc192839fb07dff2
DEX_SPRITE,DexSprites/Horsea.png,DS_CUSTOM_LIBRARY/hack-packs/Infinite_Black_2_Unique_Assets/DexSprites/Horsea.png,960,88cf7e2d34b53ac83c008022de2b4dfe26b359ac7b087d8179a8565fdac87066
DEX_SPRITE,DexSprites/Houndoom.png,DS_CUSTOM_LIBRARY/hack-packs/Infinite_Black_2_Unique_Assets/DexSprites/Houndoom.png,1785,fca0c1fdaaa883362d095ab5e36cebe24f41dbdd5e4b7ee47042a191c17ffbc7
DEX_SPRITE,DexSprites/Houndour.png,DS_CUSTOM_LIBRARY/hack-packs/Infinite_Black_2_Unique_Assets/DexSprites/Houndour.png,1063,69d370703a4b4bda638d3c48849b71039cc76611fa9cbcafd2ea8638c94be68f
DEX_SPRITE,DexSprites/Huntail.png,DS_CUSTOM_LIBRARY/hack-packs/Infinite_Black_2_Unique_Assets/DexSprites/Huntail.png,1827,909aa88f6af30d5ad053cdfa47485911a81942cea1cc809f6efdcc29e0088d6d
DEX_SPRITE,DexSprites/Hydreigon.png,DS_CUSTOM_LIBRARY/hack-packs/Infinite_Black_2_Unique_Assets/DexSprites/Hydreigon.png,2450,5e1d2e4e491e851dbb5df7d06bcae000398f7a1518a38d91bb7422ddf8006941
DEX_SPRITE,DexSprites/Hypno.png,DS_CUSTOM_LIBRARY/hack-packs/Infinite_Black_2_Unique_Assets/DexSprites/Hypno.png,1802,bc83b6b7b41b3533219c51e250555b8092f77ddecee07e1f39314e1fa04eb865
DEX_SPRITE,DexSprites/Igglybuff.png,DS_CUSTOM_LIBRARY/hack-packs/Infinite_Black_2_Unique_Assets/DexSprites/Igglybuff.png,825,aa87fa4bd1b578109e469d77905d636295f04fdd6a9a4eee885daa6984177508
DEX_SPRITE,DexSprites/Illumise.png,DS_CUSTOM_LIBRARY/hack-packs/Infinite_Black_2_Unique_Assets/DexSprites/Illumise.png,1252,39741e2fc09e5880a49bfdb4f5cb6f0ec299623facf51fa8c91391fe843e31d2
DEX_SPRITE,DexSprites/Infernape.png,DS_CUSTOM_LIBRARY/hack-packs/Infinite_Black_2_Unique_Assets/DexSprites/Infernape.png,1989,361ecf5e0023a2599e1b181674699751437de14a0a9a8df0e6e9a09b86d41b2f
DEX_SPRITE,DexSprites/Ivysaur.png,DS_CUSTOM_LIBRARY/hack-packs/Infinite_Black_2_Unique_Assets/DexSprites/Ivysaur.png,1589,4ae85d51f4591b6be840f92b3a6a32bb0b41d4d34bb05115a2e7d758d64b19f0
DEX_SPRITE,DexSprites/Jellicent.png,DS_CUSTOM_LIBRARY/hack-packs/Infinite_Black_2_Unique_Assets/DexSprites/Jellicent.png,1680,2413a35795f444411435ebb5c77c75ad7b6133eeb041391bafc0659244a45fa3
DEX_SPRITE,DexSprites/Jigglypuff.png,DS_CUSTOM_LIBRARY/hack-packs/Infinite_Black_2_Unique_Assets/DexSprites/Jigglypuff.png,979,2b4ebca27c90477247c7a2b43e59c9af6688e0b72c13aa7aa3d85d4e54fd8555
DEX_SPRITE,DexSprites/Jirachi.png,DS_CUSTOM_LIBRARY/hack-packs/Infinite_Black_2_Unique_Assets/DexSprites/Jirachi.png,1223,de8be89c35b9e83c12961db681026208fbec653ff0402888007e96eeb295370f
DEX_SPRITE,DexSprites/Jolteon (1).png,DS_CUSTOM_LIBRARY/hack-packs/Infinite_Black_2_Unique_Assets/DexSprites/Jolteon (1).png,1445,320b6c56170a1bc518b9e76e1ad68a02d66a9b7ad6ae7432c38c031085d25baf
DEX_SPRITE,DexSprites/Jolteon.png,DS_CUSTOM_LIBRARY/hack-packs/Infinite_Black_2_Unique_Assets/DexSprites/Jolteon.png,1469,0f1025f73342db9e0af1adf6bd20ef40b0bbb94985f8676ba6ec44a2fb72b44f
DEX_SPRITE,DexSprites/Joltik.png,DS_CUSTOM_LIBRARY/hack-packs/Infinite_Black_2_Unique_Assets/DexSprites/Joltik.png,1015,735b1e899ce3129ce47919671b24e8c8988dd250ba77a31f7575ba4e78208e2d
DEX_SPRITE,DexSprites/Jumpluff.png,DS_CUSTOM_LIBRARY/hack-packs/Infinite_Black_2_Unique_Assets/DexSprites/Jumpluff.png,1343,b65c114a4732908c2434ec14e10f541a3e8fb221de0e95bc361fdc1fd4cc1575
DEX_SPRITE,DexSprites/Jynx.png,DS_CUSTOM_LIBRARY/hack-packs/Infinite_Black_2_Unique_Assets/DexSprites/Jynx.png,1783,9b1adcbd00ce24c05599cb901533d6faf5f2d5256adfcd84b62a80506a6c9d1e
DEX_SPRITE,DexSprites/Kabuto.png,DS_CUSTOM_LIBRARY/hack-packs/Infinite_Black_2_Unique_Assets/DexSprites/Kabuto.png,821,5f64ec614005c9b48ea383c3e78bb159b8a5db5117f2f8b5d3e7e0668f3611ad
DEX_SPRITE,DexSprites/Kabutops.png,DS_CUSTOM_LIBRARY/hack-packs/Infinite_Black_2_Unique_Assets/DexSprites/Kabutops.png,1695,d8ffd846d11a98aa0d8a572af665bce44c8de4305ffb22bfd082521a9894998c
DEX_SPRITE,DexSprites/Kadabra.png,DS_CUSTOM_LIBRARY/hack-packs/Infinite_Black_2_Unique_Assets/DexSprites/Kadabra.png,2054,db074c7135c5550a2b480184633707de122820fbfc1c1ea496fce17dcdce81fc
DEX_SPRITE,DexSprites/Kakuna.png,DS_CUSTOM_LIBRARY/hack-packs/Infinite_Black_2_Unique_Assets/DexSprites/Kakuna.png,944,e0cace0d817672896a9c63380e15d1648f6a0208b97750f4698ae2595ade0545
DEX_SPRITE,DexSprites/Kangaskhan.png,DS_CUSTOM_LIBRARY/hack-packs/Infinite_Black_2_Unique_Assets/DexSprites/Kangaskhan.png,2168,c0f2c472ee35299eee7011eb2d2e23089cc2265c0e1a367c43db65a28beedc0a
DEX_SPRITE,DexSprites/Karrablast.png,DS_CUSTOM_LIBRARY/hack-packs/Infinite_Black_2_Unique_Assets/DexSprites/Karrablast.png,971,240bfbf9fa3cad64eb1cfb8b2f6c134b059d4167be9eb06e36de3d7be8c1675f
DEX_SPRITE,DexSprites/Kecleon.png,DS_CUSTOM_LIBRARY/hack-packs/Infinite_Black_2_Unique_Assets/DexSprites/Kecleon.png,1396,72af86f116caad081d8d286a9d68046840f6af0c24a4de29c36756cb088de201
DEX_SPRITE,DexSprites/Keldeo (1).png,DS_CUSTOM_LIBRARY/hack-packs/Infinite_Black_2_Unique_Assets/DexSprites/Keldeo (1).png,1688,faab14b4d141f9dc1d77645b8b9b10ac64099db85cb5c642695d2506451332d7
DEX_SPRITE,DexSprites/Keldeo.png,DS_CUSTOM_LIBRARY/hack-packs/Infinite_Black_2_Unique_Assets/DexSprites/Keldeo.png,1591,46945ccf4b3ed3517b8e607d46fcc0dff61ff8209e662280eb027dcadd69f6e2
DEX_SPRITE,DexSprites/Kingdra.png,DS_CUSTOM_LIBRARY/hack-packs/Infinite_Black_2_Unique_Assets/DexSprites/Kingdra.png,1588,57c888dba66d2e64097a2e5f199c7e2e4e16c076664ebefd482d98d1541df2ff
DEX_SPRITE,DexSprites/Kingler.png,DS_CUSTOM_LIBRARY/hack-packs/Infinite_Black_2_Unique_Assets/DexSprites/Kingler.png,2024,7226f18446f0060ccb5135bada1e33faae69464689d16dadffd50add81c7e83c
DEX_SPRITE,DexSprites/Kirlia.png,DS_CUSTOM_LIBRARY/hack-packs/Infinite_Black_2_Unique_Assets/DexSprites/Kirlia.png,1128,aea58fb09bd003c70a891a04c13f5a761ec14168b72381ef19134c4d0a98020a
DEX_SPRITE,DexSprites/Klang.png,DS_CUSTOM_LIBRARY/hack-packs/Infinite_Black_2_Unique_Assets/DexSprites/Klang.png,1557,ed63042810339fd9e83d5d71f39199475d430662c806a72db93efed1b0cc1861
DEX_SPRITE,DexSprites/Klink.png,DS_CUSTOM_LIBRARY/hack-packs/Infinite_Black_2_Unique_Assets/DexSprites/Klink.png,1076,8e34b5d754783c432bf1cea5e575c1ce25cf4b8c8ad454bedcd47911e4eda95e
DEX_SPRITE,DexSprites/Klinklang.png,DS_CUSTOM_LIBRARY/hack-packs/Infinite_Black_2_Unique_Assets/DexSprites/Klinklang.png,1978,911eaeaa58a5d6f9676d3b7e3a52c24c6a1e037e21fe3538e0f584f69ff67419
DEX_SPRITE,DexSprites/Koffing.png,DS_CUSTOM_LIBRARY/hack-packs/Infinite_Black_2_Unique_Assets/DexSprites/Koffing.png,1491,af5afcc5006df8430e24cb72114ea9137f05c0b558504a0a7bd9258fb8cca550
DEX_SPRITE,DexSprites/Krabby.png,DS_CUSTOM_LIBRARY/hack-packs/Infinite_Black_2_Unique_Assets/DexSprites/Krabby.png,1321,5d7b80d7756423ea03588db333c2d65a10a2f271d390d014a281bbbf83f42a8d
DEX_SPRITE,DexSprites/Kricketot.png,DS_CUSTOM_LIBRARY/hack-packs/Infinite_Black_2_Unique_Assets/DexSprites/Kricketot.png,1192,b10b48ad7ac58b5fdd7bb0df6f3a76744ab02c6ce758fcdd6912d0fc8f3fec9a
DEX_SPRITE,DexSprites/Kricketune.png,DS_CUSTOM_LIBRARY/hack-packs/Infinite_Black_2_Unique_Assets/DexSprites/Kricketune.png,1587,e1583fc55f0e8eac592d38a9ab3cf8c4e08a011875d2698daf9f3c00f0da94a4
DEX_SPRITE,DexSprites/Krokorok.png,DS_CUSTOM_LIBRARY/hack-packs/Infinite_Black_2_Unique_Assets/DexSprites/Krokorok.png,1544,64943d9bfc0beeed0f50f9205d605130a8ce599a7920fc8d6a650ead34171a58
DEX_SPRITE,DexSprites/Krookodile.png,DS_CUSTOM_LIBRARY/hack-packs/Infinite_Black_2_Unique_Assets/DexSprites/Krookodile.png,2319,91ccc8301ae2123ac5e4f520fe6bd7ec82b937035069f17402936b1116aaf587
DEX_SPRITE,DexSprites/Kyogre.png,DS_CUSTOM_LIBRARY/hack-packs/Infinite_Black_2_Unique_Assets/DexSprites/Kyogre.png,2258,606c1e1451cc39b7b1f2afc267712f7eb34c9470c04ef6d6a4b2e7b00b6e3453
DEX_SPRITE,DexSprites/Kyurem (1).png,DS_CUSTOM_LIBRARY/hack-packs/Infinite_Black_2_Unique_Assets/DexSprites/Kyurem (1).png,3275,6dadcd5dd615d3c755ac636af58ed3ffdcb701d312efc93e78dc4a362d94f90e
DEX_SPRITE,DexSprites/Kyurem (2).png,DS_CUSTOM_LIBRARY/hack-packs/Infinite_Black_2_Unique_Assets/DexSprites/Kyurem (2).png,3306,e58de08034970e4352d4ab7d854fde0f7195eabff1b0393949e5b2a4ae323a12
DEX_SPRITE,DexSprites/Kyurem.png,DS_CUSTOM_LIBRARY/hack-packs/Infinite_Black_2_Unique_Assets/DexSprites/Kyurem.png,2477,3f1fe38ab963b676be75c901b578f1e795bd664640386694cc639baed0fd8462
DEX_SPRITE,DexSprites/Lairon.png,DS_CUSTOM_LIBRARY/hack-packs/Infinite_Black_2_Unique_Assets/DexSprites/Lairon.png,1858,c60d34e66bfdbb9802accc5abbcdb3670f5ceceef9628e6202e28cb6d32f1fab
DEX_SPRITE,DexSprites/Lampent.png,DS_CUSTOM_LIBRARY/hack-packs/Infinite_Black_2_Unique_Assets/DexSprites/Lampent.png,1069,06a9270b266d58e1a2382941dcabcdebd74d92257b895264c9dd08ba73bfd8cd
DEX_SPRITE,DexSprites/Landorus (1).png,DS_CUSTOM_LIBRARY/hack-packs/Infinite_Black_2_Unique_Assets/DexSprites/Landorus (1).png,2346,0b6e9125d0b7bc61f8cb0753ca22b2be04a82e745c6a16bfe444f3ece0063bbf
DEX_SPRITE,DexSprites/Landorus.png,DS_CUSTOM_LIBRARY/hack-packs/Infinite_Black_2_Unique_Assets/DexSprites/Landorus.png,2222,71efde2516f876e49c07110321be664f1403d108c1886b8072dcda214e25c427
DEX_SPRITE,DexSprites/Lanturn.png,DS_CUSTOM_LIBRARY/hack-packs/Infinite_Black_2_Unique_Assets/DexSprites/Lanturn.png,1339,02c931394435fa9aebd390698d7a692724f2315780e4c199cadfa1a2cf58e213
DEX_SPRITE,DexSprites/Lapras.png,DS_CUSTOM_LIBRARY/hack-packs/Infinite_Black_2_Unique_Assets/DexSprites/Lapras.png,1597,6d4251cc1f43209d5c6ca3479c7a9e5c6f6c4f575a9da0c9c61d7ba56f0bb518
DEX_SPRITE,DexSprites/Larvesta.png,DS_CUSTOM_LIBRARY/hack-packs/Infinite_Black_2_Unique_Assets/DexSprites/Larvesta.png,1134,4b59d600c7848552e3e8b073539c3b2cfebea20490d3299a9902c2d2862fad05
DEX_SPRITE,DexSprites/Larvitar.png,DS_CUSTOM_LIBRARY/hack-packs/Infinite_Black_2_Unique_Assets/DexSprites/Larvitar.png,963,f5ae3cf52c3f13ae50e0d2a6bf3b6184714c783a1e98fa25234d0d90d42486a6
DEX_SPRITE,DexSprites/Latias.png,DS_CUSTOM_LIBRARY/hack-packs/Infinite_Black_2_Unique_Assets/DexSprites/Latias.png,1587,b1c3bfe92326a752974b743360d77089f6e0c35bc3cb5dd1f7893a36ff607f1f
DEX_SPRITE,DexSprites/Latios.png,DS_CUSTOM_LIBRARY/hack-packs/Infinite_Black_2_Unique_Assets/DexSprites/Latios.png,1901,3a163ced47a426b1b766d6ba73fcd053b47558f0874a7629d653f5374003fe4f
DEX_SPRITE,DexSprites/Leafeon (1).png,DS_CUSTOM_LIBRARY/hack-packs/Infinite_Black_2_Unique_Assets/DexSprites/Leafeon (1).png,1354,c81939beedfb511d296da38546c19fe4b83fd2471e028d172802bfb6e777341c
DEX_SPRITE,DexSprites/Leafeon.png,DS_CUSTOM_LIBRARY/hack-packs/Infinite_Black_2_Unique_Assets/DexSprites/Leafeon.png,1510,a1051a1003268af62ad4f0d35f10173f052ee31db6a50537b0869d24fb9e86fd
DEX_SPRITE,DexSprites/Leavanny.png,DS_CUSTOM_LIBRARY/hack-packs/Infinite_Black_2_Unique_Assets/DexSprites/Leavanny.png,1383,fe867a9406741d4bac5c7703d1d667f6eca0def5a85175d67ee6599c208d63fe
DEX_SPRITE,DexSprites/Ledian.png,DS_CUSTOM_LIBRARY/hack-packs/Infinite_Black_2_Unique_Assets/DexSprites/Ledian.png,1436,40f9850ec14442b326ab454d4c561673a2c8f2522d71f6c45a79500d7920daea
DEX_SPRITE,DexSprites/Ledyba.png,DS_CUSTOM_LIBRARY/hack-packs/Infinite_Black_2_Unique_Assets/DexSprites/Ledyba.png,1402,103d0dff9e600e94074e79c53a1d9b1f8e9d8a5f55d90861a3e53e35740100d8
DEX_SPRITE,DexSprites/Lickilicky.png,DS_CUSTOM_LIBRARY/hack-packs/Infinite_Black_2_Unique_Assets/DexSprites/Lickilicky.png,1480,0db0baf754f450e1d9913fc1b4ddc7205bfa915bca556c4537eba50946553658
DEX_SPRITE,DexSprites/Lickitung.png,DS_CUSTOM_LIBRARY/hack-packs/Infinite_Black_2_Unique_Assets/DexSprites/Lickitung.png,1607,cf05d5a621e5aa2090dcc2f347d5a3c1dcc04d2446f9251631a4bf49367c4889
DEX_SPRITE,DexSprites/Liepard.png,DS_CUSTOM_LIBRARY/hack-packs/Infinite_Black_2_Unique_Assets/DexSprites/Liepard.png,1513,2742cba9cf8bd11ba552f9c914cb487b6e613374afd37fbb41bb5599582208fa
DEX_SPRITE,DexSprites/Lileep.png,DS_CUSTOM_LIBRARY/hack-packs/Infinite_Black_2_Unique_Assets/DexSprites/Lileep.png,1415,181fb0db192ef1be2de5142957615fb1528c4166f7a4758394363b6da8ee2293
DEX_SPRITE,DexSprites/Lilligant.png,DS_CUSTOM_LIBRARY/hack-packs/Infinite_Black_2_Unique_Assets/DexSprites/Lilligant.png,1726,43ca9d2969ad025bc4a9d003a9512b6838176d0c90d8f958deb00d4a98421919
DEX_SPRITE,DexSprites/Lillipup.png,DS_CUSTOM_LIBRARY/hack-packs/Infinite_Black_2_Unique_Assets/DexSprites/Lillipup.png,1141,4f8ae784503881127fa2b108c70ca054baf8217414e805f703901d36dfbefa4a
DEX_SPRITE,DexSprites/Linoone.png,DS_CUSTOM_LIBRARY/hack-packs/Infinite_Black_2_Unique_Assets/DexSprites/Linoone.png,1379,dc02c56f7fe6a8a5eeb472579777e49e50a5ffbc0d3f8cd34595868e9eb9e96e
DEX_SPRITE,DexSprites/Litwick.png,DS_CUSTOM_LIBRARY/hack-packs/Infinite_Black_2_Unique_Assets/DexSprites/Litwick.png,824,a00caf8838fc0838cd30d97621465ad5648f2adfc8dec80ee84d352e2f52002b
DEX_SPRITE,DexSprites/Lombre.png,DS_CUSTOM_LIBRARY/hack-packs/Infinite_Black_2_Unique_Assets/DexSprites/Lombre.png,1353,733c0e3521bc7b9f535e816292f2de8a3b3febc9529140c107ba58be0cdd4c3c
DEX_SPRITE,DexSprites/Lopunny.png,DS_CUSTOM_LIBRARY/hack-packs/Infinite_Black_2_Unique_Assets/DexSprites/Lopunny.png,1553,3c6e987b0771efc0d9f609e2f717330db8e30d9c31a5faebd56d7db23df2aa3e
DEX_SPRITE,DexSprites/Lotad.png,DS_CUSTOM_LIBRARY/hack-packs/Infinite_Black_2_Unique_Assets/DexSprites/Lotad.png,973,e76feb378d0bb1a36db41c649e75ed10be5d64f19e24a451e9a3126bfcdfe640
DEX_SPRITE,DexSprites/Loudred.png,DS_CUSTOM_LIBRARY/hack-packs/Infinite_Black_2_Unique_Assets/DexSprites/Loudred.png,1762,8e0465af83dbe0e4f3bcd4a18b04d873a90c2578c4de377c969fffa022a3e507
DEX_SPRITE,DexSprites/Lucario.png,DS_CUSTOM_LIBRARY/hack-packs/Infinite_Black_2_Unique_Assets/DexSprites/Lucario.png,1558,1cdec4b41615112972847fa10f55c26af79bd6acc7fadb4d447a6d0859a84e32
DEX_SPRITE,DexSprites/Ludicolo.png,DS_CUSTOM_LIBRARY/hack-packs/Infinite_Black_2_Unique_Assets/DexSprites/Ludicolo.png,2112,f9fe8e422ff34f248c49f7204b6d93768450d1103c37423c0d9b00bf7a2c02a4
DEX_SPRITE,DexSprites/Lugia.png,DS_CUSTOM_LIBRARY/hack-packs/Infinite_Black_2_Unique_Assets/DexSprites/Lugia.png,2160,42dce70c283cd2d81615b6a7861b9944a51e5b7996d4e7e96ff968e9ae6a9487
DEX_SPRITE,DexSprites/Lumineon.png,DS_CUSTOM_LIBRARY/hack-packs/Infinite_Black_2_Unique_Assets/DexSprites/Lumineon.png,1329,569da4f7a30e825d009a219f29aa85561cc62bd41536eedb8ba3aeb5aa2707ca
DEX_SPRITE,DexSprites/Lunatone.png,DS_CUSTOM_LIBRARY/hack-packs/Infinite_Black_2_Unique_Assets/DexSprites/Lunatone.png,1118,feed8f05848cc39d676c7303df607522385637fa5c5a6a82b079186029ebc18c
DEX_SPRITE,DexSprites/Luvdisc.png,DS_CUSTOM_LIBRARY/hack-packs/Infinite_Black_2_Unique_Assets/DexSprites/Luvdisc.png,716,84b7c1a7167fb23d244498e90248d168cc2338353a40306b9c34a47a32688973
DEX_SPRITE,DexSprites/Luxio.png,DS_CUSTOM_LIBRARY/hack-packs/Infinite_Black_2_Unique_Assets/DexSprites/Luxio.png,1492,ef2eac429592e589f8fa5577199bb3deb70473c20321b7b580a30b1540ef6808
DEX_SPRITE,DexSprites/Luxray.png,DS_CUSTOM_LIBRARY/hack-packs/Infinite_Black_2_Unique_Assets/DexSprites/Luxray.png,1706,347c1ca1b35dd69e54b9b3542b6cd937dc08e881d6f71082d31d3de0fcb3351f
DEX_SPRITE,DexSprites/Machamp.png,DS_CUSTOM_LIBRARY/hack-packs/Infinite_Black_2_Unique_Assets/DexSprites/Machamp.png,2179,41516ac84bf1325c2c710fc881e95705bf4875d5b59c30f4623c0d6de8dd832a
DEX_SPRITE,DexSprites/Machoke.png,DS_CUSTOM_LIBRARY/hack-packs/Infinite_Black_2_Unique_Assets/DexSprites/Machoke.png,1843,e2b8f412a2d2f270e1b0b05752639ca21d921ecb4c0eeb49898f2d16bc032d4c
DEX_SPRITE,DexSprites/Machop.png,DS_CUSTOM_LIBRARY/hack-packs/Infinite_Black_2_Unique_Assets/DexSprites/Machop.png,1253,dac5463487af27e29c0e4a99eb02fc026f39f0e6175a8744f1042da869ce8350
DEX_SPRITE,DexSprites/Magby.png,DS_CUSTOM_LIBRARY/hack-packs/Infinite_Black_2_Unique_Assets/DexSprites/Magby.png,1019,73a8b9e90b6edab642d34677eb0cbd140411ba56263d710e56556211177360a2
DEX_SPRITE,DexSprites/Magcargo.png,DS_CUSTOM_LIBRARY/hack-packs/Infinite_Black_2_Unique_Assets/DexSprites/Magcargo.png,1754,ebaaa98b73f830a97dc5d3a09e6ed2897ca48fbc544d8ab833017b7410c29ee7
DEX_SPRITE,DexSprites/Magikarp.png,DS_CUSTOM_LIBRARY/hack-packs/Infinite_Black_2_Unique_Assets/DexSprites/Magikarp.png,1491,c9062d88c9fef5da11f370b5bc82f01dd6bdee3592091a17c0d3c4b9c61a74e8
DEX_SPRITE,DexSprites/Magmar.png,DS_CUSTOM_LIBRARY/hack-packs/Infinite_Black_2_Unique_Assets/DexSprites/Magmar.png,2044,b249d6db029bc900058183fe7d8a476bf1861500f462b73b069c786b5f39b10c
DEX_SPRITE,DexSprites/Magmortar.png,DS_CUSTOM_LIBRARY/hack-packs/Infinite_Black_2_Unique_Assets/DexSprites/Magmortar.png,2200,caee1a7f208fbddfa2e4591cd978d9f2101b5b494a968b6dfa1dd1e76a793439
DEX_SPRITE,DexSprites/Magnemite.png,DS_CUSTOM_LIBRARY/hack-packs/Infinite_Black_2_Unique_Assets/DexSprites/Magnemite.png,857,303548d03064ea2c57a8203b9b348c50e1a6dbad5afd37d30af3928ec096b258
DEX_SPRITE,DexSprites/Magneton.png,DS_CUSTOM_LIBRARY/hack-packs/Infinite_Black_2_Unique_Assets/DexSprites/Magneton.png,1833,21f3ca10c57f6cb7a749943b82c4f929c20cf9c9a2ccd9359fc6875dc7b7d0e6
DEX_SPRITE,DexSprites/Magnezone.png,DS_CUSTOM_LIBRARY/hack-packs/Infinite_Black_2_Unique_Assets/DexSprites/Magnezone.png,1515,903b04b5a760cf9063e5b0ae4f32181ab8706ff63d973c71e664216a1a83da70
DEX_SPRITE,DexSprites/Makuhita.png,DS_CUSTOM_LIBRARY/hack-packs/Infinite_Black_2_Unique_Assets/DexSprites/Makuhita.png,1284,7babf2513758a50b0a7ba150f9458dfa75834498fb2071bd9a9a4a2e01798558
DEX_SPRITE,DexSprites/Mamoswine.png,DS_CUSTOM_LIBRARY/hack-packs/Infinite_Black_2_Unique_Assets/DexSprites/Mamoswine.png,2144,56a0d367f951a80b6b89124076245f49a50f2af82e12571190fd57849a695ada
DEX_SPRITE,DexSprites/Manaphy.png,DS_CUSTOM_LIBRARY/hack-packs/Infinite_Black_2_Unique_Assets/DexSprites/Manaphy.png,1071,74255e3db1d88b5fd92e2a8230af97e78a11bcd768bcb2ce98bb1eade551340c
DEX_SPRITE,DexSprites/Mandibuzz.png,DS_CUSTOM_LIBRARY/hack-packs/Infinite_Black_2_Unique_Assets/DexSprites/Mandibuzz.png,1791,59c142db997a4ca7d7e363761bae9b5556f9bfb32ffe3de6625018117532468a
DEX_SPRITE,DexSprites/Manectric.png,DS_CUSTOM_LIBRARY/hack-packs/Infinite_Black_2_Unique_Assets/DexSprites/Manectric.png,1649,634956030585688ee504cd9f9e88f368d67e94fb7e039a61b964e16d09e544a5
DEX_SPRITE,DexSprites/Mankey.png,DS_CUSTOM_LIBRARY/hack-packs/Infinite_Black_2_Unique_Assets/DexSprites/Mankey.png,1424,2d01fee4d5024f4abeb3dd7c6c3fd79eef37f8669f1ec2499dcb6f2649b3f96e
DEX_SPRITE,DexSprites/Mantine.png,DS_CUSTOM_LIBRARY/hack-packs/Infinite_Black_2_Unique_Assets/DexSprites/Mantine.png,1254,68dfe9c03d3e8fb90227517857b43acbb1a555f1e3cbe359af9b97cd38a2cd25
DEX_SPRITE,DexSprites/Mantyke.png,DS_CUSTOM_LIBRARY/hack-packs/Infinite_Black_2_Unique_Assets/DexSprites/Mantyke.png,1190,433c72e42bc259a96861e15a7b5d31ab03cb1f51e2426d7ad8c9d4839eac0011
DEX_SPRITE,DexSprites/Maractus.png,DS_CUSTOM_LIBRARY/hack-packs/Infinite_Black_2_Unique_Assets/DexSprites/Maractus.png,1778,aeabb7b515f7f555f51f1e93ff3e9ecec9a745172f0cac0f7921140b37d2b0ab
DEX_SPRITE,DexSprites/Mareep.png,DS_CUSTOM_LIBRARY/hack-packs/Infinite_Black_2_Unique_Assets/DexSprites/Mareep.png,1120,0f52db8cd1b25fcca5ca9df2a3e908616d6cdd777e3b88d6fa0e80b1f1d025b2
DEX_SPRITE,DexSprites/Marill.png,DS_CUSTOM_LIBRARY/hack-packs/Infinite_Black_2_Unique_Assets/DexSprites/Marill.png,1052,823be28b1d079b411dfcd5af432aa3a728429dc8829974029f2a2a9504bf3a79
DEX_SPRITE,DexSprites/Marowak.png,DS_CUSTOM_LIBRARY/hack-packs/Infinite_Black_2_Unique_Assets/DexSprites/Marowak.png,1354,dd5d140372789ccc75beea2af7bbc111d67e1c5c375d3c91264013e12776b6da
DEX_SPRITE,DexSprites/Marshtomp.png,DS_CUSTOM_LIBRARY/hack-packs/Infinite_Black_2_Unique_Assets/DexSprites/Marshtomp.png,1362,7da118b96eb41dc9cfa5cfcdc726b6db4713a64dc60ac3706d3384641594c44c
DEX_SPRITE,DexSprites/Masquerain.png,DS_CUSTOM_LIBRARY/hack-packs/Infinite_Black_2_Unique_Assets/DexSprites/Masquerain.png,1534,7a9008f7748a7fbde367b080ab1235181c8149db6f6208635f596a0fb65fb6ee
DEX_SPRITE,DexSprites/Mawile.png,DS_CUSTOM_LIBRARY/hack-packs/Infinite_Black_2_Unique_Assets/DexSprites/Mawile.png,1535,5ba4ed2a306c0edacec1b50e126da1524950f576f48a1795c93d3ccd99fde23c
DEX_SPRITE,DexSprites/Medicham.png,DS_CUSTOM_LIBRARY/hack-packs/Infinite_Black_2_Unique_Assets/DexSprites/Medicham.png,1306,565ef84240e9e02bdde6f005c42c08dc7a860f45899f7fb41fef853d0cb00c5d
DEX_SPRITE,DexSprites/Meditite.png,DS_CUSTOM_LIBRARY/hack-packs/Infinite_Black_2_Unique_Assets/DexSprites/Meditite.png,1184,19d4944af9482acf5f11615e8706fc7b4c5dce9d34ec13551cf6bf3c5a9d5df4
DEX_SPRITE,DexSprites/Meganium.png,DS_CUSTOM_LIBRARY/hack-packs/Infinite_Black_2_Unique_Assets/DexSprites/Meganium.png,1895,bfa7406b5f15e2bb369177c5b3f8b396b03f0a541b86420a0d56bd4af64970e4
DEX_SPRITE,DexSprites/Meloetta (1).png,DS_CUSTOM_LIBRARY/hack-packs/Infinite_Black_2_Unique_Assets/DexSprites/Meloetta (1).png,1441,18ea94594b94c5512fcd3d9996fcd2eaa28fc587c19d4bfb1ef05ac2d3a6532d
DEX_SPRITE,DexSprites/Meloetta.png,DS_CUSTOM_LIBRARY/hack-packs/Infinite_Black_2_Unique_Assets/DexSprites/Meloetta.png,1333,203e104e5e4de488dcc5769ecbce99ee73fd52c234271816345bf62ae932d403
DEX_SPRITE,DexSprites/Meowth.png,DS_CUSTOM_LIBRARY/hack-packs/Infinite_Black_2_Unique_Assets/DexSprites/Meowth.png,1344,476cdb81d2ccc898c33cea6c6649ea635fe2509f580c952dd01b51d18860dccb
DEX_SPRITE,DexSprites/Mesprit.png,DS_CUSTOM_LIBRARY/hack-packs/Infinite_Black_2_Unique_Assets/DexSprites/Mesprit.png,1363,e108380f3530dd75caf76252fc967c44dac72f30b760b7629caad285e4af875c
DEX_SPRITE,DexSprites/Metagross.png,DS_CUSTOM_LIBRARY/hack-packs/Infinite_Black_2_Unique_Assets/DexSprites/Metagross.png,2113,3524a35a0e21c53b405a73afb988252f97fd7a1a90018730f678d1033969bc9a
DEX_SPRITE,DexSprites/Metang.png,DS_CUSTOM_LIBRARY/hack-packs/Infinite_Black_2_Unique_Assets/DexSprites/Metang.png,1890,a007770cc0ae8a348913a08c71800161067c2c38bfbe6e301e3c42a512591122
DEX_SPRITE,DexSprites/Metapod.png,DS_CUSTOM_LIBRARY/hack-packs/Infinite_Black_2_Unique_Assets/DexSprites/Metapod.png,887,6f15126a1e7b28e7ace4d3874aae7fa2bfe158ec8ad87acb9587a9b12ba80147
DEX_SPRITE,DexSprites/Mew.png,DS_CUSTOM_LIBRARY/hack-packs/Infinite_Black_2_Unique_Assets/DexSprites/Mew.png,1122,e17c1a79b4b27376f27ab1ec5ebb110bb279e82febc7b642cf57d3c3bb7fa41b
DEX_SPRITE,DexSprites/Mewtwo.png,DS_CUSTOM_LIBRARY/hack-packs/Infinite_Black_2_Unique_Assets/DexSprites/Mewtwo.png,1655,fafb2e7056e1ca5962d3dc73cdbb95629ef7aa49ad9b83159574d6f22e21ec9b
DEX_SPRITE,DexSprites/Mienfoo.png,DS_CUSTOM_LIBRARY/hack-packs/Infinite_Black_2_Unique_Assets/DexSprites/Mienfoo.png,1158,3c1def1d6b49494e35d628ad2148d9446f50ca2871de18cf16bc79f4b454be0d
DEX_SPRITE,DexSprites/Mienshao.png,DS_CUSTOM_LIBRARY/hack-packs/Infinite_Black_2_Unique_Assets/DexSprites/Mienshao.png,1661,f889cac6c539c305ea4ed42f33746c2cc7d705e5b76acc524afc8cf875c6c820
DEX_SPRITE,DexSprites/Mightyena.png,DS_CUSTOM_LIBRARY/hack-packs/Infinite_Black_2_Unique_Assets/DexSprites/Mightyena.png,1774,7d16c1215a571d5b4d1c3a0f5f56def89c66def6b90470d88ae3f41841766315
DEX_SPRITE,DexSprites/Milotic.png,DS_CUSTOM_LIBRARY/hack-packs/Infinite_Black_2_Unique_Assets/DexSprites/Milotic.png,2106,e923517a5bade771aa32af77e14ed74ef6e56a7f4167d17661249c35a5a19b11
DEX_SPRITE,DexSprites/Miltank.png,DS_CUSTOM_LIBRARY/hack-packs/Infinite_Black_2_Unique_Assets/DexSprites/Miltank.png,1455,b6748afc48933f93b8859919404e30c86ed3bbf655a2064ee1f5d266466b7108
DEX_SPRITE,DexSprites/Mime Jr..png,DS_CUSTOM_LIBRARY/hack-packs/Infinite_Black_2_Unique_Assets/DexSprites/Mime Jr..png,1153,0e9031e11be6309c956b584f0974b2ee80454bd1f1f8e73db093b553a7adf7d9
DEX_SPRITE,DexSprites/Minccino.png,DS_CUSTOM_LIBRARY/hack-packs/Infinite_Black_2_Unique_Assets/DexSprites/Minccino.png,1388,1c9f23bcb3fda882d988bfff2e7d805617dd14ac67b17bf447a2e20827094f29
DEX_SPRITE,DexSprites/Minior (1).png,DS_CUSTOM_LIBRARY/hack-packs/Infinite_Black_2_Unique_Assets/DexSprites/Minior (1).png,910,f514e2fa2c08f8a0f1884b1ba083a2ee86a501d7375880c21607052a831daced
DEX_SPRITE,DexSprites/Minior (10).png,DS_CUSTOM_LIBRARY/hack-packs/Infinite_Black_2_Unique_Assets/DexSprites/Minior (10).png,1039,43892903551c6fe3fa4dafe3d8e211b85609793a9e81f5c9b987854159ae12c5
DEX_SPRITE,DexSprites/Minior (11).png,DS_CUSTOM_LIBRARY/hack-packs/Infinite_Black_2_Unique_Assets/DexSprites/Minior (11).png,858,3be1fe702db0100cea581a5a9ed93a710d2c8e3e1a34d7a98ee267a54085efd8
DEX_SPRITE,DexSprites/Minior (13).png,DS_CUSTOM_LIBRARY/hack-packs/Infinite_Black_2_Unique_Assets/DexSprites/Minior (13).png,868,cbf8761cf9bce9d3649f21d2a85810820fc2cf64411c1c11b79b3c23b36a099c
DEX_SPRITE,DexSprites/Minior (3).png,DS_CUSTOM_LIBRARY/hack-packs/Infinite_Black_2_Unique_Assets/DexSprites/Minior (3).png,976,72050c32ba873f3db656389d32f9ba6fd63842da4614be8c6c7ae517df629692
DEX_SPRITE,DexSprites/Minior (5).png,DS_CUSTOM_LIBRARY/hack-packs/Infinite_Black_2_Unique_Assets/DexSprites/Minior (5).png,921,65f9d2d2d5677eca441e45f3b9994937423ef544f9715825405970eacd2102fa
DEX_SPRITE,DexSprites/Minior (7).png,DS_CUSTOM_LIBRARY/hack-packs/Infinite_Black_2_Unique_Assets/DexSprites/Minior (7).png,908,3041b2692a5ecf35dc5f757105a5885afab61a07ab4dea27a248b62ae4fd6757
DEX_SPRITE,DexSprites/Minior (9).png,DS_CUSTOM_LIBRARY/hack-packs/Infinite_Black_2_Unique_Assets/DexSprites/Minior (9).png,943,3cb7072dc5be3dff57d3ccba453048de107c4cd53e6b8d0ccac4bf83c0b4d8a6
DEX_SPRITE,DexSprites/Minun.png,DS_CUSTOM_LIBRARY/hack-packs/Infinite_Black_2_Unique_Assets/DexSprites/Minun.png,927,dbcb34c186e9581c8dcc187a07459f8a77042e71309089f9f68507a039f125d4
DEX_SPRITE,DexSprites/Misdreavus.png,DS_CUSTOM_LIBRARY/hack-packs/Infinite_Black_2_Unique_Assets/DexSprites/Misdreavus.png,1185,aca45ad8fa55304e666b2c8b3655fa6a485ff56ac78725cc8dd05fc363d45298
DEX_SPRITE,DexSprites/Mismagius.png,DS_CUSTOM_LIBRARY/hack-packs/Infinite_Black_2_Unique_Assets/DexSprites/Mismagius.png,1482,45deba55d587450464ec5575b2134bf19c5bdbcbebf2174c6ba1a92e383f0295
DEX_SPRITE,DexSprites/Moltres.png,DS_CUSTOM_LIBRARY/hack-packs/Infinite_Black_2_Unique_Assets/DexSprites/Moltres.png,2178,d37a60d4964a28f0544eb7a42e099ae9e8287e7a4bc1a0aa24c41db678c4c83e
DEX_SPRITE,DexSprites/Monferno.png,DS_CUSTOM_LIBRARY/hack-packs/Infinite_Black_2_Unique_Assets/DexSprites/Monferno.png,1573,d5e662598cbb7823893ccd8d74ec3b754d68018ac9304edd9ecfa80b34986c4c
DEX_SPRITE,DexSprites/Mothim.png,DS_CUSTOM_LIBRARY/hack-packs/Infinite_Black_2_Unique_Assets/DexSprites/Mothim.png,1533,f8f566b49c046cc1f448a9ccbc180df2ac57dd1e71718366847d001a04b772cc
DEX_SPRITE,DexSprites/Mr. Mime.png,DS_CUSTOM_LIBRARY/hack-packs/Infinite_Black_2_Unique_Assets/DexSprites/Mr. Mime.png,1673,4456c5b7eefaec07cf5452a27f6c11b7cb412f989aea531e51818fee3072f4b0
DEX_SPRITE,DexSprites/Mudkip.png,DS_CUSTOM_LIBRARY/hack-packs/Infinite_Black_2_Unique_Assets/DexSprites/Mudkip.png,1068,72813c01151167d12b36458fd6f768526cfe50fe07b4124f325525b691a0185d
DEX_SPRITE,DexSprites/Muk.png,DS_CUSTOM_LIBRARY/hack-packs/Infinite_Black_2_Unique_Assets/DexSprites/Muk.png,1766,1ae4a4303aca40ffe48d32531b3878bacdd2acd55060ffa62880d0e018d5bdc1
DEX_SPRITE,DexSprites/Munchlax.png,DS_CUSTOM_LIBRARY/hack-packs/Infinite_Black_2_Unique_Assets/DexSprites/Munchlax.png,1100,c1d68209882f40904da54c07f1edff83f082f153d9e793100a31631eeaeeb900
DEX_SPRITE,DexSprites/Munna.png,DS_CUSTOM_LIBRARY/hack-packs/Infinite_Black_2_Unique_Assets/DexSprites/Munna.png,843,7dd4c14c744c5d7c84b05f30da75052fef81f848a3d7186821d58d475c975ee5
DEX_SPRITE,DexSprites/Murkrow.png,DS_CUSTOM_LIBRARY/hack-packs/Infinite_Black_2_Unique_Assets/DexSprites/Murkrow.png,1084,72d130ec1ee44a9ffd395a60b70368338bdbfd725012d6b75799a5f3fadb1a35
DEX_SPRITE,DexSprites/Musharna.png,DS_CUSTOM_LIBRARY/hack-packs/Infinite_Black_2_Unique_Assets/DexSprites/Musharna.png,1286,2f272918552b455289e1fbe11dca6ba44c83bfc0218478f6cabb7491056a7eb2
DEX_SPRITE,DexSprites/Natu.png,DS_CUSTOM_LIBRARY/hack-packs/Infinite_Black_2_Unique_Assets/DexSprites/Natu.png,893,fbe6be06e6efe2eb33fc29129ee00cabd57e0885eb4040d3b36fb4af2169e282
DEX_SPRITE,DexSprites/Nidoking.png,DS_CUSTOM_LIBRARY/hack-packs/Infinite_Black_2_Unique_Assets/DexSprites/Nidoking.png,2237,58b13ed193b18647fa5aa5fc57f5c6e7aae46a731d0382ee484f20d576f0d28e
DEX_SPRITE,DexSprites/Nidoqueen.png,DS_CUSTOM_LIBRARY/hack-packs/Infinite_Black_2_Unique_Assets/DexSprites/Nidoqueen.png,1933,a0470789e3ff809a4ca72871d0f4b1a295479b0ba7d798442da93ec323af7c78
DEX_SPRITE,DexSprites/Nidoran F.png,DS_CUSTOM_LIBRARY/hack-packs/Infinite_Black_2_Unique_Assets/DexSprites/Nidoran F.png,1015,a6ae9e2e117f88afe765e3fc06f43600930b9282827257b7e74d30dee728ad2c
DEX_SPRITE,DexSprites/Nidoran M.png,DS_CUSTOM_LIBRARY/hack-packs/Infinite_Black_2_Unique_Assets/DexSprites/Nidoran M.png,1065,7d2df1ce97e6689eba8a9c7e366d61b81622e70c48c6ac4d955c8a8926ca36f9
DEX_SPRITE,DexSprites/Nidorina.png,DS_CUSTOM_LIBRARY/hack-packs/Infinite_Black_2_Unique_Assets/DexSprites/Nidorina.png,1380,a7ed1c48005c22e7fc4ea4da7ddc48f9d6f7064c317c9fe0531c9e39d92ccc40
DEX_SPRITE,DexSprites/Nidorino.png,DS_CUSTOM_LIBRARY/hack-packs/Infinite_Black_2_Unique_Assets/DexSprites/Nidorino.png,1469,94fc84598e9b27efedb53d8f8a09dd9cfdcf88efb203639f12496aa223ec8493
DEX_SPRITE,DexSprites/Nincada.png,DS_CUSTOM_LIBRARY/hack-packs/Infinite_Black_2_Unique_Assets/DexSprites/Nincada.png,1085,281ed51dacfbd9ad53edca5915e76196d6081b890bf1064145028da42287079c
DEX_SPRITE,DexSprites/Ninetales (1).png,DS_CUSTOM_LIBRARY/hack-packs/Infinite_Black_2_Unique_Assets/DexSprites/Ninetales (1).png,1995,37dd98286cb569fac8efa74713fcddede24188969e56152633928ecb09f0fe47
DEX_SPRITE,DexSprites/Ninetales.png,DS_CUSTOM_LIBRARY/hack-packs/Infinite_Black_2_Unique_Assets/DexSprites/Ninetales.png,2002,183630049c39ab3d8994a8e53355e473bd09e928a0c3e59639fc9e151caf6fa3
DEX_SPRITE,DexSprites/Ninjask.png,DS_CUSTOM_LIBRARY/hack-packs/Infinite_Black_2_Unique_Assets/DexSprites/Ninjask.png,1467,fa1081dc9a6f1bfedd272838a9e4dcef04542f29b235a663c467ff0e151a344d
DEX_SPRITE,DexSprites/Noctowl.png,DS_CUSTOM_LIBRARY/hack-packs/Infinite_Black_2_Unique_Assets/DexSprites/Noctowl.png,1380,403f9ab58a950fccbe8e114f04077b30edd71909dc9dca4970c9f3c7830ddfde
DEX_SPRITE,DexSprites/Nosepass.png,DS_CUSTOM_LIBRARY/hack-packs/Infinite_Black_2_Unique_Assets/DexSprites/Nosepass.png,1160,3213d708211236807cae52077ef161f9ddc5bc0d65cc4441046f40a3e9a298ee
DEX_SPRITE,DexSprites/Numel.png,DS_CUSTOM_LIBRARY/hack-packs/Infinite_Black_2_Unique_Assets/DexSprites/Numel.png,1115,d30c8849ff1f2862b0eb3dfc71e7179fe03e211d5d6e749d82ddeaf79e73185d
DEX_SPRITE,DexSprites/Nuzleaf.png,DS_CUSTOM_LIBRARY/hack-packs/Infinite_Black_2_Unique_Assets/DexSprites/Nuzleaf.png,1316,f93218bded22edff6e0a157842b8d9cd74b579550b0ec10ed61a0e8a53022b24
DEX_SPRITE,DexSprites/Octillery.png,DS_CUSTOM_LIBRARY/hack-packs/Infinite_Black_2_Unique_Assets/DexSprites/Octillery.png,1221,51cdd4da0e69a0a85bb9f2e5abbbae5cad6d3da851db0ab75503b038c22525a3
DEX_SPRITE,DexSprites/Oddish.png,DS_CUSTOM_LIBRARY/hack-packs/Infinite_Black_2_Unique_Assets/DexSprites/Oddish.png,939,0d910a50ff0612dc82b784fc5d15eccf7e55dad40a6dda944b286edbb32c81da
DEX_SPRITE,DexSprites/Omanyte.png,DS_CUSTOM_LIBRARY/hack-packs/Infinite_Black_2_Unique_Assets/DexSprites/Omanyte.png,1059,c859a99f3964a5c980c25e1def06db8b7c098d5fa8168651045160a92830d882
DEX_SPRITE,DexSprites/Omastar.png,DS_CUSTOM_LIBRARY/hack-packs/Infinite_Black_2_Unique_Assets/DexSprites/Omastar.png,1460,66d5eca59eaced0d1574291a74605bc479095f56de62f67eed358536dba5efd7
DEX_SPRITE,DexSprites/Onix.png,DS_CUSTOM_LIBRARY/hack-packs/Infinite_Black_2_Unique_Assets/DexSprites/Onix.png,2165,807a57792f4b74071eb11f0de76559eab7c9885823527aceff9ee4063bf364f5
DEX_SPRITE,DexSprites/Oshawott.png,DS_CUSTOM_LIBRARY/hack-packs/Infinite_Black_2_Unique_Assets/DexSprites/Oshawott.png,957,cac5f27dde24a1f65eea76ffe6e7d93d92be2355a15f0ecf1177646dbad4406f
DEX_SPRITE,DexSprites/Pachirisu.png,DS_CUSTOM_LIBRARY/hack-packs/Infinite_Black_2_Unique_Assets/DexSprites/Pachirisu.png,1100,04d91a55a924a3313221b5a50d3b27091358cec4b79e2532be33df5965a5efc7
DEX_SPRITE,DexSprites/Palkia.png,DS_CUSTOM_LIBRARY/hack-packs/Infinite_Black_2_Unique_Assets/DexSprites/Palkia.png,2477,0aaf2a5147b73d45d49574a3173916c56db9c0664a5575b695983fb84d937285
DEX_SPRITE,DexSprites/Palpitoad.png,DS_CUSTOM_LIBRARY/hack-packs/Infinite_Black_2_Unique_Assets/DexSprites/Palpitoad.png,1253,f0aacf5eaf866f76838eb48f47dd558e083567b1aff3ae52c32a803f859e2f1b
DEX_SPRITE,DexSprites/Panpour.png,DS_CUSTOM_LIBRARY/hack-packs/Infinite_Black_2_Unique_Assets/DexSprites/Panpour.png,1282,e3e68844d9287d38fa7955ca71bd9776ead7bcf6763161d32ad8e5b57c17ea97
DEX_SPRITE,DexSprites/Pansage.png,DS_CUSTOM_LIBRARY/hack-packs/Infinite_Black_2_Unique_Assets/DexSprites/Pansage.png,1263,8157c0c5a76043b33fa7dc5f0ca648fc2924165c8d574508d65e42a6a5fb0a3d
DEX_SPRITE,DexSprites/Pansear.png,DS_CUSTOM_LIBRARY/hack-packs/Infinite_Black_2_Unique_Assets/DexSprites/Pansear.png,1181,710626932cbf927865253f8ebba26183103deb57cb7237f56a05aa89916826b4
DEX_SPRITE,DexSprites/Paras.png,DS_CUSTOM_LIBRARY/hack-packs/Infinite_Black_2_Unique_Assets/DexSprites/Paras.png,1235,7149d5957fe4fa92ac71294cef57865a6ba3002f88585ccfa4ede9336f03d6db
DEX_SPRITE,DexSprites/Parasect.png,DS_CUSTOM_LIBRARY/hack-packs/Infinite_Black_2_Unique_Assets/DexSprites/Parasect.png,1448,3dd60b5b9dcbed366e76d08f274b6cfec3ef096f6e27724ef9a6b9cd568d8f61
DEX_SPRITE,DexSprites/Patrat.png,DS_CUSTOM_LIBRARY/hack-packs/Infinite_Black_2_Unique_Assets/DexSprites/Patrat.png,1205,6933aceffc127607c3a1c3bfc207981d4819eb4179dafb323ce41bdebbad946d
DEX_SPRITE,DexSprites/Pawniard.png,DS_CUSTOM_LIBRARY/hack-packs/Infinite_Black_2_Unique_Assets/DexSprites/Pawniard.png,1261,8699ffb423630daeba744d1dfdfc8c7f61f1a7d07d838a0b6080023389b21195
DEX_SPRITE,DexSprites/Pelipper.png,DS_CUSTOM_LIBRARY/hack-packs/Infinite_Black_2_Unique_Assets/DexSprites/Pelipper.png,1467,af5ad4d62453cf9059c30fd3eb665fa71e0178478a3986cf832688220917dabd
DEX_SPRITE,DexSprites/Persian.png,DS_CUSTOM_LIBRARY/hack-packs/Infinite_Black_2_Unique_Assets/DexSprites/Persian.png,1584,7cacf353618ac0e782b7724fa4df2648d7b1fb26b615d9570cef26cadb2ce6d5
DEX_SPRITE,DexSprites/Petilil.png,DS_CUSTOM_LIBRARY/hack-packs/Infinite_Black_2_Unique_Assets/DexSprites/Petilil.png,985,8341523ab6f77096f1a859ae80abd568c4c8382a4db24f542298565d92d0ad8b
DEX_SPRITE,DexSprites/Phanpy.png,DS_CUSTOM_LIBRARY/hack-packs/Infinite_Black_2_Unique_Assets/DexSprites/Phanpy.png,944,f3111a1777f30d8c4b5a52e480eedfb1921011adfc03f651951b9e791c9598bd
DEX_SPRITE,DexSprites/Phione.png,DS_CUSTOM_LIBRARY/hack-packs/Infinite_Black_2_Unique_Assets/DexSprites/Phione.png,1118,b01353866914b4a1add7dd7ebc48385c99b973622251fdf86340a6b648ba1352
DEX_SPRITE,DexSprites/Pichu.png,DS_CUSTOM_LIBRARY/hack-packs/Infinite_Black_2_Unique_Assets/DexSprites/Pichu.png,919,ddf5f2489c34dec03cb4a15d2f0542aad92ed3f74fed21c06582ecbea79df8b9
DEX_SPRITE,DexSprites/Pidgeot.png,DS_CUSTOM_LIBRARY/hack-packs/Infinite_Black_2_Unique_Assets/DexSprites/Pidgeot.png,1705,310290f164afcd293dcaa795b435e889d1116fa8f854b3ed9ec05c6eacf5c0d0
DEX_SPRITE,DexSprites/Pidgeotto.png,DS_CUSTOM_LIBRARY/hack-packs/Infinite_Black_2_Unique_Assets/DexSprites/Pidgeotto.png,2185,73043de1fcb3029e07c3fc48f5d9db7aec72dac85d0e6f2b19c022abe1e2f0e5
DEX_SPRITE,DexSprites/Pidgey.png,DS_CUSTOM_LIBRARY/hack-packs/Infinite_Black_2_Unique_Assets/DexSprites/Pidgey.png,1046,e34f6960e2d1befa7a2242a779d70e58a91edd5bf24b596ee2e96e0f03cf80b9
DEX_SPRITE,DexSprites/Pidove.png,DS_CUSTOM_LIBRARY/hack-packs/Infinite_Black_2_Unique_Assets/DexSprites/Pidove.png,985,6da0e5883cef7c794185ad371596a7b90475b7e3143cdb5c2fc36505a89977db
DEX_SPRITE,DexSprites/Pignite.png,DS_CUSTOM_LIBRARY/hack-packs/Infinite_Black_2_Unique_Assets/DexSprites/Pignite.png,1595,399481461e205e8220bbbab6f369092fa511003343447e49cdd543e7a104db5f
DEX_SPRITE,DexSprites/Pikachu.png,DS_CUSTOM_LIBRARY/hack-packs/Infinite_Black_2_Unique_Assets/DexSprites/Pikachu.png,1157,f16834d366503a36e0088d716d8027750551e2a6aada3f1d33aae11b03bce158
DEX_SPRITE,DexSprites/Piloswine.png,DS_CUSTOM_LIBRARY/hack-packs/Infinite_Black_2_Unique_Assets/DexSprites/Piloswine.png,1338,f6bec94faefb55952b833cf45f144a88abb4ece3f0c1b1bb46217179c3bf817d
DEX_SPRITE,DexSprites/Pineco.png,DS_CUSTOM_LIBRARY/hack-packs/Infinite_Black_2_Unique_Assets/DexSprites/Pineco.png,1170,73e34387cbcfe04a913dfa47a94a93d8589f10881805add5c97eb004be754ce8
DEX_SPRITE,DexSprites/Pinsir.png,DS_CUSTOM_LIBRARY/hack-packs/Infinite_Black_2_Unique_Assets/DexSprites/Pinsir.png,1834,9324751690fcae2193b1d72976a1e64bf498d7278245400fa284a22208dd2a65
DEX_SPRITE,DexSprites/Piplup.png,DS_CUSTOM_LIBRARY/hack-packs/Infinite_Black_2_Unique_Assets/DexSprites/Piplup.png,978,1a123cf6d1ed3adbdd2771082c26f6a2dcef088e5c307793aa21f2faa362f600
DEX_SPRITE,DexSprites/Plusle.png,DS_CUSTOM_LIBRARY/hack-packs/Infinite_Black_2_Unique_Assets/DexSprites/Plusle.png,983,93cdabf317feff329ebc5042c086c4ffb008493c9a98e8a2ccd8088f6418894d
DEX_SPRITE,DexSprites/Politoed.png,DS_CUSTOM_LIBRARY/hack-packs/Infinite_Black_2_Unique_Assets/DexSprites/Politoed.png,1336,7d949308c5cd06a034d7417919bcf7b894bfaf257e9ad9961931af17af71a32e
DEX_SPRITE,DexSprites/Poliwag.png,DS_CUSTOM_LIBRARY/hack-packs/Infinite_Black_2_Unique_Assets/DexSprites/Poliwag.png,1174,97e91793a3d2554fa47633d862f3eb15c5dc89b9befc966f8f4b056fdfaeb2e0
DEX_SPRITE,DexSprites/Poliwhirl.png,DS_CUSTOM_LIBRARY/hack-packs/Infinite_Black_2_Unique_Assets/DexSprites/Poliwhirl.png,1461,44b3bb428bb6822fe58647532aa4a20abbfd26ee649f5e7a13e7556765a47cda
DEX_SPRITE,DexSprites/Poliwrath.png,DS_CUSTOM_LIBRARY/hack-packs/Infinite_Black_2_Unique_Assets/DexSprites/Poliwrath.png,1746,7821c717e923c12b69265fcab0391aee206bd0603d19debf7bf7d599ce3e0091
DEX_SPRITE,DexSprites/Ponyta.png,DS_CUSTOM_LIBRARY/hack-packs/Infinite_Black_2_Unique_Assets/DexSprites/Ponyta.png,1516,38aa2c5f444e893bce080014accde8f1da73617083d777bdbde4db54559c7098
DEX_SPRITE,DexSprites/Poochyena.png,DS_CUSTOM_LIBRARY/hack-packs/Infinite_Black_2_Unique_Assets/DexSprites/Poochyena.png,1158,847c1af8c1e5824841cb603b7d0367a41e0ebbbcc3aeea178f52f76d0bb3c54b
DEX_SPRITE,DexSprites/Porygon-Z.png,DS_CUSTOM_LIBRARY/hack-packs/Infinite_Black_2_Unique_Assets/DexSprites/Porygon-Z.png,1083,9a42aa6088b466aaaec80cc6d4c555946270d04d4f253a8711df6c905631a84e
DEX_SPRITE,DexSprites/Porygon.png,DS_CUSTOM_LIBRARY/hack-packs/Infinite_Black_2_Unique_Assets/DexSprites/Porygon.png,1043,fb1c43d3c3fc448ad33c0d7ed8053e7a04c9ebf6501b8665974120173fc305fd
DEX_SPRITE,DexSprites/Porygon2.png,DS_CUSTOM_LIBRARY/hack-packs/Infinite_Black_2_Unique_Assets/DexSprites/Porygon2.png,894,8263ae315240f89fbecd7156b45923fb07314cd9b4cd7fa617eee00de84b105a
DEX_SPRITE,DexSprites/Primeape.png,DS_CUSTOM_LIBRARY/hack-packs/Infinite_Black_2_Unique_Assets/DexSprites/Primeape.png,1685,7579e7e060b4ec2edf2b3bf1d8a96e5137683fbd682c80caed3a4b22006fc3ad
DEX_SPRITE,DexSprites/Prinplup.png,DS_CUSTOM_LIBRARY/hack-packs/Infinite_Black_2_Unique_Assets/DexSprites/Prinplup.png,1408,5f292cb80212de42d1d980473b682fba0aede4539eadb28d5b456a638d150412
DEX_SPRITE,DexSprites/Probopass.png,DS_CUSTOM_LIBRARY/hack-packs/Infinite_Black_2_Unique_Assets/DexSprites/Probopass.png,1564,1f0fb0ffa8526a917e9a89d29a9e183d7003cc3b8c91c5e5689eeea57566f163
DEX_SPRITE,DexSprites/Psyduck.png,DS_CUSTOM_LIBRARY/hack-packs/Infinite_Black_2_Unique_Assets/DexSprites/Psyduck.png,996,28ca4a8abeac3cfe69067ffdd422bff2de07bf73f8467b4883635da25695f06b
DEX_SPRITE,DexSprites/Pupitar.png,DS_CUSTOM_LIBRARY/hack-packs/Infinite_Black_2_Unique_Assets/DexSprites/Pupitar.png,1068,43cd7c70983d3da101feab4f24e4e291a00d86b7c56efa645670b764edc7950b
DEX_SPRITE,DexSprites/Purrloin.png,DS_CUSTOM_LIBRARY/hack-packs/Infinite_Black_2_Unique_Assets/DexSprites/Purrloin.png,1115,27cf6136e6e102f78ccfeabb97f59ececd2014fdfc892feb790dde691fdcb531
DEX_SPRITE,DexSprites/Purugly.png,DS_CUSTOM_LIBRARY/hack-packs/Infinite_Black_2_Unique_Assets/DexSprites/Purugly.png,1802,ccb596a3ce7e3a7a1d03c0d0910f997c25b9c617bcb2b51982488645defa17c9
DEX_SPRITE,DexSprites/Quagsire.png,DS_CUSTOM_LIBRARY/hack-packs/Infinite_Black_2_Unique_Assets/DexSprites/Quagsire.png,1267,8bcd7c73efb238e8a1e610a7bd0542e07c5da9863ec9e6c7baa7d47ab222dcc0
DEX_SPRITE,DexSprites/Quilava.png,DS_CUSTOM_LIBRARY/hack-packs/Infinite_Black_2_Unique_Assets/DexSprites/Quilava.png,1538,ed018a372b96ffdb12f214511bddf18f6f76c5ac4cee56f0d4dd415d844ea608
DEX_SPRITE,DexSprites/Qwilfish.png,DS_CUSTOM_LIBRARY/hack-packs/Infinite_Black_2_Unique_Assets/DexSprites/Qwilfish.png,1064,540e9775b936d15629f8a633486746129ffff8a63996c72c76719cd563f26252
DEX_SPRITE,DexSprites/Raichu.png,DS_CUSTOM_LIBRARY/hack-packs/Infinite_Black_2_Unique_Assets/DexSprites/Raichu.png,1622,bf71b83591905f3c01fbbc82a60f6e5ef63b994f047d68796ae308a463387e06
DEX_SPRITE,DexSprites/Raikou.png,DS_CUSTOM_LIBRARY/hack-packs/Infinite_Black_2_Unique_Assets/DexSprites/Raikou.png,2170,c1bc9b63db1bc2550a3997afdf455d2fa19091603b6259a0a92d68994d539050
DEX_SPRITE,DexSprites/Ralts.png,DS_CUSTOM_LIBRARY/hack-packs/Infinite_Black_2_Unique_Assets/DexSprites/Ralts.png,900,6bc642eba7e7e276725d8d961df51edaf73f5643a3a15e69709f6f0a0393c99f
DEX_SPRITE,DexSprites/Rampardos.png,DS_CUSTOM_LIBRARY/hack-packs/Infinite_Black_2_Unique_Assets/DexSprites/Rampardos.png,1945,8e85f0d8d9634e2117ec5a9553127cf2b03fc0225e59e15461b3c37563fdaa9d
DEX_SPRITE,DexSprites/Rapidash.png,DS_CUSTOM_LIBRARY/hack-packs/Infinite_Black_2_Unique_Assets/DexSprites/Rapidash.png,2364,05e4001e9ec4dd79b7a37e628ef92678e049049129973f933e4e8bfbccf7400c
DEX_SPRITE,DexSprites/Raticate.png,DS_CUSTOM_LIBRARY/hack-packs/Infinite_Black_2_Unique_Assets/DexSprites/Raticate.png,1600,6dbc8a98a7428134f4ce74a0f6c082f44353be13aa6f6deba8daef137b9c48f3
DEX_SPRITE,DexSprites/Rattata.png,DS_CUSTOM_LIBRARY/hack-packs/Infinite_Black_2_Unique_Assets/DexSprites/Rattata.png,1038,34e5f4b3ad3cd50b969a62b74f798319cf7c3e207717abb1c8677455db2d011f
DEX_SPRITE,DexSprites/Rayquaza.png,DS_CUSTOM_LIBRARY/hack-packs/Infinite_Black_2_Unique_Assets/DexSprites/Rayquaza.png,2589,72aea43f68cb9d6e7d1985bce90baa18f2e261ec35fb994f009c33a67b259aeb
DEX_SPRITE,DexSprites/Regice.png,DS_CUSTOM_LIBRARY/hack-packs/Infinite_Black_2_Unique_Assets/DexSprites/Regice.png,1950,31c51c1e0f8924b95fcef24de574a41c0a40f950012f86abe28cb13026d7cf54
DEX_SPRITE,DexSprites/Regigigas.png,DS_CUSTOM_LIBRARY/hack-packs/Infinite_Black_2_Unique_Assets/DexSprites/Regigigas.png,2487,dd51081fda7cb3d58cb92eddf0ef26d3464fe3dafe3ae2a5e1b204a84fd3d18a
DEX_SPRITE,DexSprites/Regirock.png,DS_CUSTOM_LIBRARY/hack-packs/Infinite_Black_2_Unique_Assets/DexSprites/Regirock.png,2228,39db8fc9a9fc2673b5e9c26f359586be657a893133d7f79f33d58eab2c62da4b
DEX_SPRITE,DexSprites/Registeel.png,DS_CUSTOM_LIBRARY/hack-packs/Infinite_Black_2_Unique_Assets/DexSprites/Registeel.png,1940,b9e628e75b4d456d2ee8b5f959ccdbd23780ce9422189d0ed251839fb14992c1
DEX_SPRITE,DexSprites/Relicanth.png,DS_CUSTOM_LIBRARY/hack-packs/Infinite_Black_2_Unique_Assets/DexSprites/Relicanth.png,1398,a2737ef5e623e3ae0a53c0d6f7497428750c1cc1fc6db7e93def1d8c5bed7bcc
DEX_SPRITE,DexSprites/Remoraid.png,DS_CUSTOM_LIBRARY/hack-packs/Infinite_Black_2_Unique_Assets/DexSprites/Remoraid.png,1010,be04ebe7b122448bb0987c80d8bb48b849ac1787b7a36bb9ec39bf4ebbe79970
DEX_SPRITE,DexSprites/Reshiram.png,DS_CUSTOM_LIBRARY/hack-packs/Infinite_Black_2_Unique_Assets/DexSprites/Reshiram.png,3069,97e10d1bce91327f8b14007e8d8d6b19d63676d51ba445bca1a5b19c8906142d
DEX_SPRITE,DexSprites/Reuniclus.png,DS_CUSTOM_LIBRARY/hack-packs/Infinite_Black_2_Unique_Assets/DexSprites/Reuniclus.png,1749,30112cc80e7105d514cb026c3d2889c1d33e055f3ebc52546900cb9348a69e6d
DEX_SPRITE,DexSprites/Rhydon.png,DS_CUSTOM_LIBRARY/hack-packs/Infinite_Black_2_Unique_Assets/DexSprites/Rhydon.png,2033,ac31c6e341e45fe5a98954ba944c61a9dfecf5e0ae3533232b326c70fa0f4908
DEX_SPRITE,DexSprites/Rhyhorn.png,DS_CUSTOM_LIBRARY/hack-packs/Infinite_Black_2_Unique_Assets/DexSprites/Rhyhorn.png,1676,3eacbe3bc1d99653b7898edc32591c3c54facedf37c3e5b8163a3884d6279bec
DEX_SPRITE,DexSprites/Rhyperior.png,DS_CUSTOM_LIBRARY/hack-packs/Infinite_Black_2_Unique_Assets/DexSprites/Rhyperior.png,2543,1c89590fb68ef8e77998690b25737ccc6a88ed667e541660c64b6c40dd693516
DEX_SPRITE,DexSprites/Ribombee.png,DS_CUSTOM_LIBRARY/hack-packs/Infinite_Black_2_Unique_Assets/DexSprites/Ribombee.png,1144,fa89146640b155be24ef3431428d8656aee7cbc2458a5c5f7b655d4233caf1ca
DEX_SPRITE,DexSprites/Riolu.png,DS_CUSTOM_LIBRARY/hack-packs/Infinite_Black_2_Unique_Assets/DexSprites/Riolu.png,1141,a0133591ba6eb0458f7f44aad88be08ac9359049876cb2fbbe4bc1e18cf3b144
DEX_SPRITE,DexSprites/Roggenrola.png,DS_CUSTOM_LIBRARY/hack-packs/Infinite_Black_2_Unique_Assets/DexSprites/Roggenrola.png,827,3d755eeaa045d959f76fd6989990991ca5faa87a50018ab592914af034bb1be8
DEX_SPRITE,DexSprites/Roselia.png,DS_CUSTOM_LIBRARY/hack-packs/Infinite_Black_2_Unique_Assets/DexSprites/Roselia.png,1343,a65538a2c9c88e6c55b2c24c759b64ba017fb38f7db481f40d73d38db574352c
DEX_SPRITE,DexSprites/Roserade.png,DS_CUSTOM_LIBRARY/hack-packs/Infinite_Black_2_Unique_Assets/DexSprites/Roserade.png,1616,64537ddfde95282d3906037c696d0af48770e73ed33d26e2969d2c1ddec5e643
DEX_SPRITE,DexSprites/Rotom (1).png,DS_CUSTOM_LIBRARY/hack-packs/Infinite_Black_2_Unique_Assets/DexSprites/Rotom (1).png,1481,621419117895e68f469ed01e6dc4f04b3eb1811971f52da88e7be8fc857454e5
DEX_SPRITE,DexSprites/Rotom (2).png,DS_CUSTOM_LIBRARY/hack-packs/Infinite_Black_2_Unique_Assets/DexSprites/Rotom (2).png,1769,da7491a5aecd1b95f95f887a583d8b7f74ab77baa97c211a200484cc1ffeba91
DEX_SPRITE,DexSprites/Rotom (3).png,DS_CUSTOM_LIBRARY/hack-packs/Infinite_Black_2_Unique_Assets/DexSprites/Rotom (3).png,1690,3c83fec88e460b3c8367212de97aaf2cd8872cf212883089e344b909cde7a1f2
DEX_SPRITE,DexSprites/Rotom (4).png,DS_CUSTOM_LIBRARY/hack-packs/Infinite_Black_2_Unique_Assets/DexSprites/Rotom (4).png,1564,94fe0d2e1de85eaa75250a1896b647dfc7c23b7e8442d50340c64ba86949bb29
DEX_SPRITE,DexSprites/Rotom (5).png,DS_CUSTOM_LIBRARY/hack-packs/Infinite_Black_2_Unique_Assets/DexSprites/Rotom (5).png,1475,b7b04d99c79289ffcc9d4ff0bedf97686873a978e9feb333f6a3f8b144c20248
DEX_SPRITE,DexSprites/Rotom.png,DS_CUSTOM_LIBRARY/hack-packs/Infinite_Black_2_Unique_Assets/DexSprites/Rotom.png,1082,d88bdc5bd8c20e8f61b810dc8e536836c8b4ccd2e76c75c7f3034a93076b638c
DEX_SPRITE,DexSprites/Rowlet.png,DS_CUSTOM_LIBRARY/hack-packs/Infinite_Black_2_Unique_Assets/DexSprites/Rowlet.png,950,72704cc92cc8a6287077656c74dea9669725822ed2fff9bb9e2d9ad791471af5
DEX_SPRITE,DexSprites/Rufflet.png,DS_CUSTOM_LIBRARY/hack-packs/Infinite_Black_2_Unique_Assets/DexSprites/Rufflet.png,1292,2d9803664245901bd0f2de436c93669260368d42c38e3f48fc3001f59596d24c
DEX_SPRITE,DexSprites/Sableye.png,DS_CUSTOM_LIBRARY/hack-packs/Infinite_Black_2_Unique_Assets/DexSprites/Sableye.png,1241,afaac519687c1b2740e7d8e7f6e8e2212a803d66b88cbc33eee6048b01f7cff9
DEX_SPRITE,DexSprites/Salamence.png,DS_CUSTOM_LIBRARY/hack-packs/Infinite_Black_2_Unique_Assets/DexSprites/Salamence.png,2547,7182610351fc920ebfffe1af807d8ec4661430c34b42418722ed0fb91df0db1d
DEX_SPRITE,DexSprites/Samurott.png,DS_CUSTOM_LIBRARY/hack-packs/Infinite_Black_2_Unique_Assets/DexSprites/Samurott.png,2278,ae707fda957722b8f86b8dd6380e4f1f42a10a516e4d2ebdaff3d97f083349b6
DEX_SPRITE,DexSprites/Sandile.png,DS_CUSTOM_LIBRARY/hack-packs/Infinite_Black_2_Unique_Assets/DexSprites/Sandile.png,1016,298416f3230fb6f1a229226424607f9e316dc62629a6cfbe17de0addda669c5a
DEX_SPRITE,DexSprites/Sandshrew (1).png,DS_CUSTOM_LIBRARY/hack-packs/Infinite_Black_2_Unique_Assets/DexSprites/Sandshrew (1).png,1155,c85218663c3bddc0354472efd2c64bc099f67436330e61df5dcde1e0f8cbba09
DEX_SPRITE,DexSprites/Sandshrew.png,DS_CUSTOM_LIBRARY/hack-packs/Infinite_Black_2_Unique_Assets/DexSprites/Sandshrew.png,1158,1d449cc4f8cb779b498cd833b00cc534727a70d81879cf7399c9f1255cd3f744
DEX_SPRITE,DexSprites/Sandslash (1).png,DS_CUSTOM_LIBRARY/hack-packs/Infinite_Black_2_Unique_Assets/DexSprites/Sandslash (1).png,1693,1cc5f7666c005a3a673a5c30fee86e406479349c9125e0c63b9c40219f6f2140
DEX_SPRITE,DexSprites/Sandslash.png,DS_CUSTOM_LIBRARY/hack-packs/Infinite_Black_2_Unique_Assets/DexSprites/Sandslash.png,1615,cc6b87f2fdec3bf819e3859cf8e8bdec6d125700bceb9e91f3b7cf5f8034b3e0
DEX_SPRITE,DexSprites/Sawk.png,DS_CUSTOM_LIBRARY/hack-packs/Infinite_Black_2_Unique_Assets/DexSprites/Sawk.png,1722,e00215e96c6898a0fdeafe19071eb83e07e1ff8700d5181edd9ca3cd1db0ebe9
DEX_SPRITE,DexSprites/Sawsbuck (1).png,DS_CUSTOM_LIBRARY/hack-packs/Infinite_Black_2_Unique_Assets/DexSprites/Sawsbuck (1).png,1793,be65aa87b1ee992a71672a0c55fad6350afd41fbfec64b811ae752ef6a142f4d
DEX_SPRITE,DexSprites/Sawsbuck (2).png,DS_CUSTOM_LIBRARY/hack-packs/Infinite_Black_2_Unique_Assets/DexSprites/Sawsbuck (2).png,1967,114a166b77be8abc708d40cf9691cc6cb5c3d3ea8e9cdd664dde514f66762ef8
DEX_SPRITE,DexSprites/Sawsbuck (3).png,DS_CUSTOM_LIBRARY/hack-packs/Infinite_Black_2_Unique_Assets/DexSprites/Sawsbuck (3).png,1714,ef241c3a09fb6c0d307d4f735342399f4bd69bede551f44c2c3f3b119bcbf1a5
DEX_SPRITE,DexSprites/Sawsbuck.png,DS_CUSTOM_LIBRARY/hack-packs/Infinite_Black_2_Unique_Assets/DexSprites/Sawsbuck.png,1597,97ffc3054c11b29f1635b9a8bc4c2b4e779318216e5bc9eee55af1367ff5307a
DEX_SPRITE,DexSprites/Sceptile.png,DS_CUSTOM_LIBRARY/hack-packs/Infinite_Black_2_Unique_Assets/DexSprites/Sceptile.png,1996,4c1b0c78127d64e58948cd18fd7203ff15ce39ad99fa51a6f6a16cfaa860fd69
DEX_SPRITE,DexSprites/Scizor.png,DS_CUSTOM_LIBRARY/hack-packs/Infinite_Black_2_Unique_Assets/DexSprites/Scizor.png,1977,6821745a4a66fbc8e24b7c4d6790d96fbfe6208d2e79a5daa549885ec6e49628
DEX_SPRITE,DexSprites/Scolipede.png,DS_CUSTOM_LIBRARY/hack-packs/Infinite_Black_2_Unique_Assets/DexSprites/Scolipede.png,2345,7dc72724af286df65df6a2142c165d2694d2cb4fbda7e36ce9f53b77b9ed8a39
DEX_SPRITE,DexSprites/Scrafty.png,DS_CUSTOM_LIBRARY/hack-packs/Infinite_Black_2_Unique_Assets/DexSprites/Scrafty.png,1393,de293e84c99769f7b5529e5375e7b51f3b33137fdb4ad949317c9d0a43a1aac6
DEX_SPRITE,DexSprites/Scraggy.png,DS_CUSTOM_LIBRARY/hack-packs/Infinite_Black_2_Unique_Assets/DexSprites/Scraggy.png,1028,875b49e2934cb5f297300a8ede982bf2f091784601f0a184034883a8a9cd6d8f
DEX_SPRITE,DexSprites/Scyther.png,DS_CUSTOM_LIBRARY/hack-packs/Infinite_Black_2_Unique_Assets/DexSprites/Scyther.png,1451,3b55565025fcc64a2a7d2e4d631b160dcb40737500827e92dfa9ecacf5eafc47
DEX_SPRITE,DexSprites/Seadra.png,DS_CUSTOM_LIBRARY/hack-packs/Infinite_Black_2_Unique_Assets/DexSprites/Seadra.png,1342,3d783a3e12865058c22c80538b83b9bfab7caf3cf95c59364ea5891e5876163b
DEX_SPRITE,DexSprites/Seaking.png,DS_CUSTOM_LIBRARY/hack-packs/Infinite_Black_2_Unique_Assets/DexSprites/Seaking.png,1659,41b5cbbb6f18f40966c40981740c06778498dd538c211e88f8978c228c66f27b
DEX_SPRITE,DexSprites/Sealeo.png,DS_CUSTOM_LIBRARY/hack-packs/Infinite_Black_2_Unique_Assets/DexSprites/Sealeo.png,1445,9bb6c14f394c06eb2f74627cdf1b5cb280785a05b5da375231d0698710f2f340
DEX_SPRITE,DexSprites/Seedot.png,DS_CUSTOM_LIBRARY/hack-packs/Infinite_Black_2_Unique_Assets/DexSprites/Seedot.png,918,254c62bdcacf700e56c8f85a5e7ac2311feeb69d829178c2827a4cb56898e0cc
DEX_SPRITE,DexSprites/Seel.png,DS_CUSTOM_LIBRARY/hack-packs/Infinite_Black_2_Unique_Assets/DexSprites/Seel.png,1306,d9aca8f4f7d0d6ac190f734c673ecac8d873e784b9f992b91a5c4b73cb7d9ef3
DEX_SPRITE,DexSprites/Seismitoad.png,DS_CUSTOM_LIBRARY/hack-packs/Infinite_Black_2_Unique_Assets/DexSprites/Seismitoad.png,2083,da9c58f17ed0fec7534813545cc8a4d799ddae5517eaf2365cda1d1141f2dc58
DEX_SPRITE,DexSprites/Sentret.png,DS_CUSTOM_LIBRARY/hack-packs/Infinite_Black_2_Unique_Assets/DexSprites/Sentret.png,1199,50852ccf0c5e1d3219e23f81dfbcc79b38048db94ad6a4c0a1a517ae9ca9c336
DEX_SPRITE,DexSprites/Serperior.png,DS_CUSTOM_LIBRARY/hack-packs/Infinite_Black_2_Unique_Assets/DexSprites/Serperior.png,1975,55ea6f2fb3b5e6513cf34bc1351cee66531fabb2f6312bdea830ed24c2cf8cfe
DEX_SPRITE,DexSprites/Servine.png,DS_CUSTOM_LIBRARY/hack-packs/Infinite_Black_2_Unique_Assets/DexSprites/Servine.png,1176,23163832cac41eea0d244aeb7e787282053ba5b93b91b3fdaf716d7ed83214f4
DEX_SPRITE,DexSprites/Seviper.png,DS_CUSTOM_LIBRARY/hack-packs/Infinite_Black_2_Unique_Assets/DexSprites/Seviper.png,1820,145d138a7856bd2c80c6773ac8a27fe53ec8c9e7f9fa6398ae322a142627b69d
DEX_SPRITE,DexSprites/Sewaddle.png,DS_CUSTOM_LIBRARY/hack-packs/Infinite_Black_2_Unique_Assets/DexSprites/Sewaddle.png,965,8211e34f0e738ce360c7cbc9321620a409a1220a1c192f72c021671497f9d6dc
DEX_SPRITE,DexSprites/Sharpedo.png,DS_CUSTOM_LIBRARY/hack-packs/Infinite_Black_2_Unique_Assets/DexSprites/Sharpedo.png,1364,7d9e5125181e0f2087dde7382b366e5b10a20ef5e92b6a4a2fb64141697b7f93
DEX_SPRITE,DexSprites/Shaymin (1).png,DS_CUSTOM_LIBRARY/hack-packs/Infinite_Black_2_Unique_Assets/DexSprites/Shaymin (1).png,1401,a20c3b9ed956da4ee9efc986f74e3ba069d22c600e3f6eeba28955587a65716b
DEX_SPRITE,DexSprites/Shaymin.png,DS_CUSTOM_LIBRARY/hack-packs/Infinite_Black_2_Unique_Assets/DexSprites/Shaymin.png,971,2ce881f7b9cb994f8f8ddece2314e4d05378a3cbbde618086e30248db6a4c6d8
DEX_SPRITE,DexSprites/Shedinja.png,DS_CUSTOM_LIBRARY/hack-packs/Infinite_Black_2_Unique_Assets/DexSprites/Shedinja.png,1290,8620e0589a0948018d98d9e7dec80072d2bdff4be203f24fc05ea1c7fdf99363
DEX_SPRITE,DexSprites/Shelgon.png,DS_CUSTOM_LIBRARY/hack-packs/Infinite_Black_2_Unique_Assets/DexSprites/Shelgon.png,1294,c184b8fad9d66311e5b357212d7f6ddfb759ae82f700fadf2586d818e017da43
DEX_SPRITE,DexSprites/Shellder.png,DS_CUSTOM_LIBRARY/hack-packs/Infinite_Black_2_Unique_Assets/DexSprites/Shellder.png,1059,848dd8b112d368e5e652ebbda80c8f5b1038540fef05aefd193e9a978c22fa71
DEX_SPRITE,DexSprites/Shellos.png,DS_CUSTOM_LIBRARY/hack-packs/Infinite_Black_2_Unique_Assets/DexSprites/Shellos.png,927,6e3da650e867c4f5af085ee32f7cd2da4ad1e88862decb7b64c69eab4b258d55
DEX_SPRITE,DexSprites/Shelmet.png,DS_CUSTOM_LIBRARY/hack-packs/Infinite_Black_2_Unique_Assets/DexSprites/Shelmet.png,1044,eb82f7306fe0ff9eb3b4ce056033b9b3eb2d27e1d641e85197133ab463ce0899
DEX_SPRITE,DexSprites/Shieldon.png,DS_CUSTOM_LIBRARY/hack-packs/Infinite_Black_2_Unique_Assets/DexSprites/Shieldon.png,1037,7590eab928d65f3f844e5e03d26f07b941df8d5bbe920e697ef998ceffbbb033
DEX_SPRITE,DexSprites/Shiftry.png,DS_CUSTOM_LIBRARY/hack-packs/Infinite_Black_2_Unique_Assets/DexSprites/Shiftry.png,2132,2ec2a27d6a9437087c2cac907627c44bbd57dbffd114153a5ba1a6558d38cd26
DEX_SPRITE,DexSprites/Shinx.png,DS_CUSTOM_LIBRARY/hack-packs/Infinite_Black_2_Unique_Assets/DexSprites/Shinx.png,1143,8a69a44887a82c2280ea74e049e7beb43036201310bbd17d598f8aaeaf661310
DEX_SPRITE,DexSprites/Shroomish.png,DS_CUSTOM_LIBRARY/hack-packs/Infinite_Black_2_Unique_Assets/DexSprites/Shroomish.png,916,2bbdd247ea21a58dd0ef76e16abd9072977da519ee12ba70409435d917fce908
DEX_SPRITE,DexSprites/Shuckle.png,DS_CUSTOM_LIBRARY/hack-packs/Infinite_Black_2_Unique_Assets/DexSprites/Shuckle.png,1187,c944104046dd6da50d42f610db6a3283a24ce28157e628f8265c0f390dc61519
DEX_SPRITE,DexSprites/Shuppet.png,DS_CUSTOM_LIBRARY/hack-packs/Infinite_Black_2_Unique_Assets/DexSprites/Shuppet.png,924,9e614b39c030cb08270df2ae857116515e17ff2de30284856bb9ca91343aa34f
DEX_SPRITE,DexSprites/Sigilyph.png,DS_CUSTOM_LIBRARY/hack-packs/Infinite_Black_2_Unique_Assets/DexSprites/Sigilyph.png,2176,91557b8ba05137ad2f84b3b7adb3470754311bfbc77528d1ca8fd5aa63fc0285
DEX_SPRITE,DexSprites/Silcoon.png,DS_CUSTOM_LIBRARY/hack-packs/Infinite_Black_2_Unique_Assets/DexSprites/Silcoon.png,1077,f68baa2a79ffe6faae78cf4e22e3c3d92e88d5a2538c4b6e2f5589121532e871
DEX_SPRITE,DexSprites/Simipour.png,DS_CUSTOM_LIBRARY/hack-packs/Infinite_Black_2_Unique_Assets/DexSprites/Simipour.png,1781,4f0e4b14d0601cabe0c012c785e926e685a5649bc0dc696a2a5e1c2b4dc3448c
DEX_SPRITE,DexSprites/Simisage.png,DS_CUSTOM_LIBRARY/hack-packs/Infinite_Black_2_Unique_Assets/DexSprites/Simisage.png,2045,2aad697c368082892dbae761e8e293b6a8e54d182b28a5b90177a3be1a638fd0
DEX_SPRITE,DexSprites/Simisear.png,DS_CUSTOM_LIBRARY/hack-packs/Infinite_Black_2_Unique_Assets/DexSprites/Simisear.png,1785,d87b0c1ea2f2d2604f6846047ee1d617bfcf1035740f8ebdbd4048367a9b8f5a
DEX_SPRITE,DexSprites/Skarmory.png,DS_CUSTOM_LIBRARY/hack-packs/Infinite_Black_2_Unique_Assets/DexSprites/Skarmory.png,1902,1cb2ee8be3add9f5360f47d9deedfa50b9768511b1f9cb6ec63a4ef1f5d0cd39
DEX_SPRITE,DexSprites/Skiddo.png,DS_CUSTOM_LIBRARY/hack-packs/Infinite_Black_2_Unique_Assets/DexSprites/Skiddo.png,1265,5ffe275379113889134e34ecf55528a96e3126df6ec5c3ff8ae92e722c6092ad
DEX_SPRITE,DexSprites/Skiploom.png,DS_CUSTOM_LIBRARY/hack-packs/Infinite_Black_2_Unique_Assets/DexSprites/Skiploom.png,973,38599b8cf31cad3fa1fd09d0a0466be19be783eb0b886b748737b323ac14a133
DEX_SPRITE,DexSprites/Skitty.png,DS_CUSTOM_LIBRARY/hack-packs/Infinite_Black_2_Unique_Assets/DexSprites/Skitty.png,1171,123c8d6bfdd5a3123439d953dbcdb7988ef67d5ad4e6c81c9b4d9482143ed7e5
DEX_SPRITE,DexSprites/Skorupi.png,DS_CUSTOM_LIBRARY/hack-packs/Infinite_Black_2_Unique_Assets/DexSprites/Skorupi.png,1370,8cbc04c65062a54889191a305954160bf476d7fdc735386f59ddfda57ddd48aa
DEX_SPRITE,DexSprites/Skuntank.png,DS_CUSTOM_LIBRARY/hack-packs/Infinite_Black_2_Unique_Assets/DexSprites/Skuntank.png,1686,3276dcfd99d1884466e49248db6c0884d00a4b8f695de6cfa97f99bfc90b7322
DEX_SPRITE,DexSprites/Slaking.png,DS_CUSTOM_LIBRARY/hack-packs/Infinite_Black_2_Unique_Assets/DexSprites/Slaking.png,2160,7b2e276d34132916422734d7bab2e232f7ec3177b7b17bd6b4fe2c901651447c
DEX_SPRITE,DexSprites/Slakoth.png,DS_CUSTOM_LIBRARY/hack-packs/Infinite_Black_2_Unique_Assets/DexSprites/Slakoth.png,1193,1fb3f2b7f51857bc4e29cb8de0c1eb08ad6ebcb99bff45f746f6eea5c1429496
DEX_SPRITE,DexSprites/Sliggoo.png,DS_CUSTOM_LIBRARY/hack-packs/Infinite_Black_2_Unique_Assets/DexSprites/Sliggoo.png,1086,29e28168c9b79b0b67315dad77873c27995b3d4416aeaf7058c397a83c3909a1
DEX_SPRITE,DexSprites/Slowbro.png,DS_CUSTOM_LIBRARY/hack-packs/Infinite_Black_2_Unique_Assets/DexSprites/Slowbro.png,1843,a34cde36d2e20c017b8b42de7e6e8cf82d304b9d9bcf2c8156ad185a4d6e4965
DEX_SPRITE,DexSprites/Slowking.png,DS_CUSTOM_LIBRARY/hack-packs/Infinite_Black_2_Unique_Assets/DexSprites/Slowking.png,1692,5bffff49891e4e3da2863068c87a265ea3103e5ebdfa3a220d8259e3f4d4f626
DEX_SPRITE,DexSprites/Slowpoke.png,DS_CUSTOM_LIBRARY/hack-packs/Infinite_Black_2_Unique_Assets/DexSprites/Slowpoke.png,1276,1f3c038f441da3b4c2632909988e9315ce617832700d33deca931c366d67f1c8
DEX_SPRITE,DexSprites/Slugma.png,DS_CUSTOM_LIBRARY/hack-packs/Infinite_Black_2_Unique_Assets/DexSprites/Slugma.png,1025,86d2edd7f0a90644107d0e241f9ad01e4db49b63801dac348b6f7c89d54c1e05
DEX_SPRITE,DexSprites/Smeargle.png,DS_CUSTOM_LIBRARY/hack-packs/Infinite_Black_2_Unique_Assets/DexSprites/Smeargle.png,1331,1fb669b9758bb9d14b479e7389de23bf1fa47acd7bd22b463bd094002e0dca72
DEX_SPRITE,DexSprites/Smoochum.png,DS_CUSTOM_LIBRARY/hack-packs/Infinite_Black_2_Unique_Assets/DexSprites/Smoochum.png,972,b205a2512e949d9c0843cb7fe788bc5c836242a4214a3aedd5182f75d6feb24c
DEX_SPRITE,DexSprites/Sneasel.png,DS_CUSTOM_LIBRARY/hack-packs/Infinite_Black_2_Unique_Assets/DexSprites/Sneasel.png,1392,fef043221deec862a11ffdde564da6dcebc49863061895bf1ee08cd85fc635ab
DEX_SPRITE,DexSprites/Snivy.png,DS_CUSTOM_LIBRARY/hack-packs/Infinite_Black_2_Unique_Assets/DexSprites/Snivy.png,980,55ab15b558bcca035832ead69a49e4d37caa2dc82739cb0a0859c0870f317a92
DEX_SPRITE,DexSprites/Snorlax.png,DS_CUSTOM_LIBRARY/hack-packs/Infinite_Black_2_Unique_Assets/DexSprites/Snorlax.png,1685,aac0c3aa35bf53060b7a6f089af957be6c856b01c5b264137594fe6c18446bd1
DEX_SPRITE,DexSprites/Snorunt.png,DS_CUSTOM_LIBRARY/hack-packs/Infinite_Black_2_Unique_Assets/DexSprites/Snorunt.png,1038,be52affa7c13a641af6f9cf0294f031aba974cd635179b59d86162526e290f7c
DEX_SPRITE,DexSprites/Snover.png,DS_CUSTOM_LIBRARY/hack-packs/Infinite_Black_2_Unique_Assets/DexSprites/Snover.png,1468,eaff7754b30b9070cb0681ad7571e675c608cb3b11befb01baeb62e1960d1fbf
DEX_SPRITE,DexSprites/Snubbull.png,DS_CUSTOM_LIBRARY/hack-packs/Infinite_Black_2_Unique_Assets/DexSprites/Snubbull.png,1168,5c4f791e9d203d2f83d0020d4b5f0bbd0253c2adf0f753c3169a4b8593619610
DEX_SPRITE,DexSprites/Solosis.png,DS_CUSTOM_LIBRARY/hack-packs/Infinite_Black_2_Unique_Assets/DexSprites/Solosis.png,828,09d909cbf086e17463d66afcd5206e36d905aa93570297714c17941af4af85ec
DEX_SPRITE,DexSprites/Solrock.png,DS_CUSTOM_LIBRARY/hack-packs/Infinite_Black_2_Unique_Assets/DexSprites/Solrock.png,1698,fce389dd374f426adb1536b73205fe7ff99728184758eceae3ef0c74a86b0f05
DEX_SPRITE,DexSprites/Spearow.png,DS_CUSTOM_LIBRARY/hack-packs/Infinite_Black_2_Unique_Assets/DexSprites/Spearow.png,1124,953e15bb549a9620c13b710e64eeeca16fa51bf3c90f88684e39e6d3f6c31532
DEX_SPRITE,DexSprites/Spheal.png,DS_CUSTOM_LIBRARY/hack-packs/Infinite_Black_2_Unique_Assets/DexSprites/Spheal.png,990,64c9f4a3c5197f8b38913d978cd4445816498b9cc20da3b58abe93844c232225
DEX_SPRITE,DexSprites/Spinarak.png,DS_CUSTOM_LIBRARY/hack-packs/Infinite_Black_2_Unique_Assets/DexSprites/Spinarak.png,1080,09b46a71af17bd80e2b462113102a620a654fa328273fd2b8d424eb332861d00
DEX_SPRITE,DexSprites/Spinda.png,DS_CUSTOM_LIBRARY/hack-packs/Infinite_Black_2_Unique_Assets/DexSprites/Spinda.png,1083,dad6492ceaf821cab61d272bf462f12c6e4040a78abc36bfe8ef74178a622ddb
DEX_SPRITE,DexSprites/Spiritomb.png,DS_CUSTOM_LIBRARY/hack-packs/Infinite_Black_2_Unique_Assets/DexSprites/Spiritomb.png,1586,1fdba86a6d2cb140c49f51985fff274c63d2c59a908d33771bf90721fe2a0e21
DEX_SPRITE,DexSprites/Spoink.png,DS_CUSTOM_LIBRARY/hack-packs/Infinite_Black_2_Unique_Assets/DexSprites/Spoink.png,984,a1cb49d6b003b6e2da5e34576a150e07cf455c31cbe99d89127e51cab9e866ed
DEX_SPRITE,DexSprites/Squirtle.png,DS_CUSTOM_LIBRARY/hack-packs/Infinite_Black_2_Unique_Assets/DexSprites/Squirtle.png,1092,061732cf7271b3c85dc53396122ecf6434be3f22e1e8f20f8a36dc8792c0f200
DEX_SPRITE,DexSprites/Stantler.png,DS_CUSTOM_LIBRARY/hack-packs/Infinite_Black_2_Unique_Assets/DexSprites/Stantler.png,1632,d65901411af32bb3529783a946b65ebc6df9aef6e5e6b8deecab5a248a22a612
DEX_SPRITE,DexSprites/Staraptor.png,DS_CUSTOM_LIBRARY/hack-packs/Infinite_Black_2_Unique_Assets/DexSprites/Staraptor.png,1705,4546e26581675688226b8f225dca025d4703cb68e432ff5164150c1490a05e54
DEX_SPRITE,DexSprites/Staravia.png,DS_CUSTOM_LIBRARY/hack-packs/Infinite_Black_2_Unique_Assets/DexSprites/Staravia.png,1275,83fd292ca1942e809192f395353fe10a5453895912801774f706b17f46e2c990
DEX_SPRITE,DexSprites/Starly.png,DS_CUSTOM_LIBRARY/hack-packs/Infinite_Black_2_Unique_Assets/DexSprites/Starly.png,1057,9b2ca7f7fc3821e5091d8d95bf50c0f0fc0f49b71b13fe4cb09bf121ed451b58
DEX_SPRITE,DexSprites/Starmie.png,DS_CUSTOM_LIBRARY/hack-packs/Infinite_Black_2_Unique_Assets/DexSprites/Starmie.png,1635,cdad2536132898c529ce43e5cf38131255adfac7ccd8d0367390f88dc02e52f0
DEX_SPRITE,DexSprites/Staryu.png,DS_CUSTOM_LIBRARY/hack-packs/Infinite_Black_2_Unique_Assets/DexSprites/Staryu.png,1136,cd6639147791ae5e3040b93981c4c915e5d20b438928684d953ef618ea529dfe
DEX_SPRITE,DexSprites/Steelix.png,DS_CUSTOM_LIBRARY/hack-packs/Infinite_Black_2_Unique_Assets/DexSprites/Steelix.png,2396,535fd5736896f81f5c29985c06359be58cd88cb52701014cf7494d1a1d0c0a24
DEX_SPRITE,DexSprites/Stoutland.png,DS_CUSTOM_LIBRARY/hack-packs/Infinite_Black_2_Unique_Assets/DexSprites/Stoutland.png,1946,2cc53500d1d9f5a02e8973c2c732deee9d8dee13594da2923e7b2ea50190e55d
DEX_SPRITE,DexSprites/Stunfisk.png,DS_CUSTOM_LIBRARY/hack-packs/Infinite_Black_2_Unique_Assets/DexSprites/Stunfisk.png,1155,ce32507019573e01da648a8652f9e5ba58e00e2a5b3de49a38342992b496b946
DEX_SPRITE,DexSprites/Stunky.png,DS_CUSTOM_LIBRARY/hack-packs/Infinite_Black_2_Unique_Assets/DexSprites/Stunky.png,1189,66ede6b2affacdb8310b8c42d1db4c1ad218ab69f57bc5e0034d790c34931f0e
DEX_SPRITE,DexSprites/Sudowoodo.png,DS_CUSTOM_LIBRARY/hack-packs/Infinite_Black_2_Unique_Assets/DexSprites/Sudowoodo.png,1261,43bf133a8f0b5e8f84659b90af4f09051d3a2eabc7663d6d35c16dd8bb64226f
DEX_SPRITE,DexSprites/Suicune.png,DS_CUSTOM_LIBRARY/hack-packs/Infinite_Black_2_Unique_Assets/DexSprites/Suicune.png,2163,fb2bf7ac7c7327669bf11a6ee131a8b93641de2cdb8d40e01466b86f025e995f
DEX_SPRITE,DexSprites/Sunflora.png,DS_CUSTOM_LIBRARY/hack-packs/Infinite_Black_2_Unique_Assets/DexSprites/Sunflora.png,1232,bc65496a8b101edc3a4e74508c8ceb456f75aacfdf4107f8ae11774b96ed5714
DEX_SPRITE,DexSprites/Sunkern.png,DS_CUSTOM_LIBRARY/hack-packs/Infinite_Black_2_Unique_Assets/DexSprites/Sunkern.png,899,91616d1390c51eae8a38fea304dd021d23bc98db6d41eea29441b7d0a67c1856
DEX_SPRITE,DexSprites/Surskit.png,DS_CUSTOM_LIBRARY/hack-packs/Infinite_Black_2_Unique_Assets/DexSprites/Surskit.png,847,58eceb02cffe5fcbf577508248fe1cd87434deacecc922e6dffe21332981a9d5
DEX_SPRITE,DexSprites/Swablu.png,DS_CUSTOM_LIBRARY/hack-packs/Infinite_Black_2_Unique_Assets/DexSprites/Swablu.png,1203,3ceb84e5a20b84f39d26ea2a1ea8a8202443a2e9c1347716343f288813108353
DEX_SPRITE,DexSprites/Swadloon.png,DS_CUSTOM_LIBRARY/hack-packs/Infinite_Black_2_Unique_Assets/DexSprites/Swadloon.png,1038,bd3e30f6817d4a26aeaed596643d5c1854ab17bc03e1b49baa2300cad2a5f3da
DEX_SPRITE,DexSprites/Swalot.png,DS_CUSTOM_LIBRARY/hack-packs/Infinite_Black_2_Unique_Assets/DexSprites/Swalot.png,1427,f21bbda6cda5ac45aa701ccc81320b4c35c57c7e75d013bdbc6b80e81b57cd96
DEX_SPRITE,DexSprites/Swampert.png,DS_CUSTOM_LIBRARY/hack-packs/Infinite_Black_2_Unique_Assets/DexSprites/Swampert.png,2208,2d5c6a95f836ba20cab465f754c0ef579bc6fad6d7c515206e4bef4c3179cb4a
DEX_SPRITE,DexSprites/Swanna.png,DS_CUSTOM_LIBRARY/hack-packs/Infinite_Black_2_Unique_Assets/DexSprites/Swanna.png,1356,d7e7494aae01a39a140a51783fe76d681338465110e559de9952338ceb6b274e
DEX_SPRITE,DexSprites/Swellow.png,DS_CUSTOM_LIBRARY/hack-packs/Infinite_Black_2_Unique_Assets/DexSprites/Swellow.png,1759,d27dd3f325efd6dad63e0695a2b4ba46fae42cae0bdd1c923cfbc40551e78cbd
DEX_SPRITE,DexSprites/Swinub.png,DS_CUSTOM_LIBRARY/hack-packs/Infinite_Black_2_Unique_Assets/DexSprites/Swinub.png,744,1f7d67d62c31390fd0c12ab2bc6c8f020fbffe8eaf1b29d15a4a3941c130da29
DEX_SPRITE,DexSprites/Swoobat.png,DS_CUSTOM_LIBRARY/hack-packs/Infinite_Black_2_Unique_Assets/DexSprites/Swoobat.png,1781,722c08a249e4a08f67361ac9ef098d34207477e752007940d7fd8f4a32134c2a
DEX_SPRITE,DexSprites/Taillow.png,DS_CUSTOM_LIBRARY/hack-packs/Infinite_Black_2_Unique_Assets/DexSprites/Taillow.png,1042,6c8ff450c0faf7fbe91b8cebb989fb86fd07ed4e496e84d0e799c82856107476
DEX_SPRITE,DexSprites/Talonflame.png,DS_CUSTOM_LIBRARY/hack-packs/Infinite_Black_2_Unique_Assets/DexSprites/Talonflame.png,1806,b80247b7fd14d4e21a6af5fab00df85571a42c65cb5743c4b52a27d80ed4be12
DEX_SPRITE,DexSprites/Tangela.png,DS_CUSTOM_LIBRARY/hack-packs/Infinite_Black_2_Unique_Assets/DexSprites/Tangela.png,1352,1e1ae8f28013726aa4697c7cc1f19fafe50964db1faa9e1ec736447a72f3459d
DEX_SPRITE,DexSprites/Tangrowth.png,DS_CUSTOM_LIBRARY/hack-packs/Infinite_Black_2_Unique_Assets/DexSprites/Tangrowth.png,2326,b5a081547dfc96755322b765b7784742d5786cbeee7796be03aeee85936a59dc
DEX_SPRITE,DexSprites/Tauros.png,DS_CUSTOM_LIBRARY/hack-packs/Infinite_Black_2_Unique_Assets/DexSprites/Tauros.png,1577,b6d8ad06c52578859e4eb831a2964c4d22df2e1b54d6102ec06bea0661ac4671
DEX_SPRITE,DexSprites/Teddiursa.png,DS_CUSTOM_LIBRARY/hack-packs/Infinite_Black_2_Unique_Assets/DexSprites/Teddiursa.png,909,ec69602f0ade3bbe49741e6a0e7bd0a371e7484de64cba10725131347ce9fa8b
DEX_SPRITE,DexSprites/Tentacool.png,DS_CUSTOM_LIBRARY/hack-packs/Infinite_Black_2_Unique_Assets/DexSprites/Tentacool.png,1271,826ce8a49a6148f8cbb8ceb8d8223bfc2a68104a05b353119c09d4882a15265a
DEX_SPRITE,DexSprites/Tentacruel.png,DS_CUSTOM_LIBRARY/hack-packs/Infinite_Black_2_Unique_Assets/DexSprites/Tentacruel.png,1816,60065d94fe98eef4195552286c1d6efaf854a68f6236005025bfbad3eeef082b
DEX_SPRITE,DexSprites/Tepig.png,DS_CUSTOM_LIBRARY/hack-packs/Infinite_Black_2_Unique_Assets/DexSprites/Tepig.png,937,947ec977fb19f1a29e80332382c38d98ab11186adb62c6efed4d5a899c9072c0
DEX_SPRITE,DexSprites/Terrakion.png,DS_CUSTOM_LIBRARY/hack-packs/Infinite_Black_2_Unique_Assets/DexSprites/Terrakion.png,2099,bd9d49db62b02e51531cfd68e0b2c0bce407fcc99d3182b24b47aa4ddfbea4c8
DEX_SPRITE,DexSprites/Throh.png,DS_CUSTOM_LIBRARY/hack-packs/Infinite_Black_2_Unique_Assets/DexSprites/Throh.png,1702,6158cc8addd0ab91483e1bcdffb9bec7f61111269c70272ed46247d01f8669d7
DEX_SPRITE,DexSprites/Thundurus (1).png,DS_CUSTOM_LIBRARY/hack-packs/Infinite_Black_2_Unique_Assets/DexSprites/Thundurus (1).png,2349,a31b88668a5ba710e1147905f6918fb4168ce12fc1467299fd34ac142ee66c4b
DEX_SPRITE,DexSprites/Thundurus.png,DS_CUSTOM_LIBRARY/hack-packs/Infinite_Black_2_Unique_Assets/DexSprites/Thundurus.png,2221,902d55c13920eabc27d3162c197b53a181a83723caa1f8a81cdfc891e474c52d
DEX_SPRITE,DexSprites/Timburr.png,DS_CUSTOM_LIBRARY/hack-packs/Infinite_Black_2_Unique_Assets/DexSprites/Timburr.png,1191,69ddda95f5f891cbae418efb4bf0350eed1d9f31d00d0cb1ccfd4f1e49942736
DEX_SPRITE,DexSprites/Tirtouga.png,DS_CUSTOM_LIBRARY/hack-packs/Infinite_Black_2_Unique_Assets/DexSprites/Tirtouga.png,1265,a8138334ecf172b2204170eec7575fa2537583831b98f8d8d4accdbbefe76984
DEX_SPRITE,DexSprites/Togekiss.png,DS_CUSTOM_LIBRARY/hack-packs/Infinite_Black_2_Unique_Assets/DexSprites/Togekiss.png,1266,a63f7067df816c2d6b734b92e660d1c39102af2da477af5fea9d77761d2486d7
DEX_SPRITE,DexSprites/Togepi.png,DS_CUSTOM_LIBRARY/hack-packs/Infinite_Black_2_Unique_Assets/DexSprites/Togepi.png,902,ce6511b92d4fa20973b8c3419597d2c7f031fc89417dd588d39461ce5fc65a77
DEX_SPRITE,DexSprites/Togetic.png,DS_CUSTOM_LIBRARY/hack-packs/Infinite_Black_2_Unique_Assets/DexSprites/Togetic.png,992,6878a04ef65a04531ccf89c221fe4efa332aace9e2014bd24e28cca60f9e6339
DEX_SPRITE,DexSprites/Torchic.png,DS_CUSTOM_LIBRARY/hack-packs/Infinite_Black_2_Unique_Assets/DexSprites/Torchic.png,926,ba9e29108824881e0acdcf027a220b9eec96bda4002adb876ca32f7cf485b3bb
DEX_SPRITE,DexSprites/Torkoal.png,DS_CUSTOM_LIBRARY/hack-packs/Infinite_Black_2_Unique_Assets/DexSprites/Torkoal.png,1983,262fd1c1f35e358bbc73b8182810f1b2963802e1035c83858fdd7a1c4f493a65
DEX_SPRITE,DexSprites/Tornadus (1).png,DS_CUSTOM_LIBRARY/hack-packs/Infinite_Black_2_Unique_Assets/DexSprites/Tornadus (1).png,2209,df8e3cacf32f0865f5b5244507a3c7d0a24d847f59ea6a2f49987696870ab63b
DEX_SPRITE,DexSprites/Tornadus.png,DS_CUSTOM_LIBRARY/hack-packs/Infinite_Black_2_Unique_Assets/DexSprites/Tornadus.png,2111,04b01c7116b12a91c4a22f21f5bcf77d06c6d499bb7ab54f2080db2e111bf15c
DEX_SPRITE,DexSprites/Torterra.png,DS_CUSTOM_LIBRARY/hack-packs/Infinite_Black_2_Unique_Assets/DexSprites/Torterra.png,2515,c720e9031d36962e2b413d1ea55f032aaf55a2ded59d3a96cbf4f0cd0695788a
DEX_SPRITE,DexSprites/Totodile.png,DS_CUSTOM_LIBRARY/hack-packs/Infinite_Black_2_Unique_Assets/DexSprites/Totodile.png,1095,630a8791654056027fd5b9b104ba25eab409dcac22e58921455050a9f1ea30d6
DEX_SPRITE,DexSprites/Toxicroak.png,DS_CUSTOM_LIBRARY/hack-packs/Infinite_Black_2_Unique_Assets/DexSprites/Toxicroak.png,1651,69096bb8cc4b91c09edae5f20c35f73620b9bb982d29d67880557f1a67cbc16e
DEX_SPRITE,DexSprites/Tranquill.png,DS_CUSTOM_LIBRARY/hack-packs/Infinite_Black_2_Unique_Assets/DexSprites/Tranquill.png,1225,c2b607e01d00a0d111f83803ed732400181efc3422f9ef9d408888f5346a9a84
DEX_SPRITE,DexSprites/Trapinch.png,DS_CUSTOM_LIBRARY/hack-packs/Infinite_Black_2_Unique_Assets/DexSprites/Trapinch.png,968,d8bca371dec6bd5bd533d4365a921107b6cc9993482d7d072aa2805fbaa2bd78
DEX_SPRITE,DexSprites/Treecko.png,DS_CUSTOM_LIBRARY/hack-packs/Infinite_Black_2_Unique_Assets/DexSprites/Treecko.png,1156,08120865b5f6103ad9843fec456ebe596e9c175fdc5c8abe5425e070b12ad7d7
DEX_SPRITE,DexSprites/Tropius.png,DS_CUSTOM_LIBRARY/hack-packs/Infinite_Black_2_Unique_Assets/DexSprites/Tropius.png,2433,32e1767aa3cdcda56b73e256b4462e772392eb68a384bb2c17b781148a285b8c
DEX_SPRITE,DexSprites/Trubbish.png,DS_CUSTOM_LIBRARY/hack-packs/Infinite_Black_2_Unique_Assets/DexSprites/Trubbish.png,1015,4fe7ed846d3df75a3b26d370413703f4cb954a44ff4bf5368c8a40e5b692e274
DEX_SPRITE,DexSprites/Turtwig.png,DS_CUSTOM_LIBRARY/hack-packs/Infinite_Black_2_Unique_Assets/DexSprites/Turtwig.png,1043,71de8e45583267a6a7580cd4d8f19171fe9a51f5b4775a0f1a70e8a1c45bb735
DEX_SPRITE,DexSprites/Tympole.png,DS_CUSTOM_LIBRARY/hack-packs/Infinite_Black_2_Unique_Assets/DexSprites/Tympole.png,901,62735d00e062c85d6a207417b88df8338d1936272680ee25f1091adbf32e02b0
DEX_SPRITE,DexSprites/Tynamo.png,DS_CUSTOM_LIBRARY/hack-packs/Infinite_Black_2_Unique_Assets/DexSprites/Tynamo.png,770,f5094e9f56dfb179386d6a67225845a6dcdad3d79adf51d77ce5274ac0b0ea18
DEX_SPRITE,DexSprites/Typhlosion.png,DS_CUSTOM_LIBRARY/hack-packs/Infinite_Black_2_Unique_Assets/DexSprites/Typhlosion.png,1634,3993d5099180a5c418856cf9c83be9469dc1731f5d54d184e840c1a4756172ef
DEX_SPRITE,DexSprites/Tyranitar.png,DS_CUSTOM_LIBRARY/hack-packs/Infinite_Black_2_Unique_Assets/DexSprites/Tyranitar.png,2031,a59fe3196580be8ed6259452a8363cc63be6c17867bc0cf7295ee2d92f3ae17c
DEX_SPRITE,DexSprites/Tyrantrum.png,DS_CUSTOM_LIBRARY/hack-packs/Infinite_Black_2_Unique_Assets/DexSprites/Tyrantrum.png,2390,c59b41c5b0543b7319463e5adb46934f5ce9422088958118abd857da95de5ba2
DEX_SPRITE,DexSprites/Tyrogue.png,DS_CUSTOM_LIBRARY/hack-packs/Infinite_Black_2_Unique_Assets/DexSprites/Tyrogue.png,1070,c37ef362129ffb3d9e3f468981ee1ce468ff63b81212588096ef1a75e2dce243
DEX_SPRITE,DexSprites/Tyrunt.png,DS_CUSTOM_LIBRARY/hack-packs/Infinite_Black_2_Unique_Assets/DexSprites/Tyrunt.png,1488,4e80e459b6f954e980ab0336fdf8f4109723e5cbeade2436d25f6d1559d85981
DEX_SPRITE,DexSprites/Umbreon (1).png,DS_CUSTOM_LIBRARY/hack-packs/Infinite_Black_2_Unique_Assets/DexSprites/Umbreon (1).png,1186,af6c949355256eac13d8f7168815f59b5c085e120f50027d7742da52d0a56630
DEX_SPRITE,DexSprites/Umbreon.png,DS_CUSTOM_LIBRARY/hack-packs/Infinite_Black_2_Unique_Assets/DexSprites/Umbreon.png,1164,9bd83d555df4438d6699941e0f11d50d9a9f3c702981c355285c62492aa3f246
DEX_SPRITE,DexSprites/Unfezant.png,DS_CUSTOM_LIBRARY/hack-packs/Infinite_Black_2_Unique_Assets/DexSprites/Unfezant.png,1897,742cd4740d9c25d78709b804ab950f9ae43d0d916e0351d02eb0ec445c326903
DEX_SPRITE,DexSprites/Unown.png,DS_CUSTOM_LIBRARY/hack-packs/Infinite_Black_2_Unique_Assets/DexSprites/Unown.png,739,3e1171a2d1504e1421336f2bdea05f5b08de96c25f1b151db6cbe6fed457b250
DEX_SPRITE,DexSprites/Ursaring.png,DS_CUSTOM_LIBRARY/hack-packs/Infinite_Black_2_Unique_Assets/DexSprites/Ursaring.png,1717,b32cada64f55056c06936c4dec74e5a8ef3a7bf08c052a893537949ee1fc27e3
DEX_SPRITE,DexSprites/Uxie.png,DS_CUSTOM_LIBRARY/hack-packs/Infinite_Black_2_Unique_Assets/DexSprites/Uxie.png,1149,e5174fac4117b73e3d3c4db7a67fea104740003c5b7bf53ea0ec567e5d551171
DEX_SPRITE,DexSprites/Vanillish.png,DS_CUSTOM_LIBRARY/hack-packs/Infinite_Black_2_Unique_Assets/DexSprites/Vanillish.png,1237,2433d0e4c8c08b4e4ec1a44d0f8c8d3b222dc021c11c11e81de77aeeae03afe6
DEX_SPRITE,DexSprites/Vanillite.png,DS_CUSTOM_LIBRARY/hack-packs/Infinite_Black_2_Unique_Assets/DexSprites/Vanillite.png,919,dd84c0049110a3f54724f888d5066e67790b3700d51de7d23b83a396c0060cc3
DEX_SPRITE,DexSprites/Vanilluxe.png,DS_CUSTOM_LIBRARY/hack-packs/Infinite_Black_2_Unique_Assets/DexSprites/Vanilluxe.png,1662,52199416cfb6ec5964deaa258c59b269e8fc2af059b6832ebe6bd5d7d3a387cd
DEX_SPRITE,DexSprites/Vaporeon (1).png,DS_CUSTOM_LIBRARY/hack-packs/Infinite_Black_2_Unique_Assets/DexSprites/Vaporeon (1).png,1520,c0053b14e8a2b3f879bc7f637aef28bf59cac450af4dd328a2971c8fd171929c
DEX_SPRITE,DexSprites/Vaporeon.png,DS_CUSTOM_LIBRARY/hack-packs/Infinite_Black_2_Unique_Assets/DexSprites/Vaporeon.png,1535,13c83c7e66ad550c2d73288cf9f183c4ac70352be7711d376d04add2b5becdeb
DEX_SPRITE,DexSprites/Venipede.png,DS_CUSTOM_LIBRARY/hack-packs/Infinite_Black_2_Unique_Assets/DexSprites/Venipede.png,1185,e3f3ba09c794d08435b08c428564ba0e363643951726110143b73316649f6628
DEX_SPRITE,DexSprites/Venomoth.png,DS_CUSTOM_LIBRARY/hack-packs/Infinite_Black_2_Unique_Assets/DexSprites/Venomoth.png,1722,8219e6f98d5520d93cf80c68b62b90e7d84b718c4c800eb039fae04e3329b333
DEX_SPRITE,DexSprites/Venonat.png,DS_CUSTOM_LIBRARY/hack-packs/Infinite_Black_2_Unique_Assets/DexSprites/Venonat.png,1330,039a4dd67ab7e60e3db610de0de333351082b85b4fc21b06bd6d6f8b52fa60d7
DEX_SPRITE,DexSprites/Venusaur.png,DS_CUSTOM_LIBRARY/hack-packs/Infinite_Black_2_Unique_Assets/DexSprites/Venusaur.png,2740,ec7659524188b863a8ac84a2b7b3cbd8470704f7b7e1698427a720945ae2f87d
DEX_SPRITE,DexSprites/Vespiquen.png,DS_CUSTOM_LIBRARY/hack-packs/Infinite_Black_2_Unique_Assets/DexSprites/Vespiquen.png,1586,cf57edbc386cb9ec4e41b5a79bd196b19fa86406022067690ab481b9c50dab5f
DEX_SPRITE,DexSprites/Vibrava.png,DS_CUSTOM_LIBRARY/hack-packs/Infinite_Black_2_Unique_Assets/DexSprites/Vibrava.png,1474,877b0b3a4c8331e7d002e7515a6ab0f90706102e9b67e9539e80263129b826de
DEX_SPRITE,DexSprites/Victini.png,DS_CUSTOM_LIBRARY/hack-packs/Infinite_Black_2_Unique_Assets/DexSprites/Victini.png,1226,9ee9ed3c8b5376eecc4299cb7c8bbab310b2503da9893c9d1e8dc4cf1f38e9a9
DEX_SPRITE,DexSprites/Victreebel.png,DS_CUSTOM_LIBRARY/hack-packs/Infinite_Black_2_Unique_Assets/DexSprites/Victreebel.png,1638,a4ed1d542c0d934202553d64709b328a6cfe628ee355ba2f41e1f375aa8e1047
DEX_SPRITE,DexSprites/Vigoroth.png,DS_CUSTOM_LIBRARY/hack-packs/Infinite_Black_2_Unique_Assets/DexSprites/Vigoroth.png,1581,332739db66f2fbdb55235e2da6c275e36b536f326a2ffb7e6016c8adee7946b0
DEX_SPRITE,DexSprites/Vikavolt.png,DS_CUSTOM_LIBRARY/hack-packs/Infinite_Black_2_Unique_Assets/DexSprites/Vikavolt.png,1642,07a1bf0cadc3a3cc30fe9ca7aadca0f0d489ae982e978bda3e09cbae11b38cd6
DEX_SPRITE,DexSprites/Vileplume.png,DS_CUSTOM_LIBRARY/hack-packs/Infinite_Black_2_Unique_Assets/DexSprites/Vileplume.png,1445,95fe9a8961617dd2f7687394a9641f397ad2ed96e2e55ee86d77d88c07c08dfa
DEX_SPRITE,DexSprites/Virizion.png,DS_CUSTOM_LIBRARY/hack-packs/Infinite_Black_2_Unique_Assets/DexSprites/Virizion.png,1568,c4af6748489adfbe8560b4488d91c6faf7bc91e58f462fccd9fef549cd891e43
DEX_SPRITE,DexSprites/Volbeat.png,DS_CUSTOM_LIBRARY/hack-packs/Infinite_Black_2_Unique_Assets/DexSprites/Volbeat.png,1385,f21ace377a7ef419f022b695e1ef243d911994d3563a80d895306f71b749e442
DEX_SPRITE,DexSprites/Volcarona.png,DS_CUSTOM_LIBRARY/hack-packs/Infinite_Black_2_Unique_Assets/DexSprites/Volcarona.png,1925,034acabe41b5d815434d2a457cfbb1ba0607feeecb4e1d3a6e92c767e4d211f1
DEX_SPRITE,DexSprites/Voltorb.png,DS_CUSTOM_LIBRARY/hack-packs/Infinite_Black_2_Unique_Assets/DexSprites/Voltorb.png,776,835741b39f469035fa166f440720ce40adddf254c1442681656dab4de465b58d
DEX_SPRITE,DexSprites/Vullaby.png,DS_CUSTOM_LIBRARY/hack-packs/Infinite_Black_2_Unique_Assets/DexSprites/Vullaby.png,1417,15ad259a7b57f6f788238037afd579c583cc34055bfcc2dd3e8e7cdde4148b4c
DEX_SPRITE,DexSprites/Vulpix (1).png,DS_CUSTOM_LIBRARY/hack-packs/Infinite_Black_2_Unique_Assets/DexSprites/Vulpix (1).png,1386,7b1dd3d4475a0609b3b9c17eebbe71964fc06657d7c0dc211c083c9f5f27c97f
DEX_SPRITE,DexSprites/Vulpix.png,DS_CUSTOM_LIBRARY/hack-packs/Infinite_Black_2_Unique_Assets/DexSprites/Vulpix.png,1410,c2af567a28dcf757c91669140aa25c3df4656f91d017011554276bf12bf754f6
DEX_SPRITE,DexSprites/Wailmer.png,DS_CUSTOM_LIBRARY/hack-packs/Infinite_Black_2_Unique_Assets/DexSprites/Wailmer.png,1396,84e607998b772d69013bdfb828d71e52c48adff18cc92cb8bf4d7a8e76d26901
DEX_SPRITE,DexSprites/Wailord.png,DS_CUSTOM_LIBRARY/hack-packs/Infinite_Black_2_Unique_Assets/DexSprites/Wailord.png,1775,aa303f99eb64e1202c4fe6194bed924fac1ec54fbe8e97cc5721dd30e5e40c3a
DEX_SPRITE,DexSprites/Walrein.png,DS_CUSTOM_LIBRARY/hack-packs/Infinite_Black_2_Unique_Assets/DexSprites/Walrein.png,1896,3c7f3d08fcc122c58509e9f39e09e1c2f9b067c91e0bdf9713e38623ca276efa
DEX_SPRITE,DexSprites/Wartortle.png,DS_CUSTOM_LIBRARY/hack-packs/Infinite_Black_2_Unique_Assets/DexSprites/Wartortle.png,1695,bb25604e208285021cca116508055020c61298f7f42431967cda6608c1291fec
DEX_SPRITE,DexSprites/Watchog.png,DS_CUSTOM_LIBRARY/hack-packs/Infinite_Black_2_Unique_Assets/DexSprites/Watchog.png,1244,5f65a229835a42d4fa62fee7afdb288064af187309da384a8d1ba9416c2ad4b5
DEX_SPRITE,DexSprites/Weavile.png,DS_CUSTOM_LIBRARY/hack-packs/Infinite_Black_2_Unique_Assets/DexSprites/Weavile.png,1664,c97f01185ceb0979d79bda553f8c2b2cd1dc14289fe2bebeae4f859ab51e09df
DEX_SPRITE,DexSprites/Weedle.png,DS_CUSTOM_LIBRARY/hack-packs/Infinite_Black_2_Unique_Assets/DexSprites/Weedle.png,954,5d7c7ba000aa6c2342c7bed5e64366b1462e31ba02feda23f1ac84526d34c1a1
DEX_SPRITE,DexSprites/Weepinbell.png,DS_CUSTOM_LIBRARY/hack-packs/Infinite_Black_2_Unique_Assets/DexSprites/Weepinbell.png,1215,07c0739774c124ef18359414d678fba66568853e028e36ea32b787ecc9b7187a
DEX_SPRITE,DexSprites/Weezing.png,DS_CUSTOM_LIBRARY/hack-packs/Infinite_Black_2_Unique_Assets/DexSprites/Weezing.png,2146,44230ad15a253b66bebc4c0924a31d9ac9a34ed7484a28d3e026c93a5db2e91b
DEX_SPRITE,DexSprites/Whimsicott.png,DS_CUSTOM_LIBRARY/hack-packs/Infinite_Black_2_Unique_Assets/DexSprites/Whimsicott.png,1389,327fd0965d4de473e2ac502a8c0286e6c6a596fbee745160f4b67a6195d9ebfb
DEX_SPRITE,DexSprites/Whirlipede.png,DS_CUSTOM_LIBRARY/hack-packs/Infinite_Black_2_Unique_Assets/DexSprites/Whirlipede.png,1482,9635a432d72d7f8880fb9bd533014086f751b8c0480128801b19e754f3d03e95
DEX_SPRITE,DexSprites/Whiscash.png,DS_CUSTOM_LIBRARY/hack-packs/Infinite_Black_2_Unique_Assets/DexSprites/Whiscash.png,1605,fe6bff4cb69b6c57166f97d4c807343dedba079726235fa5549db881e73565d9
DEX_SPRITE,DexSprites/Whismur.png,DS_CUSTOM_LIBRARY/hack-packs/Infinite_Black_2_Unique_Assets/DexSprites/Whismur.png,1055,305d98b8d8ee01e37d22098f16f055c4ccd671355e4a4e432ce092a843bc6992
DEX_SPRITE,DexSprites/Wigglytuff.png,DS_CUSTOM_LIBRARY/hack-packs/Infinite_Black_2_Unique_Assets/DexSprites/Wigglytuff.png,1333,2b26b01a2f92be8683169258ffbb3bc913886a8abc20a44f9fb02d667b188621
DEX_SPRITE,DexSprites/Wingull.png,DS_CUSTOM_LIBRARY/hack-packs/Infinite_Black_2_Unique_Assets/DexSprites/Wingull.png,973,0d2c985ed5cb652c107e5275e9a39b6dc9963c65af6ee04108559fa8ff8bdd53
DEX_SPRITE,DexSprites/Wobbuffet.png,DS_CUSTOM_LIBRARY/hack-packs/Infinite_Black_2_Unique_Assets/DexSprites/Wobbuffet.png,1149,8bc7932508affc9b9527a7ad86583de4f300868af6d20246e6ce625de62cb469
DEX_SPRITE,DexSprites/Woobat.png,DS_CUSTOM_LIBRARY/hack-packs/Infinite_Black_2_Unique_Assets/DexSprites/Woobat.png,1184,a7d9fb07c582d3ffb1406ab53b1d3884f0436f8d561c8194d40a2bfb37a3a020
DEX_SPRITE,DexSprites/Wooper.png,DS_CUSTOM_LIBRARY/hack-packs/Infinite_Black_2_Unique_Assets/DexSprites/Wooper.png,938,3969b80f04b538b34e66a5153e208fa75ff5170c7d56703d80ed59504b4e5750
DEX_SPRITE,DexSprites/Wormadam (1).png,DS_CUSTOM_LIBRARY/hack-packs/Infinite_Black_2_Unique_Assets/DexSprites/Wormadam (1).png,1139,12371b881af4c2a90db732945bfbdcb8825bb634d198de914505d3cb332938cf
DEX_SPRITE,DexSprites/Wormadam (2).png,DS_CUSTOM_LIBRARY/hack-packs/Infinite_Black_2_Unique_Assets/DexSprites/Wormadam (2).png,1056,a35e792235b0e73d4709de9986cdba08fa56cbce47eff6ac0f8351de84fe1508
DEX_SPRITE,DexSprites/Wormadam.png,DS_CUSTOM_LIBRARY/hack-packs/Infinite_Black_2_Unique_Assets/DexSprites/Wormadam.png,1108,ce675d06eb549ea28e2a69c26a5ee15676978f7d1da29bdf5f3365573e5dce86
DEX_SPRITE,DexSprites/Wurmple.png,DS_CUSTOM_LIBRARY/hack-packs/Infinite_Black_2_Unique_Assets/DexSprites/Wurmple.png,1129,709a747c807d9f6136dda2164d741a2d4e6bd75ac97918f411fec07d9ecbca56
DEX_SPRITE,DexSprites/Wynaut.png,DS_CUSTOM_LIBRARY/hack-packs/Infinite_Black_2_Unique_Assets/DexSprites/Wynaut.png,1023,3a0612840b4d0baeb0f65c9d693b2130844e53628134948e0b85d8b94b55d34c
DEX_SPRITE,DexSprites/Xatu.png,DS_CUSTOM_LIBRARY/hack-packs/Infinite_Black_2_Unique_Assets/DexSprites/Xatu.png,1149,df164027d8705107e466e04de785d5300b740a1733a95443b94f9bf9fbbc6aaf
DEX_SPRITE,DexSprites/Yamask.png,DS_CUSTOM_LIBRARY/hack-packs/Infinite_Black_2_Unique_Assets/DexSprites/Yamask.png,1034,07b8724032dae475fcd819224602ce659f691b96d32cd59838fa8d34823b5188
DEX_SPRITE,DexSprites/Yanma.png,DS_CUSTOM_LIBRARY/hack-packs/Infinite_Black_2_Unique_Assets/DexSprites/Yanma.png,1551,9c7a3fcd92c35ba30a2a15df7b77b3f3a3c1dacacb0823d410f57f867b5548ba
DEX_SPRITE,DexSprites/Yanmega.png,DS_CUSTOM_LIBRARY/hack-packs/Infinite_Black_2_Unique_Assets/DexSprites/Yanmega.png,1762,448964751d217dddc844de73ef33f8c069c41cf637733c5f628795a883463717
DEX_SPRITE,DexSprites/Zangoose.png,DS_CUSTOM_LIBRARY/hack-packs/Infinite_Black_2_Unique_Assets/DexSprites/Zangoose.png,1585,26af6df68ac2daa97e8f9960ff07cb816fe4d17ebb33b8e26f3eb484fd5fcf28
DEX_SPRITE,DexSprites/Zapdos.png,DS_CUSTOM_LIBRARY/hack-packs/Infinite_Black_2_Unique_Assets/DexSprites/Zapdos.png,1952,e6b654b95655147a673efd49265dabd2c587181b97234510751ce45f65d9a844
DEX_SPRITE,DexSprites/Zebstrika.png,DS_CUSTOM_LIBRARY/hack-packs/Infinite_Black_2_Unique_Assets/DexSprites/Zebstrika.png,1951,dfe20d7241fae9b1163f6c6db170510b467e78d6673f04b39a074ff2b57e7876
DEX_SPRITE,DexSprites/Zekrom.png,DS_CUSTOM_LIBRARY/hack-packs/Infinite_Black_2_Unique_Assets/DexSprites/Zekrom.png,3209,630488401c06613d71d4f6fb590767e339b18c2df654fdf2cce9214a7e82bc0c
DEX_SPRITE,DexSprites/Zigzagoon.png,DS_CUSTOM_LIBRARY/hack-packs/Infinite_Black_2_Unique_Assets/DexSprites/Zigzagoon.png,1427,78ddb20ed0cbe408b3422d9c53e2800c162565d052374e87c0ed9c082f17e1d9
DEX_SPRITE,DexSprites/Zoroark.png,DS_CUSTOM_LIBRARY/hack-packs/Infinite_Black_2_Unique_Assets/DexSprites/Zoroark.png,1800,0acea01013622c89d4dcb46d1649fc1175739d97a7748105aededc7e2331d355
DEX_SPRITE,DexSprites/Zorua.png,DS_CUSTOM_LIBRARY/hack-packs/Infinite_Black_2_Unique_Assets/DexSprites/Zorua.png,1215,e6673a0aad480f8935e4d4c939866f758544389f1975d71f11054dc2560ba90e
DEX_SPRITE,DexSprites/Zubat.png,DS_CUSTOM_LIBRARY/hack-packs/Infinite_Black_2_Unique_Assets/DexSprites/Zubat.png,1154,b266423d5083b9fe99b64e57b92874ad0c0a24f769ad7a63af5879392a8613b9
DEX_SPRITE,DexSprites/Zweilous.png,DS_CUSTOM_LIBRARY/hack-packs/Infinite_Black_2_Unique_Assets/DexSprites/Zweilous.png,1647,7b2ef4f591d20f57bf3b570e64df795a239090a178af2f3e4ba0c676604ab2d4
ICON_SPRITE,IconSprites/Abomasnow.png,DS_CUSTOM_LIBRARY/hack-packs/Infinite_Black_2_Unique_Assets/IconSprites/Abomasnow.png,450,659d57352bab1fe46185b8a7a18867a8be4504657688947d949284b04729b1eb
ICON_SPRITE,IconSprites/Abra.png,DS_CUSTOM_LIBRARY/hack-packs/Infinite_Black_2_Unique_Assets/IconSprites/Abra.png,408,a65828047c7839ab18e5493ff4b3877ce54bed90f1065129eb8d5de88931e7fc
ICON_SPRITE,IconSprites/Absol.png,DS_CUSTOM_LIBRARY/hack-packs/Infinite_Black_2_Unique_Assets/IconSprites/Absol.png,458,6cf0977740e0d9f90f2e9402f5b6f514bc20c1e45ba19e5a070fd3d5fbec3cba
ICON_SPRITE,IconSprites/Accelgor.png,DS_CUSTOM_LIBRARY/hack-packs/Infinite_Black_2_Unique_Assets/IconSprites/Accelgor.png,462,bc805ee241023533e4376f74c3558e5046f1566a23ffe59ae5eafe5281e67328
ICON_SPRITE,IconSprites/Aerodactyl.png,DS_CUSTOM_LIBRARY/hack-packs/Infinite_Black_2_Unique_Assets/IconSprites/Aerodactyl.png,404,c34eec24bc933fb4fafebf1a0aeeee0663b59a69f291bfcdb2eadbef83ed7ce5
ICON_SPRITE,IconSprites/Aggron.png,DS_CUSTOM_LIBRARY/hack-packs/Infinite_Black_2_Unique_Assets/IconSprites/Aggron.png,447,1e3b0c0f571b13b95616bf65e546276da3224c7a29c777579dfb72a35544d6f8
ICON_SPRITE,IconSprites/Aipom.png,DS_CUSTOM_LIBRARY/hack-packs/Infinite_Black_2_Unique_Assets/IconSprites/Aipom.png,468,6d3c42ea0c819a2e3b346cd523829f28c0e01c30b2582daad06ef447834f24c7
ICON_SPRITE,IconSprites/Alakazam.png,DS_CUSTOM_LIBRARY/hack-packs/Infinite_Black_2_Unique_Assets/IconSprites/Alakazam.png,493,fbf1ed6fa8cdf7c0d3d66669682a80ed5ec666d6df25b0302ed47c83a76ad2f6
ICON_SPRITE,IconSprites/Alomomola.png,DS_CUSTOM_LIBRARY/hack-packs/Infinite_Black_2_Unique_Assets/IconSprites/Alomomola.png,382,d5180f3f89e011a5c79b607c9ed236ec7898a6b62ff22d0b1ac6f7ad7e442d87
ICON_SPRITE,IconSprites/Altaria.png,DS_CUSTOM_LIBRARY/hack-packs/Infinite_Black_2_Unique_Assets/IconSprites/Altaria.png,447,b5b4ab4782f2dd265980aed9dc9d1f1b3661479fdd526f04646fb473b8a44148
ICON_SPRITE,IconSprites/Amaura.png,DS_CUSTOM_LIBRARY/hack-packs/Infinite_Black_2_Unique_Assets/IconSprites/Amaura.png,436,4223ae3cc6967617fd227d644497c8347616521da277d29ad7bf472bf6693e7c
ICON_SPRITE,IconSprites/Ambipom.png,DS_CUSTOM_LIBRARY/hack-packs/Infinite_Black_2_Unique_Assets/IconSprites/Ambipom.png,537,91f6b1ea32c330eff0afce3e67afac7a3559d36fa8e6a157d8b4b8710e5a6a00
ICON_SPRITE,IconSprites/Amoonguss.png,DS_CUSTOM_LIBRARY/hack-packs/Infinite_Black_2_Unique_Assets/IconSprites/Amoonguss.png,415,ca18396e700302751d0cfb794cabba25d73a148a2d308b2e8812a8f5fedddb3b
ICON_SPRITE,IconSprites/Ampharos.png,DS_CUSTOM_LIBRARY/hack-packs/Infinite_Black_2_Unique_Assets/IconSprites/Ampharos.png,498,a0869989d654b4df3f4ffb3453780809dd9bab5e0af3df3eb222b3b6a53dfd5e
ICON_SPRITE,IconSprites/Anorith.png,DS_CUSTOM_LIBRARY/hack-packs/Infinite_Black_2_Unique_Assets/IconSprites/Anorith.png,474,f77505ce8b3bbe31a01fb77813618298cea9ec4ab0bc9ae01465d0c1ff0fa25a
ICON_SPRITE,IconSprites/Arbok.png,DS_CUSTOM_LIBRARY/hack-packs/Infinite_Black_2_Unique_Assets/IconSprites/Arbok.png,413,618c639cb422d22e0ac142d1b027218b488e6eb5d8c59a10161252c33f556b76
ICON_SPRITE,IconSprites/Arcanine.png,DS_CUSTOM_LIBRARY/hack-packs/Infinite_Black_2_Unique_Assets/IconSprites/Arcanine.png,531,8d2f590fc545eac6579b1870a19bac9b0e0889b72e442de4ad43575ffd7fd2e9
ICON_SPRITE,IconSprites/Arceus.png,DS_CUSTOM_LIBRARY/hack-packs/Infinite_Black_2_Unique_Assets/IconSprites/Arceus.png,556,cb5439d423d448d150699998d627a4994f9532a1bb0bcfce5c9857d976f9ccdf
ICON_SPRITE,IconSprites/Archen.png,DS_CUSTOM_LIBRARY/hack-packs/Infinite_Black_2_Unique_Assets/IconSprites/Archen.png,416,6f8e4f78cd6d12af06011184580d96311a88509265ec9965be2060cbc7084544
ICON_SPRITE,IconSprites/Archeops.png,DS_CUSTOM_LIBRARY/hack-packs/Infinite_Black_2_Unique_Assets/IconSprites/Archeops.png,532,67cd4add6254e65b4c1976c148c71e4908e6636d14994a899d2c283325818599
ICON_SPRITE,IconSprites/Ariados.png,DS_CUSTOM_LIBRARY/hack-packs/Infinite_Black_2_Unique_Assets/IconSprites/Ariados.png,492,72c11c5b660ae0e2ff2707d91d7074b26784f7539653620d508a3f48e9251b3c
ICON_SPRITE,IconSprites/Armaldo.png,DS_CUSTOM_LIBRARY/hack-packs/Infinite_Black_2_Unique_Assets/IconSprites/Armaldo.png,460,1e2509f8917a0e0efef3441c39842d6b682a3177ecd03976ff2841ee7baf2d3f
ICON_SPRITE,IconSprites/Aron.png,DS_CUSTOM_LIBRARY/hack-packs/Infinite_Black_2_Unique_Assets/IconSprites/Aron.png,355,b7045b4f2766ebcaf8173a2f103b625cc85ca01fab7a2cb996022a6124d02ad2
ICON_SPRITE,IconSprites/Articuno.png,DS_CUSTOM_LIBRARY/hack-packs/Infinite_Black_2_Unique_Assets/IconSprites/Articuno.png,418,5cf275096cc79747eceffe4e7027e13e0fb9b59ded5fd36c53041e6bf671d8f4
ICON_SPRITE,IconSprites/Audino.png,DS_CUSTOM_LIBRARY/hack-packs/Infinite_Black_2_Unique_Assets/IconSprites/Audino.png,493,e99238e3ee8fcc10b1f3131d8ad778b3e59266d84c92fb01758e0af5c360d2b8
ICON_SPRITE,IconSprites/Auroras.png,DS_CUSTOM_LIBRARY/hack-packs/Infinite_Black_2_Unique_Assets/IconSprites/Auroras.png,519,a7b82822018300d008809aa32bea733d455045f65020f0a0b3bcc703bd393c40
ICON_SPRITE,IconSprites/Axew.png,DS_CUSTOM_LIBRARY/hack-packs/Infinite_Black_2_Unique_Assets/IconSprites/Axew.png,397,b72a221d9c9e915d61b383cb66d9532e47e2b8299759d4c218d80f17e88c247c
ICON_SPRITE,IconSprites/Azelf.png,DS_CUSTOM_LIBRARY/hack-packs/Infinite_Black_2_Unique_Assets/IconSprites/Azelf.png,496,1397d4c323c03237c0d57082e80e0f3edde4b1cec15c0eb8dc920aced8ae9c8f
ICON_SPRITE,IconSprites/Azumarill.png,DS_CUSTOM_LIBRARY/hack-packs/Infinite_Black_2_Unique_Assets/IconSprites/Azumarill.png,455,475928c7c00be81ca1b5f9200b204d00f82ec1832e35d97f0e3c00bfbe4310a3
ICON_SPRITE,IconSprites/Azurill.png,DS_CUSTOM_LIBRARY/hack-packs/Infinite_Black_2_Unique_Assets/IconSprites/Azurill.png,384,4cb318877ee00b632a2b6b194aeb68f900a25be20ca10a9e07663823e2e9f568
ICON_SPRITE,IconSprites/Bagon.png,DS_CUSTOM_LIBRARY/hack-packs/Infinite_Black_2_Unique_Assets/IconSprites/Bagon.png,420,453ac2c8efd5960b0aa7ac6156fe6a37703bac0f0cd19442b2435ffad96f96ed
ICON_SPRITE,IconSprites/Baltoy.png,DS_CUSTOM_LIBRARY/hack-packs/Infinite_Black_2_Unique_Assets/IconSprites/Baltoy.png,398,46ce6b7f1732ad95decd6de684d38377653efbf8d2e8b228ba0032450cb2144c
ICON_SPRITE,IconSprites/Banette.png,DS_CUSTOM_LIBRARY/hack-packs/Infinite_Black_2_Unique_Assets/IconSprites/Banette.png,392,adf5bc3182722bc6f5e30f1e33999b0df3f8da2bc2d499cfe4d588842ca0ff50
ICON_SPRITE,IconSprites/Barboach.png,DS_CUSTOM_LIBRARY/hack-packs/Infinite_Black_2_Unique_Assets/IconSprites/Barboach.png,398,801967f48ec35e474352b7e64a61766f4d02ff12ac399376633eddadae3d4031
ICON_SPRITE,IconSprites/Basculin (1).png,DS_CUSTOM_LIBRARY/hack-packs/Infinite_Black_2_Unique_Assets/IconSprites/Basculin (1).png,375,cccea5db26784e714feaa97f932f9a594dc1e0ed6b33ad8ec6d4b4c5baac08bb
ICON_SPRITE,IconSprites/Basculin.png,DS_CUSTOM_LIBRARY/hack-packs/Infinite_Black_2_Unique_Assets/IconSprites/Basculin.png,378,cb1c6e2a02e6f0a412a41f1ddfb5e5758ba5e7289f467fe5a84661a65845a957
ICON_SPRITE,IconSprites/Bastiodon.png,DS_CUSTOM_LIBRARY/hack-packs/Infinite_Black_2_Unique_Assets/IconSprites/Bastiodon.png,496,83862cec77de03eec8014652d078bff0a22897d1a878487cc771e84aea71ffda
ICON_SPRITE,IconSprites/Bayleef.png,DS_CUSTOM_LIBRARY/hack-packs/Infinite_Black_2_Unique_Assets/IconSprites/Bayleef.png,436,e20bf602ad5c4e9d9a245853a1234af213b197cf9a006b7df3ac91b890cdff15
ICON_SPRITE,IconSprites/Beartic.png,DS_CUSTOM_LIBRARY/hack-packs/Infinite_Black_2_Unique_Assets/IconSprites/Beartic.png,471,bd9edb3deb4d5061493ace369f2b3f65f6647db4c6b308e44567341c16d6e15f
ICON_SPRITE,IconSprites/Beautifly.png,DS_CUSTOM_LIBRARY/hack-packs/Infinite_Black_2_Unique_Assets/IconSprites/Beautifly.png,525,b88bc39b380cb99cbfd24f3c1021f6a4e2436852f349b8df926b6a0f01492b48
ICON_SPRITE,IconSprites/Beedrill.png,DS_CUSTOM_LIBRARY/hack-packs/Infinite_Black_2_Unique_Assets/IconSprites/Beedrill.png,491,4c91f57ab1faef597499088f1594de420c9f769f3205b2ecefb9469c7370eb3a
ICON_SPRITE,IconSprites/Beheeyem.png,DS_CUSTOM_LIBRARY/hack-packs/Infinite_Black_2_Unique_Assets/IconSprites/Beheeyem.png,403,25df136367d90245b7fc6f76a1bf30301621364ef683cc17b4dfd50452da1bf0
ICON_SPRITE,IconSprites/Beldum.png,DS_CUSTOM_LIBRARY/hack-packs/Infinite_Black_2_Unique_Assets/IconSprites/Beldum.png,435,4d91e08ddcc74da78b6dc4d4991daa199c699ca2a4068ea343df50d1c443a80c
ICON_SPRITE,IconSprites/Bellossom.png,DS_CUSTOM_LIBRARY/hack-packs/Infinite_Black_2_Unique_Assets/IconSprites/Bellossom.png,464,b37ebb94b38dea7197cde7e525554bdbbb5cf1100f481a108b2095f5ba178aa8
ICON_SPRITE,IconSprites/Bibarel.png,DS_CUSTOM_LIBRARY/hack-packs/Infinite_Black_2_Unique_Assets/IconSprites/Bibarel.png,450,85029250c47c471c85100ae1a0edf6467e064f7656716bba98a1770749fa508d
ICON_SPRITE,IconSprites/Bidoof.png,DS_CUSTOM_LIBRARY/hack-packs/Infinite_Black_2_Unique_Assets/IconSprites/Bidoof.png,381,57b3ab8481f0642fef06fb9efaea95b1658a978e0f69356b483642327b429ae6
ICON_SPRITE,IconSprites/Bisharp.png,DS_CUSTOM_LIBRARY/hack-packs/Infinite_Black_2_Unique_Assets/IconSprites/Bisharp.png,474,351af23a4d3394722b7cee1555a5cc45612a8e9986ffe61f7d73b61abeb53bbd
ICON_SPRITE,IconSprites/Blastoise.png,DS_CUSTOM_LIBRARY/hack-packs/Infinite_Black_2_Unique_Assets/IconSprites/Blastoise.png,482,d594541b0c433d2222a3c2f6229911b01f1d40e4926bda18bdbc79f0be734233
ICON_SPRITE,IconSprites/Blaziken.png,DS_CUSTOM_LIBRARY/hack-packs/Infinite_Black_2_Unique_Assets/IconSprites/Blaziken.png,511,c62977a69def013b3573e735adbc7bd958dd236521736bbd45fecc43dadd0fa7
ICON_SPRITE,IconSprites/Blissey.png,DS_CUSTOM_LIBRARY/hack-packs/Infinite_Black_2_Unique_Assets/IconSprites/Blissey.png,487,da45d382d9c80bdd1af0d9b3427efbf980e45fc48c1218a0f3968abe6037e7e2
ICON_SPRITE,IconSprites/Blitzle.png,DS_CUSTOM_LIBRARY/hack-packs/Infinite_Black_2_Unique_Assets/IconSprites/Blitzle.png,466,6df9b390db207065abcf27c60bea4d6fd8ad9c66068529691ddfe16689b1989c
ICON_SPRITE,IconSprites/Boldore.png,DS_CUSTOM_LIBRARY/hack-packs/Infinite_Black_2_Unique_Assets/IconSprites/Boldore.png,467,90cb922262305930355ca408b228ac1a8e660722097939088339565d5e1ea9f7
ICON_SPRITE,IconSprites/Bonsly.png,DS_CUSTOM_LIBRARY/hack-packs/Infinite_Black_2_Unique_Assets/IconSprites/Bonsly.png,396,11b2309ce4acb9aa97ac51544f816bdef54d85b90f73847be76f2453fbc29186
ICON_SPRITE,IconSprites/Bouffalant.png,DS_CUSTOM_LIBRARY/hack-packs/Infinite_Black_2_Unique_Assets/IconSprites/Bouffalant.png,474,68f2037486790dc9b9a1256cc0788287d24955c6ed53eac0d06e0b9051e600f0
ICON_SPRITE,IconSprites/Braixen.png,DS_CUSTOM_LIBRARY/hack-packs/Infinite_Black_2_Unique_Assets/IconSprites/Braixen.png,488,57b4f4922f159309b7f1b9a254b7b16c68bbdcf1a0189dc4e960576171136daa
ICON_SPRITE,IconSprites/Braviary.png,DS_CUSTOM_LIBRARY/hack-packs/Infinite_Black_2_Unique_Assets/IconSprites/Braviary.png,505,2d8713246b7b8076638e901d174e88bd937d38597802ab472cb6fb5db38137ef
ICON_SPRITE,IconSprites/Breloom.png,DS_CUSTOM_LIBRARY/hack-packs/Infinite_Black_2_Unique_Assets/IconSprites/Breloom.png,471,11de8c55f8c323f606211b3b643974aa94d506171d1ed2ce357c1e5aa93d86b3
ICON_SPRITE,IconSprites/Bronzong.png,DS_CUSTOM_LIBRARY/hack-packs/Infinite_Black_2_Unique_Assets/IconSprites/Bronzong.png,438,3cc1ae69413ce0c97d033f707585fc66e548e6aef6089ad019bcf11a122e362b
ICON_SPRITE,IconSprites/Bronzor.png,DS_CUSTOM_LIBRARY/hack-packs/Infinite_Black_2_Unique_Assets/IconSprites/Bronzor.png,359,8fe9d89a81a4326e44592fee980dc3cfe0fa14fa4c2ab671394eb29ff5b77bae
ICON_SPRITE,IconSprites/Budew.png,DS_CUSTOM_LIBRARY/hack-packs/Infinite_Black_2_Unique_Assets/IconSprites/Budew.png,381,093c21f12549c4a208cd52eaba46528bbd2c0e945d0c43134beef7e4d5a8fefb
ICON_SPRITE,IconSprites/Buizel.png,DS_CUSTOM_LIBRARY/hack-packs/Infinite_Black_2_Unique_Assets/IconSprites/Buizel.png,427,ef8c212457db711f99634116ec4b30eeb6d324728587a635bb560447bcc49e40
ICON_SPRITE,IconSprites/Bulbasaur.png,DS_CUSTOM_LIBRARY/hack-packs/Infinite_Black_2_Unique_Assets/IconSprites/Bulbasaur.png,394,a89174e178e847f1bd0fe3127656199c36a1c25d2447edd28682648ecf737353
ICON_SPRITE,IconSprites/Buneary.png,DS_CUSTOM_LIBRARY/hack-packs/Infinite_Black_2_Unique_Assets/IconSprites/Buneary.png,383,d4a28fa3d747abe3013e15b86c2bb25a38dfe6e53c841861724432e73585d44a
ICON_SPRITE,IconSprites/Burmy.png,DS_CUSTOM_LIBRARY/hack-packs/Infinite_Black_2_Unique_Assets/IconSprites/Burmy.png,436,5bcfa5a3d8e9b3976019be18673caafdee25b4280386ec0d8254931b80ab3686
ICON_SPRITE,IconSprites/Butterfree.png,DS_CUSTOM_LIBRARY/hack-packs/Infinite_Black_2_Unique_Assets/IconSprites/Butterfree.png,488,f37521c0bac3c841420fccd3c594aa2089d9ac9ec0d7d2ee0172c4681d3af5ca
ICON_SPRITE,IconSprites/Cacnea.png,DS_CUSTOM_LIBRARY/hack-packs/Infinite_Black_2_Unique_Assets/IconSprites/Cacnea.png,449,f97a65a57ae958a486442297f32eb8ae5adc3f881716d2fa5d4b1c2d2a459a97
ICON_SPRITE,IconSprites/Cacturne.png,DS_CUSTOM_LIBRARY/hack-packs/Infinite_Black_2_Unique_Assets/IconSprites/Cacturne.png,406,39cc69ad08f2f2d7e0ce2b641aef3f7635ea626a1ad974ca71618575b5b55988
ICON_SPRITE,IconSprites/Camerupt.png,DS_CUSTOM_LIBRARY/hack-packs/Infinite_Black_2_Unique_Assets/IconSprites/Camerupt.png,475,cd20165513cfe894a3466c73735fe9e8f988988cf013d831889a1b04806055c4
ICON_SPRITE,IconSprites/Carnivine.png,DS_CUSTOM_LIBRARY/hack-packs/Infinite_Black_2_Unique_Assets/IconSprites/Carnivine.png,474,215a0d1b1890d725353df7bc822ba38da0ba2c329bf7633435336cb029191443
ICON_SPRITE,IconSprites/Carracosta.png,DS_CUSTOM_LIBRARY/hack-packs/Infinite_Black_2_Unique_Assets/IconSprites/Carracosta.png,522,b0f6f55d17fb7a631584925c1cbb3de62c2be8b9d65be0d8954f0b6520b3f0ab
ICON_SPRITE,IconSprites/Carvanha.png,DS_CUSTOM_LIBRARY/hack-packs/Infinite_Black_2_Unique_Assets/IconSprites/Carvanha.png,435,98f52b4d1746a6df770458af02c57b287206a0fee1ba89d5de28f2eb397ed3ec
ICON_SPRITE,IconSprites/Cascoon.png,DS_CUSTOM_LIBRARY/hack-packs/Infinite_Black_2_Unique_Assets/IconSprites/Cascoon.png,419,c35a636aa4ea874feb55f9229dedd7ffeddad030f7fb01d4a2524bc39c080895
ICON_SPRITE,IconSprites/Castform (1).png,DS_CUSTOM_LIBRARY/hack-packs/Infinite_Black_2_Unique_Assets/IconSprites/Castform (1).png,438,2965901052a9dca4be48071304867c089d61dbc87ccba745735543e8ea23759d
ICON_SPRITE,IconSprites/Castform (2).png,DS_CUSTOM_LIBRARY/hack-packs/Infinite_Black_2_Unique_Assets/IconSprites/Castform (2).png,396,246b710a41c7418bd95a3cc0862aba5afb1a41c630bd8cf8861fb4256559efc0
ICON_SPRITE,IconSprites/Castform (3).png,DS_CUSTOM_LIBRARY/hack-packs/Infinite_Black_2_Unique_Assets/IconSprites/Castform (3).png,428,9d3abdee1331c72d4e5e6069c23f0b9099cffb61b368914ab833756b492696a2
ICON_SPRITE,IconSprites/Castform (4).png,DS_CUSTOM_LIBRARY/hack-packs/Infinite_Black_2_Unique_Assets/IconSprites/Castform (4).png,424,999f6d8eec924c731c11fc8af815d81f7517d7e8ffa05d030494c6630732cc16
ICON_SPRITE,IconSprites/Castform.png,DS_CUSTOM_LIBRARY/hack-packs/Infinite_Black_2_Unique_Assets/IconSprites/Castform.png,332,b92c7ed7ac51d304760d31a00d6305e5aa907af215e97284644a38349be1b39a
ICON_SPRITE,IconSprites/Caterpie.png,DS_CUSTOM_LIBRARY/hack-packs/Infinite_Black_2_Unique_Assets/IconSprites/Caterpie.png,344,3cb8ff4789b5b0a8fab5c8d4373016b64eee22a299f0c97e34913a46dde7facc
ICON_SPRITE,IconSprites/Celebi.png,DS_CUSTOM_LIBRARY/hack-packs/Infinite_Black_2_Unique_Assets/IconSprites/Celebi.png,379,afaae31757d3c4e863029d9ba93d59f699937e57dec7dc41ac855e8c287d3628
ICON_SPRITE,IconSprites/Chandelure.png,DS_CUSTOM_LIBRARY/hack-packs/Infinite_Black_2_Unique_Assets/IconSprites/Chandelure.png,482,95ea03fced42bfc5424e8d3713bc0a5f7013d274112063bbd60a5b96d7709f35
ICON_SPRITE,IconSprites/Chansey.png,DS_CUSTOM_LIBRARY/hack-packs/Infinite_Black_2_Unique_Assets/IconSprites/Chansey.png,383,3e5b6e5e72944bdefa5e4db37143961e37f8af985f30573087b8d53eeed20d86
ICON_SPRITE,IconSprites/Charizard.png,DS_CUSTOM_LIBRARY/hack-packs/Infinite_Black_2_Unique_Assets/IconSprites/Charizard.png,497,e9d6a220e2964a6ab3fd3a44e92c716265b3035befb9adb515f97352d95c5146
ICON_SPRITE,IconSprites/Charjabug.png,DS_CUSTOM_LIBRARY/hack-packs/Infinite_Black_2_Unique_Assets/IconSprites/Charjabug.png,394,8edd9076aa886287590ff482926d5ae0d826589d4e2f015850ccad0f35ae70c7
ICON_SPRITE,IconSprites/Charmander.png,DS_CUSTOM_LIBRARY/hack-packs/Infinite_Black_2_Unique_Assets/IconSprites/Charmander.png,383,9e497ad8ec29a30acb1eee67c3b286e4c85266c0714a1feb2994008966934333
ICON_SPRITE,IconSprites/Charmeleon.png,DS_CUSTOM_LIBRARY/hack-packs/Infinite_Black_2_Unique_Assets/IconSprites/Charmeleon.png,449,8ae36fa56f20e67504b9d7b05ee6225b0ab0388f824b4ee9f8ab5c89abd6eedc
ICON_SPRITE,IconSprites/Chatot.png,DS_CUSTOM_LIBRARY/hack-packs/Infinite_Black_2_Unique_Assets/IconSprites/Chatot.png,439,5d10f964017d22073a8ba4e5a30cf66833fe94d6e28e4f3973572f2ce70b5fbd
ICON_SPRITE,IconSprites/Cherrim (1).png,DS_CUSTOM_LIBRARY/hack-packs/Infinite_Black_2_Unique_Assets/IconSprites/Cherrim (1).png,478,a28c452d77b640a61edf16c836dd557f965ee1c1b8bfc623135297761512e8db
ICON_SPRITE,IconSprites/Cherrim.png,DS_CUSTOM_LIBRARY/hack-packs/Infinite_Black_2_Unique_Assets/IconSprites/Cherrim.png,410,6d367963fc6978579994d0ed498cce43e686695b61e2f104c9d890be050fed0b
ICON_SPRITE,IconSprites/Cherubi.png,DS_CUSTOM_LIBRARY/hack-packs/Infinite_Black_2_Unique_Assets/IconSprites/Cherubi.png,397,54d0a947fb27bead49f527e141162692831338dd79cf45e8e82bd20597ca654c
ICON_SPRITE,IconSprites/Chikorita.png,DS_CUSTOM_LIBRARY/hack-packs/Infinite_Black_2_Unique_Assets/IconSprites/Chikorita.png,384,bb68cb979aea927552b47b1bde01cd63aa15b1f6c5e1871f5b7cdf9f194dd565
ICON_SPRITE,IconSprites/Chimchar.png,DS_CUSTOM_LIBRARY/hack-packs/Infinite_Black_2_Unique_Assets/IconSprites/Chimchar.png,404,be6961717f7c397cd1d87e4eeb0e38801ed338edc1a07e02352957f4f1600e35
ICON_SPRITE,IconSprites/Chimecho.png,DS_CUSTOM_LIBRARY/hack-packs/Infinite_Black_2_Unique_Assets/IconSprites/Chimecho.png,377,f4b30dbcfe65e29706f1a4fef091196df4206db38d7f6af6b4385a30de3f69e4
ICON_SPRITE,IconSprites/Chinchou.png,DS_CUSTOM_LIBRARY/hack-packs/Infinite_Black_2_Unique_Assets/IconSprites/Chinchou.png,414,a17bd3e2221583126ed3b77d39b7b8db55b07569ab0bb33b855e225acf463633
ICON_SPRITE,IconSprites/Chingling.png,DS_CUSTOM_LIBRARY/hack-packs/Infinite_Black_2_Unique_Assets/IconSprites/Chingling.png,419,415832dc0db1c2047aa915658d83b5c6e90c400cddb814d4dc2e245aaec4cdc7
ICON_SPRITE,IconSprites/Cinccino.png,DS_CUSTOM_LIBRARY/hack-packs/Infinite_Black_2_Unique_Assets/IconSprites/Cinccino.png,479,ff81aaacb37d78d8ae7fb0f5cee3b27112025dc16fece503f9ddfa16835e3703
ICON_SPRITE,IconSprites/Clamperl.png,DS_CUSTOM_LIBRARY/hack-packs/Infinite_Black_2_Unique_Assets/IconSprites/Clamperl.png,417,91151ad7161364fac555126cf28dd711b1dfb5cbf95cd2c3453823e33e79bb20
ICON_SPRITE,IconSprites/Claydol.png,DS_CUSTOM_LIBRARY/hack-packs/Infinite_Black_2_Unique_Assets/IconSprites/Claydol.png,430,bdb9259a622acb1ff826cff69c2ba98d7cdb9ec66960c26730caff9b0d996b4b
ICON_SPRITE,IconSprites/Clefable.png,DS_CUSTOM_LIBRARY/hack-packs/Infinite_Black_2_Unique_Assets/IconSprites/Clefable.png,432,d0c0aadd91f27e0a83634b1809a387bdc6cc247c1f0c05a6b155e3961a7adabb
ICON_SPRITE,IconSprites/Clefairy.png,DS_CUSTOM_LIBRARY/hack-packs/Infinite_Black_2_Unique_Assets/IconSprites/Clefairy.png,412,5d18443ec5bade8dddb8e040cc6dbcfbe24154afd420e8155506b58b9545d320
ICON_SPRITE,IconSprites/Cleffa.png,DS_CUSTOM_LIBRARY/hack-packs/Infinite_Black_2_Unique_Assets/IconSprites/Cleffa.png,366,6114a04e5ecce34efe25b564b4c19cc97a536769303f16ddb53794d04b959e8c
ICON_SPRITE,IconSprites/Clodsire.png,DS_CUSTOM_LIBRARY/hack-packs/Infinite_Black_2_Unique_Assets/IconSprites/Clodsire.png,386,c92b0d09576a031bf72af796703b678ff8e5b8e362744546881ccd31245f024d
ICON_SPRITE,IconSprites/Cloyster.png,DS_CUSTOM_LIBRARY/hack-packs/Infinite_Black_2_Unique_Assets/IconSprites/Cloyster.png,513,00ae1f241c595cd1592283ae3f0117bc5a61eb52eb4aba4179c1bd32b18f47f1
ICON_SPRITE,IconSprites/Cobalion.png,DS_CUSTOM_LIBRARY/hack-packs/Infinite_Black_2_Unique_Assets/IconSprites/Cobalion.png,490,cebae364f2288ffc891229a52bc62847fb2973e1b936c1a2a0faf57c6114c506
ICON_SPRITE,IconSprites/Cofagrigus.png,DS_CUSTOM_LIBRARY/hack-packs/Infinite_Black_2_Unique_Assets/IconSprites/Cofagrigus.png,582,5ab974ab0206d9695c908152ca9ff4da0ed09613b2de2fc2ff487b4af279ba9c
ICON_SPRITE,IconSprites/Combee.png,DS_CUSTOM_LIBRARY/hack-packs/Infinite_Black_2_Unique_Assets/IconSprites/Combee.png,428,5b3ae6553f45fa07a766b1dba7bc8e0278930fc6a8eee454f24e81d3e1b9270a
ICON_SPRITE,IconSprites/Combusken.png,DS_CUSTOM_LIBRARY/hack-packs/Infinite_Black_2_Unique_Assets/IconSprites/Combusken.png,450,ad07dbc62ca08b99ff45cc54bba26e0cab7fa657c5d683d48aea0147414b0913
ICON_SPRITE,IconSprites/Conkeldurr.png,DS_CUSTOM_LIBRARY/hack-packs/Infinite_Black_2_Unique_Assets/IconSprites/Conkeldurr.png,555,83165b6523df01f451a251f99fe7293a5a9aa3e00ab412e3113e7f909fc77040
ICON_SPRITE,IconSprites/Corphish.png,DS_CUSTOM_LIBRARY/hack-packs/Infinite_Black_2_Unique_Assets/IconSprites/Corphish.png,395,393d638b7787d7460ba2f23d8bcaed648db69c3fe7f75d43f235ba3ce83c8fc5
ICON_SPRITE,IconSprites/Corsola.png,DS_CUSTOM_LIBRARY/hack-packs/Infinite_Black_2_Unique_Assets/IconSprites/Corsola.png,440,09a428f561d1db9ed846bc2f99dc67696a1bf3d597cd5a4e2c49512e4de04ff6
ICON_SPRITE,IconSprites/Cottonee.png,DS_CUSTOM_LIBRARY/hack-packs/Infinite_Black_2_Unique_Assets/IconSprites/Cottonee.png,396,b1817491e3cad2f81447e78b89cbb5c3d0d2874a7b5cc760f62ace605568eaa6
ICON_SPRITE,IconSprites/Cradily.png,DS_CUSTOM_LIBRARY/hack-packs/Infinite_Black_2_Unique_Assets/IconSprites/Cradily.png,498,3af964efa0ac505fde9edd8237209a6536891f7a1d5e0ad3c49b6236ea129a9e
ICON_SPRITE,IconSprites/Cranidos.png,DS_CUSTOM_LIBRARY/hack-packs/Infinite_Black_2_Unique_Assets/IconSprites/Cranidos.png,438,b9d89022d5e26b1671d7c61891ef86c3c0931985b92a47808ae7379e2ef534db
ICON_SPRITE,IconSprites/Crawdaunt.png,DS_CUSTOM_LIBRARY/hack-packs/Infinite_Black_2_Unique_Assets/IconSprites/Crawdaunt.png,461,3c8e242963a3fc7139f763b418aab71c8fa690e79772d1ed7a0ca3aa59ca705c
ICON_SPRITE,IconSprites/Cresselia.png,DS_CUSTOM_LIBRARY/hack-packs/Infinite_Black_2_Unique_Assets/IconSprites/Cresselia.png,526,d8bd5747cdfb2dba262f26ff0689acc442cf28c91c038aa18a6756b04b842b95
ICON_SPRITE,IconSprites/Croagunk.png,DS_CUSTOM_LIBRARY/hack-packs/Infinite_Black_2_Unique_Assets/IconSprites/Croagunk.png,417,1ae6f38281e40c64484a35d6854781ccc22c78063b2fb941949743da9204e231
ICON_SPRITE,IconSprites/Crobat.png,DS_CUSTOM_LIBRARY/hack-packs/Infinite_Black_2_Unique_Assets/IconSprites/Crobat.png,450,e83603191e8bff6171ba610f84d180df07f1e44c6abb64f40c9342ac72434f0e
ICON_SPRITE,IconSprites/Croconaw.png,DS_CUSTOM_LIBRARY/hack-packs/Infinite_Black_2_Unique_Assets/IconSprites/Croconaw.png,434,dd8a96a1b95778be051e32688c488e51610dc5b7d39489524594da088e647312
ICON_SPRITE,IconSprites/Crustle.png,DS_CUSTOM_LIBRARY/hack-packs/Infinite_Black_2_Unique_Assets/IconSprites/Crustle.png,514,735b08326972023173d75b08035d6980e04adc1685d9f9bd3431d2a339f0f335
ICON_SPRITE,IconSprites/Cryogonal.png,DS_CUSTOM_LIBRARY/hack-packs/Infinite_Black_2_Unique_Assets/IconSprites/Cryogonal.png,483,7979388870aceac5766c9d0babdcfbab24b970cc95c0f0aa9450904b3d31e996
ICON_SPRITE,IconSprites/Cubchoo.png,DS_CUSTOM_LIBRARY/hack-packs/Infinite_Black_2_Unique_Assets/IconSprites/Cubchoo.png,398,67a1b7d0eac5ea4c142703eaf74d2158ec899408a26d09e01f7bd6808dccf84f
ICON_SPRITE,IconSprites/Cubone.png,DS_CUSTOM_LIBRARY/hack-packs/Infinite_Black_2_Unique_Assets/IconSprites/Cubone.png,372,06ace94462c24a54c6e177a48499f9cc88feeddb9bc687006fbfaae75a19f820
ICON_SPRITE,IconSprites/Cutiefly.png,DS_CUSTOM_LIBRARY/hack-packs/Infinite_Black_2_Unique_Assets/IconSprites/Cutiefly.png,395,d8347e295445fa96ff3d0be519a33da50ba78c52548a8469fceb3daf477a2c09
ICON_SPRITE,IconSprites/Cyndaquil.png,DS_CUSTOM_LIBRARY/hack-packs/Infinite_Black_2_Unique_Assets/IconSprites/Cyndaquil.png,393,5d72a18190c1a92f77802330c1df018f01bf79883aa0afb95adbe3e1fd798608
ICON_SPRITE,IconSprites/Darkrai.png,DS_CUSTOM_LIBRARY/hack-packs/Infinite_Black_2_Unique_Assets/IconSprites/Darkrai.png,542,9696569e8db707a3c16474600458005698c5ad0fc46e93fccae976c84040db58
ICON_SPRITE,IconSprites/Darmanitan (1).png,DS_CUSTOM_LIBRARY/hack-packs/Infinite_Black_2_Unique_Assets/IconSprites/Darmanitan (1).png,408,94e3b654dee170a327a25ba2d7240c96cedc54683595baa5a181b36902bfbfdd
ICON_SPRITE,IconSprites/Darmanitan.png,DS_CUSTOM_LIBRARY/hack-packs/Infinite_Black_2_Unique_Assets/IconSprites/Darmanitan.png,458,5ce1c1fea60a500ddac2d3b1d04d9608eb478baca979a4a5e6c19c755642e17f
ICON_SPRITE,IconSprites/Dartrix.png,DS_CUSTOM_LIBRARY/hack-packs/Infinite_Black_2_Unique_Assets/IconSprites/Dartrix.png,445,ba33858d804508eb575938685bc5d061aea46c52b84c49cd68a390ad14ffb714
ICON_SPRITE,IconSprites/Darumaka.png,DS_CUSTOM_LIBRARY/hack-packs/Infinite_Black_2_Unique_Assets/IconSprites/Darumaka.png,379,26458dfc2a81bb7d3fdc3521cdea0c0e16255d756c68452222109fcfdf9db3fd
ICON_SPRITE,IconSprites/Decidueye.png,DS_CUSTOM_LIBRARY/hack-packs/Infinite_Black_2_Unique_Assets/IconSprites/Decidueye.png,490,7bb7dd19d846b5124c1d7ae6df2b4561e4f8386ef4722423a0b10161d53aa727
ICON_SPRITE,IconSprites/Deerling (1).png,DS_CUSTOM_LIBRARY/hack-packs/Infinite_Black_2_Unique_Assets/IconSprites/Deerling (1).png,454,ef46fe54406de05e779274decb9c0c2cb83fff0b884652b9302e6b137e1c16cb
ICON_SPRITE,IconSprites/Deerling (2).png,DS_CUSTOM_LIBRARY/hack-packs/Infinite_Black_2_Unique_Assets/IconSprites/Deerling (2).png,453,e07d55ac9eb0012438314523e59715ec5ebdb39628b831b553217ffae40a9fe6
ICON_SPRITE,IconSprites/Deerling (3).png,DS_CUSTOM_LIBRARY/hack-packs/Infinite_Black_2_Unique_Assets/IconSprites/Deerling (3).png,447,6cf839b1c61e2681ebea0ea6d9a4042ac2faff981eeb52837d0b504d697cd04e
ICON_SPRITE,IconSprites/Deerling.png,DS_CUSTOM_LIBRARY/hack-packs/Infinite_Black_2_Unique_Assets/IconSprites/Deerling.png,451,a5ae7012fc665a60cb504cffc8a10b7d9e24a62ed4167a6224e9c3112cbf7c82
ICON_SPRITE,IconSprites/Deino.png,DS_CUSTOM_LIBRARY/hack-packs/Infinite_Black_2_Unique_Assets/IconSprites/Deino.png,378,b32d6384d4215dda582d03f85820bf1ad1b8dcf328c0dcb79b50e8b0d9dbfd84
ICON_SPRITE,IconSprites/Delcatty.png,DS_CUSTOM_LIBRARY/hack-packs/Infinite_Black_2_Unique_Assets/IconSprites/Delcatty.png,458,1fe416bf595ff9697d30688cd2409c20226d59839bad8f63fe0adcf93e59b03a
ICON_SPRITE,IconSprites/Delibird.png,DS_CUSTOM_LIBRARY/hack-packs/Infinite_Black_2_Unique_Assets/IconSprites/Delibird.png,461,76460e9d2bb0f64364eeafcec60dc4ab31549d397738dbe234d49d1fc6a95299
ICON_SPRITE,IconSprites/Delphox.png,DS_CUSTOM_LIBRARY/hack-packs/Infinite_Black_2_Unique_Assets/IconSprites/Delphox.png,531,fb2424f85746e6d9864ea265d3a73401e1b883b22798d20dcbf6883d544141f4
ICON_SPRITE,IconSprites/Deoxys (1).png,DS_CUSTOM_LIBRARY/hack-packs/Infinite_Black_2_Unique_Assets/IconSprites/Deoxys (1).png,517,5f9f737ad1a000db9ea9055f42d74320252f55988c44fa7189aa4b2691bb42db
ICON_SPRITE,IconSprites/Deoxys (2).png,DS_CUSTOM_LIBRARY/hack-packs/Infinite_Black_2_Unique_Assets/IconSprites/Deoxys (2).png,523,4f99457a15e75db4df20ebf745e457d44328054b6e0b46dc1f61c2a068577e65
ICON_SPRITE,IconSprites/Deoxys (3).png,DS_CUSTOM_LIBRARY/hack-packs/Infinite_Black_2_Unique_Assets/IconSprites/Deoxys (3).png,471,5cdc8d1e989a100d3075aaa4f09975f85201784a1e6692328d2c80bd15e27013
ICON_SPRITE,IconSprites/Deoxys.png,DS_CUSTOM_LIBRARY/hack-packs/Infinite_Black_2_Unique_Assets/IconSprites/Deoxys.png,490,04bab6fbf897445925c30b58ef753f6956d9013f82108e5947ad7ecfc3f7f46a
ICON_SPRITE,IconSprites/Dewgong.png,DS_CUSTOM_LIBRARY/hack-packs/Infinite_Black_2_Unique_Assets/IconSprites/Dewgong.png,489,0b3d642dda3fafa04882d2c8071de8c91588e05d3871bb13f03334162f01746a
ICON_SPRITE,IconSprites/Dewott.png,DS_CUSTOM_LIBRARY/hack-packs/Infinite_Black_2_Unique_Assets/IconSprites/Dewott.png,479,2d68cc6382e6183dbe74ea60739d7c80b1f292ea21350772217e50acffbc0f21
ICON_SPRITE,IconSprites/Dialga.png,DS_CUSTOM_LIBRARY/hack-packs/Infinite_Black_2_Unique_Assets/IconSprites/Dialga.png,563,43ccc85a211c0c367c906c96ec3a5d765f7ff495469ad348b05ee66579d2734f
ICON_SPRITE,IconSprites/Diglett.png,DS_CUSTOM_LIBRARY/hack-packs/Infinite_Black_2_Unique_Assets/IconSprites/Diglett.png,338,e8cbc89b51deb9f9c0296617e1708a33db8ab793f7b3c29dedddcbcb9a4131e9
ICON_SPRITE,IconSprites/Ditto.png,DS_CUSTOM_LIBRARY/hack-packs/Infinite_Black_2_Unique_Assets/IconSprites/Ditto.png,324,406773f73dd8093e47d59206f0301f9c3ba0fbc1d5cde176bef06938fd5c1ea9
ICON_SPRITE,IconSprites/Dodrio.png,DS_CUSTOM_LIBRARY/hack-packs/Infinite_Black_2_Unique_Assets/IconSprites/Dodrio.png,491,f905910a0753015e642421afc78fb243918a4df2fbd1a25797f37c8675a4a745
ICON_SPRITE,IconSprites/Doduo.png,DS_CUSTOM_LIBRARY/hack-packs/Infinite_Black_2_Unique_Assets/IconSprites/Doduo.png,413,2538673e362f6173ae0d243b624af913df3c6cdffe1b4856300a737a93c3e0fa
ICON_SPRITE,IconSprites/Donphan.png,DS_CUSTOM_LIBRARY/hack-packs/Infinite_Black_2_Unique_Assets/IconSprites/Donphan.png,547,1ea8bd447bfd2f5155d5d5bab79898a6ef427ed4dd3b8ba0c8fb7f2295bac081
ICON_SPRITE,IconSprites/Dragonair.png,DS_CUSTOM_LIBRARY/hack-packs/Infinite_Black_2_Unique_Assets/IconSprites/Dragonair.png,423,a2743451a79330dfc302e4e5f2102609aa4afedef0937b17dab6a624854347d4
ICON_SPRITE,IconSprites/Dragonite.png,DS_CUSTOM_LIBRARY/hack-packs/Infinite_Black_2_Unique_Assets/IconSprites/Dragonite.png,475,de5a96f446a56c7bbe3063ee335e19aa668fef1e109ca6d4b51d1a4055c04fa7
ICON_SPRITE,IconSprites/Drapion.png,DS_CUSTOM_LIBRARY/hack-packs/Infinite_Black_2_Unique_Assets/IconSprites/Drapion.png,556,454d96ec246b37995dc9a2d775fb88b12a9d7f2f755a3b11d04c1895985edcfc
ICON_SPRITE,IconSprites/Dratini.png,DS_CUSTOM_LIBRARY/hack-packs/Infinite_Black_2_Unique_Assets/IconSprites/Dratini.png,371,d4d2845bf133276ac68ae3c5cf99dcf6654346cd9504d439abff497e3f8b66d3
ICON_SPRITE,IconSprites/Drifblim.png,DS_CUSTOM_LIBRARY/hack-packs/Infinite_Black_2_Unique_Assets/IconSprites/Drifblim.png,456,ac6b0105f2a1e52bc3473c842af46859d8efd69c40f19c4804199bee756bac4d
ICON_SPRITE,IconSprites/Drifloon.png,DS_CUSTOM_LIBRARY/hack-packs/Infinite_Black_2_Unique_Assets/IconSprites/Drifloon.png,368,7fbc5e5e3135bcaf1094644118134f58bdf2115c10c16aba5e8fe30342a8feb3
ICON_SPRITE,IconSprites/Drilbur.png,DS_CUSTOM_LIBRARY/hack-packs/Infinite_Black_2_Unique_Assets/IconSprites/Drilbur.png,375,eae846faf1e0e459bafce107bb4e1b4c285f7cece4d5f23ad4ba4e5cc6565d3f
ICON_SPRITE,IconSprites/Drowzee.png,DS_CUSTOM_LIBRARY/hack-packs/Infinite_Black_2_Unique_Assets/IconSprites/Drowzee.png,450,4f68dba85a8c5b775ec8cc604ebae8834d35132f9db249ca6a82af603b27a241
ICON_SPRITE,IconSprites/Druddigon.png,DS_CUSTOM_LIBRARY/hack-packs/Infinite_Black_2_Unique_Assets/IconSprites/Druddigon.png,509,ab4adc4de750a50d6377394f5ceb346b75a6ab91c4cfc3b5caeab073174a3d84
ICON_SPRITE,IconSprites/Ducklett.png,DS_CUSTOM_LIBRARY/hack-packs/Infinite_Black_2_Unique_Assets/IconSprites/Ducklett.png,415,ce2c6fb0b7416bb7c3ec962ef816717daa84e98ff29c09a8338c048212880ca5
ICON_SPRITE,IconSprites/Dugtrio.png,DS_CUSTOM_LIBRARY/hack-packs/Infinite_Black_2_Unique_Assets/IconSprites/Dugtrio.png,396,0bdc6d557a52419d1b4aca4edb2401ba99742827dd44d98e2ed1476c81fc5a5a
ICON_SPRITE,IconSprites/Dunsparce.png,DS_CUSTOM_LIBRARY/hack-packs/Infinite_Black_2_Unique_Assets/IconSprites/Dunsparce.png,397,895e792e85efacf3208261d2c1d7df84d254a5a78f1a7786c5c40329152c0a1f
ICON_SPRITE,IconSprites/Duosion.png,DS_CUSTOM_LIBRARY/hack-packs/Infinite_Black_2_Unique_Assets/IconSprites/Duosion.png,400,e222ca77f11238e16e1f66679f47bf3ad9bba4620e60f2d25e05ed1041c893bd
ICON_SPRITE,IconSprites/Durant.png,DS_CUSTOM_LIBRARY/hack-packs/Infinite_Black_2_Unique_Assets/IconSprites/Durant.png,423,10d9880f3230eba76d0de04cde6a79158f6d5166f80da7c9aee47f58759d8713
ICON_SPRITE,IconSprites/Dusclops.png,DS_CUSTOM_LIBRARY/hack-packs/Infinite_Black_2_Unique_Assets/IconSprites/Dusclops.png,434,b6e5ce038a95a4fa1c0255bcf13924e7a537506ada727223704aef16c63ed14c
ICON_SPRITE,IconSprites/Dusknoir.png,DS_CUSTOM_LIBRARY/hack-packs/Infinite_Black_2_Unique_Assets/IconSprites/Dusknoir.png,505,bdb9cd01a4b62166be5c65cb6e7318d1412e3d8a9d16d680dc4cd1a27f446e84
ICON_SPRITE,IconSprites/Duskull.png,DS_CUSTOM_LIBRARY/hack-packs/Infinite_Black_2_Unique_Assets/IconSprites/Duskull.png,390,34ea5524cee9f6b7de8cd6e5151b28737cf12b11279f3a9d0061975d12ca95ec
ICON_SPRITE,IconSprites/Dustox.png,DS_CUSTOM_LIBRARY/hack-packs/Infinite_Black_2_Unique_Assets/IconSprites/Dustox.png,463,a3e09ba82979482dccfacebe2566aea4c18fc013252acfaf7d1616f5d43d0abd
ICON_SPRITE,IconSprites/Dwebble.png,DS_CUSTOM_LIBRARY/hack-packs/Infinite_Black_2_Unique_Assets/IconSprites/Dwebble.png,404,4b53a4d69644f94ed7d79e0634bc123eb3049d9525ac95d74d70967139a61052
ICON_SPRITE,IconSprites/Eelektrik.png,DS_CUSTOM_LIBRARY/hack-packs/Infinite_Black_2_Unique_Assets/IconSprites/Eelektrik.png,416,aa6b6475bf25e762756b32f5599e334d9ea540153ce3518e05b5ee6eff9d5b50
ICON_SPRITE,IconSprites/Eelektross.png,DS_CUSTOM_LIBRARY/hack-packs/Infinite_Black_2_Unique_Assets/IconSprites/Eelektross.png,542,d8b777e2f53e94d4737be59409431834cbfd64841b49f0f55bf3b6390532410f
ICON_SPRITE,IconSprites/Eevee (1).png,DS_CUSTOM_LIBRARY/hack-packs/Infinite_Black_2_Unique_Assets/IconSprites/Eevee (1).png,381,9af603008688d1b7b59ee2620e692259e90cfed0587096754d6208cb8cc507de
ICON_SPRITE,IconSprites/Eevee.png,DS_CUSTOM_LIBRARY/hack-packs/Infinite_Black_2_Unique_Assets/IconSprites/Eevee.png,379,101a7c7d9e1ca8d9ddbf912c0c118248ec84b3101cc60861d2728034b94a2442
ICON_SPRITE,IconSprites/Ekans.png,DS_CUSTOM_LIBRARY/hack-packs/Infinite_Black_2_Unique_Assets/IconSprites/Ekans.png,410,e64e48890d44fdfb651c850a93cb8dba6bd4cdae58cce38cc93f104e300ee8a9
ICON_SPRITE,IconSprites/Electabuzz.png,DS_CUSTOM_LIBRARY/hack-packs/Infinite_Black_2_Unique_Assets/IconSprites/Electabuzz.png,413,6c20d1b5fcb6f46ae14cd162297487533f6daec56b78e0b8ba6529b36dc0f6d1
ICON_SPRITE,IconSprites/Electivire.png,DS_CUSTOM_LIBRARY/hack-packs/Infinite_Black_2_Unique_Assets/IconSprites/Electivire.png,540,e1de0272ebcad3deb7c3635d683be234ce55a9e2594ce52bdb73e2f7532202b0
ICON_SPRITE,IconSprites/Electrike.png,DS_CUSTOM_LIBRARY/hack-packs/Infinite_Black_2_Unique_Assets/IconSprites/Electrike.png,395,4c9e7a6a5715334a28e4cb34182f8bd2e0b5e8290039aa775c6f2795adb45724
ICON_SPRITE,IconSprites/Electrode.png,DS_CUSTOM_LIBRARY/hack-packs/Infinite_Black_2_Unique_Assets/IconSprites/Electrode.png,314,77f94951c14e36b1cafadd1b66b5948aa4fdb83ff2609aa141a97820cfcc9405
ICON_SPRITE,IconSprites/Elekid.png,DS_CUSTOM_LIBRARY/hack-packs/Infinite_Black_2_Unique_Assets/IconSprites/Elekid.png,411,fd0e0f512293690ddd10d456f0f1995db512caae7bd66c2b3f4d63515523dc7b
ICON_SPRITE,IconSprites/Elgyem.png,DS_CUSTOM_LIBRARY/hack-packs/Infinite_Black_2_Unique_Assets/IconSprites/Elgyem.png,380,8961b47b296258c0cfac813b2055c68e1c89664e651b22b0c752530f6d86335f
ICON_SPRITE,IconSprites/Emboar.png,DS_CUSTOM_LIBRARY/hack-packs/Infinite_Black_2_Unique_Assets/IconSprites/Emboar.png,553,c25f3c1468ef7ccee17febf4ea14ee0cf80a4d495cea1ad964d07c5b19a85b35
ICON_SPRITE,IconSprites/Emolga.png,DS_CUSTOM_LIBRARY/hack-packs/Infinite_Black_2_Unique_Assets/IconSprites/Emolga.png,456,33d79d8a562262c4251f0b83340749714e27d15ebb5af23a23c4c1c3ce798b1d
ICON_SPRITE,IconSprites/Empoleon.png,DS_CUSTOM_LIBRARY/hack-packs/Infinite_Black_2_Unique_Assets/IconSprites/Empoleon.png,465,bed5a1f5bfce20a796d80c722d95ee569caedae98b04b8f1034f25abdef70f0c
ICON_SPRITE,IconSprites/Entei.png,DS_CUSTOM_LIBRARY/hack-packs/Infinite_Black_2_Unique_Assets/IconSprites/Entei.png,518,c67822b148b999ed168544f2104de25ff5fc165b5b7cadfd2dad4d19221965b5
ICON_SPRITE,IconSprites/Escavalier.png,DS_CUSTOM_LIBRARY/hack-packs/Infinite_Black_2_Unique_Assets/IconSprites/Escavalier.png,478,34d8fc198646f2f0231610ba5147bc8e2b4f7262cb2f3c5d2047c606a283677b
ICON_SPRITE,IconSprites/Espeon (1).png,DS_CUSTOM_LIBRARY/hack-packs/Infinite_Black_2_Unique_Assets/IconSprites/Espeon (1).png,442,b8823fcbe864e5bf8ed54a964c47584bb72bb16e587f9fc0611a0acde0817b0a
ICON_SPRITE,IconSprites/Espeon.png,DS_CUSTOM_LIBRARY/hack-packs/Infinite_Black_2_Unique_Assets/IconSprites/Espeon.png,440,ececc228c0fca6d99846b66551fc37ac11d8296cefea943b291e6bb0fc7813c8
ICON_SPRITE,IconSprites/Excadrill.png,DS_CUSTOM_LIBRARY/hack-packs/Infinite_Black_2_Unique_Assets/IconSprites/Excadrill.png,497,bf2fe84e3b51b49dce67c6211b119db20b0d63585bf862f279ba29fc915789dc
ICON_SPRITE,IconSprites/Exeggcute.png,DS_CUSTOM_LIBRARY/hack-packs/Infinite_Black_2_Unique_Assets/IconSprites/Exeggcute.png,419,3c4e7de8e4293f24fed77ca14d7a228568faadd76563aeda746c2cf1db1b38e1
ICON_SPRITE,IconSprites/Exeggutor.png,DS_CUSTOM_LIBRARY/hack-packs/Infinite_Black_2_Unique_Assets/IconSprites/Exeggutor.png,428,31e553d868c4a72eb3d61b82e8ef64a48612ebe92cf42942d567f2be36d571d3
ICON_SPRITE,IconSprites/Exploud.png,DS_CUSTOM_LIBRARY/hack-packs/Infinite_Black_2_Unique_Assets/IconSprites/Exploud.png,509,445d2425b78744a43ac0c9adba9019cb6246af4142af67a90f3d75b87cbe6b12
ICON_SPRITE,IconSprites/Farfetch'd.png,DS_CUSTOM_LIBRARY/hack-packs/Infinite_Black_2_Unique_Assets/IconSprites/Farfetch'd.png,482,6c81e3aa26a97ee04a78b79b6657caadf93ae67ec18d5421891dbcefd8a5f16a
ICON_SPRITE,IconSprites/Fearow.png,DS_CUSTOM_LIBRARY/hack-packs/Infinite_Black_2_Unique_Assets/IconSprites/Fearow.png,529,34cd86515b351b1a45b82cfb59ebdd0e0c8ee915016d96b928489e845f12c7ca
ICON_SPRITE,IconSprites/Feebas.png,DS_CUSTOM_LIBRARY/hack-packs/Infinite_Black_2_Unique_Assets/IconSprites/Feebas.png,418,08316047b5ffb49097ccf29b2e69982b935279f9cd73d3ae71ebf1fdb014b2ca
ICON_SPRITE,IconSprites/Fennekin.png,DS_CUSTOM_LIBRARY/hack-packs/Infinite_Black_2_Unique_Assets/IconSprites/Fennekin.png,413,6d2587eff63049f975a4f31b2f65a2ff5c43c6fd1b066e28fba52828afa547ae
ICON_SPRITE,IconSprites/Feraligatr.png,DS_CUSTOM_LIBRARY/hack-packs/Infinite_Black_2_Unique_Assets/IconSprites/Feraligatr.png,519,98b8502fd068c59da5f6432dc5ffe456c30003bc426802c646e62c2b01da775b
ICON_SPRITE,IconSprites/Ferroseed.png,DS_CUSTOM_LIBRARY/hack-packs/Infinite_Black_2_Unique_Assets/IconSprites/Ferroseed.png,378,e1642860a6f65f90820c89b0cfe11c0d05fe9f40ac3c7dcda26613c69c5d03b6
ICON_SPRITE,IconSprites/Ferrothorn.png,DS_CUSTOM_LIBRARY/hack-packs/Infinite_Black_2_Unique_Assets/IconSprites/Ferrothorn.png,507,a2d5a3de87ffafc6c0b6d5481b36fa501944a90be80282fd427496eb990fd4b1
ICON_SPRITE,IconSprites/Finneon.png,DS_CUSTOM_LIBRARY/hack-packs/Infinite_Black_2_Unique_Assets/IconSprites/Finneon.png,411,72bc1a80da05e5b86736b3d4ffd9ee430b8cda517a4e597dd0144d93ac1cae9b
ICON_SPRITE,IconSprites/Flaaffy.png,DS_CUSTOM_LIBRARY/hack-packs/Infinite_Black_2_Unique_Assets/IconSprites/Flaaffy.png,483,f931ab95e5fafd58cc85fa0aa8f4b01b0278da39df8fe1ad17eabcf73cda726a
ICON_SPRITE,IconSprites/Flareon (1).png,DS_CUSTOM_LIBRARY/hack-packs/Infinite_Black_2_Unique_Assets/IconSprites/Flareon (1).png,413,9137983705d3937e4fb632cdf7e565b636d33a250b6d5135f912fc31d659e4d3
ICON_SPRITE,IconSprites/Flareon.png,DS_CUSTOM_LIBRARY/hack-packs/Infinite_Black_2_Unique_Assets/IconSprites/Flareon.png,409,96485b65667329b7cb962eff86acb1bf3dfaf844f07a1a92b7d25db6654de9f5
ICON_SPRITE,IconSprites/Fletchindr.png,DS_CUSTOM_LIBRARY/hack-packs/Infinite_Black_2_Unique_Assets/IconSprites/Fletchindr.png,434,1f46b3c3e4bde40c5f7f842d6781d69bfca1569947040a1ba8b4bb4f5fea084d
ICON_SPRITE,IconSprites/Fletchling.png,DS_CUSTOM_LIBRARY/hack-packs/Infinite_Black_2_Unique_Assets/IconSprites/Fletchling.png,374,78847fff38ace8908e86fa525afb8741fd8ea7b5d0518494c3332e50bdb509b5
ICON_SPRITE,IconSprites/Floatzel.png,DS_CUSTOM_LIBRARY/hack-packs/Infinite_Black_2_Unique_Assets/IconSprites/Floatzel.png,475,e014f6d1f79a39f1cad6fe366caa147fa3d35838ce0a0365f28f4e8a7477d9d0
ICON_SPRITE,IconSprites/Flygon.png,DS_CUSTOM_LIBRARY/hack-packs/Infinite_Black_2_Unique_Assets/IconSprites/Flygon.png,486,612f793b822de8a6c7d5edf8e25ae6c56ea5d995fd08297f7b78c1a396ed31c9
ICON_SPRITE,IconSprites/Foongus.png,DS_CUSTOM_LIBRARY/hack-packs/Infinite_Black_2_Unique_Assets/IconSprites/Foongus.png,399,1ecb0f95d02ddabfb0249dca97237e522a7e84aac99dbda9a10133ae790faf9c
ICON_SPRITE,IconSprites/Forretress.png,DS_CUSTOM_LIBRARY/hack-packs/Infinite_Black_2_Unique_Assets/IconSprites/Forretress.png,442,c076fb8e33bcd54a49051c9a001a527419312f59fb214a650d25a4ffe0236e1f
ICON_SPRITE,IconSprites/Fraxure.png,DS_CUSTOM_LIBRARY/hack-packs/Infinite_Black_2_Unique_Assets/IconSprites/Fraxure.png,435,a93b58db3955c2bf38139a45b55d2f28eac0f331e08fa166360be31d651dedf6
ICON_SPRITE,IconSprites/Frillish.png,DS_CUSTOM_LIBRARY/hack-packs/Infinite_Black_2_Unique_Assets/IconSprites/Frillish.png,417,19240f26feeaae6b2fc4b016fa0d66e89380936dc809501ec6c4699542cd82ba
ICON_SPRITE,IconSprites/Froakie.png,DS_CUSTOM_LIBRARY/hack-packs/Infinite_Black_2_Unique_Assets/IconSprites/Froakie.png,451,d074c47817c54201a3e1502e3ec02f9368506e8227ebd9ada12eb1cbf5911b70
ICON_SPRITE,IconSprites/Frogadier.png,DS_CUSTOM_LIBRARY/hack-packs/Infinite_Black_2_Unique_Assets/IconSprites/Frogadier.png,505,38a3ca0a4f4c84937f3386aa80dee7a9e6f4a37162a1f3d3105630a19e39c1e8
ICON_SPRITE,IconSprites/Froslass.png,DS_CUSTOM_LIBRARY/hack-packs/Infinite_Black_2_Unique_Assets/IconSprites/Froslass.png,472,5a54fdf77b5a8278efce08d94df2fb0ae9937b261c8306ac2f826f1315ac335a
ICON_SPRITE,IconSprites/Furret.png,DS_CUSTOM_LIBRARY/hack-packs/Infinite_Black_2_Unique_Assets/IconSprites/Furret.png,425,56a07e33a29ce70b7a44af88a4a400d224d150793f98e89646b683eb7194276e
ICON_SPRITE,IconSprites/Gabite.png,DS_CUSTOM_LIBRARY/hack-packs/Infinite_Black_2_Unique_Assets/IconSprites/Gabite.png,441,dbfbead750b61cf1b4f69f46e6c49b1904832a6996294418170dade7ac055780
ICON_SPRITE,IconSprites/Gallade.png,DS_CUSTOM_LIBRARY/hack-packs/Infinite_Black_2_Unique_Assets/IconSprites/Gallade.png,459,30702f5ef7d2d672241b3193160b83ceacca0339c46e3bd3f6035021eb37d4a5
ICON_SPRITE,IconSprites/Galvantula.png,DS_CUSTOM_LIBRARY/hack-packs/Infinite_Black_2_Unique_Assets/IconSprites/Galvantula.png,535,2fbb130a70547483e39db3cf89777bd0e586b14b55a6e1578ec37122663eabd5
ICON_SPRITE,IconSprites/Garbodor.png,DS_CUSTOM_LIBRARY/hack-packs/Infinite_Black_2_Unique_Assets/IconSprites/Garbodor.png,561,baa228e98c1e74dcd9a210c1a68dada2e9509de43d25485b81120fa8ccb06936
ICON_SPRITE,IconSprites/Garchomp.png,DS_CUSTOM_LIBRARY/hack-packs/Infinite_Black_2_Unique_Assets/IconSprites/Garchomp.png,494,dc9e8a95fc3b1a6a39a61ee8f7b17b499b2b30b855d5dae9618f12ee2e5a63f0
ICON_SPRITE,IconSprites/Gardevoir.png,DS_CUSTOM_LIBRARY/hack-packs/Infinite_Black_2_Unique_Assets/IconSprites/Gardevoir.png,473,d4cb0a62325340b3f03969e1f80f01742771dfd88f3f9fe9e76a331b131dd9b4
ICON_SPRITE,IconSprites/Gastly.png,DS_CUSTOM_LIBRARY/hack-packs/Infinite_Black_2_Unique_Assets/IconSprites/Gastly.png,461,b8cce9d08ee2b043b328de68ffa7740cddb18aa846c2b4c79072efbeb5b10f87
ICON_SPRITE,IconSprites/Gastrodon.png,DS_CUSTOM_LIBRARY/hack-packs/Infinite_Black_2_Unique_Assets/IconSprites/Gastrodon.png,456,53cf1462db48a334da5f7bdf98b7ee6a933c9af874b9ee0f2f4021531101a571
ICON_SPRITE,IconSprites/Genesect.png,DS_CUSTOM_LIBRARY/hack-packs/Infinite_Black_2_Unique_Assets/IconSprites/Genesect.png,431,c46e419d8c6a60511d140feb4707dd799e86f01560f4ebae2c3d50f6cd594e35
ICON_SPRITE,IconSprites/Gengar.png,DS_CUSTOM_LIBRARY/hack-packs/Infinite_Black_2_Unique_Assets/IconSprites/Gengar.png,487,23439966484260dac8565d59455529435ac9276c6d27b2c2130d0cc2e3467163
ICON_SPRITE,IconSprites/Geodude.png,DS_CUSTOM_LIBRARY/hack-packs/Infinite_Black_2_Unique_Assets/IconSprites/Geodude.png,361,cd362aa37d59f0269057abdab4c3fb4ad8a968d75ad9d2635f68b268e10b0593
ICON_SPRITE,IconSprites/Gible.png,DS_CUSTOM_LIBRARY/hack-packs/Infinite_Black_2_Unique_Assets/IconSprites/Gible.png,400,d614726b7b290a3de12941c20d5133148266f34902092d6a5506a8ee168500a0
ICON_SPRITE,IconSprites/Gigalith.png,DS_CUSTOM_LIBRARY/hack-packs/Infinite_Black_2_Unique_Assets/IconSprites/Gigalith.png,554,02a2443419d0638d7e2da3ac324da975ee1785d0975c03cf7ada9151878a717c
ICON_SPRITE,IconSprites/Girafarig.png,DS_CUSTOM_LIBRARY/hack-packs/Infinite_Black_2_Unique_Assets/IconSprites/Girafarig.png,465,07bc21adf596e19551d3c79b54631bc8fd62f2e57757f91fa82f0071817a5bd5
ICON_SPRITE,IconSprites/Giratina (1).png,DS_CUSTOM_LIBRARY/hack-packs/Infinite_Black_2_Unique_Assets/IconSprites/Giratina (1).png,538,d8a5c3376be4f4a9a8b6a1e8e3fb5743a024abecc08ba8515a2dcd26d2ac7bd2
ICON_SPRITE,IconSprites/Giratina.png,DS_CUSTOM_LIBRARY/hack-packs/Infinite_Black_2_Unique_Assets/IconSprites/Giratina.png,570,d4dd7d70e86814267ae40af6e74c267091e210fe0e55b0d60953d8f376eb1a9f
ICON_SPRITE,IconSprites/Glaceon (1).png,DS_CUSTOM_LIBRARY/hack-packs/Infinite_Black_2_Unique_Assets/IconSprites/Glaceon (1).png,468,014b8b41e303daa88720086a359aa8645ea377c342cf45663e3842bf18eca5b9
ICON_SPRITE,IconSprites/Glaceon.png,DS_CUSTOM_LIBRARY/hack-packs/Infinite_Black_2_Unique_Assets/IconSprites/Glaceon.png,484,6b6fabc2a577e2a5c92627ab3b047864c075c8985383d060bb49dac0e9f826f5
ICON_SPRITE,IconSprites/Glalie.png,DS_CUSTOM_LIBRARY/hack-packs/Infinite_Black_2_Unique_Assets/IconSprites/Glalie.png,442,12f86777ff18a0ef10ce33d346e207953e9b23f00da878def082407d6835a1ac
ICON_SPRITE,IconSprites/Glameow.png,DS_CUSTOM_LIBRARY/hack-packs/Infinite_Black_2_Unique_Assets/IconSprites/Glameow.png,476,84cc3436d2093b3943c99557c33a649e5271887d0222678beeadd46f9c36d783
ICON_SPRITE,IconSprites/Gligar.png,DS_CUSTOM_LIBRARY/hack-packs/Infinite_Black_2_Unique_Assets/IconSprites/Gligar.png,488,bb0b5a964dbcd86d0f8d63164bc68602db72c60712ef153da66b57ac38a18eef
ICON_SPRITE,IconSprites/Gliscor.png,DS_CUSTOM_LIBRARY/hack-packs/Infinite_Black_2_Unique_Assets/IconSprites/Gliscor.png,560,a21454dbb58b11c366d75738eea82f65cc9d43ea530af7d0196dad6d9b35b7b8
ICON_SPRITE,IconSprites/Gloom.png,DS_CUSTOM_LIBRARY/hack-packs/Infinite_Black_2_Unique_Assets/IconSprites/Gloom.png,433,3826b5882cc37a21dbe879155d86f94b0c8e3e08da09bc185e96ea9e9a5032bf
ICON_SPRITE,IconSprites/Gogoat.png,DS_CUSTOM_LIBRARY/hack-packs/Infinite_Black_2_Unique_Assets/IconSprites/Gogoat.png,513,9ee411f26fceffb3a33e096e6e7f15c96af279c432e7696e7e2db31b78d25bb0
ICON_SPRITE,IconSprites/Golbat.png,DS_CUSTOM_LIBRARY/hack-packs/Infinite_Black_2_Unique_Assets/IconSprites/Golbat.png,426,7512315a234e21dc5da4fadf64b58a5db818a3cbe8d42283348845c2db6f61f3
ICON_SPRITE,IconSprites/Goldeen.png,DS_CUSTOM_LIBRARY/hack-packs/Infinite_Black_2_Unique_Assets/IconSprites/Goldeen.png,421,02695ae8948e46f22fad4c9cd787f2cafe86c4b88764bf8f4210399fc3af6778
ICON_SPRITE,IconSprites/Golduck.png,DS_CUSTOM_LIBRARY/hack-packs/Infinite_Black_2_Unique_Assets/IconSprites/Golduck.png,451,f2eae314dc6d66cf9db4d280e74c511de8c1dfe01c17e418bf205a0bf4a89a94
ICON_SPRITE,IconSprites/Golem.png,DS_CUSTOM_LIBRARY/hack-packs/Infinite_Black_2_Unique_Assets/IconSprites/Golem.png,482,cbcd012a567d0cd77050c3720ef6e01d31f4d532d5b37441dc0b9d23711ac08c
ICON_SPRITE,IconSprites/Golett.png,DS_CUSTOM_LIBRARY/hack-packs/Infinite_Black_2_Unique_Assets/IconSprites/Golett.png,421,133d1ed5c331ac22ee663de7668abcc5ad8c6048e9b46d3aa60417809d5ba7c9
ICON_SPRITE,IconSprites/Golurk.png,DS_CUSTOM_LIBRARY/hack-packs/Infinite_Black_2_Unique_Assets/IconSprites/Golurk.png,525,2b17b0b247778d7f10e93d1105bed304e4a965362528fc894aa15e2ed3c3b8f3
ICON_SPRITE,IconSprites/Goodra.png,DS_CUSTOM_LIBRARY/hack-packs/Infinite_Black_2_Unique_Assets/IconSprites/Goodra.png,532,822db1ebafc9a14aa9644a8fedb129a04d6beac56428ff6dded225126920f1e5
ICON_SPRITE,IconSprites/Goomy.png,DS_CUSTOM_LIBRARY/hack-packs/Infinite_Black_2_Unique_Assets/IconSprites/Goomy.png,325,3ceb9011f98d110d215d11b975fb345e71397579cbb7f7c464860a4de7b71cd8
ICON_SPRITE,IconSprites/Gorebyss.png,DS_CUSTOM_LIBRARY/hack-packs/Infinite_Black_2_Unique_Assets/IconSprites/Gorebyss.png,406,e2783de96aeecb1f11553a49cb3722403e8b8cab70db2c485dc462b4e0fa17da
ICON_SPRITE,IconSprites/Gothita.png,DS_CUSTOM_LIBRARY/hack-packs/Infinite_Black_2_Unique_Assets/IconSprites/Gothita.png,392,d2b0fd3dc71545f8190eef82ed59e02a9a36f27b440d3daa99737948ec71f545
ICON_SPRITE,IconSprites/Gothitelle.png,DS_CUSTOM_LIBRARY/hack-packs/Infinite_Black_2_Unique_Assets/IconSprites/Gothitelle.png,478,1427e6335ee1167549c37a0dfb2523d0e007da97168d66698f82c2a491f75d04
ICON_SPRITE,IconSprites/Gothorita.png,DS_CUSTOM_LIBRARY/hack-packs/Infinite_Black_2_Unique_Assets/IconSprites/Gothorita.png,434,55694efc3b5a43b126b611b1fa05c7e31d0661d2ccfcba1d1091d42deebc5ee9
ICON_SPRITE,IconSprites/Granbull.png,DS_CUSTOM_LIBRARY/hack-packs/Infinite_Black_2_Unique_Assets/IconSprites/Granbull.png,430,45e5f781301b5f3b4c0a32f7f7678258efc1bac9c1bf4daf32c22d2ee6968cb7
ICON_SPRITE,IconSprites/Graveler.png,DS_CUSTOM_LIBRARY/hack-packs/Infinite_Black_2_Unique_Assets/IconSprites/Graveler.png,471,3a4952c3d401d91be1102fe432a13340437d8f4f55de2f3ccbbb3eb1330284ed
ICON_SPRITE,IconSprites/Greninja.png,DS_CUSTOM_LIBRARY/hack-packs/Infinite_Black_2_Unique_Assets/IconSprites/Greninja.png,525,d53036d5edfe8257cfc514706aa108cb698b3ea11c8207d7adf00303e41f6739
ICON_SPRITE,IconSprites/Grimer.png,DS_CUSTOM_LIBRARY/hack-packs/Infinite_Black_2_Unique_Assets/IconSprites/Grimer.png,411,c15b36079c3d8e4da0224cb48da0139a357538e8d5b7ed55976b5714b1e187fa
ICON_SPRITE,IconSprites/Grotle.png,DS_CUSTOM_LIBRARY/hack-packs/Infinite_Black_2_Unique_Assets/IconSprites/Grotle.png,470,c291da2577c06085f50ae234c7d6c61418c1cfac17ccb21edabad6c297a8c9fb
ICON_SPRITE,IconSprites/Groudon.png,DS_CUSTOM_LIBRARY/hack-packs/Infinite_Black_2_Unique_Assets/IconSprites/Groudon.png,498,ae0e2cf9dc9ba0afb5fc413821787ba28017348da9bb6cfe692fbece3d949c33
ICON_SPRITE,IconSprites/Grovyle.png,DS_CUSTOM_LIBRARY/hack-packs/Infinite_Black_2_Unique_Assets/IconSprites/Grovyle.png,449,7a1e5ba7f8496bbfcf311d9f138da44c0f7a9f439854f0eadef5cf45d46fcbd0
ICON_SPRITE,IconSprites/Growlithe.png,DS_CUSTOM_LIBRARY/hack-packs/Infinite_Black_2_Unique_Assets/IconSprites/Growlithe.png,440,149a48453c22b7d124408486e1dd88a5f7964328ce6673550d7b3daa9c682cff
ICON_SPRITE,IconSprites/Grubbin.png,DS_CUSTOM_LIBRARY/hack-packs/Infinite_Black_2_Unique_Assets/IconSprites/Grubbin.png,365,78bb4f17ab0ab8fd65cd82b781fa632ec908b841784c5acf532e5fd0e609ac2c
ICON_SPRITE,IconSprites/Grumpig.png,DS_CUSTOM_LIBRARY/hack-packs/Infinite_Black_2_Unique_Assets/IconSprites/Grumpig.png,402,bd9d32cb1103ace8c9dd896c8dd7cb214f9ba0eed51c0c5b449e8f1c4703e7cd
ICON_SPRITE,IconSprites/Gulpin.png,DS_CUSTOM_LIBRARY/hack-packs/Infinite_Black_2_Unique_Assets/IconSprites/Gulpin.png,364,d28addd7e40cac996ce543b192ba43ee7dd2cf77197a0f6367fbfb8784fe329e
ICON_SPRITE,IconSprites/Gurdurr.png,DS_CUSTOM_LIBRARY/hack-packs/Infinite_Black_2_Unique_Assets/IconSprites/Gurdurr.png,523,03d67299fc28dcd4fb66fcb9f94926ca746b0eab505abea668a20d139129f3ce
ICON_SPRITE,IconSprites/Gyarados.png,DS_CUSTOM_LIBRARY/hack-packs/Infinite_Black_2_Unique_Assets/IconSprites/Gyarados.png,524,b9ad92ce87757ec89f10c3b6f8fd26680a405b5618ae82538d79e6542e5c7abd
ICON_SPRITE,IconSprites/Happiny.png,DS_CUSTOM_LIBRARY/hack-packs/Infinite_Black_2_Unique_Assets/IconSprites/Happiny.png,374,6b51f71601aaf7df6972ecd15ac4017e7f025a4551b66e6eda112fa75a9fcf2d
ICON_SPRITE,IconSprites/Hariyama.png,DS_CUSTOM_LIBRARY/hack-packs/Infinite_Black_2_Unique_Assets/IconSprites/Hariyama.png,450,5fe732ef96e316c26329c48eba09d34cddabc463fed57670afe36f77f4f0e192
ICON_SPRITE,IconSprites/Haunter.png,DS_CUSTOM_LIBRARY/hack-packs/Infinite_Black_2_Unique_Assets/IconSprites/Haunter.png,477,799d42ac83e55edc02aba75edbba8a5327c8824f7edf18d9912d9d76da8a2514
ICON_SPRITE,IconSprites/Haxorus.png,DS_CUSTOM_LIBRARY/hack-packs/Infinite_Black_2_Unique_Assets/IconSprites/Haxorus.png,500,71c1da4427355ace53f44b65c161bf9a0801c003e6ad0ce071039c239149181e
ICON_SPRITE,IconSprites/Heatmor.png,DS_CUSTOM_LIBRARY/hack-packs/Infinite_Black_2_Unique_Assets/IconSprites/Heatmor.png,503,904954897bd8109865a2e8a29fd40cdc2b17ba318de6f2aeebe7d25258596232
ICON_SPRITE,IconSprites/Heatran.png,DS_CUSTOM_LIBRARY/hack-packs/Infinite_Black_2_Unique_Assets/IconSprites/Heatran.png,520,88153e4e8f66d78247c3bece283f3b609747266b6f3ef92abca82c105297f98f
ICON_SPRITE,IconSprites/Heracross.png,DS_CUSTOM_LIBRARY/hack-packs/Infinite_Black_2_Unique_Assets/IconSprites/Heracross.png,463,831d23fe3276e1bd2c352f2288c9e60b223ca6f89734c9c5be636d1614265cb3
ICON_SPRITE,IconSprites/Herdier.png,DS_CUSTOM_LIBRARY/hack-packs/Infinite_Black_2_Unique_Assets/IconSprites/Herdier.png,441,47615a4a23737075fad24ff4a6697f3b2ba3d3fc6744a75c1f94894b5652ad9c
ICON_SPRITE,IconSprites/Hippopotas.png,DS_CUSTOM_LIBRARY/hack-packs/Infinite_Black_2_Unique_Assets/IconSprites/Hippopotas.png,454,20fa02b68827ecdf7a68576117f366c453090b497481eb3199119531d5e3c5dd
ICON_SPRITE,IconSprites/Hippowdon.png,DS_CUSTOM_LIBRARY/hack-packs/Infinite_Black_2_Unique_Assets/IconSprites/Hippowdon.png,476,222ae705822deaa8ab9c0c5290fd67eb7c8fcbd34d6c470098b6f3293d31a100
ICON_SPRITE,IconSprites/Hitmonchan.png,DS_CUSTOM_LIBRARY/hack-packs/Infinite_Black_2_Unique_Assets/IconSprites/Hitmonchan.png,399,c59d970aa4791b616c6f365f9277c10fe25e68e3ee07ea7cc5612816c37eadb4
ICON_SPRITE,IconSprites/Hitmonlee.png,DS_CUSTOM_LIBRARY/hack-packs/Infinite_Black_2_Unique_Assets/IconSprites/Hitmonlee.png,422,e8cdbe12611d0a1d2749982056bfda4463d8393b385eec74584127a67838cef1
ICON_SPRITE,IconSprites/Hitmontop.png,DS_CUSTOM_LIBRARY/hack-packs/Infinite_Black_2_Unique_Assets/IconSprites/Hitmontop.png,485,a412cb7b7304296bc485aa4284ea2162f62c10e4d13013985ec231bdbb18859a
ICON_SPRITE,IconSprites/Ho-Oh.png,DS_CUSTOM_LIBRARY/hack-packs/Infinite_Black_2_Unique_Assets/IconSprites/Ho-Oh.png,537,5d93b31f4d420b267b1a7ee77240cc6ac590dba65799d29fcca8dcf884b6bdc1
ICON_SPRITE,IconSprites/Honchkrow.png,DS_CUSTOM_LIBRARY/hack-packs/Infinite_Black_2_Unique_Assets/IconSprites/Honchkrow.png,501,564e28ed58df024241c698a1b50abb5efd2f7b481a17725df8fce6427d1a70bf
ICON_SPRITE,IconSprites/Hoothoot.png,DS_CUSTOM_LIBRARY/hack-packs/Infinite_Black_2_Unique_Assets/IconSprites/Hoothoot.png,399,ba9ca31d1fbd82d650b728fd3c525674982988721098c58800c5b60093e76240
ICON_SPRITE,IconSprites/Hoppip.png,DS_CUSTOM_LIBRARY/hack-packs/Infinite_Black_2_Unique_Assets/IconSprites/Hoppip.png,420,c1d8d0d2a845beb1960b7070c2c3233018abf434acd1ac0f4573ea254c0633cc
ICON_SPRITE,IconSprites/Horsea.png,DS_CUSTOM_LIBRARY/hack-packs/Infinite_Black_2_Unique_Assets/IconSprites/Horsea.png,389,0a4845c25bad1ba32e614dd320256ae99f9321376f6502a0ec529cc6ca9928da
ICON_SPRITE,IconSprites/Houndoom.png,DS_CUSTOM_LIBRARY/hack-packs/Infinite_Black_2_Unique_Assets/IconSprites/Houndoom.png,454,1809631e36d0c3795641cd633994621ee02430262662f7b2ca8007f41462af30
ICON_SPRITE,IconSprites/Houndour.png,DS_CUSTOM_LIBRARY/hack-packs/Infinite_Black_2_Unique_Assets/IconSprites/Houndour.png,413,ddec5c7009c6693e43e46a98197bf2f6124d4f4459da816193a4ec877faa1c70
ICON_SPRITE,IconSprites/Huntail.png,DS_CUSTOM_LIBRARY/hack-packs/Infinite_Black_2_Unique_Assets/IconSprites/Huntail.png,457,c1ed5ac7616cb1ab26f0614ddf436ec1daf57ea982f84620a22d28b330eda995
ICON_SPRITE,IconSprites/Hydreigon.png,DS_CUSTOM_LIBRARY/hack-packs/Infinite_Black_2_Unique_Assets/IconSprites/Hydreigon.png,564,bff4811942580b4ffc9900214a02a8572c1d523b81ac49f0bdd06f2d97597640
ICON_SPRITE,IconSprites/Hypno.png,DS_CUSTOM_LIBRARY/hack-packs/Infinite_Black_2_Unique_Assets/IconSprites/Hypno.png,469,462dc1a601ef50f2076badedf04e645de620fee564ce00703566a21cbc5851a4
ICON_SPRITE,IconSprites/Igglybuff.png,DS_CUSTOM_LIBRARY/hack-packs/Infinite_Black_2_Unique_Assets/IconSprites/Igglybuff.png,359,a221355bad554cd6e0c44e42898109ea32aa17d7336cb655fd1c3de499ea7f5e
ICON_SPRITE,IconSprites/Illumise.png,DS_CUSTOM_LIBRARY/hack-packs/Infinite_Black_2_Unique_Assets/IconSprites/Illumise.png,458,a4d00560929fb102630535f2d3072501df3ea324be039ebd1a3e0910ac62b1eb
ICON_SPRITE,IconSprites/Infernape.png,DS_CUSTOM_LIBRARY/hack-packs/Infinite_Black_2_Unique_Assets/IconSprites/Infernape.png,570,cd20aafb932da678bbb85a36815c2ff2a121c8d810201b6b72052e74baf98eef
ICON_SPRITE,IconSprites/Ivysaur.png,DS_CUSTOM_LIBRARY/hack-packs/Infinite_Black_2_Unique_Assets/IconSprites/Ivysaur.png,441,e45547109da4185f6dde47fd7c4b671c0386aad8ac72afa8db309e314f7e11b7
ICON_SPRITE,IconSprites/Jellicent.png,DS_CUSTOM_LIBRARY/hack-packs/Infinite_Black_2_Unique_Assets/IconSprites/Jellicent.png,470,7b6c0468434ede9d94fc466afabc98b831488b5c841b4c4a7a3850e61e02a589
ICON_SPRITE,IconSprites/Jigglypuff.png,DS_CUSTOM_LIBRARY/hack-packs/Infinite_Black_2_Unique_Assets/IconSprites/Jigglypuff.png,396,6eabf3e4b122cd5d3f73b0ac8068ba5d5b542ba605988d12a26a06606d18aa95
ICON_SPRITE,IconSprites/Jirachi.png,DS_CUSTOM_LIBRARY/hack-packs/Infinite_Black_2_Unique_Assets/IconSprites/Jirachi.png,419,d00507c31ddcd418547ab50af00c2c4c48beefdea9cb9a16d6b267bf14c174a4
ICON_SPRITE,IconSprites/Jolteon (1).png,DS_CUSTOM_LIBRARY/hack-packs/Infinite_Black_2_Unique_Assets/IconSprites/Jolteon (1).png,422,37fe9f2b33dce0c2c116481024794b983abdd0c5f9743a1406d44997ce0e9e1d
ICON_SPRITE,IconSprites/Jolteon.png,DS_CUSTOM_LIBRARY/hack-packs/Infinite_Black_2_Unique_Assets/IconSprites/Jolteon.png,389,9a682b1fbe8cac7a7e82cfb562563275679e531b55dae4ef4e76e4662bd942eb
ICON_SPRITE,IconSprites/Joltik.png,DS_CUSTOM_LIBRARY/hack-packs/Infinite_Black_2_Unique_Assets/IconSprites/Joltik.png,405,b32b8796dca0c13de7290a8a8734cd5c250e0696cbf9c0764188be20db341400
ICON_SPRITE,IconSprites/Jumpluff.png,DS_CUSTOM_LIBRARY/hack-packs/Infinite_Black_2_Unique_Assets/IconSprites/Jumpluff.png,431,39c0648ec08e9eae8a297ddf9fa0fbf53ea15f1737e1856b847c1202fb66b24b
ICON_SPRITE,IconSprites/Jynx.png,DS_CUSTOM_LIBRARY/hack-packs/Infinite_Black_2_Unique_Assets/IconSprites/Jynx.png,407,405118b95ef7e047cfe8c4ce1875092e8777519bdef017b9b03f1e5644b47359
ICON_SPRITE,IconSprites/Kabuto.png,DS_CUSTOM_LIBRARY/hack-packs/Infinite_Black_2_Unique_Assets/IconSprites/Kabuto.png,311,08fefcfca9e39e65d9f221883eba0cc2c11e99c252f98dbb96db1ce037b64486
ICON_SPRITE,IconSprites/Kabutops.png,DS_CUSTOM_LIBRARY/hack-packs/Infinite_Black_2_Unique_Assets/IconSprites/Kabutops.png,406,4c9954142e96520c4b87ff94db40d6e48fea606fe94e25f71d416e79c3f9e287
ICON_SPRITE,IconSprites/Kadabra.png,DS_CUSTOM_LIBRARY/hack-packs/Infinite_Black_2_Unique_Assets/IconSprites/Kadabra.png,503,47e27b79afa64d8522633a35ca60b9eb7c5e638c9ac2091921102ecdc40d4367
ICON_SPRITE,IconSprites/Kakuna.png,DS_CUSTOM_LIBRARY/hack-packs/Infinite_Black_2_Unique_Assets/IconSprites/Kakuna.png,334,9fa40f7dbdda60f0ae98df083874f8ad34835b5f16278fc374bef220f57e58c9
ICON_SPRITE,IconSprites/Kangaskhan.png,DS_CUSTOM_LIBRARY/hack-packs/Infinite_Black_2_Unique_Assets/IconSprites/Kangaskhan.png,431,d770aab2f699adeaa344c8afb1fd32939322da56d9536c7cb3ee0ad465dc2cc9
ICON_SPRITE,IconSprites/Karrablast.png,DS_CUSTOM_LIBRARY/hack-packs/Infinite_Black_2_Unique_Assets/IconSprites/Karrablast.png,361,d3409099c2e048d316f3b581c4c174b28a5aff0ce2b6b82583f76ac3e3dbcd4f
ICON_SPRITE,IconSprites/Kecleon.png,DS_CUSTOM_LIBRARY/hack-packs/Infinite_Black_2_Unique_Assets/IconSprites/Kecleon.png,443,cb2d204884b4820807a8f3bb798904739a62e5f7e3970608287fea9bc2ae8cd3
ICON_SPRITE,IconSprites/Keldeo (1).png,DS_CUSTOM_LIBRARY/hack-packs/Infinite_Black_2_Unique_Assets/IconSprites/Keldeo (1).png,548,caeedc09aa3f7737cd8f08a50bb88494a4ba99e08fc682d4d64d0a5cc673b0de
ICON_SPRITE,IconSprites/Keldeo.png,DS_CUSTOM_LIBRARY/hack-packs/Infinite_Black_2_Unique_Assets/IconSprites/Keldeo.png,520,64ce46a56525b30cd8413aa44727d1d04e02a7433245cd823a7bbd39fc0241d0
ICON_SPRITE,IconSprites/Kingdra.png,DS_CUSTOM_LIBRARY/hack-packs/Infinite_Black_2_Unique_Assets/IconSprites/Kingdra.png,454,049ec82ffc7e85dac06c3c8de22ec5cb668eb08e78c611ab5986b9f9e9a2ea60
ICON_SPRITE,IconSprites/Kingler.png,DS_CUSTOM_LIBRARY/hack-packs/Infinite_Black_2_Unique_Assets/IconSprites/Kingler.png,448,f52b09f36c01fdf96c1b3352fd3f286c659d65cb6051e2d46bccc6c412b82a4d
ICON_SPRITE,IconSprites/Kirlia.png,DS_CUSTOM_LIBRARY/hack-packs/Infinite_Black_2_Unique_Assets/IconSprites/Kirlia.png,430,49ccc0f0c767f936e0715bd975464ddd2083d2bb0c01aa2a248ee23469e42ca1
ICON_SPRITE,IconSprites/Klang.png,DS_CUSTOM_LIBRARY/hack-packs/Infinite_Black_2_Unique_Assets/IconSprites/Klang.png,454,337a2cdff8c32c5260544ee421b1fb23a7f847d2fb6e001fd07ea88097e9facb
ICON_SPRITE,IconSprites/Klink.png,DS_CUSTOM_LIBRARY/hack-packs/Infinite_Black_2_Unique_Assets/IconSprites/Klink.png,385,3114d7744cd4f30359559a8c6cdb2cc1f9cda337e03e6e51c89a780c865766e5
ICON_SPRITE,IconSprites/Klinklang.png,DS_CUSTOM_LIBRARY/hack-packs/Infinite_Black_2_Unique_Assets/IconSprites/Klinklang.png,521,d6b8d36af5bdc954ad5166f04f1f6baf9310d1c84ebf5adbcf8b14ffc0d70fb1
ICON_SPRITE,IconSprites/Koffing.png,DS_CUSTOM_LIBRARY/hack-packs/Infinite_Black_2_Unique_Assets/IconSprites/Koffing.png,395,1d4df7b694c0dbbb74724452fb1db4dba09383499853dec490b3112aa3854149
ICON_SPRITE,IconSprites/Krabby.png,DS_CUSTOM_LIBRARY/hack-packs/Infinite_Black_2_Unique_Assets/IconSprites/Krabby.png,416,76ffa4eb729315ba4d8bc7c0ec8b88d0f9bfd4707ffd6254ec848f5dfe955ea5
ICON_SPRITE,IconSprites/Kricketot.png,DS_CUSTOM_LIBRARY/hack-packs/Infinite_Black_2_Unique_Assets/IconSprites/Kricketot.png,432,07a3af3245ac469979191c954df5351f00aa4714a620f357f2ff86ab80a7b743
ICON_SPRITE,IconSprites/Kricketune.png,DS_CUSTOM_LIBRARY/hack-packs/Infinite_Black_2_Unique_Assets/IconSprites/Kricketune.png,491,c1be17c314b70c79e54d606d536cc31d84723ed165811c6fedfe35fd93623fa5
ICON_SPRITE,IconSprites/Krokorok.png,DS_CUSTOM_LIBRARY/hack-packs/Infinite_Black_2_Unique_Assets/IconSprites/Krokorok.png,449,518eafa470dffdbba081118288a05c4f9d47534aa61ae5831cd00f8759687454
ICON_SPRITE,IconSprites/Krookodile.png,DS_CUSTOM_LIBRARY/hack-packs/Infinite_Black_2_Unique_Assets/IconSprites/Krookodile.png,502,ad530056ef36296d819923e453f3cf8647ee3962829dbc1440970ab000c78c17
ICON_SPRITE,IconSprites/Kyogre.png,DS_CUSTOM_LIBRARY/hack-packs/Infinite_Black_2_Unique_Assets/IconSprites/Kyogre.png,505,52086018cdf1fec9eceb3d62eec54f187745f9896ed46c9a974dcc9b40ae43ac
ICON_SPRITE,IconSprites/Kyurem (1).png,DS_CUSTOM_LIBRARY/hack-packs/Infinite_Black_2_Unique_Assets/IconSprites/Kyurem (1).png,602,8c8c4d39593c474c9c5e751a35c8bc8221300e6095a47a2f3453d6965059c3a0
ICON_SPRITE,IconSprites/Kyurem (2).png,DS_CUSTOM_LIBRARY/hack-packs/Infinite_Black_2_Unique_Assets/IconSprites/Kyurem (2).png,537,71ceac906fa7e360eec9b3278c3565045b30b53588d91b256e1d769b3674d09f
ICON_SPRITE,IconSprites/Kyurem.png,DS_CUSTOM_LIBRARY/hack-packs/Infinite_Black_2_Unique_Assets/IconSprites/Kyurem.png,539,4c305f1b28568cc20cbce400c1d1ad2ddd9d5b3432b8569a32fe9718830a84c2
ICON_SPRITE,IconSprites/Lairon.png,DS_CUSTOM_LIBRARY/hack-packs/Infinite_Black_2_Unique_Assets/IconSprites/Lairon.png,397,f142dea1a317a3176d8cd0b170ac29b0a9819a63500045cda2bdc36946e72761
ICON_SPRITE,IconSprites/Lampent.png,DS_CUSTOM_LIBRARY/hack-packs/Infinite_Black_2_Unique_Assets/IconSprites/Lampent.png,384,3f8e15821fa0025842fbbb7f6ed3e3c712ed623bbfd585422a7fd3b20c21116a
ICON_SPRITE,IconSprites/Landorus (1).png,DS_CUSTOM_LIBRARY/hack-packs/Infinite_Black_2_Unique_Assets/IconSprites/Landorus (1).png,559,a007e30ad6556f5e94b2fa3b03add745b16e9de444dbe3a428d0e42c369271b1
ICON_SPRITE,IconSprites/Landorus.png,DS_CUSTOM_LIBRARY/hack-packs/Infinite_Black_2_Unique_Assets/IconSprites/Landorus.png,576,b8254a04ce88f58b0b5c93b06a8f899746eeaa929968cc5b3a5a5e5020fb422a
ICON_SPRITE,IconSprites/Lanturn.png,DS_CUSTOM_LIBRARY/hack-packs/Infinite_Black_2_Unique_Assets/IconSprites/Lanturn.png,467,ee01ff2dced249925675f78ba4c4595a9051b6eaf88639b766752ec6c49cb9c0
ICON_SPRITE,IconSprites/Lapras.png,DS_CUSTOM_LIBRARY/hack-packs/Infinite_Black_2_Unique_Assets/IconSprites/Lapras.png,430,ee6ff6734c9bfa72efd2a3c0f0d8d2db419d70f2963de008860566f75fb416f6
ICON_SPRITE,IconSprites/Larvesta.png,DS_CUSTOM_LIBRARY/hack-packs/Infinite_Black_2_Unique_Assets/IconSprites/Larvesta.png,425,ac29d4003a3b26dd092d264c187a76bd03ba09f4163a69cd90adb934514d098d
ICON_SPRITE,IconSprites/Larvitar.png,DS_CUSTOM_LIBRARY/hack-packs/Infinite_Black_2_Unique_Assets/IconSprites/Larvitar.png,411,2b159c529ffda3cd118bde0ec4617daafd74b78b5c81fb68930ac41d6bc021d7
ICON_SPRITE,IconSprites/Latias.png,DS_CUSTOM_LIBRARY/hack-packs/Infinite_Black_2_Unique_Assets/IconSprites/Latias.png,478,c43f453ffa3d3e645360c46f461633f32daf37d2a9fca9cf559d66a546ee06d5
ICON_SPRITE,IconSprites/Latios.png,DS_CUSTOM_LIBRARY/hack-packs/Infinite_Black_2_Unique_Assets/IconSprites/Latios.png,479,437cae9b3a3fbbbbc7a7ca67b86a9c2fab1e67b2fe17fa1e7ac03b7ac1f1db88
ICON_SPRITE,IconSprites/Leafeon (1).png,DS_CUSTOM_LIBRARY/hack-packs/Infinite_Black_2_Unique_Assets/IconSprites/Leafeon (1).png,465,e4ea7cba6a339c1fddac40b286f154032f577b48d7394c3b66f3d885dc3615af
ICON_SPRITE,IconSprites/Leafeon.png,DS_CUSTOM_LIBRARY/hack-packs/Infinite_Black_2_Unique_Assets/IconSprites/Leafeon.png,500,193648a063fdd1a070620c3914d87603d39e45bf11b87d4af0a42ce68ad81993
ICON_SPRITE,IconSprites/Leavanny.png,DS_CUSTOM_LIBRARY/hack-packs/Infinite_Black_2_Unique_Assets/IconSprites/Leavanny.png,427,8741bb0ed0623c0610048b46019b6fbdef16b9e574c0d6d629c5b0cc59a4d381
ICON_SPRITE,IconSprites/Ledian.png,DS_CUSTOM_LIBRARY/hack-packs/Infinite_Black_2_Unique_Assets/IconSprites/Ledian.png,427,ea13fb11b42b11295a9e6306718bb2691744f2df4ce4b0b8b390582fe2a90c26
ICON_SPRITE,IconSprites/Ledyba.png,DS_CUSTOM_LIBRARY/hack-packs/Infinite_Black_2_Unique_Assets/IconSprites/Ledyba.png,398,7563219611f0528210c1ccd41319dc8e2f3f4e0e986d37f59aa9002e7365751d
ICON_SPRITE,IconSprites/Lickilicky.png,DS_CUSTOM_LIBRARY/hack-packs/Infinite_Black_2_Unique_Assets/IconSprites/Lickilicky.png,464,8ff4b8dc50fdeff36bf5c392794f402f3821cd377cf2ffb5273af7628707d4e1
ICON_SPRITE,IconSprites/Lickitung.png,DS_CUSTOM_LIBRARY/hack-packs/Infinite_Black_2_Unique_Assets/IconSprites/Lickitung.png,402,f5b10a9fee37653c379719eee959d4d5842aa8619391d4be06b63eda0f75b4d2
ICON_SPRITE,IconSprites/Liepard.png,DS_CUSTOM_LIBRARY/hack-packs/Infinite_Black_2_Unique_Assets/IconSprites/Liepard.png,498,a082780f1a3d6723cc326359a8f836f289c59811681a8a027599c8424e4581bf
ICON_SPRITE,IconSprites/Lileep.png,DS_CUSTOM_LIBRARY/hack-packs/Infinite_Black_2_Unique_Assets/IconSprites/Lileep.png,446,b13b7d1ea212f27b0a4dde9d5e3c7635334457b1733e38dc327962fa2443175a
ICON_SPRITE,IconSprites/Lilligant.png,DS_CUSTOM_LIBRARY/hack-packs/Infinite_Black_2_Unique_Assets/IconSprites/Lilligant.png,479,5a17191bf41141740d0ad14fcd6bad190a7815bc8ddd7cc077bc4fe3e5205cf5
ICON_SPRITE,IconSprites/Lillipup.png,DS_CUSTOM_LIBRARY/hack-packs/Infinite_Black_2_Unique_Assets/IconSprites/Lillipup.png,420,cd143f3b09c4428b23ab122a502429d7f7967522a774c8305ccaaf316b165ddd
ICON_SPRITE,IconSprites/Linoone.png,DS_CUSTOM_LIBRARY/hack-packs/Infinite_Black_2_Unique_Assets/IconSprites/Linoone.png,429,6e47afec9f60fbe548853f1bd2d6d64363d2d6601b6762181f004fd153ae1f42
ICON_SPRITE,IconSprites/Litwick.png,DS_CUSTOM_LIBRARY/hack-packs/Infinite_Black_2_Unique_Assets/IconSprites/Litwick.png,364,cba22b151480cd96c87e9925b1c8a919d85dd4454cda6e76e30f7c2aac4b2206
ICON_SPRITE,IconSprites/Lombre.png,DS_CUSTOM_LIBRARY/hack-packs/Infinite_Black_2_Unique_Assets/IconSprites/Lombre.png,416,48f2e0efef76d6d8d0127fb2258fefa6d2d6dd89fcb4de5d62d812badcd38d76
ICON_SPRITE,IconSprites/Lopunny.png,DS_CUSTOM_LIBRARY/hack-packs/Infinite_Black_2_Unique_Assets/IconSprites/Lopunny.png,456,8ab3213b6ac4777a9823cefc34a729c51f15dce6ca1f2e1a39090b70956e4d0a
ICON_SPRITE,IconSprites/Lotad.png,DS_CUSTOM_LIBRARY/hack-packs/Infinite_Black_2_Unique_Assets/IconSprites/Lotad.png,371,44d30a7e159c3de23d32fe48c0d36240b688388a64d465164f7ea5c43ba810e5
ICON_SPRITE,IconSprites/Loudred.png,DS_CUSTOM_LIBRARY/hack-packs/Infinite_Black_2_Unique_Assets/IconSprites/Loudred.png,469,11391569f0206ba3501d4f0a3f0f7cb70fc817209eef39d1b2537328d2483638
ICON_SPRITE,IconSprites/Lucario.png,DS_CUSTOM_LIBRARY/hack-packs/Infinite_Black_2_Unique_Assets/IconSprites/Lucario.png,429,4ce4fd423f5b8e7654e743fbb49f3c86d14e71b964466de1ce5f15a99a3a6e12
ICON_SPRITE,IconSprites/Ludicolo.png,DS_CUSTOM_LIBRARY/hack-packs/Infinite_Black_2_Unique_Assets/IconSprites/Ludicolo.png,537,0b9b2cc709ff6e92b1098d17182589428b553fc05158a80fd3c201b4d3512804
ICON_SPRITE,IconSprites/Lugia.png,DS_CUSTOM_LIBRARY/hack-packs/Infinite_Black_2_Unique_Assets/IconSprites/Lugia.png,478,fc28282bcbe17105bc06b02763f15f7c8d9141565949d5a87392626f7e4d6b42
ICON_SPRITE,IconSprites/Lumineon.png,DS_CUSTOM_LIBRARY/hack-packs/Infinite_Black_2_Unique_Assets/IconSprites/Lumineon.png,481,d4267d8717acc6efb7e2a248e1051b943fdafdb0b80327f9164decc7cdacd4d2
ICON_SPRITE,IconSprites/Lunatone.png,DS_CUSTOM_LIBRARY/hack-packs/Infinite_Black_2_Unique_Assets/IconSprites/Lunatone.png,352,3f025ccaeee29348e1d0572f95a16877246f6b7f725553dec2609232e6fe76bf
ICON_SPRITE,IconSprites/Luvdisc.png,DS_CUSTOM_LIBRARY/hack-packs/Infinite_Black_2_Unique_Assets/IconSprites/Luvdisc.png,321,fa0346901cfe7d3c290f05ad42f6058df89acf0d7161f12e46b2af06bc82475f
ICON_SPRITE,IconSprites/Luxio.png,DS_CUSTOM_LIBRARY/hack-packs/Infinite_Black_2_Unique_Assets/IconSprites/Luxio.png,496,22c5e3ec02e467866f566f04a1e3120db16739340b4c9870fe4368a440ec6e80
ICON_SPRITE,IconSprites/Luxray.png,DS_CUSTOM_LIBRARY/hack-packs/Infinite_Black_2_Unique_Assets/IconSprites/Luxray.png,532,5fd507b5bef48cd94f51074e8c6045cd9169aeb91225e089887b3fcf61b070f6
ICON_SPRITE,IconSprites/Machamp.png,DS_CUSTOM_LIBRARY/hack-packs/Infinite_Black_2_Unique_Assets/IconSprites/Machamp.png,546,3a1c21400241583504b4c9c8ad5981071b408175d90a25904ed21a059734d317
ICON_SPRITE,IconSprites/Machoke.png,DS_CUSTOM_LIBRARY/hack-packs/Infinite_Black_2_Unique_Assets/IconSprites/Machoke.png,500,6fe7add3da987c88e1993eac7b2fe88feec21735775af24075fd51ec85ca698b
ICON_SPRITE,IconSprites/Machop.png,DS_CUSTOM_LIBRARY/hack-packs/Infinite_Black_2_Unique_Assets/IconSprites/Machop.png,401,d172cb4ad5b506338974ec1d0466ad649aea752bf41f65118a5f8b7758f8b81e
ICON_SPRITE,IconSprites/Magby.png,DS_CUSTOM_LIBRARY/hack-packs/Infinite_Black_2_Unique_Assets/IconSprites/Magby.png,389,46dda8c0f8a02b45ff0c73dde7b84b282cce8ea463c7c0addccc2abceb595f58
ICON_SPRITE,IconSprites/Magcargo.png,DS_CUSTOM_LIBRARY/hack-packs/Infinite_Black_2_Unique_Assets/IconSprites/Magcargo.png,457,6148bc0fa221478a762f2665049da26c376c51a7f80c4e59f0c15a535a23bb7e
ICON_SPRITE,IconSprites/Magikarp.png,DS_CUSTOM_LIBRARY/hack-packs/Infinite_Black_2_Unique_Assets/IconSprites/Magikarp.png,438,5ea83bfecaedf52c6e36db8f48ee6b300d93b624e07076dd7e518a2db67bc271
ICON_SPRITE,IconSprites/Magmar.png,DS_CUSTOM_LIBRARY/hack-packs/Infinite_Black_2_Unique_Assets/IconSprites/Magmar.png,446,17c8541eaf47786213711be34aeb9ff88b94a17599630f88f55b45f0909b44e7
ICON_SPRITE,IconSprites/Magmortar.png,DS_CUSTOM_LIBRARY/hack-packs/Infinite_Black_2_Unique_Assets/IconSprites/Magmortar.png,531,0d32e8a23d6cff1d0e55dc6ab5c29812e61da031ba409b99e755bc25a7161920
ICON_SPRITE,IconSprites/Magnemite.png,DS_CUSTOM_LIBRARY/hack-packs/Infinite_Black_2_Unique_Assets/IconSprites/Magnemite.png,390,bd27c6672a28b2a3a4ffe5c2994b5ebf360989e240c64e40b0892f9d5e576fa5
ICON_SPRITE,IconSprites/Magneton.png,DS_CUSTOM_LIBRARY/hack-packs/Infinite_Black_2_Unique_Assets/IconSprites/Magneton.png,507,3bdc28d946d97fa217abf19ac2aa97fc8ca80dd724d0fc2b63ebc0f2157d4d37
ICON_SPRITE,IconSprites/Magnezone.png,DS_CUSTOM_LIBRARY/hack-packs/Infinite_Black_2_Unique_Assets/IconSprites/Magnezone.png,509,9abf32df7c6e27c14a31fe4c99da606a9c4407fc16f694a17641ba76ccd9ff99
ICON_SPRITE,IconSprites/Makuhita.png,DS_CUSTOM_LIBRARY/hack-packs/Infinite_Black_2_Unique_Assets/IconSprites/Makuhita.png,425,d1e484c83c6660d1ec4cc8539288dec7c5a62479f4c87a9fd97bce146c378994
ICON_SPRITE,IconSprites/Mamoswine.png,DS_CUSTOM_LIBRARY/hack-packs/Infinite_Black_2_Unique_Assets/IconSprites/Mamoswine.png,500,d364d60926d50376a5846efd36cada1f41ee1556c26bdab6a77dc15414128501
ICON_SPRITE,IconSprites/Manaphy.png,DS_CUSTOM_LIBRARY/hack-packs/Infinite_Black_2_Unique_Assets/IconSprites/Manaphy.png,429,c0976c8eb184c99c03540daedcfd982fe2cdfe6070f0f637f40f4a33edc752d9
ICON_SPRITE,IconSprites/Mandibuzz.png,DS_CUSTOM_LIBRARY/hack-packs/Infinite_Black_2_Unique_Assets/IconSprites/Mandibuzz.png,474,d25453388a5bfab5eaf01e92f065779cb84530fc2e5722137449dd00b8e34f55
ICON_SPRITE,IconSprites/Manectric.png,DS_CUSTOM_LIBRARY/hack-packs/Infinite_Black_2_Unique_Assets/IconSprites/Manectric.png,442,f00c775a937f510260aee8bf0e6f72b0dbf305561df5c02979be57e083310d10
ICON_SPRITE,IconSprites/Mankey.png,DS_CUSTOM_LIBRARY/hack-packs/Infinite_Black_2_Unique_Assets/IconSprites/Mankey.png,448,8c2b1797d6e6574c1adf2836887a0dbc07f26828b119b81cc36b664fdc65689c
ICON_SPRITE,IconSprites/Mantine.png,DS_CUSTOM_LIBRARY/hack-packs/Infinite_Black_2_Unique_Assets/IconSprites/Mantine.png,433,3de3a5189312d3f5d96a08a75757bfa71f7a344a6b91ced74c3fda2f9933118d
ICON_SPRITE,IconSprites/Mantyke.png,DS_CUSTOM_LIBRARY/hack-packs/Infinite_Black_2_Unique_Assets/IconSprites/Mantyke.png,349,e03af0cce58735b1a59c3c1e24b449898402ac2d7e500a8d12c8f82ad8b0b9aa
ICON_SPRITE,IconSprites/Maractus.png,DS_CUSTOM_LIBRARY/hack-packs/Infinite_Black_2_Unique_Assets/IconSprites/Maractus.png,535,ae2747f8832193ba537a688d71be99ae436553edf56be776fb8f54f3ed89d9dd
ICON_SPRITE,IconSprites/Mareep.png,DS_CUSTOM_LIBRARY/hack-packs/Infinite_Black_2_Unique_Assets/IconSprites/Mareep.png,428,192568d26a208c9826a0ea4c83f8aa005e0b268fa38af6d015aa47b32a14132e
ICON_SPRITE,IconSprites/Marill.png,DS_CUSTOM_LIBRARY/hack-packs/Infinite_Black_2_Unique_Assets/IconSprites/Marill.png,416,b729a5fc3c4cb93646339110709fe6d648cf938f99b05c030c3558f0e592e744
ICON_SPRITE,IconSprites/Marowak.png,DS_CUSTOM_LIBRARY/hack-packs/Infinite_Black_2_Unique_Assets/IconSprites/Marowak.png,429,fddbd1c0343b67d57441212d38cf84da649b8acad4d2db880bfd6dac592734f6
ICON_SPRITE,IconSprites/Marshtomp.png,DS_CUSTOM_LIBRARY/hack-packs/Infinite_Black_2_Unique_Assets/IconSprites/Marshtomp.png,420,746cffccd0f97592e169315a4c2db932723067f28201cd0dad31da3e5b722162
ICON_SPRITE,IconSprites/Masquerain.png,DS_CUSTOM_LIBRARY/hack-packs/Infinite_Black_2_Unique_Assets/IconSprites/Masquerain.png,482,16353d604e01b301826b5951da2c2a701d19055ccface77c30c9d8f4deb6aabb
ICON_SPRITE,IconSprites/Mawile.png,DS_CUSTOM_LIBRARY/hack-packs/Infinite_Black_2_Unique_Assets/IconSprites/Mawile.png,435,f6239b28135e63db511a9ce7ae5825493b36bfbc6b72c549190a45863924b280
ICON_SPRITE,IconSprites/Medicham.png,DS_CUSTOM_LIBRARY/hack-packs/Infinite_Black_2_Unique_Assets/IconSprites/Medicham.png,433,458b75dbb1f12feb258bed3e7521f68ef4ff9a9f8248b5eb6027a4b4ce24a80e
ICON_SPRITE,IconSprites/Meditite.png,DS_CUSTOM_LIBRARY/hack-packs/Infinite_Black_2_Unique_Assets/IconSprites/Meditite.png,433,900ce139ff0764bfc77786211336ef4d5bb9675c8302e9cc3bfda8bc72d6d56d
ICON_SPRITE,IconSprites/Meganium.png,DS_CUSTOM_LIBRARY/hack-packs/Infinite_Black_2_Unique_Assets/IconSprites/Meganium.png,493,d93ddc1733e6490fc322a231f7890067eb6833239114c473670d4ee15014e352
ICON_SPRITE,IconSprites/Meloetta (1).png,DS_CUSTOM_LIBRARY/hack-packs/Infinite_Black_2_Unique_Assets/IconSprites/Meloetta (1).png,409,577c54a730099a4d027c98ce5eb3033269264c9e114bde15bd17483dfcec8cc9
ICON_SPRITE,IconSprites/Meloetta.png,DS_CUSTOM_LIBRARY/hack-packs/Infinite_Black_2_Unique_Assets/IconSprites/Meloetta.png,407,58b0f6f5780ebb022180ba5fdb199aa0525b5348e0c624467bff8c8660326def
ICON_SPRITE,IconSprites/Meowth.png,DS_CUSTOM_LIBRARY/hack-packs/Infinite_Black_2_Unique_Assets/IconSprites/Meowth.png,395,02f6374622e4500e02b12346f652a6dba2f3901a857c690bd4725412d18db100
ICON_SPRITE,IconSprites/Mesprit.png,DS_CUSTOM_LIBRARY/hack-packs/Infinite_Black_2_Unique_Assets/IconSprites/Mesprit.png,521,9f61b08f0b338add46832686e164757fa5fba64e15ed3edd534045aa2753c052
ICON_SPRITE,IconSprites/Metagross.png,DS_CUSTOM_LIBRARY/hack-packs/Infinite_Black_2_Unique_Assets/IconSprites/Metagross.png,535,fed77a2d9e7a7f84b0569da9d0ad7d8b5d4d1878cb1d98a5b360f42077240478
ICON_SPRITE,IconSprites/Metang.png,DS_CUSTOM_LIBRARY/hack-packs/Infinite_Black_2_Unique_Assets/IconSprites/Metang.png,500,ea83b6acb9d39aedce31f0f3dcae8e4c7d97a91a46597b0d2018bb8738735adb
ICON_SPRITE,IconSprites/Metapod.png,DS_CUSTOM_LIBRARY/hack-packs/Infinite_Black_2_Unique_Assets/IconSprites/Metapod.png,325,8ea98ac09bd3010cf11de9ceef44504bb9f87dfe1bf31c730b432d868aca351b
ICON_SPRITE,IconSprites/Mew.png,DS_CUSTOM_LIBRARY/hack-packs/Infinite_Black_2_Unique_Assets/IconSprites/Mew.png,422,07e920e1646d201cd089cf69be5420bff737a065a199f59b1b4c6e8eb0eea5dd
ICON_SPRITE,IconSprites/Mewtwo.png,DS_CUSTOM_LIBRARY/hack-packs/Infinite_Black_2_Unique_Assets/IconSprites/Mewtwo.png,412,aaa87b9bc4deac362763ceb7b8969bd9d05afd2dc5f4f3e8cc772a9ac4cc368c
ICON_SPRITE,IconSprites/Mienfoo.png,DS_CUSTOM_LIBRARY/hack-packs/Infinite_Black_2_Unique_Assets/IconSprites/Mienfoo.png,423,7c914a8f8777454e0f84b6f9c9c8f38af5d6c277f73771344402cef0ea5d9649
ICON_SPRITE,IconSprites/Mienshao.png,DS_CUSTOM_LIBRARY/hack-packs/Infinite_Black_2_Unique_Assets/IconSprites/Mienshao.png,485,6ee211487a319e1feb1a11444d31ba5daf2c9ca720526b72b82a10edf28712f7
ICON_SPRITE,IconSprites/Mightyena.png,DS_CUSTOM_LIBRARY/hack-packs/Infinite_Black_2_Unique_Assets/IconSprites/Mightyena.png,452,1041df642d50b5c5766a1b16b87e686a321b3a36fa331ae08ed6db0f9d2f0151
ICON_SPRITE,IconSprites/Milotic.png,DS_CUSTOM_LIBRARY/hack-packs/Infinite_Black_2_Unique_Assets/IconSprites/Milotic.png,489,771e90b84bf93c2d5ec28352b78c9e55caddf4807e305fd293ba9c3fa0c6499b
ICON_SPRITE,IconSprites/Miltank.png,DS_CUSTOM_LIBRARY/hack-packs/Infinite_Black_2_Unique_Assets/IconSprites/Miltank.png,450,3eeb447c674f82261faff7ce4ec9217e3563c6df301b417eed241087c9fab5dd
ICON_SPRITE,IconSprites/Mime Jr..png,DS_CUSTOM_LIBRARY/hack-packs/Infinite_Black_2_Unique_Assets/IconSprites/Mime Jr..png,383,a2b65130f5332f39a7dd377eb572fd79e9733be6f6e0c4b267a668bab81df302
ICON_SPRITE,IconSprites/Minccino.png,DS_CUSTOM_LIBRARY/hack-packs/Infinite_Black_2_Unique_Assets/IconSprites/Minccino.png,432,d7bf8d65b0c071d0bd0de13ef34bc1796a59f52d97c5fa7020cd63e2b73c9901
ICON_SPRITE,IconSprites/Minior (1).png,DS_CUSTOM_LIBRARY/hack-packs/Infinite_Black_2_Unique_Assets/IconSprites/Minior (1).png,391,fc9a912e8629e524d0aa87c455bf73371f08b37b999d70b080ee7adf311a1ca7
ICON_SPRITE,IconSprites/Minior (10).png,DS_CUSTOM_LIBRARY/hack-packs/Infinite_Black_2_Unique_Assets/IconSprites/Minior (10).png,375,592a97a2c0d586ea72629bcf45f93867ba43e6adccef812e14ea6df297457a9f
ICON_SPRITE,IconSprites/Minior (11).png,DS_CUSTOM_LIBRARY/hack-packs/Infinite_Black_2_Unique_Assets/IconSprites/Minior (11).png,394,00c1a509a48a1432b113973aad538d6d2d4836dad22c6ac4263f222d73196b81
ICON_SPRITE,IconSprites/Minior (13).png,DS_CUSTOM_LIBRARY/hack-packs/Infinite_Black_2_Unique_Assets/IconSprites/Minior (13).png,378,5e6190e827e28d498498d3eba7231fd1127e8b737779908efe96e19d4cf2d763
ICON_SPRITE,IconSprites/Minior (3).png,DS_CUSTOM_LIBRARY/hack-packs/Infinite_Black_2_Unique_Assets/IconSprites/Minior (3).png,392,e0e2bed9a56e25d29e99427bee3b648d1623b9f4e73c3524a3e2c9c42e2e2550
ICON_SPRITE,IconSprites/Minior (5).png,DS_CUSTOM_LIBRARY/hack-packs/Infinite_Black_2_Unique_Assets/IconSprites/Minior (5).png,394,74e489e0095ea82b2cc2508567f843aab3d5251e0cf986445f8aab17f1e3096a
ICON_SPRITE,IconSprites/Minior (7).png,DS_CUSTOM_LIBRARY/hack-packs/Infinite_Black_2_Unique_Assets/IconSprites/Minior (7).png,392,640de20de8b3b71bed072c8c217da9119652b63559ba15078a65e531c072980e
ICON_SPRITE,IconSprites/Minior (9).png,DS_CUSTOM_LIBRARY/hack-packs/Infinite_Black_2_Unique_Assets/IconSprites/Minior (9).png,393,f9a0f219cc8c2be54ab538e4b788554a894a22000c7996311d0063a9606cc972
ICON_SPRITE,IconSprites/Minun.png,DS_CUSTOM_LIBRARY/hack-packs/Infinite_Black_2_Unique_Assets/IconSprites/Minun.png,391,c126d18efb3a7f982ca32dd9b14e495c1ac4e4e405c746636eb7caa757c10aa7
ICON_SPRITE,IconSprites/Misdreavus.png,DS_CUSTOM_LIBRARY/hack-packs/Infinite_Black_2_Unique_Assets/IconSprites/Misdreavus.png,436,cd2705cc78712ed702b173e3c0927689aee9e6b035a18ef5adb1b1a0337cf060
ICON_SPRITE,IconSprites/Mismagius.png,DS_CUSTOM_LIBRARY/hack-packs/Infinite_Black_2_Unique_Assets/IconSprites/Mismagius.png,492,18ab8d7963a55f9a857bfd07d9b7e52fc954415208ea9cfa1be49c897fe1e9ef
ICON_SPRITE,IconSprites/Moltres.png,DS_CUSTOM_LIBRARY/hack-packs/Infinite_Black_2_Unique_Assets/IconSprites/Moltres.png,449,018311746190712740160786a2cf1ab52bd38d3b9f00a8d968cd4dd250e0605d
ICON_SPRITE,IconSprites/Monferno.png,DS_CUSTOM_LIBRARY/hack-packs/Infinite_Black_2_Unique_Assets/IconSprites/Monferno.png,457,9bc3afec41981c4e76490da58e41fa0e10fb71b6ed19d1953f84fc29fb3accb7
ICON_SPRITE,IconSprites/Mothim.png,DS_CUSTOM_LIBRARY/hack-packs/Infinite_Black_2_Unique_Assets/IconSprites/Mothim.png,508,dc7763726fdcf2e083fcd4dddc63756a873a250066e81fb214c1c4848d42b0a9
ICON_SPRITE,IconSprites/Mr. Mime.png,DS_CUSTOM_LIBRARY/hack-packs/Infinite_Black_2_Unique_Assets/IconSprites/Mr. Mime.png,411,7c2f05f93286033b46cec6a005ab23f62706c912363d945fb27bc91a17c928c6
ICON_SPRITE,IconSprites/Mudkip.png,DS_CUSTOM_LIBRARY/hack-packs/Infinite_Black_2_Unique_Assets/IconSprites/Mudkip.png,404,01f2b11204c3c3d4290fc2de1592098b878eab268aedace9673f7f99b9884913
ICON_SPRITE,IconSprites/Muk.png,DS_CUSTOM_LIBRARY/hack-packs/Infinite_Black_2_Unique_Assets/IconSprites/Muk.png,468,53e98b8c306ab0667e67fce2cbc0e36aebebdadd3dbf1ceab81fa50d76fe7009
ICON_SPRITE,IconSprites/Munchlax.png,DS_CUSTOM_LIBRARY/hack-packs/Infinite_Black_2_Unique_Assets/IconSprites/Munchlax.png,378,bf836a49108037a56a4e92d3643ac19f822d0ae5f476bf683e5068c5aa4bf2c4
ICON_SPRITE,IconSprites/Munna.png,DS_CUSTOM_LIBRARY/hack-packs/Infinite_Black_2_Unique_Assets/IconSprites/Munna.png,341,aebd8ad09aea9bb45daa6061e985a77fb285ebaccf3174a385f82546472c0334
ICON_SPRITE,IconSprites/Murkrow.png,DS_CUSTOM_LIBRARY/hack-packs/Infinite_Black_2_Unique_Assets/IconSprites/Murkrow.png,429,c67aed11b43b7add3f788f191aa2086c56b42586b22ac3869cdf8799801711dd
ICON_SPRITE,IconSprites/Musharna.png,DS_CUSTOM_LIBRARY/hack-packs/Infinite_Black_2_Unique_Assets/IconSprites/Musharna.png,449,709da675685dbe5b8539ca05fbecdb95e6f8ff62e0b3f1951efa9546ccb4e9da
ICON_SPRITE,IconSprites/Natu.png,DS_CUSTOM_LIBRARY/hack-packs/Infinite_Black_2_Unique_Assets/IconSprites/Natu.png,389,f8f4fec802cf335cc5d10358366baf040a90bb0e13a81fa8f86f86247c2eba34
ICON_SPRITE,IconSprites/Nidoking.png,DS_CUSTOM_LIBRARY/hack-packs/Infinite_Black_2_Unique_Assets/IconSprites/Nidoking.png,523,23f0ba24aa4c42692d444e821ce3358626dc5561f2f10880ea0f6323b9d61f03
ICON_SPRITE,IconSprites/Nidoqueen.png,DS_CUSTOM_LIBRARY/hack-packs/Infinite_Black_2_Unique_Assets/IconSprites/Nidoqueen.png,482,1842cdef26b707081734c98a1f28d7ed605063ae5f470fda7de87b38f46f142b
ICON_SPRITE,IconSprites/Nidoran F.png,DS_CUSTOM_LIBRARY/hack-packs/Infinite_Black_2_Unique_Assets/IconSprites/Nidoran F.png,421,1f59b081c8926dd2c5096b6c14d47b707073db39ee8a67d5c9b5318feb61d6f5
ICON_SPRITE,IconSprites/Nidoran M.png,DS_CUSTOM_LIBRARY/hack-packs/Infinite_Black_2_Unique_Assets/IconSprites/Nidoran M.png,421,232518a63c6b0f51dea8edb14a71176be593f8193102ae96bc5c51cc009895ee
ICON_SPRITE,IconSprites/Nidorina.png,DS_CUSTOM_LIBRARY/hack-packs/Infinite_Black_2_Unique_Assets/IconSprites/Nidorina.png,435,da6d63015de9b728f3720b9a25e0729c93e5cadb9539a3e0a5bac66b66e109eb
ICON_SPRITE,IconSprites/Nidorino.png,DS_CUSTOM_LIBRARY/hack-packs/Infinite_Black_2_Unique_Assets/IconSprites/Nidorino.png,419,ddc01498d7711cb422e0f3ce8b06359b35900d7516336107d22774e335ae46bc
ICON_SPRITE,IconSprites/Ninetales (1).png,DS_CUSTOM_LIBRARY/hack-packs/Infinite_Black_2_Unique_Assets/IconSprites/Ninetales (1).png,494,2dc798fd1b52eefc425abf98c7db8a4024f62737860881c6a6e2f498d8167b64
ICON_SPRITE,IconSprites/Ninetales.png,DS_CUSTOM_LIBRARY/hack-packs/Infinite_Black_2_Unique_Assets/IconSprites/Ninetales.png,509,47067a405ea6c7a5931656f2fd86b337913d07c5389dcd1531aefde2a9d056a6
ICON_SPRITE,IconSprites/Noctowl.png,DS_CUSTOM_LIBRARY/hack-packs/Infinite_Black_2_Unique_Assets/IconSprites/Noctowl.png,427,75dc7b4995add522961f877ec84ef251982c8f501eefbbed6dcd99c7f7a32edb
ICON_SPRITE,IconSprites/Nosepass.png,DS_CUSTOM_LIBRARY/hack-packs/Infinite_Black_2_Unique_Assets/IconSprites/Nosepass.png,375,a704db00ca39d41acaec4b0e89aaf9e945dc274c4c7f5970ea52a5e5f46ffa30
ICON_SPRITE,IconSprites/Numel.png,DS_CUSTOM_LIBRARY/hack-packs/Infinite_Black_2_Unique_Assets/IconSprites/Numel.png,374,c2599bcf96991ee3e31cb29b0db251117aa03d5411209a75405fb7770a9fe5be
ICON_SPRITE,IconSprites/Nuzleaf.png,DS_CUSTOM_LIBRARY/hack-packs/Infinite_Black_2_Unique_Assets/IconSprites/Nuzleaf.png,422,262534e6db67c813bd9c08258689c3f54b7c1c11ccc7b4bde6f33bf8423bbaa6
ICON_SPRITE,IconSprites/Octillery.png,DS_CUSTOM_LIBRARY/hack-packs/Infinite_Black_2_Unique_Assets/IconSprites/Octillery.png,435,6c10396240ddac147147b148bd11da5838b8f819ed276f4c93fc0fe3fea33ec8
ICON_SPRITE,IconSprites/Oddish.png,DS_CUSTOM_LIBRARY/hack-packs/Infinite_Black_2_Unique_Assets/IconSprites/Oddish.png,335,0adafd5e4426626dbb1b6735107b7ee38d3d0e4d98ae95835da86f8b84653111
ICON_SPRITE,IconSprites/Omanyte.png,DS_CUSTOM_LIBRARY/hack-packs/Infinite_Black_2_Unique_Assets/IconSprites/Omanyte.png,384,5c736063f3bab1d4fba28c08d60b4bfadf6d172210658114081a93c21bc02738
ICON_SPRITE,IconSprites/Omastar.png,DS_CUSTOM_LIBRARY/hack-packs/Infinite_Black_2_Unique_Assets/IconSprites/Omastar.png,456,16230f453ce4044e326cf213eb3cfbf08507abd826537d9e8365a7350eb40320
ICON_SPRITE,IconSprites/Onix.png,DS_CUSTOM_LIBRARY/hack-packs/Infinite_Black_2_Unique_Assets/IconSprites/Onix.png,485,f28d0a22d2ca8ba6c2c1a58a94cc342a5208d0a4a0f56e22275d31919d71c416
ICON_SPRITE,IconSprites/Oshawott.png,DS_CUSTOM_LIBRARY/hack-packs/Infinite_Black_2_Unique_Assets/IconSprites/Oshawott.png,407,fbf6ad7a0a6f5169b7a14bb57ea112f5ae464dfda1d35c8547487d21d84f589a
ICON_SPRITE,IconSprites/Pachirisu.png,DS_CUSTOM_LIBRARY/hack-packs/Infinite_Black_2_Unique_Assets/IconSprites/Pachirisu.png,452,65a2dadc7b4075c1e7edc1da95bb2564875feb848f479554c3aa032a17cdf174
ICON_SPRITE,IconSprites/Palkia.png,DS_CUSTOM_LIBRARY/hack-packs/Infinite_Black_2_Unique_Assets/IconSprites/Palkia.png,539,ff0f585ec10cd47a31833b996d4f26d8cf35cccbc7bae1b2b7e0d9036fe17640
ICON_SPRITE,IconSprites/Panpour.png,DS_CUSTOM_LIBRARY/hack-packs/Infinite_Black_2_Unique_Assets/IconSprites/Panpour.png,454,f160c9dbfe9be9c9aca18bb8349d1871d2cf0e6e7cea48989df2efa298b93064
ICON_SPRITE,IconSprites/Pansage.png,DS_CUSTOM_LIBRARY/hack-packs/Infinite_Black_2_Unique_Assets/IconSprites/Pansage.png,442,d0b0e71f432cd2212558ed0cc60d3961417a056efe69c15e7e2691bb96897fe9
ICON_SPRITE,IconSprites/Pansear.png,DS_CUSTOM_LIBRARY/hack-packs/Infinite_Black_2_Unique_Assets/IconSprites/Pansear.png,416,ff98f45c3aee0d7e57cfcb99aa9cd9d41b9bb1d5e4e2e058a6c94c1b4bc2c93c
ICON_SPRITE,IconSprites/Paras.png,DS_CUSTOM_LIBRARY/hack-packs/Infinite_Black_2_Unique_Assets/IconSprites/Paras.png,437,a05c1dd0bcacdb858540ab064a5cfece08c7f4999d4c66e899ff54c92637c529
ICON_SPRITE,IconSprites/Parasect.png,DS_CUSTOM_LIBRARY/hack-packs/Infinite_Black_2_Unique_Assets/IconSprites/Parasect.png,396,535c2fd3175ceb9180ff7381a261290282292e218963b0bd782115c0ac4fc7a9
ICON_SPRITE,IconSprites/Patrat.png,DS_CUSTOM_LIBRARY/hack-packs/Infinite_Black_2_Unique_Assets/IconSprites/Patrat.png,420,4dd3e74e78b1da6cea252368adf156ee7062fb0d2bcdc883524310df22ff51dd
ICON_SPRITE,IconSprites/Pawniard.png,DS_CUSTOM_LIBRARY/hack-packs/Infinite_Black_2_Unique_Assets/IconSprites/Pawniard.png,414,1319e21a9cdef076a99178fb16fc8472a650014709e535ad1705f9cbf612489e
ICON_SPRITE,IconSprites/Pelipper.png,DS_CUSTOM_LIBRARY/hack-packs/Infinite_Black_2_Unique_Assets/IconSprites/Pelipper.png,419,5657e864b3dfda298ec8b5184e280512668f16568ea30b3105ddb2b402ab6a3d
ICON_SPRITE,IconSprites/Persian.png,DS_CUSTOM_LIBRARY/hack-packs/Infinite_Black_2_Unique_Assets/IconSprites/Persian.png,433,82bf361d7ec2885d49c82e9dc6dbd1c71c68e0e455af5c65d2b65a025cfe2303
ICON_SPRITE,IconSprites/Petilil.png,DS_CUSTOM_LIBRARY/hack-packs/Infinite_Black_2_Unique_Assets/IconSprites/Petilil.png,405,41a42907938ad23373ab7e8b8a6f8e32b02ee10977a9f777e09b0a81046b680e
ICON_SPRITE,IconSprites/Phanpy.png,DS_CUSTOM_LIBRARY/hack-packs/Infinite_Black_2_Unique_Assets/IconSprites/Phanpy.png,410,620a08b2b7a27841c4aa67e8469c09e20a3de8beeb4acfc3516602088c7a3083
ICON_SPRITE,IconSprites/Phione.png,DS_CUSTOM_LIBRARY/hack-packs/Infinite_Black_2_Unique_Assets/IconSprites/Phione.png,402,56975892e95bb5b4a627f39393b4135ecff4ed54281057a2c9c712f27e7edefd
ICON_SPRITE,IconSprites/Pichu.png,DS_CUSTOM_LIBRARY/hack-packs/Infinite_Black_2_Unique_Assets/IconSprites/Pichu.png,380,f4bd7a7675debc13da67ad44a875f5571430d8927b1abcc09a4b89241027dc75
ICON_SPRITE,IconSprites/Pidove.png,DS_CUSTOM_LIBRARY/hack-packs/Infinite_Black_2_Unique_Assets/IconSprites/Pidove.png,390,ae22eaa839d2c32aebaa04090b8f0fc3dc441a1f25279afa42346da1ba81b19d
ICON_SPRITE,IconSprites/Pignite.png,DS_CUSTOM_LIBRARY/hack-packs/Infinite_Black_2_Unique_Assets/IconSprites/Pignite.png,455,e9f3643c403dfd8ca8c748bbbe4320adbab94f48a41bc0f0fcf3027991092fe0
ICON_SPRITE,IconSprites/Pikachu.png,DS_CUSTOM_LIBRARY/hack-packs/Infinite_Black_2_Unique_Assets/IconSprites/Pikachu.png,392,329f33ba105d886568f376b7c5e2138a4ae371b45006c61dae1e2bce84872bee
ICON_SPRITE,IconSprites/Piloswine.png,DS_CUSTOM_LIBRARY/hack-packs/Infinite_Black_2_Unique_Assets/IconSprites/Piloswine.png,422,a0cdeac1fe3bb6b522c70e4bbadce732a5ac8d9187b04b0b89d6626f46476759
ICON_SPRITE,IconSprites/Pineco.png,DS_CUSTOM_LIBRARY/hack-packs/Infinite_Black_2_Unique_Assets/IconSprites/Pineco.png,412,4aa1a207151671ca1206485c3f8c61a8cac39ae3e15a43649f55a491c9827dd5
ICON_SPRITE,IconSprites/Pinsir.png,DS_CUSTOM_LIBRARY/hack-packs/Infinite_Black_2_Unique_Assets/IconSprites/Pinsir.png,412,a9c5fefc938d91439fdb9e9061d64bc39fad9f98359f7d39ed2f607536e0a5d2
ICON_SPRITE,IconSprites/Piplup.png,DS_CUSTOM_LIBRARY/hack-packs/Infinite_Black_2_Unique_Assets/IconSprites/Piplup.png,377,b641514c4d9203bdc68f18dbf083ebfa3bb78491d5d9c4a605524be9cc6266d8
ICON_SPRITE,IconSprites/Plusle.png,DS_CUSTOM_LIBRARY/hack-packs/Infinite_Black_2_Unique_Assets/IconSprites/Plusle.png,392,a083717c2996dd4827cf47133493632753fe384893e77ecde2dac195d4ad50e4
ICON_SPRITE,IconSprites/Politoed.png,DS_CUSTOM_LIBRARY/hack-packs/Infinite_Black_2_Unique_Assets/IconSprites/Politoed.png,448,6f9a57e4b7325216f4d792e9eb5d2a4d12e7976b2d69465734c9133c73f2eb8d
ICON_SPRITE,IconSprites/Poliwag.png,DS_CUSTOM_LIBRARY/hack-packs/Infinite_Black_2_Unique_Assets/IconSprites/Poliwag.png,403,608784eeb275c905dc31d94acd7b91f643bde8b96dd9fcc85a01630b01fe5ff0
ICON_SPRITE,IconSprites/Poliwhirl.png,DS_CUSTOM_LIBRARY/hack-packs/Infinite_Black_2_Unique_Assets/IconSprites/Poliwhirl.png,429,ee369e3cbb79ae08f1ca2e64d4d27a86fbdf9a48c78588302e18d948d0be6e36
ICON_SPRITE,IconSprites/Poliwrath.png,DS_CUSTOM_LIBRARY/hack-packs/Infinite_Black_2_Unique_Assets/IconSprites/Poliwrath.png,481,ff1b7c8be37ba00318465749669cb8a9ccd14e8c56e45803bd47244efba08268
ICON_SPRITE,IconSprites/Ponyta.png,DS_CUSTOM_LIBRARY/hack-packs/Infinite_Black_2_Unique_Assets/IconSprites/Ponyta.png,498,80cc3f150a19a0f3f88305a2d00813a4bd1c50c748d4e68ed8f21c06061d1292
ICON_SPRITE,IconSprites/Poochyena.png,DS_CUSTOM_LIBRARY/hack-packs/Infinite_Black_2_Unique_Assets/IconSprites/Poochyena.png,396,12579e52e50483afd8bf528e2bcff72886d8b5ba2a122ca32e904c5c72aaec30
ICON_SPRITE,IconSprites/Porygon-Z.png,DS_CUSTOM_LIBRARY/hack-packs/Infinite_Black_2_Unique_Assets/IconSprites/Porygon-Z.png,411,3266986a955be328072f64cbb92ca4b3315ac84c80d5c5edb90b7a25bb490d54
ICON_SPRITE,IconSprites/Porygon.png,DS_CUSTOM_LIBRARY/hack-packs/Infinite_Black_2_Unique_Assets/IconSprites/Porygon.png,409,48d48068637835d968b51174fb7a61b53c2bc7553553655d85a52eea006a631a
ICON_SPRITE,IconSprites/Porygon2.png,DS_CUSTOM_LIBRARY/hack-packs/Infinite_Black_2_Unique_Assets/IconSprites/Porygon2.png,395,ef7992d17df45491149cca15a8bbf20cfec29c0aeb3fbdc4a6f790ea9abf7f7f
ICON_SPRITE,IconSprites/Primeape.png,DS_CUSTOM_LIBRARY/hack-packs/Infinite_Black_2_Unique_Assets/IconSprites/Primeape.png,455,092ba3f43c9950c211dccaa354b6f1cc0ce93871ebe6041a3c2ffd21a89c1c17
ICON_SPRITE,IconSprites/Prinplup.png,DS_CUSTOM_LIBRARY/hack-packs/Infinite_Black_2_Unique_Assets/IconSprites/Prinplup.png,431,1703310c0bbda74744a51b9379c666f7a642c8ea854117d6989a5270943ffdb6
ICON_SPRITE,IconSprites/Probopass.png,DS_CUSTOM_LIBRARY/hack-packs/Infinite_Black_2_Unique_Assets/IconSprites/Probopass.png,497,01b8c7bf8bd8bcc9ebe3cce1be1ac7916a2fd3fcfa92097d1779fb6ae54a4553
ICON_SPRITE,IconSprites/Psyduck.png,DS_CUSTOM_LIBRARY/hack-packs/Infinite_Black_2_Unique_Assets/IconSprites/Psyduck.png,402,8176d999a4dc2b46037dd3fd3308183af57cdaa7943d9553200e1aafa9b3a618
ICON_SPRITE,IconSprites/Pupitar.png,DS_CUSTOM_LIBRARY/hack-packs/Infinite_Black_2_Unique_Assets/IconSprites/Pupitar.png,394,0688342af8ad77793bc35db6394dbe6e671173594d012752f3c7015e5575cb83
ICON_SPRITE,IconSprites/Purrloin.png,DS_CUSTOM_LIBRARY/hack-packs/Infinite_Black_2_Unique_Assets/IconSprites/Purrloin.png,441,f97a1cb05adb6f1028a539c8734cafc5d7feed3f8ddf04a1f69998df2e7bbda9
ICON_SPRITE,IconSprites/Purugly.png,DS_CUSTOM_LIBRARY/hack-packs/Infinite_Black_2_Unique_Assets/IconSprites/Purugly.png,492,cb1212e854c6b1618b68e78d2c307098e17611b380ee0beed86f9d1417241d5d
ICON_SPRITE,IconSprites/Quagsire.png,DS_CUSTOM_LIBRARY/hack-packs/Infinite_Black_2_Unique_Assets/IconSprites/Quagsire.png,414,4f4c40ae987e3350912784abfd4a7a8cb683f7752b68b563ad93a656e3d5e407
ICON_SPRITE,IconSprites/Quilava.png,DS_CUSTOM_LIBRARY/hack-packs/Infinite_Black_2_Unique_Assets/IconSprites/Quilava.png,432,e7d972a004c632f7dbf8ad2875fb9253a95f2704daaf18a3d74cd1c23e2d084a
ICON_SPRITE,IconSprites/Qwilfish.png,DS_CUSTOM_LIBRARY/hack-packs/Infinite_Black_2_Unique_Assets/IconSprites/Qwilfish.png,433,fa05ffd38025d4cc710d81a7f90396330e0814c648e96cec2a97052df71b3ea2
ICON_SPRITE,IconSprites/Raichu.png,DS_CUSTOM_LIBRARY/hack-packs/Infinite_Black_2_Unique_Assets/IconSprites/Raichu.png,457,d8c02faef9d6c990886a769c3df711f464684cd76a87c9ca891e5f4880507823
ICON_SPRITE,IconSprites/Raikou.png,DS_CUSTOM_LIBRARY/hack-packs/Infinite_Black_2_Unique_Assets/IconSprites/Raikou.png,534,01c5c676db8c2212b8d2906fd306ef3f416ea5f3bf3f21ce76de2692777e8e01
ICON_SPRITE,IconSprites/Ralts.png,DS_CUSTOM_LIBRARY/hack-packs/Infinite_Black_2_Unique_Assets/IconSprites/Ralts.png,362,fd6514d165d1d4ffd19e6e5f9a5709f455a3806fdf9cea07996e29806c3e16df
ICON_SPRITE,IconSprites/Rampardos.png,DS_CUSTOM_LIBRARY/hack-packs/Infinite_Black_2_Unique_Assets/IconSprites/Rampardos.png,518,6f67b47f8f5e1379d1578d4aa606e8a8650e998d05809ce82f76cbfefb2c779a
ICON_SPRITE,IconSprites/Rapidash.png,DS_CUSTOM_LIBRARY/hack-packs/Infinite_Black_2_Unique_Assets/IconSprites/Rapidash.png,528,835ad8655aae6da2c60899b64b57e9f288a705e63648d485046c7f2bec5a78ee
ICON_SPRITE,IconSprites/Raticate.png,DS_CUSTOM_LIBRARY/hack-packs/Infinite_Black_2_Unique_Assets/IconSprites/Raticate.png,438,6a6bd5a9a5e70559aab77ec65461ec84b1bd76e49b4f8958b81aa0930b84b07a
ICON_SPRITE,IconSprites/Rattata.png,DS_CUSTOM_LIBRARY/hack-packs/Infinite_Black_2_Unique_Assets/IconSprites/Rattata.png,407,d69498951b4234aeb24cfa673eacbe62676f329b457fff9a457b5d99ac62bcab
ICON_SPRITE,IconSprites/Rayquaza.png,DS_CUSTOM_LIBRARY/hack-packs/Infinite_Black_2_Unique_Assets/IconSprites/Rayquaza.png,511,549b673a4bfad22eded9ff49f0eb234755874e76d4728cff26160ffa14badfda
ICON_SPRITE,IconSprites/Regice.png,DS_CUSTOM_LIBRARY/hack-packs/Infinite_Black_2_Unique_Assets/IconSprites/Regice.png,427,73b17c18f89122e6ffb09380f8149e00c66a978fc53fd6a4c8ea0f6817faa566
ICON_SPRITE,IconSprites/Regigigas.png,DS_CUSTOM_LIBRARY/hack-packs/Infinite_Black_2_Unique_Assets/IconSprites/Regigigas.png,579,888e10dcb7b77a5fa7ae918f5e6f4b0d586bb0e81b4327fbc45497d4f0e76ebf
ICON_SPRITE,IconSprites/Regirock.png,DS_CUSTOM_LIBRARY/hack-packs/Infinite_Black_2_Unique_Assets/IconSprites/Regirock.png,429,5261819a02a77f3511f4255a46f56978adcf6225f250042de006c1e3b9246f1a
ICON_SPRITE,IconSprites/Registeel.png,DS_CUSTOM_LIBRARY/hack-packs/Infinite_Black_2_Unique_Assets/IconSprites/Registeel.png,466,8716d603f47abc3b09e96cf4819f995f65879e20cc5049b39f8a48ab5adb1417
ICON_SPRITE,IconSprites/Relicanth.png,DS_CUSTOM_LIBRARY/hack-packs/Infinite_Black_2_Unique_Assets/IconSprites/Relicanth.png,485,1e60bd940e199eb3ae1992365737418d20430201e9716071afd6d148ac0fb0f3
ICON_SPRITE,IconSprites/Remoraid.png,DS_CUSTOM_LIBRARY/hack-packs/Infinite_Black_2_Unique_Assets/IconSprites/Remoraid.png,371,57ab3361b8d46cc0f53e55b145e3e064794873211ea4fd66534036fb7ec24d56
ICON_SPRITE,IconSprites/Reshiram.png,DS_CUSTOM_LIBRARY/hack-packs/Infinite_Black_2_Unique_Assets/IconSprites/Reshiram.png,518,5f396b988931826ccfdbec78fb7b2ee92247a17e32fb9ce33ce1315c3171748c
ICON_SPRITE,IconSprites/Reuniclus.png,DS_CUSTOM_LIBRARY/hack-packs/Infinite_Black_2_Unique_Assets/IconSprites/Reuniclus.png,519,dcf789c47b28a914c8ad15f4e44ea0caa1cf6438105ee2d0aa15e89fa468b115
ICON_SPRITE,IconSprites/Rhydon.png,DS_CUSTOM_LIBRARY/hack-packs/Infinite_Black_2_Unique_Assets/IconSprites/Rhydon.png,434,d4f8fde426e607b4bb304dd782a26838d05c1ba15be9d3df641b06419c748a18
ICON_SPRITE,IconSprites/Rhyhorn.png,DS_CUSTOM_LIBRARY/hack-packs/Infinite_Black_2_Unique_Assets/IconSprites/Rhyhorn.png,391,ca3a0361ae529ae53538c41e4772473d6f0254365403705f23ca50941f9c74ee
ICON_SPRITE,IconSprites/Rhyperior.png,DS_CUSTOM_LIBRARY/hack-packs/Infinite_Black_2_Unique_Assets/IconSprites/Rhyperior.png,514,b66f3a093962c526684d602e3aeb975d8031d22af49f3886b61d6b5bf7e30c3e
ICON_SPRITE,IconSprites/Ribombee.png,DS_CUSTOM_LIBRARY/hack-packs/Infinite_Black_2_Unique_Assets/IconSprites/Ribombee.png,414,6cb5bda230cdf20c126a58523c60b3fedd68b75cf06fe6601652837c97940870
ICON_SPRITE,IconSprites/Riolu.png,DS_CUSTOM_LIBRARY/hack-packs/Infinite_Black_2_Unique_Assets/IconSprites/Riolu.png,392,97b8c1f0acff711cd499f27265c47868c58e78a260dcdb1688fc162fde876e14
ICON_SPRITE,IconSprites/Roggenrola.png,DS_CUSTOM_LIBRARY/hack-packs/Infinite_Black_2_Unique_Assets/IconSprites/Roggenrola.png,343,c77be6b9ea73a2d08337b43a66257b0e911f18031bceec0ddbbdb0cfa36a63a0
ICON_SPRITE,IconSprites/Roselia.png,DS_CUSTOM_LIBRARY/hack-packs/Infinite_Black_2_Unique_Assets/IconSprites/Roselia.png,485,03d58b3c42e67b7777175b8a41dc97adfef45a2d0e2c66bfb5778c7f54aaff52
ICON_SPRITE,IconSprites/Roserade.png,DS_CUSTOM_LIBRARY/hack-packs/Infinite_Black_2_Unique_Assets/IconSprites/Roserade.png,507,7ba3bc2b8b0094e629862f7f6992dcb44885022596db46e8367a39cb4114cd16
ICON_SPRITE,IconSprites/Rotom (1).png,DS_CUSTOM_LIBRARY/hack-packs/Infinite_Black_2_Unique_Assets/IconSprites/Rotom (1).png,455,c5fae74b8a99f88aa3104313b35dc4b08afaa52f887e5456860d805b044c16c2
ICON_SPRITE,IconSprites/Rotom (2).png,DS_CUSTOM_LIBRARY/hack-packs/Infinite_Black_2_Unique_Assets/IconSprites/Rotom (2).png,470,61f2d61b78b3a72253fbf74fcb19389d342e59ae299abc65879b67eb0185c9b3
ICON_SPRITE,IconSprites/Rotom (3).png,DS_CUSTOM_LIBRARY/hack-packs/Infinite_Black_2_Unique_Assets/IconSprites/Rotom (3).png,498,27bb9f1ca930f0acbf4e5bb8c060905f4acd6326863b208c0866d2bf60c7aced
ICON_SPRITE,IconSprites/Rotom (4).png,DS_CUSTOM_LIBRARY/hack-packs/Infinite_Black_2_Unique_Assets/IconSprites/Rotom (4).png,455,1c771a917aa134e447192bccf6342b337ca9690fe253f740a4dd5cff49410222
ICON_SPRITE,IconSprites/Rotom (5).png,DS_CUSTOM_LIBRARY/hack-packs/Infinite_Black_2_Unique_Assets/IconSprites/Rotom (5).png,473,442ea3ece05fd2f231f1fa0a428499419742f1d138b2aac75ea73a89a64fa575
ICON_SPRITE,IconSprites/Rotom.png,DS_CUSTOM_LIBRARY/hack-packs/Infinite_Black_2_Unique_Assets/IconSprites/Rotom.png,408,2dce0b096538c17b11b6706f32f7b515d804712a01316b315df6a9e74ba33a91
ICON_SPRITE,IconSprites/Rowlet.png,DS_CUSTOM_LIBRARY/hack-packs/Infinite_Black_2_Unique_Assets/IconSprites/Rowlet.png,408,4cbbfc48580c6a9c57a500951f1e2b0560d86ec3bb8b923505a291355087c8bd
ICON_SPRITE,IconSprites/Rufflet.png,DS_CUSTOM_LIBRARY/hack-packs/Infinite_Black_2_Unique_Assets/IconSprites/Rufflet.png,464,1f3bb355fe532bd4838eae1fb3d3dfd72593a9f7796ac92d2db94a10fba0986e
ICON_SPRITE,IconSprites/Sableye.png,DS_CUSTOM_LIBRARY/hack-packs/Infinite_Black_2_Unique_Assets/IconSprites/Sableye.png,420,150e8db8e5dc873b2bbdfccafc41433dba4244d36b728f15c6ada2ace67b04de
ICON_SPRITE,IconSprites/Salamence.png,DS_CUSTOM_LIBRARY/hack-packs/Infinite_Black_2_Unique_Assets/IconSprites/Salamence.png,529,eb6eef475b7b7553f082178758424c6811187dc089132552de351ae4a318b6c2
ICON_SPRITE,IconSprites/Samurott.png,DS_CUSTOM_LIBRARY/hack-packs/Infinite_Black_2_Unique_Assets/IconSprites/Samurott.png,551,da8915d04df0c05b0124df5ee6527c7cdaf2c16365e5ee5f280a76fab2e5d6df
ICON_SPRITE,IconSprites/Sandile.png,DS_CUSTOM_LIBRARY/hack-packs/Infinite_Black_2_Unique_Assets/IconSprites/Sandile.png,408,4085164ed5c085af9e273f851f0658983bd69c169c502a57abbacac811b3faa3
ICON_SPRITE,IconSprites/Sandshrew (1).png,DS_CUSTOM_LIBRARY/hack-packs/Infinite_Black_2_Unique_Assets/IconSprites/Sandshrew (1).png,424,98e96b4732525d40d6732432953bf2bd37c32ab84690c70019d0d806075a30cf
ICON_SPRITE,IconSprites/Sandshrew.png,DS_CUSTOM_LIBRARY/hack-packs/Infinite_Black_2_Unique_Assets/IconSprites/Sandshrew.png,408,087ed3024b75a9624f002d1d3d920b11a8324780c697be6119b0d481dc43b9eb
ICON_SPRITE,IconSprites/Sandslash (1).png,DS_CUSTOM_LIBRARY/hack-packs/Infinite_Black_2_Unique_Assets/IconSprites/Sandslash (1).png,508,8a36e197ffdc5dc50fdca49fd9a48f2bdd413a3dfb0936b5866ffaa21cb9391c
ICON_SPRITE,IconSprites/Sandslash.png,DS_CUSTOM_LIBRARY/hack-packs/Infinite_Black_2_Unique_Assets/IconSprites/Sandslash.png,474,e476be0af11b46e5cfde94d9a069aaac07d41b6f9517cc84170d3ae5a8c40dfb
ICON_SPRITE,IconSprites/Sawk.png,DS_CUSTOM_LIBRARY/hack-packs/Infinite_Black_2_Unique_Assets/IconSprites/Sawk.png,497,3b4a1d58a965ecc8904138d43393621f0a2eb7e811f73907ff8406d1af781891
ICON_SPRITE,IconSprites/Sawsbuck (1).png,DS_CUSTOM_LIBRARY/hack-packs/Infinite_Black_2_Unique_Assets/IconSprites/Sawsbuck (1).png,496,254edf9c11620b78482a3bdf5c90fcba7bada118f920c695cd7179dac51123da
ICON_SPRITE,IconSprites/Sawsbuck (2).png,DS_CUSTOM_LIBRARY/hack-packs/Infinite_Black_2_Unique_Assets/IconSprites/Sawsbuck (2).png,530,4441dc508b62d54b04b24ddc311beebe6798bf611fc92ed86fbdaa978b6d1d8f
ICON_SPRITE,IconSprites/Sawsbuck (3).png,DS_CUSTOM_LIBRARY/hack-packs/Infinite_Black_2_Unique_Assets/IconSprites/Sawsbuck (3).png,520,609122f4e6e937d58fad5e559798728b105a3c215412c29c4627d58b92385852
ICON_SPRITE,IconSprites/Sawsbuck.png,DS_CUSTOM_LIBRARY/hack-packs/Infinite_Black_2_Unique_Assets/IconSprites/Sawsbuck.png,488,826e34ed423d582272e27315a6f167fba0cec3c03c5a1e595bf21268c2025195
ICON_SPRITE,IconSprites/Sceptile.png,DS_CUSTOM_LIBRARY/hack-packs/Infinite_Black_2_Unique_Assets/IconSprites/Sceptile.png,478,99d9e7fc8f2ef19b4c9c453ee04977d757e914ac9e664484cf0d9b75c8318f46
ICON_SPRITE,IconSprites/Scizor.png,DS_CUSTOM_LIBRARY/hack-packs/Infinite_Black_2_Unique_Assets/IconSprites/Scizor.png,511,8ca6c37a56866a08079cd08ed5c22fb1b3fee8241b92040dd8b480c80113e281
ICON_SPRITE,IconSprites/Scolipede.png,DS_CUSTOM_LIBRARY/hack-packs/Infinite_Black_2_Unique_Assets/IconSprites/Scolipede.png,506,7b6d51be51db5110bd989beeadc53899f0acc6a4341e2f14504f78561cee39cf
ICON_SPRITE,IconSprites/Scrafty.png,DS_CUSTOM_LIBRARY/hack-packs/Infinite_Black_2_Unique_Assets/IconSprites/Scrafty.png,465,2175ac9f9f0b76239558ff641bf7cd14d355a36dd4a143073a1f8d942e00cd18
ICON_SPRITE,IconSprites/Scraggy.png,DS_CUSTOM_LIBRARY/hack-packs/Infinite_Black_2_Unique_Assets/IconSprites/Scraggy.png,369,94ac0058095b13a5ef934a1765a80a37c30f60060c950ba35f7a1528e48bdd0b
ICON_SPRITE,IconSprites/Scyther.png,DS_CUSTOM_LIBRARY/hack-packs/Infinite_Black_2_Unique_Assets/IconSprites/Scyther.png,422,0601946c8090012c716edfc3e8065666c745d40806eb5b5ac5cda25dd672d5d6
ICON_SPRITE,IconSprites/Seadra.png,DS_CUSTOM_LIBRARY/hack-packs/Infinite_Black_2_Unique_Assets/IconSprites/Seadra.png,431,b3ffe76224d7ba085c53208a33b56a2eac428edcc37a27afab7ef33ce1a96899
ICON_SPRITE,IconSprites/Seaking.png,DS_CUSTOM_LIBRARY/hack-packs/Infinite_Black_2_Unique_Assets/IconSprites/Seaking.png,435,a974abfff1060a6d50cb614ada7166cf50e4d0ecb352d81c0f3e116fd740ee7d
ICON_SPRITE,IconSprites/Sealeo.png,DS_CUSTOM_LIBRARY/hack-packs/Infinite_Black_2_Unique_Assets/IconSprites/Sealeo.png,433,1ddfef7f5c685fdf66c85fb28d9a93f69aa272a9d82b0717a8ad81016dd6faa2
ICON_SPRITE,IconSprites/Seedot.png,DS_CUSTOM_LIBRARY/hack-packs/Infinite_Black_2_Unique_Assets/IconSprites/Seedot.png,385,3b3d5018697c06091b3d84f2d80c938eec69e62315d8fbedcc78ce29149836cb
ICON_SPRITE,IconSprites/Seel.png,DS_CUSTOM_LIBRARY/hack-packs/Infinite_Black_2_Unique_Assets/IconSprites/Seel.png,462,d5556c30f6aa7f1cb93e1baed9ed7966e6e8ef26ed6887952f75743f5a30459b
ICON_SPRITE,IconSprites/Sentret.png,DS_CUSTOM_LIBRARY/hack-packs/Infinite_Black_2_Unique_Assets/IconSprites/Sentret.png,401,19f094ee1a76a2118b85c87f828a1f6ca05a5b80bb80278fff07f9d514ee52f9
ICON_SPRITE,IconSprites/Serperior.png,DS_CUSTOM_LIBRARY/hack-packs/Infinite_Black_2_Unique_Assets/IconSprites/Serperior.png,491,22702251ba4a6a08b20165a09d40484af1df5b1d7e38e0fe45e0d15ff881f3b7
ICON_SPRITE,IconSprites/Servine.png,DS_CUSTOM_LIBRARY/hack-packs/Infinite_Black_2_Unique_Assets/IconSprites/Servine.png,455,c67c649c67e982537300eb49efc7ef62cef16c5b79441e4c0f6bcdc4588f58a3
ICON_SPRITE,IconSprites/Seviper.png,DS_CUSTOM_LIBRARY/hack-packs/Infinite_Black_2_Unique_Assets/IconSprites/Seviper.png,434,6b11e4816c82a59a064d79ca990cb01f8b7de9f01ab432120ef2b507ba012bfd
ICON_SPRITE,IconSprites/Sewaddle.png,DS_CUSTOM_LIBRARY/hack-packs/Infinite_Black_2_Unique_Assets/IconSprites/Sewaddle.png,375,a3a3eb44fedf6e2c039bc6d4165f4114f1ac24b37d2d54634bff14d2290d0d02
ICON_SPRITE,IconSprites/Sharpedo.png,DS_CUSTOM_LIBRARY/hack-packs/Infinite_Black_2_Unique_Assets/IconSprites/Sharpedo.png,391,c2bafb18ffd0527d1dc63a63595d93bc8a79a447113c8d0af0da45f2415c3d55
ICON_SPRITE,IconSprites/Shaymin (1).png,DS_CUSTOM_LIBRARY/hack-packs/Infinite_Black_2_Unique_Assets/IconSprites/Shaymin (1).png,453,4efbffc2f74e2b157eeaa4c4cdaabc0a94ec3fba3d317e4c653ad9b3ead061e2
ICON_SPRITE,IconSprites/Shaymin.png,DS_CUSTOM_LIBRARY/hack-packs/Infinite_Black_2_Unique_Assets/IconSprites/Shaymin.png,404,5faa40ab9cfe95b93602197a84f3dc4b776d3e6924a56c8025e9ba312d2d309f
ICON_SPRITE,IconSprites/Shelgon.png,DS_CUSTOM_LIBRARY/hack-packs/Infinite_Black_2_Unique_Assets/IconSprites/Shelgon.png,446,5c70a35c500376324b5eaae498c828a43e06949f0794a8958ce2a255094f5570
ICON_SPRITE,IconSprites/Shellder.png,DS_CUSTOM_LIBRARY/hack-packs/Infinite_Black_2_Unique_Assets/IconSprites/Shellder.png,426,b26eac251d1de13fa4f881be2b9ebcedb99524cdd88e353abacf043b20a3d2c6
ICON_SPRITE,IconSprites/Shellos.png,DS_CUSTOM_LIBRARY/hack-packs/Infinite_Black_2_Unique_Assets/IconSprites/Shellos.png,412,27706cd3ed5c606c5b81be97156b339b831045e471e0d396a9c65521e816d287
ICON_SPRITE,IconSprites/Shelmet.png,DS_CUSTOM_LIBRARY/hack-packs/Infinite_Black_2_Unique_Assets/IconSprites/Shelmet.png,367,545793e8cfc073fbc3c6931e473f38722ad74210c6f1073099f23205f63c9655
ICON_SPRITE,IconSprites/Shieldon.png,DS_CUSTOM_LIBRARY/hack-packs/Infinite_Black_2_Unique_Assets/IconSprites/Shieldon.png,418,9e8be2895c03d4496fb7bff7f97d86f63d8d119d139c568046ae0ddcf1844a3a
ICON_SPRITE,IconSprites/Shiftry.png,DS_CUSTOM_LIBRARY/hack-packs/Infinite_Black_2_Unique_Assets/IconSprites/Shiftry.png,475,74423cac1bf1451f75fc3da7311d8099aff8767dc51fa233afb8e555bc45fae8
ICON_SPRITE,IconSprites/Shinx.png,DS_CUSTOM_LIBRARY/hack-packs/Infinite_Black_2_Unique_Assets/IconSprites/Shinx.png,444,6447cc81c1e00d25ae60447f798c5d5b8fef5e381d852146e3dff3c22cbf3e09
ICON_SPRITE,IconSprites/Shroomish.png,DS_CUSTOM_LIBRARY/hack-packs/Infinite_Black_2_Unique_Assets/IconSprites/Shroomish.png,387,bfc5d1ae077930d36850faa073fb8111b802d33562d16133d82f327791906693
ICON_SPRITE,IconSprites/Shuckle.png,DS_CUSTOM_LIBRARY/hack-packs/Infinite_Black_2_Unique_Assets/IconSprites/Shuckle.png,400,e3d4efb1d50577f0777d11a12797464c7c528129fea4984bdb581fababe0393b
ICON_SPRITE,IconSprites/Shuppet.png,DS_CUSTOM_LIBRARY/hack-packs/Infinite_Black_2_Unique_Assets/IconSprites/Shuppet.png,369,31d0746405d2e45a46f89e48169d2f861f5fe5fefdcebf0de0e312e7146b09d1
ICON_SPRITE,IconSprites/Sigilyph.png,DS_CUSTOM_LIBRARY/hack-packs/Infinite_Black_2_Unique_Assets/IconSprites/Sigilyph.png,504,23a1cf071d6f6d43a9f1cd3420e6def7e6f3c9f8c1286c25b61592a73e6ed7fb
ICON_SPRITE,IconSprites/Silcoon.png,DS_CUSTOM_LIBRARY/hack-packs/Infinite_Black_2_Unique_Assets/IconSprites/Silcoon.png,400,63cabc6b571e1285820cfd0f77d531b38819fe36436053c5735b86e31107daab
ICON_SPRITE,IconSprites/Simipour.png,DS_CUSTOM_LIBRARY/hack-packs/Infinite_Black_2_Unique_Assets/IconSprites/Simipour.png,475,9e0b294f33bf43ad78686600993f06fed8182a536268af9cc27a4d55148c86d9
ICON_SPRITE,IconSprites/Simisage.png,DS_CUSTOM_LIBRARY/hack-packs/Infinite_Black_2_Unique_Assets/IconSprites/Simisage.png,487,08accb76fc80ab9479417eafff76f4e9ad9644b17fbebedfe189b2952d9d471c
ICON_SPRITE,IconSprites/Simisear.png,DS_CUSTOM_LIBRARY/hack-packs/Infinite_Black_2_Unique_Assets/IconSprites/Simisear.png,479,d0a4e4a78ab67af1e2888ed4cc131b28ee72ebcd954a7e997e0088ff81d3dbc3
ICON_SPRITE,IconSprites/Skarmory.png,DS_CUSTOM_LIBRARY/hack-packs/Infinite_Black_2_Unique_Assets/IconSprites/Skarmory.png,469,a6c9b8897012e30cdfbfb931a89987760e93f6684fd586e4609e6dcf40ef0cca
ICON_SPRITE,IconSprites/Skiddo.png,DS_CUSTOM_LIBRARY/hack-packs/Infinite_Black_2_Unique_Assets/IconSprites/Skiddo.png,419,aaa38a41d26ce79af8f4b6ecb9eeb0786b3a350aad3c211c22d6cb4e5a16e710
ICON_SPRITE,IconSprites/Skiploom.png,DS_CUSTOM_LIBRARY/hack-packs/Infinite_Black_2_Unique_Assets/IconSprites/Skiploom.png,410,d51c62572be533edaf0d6ef79d0e58d74aa0eb71415eb0107974260c1ff81049
ICON_SPRITE,IconSprites/Skitty.png,DS_CUSTOM_LIBRARY/hack-packs/Infinite_Black_2_Unique_Assets/IconSprites/Skitty.png,455,bf8fae336d78ab29f7536a28b71846ffa2d208ff1f1c34778e5ab713616eb1ed
ICON_SPRITE,IconSprites/Skorupi.png,DS_CUSTOM_LIBRARY/hack-packs/Infinite_Black_2_Unique_Assets/IconSprites/Skorupi.png,476,55eb19cfd4672382e34444821e6cc6eae23a12ba6d2ee598b3294f149a1d174d
ICON_SPRITE,IconSprites/Skuntank.png,DS_CUSTOM_LIBRARY/hack-packs/Infinite_Black_2_Unique_Assets/IconSprites/Skuntank.png,474,b969f822b8ea3e5b3a373996418acf4482738f9e2e7213ec8227962c3ac9ae53
ICON_SPRITE,IconSprites/Sliggoo.png,DS_CUSTOM_LIBRARY/hack-packs/Infinite_Black_2_Unique_Assets/IconSprites/Sliggoo.png,419,52414bb43f61c0295c17ab52893d61c8ccc8dd17133f3c011e26e4b876f24f49
ICON_SPRITE,IconSprites/Slowbro.png,DS_CUSTOM_LIBRARY/hack-packs/Infinite_Black_2_Unique_Assets/IconSprites/Slowbro.png,518,a6d9946814397ddce44794c7c0a85d72a15f9fcb1c859817274b41fcfeda22c9
ICON_SPRITE,IconSprites/Slowking.png,DS_CUSTOM_LIBRARY/hack-packs/Infinite_Black_2_Unique_Assets/IconSprites/Slowking.png,466,08be480608c0cee2c01161e06b164bf99b9a4c3bfc4e1f1cbb61af0de2f5ab7c
ICON_SPRITE,IconSprites/Slowpoke.png,DS_CUSTOM_LIBRARY/hack-packs/Infinite_Black_2_Unique_Assets/IconSprites/Slowpoke.png,419,19dfabd86964b7c74cfa6d7a03801fe15953fcb222a1ccf1c2bcb901f08ee1f7
ICON_SPRITE,IconSprites/Slugma.png,DS_CUSTOM_LIBRARY/hack-packs/Infinite_Black_2_Unique_Assets/IconSprites/Slugma.png,409,b2b9ca5ee7c1db791ef4cd85e238b0646e47ae17c5691e63ce7c7497f88701f8
ICON_SPRITE,IconSprites/Smeargle.png,DS_CUSTOM_LIBRARY/hack-packs/Infinite_Black_2_Unique_Assets/IconSprites/Smeargle.png,449,292dfb38ddd75e02a8598922c9bb0209d1bddb8820df3d64919cce50614898d9
ICON_SPRITE,IconSprites/Smoochum.png,DS_CUSTOM_LIBRARY/hack-packs/Infinite_Black_2_Unique_Assets/IconSprites/Smoochum.png,425,f062888114ff43f63c6dad7b94f6f97cb6d69899d53d616a16f37d8f7432e9d2
ICON_SPRITE,IconSprites/Sneasel.png,DS_CUSTOM_LIBRARY/hack-packs/Infinite_Black_2_Unique_Assets/IconSprites/Sneasel.png,422,6f6a9f0c9229374cc1117ac9cbffcd20d0b6e72049c18b570e0a8abebb18d9ed
ICON_SPRITE,IconSprites/Snivy.png,DS_CUSTOM_LIBRARY/hack-packs/Infinite_Black_2_Unique_Assets/IconSprites/Snivy.png,435,6c20f509441ddb4f152da5957b1de7ea04b71aa112134c81a6a7d66dda1266dd
ICON_SPRITE,IconSprites/Snorlax.png,DS_CUSTOM_LIBRARY/hack-packs/Infinite_Black_2_Unique_Assets/IconSprites/Snorlax.png,436,75dd728f5056cfdd6934183e50411915be342cfd764b521b770cf0367815e2c5
ICON_SPRITE,IconSprites/Snorunt.png,DS_CUSTOM_LIBRARY/hack-packs/Infinite_Black_2_Unique_Assets/IconSprites/Snorunt.png,365,f4fa6a29bc2a0859093541aece4f4d92109c71002505184d11ee4d7b2ef54983
ICON_SPRITE,IconSprites/Snover.png,DS_CUSTOM_LIBRARY/hack-packs/Infinite_Black_2_Unique_Assets/IconSprites/Snover.png,428,3f50e9a31f1fc8a52f089c77a932c023db35324e7531b6ba93d839ba4a224b07
ICON_SPRITE,IconSprites/Snubbull.png,DS_CUSTOM_LIBRARY/hack-packs/Infinite_Black_2_Unique_Assets/IconSprites/Snubbull.png,447,c142aad3c8fa1e9e0aebe9e6208ce1dd5dbe0c84b12b8afa9339d9cda4c8d377
ICON_SPRITE,IconSprites/Solosis.png,DS_CUSTOM_LIBRARY/hack-packs/Infinite_Black_2_Unique_Assets/IconSprites/Solosis.png,369,c910b3ad2282dd501c10ed62f653ea24fbaa7acc06129f2b7666d5b0588d9493
ICON_SPRITE,IconSprites/Solrock.png,DS_CUSTOM_LIBRARY/hack-packs/Infinite_Black_2_Unique_Assets/IconSprites/Solrock.png,392,d55dccbc01c6221e275a72a74227c8256dd18cce1b09f76f937fbf15f0ef1e19
ICON_SPRITE,IconSprites/Spearow.png,DS_CUSTOM_LIBRARY/hack-packs/Infinite_Black_2_Unique_Assets/IconSprites/Spearow.png,401,a297f13a8c27997e4ac568ed072f48700b4bb221d009f1deeeb40ab77077d229
ICON_SPRITE,IconSprites/Spheal.png,DS_CUSTOM_LIBRARY/hack-packs/Infinite_Black_2_Unique_Assets/IconSprites/Spheal.png,400,4f9142def920180f8392dfedc08c0ec7d23e8b9a314220b6944e41368e350981
ICON_SPRITE,IconSprites/Spinarak.png,DS_CUSTOM_LIBRARY/hack-packs/Infinite_Black_2_Unique_Assets/IconSprites/Spinarak.png,400,229c27fbd24b35b26a0b3e9caa266916176c90d09913628711232ecb45563545
ICON_SPRITE,IconSprites/Spinda.png,DS_CUSTOM_LIBRARY/hack-packs/Infinite_Black_2_Unique_Assets/IconSprites/Spinda.png,417,9f7d95cb1f7cdbd96f2f20abfa4ca687672220b2ed5ec806e6c8dfcb1ab62e5f
ICON_SPRITE,IconSprites/Spiritomb.png,DS_CUSTOM_LIBRARY/hack-packs/Infinite_Black_2_Unique_Assets/IconSprites/Spiritomb.png,455,9933c7274027b11ae3becb2efd54fc1a95c714282358f395dfae8d9615a603e0
ICON_SPRITE,IconSprites/Spoink.png,DS_CUSTOM_LIBRARY/hack-packs/Infinite_Black_2_Unique_Assets/IconSprites/Spoink.png,365,376ee82c4092378d0b1d7bf3e94629669368f8e1e408d5d8fcea2392bb005206
ICON_SPRITE,IconSprites/Squirtle.png,DS_CUSTOM_LIBRARY/hack-packs/Infinite_Black_2_Unique_Assets/IconSprites/Squirtle.png,429,c828cb2358298377db40cbe4875d6dfdfca7ed7a8575e05da8e1fca7cf6d0e36
ICON_SPRITE,IconSprites/Stantler.png,DS_CUSTOM_LIBRARY/hack-packs/Infinite_Black_2_Unique_Assets/IconSprites/Stantler.png,437,b5049c58a9f1d83c98f583ea8a873c2115bf0771cb3f86164f39bf3fd23578f8
ICON_SPRITE,IconSprites/Staraptor.png,DS_CUSTOM_LIBRARY/hack-packs/Infinite_Black_2_Unique_Assets/IconSprites/Staraptor.png,468,9fca7c4d313db6968066106e1f09dce3a7c5978e67c474ab83a188fbba12ad3c
ICON_SPRITE,IconSprites/Staravia.png,DS_CUSTOM_LIBRARY/hack-packs/Infinite_Black_2_Unique_Assets/IconSprites/Staravia.png,436,dc3022f222e602a71e304a808d4c3299a62b62cc97c63c974e1d5936ebed2d38
ICON_SPRITE,IconSprites/Starly.png,DS_CUSTOM_LIBRARY/hack-packs/Infinite_Black_2_Unique_Assets/IconSprites/Starly.png,419,6fa30a4e0394ffc14011b0df7d2c11fb73c8ee8e954aa9c4a14f5e8a012d4bcb
ICON_SPRITE,IconSprites/Starmie.png,DS_CUSTOM_LIBRARY/hack-packs/Infinite_Black_2_Unique_Assets/IconSprites/Starmie.png,428,2b8ca2c66a8e0e08b6feca84ea6363fa705e72160ad7ab561efe0940452444d5
ICON_SPRITE,IconSprites/Staryu.png,DS_CUSTOM_LIBRARY/hack-packs/Infinite_Black_2_Unique_Assets/IconSprites/Staryu.png,368,cc867bbc85c8bfd86a628819b1a30b18b3b7d039d6a9b27ae42d8916b64a63b8
ICON_SPRITE,IconSprites/Steelix.png,DS_CUSTOM_LIBRARY/hack-packs/Infinite_Black_2_Unique_Assets/IconSprites/Steelix.png,463,6d9ca21c63ca631d67383e39c68285ffa2e0df856b698e2a75732b1df6436b1a
ICON_SPRITE,IconSprites/Stoutland.png,DS_CUSTOM_LIBRARY/hack-packs/Infinite_Black_2_Unique_Assets/IconSprites/Stoutland.png,516,38512681553ae2959794ad54168ff171e41fbf91af7f20b48d4712685835465c
ICON_SPRITE,IconSprites/Stunfisk.png,DS_CUSTOM_LIBRARY/hack-packs/Infinite_Black_2_Unique_Assets/IconSprites/Stunfisk.png,397,ca0fe7a08f590ee8f58c063403500df8d4c6e5d862c388f947c7c6db80b54d21
ICON_SPRITE,IconSprites/Stunky.png,DS_CUSTOM_LIBRARY/hack-packs/Infinite_Black_2_Unique_Assets/IconSprites/Stunky.png,448,a670f74be50276dd8c846bd1a2093720bc745d3481055ab2416017d210def1b3
ICON_SPRITE,IconSprites/Sudowoodo.png,DS_CUSTOM_LIBRARY/hack-packs/Infinite_Black_2_Unique_Assets/IconSprites/Sudowoodo.png,455,07b88a059f3445953fa3ff60d0d53c11ee24fc77a70ec8a1c42e2191ddda6a11
ICON_SPRITE,IconSprites/Suicune.png,DS_CUSTOM_LIBRARY/hack-packs/Infinite_Black_2_Unique_Assets/IconSprites/Suicune.png,472,19906184732f25f1bb7be510577f81dcaeb6d8055892c461f7536696327d74b1
ICON_SPRITE,IconSprites/Sunflora.png,DS_CUSTOM_LIBRARY/hack-packs/Infinite_Black_2_Unique_Assets/IconSprites/Sunflora.png,461,6b20ccb9eb99af8ffcb46bdc1d2841360f1a78ca29eecbe9be37fd4a1b9946f2
ICON_SPRITE,IconSprites/Sunkern.png,DS_CUSTOM_LIBRARY/hack-packs/Infinite_Black_2_Unique_Assets/IconSprites/Sunkern.png,412,327ebb6a0c965d2cd7d09cdea96d4e3ec467d717dbaba64fdb73b1d8fa0546af
ICON_SPRITE,IconSprites/Surskit.png,DS_CUSTOM_LIBRARY/hack-packs/Infinite_Black_2_Unique_Assets/IconSprites/Surskit.png,373,6759bd73b76c2150840b6af01f8f8f986eb962606d1f07f4567daaef0ae6da18
ICON_SPRITE,IconSprites/Swablu.png,DS_CUSTOM_LIBRARY/hack-packs/Infinite_Black_2_Unique_Assets/IconSprites/Swablu.png,350,5b05d64fac825a63a121bdbafdccff6b209dda58827a385b37421551b2849018
ICON_SPRITE,IconSprites/Swadloon.png,DS_CUSTOM_LIBRARY/hack-packs/Infinite_Black_2_Unique_Assets/IconSprites/Swadloon.png,386,0374888077d5ea39ffd2b2ccf6acb40994af022ea5159bd21f409627b5594b42
ICON_SPRITE,IconSprites/Swalot.png,DS_CUSTOM_LIBRARY/hack-packs/Infinite_Black_2_Unique_Assets/IconSprites/Swalot.png,381,0eb7612263d2d2d9ff9ea91165aa8f97120405b64692a491abe036056f6ae377
ICON_SPRITE,IconSprites/Swampert.png,DS_CUSTOM_LIBRARY/hack-packs/Infinite_Black_2_Unique_Assets/IconSprites/Swampert.png,526,8bb90f15eb030e338cb2523eb282374e7b2a3fbd4eda1f1ca4d7a69762436701
ICON_SPRITE,IconSprites/Swanna.png,DS_CUSTOM_LIBRARY/hack-packs/Infinite_Black_2_Unique_Assets/IconSprites/Swanna.png,485,1119f429e2ee1080b5e62391a57e39ad0e260a558dfb563c94cd65167c00c8ad
ICON_SPRITE,IconSprites/Swellow.png,DS_CUSTOM_LIBRARY/hack-packs/Infinite_Black_2_Unique_Assets/IconSprites/Swellow.png,414,1de4d25cb1dfba1265194b8337eb031a07ebb172d7df8abbd576340470af782c
ICON_SPRITE,IconSprites/Swinub.png,DS_CUSTOM_LIBRARY/hack-packs/Infinite_Black_2_Unique_Assets/IconSprites/Swinub.png,347,57c4ed0b4f323f618770ee2a9bde4d5bccdcec4dab91657616bf2a1eb8877cbb
ICON_SPRITE,IconSprites/Swoobat.png,DS_CUSTOM_LIBRARY/hack-packs/Infinite_Black_2_Unique_Assets/IconSprites/Swoobat.png,487,d1289bdb609e4b6914177ecc3c57a3bc0b8a88badf12c43cb929391339131bf7
ICON_SPRITE,IconSprites/Taillow.png,DS_CUSTOM_LIBRARY/hack-packs/Infinite_Black_2_Unique_Assets/IconSprites/Taillow.png,365,9098dc7286db03fbcfdfa5a1f9f110bf94367d06889030e89e4158b8f5c14793
ICON_SPRITE,IconSprites/Talonflame.png,DS_CUSTOM_LIBRARY/hack-packs/Infinite_Black_2_Unique_Assets/IconSprites/Talonflame.png,526,feafa1182fb499e7445568e4ae12688c1bc589046fe0f19fd8765c41f8c801c2
ICON_SPRITE,IconSprites/Tangela.png,DS_CUSTOM_LIBRARY/hack-packs/Infinite_Black_2_Unique_Assets/IconSprites/Tangela.png,413,55b668c1bcbce41259428992b1e85400b1a2d976684192f89bee09198e51d6eb
ICON_SPRITE,IconSprites/Tangrowth.png,DS_CUSTOM_LIBRARY/hack-packs/Infinite_Black_2_Unique_Assets/IconSprites/Tangrowth.png,521,86ee8814f73e1a5a32379f0ac0acabff9e4e8e558f244774192fe17c08002cdb
ICON_SPRITE,IconSprites/Tauros.png,DS_CUSTOM_LIBRARY/hack-packs/Infinite_Black_2_Unique_Assets/IconSprites/Tauros.png,451,9e7b31077afe38b64593702df9cacc3c59762caeb948fd1c4e6b3011524da382
ICON_SPRITE,IconSprites/Teddiursa.png,DS_CUSTOM_LIBRARY/hack-packs/Infinite_Black_2_Unique_Assets/IconSprites/Teddiursa.png,414,1c16ec352f844709eb5d0e8a1151cf158e3d29c4dfa5e02667a7bca0012721ac
ICON_SPRITE,IconSprites/Tentacool.png,DS_CUSTOM_LIBRARY/hack-packs/Infinite_Black_2_Unique_Assets/IconSprites/Tentacool.png,463,da5a659c78eeb1383ae4f4a7b09deeb40b8664a0884c4bf9cfb8067eec334b65
ICON_SPRITE,IconSprites/Tentacruel.png,DS_CUSTOM_LIBRARY/hack-packs/Infinite_Black_2_Unique_Assets/IconSprites/Tentacruel.png,485,08adf319deae6eeba841f84b7d2af203e3962ac21db5c0d93cdabeac114e338b
ICON_SPRITE,IconSprites/Tepig.png,DS_CUSTOM_LIBRARY/hack-packs/Infinite_Black_2_Unique_Assets/IconSprites/Tepig.png,387,1aba33f35da40d3922636409c4f06b222ac7a0db47c737f03f260910b77de78d
ICON_SPRITE,IconSprites/Terrakion.png,DS_CUSTOM_LIBRARY/hack-packs/Infinite_Black_2_Unique_Assets/IconSprites/Terrakion.png,469,7ef53b1756cd04ef6ec92c669b1172a2c964592cc5814b0a1501a8f9fabf378a
ICON_SPRITE,IconSprites/Throh.png,DS_CUSTOM_LIBRARY/hack-packs/Infinite_Black_2_Unique_Assets/IconSprites/Throh.png,515,25f822299f69b7b13471c2c2b58edd5806a8a058c0b67dde0a0a840369c98c02
ICON_SPRITE,IconSprites/Thundurus (1).png,DS_CUSTOM_LIBRARY/hack-packs/Infinite_Black_2_Unique_Assets/IconSprites/Thundurus (1).png,574,7874046529f961ae567b27216369273bf663d8f4880e6e8175b5722395c58050
ICON_SPRITE,IconSprites/Thundurus.png,DS_CUSTOM_LIBRARY/hack-packs/Infinite_Black_2_Unique_Assets/IconSprites/Thundurus.png,574,31ca446e563c979e91de62c4b11cb4b54b4c688eb3ac43e470fc18dc0446b988
ICON_SPRITE,IconSprites/Timburr.png,DS_CUSTOM_LIBRARY/hack-packs/Infinite_Black_2_Unique_Assets/IconSprites/Timburr.png,427,b93c6cb826d9f4ccc29ceabdeed442642b30ae71863a690afd749fab4715ec9d
ICON_SPRITE,IconSprites/Tirtouga.png,DS_CUSTOM_LIBRARY/hack-packs/Infinite_Black_2_Unique_Assets/IconSprites/Tirtouga.png,395,bb013dc5e25be2bd5b6c3cd0fdbb1a0834ad542f23a2b2e1c100998ee39b6eff
ICON_SPRITE,IconSprites/Togekiss.png,DS_CUSTOM_LIBRARY/hack-packs/Infinite_Black_2_Unique_Assets/IconSprites/Togekiss.png,449,27fb70f7f05e5ca91dee641051f3d15829d426ed654490029e4ca5ee369fd285
ICON_SPRITE,IconSprites/Togepi.png,DS_CUSTOM_LIBRARY/hack-packs/Infinite_Black_2_Unique_Assets/IconSprites/Togepi.png,392,4a2760e677a2dee94f2ed5cb336dc3eb1ddfbac8987640e1e2446e43eb5534c1
ICON_SPRITE,IconSprites/Togetic.png,DS_CUSTOM_LIBRARY/hack-packs/Infinite_Black_2_Unique_Assets/IconSprites/Togetic.png,387,751300d03ff58280cd715733fdb691c47d95c551ed019131178d193e757cc4dc
ICON_SPRITE,IconSprites/Torchic.png,DS_CUSTOM_LIBRARY/hack-packs/Infinite_Black_2_Unique_Assets/IconSprites/Torchic.png,387,58c4d8637ba10252538dee9a8cd24004f14f89ac9614b692c8be107ae5e139e0
ICON_SPRITE,IconSprites/Torkoal.png,DS_CUSTOM_LIBRARY/hack-packs/Infinite_Black_2_Unique_Assets/IconSprites/Torkoal.png,427,1c3f788b49698e7449738beb1b1b97b81960d6b7a31dc66e1599c64d251e71b3
ICON_SPRITE,IconSprites/Tornadus (1).png,DS_CUSTOM_LIBRARY/hack-packs/Infinite_Black_2_Unique_Assets/IconSprites/Tornadus (1).png,556,5a9372e745725d0b1bcf8d135d3a66b8329bdaf115d164f59810d9645fd9b108
ICON_SPRITE,IconSprites/Tornadus.png,DS_CUSTOM_LIBRARY/hack-packs/Infinite_Black_2_Unique_Assets/IconSprites/Tornadus.png,588,d2b46941e33d1040fe03b4b4068ecc586f60a8ca4a0d3191c5427d712dbfa27e
ICON_SPRITE,IconSprites/Torterra.png,DS_CUSTOM_LIBRARY/hack-packs/Infinite_Black_2_Unique_Assets/IconSprites/Torterra.png,542,8e5e27278994934ff8527aef3732b49ed0756c4001022634e3fe4946c7fd3a34
ICON_SPRITE,IconSprites/Totodile.png,DS_CUSTOM_LIBRARY/hack-packs/Infinite_Black_2_Unique_Assets/IconSprites/Totodile.png,415,d162b97de95b59dcb2cfa1be7ec61e7264dedf01213557732fee83994334e72a
ICON_SPRITE,IconSprites/Toxicroak.png,DS_CUSTOM_LIBRARY/hack-packs/Infinite_Black_2_Unique_Assets/IconSprites/Toxicroak.png,449,439680b9e9ea9b484f5652f59bc8a95ecc9c7d0404af6ef107c46bf524aa95eb
ICON_SPRITE,IconSprites/Tranquill.png,DS_CUSTOM_LIBRARY/hack-packs/Infinite_Black_2_Unique_Assets/IconSprites/Tranquill.png,435,a651a2916d037b0f1739a754b7318e25a2409cd518670bb68e41815715dfc035
ICON_SPRITE,IconSprites/Trapinch.png,DS_CUSTOM_LIBRARY/hack-packs/Infinite_Black_2_Unique_Assets/IconSprites/Trapinch.png,363,5f8b13e43e0d678e1c6e3a45a07832ec9252f4e03ff8bc28727243dd22bdd9f5
ICON_SPRITE,IconSprites/Treecko.png,DS_CUSTOM_LIBRARY/hack-packs/Infinite_Black_2_Unique_Assets/IconSprites/Treecko.png,407,519bacea4b26c1f1d1b9554f5aff924a874bee5cd3d5d07e266bdb770841233f
ICON_SPRITE,IconSprites/Tropius.png,DS_CUSTOM_LIBRARY/hack-packs/Infinite_Black_2_Unique_Assets/IconSprites/Tropius.png,528,2a3b3f2f0e993bde2df063b10900eb73821c1dc5bddaf1cb705a8a234d76d681
ICON_SPRITE,IconSprites/Trubbish.png,DS_CUSTOM_LIBRARY/hack-packs/Infinite_Black_2_Unique_Assets/IconSprites/Trubbish.png,415,2dc7a406fea284e79cd89bdb572cf69b5720e3e2caa25f06e602fdc482a890d9
ICON_SPRITE,IconSprites/Turtwig.png,DS_CUSTOM_LIBRARY/hack-packs/Infinite_Black_2_Unique_Assets/IconSprites/Turtwig.png,421,0a541e20ad4bb469773cbb6ece5e08853459881987ac9804f17e0ca8dd54883c
ICON_SPRITE,IconSprites/Tynamo.png,DS_CUSTOM_LIBRARY/hack-packs/Infinite_Black_2_Unique_Assets/IconSprites/Tynamo.png,309,c10ad5833a0fe9f044f83caa3f6f49f9da3919018f83bd85f64dd651ca880e1b
ICON_SPRITE,IconSprites/Typhlosion.png,DS_CUSTOM_LIBRARY/hack-packs/Infinite_Black_2_Unique_Assets/IconSprites/Typhlosion.png,436,82666b89d3e350db9ee29a869dbaf8d3d4fda98b1af28706db1edd88e658bc98
ICON_SPRITE,IconSprites/Tyranitar.png,DS_CUSTOM_LIBRARY/hack-packs/Infinite_Black_2_Unique_Assets/IconSprites/Tyranitar.png,471,ee07da75e8924e0dbb963910d81d92fc523f53af887a9cb814638e9b967563e1
ICON_SPRITE,IconSprites/Tyrantrum.png,DS_CUSTOM_LIBRARY/hack-packs/Infinite_Black_2_Unique_Assets/IconSprites/Tyrantrum.png,564,575cb286b526e1e191b1212cf10015bbf29ff209138bc792b8b340ac20674aa7
ICON_SPRITE,IconSprites/Tyrogue.png,DS_CUSTOM_LIBRARY/hack-packs/Infinite_Black_2_Unique_Assets/IconSprites/Tyrogue.png,401,6e580a0370090bb1f246502ebd35b181c2cf105da4f583b78cb3ba10ce5aa3f7
ICON_SPRITE,IconSprites/Tyrunt.png,DS_CUSTOM_LIBRARY/hack-packs/Infinite_Black_2_Unique_Assets/IconSprites/Tyrunt.png,415,08ae170e90a2d85087af5f85717d43b59465ff577fa6a6be23e1f04f270b0614
ICON_SPRITE,IconSprites/Umbreon (1).png,DS_CUSTOM_LIBRARY/hack-packs/Infinite_Black_2_Unique_Assets/IconSprites/Umbreon (1).png,421,1352ad57751d58a299bc3c64c5ff1f08fe7522f4d041f5df81cf1c8a3fc2af15
ICON_SPRITE,IconSprites/Umbreon.png,DS_CUSTOM_LIBRARY/hack-packs/Infinite_Black_2_Unique_Assets/IconSprites/Umbreon.png,430,da00fea7e9bb756317d647cd7003821ec4a2fa265a2934fa4b7436fa39d54eaf
ICON_SPRITE,IconSprites/Unfezant.png,DS_CUSTOM_LIBRARY/hack-packs/Infinite_Black_2_Unique_Assets/IconSprites/Unfezant.png,484,434196454e25cb8306fff230f5ca5883a1c73a9c61a17bc578fdf331958f9c77
ICON_SPRITE,IconSprites/Unown.png,DS_CUSTOM_LIBRARY/hack-packs/Infinite_Black_2_Unique_Assets/IconSprites/Unown.png,329,eb29bab841c8f00543c766c94e28858e722010fd527b5d8959eccdd845ce618c
ICON_SPRITE,IconSprites/Ursaring.png,DS_CUSTOM_LIBRARY/hack-packs/Infinite_Black_2_Unique_Assets/IconSprites/Ursaring.png,413,bfb8d4d3fa917f6f9b503efd93c55f8209819b0c1382d5868d337e34efb70b24
ICON_SPRITE,IconSprites/Uxie.png,DS_CUSTOM_LIBRARY/hack-packs/Infinite_Black_2_Unique_Assets/IconSprites/Uxie.png,507,fc0dbb06159719aceaa95bc224b3863e65f95f0fecf5be3f1c8ce52141d1c733
ICON_SPRITE,IconSprites/Vanillish.png,DS_CUSTOM_LIBRARY/hack-packs/Infinite_Black_2_Unique_Assets/IconSprites/Vanillish.png,395,bf7a0e01838b95ce83fce4fece3f8f5450adc2b675bf1772f4f852deb239c3c9
ICON_SPRITE,IconSprites/Vanillite.png,DS_CUSTOM_LIBRARY/hack-packs/Infinite_Black_2_Unique_Assets/IconSprites/Vanillite.png,346,dfc6312937471e4a0cda6ec08a8a7fc27dbcb1cb435eddf3ef3eaf0054e4cb21
ICON_SPRITE,IconSprites/Vanilluxe.png,DS_CUSTOM_LIBRARY/hack-packs/Infinite_Black_2_Unique_Assets/IconSprites/Vanilluxe.png,468,6773545bbf584a4044f8607de3d74987295eaea0a35f4a4a901a1b67922c3822
ICON_SPRITE,IconSprites/Vaporeon (1).png,DS_CUSTOM_LIBRARY/hack-packs/Infinite_Black_2_Unique_Assets/IconSprites/Vaporeon (1).png,391,5d0f686d9e18cf145b6c789940f2105964da7555886b21ad29c7f9b21802c461
ICON_SPRITE,IconSprites/Vaporeon.png,DS_CUSTOM_LIBRARY/hack-packs/Infinite_Black_2_Unique_Assets/IconSprites/Vaporeon.png,401,bd1b9f880ca8a3e7e34d5b5947cb07170b808bd2ea7a574e397fbcfdf3628cbf
ICON_SPRITE,IconSprites/Venipede.png,DS_CUSTOM_LIBRARY/hack-packs/Infinite_Black_2_Unique_Assets/IconSprites/Venipede.png,378,d211d92c75eec1f04bfdd69996762cdae47b635eb775bb311da1567ed489c469
ICON_SPRITE,IconSprites/Venomoth.png,DS_CUSTOM_LIBRARY/hack-packs/Infinite_Black_2_Unique_Assets/IconSprites/Venomoth.png,463,b9df78a43d2ebb0ef22236c87f3a7ec8450442016221a7c2be1452fcc96a46b5
ICON_SPRITE,IconSprites/Venonat.png,DS_CUSTOM_LIBRARY/hack-packs/Infinite_Black_2_Unique_Assets/IconSprites/Venonat.png,413,3f945b69754f08279271029e434a5fb816d23526c714b46277577d4b5e203360
ICON_SPRITE,IconSprites/Venusaur.png,DS_CUSTOM_LIBRARY/hack-packs/Infinite_Black_2_Unique_Assets/IconSprites/Venusaur.png,512,135146bf086ce6e8a6be287e28d9e8b6c2d9f04740c63636ee0297376dc21881
ICON_SPRITE,IconSprites/Vespiquen.png,DS_CUSTOM_LIBRARY/hack-packs/Infinite_Black_2_Unique_Assets/IconSprites/Vespiquen.png,511,f8d388d535636717e2968a059138bf434237d51e0873ff0c18098db590a787c6
ICON_SPRITE,IconSprites/Vibrava.png,DS_CUSTOM_LIBRARY/hack-packs/Infinite_Black_2_Unique_Assets/IconSprites/Vibrava.png,423,ffdd4f21cf6671cdac632cac19215ca6069e10e16b7f8638338fdd67738fe9c8
ICON_SPRITE,IconSprites/Victini.png,DS_CUSTOM_LIBRARY/hack-packs/Infinite_Black_2_Unique_Assets/IconSprites/Victini.png,433,ca8ab1dc506e9c590543180b225fc1bf2b7813bda9b21878d9cecc52828f9045
ICON_SPRITE,IconSprites/Vikavolt.png,DS_CUSTOM_LIBRARY/hack-packs/Infinite_Black_2_Unique_Assets/IconSprites/Vikavolt.png,474,e14d63e176ad1ffc2fb242c8cd0a54821cb6905140b48fdeb477ab4900bfdb32
ICON_SPRITE,IconSprites/Vileplume.png,DS_CUSTOM_LIBRARY/hack-packs/Infinite_Black_2_Unique_Assets/IconSprites/Vileplume.png,476,1b80a0bb3030d9798b3f5aa5ab38d04a4d791e1f828ba6523b9f7da89ac52b84
ICON_SPRITE,IconSprites/Virizion.png,DS_CUSTOM_LIBRARY/hack-packs/Infinite_Black_2_Unique_Assets/IconSprites/Virizion.png,482,fabde4bea1067c8b035d139047735b36f56daf8b52cf6b55ea03d406460155eb
ICON_SPRITE,IconSprites/Volbeat.png,DS_CUSTOM_LIBRARY/hack-packs/Infinite_Black_2_Unique_Assets/IconSprites/Volbeat.png,474,153ec10418f13fde8f2f9fb0772d4425f7445645555c7032f6b1bdae0692df3a
ICON_SPRITE,IconSprites/Volcarona.png,DS_CUSTOM_LIBRARY/hack-packs/Infinite_Black_2_Unique_Assets/IconSprites/Volcarona.png,538,a1d2c77f1984299cabb8c12115c9f930b8793cc9ee38aedb815001c2953a1139
ICON_SPRITE,IconSprites/Voltorb.png,DS_CUSTOM_LIBRARY/hack-packs/Infinite_Black_2_Unique_Assets/IconSprites/Voltorb.png,330,e58c0c28e1865bf900a4b3e26f93c19d436f9202fa44aac65e66039086a32828
ICON_SPRITE,IconSprites/Vullaby.png,DS_CUSTOM_LIBRARY/hack-packs/Infinite_Black_2_Unique_Assets/IconSprites/Vullaby.png,426,e202fe12e7ab44e2a7d2f05fdc4192fba41bb2abb92d86b783bfb596713ae6a4
ICON_SPRITE,IconSprites/Vulpix (1).png,DS_CUSTOM_LIBRARY/hack-packs/Infinite_Black_2_Unique_Assets/IconSprites/Vulpix (1).png,363,abe26e2cb190053d30c4e40ca962f366b125674eb225c0abd82b65680c3a194b
ICON_SPRITE,IconSprites/Vulpix.png,DS_CUSTOM_LIBRARY/hack-packs/Infinite_Black_2_Unique_Assets/IconSprites/Vulpix.png,363,ebf85e30a442631b4c28b02ba71ed2a314260bc46967add5da251786b8a082b1
ICON_SPRITE,IconSprites/Wailmer.png,DS_CUSTOM_LIBRARY/hack-packs/Infinite_Black_2_Unique_Assets/IconSprites/Wailmer.png,412,abf1321bcc886ced4e33778c5f50c020b5678b669d020d0809a34c98361f7559
ICON_SPRITE,IconSprites/Wailord.png,DS_CUSTOM_LIBRARY/hack-packs/Infinite_Black_2_Unique_Assets/IconSprites/Wailord.png,483,0584b070ca0019301ac0ac5ac99ba3f65c6dbc105a57644eb28385d78431f44e
ICON_SPRITE,IconSprites/Walrein.png,DS_CUSTOM_LIBRARY/hack-packs/Infinite_Black_2_Unique_Assets/IconSprites/Walrein.png,496,cc6564c2dc196a141f37f0df222395271a02918d5e99a77d2683fc0265b071dd
ICON_SPRITE,IconSprites/Wartortle.png,DS_CUSTOM_LIBRARY/hack-packs/Infinite_Black_2_Unique_Assets/IconSprites/Wartortle.png,476,18532764b2fd73827836321e2a742c35d2aa0199072c7abdaa8688943f102c1d
ICON_SPRITE,IconSprites/Watchog.png,DS_CUSTOM_LIBRARY/hack-packs/Infinite_Black_2_Unique_Assets/IconSprites/Watchog.png,467,ee1816fe112bfc53f0b191d6f3da97ec217bfff1bfc337b34583a85ba1a6033a
ICON_SPRITE,IconSprites/Weavile.png,DS_CUSTOM_LIBRARY/hack-packs/Infinite_Black_2_Unique_Assets/IconSprites/Weavile.png,460,85d0325a4379eddbfcb15a3d10751d2b283479659eb1f2924b3af59300169fae
ICON_SPRITE,IconSprites/Weedle.png,DS_CUSTOM_LIBRARY/hack-packs/Infinite_Black_2_Unique_Assets/IconSprites/Weedle.png,359,a07e147d5cbf6abd21bf1b6093c48c8542461c1b9a5912c74f21d0445955c540
ICON_SPRITE,IconSprites/Weezing.png,DS_CUSTOM_LIBRARY/hack-packs/Infinite_Black_2_Unique_Assets/IconSprites/Weezing.png,464,83c7f706e593168e47358857f06267dadb7a041ca113458f91c0081a50d3cd98
ICON_SPRITE,IconSprites/Whimsicott.png,DS_CUSTOM_LIBRARY/hack-packs/Infinite_Black_2_Unique_Assets/IconSprites/Whimsicott.png,480,21955d67f52d77a26f3049775598b9bd34535c776ae58ffcab1c0261bf76da61
ICON_SPRITE,IconSprites/Whirlipede.png,DS_CUSTOM_LIBRARY/hack-packs/Infinite_Black_2_Unique_Assets/IconSprites/Whirlipede.png,446,d3edcb5e548eb0cccc06e14594aa249b60f1ef36e8dc236c7601f0dbc5bcc164
ICON_SPRITE,IconSprites/Whiscash.png,DS_CUSTOM_LIBRARY/hack-packs/Infinite_Black_2_Unique_Assets/IconSprites/Whiscash.png,468,b4b8e8cfe0d4bf47922d4e2a4df531cd75cee3d9afbc0fbd37f28a44a41fda8c
ICON_SPRITE,IconSprites/Whismur.png,DS_CUSTOM_LIBRARY/hack-packs/Infinite_Black_2_Unique_Assets/IconSprites/Whismur.png,366,b02e13912dbbf508ef1420536b627f2b2022644587c90c460da15526ef952fea
ICON_SPRITE,IconSprites/Wigglytuff.png,DS_CUSTOM_LIBRARY/hack-packs/Infinite_Black_2_Unique_Assets/IconSprites/Wigglytuff.png,425,ecd5e864bcfa75267692da5aa049d0d2b53ced339fba4082376fc82a12d16250
ICON_SPRITE,IconSprites/Wingull.png,DS_CUSTOM_LIBRARY/hack-packs/Infinite_Black_2_Unique_Assets/IconSprites/Wingull.png,418,7380e49d955f0adf10b6e3602f2ae6c2d53a5c002b561bcebcbd1dcb24c91e49
ICON_SPRITE,IconSprites/Wobbuffet.png,DS_CUSTOM_LIBRARY/hack-packs/Infinite_Black_2_Unique_Assets/IconSprites/Wobbuffet.png,397,70ba1c4abb8914f129a8f257ae53c4dbe6997520ed8dbc6a983e9d655e60323d
ICON_SPRITE,IconSprites/Woobat.png,DS_CUSTOM_LIBRARY/hack-packs/Infinite_Black_2_Unique_Assets/IconSprites/Woobat.png,391,f303d8108667b0ad5faeef3ffbfe77a1191f5c41125a4cc4a70313f66b625777
ICON_SPRITE,IconSprites/Wooper.png,DS_CUSTOM_LIBRARY/hack-packs/Infinite_Black_2_Unique_Assets/IconSprites/Wooper.png,393,4bee35f993d59120b9f1a3d4370eb45f5e5e449963975209bda3c8369a42c079
ICON_SPRITE,IconSprites/Wormadam (1).png,DS_CUSTOM_LIBRARY/hack-packs/Infinite_Black_2_Unique_Assets/IconSprites/Wormadam (1).png,469,f59b6db6ca329d1701e86561988e64c430670572eafc206e3c51ac02b9b274d6
ICON_SPRITE,IconSprites/Wormadam (2).png,DS_CUSTOM_LIBRARY/hack-packs/Infinite_Black_2_Unique_Assets/IconSprites/Wormadam (2).png,450,3a558116cf94ccd43b1e9376ebb22573beedfc43a3f8ed70ea54b7a74528c8aa
ICON_SPRITE,IconSprites/Wormadam.png,DS_CUSTOM_LIBRARY/hack-packs/Infinite_Black_2_Unique_Assets/IconSprites/Wormadam.png,467,e274b860d8b823d4edd587faf7c851f54fcd2ebb904a7d78f8699de0c5d120a2
ICON_SPRITE,IconSprites/Wurmple.png,DS_CUSTOM_LIBRARY/hack-packs/Infinite_Black_2_Unique_Assets/IconSprites/Wurmple.png,379,c4f89275c20eff257bc6e903c424a9b6a18f6f1db7826aa95388adef628a5a2d
ICON_SPRITE,IconSprites/Wynaut.png,DS_CUSTOM_LIBRARY/hack-packs/Infinite_Black_2_Unique_Assets/IconSprites/Wynaut.png,392,108f67e4813446b078af10414eb12c7b4a6d53cf8b66ff74e52147dac9a6acc1
ICON_SPRITE,IconSprites/Xatu.png,DS_CUSTOM_LIBRARY/hack-packs/Infinite_Black_2_Unique_Assets/IconSprites/Xatu.png,414,f897119440138446ed7fc2fed1b42b546f13ef8d8cb13ed1428cda9f3c100eb2
ICON_SPRITE,IconSprites/Yamask.png,DS_CUSTOM_LIBRARY/hack-packs/Infinite_Black_2_Unique_Assets/IconSprites/Yamask.png,383,88c36f3eb38f23803eab8e0c288f0f2ff60ec36e176c5f66f7662f3483dd8e2e
ICON_SPRITE,IconSprites/Yanma.png,DS_CUSTOM_LIBRARY/hack-packs/Infinite_Black_2_Unique_Assets/IconSprites/Yanma.png,438,864c0d3db6f0c3832c77b73f2998475d9be21f3e5348bff300c203e58e409aa9
ICON_SPRITE,IconSprites/Yanmega.png,DS_CUSTOM_LIBRARY/hack-packs/Infinite_Black_2_Unique_Assets/IconSprites/Yanmega.png,524,612996af10963b6a456460cdb0d899dc775c7a008744826f77032e16020e782a
ICON_SPRITE,IconSprites/Zangoose.png,DS_CUSTOM_LIBRARY/hack-packs/Infinite_Black_2_Unique_Assets/IconSprites/Zangoose.png,462,74505ca259942da8dda2ec13cd5f2f8d93e9184510c425a05536608b00eabedc
ICON_SPRITE,IconSprites/Zapdos.png,DS_CUSTOM_LIBRARY/hack-packs/Infinite_Black_2_Unique_Assets/IconSprites/Zapdos.png,429,12613b7495e57a750c799e7089ce2b5887d4f64d7e84c153f6de0892e90e9fd1
ICON_SPRITE,IconSprites/Zebstrika.png,DS_CUSTOM_LIBRARY/hack-packs/Infinite_Black_2_Unique_Assets/IconSprites/Zebstrika.png,523,b1bbba9cc67e1e48b00720017c803d71a145f0d6dd0b51617f499a6f0b4600d4
ICON_SPRITE,IconSprites/Zekrom.png,DS_CUSTOM_LIBRARY/hack-packs/Infinite_Black_2_Unique_Assets/IconSprites/Zekrom.png,496,e4fd2260ec87d62d8846d0aa4e74f40361097e2d754133563ef49c4f08ac1595
ICON_SPRITE,IconSprites/Zigzagoon.png,DS_CUSTOM_LIBRARY/hack-packs/Infinite_Black_2_Unique_Assets/IconSprites/Zigzagoon.png,393,38dd258a571b101700f7d3772f2d59737a1e6802f098d342bcd515269e019124
ICON_SPRITE,IconSprites/Zoroark.png,DS_CUSTOM_LIBRARY/hack-packs/Infinite_Black_2_Unique_Assets/IconSprites/Zoroark.png,494,90e1974a1b916bf5b82231d25dcc25646d04ef37abdc581e99a1f35854996427
ICON_SPRITE,IconSprites/Zorua.png,DS_CUSTOM_LIBRARY/hack-packs/Infinite_Black_2_Unique_Assets/IconSprites/Zorua.png,405,07cebe0ebabb0a71add4b2a663d8b6e51a450835f82f49c2254877d236de2849
ICON_SPRITE,IconSprites/Zubat.png,DS_CUSTOM_LIBRARY/hack-packs/Infinite_Black_2_Unique_Assets/IconSprites/Zubat.png,393,06accb1e4a2658d5bb8cc1e8c7253cc505abb0632d16f679ca4c5120328318ca
ICON_SPRITE,IconSprites/Zweilous.png,DS_CUSTOM_LIBRARY/hack-packs/Infinite_Black_2_Unique_Assets/IconSprites/Zweilous.png,481,830c395dd432aed376630d647bf5d3fd3efc7ac88f0505dc222f874b14d39ce0
